ticker,target_brti,final_brti,result,target_cb_close,target_cb_ohlc4,target_cb_hl2,final_cb_close,final_cb_ohlc4,final_cb_hl2,target_err_close,final_err_close,target_err_ohlc4,final_err_ohlc4,target_err_hl2,final_err_hl2
KXBTC15M-26AUG150945-45,62973.23,62963.65,no,62960.15,62961.13,62957.22,62957.43,62956.1475,62956.274999999994,-13.080000000001746,-6.220000000001164,-12.10000000000582,-7.502500000002328,-16.010000000002037,-7.375000000007276
KXBTC15M-26AUG151000-00,62963.65,62986.05,yes,62957.43,62956.1475,62956.274999999994,62985.97,62985.4775,62987.58,-6.220000000001164,-0.08000000000174623,-7.502500000002328,-0.5725000000020373,-7.375000000007276,1.5299999999988358
KXBTC15M-26AUG151015-15,62986.05,62976.8,no,62985.97,62985.4775,62987.58,62977.21,62973.814999999995,62973.47,-0.08000000000174623,0.4099999999962165,-0.5725000000020373,-2.985000000007858,1.5299999999988358,-3.3300000000017462
KXBTC15M-26AUG151030-30,62976.8,62968.63,no,62977.21,62973.814999999995,62973.47,62965.95,62965.087499999994,62965.41,0.4099999999962165,-2.680000000000291,-2.985000000007858,-3.5425000000032014,-3.3300000000017462,-3.219999999993888
KXBTC15M-26AUG151045-45,62968.63,62971.07,yes,62965.95,62965.087499999994,62965.41,62965.85,62967.7025,62967.7,-2.680000000000291,-5.220000000001164,-3.5425000000032014,-3.367500000000291,-3.219999999993888,-3.3700000000026193
KXBTC15M-26AUG151100-00,62971.07,62978.41,yes,62965.85,62967.7025,62967.7,62966.42,62973.87999999999,62974.39,-5.220000000001164,-11.990000000005239,-3.367500000000291,-4.530000000013388,-3.3700000000026193,-4.0200000000040745
KXBTC15M-26AUG151115-15,62978.41,62973.13,no,62966.42,62973.87999999999,62974.39,62965.0,62968.1425,62968.225,-11.990000000005239,-8.12999999999738,-4.530000000013388,-4.987499999995634,-4.0200000000040745,-4.904999999998836
KXBTC15M-26AUG151130-30,62973.13,63003.93,yes,62965.0,62968.1425,62968.225,62999.99,62999.792499999996,62999.78999999999,-8.12999999999738,-3.9400000000023283,-4.987499999995634,-4.137500000004366,-4.904999999998836,-4.140000000006694
KXBTC15M-26AUG151145-45,63003.93,63042.75,yes,62999.99,62999.792499999996,62999.78999999999,63041.77,63041.767499999994,63041.765,-3.9400000000023283,-0.9800000000032014,-4.137500000004366,-0.9825000000055297,-4.140000000006694,-0.9850000000005821
KXBTC15M-26AUG151200-00,63042.75,63029.31,no,63041.77,63041.767499999994,63041.765,63022.95,63023.2625,63023.57,-0.9800000000032014,-6.360000000000582,-0.9825000000055297,-6.047500000000582,-0.9850000000005821,-5.739999999997963
KXBTC15M-26AUG151215-15,63029.31,63012.79,no,63022.95,63023.2625,63023.57,63007.47,63008.6125,63008.615000000005,-6.360000000000582,-5.319999999999709,-6.047500000000582,-4.177499999997963,-5.739999999997963,-4.174999999995634
KXBTC15M-26AUG151230-30,63012.79,63049.71,yes,63007.47,63008.6125,63008.615000000005,63054.82,63052.58500000001,63052.630000000005,-5.319999999999709,5.110000000000582,-4.177499999997963,2.875000000007276,-4.174999999995634,2.9200000000055297
KXBTC15M-26AUG151245-45,63049.71,63029.3,no,63054.82,63052.58500000001,63052.630000000005,63019.81,63024.425,63024.425,5.110000000000582,-9.490000000005239,2.875000000007276,-4.875,2.9200000000055297,-4.875
KXBTC15M-26AUG151300-00,63029.3,63027.55,no,63019.81,63024.425,63024.425,63024.05,63024.97749999999,63024.98,-9.490000000005239,-3.5,-4.875,-2.5725000000093132,-4.875,-2.569999999999709
KXBTC15M-26AUG151315-15,63027.55,63029.5,yes,63024.05,63024.97749999999,63024.98,63023.58,63024.51000000001,63024.880000000005,-3.5,-5.919999999998254,-2.5725000000093132,-4.989999999990687,-2.569999999999709,-4.619999999995343
KXBTC15M-26AUG151330-30,63029.5,63003.44,no,63023.58,63024.51000000001,63024.880000000005,62998.94,62996.8625,62997.045,-5.919999999998254,-4.5,-4.989999999990687,-6.577499999999418,-4.619999999995343,-6.3950000000040745
KXBTC15M-26AUG151345-45,63003.44,63002.56,no,62998.94,62996.8625,62997.045,62998.01,62997.555,62997.59,-4.5,-4.549999999995634,-6.577499999999418,-5.004999999997381,-6.3950000000040745,-4.970000000001164
KXBTC15M-26AUG151400-00,63002.56,63004.55,yes,62998.01,62997.555,62997.59,63000.34,63000.314999999995,62999.729999999996,-4.549999999995634,-4.210000000006403,-5.004999999997381,-4.235000000007858,-4.970000000001164,-4.820000000006985
KXBTC15M-26AUG151415-15,63004.55,63033.03,yes,63000.34,63000.314999999995,62999.729999999996,63022.95,63027.6575,63027.655,-4.210000000006403,-10.080000000001746,-4.235000000007858,-5.372499999997672,-4.820000000006985,-5.375
KXBTC15M-26AUG151430-30,63033.03,62983.27,no,63022.95,63027.6575,63027.655,62975.23,62973.607500000006,62973.605,-10.080000000001746,-8.039999999993597,-5.372499999997672,-9.662499999991269,-5.375,-9.664999999993597
KXBTC15M-26AUG151445-45,62983.27,62984.8,yes,62975.23,62973.607500000006,62973.605,62972.72,62974.262500000004,62974.015,-8.039999999993597,-12.080000000001746,-9.662499999991269,-10.537499999998545,-9.664999999993597,-10.785000000003492
KXBTC15M-26AUG151500-00,62984.8,62991.73,yes,62972.72,62974.262500000004,62974.015,62989.52,62989.409999999996,62989.5,-12.080000000001746,-2.210000000006403,-10.537499999998545,-2.320000000006985,-10.785000000003492,-2.2300000000032014
KXBTC15M-26AUG151515-15,62991.73,63017.26,yes,62989.52,62989.409999999996,62989.5,63009.32,63010.1025,63009.15,-2.210000000006403,-7.940000000002328,-2.320000000006985,-7.157500000001164,-2.2300000000032014,-8.110000000000582
KXBTC15M-26AUG151530-30,63017.26,63031.38,yes,63009.32,63010.1025,63009.15,63028.11,63028.56,63028.56,-7.940000000002328,-3.2699999999967986,-7.157500000001164,-2.819999999999709,-8.110000000000582,-2.819999999999709
KXBTC15M-26AUG151545-45,63031.38,63040.9,yes,63028.11,63028.56,63028.56,63034.52,63034.517499999994,63034.515,-3.2699999999967986,-6.380000000004657,-2.819999999999709,-6.382500000006985,-2.819999999999709,-6.385000000002037
KXBTC15M-26AUG151600-00,63040.9,63056.46,yes,63034.52,63034.517499999994,63034.515,63051.39,63050.475000000006,63050.770000000004,-6.380000000004657,-5.069999999999709,-6.382500000006985,-5.984999999993306,-6.385000000002037,-5.689999999995052
KXBTC15M-26AUG151615-15,63056.46,63016.79,no,63051.39,63050.475000000006,63050.770000000004,63010.06,63009.972499999996,63009.97,-5.069999999999709,-6.730000000003201,-5.984999999993306,-6.817500000004657,-5.689999999995052,-6.819999999999709
KXBTC15M-26AUG151630-30,63016.79,63013.87,no,63010.06,63009.972499999996,63009.97,63005.99,63007.175,63006.175,-6.730000000003201,-7.880000000004657,-6.817500000004657,-6.694999999999709,-6.819999999999709,-7.694999999999709
KXBTC15M-26AUG151645-45,63013.87,63019.67,yes,63005.99,63007.175,63006.175,63013.66,63012.35,63012.685,-7.880000000004657,-6.009999999994761,-6.694999999999709,-7.319999999999709,-7.694999999999709,-6.985000000000582
KXBTC15M-26AUG151700-00,63019.67,63037.69,yes,63013.66,63012.35,63012.685,63036.5,63036.505000000005,63036.505000000005,-6.009999999994761,-1.1900000000023283,-7.319999999999709,-1.1849999999976717,-6.985000000000582,-1.1849999999976717
KXBTC15M-26AUG151715-15,63037.69,63040.98,yes,63036.5,63036.505000000005,63036.505000000005,63035.45,63035.895000000004,63035.685,-1.1900000000023283,-5.530000000006112,-1.1849999999976717,-5.084999999999127,-1.1849999999976717,-5.29500000000553
KXBTC15M-26AUG151730-30,63040.98,63078.64,yes,63035.45,63035.895000000004,63035.685,63076.22,63075.112499999996,63073.64,-5.530000000006112,-2.4199999999982538,-5.084999999999127,-3.5275000000037835,-5.29500000000553,-5.0
KXBTC15M-26AUG151745-45,63078.64,63092.78,yes,63076.22,63075.112499999996,63073.64,63097.07,63093.1875,63093.47,-2.4199999999982538,4.290000000000873,-3.5275000000037835,0.40750000000116415,-5.0,0.6900000000023283
KXBTC15M-26AUG151800-00,63092.78,63088.04,no,63097.07,63093.1875,63093.47,63085.92,63086.88249999999,63086.42,4.290000000000873,-2.1200000000026193,0.40750000000116415,-1.15750000000844,0.6900000000023283,-1.6200000000026193
KXBTC15M-26AUG151815-15,63088.04,63082.93,no,63085.92,63086.88249999999,63086.42,63078.58,63078.0475,63078.020000000004,-2.1200000000026193,-4.349999999998545,-1.15750000000844,-4.882499999999709,-1.6200000000026193,-4.9099999999962165
KXBTC15M-26AUG151830-30,63082.93,63081.75,no,63078.58,63078.0475,63078.020000000004,63083.97,63079.6,63079.384999999995,-4.349999999998545,2.220000000001164,-4.882499999999709,-2.150000000001455,-4.9099999999962165,-2.3650000000052387
KXBTC15M-26AUG151845-45,63081.75,63086.63,yes,63083.97,63079.6,63079.384999999995,63085.49,63085.11749999999,63084.104999999996,2.220000000001164,-1.139999999999418,-2.150000000001455,-1.5125000000043656,-2.3650000000052387,-2.525000000001455
KXBTC15M-26AUG151900-00,63086.63,63069.18,no,63085.49,63085.11749999999,63084.104999999996,63061.68,63061.729999999996,63061.774999999994,-1.139999999999418,-7.5,-1.5125000000043656,-7.450000000004366,-2.525000000001455,-7.405000000006112
KXBTC15M-26AUG151915-15,63069.18,63069.34,yes,63061.68,63061.729999999996,63061.774999999994,63064.62,63064.81,63065.11,-7.5,-4.719999999993888,-7.450000000004366,-4.529999999998836,-7.405000000006112,-4.2299999999959255
KXBTC15M-26AUG151930-30,63069.34,63048.26,no,63064.62,63064.81,63065.11,63039.0,63038.3525,63036.479999999996,-4.719999999993888,-9.260000000002037,-4.529999999998836,-9.907500000001164,-4.2299999999959255,-11.780000000006112
KXBTC15M-26AUG151945-45,63048.26,63039.87,no,63039.0,63038.3525,63036.479999999996,63034.16,63034.1725,63034.729999999996,-9.260000000002037,-5.709999999999127,-9.907500000001164,-5.697500000002037,-11.780000000006112,-5.140000000006694
KXBTC15M-26AUG152000-00,63039.87,63025.47,no,63034.16,63034.1725,63034.729999999996,63018.75,63018.1875,63017.97,-5.709999999999127,-6.720000000001164,-5.697500000002037,-7.282500000001164,-5.140000000006694,-7.5
KXBTC15M-26AUG152015-15,63025.47,63009.2,no,63018.75,63018.1875,63017.97,62999.03,63001.28,63001.33500000001,-6.720000000001164,-10.169999999998254,-7.282500000001164,-7.919999999998254,-7.5,-7.864999999990687
KXBTC15M-26AUG152030-30,63009.2,63011.16,yes,62999.03,63001.28,63001.33500000001,63003.41,63003.7975,63004.19,-10.169999999998254,-7.75,-7.919999999998254,-7.36250000000291,-7.864999999990687,-6.970000000001164
KXBTC15M-26AUG152045-45,63011.16,63013.5,yes,63003.41,63003.7975,63004.19,63005.46,63005.782499999994,63005.774999999994,-7.75,-8.040000000000873,-7.36250000000291,-7.717500000006112,-6.970000000001164,-7.725000000005821
KXBTC15M-26AUG152100-00,63013.5,63019.27,yes,63005.46,63005.782499999994,63005.774999999994,63012.93,63015.17,63015.17,-8.040000000000873,-6.3399999999965075,-7.717500000006112,-4.099999999998545,-7.725000000005821,-4.099999999998545
KXBTC15M-26AUG152115-15,63019.27,62990.62,no,63012.93,63015.17,63015.17,62983.3,62982.667499999996,62982.665,-6.3399999999965075,-7.319999999999709,-4.099999999998545,-7.952500000006694,-4.099999999998545,-7.955000000001746
KXBTC15M-26AUG152130-30,62990.62,62995.06,yes,62983.3,62982.667499999996,62982.665,62985.95,62986.292499999996,62986.195,-7.319999999999709,-9.110000000000582,-7.952500000006694,-8.767500000001746,-7.955000000001746,-8.864999999997963
KXBTC15M-26AUG152145-45,62995.06,62995.81,yes,62985.95,62986.292499999996,62986.195,63002.96,62993.9425,62995.015,-9.110000000000582,7.150000000001455,-8.767500000001746,-1.867500000000291,-8.864999999997963,-0.7949999999982538
KXBTC15M-26AUG152200-00,62995.81,63011.35,yes,63002.96,62993.9425,62995.015,63013.9,62997.134999999995,62997.825,7.150000000001455,2.5500000000029104,-1.867500000000291,-14.215000000003783,-0.7949999999982538,-13.525000000001455
KXBTC15M-26AUG152215-15,63011.35,62960.15,no,63013.9,62997.134999999995,62997.825,62958.58,62954.69,62954.770000000004,2.5500000000029104,-1.569999999999709,-14.215000000003783,-5.459999999999127,-13.525000000001455,-5.379999999997381
KXBTC15M-26AUG152230-30,62960.15,63046.48,yes,62958.58,62954.69,62954.770000000004,63046.08,63045.082500000004,63046.26,-1.569999999999709,-0.4000000000014552,-5.459999999999127,-1.3974999999991269,-5.379999999997381,-0.22000000000116415
KXBTC15M-26AUG152245-45,63046.48,63083.26,yes,63046.08,63045.082500000004,63046.26,63085.48,63083.73500000001,63083.195,-0.4000000000014552,2.220000000001164,-1.3974999999991269,0.47500000000582077,-0.22000000000116415,-0.0650000000023283
KXBTC15M-26AUG152300-00,63083.26,63055.3,no,63085.48,63083.73500000001,63083.195,63054.45,63053.02500000001,63052.155,2.220000000001164,-0.8500000000058208,0.47500000000582077,-2.2749999999941792,-0.0650000000023283,-3.1450000000040745
KXBTC15M-26AUG152315-15,63055.3,63054.62,no,63054.45,63053.02500000001,63052.155,63050.97,63050.9775,63050.979999999996,-0.8500000000058208,-3.650000000001455,-2.2749999999941792,-3.6425000000017462,-3.1450000000040745,-3.640000000006694
KXBTC15M-26AUG152330-30,63054.62,63054.21,no,63050.97,63050.9775,63050.979999999996,63050.45,63050.1375,63049.825,-3.650000000001455,-3.7600000000020373,-3.6425000000017462,-4.072500000002037,-3.640000000006694,-4.385000000002037
KXBTC15M-26AUG152345-45,63054.21,63055.57,yes,63050.45,63050.1375,63049.825,63052.49,63052.494999999995,63052.494999999995,-3.7600000000020373,-3.0800000000017462,-4.072500000002037,-3.0750000000043656,-4.385000000002037,-3.0750000000043656
KXBTC15M-26AUG160000-00,63055.57,63061.22,yes,63052.49,63052.494999999995,63052.494999999995,63059.43,63056.9525,63057.335,-3.0800000000017462,-1.7900000000008731,-3.0750000000043656,-4.267500000001746,-3.0750000000043656,-3.8850000000020373
KXBTC15M-26AUG160015-15,63061.22,63065.28,yes,63059.43,63056.9525,63057.335,63063.07,63062.630000000005,63063.11,-1.7900000000008731,-2.209999999999127,-4.267500000001746,-2.6499999999941792,-3.8850000000020373,-2.1699999999982538
KXBTC15M-26AUG160030-30,63065.28,63084.86,yes,63063.07,63062.630000000005,63063.11,63082.48,63082.340000000004,63082.19,-2.209999999999127,-2.3799999999973807,-2.6499999999941792,-2.5199999999967986,-2.1699999999982538,-2.6699999999982538
KXBTC15M-26AUG160045-45,63084.86,63055.6,no,63082.48,63082.340000000004,63082.19,63051.68,63052.5925,63053.545,-2.3799999999973807,-3.9199999999982538,-2.5199999999967986,-3.007499999999709,-2.6699999999982538,-2.055000000000291
KXBTC15M-26AUG160100-00,63055.6,63024.95,no,63051.68,63052.5925,63053.545,63016.92,63017.22,63017.11,-3.9199999999982538,-8.029999999998836,-3.007499999999709,-7.7299999999959255,-2.055000000000291,-7.8399999999965075
KXBTC15M-26AUG160115-15,63024.95,63030.68,yes,63016.92,63017.22,63017.11,63029.55,63029.7375,63029.93,-8.029999999998836,-1.1299999999973807,-7.7299999999959255,-0.9424999999973807,-7.8399999999965075,-0.75
KXBTC15M-26AUG160130-30,63030.68,63006.18,no,63029.55,63029.7375,63029.93,63000.0,63001.78,63001.78,-1.1299999999973807,-6.180000000000291,-0.9424999999973807,-4.400000000001455,-0.75,-4.400000000001455
KXBTC15M-26AUG160145-45,63006.18,62996.88,no,63000.0,63001.78,63001.78,62990.15,62988.465,62987.85,-6.180000000000291,-6.7299999999959255,-4.400000000001455,-8.415000000000873,-4.400000000001455,-9.029999999998836
KXBTC15M-26AUG160200-00,62996.88,63005.04,yes,62990.15,62988.465,62987.85,62997.82,62985.509999999995,62988.649999999994,-6.7299999999959255,-7.220000000001164,-8.415000000000873,-19.530000000006112,-9.029999999998836,-16.390000000006694
KXBTC15M-26AUG160215-15,63005.04,62997.67,no,62997.82,62985.509999999995,62988.649999999994,62979.77,62991.8975,62989.01,-7.220000000001164,-17.900000000001455,-19.530000000006112,-5.772499999999127,-16.390000000006694,-8.659999999996217
KXBTC15M-26AUG160230-30,62997.67,63006.08,yes,62979.77,62991.8975,62989.01,63001.88,63001.42,63001.42,-17.900000000001455,-4.200000000004366,-5.772499999999127,-4.6600000000034925,-8.659999999996217,-4.6600000000034925
KXBTC15M-26AUG160245-45,63006.08,63002.32,no,63001.88,63001.42,63001.42,62997.22,62997.2175,62997.215,-4.200000000004366,-5.099999999998545,-4.6600000000034925,-5.102500000000873,-4.6600000000034925,-5.105000000003201
KXBTC15M-26AUG160300-00,63002.32,63003.28,yes,62997.22,62997.2175,62997.215,62993.72,62992.9675,62992.965,-5.099999999998545,-9.559999999997672,-5.102500000000873,-10.3125,-5.105000000003201,-10.315000000002328
KXBTC15M-26AUG160315-15,63003.28,62991.4,no,62993.72,62992.9675,62992.965,62984.34,62984.335,62984.335,-9.559999999997672,-7.060000000004948,-10.3125,-7.065000000002328,-10.315000000002328,-7.065000000002328
KXBTC15M-26AUG160330-30,62991.4,62997.35,yes,62984.34,62984.335,62984.335,62994.78,62994.774999999994,62994.774999999994,-7.060000000004948,-2.569999999999709,-7.065000000002328,-2.5750000000043656,-7.065000000002328,-2.5750000000043656
KXBTC15M-26AUG160345-45,62997.35,62991.44,no,62994.78,62994.774999999994,62994.774999999994,62982.5,62982.4975,62982.494999999995,-2.569999999999709,-8.940000000002328,-2.5750000000043656,-8.942500000004657,-2.5750000000043656,-8.945000000006985
KXBTC15M-26AUG160400-00,62991.44,62996.65,yes,62982.5,62982.4975,62982.494999999995,62991.23,62993.902500000004,62994.85,-8.940000000002328,-5.419999999998254,-8.942500000004657,-2.7474999999976717,-8.945000000006985,-1.8000000000029104
KXBTC15M-26AUG160415-15,62996.65,62994.51,no,62991.23,62993.902500000004,62994.85,62990.04,62990.842500000006,62990.54,-5.419999999998254,-4.470000000001164,-2.7474999999976717,-3.6674999999959255,-1.8000000000029104,-3.970000000001164
KXBTC15M-26AUG160430-30,62994.51,63008.22,yes,62990.04,62990.842500000006,62990.54,63005.93,63005.95999999999,63005.96,-4.470000000001164,-2.290000000000873,-3.6674999999959255,-2.2600000000093132,-3.970000000001164,-2.2600000000020373
KXBTC15M-26AUG160445-45,63008.22,63000.46,no,63005.93,63005.95999999999,63005.96,62996.58,62997.2,62997.2,-2.290000000000873,-3.8799999999973807,-2.2600000000093132,-3.2600000000020373,-2.2600000000020373,-3.2600000000020373
KXBTC15M-26AUG160500-00,63000.46,63004.24,yes,62996.58,62997.2,62997.2,63001.91,63001.0575,63001.055,-3.8799999999973807,-2.3299999999944703,-3.2600000000020373,-3.1824999999953434,-3.2600000000020373,-3.1849999999976717
KXBTC15M-26AUG160515-15,63004.24,63002.47,no,63001.91,63001.0575,63001.055,62996.15,62996.1525,62996.155,-2.3299999999944703,-6.319999999999709,-3.1824999999953434,-6.317500000004657,-3.1849999999976717,-6.315000000002328
KXBTC15M-26AUG160530-30,63002.47,63000.78,no,62996.15,62996.1525,62996.155,62993.1,62992.8625,62991.525,-6.319999999999709,-7.680000000000291,-6.317500000004657,-7.9174999999959255,-6.315000000002328,-9.25499999999738
KXBTC15M-26AUG160545-45,63000.78,62932.76,no,62993.1,62992.8625,62991.525,62922.46,62925.24249999999,62925.244999999995,-7.680000000000291,-10.30000000000291,-7.9174999999959255,-7.517500000009022,-9.25499999999738,-7.515000000006694
KXBTC15M-26AUG160600-00,62932.76,62925.16,no,62922.46,62925.24249999999,62925.244999999995,62917.51,62917.512500000004,62917.515,-10.30000000000291,-7.650000000001455,-7.517500000009022,-7.647499999999127,-7.515000000006694,-7.6450000000040745
KXBTC15M-26AUG160615-15,62925.16,62921.93,no,62917.51,62917.512500000004,62917.515,62914.0,62918.229999999996,62918.229999999996,-7.650000000001455,-7.930000000000291,-7.647499999999127,-3.7000000000043656,-7.6450000000040745,-3.7000000000043656
KXBTC15M-26AUG160630-30,62921.93,62942.11,yes,62914.0,62918.229999999996,62918.229999999996,62941.33,62941.405,62941.785,-7.930000000000291,-0.7799999999988358,-3.7000000000043656,-0.7050000000017462,-3.7000000000043656,-0.3249999999970896
KXBTC15M-26AUG160645-45,62942.11,62941.51,no,62941.33,62941.405,62941.785,62939.17,62939.1725,62939.175,-0.7799999999988358,-2.3400000000037835,-0.7050000000017462,-2.337500000001455,-0.3249999999970896,-2.334999999999127
KXBTC15M-26AUG160700-00,62941.51,62939.59,no,62939.17,62939.1725,62939.175,62940.19,62938.295,62938.295,-2.3400000000037835,0.6000000000058208,-2.337500000001455,-1.2949999999982538,-2.334999999999127,-1.2949999999982538
KXBTC15M-26AUG160715-15,62939.59,62940.25,yes,62940.19,62938.295,62938.295,62932.62,62934.39,62934.035,0.6000000000058208,-7.629999999997381,-1.2949999999982538,-5.860000000000582,-1.2949999999982538,-6.2149999999965075
KXBTC15M-26AUG160730-30,62940.25,62920.65,no,62932.62,62934.39,62934.035,62915.75,62917.4975,62917.5,-7.629999999997381,-4.900000000001455,-5.860000000000582,-3.1525000000037835,-6.2149999999965075,-3.150000000001455
KXBTC15M-26AUG160745-45,62920.65,62925.79,yes,62915.75,62917.4975,62917.5,62925.61,62927.2525,62927.25,-4.900000000001455,-0.18000000000029104,-3.1525000000037835,1.4625000000014552,-3.150000000001455,1.4599999999991269
KXBTC15M-26AUG160800-00,62925.79,62938.46,yes,62925.61,62927.2525,62927.25,62945.33,62942.270000000004,62942.265,-0.18000000000029104,6.870000000002619,1.4625000000014552,3.8100000000049477,1.4599999999991269,3.805000000000291
KXBTC15M-26AUG160815-15,62938.46,62950.27,yes,62945.33,62942.270000000004,62942.265,62943.29,62948.6825,62948.955,6.870000000002619,-6.9799999999959255,3.8100000000049477,-1.5874999999941792,3.805000000000291,-1.3149999999950523
KXBTC15M-26AUG160830-30,62950.27,62948.69,no,62943.29,62948.6825,62948.955,62944.44,62944.2175,62944.22,-6.9799999999959255,-4.25,-1.5874999999941792,-4.4725000000034925,-1.3149999999950523,-4.470000000001164
KXBTC15M-26AUG160845-45,62948.69,62929.17,no,62944.44,62944.2175,62944.22,62925.24,62927.4225,62929.61,-4.25,-3.930000000000291,-4.4725000000034925,-1.7474999999976717,-4.470000000001164,0.4400000000023283
KXBTC15M-26AUG160900-00,62929.17,62945.31,yes,62925.24,62927.4225,62929.61,62948.0,62947.994999999995,62947.994999999995,-3.930000000000291,2.6900000000023283,-1.7474999999976717,2.6849999999976717,0.4400000000023283,2.6849999999976717
KXBTC15M-26AUG160915-15,62945.31,62992.76,yes,62948.0,62947.994999999995,62947.994999999995,62999.13,62999.1275,62999.125,2.6900000000023283,6.369999999995343,2.6849999999976717,6.367500000000291,2.6849999999976717,6.364999999997963
KXBTC15M-26AUG160930-30,62992.76,62995.31,yes,62999.13,62999.1275,62999.125,62999.99,62999.5,62999.5,6.369999999995343,4.680000000000291,6.367500000000291,4.190000000002328,6.364999999997963,4.190000000002328
KXBTC15M-26AUG160945-45,62995.31,62996.49,yes,62999.99,62999.5,62999.5,62994.01,62994.005000000005,62994.005000000005,4.680000000000291,-2.4799999999959255,4.190000000002328,-2.484999999993306,4.190000000002328,-2.484999999993306
KXBTC15M-26AUG161000-00,62996.49,62994.94,no,62994.01,62994.005000000005,62994.005000000005,62993.63,62993.332500000004,62993.545,-2.4799999999959255,-1.3100000000049477,-2.484999999993306,-1.6074999999982538,-2.484999999993306,-1.3950000000040745
KXBTC15M-26AUG161015-15,62994.94,62994.98,yes,62993.63,62993.332500000004,62993.545,62994.42,62994.71000000001,62995.240000000005,-1.3100000000049477,-0.5600000000049477,-1.6074999999982538,-0.2699999999967986,-1.3950000000040745,0.26000000000203727
KXBTC15M-26AUG161030-30,62994.98,63017.91,yes,62994.42,62994.71000000001,62995.240000000005,63004.44,63014.35249999999,63014.295,-0.5600000000049477,-13.470000000001164,-0.2699999999967986,-3.5575000000098953,0.26000000000203727,-3.6150000000052387
KXBTC15M-26AUG161045-45,63017.91,63030.4,yes,63004.44,63014.35249999999,63014.295,63029.41,63030.04,63030.04,-13.470000000001164,-0.9899999999979627,-3.5575000000098953,-0.3600000000005821,-3.6150000000052387,-0.3600000000005821
KXBTC15M-26AUG161100-00,63030.4,63037.14,yes,63029.41,63030.04,63030.04,63037.75,63036.2275,63034.51,-0.9899999999979627,0.6100000000005821,-0.3600000000005821,-0.9124999999985448,-0.3600000000005821,-2.6299999999973807
KXBTC15M-26AUG161115-15,63037.14,63040.21,yes,63037.75,63036.2275,63034.51,63036.35,63037.1625,63037.16,0.6100000000005821,-3.860000000000582,-0.9124999999985448,-3.047500000000582,-2.6299999999973807,-3.0499999999956344
KXBTC15M-26AUG161130-30,63040.21,63046.2,yes,63036.35,63037.1625,63037.16,63047.0,63046.6875,63046.37,-3.860000000000582,0.8000000000029104,-3.047500000000582,0.4875000000029104,-3.0499999999956344,0.17000000000552973
KXBTC15M-26AUG161145-45,63046.2,63054.92,yes,63047.0,63046.6875,63046.37,63043.1,63049.925,63049.925,0.8000000000029104,-11.819999999999709,0.4875000000029104,-4.994999999995343,0.17000000000552973,-4.994999999995343
KXBTC15M-26AUG161200-00,63054.92,63072.82,yes,63043.1,63049.925,63049.925,63072.49,63069.737499999996,63069.735,-11.819999999999709,-0.33000000000174623,-4.994999999995343,-3.0825000000040745,-4.994999999995343,-3.084999999999127
KXBTC15M-26AUG161215-15,63072.82,63139.21,yes,63072.49,63069.737499999996,63069.735,63137.84,63136.377499999995,63134.56,-0.33000000000174623,-1.3700000000026193,-3.0825000000040745,-2.8325000000040745,-3.084999999999127,-4.650000000001455
KXBTC15M-26AUG161230-30,63139.21,63260.46,yes,63137.84,63136.377499999995,63134.56,63252.16,63256.115,63256.115000000005,-1.3700000000026193,-8.299999999995634,-2.8325000000040745,-4.345000000001164,-4.650000000001455,-4.344999999993888
KXBTC15M-26AUG161245-45,63260.46,63227.66,no,63252.16,63256.115,63256.115000000005,63220.87,63222.4075,63221.545,-8.299999999995634,-6.790000000000873,-4.345000000001164,-5.252500000002328,-4.344999999993888,-6.115000000005239
KXBTC15M-26AUG161300-00,63227.66,63191.92,no,63220.87,63222.4075,63221.545,63186.92,63192.2625,63192.26,-6.790000000000873,-5.0,-5.252500000002328,0.34249999999883585,-6.115000000005239,0.3400000000037835
KXBTC15M-26AUG161315-15,63191.92,63155.57,no,63186.92,63192.2625,63192.26,63150.67,63148.802500000005,63149.869999999995,-5.0,-4.900000000001455,0.34249999999883585,-6.76749999999447,0.3400000000037835,-5.700000000004366
KXBTC15M-26AUG161330-30,63155.57,63130.02,no,63150.67,63148.802500000005,63149.869999999995,63120.97,63120.777500000004,63120.91,-4.900000000001455,-9.049999999995634,-6.76749999999447,-9.242499999993015,-5.700000000004366,-9.109999999993306
KXBTC15M-26AUG161345-45,63130.02,63077.19,no,63120.97,63120.777500000004,63120.91,63053.13,63065.442500000005,63065.44,-9.049999999995634,-24.060000000004948,-9.242499999993015,-11.747499999997672,-9.109999999993306,-11.75
KXBTC15M-26AUG161400-00,63077.19,63090.61,yes,63053.13,63065.442500000005,63065.44,63087.41,63087.280000000006,63087.28,-24.060000000004948,-3.1999999999970896,-11.747499999997672,-3.3299999999944703,-11.75,-3.3300000000017462
KXBTC15M-26AUG161415-15,63090.61,63074.42,no,63087.41,63087.280000000006,63087.28,63071.22,63067.4775,63067.48,-3.1999999999970896,-3.1999999999970896,-3.3299999999944703,-6.942499999997381,-3.3300000000017462,-6.939999999995052
KXBTC15M-26AUG161430-30,63074.42,63092.45,yes,63071.22,63067.4775,63067.48,63091.67,63090.425,63089.515,-3.1999999999970896,-0.7799999999988358,-6.942499999997381,-2.0249999999941792,-6.939999999995052,-2.9349999999976717
KXBTC15M-26AUG161445-45,63092.45,63081.5,no,63091.67,63090.425,63089.515,63070.01,63074.03,63074.82,-0.7799999999988358,-11.489999999997963,-2.0249999999941792,-7.470000000001164,-2.9349999999976717,-6.680000000000291
KXBTC15M-26AUG161500-00,63081.5,63078.77,no,63070.01,63074.03,63074.82,63074.29,63074.2925,63074.295,-11.489999999997963,-4.4799999999959255,-7.470000000001164,-4.477499999993597,-6.680000000000291,-4.474999999998545
KXBTC15M-26AUG161515-15,63078.77,63112.89,yes,63074.29,63074.2925,63074.295,63104.6,63109.41,63109.395000000004,-4.4799999999959255,-8.290000000000873,-4.477499999993597,-3.4799999999959255,-4.474999999998545,-3.4949999999953434
KXBTC15M-26AUG161530-30,63112.89,63153.87,yes,63104.6,63109.41,63109.395000000004,63153.23,63153.21,63153.295,-8.290000000000873,-0.6399999999994179,-3.4799999999959255,-0.6600000000034925,-3.4949999999953434,-0.5750000000043656
KXBTC15M-26AUG161545-45,63153.87,63109.3,no,63153.23,63153.21,63153.295,63093.82,63110.98,63108.55,-0.6399999999994179,-15.480000000003201,-0.6600000000034925,1.680000000000291,-0.5750000000043656,-0.75
KXBTC15M-26AUG161600-00,63109.3,63048.28,no,63093.82,63110.98,63108.55,63040.17,63036.86,63036.64,-15.480000000003201,-8.110000000000582,1.680000000000291,-11.419999999998254,-0.75,-11.639999999999418
KXBTC15M-26AUG161615-15,63048.28,63070.59,yes,63040.17,63036.86,63036.64,63062.5,63067.12,63067.115000000005,-8.110000000000582,-8.089999999996508,-11.419999999998254,-3.469999999993888,-11.639999999999418,-3.474999999991269
KXBTC15M-26AUG161630-30,63070.59,63033.28,no,63062.5,63067.12,63067.115000000005,63024.66,63023.832500000004,63023.83,-8.089999999996508,-8.619999999995343,-3.469999999993888,-9.447499999994761,-3.474999999991269,-9.44999999999709
KXBTC15M-26AUG161645-45,63033.28,63007.89,no,63024.66,63023.832500000004,63023.83,63000.92,63001.89,63003.66,-8.619999999995343,-6.970000000001164,-9.447499999994761,-6.0,-9.44999999999709,-4.2299999999959255
KXBTC15M-26AUG161700-00,63007.89,63004.31,no,63000.92,63001.89,63003.66,63000.74,63000.925,63001.115000000005,-6.970000000001164,-3.569999999999709,-6.0,-3.3849999999947613,-4.2299999999959255,-3.194999999992433
KXBTC15M-26AUG161715-15,63004.31,62996.02,no,63000.74,63000.925,63001.115000000005,62994.68,62991.225,62990.91,-3.569999999999709,-1.3399999999965075,-3.3849999999947613,-4.794999999998254,-3.194999999992433,-5.109999999993306
KXBTC15M-26AUG161730-30,62996.02,62973.91,no,62994.68,62991.225,62990.91,62963.83,62971.94,62971.94,-1.3399999999965075,-10.080000000001746,-4.794999999998254,-1.9700000000011642,-5.109999999993306,-1.9700000000011642
KXBTC15M-26AUG161745-45,62973.91,62866.06,no,62963.83,62971.94,62971.94,62871.83,62863.6125,62859.92,-10.080000000001746,5.7700000000040745,-1.9700000000011642,-2.4474999999947613,-1.9700000000011642,-6.139999999999418
KXBTC15M-26AUG161800-00,62866.06,62880.64,yes,62871.83,62863.6125,62859.92,62861.54,62874.402500000004,62874.405,5.7700000000040745,-19.099999999998545,-2.4474999999947613,-6.237499999995634,-6.139999999999418,-6.235000000000582
KXBTC15M-26AUG161815-15,62880.64,62863.83,no,62861.54,62874.402500000004,62874.405,62860.73,62852.7725,62854.115000000005,-19.099999999998545,-3.099999999998545,-6.237499999995634,-11.05750000000262,-6.235000000000582,-9.714999999996508
KXBTC15M-26AUG161830-30,62863.83,62784.9,no,62860.73,62852.7725,62854.115000000005,62780.01,62773.885,62773.08,-3.099999999998545,-4.889999999999418,-11.05750000000262,-11.014999999999418,-9.714999999996508,-11.819999999999709
KXBTC15M-26AUG161845-45,62784.9,62717.71,no,62780.01,62773.885,62773.08,62716.95,62707.807499999995,62710.045,-4.889999999999418,-0.7600000000020373,-11.014999999999418,-9.902500000003783,-11.819999999999709,-7.665000000000873
KXBTC15M-26AUG161900-00,62717.71,62834.67,yes,62716.95,62707.807499999995,62710.045,62850.0,62835.99,62833.875,-0.7600000000020373,15.330000000001746,-9.902500000003783,1.319999999999709,-7.665000000000873,-0.7949999999982538
KXBTC15M-26AUG161915-15,62834.67,62825.47,no,62850.0,62835.99,62833.875,62771.75,62803.1475,62803.145000000004,15.330000000001746,-53.720000000001164,1.319999999999709,-22.322500000002037,-0.7949999999982538,-22.32499999999709
KXBTC15M-26AUG161930-30,62825.47,62773.11,no,62771.75,62803.1475,62803.145000000004,62777.9,62767.67,62767.925,-53.720000000001164,4.790000000000873,-22.322500000002037,-5.440000000002328,-22.32499999999709,-5.184999999997672
KXBTC15M-26AUG161945-45,62773.11,62835.4,yes,62777.9,62767.67,62767.925,62829.52,62831.1625,62830.845,4.790000000000873,-5.880000000004657,-5.440000000002328,-4.23750000000291,-5.184999999997672,-4.555000000000291
KXBTC15M-26AUG162000-00,62835.4,62832.31,no,62829.52,62831.1625,62830.845,62836.66,62826.61,62826.61,-5.880000000004657,4.350000000005821,-4.23750000000291,-5.69999999999709,-4.555000000000291,-5.69999999999709
KXBTC15M-26AUG162015-15,62832.31,62829.29,no,62836.66,62826.61,62826.61,62842.67,62830.11,62829.18,4.350000000005821,13.37999999999738,-5.69999999999709,0.819999999999709,-5.69999999999709,-0.11000000000058208
KXBTC15M-26AUG162030-30,62829.29,62790.39,no,62842.67,62830.11,62829.18,62798.83,62782.77500000001,62782.775,13.37999999999738,8.440000000002328,0.819999999999709,-7.614999999990687,-0.11000000000058208,-7.614999999997963
KXBTC15M-26AUG162045-45,62790.39,62861.43,yes,62798.83,62782.77500000001,62782.775,62881.05,62848.485,62850.17,8.440000000002328,19.62000000000262,-7.614999999990687,-12.944999999999709,-7.614999999997963,-11.260000000002037
KXBTC15M-26AUG162100-00,62861.43,62848.6,no,62881.05,62848.485,62850.17,62840.55,62844.6525,62845.385,19.62000000000262,-8.049999999995634,-12.944999999999709,-3.9475000000020373,-11.260000000002037,-3.2149999999965075
KXBTC15M-26AUG162115-15,62848.6,63006.91,yes,62840.55,62844.6525,62845.385,62973.0,62996.39,62996.4,-8.049999999995634,-33.91000000000349,-3.9475000000020373,-10.520000000004075,-3.2149999999965075,-10.510000000002037
KXBTC15M-26AUG162130-30,63006.91,63050.76,yes,62973.0,62996.39,62996.4,63049.32,63048.427500000005,63048.015,-33.91000000000349,-1.4400000000023283,-10.520000000004075,-2.3324999999967986,-10.510000000002037,-2.7450000000026193
KXBTC15M-26AUG162145-45,63050.76,63137.44,yes,63049.32,63048.427500000005,63048.015,63149.63,63139.025,63138.38,-1.4400000000023283,12.189999999995052,-2.3324999999967986,1.5849999999991269,-2.7450000000026193,0.9399999999950523
KXBTC15M-26AUG162200-00,63137.44,63053.84,no,63149.63,63139.025,63138.38,63042.04,63045.6425,63045.89,12.189999999995052,-11.799999999995634,1.5849999999991269,-8.197499999994761,0.9399999999950523,-7.94999999999709
KXBTC15M-26AUG162215-15,63053.84,63020.2,no,63042.04,63045.6425,63045.89,63014.62,63014.455,63014.28999999999,-11.799999999995634,-5.57999999999447,-8.197499999994761,-5.744999999995343,-7.94999999999709,-5.9100000000034925
KXBTC15M-26AUG162230-30,63020.2,63122.33,yes,63014.62,63014.455,63014.28999999999,63112.73,63115.2225,63115.5,-5.57999999999447,-9.599999999998545,-5.744999999995343,-7.107499999998254,-5.9100000000034925,-6.830000000001746
KXBTC15M-26AUG162245-45,63122.33,63196.0,yes,63112.73,63115.2225,63115.5,63191.98,63195.450000000004,63193.95,-9.599999999998545,-4.019999999996799,-7.107499999998254,-0.5499999999956344,-6.830000000001746,-2.0500000000029104
KXBTC15M-26AUG162300-00,63196.0,63337.39,yes,63191.98,63195.450000000004,63193.95,63337.5,63332.9875,63332.315,-4.019999999996799,0.11000000000058208,-0.5499999999956344,-4.4024999999965075,-2.0500000000029104,-5.07499999999709
KXBTC15M-26AUG162315-15,63337.39,63346.28,yes,63337.5,63332.9875,63332.315,63347.88,63337.625,63337.55,0.11000000000058208,1.5999999999985448,-4.4024999999965075,-8.654999999998836,-5.07499999999709,-8.729999999995925
KXBTC15M-26AUG162330-30,63346.28,63300.06,no,63347.88,63337.625,63337.55,63291.58,63289.1125,63289.115,1.5999999999985448,-8.479999999995925,-8.654999999998836,-10.947499999994761,-8.729999999995925,-10.944999999999709
KXBTC15M-26AUG162345-45,63300.06,63297.15,no,63291.58,63289.1125,63289.115,63287.0,63287.29,63287.135,-8.479999999995925,-10.150000000001455,-10.947499999994761,-9.860000000000582,-10.944999999999709,-10.014999999999418
KXBTC15M-26AUG170000-00,63297.15,63372.82,yes,63287.0,63287.29,63287.135,63367.81,63364.2825,63364.28,-10.150000000001455,-5.010000000002037,-9.860000000000582,-8.537499999998545,-10.014999999999418,-8.540000000000873
KXBTC15M-26AUG170015-15,63372.82,63441.68,yes,63367.81,63364.2825,63364.28,63418.59,63429.2425,63429.38,-5.010000000002037,-23.090000000003783,-8.537499999998545,-12.4375,-8.540000000000873,-12.30000000000291
KXBTC15M-26AUG170030-30,63441.68,63443.17,yes,63418.59,63429.2425,63429.38,63451.21,63441.665,63439.744999999995,-23.090000000003783,8.040000000000873,-12.4375,-1.5049999999973807,-12.30000000000291,-3.4250000000029104
KXBTC15M-26AUG170045-45,63443.17,63441.03,no,63451.21,63441.665,63439.744999999995,63430.7,63434.7025,63435.97,8.040000000000873,-10.330000000001746,-1.5049999999973807,-6.327499999999418,-3.4250000000029104,-5.059999999997672
KXBTC15M-26AUG170100-00,63441.03,63480.63,yes,63430.7,63434.7025,63435.97,63479.99,63474.315,63474.315,-10.330000000001746,-0.6399999999994179,-6.327499999999418,-6.314999999995052,-5.059999999997672,-6.314999999995052
KXBTC15M-26AUG170115-15,63480.63,63485.16,yes,63479.99,63474.315,63474.315,63467.67,63468.259999999995,63470.84,-0.6399999999994179,-17.49000000000524,-6.314999999995052,-16.90000000000873,-6.314999999995052,-14.320000000006985
KXBTC15M-26AUG170130-30,63485.16,63431.62,no,63467.67,63468.259999999995,63470.84,63429.44,63426.7175,63426.285,-17.49000000000524,-2.180000000000291,-16.90000000000873,-4.9025000000037835,-14.320000000006985,-5.334999999999127
KXBTC15M-26AUG170145-45,63431.62,63410.88,no,63429.44,63426.7175,63426.285,63403.94,63401.457500000004,63402.07,-2.180000000000291,-6.939999999995052,-4.9025000000037835,-9.422499999993306,-5.334999999999127,-8.809999999997672
KXBTC15M-26AUG170200-00,63410.88,63461.77,yes,63403.94,63401.457500000004,63402.07,63456.6,63456.4325,63456.43,-6.939999999995052,-5.169999999998254,-9.422499999993306,-5.337499999994179,-8.809999999997672,-5.3399999999965075
KXBTC15M-26AUG170215-15,63461.77,63522.16,yes,63456.6,63456.4325,63456.43,63514.67,63511.155,63511.725,-5.169999999998254,-7.490000000005239,-5.337499999994179,-11.005000000004657,-5.3399999999965075,-10.435000000004948
KXBTC15M-26AUG170230-30,63522.16,63526.59,yes,63514.67,63511.155,63511.725,63518.07,63519.2275,63520.84,-7.490000000005239,-8.519999999996799,-11.005000000004657,-7.362499999995634,-10.435000000004948,-5.75
KXBTC15M-26AUG170245-45,63526.59,63545.57,yes,63518.07,63519.2275,63520.84,63540.56,63540.595,63540.595,-8.519999999996799,-5.010000000002037,-7.362499999995634,-4.974999999998545,-5.75,-4.974999999998545
KXBTC15M-26AUG170300-00,63545.57,63609.35,yes,63540.56,63540.595,63540.595,63603.34,63604.252499999995,63603.84,-5.010000000002037,-6.010000000002037,-4.974999999998545,-5.0975000000034925,-4.974999999998545,-5.510000000002037
KXBTC15M-26AUG170315-15,63609.35,63531.49,no,63603.34,63604.252499999995,63603.84,63525.33,63522.197499999995,63522.2,-6.010000000002037,-6.1599999999962165,-5.0975000000034925,-9.292500000003201,-5.510000000002037,-9.290000000000873
KXBTC15M-26AUG170330-30,63531.49,63532.22,yes,63525.33,63522.197499999995,63522.2,63522.0,63521.432499999995,63522.259999999995,-6.1599999999962165,-10.220000000001164,-9.292500000003201,-10.78750000000582,-9.290000000000873,-9.960000000006403
KXBTC15M-26AUG170345-45,63532.22,63484.88,no,63522.0,63521.432499999995,63522.259999999995,63471.96,63479.93,63479.93,-10.220000000001164,-12.919999999998254,-10.78750000000582,-4.94999999999709,-9.960000000006403,-4.94999999999709
KXBTC15M-26AUG170400-00,63484.88,63486.76,yes,63471.96,63479.93,63479.93,63461.46,63475.0525,63471.765,-12.919999999998254,-25.30000000000291,-4.94999999999709,-11.707500000004075,-4.94999999999709,-14.99500000000262
KXBTC15M-26AUG170415-15,63486.76,63374.26,no,63461.46,63475.0525,63471.765,63366.22,63366.8525,63366.854999999996,-25.30000000000291,-8.040000000000873,-11.707500000004075,-7.407500000001164,-14.99500000000262,-7.405000000006112
KXBTC15M-26AUG170430-30,63374.26,63362.51,no,63366.22,63366.8525,63366.854999999996,63352.9,63352.43,63352.43,-8.040000000000873,-9.610000000000582,-7.407500000001164,-10.080000000001746,-7.405000000006112,-10.080000000001746
KXBTC15M-26AUG170445-45,63362.51,63313.66,no,63352.9,63352.43,63352.43,63301.37,63301.6425,63300.985,-9.610000000000582,-12.290000000000873,-10.080000000001746,-12.017500000001746,-10.080000000001746,-12.67500000000291
KXBTC15M-26AUG170500-00,63313.66,63317.69,yes,63301.37,63301.6425,63300.985,63307.86,63309.84,63309.36,-12.290000000000873,-9.830000000001746,-12.017500000001746,-7.850000000005821,-12.67500000000291,-8.330000000001746
KXBTC15M-26AUG170515-15,63317.69,63358.06,yes,63307.86,63309.84,63309.36,63350.73,63351.66,63352.435,-9.830000000001746,-7.32999999999447,-7.850000000005821,-6.399999999994179,-8.330000000001746,-5.625
KXBTC15M-26AUG170530-30,63358.06,63313.62,no,63350.73,63351.66,63352.435,63302.74,63305.4575,63306.8,-7.32999999999447,-10.880000000004657,-6.399999999994179,-8.16250000000582,-5.625,-6.819999999999709
KXBTC15M-26AUG170545-45,63313.62,63243.33,no,63302.74,63305.4575,63306.8,63233.57,63233.67,63233.774999999994,-10.880000000004657,-9.760000000002037,-8.16250000000582,-9.660000000003492,-6.819999999999709,-9.555000000007567
KXBTC15M-26AUG170600-00,63243.33,63250.47,yes,63233.57,63233.67,63233.774999999994,63246.2,63246.192500000005,63245.47,-9.760000000002037,-4.2700000000040745,-9.660000000003492,-4.2774999999965075,-9.555000000007567,-5.0
KXBTC15M-26AUG170615-15,63250.47,63269.21,yes,63246.2,63246.192500000005,63245.47,63259.99,63259.432499999995,63257.955,-4.2700000000040745,-9.220000000001164,-4.2774999999965075,-9.777500000003783,-5.0,-11.25499999999738
KXBTC15M-26AUG170630-30,63269.21,63321.73,yes,63259.99,63259.432499999995,63257.955,63382.52,63337.094999999994,63337.095,-9.220000000001164,60.7899999999936,-9.777500000003783,15.364999999990687,-11.25499999999738,15.364999999997963
KXBTC15M-26AUG170645-45,63321.73,63549.29,yes,63382.52,63337.094999999994,63337.095,63560.8,63529.69499999999,63531.99,60.7899999999936,11.510000000002037,15.364999999990687,-19.59500000000844,15.364999999997963,-17.30000000000291
KXBTC15M-26AUG170700-00,63549.29,63619.2,yes,63560.8,63529.69499999999,63531.99,63614.74,63612.1875,63612.515,11.510000000002037,-4.459999999999127,-19.59500000000844,-7.01249999999709,-17.30000000000291,-6.684999999997672
KXBTC15M-26AUG170715-15,63619.2,63598.73,no,63614.74,63612.1875,63612.515,63591.29,63594.135,63596.979999999996,-4.459999999999127,-7.440000000002328,-7.01249999999709,-4.595000000001164,-6.684999999997672,-1.750000000007276
KXBTC15M-26AUG170730-30,63598.73,63594.12,no,63591.29,63594.135,63596.979999999996,63594.41,63589.68750000001,63590.615000000005,-7.440000000002328,0.2900000000008731,-4.595000000001164,-4.432499999995343,-1.750000000007276,-3.5049999999973807
KXBTC15M-26AUG170745-45,63594.12,63628.7,yes,63594.41,63589.68750000001,63590.615000000005,63626.5,63626.5125,63626.520000000004,0.2900000000008731,-2.1999999999970896,-4.432499999995343,-2.1875,-3.5049999999973807,-2.179999999993015
KXBTC15M-26AUG170800-00,63628.7,63555.74,no,63626.5,63626.5125,63626.520000000004,63557.05,63544.167499999996,63543.67,-2.1999999999970896,1.3100000000049477,-2.1875,-11.572500000002037,-2.179999999993015,-12.069999999999709
KXBTC15M-26AUG170815-15,63555.74,63603.91,yes,63557.05,63544.167499999996,63543.67,63598.84,63594.8575,63594.384999999995,1.3100000000049477,-5.070000000006985,-11.572500000002037,-9.052500000005239,-12.069999999999709,-9.525000000008731
KXBTC15M-26AUG170830-30,63603.91,63519.43,no,63598.84,63594.8575,63594.384999999995,63505.88,63507.3375,63505.854999999996,-5.070000000006985,-13.55000000000291,-9.052500000005239,-12.092499999998836,-9.525000000008731,-13.575000000004366
KXBTC15M-26AUG170845-45,63519.43,63511.27,no,63505.88,63507.3375,63505.854999999996,63498.5,63497.2975,63497.655,-13.55000000000291,-12.769999999996799,-12.092499999998836,-13.972499999996217,-13.575000000004366,-13.614999999997963
KXBTC15M-26AUG170900-00,63511.27,63491.68,no,63498.5,63497.2975,63497.655,63478.24,63489.185,63489.185,-12.769999999996799,-13.440000000002328,-13.972499999996217,-2.4950000000026193,-13.614999999997963,-2.4950000000026193
KXBTC15M-26AUG170915-15,63491.68,63501.6,yes,63478.24,63489.185,63489.185,63481.41,63488.7425,63488.695,-13.440000000002328,-20.189999999995052,-2.4950000000026193,-12.857499999998254,-2.4950000000026193,-12.904999999998836
KXBTC15M-26AUG170930-30,63501.6,63426.45,no,63481.41,63488.7425,63488.695,63412.31,63411.9125,63414.825,-20.189999999995052,-14.139999999999418,-12.857499999998254,-14.537499999998545,-12.904999999998836,-11.625
KXBTC15M-26AUG170945-45,63426.45,63606.47,yes,63412.31,63411.9125,63414.825,63578.73,63608.405000000006,63607.62,-14.139999999999418,-27.739999999997963,-14.537499999998545,1.9350000000049477,-11.625,1.1500000000014552
KXBTC15M-26AUG171000-00,63606.47,63600.85,no,63578.73,63608.405000000006,63607.62,63603.12,63600.3475,63595.055,-27.739999999997963,2.2700000000040745,1.9350000000049477,-0.5024999999950523,1.1500000000014552,-5.794999999998254
KXBTC15M-26AUG171015-15,63600.85,63623.99,yes,63603.12,63600.3475,63595.055,63629.98,63622.61,63617.42999999999,2.2700000000040745,5.990000000005239,-0.5024999999950523,-1.3799999999973807,-5.794999999998254,-6.560000000004948
KXBTC15M-26AUG171030-30,63623.99,63556.0,no,63629.98,63622.61,63617.42999999999,63550.47,63543.622500000005,63546.17,5.990000000005239,-5.529999999998836,-1.3799999999973807,-12.377499999995052,-6.560000000004948,-9.830000000001746
KXBTC15M-26AUG171045-45,63556.0,63558.83,yes,63550.47,63543.622500000005,63546.17,63551.41,63546.887500000004,63547.545,-5.529999999998836,-7.419999999998254,-12.377499999995052,-11.94249999999738,-9.830000000001746,-11.285000000003492
KXBTC15M-26AUG171100-00,63558.83,63810.87,yes,63551.41,63546.887500000004,63547.545,63828.95,63803.35249999999,63804.1,-7.419999999998254,18.07999999999447,-11.94249999999738,-7.517500000009022,-11.285000000003492,-6.7700000000040745
KXBTC15M-26AUG171115-15,63810.87,63828.24,yes,63828.95,63803.35249999999,63804.1,63814.51,63823.55,63821.744999999995,18.07999999999447,-13.729999999995925,-7.517500000009022,-4.689999999995052,-6.7700000000040745,-6.495000000002619
KXBTC15M-26AUG171130-30,63828.24,64001.62,yes,63814.51,63823.55,63821.744999999995,63987.5,64008.24,64008.645,-13.729999999995925,-14.12000000000262,-4.689999999995052,6.619999999995343,-6.495000000002619,7.024999999994179
KXBTC15M-26AUG171145-45,64001.62,64037.84,yes,63987.5,64008.24,64008.645,64025.0,64035.705,64035.705,-14.12000000000262,-12.839999999996508,6.619999999995343,-2.1349999999947613,7.024999999994179,-2.1349999999947613
KXBTC15M-26AUG171200-00,64037.84,64126.65,yes,64025.0,64035.705,64035.705,64141.46,64120.61,64121.615000000005,-12.839999999996508,14.809999999997672,-2.1349999999947613,-6.040000000000873,-2.1349999999947613,-5.0349999999962165
KXBTC15M-26AUG171215-15,64126.65,64032.42,no,64141.46,64120.61,64121.615000000005,64014.88,64022.31,64021.25,14.809999999997672,-17.540000000000873,-6.040000000000873,-10.110000000000582,-5.0349999999962165,-11.169999999998254
KXBTC15M-26AUG171230-30,64032.42,64048.55,yes,64014.88,64022.31,64021.25,64034.92,64036.60249999999,64036.875,-17.540000000000873,-13.630000000004657,-10.110000000000582,-11.947500000009313,-11.169999999998254,-11.67500000000291
KXBTC15M-26AUG171245-45,64048.55,64045.14,no,64034.92,64036.60249999999,64036.875,64030.66,64038.152500000004,64036.0,-13.630000000004657,-14.479999999995925,-11.947500000009313,-6.987499999995634,-11.67500000000291,-9.139999999999418
KXBTC15M-26AUG171300-00,64045.14,64068.52,yes,64030.66,64038.152500000004,64036.0,64060.35,64059.645,64059.30499999999,-14.479999999995925,-8.169999999998254,-6.987499999995634,-8.875,-9.139999999999418,-9.215000000003783
KXBTC15M-26AUG171315-15,64068.52,63957.03,no,64060.35,64059.645,64059.30499999999,63932.73,63948.3075,63948.23,-8.169999999998254,-24.299999999995634,-8.875,-8.722499999996217,-9.215000000003783,-8.799999999995634
KXBTC15M-26AUG171330-30,63957.03,64179.14,yes,63932.73,63948.3075,63948.23,64154.29,64162.2725,64163.979999999996,-24.299999999995634,-24.849999999998545,-8.722499999996217,-16.86750000000029,-8.799999999995634,-15.160000000003492
KXBTC15M-26AUG171345-45,64179.14,64199.08,yes,64154.29,64162.2725,64163.979999999996,64173.39,64186.270000000004,64185.634999999995,-24.849999999998545,-25.69000000000233,-16.86750000000029,-12.809999999997672,-15.160000000003492,-13.445000000006985
KXBTC15M-26AUG171400-00,64199.08,64289.16,yes,64173.39,64186.270000000004,64185.634999999995,64276.81,64281.975,64281.79,-25.69000000000233,-12.35000000000582,-12.809999999997672,-7.185000000004948,-13.445000000006985,-7.370000000002619
KXBTC15M-26AUG171415-15,64289.16,64330.19,yes,64276.81,64281.975,64281.79,64324.23,64321.592500000006,64324.955,-12.35000000000582,-5.959999999999127,-7.185000000004948,-8.597499999996217,-7.370000000002619,-5.235000000000582
KXBTC15M-26AUG171430-30,64330.19,64442.58,yes,64324.23,64321.592500000006,64324.955,64437.05,64437.807499999995,64434.575,-5.959999999999127,-5.529999999998836,-8.597499999996217,-4.772500000006403,-5.235000000000582,-8.005000000004657
KXBTC15M-26AUG171445-45,64442.58,64412.86,no,64437.05,64437.807499999995,64434.575,64404.0,64403.0125,64405.185,-5.529999999998836,-8.860000000000582,-4.772500000006403,-9.847500000003492,-8.005000000004657,-7.67500000000291
KXBTC15M-26AUG171500-00,64412.86,64382.15,no,64404.0,64403.0125,64405.185,64380.58,64377.8775,64376.93,-8.860000000000582,-1.569999999999709,-9.847500000003492,-4.272499999999127,-7.67500000000291,-5.220000000001164
KXBTC15M-26AUG171515-15,64382.15,64293.66,no,64380.58,64377.8775,64376.93,64279.5,64288.3625,64288.375,-1.569999999999709,-14.160000000003492,-4.272499999999127,-5.297500000000582,-5.220000000001164,-5.2850000000034925
KXBTC15M-26AUG171530-30,64293.66,64363.36,yes,64279.5,64288.3625,64288.375,64353.3,64362.66,64362.66,-14.160000000003492,-10.059999999997672,-5.297500000000582,-0.6999999999970896,-5.2850000000034925,-0.6999999999970896
KXBTC15M-26AUG171545-45,64363.36,64330.2,no,64353.3,64362.66,64362.66,64323.59,64324.3275,64318.43,-10.059999999997672,-6.610000000000582,-0.6999999999970896,-5.872499999997672,-0.6999999999970896,-11.769999999996799
KXBTC15M-26AUG171600-00,64330.2,64274.97,no,64323.59,64324.3275,64318.43,64262.0,64269.905,64273.97,-6.610000000000582,-12.970000000001164,-5.872499999997672,-5.065000000002328,-11.769999999996799,-1.0
KXBTC15M-26AUG171615-15,64274.97,64257.84,no,64262.0,64269.905,64273.97,64260.7,64255.697499999995,64255.7,-12.970000000001164,2.860000000000582,-5.065000000002328,-2.1425000000017462,-1.0,-2.139999999999418
KXBTC15M-26AUG171630-30,64257.84,64369.67,yes,64260.7,64255.697499999995,64255.7,64371.76,64375.4875,64377.854999999996,2.860000000000582,2.0900000000037835,-2.1425000000017462,5.817500000004657,-2.139999999999418,8.184999999997672
KXBTC15M-26AUG171645-45,64369.67,64345.3,no,64371.76,64375.4875,64377.854999999996,64345.31,64345.27,64345.195,2.0900000000037835,0.00999999999476131,5.817500000004657,-0.030000000006111804,8.184999999997672,-0.10500000000320142
KXBTC15M-26AUG171700-00,64345.3,64349.35,yes,64345.31,64345.27,64345.195,64341.77,64347.3525,64347.695,0.00999999999476131,-7.580000000001746,-0.030000000006111804,-1.9974999999976717,-0.10500000000320142,-1.6549999999988358
KXBTC15M-26AUG171715-15,64349.35,64329.11,no,64341.77,64347.3525,64347.695,64327.65,64321.67249999999,64322.009999999995,-7.580000000001746,-1.4599999999991269,-1.9974999999976717,-7.437500000007276,-1.6549999999988358,-7.100000000005821
KXBTC15M-26AUG171730-30,64329.11,64285.01,no,64327.65,64321.67249999999,64322.009999999995,64276.78,64277.1175,64276.65,-1.4599999999991269,-8.230000000003201,-7.437500000007276,-7.892500000001746,-7.100000000005821,-8.360000000000582
KXBTC15M-26AUG171745-45,64285.01,64300.35,yes,64276.78,64277.1175,64276.65,64286.09,64308.7275,64309.415,-8.230000000003201,-14.260000000002037,-7.892500000001746,8.377500000002328,-8.360000000000582,9.065000000002328
KXBTC15M-26AUG171800-00,64300.35,64337.58,yes,64286.09,64308.7275,64309.415,64335.03,64334.65,64336.68,-14.260000000002037,-2.5500000000029104,8.377500000002328,-2.930000000000291,9.065000000002328,-0.9000000000014552
KXBTC15M-26AUG171815-15,64337.58,64272.68,no,64335.03,64334.65,64336.68,64263.74,64263.635,64264.955,-2.5500000000029104,-8.940000000002328,-2.930000000000291,-9.044999999998254,-0.9000000000014552,-7.724999999998545
KXBTC15M-26AUG171830-30,64272.68,64255.93,no,64263.74,64263.635,64264.955,64241.17,64245.167499999996,64247.545,-8.940000000002328,-14.760000000002037,-9.044999999998254,-10.762500000004366,-7.724999999998545,-8.385000000002037
KXBTC15M-26AUG171845-45,64255.93,64262.87,yes,64241.17,64245.167499999996,64247.545,64253.09,64253.0875,64253.085,-14.760000000002037,-9.780000000006112,-10.762500000004366,-9.782500000001164,-8.385000000002037,-9.785000000003492
KXBTC15M-26AUG171900-00,64262.87,64249.86,no,64253.09,64253.0875,64253.085,64240.22,64236.8825,64236.885,-9.780000000006112,-9.639999999999418,-9.782500000001164,-12.977500000000873,-9.785000000003492,-12.974999999998545
KXBTC15M-26AUG171915-15,64249.86,64321.75,yes,64240.22,64236.8825,64236.885,64311.96,64316.99,64315.78,-9.639999999999418,-9.790000000000873,-12.977500000000873,-4.760000000002037,-12.974999999998545,-5.970000000001164
KXBTC15M-26AUG171930-30,64321.75,64434.26,yes,64311.96,64316.99,64315.78,64439.09,64434.8875,64434.89,-9.790000000000873,4.82999999999447,-4.760000000002037,0.6274999999950523,-5.970000000001164,0.6299999999973807
KXBTC15M-26AUG171945-45,64434.26,64435.18,yes,64439.09,64434.8875,64434.89,64424.82,64426.99,64429.16499999999,4.82999999999447,-10.360000000000582,0.6274999999950523,-8.190000000002328,0.6299999999973807,-6.015000000006694
KXBTC15M-26AUG172000-00,64435.18,64495.84,yes,64424.82,64426.99,64429.16499999999,64484.18,64495.705,64494.92,-10.360000000000582,-11.659999999996217,-8.190000000002328,-0.1349999999947613,-6.015000000006694,-0.9199999999982538
KXBTC15M-26AUG172015-15,64495.84,64386.33,no,64484.18,64495.705,64494.92,64386.63,64379.085,64378.56,-11.659999999996217,0.2999999999956344,-0.1349999999947613,-7.245000000002619,-0.9199999999982538,-7.7700000000040745
KXBTC15M-26AUG172030-30,64386.33,64418.06,yes,64386.63,64379.085,64378.56,64409.14,64412.8425,64411.975000000006,0.2999999999956344,-8.919999999998254,-7.245000000002619,-5.217499999998836,-7.7700000000040745,-6.084999999991851
KXBTC15M-26AUG172045-45,64418.06,64346.75,no,64409.14,64412.8425,64411.975000000006,64343.41,64344.8825,64343.225,-8.919999999998254,-3.3399999999965075,-5.217499999998836,-1.867500000000291,-6.084999999991851,-3.525000000001455
KXBTC15M-26AUG172100-00,64346.75,64333.3,no,64343.41,64344.8825,64343.225,64327.45,64321.2025,64321.21000000001,-3.3399999999965075,-5.850000000005821,-1.867500000000291,-12.097500000003492,-3.525000000001455,-12.089999999996508
KXBTC15M-26AUG172115-15,64333.3,64296.27,no,64327.45,64321.2025,64321.21000000001,64292.85,64288.5875,64288.744999999995,-5.850000000005821,-3.4199999999982538,-12.097500000003492,-7.682499999995343,-12.089999999996508,-7.525000000001455
KXBTC15M-26AUG172130-30,64296.27,64270.66,no,64292.85,64288.5875,64288.744999999995,64272.02,64264.99,64265.285,-3.4199999999982538,1.3599999999933061,-7.682499999995343,-5.67000000000553,-7.525000000001455,-5.375
KXBTC15M-26AUG172145-45,64270.66,64236.23,no,64272.02,64264.99,64265.285,64224.61,64225.770000000004,64229.555,1.3599999999933061,-11.62000000000262,-5.67000000000553,-10.459999999999127,-5.375,-6.67500000000291
KXBTC15M-26AUG172200-00,64236.23,64142.76,no,64224.61,64225.770000000004,64229.555,64148.45,64134.75749999999,64135.07,-11.62000000000262,5.689999999995052,-10.459999999999127,-8.002500000009604,-6.67500000000291,-7.690000000002328
KXBTC15M-26AUG172215-15,64142.76,64142.78,yes,64148.45,64134.75749999999,64135.07,64123.04,64132.1875,64130.535,5.689999999995052,-19.739999999997963,-8.002500000009604,-10.592499999998836,-7.690000000002328,-12.244999999995343
KXBTC15M-26AUG172230-30,64142.78,64108.48,no,64123.04,64132.1875,64130.535,64095.93,64102.9575,64101.665,-19.739999999997963,-12.55000000000291,-10.592499999998836,-5.522500000006403,-12.244999999995343,-6.815000000002328
KXBTC15M-26AUG172245-45,64108.48,64086.06,no,64095.93,64102.9575,64101.665,64062.15,64081.652500000004,64081.115000000005,-12.55000000000291,-23.909999999996217,-5.522500000006403,-4.407499999993888,-6.815000000002328,-4.944999999992433
KXBTC15M-26AUG172300-00,64086.06,64041.9,no,64062.15,64081.652500000004,64081.115000000005,64043.4,64035.5775,64037.024999999994,-23.909999999996217,1.5,-4.407499999993888,-6.322500000002037,-4.944999999992433,-4.875000000007276
KXBTC15M-26AUG172315-15,64041.9,64030.94,no,64043.4,64035.5775,64037.024999999994,64025.22,64025.985,64027.15,1.5,-5.720000000001164,-6.322500000002037,-4.955000000001746,-4.875000000007276,-3.790000000000873
KXBTC15M-26AUG172330-30,64030.94,64057.33,yes,64025.22,64025.985,64027.15,64047.69,64048.7025,64048.565,-5.720000000001164,-9.639999999999418,-4.955000000001746,-8.627500000002328,-3.790000000000873,-8.764999999999418
KXBTC15M-26AUG172345-45,64057.33,64107.82,yes,64047.69,64048.7025,64048.565,64117.45,64108.81,64109.8,-9.639999999999418,9.62999999999738,-8.627500000002328,0.9899999999979627,-8.764999999999418,1.9800000000032014
KXBTC15M-26AUG180000-00,64107.82,64113.14,yes,64117.45,64108.81,64109.8,64117.2,64105.44,64104.685,9.62999999999738,4.059999999997672,0.9899999999979627,-7.69999999999709,1.9800000000032014,-8.455000000001746
KXBTC15M-26AUG180015-15,64113.14,64103.94,no,64117.2,64105.44,64104.685,64082.31,64094.1025,64094.42,4.059999999997672,-21.630000000004657,-7.69999999999709,-9.837500000001455,-8.455000000001746,-9.520000000004075
KXBTC15M-26AUG180030-30,64103.94,64095.93,no,64082.31,64094.1025,64094.42,64091.59,64087.0825,64087.08,-21.630000000004657,-4.3400000000037835,-9.837500000001455,-8.847500000003492,-9.520000000004075,-8.849999999998545
KXBTC15M-26AUG180045-45,64095.93,64162.08,yes,64091.59,64087.0825,64087.08,64154.53,64155.125,64155.32,-4.3400000000037835,-7.55000000000291,-8.847500000003492,-6.955000000001746,-8.849999999998545,-6.760000000002037
KXBTC15M-26AUG180100-00,64162.08,64152.43,no,64154.53,64155.125,64155.32,64149.69,64148.192500000005,64148.19,-7.55000000000291,-2.7399999999979627,-6.955000000001746,-4.237499999995634,-6.760000000002037,-4.239999999997963
KXBTC15M-26AUG180115-15,64152.43,64169.01,yes,64149.69,64148.192500000005,64148.19,64169.2,64159.942500000005,64157.68,-2.7399999999979627,0.18999999999505235,-4.237499999995634,-9.06749999999738,-4.239999999997963,-11.330000000001746
KXBTC15M-26AUG180130-30,64169.01,64186.3,yes,64169.2,64159.942500000005,64157.68,64191.42,64177.1275,64178.545,0.18999999999505235,5.119999999995343,-9.06749999999738,-9.172500000000582,-11.330000000001746,-7.755000000004657
KXBTC15M-26AUG180145-45,64186.3,64196.62,yes,64191.42,64177.1275,64178.545,64188.31,64191.4225,64193.18,5.119999999995343,-8.310000000004948,-9.172500000000582,-5.197500000002037,-7.755000000004657,-3.4400000000023283
KXBTC15M-26AUG180200-00,64196.62,64181.24,no,64188.31,64191.4225,64193.18,64169.46,64172.1625,64173.695,-8.310000000004948,-11.779999999998836,-5.197500000002037,-9.077499999999418,-3.4400000000023283,-7.544999999998254
KXBTC15M-26AUG180215-15,64181.24,64179.63,no,64169.46,64172.1625,64173.695,64171.81,64173.527500000004,64175.405,-11.779999999998836,-7.819999999999709,-9.077499999999418,-6.102499999993597,-7.544999999998254,-4.224999999998545
KXBTC15M-26AUG180230-30,64179.63,64285.53,yes,64171.81,64173.527500000004,64175.405,64283.4,64283.5075,64283.615000000005,-7.819999999999709,-2.1299999999973807,-6.102499999993597,-2.022499999999127,-4.224999999998545,-1.9149999999935972
KXBTC15M-26AUG180245-45,64285.53,64380.15,yes,64283.4,64283.5075,64283.615000000005,64378.91,64376.21,64376.71,-2.1299999999973807,-1.2399999999979627,-2.022499999999127,-3.9400000000023283,-1.9149999999935972,-3.4400000000023283
KXBTC15M-26AUG180300-00,64380.15,64264.21,no,64378.91,64376.21,64376.71,64266.41,64257.645,64257.645000000004,-1.2399999999979627,2.2000000000043656,-3.9400000000023283,-6.565000000002328,-3.4400000000023283,-6.564999999995052
KXBTC15M-26AUG180315-15,64264.21,64287.48,yes,64266.41,64257.645,64257.645000000004,64274.78,64277.472499999996,64277.47,2.2000000000043656,-12.700000000004366,-6.565000000002328,-10.007500000006985,-6.564999999995052,-10.010000000002037
KXBTC15M-26AUG180330-30,64287.48,64236.68,no,64274.78,64277.472499999996,64277.47,64224.67,64233.167499999996,64233.17,-12.700000000004366,-12.010000000002037,-10.007500000006985,-3.5125000000043656,-10.010000000002037,-3.5100000000020373
KXBTC15M-26AUG180345-45,64236.68,64199.17,no,64224.67,64233.167499999996,64233.17,64186.57,64189.5775,64189.575,-12.010000000002037,-12.599999999998545,-3.5125000000043656,-9.592499999998836,-3.5100000000020373,-9.595000000001164
KXBTC15M-26AUG180400-00,64199.17,64146.98,no,64186.57,64189.5775,64189.575,64139.78,64141.77,64141.365000000005,-12.599999999998545,-7.200000000004366,-9.592499999998836,-5.210000000006403,-9.595000000001164,-5.614999999997963
KXBTC15M-26AUG180415-15,64146.98,64093.79,no,64139.78,64141.77,64141.365000000005,64095.8,64087.557499999995,64087.555,-7.200000000004366,2.0100000000020373,-5.210000000006403,-6.23250000000553,-5.614999999997963,-6.235000000000582
KXBTC15M-26AUG180430-30,64093.79,64155.4,yes,64095.8,64087.557499999995,64087.555,64149.69,64146.1625,64145.895000000004,2.0100000000020373,-5.709999999999127,-6.23250000000553,-9.23750000000291,-6.235000000000582,-9.50499999999738
KXBTC15M-26AUG180445-45,64155.4,64231.94,yes,64149.69,64146.1625,64145.895000000004,64226.71,64223.85,64223.850000000006,-5.709999999999127,-5.230000000003201,-9.23750000000291,-8.090000000003783,-9.50499999999738,-8.089999999996508
KXBTC15M-26AUG180500-00,64231.94,64233.4,yes,64226.71,64223.85,64223.850000000006,64228.64,64227.052500000005,64227.38,-5.230000000003201,-4.760000000002037,-8.090000000003783,-6.3474999999962165,-8.089999999996508,-6.0200000000040745
KXBTC15M-26AUG180515-15,64233.4,64186.38,no,64228.64,64227.052500000005,64227.38,64178.2,64177.634999999995,64177.03,-4.760000000002037,-8.180000000000291,-6.3474999999962165,-8.74500000000262,-6.0200000000040745,-9.349999999998545
KXBTC15M-26AUG180530-30,64186.38,64101.31,no,64178.2,64177.634999999995,64177.03,64095.49,64095.487499999996,64095.485,-8.180000000000291,-5.819999999999709,-8.74500000000262,-5.822500000002037,-9.349999999998545,-5.82499999999709
KXBTC15M-26AUG180545-45,64101.31,64094.33,no,64095.49,64095.487499999996,64095.485,64089.3,64086.375,64086.375,-5.819999999999709,-5.029999999998836,-5.822500000002037,-7.955000000001746,-5.82499999999709,-7.955000000001746
KXBTC15M-26AUG180600-00,64094.33,64118.72,yes,64089.3,64086.375,64086.375,64106.23,64108.8075,64110.69,-5.029999999998836,-12.489999999997963,-7.955000000001746,-9.912499999998545,-7.955000000001746,-8.029999999998836
KXBTC15M-26AUG180615-15,64118.72,64101.14,no,64106.23,64108.8075,64110.69,64093.37,64092.735,64092.735,-12.489999999997963,-7.769999999996799,-9.912499999998545,-8.404999999998836,-8.029999999998836,-8.404999999998836
KXBTC15M-26AUG180630-30,64101.14,64100.16,no,64093.37,64092.735,64092.735,64096.3,64095.1375,64094.729999999996,-7.769999999996799,-3.860000000000582,-8.404999999998836,-5.022500000006403,-8.404999999998836,-5.430000000007567
KXBTC15M-26AUG180645-45,64100.16,64129.57,yes,64096.3,64095.1375,64094.729999999996,64121.45,64125.22750000001,64125.225000000006,-3.860000000000582,-8.12000000000262,-5.022500000006403,-4.34249999999156,-5.430000000007567,-4.344999999993888
KXBTC15M-26AUG180700-00,64129.57,64143.8,yes,64121.45,64125.22750000001,64125.225000000006,64134.54,64134.5375,64134.535,-8.12000000000262,-9.260000000002037,-4.34249999999156,-9.262500000004366,-4.344999999993888,-9.264999999999418
KXBTC15M-26AUG180715-15,64143.8,64262.77,yes,64134.54,64134.5375,64134.535,64261.08,64258.8625,64258.86,-9.260000000002037,-1.6899999999950523,-9.262500000004366,-3.907499999993888,-9.264999999999418,-3.9099999999962165
KXBTC15M-26AUG180730-30,64262.77,64311.85,yes,64261.08,64258.8625,64258.86,64306.63,64310.5,64311.995,-1.6899999999950523,-5.220000000001164,-3.907499999993888,-1.3499999999985448,-3.9099999999962165,0.14500000000407454
KXBTC15M-26AUG180745-45,64311.85,64321.04,yes,64306.63,64310.5,64311.995,64321.4,64324.45,64322.635,-5.220000000001164,0.3600000000005821,-1.3499999999985448,3.4099999999962165,0.14500000000407454,1.5950000000011642
KXBTC15M-26AUG180800-00,64321.04,64292.36,no,64321.4,64324.45,64322.635,64286.58,64288.83750000001,64288.740000000005,0.3600000000005821,-5.779999999998836,3.4099999999962165,-3.522499999991851,1.5950000000011642,-3.6199999999953434
KXBTC15M-26AUG180815-15,64292.36,64243.3,no,64286.58,64288.83750000001,64288.740000000005,64236.58,64238.75750000001,64239.215,-5.779999999998836,-6.720000000001164,-3.522499999991851,-4.5424999999959255,-3.6199999999953434,-4.085000000006403
KXBTC15M-26AUG180830-30,64243.3,64248.35,yes,64236.58,64238.75750000001,64239.215,64242.07,64242.0725,64242.075,-6.720000000001164,-6.279999999998836,-4.5424999999959255,-6.2774999999965075,-4.085000000006403,-6.275000000001455
KXBTC15M-26AUG180845-45,64248.35,64202.81,no,64242.07,64242.0725,64242.075,64193.0,64194.5725,64195.735,-6.279999999998836,-9.809999999997672,-6.2774999999965075,-8.237499999995634,-6.275000000001455,-7.07499999999709
KXBTC15M-26AUG180900-00,64202.81,64169.14,no,64193.0,64194.5725,64195.735,64161.67,64166.765,64166.765,-9.809999999997672,-7.470000000001164,-8.237499999995634,-2.375,-7.07499999999709,-2.375
KXBTC15M-26AUG180915-15,64169.14,64141.51,no,64161.67,64166.765,64166.765,64128.61,64132.8425,64135.399999999994,-7.470000000001164,-12.900000000001455,-2.375,-8.667500000003201,-2.375,-6.110000000007858
KXBTC15M-26AUG180930-30,64141.51,64016.41,no,64128.61,64132.8425,64135.399999999994,64012.65,64009.4475,64004.375,-12.900000000001455,-3.7600000000020373,-8.667500000003201,-6.962500000001455,-6.110000000007858,-12.035000000003492
KXBTC15M-26AUG180945-45,64016.41,64129.12,yes,64012.65,64009.4475,64004.375,64129.29,64118.0025,64117.405,-3.7600000000020373,0.16999999999825377,-6.962500000001455,-11.117500000000291,-12.035000000003492,-11.715000000003783
KXBTC15M-26AUG181000-00,64129.12,64160.3,yes,64129.29,64118.0025,64117.405,64158.17,64151.942500000005,64154.0,0.16999999999825377,-2.1300000000046566,-11.117500000000291,-8.357499999998254,-11.715000000003783,-6.30000000000291
KXBTC15M-26AUG181015-15,64160.3,64204.11,yes,64158.17,64151.942500000005,64154.0,64200.13,64195.525,64196.405,-2.1300000000046566,-3.9800000000032014,-8.357499999998254,-8.584999999999127,-6.30000000000291,-7.705000000001746
KXBTC15M-26AUG181030-30,64204.11,64963.82,yes,64200.13,64195.525,64196.405,64945.66,64955.845,64963.11,-3.9800000000032014,-18.159999999996217,-8.584999999999127,-7.974999999998545,-7.705000000001746,-0.7099999999991269
KXBTC15M-26AUG181045-45,64963.82,64763.54,no,64945.66,64955.845,64963.11,64737.25,64755.245,64757.41,-18.159999999996217,-26.290000000000873,-7.974999999998545,-8.294999999998254,-0.7099999999991269,-6.129999999997381
KXBTC15M-26AUG181100-00,64763.54,64683.34,no,64737.25,64755.245,64757.41,64668.14,64681.3,64679.55,-26.290000000000873,-15.19999999999709,-8.294999999998254,-2.039999999993597,-6.129999999997381,-3.789999999993597
KXBTC15M-26AUG181115-15,64683.34,64695.78,yes,64668.14,64681.3,64679.55,64685.0,64689.042499999996,64687.795,-15.19999999999709,-10.779999999998836,-2.039999999993597,-6.73750000000291,-3.789999999993597,-7.985000000000582
KXBTC15M-26AUG181130-30,64695.78,64779.44,yes,64685.0,64689.042499999996,64687.795,64753.75,64771.9275,64772.865,-10.779999999998836,-25.69000000000233,-6.73750000000291,-7.512500000004366,-7.985000000000582,-6.575000000004366
KXBTC15M-26AUG181145-45,64779.44,64785.87,yes,64753.75,64771.9275,64772.865,64771.25,64774.5575,64774.56,-25.69000000000233,-14.62000000000262,-7.512500000004366,-11.3125,-6.575000000004366,-11.310000000004948
KXBTC15M-26AUG181200-00,64785.87,64812.17,yes,64771.25,64774.5575,64774.56,64811.69,64811.6025,64807.685,-14.62000000000262,-0.47999999999592546,-11.3125,-0.5674999999973807,-11.310000000004948,-4.485000000000582
KXBTC15M-26AUG181215-15,64812.17,64717.3,no,64811.69,64811.6025,64807.685,64709.19,64708.4225,64707.81,-0.47999999999592546,-8.110000000000582,-0.5674999999973807,-8.877500000002328,-4.485000000000582,-9.490000000005239
KXBTC15M-26AUG181230-30,64717.3,64672.57,no,64709.19,64708.4225,64707.81,64658.03,64658.1375,64659.875,-8.110000000000582,-14.540000000000873,-8.877500000002328,-14.43250000000262,-9.490000000005239,-12.694999999999709
KXBTC15M-26AUG181245-45,64672.57,64756.01,yes,64658.03,64658.1375,64659.875,64745.46,64748.99,64748.385,-14.540000000000873,-10.55000000000291,-14.43250000000262,-7.0200000000040745,-12.694999999999709,-7.625
KXBTC15M-26AUG181300-00,64756.01,64798.64,yes,64745.46,64748.99,64748.385,64795.19,64790.91,64790.494999999995,-10.55000000000291,-3.4499999999970896,-7.0200000000040745,-7.7299999999959255,-7.625,-8.145000000004075
KXBTC15M-26AUG181315-15,64798.64,64768.8,no,64795.19,64790.91,64790.494999999995,64761.8,64758.92,64758.31,-3.4499999999970896,-7.0,-7.7299999999959255,-9.880000000004657,-8.145000000004075,-10.490000000005239
KXBTC15M-26AUG181330-30,64768.8,64796.8,yes,64761.8,64758.92,64758.31,64791.26,64789.442500000005,64791.22,-7.0,-5.540000000000873,-9.880000000004657,-7.357499999998254,-10.490000000005239,-5.580000000001746
KXBTC15M-26AUG181345-45,64796.8,64692.37,no,64791.26,64789.442500000005,64791.22,64685.4,64684.435000000005,64684.485,-5.540000000000873,-6.970000000001164,-7.357499999998254,-7.934999999997672,-5.580000000001746,-7.885000000002037
KXBTC15M-26AUG181400-00,64692.37,64641.87,no,64685.4,64684.435000000005,64684.485,64629.56,64632.8825,64632.565,-6.970000000001164,-12.310000000004948,-7.934999999997672,-8.98750000000291,-7.885000000002037,-9.305000000000291
KXBTC15M-26AUG181415-15,64641.87,64700.89,yes,64629.56,64632.8825,64632.565,64698.76,64697.04,64697.195,-12.310000000004948,-2.1299999999973807,-8.98750000000291,-3.849999999998545,-9.305000000000291,-3.694999999999709
KXBTC15M-26AUG181430-30,64700.89,64771.89,yes,64698.76,64697.04,64697.195,64759.72,64768.4425,64770.0,-2.1299999999973807,-12.169999999998254,-3.849999999998545,-3.4475000000020373,-3.694999999999709,-1.889999999999418
KXBTC15M-26AUG181445-45,64771.89,64730.32,no,64759.72,64768.4425,64770.0,64725.14,64724.005000000005,64723.705,-12.169999999998254,-5.180000000000291,-3.4475000000020373,-6.314999999995052,-1.889999999999418,-6.614999999997963
KXBTC15M-26AUG181500-00,64730.32,64740.07,yes,64725.14,64724.005000000005,64723.705,64737.17,64737.1725,64737.175,-5.180000000000291,-2.900000000001455,-6.314999999995052,-2.897499999999127,-6.614999999997963,-2.8949999999967986
KXBTC15M-26AUG181515-15,64740.07,64686.33,no,64737.17,64737.1725,64737.175,64684.21,64680.0925,64679.655,-2.900000000001455,-2.1200000000026193,-2.897499999999127,-6.23750000000291,-2.8949999999967986,-6.67500000000291
KXBTC15M-26AUG181530-30,64686.33,64748.33,yes,64684.21,64680.0925,64679.655,64741.32,64752.185000000005,64752.185,-2.1200000000026193,-7.010000000002037,-6.23750000000291,3.8550000000032014,-6.67500000000291,3.8549999999959255
KXBTC15M-26AUG181545-45,64748.33,64643.98,no,64741.32,64752.185000000005,64752.185,64633.01,64634.62,64635.015,-7.010000000002037,-10.970000000001164,3.8550000000032014,-9.360000000000582,3.8549999999959255,-8.965000000003783
KXBTC15M-26AUG181600-00,64643.98,64613.35,no,64633.01,64634.62,64635.015,64610.51,64608.225000000006,64607.494999999995,-10.970000000001164,-2.8399999999965075,-9.360000000000582,-5.124999999992724,-8.965000000003783,-5.855000000003201
KXBTC15M-26AUG181615-15,64613.35,64621.34,yes,64610.51,64608.225000000006,64607.494999999995,64614.5,64611.9,64612.06,-2.8399999999965075,-6.8399999999965075,-5.124999999992724,-9.439999999995052,-5.855000000003201,-9.279999999998836
KXBTC15M-26AUG181630-30,64621.34,64579.75,no,64614.5,64611.9,64612.06,64570.02,64569.68499999999,64569.36,-6.8399999999965075,-9.730000000003201,-9.439999999995052,-10.065000000009604,-9.279999999998836,-10.389999999999418
KXBTC15M-26AUG181645-45,64579.75,64575.62,no,64570.02,64569.68499999999,64569.36,64568.57,64573.895000000004,64573.895000000004,-9.730000000003201,-7.05000000000291,-10.065000000009604,-1.7249999999985448,-10.389999999999418,-1.7249999999985448
KXBTC15M-26AUG181700-00,64575.62,64550.33,no,64568.57,64573.895000000004,64573.895000000004,64538.48,64545.855,64545.854999999996,-7.05000000000291,-11.849999999998545,-1.7249999999985448,-4.474999999998545,-1.7249999999985448,-4.475000000005821
KXBTC15M-26AUG181715-15,64550.33,64599.95,yes,64538.48,64545.855,64545.854999999996,64579.88,64589.345,64588.54,-11.849999999998545,-20.06999999999971,-4.474999999998545,-10.604999999995925,-4.475000000005821,-11.409999999996217
KXBTC15M-26AUG181730-30,64599.95,64588.5,no,64579.88,64589.345,64588.54,64579.86,64579.2775,64580.325,-20.06999999999971,-8.639999999999418,-10.604999999995925,-9.222500000003492,-11.409999999996217,-8.17500000000291
KXBTC15M-26AUG181745-45,64588.5,64559.38,no,64579.86,64579.2775,64580.325,64538.47,64540.284999999996,64544.46,-8.639999999999418,-20.909999999996217,-9.222500000003492,-19.095000000001164,-8.17500000000291,-14.919999999998254
KXBTC15M-26AUG181800-00,64559.38,64571.8,yes,64538.47,64540.284999999996,64544.46,64559.33,64559.0975,64556.880000000005,-20.909999999996217,-12.470000000001164,-19.095000000001164,-12.702499999999418,-14.919999999998254,-14.919999999998254
KXBTC15M-26AUG181815-15,64571.8,64550.26,no,64559.33,64559.0975,64556.880000000005,64528.98,64536.5075,64536.27,-12.470000000001164,-21.279999999998836,-12.702499999999418,-13.752500000002328,-14.919999999998254,-13.990000000005239
KXBTC15M-26AUG181830-30,64550.26,64553.39,yes,64528.98,64536.5075,64536.27,64552.5,64543.5475,64543.59,-21.279999999998836,-0.8899999999994179,-13.752500000002328,-9.842499999998836,-13.990000000005239,-9.80000000000291
KXBTC15M-26AUG181845-45,64553.39,64599.66,yes,64552.5,64543.5475,64543.59,64595.25,64597.025,64596.715,-0.8899999999994179,-4.4100000000034925,-9.842499999998836,-2.6350000000020373,-9.80000000000291,-2.945000000006985
KXBTC15M-26AUG181900-00,64599.66,64598.94,no,64595.25,64597.025,64596.715,64596.41,64591.5625,64590.205,-4.4100000000034925,-2.529999999998836,-2.6350000000020373,-7.377500000002328,-2.945000000006985,-8.735000000000582
KXBTC15M-26AUG181915-15,64598.94,64661.31,yes,64596.41,64591.5625,64590.205,64657.31,64656.815,64655.740000000005,-2.529999999998836,-4.0,-7.377500000002328,-4.494999999995343,-8.735000000000582,-5.569999999992433
KXBTC15M-26AUG181930-30,64661.31,64686.59,yes,64657.31,64656.815,64655.740000000005,64678.7,64681.78,64681.729999999996,-4.0,-7.889999999999418,-4.494999999995343,-4.809999999997672,-5.569999999992433,-4.860000000000582
KXBTC15M-26AUG181945-45,64686.59,64740.36,yes,64678.7,64681.78,64681.729999999996,64730.03,64735.329999999994,64735.465,-7.889999999999418,-10.330000000001746,-4.809999999997672,-5.030000000006112,-4.860000000000582,-4.8950000000040745
KXBTC15M-26AUG182000-00,64740.36,64691.3,no,64730.03,64735.329999999994,64735.465,64681.33,64681.0025,64680.68,-10.330000000001746,-9.970000000001164,-5.030000000006112,-10.297500000000582,-4.8950000000040745,-10.62000000000262
KXBTC15M-26AUG182015-15,64691.3,64557.46,no,64681.33,64681.0025,64680.68,64540.09,64546.2025,64545.8,-9.970000000001164,-17.37000000000262,-10.297500000000582,-11.257499999999709,-10.62000000000262,-11.659999999996217
KXBTC15M-26AUG182030-30,64557.46,64564.25,yes,64540.09,64546.2025,64545.8,64562.81,64554.6075,64554.604999999996,-17.37000000000262,-1.4400000000023283,-11.257499999999709,-9.642500000001746,-11.659999999996217,-9.645000000004075
KXBTC15M-26AUG182045-45,64564.25,64533.01,no,64562.81,64554.6075,64554.604999999996,64517.76,64520.817500000005,64526.14,-1.4400000000023283,-15.25,-9.642500000001746,-12.19249999999738,-9.645000000004075,-6.870000000002619
KXBTC15M-26AUG182100-00,64533.01,64471.39,no,64517.76,64520.817500000005,64526.14,64445.44,64456.692500000005,64456.395000000004,-15.25,-25.94999999999709,-12.19249999999738,-14.697499999994761,-6.870000000002619,-14.994999999995343
KXBTC15M-26AUG182115-15,64471.39,64486.69,yes,64445.44,64456.692500000005,64456.395000000004,64483.65,64478.472499999996,64476.925,-25.94999999999709,-3.040000000000873,-14.697499999994761,-8.217500000006112,-14.994999999995343,-9.764999999999418
KXBTC15M-26AUG182130-30,64486.69,64441.86,no,64483.65,64478.472499999996,64476.925,64442.07,64435.89750000001,64434.979999999996,-3.040000000000873,0.20999999999912689,-8.217500000006112,-5.962499999994179,-9.764999999999418,-6.880000000004657
KXBTC15M-26AUG182145-45,64441.86,64371.97,no,64442.07,64435.89750000001,64434.979999999996,64374.38,64368.38250000001,64366.465,0.20999999999912689,2.4099999999962165,-5.962499999994179,-3.5874999999941792,-6.880000000004657,-5.505000000004657
KXBTC15M-26AUG182200-00,64371.97,64358.44,no,64374.38,64368.38250000001,64366.465,64358.46,64352.7425,64351.25,2.4099999999962165,0.01999999999679858,-3.5874999999941792,-5.697500000002037,-5.505000000004657,-7.190000000002328
KXBTC15M-26AUG182215-15,64358.44,64360.24,yes,64358.46,64352.7425,64351.25,64348.02,64347.6525,64345.729999999996,0.01999999999679858,-12.220000000001164,-5.697500000002037,-12.587500000001455,-7.190000000002328,-14.510000000002037
KXBTC15M-26AUG182230-30,64360.24,64342.5,no,64348.02,64347.6525,64345.729999999996,64342.46,64341.9275,64340.56,-12.220000000001164,-0.040000000000873115,-12.587500000001455,-0.5725000000020373,-14.510000000002037,-1.9400000000023283
KXBTC15M-26AUG182245-45,64342.5,64343.01,yes,64342.46,64341.9275,64340.56,64333.49,64333.814999999995,64334.14,-0.040000000000873115,-9.520000000004075,-0.5725000000020373,-9.195000000006985,-1.9400000000023283,-8.87000000000262
KXBTC15M-26AUG182300-00,64343.01,64307.61,no,64333.49,64333.814999999995,64334.14,64295.84,64297.329999999994,64297.33,-9.520000000004075,-11.770000000004075,-9.195000000006985,-10.280000000006112,-8.87000000000262,-10.279999999998836
KXBTC15M-26AUG182315-15,64307.61,64300.72,no,64295.84,64297.329999999994,64297.33,64295.55,64297.00749999999,64296.604999999996,-11.770000000004075,-5.169999999998254,-10.280000000006112,-3.712500000008731,-10.279999999998836,-4.115000000005239
KXBTC15M-26AUG182330-30,64300.72,64318.12,yes,64295.55,64297.00749999999,64296.604999999996,64305.95,64310.5025,64310.695,-5.169999999998254,-12.17000000000553,-3.712500000008731,-7.617500000000291,-4.115000000005239,-7.42500000000291
KXBTC15M-26AUG182345-45,64318.12,64296.02,no,64305.95,64310.5025,64310.695,64284.95,64286.38249999999,64286.06,-12.17000000000553,-11.069999999999709,-7.617500000000291,-9.637500000004366,-7.42500000000291,-9.959999999999127
KXBTC15M-26AUG190000-00,64296.02,64283.52,no,64284.95,64286.38249999999,64286.06,64269.36,64272.6575,64272.66,-11.069999999999709,-14.159999999996217,-9.637500000004366,-10.862499999995634,-9.959999999999127,-10.859999999993306
KXBTC15M-26AUG190015-15,64283.52,64268.78,no,64269.36,64272.6575,64272.66,64260.98,64258.990000000005,64259.020000000004,-14.159999999996217,-7.799999999995634,-10.862499999995634,-9.789999999993597,-10.859999999993306,-9.759999999994761
KXBTC15M-26AUG190030-30,64268.78,64311.99,yes,64260.98,64258.990000000005,64259.020000000004,64303.05,64303.052500000005,64303.055,-7.799999999995634,-8.939999999995052,-9.789999999993597,-8.937499999992724,-9.759999999994761,-8.934999999997672
KXBTC15M-26AUG190045-45,64311.99,64300.69,no,64303.05,64303.052500000005,64303.055,64290.06,64290.0525,64290.045,-8.939999999995052,-10.630000000004657,-8.937499999992724,-10.637500000004366,-8.934999999997672,-10.645000000004075
KXBTC15M-26AUG190100-00,64300.69,64271.57,no,64290.06,64290.0525,64290.045,64255.14,64257.962499999994,64259.185,-10.630000000004657,-16.43000000000029,-10.637500000004366,-13.60750000000553,-10.645000000004075,-12.385000000002037
KXBTC15M-26AUG190115-15,64271.57,64354.21,yes,64255.14,64257.962499999994,64259.185,64346.99,64350.505,64352.23,-16.43000000000029,-7.220000000001164,-13.60750000000553,-3.7050000000017462,-12.385000000002037,-1.9799999999959255
KXBTC15M-26AUG190130-30,64354.21,64311.77,no,64346.99,64350.505,64352.23,64304.55,64308.41,64307.465,-7.220000000001164,-7.219999999993888,-3.7050000000017462,-3.359999999993306,-1.9799999999959255,-4.305000000000291
KXBTC15M-26AUG190145-45,64311.77,64272.07,no,64304.55,64308.41,64307.465,64265.97,64264.5225,64264.525,-7.219999999993888,-6.099999999998545,-3.359999999993306,-7.547500000000582,-4.305000000000291,-7.544999999998254
KXBTC15M-26AUG190200-00,64272.07,64189.44,no,64265.97,64264.5225,64264.525,64186.35,64183.5675,64182.315,-6.099999999998545,-3.0900000000037835,-7.547500000000582,-5.872500000004948,-7.544999999998254,-7.125
KXBTC15M-26AUG190215-15,64189.44,64132.16,no,64186.35,64183.5675,64182.315,64125.41,64125.585,64124.83,-3.0900000000037835,-6.75,-5.872500000004948,-6.575000000004366,-7.125,-7.330000000001746
KXBTC15M-26AUG190230-30,64132.16,64226.59,yes,64125.41,64125.585,64124.83,64220.37,64217.55,64217.149999999994,-6.75,-6.219999999993888,-6.575000000004366,-9.039999999993597,-7.330000000001746,-9.440000000002328
KXBTC15M-26AUG190245-45,64226.59,64220.67,no,64220.37,64217.55,64217.149999999994,64214.49,64218.115,64219.149999999994,-6.219999999993888,-6.180000000000291,-9.039999999993597,-2.555000000000291,-9.440000000002328,-1.5200000000040745
KXBTC15M-26AUG190300-00,64220.67,64290.14,yes,64214.49,64218.115,64219.149999999994,64289.82,64286.857500000006,64286.91,-6.180000000000291,-0.31999999999970896,-2.555000000000291,-3.282499999993888,-1.5200000000040745,-3.2299999999959255
KXBTC15M-26AUG190315-15,64290.14,64293.89,yes,64289.82,64286.857500000006,64286.91,64314.9,64303.090000000004,64308.975000000006,-0.31999999999970896,21.010000000002037,-3.282499999993888,9.200000000004366,-3.2299999999959255,15.085000000006403
KXBTC15M-26AUG190330-30,64293.89,64297.89,yes,64314.9,64303.090000000004,64308.975000000006,64285.92,64291.817500000005,64293.155,21.010000000002037,-11.970000000001164,9.200000000004366,-6.072499999994761,15.085000000006403,-4.735000000000582
KXBTC15M-26AUG190345-45,64297.89,64308.08,yes,64285.92,64291.817500000005,64293.155,64300.83,64300.86,64300.86,-11.970000000001164,-7.25,-6.072499999994761,-7.220000000001164,-4.735000000000582,-7.220000000001164
KXBTC15M-26AUG190400-00,64308.08,64248.75,no,64300.83,64300.86,64300.86,64236.76,64241.777500000004,64241.78,-7.25,-11.989999999997963,-7.220000000001164,-6.9724999999962165,-7.220000000001164,-6.970000000001164
KXBTC15M-26AUG190415-15,64248.75,64208.71,no,64236.76,64241.777500000004,64241.78,64198.31,64198.305,64198.305,-11.989999999997963,-10.400000000001455,-6.9724999999962165,-10.404999999998836,-6.970000000001164,-10.404999999998836
KXBTC15M-26AUG190430-30,64208.71,64236.65,yes,64198.31,64198.305,64198.305,64232.09,64224.5875,64224.59,-10.400000000001455,-4.560000000004948,-10.404999999998836,-12.0625,-10.404999999998836,-12.060000000004948
KXBTC15M-26AUG190445-45,64236.65,64402.16,yes,64232.09,64224.5875,64224.59,64391.98,64397.8475,64396.740000000005,-4.560000000004948,-10.180000000000291,-12.0625,-4.3125,-12.060000000004948,-5.419999999998254
KXBTC15M-26AUG190500-00,64402.16,64374.1,no,64391.98,64397.8475,64396.740000000005,64357.12,64360.17999999999,64361.575,-10.180000000000291,-16.979999999995925,-4.3125,-13.92000000000553,-5.419999999998254,-12.525000000001455
KXBTC15M-26AUG190515-15,64374.1,64354.53,no,64357.12,64360.17999999999,64361.575,64327.33,64343.895000000004,64343.895000000004,-16.979999999995925,-27.19999999999709,-13.92000000000553,-10.634999999994761,-12.525000000001455,-10.634999999994761
KXBTC15M-26AUG190530-30,64354.53,64339.79,no,64327.33,64343.895000000004,64343.895000000004,64336.27,64333.15,64333.435,-27.19999999999709,-3.5200000000040745,-10.634999999994761,-6.639999999999418,-10.634999999994761,-6.355000000003201
KXBTC15M-26AUG190545-45,64339.79,64321.3,no,64336.27,64333.15,64333.435,64319.03,64314.1625,64312.465,-3.5200000000040745,-2.2700000000040745,-6.639999999999418,-7.137500000004366,-6.355000000003201,-8.835000000006403
KXBTC15M-26AUG190600-00,64321.3,64376.33,yes,64319.03,64314.1625,64312.465,64367.8,64371.78999999999,64371.79,-2.2700000000040745,-8.529999999998836,-7.137500000004366,-4.540000000008149,-8.835000000006403,-4.540000000000873
KXBTC15M-26AUG190615-15,64376.33,64342.89,no,64367.8,64371.78999999999,64371.79,64335.43,64334.4625,64334.875,-8.529999999998836,-7.459999999999127,-4.540000000008149,-8.427499999997963,-4.540000000000873,-8.014999999999418
KXBTC15M-26AUG190630-30,64342.89,64347.8,yes,64335.43,64334.4625,64334.875,64343.88,64332.18,64332.18,-7.459999999999127,-3.9200000000055297,-8.427499999997963,-15.62000000000262,-8.014999999999418,-15.62000000000262
KXBTC15M-26AUG190645-45,64347.8,64355.96,yes,64343.88,64332.18,64332.18,64345.49,64347.3725,64349.26,-3.9200000000055297,-10.470000000001164,-15.62000000000262,-8.587500000001455,-15.62000000000262,-6.69999999999709
KXBTC15M-26AUG190700-00,64355.96,64401.29,yes,64345.49,64347.3725,64349.26,64395.42,64391.92749999999,64394.899999999994,-10.470000000001164,-5.870000000002619,-8.587500000001455,-9.362500000010186,-6.69999999999709,-6.390000000006694
KXBTC15M-26AUG190715-15,64401.29,64455.87,yes,64395.42,64391.92749999999,64394.899999999994,64448.31,64451.8375,64451.83500000001,-5.870000000002619,-7.560000000004948,-9.362500000010186,-4.032500000001164,-6.390000000006694,-4.0349999999962165
KXBTC15M-26AUG190730-30,64455.87,64459.28,yes,64448.31,64451.8375,64451.83500000001,64453.08,64452.04000000001,64451.78,-7.560000000004948,-6.19999999999709,-4.032500000001164,-7.239999999990687,-4.0349999999962165,-7.5
KXBTC15M-26AUG190745-45,64459.28,64421.48,no,64453.08,64452.04000000001,64451.78,64415.25,64415.2525,64415.255000000005,-6.19999999999709,-6.230000000003201,-7.239999999990687,-6.227500000000873,-7.5,-6.224999999998545
KXBTC15M-26AUG190800-00,64421.48,64461.54,yes,64415.25,64415.2525,64415.255000000005,64459.1,64458.275,64458.490000000005,-6.230000000003201,-2.4400000000023283,-6.227500000000873,-3.264999999999418,-6.224999999998545,-3.0499999999956344
KXBTC15M-26AUG190815-15,64461.54,64455.38,no,64459.1,64458.275,64458.490000000005,64453.35,64453.345,64453.345,-2.4400000000023283,-2.029999999998836,-3.264999999999418,-2.0349999999962165,-3.0499999999956344,-2.0349999999962165
KXBTC15M-26AUG190830-30,64455.38,64444.04,no,64453.35,64453.345,64453.345,64439.26,64442.895000000004,64443.95,-2.029999999998836,-4.779999999998836,-2.0349999999962165,-1.1449999999967986,-2.0349999999962165,-0.0900000000037835
KXBTC15M-26AUG190845-45,64444.04,64861.5,yes,64439.26,64442.895000000004,64443.95,64883.01,64853.1525,64857.979999999996,-4.779999999998836,21.510000000002037,-1.1449999999967986,-8.347500000003492,-0.0900000000037835,-3.5200000000040745
KXBTC15M-26AUG190900-00,64861.5,64826.69,no,64883.01,64853.1525,64857.979999999996,64831.37,64827.685,64829.475000000006,21.510000000002037,4.680000000000291,-8.347500000003492,0.9949999999953434,-3.5200000000040745,2.7850000000034925
KXBTC15M-26AUG190915-15,64826.69,64903.82,yes,64831.37,64827.685,64829.475000000006,64868.6,64900.0675,64899.17,4.680000000000291,-35.220000000001164,0.9949999999953434,-3.7525000000023283,2.7850000000034925,-4.650000000001455
KXBTC15M-26AUG190930-30,64903.82,64969.54,yes,64868.6,64900.0675,64899.17,64958.94,64965.9775,64973.005000000005,-35.220000000001164,-10.599999999998545,-3.7525000000023283,-3.5625,-4.650000000001455,3.4650000000037835
KXBTC15M-26AUG190945-45,64969.54,65003.97,yes,64958.94,64965.9775,64973.005000000005,64990.86,64999.07000000001,65008.585,-10.599999999998545,-13.110000000000582,-3.5625,-4.899999999994179,3.4650000000037835,4.614999999997963
KXBTC15M-26AUG191000-00,65003.97,64960.86,no,64990.86,64999.07000000001,65008.585,64962.17,64976.60249999999,64969.97,-13.110000000000582,1.3099999999976717,-4.899999999994179,15.742499999993015,4.614999999997963,9.110000000000582
KXBTC15M-26AUG191015-15,64960.86,65305.42,yes,64962.17,64976.60249999999,64969.97,65355.84,65322.24,65313.03999999999,1.3099999999976717,50.419999999998254,15.742499999993015,16.81999999999971,9.110000000000582,7.619999999995343
KXBTC15M-26AUG191030-30,65305.42,65391.51,yes,65355.84,65322.24,65313.03999999999,65359.57,65378.2825,65383.715,50.419999999998254,-31.94000000000233,16.81999999999971,-13.227500000000873,7.619999999995343,-7.79500000000553
KXBTC15M-26AUG191045-45,65391.51,65407.67,yes,65359.57,65378.2825,65383.715,65419.41,65411.4475,65410.14,-31.94000000000233,11.740000000005239,-13.227500000000873,3.7775000000037835,-7.79500000000553,2.470000000001164
KXBTC15M-26AUG191100-00,65407.67,65912.22,yes,65419.41,65411.4475,65410.14,65889.69,65906.23000000001,65907.94,11.740000000005239,-22.529999999998836,3.7775000000037835,-5.989999999990687,2.470000000001164,-4.279999999998836
KXBTC15M-26AUG191115-15,65912.22,66665.21,yes,65889.69,65906.23000000001,65907.94,66638.58,66654.4425,66689.68,-22.529999999998836,-26.630000000004657,-5.989999999990687,-10.767500000001746,-4.279999999998836,24.469999999986612
KXBTC15M-26AUG191130-30,66665.21,68320.23,yes,66638.58,66654.4425,66689.68,68318.32,68468.7025,68426.735,-26.630000000004657,-1.9099999999889405,-10.767500000001746,148.4725000000035,24.469999999986612,106.50500000000466
KXBTC15M-26AUG191145-45,68320.23,68588.78,yes,68318.32,68468.7025,68426.735,68632.63,68586.79250000001,68582.135,-1.9099999999889405,43.85000000000582,148.4725000000035,-1.9874999999883585,106.50500000000466,-6.6450000000040745
KXBTC15M-26AUG191200-00,68588.78,68497.5,no,68632.63,68586.79250000001,68582.135,68513.85,68504.495,68516.625,43.85000000000582,16.35000000000582,-1.9874999999883585,6.994999999995343,-6.6450000000040745,19.125
KXBTC15M-26AUG191215-15,68497.5,68552.4,yes,68513.85,68504.495,68516.625,68526.02,68546.8925,68550.41500000001,16.35000000000582,-26.379999999990105,6.994999999995343,-5.507499999992433,19.125,-1.9849999999860302
KXBTC15M-26AUG191230-30,68552.4,68858.95,yes,68526.02,68546.8925,68550.41500000001,68869.72,68866.88750000001,68862.86499999999,-26.379999999990105,10.770000000004075,-5.507499999992433,7.937500000014552,-1.9849999999860302,3.914999999993597
KXBTC15M-26AUG191245-45,68858.95,68575.57,no,68869.72,68866.88750000001,68862.86499999999,68568.1,68577.7375,68577.91500000001,10.770000000004075,-7.470000000001164,7.937500000014552,2.1674999999959255,3.914999999993597,2.345000000001164
KXBTC15M-26AUG191300-00,68575.57,68452.66,no,68568.1,68577.7375,68577.91500000001,68439.02,68450.06,68463.28,-7.470000000001164,-13.639999999999418,2.1674999999959255,-2.6000000000058208,2.345000000001164,10.619999999995343
KXBTC15M-26AUG191315-15,68452.66,68223.21,no,68439.02,68450.06,68463.28,68220.23,68223.39749999999,68223.55,-13.639999999999418,-2.9800000000104774,-2.6000000000058208,0.18749999998544808,10.619999999995343,0.33999999999650754
KXBTC15M-26AUG191330-30,68223.21,67912.87,no,68220.23,68223.39749999999,68223.55,67967.6,67897.17749999999,67900.10999999999,-2.9800000000104774,54.73000000001048,0.18749999998544808,-15.692500000004657,0.33999999999650754,-12.760000000009313
KXBTC15M-26AUG191345-45,67912.87,68004.55,yes,67967.6,67897.17749999999,67900.10999999999,68023.3,68014.66249999999,68016.055,54.73000000001048,18.75,-15.692500000004657,10.112499999988358,-12.760000000009313,11.504999999990105
KXBTC15M-26AUG191400-00,68004.55,68179.24,yes,68023.3,68014.66249999999,68016.055,68168.31,68181.4875,68179.16500000001,18.75,-10.930000000007567,10.112499999988358,2.2474999999976717,11.504999999990105,-0.07499999999708962
KXBTC15M-26AUG191415-15,68179.24,68159.82,no,68168.31,68181.4875,68179.16500000001,68160.22,68151.1575,68152.98999999999,-10.930000000007567,0.39999999999417923,2.2474999999976717,-8.66250000000582,-0.07499999999708962,-6.830000000016298
KXBTC15M-26AUG191430-30,68159.82,68281.53,yes,68160.22,68151.1575,68152.98999999999,68257.58,68267.01000000001,68275.925,0.39999999999417923,-23.94999999999709,-8.66250000000582,-14.519999999989523,-6.830000000016298,-5.6049999999959255
KXBTC15M-26AUG191445-45,68281.53,68405.55,yes,68257.58,68267.01000000001,68275.925,68422.23,68411.7625,68405.68,-23.94999999999709,16.679999999993015,-14.519999999989523,6.212499999994179,-5.6049999999959255,0.1299999999901047
KXBTC15M-26AUG191500-00,68405.55,68385.25,no,68422.23,68411.7625,68405.68,68381.1,68380.17000000001,68383.935,16.679999999993015,-4.149999999994179,6.212499999994179,-5.079999999987194,0.1299999999901047,-1.3150000000023283
KXBTC15M-26AUG191515-15,68385.25,68163.46,no,68381.1,68380.17000000001,68383.935,68098.77,68248.09,68237.515,-4.149999999994179,-64.69000000000233,-5.079999999987194,84.6299999999901,-1.3150000000023283,74.05499999999302
KXBTC15M-26AUG191530-30,68163.46,68161.11,no,68098.77,68248.09,68237.515,68162.35,68179.82999999999,68169.01999999999,-64.69000000000233,1.2400000000052387,84.6299999999901,18.719999999986612,74.05499999999302,7.9099999999889405
KXBTC15M-26AUG191545-45,68161.11,68369.46,yes,68162.35,68179.82999999999,68169.01999999999,68385.98,68375.5225,68370.895,1.2400000000052387,16.519999999989523,18.719999999986612,6.0625,7.9099999999889405,1.4349999999976717
KXBTC15M-26AUG191600-00,68369.46,68420.99,yes,68385.98,68375.5225,68370.895,68418.55,68429.2775,68417.455,16.519999999989523,-2.4400000000023283,6.0625,8.287499999991269,1.4349999999976717,-3.5350000000034925
KXBTC15M-26AUG191615-15,68420.99,68671.0,yes,68418.55,68429.2775,68417.455,68666.49,68666.34999999999,68659.91500000001,-2.4400000000023283,-4.509999999994761,8.287499999991269,-4.650000000008731,-3.5350000000034925,-11.084999999991851
KXBTC15M-26AUG191630-30,68671.0,68677.38,yes,68666.49,68666.34999999999,68659.91500000001,68685.82,68676.1625,68671.33,-4.509999999994761,8.440000000002328,-4.650000000008731,-1.2174999999988358,-11.084999999991851,-6.05000000000291
KXBTC15M-26AUG191645-45,68677.38,68660.57,no,68685.82,68676.1625,68671.33,68653.62,68663.67499999999,68659.515,8.440000000002328,-6.9500000000116415,-1.2174999999988358,3.1049999999813735,-6.05000000000291,-1.055000000007567
KXBTC15M-26AUG191700-00,68660.57,69064.81,yes,68653.62,68663.67499999999,68659.515,69033.59,69073.66750000001,69080.495,-6.9500000000116415,-31.220000000001164,3.1049999999813735,8.857500000012806,-1.055000000007567,15.684999999997672
KXBTC15M-26AUG191715-15,69064.81,69389.94,yes,69033.59,69073.66750000001,69080.495,69424.4,69388.0925,69389.41500000001,-31.220000000001164,34.45999999999185,8.857500000012806,-1.8475000000034925,15.684999999997672,-0.5249999999941792
KXBTC15M-26AUG191730-30,69389.94,69615.07,yes,69424.4,69388.0925,69389.41500000001,69622.15,69618.66500000001,69610.905,34.45999999999185,7.079999999987194,-1.8475000000034925,3.595000000001164,-0.5249999999941792,-4.165000000008149
KXBTC15M-26AUG191745-45,69615.07,69596.78,no,69622.15,69618.66500000001,69610.905,69656.59,69611.745,69605.445,7.079999999987194,59.80999999999767,3.595000000001164,14.964999999996508,-4.165000000008149,8.665000000008149
KXBTC15M-26AUG191800-00,69596.78,69695.64,yes,69656.59,69611.745,69605.445,69700.12,69686.22,69681.81,59.80999999999767,4.4799999999959255,14.964999999996508,-9.419999999998254,8.665000000008149,-13.830000000001746
KXBTC15M-26AUG191815-15,69695.64,69373.37,no,69700.12,69686.22,69681.81,69270.52,69331.22750000001,69339.745,4.4799999999959255,-102.84999999999127,-9.419999999998254,-42.142499999987194,-13.830000000001746,-33.625
KXBTC15M-26AUG191830-30,69373.37,69143.33,no,69270.52,69331.22750000001,69339.745,69118.01,69134.65,69141.98,-102.84999999999127,-25.320000000006985,-42.142499999987194,-8.680000000007567,-33.625,-1.3500000000058208
KXBTC15M-26AUG191845-45,69143.33,69324.22,yes,69118.01,69134.65,69141.98,69315.72,69313.70249999998,69318.655,-25.320000000006985,-8.5,-8.680000000007567,-10.517500000016298,-1.3500000000058208,-5.565000000002328
KXBTC15M-26AUG191900-00,69324.22,69232.56,no,69315.72,69313.70249999998,69318.655,69219.55,69229.4675,69234.21,-8.5,-13.009999999994761,-10.517500000016298,-3.092499999998836,-5.565000000002328,1.6500000000087311
KXBTC15M-26AUG191915-15,69232.56,69323.39,yes,69219.55,69229.4675,69234.21,69311.72,69322.88,69320.16,-13.009999999994761,-11.669999999998254,-3.092499999998836,-0.5099999999947613,1.6500000000087311,-3.2299999999959255
KXBTC15M-26AUG191930-30,69323.39,69354.87,yes,69311.72,69322.88,69320.16,69343.04,69360.0975,69356.26000000001,-11.669999999998254,-11.830000000001746,-0.5099999999947613,5.227500000008149,-3.2299999999959255,1.3900000000139698
KXBTC15M-26AUG191945-45,69354.87,69307.33,no,69343.04,69360.0975,69356.26000000001,69287.31,69310.475,69309.16,-11.830000000001746,-20.020000000004075,5.227500000008149,3.1450000000040745,1.3900000000139698,1.8300000000017462
KXBTC15M-26AUG192000-00,69307.33,69299.8,no,69287.31,69310.475,69309.16,69300.01,69295.58,69298.65,-20.020000000004075,0.20999999999185093,3.1450000000040745,-4.220000000001164,1.8300000000017462,-1.1500000000087311
KXBTC15M-26AUG192015-15,69299.8,69506.94,yes,69300.01,69295.58,69298.65,69538.07,69501.9975,69489.54999999999,0.20999999999185093,31.130000000004657,-4.220000000001164,-4.942500000004657,-1.1500000000087311,-17.39000000001397
KXBTC15M-26AUG192030-30,69506.94,69596.98,yes,69538.07,69501.9975,69489.54999999999,69592.82,69595.0325,69587.065,31.130000000004657,-4.1599999999889405,-4.942500000004657,-1.9474999999947613,-17.39000000001397,-9.914999999993597
KXBTC15M-26AUG192045-45,69596.98,69535.98,no,69592.82,69595.0325,69587.065,69529.91,69525.83249999999,69530.02,-4.1599999999889405,-6.069999999992433,-1.9474999999947613,-10.147500000006403,-9.914999999993597,-5.959999999991851
KXBTC15M-26AUG192100-00,69535.98,69384.18,no,69529.91,69525.83249999999,69530.02,69388.78,69392.175,69382.215,-6.069999999992433,4.600000000005821,-10.147500000006403,7.995000000009895,-5.959999999991851,-1.9649999999965075
KXBTC15M-26AUG192115-15,69384.18,69351.31,no,69388.78,69392.175,69382.215,69340.04,69343.3125,69350.085,4.600000000005821,-11.270000000004075,7.995000000009895,-7.997499999997672,-1.9649999999965075,-1.2249999999912689
KXBTC15M-26AUG192130-30,69351.31,69282.04,no,69340.04,69343.3125,69350.085,69291.19,69283.2525,69284.16500000001,-11.270000000004075,9.150000000008731,-7.997499999997672,1.2125000000087311,-1.2249999999912689,2.125000000014552
KXBTC15M-26AUG192145-45,69282.04,69588.09,yes,69291.19,69283.2525,69284.16500000001,69595.09,69588.6575,69587.58499999999,9.150000000008731,7.0,1.2125000000087311,0.5675000000046566,2.125000000014552,-0.5050000000046566
KXBTC15M-26AUG192200-00,69588.09,69684.68,yes,69595.09,69588.6575,69587.58499999999,69678.66,69680.1125,69682.36,7.0,-6.019999999989523,0.5675000000046566,-4.567499999990105,-0.5050000000046566,-2.319999999992433
KXBTC15M-26AUG192215-15,69684.68,69644.68,no,69678.66,69680.1125,69682.36,69647.75,69648.4925,69642.16500000001,-6.019999999989523,3.070000000006985,-4.567499999990105,3.8125,-2.319999999992433,-2.514999999984866
KXBTC15M-26AUG192230-30,69644.68,69465.11,no,69647.75,69648.4925,69642.16500000001,69468.28,69465.0175,69467.05,3.070000000006985,3.1699999999982538,3.8125,-0.09249999999883585,-2.514999999984866,1.9400000000023283
KXBTC15M-26AUG192245-45,69465.11,69282.84,no,69468.28,69465.0175,69467.05,69277.15,69288.9925,69288.98999999999,3.1699999999982538,-5.690000000002328,-0.09249999999883585,6.1524999999965075,1.9400000000023283,6.149999999994179
KXBTC15M-26AUG192300-00,69282.84,69261.48,no,69277.15,69288.9925,69288.98999999999,69242.42,69255.2375,69253.85,-5.690000000002328,-19.05999999999767,6.1524999999965075,-6.242499999993015,6.149999999994179,-7.629999999990105
KXBTC15M-26AUG192315-15,69261.48,68940.81,no,69242.42,69255.2375,69253.85,68937.08,68950.68250000001,68947.54000000001,-19.05999999999767,-3.7299999999959255,-6.242499999993015,9.872500000012224,-7.629999999990105,6.730000000010477
KXBTC15M-26AUG192330-30,68940.81,68923.26,no,68937.08,68950.68250000001,68947.54000000001,68915.26,68941.2125,68936.985,-3.7299999999959255,-8.0,9.872500000012224,17.952499999999418,6.730000000010477,13.72500000000582
KXBTC15M-26AUG192345-45,68923.26,69107.63,yes,68915.26,68941.2125,68936.985,69136.55,69111.5625,69117.135,-8.0,28.919999999998254,17.952499999999418,3.9324999999953434,13.72500000000582,9.504999999990105
KXBTC15M-26AUG200000-00,69107.63,69131.61,yes,69136.55,69111.5625,69117.135,69139.99,69136.5825,69131.64,28.919999999998254,8.380000000004657,3.9324999999953434,4.9725000000034925,9.504999999990105,0.029999999998835847
KXBTC15M-26AUG200015-15,69131.61,69305.38,yes,69139.99,69136.5825,69131.64,69323.19,69307.55,69307.595,8.380000000004657,17.80999999999767,4.9725000000034925,2.1699999999982538,0.029999999998835847,2.2149999999965075
KXBTC15M-26AUG200030-30,69305.38,69304.97,no,69323.19,69307.55,69307.595,69308.4,69305.9825,69302.52,17.80999999999767,3.429999999993015,2.1699999999982538,1.0124999999970896,2.2149999999965075,-2.4499999999970896
KXBTC15M-26AUG200045-45,69304.97,69293.91,no,69308.4,69305.9825,69302.52,69291.58,69293.69750000001,69291.185,3.429999999993015,-2.3300000000017462,1.0124999999970896,-0.21249999999417923,-2.4499999999970896,-2.7250000000058208
KXBTC15M-26AUG200100-00,69293.91,69448.7,yes,69291.58,69293.69750000001,69291.185,69442.52,69452.2675,69452.27,-2.3300000000017462,-6.179999999993015,-0.21249999999417923,3.5675000000046566,-2.7250000000058208,3.570000000006985
KXBTC15M-26AUG200115-15,69448.7,69423.82,no,69442.52,69452.2675,69452.27,69419.98,69428.6725,69428.79000000001,-6.179999999993015,-3.8400000000110595,3.5675000000046566,4.852499999993597,3.570000000006985,4.970000000001164
KXBTC15M-26AUG200130-30,69423.82,69578.87,yes,69419.98,69428.6725,69428.79000000001,69540.0,69571.2125,69573.88500000001,-3.8400000000110595,-38.86999999999534,4.852499999993597,-7.657500000001164,4.970000000001164,-4.98499999998603
KXBTC15M-26AUG200145-45,69578.87,69510.87,no,69540.0,69571.2125,69573.88500000001,69512.0,69511.80249999999,69512.29000000001,-38.86999999999534,1.1300000000046566,-7.657500000001164,0.9324999999953434,-4.98499999998603,1.4200000000128057
KXBTC15M-26AUG200200-00,69510.87,69363.2,no,69512.0,69511.80249999999,69512.29000000001,69374.89,69368.58,69368.66500000001,1.1300000000046566,11.690000000002328,0.9324999999953434,5.380000000004657,1.4200000000128057,5.4650000000110595
KXBTC15M-26AUG200215-15,69363.2,69352.19,no,69374.89,69368.58,69368.66500000001,69335.0,69350.67,69353.845,11.690000000002328,-17.19000000000233,5.380000000004657,-1.5200000000040745,5.4650000000110595,1.6549999999988358
KXBTC15M-26AUG200230-30,69352.19,69541.71,yes,69335.0,69350.67,69353.845,69558.43,69534.42,69534.42,-17.19000000000233,16.719999999986612,-1.5200000000040745,-7.290000000008149,1.6549999999988358,-7.290000000008149
KXBTC15M-26AUG200245-45,69541.71,69732.86,yes,69558.43,69534.42,69534.42,69736.05,69739.375,69742.95999999999,16.719999999986612,3.1900000000023283,-7.290000000008149,6.514999999999418,-7.290000000008149,10.099999999991269
KXBTC15M-26AUG200515-15,71564.62,71877.6,yes,71527.94,71559.685,71561.28,71875.92,71874.5175,71880.695,-36.679999999993015,-1.680000000007567,-4.934999999997672,-3.0825000000040745,-3.3399999999965075,3.095000000001164
KXBTC15M-26AUG200530-30,71877.6,71804.18,no,71875.92,71874.5175,71880.695,71764.57,71806.325,71806.325,-1.680000000007567,-39.60999999998603,-3.0825000000040745,2.1450000000040745,3.095000000001164,2.1450000000040745
KXBTC15M-26AUG200545-45,71804.18,71933.75,yes,71764.57,71806.325,71806.325,71935.08,71915.57,71920.42,-39.60999999998603,1.3300000000017462,2.1450000000040745,-18.179999999993015,2.1450000000040745,-13.330000000001746
KXBTC15M-26AUG200600-00,71933.75,71725.76,no,71935.08,71915.57,71920.42,71738.04,71731.13,71723.14499999999,1.3300000000017462,12.279999999998836,-18.179999999993015,5.370000000009895,-13.330000000001746,-2.6150000000052387
KXBTC15M-26AUG200615-15,71725.76,71963.16,yes,71738.04,71731.13,71723.14499999999,72075.17,72019.125,72023.16500000001,12.279999999998836,112.00999999999476,5.370000000009895,55.96499999999651,-2.6150000000052387,60.00500000000466
KXBTC15M-26AUG200630-30,71963.16,71976.85,yes,72075.17,72019.125,72023.16500000001,71983.49,71973.0925,71969.5,112.00999999999476,6.639999999999418,55.96499999999651,-3.757500000006985,60.00500000000466,-7.350000000005821
KXBTC15M-26AUG200645-45,71976.85,71757.91,no,71983.49,71973.0925,71969.5,71747.15,71753.51000000001,71751.895,6.639999999999418,-10.760000000009313,-3.757500000006985,-4.399999999994179,-7.350000000005821,-6.014999999999418
KXBTC15M-26AUG200700-00,71757.91,71928.26,yes,71747.15,71753.51000000001,71751.895,71943.6,71930.85500000001,71930.205,-10.760000000009313,15.34000000001106,-4.399999999994179,2.595000000015716,-6.014999999999418,1.945000000006985
KXBTC15M-26AUG200715-15,71928.26,71879.04,no,71943.6,71930.85500000001,71930.205,71938.55,71893.61750000001,71886.35500000001,15.34000000001106,59.51000000000931,2.595000000015716,14.57750000001397,1.945000000006985,7.31500000001688
KXBTC15M-26AUG200730-30,71879.04,71863.3,no,71938.55,71893.61750000001,71886.35500000001,71841.13,71855.25,71858.58499999999,59.51000000000931,-22.169999999998254,14.57750000001397,-8.05000000000291,7.31500000001688,-4.7150000000110595
KXBTC15M-26AUG200745-45,71863.3,72127.71,yes,71841.13,71855.25,71858.58499999999,72109.08,72126.99500000001,72119.4,-22.169999999998254,-18.630000000004657,-8.05000000000291,-0.7149999999965075,-4.7150000000110595,-8.310000000012224
KXBTC15M-26AUG200800-00,72127.71,71859.88,no,72109.08,72126.99500000001,72119.4,71870.11,71863.655,71859.64499999999,-18.630000000004657,10.229999999995925,-0.7149999999965075,3.7749999999941792,-8.310000000012224,-0.235000000015134
KXBTC15M-26AUG200815-15,71859.88,71757.16,no,71870.11,71863.655,71859.64499999999,71730.46,71748.4425,71760.07,10.229999999995925,-26.69999999999709,3.7749999999941792,-8.717499999998836,-0.235000000015134,2.9100000000034925
KXBTC15M-26AUG200830-30,71757.16,71781.99,yes,71730.46,71748.4425,71760.07,71788.96,71784.2575,71785.345,-26.69999999999709,6.970000000001164,-8.717499999998836,2.2675000000017462,2.9100000000034925,3.3549999999959255
KXBTC15M-26AUG200845-45,71781.99,71645.5,no,71788.96,71784.2575,71785.345,71627.57,71662.3125,71656.54000000001,6.970000000001164,-17.929999999993015,2.2675000000017462,16.8125,3.3549999999959255,11.040000000008149
KXBTC15M-26AUG200900-00,71645.5,71881.97,yes,71627.57,71662.3125,71656.54000000001,71897.77,71880.735,71877.07500000001,-17.929999999993015,15.80000000000291,16.8125,-1.235000000000582,11.040000000008149,-4.894999999989523
KXBTC15M-26AUG200915-15,71881.97,71975.1,yes,71897.77,71880.735,71877.07500000001,72004.47,71983.91750000001,71979.735,15.80000000000291,29.369999999995343,-1.235000000000582,8.817500000004657,-4.894999999989523,4.634999999994761
KXBTC15M-26AUG200930-30,71975.1,71890.71,no,72004.47,71983.91750000001,71979.735,71906.97,71880.04000000001,71885.01999999999,29.369999999995343,16.25999999999476,8.817500000004657,-10.669999999998254,4.634999999994761,-5.69000000001688
KXBTC15M-26AUG200945-45,71890.71,71589.68,no,71906.97,71880.04000000001,71885.01999999999,71624.17,71602.7625,71594.685,16.25999999999476,34.49000000000524,-10.669999999998254,13.082500000004075,-5.69000000001688,5.005000000004657
KXBTC15M-26AUG201000-00,71589.68,71613.87,yes,71624.17,71602.7625,71594.685,71649.71,71623.14,71616.655,34.49000000000524,35.84000000001106,13.082500000004075,9.270000000004075,5.005000000004657,2.7850000000034925
KXBTC15M-26AUG201015-15,71613.87,71820.88,yes,71649.71,71623.14,71616.655,71769.83,71796.9575,71804.1,35.84000000001106,-51.05000000000291,9.270000000004075,-23.922500000000582,2.7850000000034925,-16.779999999998836
KXBTC15M-26AUG201030-30,71820.88,71422.6,no,71769.83,71796.9575,71804.1,71399.86,71403.50499999999,71393.575,-51.05000000000291,-22.74000000000524,-23.922500000000582,-19.095000000015716,-16.779999999998836,-29.02500000000873
KXBTC15M-26AUG201045-45,71422.6,71490.97,yes,71399.86,71403.50499999999,71393.575,71496.6,71488.80500000001,71484.495,-22.74000000000524,5.630000000004657,-19.095000000015716,-2.164999999993597,-29.02500000000873,-6.475000000005821
KXBTC15M-26AUG201100-00,71490.97,71735.63,yes,71496.6,71488.80500000001,71484.495,71780.32,71735.965,71736.72,5.630000000004657,44.69000000000233,-2.164999999993597,0.3349999999918509,-6.475000000005821,1.0899999999965075
KXBTC15M-26AUG201115-15,71735.63,72221.09,yes,71780.32,71735.965,71736.72,72205.64,72225.7675,72226.11,44.69000000000233,-15.44999999999709,0.3349999999918509,4.677500000005239,1.0899999999965075,5.0200000000040745
KXBTC15M-26AUG201130-30,72221.09,72339.61,yes,72205.64,72225.7675,72226.11,72376.78,72334.67749999999,72333.76000000001,-15.44999999999709,37.169999999998254,4.677500000005239,-4.932500000009895,5.0200000000040745,-5.849999999991269
KXBTC15M-26AUG201145-45,72339.61,72253.99,no,72376.78,72334.67749999999,72333.76000000001,72203.04,72239.87,72241.905,37.169999999998254,-50.95000000001164,-4.932500000009895,-14.120000000009895,-5.849999999991269,-12.085000000006403
KXBTC15M-26AUG201200-00,72253.99,72442.42,yes,72203.04,72239.87,72241.905,72429.27,72448.3975,72445.79000000001,-50.95000000001164,-13.14999999999418,-14.120000000009895,5.977500000008149,-12.085000000006403,3.3700000000098953
KXBTC15M-26AUG201215-15,72442.42,72292.99,no,72429.27,72448.3975,72445.79000000001,72279.59,72304.0,72293.33,-13.14999999999418,-13.400000000008731,5.977500000008149,11.009999999994761,3.3700000000098953,0.33999999999650754
KXBTC15M-26AUG201230-30,72292.99,72377.26,yes,72279.59,72304.0,72293.33,72379.81,72376.745,72377.825,-13.400000000008731,2.5500000000029104,11.009999999994761,-0.5149999999994179,0.33999999999650754,0.5650000000023283
KXBTC15M-26AUG201245-45,72377.26,72600.01,yes,72379.81,72376.745,72377.825,72606.73,72625.68000000001,72615.245,2.5500000000029104,6.720000000001164,-0.5149999999994179,25.670000000012806,0.5650000000023283,15.235000000000582
KXBTC15M-26AUG201300-00,72600.01,72808.13,yes,72606.73,72625.68000000001,72615.245,72808.56,72801.6325,72818.98,6.720000000001164,0.4299999999930151,25.670000000012806,-6.497499999997672,15.235000000000582,10.849999999991269
KXBTC15M-26AUG201315-15,72808.13,72668.25,no,72808.56,72801.6325,72818.98,72668.47,72658.3775,72651.75,0.4299999999930151,0.22000000000116415,-6.497499999997672,-9.872499999997672,10.849999999991269,-16.5
KXBTC15M-26AUG201330-30,72668.25,72803.87,yes,72668.47,72658.3775,72651.75,72790.92,72799.12999999999,72808.965,0.22000000000116415,-12.94999999999709,-9.872499999997672,-4.740000000005239,-16.5,5.095000000001164
KXBTC15M-26AUG201345-45,72803.87,72735.03,no,72790.92,72799.12999999999,72808.965,72737.21,72728.9475,72728.52,-12.94999999999709,2.180000000007567,-4.740000000005239,-6.0825000000040745,5.095000000001164,-6.509999999994761
KXBTC15M-26AUG201400-00,72735.03,72801.09,yes,72737.21,72728.9475,72728.52,72720.26,72776.89,72775.455,2.180000000007567,-80.83000000000175,-6.0825000000040745,-24.19999999999709,-6.509999999994761,-25.63499999999476
KXBTC15M-26AUG201415-15,72801.09,72592.05,no,72720.26,72776.89,72775.455,72593.93,72574.2375,72571.73000000001,-80.83000000000175,1.8799999999901047,-24.19999999999709,-17.8125,-25.63499999999476,-20.319999999992433
KXBTC15M-26AUG201430-30,72592.05,72684.15,yes,72593.93,72574.2375,72571.73000000001,72669.91,72680.2825,72683.97,1.8799999999901047,-14.239999999990687,-17.8125,-3.867499999993015,-20.319999999992433,-0.17999999999301508
KXBTC15M-26AUG201445-45,72684.15,72480.08,no,72669.91,72680.2825,72683.97,72481.44,72473.75,72471.57500000001,-14.239999999990687,1.360000000000582,-3.867499999993015,-6.330000000001746,-0.17999999999301508,-8.504999999990105
KXBTC15M-26AUG201500-00,72480.08,72427.75,no,72481.44,72473.75,72471.57500000001,72410.92,72422.23749999999,72420.51000000001,1.360000000000582,-16.830000000001746,-6.330000000001746,-5.5125000000116415,-8.504999999990105,-7.239999999990687
KXBTC15M-26AUG201515-15,72427.75,72476.28,yes,72410.92,72422.23749999999,72420.51000000001,72466.77,72470.755,72475.995,-16.830000000001746,-9.509999999994761,-5.5125000000116415,-5.524999999994179,-7.239999999990687,-0.28500000000349246
KXBTC15M-26AUG201530-30,72476.28,72601.71,yes,72466.77,72470.755,72475.995,72592.81,72598.5625,72603.60500000001,-9.509999999994761,-8.900000000008731,-5.524999999994179,-3.147500000006403,-0.28500000000349246,1.8950000000040745
KXBTC15M-26AUG201545-45,72601.71,72730.23,yes,72592.81,72598.5625,72603.60500000001,72712.36,72725.83249999999,72723.51999999999,-8.900000000008731,-17.869999999995343,-3.147500000006403,-4.397500000006403,1.8950000000040745,-6.710000000006403
KXBTC15M-26AUG201600-00,72730.23,72648.85,no,72712.36,72725.83249999999,72723.51999999999,72669.36,72661.84999999999,72647.29500000001,-17.869999999995343,20.50999999999476,-4.397500000006403,12.999999999985448,-6.710000000006403,-1.554999999993015
KXBTC15M-26AUG201615-15,72648.85,72682.26,yes,72669.36,72661.84999999999,72647.29500000001,72686.75,72678.4,72678.06,20.50999999999476,4.490000000005239,12.999999999985448,-3.860000000000582,-1.554999999993015,-4.19999999999709
KXBTC15M-26AUG201630-30,72682.26,72826.19,yes,72686.75,72678.4,72678.06,72826.3,72833.6275,72830.34,4.490000000005239,0.11000000000058208,-3.860000000000582,7.4375,-4.19999999999709,4.149999999994179
KXBTC15M-26AUG201645-45,72826.19,72779.83,no,72826.3,72833.6275,72830.34,72756.35,72766.4575,72771.34,0.11000000000058208,-23.479999999995925,7.4375,-13.372499999997672,4.149999999994179,-8.490000000005239
KXBTC15M-26AUG201700-00,72779.83,72659.26,no,72756.35,72766.4575,72771.34,72660.23,72660.86499999999,72658.64,-23.479999999995925,0.9700000000011642,-13.372499999997672,1.6049999999959255,-8.490000000005239,-0.6199999999953434
KXBTC15M-26AUG201715-15,72659.26,72678.58,yes,72660.23,72660.86499999999,72658.64,72683.27,72669.43250000001,72667.785,0.9700000000011642,4.690000000002328,1.6049999999959255,-9.147499999991851,-0.6199999999953434,-10.794999999998254
KXBTC15M-26AUG201730-30,72678.58,72646.68,no,72683.27,72669.43250000001,72667.785,72648.46,72644.385,72642.405,4.690000000002328,1.7800000000133878,-9.147499999991851,-2.2949999999982538,-10.794999999998254,-4.274999999994179
KXBTC15M-26AUG201745-45,72646.68,72721.34,yes,72648.46,72644.385,72642.405,72728.51,72718.2575,72720.13500000001,1.7800000000133878,7.169999999998254,-2.2949999999982538,-3.0824999999895226,-4.274999999994179,-1.2049999999871943
KXBTC15M-26AUG201800-00,72721.34,72726.18,yes,72728.51,72718.2575,72720.13500000001,72725.63,72716.3825,72715.525,7.169999999998254,-0.5499999999883585,-3.0824999999895226,-9.79749999998603,-1.2049999999871943,-10.654999999998836
KXBTC15M-26AUG201815-15,72726.18,72608.36,no,72725.63,72716.3825,72715.525,72589.33,72594.7825,72598.61,-0.5499999999883585,-19.029999999998836,-9.79749999998603,-13.577499999999418,-10.654999999998836,-9.75
KXBTC15M-26AUG201830-30,72608.36,72772.9,yes,72589.33,72594.7825,72598.61,72785.01,72763.885,72764.025,-19.029999999998836,12.110000000000582,-13.577499999999418,-9.014999999999418,-9.75,-8.875
KXBTC15M-26AUG201845-45,72772.9,72691.7,no,72785.01,72763.885,72764.025,72670.75,72687.4525,72687.45000000001,12.110000000000582,-20.94999999999709,-9.014999999999418,-4.247499999997672,-8.875,-4.249999999985448
KXBTC15M-26AUG201900-00,72691.7,72672.12,no,72670.75,72687.4525,72687.45000000001,72665.07,72671.8575,72674.045,-20.94999999999709,-7.0499999999883585,-4.247499999997672,-0.2624999999970896,-4.249999999985448,1.9250000000029104
KXBTC15M-26AUG201915-15,72672.12,72880.13,yes,72665.07,72671.8575,72674.045,72913.66,72896.11000000002,72895.39499999999,-7.0499999999883585,33.529999999998836,-0.2624999999970896,15.980000000010477,1.9250000000029104,15.264999999984866
KXBTC15M-26AUG201930-30,72880.13,73256.57,yes,72913.66,72896.11000000002,72895.39499999999,73207.47,73261.57500000001,73256.91,33.529999999998836,-49.10000000000582,15.980000000010477,5.005000000004657,15.264999999984866,0.33999999999650754
KXBTC15M-26AUG201945-45,73256.57,73115.68,no,73207.47,73261.57500000001,73256.91,73090.44,73103.3625,73115.715,-49.10000000000582,-25.239999999990687,5.005000000004657,-12.317499999990105,0.33999999999650754,0.03500000000349246
KXBTC15M-26AUG202000-00,73115.68,73027.55,no,73090.44,73103.3625,73115.715,73011.87,73023.1175,73023.85,-25.239999999990687,-15.680000000007567,-12.317499999990105,-4.432500000009895,0.03500000000349246,-3.6999999999970896
KXBTC15M-26AUG202015-15,73027.55,73382.82,yes,73011.87,73023.1175,73023.85,73474.96,73382.49,73372.66,-15.680000000007567,92.13999999999942,-4.432500000009895,-0.33000000000174623,-3.6999999999970896,-10.160000000003492
KXBTC15M-26AUG202030-30,73382.82,73777.51,yes,73474.96,73382.49,73372.66,73699.43,73763.7975,73752.045,92.13999999999942,-78.08000000000175,-0.33000000000174623,-13.71249999999418,-10.160000000003492,-25.464999999996508
KXBTC15M-26AUG202045-45,73777.51,73695.37,no,73699.43,73763.7975,73752.045,73669.56,73681.95999999999,73684.63500000001,-78.08000000000175,-25.80999999999767,-13.71249999999418,-13.410000000003492,-25.464999999996508,-10.73499999998603
KXBTC15M-26AUG202100-00,73695.37,73686.15,no,73669.56,73681.95999999999,73684.63500000001,73683.35,73684.8375,73680.41500000001,-25.80999999999767,-2.7999999999883585,-13.410000000003492,-1.3125,-10.73499999998603,-5.73499999998603
KXBTC15M-26AUG202115-15,73686.15,73934.49,yes,73683.35,73684.8375,73680.41500000001,73971.68,73950.795,73939.005,-2.7999999999883585,37.189999999987776,-1.3125,16.304999999993015,-5.73499999998603,4.514999999999418
KXBTC15M-26AUG202130-30,73934.49,74740.37,yes,73971.68,73950.795,73939.005,74701.95,74726.7325,74740.095,37.189999999987776,-38.419999999998254,16.304999999993015,-13.63749999999709,4.514999999999418,-0.27499999999417923
KXBTC15M-26AUG202145-45,74740.37,74728.52,no,74701.95,74726.7325,74740.095,74718.44,74729.22,74724.225,-38.419999999998254,-10.080000000001746,-13.63749999999709,0.6999999999970896,-0.27499999999417923,-4.294999999998254
KXBTC15M-26AUG202200-00,74728.52,75123.1,yes,74718.44,74729.22,74724.225,75101.88,75117.2475,75114.735,-10.080000000001746,-21.220000000001164,0.6999999999970896,-5.852500000008149,-4.294999999998254,-8.365000000005239
KXBTC15M-26AUG202215-15,75123.1,74794.17,no,75101.88,75117.2475,75114.735,74852.38,74800.9675,74795.13,-21.220000000001164,58.2100000000064,-5.852500000008149,6.797500000000582,-8.365000000005239,0.9600000000064028
KXBTC15M-26AUG202230-30,74794.17,74921.37,yes,74852.38,74800.9675,74795.13,74941.13,74920.8725,74926.635,58.2100000000064,19.760000000009313,6.797500000000582,-0.4974999999976717,0.9600000000064028,5.264999999999418
KXBTC15M-26AUG202245-45,74921.37,74687.72,no,74941.13,74920.8725,74926.635,74683.53,74683.16500000001,74684.56,19.760000000009313,-4.190000000002328,-0.4974999999976717,-4.554999999993015,5.264999999999418,-3.1600000000034925
KXBTC15M-26AUG202300-00,74687.72,74384.57,no,74683.53,74683.16500000001,74684.56,74407.62,74383.2125,74380.51999999999,-4.190000000002328,23.04999999998836,-4.554999999993015,-1.3575000000128057,-3.1600000000034925,-4.050000000017462
KXBTC15M-26AUG202315-15,74384.57,74430.07,yes,74407.62,74383.2125,74380.51999999999,74419.8,74427.875,74425.515,23.04999999998836,-10.270000000004075,-1.3575000000128057,-2.195000000006985,-4.050000000017462,-4.555000000007567
KXBTC15M-26AUG202330-30,74430.07,74573.47,yes,74419.8,74427.875,74425.515,74576.38,74569.0825,74566.995,-10.270000000004075,2.9100000000034925,-2.195000000006985,-4.38749999999709,-4.555000000007567,-6.475000000005821
KXBTC15M-26AUG202345-45,74573.47,74642.66,yes,74576.38,74569.0825,74566.995,74635.57,74637.225,74652.485,2.9100000000034925,-7.0899999999965075,-4.38749999999709,-5.434999999997672,-6.475000000005821,9.82499999999709
KXBTC15M-26AUG210000-00,74642.66,74529.01,no,74635.57,74637.225,74652.485,74478.95,74514.955,74515.89000000001,-7.0899999999965075,-50.05999999999767,-5.434999999997672,-14.054999999993015,9.82499999999709,-13.119999999980791
KXBTC15M-26AUG210015-15,74529.01,74824.38,yes,74478.95,74514.955,74515.89000000001,74842.58,74826.72,74822.16,-50.05999999999767,18.19999999999709,-14.054999999993015,2.3399999999965075,-13.119999999980791,-2.220000000001164
KXBTC15M-26AUG210030-30,74824.38,74778.66,no,74842.58,74826.72,74822.16,74793.41,74787.54250000001,74777.075,18.19999999999709,14.75,2.3399999999965075,8.882500000006985,-2.220000000001164,-1.5850000000064028
KXBTC15M-26AUG210045-45,74778.66,74927.12,yes,74793.41,74787.54250000001,74777.075,74929.0,74921.935,74922.92,14.75,1.8800000000046566,8.882500000006985,-5.184999999997672,-1.5850000000064028,-4.19999999999709
KXBTC15M-26AUG210100-00,74927.12,74985.12,yes,74929.0,74921.935,74922.92,74999.99,74986.14749999999,74985.005,1.8800000000046566,14.870000000009895,-5.184999999997672,1.0274999999965075,-4.19999999999709,-0.11499999999068677
KXBTC15M-26AUG210115-15,74985.12,75273.71,yes,74999.99,74986.14749999999,74985.005,75292.24,75276.4975,75283.38,14.870000000009895,18.529999999998836,1.0274999999965075,2.787499999991269,-0.11499999999068677,9.669999999998254
KXBTC15M-26AUG210130-30,75273.71,75220.96,no,75292.24,75276.4975,75283.38,75174.95,75213.0325,75211.1,18.529999999998836,-46.01000000000931,2.787499999991269,-7.927500000005239,9.669999999998254,-9.860000000000582
KXBTC15M-26AUG210145-45,75220.96,75263.46,yes,75174.95,75213.0325,75211.1,75244.56,75241.92749999999,75251.98999999999,-46.01000000000931,-18.90000000000873,-7.927500000005239,-21.532500000015716,-9.860000000000582,-11.470000000015716
KXBTC15M-26AUG210200-00,75263.46,75400.57,yes,75244.56,75241.92749999999,75251.98999999999,75438.09,75401.5975,75402.18,-18.90000000000873,37.51999999998952,-21.532500000015716,1.0274999999965075,-11.470000000015716,1.6099999999860302
KXBTC15M-26AUG210215-15,75400.57,75268.03,no,75438.09,75401.5975,75402.18,75261.58,75265.44,75265.435,37.51999999998952,-6.44999999999709,1.0274999999965075,-2.5899999999965075,1.6099999999860302,-2.595000000001164
KXBTC15M-26AUG210230-30,75268.03,75339.7,yes,75261.58,75265.44,75265.435,75302.85,75331.345,75333.29999999999,-6.44999999999709,-36.84999999999127,-2.5899999999965075,-8.354999999995925,-2.595000000001164,-6.400000000008731
KXBTC15M-26AUG210245-45,75339.7,75415.93,yes,75302.85,75331.345,75333.29999999999,75359.41,75388.63750000001,75410.91,-36.84999999999127,-56.51999999998952,-8.354999999995925,-27.292499999981374,-6.400000000008731,-5.019999999989523
KXBTC15M-26AUG210300-00,75415.93,75592.97,yes,75359.41,75388.63750000001,75410.91,75615.79,75593.0,75593.485,-56.51999999998952,22.819999999992433,-27.292499999981374,0.029999999998835847,-5.019999999989523,0.5149999999994179
KXBTC15M-26AUG210315-15,75592.97,75870.41,yes,75615.79,75593.0,75593.485,75931.33,75894.6,75884.565,22.819999999992433,60.919999999998254,0.029999999998835847,24.19000000000233,0.5149999999994179,14.154999999998836
KXBTC15M-26AUG210330-30,75870.41,76390.77,yes,75931.33,75894.6,75884.565,76373.5,76375.6675,76391.84,60.919999999998254,-17.270000000004075,24.19000000000233,-15.102500000008149,14.154999999998836,1.069999999992433
KXBTC15M-26AUG210345-45,76390.77,76591.82,yes,76373.5,76375.6675,76391.84,76557.02,76606.545,76602.29999999999,-17.270000000004075,-34.80000000000291,-15.102500000008149,14.724999999991269,1.069999999992433,10.479999999981374
KXBTC15M-26AUG210400-00,76591.82,76217.37,no,76557.02,76606.545,76602.29999999999,76288.2,76232.1175,76222.385,-34.80000000000291,70.83000000000175,14.724999999991269,14.747499999997672,10.479999999981374,5.014999999999418
KXBTC15M-26AUG210415-15,76217.37,76918.52,yes,76288.2,76232.1175,76222.385,76866.02,76966.0,77002.655,70.83000000000175,-52.5,14.747499999997672,47.479999999995925,5.014999999999418,84.13499999999476
KXBTC15M-26AUG210430-30,76918.52,77153.03,yes,76866.02,76966.0,77002.655,77206.51,77119.2075,77112.655,-52.5,53.479999999995925,47.479999999995925,-33.82249999999476,84.13499999999476,-40.375
KXBTC15M-26AUG210445-45,77153.03,77675.89,yes,77206.51,77119.2075,77112.655,77633.93,77648.6475,77675.875,53.479999999995925,-41.9600000000064,-33.82249999999476,-27.242499999993015,-40.375,-0.014999999999417923
KXBTC15M-26AUG210500-00,77675.89,79236.21,yes,77633.93,77648.6475,77675.875,79242.47,79277.30249999999,79311.01000000001,-41.9600000000064,6.259999999994761,-27.242499999993015,41.092499999984284,-0.014999999999417923,74.80000000000291
KXBTC15M-26AUG210515-15,79236.21,77975.8,no,79242.47,79277.30249999999,79311.01000000001,77874.26,77987.4575,77981.6,6.259999999994761,-101.54000000000815,41.092499999984284,11.657500000001164,74.80000000000291,5.80000000000291
KXBTC15M-26AUG210530-30,77975.8,77699.8,no,77874.26,77987.4575,77981.6,77692.43,77723.7175,77718.83499999999,-101.54000000000815,-7.370000000009895,11.657500000001164,23.917499999995925,5.80000000000291,19.03499999998894
KXBTC15M-26AUG210545-45,77699.8,78274.49,yes,77692.43,77723.7175,77718.83499999999,78176.99,78237.745,78261.355,-7.370000000009895,-97.5,23.917499999995925,-36.745000000009895,19.03499999998894,-13.135000000009313
KXBTC15M-26AUG210600-00,78274.49,77850.88,no,78176.99,78237.745,78261.355,77888.17,77805.5925,77807.68,-97.5,37.2899999999936,-36.745000000009895,-45.28750000000582,-13.135000000009313,-43.20000000001164
KXBTC15M-26AUG210615-15,77850.88,78060.16,yes,77888.17,77805.5925,77807.68,78032.04,78050.23999999999,78053.735,37.2899999999936,-28.120000000009895,-45.28750000000582,-9.920000000012806,-43.20000000001164,-6.42500000000291
KXBTC15M-26AUG210630-30,78060.16,77878.67,no,78032.04,78050.23999999999,78053.735,77905.23,77871.575,77871.95999999999,-28.120000000009895,26.55999999999767,-9.920000000012806,-7.095000000001164,-6.42500000000291,-6.710000000006403
KXBTC15M-26AUG210645-45,77878.67,77829.98,no,77905.23,77871.575,77871.95999999999,77828.58,77821.1825,77819.56,26.55999999999767,-1.3999999999941792,-7.095000000001164,-8.797500000000582,-6.710000000006403,-10.419999999998254
KXBTC15M-26AUG210700-00,77829.98,77799.14,no,77828.58,77821.1825,77819.56,77797.93,77795.5275,77788.7,-1.3999999999941792,-1.2100000000064028,-8.797500000000582,-3.6125000000029104,-10.419999999998254,-10.440000000002328
KXBTC15M-26AUG210715-15,77799.14,77461.07,no,77797.93,77795.5275,77788.7,77520.47,77438.6375,77435.035,-1.2100000000064028,59.39999999999418,-3.6125000000029104,-22.432500000009895,-10.440000000002328,-26.035000000003492
KXBTC15M-26AUG210730-30,77461.07,77395.65,no,77520.47,77438.6375,77435.035,77391.15,77391.54250000001,77398.62,59.39999999999418,-4.5,-22.432500000009895,-4.107499999983702,-26.035000000003492,2.970000000001164
KXBTC15M-26AUG210745-45,77395.65,76813.01,no,77391.15,77391.54250000001,77398.62,76809.21,76813.485,76806.65,-4.5,-3.7999999999883585,-4.107499999983702,0.47500000000582077,2.970000000001164,-6.360000000000582
KXBTC15M-26AUG210800-00,76813.01,76688.03,no,76809.21,76813.485,76806.65,76709.62,76701.1575,76686.995,-3.7999999999883585,21.589999999996508,0.47500000000582077,13.127500000002328,-6.360000000000582,-1.0350000000034925
KXBTC15M-26AUG210815-15,76688.03,76949.73,yes,76709.62,76701.1575,76686.995,76901.3,76937.5275,76944.44,21.589999999996508,-48.429999999993015,13.127500000002328,-12.202499999999418,-1.0350000000034925,-5.289999999993597
KXBTC15M-26AUG210830-30,76949.73,76692.26,no,76901.3,76937.5275,76944.44,76668.4,76688.33249999999,76685.16500000001,-48.429999999993015,-23.860000000000582,-12.202499999999418,-3.9275000000052387,-5.289999999993597,-7.094999999986612
KXBTC15M-26AUG210845-45,76692.26,77402.41,yes,76668.4,76688.33249999999,76685.16500000001,77413.8,77387.98499999999,77391.57999999999,-23.860000000000582,11.389999999999418,-3.9275000000052387,-14.425000000017462,-7.094999999986612,-10.830000000016298
KXBTC15M-26AUG210900-00,77402.41,77166.23,no,77413.8,77387.98499999999,77391.57999999999,77199.99,77173.485,77173.485,11.389999999999418,33.76000000000931,-14.425000000017462,7.255000000004657,-10.830000000016298,7.255000000004657
KXBTC15M-26AUG210915-15,77166.23,77130.29,no,77199.99,77173.485,77173.485,77168.1,77131.49000000002,77130.99,33.76000000000931,37.810000000012224,7.255000000004657,1.2000000000261934,7.255000000004657,0.7000000000116415
KXBTC15M-26AUG210930-30,77130.29,77066.55,no,77168.1,77131.49000000002,77130.99,77065.22,77060.44,77063.245,37.810000000012224,-1.3300000000017462,1.2000000000261934,-6.110000000000582,0.7000000000116415,-3.305000000007567
KXBTC15M-26AUG210945-45,77066.55,77252.35,yes,77065.22,77060.44,77063.245,77289.09,77253.35250000001,77244.89499999999,-1.3300000000017462,36.73999999999069,-6.110000000000582,1.0025000000023283,-3.305000000007567,-7.455000000016298
KXBTC15M-26AUG211000-00,77252.35,77286.26,yes,77289.09,77253.35250000001,77244.89499999999,77244.23,77227.00499999999,77246.395,36.73999999999069,-42.029999999998836,1.0025000000023283,-59.25500000000466,-7.455000000016298,-39.86499999999069
KXBTC15M-26AUG211015-15,77286.26,76756.98,no,77244.23,77227.00499999999,77246.395,76743.89,76770.155,76752.985,-42.029999999998836,-13.089999999996508,-59.25500000000466,13.17500000000291,-39.86499999999069,-3.9949999999953434
KXBTC15M-26AUG211030-30,76756.98,77084.47,yes,76743.89,76770.155,76752.985,77038.7,77070.15,77074.735,-13.089999999996508,-45.770000000004075,13.17500000000291,-14.320000000006985,-3.9949999999953434,-9.735000000000582
KXBTC15M-26AUG211045-45,77084.47,77103.14,yes,77038.7,77070.15,77074.735,77124.47,77104.6525,77095.61499999999,-45.770000000004075,21.330000000001746,-14.320000000006985,1.5124999999970896,-9.735000000000582,-7.525000000008731
KXBTC15M-26AUG211100-00,77103.14,77391.83,yes,77124.47,77104.6525,77095.61499999999,77363.82,77364.485,77382.06,21.330000000001746,-28.00999999999476,1.5124999999970896,-27.345000000001164,-7.525000000008731,-9.770000000004075
KXBTC15M-26AUG211115-15,77391.83,77696.26,yes,77363.82,77364.485,77382.06,77694.98,77700.42749999999,77714.07999999999,-28.00999999999476,-1.2799999999988358,-27.345000000001164,4.1674999999959255,-9.770000000004075,17.819999999992433
KXBTC15M-26AUG211130-30,77696.26,77626.34,no,77694.98,77700.42749999999,77714.07999999999,77599.47,77634.56,77633.355,-1.2799999999988358,-26.869999999995343,4.1674999999959255,8.220000000001164,17.819999999992433,7.014999999999418
KXBTC15M-26AUG211145-45,77626.34,77494.95,no,77599.47,77634.56,77633.355,77482.34,77501.025,77496.28,-26.869999999995343,-12.610000000000582,8.220000000001164,6.07499999999709,7.014999999999418,1.3300000000017462
KXBTC15M-26AUG211200-00,77494.95,77183.41,no,77482.34,77501.025,77496.28,77191.8,77200.0275,77185.44,-12.610000000000582,8.389999999999418,6.07499999999709,16.617499999993015,1.3300000000017462,2.029999999998836
KXBTC15M-26AUG211215-15,77183.41,76855.24,no,77191.8,77200.0275,77185.44,76818.31,76835.62,76847.1,8.389999999999418,-36.93000000000757,16.617499999993015,-19.620000000009895,2.029999999998836,-8.139999999999418
KXBTC15M-26AUG211230-30,76855.24,77331.18,yes,76818.31,76835.62,76847.1,77359.63,77332.495,77329.815,-36.93000000000757,28.45000000001164,-19.620000000009895,1.3150000000023283,-8.139999999999418,-1.3649999999906868
KXBTC15M-26AUG211245-45,77331.18,77315.17,no,77359.63,77332.495,77329.815,77335.25,77317.8725,77315.43,28.45000000001164,20.080000000001746,1.3150000000023283,2.702499999999418,-1.3649999999906868,0.2599999999947613
KXBTC15M-26AUG211300-00,77315.17,77474.17,yes,77335.25,77317.8725,77315.43,77451.34,77471.98500000002,77472.485,20.080000000001746,-22.830000000001746,2.702499999999418,-2.18499999998312,0.2599999999947613,-1.6849999999976717
KXBTC15M-26AUG211315-15,77474.17,77537.27,yes,77451.34,77471.98500000002,77472.485,77544.56,77531.14,77532.285,-22.830000000001746,7.289999999993597,-2.18499999998312,-6.130000000004657,-1.6849999999976717,-4.985000000000582
KXBTC15M-26AUG211330-30,77537.27,77526.62,no,77544.56,77531.14,77532.285,77540.18,77522.3025,77518.02,7.289999999993597,13.559999999997672,-6.130000000004657,-4.317499999990105,-4.985000000000582,-8.599999999991269
KXBTC15M-26AUG211345-45,77526.62,77358.09,no,77540.18,77522.3025,77518.02,77359.58,77361.645,77354.91500000001,13.559999999997672,1.4900000000052387,-4.317499999990105,3.555000000007567,-8.599999999991269,-3.1749999999883585
KXBTC15M-26AUG211400-00,77358.09,77383.9,yes,77359.58,77361.645,77354.91500000001,77375.0,77390.285,77388.07,1.4900000000052387,-8.89999999999418,3.555000000007567,6.385000000009313,-3.1749999999883585,4.170000000012806
KXBTC15M-26AUG211415-15,77383.9,77323.43,no,77375.0,77390.285,77388.07,77297.71,77321.1475,77321.195,-8.89999999999418,-25.719999999986612,6.385000000009313,-2.2824999999866122,4.170000000012806,-2.23499999998603
KXBTC15M-26AUG211430-30,77323.43,77383.62,yes,77297.71,77321.1475,77321.195,77360.07,77375.0625,77377.86,-25.719999999986612,-23.54999999998836,-2.2824999999866122,-8.557499999995343,-2.23499999998603,-5.759999999994761
KXBTC15M-26AUG211445-45,77383.62,76924.0,no,77360.07,77375.0625,77377.86,76909.46,76916.52,76903.185,-23.54999999998836,-14.539999999993597,-8.557499999995343,-7.4799999999959255,-5.759999999994761,-20.81500000000233
KXBTC15M-26AUG211500-00,76924.0,77080.25,yes,76909.46,76916.52,76903.185,77110.52,77073.7725,77068.5,-14.539999999993597,30.270000000004075,-7.4799999999959255,-6.477499999993597,-20.81500000000233,-11.75
KXBTC15M-26AUG211515-15,77080.25,77120.53,yes,77110.52,77073.7725,77068.5,77118.63,77115.47750000001,77119.0,30.270000000004075,-1.8999999999941792,-6.477499999993597,-5.052499999990687,-11.75,-1.5299999999988358
KXBTC15M-26AUG211530-30,77120.53,77278.83,yes,77118.63,77115.47750000001,77119.0,77298.23,77286.8,77284.935,-1.8999999999941792,19.39999999999418,-5.052499999990687,7.970000000001164,-1.5299999999988358,6.1049999999959255
KXBTC15M-26AUG211545-45,77278.83,77139.27,no,77298.23,77286.8,77284.935,77155.28,77142.85999999999,77137.535,19.39999999999418,16.00999999999476,7.970000000001164,3.5899999999819556,6.1049999999959255,-1.735000000000582
KXBTC15M-26AUG211600-00,77139.27,77015.17,no,77155.28,77142.85999999999,77137.535,77003.92,77009.32,77007.38,16.00999999999476,-11.25,3.5899999999819556,-5.849999999991269,-1.735000000000582,-7.789999999993597
KXBTC15M-26AUG211615-15,77015.17,77245.17,yes,77003.92,77009.32,77007.38,77251.22,77240.04500000001,77239.995,-11.25,6.05000000000291,-5.849999999991269,-5.124999999985448,-7.789999999993597,-5.17500000000291
KXBTC15M-26AUG211630-30,77245.17,77442.92,yes,77251.22,77240.04500000001,77239.995,77477.86,77443.4875,77433.54000000001,6.05000000000291,34.94000000000233,-5.124999999985448,0.5675000000046566,-5.17500000000291,-9.379999999990105
KXBTC15M-26AUG211645-45,77442.92,77474.51,yes,77477.86,77443.4875,77433.54000000001,77458.83,77475.21500000001,77482.51000000001,34.94000000000233,-15.679999999993015,0.5675000000046566,0.7050000000162981,-9.379999999990105,8.000000000014552
KXBTC15M-26AUG211700-00,77474.51,77482.98,yes,77458.83,77475.21500000001,77482.51000000001,77497.98,77489.3875,77482.04500000001,-15.679999999993015,15.0,0.7050000000162981,6.407500000001164,8.000000000014552,-0.9349999999831198
KXBTC15M-26AUG211715-15,77482.98,77731.29,yes,77497.98,77489.3875,77482.04500000001,77664.91,77704.42,77714.32,15.0,-66.3799999999901,6.407500000001164,-26.869999999995343,-0.9349999999831198,-16.969999999986612
KXBTC15M-26AUG211730-30,77731.29,78080.25,yes,77664.91,77704.42,77714.32,78079.74,78101.96,78087.305,-66.3799999999901,-0.5099999999947613,-26.869999999995343,21.710000000006403,-16.969999999986612,7.054999999993015
KXBTC15M-26AUG211745-45,78080.25,78210.35,yes,78079.74,78101.96,78087.305,78239.1,78221.245,78204.23000000001,-0.5099999999947613,28.75,21.710000000006403,10.894999999989523,7.054999999993015,-6.119999999995343
KXBTC15M-26AUG211800-00,78210.35,78470.77,yes,78239.1,78221.245,78204.23000000001,78495.4,78470.0,78470.44,28.75,24.629999999990105,10.894999999989523,-0.7700000000040745,-6.119999999995343,-0.33000000000174623
KXBTC15M-26AUG211815-15,78470.77,78678.46,yes,78495.4,78470.0,78470.44,78741.66,78700.91,78686.27,24.629999999990105,63.19999999999709,-0.7700000000040745,22.44999999999709,-0.33000000000174623,7.809999999997672
KXBTC15M-26AUG211830-30,78678.46,78473.49,no,78741.66,78700.91,78686.27,78495.85,78482.4675,78472.405,63.19999999999709,22.360000000000582,22.44999999999709,8.977499999993597,7.809999999997672,-1.0850000000064028
KXBTC15M-26AUG211845-45,78473.49,78509.48,yes,78495.85,78482.4675,78472.405,78502.12,78496.3375,78504.48,22.360000000000582,-7.360000000000582,8.977499999993597,-13.142500000001746,-1.0850000000064028,-5.0
KXBTC15M-26AUG211900-00,78509.48,78456.39,no,78502.12,78496.3375,78504.48,78451.34,78455.64,78452.54000000001,-7.360000000000582,-5.05000000000291,-13.142500000001746,-0.75,-5.0,-3.849999999991269
KXBTC15M-26AUG211915-15,78456.39,78519.89,yes,78451.34,78455.64,78452.54000000001,78536.67,78510.8125,78514.245,-5.05000000000291,16.779999999998836,-0.75,-9.077499999999418,-3.849999999991269,-5.6450000000040745
KXBTC15M-26AUG211930-30,78519.89,78402.57,no,78536.67,78510.8125,78514.245,78398.69,78399.25749999999,78403.745,16.779999999998836,-3.8800000000046566,-9.077499999999418,-3.312500000014552,-5.6450000000040745,1.1749999999883585
KXBTC15M-26AUG211945-45,78402.57,78344.82,no,78398.69,78399.25749999999,78403.745,78372.87,78338.87,78342.035,-3.8800000000046566,28.04999999998836,-3.312500000014552,-5.9500000000116415,1.1749999999883585,-2.7850000000034925
KXBTC15M-26AUG212000-00,78344.82,78333.09,no,78372.87,78338.87,78342.035,78325.54,78337.5325,78337.3,28.04999999998836,-7.55000000000291,-5.9500000000116415,4.442500000004657,-2.7850000000034925,4.210000000006403
KXBTC15M-26AUG212015-15,78333.09,77900.53,no,78325.54,78337.5325,78337.3,77904.65,77873.42499999999,77884.98999999999,-7.55000000000291,4.119999999995343,4.442500000004657,-27.105000000010477,4.210000000006403,-15.540000000008149
KXBTC15M-26AUG212030-30,77900.53,77972.66,yes,77904.65,77873.42499999999,77884.98999999999,77910.0,77983.985,77984.16500000001,4.119999999995343,-62.66000000000349,-27.105000000010477,11.32499999999709,-15.540000000008149,11.505000000004657
KXBTC15M-26AUG212045-45,77972.66,77824.05,no,77910.0,77983.985,77984.16500000001,77829.33,77809.79000000001,77805.86,-62.66000000000349,5.279999999998836,11.32499999999709,-14.259999999994761,11.505000000004657,-18.19000000000233
KXBTC15M-26AUG212100-00,77824.05,77933.41,yes,77829.33,77809.79000000001,77805.86,77934.35,77924.10500000001,77927.29000000001,5.279999999998836,0.9400000000023283,-14.259999999994761,-9.304999999993015,-18.19000000000233,-6.119999999995343
KXBTC15M-26AUG212115-15,77933.41,78110.55,yes,77934.35,77924.10500000001,77927.29000000001,78104.14,78128.405,78123.82,0.9400000000023283,-6.4100000000034925,-9.304999999993015,17.854999999995925,-6.119999999995343,13.270000000004075
KXBTC15M-26AUG212130-30,78110.55,78005.89,no,78104.14,78128.405,78123.82,77998.53,78005.2125,78003.225,-6.4100000000034925,-7.360000000000582,17.854999999995925,-0.6775000000052387,13.270000000004075,-2.664999999993597
KXBTC15M-26AUG212145-45,78005.89,77912.22,no,77998.53,78005.2125,78003.225,77913.56,77910.79000000001,77905.895,-7.360000000000582,1.3399999999965075,-0.6775000000052387,-1.429999999993015,-2.664999999993597,-6.32499999999709
KXBTC15M-26AUG212200-00,77912.22,77941.19,yes,77913.56,77910.79000000001,77905.895,77821.05,77899.7,77906.7,1.3399999999965075,-120.13999999999942,-1.429999999993015,-41.49000000000524,-6.32499999999709,-34.49000000000524
KXBTC15M-26AUG212215-15,77941.19,78064.67,yes,77821.05,77899.7,77906.7,78046.07,78067.5975,78069.62,-120.13999999999942,-18.59999999999127,-41.49000000000524,2.9275000000052387,-34.49000000000524,4.94999999999709
KXBTC15M-26AUG212230-30,78064.67,78422.56,yes,78046.07,78067.5975,78069.62,78363.45,78399.675,78412.9,-18.59999999999127,-59.11000000000058,2.9275000000052387,-22.88499999999476,4.94999999999709,-9.660000000003492
KXBTC15M-26AUG212245-45,78422.56,78468.77,yes,78363.45,78399.675,78412.9,78494.25,78464.7175,78462.375,-59.11000000000058,25.479999999995925,-22.88499999999476,-4.052500000005239,-9.660000000003492,-6.3950000000040745
KXBTC15M-26AUG212300-00,78468.77,78449.85,no,78494.25,78464.7175,78462.375,78474.25,78452.845,78452.845,25.479999999995925,24.39999999999418,-4.052500000005239,2.9949999999953434,-6.3950000000040745,2.9949999999953434
KXBTC15M-26AUG212315-15,78449.85,78425.84,no,78474.25,78452.845,78452.845,78388.51,78407.55500000001,78414.29000000001,24.39999999999418,-37.330000000001746,2.9949999999953434,-18.28499999998894,2.9949999999953434,-11.549999999988358
KXBTC15M-26AUG212330-30,78425.84,78740.26,yes,78388.51,78407.55500000001,78414.29000000001,78756.64,78738.445,78742.035,-37.330000000001746,16.380000000004657,-18.28499999998894,-1.8149999999877764,-11.549999999988358,1.7750000000087311
KXBTC15M-26AUG212345-45,78740.26,78611.32,no,78756.64,78738.445,78742.035,78638.51,78619.555,78615.6,16.380000000004657,27.189999999987776,-1.8149999999877764,8.23499999998603,1.7750000000087311,4.279999999998836
KXBTC15M-26AUG220000-00,78611.32,78403.42,no,78638.51,78619.555,78615.6,78402.62,78398.77249999999,78397.3,27.189999999987776,-0.8000000000029104,8.23499999998603,-4.647500000006403,4.279999999998836,-6.119999999995343
KXBTC15M-26AUG220015-15,78403.42,78383.1,no,78402.62,78398.77249999999,78397.3,78389.59,78383.2525,78384.63,-0.8000000000029104,6.489999999990687,-4.647500000006403,0.15249999999650754,-6.119999999995343,1.5299999999988358
KXBTC15M-26AUG220030-30,78383.1,78555.45,yes,78389.59,78383.2525,78384.63,78581.22,78549.52,78549.52,6.489999999990687,25.770000000004075,0.15249999999650754,-5.929999999993015,1.5299999999988358,-5.929999999993015
KXBTC15M-26AUG220045-45,78555.45,78673.83,yes,78581.22,78549.52,78549.52,78648.15,78682.7125,78679.35,25.770000000004075,-25.680000000007567,-5.929999999993015,8.882499999992433,-5.929999999993015,5.5200000000040745
KXBTC15M-26AUG220100-00,78673.83,78471.48,no,78648.15,78682.7125,78679.35,78451.35,78467.44,78470.725,-25.680000000007567,-20.129999999990105,8.882499999992433,-4.039999999993597,5.5200000000040745,-0.7549999999901047
KXBTC15M-26AUG220115-15,78471.48,77325.16,no,78451.35,78467.44,78470.725,77323.0,77324.0575,77331.4,-20.129999999990105,-2.1600000000034925,-4.039999999993597,-1.102500000008149,-0.7549999999901047,6.239999999990687
KXBTC15M-26AUG220130-30,77325.16,77270.26,no,77323.0,77324.0575,77331.4,77289.68,77275.1375,77271.86499999999,-2.1600000000034925,19.419999999998254,-1.102500000008149,4.877500000002328,6.239999999990687,1.6049999999959255
KXBTC15M-26AUG220145-45,77270.26,77079.05,no,77289.68,77275.1375,77271.86499999999,77166.49,77092.86750000001,77089.8,19.419999999998254,87.44000000000233,4.877500000002328,13.817500000004657,1.6049999999959255,10.75
KXBTC15M-26AUG220200-00,77079.05,77380.31,yes,77166.49,77092.86750000001,77089.8,77369.81,77403.83249999999,77397.95000000001,87.44000000000233,-10.5,13.817500000004657,23.52249999999185,10.75,17.64000000001397
KXBTC15M-26AUG220215-15,77380.31,77166.08,no,77369.81,77403.83249999999,77397.95000000001,77164.0,77180.33,77181.375,-10.5,-2.0800000000017462,23.52249999999185,14.25,17.64000000001397,15.294999999998254
KXBTC15M-26AUG220230-30,77166.08,77233.27,yes,77164.0,77180.33,77181.375,77236.12,77235.6975,77241.54000000001,-2.0800000000017462,2.849999999991269,14.25,2.4274999999906868,15.294999999998254,8.270000000004075
KXBTC15M-26AUG220245-45,77233.27,77405.6,yes,77236.12,77235.6975,77241.54000000001,77383.11,77406.8675,77407.255,2.849999999991269,-22.49000000000524,2.4274999999906868,1.2674999999871943,8.270000000004075,1.6549999999988358
KXBTC15M-26AUG220300-00,77405.6,77469.36,yes,77383.11,77406.8675,77407.255,77475.57,77470.2725,77473.685,-22.49000000000524,6.210000000006403,1.2674999999871943,0.9125000000058208,1.6549999999988358,4.32499999999709
KXBTC15M-26AUG220315-15,77469.36,77339.84,no,77475.57,77470.2725,77473.685,77370.27,77324.44,77328.26000000001,6.210000000006403,30.430000000007567,0.9125000000058208,-15.39999999999418,4.32499999999709,-11.579999999987194
KXBTC15M-26AUG220330-30,77339.84,77445.05,yes,77370.27,77324.44,77328.26000000001,77475.89,77453.99,77456.235,30.430000000007567,30.839999999996508,-15.39999999999418,8.940000000002328,-11.579999999987194,11.184999999997672
KXBTC15M-26AUG220345-45,77445.05,77399.96,no,77475.89,77453.99,77456.235,77401.78,77410.29000000001,77411.63500000001,30.839999999996508,1.819999999992433,8.940000000002328,10.330000000001746,11.184999999997672,11.67500000000291
KXBTC15M-26AUG220400-00,77399.96,77278.89,no,77401.78,77410.29000000001,77411.63500000001,77288.55,77284.585,77282.425,1.819999999992433,9.660000000003492,10.330000000001746,5.695000000006985,11.67500000000291,3.5350000000034925
KXBTC15M-26AUG220415-15,77278.89,77395.49,yes,77288.55,77284.585,77282.425,77419.87,77384.345,77385.315,9.660000000003492,24.379999999990105,5.695000000006985,-11.145000000004075,3.5350000000034925,-10.17500000000291
KXBTC15M-26AUG220430-30,77395.49,77232.54,no,77419.87,77384.345,77385.315,77210.0,77233.75,77234.66,24.379999999990105,-22.539999999993597,-11.145000000004075,1.2100000000064028,-10.17500000000291,2.1200000000098953
KXBTC15M-26AUG220445-45,77232.54,77274.23,yes,77210.0,77233.75,77234.66,77282.43,77280.6525,77288.43,-22.539999999993597,8.19999999999709,1.2100000000064028,6.422500000000582,2.1200000000098953,14.19999999999709
KXBTC15M-26AUG220500-00,77274.23,77173.97,no,77282.43,77280.6525,77288.43,77195.48,77174.62999999999,77174.66,8.19999999999709,21.50999999999476,6.422500000000582,0.6599999999889405,14.19999999999709,0.6900000000023283
KXBTC15M-26AUG220515-15,77173.97,77339.12,yes,77195.48,77174.62999999999,77174.66,77366.75,77355.8425,77351.86,21.50999999999476,27.630000000004657,0.6599999999889405,16.722500000003492,0.6900000000023283,12.740000000005239
KXBTC15M-26AUG220530-30,77339.12,77202.28,no,77366.75,77355.8425,77351.86,77197.07,77205.47750000001,77211.09,27.630000000004657,-5.209999999991851,16.722500000003492,3.1975000000093132,12.740000000005239,8.809999999997672
KXBTC15M-26AUG220545-45,77202.28,77180.53,no,77197.07,77205.47750000001,77211.09,77188.86,77185.28,77183.1,-5.209999999991851,8.330000000001746,3.1975000000093132,4.75,8.809999999997672,2.570000000006985
KXBTC15M-26AUG220600-00,77180.53,77031.67,no,77188.86,77185.28,77183.1,77046.9,77036.79000000001,77039.155,8.330000000001746,15.229999999995925,4.75,5.120000000009895,2.570000000006985,7.485000000000582
KXBTC15M-26AUG220615-15,77031.67,76701.78,no,77046.9,77036.79000000001,77039.155,76701.78,76698.9125,76703.69,15.229999999995925,0.0,5.120000000009895,-2.867499999993015,7.485000000000582,1.9100000000034925
KXBTC15M-26AUG220630-30,76701.78,76914.13,yes,76701.78,76698.9125,76703.69,76926.84,76924.6275,76918.78,0.0,12.709999999991851,-2.867499999993015,10.497499999997672,1.9100000000034925,4.649999999994179
KXBTC15M-26AUG220645-45,76914.13,77132.46,yes,76926.84,76924.6275,76918.78,77154.82,77144.37,77140.91500000001,12.709999999991851,22.360000000000582,10.497499999997672,11.90999999998894,4.649999999994179,8.455000000001746
KXBTC15M-26AUG220700-00,77132.46,76975.26,no,77154.82,77144.37,77140.91500000001,76961.55,76966.765,76978.225,22.360000000000582,-13.709999999991851,11.90999999998894,-8.494999999995343,8.455000000001746,2.9650000000110595
KXBTC15M-26AUG220715-15,76975.26,76886.85,no,76961.55,76966.765,76978.225,76855.54,76873.42,76876.795,-13.709999999991851,-31.310000000012224,-8.494999999995343,-13.430000000007567,2.9650000000110595,-10.055000000007567
KXBTC15M-26AUG220730-30,76886.85,76956.42,yes,76855.54,76873.42,76876.795,76969.78,76957.805,76957.475,-31.310000000012224,13.360000000000582,-13.430000000007567,1.3849999999947613,-10.055000000007567,1.055000000007567
KXBTC15M-26AUG220745-45,76956.42,77135.22,yes,76969.78,76957.805,76957.475,77161.64,77145.30500000001,77148.8,13.360000000000582,26.419999999998254,1.3849999999947613,10.085000000006403,1.055000000007567,13.580000000001746
KXBTC15M-26AUG220800-00,77135.22,77119.38,no,77161.64,77145.30500000001,77148.8,77120.87,77128.5675,77126.935,26.419999999998254,1.4899999999906868,10.085000000006403,9.1875,13.580000000001746,7.554999999993015
KXBTC15M-26AUG220815-15,77119.38,77229.72,yes,77120.87,77128.5675,77126.935,77239.03,77231.67000000001,77236.94,1.4899999999906868,9.309999999997672,9.1875,1.9500000000116415,7.554999999993015,7.220000000001164
KXBTC15M-26AUG220830-30,77229.72,77309.82,yes,77239.03,77231.67000000001,77236.94,77321.91,77317.66,77319.36,9.309999999997672,12.089999999996508,1.9500000000116415,7.8399999999965075,7.220000000001164,9.539999999993597
KXBTC15M-26AUG220845-45,77309.82,77318.47,yes,77321.91,77317.66,77319.36,77341.99,77332.6075,77333.945,12.089999999996508,23.520000000004075,7.8399999999965075,14.13749999999709,9.539999999993597,15.47500000000582
KXBTC15M-26AUG220900-00,77318.47,77297.71,no,77341.99,77332.6075,77333.945,77300.01,77303.9525,77303.95,23.520000000004075,2.2999999999883585,14.13749999999709,6.242499999993015,15.47500000000582,6.239999999990687
KXBTC15M-26AUG220915-15,77297.71,77214.82,no,77300.01,77303.9525,77303.95,77217.58,77225.7575,77226.345,2.2999999999883585,2.7599999999947613,6.242499999993015,10.9375,6.239999999990687,11.52499999999418
KXBTC15M-26AUG220930-30,77214.82,77161.56,no,77217.58,77225.7575,77226.345,77162.38,77172.4425,77173.695,2.7599999999947613,0.8200000000069849,10.9375,10.882500000006985,11.52499999999418,12.135000000009313
