contract,candle_end_utc,yes_ask,yes_bid,no_ask
KXBTC15M-26AUG301930-30,2026-08-30 23:16:00+00:00,0.55,0.54,0.45999999999999996
KXBTC15M-26AUG301930-30,2026-08-30 23:17:00+00:00,0.44,0.43,0.5700000000000001
KXBTC15M-26AUG301930-30,2026-08-30 23:18:00+00:00,0.34,0.33,0.6699999999999999
KXBTC15M-26AUG301930-30,2026-08-30 23:19:00+00:00,0.39,0.38,0.62
KXBTC15M-26AUG301930-30,2026-08-30 23:20:00+00:00,0.56,0.55,0.44999999999999996
KXBTC15M-26AUG301930-30,2026-08-30 23:21:00+00:00,0.55,0.54,0.45999999999999996
KXBTC15M-26AUG301930-30,2026-08-30 23:22:00+00:00,0.56,0.55,0.44999999999999996
KXBTC15M-26AUG301930-30,2026-08-30 23:23:00+00:00,0.48,0.47,0.53
KXBTC15M-26AUG301930-30,2026-08-30 23:24:00+00:00,0.1,0.099,0.901
KXBTC15M-26AUG301930-30,2026-08-30 23:25:00+00:00,0.024,0.022,0.978
KXBTC15M-26AUG301930-30,2026-08-30 23:26:00+00:00,0.013,0.012,0.988
KXBTC15M-26AUG301930-30,2026-08-30 23:27:00+00:00,0.006,0.005,0.995
KXBTC15M-26AUG301930-30,2026-08-30 23:28:00+00:00,0.001,0.0,1.0
KXBTC15M-26AUG301930-30,2026-08-30 23:29:00+00:00,0.001,0.0,1.0
KXBTC15M-26AUG301930-30,2026-08-30 23:30:00+00:00,0.001,0.0,1.0
KXBTC15M-26AUG301930-30,2026-08-30 23:31:00+00:00,1.0,0.0,1.0
KXBTC15M-26AUG301945-45,2026-08-30 23:31:00+00:00,0.64,0.63,0.37
KXBTC15M-26AUG301945-45,2026-08-30 23:32:00+00:00,0.72,0.71,0.29000000000000004
KXBTC15M-26AUG301945-45,2026-08-30 23:33:00+00:00,0.55,0.54,0.45999999999999996
KXBTC15M-26AUG301945-45,2026-08-30 23:34:00+00:00,0.6,0.59,0.41000000000000003
KXBTC15M-26AUG301945-45,2026-08-30 23:35:00+00:00,0.54,0.53,0.47
KXBTC15M-26AUG301945-45,2026-08-30 23:36:00+00:00,0.36,0.35,0.65
KXBTC15M-26AUG301945-45,2026-08-30 23:37:00+00:00,0.45,0.44,0.56
KXBTC15M-26AUG301945-45,2026-08-30 23:38:00+00:00,0.37,0.36,0.64
KXBTC15M-26AUG301945-45,2026-08-30 23:39:00+00:00,0.15,0.14,0.86
KXBTC15M-26AUG301945-45,2026-08-30 23:40:00+00:00,0.058,0.054,0.946
KXBTC15M-26AUG301945-45,2026-08-30 23:41:00+00:00,0.029,0.027,0.973
KXBTC15M-26AUG301945-45,2026-08-30 23:42:00+00:00,0.004,0.003,0.997
KXBTC15M-26AUG301945-45,2026-08-30 23:43:00+00:00,0.001,0.0,1.0
KXBTC15M-26AUG301945-45,2026-08-30 23:44:00+00:00,0.001,0.0,1.0
KXBTC15M-26AUG301945-45,2026-08-30 23:45:00+00:00,0.001,0.0,1.0
KXBTC15M-26AUG301945-45,2026-08-30 23:46:00+00:00,1.0,0.0,1.0
KXBTC15M-26AUG302000-00,2026-08-30 23:46:00+00:00,0.39,0.38,0.62
KXBTC15M-26AUG302000-00,2026-08-30 23:47:00+00:00,0.26,0.25,0.75
KXBTC15M-26AUG302000-00,2026-08-30 23:48:00+00:00,0.19,0.18,0.8200000000000001
KXBTC15M-26AUG302000-00,2026-08-30 23:49:00+00:00,0.17,0.16,0.84
KXBTC15M-26AUG302000-00,2026-08-30 23:50:00+00:00,0.34,0.33,0.6699999999999999
KXBTC15M-26AUG302000-00,2026-08-30 23:51:00+00:00,0.45,0.44,0.56
KXBTC15M-26AUG302000-00,2026-08-30 23:52:00+00:00,0.51,0.5,0.5
KXBTC15M-26AUG302000-00,2026-08-30 23:53:00+00:00,0.73,0.72,0.28
KXBTC15M-26AUG302000-00,2026-08-30 23:54:00+00:00,0.66,0.65,0.35
KXBTC15M-26AUG302000-00,2026-08-30 23:55:00+00:00,0.73,0.72,0.28
KXBTC15M-26AUG302000-00,2026-08-30 23:56:00+00:00,0.77,0.76,0.24
KXBTC15M-26AUG302000-00,2026-08-30 23:57:00+00:00,0.973,0.972,0.028000000000000025
KXBTC15M-26AUG302000-00,2026-08-30 23:58:00+00:00,0.986,0.985,0.015000000000000013
KXBTC15M-26AUG302000-00,2026-08-30 23:59:00+00:00,0.999,0.998,0.0020000000000000018
KXBTC15M-26AUG302000-00,2026-08-31 00:00:00+00:00,1.0,0.999,0.0010000000000000009
KXBTC15M-26AUG302000-00,2026-08-31 00:01:00+00:00,1.0,0.0,1.0
KXBTC15M-26AUG302015-15,2026-08-31 00:01:00+00:00,0.41,0.4,0.6
KXBTC15M-26AUG302015-15,2026-08-31 00:02:00+00:00,0.49,0.48,0.52
KXBTC15M-26AUG302015-15,2026-08-31 00:03:00+00:00,0.49,0.48,0.52
KXBTC15M-26AUG302015-15,2026-08-31 00:04:00+00:00,0.61,0.6,0.4
KXBTC15M-26AUG302015-15,2026-08-31 00:05:00+00:00,0.67,0.66,0.33999999999999997
KXBTC15M-26AUG302015-15,2026-08-31 00:06:00+00:00,0.59,0.58,0.42000000000000004
KXBTC15M-26AUG302015-15,2026-08-31 00:07:00+00:00,0.32,0.31,0.69
KXBTC15M-26AUG302015-15,2026-08-31 00:08:00+00:00,0.16,0.15,0.85
KXBTC15M-26AUG302015-15,2026-08-31 00:09:00+00:00,0.13,0.12,0.88
KXBTC15M-26AUG302015-15,2026-08-31 00:10:00+00:00,0.042,0.041,0.959
KXBTC15M-26AUG302015-15,2026-08-31 00:11:00+00:00,0.019,0.018,0.982
KXBTC15M-26AUG302015-15,2026-08-31 00:12:00+00:00,0.16,0.15,0.85
KXBTC15M-26AUG302015-15,2026-08-31 00:13:00+00:00,0.098,0.096,0.904
KXBTC15M-26AUG302015-15,2026-08-31 00:14:00+00:00,0.65,0.63,0.37
KXBTC15M-26AUG302015-15,2026-08-31 00:15:00+00:00,1.0,0.999,0.0010000000000000009
KXBTC15M-26AUG302015-15,2026-08-31 00:16:00+00:00,1.0,0.0,1.0
KXBTC15M-26AUG302030-30,2026-08-31 00:16:00+00:00,0.57,0.56,0.43999999999999995
KXBTC15M-26AUG302030-30,2026-08-31 00:17:00+00:00,0.69,0.68,0.31999999999999995
KXBTC15M-26AUG302030-30,2026-08-31 00:18:00+00:00,0.7,0.69,0.31000000000000005
KXBTC15M-26AUG302030-30,2026-08-31 00:19:00+00:00,0.73,0.72,0.28
KXBTC15M-26AUG302030-30,2026-08-31 00:20:00+00:00,0.74,0.73,0.27
KXBTC15M-26AUG302030-30,2026-08-31 00:21:00+00:00,0.84,0.83,0.17000000000000004
KXBTC15M-26AUG302030-30,2026-08-31 00:22:00+00:00,0.87,0.86,0.14
KXBTC15M-26AUG302030-30,2026-08-31 00:23:00+00:00,0.902,0.901,0.09899999999999998
KXBTC15M-26AUG302030-30,2026-08-31 00:24:00+00:00,0.944,0.943,0.05700000000000005
KXBTC15M-26AUG302030-30,2026-08-31 00:25:00+00:00,0.956,0.955,0.04500000000000004
KXBTC15M-26AUG302030-30,2026-08-31 00:26:00+00:00,0.971,0.97,0.030000000000000027
KXBTC15M-26AUG302030-30,2026-08-31 00:27:00+00:00,0.973,0.972,0.028000000000000025
KXBTC15M-26AUG302030-30,2026-08-31 00:28:00+00:00,0.982,0.981,0.019000000000000017
KXBTC15M-26AUG302030-30,2026-08-31 00:29:00+00:00,1.0,0.999,0.0010000000000000009
KXBTC15M-26AUG302030-30,2026-08-31 00:30:00+00:00,1.0,0.999,0.0010000000000000009
KXBTC15M-26AUG302030-30,2026-08-31 00:31:00+00:00,1.0,0.0,1.0
KXBTC15M-26AUG302045-45,2026-08-31 00:31:00+00:00,0.46,0.45,0.55
KXBTC15M-26AUG302045-45,2026-08-31 00:32:00+00:00,0.58,0.57,0.43000000000000005
KXBTC15M-26AUG302045-45,2026-08-31 00:33:00+00:00,0.57,0.56,0.43999999999999995
KXBTC15M-26AUG302045-45,2026-08-31 00:34:00+00:00,0.59,0.58,0.42000000000000004
KXBTC15M-26AUG302045-45,2026-08-31 00:35:00+00:00,0.61,0.6,0.4
KXBTC15M-26AUG302045-45,2026-08-31 00:36:00+00:00,0.79,0.78,0.21999999999999997
KXBTC15M-26AUG302045-45,2026-08-31 00:37:00+00:00,0.9,0.89,0.10999999999999999
KXBTC15M-26AUG302045-45,2026-08-31 00:38:00+00:00,0.82,0.81,0.18999999999999995
KXBTC15M-26AUG302045-45,2026-08-31 00:39:00+00:00,0.84,0.83,0.17000000000000004
KXBTC15M-26AUG302045-45,2026-08-31 00:40:00+00:00,0.84,0.83,0.17000000000000004
KXBTC15M-26AUG302045-45,2026-08-31 00:41:00+00:00,0.9,0.89,0.10999999999999999
KXBTC15M-26AUG302045-45,2026-08-31 00:42:00+00:00,0.977,0.974,0.026000000000000023
KXBTC15M-26AUG302045-45,2026-08-31 00:43:00+00:00,0.997,0.994,0.006000000000000005
KXBTC15M-26AUG302045-45,2026-08-31 00:44:00+00:00,1.0,0.999,0.0010000000000000009
KXBTC15M-26AUG302045-45,2026-08-31 00:45:00+00:00,1.0,0.999,0.0010000000000000009
KXBTC15M-26AUG302045-45,2026-08-31 00:46:00+00:00,1.0,0.0,1.0
KXBTC15M-26AUG302100-00,2026-08-31 00:46:00+00:00,0.38,0.37,0.63
KXBTC15M-26AUG302100-00,2026-08-31 00:47:00+00:00,0.39,0.38,0.62
KXBTC15M-26AUG302100-00,2026-08-31 00:48:00+00:00,0.26,0.25,0.75
KXBTC15M-26AUG302100-00,2026-08-31 00:49:00+00:00,0.25,0.24,0.76
KXBTC15M-26AUG302100-00,2026-08-31 00:50:00+00:00,0.31,0.3,0.7
KXBTC15M-26AUG302100-00,2026-08-31 00:51:00+00:00,0.46,0.45,0.55
KXBTC15M-26AUG302100-00,2026-08-31 00:52:00+00:00,0.26,0.25,0.75
KXBTC15M-26AUG302100-00,2026-08-31 00:53:00+00:00,0.3,0.29,0.71
KXBTC15M-26AUG302100-00,2026-08-31 00:54:00+00:00,0.38,0.37,0.63
KXBTC15M-26AUG302100-00,2026-08-31 00:55:00+00:00,0.4,0.39,0.61
KXBTC15M-26AUG302100-00,2026-08-31 00:56:00+00:00,0.24,0.23,0.77
KXBTC15M-26AUG302100-00,2026-08-31 00:57:00+00:00,0.085,0.084,0.916
KXBTC15M-26AUG302100-00,2026-08-31 00:58:00+00:00,0.021,0.02,0.98
KXBTC15M-26AUG302100-00,2026-08-31 00:59:00+00:00,0.001,0.0,1.0
KXBTC15M-26AUG302100-00,2026-08-31 01:00:00+00:00,0.001,0.0,1.0
KXBTC15M-26AUG302100-00,2026-08-31 01:01:00+00:00,1.0,0.0,1.0
KXBTC15M-26AUG302115-15,2026-08-31 01:01:00+00:00,0.52,0.51,0.49
KXBTC15M-26AUG302115-15,2026-08-31 01:02:00+00:00,0.61,0.6,0.4
KXBTC15M-26AUG302115-15,2026-08-31 01:03:00+00:00,0.49,0.48,0.52
KXBTC15M-26AUG302115-15,2026-08-31 01:04:00+00:00,0.35,0.34,0.6599999999999999
KXBTC15M-26AUG302115-15,2026-08-31 01:05:00+00:00,0.17,0.16,0.84
KXBTC15M-26AUG302115-15,2026-08-31 01:06:00+00:00,0.14,0.13,0.87
KXBTC15M-26AUG302115-15,2026-08-31 01:07:00+00:00,0.081,0.08,0.92
KXBTC15M-26AUG302115-15,2026-08-31 01:08:00+00:00,0.054,0.053,0.947
KXBTC15M-26AUG302115-15,2026-08-31 01:09:00+00:00,0.036,0.033,0.967
KXBTC15M-26AUG302115-15,2026-08-31 01:10:00+00:00,0.021,0.02,0.98
KXBTC15M-26AUG302115-15,2026-08-31 01:11:00+00:00,0.013,0.012,0.988
KXBTC15M-26AUG302115-15,2026-08-31 01:12:00+00:00,0.006,0.004,0.996
KXBTC15M-26AUG302115-15,2026-08-31 01:13:00+00:00,0.001,0.0,1.0
KXBTC15M-26AUG302115-15,2026-08-31 01:14:00+00:00,0.001,0.0,1.0
KXBTC15M-26AUG302115-15,2026-08-31 01:15:00+00:00,0.001,0.0,1.0
KXBTC15M-26AUG302115-15,2026-08-31 01:16:00+00:00,1.0,0.0,1.0
KXBTC15M-26AUG302130-30,2026-08-31 01:16:00+00:00,0.46,0.45,0.55
KXBTC15M-26AUG302130-30,2026-08-31 01:17:00+00:00,0.47,0.46,0.54
KXBTC15M-26AUG302130-30,2026-08-31 01:18:00+00:00,0.46,0.45,0.55
KXBTC15M-26AUG302130-30,2026-08-31 01:19:00+00:00,0.56,0.55,0.44999999999999996
KXBTC15M-26AUG302130-30,2026-08-31 01:20:00+00:00,0.82,0.81,0.18999999999999995
KXBTC15M-26AUG302130-30,2026-08-31 01:21:00+00:00,0.84,0.83,0.17000000000000004
KXBTC15M-26AUG302130-30,2026-08-31 01:22:00+00:00,0.81,0.8,0.19999999999999996
KXBTC15M-26AUG302130-30,2026-08-31 01:23:00+00:00,0.903,0.902,0.09799999999999998
KXBTC15M-26AUG302130-30,2026-08-31 01:24:00+00:00,0.926,0.925,0.07499999999999996
KXBTC15M-26AUG302130-30,2026-08-31 01:25:00+00:00,0.979,0.978,0.02200000000000002
KXBTC15M-26AUG302130-30,2026-08-31 01:26:00+00:00,0.984,0.982,0.018000000000000016
KXBTC15M-26AUG302130-30,2026-08-31 01:27:00+00:00,0.979,0.977,0.02300000000000002
KXBTC15M-26AUG302130-30,2026-08-31 01:28:00+00:00,0.996,0.995,0.0050000000000000044
KXBTC15M-26AUG302130-30,2026-08-31 01:29:00+00:00,1.0,0.999,0.0010000000000000009
KXBTC15M-26AUG302130-30,2026-08-31 01:30:00+00:00,1.0,0.999,0.0010000000000000009
KXBTC15M-26AUG302130-30,2026-08-31 01:31:00+00:00,1.0,0.0,1.0
KXBTC15M-26AUG302145-45,2026-08-31 01:31:00+00:00,0.48,0.47,0.53
KXBTC15M-26AUG302145-45,2026-08-31 01:32:00+00:00,0.39,0.38,0.62
KXBTC15M-26AUG302145-45,2026-08-31 01:33:00+00:00,0.45,0.44,0.56
KXBTC15M-26AUG302145-45,2026-08-31 01:34:00+00:00,0.31,0.3,0.7
KXBTC15M-26AUG302145-45,2026-08-31 01:35:00+00:00,0.29,0.28,0.72
KXBTC15M-26AUG302145-45,2026-08-31 01:36:00+00:00,0.25,0.24,0.76
KXBTC15M-26AUG302145-45,2026-08-31 01:37:00+00:00,0.31,0.3,0.7
KXBTC15M-26AUG302145-45,2026-08-31 01:38:00+00:00,0.55,0.54,0.45999999999999996
KXBTC15M-26AUG302145-45,2026-08-31 01:39:00+00:00,0.23,0.22,0.78
KXBTC15M-26AUG302145-45,2026-08-31 01:40:00+00:00,0.65,0.64,0.36
KXBTC15M-26AUG302145-45,2026-08-31 01:41:00+00:00,0.72,0.71,0.29000000000000004
KXBTC15M-26AUG302145-45,2026-08-31 01:42:00+00:00,0.69,0.68,0.31999999999999995
KXBTC15M-26AUG302145-45,2026-08-31 01:43:00+00:00,0.45,0.44,0.56
KXBTC15M-26AUG302145-45,2026-08-31 01:44:00+00:00,0.21,0.14,0.86
KXBTC15M-26AUG302145-45,2026-08-31 01:45:00+00:00,0.001,0.0,1.0
KXBTC15M-26AUG302145-45,2026-08-31 01:46:00+00:00,1.0,0.0,1.0
KXBTC15M-26AUG302200-00,2026-08-31 01:46:00+00:00,0.74,0.73,0.27
KXBTC15M-26AUG302200-00,2026-08-31 01:47:00+00:00,0.53,0.52,0.48
KXBTC15M-26AUG302200-00,2026-08-31 01:48:00+00:00,0.48,0.47,0.53
KXBTC15M-26AUG302200-00,2026-08-31 01:49:00+00:00,0.47,0.46,0.54
KXBTC15M-26AUG302200-00,2026-08-31 01:50:00+00:00,0.56,0.55,0.44999999999999996
KXBTC15M-26AUG302200-00,2026-08-31 01:51:00+00:00,0.6,0.59,0.41000000000000003
KXBTC15M-26AUG302200-00,2026-08-31 01:52:00+00:00,0.53,0.52,0.48
KXBTC15M-26AUG302200-00,2026-08-31 01:53:00+00:00,0.45,0.44,0.56
KXBTC15M-26AUG302200-00,2026-08-31 01:54:00+00:00,0.36,0.35,0.65
KXBTC15M-26AUG302200-00,2026-08-31 01:55:00+00:00,0.29,0.28,0.72
KXBTC15M-26AUG302200-00,2026-08-31 01:56:00+00:00,0.36,0.35,0.65
KXBTC15M-26AUG302200-00,2026-08-31 01:57:00+00:00,0.23,0.22,0.78
KXBTC15M-26AUG302200-00,2026-08-31 01:58:00+00:00,0.062,0.059,0.9410000000000001
KXBTC15M-26AUG302200-00,2026-08-31 01:59:00+00:00,0.002,0.001,0.999
KXBTC15M-26AUG302200-00,2026-08-31 02:00:00+00:00,0.001,0.0,1.0
KXBTC15M-26AUG302200-00,2026-08-31 02:01:00+00:00,1.0,0.0,1.0
KXBTC15M-26AUG302215-15,2026-08-31 02:01:00+00:00,0.41,0.4,0.6
KXBTC15M-26AUG302215-15,2026-08-31 02:02:00+00:00,0.45,0.44,0.56
KXBTC15M-26AUG302215-15,2026-08-31 02:03:00+00:00,0.39,0.38,0.62
KXBTC15M-26AUG302215-15,2026-08-31 02:04:00+00:00,0.43,0.42,0.5800000000000001
KXBTC15M-26AUG302215-15,2026-08-31 02:05:00+00:00,0.53,0.52,0.48
KXBTC15M-26AUG302215-15,2026-08-31 02:06:00+00:00,0.7,0.69,0.31000000000000005
KXBTC15M-26AUG302215-15,2026-08-31 02:07:00+00:00,0.78,0.77,0.22999999999999998
KXBTC15M-26AUG302215-15,2026-08-31 02:08:00+00:00,0.76,0.75,0.25
KXBTC15M-26AUG302215-15,2026-08-31 02:09:00+00:00,0.71,0.7,0.30000000000000004
KXBTC15M-26AUG302215-15,2026-08-31 02:10:00+00:00,0.83,0.82,0.18000000000000005
KXBTC15M-26AUG302215-15,2026-08-31 02:11:00+00:00,0.94,0.938,0.062000000000000055
KXBTC15M-26AUG302215-15,2026-08-31 02:12:00+00:00,0.988,0.987,0.013000000000000012
KXBTC15M-26AUG302215-15,2026-08-31 02:13:00+00:00,0.999,0.998,0.0020000000000000018
KXBTC15M-26AUG302215-15,2026-08-31 02:14:00+00:00,0.999,0.998,0.0020000000000000018
KXBTC15M-26AUG302215-15,2026-08-31 02:15:00+00:00,1.0,0.999,0.0010000000000000009
KXBTC15M-26AUG302215-15,2026-08-31 02:16:00+00:00,1.0,0.0,1.0
KXBTC15M-26AUG302230-30,2026-08-31 02:16:00+00:00,0.38,0.37,0.63
KXBTC15M-26AUG302230-30,2026-08-31 02:17:00+00:00,0.39,0.38,0.62
KXBTC15M-26AUG302230-30,2026-08-31 02:18:00+00:00,0.29,0.28,0.72
KXBTC15M-26AUG302230-30,2026-08-31 02:19:00+00:00,0.25,0.24,0.76
KXBTC15M-26AUG302230-30,2026-08-31 02:20:00+00:00,0.25,0.24,0.76
KXBTC15M-26AUG302230-30,2026-08-31 02:21:00+00:00,0.25,0.24,0.76
KXBTC15M-26AUG302230-30,2026-08-31 02:22:00+00:00,0.16,0.15,0.85
KXBTC15M-26AUG302230-30,2026-08-31 02:23:00+00:00,0.13,0.11,0.89
KXBTC15M-26AUG302230-30,2026-08-31 02:24:00+00:00,0.098,0.096,0.904
KXBTC15M-26AUG302230-30,2026-08-31 02:25:00+00:00,0.063,0.062,0.938
KXBTC15M-26AUG302230-30,2026-08-31 02:26:00+00:00,0.043,0.042,0.958
KXBTC15M-26AUG302230-30,2026-08-31 02:27:00+00:00,0.038,0.036,0.964
KXBTC15M-26AUG302230-30,2026-08-31 02:28:00+00:00,0.018,0.017,0.983
KXBTC15M-26AUG302230-30,2026-08-31 02:29:00+00:00,0.006,0.005,0.995
KXBTC15M-26AUG302230-30,2026-08-31 02:30:00+00:00,0.001,0.0,1.0
KXBTC15M-26AUG302230-30,2026-08-31 02:31:00+00:00,1.0,0.0,1.0
KXBTC15M-26AUG302245-45,2026-08-31 02:31:00+00:00,0.58,0.57,0.43000000000000005
KXBTC15M-26AUG302245-45,2026-08-31 02:32:00+00:00,0.52,0.51,0.49
KXBTC15M-26AUG302245-45,2026-08-31 02:33:00+00:00,0.54,0.53,0.47
KXBTC15M-26AUG302245-45,2026-08-31 02:34:00+00:00,0.45,0.44,0.56
KXBTC15M-26AUG302245-45,2026-08-31 02:35:00+00:00,0.39,0.38,0.62
KXBTC15M-26AUG302245-45,2026-08-31 02:36:00+00:00,0.19,0.18,0.8200000000000001
KXBTC15M-26AUG302245-45,2026-08-31 02:37:00+00:00,0.2,0.18,0.8200000000000001
KXBTC15M-26AUG302245-45,2026-08-31 02:38:00+00:00,0.17,0.16,0.84
KXBTC15M-26AUG302245-45,2026-08-31 02:39:00+00:00,0.15,0.14,0.86
KXBTC15M-26AUG302245-45,2026-08-31 02:40:00+00:00,0.064,0.063,0.937
KXBTC15M-26AUG302245-45,2026-08-31 02:41:00+00:00,0.045,0.043,0.957
KXBTC15M-26AUG302245-45,2026-08-31 02:42:00+00:00,0.018,0.017,0.983
KXBTC15M-26AUG302245-45,2026-08-31 02:43:00+00:00,0.007,0.006,0.994
KXBTC15M-26AUG302245-45,2026-08-31 02:44:00+00:00,0.001,0.0,1.0
KXBTC15M-26AUG302245-45,2026-08-31 02:45:00+00:00,0.001,0.0,1.0
KXBTC15M-26AUG302245-45,2026-08-31 02:46:00+00:00,1.0,0.0,1.0
KXBTC15M-26AUG302300-00,2026-08-31 02:46:00+00:00,0.51,0.5,0.5
KXBTC15M-26AUG302300-00,2026-08-31 02:47:00+00:00,0.53,0.52,0.48
KXBTC15M-26AUG302300-00,2026-08-31 02:48:00+00:00,0.37,0.36,0.64
KXBTC15M-26AUG302300-00,2026-08-31 02:49:00+00:00,0.26,0.25,0.75
KXBTC15M-26AUG302300-00,2026-08-31 02:50:00+00:00,0.2,0.19,0.81
KXBTC15M-26AUG302300-00,2026-08-31 02:51:00+00:00,0.095,0.094,0.906
KXBTC15M-26AUG302300-00,2026-08-31 02:52:00+00:00,0.061,0.06,0.94
KXBTC15M-26AUG302300-00,2026-08-31 02:53:00+00:00,0.038,0.037,0.963
KXBTC15M-26AUG302300-00,2026-08-31 02:54:00+00:00,0.033,0.032,0.968
KXBTC15M-26AUG302300-00,2026-08-31 02:55:00+00:00,0.013,0.012,0.988
KXBTC15M-26AUG302300-00,2026-08-31 02:56:00+00:00,0.008,0.006,0.994
KXBTC15M-26AUG302300-00,2026-08-31 02:57:00+00:00,0.002,0.001,0.999
KXBTC15M-26AUG302300-00,2026-08-31 02:58:00+00:00,0.008,0.005,0.995
KXBTC15M-26AUG302300-00,2026-08-31 02:59:00+00:00,0.001,0.0,1.0
KXBTC15M-26AUG302300-00,2026-08-31 03:00:00+00:00,0.001,0.0,1.0
KXBTC15M-26AUG302300-00,2026-08-31 03:01:00+00:00,1.0,0.0,1.0
KXBTC15M-26AUG302315-15,2026-08-31 03:01:00+00:00,0.45,0.44,0.56
KXBTC15M-26AUG302315-15,2026-08-31 03:02:00+00:00,0.57,0.56,0.43999999999999995
KXBTC15M-26AUG302315-15,2026-08-31 03:03:00+00:00,0.71,0.7,0.30000000000000004
KXBTC15M-26AUG302315-15,2026-08-31 03:04:00+00:00,0.84,0.83,0.17000000000000004
KXBTC15M-26AUG302315-15,2026-08-31 03:05:00+00:00,0.75,0.74,0.26
KXBTC15M-26AUG302315-15,2026-08-31 03:06:00+00:00,0.73,0.72,0.28
KXBTC15M-26AUG302315-15,2026-08-31 03:07:00+00:00,0.8,0.79,0.20999999999999996
KXBTC15M-26AUG302315-15,2026-08-31 03:08:00+00:00,0.81,0.8,0.19999999999999996
KXBTC15M-26AUG302315-15,2026-08-31 03:09:00+00:00,0.88,0.87,0.13
KXBTC15M-26AUG302315-15,2026-08-31 03:10:00+00:00,0.972,0.971,0.029000000000000026
KXBTC15M-26AUG302315-15,2026-08-31 03:11:00+00:00,0.989,0.988,0.01200000000000001
KXBTC15M-26AUG302315-15,2026-08-31 03:12:00+00:00,0.99,0.989,0.01100000000000001
KXBTC15M-26AUG302315-15,2026-08-31 03:13:00+00:00,0.999,0.998,0.0020000000000000018
KXBTC15M-26AUG302315-15,2026-08-31 03:14:00+00:00,1.0,0.999,0.0010000000000000009
KXBTC15M-26AUG302315-15,2026-08-31 03:15:00+00:00,1.0,0.999,0.0010000000000000009
KXBTC15M-26AUG302315-15,2026-08-31 03:16:00+00:00,1.0,0.0,1.0
KXBTC15M-26AUG302330-30,2026-08-31 03:16:00+00:00,0.58,0.57,0.43000000000000005
KXBTC15M-26AUG302330-30,2026-08-31 03:17:00+00:00,0.46,0.45,0.55
KXBTC15M-26AUG302330-30,2026-08-31 03:18:00+00:00,0.33,0.32,0.6799999999999999
KXBTC15M-26AUG302330-30,2026-08-31 03:19:00+00:00,0.32,0.31,0.69
KXBTC15M-26AUG302330-30,2026-08-31 03:20:00+00:00,0.22,0.21,0.79
KXBTC15M-26AUG302330-30,2026-08-31 03:21:00+00:00,0.39,0.38,0.62
KXBTC15M-26AUG302330-30,2026-08-31 03:22:00+00:00,0.51,0.5,0.5
KXBTC15M-26AUG302330-30,2026-08-31 03:23:00+00:00,0.72,0.71,0.29000000000000004
KXBTC15M-26AUG302330-30,2026-08-31 03:24:00+00:00,0.79,0.78,0.21999999999999997
KXBTC15M-26AUG302330-30,2026-08-31 03:25:00+00:00,0.943,0.941,0.05900000000000005
KXBTC15M-26AUG302330-30,2026-08-31 03:26:00+00:00,0.943,0.942,0.05800000000000005
KXBTC15M-26AUG302330-30,2026-08-31 03:27:00+00:00,0.925,0.924,0.07599999999999996
KXBTC15M-26AUG302330-30,2026-08-31 03:28:00+00:00,0.986,0.985,0.015000000000000013
KXBTC15M-26AUG302330-30,2026-08-31 03:29:00+00:00,0.999,0.998,0.0020000000000000018
KXBTC15M-26AUG302330-30,2026-08-31 03:30:00+00:00,1.0,0.999,0.0010000000000000009
KXBTC15M-26AUG302330-30,2026-08-31 03:31:00+00:00,1.0,0.0,1.0
KXBTC15M-26AUG302345-45,2026-08-31 03:31:00+00:00,0.43,0.42,0.5800000000000001
KXBTC15M-26AUG302345-45,2026-08-31 03:32:00+00:00,0.41,0.4,0.6
KXBTC15M-26AUG302345-45,2026-08-31 03:33:00+00:00,0.47,0.46,0.54
KXBTC15M-26AUG302345-45,2026-08-31 03:34:00+00:00,0.46,0.45,0.55
KXBTC15M-26AUG302345-45,2026-08-31 03:35:00+00:00,0.38,0.37,0.63
KXBTC15M-26AUG302345-45,2026-08-31 03:36:00+00:00,0.48,0.47,0.53
KXBTC15M-26AUG302345-45,2026-08-31 03:37:00+00:00,0.66,0.65,0.35
KXBTC15M-26AUG302345-45,2026-08-31 03:38:00+00:00,0.8,0.79,0.20999999999999996
KXBTC15M-26AUG302345-45,2026-08-31 03:39:00+00:00,0.83,0.82,0.18000000000000005
KXBTC15M-26AUG302345-45,2026-08-31 03:40:00+00:00,0.9,0.89,0.10999999999999999
KXBTC15M-26AUG302345-45,2026-08-31 03:41:00+00:00,0.87,0.86,0.14
KXBTC15M-26AUG302345-45,2026-08-31 03:42:00+00:00,0.902,0.901,0.09899999999999998
KXBTC15M-26AUG302345-45,2026-08-31 03:43:00+00:00,0.975,0.974,0.026000000000000023
KXBTC15M-26AUG302345-45,2026-08-31 03:44:00+00:00,1.0,0.999,0.0010000000000000009
KXBTC15M-26AUG302345-45,2026-08-31 03:45:00+00:00,1.0,0.999,0.0010000000000000009
KXBTC15M-26AUG302345-45,2026-08-31 03:46:00+00:00,1.0,0.0,1.0
KXBTC15M-26AUG310000-00,2026-08-31 03:46:00+00:00,0.61,0.6,0.4
KXBTC15M-26AUG310000-00,2026-08-31 03:47:00+00:00,0.54,0.53,0.47
KXBTC15M-26AUG310000-00,2026-08-31 03:48:00+00:00,0.56,0.55,0.44999999999999996
KXBTC15M-26AUG310000-00,2026-08-31 03:49:00+00:00,0.58,0.57,0.43000000000000005
KXBTC15M-26AUG310000-00,2026-08-31 03:50:00+00:00,0.53,0.52,0.48
KXBTC15M-26AUG310000-00,2026-08-31 03:51:00+00:00,0.47,0.46,0.54
KXBTC15M-26AUG310000-00,2026-08-31 03:52:00+00:00,0.41,0.4,0.6
KXBTC15M-26AUG310000-00,2026-08-31 03:53:00+00:00,0.27,0.26,0.74
KXBTC15M-26AUG310000-00,2026-08-31 03:54:00+00:00,0.33,0.32,0.6799999999999999
KXBTC15M-26AUG310000-00,2026-08-31 03:55:00+00:00,0.19,0.18,0.8200000000000001
KXBTC15M-26AUG310000-00,2026-08-31 03:56:00+00:00,0.12,0.11,0.89
KXBTC15M-26AUG310000-00,2026-08-31 03:57:00+00:00,0.069,0.068,0.9319999999999999
KXBTC15M-26AUG310000-00,2026-08-31 03:58:00+00:00,0.013,0.01,0.99
KXBTC15M-26AUG310000-00,2026-08-31 03:59:00+00:00,0.002,0.001,0.999
KXBTC15M-26AUG310000-00,2026-08-31 04:00:00+00:00,0.001,0.0,1.0
KXBTC15M-26AUG310000-00,2026-08-31 04:01:00+00:00,1.0,0.0,1.0
KXBTC15M-26AUG310015-15,2026-08-31 04:01:00+00:00,0.44,0.43,0.5700000000000001
KXBTC15M-26AUG310015-15,2026-08-31 04:02:00+00:00,0.29,0.28,0.72
KXBTC15M-26AUG310015-15,2026-08-31 04:03:00+00:00,0.14,0.13,0.87
KXBTC15M-26AUG310015-15,2026-08-31 04:04:00+00:00,0.13,0.12,0.88
KXBTC15M-26AUG310015-15,2026-08-31 04:05:00+00:00,0.088,0.087,0.913
KXBTC15M-26AUG310015-15,2026-08-31 04:06:00+00:00,0.09,0.088,0.912
KXBTC15M-26AUG310015-15,2026-08-31 04:07:00+00:00,0.19,0.18,0.8200000000000001
KXBTC15M-26AUG310015-15,2026-08-31 04:08:00+00:00,0.19,0.18,0.8200000000000001
KXBTC15M-26AUG310015-15,2026-08-31 04:09:00+00:00,0.035,0.034,0.966
KXBTC15M-26AUG310015-15,2026-08-31 04:10:00+00:00,0.036,0.035,0.965
KXBTC15M-26AUG310015-15,2026-08-31 04:11:00+00:00,0.034,0.032,0.968
KXBTC15M-26AUG310015-15,2026-08-31 04:12:00+00:00,0.013,0.012,0.988
KXBTC15M-26AUG310015-15,2026-08-31 04:13:00+00:00,0.001,0.0,1.0
KXBTC15M-26AUG310015-15,2026-08-31 04:14:00+00:00,0.001,0.0,1.0
KXBTC15M-26AUG310015-15,2026-08-31 04:15:00+00:00,0.001,0.0,1.0
KXBTC15M-26AUG310015-15,2026-08-31 04:16:00+00:00,1.0,0.0,1.0
KXBTC15M-26AUG310030-30,2026-08-31 04:16:00+00:00,0.45,0.44,0.56
KXBTC15M-26AUG310030-30,2026-08-31 04:17:00+00:00,0.43,0.42,0.5800000000000001
KXBTC15M-26AUG310030-30,2026-08-31 04:18:00+00:00,0.32,0.31,0.69
KXBTC15M-26AUG310030-30,2026-08-31 04:19:00+00:00,0.29,0.28,0.72
KXBTC15M-26AUG310030-30,2026-08-31 04:20:00+00:00,0.26,0.25,0.75
KXBTC15M-26AUG310030-30,2026-08-31 04:21:00+00:00,0.44,0.43,0.5700000000000001
KXBTC15M-26AUG310030-30,2026-08-31 04:22:00+00:00,0.26,0.25,0.75
KXBTC15M-26AUG310030-30,2026-08-31 04:23:00+00:00,0.18,0.17,0.83
KXBTC15M-26AUG310030-30,2026-08-31 04:24:00+00:00,0.099,0.098,0.902
KXBTC15M-26AUG310030-30,2026-08-31 04:25:00+00:00,0.12,0.11,0.89
KXBTC15M-26AUG310030-30,2026-08-31 04:26:00+00:00,0.11,0.1,0.9
KXBTC15M-26AUG310030-30,2026-08-31 04:27:00+00:00,0.023,0.022,0.978
KXBTC15M-26AUG310030-30,2026-08-31 04:28:00+00:00,0.017,0.015,0.985
KXBTC15M-26AUG310030-30,2026-08-31 04:29:00+00:00,0.018,0.014,0.986
KXBTC15M-26AUG310030-30,2026-08-31 04:30:00+00:00,0.001,0.0,1.0
KXBTC15M-26AUG310030-30,2026-08-31 04:31:00+00:00,1.0,0.0,1.0
KXBTC15M-26AUG310045-45,2026-08-31 04:31:00+00:00,0.54,0.53,0.47
KXBTC15M-26AUG310045-45,2026-08-31 04:32:00+00:00,0.41,0.4,0.6
KXBTC15M-26AUG310045-45,2026-08-31 04:33:00+00:00,0.42,0.41,0.5900000000000001
KXBTC15M-26AUG310045-45,2026-08-31 04:34:00+00:00,0.32,0.31,0.69
KXBTC15M-26AUG310045-45,2026-08-31 04:35:00+00:00,0.32,0.31,0.69
KXBTC15M-26AUG310045-45,2026-08-31 04:36:00+00:00,0.28,0.27,0.73
KXBTC15M-26AUG310045-45,2026-08-31 04:37:00+00:00,0.37,0.36,0.64
KXBTC15M-26AUG310045-45,2026-08-31 04:38:00+00:00,0.56,0.55,0.44999999999999996
KXBTC15M-26AUG310045-45,2026-08-31 04:39:00+00:00,0.32,0.31,0.69
KXBTC15M-26AUG310045-45,2026-08-31 04:40:00+00:00,0.8,0.79,0.20999999999999996
KXBTC15M-26AUG310045-45,2026-08-31 04:41:00+00:00,0.5,0.48,0.52
KXBTC15M-26AUG310045-45,2026-08-31 04:42:00+00:00,0.53,0.52,0.48
KXBTC15M-26AUG310045-45,2026-08-31 04:43:00+00:00,0.39,0.38,0.62
KXBTC15M-26AUG310045-45,2026-08-31 04:44:00+00:00,0.93,0.921,0.07899999999999996
KXBTC15M-26AUG310045-45,2026-08-31 04:45:00+00:00,1.0,0.999,0.0010000000000000009
KXBTC15M-26AUG310045-45,2026-08-31 04:46:00+00:00,1.0,0.0,1.0
KXBTC15M-26AUG310100-00,2026-08-31 04:46:00+00:00,0.5,0.49,0.51
KXBTC15M-26AUG310100-00,2026-08-31 04:47:00+00:00,0.36,0.35,0.65
KXBTC15M-26AUG310100-00,2026-08-31 04:48:00+00:00,0.43,0.42,0.5800000000000001
KXBTC15M-26AUG310100-00,2026-08-31 04:49:00+00:00,0.4,0.39,0.61
KXBTC15M-26AUG310100-00,2026-08-31 04:50:00+00:00,0.24,0.23,0.77
KXBTC15M-26AUG310100-00,2026-08-31 04:51:00+00:00,0.29,0.28,0.72
KXBTC15M-26AUG310100-00,2026-08-31 04:52:00+00:00,0.22,0.21,0.79
KXBTC15M-26AUG310100-00,2026-08-31 04:53:00+00:00,0.15,0.14,0.86
KXBTC15M-26AUG310100-00,2026-08-31 04:54:00+00:00,0.72,0.71,0.29000000000000004
KXBTC15M-26AUG310100-00,2026-08-31 04:55:00+00:00,0.85,0.84,0.16000000000000003
KXBTC15M-26AUG310100-00,2026-08-31 04:56:00+00:00,0.917,0.916,0.08399999999999996
KXBTC15M-26AUG310100-00,2026-08-31 04:57:00+00:00,0.51,0.5,0.5
KXBTC15M-26AUG310100-00,2026-08-31 04:58:00+00:00,0.925,0.924,0.07599999999999996
KXBTC15M-26AUG310100-00,2026-08-31 04:59:00+00:00,1.0,0.999,0.0010000000000000009
KXBTC15M-26AUG310100-00,2026-08-31 05:00:00+00:00,1.0,0.999,0.0010000000000000009
KXBTC15M-26AUG310100-00,2026-08-31 05:01:00+00:00,1.0,0.0,1.0
KXBTC15M-26AUG310115-15,2026-08-31 05:01:00+00:00,0.37,0.36,0.64
KXBTC15M-26AUG310115-15,2026-08-31 05:02:00+00:00,0.32,0.31,0.69
KXBTC15M-26AUG310115-15,2026-08-31 05:03:00+00:00,0.4,0.39,0.61
KXBTC15M-26AUG310115-15,2026-08-31 05:04:00+00:00,0.45,0.44,0.56
KXBTC15M-26AUG310115-15,2026-08-31 05:05:00+00:00,0.68,0.67,0.32999999999999996
KXBTC15M-26AUG310115-15,2026-08-31 05:06:00+00:00,0.53,0.52,0.48
KXBTC15M-26AUG310115-15,2026-08-31 05:07:00+00:00,0.54,0.53,0.47
KXBTC15M-26AUG310115-15,2026-08-31 05:08:00+00:00,0.46,0.45,0.55
KXBTC15M-26AUG310115-15,2026-08-31 05:09:00+00:00,0.68,0.67,0.32999999999999996
KXBTC15M-26AUG310115-15,2026-08-31 05:10:00+00:00,0.64,0.63,0.37
KXBTC15M-26AUG310115-15,2026-08-31 05:11:00+00:00,0.8,0.79,0.20999999999999996
KXBTC15M-26AUG310115-15,2026-08-31 05:12:00+00:00,0.9,0.89,0.10999999999999999
KXBTC15M-26AUG310115-15,2026-08-31 05:13:00+00:00,0.982,0.981,0.019000000000000017
KXBTC15M-26AUG310115-15,2026-08-31 05:14:00+00:00,1.0,0.999,0.0010000000000000009
KXBTC15M-26AUG310115-15,2026-08-31 05:15:00+00:00,1.0,0.999,0.0010000000000000009
KXBTC15M-26AUG310115-15,2026-08-31 05:16:00+00:00,1.0,0.0,1.0
KXBTC15M-26AUG310130-30,2026-08-31 05:16:00+00:00,0.49,0.48,0.52
KXBTC15M-26AUG310130-30,2026-08-31 05:17:00+00:00,0.64,0.63,0.37
KXBTC15M-26AUG310130-30,2026-08-31 05:18:00+00:00,0.67,0.66,0.33999999999999997
KXBTC15M-26AUG310130-30,2026-08-31 05:19:00+00:00,0.82,0.81,0.18999999999999995
KXBTC15M-26AUG310130-30,2026-08-31 05:20:00+00:00,0.9,0.89,0.10999999999999999
KXBTC15M-26AUG310130-30,2026-08-31 05:21:00+00:00,0.926,0.924,0.07599999999999996
KXBTC15M-26AUG310130-30,2026-08-31 05:22:00+00:00,0.88,0.87,0.13
KXBTC15M-26AUG310130-30,2026-08-31 05:23:00+00:00,0.938,0.934,0.06599999999999995
KXBTC15M-26AUG310130-30,2026-08-31 05:24:00+00:00,0.967,0.966,0.03400000000000003
KXBTC15M-26AUG310130-30,2026-08-31 05:25:00+00:00,0.988,0.987,0.013000000000000012
KXBTC15M-26AUG310130-30,2026-08-31 05:26:00+00:00,0.994,0.993,0.007000000000000006
KXBTC15M-26AUG310130-30,2026-08-31 05:27:00+00:00,0.992,0.989,0.01100000000000001
KXBTC15M-26AUG310130-30,2026-08-31 05:28:00+00:00,0.987,0.986,0.014000000000000012
KXBTC15M-26AUG310130-30,2026-08-31 05:29:00+00:00,1.0,0.999,0.0010000000000000009
KXBTC15M-26AUG310130-30,2026-08-31 05:30:00+00:00,1.0,0.999,0.0010000000000000009
KXBTC15M-26AUG310130-30,2026-08-31 05:31:00+00:00,1.0,0.0,1.0
KXBTC15M-26AUG310145-45,2026-08-31 05:31:00+00:00,0.5,0.49,0.51
KXBTC15M-26AUG310145-45,2026-08-31 05:32:00+00:00,0.58,0.57,0.43000000000000005
KXBTC15M-26AUG310145-45,2026-08-31 05:33:00+00:00,0.51,0.5,0.5
KXBTC15M-26AUG310145-45,2026-08-31 05:34:00+00:00,0.61,0.6,0.4
KXBTC15M-26AUG310145-45,2026-08-31 05:35:00+00:00,0.68,0.67,0.32999999999999996
KXBTC15M-26AUG310145-45,2026-08-31 05:36:00+00:00,0.52,0.51,0.49
KXBTC15M-26AUG310145-45,2026-08-31 05:37:00+00:00,0.28,0.27,0.73
KXBTC15M-26AUG310145-45,2026-08-31 05:38:00+00:00,0.18,0.17,0.83
KXBTC15M-26AUG310145-45,2026-08-31 05:39:00+00:00,0.11,0.1,0.9
KXBTC15M-26AUG310145-45,2026-08-31 05:40:00+00:00,0.077,0.076,0.924
KXBTC15M-26AUG310145-45,2026-08-31 05:41:00+00:00,0.12,0.11,0.89
KXBTC15M-26AUG310145-45,2026-08-31 05:42:00+00:00,0.12,0.11,0.89
KXBTC15M-26AUG310145-45,2026-08-31 05:43:00+00:00,0.29,0.28,0.72
KXBTC15M-26AUG310145-45,2026-08-31 05:44:00+00:00,0.047,0.046,0.954
KXBTC15M-26AUG310145-45,2026-08-31 05:45:00+00:00,0.001,0.0,1.0
KXBTC15M-26AUG310145-45,2026-08-31 05:46:00+00:00,1.0,0.0,1.0
KXBTC15M-26AUG310200-00,2026-08-31 05:46:00+00:00,0.52,0.51,0.49
KXBTC15M-26AUG310200-00,2026-08-31 05:47:00+00:00,0.58,0.57,0.43000000000000005
KXBTC15M-26AUG310200-00,2026-08-31 05:48:00+00:00,0.58,0.57,0.43000000000000005
KXBTC15M-26AUG310200-00,2026-08-31 05:49:00+00:00,0.56,0.55,0.44999999999999996
KXBTC15M-26AUG310200-00,2026-08-31 05:50:00+00:00,0.63,0.62,0.38
KXBTC15M-26AUG310200-00,2026-08-31 05:51:00+00:00,0.61,0.6,0.4
KXBTC15M-26AUG310200-00,2026-08-31 05:52:00+00:00,0.7,0.69,0.31000000000000005
KXBTC15M-26AUG310200-00,2026-08-31 05:53:00+00:00,0.79,0.78,0.21999999999999997
KXBTC15M-26AUG310200-00,2026-08-31 05:54:00+00:00,0.81,0.8,0.19999999999999996
KXBTC15M-26AUG310200-00,2026-08-31 05:55:00+00:00,0.68,0.67,0.32999999999999996
KXBTC15M-26AUG310200-00,2026-08-31 05:56:00+00:00,0.7,0.69,0.31000000000000005
KXBTC15M-26AUG310200-00,2026-08-31 05:57:00+00:00,0.39,0.38,0.62
KXBTC15M-26AUG310200-00,2026-08-31 05:58:00+00:00,0.74,0.73,0.27
KXBTC15M-26AUG310200-00,2026-08-31 05:59:00+00:00,0.997,0.995,0.0050000000000000044
KXBTC15M-26AUG310200-00,2026-08-31 06:00:00+00:00,1.0,0.999,0.0010000000000000009
KXBTC15M-26AUG310200-00,2026-08-31 06:01:00+00:00,1.0,0.0,1.0
KXBTC15M-26AUG310215-15,2026-08-31 06:01:00+00:00,0.38,0.37,0.63
KXBTC15M-26AUG310215-15,2026-08-31 06:02:00+00:00,0.55,0.54,0.45999999999999996
KXBTC15M-26AUG310215-15,2026-08-31 06:03:00+00:00,0.66,0.65,0.35
KXBTC15M-26AUG310215-15,2026-08-31 06:04:00+00:00,0.59,0.58,0.42000000000000004
KXBTC15M-26AUG310215-15,2026-08-31 06:05:00+00:00,0.59,0.58,0.42000000000000004
KXBTC15M-26AUG310215-15,2026-08-31 06:06:00+00:00,0.44,0.43,0.5700000000000001
KXBTC15M-26AUG310215-15,2026-08-31 06:07:00+00:00,0.27,0.26,0.74
KXBTC15M-26AUG310215-15,2026-08-31 06:08:00+00:00,0.12,0.11,0.89
KXBTC15M-26AUG310215-15,2026-08-31 06:09:00+00:00,0.14,0.13,0.87
KXBTC15M-26AUG310215-15,2026-08-31 06:10:00+00:00,0.22,0.21,0.79
KXBTC15M-26AUG310215-15,2026-08-31 06:11:00+00:00,0.24,0.23,0.77
KXBTC15M-26AUG310215-15,2026-08-31 06:12:00+00:00,0.19,0.18,0.8200000000000001
KXBTC15M-26AUG310215-15,2026-08-31 06:13:00+00:00,0.088,0.087,0.913
KXBTC15M-26AUG310215-15,2026-08-31 06:14:00+00:00,0.24,0.23,0.77
KXBTC15M-26AUG310215-15,2026-08-31 06:15:00+00:00,0.001,0.0,1.0
KXBTC15M-26AUG310215-15,2026-08-31 06:16:00+00:00,1.0,0.0,1.0
KXBTC15M-26AUG310230-30,2026-08-31 06:16:00+00:00,0.7,0.69,0.31000000000000005
KXBTC15M-26AUG310230-30,2026-08-31 06:17:00+00:00,0.67,0.66,0.33999999999999997
KXBTC15M-26AUG310230-30,2026-08-31 06:18:00+00:00,0.61,0.6,0.4
KXBTC15M-26AUG310230-30,2026-08-31 06:19:00+00:00,0.73,0.72,0.28
KXBTC15M-26AUG310230-30,2026-08-31 06:20:00+00:00,0.68,0.66,0.33999999999999997
KXBTC15M-26AUG310230-30,2026-08-31 06:21:00+00:00,0.52,0.51,0.49
KXBTC15M-26AUG310230-30,2026-08-31 06:22:00+00:00,0.52,0.51,0.49
KXBTC15M-26AUG310230-30,2026-08-31 06:23:00+00:00,0.35,0.34,0.6599999999999999
KXBTC15M-26AUG310230-30,2026-08-31 06:24:00+00:00,0.3,0.29,0.71
KXBTC15M-26AUG310230-30,2026-08-31 06:25:00+00:00,0.35,0.34,0.6599999999999999
KXBTC15M-26AUG310230-30,2026-08-31 06:26:00+00:00,0.43,0.42,0.5800000000000001
KXBTC15M-26AUG310230-30,2026-08-31 06:27:00+00:00,0.63,0.62,0.38
KXBTC15M-26AUG310230-30,2026-08-31 06:28:00+00:00,0.79,0.78,0.21999999999999997
KXBTC15M-26AUG310230-30,2026-08-31 06:29:00+00:00,0.32,0.31,0.69
KXBTC15M-26AUG310230-30,2026-08-31 06:30:00+00:00,0.001,0.0,1.0
KXBTC15M-26AUG310230-30,2026-08-31 06:31:00+00:00,1.0,0.0,1.0
KXBTC15M-26AUG310245-45,2026-08-31 06:31:00+00:00,0.5,0.49,0.51
KXBTC15M-26AUG310245-45,2026-08-31 06:32:00+00:00,0.48,0.46,0.54
KXBTC15M-26AUG310245-45,2026-08-31 06:33:00+00:00,0.5,0.49,0.51
KXBTC15M-26AUG310245-45,2026-08-31 06:34:00+00:00,0.46,0.45,0.55
KXBTC15M-26AUG310245-45,2026-08-31 06:35:00+00:00,0.43,0.42,0.5800000000000001
KXBTC15M-26AUG310245-45,2026-08-31 06:36:00+00:00,0.37,0.36,0.64
KXBTC15M-26AUG310245-45,2026-08-31 06:37:00+00:00,0.36,0.35,0.65
KXBTC15M-26AUG310245-45,2026-08-31 06:38:00+00:00,0.51,0.5,0.5
KXBTC15M-26AUG310245-45,2026-08-31 06:39:00+00:00,0.61,0.6,0.4
KXBTC15M-26AUG310245-45,2026-08-31 06:40:00+00:00,0.79,0.78,0.21999999999999997
KXBTC15M-26AUG310245-45,2026-08-31 06:41:00+00:00,0.901,0.9,0.09999999999999998
KXBTC15M-26AUG310245-45,2026-08-31 06:42:00+00:00,0.979,0.976,0.02400000000000002
KXBTC15M-26AUG310245-45,2026-08-31 06:43:00+00:00,0.988,0.987,0.013000000000000012
KXBTC15M-26AUG310245-45,2026-08-31 06:44:00+00:00,0.998,0.997,0.0030000000000000027
KXBTC15M-26AUG310245-45,2026-08-31 06:45:00+00:00,1.0,0.999,0.0010000000000000009
KXBTC15M-26AUG310245-45,2026-08-31 06:46:00+00:00,1.0,0.0,1.0
KXBTC15M-26AUG310300-00,2026-08-31 06:46:00+00:00,0.49,0.48,0.52
KXBTC15M-26AUG310300-00,2026-08-31 06:47:00+00:00,0.59,0.58,0.42000000000000004
KXBTC15M-26AUG310300-00,2026-08-31 06:48:00+00:00,0.55,0.54,0.45999999999999996
KXBTC15M-26AUG310300-00,2026-08-31 06:49:00+00:00,0.54,0.53,0.47
KXBTC15M-26AUG310300-00,2026-08-31 06:50:00+00:00,0.56,0.55,0.44999999999999996
KXBTC15M-26AUG310300-00,2026-08-31 06:51:00+00:00,0.38,0.37,0.63
KXBTC15M-26AUG310300-00,2026-08-31 06:52:00+00:00,0.48,0.47,0.53
KXBTC15M-26AUG310300-00,2026-08-31 06:53:00+00:00,0.69,0.68,0.31999999999999995
KXBTC15M-26AUG310300-00,2026-08-31 06:54:00+00:00,0.73,0.72,0.28
KXBTC15M-26AUG310300-00,2026-08-31 06:55:00+00:00,0.74,0.73,0.27
KXBTC15M-26AUG310300-00,2026-08-31 06:56:00+00:00,0.61,0.59,0.41000000000000003
KXBTC15M-26AUG310300-00,2026-08-31 06:57:00+00:00,0.53,0.52,0.48
KXBTC15M-26AUG310300-00,2026-08-31 06:58:00+00:00,0.79,0.77,0.22999999999999998
KXBTC15M-26AUG310300-00,2026-08-31 06:59:00+00:00,0.78,0.76,0.24
KXBTC15M-26AUG310300-00,2026-08-31 07:00:00+00:00,0.001,0.0,1.0
KXBTC15M-26AUG310300-00,2026-08-31 07:01:00+00:00,1.0,0.0,1.0
KXBTC15M-26AUG310315-15,2026-08-31 07:01:00+00:00,0.51,0.5,0.5
KXBTC15M-26AUG310315-15,2026-08-31 07:02:00+00:00,0.63,0.62,0.38
KXBTC15M-26AUG310315-15,2026-08-31 07:03:00+00:00,0.46,0.45,0.55
KXBTC15M-26AUG310315-15,2026-08-31 07:04:00+00:00,0.41,0.4,0.6
KXBTC15M-26AUG310315-15,2026-08-31 07:05:00+00:00,0.44,0.43,0.5700000000000001
KXBTC15M-26AUG310315-15,2026-08-31 07:06:00+00:00,0.44,0.43,0.5700000000000001
KXBTC15M-26AUG310315-15,2026-08-31 07:07:00+00:00,0.45,0.44,0.56
KXBTC15M-26AUG310315-15,2026-08-31 07:08:00+00:00,0.47,0.46,0.54
KXBTC15M-26AUG310315-15,2026-08-31 07:09:00+00:00,0.46,0.45,0.55
KXBTC15M-26AUG310315-15,2026-08-31 07:10:00+00:00,0.48,0.47,0.53
KXBTC15M-26AUG310315-15,2026-08-31 07:11:00+00:00,0.54,0.53,0.47
KXBTC15M-26AUG310315-15,2026-08-31 07:12:00+00:00,0.53,0.51,0.49
KXBTC15M-26AUG310315-15,2026-08-31 07:13:00+00:00,0.963,0.962,0.038000000000000034
KXBTC15M-26AUG310315-15,2026-08-31 07:14:00+00:00,0.906,0.89,0.10999999999999999
KXBTC15M-26AUG310315-15,2026-08-31 07:15:00+00:00,1.0,0.999,0.0010000000000000009
KXBTC15M-26AUG310315-15,2026-08-31 07:16:00+00:00,1.0,0.0,1.0
KXBTC15M-26AUG310330-30,2026-08-31 07:16:00+00:00,0.63,0.62,0.38
KXBTC15M-26AUG310330-30,2026-08-31 07:17:00+00:00,0.69,0.68,0.31999999999999995
KXBTC15M-26AUG310330-30,2026-08-31 07:18:00+00:00,0.68,0.67,0.32999999999999996
KXBTC15M-26AUG310330-30,2026-08-31 07:19:00+00:00,0.69,0.68,0.31999999999999995
KXBTC15M-26AUG310330-30,2026-08-31 07:20:00+00:00,0.64,0.62,0.38
KXBTC15M-26AUG310330-30,2026-08-31 07:21:00+00:00,0.69,0.68,0.31999999999999995
KXBTC15M-26AUG310330-30,2026-08-31 07:22:00+00:00,0.69,0.68,0.31999999999999995
KXBTC15M-26AUG310330-30,2026-08-31 07:23:00+00:00,0.75,0.74,0.26
KXBTC15M-26AUG310330-30,2026-08-31 07:24:00+00:00,0.83,0.82,0.18000000000000005
KXBTC15M-26AUG310330-30,2026-08-31 07:25:00+00:00,0.94,0.939,0.061000000000000054
KXBTC15M-26AUG310330-30,2026-08-31 07:26:00+00:00,0.953,0.951,0.049000000000000044
KXBTC15M-26AUG310330-30,2026-08-31 07:27:00+00:00,0.938,0.937,0.06299999999999994
KXBTC15M-26AUG310330-30,2026-08-31 07:28:00+00:00,0.995,0.993,0.007000000000000006
KXBTC15M-26AUG310330-30,2026-08-31 07:29:00+00:00,0.999,0.998,0.0020000000000000018
KXBTC15M-26AUG310330-30,2026-08-31 07:30:00+00:00,1.0,0.999,0.0010000000000000009
KXBTC15M-26AUG310330-30,2026-08-31 07:31:00+00:00,1.0,0.0,1.0
KXBTC15M-26AUG310345-45,2026-08-31 07:31:00+00:00,0.39,0.38,0.62
KXBTC15M-26AUG310345-45,2026-08-31 07:32:00+00:00,0.34,0.33,0.6699999999999999
KXBTC15M-26AUG310345-45,2026-08-31 07:33:00+00:00,0.33,0.32,0.6799999999999999
KXBTC15M-26AUG310345-45,2026-08-31 07:34:00+00:00,0.32,0.31,0.69
KXBTC15M-26AUG310345-45,2026-08-31 07:35:00+00:00,0.38,0.37,0.63
KXBTC15M-26AUG310345-45,2026-08-31 07:36:00+00:00,0.44,0.42,0.5800000000000001
KXBTC15M-26AUG310345-45,2026-08-31 07:37:00+00:00,0.57,0.56,0.43999999999999995
KXBTC15M-26AUG310345-45,2026-08-31 07:38:00+00:00,0.58,0.57,0.43000000000000005
KXBTC15M-26AUG310345-45,2026-08-31 07:39:00+00:00,0.39,0.38,0.62
KXBTC15M-26AUG310345-45,2026-08-31 07:40:00+00:00,0.68,0.67,0.32999999999999996
KXBTC15M-26AUG310345-45,2026-08-31 07:41:00+00:00,0.39,0.38,0.62
KXBTC15M-26AUG310345-45,2026-08-31 07:42:00+00:00,0.3,0.29,0.71
KXBTC15M-26AUG310345-45,2026-08-31 07:43:00+00:00,0.75,0.74,0.26
KXBTC15M-26AUG310345-45,2026-08-31 07:44:00+00:00,0.988,0.987,0.013000000000000012
KXBTC15M-26AUG310345-45,2026-08-31 07:45:00+00:00,1.0,0.999,0.0010000000000000009
KXBTC15M-26AUG310345-45,2026-08-31 07:46:00+00:00,1.0,0.0,1.0
KXBTC15M-26AUG310400-00,2026-08-31 07:46:00+00:00,0.51,0.5,0.5
KXBTC15M-26AUG310400-00,2026-08-31 07:47:00+00:00,0.49,0.48,0.52
KXBTC15M-26AUG310400-00,2026-08-31 07:48:00+00:00,0.35,0.34,0.6599999999999999
KXBTC15M-26AUG310400-00,2026-08-31 07:49:00+00:00,0.38,0.37,0.63
KXBTC15M-26AUG310400-00,2026-08-31 07:50:00+00:00,0.2,0.19,0.81
KXBTC15M-26AUG310400-00,2026-08-31 07:51:00+00:00,0.21,0.2,0.8
KXBTC15M-26AUG310400-00,2026-08-31 07:52:00+00:00,0.25,0.24,0.76
KXBTC15M-26AUG310400-00,2026-08-31 07:53:00+00:00,0.19,0.18,0.8200000000000001
KXBTC15M-26AUG310400-00,2026-08-31 07:54:00+00:00,0.11,0.1,0.9
KXBTC15M-26AUG310400-00,2026-08-31 07:55:00+00:00,0.11,0.1,0.9
KXBTC15M-26AUG310400-00,2026-08-31 07:56:00+00:00,0.061,0.058,0.942
KXBTC15M-26AUG310400-00,2026-08-31 07:57:00+00:00,0.035,0.034,0.966
KXBTC15M-26AUG310400-00,2026-08-31 07:58:00+00:00,0.031,0.03,0.97
KXBTC15M-26AUG310400-00,2026-08-31 07:59:00+00:00,0.004,0.003,0.997
KXBTC15M-26AUG310400-00,2026-08-31 08:00:00+00:00,0.001,0.0,1.0
KXBTC15M-26AUG310400-00,2026-08-31 08:01:00+00:00,1.0,0.0,1.0
KXBTC15M-26AUG310415-15,2026-08-31 08:01:00+00:00,0.44,0.43,0.5700000000000001
KXBTC15M-26AUG310415-15,2026-08-31 08:02:00+00:00,0.49,0.48,0.52
KXBTC15M-26AUG310415-15,2026-08-31 08:03:00+00:00,0.29,0.28,0.72
KXBTC15M-26AUG310415-15,2026-08-31 08:04:00+00:00,0.32,0.31,0.69
KXBTC15M-26AUG310415-15,2026-08-31 08:05:00+00:00,0.19,0.18,0.8200000000000001
KXBTC15M-26AUG310415-15,2026-08-31 08:06:00+00:00,0.14,0.13,0.87
KXBTC15M-26AUG310415-15,2026-08-31 08:07:00+00:00,0.064,0.063,0.937
KXBTC15M-26AUG310415-15,2026-08-31 08:08:00+00:00,0.063,0.062,0.938
KXBTC15M-26AUG310415-15,2026-08-31 08:09:00+00:00,0.19,0.18,0.8200000000000001
KXBTC15M-26AUG310415-15,2026-08-31 08:10:00+00:00,0.37,0.36,0.64
KXBTC15M-26AUG310415-15,2026-08-31 08:11:00+00:00,0.48,0.47,0.53
KXBTC15M-26AUG310415-15,2026-08-31 08:12:00+00:00,0.949,0.948,0.052000000000000046
KXBTC15M-26AUG310415-15,2026-08-31 08:13:00+00:00,0.77,0.76,0.24
KXBTC15M-26AUG310415-15,2026-08-31 08:14:00+00:00,0.89,0.88,0.12
KXBTC15M-26AUG310415-15,2026-08-31 08:15:00+00:00,0.001,0.0,1.0
KXBTC15M-26AUG310415-15,2026-08-31 08:16:00+00:00,1.0,0.0,1.0
KXBTC15M-26AUG310430-30,2026-08-31 08:16:00+00:00,0.49,0.48,0.52
KXBTC15M-26AUG310430-30,2026-08-31 08:17:00+00:00,0.34,0.33,0.6699999999999999
KXBTC15M-26AUG310430-30,2026-08-31 08:18:00+00:00,0.25,0.24,0.76
KXBTC15M-26AUG310430-30,2026-08-31 08:19:00+00:00,0.3,0.29,0.71
KXBTC15M-26AUG310430-30,2026-08-31 08:20:00+00:00,0.21,0.2,0.8
KXBTC15M-26AUG310430-30,2026-08-31 08:21:00+00:00,0.11,0.1,0.9
KXBTC15M-26AUG310430-30,2026-08-31 08:22:00+00:00,0.15,0.14,0.86
KXBTC15M-26AUG310430-30,2026-08-31 08:23:00+00:00,0.12,0.11,0.89
KXBTC15M-26AUG310430-30,2026-08-31 08:24:00+00:00,0.073,0.072,0.928
KXBTC15M-26AUG310430-30,2026-08-31 08:25:00+00:00,0.055,0.054,0.946
KXBTC15M-26AUG310430-30,2026-08-31 08:26:00+00:00,0.12,0.11,0.89
KXBTC15M-26AUG310430-30,2026-08-31 08:27:00+00:00,0.033,0.032,0.968
KXBTC15M-26AUG310430-30,2026-08-31 08:28:00+00:00,0.032,0.031,0.969
KXBTC15M-26AUG310430-30,2026-08-31 08:29:00+00:00,0.014,0.013,0.987
KXBTC15M-26AUG310430-30,2026-08-31 08:30:00+00:00,0.001,0.0,1.0
KXBTC15M-26AUG310430-30,2026-08-31 08:31:00+00:00,1.0,0.0,1.0
KXBTC15M-26AUG310445-45,2026-08-31 08:31:00+00:00,0.63,0.62,0.38
KXBTC15M-26AUG310445-45,2026-08-31 08:32:00+00:00,0.56,0.55,0.44999999999999996
KXBTC15M-26AUG310445-45,2026-08-31 08:33:00+00:00,0.74,0.73,0.27
KXBTC15M-26AUG310445-45,2026-08-31 08:34:00+00:00,0.65,0.64,0.36
KXBTC15M-26AUG310445-45,2026-08-31 08:35:00+00:00,0.69,0.68,0.31999999999999995
KXBTC15M-26AUG310445-45,2026-08-31 08:36:00+00:00,0.78,0.77,0.22999999999999998
KXBTC15M-26AUG310445-45,2026-08-31 08:37:00+00:00,0.78,0.77,0.22999999999999998
KXBTC15M-26AUG310445-45,2026-08-31 08:38:00+00:00,0.75,0.74,0.26
KXBTC15M-26AUG310445-45,2026-08-31 08:39:00+00:00,0.78,0.77,0.22999999999999998
KXBTC15M-26AUG310445-45,2026-08-31 08:40:00+00:00,0.89,0.88,0.12
KXBTC15M-26AUG310445-45,2026-08-31 08:41:00+00:00,0.914,0.911,0.08899999999999997
KXBTC15M-26AUG310445-45,2026-08-31 08:42:00+00:00,0.986,0.985,0.015000000000000013
KXBTC15M-26AUG310445-45,2026-08-31 08:43:00+00:00,0.999,0.998,0.0020000000000000018
KXBTC15M-26AUG310445-45,2026-08-31 08:44:00+00:00,0.999,0.998,0.0020000000000000018
KXBTC15M-26AUG310445-45,2026-08-31 08:45:00+00:00,1.0,0.999,0.0010000000000000009
KXBTC15M-26AUG310445-45,2026-08-31 08:46:00+00:00,1.0,0.0,1.0
KXBTC15M-26AUG310500-00,2026-08-31 08:46:00+00:00,0.66,0.65,0.35
KXBTC15M-26AUG310500-00,2026-08-31 08:47:00+00:00,0.51,0.5,0.5
KXBTC15M-26AUG310500-00,2026-08-31 08:48:00+00:00,0.6,0.59,0.41000000000000003
KXBTC15M-26AUG310500-00,2026-08-31 08:49:00+00:00,0.76,0.75,0.25
KXBTC15M-26AUG310500-00,2026-08-31 08:50:00+00:00,0.73,0.72,0.28
KXBTC15M-26AUG310500-00,2026-08-31 08:51:00+00:00,0.72,0.71,0.29000000000000004
KXBTC15M-26AUG310500-00,2026-08-31 08:52:00+00:00,0.78,0.77,0.22999999999999998
KXBTC15M-26AUG310500-00,2026-08-31 08:53:00+00:00,0.87,0.86,0.14
KXBTC15M-26AUG310500-00,2026-08-31 08:54:00+00:00,0.922,0.921,0.07899999999999996
KXBTC15M-26AUG310500-00,2026-08-31 08:55:00+00:00,0.915,0.914,0.08599999999999997
KXBTC15M-26AUG310500-00,2026-08-31 08:56:00+00:00,0.976,0.975,0.025000000000000022
KXBTC15M-26AUG310500-00,2026-08-31 08:57:00+00:00,0.986,0.985,0.015000000000000013
KXBTC15M-26AUG310500-00,2026-08-31 08:58:00+00:00,0.996,0.995,0.0050000000000000044
KXBTC15M-26AUG310500-00,2026-08-31 08:59:00+00:00,0.999,0.998,0.0020000000000000018
KXBTC15M-26AUG310500-00,2026-08-31 09:00:00+00:00,1.0,0.999,0.0010000000000000009
KXBTC15M-26AUG310500-00,2026-08-31 09:01:00+00:00,1.0,0.0,1.0
KXBTC15M-26AUG310515-15,2026-08-31 09:01:00+00:00,0.47,0.46,0.54
KXBTC15M-26AUG310515-15,2026-08-31 09:02:00+00:00,0.39,0.38,0.62
KXBTC15M-26AUG310515-15,2026-08-31 09:03:00+00:00,0.33,0.32,0.6799999999999999
KXBTC15M-26AUG310515-15,2026-08-31 09:04:00+00:00,0.26,0.25,0.75
KXBTC15M-26AUG310515-15,2026-08-31 09:05:00+00:00,0.25,0.24,0.76
KXBTC15M-26AUG310515-15,2026-08-31 09:06:00+00:00,0.64,0.63,0.37
KXBTC15M-26AUG310515-15,2026-08-31 09:07:00+00:00,0.52,0.51,0.49
KXBTC15M-26AUG310515-15,2026-08-31 09:08:00+00:00,0.62,0.61,0.39
KXBTC15M-26AUG310515-15,2026-08-31 09:09:00+00:00,0.943,0.941,0.05900000000000005
KXBTC15M-26AUG310515-15,2026-08-31 09:10:00+00:00,0.972,0.971,0.029000000000000026
KXBTC15M-26AUG310515-15,2026-08-31 09:11:00+00:00,0.939,0.936,0.06399999999999995
KXBTC15M-26AUG310515-15,2026-08-31 09:12:00+00:00,0.935,0.934,0.06599999999999995
KXBTC15M-26AUG310515-15,2026-08-31 09:13:00+00:00,0.969,0.968,0.03200000000000003
KXBTC15M-26AUG310515-15,2026-08-31 09:14:00+00:00,0.999,0.998,0.0020000000000000018
KXBTC15M-26AUG310515-15,2026-08-31 09:15:00+00:00,1.0,0.999,0.0010000000000000009
KXBTC15M-26AUG310515-15,2026-08-31 09:16:00+00:00,1.0,0.0,1.0
KXBTC15M-26AUG310530-30,2026-08-31 09:16:00+00:00,0.35,0.34,0.6599999999999999
KXBTC15M-26AUG310530-30,2026-08-31 09:17:00+00:00,0.55,0.54,0.45999999999999996
KXBTC15M-26AUG310530-30,2026-08-31 09:18:00+00:00,0.59,0.58,0.42000000000000004
KXBTC15M-26AUG310530-30,2026-08-31 09:19:00+00:00,0.53,0.52,0.48
KXBTC15M-26AUG310530-30,2026-08-31 09:20:00+00:00,0.58,0.57,0.43000000000000005
KXBTC15M-26AUG310530-30,2026-08-31 09:21:00+00:00,0.56,0.55,0.44999999999999996
KXBTC15M-26AUG310530-30,2026-08-31 09:22:00+00:00,0.64,0.63,0.37
KXBTC15M-26AUG310530-30,2026-08-31 09:23:00+00:00,0.76,0.75,0.25
KXBTC15M-26AUG310530-30,2026-08-31 09:24:00+00:00,0.79,0.78,0.21999999999999997
KXBTC15M-26AUG310530-30,2026-08-31 09:25:00+00:00,0.88,0.87,0.13
KXBTC15M-26AUG310530-30,2026-08-31 09:26:00+00:00,0.84,0.83,0.17000000000000004
KXBTC15M-26AUG310530-30,2026-08-31 09:27:00+00:00,0.68,0.67,0.32999999999999996
KXBTC15M-26AUG310530-30,2026-08-31 09:28:00+00:00,0.923,0.922,0.07799999999999996
KXBTC15M-26AUG310530-30,2026-08-31 09:29:00+00:00,0.914,0.913,0.08699999999999997
KXBTC15M-26AUG310530-30,2026-08-31 09:30:00+00:00,1.0,0.999,0.0010000000000000009
KXBTC15M-26AUG310530-30,2026-08-31 09:31:00+00:00,1.0,0.0,1.0
KXBTC15M-26AUG310545-45,2026-08-31 09:31:00+00:00,0.53,0.52,0.48
KXBTC15M-26AUG310545-45,2026-08-31 09:32:00+00:00,0.46,0.45,0.55
KXBTC15M-26AUG310545-45,2026-08-31 09:33:00+00:00,0.5,0.49,0.51
KXBTC15M-26AUG310545-45,2026-08-31 09:34:00+00:00,0.46,0.45,0.55
KXBTC15M-26AUG310545-45,2026-08-31 09:35:00+00:00,0.43,0.42,0.5800000000000001
KXBTC15M-26AUG310545-45,2026-08-31 09:36:00+00:00,0.42,0.41,0.5900000000000001
KXBTC15M-26AUG310545-45,2026-08-31 09:37:00+00:00,0.38,0.37,0.63
KXBTC15M-26AUG310545-45,2026-08-31 09:38:00+00:00,0.24,0.23,0.77
KXBTC15M-26AUG310545-45,2026-08-31 09:39:00+00:00,0.31,0.3,0.7
KXBTC15M-26AUG310545-45,2026-08-31 09:40:00+00:00,0.36,0.35,0.65
KXBTC15M-26AUG310545-45,2026-08-31 09:41:00+00:00,0.17,0.16,0.84
KXBTC15M-26AUG310545-45,2026-08-31 09:42:00+00:00,0.18,0.17,0.83
KXBTC15M-26AUG310545-45,2026-08-31 09:43:00+00:00,0.13,0.12,0.88
KXBTC15M-26AUG310545-45,2026-08-31 09:44:00+00:00,0.54,0.52,0.48
KXBTC15M-26AUG310545-45,2026-08-31 09:45:00+00:00,1.0,0.999,0.0010000000000000009
KXBTC15M-26AUG310545-45,2026-08-31 09:46:00+00:00,1.0,0.0,1.0
KXBTC15M-26AUG310600-00,2026-08-31 09:46:00+00:00,0.68,0.67,0.32999999999999996
KXBTC15M-26AUG310600-00,2026-08-31 09:47:00+00:00,0.67,0.66,0.33999999999999997
KXBTC15M-26AUG310600-00,2026-08-31 09:48:00+00:00,0.55,0.54,0.45999999999999996
KXBTC15M-26AUG310600-00,2026-08-31 09:49:00+00:00,0.41,0.4,0.6
KXBTC15M-26AUG310600-00,2026-08-31 09:50:00+00:00,0.39,0.38,0.62
KXBTC15M-26AUG310600-00,2026-08-31 09:51:00+00:00,0.21,0.2,0.8
KXBTC15M-26AUG310600-00,2026-08-31 09:52:00+00:00,0.16,0.15,0.85
KXBTC15M-26AUG310600-00,2026-08-31 09:53:00+00:00,0.12,0.11,0.89
KXBTC15M-26AUG310600-00,2026-08-31 09:54:00+00:00,0.077,0.076,0.924
KXBTC15M-26AUG310600-00,2026-08-31 09:55:00+00:00,0.059,0.058,0.942
KXBTC15M-26AUG310600-00,2026-08-31 09:56:00+00:00,0.026,0.025,0.975
KXBTC15M-26AUG310600-00,2026-08-31 09:57:00+00:00,0.015,0.014,0.986
KXBTC15M-26AUG310600-00,2026-08-31 09:58:00+00:00,0.007,0.006,0.994
KXBTC15M-26AUG310600-00,2026-08-31 09:59:00+00:00,0.002,0.001,0.999
KXBTC15M-26AUG310600-00,2026-08-31 10:00:00+00:00,0.001,0.0,1.0
KXBTC15M-26AUG310600-00,2026-08-31 10:01:00+00:00,1.0,0.0,1.0
KXBTC15M-26AUG310615-15,2026-08-31 10:01:00+00:00,0.45,0.44,0.56
KXBTC15M-26AUG310615-15,2026-08-31 10:02:00+00:00,0.39,0.38,0.62
KXBTC15M-26AUG310615-15,2026-08-31 10:03:00+00:00,0.27,0.26,0.74
KXBTC15M-26AUG310615-15,2026-08-31 10:04:00+00:00,0.23,0.22,0.78
KXBTC15M-26AUG310615-15,2026-08-31 10:05:00+00:00,0.23,0.22,0.78
KXBTC15M-26AUG310615-15,2026-08-31 10:06:00+00:00,0.14,0.13,0.87
KXBTC15M-26AUG310615-15,2026-08-31 10:07:00+00:00,0.068,0.067,0.933
KXBTC15M-26AUG310615-15,2026-08-31 10:08:00+00:00,0.05,0.048,0.952
KXBTC15M-26AUG310615-15,2026-08-31 10:09:00+00:00,0.03,0.029,0.971
KXBTC15M-26AUG310615-15,2026-08-31 10:10:00+00:00,0.07,0.068,0.9319999999999999
KXBTC15M-26AUG310615-15,2026-08-31 10:11:00+00:00,0.046,0.044,0.956
KXBTC15M-26AUG310615-15,2026-08-31 10:12:00+00:00,0.054,0.052,0.948
KXBTC15M-26AUG310615-15,2026-08-31 10:13:00+00:00,0.06,0.059,0.9410000000000001
KXBTC15M-26AUG310615-15,2026-08-31 10:14:00+00:00,0.11,0.1,0.9
KXBTC15M-26AUG310615-15,2026-08-31 10:15:00+00:00,0.001,0.0,1.0
KXBTC15M-26AUG310615-15,2026-08-31 10:16:00+00:00,1.0,0.0,1.0
KXBTC15M-26AUG310630-30,2026-08-31 10:16:00+00:00,0.43,0.42,0.5800000000000001
KXBTC15M-26AUG310630-30,2026-08-31 10:17:00+00:00,0.35,0.34,0.6599999999999999
KXBTC15M-26AUG310630-30,2026-08-31 10:18:00+00:00,0.28,0.27,0.73
KXBTC15M-26AUG310630-30,2026-08-31 10:19:00+00:00,0.27,0.26,0.74
KXBTC15M-26AUG310630-30,2026-08-31 10:20:00+00:00,0.28,0.27,0.73
KXBTC15M-26AUG310630-30,2026-08-31 10:21:00+00:00,0.3,0.29,0.71
KXBTC15M-26AUG310630-30,2026-08-31 10:22:00+00:00,0.18,0.17,0.83
KXBTC15M-26AUG310630-30,2026-08-31 10:23:00+00:00,0.11,0.1,0.9
KXBTC15M-26AUG310630-30,2026-08-31 10:24:00+00:00,0.098,0.097,0.903
KXBTC15M-26AUG310630-30,2026-08-31 10:25:00+00:00,0.09,0.089,0.911
KXBTC15M-26AUG310630-30,2026-08-31 10:26:00+00:00,0.055,0.053,0.947
KXBTC15M-26AUG310630-30,2026-08-31 10:27:00+00:00,0.093,0.092,0.908
KXBTC15M-26AUG310630-30,2026-08-31 10:28:00+00:00,0.021,0.02,0.98
KXBTC15M-26AUG310630-30,2026-08-31 10:29:00+00:00,0.003,0.002,0.998
KXBTC15M-26AUG310630-30,2026-08-31 10:30:00+00:00,0.001,0.0,1.0
KXBTC15M-26AUG310630-30,2026-08-31 10:31:00+00:00,1.0,0.0,1.0
KXBTC15M-26AUG310645-45,2026-08-31 10:31:00+00:00,0.4,0.39,0.61
KXBTC15M-26AUG310645-45,2026-08-31 10:32:00+00:00,0.42,0.41,0.5900000000000001
KXBTC15M-26AUG310645-45,2026-08-31 10:33:00+00:00,0.38,0.37,0.63
KXBTC15M-26AUG310645-45,2026-08-31 10:34:00+00:00,0.28,0.27,0.73
KXBTC15M-26AUG310645-45,2026-08-31 10:35:00+00:00,0.3,0.29,0.71
KXBTC15M-26AUG310645-45,2026-08-31 10:36:00+00:00,0.33,0.32,0.6799999999999999
KXBTC15M-26AUG310645-45,2026-08-31 10:37:00+00:00,0.58,0.57,0.43000000000000005
KXBTC15M-26AUG310645-45,2026-08-31 10:38:00+00:00,0.76,0.75,0.25
KXBTC15M-26AUG310645-45,2026-08-31 10:39:00+00:00,0.914,0.913,0.08699999999999997
KXBTC15M-26AUG310645-45,2026-08-31 10:40:00+00:00,0.87,0.86,0.14
KXBTC15M-26AUG310645-45,2026-08-31 10:41:00+00:00,0.85,0.84,0.16000000000000003
KXBTC15M-26AUG310645-45,2026-08-31 10:42:00+00:00,0.87,0.86,0.14
KXBTC15M-26AUG310645-45,2026-08-31 10:43:00+00:00,0.947,0.941,0.05900000000000005
KXBTC15M-26AUG310645-45,2026-08-31 10:44:00+00:00,0.997,0.996,0.0040000000000000036
KXBTC15M-26AUG310645-45,2026-08-31 10:45:00+00:00,1.0,0.999,0.0010000000000000009
KXBTC15M-26AUG310645-45,2026-08-31 10:46:00+00:00,1.0,0.0,1.0
KXBTC15M-26AUG310700-00,2026-08-31 10:46:00+00:00,0.43,0.42,0.5800000000000001
KXBTC15M-26AUG310700-00,2026-08-31 10:47:00+00:00,0.54,0.53,0.47
KXBTC15M-26AUG310700-00,2026-08-31 10:48:00+00:00,0.61,0.6,0.4
KXBTC15M-26AUG310700-00,2026-08-31 10:49:00+00:00,0.63,0.62,0.38
KXBTC15M-26AUG310700-00,2026-08-31 10:50:00+00:00,0.45,0.44,0.56
KXBTC15M-26AUG310700-00,2026-08-31 10:51:00+00:00,0.39,0.38,0.62
KXBTC15M-26AUG310700-00,2026-08-31 10:52:00+00:00,0.7,0.69,0.31000000000000005
KXBTC15M-26AUG310700-00,2026-08-31 10:53:00+00:00,0.88,0.87,0.13
KXBTC15M-26AUG310700-00,2026-08-31 10:54:00+00:00,0.938,0.937,0.06299999999999994
KXBTC15M-26AUG310700-00,2026-08-31 10:55:00+00:00,0.954,0.953,0.04700000000000004
KXBTC15M-26AUG310700-00,2026-08-31 10:56:00+00:00,0.981,0.978,0.02200000000000002
KXBTC15M-26AUG310700-00,2026-08-31 10:57:00+00:00,0.986,0.985,0.015000000000000013
KXBTC15M-26AUG310700-00,2026-08-31 10:58:00+00:00,0.998,0.997,0.0030000000000000027
KXBTC15M-26AUG310700-00,2026-08-31 10:59:00+00:00,0.999,0.998,0.0020000000000000018
KXBTC15M-26AUG310700-00,2026-08-31 11:00:00+00:00,1.0,0.999,0.0010000000000000009
KXBTC15M-26AUG310700-00,2026-08-31 11:01:00+00:00,1.0,0.0,1.0
KXBTC15M-26AUG310715-15,2026-08-31 11:01:00+00:00,0.36,0.35,0.65
KXBTC15M-26AUG310715-15,2026-08-31 11:02:00+00:00,0.42,0.41,0.5900000000000001
KXBTC15M-26AUG310715-15,2026-08-31 11:03:00+00:00,0.4,0.39,0.61
KXBTC15M-26AUG310715-15,2026-08-31 11:04:00+00:00,0.26,0.25,0.75
KXBTC15M-26AUG310715-15,2026-08-31 11:05:00+00:00,0.2,0.19,0.81
KXBTC15M-26AUG310715-15,2026-08-31 11:06:00+00:00,0.15,0.14,0.86
KXBTC15M-26AUG310715-15,2026-08-31 11:07:00+00:00,0.43,0.42,0.5800000000000001
KXBTC15M-26AUG310715-15,2026-08-31 11:08:00+00:00,0.44,0.43,0.5700000000000001
KXBTC15M-26AUG310715-15,2026-08-31 11:09:00+00:00,0.11,0.1,0.9
KXBTC15M-26AUG310715-15,2026-08-31 11:10:00+00:00,0.068,0.067,0.933
KXBTC15M-26AUG310715-15,2026-08-31 11:11:00+00:00,0.065,0.064,0.9359999999999999
KXBTC15M-26AUG310715-15,2026-08-31 11:12:00+00:00,0.05,0.048,0.952
KXBTC15M-26AUG310715-15,2026-08-31 11:13:00+00:00,0.059,0.058,0.942
KXBTC15M-26AUG310715-15,2026-08-31 11:14:00+00:00,0.012,0.011,0.989
KXBTC15M-26AUG310715-15,2026-08-31 11:15:00+00:00,0.001,0.0,1.0
KXBTC15M-26AUG310715-15,2026-08-31 11:16:00+00:00,1.0,0.0,1.0
KXBTC15M-26AUG310730-30,2026-08-31 11:16:00+00:00,0.55,0.54,0.45999999999999996
KXBTC15M-26AUG310730-30,2026-08-31 11:17:00+00:00,0.34,0.33,0.6699999999999999
KXBTC15M-26AUG310730-30,2026-08-31 11:18:00+00:00,0.43,0.42,0.5800000000000001
KXBTC15M-26AUG310730-30,2026-08-31 11:19:00+00:00,0.49,0.48,0.52
KXBTC15M-26AUG310730-30,2026-08-31 11:20:00+00:00,0.44,0.43,0.5700000000000001
KXBTC15M-26AUG310730-30,2026-08-31 11:21:00+00:00,0.35,0.34,0.6599999999999999
KXBTC15M-26AUG310730-30,2026-08-31 11:22:00+00:00,0.22,0.21,0.79
KXBTC15M-26AUG310730-30,2026-08-31 11:23:00+00:00,0.23,0.22,0.78
KXBTC15M-26AUG310730-30,2026-08-31 11:24:00+00:00,0.25,0.24,0.76
KXBTC15M-26AUG310730-30,2026-08-31 11:25:00+00:00,0.21,0.2,0.8
KXBTC15M-26AUG310730-30,2026-08-31 11:26:00+00:00,0.072,0.071,0.929
KXBTC15M-26AUG310730-30,2026-08-31 11:27:00+00:00,0.029,0.028,0.972
KXBTC15M-26AUG310730-30,2026-08-31 11:28:00+00:00,0.002,0.001,0.999
KXBTC15M-26AUG310730-30,2026-08-31 11:29:00+00:00,0.001,0.0,1.0
KXBTC15M-26AUG310730-30,2026-08-31 11:30:00+00:00,0.001,0.0,1.0
KXBTC15M-26AUG310730-30,2026-08-31 11:31:00+00:00,1.0,0.0,1.0
KXBTC15M-26AUG310745-45,2026-08-31 11:31:00+00:00,0.55,0.54,0.45999999999999996
KXBTC15M-26AUG310745-45,2026-08-31 11:32:00+00:00,0.54,0.53,0.47
KXBTC15M-26AUG310745-45,2026-08-31 11:33:00+00:00,0.38,0.37,0.63
KXBTC15M-26AUG310745-45,2026-08-31 11:34:00+00:00,0.39,0.38,0.62
KXBTC15M-26AUG310745-45,2026-08-31 11:35:00+00:00,0.27,0.26,0.74
KXBTC15M-26AUG310745-45,2026-08-31 11:36:00+00:00,0.22,0.21,0.79
KXBTC15M-26AUG310745-45,2026-08-31 11:37:00+00:00,0.15,0.14,0.86
KXBTC15M-26AUG310745-45,2026-08-31 11:38:00+00:00,0.26,0.25,0.75
KXBTC15M-26AUG310745-45,2026-08-31 11:39:00+00:00,0.28,0.27,0.73
KXBTC15M-26AUG310745-45,2026-08-31 11:40:00+00:00,0.18,0.17,0.83
KXBTC15M-26AUG310745-45,2026-08-31 11:41:00+00:00,0.079,0.077,0.923
KXBTC15M-26AUG310745-45,2026-08-31 11:42:00+00:00,0.029,0.028,0.972
KXBTC15M-26AUG310745-45,2026-08-31 11:43:00+00:00,0.004,0.003,0.997
KXBTC15M-26AUG310745-45,2026-08-31 11:44:00+00:00,0.002,0.001,0.999
KXBTC15M-26AUG310745-45,2026-08-31 11:45:00+00:00,0.001,0.0,1.0
KXBTC15M-26AUG310745-45,2026-08-31 11:46:00+00:00,1.0,0.0,1.0
KXBTC15M-26AUG310800-00,2026-08-31 11:46:00+00:00,0.48,0.47,0.53
KXBTC15M-26AUG310800-00,2026-08-31 11:47:00+00:00,0.52,0.51,0.49
KXBTC15M-26AUG310800-00,2026-08-31 11:48:00+00:00,0.41,0.4,0.6
KXBTC15M-26AUG310800-00,2026-08-31 11:49:00+00:00,0.35,0.34,0.6599999999999999
KXBTC15M-26AUG310800-00,2026-08-31 11:50:00+00:00,0.33,0.32,0.6799999999999999
KXBTC15M-26AUG310800-00,2026-08-31 11:51:00+00:00,0.41,0.4,0.6
KXBTC15M-26AUG310800-00,2026-08-31 11:52:00+00:00,0.32,0.31,0.69
KXBTC15M-26AUG310800-00,2026-08-31 11:53:00+00:00,0.26,0.25,0.75
KXBTC15M-26AUG310800-00,2026-08-31 11:54:00+00:00,0.09,0.089,0.911
KXBTC15M-26AUG310800-00,2026-08-31 11:55:00+00:00,0.059,0.058,0.942
KXBTC15M-26AUG310800-00,2026-08-31 11:56:00+00:00,0.088,0.087,0.913
KXBTC15M-26AUG310800-00,2026-08-31 11:57:00+00:00,0.027,0.026,0.974
KXBTC15M-26AUG310800-00,2026-08-31 11:58:00+00:00,0.005,0.004,0.996
KXBTC15M-26AUG310800-00,2026-08-31 11:59:00+00:00,0.002,0.001,0.999
KXBTC15M-26AUG310800-00,2026-08-31 12:00:00+00:00,0.001,0.0,1.0
KXBTC15M-26AUG310800-00,2026-08-31 12:01:00+00:00,1.0,0.0,1.0
KXBTC15M-26AUG310815-15,2026-08-31 12:01:00+00:00,0.48,0.47,0.53
KXBTC15M-26AUG310815-15,2026-08-31 12:02:00+00:00,0.8,0.79,0.20999999999999996
KXBTC15M-26AUG310815-15,2026-08-31 12:03:00+00:00,0.89,0.88,0.12
KXBTC15M-26AUG310815-15,2026-08-31 12:04:00+00:00,0.912,0.911,0.08899999999999997
KXBTC15M-26AUG310815-15,2026-08-31 12:05:00+00:00,0.936,0.935,0.06499999999999995
KXBTC15M-26AUG310815-15,2026-08-31 12:06:00+00:00,0.954,0.951,0.049000000000000044
KXBTC15M-26AUG310815-15,2026-08-31 12:07:00+00:00,0.957,0.956,0.04400000000000004
KXBTC15M-26AUG310815-15,2026-08-31 12:08:00+00:00,0.951,0.95,0.050000000000000044
KXBTC15M-26AUG310815-15,2026-08-31 12:09:00+00:00,0.977,0.976,0.02400000000000002
KXBTC15M-26AUG310815-15,2026-08-31 12:10:00+00:00,0.937,0.936,0.06399999999999995
KXBTC15M-26AUG310815-15,2026-08-31 12:11:00+00:00,0.968,0.967,0.03300000000000003
KXBTC15M-26AUG310815-15,2026-08-31 12:12:00+00:00,0.993,0.992,0.008000000000000007
KXBTC15M-26AUG310815-15,2026-08-31 12:13:00+00:00,0.994,0.993,0.007000000000000006
KXBTC15M-26AUG310815-15,2026-08-31 12:14:00+00:00,0.999,0.998,0.0020000000000000018
KXBTC15M-26AUG310815-15,2026-08-31 12:15:00+00:00,1.0,0.999,0.0010000000000000009
KXBTC15M-26AUG310815-15,2026-08-31 12:16:00+00:00,1.0,0.0,1.0
KXBTC15M-26AUG310830-30,2026-08-31 12:16:00+00:00,0.49,0.48,0.52
KXBTC15M-26AUG310830-30,2026-08-31 12:17:00+00:00,0.52,0.51,0.49
KXBTC15M-26AUG310830-30,2026-08-31 12:18:00+00:00,0.3,0.29,0.71
KXBTC15M-26AUG310830-30,2026-08-31 12:19:00+00:00,0.52,0.51,0.49
KXBTC15M-26AUG310830-30,2026-08-31 12:20:00+00:00,0.64,0.63,0.37
KXBTC15M-26AUG310830-30,2026-08-31 12:21:00+00:00,0.52,0.51,0.49
KXBTC15M-26AUG310830-30,2026-08-31 12:22:00+00:00,0.19,0.18,0.8200000000000001
KXBTC15M-26AUG310830-30,2026-08-31 12:23:00+00:00,0.23,0.22,0.78
KXBTC15M-26AUG310830-30,2026-08-31 12:24:00+00:00,0.18,0.17,0.83
KXBTC15M-26AUG310830-30,2026-08-31 12:25:00+00:00,0.048,0.047,0.953
KXBTC15M-26AUG310830-30,2026-08-31 12:26:00+00:00,0.012,0.011,0.989
KXBTC15M-26AUG310830-30,2026-08-31 12:27:00+00:00,0.006,0.005,0.995
KXBTC15M-26AUG310830-30,2026-08-31 12:28:00+00:00,0.002,0.001,0.999
KXBTC15M-26AUG310830-30,2026-08-31 12:29:00+00:00,0.001,0.0,1.0
KXBTC15M-26AUG310830-30,2026-08-31 12:30:00+00:00,0.001,0.0,1.0
KXBTC15M-26AUG310830-30,2026-08-31 12:31:00+00:00,1.0,0.0,1.0
KXBTC15M-26AUG310845-45,2026-08-31 12:31:00+00:00,0.29,0.28,0.72
KXBTC15M-26AUG310845-45,2026-08-31 12:32:00+00:00,0.28,0.27,0.73
KXBTC15M-26AUG310845-45,2026-08-31 12:33:00+00:00,0.43,0.42,0.5800000000000001
KXBTC15M-26AUG310845-45,2026-08-31 12:34:00+00:00,0.38,0.37,0.63
KXBTC15M-26AUG310845-45,2026-08-31 12:35:00+00:00,0.44,0.43,0.5700000000000001
KXBTC15M-26AUG310845-45,2026-08-31 12:36:00+00:00,0.53,0.52,0.48
KXBTC15M-26AUG310845-45,2026-08-31 12:37:00+00:00,0.5,0.49,0.51
KXBTC15M-26AUG310845-45,2026-08-31 12:38:00+00:00,0.39,0.38,0.62
KXBTC15M-26AUG310845-45,2026-08-31 12:39:00+00:00,0.11,0.1,0.9
KXBTC15M-26AUG310845-45,2026-08-31 12:40:00+00:00,0.025,0.024,0.976
KXBTC15M-26AUG310845-45,2026-08-31 12:41:00+00:00,0.006,0.005,0.995
KXBTC15M-26AUG310845-45,2026-08-31 12:42:00+00:00,0.003,0.002,0.998
KXBTC15M-26AUG310845-45,2026-08-31 12:43:00+00:00,0.004,0.003,0.997
KXBTC15M-26AUG310845-45,2026-08-31 12:44:00+00:00,0.002,0.001,0.999
KXBTC15M-26AUG310845-45,2026-08-31 12:45:00+00:00,0.001,0.0,1.0
KXBTC15M-26AUG310845-45,2026-08-31 12:46:00+00:00,1.0,0.0,1.0
KXBTC15M-26AUG310900-00,2026-08-31 12:46:00+00:00,0.41,0.4,0.6
KXBTC15M-26AUG310900-00,2026-08-31 12:47:00+00:00,0.44,0.43,0.5700000000000001
KXBTC15M-26AUG310900-00,2026-08-31 12:48:00+00:00,0.54,0.53,0.47
KXBTC15M-26AUG310900-00,2026-08-31 12:49:00+00:00,0.42,0.41,0.5900000000000001
KXBTC15M-26AUG310900-00,2026-08-31 12:50:00+00:00,0.27,0.26,0.74
KXBTC15M-26AUG310900-00,2026-08-31 12:51:00+00:00,0.42,0.41,0.5900000000000001
KXBTC15M-26AUG310900-00,2026-08-31 12:52:00+00:00,0.37,0.36,0.64
KXBTC15M-26AUG310900-00,2026-08-31 12:53:00+00:00,0.44,0.43,0.5700000000000001
KXBTC15M-26AUG310900-00,2026-08-31 12:54:00+00:00,0.41,0.4,0.6
KXBTC15M-26AUG310900-00,2026-08-31 12:55:00+00:00,0.32,0.31,0.69
KXBTC15M-26AUG310900-00,2026-08-31 12:56:00+00:00,0.16,0.15,0.85
KXBTC15M-26AUG310900-00,2026-08-31 12:57:00+00:00,0.37,0.36,0.64
KXBTC15M-26AUG310900-00,2026-08-31 12:58:00+00:00,0.48,0.47,0.53
KXBTC15M-26AUG310900-00,2026-08-31 12:59:00+00:00,0.947,0.946,0.05400000000000005
KXBTC15M-26AUG310900-00,2026-08-31 13:00:00+00:00,1.0,0.999,0.0010000000000000009
KXBTC15M-26AUG310900-00,2026-08-31 13:01:00+00:00,1.0,0.0,1.0
KXBTC15M-26AUG310915-15,2026-08-31 13:01:00+00:00,0.68,0.67,0.32999999999999996
KXBTC15M-26AUG310915-15,2026-08-31 13:02:00+00:00,0.84,0.83,0.17000000000000004
KXBTC15M-26AUG310915-15,2026-08-31 13:03:00+00:00,0.89,0.88,0.12
KXBTC15M-26AUG310915-15,2026-08-31 13:04:00+00:00,0.79,0.78,0.21999999999999997
KXBTC15M-26AUG310915-15,2026-08-31 13:05:00+00:00,0.74,0.73,0.27
KXBTC15M-26AUG310915-15,2026-08-31 13:06:00+00:00,0.8,0.78,0.21999999999999997
KXBTC15M-26AUG310915-15,2026-08-31 13:07:00+00:00,0.86,0.85,0.15000000000000002
KXBTC15M-26AUG310915-15,2026-08-31 13:08:00+00:00,0.9,0.89,0.10999999999999999
KXBTC15M-26AUG310915-15,2026-08-31 13:09:00+00:00,0.921,0.92,0.07999999999999996
KXBTC15M-26AUG310915-15,2026-08-31 13:10:00+00:00,0.945,0.944,0.05600000000000005
KXBTC15M-26AUG310915-15,2026-08-31 13:11:00+00:00,0.96,0.959,0.041000000000000036
KXBTC15M-26AUG310915-15,2026-08-31 13:12:00+00:00,0.983,0.982,0.018000000000000016
KXBTC15M-26AUG310915-15,2026-08-31 13:13:00+00:00,0.997,0.996,0.0040000000000000036
KXBTC15M-26AUG310915-15,2026-08-31 13:14:00+00:00,1.0,0.999,0.0010000000000000009
KXBTC15M-26AUG310915-15,2026-08-31 13:15:00+00:00,1.0,0.999,0.0010000000000000009
KXBTC15M-26AUG310915-15,2026-08-31 13:16:00+00:00,1.0,0.0,1.0
KXBTC15M-26AUG310930-30,2026-08-31 13:16:00+00:00,0.35,0.34,0.6599999999999999
KXBTC15M-26AUG310930-30,2026-08-31 13:17:00+00:00,0.44,0.43,0.5700000000000001
KXBTC15M-26AUG310930-30,2026-08-31 13:18:00+00:00,0.35,0.34,0.6599999999999999
KXBTC15M-26AUG310930-30,2026-08-31 13:19:00+00:00,0.21,0.2,0.8
KXBTC15M-26AUG310930-30,2026-08-31 13:20:00+00:00,0.16,0.15,0.85
KXBTC15M-26AUG310930-30,2026-08-31 13:21:00+00:00,0.23,0.22,0.78
KXBTC15M-26AUG310930-30,2026-08-31 13:22:00+00:00,0.34,0.33,0.6699999999999999
KXBTC15M-26AUG310930-30,2026-08-31 13:23:00+00:00,0.16,0.15,0.85
KXBTC15M-26AUG310930-30,2026-08-31 13:24:00+00:00,0.24,0.23,0.77
KXBTC15M-26AUG310930-30,2026-08-31 13:25:00+00:00,0.24,0.23,0.77
KXBTC15M-26AUG310930-30,2026-08-31 13:26:00+00:00,0.057,0.055,0.945
KXBTC15M-26AUG310930-30,2026-08-31 13:27:00+00:00,0.006,0.005,0.995
KXBTC15M-26AUG310930-30,2026-08-31 13:28:00+00:00,0.022,0.021,0.979
KXBTC15M-26AUG310930-30,2026-08-31 13:29:00+00:00,0.016,0.015,0.985
KXBTC15M-26AUG310930-30,2026-08-31 13:30:00+00:00,0.001,0.0,1.0
KXBTC15M-26AUG310930-30,2026-08-31 13:31:00+00:00,1.0,0.0,1.0
KXBTC15M-26AUG310945-45,2026-08-31 13:31:00+00:00,0.73,0.72,0.28
KXBTC15M-26AUG310945-45,2026-08-31 13:32:00+00:00,0.73,0.72,0.28
KXBTC15M-26AUG310945-45,2026-08-31 13:33:00+00:00,0.34,0.33,0.6699999999999999
KXBTC15M-26AUG310945-45,2026-08-31 13:34:00+00:00,0.36,0.35,0.65
KXBTC15M-26AUG310945-45,2026-08-31 13:35:00+00:00,0.5,0.49,0.51
KXBTC15M-26AUG310945-45,2026-08-31 13:36:00+00:00,0.21,0.2,0.8
KXBTC15M-26AUG310945-45,2026-08-31 13:37:00+00:00,0.25,0.24,0.76
KXBTC15M-26AUG310945-45,2026-08-31 13:38:00+00:00,0.31,0.3,0.7
KXBTC15M-26AUG310945-45,2026-08-31 13:39:00+00:00,0.46,0.45,0.55
KXBTC15M-26AUG310945-45,2026-08-31 13:40:00+00:00,0.76,0.75,0.25
KXBTC15M-26AUG310945-45,2026-08-31 13:41:00+00:00,0.66,0.65,0.35
KXBTC15M-26AUG310945-45,2026-08-31 13:42:00+00:00,0.89,0.88,0.12
KXBTC15M-26AUG310945-45,2026-08-31 13:43:00+00:00,0.971,0.97,0.030000000000000027
KXBTC15M-26AUG310945-45,2026-08-31 13:44:00+00:00,0.94,0.926,0.07399999999999995
KXBTC15M-26AUG310945-45,2026-08-31 13:45:00+00:00,1.0,0.999,0.0010000000000000009
KXBTC15M-26AUG310945-45,2026-08-31 13:46:00+00:00,1.0,0.0,1.0
KXBTC15M-26AUG311000-00,2026-08-31 13:46:00+00:00,0.32,0.31,0.69
KXBTC15M-26AUG311000-00,2026-08-31 13:47:00+00:00,0.33,0.32,0.6799999999999999
KXBTC15M-26AUG311000-00,2026-08-31 13:48:00+00:00,0.42,0.41,0.5900000000000001
KXBTC15M-26AUG311000-00,2026-08-31 13:49:00+00:00,0.41,0.4,0.6
KXBTC15M-26AUG311000-00,2026-08-31 13:50:00+00:00,0.31,0.3,0.7
KXBTC15M-26AUG311000-00,2026-08-31 13:51:00+00:00,0.24,0.23,0.77
KXBTC15M-26AUG311000-00,2026-08-31 13:52:00+00:00,0.29,0.28,0.72
KXBTC15M-26AUG311000-00,2026-08-31 13:53:00+00:00,0.15,0.14,0.86
KXBTC15M-26AUG311000-00,2026-08-31 13:54:00+00:00,0.081,0.08,0.92
KXBTC15M-26AUG311000-00,2026-08-31 13:55:00+00:00,0.087,0.086,0.914
KXBTC15M-26AUG311000-00,2026-08-31 13:56:00+00:00,0.19,0.18,0.8200000000000001
KXBTC15M-26AUG311000-00,2026-08-31 13:57:00+00:00,0.22,0.21,0.79
KXBTC15M-26AUG311000-00,2026-08-31 13:58:00+00:00,0.031,0.03,0.97
KXBTC15M-26AUG311000-00,2026-08-31 13:59:00+00:00,0.005,0.004,0.996
KXBTC15M-26AUG311000-00,2026-08-31 14:00:00+00:00,0.001,0.0,1.0
KXBTC15M-26AUG311000-00,2026-08-31 14:01:00+00:00,1.0,0.0,1.0
KXBTC15M-26AUG311015-15,2026-08-31 14:01:00+00:00,0.5,0.49,0.51
KXBTC15M-26AUG311015-15,2026-08-31 14:02:00+00:00,0.52,0.51,0.49
KXBTC15M-26AUG311015-15,2026-08-31 14:03:00+00:00,0.69,0.68,0.31999999999999995
KXBTC15M-26AUG311015-15,2026-08-31 14:04:00+00:00,0.81,0.8,0.19999999999999996
KXBTC15M-26AUG311015-15,2026-08-31 14:05:00+00:00,0.72,0.71,0.29000000000000004
KXBTC15M-26AUG311015-15,2026-08-31 14:06:00+00:00,0.79,0.78,0.21999999999999997
KXBTC15M-26AUG311015-15,2026-08-31 14:07:00+00:00,0.55,0.54,0.45999999999999996
KXBTC15M-26AUG311015-15,2026-08-31 14:08:00+00:00,0.46,0.45,0.55
KXBTC15M-26AUG311015-15,2026-08-31 14:09:00+00:00,0.911,0.91,0.08999999999999997
KXBTC15M-26AUG311015-15,2026-08-31 14:10:00+00:00,0.86,0.85,0.15000000000000002
KXBTC15M-26AUG311015-15,2026-08-31 14:11:00+00:00,0.9,0.89,0.10999999999999999
KXBTC15M-26AUG311015-15,2026-08-31 14:12:00+00:00,0.73,0.72,0.28
KXBTC15M-26AUG311015-15,2026-08-31 14:13:00+00:00,0.81,0.8,0.19999999999999996
KXBTC15M-26AUG311015-15,2026-08-31 14:14:00+00:00,0.994,0.993,0.007000000000000006
KXBTC15M-26AUG311015-15,2026-08-31 14:15:00+00:00,1.0,0.999,0.0010000000000000009
KXBTC15M-26AUG311015-15,2026-08-31 14:16:00+00:00,1.0,0.0,1.0
KXBTC15M-26AUG311030-30,2026-08-31 14:16:00+00:00,0.38,0.37,0.63
KXBTC15M-26AUG311030-30,2026-08-31 14:17:00+00:00,0.47,0.46,0.54
KXBTC15M-26AUG311030-30,2026-08-31 14:18:00+00:00,0.46,0.45,0.55
KXBTC15M-26AUG311030-30,2026-08-31 14:19:00+00:00,0.6,0.59,0.41000000000000003
KXBTC15M-26AUG311030-30,2026-08-31 14:20:00+00:00,0.63,0.62,0.38
KXBTC15M-26AUG311030-30,2026-08-31 14:21:00+00:00,0.53,0.52,0.48
KXBTC15M-26AUG311030-30,2026-08-31 14:22:00+00:00,0.51,0.5,0.5
KXBTC15M-26AUG311030-30,2026-08-31 14:23:00+00:00,0.56,0.55,0.44999999999999996
KXBTC15M-26AUG311030-30,2026-08-31 14:24:00+00:00,0.33,0.32,0.6799999999999999
KXBTC15M-26AUG311030-30,2026-08-31 14:25:00+00:00,0.12,0.11,0.89
KXBTC15M-26AUG311030-30,2026-08-31 14:26:00+00:00,0.18,0.17,0.83
KXBTC15M-26AUG311030-30,2026-08-31 14:27:00+00:00,0.087,0.086,0.914
KXBTC15M-26AUG311030-30,2026-08-31 14:28:00+00:00,0.041,0.04,0.96
KXBTC15M-26AUG311030-30,2026-08-31 14:29:00+00:00,0.83,0.82,0.18000000000000005
KXBTC15M-26AUG311030-30,2026-08-31 14:30:00+00:00,1.0,0.999,0.0010000000000000009
KXBTC15M-26AUG311030-30,2026-08-31 14:31:00+00:00,1.0,0.0,1.0
KXBTC15M-26AUG311045-45,2026-08-31 14:31:00+00:00,0.62,0.61,0.39
KXBTC15M-26AUG311045-45,2026-08-31 14:32:00+00:00,0.61,0.6,0.4
KXBTC15M-26AUG311045-45,2026-08-31 14:33:00+00:00,0.59,0.58,0.42000000000000004
KXBTC15M-26AUG311045-45,2026-08-31 14:34:00+00:00,0.58,0.57,0.43000000000000005
KXBTC15M-26AUG311045-45,2026-08-31 14:35:00+00:00,0.45,0.44,0.56
KXBTC15M-26AUG311045-45,2026-08-31 14:36:00+00:00,0.74,0.73,0.27
KXBTC15M-26AUG311045-45,2026-08-31 14:37:00+00:00,0.83,0.82,0.18000000000000005
KXBTC15M-26AUG311045-45,2026-08-31 14:38:00+00:00,0.81,0.8,0.19999999999999996
KXBTC15M-26AUG311045-45,2026-08-31 14:39:00+00:00,0.9,0.89,0.10999999999999999
KXBTC15M-26AUG311045-45,2026-08-31 14:40:00+00:00,0.911,0.91,0.08999999999999997
KXBTC15M-26AUG311045-45,2026-08-31 14:41:00+00:00,0.987,0.986,0.014000000000000012
KXBTC15M-26AUG311045-45,2026-08-31 14:42:00+00:00,1.0,0.999,0.0010000000000000009
KXBTC15M-26AUG311045-45,2026-08-31 14:43:00+00:00,0.999,0.998,0.0020000000000000018
KXBTC15M-26AUG311045-45,2026-08-31 14:44:00+00:00,1.0,0.999,0.0010000000000000009
KXBTC15M-26AUG311045-45,2026-08-31 14:45:00+00:00,1.0,0.999,0.0010000000000000009
KXBTC15M-26AUG311045-45,2026-08-31 14:46:00+00:00,1.0,0.0,1.0
KXBTC15M-26AUG311100-00,2026-08-31 14:46:00+00:00,0.32,0.31,0.69
KXBTC15M-26AUG311100-00,2026-08-31 14:47:00+00:00,0.23,0.22,0.78
KXBTC15M-26AUG311100-00,2026-08-31 14:48:00+00:00,0.4,0.39,0.61
KXBTC15M-26AUG311100-00,2026-08-31 14:49:00+00:00,0.25,0.24,0.76
KXBTC15M-26AUG311100-00,2026-08-31 14:50:00+00:00,0.18,0.17,0.83
KXBTC15M-26AUG311100-00,2026-08-31 14:51:00+00:00,0.14,0.13,0.87
KXBTC15M-26AUG311100-00,2026-08-31 14:52:00+00:00,0.13,0.12,0.88
KXBTC15M-26AUG311100-00,2026-08-31 14:53:00+00:00,0.17,0.16,0.84
KXBTC15M-26AUG311100-00,2026-08-31 14:54:00+00:00,0.081,0.08,0.92
KXBTC15M-26AUG311100-00,2026-08-31 14:55:00+00:00,0.094,0.093,0.907
KXBTC15M-26AUG311100-00,2026-08-31 14:56:00+00:00,0.093,0.092,0.908
KXBTC15M-26AUG311100-00,2026-08-31 14:57:00+00:00,0.55,0.54,0.45999999999999996
KXBTC15M-26AUG311100-00,2026-08-31 14:58:00+00:00,0.28,0.27,0.73
KXBTC15M-26AUG311100-00,2026-08-31 14:59:00+00:00,0.83,0.82,0.18000000000000005
KXBTC15M-26AUG311100-00,2026-08-31 15:00:00+00:00,1.0,0.999,0.0010000000000000009
KXBTC15M-26AUG311100-00,2026-08-31 15:01:00+00:00,1.0,0.0,1.0
KXBTC15M-26AUG311115-15,2026-08-31 15:01:00+00:00,0.46,0.45,0.55
KXBTC15M-26AUG311115-15,2026-08-31 15:02:00+00:00,0.43,0.42,0.5800000000000001
KXBTC15M-26AUG311115-15,2026-08-31 15:03:00+00:00,0.29,0.28,0.72
KXBTC15M-26AUG311115-15,2026-08-31 15:04:00+00:00,0.39,0.38,0.62
KXBTC15M-26AUG311115-15,2026-08-31 15:05:00+00:00,0.24,0.23,0.77
KXBTC15M-26AUG311115-15,2026-08-31 15:06:00+00:00,0.17,0.16,0.84
KXBTC15M-26AUG311115-15,2026-08-31 15:07:00+00:00,0.29,0.28,0.72
KXBTC15M-26AUG311115-15,2026-08-31 15:08:00+00:00,0.19,0.18,0.8200000000000001
KXBTC15M-26AUG311115-15,2026-08-31 15:09:00+00:00,0.27,0.26,0.74
KXBTC15M-26AUG311115-15,2026-08-31 15:10:00+00:00,0.23,0.22,0.78
KXBTC15M-26AUG311115-15,2026-08-31 15:11:00+00:00,0.11,0.1,0.9
KXBTC15M-26AUG311115-15,2026-08-31 15:12:00+00:00,0.026,0.025,0.975
KXBTC15M-26AUG311115-15,2026-08-31 15:13:00+00:00,0.005,0.004,0.996
KXBTC15M-26AUG311115-15,2026-08-31 15:14:00+00:00,0.001,0.0,1.0
KXBTC15M-26AUG311115-15,2026-08-31 15:15:00+00:00,0.001,0.0,1.0
KXBTC15M-26AUG311115-15,2026-08-31 15:16:00+00:00,1.0,0.0,1.0
KXBTC15M-26AUG311130-30,2026-08-31 15:16:00+00:00,0.48,0.47,0.53
KXBTC15M-26AUG311130-30,2026-08-31 15:17:00+00:00,0.61,0.6,0.4
KXBTC15M-26AUG311130-30,2026-08-31 15:18:00+00:00,0.48,0.47,0.53
KXBTC15M-26AUG311130-30,2026-08-31 15:19:00+00:00,0.31,0.3,0.7
KXBTC15M-26AUG311130-30,2026-08-31 15:20:00+00:00,0.29,0.28,0.72
KXBTC15M-26AUG311130-30,2026-08-31 15:21:00+00:00,0.45,0.44,0.56
KXBTC15M-26AUG311130-30,2026-08-31 15:22:00+00:00,0.64,0.63,0.37
KXBTC15M-26AUG311130-30,2026-08-31 15:23:00+00:00,0.49,0.48,0.52
KXBTC15M-26AUG311130-30,2026-08-31 15:24:00+00:00,0.57,0.56,0.43999999999999995
KXBTC15M-26AUG311130-30,2026-08-31 15:25:00+00:00,0.59,0.58,0.42000000000000004
KXBTC15M-26AUG311130-30,2026-08-31 15:26:00+00:00,0.4,0.39,0.61
KXBTC15M-26AUG311130-30,2026-08-31 15:27:00+00:00,0.5,0.49,0.51
KXBTC15M-26AUG311130-30,2026-08-31 15:28:00+00:00,0.9,0.89,0.10999999999999999
KXBTC15M-26AUG311130-30,2026-08-31 15:29:00+00:00,0.999,0.998,0.0020000000000000018
KXBTC15M-26AUG311130-30,2026-08-31 15:30:00+00:00,1.0,0.999,0.0010000000000000009
KXBTC15M-26AUG311130-30,2026-08-31 15:31:00+00:00,1.0,0.0,1.0
KXBTC15M-26AUG311145-45,2026-08-31 15:31:00+00:00,0.56,0.55,0.44999999999999996
KXBTC15M-26AUG311145-45,2026-08-31 15:32:00+00:00,0.56,0.55,0.44999999999999996
KXBTC15M-26AUG311145-45,2026-08-31 15:33:00+00:00,0.67,0.66,0.33999999999999997
KXBTC15M-26AUG311145-45,2026-08-31 15:34:00+00:00,0.66,0.65,0.35
KXBTC15M-26AUG311145-45,2026-08-31 15:35:00+00:00,0.65,0.64,0.36
KXBTC15M-26AUG311145-45,2026-08-31 15:36:00+00:00,0.71,0.7,0.30000000000000004
KXBTC15M-26AUG311145-45,2026-08-31 15:37:00+00:00,0.78,0.77,0.22999999999999998
KXBTC15M-26AUG311145-45,2026-08-31 15:38:00+00:00,0.82,0.81,0.18999999999999995
KXBTC15M-26AUG311145-45,2026-08-31 15:39:00+00:00,0.64,0.63,0.37
KXBTC15M-26AUG311145-45,2026-08-31 15:40:00+00:00,0.77,0.76,0.24
KXBTC15M-26AUG311145-45,2026-08-31 15:41:00+00:00,0.76,0.75,0.25
KXBTC15M-26AUG311145-45,2026-08-31 15:42:00+00:00,0.88,0.87,0.13
KXBTC15M-26AUG311145-45,2026-08-31 15:43:00+00:00,0.995,0.994,0.006000000000000005
KXBTC15M-26AUG311145-45,2026-08-31 15:44:00+00:00,0.999,0.998,0.0020000000000000018
KXBTC15M-26AUG311145-45,2026-08-31 15:45:00+00:00,1.0,0.999,0.0010000000000000009
KXBTC15M-26AUG311145-45,2026-08-31 15:46:00+00:00,1.0,0.0,1.0
KXBTC15M-26AUG311200-00,2026-08-31 15:46:00+00:00,0.4,0.39,0.61
KXBTC15M-26AUG311200-00,2026-08-31 15:47:00+00:00,0.35,0.34,0.6599999999999999
KXBTC15M-26AUG311200-00,2026-08-31 15:48:00+00:00,0.34,0.33,0.6699999999999999
KXBTC15M-26AUG311200-00,2026-08-31 15:49:00+00:00,0.31,0.3,0.7
KXBTC15M-26AUG311200-00,2026-08-31 15:50:00+00:00,0.34,0.33,0.6699999999999999
KXBTC15M-26AUG311200-00,2026-08-31 15:51:00+00:00,0.29,0.28,0.72
KXBTC15M-26AUG311200-00,2026-08-31 15:52:00+00:00,0.31,0.3,0.7
KXBTC15M-26AUG311200-00,2026-08-31 15:53:00+00:00,0.2,0.19,0.81
KXBTC15M-26AUG311200-00,2026-08-31 15:54:00+00:00,0.091,0.09,0.91
KXBTC15M-26AUG311200-00,2026-08-31 15:55:00+00:00,0.1,0.099,0.901
KXBTC15M-26AUG311200-00,2026-08-31 15:56:00+00:00,0.085,0.084,0.916
KXBTC15M-26AUG311200-00,2026-08-31 15:57:00+00:00,0.044,0.043,0.957
KXBTC15M-26AUG311200-00,2026-08-31 15:58:00+00:00,0.008,0.007,0.993
KXBTC15M-26AUG311200-00,2026-08-31 15:59:00+00:00,0.002,0.001,0.999
KXBTC15M-26AUG311200-00,2026-08-31 16:00:00+00:00,0.001,0.0,1.0
KXBTC15M-26AUG311200-00,2026-08-31 16:01:00+00:00,1.0,0.0,1.0
KXBTC15M-26AUG311215-15,2026-08-31 16:01:00+00:00,0.5,0.49,0.51
KXBTC15M-26AUG311215-15,2026-08-31 16:02:00+00:00,0.61,0.6,0.4
KXBTC15M-26AUG311215-15,2026-08-31 16:03:00+00:00,0.75,0.74,0.26
KXBTC15M-26AUG311215-15,2026-08-31 16:04:00+00:00,0.61,0.6,0.4
KXBTC15M-26AUG311215-15,2026-08-31 16:05:00+00:00,0.59,0.58,0.42000000000000004
KXBTC15M-26AUG311215-15,2026-08-31 16:06:00+00:00,0.57,0.56,0.43999999999999995
KXBTC15M-26AUG311215-15,2026-08-31 16:07:00+00:00,0.75,0.74,0.26
KXBTC15M-26AUG311215-15,2026-08-31 16:08:00+00:00,0.71,0.7,0.30000000000000004
KXBTC15M-26AUG311215-15,2026-08-31 16:09:00+00:00,0.39,0.38,0.62
KXBTC15M-26AUG311215-15,2026-08-31 16:10:00+00:00,0.65,0.64,0.36
KXBTC15M-26AUG311215-15,2026-08-31 16:11:00+00:00,0.957,0.955,0.04500000000000004
KXBTC15M-26AUG311215-15,2026-08-31 16:12:00+00:00,0.988,0.986,0.014000000000000012
KXBTC15M-26AUG311215-15,2026-08-31 16:13:00+00:00,0.995,0.994,0.006000000000000005
KXBTC15M-26AUG311215-15,2026-08-31 16:14:00+00:00,1.0,0.999,0.0010000000000000009
KXBTC15M-26AUG311215-15,2026-08-31 16:15:00+00:00,1.0,0.999,0.0010000000000000009
KXBTC15M-26AUG311215-15,2026-08-31 16:16:00+00:00,1.0,0.0,1.0
KXBTC15M-26AUG311230-30,2026-08-31 16:16:00+00:00,0.36,0.35,0.65
KXBTC15M-26AUG311230-30,2026-08-31 16:17:00+00:00,0.3,0.29,0.71
KXBTC15M-26AUG311230-30,2026-08-31 16:18:00+00:00,0.23,0.22,0.78
KXBTC15M-26AUG311230-30,2026-08-31 16:19:00+00:00,0.45,0.44,0.56
KXBTC15M-26AUG311230-30,2026-08-31 16:20:00+00:00,0.56,0.55,0.44999999999999996
KXBTC15M-26AUG311230-30,2026-08-31 16:21:00+00:00,0.53,0.52,0.48
KXBTC15M-26AUG311230-30,2026-08-31 16:22:00+00:00,0.31,0.3,0.7
KXBTC15M-26AUG311230-30,2026-08-31 16:23:00+00:00,0.3,0.29,0.71
KXBTC15M-26AUG311230-30,2026-08-31 16:24:00+00:00,0.23,0.22,0.78
KXBTC15M-26AUG311230-30,2026-08-31 16:25:00+00:00,0.17,0.16,0.84
KXBTC15M-26AUG311230-30,2026-08-31 16:26:00+00:00,0.24,0.23,0.77
KXBTC15M-26AUG311230-30,2026-08-31 16:27:00+00:00,0.099,0.098,0.902
KXBTC15M-26AUG311230-30,2026-08-31 16:28:00+00:00,0.02,0.019,0.981
KXBTC15M-26AUG311230-30,2026-08-31 16:29:00+00:00,0.001,0.0,1.0
KXBTC15M-26AUG311230-30,2026-08-31 16:30:00+00:00,0.001,0.0,1.0
KXBTC15M-26AUG311230-30,2026-08-31 16:31:00+00:00,1.0,0.0,1.0
KXBTC15M-26AUG311245-45,2026-08-31 16:31:00+00:00,0.59,0.58,0.42000000000000004
KXBTC15M-26AUG311245-45,2026-08-31 16:32:00+00:00,0.54,0.53,0.47
KXBTC15M-26AUG311245-45,2026-08-31 16:33:00+00:00,0.52,0.51,0.49
KXBTC15M-26AUG311245-45,2026-08-31 16:34:00+00:00,0.39,0.38,0.62
KXBTC15M-26AUG311245-45,2026-08-31 16:35:00+00:00,0.46,0.45,0.55
KXBTC15M-26AUG311245-45,2026-08-31 16:36:00+00:00,0.42,0.41,0.5900000000000001
KXBTC15M-26AUG311245-45,2026-08-31 16:37:00+00:00,0.57,0.56,0.43999999999999995
KXBTC15M-26AUG311245-45,2026-08-31 16:38:00+00:00,0.5,0.49,0.51
KXBTC15M-26AUG311245-45,2026-08-31 16:39:00+00:00,0.32,0.31,0.69
KXBTC15M-26AUG311245-45,2026-08-31 16:40:00+00:00,0.26,0.25,0.75
KXBTC15M-26AUG311245-45,2026-08-31 16:41:00+00:00,0.27,0.26,0.74
KXBTC15M-26AUG311245-45,2026-08-31 16:42:00+00:00,0.55,0.54,0.45999999999999996
KXBTC15M-26AUG311245-45,2026-08-31 16:43:00+00:00,0.47,0.46,0.54
KXBTC15M-26AUG311245-45,2026-08-31 16:44:00+00:00,0.982,0.98,0.020000000000000018
KXBTC15M-26AUG311245-45,2026-08-31 16:45:00+00:00,1.0,0.999,0.0010000000000000009
KXBTC15M-26AUG311245-45,2026-08-31 16:46:00+00:00,1.0,0.0,1.0
KXBTC15M-26AUG311300-00,2026-08-31 16:46:00+00:00,0.46,0.45,0.55
KXBTC15M-26AUG311300-00,2026-08-31 16:47:00+00:00,0.35,0.34,0.6599999999999999
KXBTC15M-26AUG311300-00,2026-08-31 16:48:00+00:00,0.47,0.46,0.54
KXBTC15M-26AUG311300-00,2026-08-31 16:49:00+00:00,0.49,0.48,0.52
KXBTC15M-26AUG311300-00,2026-08-31 16:50:00+00:00,0.44,0.43,0.5700000000000001
KXBTC15M-26AUG311300-00,2026-08-31 16:51:00+00:00,0.38,0.37,0.63
KXBTC15M-26AUG311300-00,2026-08-31 16:52:00+00:00,0.29,0.28,0.72
KXBTC15M-26AUG311300-00,2026-08-31 16:53:00+00:00,0.36,0.35,0.65
KXBTC15M-26AUG311300-00,2026-08-31 16:54:00+00:00,0.5,0.49,0.51
KXBTC15M-26AUG311300-00,2026-08-31 16:55:00+00:00,0.53,0.52,0.48
KXBTC15M-26AUG311300-00,2026-08-31 16:56:00+00:00,0.87,0.86,0.14
KXBTC15M-26AUG311300-00,2026-08-31 16:57:00+00:00,0.5,0.49,0.51
KXBTC15M-26AUG311300-00,2026-08-31 16:58:00+00:00,0.29,0.28,0.72
KXBTC15M-26AUG311300-00,2026-08-31 16:59:00+00:00,0.01,0.009,0.991
KXBTC15M-26AUG311300-00,2026-08-31 17:00:00+00:00,0.001,0.0,1.0
KXBTC15M-26AUG311300-00,2026-08-31 17:01:00+00:00,1.0,0.0,1.0
KXBTC15M-26AUG311315-15,2026-08-31 17:01:00+00:00,0.51,0.5,0.5
KXBTC15M-26AUG311315-15,2026-08-31 17:02:00+00:00,0.49,0.48,0.52
KXBTC15M-26AUG311315-15,2026-08-31 17:03:00+00:00,0.64,0.63,0.37
KXBTC15M-26AUG311315-15,2026-08-31 17:04:00+00:00,0.65,0.64,0.36
KXBTC15M-26AUG311315-15,2026-08-31 17:05:00+00:00,0.61,0.6,0.4
KXBTC15M-26AUG311315-15,2026-08-31 17:06:00+00:00,0.67,0.66,0.33999999999999997
KXBTC15M-26AUG311315-15,2026-08-31 17:07:00+00:00,0.65,0.64,0.36
KXBTC15M-26AUG311315-15,2026-08-31 17:08:00+00:00,0.67,0.66,0.33999999999999997
KXBTC15M-26AUG311315-15,2026-08-31 17:09:00+00:00,0.78,0.77,0.22999999999999998
KXBTC15M-26AUG311315-15,2026-08-31 17:10:00+00:00,0.89,0.88,0.12
KXBTC15M-26AUG311315-15,2026-08-31 17:11:00+00:00,0.8,0.79,0.20999999999999996
KXBTC15M-26AUG311315-15,2026-08-31 17:12:00+00:00,0.95,0.949,0.051000000000000045
KXBTC15M-26AUG311315-15,2026-08-31 17:13:00+00:00,0.993,0.992,0.008000000000000007
KXBTC15M-26AUG311315-15,2026-08-31 17:14:00+00:00,1.0,0.999,0.0010000000000000009
KXBTC15M-26AUG311315-15,2026-08-31 17:15:00+00:00,1.0,0.999,0.0010000000000000009
KXBTC15M-26AUG311315-15,2026-08-31 17:16:00+00:00,1.0,0.0,1.0
KXBTC15M-26AUG311330-30,2026-08-31 17:16:00+00:00,0.42,0.41,0.5900000000000001
KXBTC15M-26AUG311330-30,2026-08-31 17:17:00+00:00,0.25,0.24,0.76
KXBTC15M-26AUG311330-30,2026-08-31 17:18:00+00:00,0.14,0.13,0.87
KXBTC15M-26AUG311330-30,2026-08-31 17:19:00+00:00,0.2,0.19,0.81
KXBTC15M-26AUG311330-30,2026-08-31 17:20:00+00:00,0.23,0.22,0.78
KXBTC15M-26AUG311330-30,2026-08-31 17:21:00+00:00,0.13,0.12,0.88
KXBTC15M-26AUG311330-30,2026-08-31 17:22:00+00:00,0.086,0.085,0.915
KXBTC15M-26AUG311330-30,2026-08-31 17:23:00+00:00,0.12,0.11,0.89
KXBTC15M-26AUG311330-30,2026-08-31 17:24:00+00:00,0.063,0.062,0.938
KXBTC15M-26AUG311330-30,2026-08-31 17:25:00+00:00,0.022,0.02,0.98
KXBTC15M-26AUG311330-30,2026-08-31 17:26:00+00:00,0.018,0.016,0.984
KXBTC15M-26AUG311330-30,2026-08-31 17:27:00+00:00,0.003,0.002,0.998
KXBTC15M-26AUG311330-30,2026-08-31 17:28:00+00:00,0.003,0.002,0.998
KXBTC15M-26AUG311330-30,2026-08-31 17:29:00+00:00,0.001,0.0,1.0
KXBTC15M-26AUG311330-30,2026-08-31 17:30:00+00:00,0.001,0.0,1.0
KXBTC15M-26AUG311330-30,2026-08-31 17:31:00+00:00,1.0,0.0,1.0
KXBTC15M-26AUG311345-45,2026-08-31 17:31:00+00:00,0.67,0.66,0.33999999999999997
KXBTC15M-26AUG311345-45,2026-08-31 17:32:00+00:00,0.66,0.65,0.35
KXBTC15M-26AUG311345-45,2026-08-31 17:33:00+00:00,0.71,0.7,0.30000000000000004
KXBTC15M-26AUG311345-45,2026-08-31 17:34:00+00:00,0.8,0.79,0.20999999999999996
KXBTC15M-26AUG311345-45,2026-08-31 17:35:00+00:00,0.83,0.82,0.18000000000000005
KXBTC15M-26AUG311345-45,2026-08-31 17:36:00+00:00,0.84,0.83,0.17000000000000004
KXBTC15M-26AUG311345-45,2026-08-31 17:37:00+00:00,0.85,0.84,0.16000000000000003
KXBTC15M-26AUG311345-45,2026-08-31 17:38:00+00:00,0.932,0.931,0.06899999999999995
KXBTC15M-26AUG311345-45,2026-08-31 17:39:00+00:00,0.971,0.97,0.030000000000000027
KXBTC15M-26AUG311345-45,2026-08-31 17:40:00+00:00,0.987,0.986,0.014000000000000012
KXBTC15M-26AUG311345-45,2026-08-31 17:41:00+00:00,0.991,0.989,0.01100000000000001
KXBTC15M-26AUG311345-45,2026-08-31 17:42:00+00:00,0.994,0.993,0.007000000000000006
KXBTC15M-26AUG311345-45,2026-08-31 17:43:00+00:00,1.0,0.999,0.0010000000000000009
KXBTC15M-26AUG311345-45,2026-08-31 17:44:00+00:00,1.0,0.999,0.0010000000000000009
KXBTC15M-26AUG311345-45,2026-08-31 17:45:00+00:00,1.0,0.999,0.0010000000000000009
KXBTC15M-26AUG311345-45,2026-08-31 17:46:00+00:00,1.0,0.0,1.0
KXBTC15M-26AUG311400-00,2026-08-31 17:46:00+00:00,0.43,0.42,0.5800000000000001
KXBTC15M-26AUG311400-00,2026-08-31 17:47:00+00:00,0.45,0.44,0.56
KXBTC15M-26AUG311400-00,2026-08-31 17:48:00+00:00,0.42,0.41,0.5900000000000001
KXBTC15M-26AUG311400-00,2026-08-31 17:49:00+00:00,0.46,0.45,0.55
KXBTC15M-26AUG311400-00,2026-08-31 17:50:00+00:00,0.36,0.35,0.65
KXBTC15M-26AUG311400-00,2026-08-31 17:51:00+00:00,0.41,0.4,0.6
KXBTC15M-26AUG311400-00,2026-08-31 17:52:00+00:00,0.5,0.49,0.51
KXBTC15M-26AUG311400-00,2026-08-31 17:53:00+00:00,0.55,0.54,0.45999999999999996
KXBTC15M-26AUG311400-00,2026-08-31 17:54:00+00:00,0.49,0.48,0.52
KXBTC15M-26AUG311400-00,2026-08-31 17:55:00+00:00,0.62,0.61,0.39
KXBTC15M-26AUG311400-00,2026-08-31 17:56:00+00:00,0.66,0.65,0.35
KXBTC15M-26AUG311400-00,2026-08-31 17:57:00+00:00,0.83,0.82,0.18000000000000005
KXBTC15M-26AUG311400-00,2026-08-31 17:58:00+00:00,0.58,0.57,0.43000000000000005
KXBTC15M-26AUG311400-00,2026-08-31 17:59:00+00:00,0.52,0.51,0.49
KXBTC15M-26AUG311400-00,2026-08-31 18:00:00+00:00,1.0,0.999,0.0010000000000000009
KXBTC15M-26AUG311400-00,2026-08-31 18:01:00+00:00,1.0,0.0,1.0
KXBTC15M-26AUG311415-15,2026-08-31 18:01:00+00:00,0.29,0.28,0.72
KXBTC15M-26AUG311415-15,2026-08-31 18:02:00+00:00,0.27,0.26,0.74
KXBTC15M-26AUG311415-15,2026-08-31 18:03:00+00:00,0.25,0.24,0.76
KXBTC15M-26AUG311415-15,2026-08-31 18:04:00+00:00,0.25,0.24,0.76
KXBTC15M-26AUG311415-15,2026-08-31 18:05:00+00:00,0.19,0.18,0.8200000000000001
KXBTC15M-26AUG311415-15,2026-08-31 18:06:00+00:00,0.12,0.11,0.89
KXBTC15M-26AUG311415-15,2026-08-31 18:07:00+00:00,0.34,0.33,0.6699999999999999
KXBTC15M-26AUG311415-15,2026-08-31 18:08:00+00:00,0.26,0.25,0.75
KXBTC15M-26AUG311415-15,2026-08-31 18:09:00+00:00,0.15,0.14,0.86
KXBTC15M-26AUG311415-15,2026-08-31 18:10:00+00:00,0.17,0.16,0.84
KXBTC15M-26AUG311415-15,2026-08-31 18:11:00+00:00,0.14,0.13,0.87
KXBTC15M-26AUG311415-15,2026-08-31 18:12:00+00:00,0.14,0.13,0.87
KXBTC15M-26AUG311415-15,2026-08-31 18:13:00+00:00,0.23,0.22,0.78
KXBTC15M-26AUG311415-15,2026-08-31 18:14:00+00:00,0.021,0.02,0.98
KXBTC15M-26AUG311415-15,2026-08-31 18:15:00+00:00,1.0,0.999,0.0010000000000000009
KXBTC15M-26AUG311415-15,2026-08-31 18:16:00+00:00,1.0,0.999,0.0010000000000000009
KXBTC15M-26AUG311415-15,2026-08-31 18:21:00+00:00,1.0,0.0,1.0
KXBTC15M-26AUG311430-30,2026-08-31 18:16:00+00:00,0.63,0.62,0.38
KXBTC15M-26AUG311430-30,2026-08-31 18:17:00+00:00,0.74,0.72,0.28
KXBTC15M-26AUG311430-30,2026-08-31 18:18:00+00:00,0.71,0.7,0.30000000000000004
KXBTC15M-26AUG311430-30,2026-08-31 18:19:00+00:00,0.85,0.84,0.16000000000000003
KXBTC15M-26AUG311430-30,2026-08-31 18:20:00+00:00,0.85,0.84,0.16000000000000003
KXBTC15M-26AUG311430-30,2026-08-31 18:21:00+00:00,0.8,0.79,0.20999999999999996
KXBTC15M-26AUG311430-30,2026-08-31 18:22:00+00:00,0.72,0.71,0.29000000000000004
KXBTC15M-26AUG311430-30,2026-08-31 18:23:00+00:00,0.59,0.58,0.42000000000000004
KXBTC15M-26AUG311430-30,2026-08-31 18:24:00+00:00,0.49,0.48,0.52
KXBTC15M-26AUG311430-30,2026-08-31 18:25:00+00:00,0.41,0.4,0.6
KXBTC15M-26AUG311430-30,2026-08-31 18:26:00+00:00,0.23,0.22,0.78
KXBTC15M-26AUG311430-30,2026-08-31 18:27:00+00:00,0.2,0.19,0.81
KXBTC15M-26AUG311430-30,2026-08-31 18:28:00+00:00,0.63,0.62,0.38
KXBTC15M-26AUG311430-30,2026-08-31 18:29:00+00:00,0.47,0.45,0.55
KXBTC15M-26AUG311430-30,2026-08-31 18:30:00+00:00,0.036,0.011,0.989
KXBTC15M-26AUG311430-30,2026-08-31 18:31:00+00:00,1.0,0.0,1.0
KXBTC15M-26AUG311445-45,2026-08-31 18:31:00+00:00,0.52,0.51,0.49
KXBTC15M-26AUG311445-45,2026-08-31 18:32:00+00:00,0.49,0.48,0.52
KXBTC15M-26AUG311445-45,2026-08-31 18:33:00+00:00,0.62,0.61,0.39
KXBTC15M-26AUG311445-45,2026-08-31 18:34:00+00:00,0.47,0.46,0.54
KXBTC15M-26AUG311445-45,2026-08-31 18:35:00+00:00,0.47,0.46,0.54
KXBTC15M-26AUG311445-45,2026-08-31 18:36:00+00:00,0.64,0.63,0.37
KXBTC15M-26AUG311445-45,2026-08-31 18:37:00+00:00,0.71,0.7,0.30000000000000004
KXBTC15M-26AUG311445-45,2026-08-31 18:38:00+00:00,0.87,0.86,0.14
KXBTC15M-26AUG311445-45,2026-08-31 18:39:00+00:00,0.74,0.73,0.27
KXBTC15M-26AUG311445-45,2026-08-31 18:40:00+00:00,0.87,0.86,0.14
KXBTC15M-26AUG311445-45,2026-08-31 18:41:00+00:00,0.97,0.969,0.031000000000000028
KXBTC15M-26AUG311445-45,2026-08-31 18:42:00+00:00,0.984,0.981,0.019000000000000017
KXBTC15M-26AUG311445-45,2026-08-31 18:43:00+00:00,0.999,0.998,0.0020000000000000018
KXBTC15M-26AUG311445-45,2026-08-31 18:44:00+00:00,0.999,0.998,0.0020000000000000018
KXBTC15M-26AUG311445-45,2026-08-31 18:45:00+00:00,1.0,0.999,0.0010000000000000009
KXBTC15M-26AUG311445-45,2026-08-31 18:46:00+00:00,1.0,0.0,1.0
KXBTC15M-26AUG311500-00,2026-08-31 18:46:00+00:00,0.33,0.32,0.6799999999999999
KXBTC15M-26AUG311500-00,2026-08-31 18:47:00+00:00,0.22,0.21,0.79
KXBTC15M-26AUG311500-00,2026-08-31 18:48:00+00:00,0.26,0.25,0.75
KXBTC15M-26AUG311500-00,2026-08-31 18:49:00+00:00,0.3,0.29,0.71
KXBTC15M-26AUG311500-00,2026-08-31 18:50:00+00:00,0.3,0.29,0.71
KXBTC15M-26AUG311500-00,2026-08-31 18:51:00+00:00,0.19,0.18,0.8200000000000001
KXBTC15M-26AUG311500-00,2026-08-31 18:52:00+00:00,0.2,0.19,0.81
KXBTC15M-26AUG311500-00,2026-08-31 18:53:00+00:00,0.11,0.1,0.9
KXBTC15M-26AUG311500-00,2026-08-31 18:54:00+00:00,0.062,0.061,0.9390000000000001
KXBTC15M-26AUG311500-00,2026-08-31 18:55:00+00:00,0.051,0.05,0.95
KXBTC15M-26AUG311500-00,2026-08-31 18:56:00+00:00,0.04,0.039,0.961
KXBTC15M-26AUG311500-00,2026-08-31 18:57:00+00:00,0.029,0.028,0.972
KXBTC15M-26AUG311500-00,2026-08-31 18:58:00+00:00,0.003,0.002,0.998
KXBTC15M-26AUG311500-00,2026-08-31 18:59:00+00:00,0.001,0.0,1.0
KXBTC15M-26AUG311500-00,2026-08-31 19:00:00+00:00,0.001,0.0,1.0
KXBTC15M-26AUG311500-00,2026-08-31 19:01:00+00:00,1.0,0.0,1.0
KXBTC15M-26AUG311515-15,2026-08-31 19:01:00+00:00,0.62,0.61,0.39
KXBTC15M-26AUG311515-15,2026-08-31 19:02:00+00:00,0.62,0.61,0.39
KXBTC15M-26AUG311515-15,2026-08-31 19:03:00+00:00,0.67,0.66,0.33999999999999997
KXBTC15M-26AUG311515-15,2026-08-31 19:04:00+00:00,0.68,0.67,0.32999999999999996
KXBTC15M-26AUG311515-15,2026-08-31 19:05:00+00:00,0.66,0.65,0.35
KXBTC15M-26AUG311515-15,2026-08-31 19:06:00+00:00,0.76,0.75,0.25
KXBTC15M-26AUG311515-15,2026-08-31 19:07:00+00:00,0.85,0.84,0.16000000000000003
KXBTC15M-26AUG311515-15,2026-08-31 19:08:00+00:00,0.9,0.89,0.10999999999999999
KXBTC15M-26AUG311515-15,2026-08-31 19:09:00+00:00,0.966,0.965,0.03500000000000003
KXBTC15M-26AUG311515-15,2026-08-31 19:10:00+00:00,0.972,0.971,0.029000000000000026
KXBTC15M-26AUG311515-15,2026-08-31 19:11:00+00:00,0.965,0.964,0.03600000000000003
KXBTC15M-26AUG311515-15,2026-08-31 19:12:00+00:00,0.976,0.973,0.027000000000000024
KXBTC15M-26AUG311515-15,2026-08-31 19:13:00+00:00,0.999,0.998,0.0020000000000000018
KXBTC15M-26AUG311515-15,2026-08-31 19:14:00+00:00,1.0,0.999,0.0010000000000000009
KXBTC15M-26AUG311515-15,2026-08-31 19:15:00+00:00,1.0,0.999,0.0010000000000000009
KXBTC15M-26AUG311515-15,2026-08-31 19:16:00+00:00,1.0,0.0,1.0
KXBTC15M-26AUG311530-30,2026-08-31 19:16:00+00:00,0.27,0.26,0.74
KXBTC15M-26AUG311530-30,2026-08-31 19:17:00+00:00,0.24,0.23,0.77
KXBTC15M-26AUG311530-30,2026-08-31 19:18:00+00:00,0.18,0.17,0.83
KXBTC15M-26AUG311530-30,2026-08-31 19:19:00+00:00,0.12,0.11,0.89
KXBTC15M-26AUG311530-30,2026-08-31 19:20:00+00:00,0.081,0.08,0.92
KXBTC15M-26AUG311530-30,2026-08-31 19:21:00+00:00,0.072,0.071,0.929
KXBTC15M-26AUG311530-30,2026-08-31 19:22:00+00:00,0.042,0.041,0.959
KXBTC15M-26AUG311530-30,2026-08-31 19:23:00+00:00,0.052,0.051,0.949
KXBTC15M-26AUG311530-30,2026-08-31 19:24:00+00:00,0.049,0.048,0.952
KXBTC15M-26AUG311530-30,2026-08-31 19:25:00+00:00,0.031,0.029,0.971
KXBTC15M-26AUG311530-30,2026-08-31 19:26:00+00:00,0.016,0.014,0.986
KXBTC15M-26AUG311530-30,2026-08-31 19:27:00+00:00,0.007,0.006,0.994
KXBTC15M-26AUG311530-30,2026-08-31 19:28:00+00:00,0.001,0.0,1.0
KXBTC15M-26AUG311530-30,2026-08-31 19:29:00+00:00,0.003,0.001,0.999
KXBTC15M-26AUG311530-30,2026-08-31 19:30:00+00:00,0.001,0.0,1.0
KXBTC15M-26AUG311530-30,2026-08-31 19:31:00+00:00,1.0,0.0,1.0
KXBTC15M-26AUG311545-45,2026-08-31 19:31:00+00:00,0.66,0.65,0.35
KXBTC15M-26AUG311545-45,2026-08-31 19:32:00+00:00,0.39,0.38,0.62
KXBTC15M-26AUG311545-45,2026-08-31 19:33:00+00:00,0.43,0.42,0.5800000000000001
KXBTC15M-26AUG311545-45,2026-08-31 19:34:00+00:00,0.45,0.44,0.56
KXBTC15M-26AUG311545-45,2026-08-31 19:35:00+00:00,0.54,0.53,0.47
KXBTC15M-26AUG311545-45,2026-08-31 19:36:00+00:00,0.54,0.53,0.47
KXBTC15M-26AUG311545-45,2026-08-31 19:37:00+00:00,0.7,0.69,0.31000000000000005
KXBTC15M-26AUG311545-45,2026-08-31 19:38:00+00:00,0.5,0.49,0.51
KXBTC15M-26AUG311545-45,2026-08-31 19:39:00+00:00,0.53,0.52,0.48
KXBTC15M-26AUG311545-45,2026-08-31 19:40:00+00:00,0.27,0.26,0.74
KXBTC15M-26AUG311545-45,2026-08-31 19:41:00+00:00,0.11,0.1,0.9
KXBTC15M-26AUG311545-45,2026-08-31 19:42:00+00:00,0.013,0.012,0.988
KXBTC15M-26AUG311545-45,2026-08-31 19:43:00+00:00,0.01,0.008,0.992
KXBTC15M-26AUG311545-45,2026-08-31 19:44:00+00:00,0.002,0.001,0.999
KXBTC15M-26AUG311545-45,2026-08-31 19:45:00+00:00,0.001,0.0,1.0
KXBTC15M-26AUG311545-45,2026-08-31 19:46:00+00:00,0.001,0.0,1.0
KXBTC15M-26AUG311545-45,2026-08-31 19:50:00+00:00,0.001,0.0,1.0
KXBTC15M-26AUG311545-45,2026-08-31 19:51:00+00:00,1.0,0.0,1.0
KXBTC15M-26AUG311600-00,2026-08-31 19:46:00+00:00,0.49,0.48,0.52
KXBTC15M-26AUG311600-00,2026-08-31 19:47:00+00:00,0.6,0.59,0.41000000000000003
KXBTC15M-26AUG311600-00,2026-08-31 19:48:00+00:00,0.45,0.44,0.56
KXBTC15M-26AUG311600-00,2026-08-31 19:49:00+00:00,0.6,0.59,0.41000000000000003
KXBTC15M-26AUG311600-00,2026-08-31 19:50:00+00:00,0.75,0.74,0.26
KXBTC15M-26AUG311600-00,2026-08-31 19:51:00+00:00,0.57,0.56,0.43999999999999995
KXBTC15M-26AUG311600-00,2026-08-31 19:52:00+00:00,0.41,0.4,0.6
KXBTC15M-26AUG311600-00,2026-08-31 19:53:00+00:00,0.38,0.37,0.63
KXBTC15M-26AUG311600-00,2026-08-31 19:54:00+00:00,0.29,0.28,0.72
KXBTC15M-26AUG311600-00,2026-08-31 19:55:00+00:00,0.21,0.2,0.8
KXBTC15M-26AUG311600-00,2026-08-31 19:56:00+00:00,0.053,0.052,0.948
KXBTC15M-26AUG311600-00,2026-08-31 19:57:00+00:00,0.05,0.049,0.951
KXBTC15M-26AUG311600-00,2026-08-31 19:58:00+00:00,0.047,0.046,0.954
KXBTC15M-26AUG311600-00,2026-08-31 19:59:00+00:00,0.003,0.002,0.998
KXBTC15M-26AUG311600-00,2026-08-31 20:00:00+00:00,0.001,0.0,1.0
KXBTC15M-26AUG311600-00,2026-08-31 20:01:00+00:00,1.0,0.0,1.0
KXBTC15M-26AUG311615-15,2026-08-31 20:01:00+00:00,0.35,0.34,0.6599999999999999
KXBTC15M-26AUG311615-15,2026-08-31 20:02:00+00:00,0.44,0.43,0.5700000000000001
KXBTC15M-26AUG311615-15,2026-08-31 20:03:00+00:00,0.54,0.53,0.47
KXBTC15M-26AUG311615-15,2026-08-31 20:04:00+00:00,0.4,0.39,0.61
KXBTC15M-26AUG311615-15,2026-08-31 20:05:00+00:00,0.32,0.31,0.69
KXBTC15M-26AUG311615-15,2026-08-31 20:06:00+00:00,0.33,0.32,0.6799999999999999
KXBTC15M-26AUG311615-15,2026-08-31 20:07:00+00:00,0.54,0.53,0.47
KXBTC15M-26AUG311615-15,2026-08-31 20:08:00+00:00,0.58,0.57,0.43000000000000005
KXBTC15M-26AUG311615-15,2026-08-31 20:09:00+00:00,0.6,0.59,0.41000000000000003
KXBTC15M-26AUG311615-15,2026-08-31 20:10:00+00:00,0.6,0.59,0.41000000000000003
KXBTC15M-26AUG311615-15,2026-08-31 20:11:00+00:00,0.57,0.56,0.43999999999999995
KXBTC15M-26AUG311615-15,2026-08-31 20:12:00+00:00,0.49,0.48,0.52
KXBTC15M-26AUG311615-15,2026-08-31 20:13:00+00:00,0.59,0.58,0.42000000000000004
KXBTC15M-26AUG311615-15,2026-08-31 20:14:00+00:00,0.75,0.74,0.26
KXBTC15M-26AUG311615-15,2026-08-31 20:15:00+00:00,1.0,0.999,0.0010000000000000009
KXBTC15M-26AUG311615-15,2026-08-31 20:16:00+00:00,1.0,0.0,1.0
KXBTC15M-26AUG311630-30,2026-08-31 20:16:00+00:00,0.53,0.52,0.48
KXBTC15M-26AUG311630-30,2026-08-31 20:17:00+00:00,0.57,0.56,0.43999999999999995
KXBTC15M-26AUG311630-30,2026-08-31 20:18:00+00:00,0.78,0.77,0.22999999999999998
KXBTC15M-26AUG311630-30,2026-08-31 20:19:00+00:00,0.84,0.83,0.17000000000000004
KXBTC15M-26AUG311630-30,2026-08-31 20:20:00+00:00,0.9,0.89,0.10999999999999999
KXBTC15M-26AUG311630-30,2026-08-31 20:21:00+00:00,0.938,0.937,0.06299999999999994
KXBTC15M-26AUG311630-30,2026-08-31 20:22:00+00:00,0.901,0.9,0.09999999999999998
KXBTC15M-26AUG311630-30,2026-08-31 20:23:00+00:00,0.88,0.87,0.13
KXBTC15M-26AUG311630-30,2026-08-31 20:24:00+00:00,0.86,0.85,0.15000000000000002
KXBTC15M-26AUG311630-30,2026-08-31 20:25:00+00:00,0.88,0.87,0.13
KXBTC15M-26AUG311630-30,2026-08-31 20:26:00+00:00,0.7,0.69,0.31000000000000005
KXBTC15M-26AUG311630-30,2026-08-31 20:27:00+00:00,0.76,0.75,0.25
KXBTC15M-26AUG311630-30,2026-08-31 20:28:00+00:00,0.67,0.66,0.33999999999999997
KXBTC15M-26AUG311630-30,2026-08-31 20:29:00+00:00,0.15,0.13,0.87
KXBTC15M-26AUG311630-30,2026-08-31 20:30:00+00:00,0.001,0.0,1.0
KXBTC15M-26AUG311630-30,2026-08-31 20:31:00+00:00,1.0,0.0,1.0
KXBTC15M-26AUG311645-45,2026-08-31 20:31:00+00:00,0.57,0.56,0.43999999999999995
KXBTC15M-26AUG311645-45,2026-08-31 20:32:00+00:00,0.49,0.48,0.52
KXBTC15M-26AUG311645-45,2026-08-31 20:33:00+00:00,0.27,0.26,0.74
KXBTC15M-26AUG311645-45,2026-08-31 20:34:00+00:00,0.21,0.2,0.8
KXBTC15M-26AUG311645-45,2026-08-31 20:35:00+00:00,0.19,0.18,0.8200000000000001
KXBTC15M-26AUG311645-45,2026-08-31 20:36:00+00:00,0.21,0.2,0.8
KXBTC15M-26AUG311645-45,2026-08-31 20:37:00+00:00,0.09,0.089,0.911
KXBTC15M-26AUG311645-45,2026-08-31 20:38:00+00:00,0.07,0.069,0.931
KXBTC15M-26AUG311645-45,2026-08-31 20:39:00+00:00,0.055,0.054,0.946
KXBTC15M-26AUG311645-45,2026-08-31 20:40:00+00:00,0.029,0.028,0.972
KXBTC15M-26AUG311645-45,2026-08-31 20:41:00+00:00,0.05,0.049,0.951
KXBTC15M-26AUG311645-45,2026-08-31 20:42:00+00:00,0.031,0.03,0.97
KXBTC15M-26AUG311645-45,2026-08-31 20:43:00+00:00,0.034,0.033,0.967
KXBTC15M-26AUG311645-45,2026-08-31 20:44:00+00:00,0.024,0.023,0.977
KXBTC15M-26AUG311645-45,2026-08-31 20:45:00+00:00,0.001,0.0,1.0
KXBTC15M-26AUG311645-45,2026-08-31 20:46:00+00:00,1.0,0.0,1.0
KXBTC15M-26AUG311700-00,2026-08-31 20:46:00+00:00,0.54,0.53,0.47
KXBTC15M-26AUG311700-00,2026-08-31 20:47:00+00:00,0.57,0.56,0.43999999999999995
KXBTC15M-26AUG311700-00,2026-08-31 20:48:00+00:00,0.36,0.35,0.65
KXBTC15M-26AUG311700-00,2026-08-31 20:49:00+00:00,0.28,0.27,0.73
KXBTC15M-26AUG311700-00,2026-08-31 20:50:00+00:00,0.23,0.22,0.78
KXBTC15M-26AUG311700-00,2026-08-31 20:51:00+00:00,0.36,0.35,0.65
KXBTC15M-26AUG311700-00,2026-08-31 20:52:00+00:00,0.5,0.49,0.51
KXBTC15M-26AUG311700-00,2026-08-31 20:53:00+00:00,0.45,0.44,0.56
KXBTC15M-26AUG311700-00,2026-08-31 20:54:00+00:00,0.62,0.61,0.39
KXBTC15M-26AUG311700-00,2026-08-31 20:55:00+00:00,0.58,0.57,0.43000000000000005
KXBTC15M-26AUG311700-00,2026-08-31 20:56:00+00:00,0.62,0.61,0.39
KXBTC15M-26AUG311700-00,2026-08-31 20:57:00+00:00,0.23,0.22,0.78
KXBTC15M-26AUG311700-00,2026-08-31 20:58:00+00:00,0.12,0.11,0.89
KXBTC15M-26AUG311700-00,2026-08-31 20:59:00+00:00,0.024,0.023,0.977
KXBTC15M-26AUG311700-00,2026-08-31 21:00:00+00:00,0.001,0.0,1.0
KXBTC15M-26AUG311700-00,2026-08-31 21:01:00+00:00,1.0,0.0,1.0
KXBTC15M-26AUG311715-15,2026-08-31 21:01:00+00:00,0.54,0.53,0.47
KXBTC15M-26AUG311715-15,2026-08-31 21:02:00+00:00,0.51,0.5,0.5
KXBTC15M-26AUG311715-15,2026-08-31 21:03:00+00:00,0.37,0.36,0.64
KXBTC15M-26AUG311715-15,2026-08-31 21:04:00+00:00,0.49,0.48,0.52
KXBTC15M-26AUG311715-15,2026-08-31 21:05:00+00:00,0.41,0.4,0.6
KXBTC15M-26AUG311715-15,2026-08-31 21:06:00+00:00,0.25,0.24,0.76
KXBTC15M-26AUG311715-15,2026-08-31 21:07:00+00:00,0.3,0.29,0.71
KXBTC15M-26AUG311715-15,2026-08-31 21:08:00+00:00,0.32,0.31,0.69
KXBTC15M-26AUG311715-15,2026-08-31 21:09:00+00:00,0.57,0.56,0.43999999999999995
KXBTC15M-26AUG311715-15,2026-08-31 21:10:00+00:00,0.69,0.68,0.31999999999999995
KXBTC15M-26AUG311715-15,2026-08-31 21:11:00+00:00,0.42,0.41,0.5900000000000001
KXBTC15M-26AUG311715-15,2026-08-31 21:12:00+00:00,0.32,0.31,0.69
KXBTC15M-26AUG311715-15,2026-08-31 21:13:00+00:00,0.38,0.37,0.63
KXBTC15M-26AUG311715-15,2026-08-31 21:14:00+00:00,0.082,0.081,0.919
KXBTC15M-26AUG311715-15,2026-08-31 21:15:00+00:00,0.001,0.0,1.0
KXBTC15M-26AUG311715-15,2026-08-31 21:16:00+00:00,1.0,0.0,1.0
KXBTC15M-26AUG311730-30,2026-08-31 21:16:00+00:00,0.52,0.51,0.49
KXBTC15M-26AUG311730-30,2026-08-31 21:17:00+00:00,0.5,0.49,0.51
KXBTC15M-26AUG311730-30,2026-08-31 21:18:00+00:00,0.49,0.48,0.52
KXBTC15M-26AUG311730-30,2026-08-31 21:19:00+00:00,0.46,0.45,0.55
KXBTC15M-26AUG311730-30,2026-08-31 21:20:00+00:00,0.47,0.46,0.54
KXBTC15M-26AUG311730-30,2026-08-31 21:21:00+00:00,0.63,0.62,0.38
KXBTC15M-26AUG311730-30,2026-08-31 21:22:00+00:00,0.47,0.46,0.54
KXBTC15M-26AUG311730-30,2026-08-31 21:23:00+00:00,0.54,0.53,0.47
KXBTC15M-26AUG311730-30,2026-08-31 21:24:00+00:00,0.65,0.64,0.36
KXBTC15M-26AUG311730-30,2026-08-31 21:25:00+00:00,0.62,0.61,0.39
KXBTC15M-26AUG311730-30,2026-08-31 21:26:00+00:00,0.86,0.85,0.15000000000000002
KXBTC15M-26AUG311730-30,2026-08-31 21:27:00+00:00,0.983,0.982,0.018000000000000016
KXBTC15M-26AUG311730-30,2026-08-31 21:28:00+00:00,0.991,0.99,0.010000000000000009
KXBTC15M-26AUG311730-30,2026-08-31 21:29:00+00:00,0.999,0.998,0.0020000000000000018
KXBTC15M-26AUG311730-30,2026-08-31 21:30:00+00:00,1.0,0.999,0.0010000000000000009
KXBTC15M-26AUG311730-30,2026-08-31 21:31:00+00:00,1.0,0.0,1.0
KXBTC15M-26AUG311745-45,2026-08-31 21:31:00+00:00,0.67,0.66,0.33999999999999997
KXBTC15M-26AUG311745-45,2026-08-31 21:32:00+00:00,0.61,0.6,0.4
KXBTC15M-26AUG311745-45,2026-08-31 21:33:00+00:00,0.6,0.59,0.41000000000000003
KXBTC15M-26AUG311745-45,2026-08-31 21:34:00+00:00,0.73,0.72,0.28
KXBTC15M-26AUG311745-45,2026-08-31 21:35:00+00:00,0.77,0.76,0.24
KXBTC15M-26AUG311745-45,2026-08-31 21:36:00+00:00,0.82,0.81,0.18999999999999995
KXBTC15M-26AUG311745-45,2026-08-31 21:37:00+00:00,0.84,0.83,0.17000000000000004
KXBTC15M-26AUG311745-45,2026-08-31 21:38:00+00:00,0.8,0.79,0.20999999999999996
KXBTC15M-26AUG311745-45,2026-08-31 21:39:00+00:00,0.84,0.83,0.17000000000000004
KXBTC15M-26AUG311745-45,2026-08-31 21:40:00+00:00,0.83,0.82,0.18000000000000005
KXBTC15M-26AUG311745-45,2026-08-31 21:41:00+00:00,0.913,0.912,0.08799999999999997
KXBTC15M-26AUG311745-45,2026-08-31 21:42:00+00:00,0.987,0.986,0.014000000000000012
KXBTC15M-26AUG311745-45,2026-08-31 21:43:00+00:00,0.991,0.99,0.010000000000000009
KXBTC15M-26AUG311745-45,2026-08-31 21:44:00+00:00,0.998,0.997,0.0030000000000000027
KXBTC15M-26AUG311745-45,2026-08-31 21:45:00+00:00,1.0,0.999,0.0010000000000000009
KXBTC15M-26AUG311745-45,2026-08-31 21:46:00+00:00,1.0,0.0,1.0
KXBTC15M-26AUG311800-00,2026-08-31 21:46:00+00:00,0.56,0.55,0.44999999999999996
KXBTC15M-26AUG311800-00,2026-08-31 21:47:00+00:00,0.43,0.42,0.5800000000000001
KXBTC15M-26AUG311800-00,2026-08-31 21:48:00+00:00,0.4,0.39,0.61
KXBTC15M-26AUG311800-00,2026-08-31 21:49:00+00:00,0.41,0.4,0.6
KXBTC15M-26AUG311800-00,2026-08-31 21:50:00+00:00,0.24,0.23,0.77
KXBTC15M-26AUG311800-00,2026-08-31 21:51:00+00:00,0.34,0.33,0.6699999999999999
KXBTC15M-26AUG311800-00,2026-08-31 21:52:00+00:00,0.21,0.2,0.8
KXBTC15M-26AUG311800-00,2026-08-31 21:53:00+00:00,0.29,0.28,0.72
KXBTC15M-26AUG311800-00,2026-08-31 21:54:00+00:00,0.32,0.31,0.69
KXBTC15M-26AUG311800-00,2026-08-31 21:55:00+00:00,0.18,0.17,0.83
KXBTC15M-26AUG311800-00,2026-08-31 21:56:00+00:00,0.094,0.093,0.907
KXBTC15M-26AUG311800-00,2026-08-31 21:57:00+00:00,0.018,0.017,0.983
KXBTC15M-26AUG311800-00,2026-08-31 21:58:00+00:00,0.008,0.007,0.993
KXBTC15M-26AUG311800-00,2026-08-31 21:59:00+00:00,0.001,0.0,1.0
KXBTC15M-26AUG311800-00,2026-08-31 22:00:00+00:00,0.001,0.0,1.0
KXBTC15M-26AUG311800-00,2026-08-31 22:01:00+00:00,1.0,0.0,1.0
KXBTC15M-26AUG311815-15,2026-08-31 22:01:00+00:00,0.67,0.66,0.33999999999999997
KXBTC15M-26AUG311815-15,2026-08-31 22:02:00+00:00,0.52,0.51,0.49
KXBTC15M-26AUG311815-15,2026-08-31 22:03:00+00:00,0.49,0.48,0.52
KXBTC15M-26AUG311815-15,2026-08-31 22:04:00+00:00,0.43,0.42,0.5800000000000001
KXBTC15M-26AUG311815-15,2026-08-31 22:05:00+00:00,0.27,0.26,0.74
KXBTC15M-26AUG311815-15,2026-08-31 22:06:00+00:00,0.55,0.54,0.45999999999999996
KXBTC15M-26AUG311815-15,2026-08-31 22:07:00+00:00,0.57,0.56,0.43999999999999995
KXBTC15M-26AUG311815-15,2026-08-31 22:08:00+00:00,0.56,0.55,0.44999999999999996
KXBTC15M-26AUG311815-15,2026-08-31 22:09:00+00:00,0.5,0.49,0.51
KXBTC15M-26AUG311815-15,2026-08-31 22:10:00+00:00,0.42,0.41,0.5900000000000001
KXBTC15M-26AUG311815-15,2026-08-31 22:11:00+00:00,0.17,0.16,0.84
KXBTC15M-26AUG311815-15,2026-08-31 22:12:00+00:00,0.32,0.31,0.69
KXBTC15M-26AUG311815-15,2026-08-31 22:13:00+00:00,0.032,0.029,0.971
KXBTC15M-26AUG311815-15,2026-08-31 22:14:00+00:00,0.001,0.0,1.0
KXBTC15M-26AUG311815-15,2026-08-31 22:15:00+00:00,0.001,0.0,1.0
KXBTC15M-26AUG311815-15,2026-08-31 22:16:00+00:00,1.0,0.0,1.0
KXBTC15M-26AUG311830-30,2026-08-31 22:16:00+00:00,0.41,0.4,0.6
KXBTC15M-26AUG311830-30,2026-08-31 22:17:00+00:00,0.33,0.32,0.6799999999999999
KXBTC15M-26AUG311830-30,2026-08-31 22:18:00+00:00,0.34,0.33,0.6699999999999999
KXBTC15M-26AUG311830-30,2026-08-31 22:19:00+00:00,0.31,0.3,0.7
KXBTC15M-26AUG311830-30,2026-08-31 22:20:00+00:00,0.2,0.19,0.81
KXBTC15M-26AUG311830-30,2026-08-31 22:21:00+00:00,0.13,0.12,0.88
KXBTC15M-26AUG311830-30,2026-08-31 22:22:00+00:00,0.082,0.081,0.919
KXBTC15M-26AUG311830-30,2026-08-31 22:23:00+00:00,0.075,0.074,0.926
KXBTC15M-26AUG311830-30,2026-08-31 22:24:00+00:00,0.089,0.087,0.913
KXBTC15M-26AUG311830-30,2026-08-31 22:25:00+00:00,0.036,0.035,0.965
KXBTC15M-26AUG311830-30,2026-08-31 22:26:00+00:00,0.016,0.015,0.985
KXBTC15M-26AUG311830-30,2026-08-31 22:27:00+00:00,0.013,0.012,0.988
KXBTC15M-26AUG311830-30,2026-08-31 22:28:00+00:00,0.002,0.001,0.999
KXBTC15M-26AUG311830-30,2026-08-31 22:29:00+00:00,0.001,0.0,1.0
KXBTC15M-26AUG311830-30,2026-08-31 22:30:00+00:00,0.001,0.0,1.0
KXBTC15M-26AUG311830-30,2026-08-31 22:31:00+00:00,1.0,0.0,1.0
KXBTC15M-26AUG311845-45,2026-08-31 22:31:00+00:00,0.57,0.56,0.43999999999999995
KXBTC15M-26AUG311845-45,2026-08-31 22:32:00+00:00,0.54,0.53,0.47
KXBTC15M-26AUG311845-45,2026-08-31 22:33:00+00:00,0.41,0.4,0.6
KXBTC15M-26AUG311845-45,2026-08-31 22:34:00+00:00,0.37,0.36,0.64
KXBTC15M-26AUG311845-45,2026-08-31 22:35:00+00:00,0.4,0.39,0.61
KXBTC15M-26AUG311845-45,2026-08-31 22:36:00+00:00,0.26,0.25,0.75
KXBTC15M-26AUG311845-45,2026-08-31 22:37:00+00:00,0.23,0.22,0.78
KXBTC15M-26AUG311845-45,2026-08-31 22:38:00+00:00,0.13,0.12,0.88
KXBTC15M-26AUG311845-45,2026-08-31 22:39:00+00:00,0.19,0.18,0.8200000000000001
KXBTC15M-26AUG311845-45,2026-08-31 22:40:00+00:00,0.14,0.13,0.87
KXBTC15M-26AUG311845-45,2026-08-31 22:41:00+00:00,0.047,0.046,0.954
KXBTC15M-26AUG311845-45,2026-08-31 22:42:00+00:00,0.034,0.033,0.967
KXBTC15M-26AUG311845-45,2026-08-31 22:43:00+00:00,0.007,0.006,0.994
KXBTC15M-26AUG311845-45,2026-08-31 22:44:00+00:00,0.001,0.0,1.0
KXBTC15M-26AUG311845-45,2026-08-31 22:45:00+00:00,0.001,0.0,1.0
KXBTC15M-26AUG311845-45,2026-08-31 22:46:00+00:00,1.0,0.0,1.0
KXBTC15M-26AUG311900-00,2026-08-31 22:46:00+00:00,0.45,0.44,0.56
KXBTC15M-26AUG311900-00,2026-08-31 22:47:00+00:00,0.33,0.32,0.6799999999999999
KXBTC15M-26AUG311900-00,2026-08-31 22:48:00+00:00,0.3,0.29,0.71
KXBTC15M-26AUG311900-00,2026-08-31 22:49:00+00:00,0.21,0.2,0.8
KXBTC15M-26AUG311900-00,2026-08-31 22:50:00+00:00,0.15,0.14,0.86
KXBTC15M-26AUG311900-00,2026-08-31 22:51:00+00:00,0.19,0.18,0.8200000000000001
KXBTC15M-26AUG311900-00,2026-08-31 22:52:00+00:00,0.11,0.1,0.9
KXBTC15M-26AUG311900-00,2026-08-31 22:53:00+00:00,0.082,0.081,0.919
KXBTC15M-26AUG311900-00,2026-08-31 22:54:00+00:00,0.13,0.12,0.88
KXBTC15M-26AUG311900-00,2026-08-31 22:55:00+00:00,0.14,0.13,0.87
KXBTC15M-26AUG311900-00,2026-08-31 22:56:00+00:00,0.031,0.03,0.97
KXBTC15M-26AUG311900-00,2026-08-31 22:57:00+00:00,0.022,0.02,0.98
KXBTC15M-26AUG311900-00,2026-08-31 22:58:00+00:00,0.02,0.019,0.981
KXBTC15M-26AUG311900-00,2026-08-31 22:59:00+00:00,0.001,0.0,1.0
KXBTC15M-26AUG311900-00,2026-08-31 23:00:00+00:00,0.001,0.0,1.0
KXBTC15M-26AUG311900-00,2026-08-31 23:01:00+00:00,1.0,0.0,1.0
KXBTC15M-26AUG311915-15,2026-08-31 23:01:00+00:00,0.37,0.36,0.64
KXBTC15M-26AUG311915-15,2026-08-31 23:02:00+00:00,0.31,0.3,0.7
KXBTC15M-26AUG311915-15,2026-08-31 23:03:00+00:00,0.19,0.18,0.8200000000000001
KXBTC15M-26AUG311915-15,2026-08-31 23:04:00+00:00,0.16,0.15,0.85
KXBTC15M-26AUG311915-15,2026-08-31 23:05:00+00:00,0.17,0.16,0.84
KXBTC15M-26AUG311915-15,2026-08-31 23:06:00+00:00,0.18,0.17,0.83
KXBTC15M-26AUG311915-15,2026-08-31 23:07:00+00:00,0.18,0.17,0.83
KXBTC15M-26AUG311915-15,2026-08-31 23:08:00+00:00,0.13,0.12,0.88
KXBTC15M-26AUG311915-15,2026-08-31 23:09:00+00:00,0.099,0.098,0.902
KXBTC15M-26AUG311915-15,2026-08-31 23:10:00+00:00,0.098,0.097,0.903
KXBTC15M-26AUG311915-15,2026-08-31 23:11:00+00:00,0.019,0.018,0.982
KXBTC15M-26AUG311915-15,2026-08-31 23:12:00+00:00,0.006,0.005,0.995
KXBTC15M-26AUG311915-15,2026-08-31 23:13:00+00:00,0.003,0.002,0.998
KXBTC15M-26AUG311915-15,2026-08-31 23:14:00+00:00,0.001,0.0,1.0
KXBTC15M-26AUG311915-15,2026-08-31 23:15:00+00:00,0.001,0.0,1.0
KXBTC15M-26AUG311915-15,2026-08-31 23:16:00+00:00,1.0,0.0,1.0
KXBTC15M-26AUG311930-30,2026-08-31 23:16:00+00:00,0.63,0.62,0.38
KXBTC15M-26AUG311930-30,2026-08-31 23:17:00+00:00,0.75,0.74,0.26
KXBTC15M-26AUG311930-30,2026-08-31 23:18:00+00:00,0.69,0.68,0.31999999999999995
KXBTC15M-26AUG311930-30,2026-08-31 23:19:00+00:00,0.83,0.82,0.18000000000000005
KXBTC15M-26AUG311930-30,2026-08-31 23:20:00+00:00,0.904,0.903,0.09699999999999998
KXBTC15M-26AUG311930-30,2026-08-31 23:21:00+00:00,0.918,0.917,0.08299999999999996
KXBTC15M-26AUG311930-30,2026-08-31 23:22:00+00:00,0.935,0.934,0.06599999999999995
KXBTC15M-26AUG311930-30,2026-08-31 23:23:00+00:00,0.921,0.92,0.07999999999999996
KXBTC15M-26AUG311930-30,2026-08-31 23:24:00+00:00,0.964,0.962,0.038000000000000034
KXBTC15M-26AUG311930-30,2026-08-31 23:25:00+00:00,0.982,0.981,0.019000000000000017
KXBTC15M-26AUG311930-30,2026-08-31 23:26:00+00:00,0.991,0.989,0.01100000000000001
KXBTC15M-26AUG311930-30,2026-08-31 23:27:00+00:00,0.997,0.995,0.0050000000000000044
KXBTC15M-26AUG311930-30,2026-08-31 23:28:00+00:00,1.0,0.999,0.0010000000000000009
KXBTC15M-26AUG311930-30,2026-08-31 23:29:00+00:00,1.0,0.999,0.0010000000000000009
KXBTC15M-26AUG311930-30,2026-08-31 23:30:00+00:00,1.0,0.999,0.0010000000000000009
KXBTC15M-26AUG311930-30,2026-08-31 23:31:00+00:00,1.0,0.0,1.0
KXBTC15M-26AUG311945-45,2026-08-31 23:31:00+00:00,0.58,0.57,0.43000000000000005
KXBTC15M-26AUG311945-45,2026-08-31 23:32:00+00:00,0.57,0.56,0.43999999999999995
KXBTC15M-26AUG311945-45,2026-08-31 23:33:00+00:00,0.53,0.52,0.48
KXBTC15M-26AUG311945-45,2026-08-31 23:34:00+00:00,0.43,0.42,0.5800000000000001
KXBTC15M-26AUG311945-45,2026-08-31 23:35:00+00:00,0.39,0.38,0.62
KXBTC15M-26AUG311945-45,2026-08-31 23:36:00+00:00,0.36,0.35,0.65
KXBTC15M-26AUG311945-45,2026-08-31 23:37:00+00:00,0.26,0.25,0.75
KXBTC15M-26AUG311945-45,2026-08-31 23:38:00+00:00,0.27,0.26,0.74
KXBTC15M-26AUG311945-45,2026-08-31 23:39:00+00:00,0.21,0.2,0.8
KXBTC15M-26AUG311945-45,2026-08-31 23:40:00+00:00,0.43,0.42,0.5800000000000001
KXBTC15M-26AUG311945-45,2026-08-31 23:41:00+00:00,0.3,0.29,0.71
KXBTC15M-26AUG311945-45,2026-08-31 23:42:00+00:00,0.5,0.49,0.51
KXBTC15M-26AUG311945-45,2026-08-31 23:43:00+00:00,0.43,0.42,0.5800000000000001
KXBTC15M-26AUG311945-45,2026-08-31 23:44:00+00:00,0.24,0.23,0.77
KXBTC15M-26AUG311945-45,2026-08-31 23:45:00+00:00,0.001,0.0,1.0
KXBTC15M-26AUG311945-45,2026-08-31 23:46:00+00:00,1.0,0.0,1.0
KXBTC15M-26AUG312000-00,2026-08-31 23:46:00+00:00,0.58,0.57,0.43000000000000005
KXBTC15M-26AUG312000-00,2026-08-31 23:47:00+00:00,0.52,0.51,0.49
KXBTC15M-26AUG312000-00,2026-08-31 23:48:00+00:00,0.43,0.42,0.5800000000000001
KXBTC15M-26AUG312000-00,2026-08-31 23:49:00+00:00,0.54,0.53,0.47
KXBTC15M-26AUG312000-00,2026-08-31 23:50:00+00:00,0.52,0.51,0.49
KXBTC15M-26AUG312000-00,2026-08-31 23:51:00+00:00,0.68,0.67,0.32999999999999996
KXBTC15M-26AUG312000-00,2026-08-31 23:52:00+00:00,0.67,0.66,0.33999999999999997
KXBTC15M-26AUG312000-00,2026-08-31 23:53:00+00:00,0.59,0.58,0.42000000000000004
KXBTC15M-26AUG312000-00,2026-08-31 23:54:00+00:00,0.61,0.6,0.4
KXBTC15M-26AUG312000-00,2026-08-31 23:55:00+00:00,0.6,0.59,0.41000000000000003
KXBTC15M-26AUG312000-00,2026-08-31 23:56:00+00:00,0.52,0.51,0.49
KXBTC15M-26AUG312000-00,2026-08-31 23:57:00+00:00,0.42,0.41,0.5900000000000001
KXBTC15M-26AUG312000-00,2026-08-31 23:58:00+00:00,0.62,0.61,0.39
KXBTC15M-26AUG312000-00,2026-08-31 23:59:00+00:00,0.83,0.82,0.18000000000000005
KXBTC15M-26AUG312000-00,2026-09-01 00:00:00+00:00,1.0,0.999,0.0010000000000000009
KXBTC15M-26AUG312000-00,2026-09-01 00:01:00+00:00,1.0,0.0,1.0
KXBTC15M-26AUG312015-15,2026-09-01 00:01:00+00:00,0.42,0.41,0.5900000000000001
KXBTC15M-26AUG312015-15,2026-09-01 00:02:00+00:00,0.57,0.56,0.43999999999999995
KXBTC15M-26AUG312015-15,2026-09-01 00:03:00+00:00,0.64,0.63,0.37
KXBTC15M-26AUG312015-15,2026-09-01 00:04:00+00:00,0.77,0.76,0.24
KXBTC15M-26AUG312015-15,2026-09-01 00:05:00+00:00,0.81,0.8,0.19999999999999996
KXBTC15M-26AUG312015-15,2026-09-01 00:06:00+00:00,0.91,0.909,0.09099999999999997
KXBTC15M-26AUG312015-15,2026-09-01 00:07:00+00:00,0.79,0.78,0.21999999999999997
KXBTC15M-26AUG312015-15,2026-09-01 00:08:00+00:00,0.912,0.911,0.08899999999999997
KXBTC15M-26AUG312015-15,2026-09-01 00:09:00+00:00,0.957,0.955,0.04500000000000004
KXBTC15M-26AUG312015-15,2026-09-01 00:10:00+00:00,0.979,0.978,0.02200000000000002
KXBTC15M-26AUG312015-15,2026-09-01 00:11:00+00:00,0.99,0.989,0.01100000000000001
KXBTC15M-26AUG312015-15,2026-09-01 00:12:00+00:00,0.995,0.994,0.006000000000000005
KXBTC15M-26AUG312015-15,2026-09-01 00:13:00+00:00,0.999,0.998,0.0020000000000000018
KXBTC15M-26AUG312015-15,2026-09-01 00:14:00+00:00,1.0,0.999,0.0010000000000000009
KXBTC15M-26AUG312015-15,2026-09-01 00:15:00+00:00,1.0,0.999,0.0010000000000000009
KXBTC15M-26AUG312015-15,2026-09-01 00:16:00+00:00,1.0,0.0,1.0
KXBTC15M-26AUG312030-30,2026-09-01 00:16:00+00:00,0.51,0.5,0.5
KXBTC15M-26AUG312030-30,2026-09-01 00:17:00+00:00,0.52,0.51,0.49
KXBTC15M-26AUG312030-30,2026-09-01 00:18:00+00:00,0.6,0.59,0.41000000000000003
KXBTC15M-26AUG312030-30,2026-09-01 00:19:00+00:00,0.76,0.75,0.25
KXBTC15M-26AUG312030-30,2026-09-01 00:20:00+00:00,0.74,0.73,0.27
KXBTC15M-26AUG312030-30,2026-09-01 00:21:00+00:00,0.82,0.81,0.18999999999999995
KXBTC15M-26AUG312030-30,2026-09-01 00:22:00+00:00,0.77,0.76,0.24
KXBTC15M-26AUG312030-30,2026-09-01 00:23:00+00:00,0.82,0.81,0.18999999999999995
KXBTC15M-26AUG312030-30,2026-09-01 00:24:00+00:00,0.914,0.913,0.08699999999999997
KXBTC15M-26AUG312030-30,2026-09-01 00:25:00+00:00,0.953,0.952,0.04800000000000004
KXBTC15M-26AUG312030-30,2026-09-01 00:26:00+00:00,0.987,0.986,0.014000000000000012
KXBTC15M-26AUG312030-30,2026-09-01 00:27:00+00:00,0.982,0.981,0.019000000000000017
KXBTC15M-26AUG312030-30,2026-09-01 00:28:00+00:00,0.999,0.998,0.0020000000000000018
KXBTC15M-26AUG312030-30,2026-09-01 00:29:00+00:00,1.0,0.999,0.0010000000000000009
KXBTC15M-26AUG312030-30,2026-09-01 00:30:00+00:00,1.0,0.999,0.0010000000000000009
KXBTC15M-26AUG312030-30,2026-09-01 00:31:00+00:00,1.0,0.0,1.0
KXBTC15M-26AUG312045-45,2026-09-01 00:31:00+00:00,0.42,0.41,0.5900000000000001
KXBTC15M-26AUG312045-45,2026-09-01 00:32:00+00:00,0.24,0.23,0.77
KXBTC15M-26AUG312045-45,2026-09-01 00:33:00+00:00,0.18,0.17,0.83
KXBTC15M-26AUG312045-45,2026-09-01 00:34:00+00:00,0.16,0.15,0.85
KXBTC15M-26AUG312045-45,2026-09-01 00:35:00+00:00,0.28,0.27,0.73
KXBTC15M-26AUG312045-45,2026-09-01 00:36:00+00:00,0.2,0.19,0.81
KXBTC15M-26AUG312045-45,2026-09-01 00:37:00+00:00,0.18,0.17,0.83
KXBTC15M-26AUG312045-45,2026-09-01 00:38:00+00:00,0.16,0.15,0.85
KXBTC15M-26AUG312045-45,2026-09-01 00:39:00+00:00,0.15,0.14,0.86
KXBTC15M-26AUG312045-45,2026-09-01 00:40:00+00:00,0.032,0.031,0.969
KXBTC15M-26AUG312045-45,2026-09-01 00:41:00+00:00,0.021,0.02,0.98
KXBTC15M-26AUG312045-45,2026-09-01 00:42:00+00:00,0.012,0.011,0.989
KXBTC15M-26AUG312045-45,2026-09-01 00:43:00+00:00,0.003,0.002,0.998
KXBTC15M-26AUG312045-45,2026-09-01 00:44:00+00:00,0.001,0.0,1.0
KXBTC15M-26AUG312045-45,2026-09-01 00:45:00+00:00,0.001,0.0,1.0
KXBTC15M-26AUG312045-45,2026-09-01 00:46:00+00:00,1.0,0.0,1.0
KXBTC15M-26AUG312100-00,2026-09-01 00:46:00+00:00,0.62,0.61,0.39
KXBTC15M-26AUG312100-00,2026-09-01 00:47:00+00:00,0.75,0.74,0.26
KXBTC15M-26AUG312100-00,2026-09-01 00:48:00+00:00,0.67,0.66,0.33999999999999997
KXBTC15M-26AUG312100-00,2026-09-01 00:49:00+00:00,0.81,0.8,0.19999999999999996
KXBTC15M-26AUG312100-00,2026-09-01 00:50:00+00:00,0.87,0.86,0.14
KXBTC15M-26AUG312100-00,2026-09-01 00:51:00+00:00,0.79,0.78,0.21999999999999997
KXBTC15M-26AUG312100-00,2026-09-01 00:52:00+00:00,0.75,0.74,0.26
KXBTC15M-26AUG312100-00,2026-09-01 00:53:00+00:00,0.76,0.75,0.25
KXBTC15M-26AUG312100-00,2026-09-01 00:54:00+00:00,0.37,0.36,0.64
KXBTC15M-26AUG312100-00,2026-09-01 00:55:00+00:00,0.25,0.24,0.76
KXBTC15M-26AUG312100-00,2026-09-01 00:56:00+00:00,0.13,0.12,0.88
KXBTC15M-26AUG312100-00,2026-09-01 00:57:00+00:00,0.12,0.11,0.89
KXBTC15M-26AUG312100-00,2026-09-01 00:58:00+00:00,0.028,0.027,0.973
KXBTC15M-26AUG312100-00,2026-09-01 00:59:00+00:00,0.002,0.001,0.999
KXBTC15M-26AUG312100-00,2026-09-01 01:00:00+00:00,0.001,0.0,1.0
KXBTC15M-26AUG312100-00,2026-09-01 01:01:00+00:00,1.0,0.0,1.0
KXBTC15M-26AUG312115-15,2026-09-01 01:01:00+00:00,0.79,0.78,0.21999999999999997
KXBTC15M-26AUG312115-15,2026-09-01 01:02:00+00:00,0.73,0.72,0.28
KXBTC15M-26AUG312115-15,2026-09-01 01:03:00+00:00,0.71,0.7,0.30000000000000004
KXBTC15M-26AUG312115-15,2026-09-01 01:04:00+00:00,0.75,0.74,0.26
KXBTC15M-26AUG312115-15,2026-09-01 01:05:00+00:00,0.82,0.81,0.18999999999999995
KXBTC15M-26AUG312115-15,2026-09-01 01:06:00+00:00,0.9,0.89,0.10999999999999999
KXBTC15M-26AUG312115-15,2026-09-01 01:07:00+00:00,0.943,0.942,0.05800000000000005
KXBTC15M-26AUG312115-15,2026-09-01 01:08:00+00:00,0.77,0.76,0.24
KXBTC15M-26AUG312115-15,2026-09-01 01:09:00+00:00,0.908,0.907,0.09299999999999997
KXBTC15M-26AUG312115-15,2026-09-01 01:10:00+00:00,0.909,0.908,0.09199999999999997
KXBTC15M-26AUG312115-15,2026-09-01 01:11:00+00:00,0.937,0.936,0.06399999999999995
KXBTC15M-26AUG312115-15,2026-09-01 01:12:00+00:00,0.87,0.86,0.14
KXBTC15M-26AUG312115-15,2026-09-01 01:13:00+00:00,0.44,0.43,0.5700000000000001
KXBTC15M-26AUG312115-15,2026-09-01 01:14:00+00:00,0.03,0.029,0.971
KXBTC15M-26AUG312115-15,2026-09-01 01:15:00+00:00,0.001,0.0,1.0
KXBTC15M-26AUG312115-15,2026-09-01 01:16:00+00:00,1.0,0.0,1.0
KXBTC15M-26AUG312130-30,2026-09-01 01:16:00+00:00,0.5,0.49,0.51
KXBTC15M-26AUG312130-30,2026-09-01 01:17:00+00:00,0.44,0.43,0.5700000000000001
KXBTC15M-26AUG312130-30,2026-09-01 01:18:00+00:00,0.46,0.45,0.55
KXBTC15M-26AUG312130-30,2026-09-01 01:19:00+00:00,0.75,0.74,0.26
KXBTC15M-26AUG312130-30,2026-09-01 01:20:00+00:00,0.73,0.72,0.28
KXBTC15M-26AUG312130-30,2026-09-01 01:21:00+00:00,0.72,0.71,0.29000000000000004
KXBTC15M-26AUG312130-30,2026-09-01 01:22:00+00:00,0.77,0.76,0.24
KXBTC15M-26AUG312130-30,2026-09-01 01:23:00+00:00,0.76,0.75,0.25
KXBTC15M-26AUG312130-30,2026-09-01 01:24:00+00:00,0.76,0.75,0.25
KXBTC15M-26AUG312130-30,2026-09-01 01:25:00+00:00,0.71,0.7,0.30000000000000004
KXBTC15M-26AUG312130-30,2026-09-01 01:26:00+00:00,0.42,0.41,0.5900000000000001
KXBTC15M-26AUG312130-30,2026-09-01 01:27:00+00:00,0.067,0.062,0.938
KXBTC15M-26AUG312130-30,2026-09-01 01:28:00+00:00,0.007,0.006,0.994
KXBTC15M-26AUG312130-30,2026-09-01 01:29:00+00:00,0.003,0.002,0.998
KXBTC15M-26AUG312130-30,2026-09-01 01:30:00+00:00,0.001,0.0,1.0
KXBTC15M-26AUG312130-30,2026-09-01 01:31:00+00:00,1.0,0.0,1.0
KXBTC15M-26AUG312145-45,2026-09-01 01:31:00+00:00,0.52,0.51,0.49
KXBTC15M-26AUG312145-45,2026-09-01 01:32:00+00:00,0.54,0.53,0.47
KXBTC15M-26AUG312145-45,2026-09-01 01:33:00+00:00,0.6,0.59,0.41000000000000003
KXBTC15M-26AUG312145-45,2026-09-01 01:34:00+00:00,0.53,0.52,0.48
KXBTC15M-26AUG312145-45,2026-09-01 01:35:00+00:00,0.69,0.68,0.31999999999999995
KXBTC15M-26AUG312145-45,2026-09-01 01:36:00+00:00,0.82,0.81,0.18999999999999995
KXBTC15M-26AUG312145-45,2026-09-01 01:37:00+00:00,0.85,0.84,0.16000000000000003
KXBTC15M-26AUG312145-45,2026-09-01 01:38:00+00:00,0.87,0.86,0.14
KXBTC15M-26AUG312145-45,2026-09-01 01:39:00+00:00,0.8,0.79,0.20999999999999996
KXBTC15M-26AUG312145-45,2026-09-01 01:40:00+00:00,0.93,0.929,0.07099999999999995
KXBTC15M-26AUG312145-45,2026-09-01 01:41:00+00:00,0.961,0.96,0.040000000000000036
KXBTC15M-26AUG312145-45,2026-09-01 01:42:00+00:00,0.988,0.987,0.013000000000000012
KXBTC15M-26AUG312145-45,2026-09-01 01:43:00+00:00,0.994,0.993,0.007000000000000006
KXBTC15M-26AUG312145-45,2026-09-01 01:44:00+00:00,1.0,0.999,0.0010000000000000009
KXBTC15M-26AUG312145-45,2026-09-01 01:45:00+00:00,1.0,0.999,0.0010000000000000009
KXBTC15M-26AUG312145-45,2026-09-01 01:46:00+00:00,1.0,0.0,1.0
KXBTC15M-26AUG312200-00,2026-09-01 01:46:00+00:00,0.32,0.31,0.69
KXBTC15M-26AUG312200-00,2026-09-01 01:47:00+00:00,0.23,0.22,0.78
KXBTC15M-26AUG312200-00,2026-09-01 01:48:00+00:00,0.44,0.43,0.5700000000000001
KXBTC15M-26AUG312200-00,2026-09-01 01:49:00+00:00,0.3,0.29,0.71
KXBTC15M-26AUG312200-00,2026-09-01 01:50:00+00:00,0.26,0.25,0.75
KXBTC15M-26AUG312200-00,2026-09-01 01:51:00+00:00,0.17,0.16,0.84
KXBTC15M-26AUG312200-00,2026-09-01 01:52:00+00:00,0.14,0.13,0.87
KXBTC15M-26AUG312200-00,2026-09-01 01:53:00+00:00,0.099,0.098,0.902
KXBTC15M-26AUG312200-00,2026-09-01 01:54:00+00:00,0.046,0.044,0.956
KXBTC15M-26AUG312200-00,2026-09-01 01:55:00+00:00,0.038,0.037,0.963
KXBTC15M-26AUG312200-00,2026-09-01 01:56:00+00:00,0.022,0.02,0.98
KXBTC15M-26AUG312200-00,2026-09-01 01:57:00+00:00,0.011,0.01,0.99
KXBTC15M-26AUG312200-00,2026-09-01 01:58:00+00:00,0.002,0.001,0.999
KXBTC15M-26AUG312200-00,2026-09-01 01:59:00+00:00,0.001,0.0,1.0
KXBTC15M-26AUG312200-00,2026-09-01 02:00:00+00:00,0.001,0.0,1.0
KXBTC15M-26AUG312200-00,2026-09-01 02:01:00+00:00,1.0,0.0,1.0
KXBTC15M-26AUG312215-15,2026-09-01 02:01:00+00:00,0.37,0.36,0.64
KXBTC15M-26AUG312215-15,2026-09-01 02:02:00+00:00,0.35,0.34,0.6599999999999999
KXBTC15M-26AUG312215-15,2026-09-01 02:03:00+00:00,0.33,0.32,0.6799999999999999
KXBTC15M-26AUG312215-15,2026-09-01 02:04:00+00:00,0.24,0.23,0.77
KXBTC15M-26AUG312215-15,2026-09-01 02:05:00+00:00,0.3,0.29,0.71
KXBTC15M-26AUG312215-15,2026-09-01 02:06:00+00:00,0.27,0.26,0.74
KXBTC15M-26AUG312215-15,2026-09-01 02:07:00+00:00,0.2,0.19,0.81
KXBTC15M-26AUG312215-15,2026-09-01 02:08:00+00:00,0.2,0.19,0.81
KXBTC15M-26AUG312215-15,2026-09-01 02:09:00+00:00,0.11,0.1,0.9
KXBTC15M-26AUG312215-15,2026-09-01 02:10:00+00:00,0.12,0.11,0.89
KXBTC15M-26AUG312215-15,2026-09-01 02:11:00+00:00,0.099,0.098,0.902
KXBTC15M-26AUG312215-15,2026-09-01 02:12:00+00:00,0.044,0.043,0.957
KXBTC15M-26AUG312215-15,2026-09-01 02:13:00+00:00,0.001,0.0,1.0
KXBTC15M-26AUG312215-15,2026-09-01 02:14:00+00:00,0.001,0.0,1.0
KXBTC15M-26AUG312215-15,2026-09-01 02:15:00+00:00,0.001,0.0,1.0
KXBTC15M-26AUG312215-15,2026-09-01 02:16:00+00:00,1.0,0.0,1.0
KXBTC15M-26AUG312230-30,2026-09-01 02:16:00+00:00,0.61,0.6,0.4
KXBTC15M-26AUG312230-30,2026-09-01 02:17:00+00:00,0.51,0.5,0.5
KXBTC15M-26AUG312230-30,2026-09-01 02:18:00+00:00,0.45,0.44,0.56
KXBTC15M-26AUG312230-30,2026-09-01 02:19:00+00:00,0.49,0.48,0.52
KXBTC15M-26AUG312230-30,2026-09-01 02:20:00+00:00,0.65,0.64,0.36
KXBTC15M-26AUG312230-30,2026-09-01 02:21:00+00:00,0.65,0.64,0.36
KXBTC15M-26AUG312230-30,2026-09-01 02:22:00+00:00,0.65,0.64,0.36
KXBTC15M-26AUG312230-30,2026-09-01 02:23:00+00:00,0.8,0.79,0.20999999999999996
KXBTC15M-26AUG312230-30,2026-09-01 02:24:00+00:00,0.88,0.87,0.13
KXBTC15M-26AUG312230-30,2026-09-01 02:25:00+00:00,0.94,0.939,0.061000000000000054
KXBTC15M-26AUG312230-30,2026-09-01 02:26:00+00:00,0.89,0.88,0.12
KXBTC15M-26AUG312230-30,2026-09-01 02:27:00+00:00,0.937,0.936,0.06399999999999995
KXBTC15M-26AUG312230-30,2026-09-01 02:28:00+00:00,0.994,0.993,0.007000000000000006
KXBTC15M-26AUG312230-30,2026-09-01 02:29:00+00:00,0.23,0.22,0.78
KXBTC15M-26AUG312230-30,2026-09-01 02:30:00+00:00,0.001,0.0,1.0
KXBTC15M-26AUG312230-30,2026-09-01 02:31:00+00:00,1.0,0.0,1.0
KXBTC15M-26AUG312245-45,2026-09-01 02:31:00+00:00,0.67,0.66,0.33999999999999997
KXBTC15M-26AUG312245-45,2026-09-01 02:32:00+00:00,0.79,0.78,0.21999999999999997
KXBTC15M-26AUG312245-45,2026-09-01 02:33:00+00:00,0.85,0.84,0.16000000000000003
KXBTC15M-26AUG312245-45,2026-09-01 02:34:00+00:00,0.9,0.89,0.10999999999999999
KXBTC15M-26AUG312245-45,2026-09-01 02:35:00+00:00,0.89,0.88,0.12
KXBTC15M-26AUG312245-45,2026-09-01 02:36:00+00:00,0.89,0.88,0.12
KXBTC15M-26AUG312245-45,2026-09-01 02:37:00+00:00,0.917,0.916,0.08399999999999996
KXBTC15M-26AUG312245-45,2026-09-01 02:38:00+00:00,0.86,0.85,0.15000000000000002
KXBTC15M-26AUG312245-45,2026-09-01 02:39:00+00:00,0.918,0.915,0.08499999999999996
KXBTC15M-26AUG312245-45,2026-09-01 02:40:00+00:00,0.946,0.945,0.05500000000000005
KXBTC15M-26AUG312245-45,2026-09-01 02:41:00+00:00,0.972,0.971,0.029000000000000026
KXBTC15M-26AUG312245-45,2026-09-01 02:42:00+00:00,0.976,0.975,0.025000000000000022
KXBTC15M-26AUG312245-45,2026-09-01 02:43:00+00:00,0.994,0.993,0.007000000000000006
KXBTC15M-26AUG312245-45,2026-09-01 02:44:00+00:00,1.0,0.999,0.0010000000000000009
KXBTC15M-26AUG312245-45,2026-09-01 02:45:00+00:00,1.0,0.999,0.0010000000000000009
KXBTC15M-26AUG312245-45,2026-09-01 02:46:00+00:00,1.0,0.0,1.0
KXBTC15M-26AUG312300-00,2026-09-01 02:46:00+00:00,0.5,0.49,0.51
KXBTC15M-26AUG312300-00,2026-09-01 02:47:00+00:00,0.53,0.52,0.48
KXBTC15M-26AUG312300-00,2026-09-01 02:48:00+00:00,0.51,0.5,0.5
KXBTC15M-26AUG312300-00,2026-09-01 02:49:00+00:00,0.73,0.72,0.28
KXBTC15M-26AUG312300-00,2026-09-01 02:50:00+00:00,0.75,0.74,0.26
KXBTC15M-26AUG312300-00,2026-09-01 02:51:00+00:00,0.84,0.83,0.17000000000000004
KXBTC15M-26AUG312300-00,2026-09-01 02:52:00+00:00,0.86,0.85,0.15000000000000002
KXBTC15M-26AUG312300-00,2026-09-01 02:53:00+00:00,0.78,0.77,0.22999999999999998
KXBTC15M-26AUG312300-00,2026-09-01 02:54:00+00:00,0.88,0.87,0.13
KXBTC15M-26AUG312300-00,2026-09-01 02:55:00+00:00,0.9,0.89,0.10999999999999999
KXBTC15M-26AUG312300-00,2026-09-01 02:56:00+00:00,0.966,0.965,0.03500000000000003
KXBTC15M-26AUG312300-00,2026-09-01 02:57:00+00:00,0.977,0.976,0.02400000000000002
KXBTC15M-26AUG312300-00,2026-09-01 02:58:00+00:00,0.992,0.991,0.009000000000000008
KXBTC15M-26AUG312300-00,2026-09-01 02:59:00+00:00,1.0,0.999,0.0010000000000000009
KXBTC15M-26AUG312300-00,2026-09-01 03:00:00+00:00,1.0,0.999,0.0010000000000000009
KXBTC15M-26AUG312300-00,2026-09-01 03:01:00+00:00,1.0,0.0,1.0
KXBTC15M-26AUG312315-15,2026-09-01 03:01:00+00:00,0.46,0.45,0.55
KXBTC15M-26AUG312315-15,2026-09-01 03:02:00+00:00,0.46,0.45,0.55
KXBTC15M-26AUG312315-15,2026-09-01 03:03:00+00:00,0.46,0.45,0.55
KXBTC15M-26AUG312315-15,2026-09-01 03:04:00+00:00,0.46,0.45,0.55
KXBTC15M-26AUG312315-15,2026-09-01 03:05:00+00:00,0.66,0.65,0.35
KXBTC15M-26AUG312315-15,2026-09-01 03:06:00+00:00,0.73,0.72,0.28
KXBTC15M-26AUG312315-15,2026-09-01 03:07:00+00:00,0.59,0.58,0.42000000000000004
KXBTC15M-26AUG312315-15,2026-09-01 03:08:00+00:00,0.54,0.53,0.47
KXBTC15M-26AUG312315-15,2026-09-01 03:09:00+00:00,0.49,0.48,0.52
KXBTC15M-26AUG312315-15,2026-09-01 03:10:00+00:00,0.59,0.58,0.42000000000000004
KXBTC15M-26AUG312315-15,2026-09-01 03:11:00+00:00,0.57,0.56,0.43999999999999995
KXBTC15M-26AUG312315-15,2026-09-01 03:12:00+00:00,0.81,0.8,0.19999999999999996
KXBTC15M-26AUG312315-15,2026-09-01 03:13:00+00:00,0.82,0.81,0.18999999999999995
KXBTC15M-26AUG312315-15,2026-09-01 03:14:00+00:00,0.19,0.18,0.8200000000000001
KXBTC15M-26AUG312315-15,2026-09-01 03:15:00+00:00,0.001,0.0,1.0
KXBTC15M-26AUG312315-15,2026-09-01 03:16:00+00:00,1.0,0.0,1.0
KXBTC15M-26AUG312330-30,2026-09-01 03:16:00+00:00,0.7,0.69,0.31000000000000005
KXBTC15M-26AUG312330-30,2026-09-01 03:17:00+00:00,0.74,0.73,0.27
KXBTC15M-26AUG312330-30,2026-09-01 03:18:00+00:00,0.65,0.64,0.36
KXBTC15M-26AUG312330-30,2026-09-01 03:19:00+00:00,0.7,0.69,0.31000000000000005
KXBTC15M-26AUG312330-30,2026-09-01 03:20:00+00:00,0.82,0.81,0.18999999999999995
KXBTC15M-26AUG312330-30,2026-09-01 03:21:00+00:00,0.72,0.71,0.29000000000000004
KXBTC15M-26AUG312330-30,2026-09-01 03:22:00+00:00,0.7,0.69,0.31000000000000005
KXBTC15M-26AUG312330-30,2026-09-01 03:23:00+00:00,0.64,0.63,0.37
KXBTC15M-26AUG312330-30,2026-09-01 03:24:00+00:00,0.69,0.68,0.31999999999999995
KXBTC15M-26AUG312330-30,2026-09-01 03:25:00+00:00,0.72,0.71,0.29000000000000004
KXBTC15M-26AUG312330-30,2026-09-01 03:26:00+00:00,0.44,0.43,0.5700000000000001
KXBTC15M-26AUG312330-30,2026-09-01 03:27:00+00:00,0.5,0.49,0.51
KXBTC15M-26AUG312330-30,2026-09-01 03:28:00+00:00,0.923,0.922,0.07799999999999996
KXBTC15M-26AUG312330-30,2026-09-01 03:29:00+00:00,0.983,0.982,0.018000000000000016
KXBTC15M-26AUG312330-30,2026-09-01 03:30:00+00:00,1.0,0.999,0.0010000000000000009
KXBTC15M-26AUG312330-30,2026-09-01 03:31:00+00:00,1.0,0.0,1.0
KXBTC15M-26AUG312345-45,2026-09-01 03:31:00+00:00,0.65,0.64,0.36
KXBTC15M-26AUG312345-45,2026-09-01 03:32:00+00:00,0.71,0.7,0.30000000000000004
KXBTC15M-26AUG312345-45,2026-09-01 03:33:00+00:00,0.81,0.8,0.19999999999999996
KXBTC15M-26AUG312345-45,2026-09-01 03:34:00+00:00,0.86,0.85,0.15000000000000002
KXBTC15M-26AUG312345-45,2026-09-01 03:35:00+00:00,0.909,0.908,0.09199999999999997
KXBTC15M-26AUG312345-45,2026-09-01 03:36:00+00:00,0.943,0.942,0.05800000000000005
KXBTC15M-26AUG312345-45,2026-09-01 03:37:00+00:00,0.976,0.975,0.025000000000000022
KXBTC15M-26AUG312345-45,2026-09-01 03:38:00+00:00,0.96,0.959,0.041000000000000036
KXBTC15M-26AUG312345-45,2026-09-01 03:39:00+00:00,0.984,0.983,0.017000000000000015
KXBTC15M-26AUG312345-45,2026-09-01 03:40:00+00:00,0.988,0.987,0.013000000000000012
KXBTC15M-26AUG312345-45,2026-09-01 03:41:00+00:00,0.987,0.986,0.014000000000000012
KXBTC15M-26AUG312345-45,2026-09-01 03:42:00+00:00,0.993,0.991,0.009000000000000008
KXBTC15M-26AUG312345-45,2026-09-01 03:43:00+00:00,0.999,0.998,0.0020000000000000018
KXBTC15M-26AUG312345-45,2026-09-01 03:44:00+00:00,1.0,0.999,0.0010000000000000009
KXBTC15M-26AUG312345-45,2026-09-01 03:45:00+00:00,1.0,0.999,0.0010000000000000009
KXBTC15M-26AUG312345-45,2026-09-01 03:46:00+00:00,1.0,0.0,1.0
KXBTC15M-26SEP010000-00,2026-09-01 03:46:00+00:00,0.34,0.33,0.6699999999999999
KXBTC15M-26SEP010000-00,2026-09-01 03:47:00+00:00,0.25,0.24,0.76
KXBTC15M-26SEP010000-00,2026-09-01 03:48:00+00:00,0.17,0.16,0.84
KXBTC15M-26SEP010000-00,2026-09-01 03:49:00+00:00,0.17,0.16,0.84
KXBTC15M-26SEP010000-00,2026-09-01 03:50:00+00:00,0.2,0.19,0.81
KXBTC15M-26SEP010000-00,2026-09-01 03:51:00+00:00,0.15,0.14,0.86
KXBTC15M-26SEP010000-00,2026-09-01 03:52:00+00:00,0.17,0.16,0.84
KXBTC15M-26SEP010000-00,2026-09-01 03:53:00+00:00,0.13,0.12,0.88
KXBTC15M-26SEP010000-00,2026-09-01 03:54:00+00:00,0.094,0.093,0.907
KXBTC15M-26SEP010000-00,2026-09-01 03:55:00+00:00,0.045,0.044,0.956
KXBTC15M-26SEP010000-00,2026-09-01 03:56:00+00:00,0.024,0.023,0.977
KXBTC15M-26SEP010000-00,2026-09-01 03:57:00+00:00,0.016,0.015,0.985
KXBTC15M-26SEP010000-00,2026-09-01 03:58:00+00:00,0.001,0.0,1.0
KXBTC15M-26SEP010000-00,2026-09-01 03:59:00+00:00,0.001,0.0,1.0
KXBTC15M-26SEP010000-00,2026-09-01 04:00:00+00:00,0.001,0.0,1.0
KXBTC15M-26SEP010000-00,2026-09-01 04:01:00+00:00,1.0,0.0,1.0
KXBTC15M-26SEP010015-15,2026-09-01 04:01:00+00:00,0.66,0.65,0.35
KXBTC15M-26SEP010015-15,2026-09-01 04:02:00+00:00,0.71,0.7,0.30000000000000004
KXBTC15M-26SEP010015-15,2026-09-01 04:03:00+00:00,0.69,0.68,0.31999999999999995
KXBTC15M-26SEP010015-15,2026-09-01 04:04:00+00:00,0.51,0.5,0.5
KXBTC15M-26SEP010015-15,2026-09-01 04:05:00+00:00,0.51,0.5,0.5
KXBTC15M-26SEP010015-15,2026-09-01 04:06:00+00:00,0.52,0.51,0.49
KXBTC15M-26SEP010015-15,2026-09-01 04:07:00+00:00,0.42,0.41,0.5900000000000001
KXBTC15M-26SEP010015-15,2026-09-01 04:08:00+00:00,0.58,0.57,0.43000000000000005
KXBTC15M-26SEP010015-15,2026-09-01 04:09:00+00:00,0.87,0.86,0.14
KXBTC15M-26SEP010015-15,2026-09-01 04:10:00+00:00,0.9,0.89,0.10999999999999999
KXBTC15M-26SEP010015-15,2026-09-01 04:11:00+00:00,0.83,0.82,0.18000000000000005
KXBTC15M-26SEP010015-15,2026-09-01 04:12:00+00:00,0.86,0.85,0.15000000000000002
KXBTC15M-26SEP010015-15,2026-09-01 04:13:00+00:00,0.902,0.9,0.09999999999999998
KXBTC15M-26SEP010015-15,2026-09-01 04:14:00+00:00,0.13,0.12,0.88
KXBTC15M-26SEP010015-15,2026-09-01 04:15:00+00:00,0.001,0.0,1.0
KXBTC15M-26SEP010015-15,2026-09-01 04:16:00+00:00,1.0,0.0,1.0
KXBTC15M-26SEP010030-30,2026-09-01 04:16:00+00:00,0.69,0.68,0.31999999999999995
KXBTC15M-26SEP010030-30,2026-09-01 04:17:00+00:00,0.68,0.67,0.32999999999999996
KXBTC15M-26SEP010030-30,2026-09-01 04:18:00+00:00,0.78,0.77,0.22999999999999998
KXBTC15M-26SEP010030-30,2026-09-01 04:19:00+00:00,0.75,0.74,0.26
KXBTC15M-26SEP010030-30,2026-09-01 04:20:00+00:00,0.71,0.7,0.30000000000000004
KXBTC15M-26SEP010030-30,2026-09-01 04:21:00+00:00,0.73,0.72,0.28
KXBTC15M-26SEP010030-30,2026-09-01 04:22:00+00:00,0.8,0.79,0.20999999999999996
KXBTC15M-26SEP010030-30,2026-09-01 04:23:00+00:00,0.86,0.85,0.15000000000000002
KXBTC15M-26SEP010030-30,2026-09-01 04:24:00+00:00,0.928,0.927,0.07299999999999995
KXBTC15M-26SEP010030-30,2026-09-01 04:25:00+00:00,0.946,0.945,0.05500000000000005
KXBTC15M-26SEP010030-30,2026-09-01 04:26:00+00:00,0.986,0.985,0.015000000000000013
KXBTC15M-26SEP010030-30,2026-09-01 04:27:00+00:00,0.993,0.992,0.008000000000000007
KXBTC15M-26SEP010030-30,2026-09-01 04:28:00+00:00,0.993,0.992,0.008000000000000007
KXBTC15M-26SEP010030-30,2026-09-01 04:29:00+00:00,0.999,0.998,0.0020000000000000018
KXBTC15M-26SEP010030-30,2026-09-01 04:30:00+00:00,1.0,0.999,0.0010000000000000009
KXBTC15M-26SEP010030-30,2026-09-01 04:31:00+00:00,1.0,0.0,1.0
KXBTC15M-26SEP010045-45,2026-09-01 04:31:00+00:00,0.59,0.58,0.42000000000000004
KXBTC15M-26SEP010045-45,2026-09-01 04:32:00+00:00,0.49,0.48,0.52
KXBTC15M-26SEP010045-45,2026-09-01 04:33:00+00:00,0.35,0.34,0.6599999999999999
KXBTC15M-26SEP010045-45,2026-09-01 04:34:00+00:00,0.3,0.29,0.71
KXBTC15M-26SEP010045-45,2026-09-01 04:35:00+00:00,0.21,0.2,0.8
KXBTC15M-26SEP010045-45,2026-09-01 04:36:00+00:00,0.12,0.11,0.89
KXBTC15M-26SEP010045-45,2026-09-01 04:37:00+00:00,0.12,0.11,0.89
KXBTC15M-26SEP010045-45,2026-09-01 04:38:00+00:00,0.16,0.15,0.85
KXBTC15M-26SEP010045-45,2026-09-01 04:39:00+00:00,0.1,0.099,0.901
KXBTC15M-26SEP010045-45,2026-09-01 04:40:00+00:00,0.065,0.064,0.9359999999999999
KXBTC15M-26SEP010045-45,2026-09-01 04:41:00+00:00,0.043,0.042,0.958
KXBTC15M-26SEP010045-45,2026-09-01 04:42:00+00:00,0.013,0.012,0.988
KXBTC15M-26SEP010045-45,2026-09-01 04:43:00+00:00,0.002,0.001,0.999
KXBTC15M-26SEP010045-45,2026-09-01 04:44:00+00:00,0.001,0.0,1.0
KXBTC15M-26SEP010045-45,2026-09-01 04:45:00+00:00,0.001,0.0,1.0
KXBTC15M-26SEP010045-45,2026-09-01 04:46:00+00:00,1.0,0.0,1.0
KXBTC15M-26SEP010100-00,2026-09-01 04:46:00+00:00,0.64,0.63,0.37
KXBTC15M-26SEP010100-00,2026-09-01 04:47:00+00:00,0.63,0.62,0.38
KXBTC15M-26SEP010100-00,2026-09-01 04:48:00+00:00,0.69,0.68,0.31999999999999995
KXBTC15M-26SEP010100-00,2026-09-01 04:49:00+00:00,0.78,0.77,0.22999999999999998
KXBTC15M-26SEP010100-00,2026-09-01 04:50:00+00:00,0.76,0.75,0.25
KXBTC15M-26SEP010100-00,2026-09-01 04:51:00+00:00,0.46,0.45,0.55
KXBTC15M-26SEP010100-00,2026-09-01 04:52:00+00:00,0.46,0.45,0.55
KXBTC15M-26SEP010100-00,2026-09-01 04:53:00+00:00,0.63,0.62,0.38
KXBTC15M-26SEP010100-00,2026-09-01 04:54:00+00:00,0.59,0.58,0.42000000000000004
KXBTC15M-26SEP010100-00,2026-09-01 04:55:00+00:00,0.67,0.66,0.33999999999999997
KXBTC15M-26SEP010100-00,2026-09-01 04:56:00+00:00,0.69,0.68,0.31999999999999995
KXBTC15M-26SEP010100-00,2026-09-01 04:57:00+00:00,0.62,0.61,0.39
KXBTC15M-26SEP010100-00,2026-09-01 04:58:00+00:00,0.19,0.18,0.8200000000000001
KXBTC15M-26SEP010100-00,2026-09-01 04:59:00+00:00,0.61,0.6,0.4
KXBTC15M-26SEP010100-00,2026-09-01 05:00:00+00:00,0.001,0.0,1.0
KXBTC15M-26SEP010100-00,2026-09-01 05:01:00+00:00,1.0,0.0,1.0
KXBTC15M-26SEP010115-15,2026-09-01 05:01:00+00:00,0.66,0.65,0.35
KXBTC15M-26SEP010115-15,2026-09-01 05:02:00+00:00,0.69,0.68,0.31999999999999995
KXBTC15M-26SEP010115-15,2026-09-01 05:03:00+00:00,0.82,0.81,0.18999999999999995
KXBTC15M-26SEP010115-15,2026-09-01 05:04:00+00:00,0.86,0.85,0.15000000000000002
KXBTC15M-26SEP010115-15,2026-09-01 05:05:00+00:00,0.89,0.88,0.12
KXBTC15M-26SEP010115-15,2026-09-01 05:06:00+00:00,0.934,0.933,0.06699999999999995
KXBTC15M-26SEP010115-15,2026-09-01 05:07:00+00:00,0.936,0.935,0.06499999999999995
KXBTC15M-26SEP010115-15,2026-09-01 05:08:00+00:00,0.916,0.915,0.08499999999999996
KXBTC15M-26SEP010115-15,2026-09-01 05:09:00+00:00,0.959,0.958,0.04200000000000004
KXBTC15M-26SEP010115-15,2026-09-01 05:10:00+00:00,0.976,0.975,0.025000000000000022
KXBTC15M-26SEP010115-15,2026-09-01 05:11:00+00:00,0.967,0.966,0.03400000000000003
KXBTC15M-26SEP010115-15,2026-09-01 05:12:00+00:00,0.987,0.986,0.014000000000000012
KXBTC15M-26SEP010115-15,2026-09-01 05:13:00+00:00,0.991,0.99,0.010000000000000009
KXBTC15M-26SEP010115-15,2026-09-01 05:14:00+00:00,1.0,0.999,0.0010000000000000009
KXBTC15M-26SEP010115-15,2026-09-01 05:15:00+00:00,1.0,0.999,0.0010000000000000009
KXBTC15M-26SEP010115-15,2026-09-01 05:16:00+00:00,1.0,0.0,1.0
KXBTC15M-26SEP010130-30,2026-09-01 05:16:00+00:00,0.53,0.52,0.48
KXBTC15M-26SEP010130-30,2026-09-01 05:17:00+00:00,0.55,0.54,0.45999999999999996
KXBTC15M-26SEP010130-30,2026-09-01 05:18:00+00:00,0.52,0.51,0.49
KXBTC15M-26SEP010130-30,2026-09-01 05:19:00+00:00,0.46,0.45,0.55
KXBTC15M-26SEP010130-30,2026-09-01 05:20:00+00:00,0.34,0.33,0.6699999999999999
KXBTC15M-26SEP010130-30,2026-09-01 05:21:00+00:00,0.26,0.25,0.75
KXBTC15M-26SEP010130-30,2026-09-01 05:22:00+00:00,0.16,0.15,0.85
KXBTC15M-26SEP010130-30,2026-09-01 05:23:00+00:00,0.21,0.2,0.8
KXBTC15M-26SEP010130-30,2026-09-01 05:24:00+00:00,0.15,0.14,0.86
KXBTC15M-26SEP010130-30,2026-09-01 05:25:00+00:00,0.16,0.15,0.85
KXBTC15M-26SEP010130-30,2026-09-01 05:26:00+00:00,0.24,0.23,0.77
KXBTC15M-26SEP010130-30,2026-09-01 05:27:00+00:00,0.64,0.63,0.37
KXBTC15M-26SEP010130-30,2026-09-01 05:28:00+00:00,0.909,0.908,0.09199999999999997
KXBTC15M-26SEP010130-30,2026-09-01 05:29:00+00:00,0.978,0.977,0.02300000000000002
KXBTC15M-26SEP010130-30,2026-09-01 05:30:00+00:00,1.0,0.999,0.0010000000000000009
KXBTC15M-26SEP010130-30,2026-09-01 05:31:00+00:00,1.0,0.0,1.0
KXBTC15M-26SEP010145-45,2026-09-01 05:31:00+00:00,0.63,0.62,0.38
KXBTC15M-26SEP010145-45,2026-09-01 05:32:00+00:00,0.58,0.57,0.43000000000000005
KXBTC15M-26SEP010145-45,2026-09-01 05:33:00+00:00,0.65,0.64,0.36
KXBTC15M-26SEP010145-45,2026-09-01 05:34:00+00:00,0.7,0.69,0.31000000000000005
KXBTC15M-26SEP010145-45,2026-09-01 05:35:00+00:00,0.76,0.75,0.25
KXBTC15M-26SEP010145-45,2026-09-01 05:36:00+00:00,0.79,0.78,0.21999999999999997
KXBTC15M-26SEP010145-45,2026-09-01 05:37:00+00:00,0.84,0.83,0.17000000000000004
KXBTC15M-26SEP010145-45,2026-09-01 05:38:00+00:00,0.88,0.87,0.13
KXBTC15M-26SEP010145-45,2026-09-01 05:39:00+00:00,0.9,0.89,0.10999999999999999
KXBTC15M-26SEP010145-45,2026-09-01 05:40:00+00:00,0.924,0.923,0.07699999999999996
KXBTC15M-26SEP010145-45,2026-09-01 05:41:00+00:00,0.85,0.84,0.16000000000000003
KXBTC15M-26SEP010145-45,2026-09-01 05:42:00+00:00,0.977,0.976,0.02400000000000002
KXBTC15M-26SEP010145-45,2026-09-01 05:43:00+00:00,0.991,0.99,0.010000000000000009
KXBTC15M-26SEP010145-45,2026-09-01 05:44:00+00:00,1.0,0.999,0.0010000000000000009
KXBTC15M-26SEP010145-45,2026-09-01 05:45:00+00:00,1.0,0.999,0.0010000000000000009
KXBTC15M-26SEP010145-45,2026-09-01 05:46:00+00:00,1.0,0.0,1.0
KXBTC15M-26SEP010200-00,2026-09-01 05:46:00+00:00,0.44,0.43,0.5700000000000001
KXBTC15M-26SEP010200-00,2026-09-01 05:47:00+00:00,0.29,0.28,0.72
KXBTC15M-26SEP010200-00,2026-09-01 05:48:00+00:00,0.28,0.27,0.73
KXBTC15M-26SEP010200-00,2026-09-01 05:49:00+00:00,0.38,0.37,0.63
KXBTC15M-26SEP010200-00,2026-09-01 05:50:00+00:00,0.6,0.59,0.41000000000000003
KXBTC15M-26SEP010200-00,2026-09-01 05:51:00+00:00,0.4,0.39,0.61
KXBTC15M-26SEP010200-00,2026-09-01 05:52:00+00:00,0.24,0.23,0.77
KXBTC15M-26SEP010200-00,2026-09-01 05:53:00+00:00,0.53,0.52,0.48
KXBTC15M-26SEP010200-00,2026-09-01 05:54:00+00:00,0.33,0.32,0.6799999999999999
KXBTC15M-26SEP010200-00,2026-09-01 05:55:00+00:00,0.67,0.66,0.33999999999999997
KXBTC15M-26SEP010200-00,2026-09-01 05:56:00+00:00,0.83,0.82,0.18000000000000005
KXBTC15M-26SEP010200-00,2026-09-01 05:57:00+00:00,0.6,0.59,0.41000000000000003
KXBTC15M-26SEP010200-00,2026-09-01 05:58:00+00:00,0.76,0.75,0.25
KXBTC15M-26SEP010200-00,2026-09-01 05:59:00+00:00,0.85,0.84,0.16000000000000003
KXBTC15M-26SEP010200-00,2026-09-01 06:00:00+00:00,1.0,0.999,0.0010000000000000009
KXBTC15M-26SEP010200-00,2026-09-01 06:01:00+00:00,1.0,0.0,1.0
KXBTC15M-26SEP010215-15,2026-09-01 06:01:00+00:00,0.35,0.34,0.6599999999999999
KXBTC15M-26SEP010215-15,2026-09-01 06:02:00+00:00,0.27,0.26,0.74
KXBTC15M-26SEP010215-15,2026-09-01 06:03:00+00:00,0.23,0.22,0.78
KXBTC15M-26SEP010215-15,2026-09-01 06:04:00+00:00,0.2,0.19,0.81
KXBTC15M-26SEP010215-15,2026-09-01 06:05:00+00:00,0.23,0.22,0.78
KXBTC15M-26SEP010215-15,2026-09-01 06:06:00+00:00,0.16,0.15,0.85
KXBTC15M-26SEP010215-15,2026-09-01 06:07:00+00:00,0.11,0.1,0.9
KXBTC15M-26SEP010215-15,2026-09-01 06:08:00+00:00,0.071,0.07,0.9299999999999999
KXBTC15M-26SEP010215-15,2026-09-01 06:09:00+00:00,0.048,0.047,0.953
KXBTC15M-26SEP010215-15,2026-09-01 06:10:00+00:00,0.026,0.025,0.975
KXBTC15M-26SEP010215-15,2026-09-01 06:11:00+00:00,0.022,0.02,0.98
KXBTC15M-26SEP010215-15,2026-09-01 06:12:00+00:00,0.014,0.013,0.987
KXBTC15M-26SEP010215-15,2026-09-01 06:13:00+00:00,0.008,0.007,0.993
KXBTC15M-26SEP010215-15,2026-09-01 06:14:00+00:00,0.002,0.001,0.999
KXBTC15M-26SEP010215-15,2026-09-01 06:15:00+00:00,0.001,0.0,1.0
KXBTC15M-26SEP010215-15,2026-09-01 06:16:00+00:00,1.0,0.0,1.0
KXBTC15M-26SEP010230-30,2026-09-01 06:16:00+00:00,0.24,0.23,0.77
KXBTC15M-26SEP010230-30,2026-09-01 06:17:00+00:00,0.25,0.24,0.76
KXBTC15M-26SEP010230-30,2026-09-01 06:18:00+00:00,0.29,0.28,0.72
KXBTC15M-26SEP010230-30,2026-09-01 06:19:00+00:00,0.16,0.15,0.85
KXBTC15M-26SEP010230-30,2026-09-01 06:20:00+00:00,0.14,0.13,0.87
KXBTC15M-26SEP010230-30,2026-09-01 06:21:00+00:00,0.11,0.1,0.9
KXBTC15M-26SEP010230-30,2026-09-01 06:22:00+00:00,0.098,0.097,0.903
KXBTC15M-26SEP010230-30,2026-09-01 06:23:00+00:00,0.071,0.07,0.9299999999999999
KXBTC15M-26SEP010230-30,2026-09-01 06:24:00+00:00,0.036,0.035,0.965
KXBTC15M-26SEP010230-30,2026-09-01 06:25:00+00:00,0.013,0.012,0.988
KXBTC15M-26SEP010230-30,2026-09-01 06:26:00+00:00,0.02,0.019,0.981
KXBTC15M-26SEP010230-30,2026-09-01 06:27:00+00:00,0.017,0.015,0.985
KXBTC15M-26SEP010230-30,2026-09-01 06:28:00+00:00,0.005,0.004,0.996
KXBTC15M-26SEP010230-30,2026-09-01 06:29:00+00:00,0.003,0.001,0.999
KXBTC15M-26SEP010230-30,2026-09-01 06:30:00+00:00,0.001,0.0,1.0
KXBTC15M-26SEP010230-30,2026-09-01 06:31:00+00:00,1.0,0.0,1.0
KXBTC15M-26SEP010245-45,2026-09-01 06:31:00+00:00,0.57,0.56,0.43999999999999995
KXBTC15M-26SEP010245-45,2026-09-01 06:32:00+00:00,0.6,0.59,0.41000000000000003
KXBTC15M-26SEP010245-45,2026-09-01 06:33:00+00:00,0.63,0.62,0.38
KXBTC15M-26SEP010245-45,2026-09-01 06:34:00+00:00,0.73,0.72,0.28
KXBTC15M-26SEP010245-45,2026-09-01 06:35:00+00:00,0.7,0.69,0.31000000000000005
KXBTC15M-26SEP010245-45,2026-09-01 06:36:00+00:00,0.57,0.56,0.43999999999999995
KXBTC15M-26SEP010245-45,2026-09-01 06:37:00+00:00,0.46,0.45,0.55
KXBTC15M-26SEP010245-45,2026-09-01 06:38:00+00:00,0.45,0.44,0.56
KXBTC15M-26SEP010245-45,2026-09-01 06:39:00+00:00,0.58,0.57,0.43000000000000005
KXBTC15M-26SEP010245-45,2026-09-01 06:40:00+00:00,0.71,0.7,0.30000000000000004
KXBTC15M-26SEP010245-45,2026-09-01 06:41:00+00:00,0.7,0.69,0.31000000000000005
KXBTC15M-26SEP010245-45,2026-09-01 06:42:00+00:00,0.46,0.45,0.55
KXBTC15M-26SEP010245-45,2026-09-01 06:43:00+00:00,0.38,0.37,0.63
KXBTC15M-26SEP010245-45,2026-09-01 06:44:00+00:00,0.034,0.032,0.968
KXBTC15M-26SEP010245-45,2026-09-01 06:45:00+00:00,0.001,0.0,1.0
KXBTC15M-26SEP010245-45,2026-09-01 06:46:00+00:00,1.0,0.0,1.0
KXBTC15M-26SEP010300-00,2026-09-01 06:46:00+00:00,0.61,0.6,0.4
KXBTC15M-26SEP010300-00,2026-09-01 06:47:00+00:00,0.44,0.43,0.5700000000000001
KXBTC15M-26SEP010300-00,2026-09-01 06:48:00+00:00,0.22,0.21,0.79
KXBTC15M-26SEP010300-00,2026-09-01 06:49:00+00:00,0.28,0.27,0.73
KXBTC15M-26SEP010300-00,2026-09-01 06:50:00+00:00,0.35,0.34,0.6599999999999999
KXBTC15M-26SEP010300-00,2026-09-01 06:51:00+00:00,0.36,0.35,0.65
KXBTC15M-26SEP010300-00,2026-09-01 06:52:00+00:00,0.15,0.14,0.86
KXBTC15M-26SEP010300-00,2026-09-01 06:53:00+00:00,0.22,0.21,0.79
KXBTC15M-26SEP010300-00,2026-09-01 06:54:00+00:00,0.2,0.19,0.81
KXBTC15M-26SEP010300-00,2026-09-01 06:55:00+00:00,0.097,0.096,0.904
KXBTC15M-26SEP010300-00,2026-09-01 06:56:00+00:00,0.062,0.061,0.9390000000000001
KXBTC15M-26SEP010300-00,2026-09-01 06:57:00+00:00,0.005,0.004,0.996
KXBTC15M-26SEP010300-00,2026-09-01 06:58:00+00:00,0.004,0.003,0.997
KXBTC15M-26SEP010300-00,2026-09-01 06:59:00+00:00,0.002,0.001,0.999
KXBTC15M-26SEP010300-00,2026-09-01 07:00:00+00:00,0.001,0.0,1.0
KXBTC15M-26SEP010300-00,2026-09-01 07:01:00+00:00,1.0,0.0,1.0
KXBTC15M-26SEP010315-15,2026-09-01 07:01:00+00:00,0.4,0.39,0.61
KXBTC15M-26SEP010315-15,2026-09-01 07:02:00+00:00,0.59,0.58,0.42000000000000004
KXBTC15M-26SEP010315-15,2026-09-01 07:03:00+00:00,0.61,0.6,0.4
KXBTC15M-26SEP010315-15,2026-09-01 07:04:00+00:00,0.57,0.56,0.43999999999999995
KXBTC15M-26SEP010315-15,2026-09-01 07:05:00+00:00,0.71,0.7,0.30000000000000004
KXBTC15M-26SEP010315-15,2026-09-01 07:06:00+00:00,0.76,0.75,0.25
KXBTC15M-26SEP010315-15,2026-09-01 07:07:00+00:00,0.55,0.54,0.45999999999999996
KXBTC15M-26SEP010315-15,2026-09-01 07:08:00+00:00,0.73,0.72,0.28
KXBTC15M-26SEP010315-15,2026-09-01 07:09:00+00:00,0.8,0.79,0.20999999999999996
KXBTC15M-26SEP010315-15,2026-09-01 07:10:00+00:00,0.67,0.66,0.33999999999999997
KXBTC15M-26SEP010315-15,2026-09-01 07:11:00+00:00,0.37,0.36,0.64
KXBTC15M-26SEP010315-15,2026-09-01 07:12:00+00:00,0.27,0.26,0.74
KXBTC15M-26SEP010315-15,2026-09-01 07:13:00+00:00,0.17,0.16,0.84
KXBTC15M-26SEP010315-15,2026-09-01 07:14:00+00:00,0.091,0.09,0.91
KXBTC15M-26SEP010315-15,2026-09-01 07:15:00+00:00,0.001,0.0,1.0
KXBTC15M-26SEP010315-15,2026-09-01 07:16:00+00:00,1.0,0.0,1.0
KXBTC15M-26SEP010330-30,2026-09-01 07:16:00+00:00,0.62,0.61,0.39
KXBTC15M-26SEP010330-30,2026-09-01 07:17:00+00:00,0.67,0.66,0.33999999999999997
KXBTC15M-26SEP010330-30,2026-09-01 07:18:00+00:00,0.71,0.7,0.30000000000000004
KXBTC15M-26SEP010330-30,2026-09-01 07:19:00+00:00,0.64,0.63,0.37
KXBTC15M-26SEP010330-30,2026-09-01 07:20:00+00:00,0.77,0.76,0.24
KXBTC15M-26SEP010330-30,2026-09-01 07:21:00+00:00,0.75,0.74,0.26
KXBTC15M-26SEP010330-30,2026-09-01 07:22:00+00:00,0.77,0.76,0.24
KXBTC15M-26SEP010330-30,2026-09-01 07:23:00+00:00,0.8,0.79,0.20999999999999996
KXBTC15M-26SEP010330-30,2026-09-01 07:24:00+00:00,0.9,0.89,0.10999999999999999
KXBTC15M-26SEP010330-30,2026-09-01 07:25:00+00:00,0.76,0.75,0.25
KXBTC15M-26SEP010330-30,2026-09-01 07:26:00+00:00,0.92,0.919,0.08099999999999996
KXBTC15M-26SEP010330-30,2026-09-01 07:27:00+00:00,0.967,0.965,0.03500000000000003
KXBTC15M-26SEP010330-30,2026-09-01 07:28:00+00:00,0.34,0.33,0.6699999999999999
KXBTC15M-26SEP010330-30,2026-09-01 07:29:00+00:00,0.6,0.59,0.41000000000000003
KXBTC15M-26SEP010330-30,2026-09-01 07:30:00+00:00,1.0,0.999,0.0010000000000000009
KXBTC15M-26SEP010330-30,2026-09-01 07:31:00+00:00,1.0,0.0,1.0
KXBTC15M-26SEP010345-45,2026-09-01 07:31:00+00:00,0.5,0.49,0.51
KXBTC15M-26SEP010345-45,2026-09-01 07:32:00+00:00,0.53,0.52,0.48
KXBTC15M-26SEP010345-45,2026-09-01 07:33:00+00:00,0.57,0.56,0.43999999999999995
KXBTC15M-26SEP010345-45,2026-09-01 07:34:00+00:00,0.51,0.5,0.5
KXBTC15M-26SEP010345-45,2026-09-01 07:35:00+00:00,0.68,0.67,0.32999999999999996
KXBTC15M-26SEP010345-45,2026-09-01 07:36:00+00:00,0.72,0.71,0.29000000000000004
KXBTC15M-26SEP010345-45,2026-09-01 07:37:00+00:00,0.23,0.22,0.78
KXBTC15M-26SEP010345-45,2026-09-01 07:38:00+00:00,0.074,0.073,0.927
KXBTC15M-26SEP010345-45,2026-09-01 07:39:00+00:00,0.084,0.083,0.917
KXBTC15M-26SEP010345-45,2026-09-01 07:40:00+00:00,0.042,0.041,0.959
KXBTC15M-26SEP010345-45,2026-09-01 07:41:00+00:00,0.021,0.02,0.98
KXBTC15M-26SEP010345-45,2026-09-01 07:42:00+00:00,0.017,0.016,0.984
KXBTC15M-26SEP010345-45,2026-09-01 07:43:00+00:00,0.025,0.024,0.976
KXBTC15M-26SEP010345-45,2026-09-01 07:44:00+00:00,0.003,0.002,0.998
KXBTC15M-26SEP010345-45,2026-09-01 07:45:00+00:00,0.001,0.0,1.0
KXBTC15M-26SEP010345-45,2026-09-01 07:46:00+00:00,1.0,0.0,1.0
KXBTC15M-26SEP010400-00,2026-09-01 07:46:00+00:00,0.5,0.49,0.51
KXBTC15M-26SEP010400-00,2026-09-01 07:47:00+00:00,0.51,0.5,0.5
KXBTC15M-26SEP010400-00,2026-09-01 07:48:00+00:00,0.52,0.51,0.49
KXBTC15M-26SEP010400-00,2026-09-01 07:49:00+00:00,0.65,0.64,0.36
KXBTC15M-26SEP010400-00,2026-09-01 07:50:00+00:00,0.65,0.64,0.36
KXBTC15M-26SEP010400-00,2026-09-01 07:51:00+00:00,0.74,0.73,0.27
KXBTC15M-26SEP010400-00,2026-09-01 07:52:00+00:00,0.68,0.67,0.32999999999999996
KXBTC15M-26SEP010400-00,2026-09-01 07:53:00+00:00,0.61,0.6,0.4
KXBTC15M-26SEP010400-00,2026-09-01 07:54:00+00:00,0.74,0.73,0.27
KXBTC15M-26SEP010400-00,2026-09-01 07:55:00+00:00,0.74,0.73,0.27
KXBTC15M-26SEP010400-00,2026-09-01 07:56:00+00:00,0.83,0.82,0.18000000000000005
KXBTC15M-26SEP010400-00,2026-09-01 07:57:00+00:00,0.82,0.81,0.18999999999999995
KXBTC15M-26SEP010400-00,2026-09-01 07:58:00+00:00,0.75,0.74,0.26
KXBTC15M-26SEP010400-00,2026-09-01 07:59:00+00:00,0.81,0.79,0.20999999999999996
KXBTC15M-26SEP010400-00,2026-09-01 08:00:00+00:00,1.0,0.999,0.0010000000000000009
KXBTC15M-26SEP010400-00,2026-09-01 08:01:00+00:00,1.0,0.0,1.0
KXBTC15M-26SEP010415-15,2026-09-01 08:01:00+00:00,0.53,0.52,0.48
KXBTC15M-26SEP010415-15,2026-09-01 08:02:00+00:00,0.41,0.4,0.6
KXBTC15M-26SEP010415-15,2026-09-01 08:03:00+00:00,0.3,0.29,0.71
KXBTC15M-26SEP010415-15,2026-09-01 08:04:00+00:00,0.27,0.26,0.74
KXBTC15M-26SEP010415-15,2026-09-01 08:05:00+00:00,0.3,0.29,0.71
KXBTC15M-26SEP010415-15,2026-09-01 08:06:00+00:00,0.12,0.11,0.89
KXBTC15M-26SEP010415-15,2026-09-01 08:07:00+00:00,0.064,0.063,0.937
KXBTC15M-26SEP010415-15,2026-09-01 08:08:00+00:00,0.059,0.058,0.942
KXBTC15M-26SEP010415-15,2026-09-01 08:09:00+00:00,0.019,0.018,0.982
KXBTC15M-26SEP010415-15,2026-09-01 08:10:00+00:00,0.017,0.016,0.984
KXBTC15M-26SEP010415-15,2026-09-01 08:11:00+00:00,0.018,0.017,0.983
KXBTC15M-26SEP010415-15,2026-09-01 08:12:00+00:00,0.01,0.009,0.991
KXBTC15M-26SEP010415-15,2026-09-01 08:13:00+00:00,0.005,0.004,0.996
KXBTC15M-26SEP010415-15,2026-09-01 08:14:00+00:00,0.002,0.001,0.999
KXBTC15M-26SEP010415-15,2026-09-01 08:15:00+00:00,0.001,0.0,1.0
KXBTC15M-26SEP010415-15,2026-09-01 08:16:00+00:00,1.0,0.0,1.0
KXBTC15M-26SEP010430-30,2026-09-01 08:16:00+00:00,0.65,0.64,0.36
KXBTC15M-26SEP010430-30,2026-09-01 08:17:00+00:00,0.62,0.61,0.39
KXBTC15M-26SEP010430-30,2026-09-01 08:18:00+00:00,0.35,0.34,0.6599999999999999
KXBTC15M-26SEP010430-30,2026-09-01 08:19:00+00:00,0.25,0.24,0.76
KXBTC15M-26SEP010430-30,2026-09-01 08:20:00+00:00,0.33,0.32,0.6799999999999999
KXBTC15M-26SEP010430-30,2026-09-01 08:21:00+00:00,0.57,0.56,0.43999999999999995
KXBTC15M-26SEP010430-30,2026-09-01 08:22:00+00:00,0.28,0.27,0.73
KXBTC15M-26SEP010430-30,2026-09-01 08:23:00+00:00,0.21,0.2,0.8
KXBTC15M-26SEP010430-30,2026-09-01 08:24:00+00:00,0.15,0.14,0.86
KXBTC15M-26SEP010430-30,2026-09-01 08:25:00+00:00,0.051,0.05,0.95
KXBTC15M-26SEP010430-30,2026-09-01 08:26:00+00:00,0.023,0.022,0.978
KXBTC15M-26SEP010430-30,2026-09-01 08:27:00+00:00,0.01,0.008,0.992
KXBTC15M-26SEP010430-30,2026-09-01 08:28:00+00:00,0.003,0.002,0.998
KXBTC15M-26SEP010430-30,2026-09-01 08:29:00+00:00,0.002,0.001,0.999
KXBTC15M-26SEP010430-30,2026-09-01 08:30:00+00:00,0.001,0.0,1.0
KXBTC15M-26SEP010430-30,2026-09-01 08:31:00+00:00,1.0,0.0,1.0
KXBTC15M-26SEP010445-45,2026-09-01 08:31:00+00:00,0.58,0.57,0.43000000000000005
KXBTC15M-26SEP010445-45,2026-09-01 08:32:00+00:00,0.44,0.43,0.5700000000000001
KXBTC15M-26SEP010445-45,2026-09-01 08:33:00+00:00,0.4,0.39,0.61
KXBTC15M-26SEP010445-45,2026-09-01 08:34:00+00:00,0.52,0.51,0.49
KXBTC15M-26SEP010445-45,2026-09-01 08:35:00+00:00,0.74,0.73,0.27
KXBTC15M-26SEP010445-45,2026-09-01 08:36:00+00:00,0.7,0.69,0.31000000000000005
KXBTC15M-26SEP010445-45,2026-09-01 08:37:00+00:00,0.77,0.76,0.24
KXBTC15M-26SEP010445-45,2026-09-01 08:38:00+00:00,0.76,0.75,0.25
KXBTC15M-26SEP010445-45,2026-09-01 08:39:00+00:00,0.78,0.77,0.22999999999999998
KXBTC15M-26SEP010445-45,2026-09-01 08:40:00+00:00,0.72,0.71,0.29000000000000004
KXBTC15M-26SEP010445-45,2026-09-01 08:41:00+00:00,0.5,0.49,0.51
KXBTC15M-26SEP010445-45,2026-09-01 08:42:00+00:00,0.28,0.27,0.73
KXBTC15M-26SEP010445-45,2026-09-01 08:43:00+00:00,0.71,0.7,0.30000000000000004
KXBTC15M-26SEP010445-45,2026-09-01 08:44:00+00:00,0.926,0.925,0.07499999999999996
KXBTC15M-26SEP010445-45,2026-09-01 08:45:00+00:00,1.0,0.999,0.0010000000000000009
KXBTC15M-26SEP010445-45,2026-09-01 08:46:00+00:00,1.0,0.0,1.0
KXBTC15M-26SEP010500-00,2026-09-01 08:46:00+00:00,0.7,0.69,0.31000000000000005
KXBTC15M-26SEP010500-00,2026-09-01 08:47:00+00:00,0.68,0.67,0.32999999999999996
KXBTC15M-26SEP010500-00,2026-09-01 08:48:00+00:00,0.72,0.71,0.29000000000000004
KXBTC15M-26SEP010500-00,2026-09-01 08:49:00+00:00,0.53,0.52,0.48
KXBTC15M-26SEP010500-00,2026-09-01 08:50:00+00:00,0.46,0.45,0.55
KXBTC15M-26SEP010500-00,2026-09-01 08:51:00+00:00,0.33,0.32,0.6799999999999999
KXBTC15M-26SEP010500-00,2026-09-01 08:52:00+00:00,0.16,0.15,0.85
KXBTC15M-26SEP010500-00,2026-09-01 08:53:00+00:00,0.2,0.19,0.81
KXBTC15M-26SEP010500-00,2026-09-01 08:54:00+00:00,0.32,0.31,0.69
KXBTC15M-26SEP010500-00,2026-09-01 08:55:00+00:00,0.28,0.27,0.73
KXBTC15M-26SEP010500-00,2026-09-01 08:56:00+00:00,0.29,0.28,0.72
KXBTC15M-26SEP010500-00,2026-09-01 08:57:00+00:00,0.14,0.13,0.87
KXBTC15M-26SEP010500-00,2026-09-01 08:58:00+00:00,0.06,0.059,0.9410000000000001
KXBTC15M-26SEP010500-00,2026-09-01 08:59:00+00:00,0.005,0.004,0.996
KXBTC15M-26SEP010500-00,2026-09-01 09:00:00+00:00,0.001,0.0,1.0
KXBTC15M-26SEP010500-00,2026-09-01 09:01:00+00:00,1.0,0.0,1.0
KXBTC15M-26SEP010515-15,2026-09-01 09:01:00+00:00,0.53,0.52,0.48
KXBTC15M-26SEP010515-15,2026-09-01 09:02:00+00:00,0.37,0.36,0.64
KXBTC15M-26SEP010515-15,2026-09-01 09:03:00+00:00,0.41,0.4,0.6
KXBTC15M-26SEP010515-15,2026-09-01 09:04:00+00:00,0.36,0.35,0.65
KXBTC15M-26SEP010515-15,2026-09-01 09:05:00+00:00,0.5,0.49,0.51
KXBTC15M-26SEP010515-15,2026-09-01 09:06:00+00:00,0.26,0.25,0.75
KXBTC15M-26SEP010515-15,2026-09-01 09:07:00+00:00,0.27,0.26,0.74
KXBTC15M-26SEP010515-15,2026-09-01 09:08:00+00:00,0.56,0.55,0.44999999999999996
KXBTC15M-26SEP010515-15,2026-09-01 09:09:00+00:00,0.58,0.57,0.43000000000000005
KXBTC15M-26SEP010515-15,2026-09-01 09:10:00+00:00,0.44,0.43,0.5700000000000001
KXBTC15M-26SEP010515-15,2026-09-01 09:11:00+00:00,0.38,0.37,0.63
KXBTC15M-26SEP010515-15,2026-09-01 09:12:00+00:00,0.2,0.19,0.81
KXBTC15M-26SEP010515-15,2026-09-01 09:13:00+00:00,0.22,0.21,0.79
KXBTC15M-26SEP010515-15,2026-09-01 09:14:00+00:00,0.013,0.012,0.988
KXBTC15M-26SEP010515-15,2026-09-01 09:15:00+00:00,0.001,0.0,1.0
KXBTC15M-26SEP010515-15,2026-09-01 09:16:00+00:00,1.0,0.0,1.0
KXBTC15M-26SEP010530-30,2026-09-01 09:16:00+00:00,0.4,0.39,0.61
KXBTC15M-26SEP010530-30,2026-09-01 09:17:00+00:00,0.56,0.55,0.44999999999999996
KXBTC15M-26SEP010530-30,2026-09-01 09:18:00+00:00,0.61,0.6,0.4
KXBTC15M-26SEP010530-30,2026-09-01 09:19:00+00:00,0.61,0.6,0.4
KXBTC15M-26SEP010530-30,2026-09-01 09:20:00+00:00,0.53,0.52,0.48
KXBTC15M-26SEP010530-30,2026-09-01 09:21:00+00:00,0.52,0.51,0.49
KXBTC15M-26SEP010530-30,2026-09-01 09:22:00+00:00,0.75,0.74,0.26
KXBTC15M-26SEP010530-30,2026-09-01 09:23:00+00:00,0.904,0.903,0.09699999999999998
KXBTC15M-26SEP010530-30,2026-09-01 09:24:00+00:00,0.944,0.943,0.05700000000000005
KXBTC15M-26SEP010530-30,2026-09-01 09:25:00+00:00,0.975,0.974,0.026000000000000023
KXBTC15M-26SEP010530-30,2026-09-01 09:26:00+00:00,0.984,0.983,0.017000000000000015
KXBTC15M-26SEP010530-30,2026-09-01 09:27:00+00:00,0.986,0.985,0.015000000000000013
KXBTC15M-26SEP010530-30,2026-09-01 09:28:00+00:00,0.985,0.982,0.018000000000000016
KXBTC15M-26SEP010530-30,2026-09-01 09:29:00+00:00,1.0,0.999,0.0010000000000000009
KXBTC15M-26SEP010530-30,2026-09-01 09:30:00+00:00,1.0,0.999,0.0010000000000000009
KXBTC15M-26SEP010530-30,2026-09-01 09:31:00+00:00,1.0,0.0,1.0
KXBTC15M-26SEP010545-45,2026-09-01 09:31:00+00:00,0.37,0.36,0.64
KXBTC15M-26SEP010545-45,2026-09-01 09:32:00+00:00,0.5,0.49,0.51
KXBTC15M-26SEP010545-45,2026-09-01 09:33:00+00:00,0.6,0.59,0.41000000000000003
KXBTC15M-26SEP010545-45,2026-09-01 09:34:00+00:00,0.44,0.43,0.5700000000000001
KXBTC15M-26SEP010545-45,2026-09-01 09:35:00+00:00,0.59,0.58,0.42000000000000004
KXBTC15M-26SEP010545-45,2026-09-01 09:36:00+00:00,0.37,0.36,0.64
KXBTC15M-26SEP010545-45,2026-09-01 09:37:00+00:00,0.18,0.17,0.83
KXBTC15M-26SEP010545-45,2026-09-01 09:38:00+00:00,0.31,0.3,0.7
KXBTC15M-26SEP010545-45,2026-09-01 09:39:00+00:00,0.36,0.35,0.65
KXBTC15M-26SEP010545-45,2026-09-01 09:40:00+00:00,0.3,0.29,0.71
KXBTC15M-26SEP010545-45,2026-09-01 09:41:00+00:00,0.48,0.47,0.53
KXBTC15M-26SEP010545-45,2026-09-01 09:42:00+00:00,0.81,0.8,0.19999999999999996
KXBTC15M-26SEP010545-45,2026-09-01 09:43:00+00:00,0.91,0.909,0.09099999999999997
KXBTC15M-26SEP010545-45,2026-09-01 09:44:00+00:00,0.999,0.998,0.0020000000000000018
KXBTC15M-26SEP010545-45,2026-09-01 09:45:00+00:00,1.0,0.999,0.0010000000000000009
KXBTC15M-26SEP010545-45,2026-09-01 09:46:00+00:00,1.0,0.0,1.0
KXBTC15M-26SEP010600-00,2026-09-01 09:46:00+00:00,0.47,0.46,0.54
KXBTC15M-26SEP010600-00,2026-09-01 09:47:00+00:00,0.33,0.32,0.6799999999999999
KXBTC15M-26SEP010600-00,2026-09-01 09:48:00+00:00,0.37,0.36,0.64
KXBTC15M-26SEP010600-00,2026-09-01 09:49:00+00:00,0.31,0.3,0.7
KXBTC15M-26SEP010600-00,2026-09-01 09:50:00+00:00,0.17,0.16,0.84
KXBTC15M-26SEP010600-00,2026-09-01 09:51:00+00:00,0.23,0.22,0.78
KXBTC15M-26SEP010600-00,2026-09-01 09:52:00+00:00,0.23,0.22,0.78
KXBTC15M-26SEP010600-00,2026-09-01 09:53:00+00:00,0.14,0.13,0.87
KXBTC15M-26SEP010600-00,2026-09-01 09:54:00+00:00,0.14,0.13,0.87
KXBTC15M-26SEP010600-00,2026-09-01 09:55:00+00:00,0.039,0.038,0.962
KXBTC15M-26SEP010600-00,2026-09-01 09:56:00+00:00,0.066,0.065,0.935
KXBTC15M-26SEP010600-00,2026-09-01 09:57:00+00:00,0.015,0.014,0.986
KXBTC15M-26SEP010600-00,2026-09-01 09:58:00+00:00,0.003,0.002,0.998
KXBTC15M-26SEP010600-00,2026-09-01 09:59:00+00:00,0.002,0.001,0.999
KXBTC15M-26SEP010600-00,2026-09-01 10:00:00+00:00,0.001,0.0,1.0
KXBTC15M-26SEP010600-00,2026-09-01 10:01:00+00:00,1.0,0.0,1.0
KXBTC15M-26SEP010615-15,2026-09-01 10:01:00+00:00,0.57,0.56,0.43999999999999995
KXBTC15M-26SEP010615-15,2026-09-01 10:02:00+00:00,0.77,0.76,0.24
KXBTC15M-26SEP010615-15,2026-09-01 10:03:00+00:00,0.77,0.76,0.24
KXBTC15M-26SEP010615-15,2026-09-01 10:04:00+00:00,0.64,0.63,0.37
KXBTC15M-26SEP010615-15,2026-09-01 10:05:00+00:00,0.59,0.58,0.42000000000000004
KXBTC15M-26SEP010615-15,2026-09-01 10:06:00+00:00,0.7,0.69,0.31000000000000005
KXBTC15M-26SEP010615-15,2026-09-01 10:07:00+00:00,0.39,0.38,0.62
KXBTC15M-26SEP010615-15,2026-09-01 10:08:00+00:00,0.44,0.43,0.5700000000000001
KXBTC15M-26SEP010615-15,2026-09-01 10:09:00+00:00,0.28,0.27,0.73
KXBTC15M-26SEP010615-15,2026-09-01 10:10:00+00:00,0.15,0.14,0.86
KXBTC15M-26SEP010615-15,2026-09-01 10:11:00+00:00,0.11,0.1,0.9
KXBTC15M-26SEP010615-15,2026-09-01 10:12:00+00:00,0.19,0.18,0.8200000000000001
KXBTC15M-26SEP010615-15,2026-09-01 10:13:00+00:00,0.935,0.934,0.06599999999999995
KXBTC15M-26SEP010615-15,2026-09-01 10:14:00+00:00,0.051,0.05,0.95
KXBTC15M-26SEP010615-15,2026-09-01 10:15:00+00:00,0.001,0.0,1.0
KXBTC15M-26SEP010615-15,2026-09-01 10:16:00+00:00,1.0,0.0,1.0
KXBTC15M-26SEP010630-30,2026-09-01 10:16:00+00:00,0.62,0.61,0.39
KXBTC15M-26SEP010630-30,2026-09-01 10:17:00+00:00,0.57,0.56,0.43999999999999995
KXBTC15M-26SEP010630-30,2026-09-01 10:18:00+00:00,0.29,0.28,0.72
KXBTC15M-26SEP010630-30,2026-09-01 10:19:00+00:00,0.22,0.21,0.79
KXBTC15M-26SEP010630-30,2026-09-01 10:20:00+00:00,0.52,0.51,0.49
KXBTC15M-26SEP010630-30,2026-09-01 10:21:00+00:00,0.7,0.69,0.31000000000000005
KXBTC15M-26SEP010630-30,2026-09-01 10:22:00+00:00,0.82,0.81,0.18999999999999995
KXBTC15M-26SEP010630-30,2026-09-01 10:23:00+00:00,0.88,0.87,0.13
KXBTC15M-26SEP010630-30,2026-09-01 10:24:00+00:00,0.87,0.86,0.14
KXBTC15M-26SEP010630-30,2026-09-01 10:25:00+00:00,0.965,0.964,0.03600000000000003
KXBTC15M-26SEP010630-30,2026-09-01 10:26:00+00:00,0.973,0.972,0.028000000000000025
KXBTC15M-26SEP010630-30,2026-09-01 10:27:00+00:00,0.989,0.988,0.01200000000000001
KXBTC15M-26SEP010630-30,2026-09-01 10:28:00+00:00,0.989,0.988,0.01200000000000001
KXBTC15M-26SEP010630-30,2026-09-01 10:29:00+00:00,0.998,0.997,0.0030000000000000027
KXBTC15M-26SEP010630-30,2026-09-01 10:30:00+00:00,1.0,0.999,0.0010000000000000009
KXBTC15M-26SEP010630-30,2026-09-01 10:31:00+00:00,1.0,0.0,1.0
KXBTC15M-26SEP010645-45,2026-09-01 10:31:00+00:00,0.79,0.78,0.21999999999999997
KXBTC15M-26SEP010645-45,2026-09-01 10:32:00+00:00,0.83,0.82,0.18000000000000005
KXBTC15M-26SEP010645-45,2026-09-01 10:33:00+00:00,0.86,0.85,0.15000000000000002
KXBTC15M-26SEP010645-45,2026-09-01 10:34:00+00:00,0.8,0.79,0.20999999999999996
KXBTC15M-26SEP010645-45,2026-09-01 10:35:00+00:00,0.83,0.82,0.18000000000000005
KXBTC15M-26SEP010645-45,2026-09-01 10:36:00+00:00,0.81,0.8,0.19999999999999996
KXBTC15M-26SEP010645-45,2026-09-01 10:37:00+00:00,0.87,0.86,0.14
KXBTC15M-26SEP010645-45,2026-09-01 10:38:00+00:00,0.937,0.933,0.06699999999999995
KXBTC15M-26SEP010645-45,2026-09-01 10:39:00+00:00,0.954,0.953,0.04700000000000004
KXBTC15M-26SEP010645-45,2026-09-01 10:40:00+00:00,0.981,0.98,0.020000000000000018
KXBTC15M-26SEP010645-45,2026-09-01 10:41:00+00:00,0.984,0.983,0.017000000000000015
KXBTC15M-26SEP010645-45,2026-09-01 10:42:00+00:00,0.994,0.993,0.007000000000000006
KXBTC15M-26SEP010645-45,2026-09-01 10:43:00+00:00,0.994,0.993,0.007000000000000006
KXBTC15M-26SEP010645-45,2026-09-01 10:44:00+00:00,0.999,0.998,0.0020000000000000018
KXBTC15M-26SEP010645-45,2026-09-01 10:45:00+00:00,1.0,0.999,0.0010000000000000009
KXBTC15M-26SEP010645-45,2026-09-01 10:46:00+00:00,1.0,0.0,1.0
KXBTC15M-26SEP010700-00,2026-09-01 10:46:00+00:00,0.55,0.54,0.45999999999999996
KXBTC15M-26SEP010700-00,2026-09-01 10:47:00+00:00,0.62,0.61,0.39
KXBTC15M-26SEP010700-00,2026-09-01 10:48:00+00:00,0.57,0.56,0.43999999999999995
KXBTC15M-26SEP010700-00,2026-09-01 10:49:00+00:00,0.42,0.41,0.5900000000000001
KXBTC15M-26SEP010700-00,2026-09-01 10:50:00+00:00,0.21,0.2,0.8
KXBTC15M-26SEP010700-00,2026-09-01 10:51:00+00:00,0.27,0.26,0.74
KXBTC15M-26SEP010700-00,2026-09-01 10:52:00+00:00,0.11,0.1,0.9
KXBTC15M-26SEP010700-00,2026-09-01 10:53:00+00:00,0.073,0.072,0.928
KXBTC15M-26SEP010700-00,2026-09-01 10:54:00+00:00,0.032,0.031,0.969
KXBTC15M-26SEP010700-00,2026-09-01 10:55:00+00:00,0.027,0.026,0.974
KXBTC15M-26SEP010700-00,2026-09-01 10:56:00+00:00,0.011,0.01,0.99
KXBTC15M-26SEP010700-00,2026-09-01 10:57:00+00:00,0.009,0.008,0.992
KXBTC15M-26SEP010700-00,2026-09-01 10:58:00+00:00,0.008,0.007,0.993
KXBTC15M-26SEP010700-00,2026-09-01 10:59:00+00:00,0.002,0.001,0.999
KXBTC15M-26SEP010700-00,2026-09-01 11:00:00+00:00,0.001,0.0,1.0
KXBTC15M-26SEP010700-00,2026-09-01 11:01:00+00:00,1.0,0.0,1.0
KXBTC15M-26SEP010715-15,2026-09-01 11:01:00+00:00,0.33,0.32,0.6799999999999999
KXBTC15M-26SEP010715-15,2026-09-01 11:02:00+00:00,0.29,0.28,0.72
KXBTC15M-26SEP010715-15,2026-09-01 11:03:00+00:00,0.4,0.39,0.61
KXBTC15M-26SEP010715-15,2026-09-01 11:04:00+00:00,0.51,0.5,0.5
KXBTC15M-26SEP010715-15,2026-09-01 11:05:00+00:00,0.51,0.5,0.5
KXBTC15M-26SEP010715-15,2026-09-01 11:06:00+00:00,0.31,0.3,0.7
KXBTC15M-26SEP010715-15,2026-09-01 11:07:00+00:00,0.31,0.3,0.7
KXBTC15M-26SEP010715-15,2026-09-01 11:08:00+00:00,0.21,0.2,0.8
KXBTC15M-26SEP010715-15,2026-09-01 11:09:00+00:00,0.12,0.11,0.89
KXBTC15M-26SEP010715-15,2026-09-01 11:10:00+00:00,0.18,0.17,0.83
KXBTC15M-26SEP010715-15,2026-09-01 11:11:00+00:00,0.11,0.1,0.9
KXBTC15M-26SEP010715-15,2026-09-01 11:12:00+00:00,0.062,0.061,0.9390000000000001
KXBTC15M-26SEP010715-15,2026-09-01 11:13:00+00:00,0.12,0.11,0.89
KXBTC15M-26SEP010715-15,2026-09-01 11:14:00+00:00,0.005,0.004,0.996
KXBTC15M-26SEP010715-15,2026-09-01 11:15:00+00:00,0.001,0.0,1.0
KXBTC15M-26SEP010715-15,2026-09-01 11:16:00+00:00,1.0,0.0,1.0
KXBTC15M-26SEP010730-30,2026-09-01 11:16:00+00:00,0.6,0.59,0.41000000000000003
KXBTC15M-26SEP010730-30,2026-09-01 11:17:00+00:00,0.64,0.63,0.37
KXBTC15M-26SEP010730-30,2026-09-01 11:18:00+00:00,0.54,0.53,0.47
KXBTC15M-26SEP010730-30,2026-09-01 11:19:00+00:00,0.6,0.59,0.41000000000000003
KXBTC15M-26SEP010730-30,2026-09-01 11:20:00+00:00,0.51,0.5,0.5
KXBTC15M-26SEP010730-30,2026-09-01 11:21:00+00:00,0.4,0.39,0.61
KXBTC15M-26SEP010730-30,2026-09-01 11:22:00+00:00,0.19,0.18,0.8200000000000001
KXBTC15M-26SEP010730-30,2026-09-01 11:23:00+00:00,0.18,0.17,0.83
KXBTC15M-26SEP010730-30,2026-09-01 11:24:00+00:00,0.3,0.29,0.71
KXBTC15M-26SEP010730-30,2026-09-01 11:25:00+00:00,0.37,0.36,0.64
KXBTC15M-26SEP010730-30,2026-09-01 11:26:00+00:00,0.33,0.32,0.6799999999999999
KXBTC15M-26SEP010730-30,2026-09-01 11:27:00+00:00,0.21,0.2,0.8
KXBTC15M-26SEP010730-30,2026-09-01 11:28:00+00:00,0.076,0.075,0.925
KXBTC15M-26SEP010730-30,2026-09-01 11:29:00+00:00,0.73,0.72,0.28
KXBTC15M-26SEP010730-30,2026-09-01 11:30:00+00:00,1.0,0.999,0.0010000000000000009
KXBTC15M-26SEP010730-30,2026-09-01 11:31:00+00:00,1.0,0.0,1.0
KXBTC15M-26SEP010745-45,2026-09-01 11:31:00+00:00,0.44,0.43,0.5700000000000001
KXBTC15M-26SEP010745-45,2026-09-01 11:32:00+00:00,0.68,0.67,0.32999999999999996
KXBTC15M-26SEP010745-45,2026-09-01 11:33:00+00:00,0.69,0.68,0.31999999999999995
KXBTC15M-26SEP010745-45,2026-09-01 11:34:00+00:00,0.77,0.76,0.24
KXBTC15M-26SEP010745-45,2026-09-01 11:35:00+00:00,0.76,0.75,0.25
KXBTC15M-26SEP010745-45,2026-09-01 11:36:00+00:00,0.83,0.82,0.18000000000000005
KXBTC15M-26SEP010745-45,2026-09-01 11:37:00+00:00,0.938,0.937,0.06299999999999994
KXBTC15M-26SEP010745-45,2026-09-01 11:38:00+00:00,0.94,0.939,0.061000000000000054
KXBTC15M-26SEP010745-45,2026-09-01 11:39:00+00:00,0.954,0.953,0.04700000000000004
KXBTC15M-26SEP010745-45,2026-09-01 11:40:00+00:00,0.983,0.982,0.018000000000000016
KXBTC15M-26SEP010745-45,2026-09-01 11:41:00+00:00,0.988,0.987,0.013000000000000012
KXBTC15M-26SEP010745-45,2026-09-01 11:42:00+00:00,0.99,0.989,0.01100000000000001
KXBTC15M-26SEP010745-45,2026-09-01 11:43:00+00:00,0.987,0.986,0.014000000000000012
KXBTC15M-26SEP010745-45,2026-09-01 11:44:00+00:00,0.999,0.998,0.0020000000000000018
KXBTC15M-26SEP010745-45,2026-09-01 11:45:00+00:00,1.0,0.999,0.0010000000000000009
KXBTC15M-26SEP010745-45,2026-09-01 11:46:00+00:00,1.0,0.0,1.0
KXBTC15M-26SEP010800-00,2026-09-01 11:46:00+00:00,0.59,0.58,0.42000000000000004
KXBTC15M-26SEP010800-00,2026-09-01 11:47:00+00:00,0.55,0.54,0.45999999999999996
KXBTC15M-26SEP010800-00,2026-09-01 11:48:00+00:00,0.51,0.5,0.5
KXBTC15M-26SEP010800-00,2026-09-01 11:49:00+00:00,0.54,0.53,0.47
KXBTC15M-26SEP010800-00,2026-09-01 11:50:00+00:00,0.43,0.42,0.5800000000000001
KXBTC15M-26SEP010800-00,2026-09-01 11:51:00+00:00,0.69,0.68,0.31999999999999995
KXBTC15M-26SEP010800-00,2026-09-01 11:52:00+00:00,0.83,0.82,0.18000000000000005
KXBTC15M-26SEP010800-00,2026-09-01 11:53:00+00:00,0.84,0.83,0.17000000000000004
KXBTC15M-26SEP010800-00,2026-09-01 11:54:00+00:00,0.84,0.83,0.17000000000000004
KXBTC15M-26SEP010800-00,2026-09-01 11:55:00+00:00,0.81,0.8,0.19999999999999996
KXBTC15M-26SEP010800-00,2026-09-01 11:56:00+00:00,0.63,0.62,0.38
KXBTC15M-26SEP010800-00,2026-09-01 11:57:00+00:00,0.17,0.16,0.84
KXBTC15M-26SEP010800-00,2026-09-01 11:58:00+00:00,0.095,0.094,0.906
KXBTC15M-26SEP010800-00,2026-09-01 11:59:00+00:00,0.066,0.063,0.937
KXBTC15M-26SEP010800-00,2026-09-01 12:00:00+00:00,0.001,0.0,1.0
KXBTC15M-26SEP010800-00,2026-09-01 12:01:00+00:00,1.0,0.0,1.0
KXBTC15M-26SEP010815-15,2026-09-01 12:01:00+00:00,0.35,0.34,0.6599999999999999
KXBTC15M-26SEP010815-15,2026-09-01 12:02:00+00:00,0.2,0.19,0.81
KXBTC15M-26SEP010815-15,2026-09-01 12:03:00+00:00,0.25,0.24,0.76
KXBTC15M-26SEP010815-15,2026-09-01 12:04:00+00:00,0.24,0.23,0.77
KXBTC15M-26SEP010815-15,2026-09-01 12:05:00+00:00,0.26,0.25,0.75
KXBTC15M-26SEP010815-15,2026-09-01 12:06:00+00:00,0.23,0.22,0.78
KXBTC15M-26SEP010815-15,2026-09-01 12:07:00+00:00,0.37,0.36,0.64
KXBTC15M-26SEP010815-15,2026-09-01 12:08:00+00:00,0.5,0.49,0.51
KXBTC15M-26SEP010815-15,2026-09-01 12:09:00+00:00,0.69,0.68,0.31999999999999995
KXBTC15M-26SEP010815-15,2026-09-01 12:10:00+00:00,0.48,0.47,0.53
KXBTC15M-26SEP010815-15,2026-09-01 12:11:00+00:00,0.7,0.69,0.31000000000000005
KXBTC15M-26SEP010815-15,2026-09-01 12:12:00+00:00,0.63,0.62,0.38
KXBTC15M-26SEP010815-15,2026-09-01 12:13:00+00:00,0.06,0.059,0.9410000000000001
KXBTC15M-26SEP010815-15,2026-09-01 12:14:00+00:00,0.007,0.006,0.994
KXBTC15M-26SEP010815-15,2026-09-01 12:15:00+00:00,0.001,0.0,1.0
KXBTC15M-26SEP010815-15,2026-09-01 12:16:00+00:00,1.0,0.0,1.0
KXBTC15M-26SEP010830-30,2026-09-01 12:16:00+00:00,0.66,0.65,0.35
KXBTC15M-26SEP010830-30,2026-09-01 12:17:00+00:00,0.7,0.69,0.31000000000000005
KXBTC15M-26SEP010830-30,2026-09-01 12:18:00+00:00,0.65,0.64,0.36
KXBTC15M-26SEP010830-30,2026-09-01 12:19:00+00:00,0.52,0.51,0.49
KXBTC15M-26SEP010830-30,2026-09-01 12:20:00+00:00,0.31,0.3,0.7
KXBTC15M-26SEP010830-30,2026-09-01 12:21:00+00:00,0.35,0.34,0.6599999999999999
KXBTC15M-26SEP010830-30,2026-09-01 12:22:00+00:00,0.38,0.37,0.63
KXBTC15M-26SEP010830-30,2026-09-01 12:23:00+00:00,0.41,0.4,0.6
KXBTC15M-26SEP010830-30,2026-09-01 12:24:00+00:00,0.34,0.33,0.6699999999999999
KXBTC15M-26SEP010830-30,2026-09-01 12:25:00+00:00,0.18,0.17,0.83
KXBTC15M-26SEP010830-30,2026-09-01 12:26:00+00:00,0.36,0.35,0.65
KXBTC15M-26SEP010830-30,2026-09-01 12:27:00+00:00,0.47,0.46,0.54
KXBTC15M-26SEP010830-30,2026-09-01 12:28:00+00:00,0.73,0.72,0.28
KXBTC15M-26SEP010830-30,2026-09-01 12:29:00+00:00,0.28,0.27,0.73
KXBTC15M-26SEP010830-30,2026-09-01 12:30:00+00:00,0.001,0.0,1.0
KXBTC15M-26SEP010830-30,2026-09-01 12:31:00+00:00,1.0,0.0,1.0
KXBTC15M-26SEP010845-45,2026-09-01 12:31:00+00:00,0.34,0.33,0.6699999999999999
KXBTC15M-26SEP010845-45,2026-09-01 12:32:00+00:00,0.21,0.2,0.8
KXBTC15M-26SEP010845-45,2026-09-01 12:33:00+00:00,0.3,0.29,0.71
KXBTC15M-26SEP010845-45,2026-09-01 12:34:00+00:00,0.2,0.19,0.81
KXBTC15M-26SEP010845-45,2026-09-01 12:35:00+00:00,0.14,0.13,0.87
KXBTC15M-26SEP010845-45,2026-09-01 12:36:00+00:00,0.09,0.089,0.911
KXBTC15M-26SEP010845-45,2026-09-01 12:37:00+00:00,0.071,0.07,0.9299999999999999
KXBTC15M-26SEP010845-45,2026-09-01 12:38:00+00:00,0.047,0.046,0.954
KXBTC15M-26SEP010845-45,2026-09-01 12:39:00+00:00,0.069,0.068,0.9319999999999999
KXBTC15M-26SEP010845-45,2026-09-01 12:40:00+00:00,0.049,0.048,0.952
KXBTC15M-26SEP010845-45,2026-09-01 12:41:00+00:00,0.015,0.014,0.986
KXBTC15M-26SEP010845-45,2026-09-01 12:42:00+00:00,0.11,0.1,0.9
KXBTC15M-26SEP010845-45,2026-09-01 12:43:00+00:00,0.082,0.081,0.919
KXBTC15M-26SEP010845-45,2026-09-01 12:44:00+00:00,0.031,0.03,0.97
KXBTC15M-26SEP010845-45,2026-09-01 12:45:00+00:00,0.001,0.0,1.0
KXBTC15M-26SEP010845-45,2026-09-01 12:46:00+00:00,1.0,0.0,1.0
KXBTC15M-26SEP010900-00,2026-09-01 12:46:00+00:00,0.46,0.45,0.55
KXBTC15M-26SEP010900-00,2026-09-01 12:47:00+00:00,0.6,0.59,0.41000000000000003
KXBTC15M-26SEP010900-00,2026-09-01 12:48:00+00:00,0.77,0.76,0.24
KXBTC15M-26SEP010900-00,2026-09-01 12:49:00+00:00,0.75,0.74,0.26
KXBTC15M-26SEP010900-00,2026-09-01 12:50:00+00:00,0.65,0.64,0.36
KXBTC15M-26SEP010900-00,2026-09-01 12:51:00+00:00,0.75,0.74,0.26
KXBTC15M-26SEP010900-00,2026-09-01 12:52:00+00:00,0.77,0.76,0.24
KXBTC15M-26SEP010900-00,2026-09-01 12:53:00+00:00,0.81,0.8,0.19999999999999996
KXBTC15M-26SEP010900-00,2026-09-01 12:54:00+00:00,0.71,0.7,0.30000000000000004
KXBTC15M-26SEP010900-00,2026-09-01 12:55:00+00:00,0.83,0.82,0.18000000000000005
KXBTC15M-26SEP010900-00,2026-09-01 12:56:00+00:00,0.924,0.923,0.07699999999999996
KXBTC15M-26SEP010900-00,2026-09-01 12:57:00+00:00,0.955,0.954,0.04600000000000004
KXBTC15M-26SEP010900-00,2026-09-01 12:58:00+00:00,0.985,0.984,0.016000000000000014
KXBTC15M-26SEP010900-00,2026-09-01 12:59:00+00:00,0.997,0.996,0.0040000000000000036
KXBTC15M-26SEP010900-00,2026-09-01 13:00:00+00:00,1.0,0.999,0.0010000000000000009
KXBTC15M-26SEP010900-00,2026-09-01 13:01:00+00:00,1.0,0.0,1.0
KXBTC15M-26SEP010915-15,2026-09-01 13:01:00+00:00,0.45,0.44,0.56
KXBTC15M-26SEP010915-15,2026-09-01 13:02:00+00:00,0.2,0.19,0.81
KXBTC15M-26SEP010915-15,2026-09-01 13:03:00+00:00,0.18,0.17,0.83
KXBTC15M-26SEP010915-15,2026-09-01 13:04:00+00:00,0.14,0.13,0.87
KXBTC15M-26SEP010915-15,2026-09-01 13:05:00+00:00,0.13,0.12,0.88
KXBTC15M-26SEP010915-15,2026-09-01 13:06:00+00:00,0.18,0.17,0.83
KXBTC15M-26SEP010915-15,2026-09-01 13:07:00+00:00,0.088,0.087,0.913
KXBTC15M-26SEP010915-15,2026-09-01 13:08:00+00:00,0.08,0.079,0.921
KXBTC15M-26SEP010915-15,2026-09-01 13:09:00+00:00,0.15,0.14,0.86
KXBTC15M-26SEP010915-15,2026-09-01 13:10:00+00:00,0.026,0.025,0.975
KXBTC15M-26SEP010915-15,2026-09-01 13:11:00+00:00,0.07,0.065,0.935
KXBTC15M-26SEP010915-15,2026-09-01 13:12:00+00:00,0.043,0.042,0.958
KXBTC15M-26SEP010915-15,2026-09-01 13:13:00+00:00,0.01,0.009,0.991
KXBTC15M-26SEP010915-15,2026-09-01 13:14:00+00:00,0.002,0.001,0.999
KXBTC15M-26SEP010915-15,2026-09-01 13:15:00+00:00,0.001,0.0,1.0
KXBTC15M-26SEP010915-15,2026-09-01 13:16:00+00:00,1.0,0.0,1.0
KXBTC15M-26SEP010930-30,2026-09-01 13:16:00+00:00,0.52,0.51,0.49
KXBTC15M-26SEP010930-30,2026-09-01 13:17:00+00:00,0.56,0.55,0.44999999999999996
KXBTC15M-26SEP010930-30,2026-09-01 13:18:00+00:00,0.58,0.57,0.43000000000000005
KXBTC15M-26SEP010930-30,2026-09-01 13:19:00+00:00,0.65,0.64,0.36
KXBTC15M-26SEP010930-30,2026-09-01 13:20:00+00:00,0.51,0.5,0.5
KXBTC15M-26SEP010930-30,2026-09-01 13:21:00+00:00,0.54,0.53,0.47
KXBTC15M-26SEP010930-30,2026-09-01 13:22:00+00:00,0.56,0.55,0.44999999999999996
KXBTC15M-26SEP010930-30,2026-09-01 13:23:00+00:00,0.53,0.52,0.48
KXBTC15M-26SEP010930-30,2026-09-01 13:24:00+00:00,0.42,0.41,0.5900000000000001
KXBTC15M-26SEP010930-30,2026-09-01 13:25:00+00:00,0.29,0.28,0.72
KXBTC15M-26SEP010930-30,2026-09-01 13:26:00+00:00,0.52,0.51,0.49
KXBTC15M-26SEP010930-30,2026-09-01 13:27:00+00:00,0.63,0.62,0.38
KXBTC15M-26SEP010930-30,2026-09-01 13:28:00+00:00,0.36,0.35,0.65
KXBTC15M-26SEP010930-30,2026-09-01 13:29:00+00:00,0.968,0.967,0.03300000000000003
KXBTC15M-26SEP010930-30,2026-09-01 13:30:00+00:00,1.0,0.999,0.0010000000000000009
KXBTC15M-26SEP010930-30,2026-09-01 13:31:00+00:00,1.0,0.0,1.0
KXBTC15M-26SEP010945-45,2026-09-01 13:31:00+00:00,0.64,0.63,0.37
KXBTC15M-26SEP010945-45,2026-09-01 13:32:00+00:00,0.58,0.57,0.43000000000000005
KXBTC15M-26SEP010945-45,2026-09-01 13:33:00+00:00,0.54,0.53,0.47
KXBTC15M-26SEP010945-45,2026-09-01 13:34:00+00:00,0.39,0.38,0.62
KXBTC15M-26SEP010945-45,2026-09-01 13:35:00+00:00,0.39,0.38,0.62
KXBTC15M-26SEP010945-45,2026-09-01 13:36:00+00:00,0.38,0.37,0.63
KXBTC15M-26SEP010945-45,2026-09-01 13:37:00+00:00,0.13,0.12,0.88
KXBTC15M-26SEP010945-45,2026-09-01 13:38:00+00:00,0.094,0.093,0.907
KXBTC15M-26SEP010945-45,2026-09-01 13:39:00+00:00,0.056,0.055,0.945
KXBTC15M-26SEP010945-45,2026-09-01 13:40:00+00:00,0.047,0.046,0.954
KXBTC15M-26SEP010945-45,2026-09-01 13:41:00+00:00,0.021,0.02,0.98
KXBTC15M-26SEP010945-45,2026-09-01 13:42:00+00:00,0.005,0.004,0.996
KXBTC15M-26SEP010945-45,2026-09-01 13:43:00+00:00,0.008,0.007,0.993
KXBTC15M-26SEP010945-45,2026-09-01 13:44:00+00:00,0.62,0.61,0.39
KXBTC15M-26SEP010945-45,2026-09-01 13:45:00+00:00,0.001,0.0,1.0
KXBTC15M-26SEP010945-45,2026-09-01 13:46:00+00:00,1.0,0.0,1.0
KXBTC15M-26SEP011000-00,2026-09-01 13:46:00+00:00,0.59,0.58,0.42000000000000004
KXBTC15M-26SEP011000-00,2026-09-01 13:47:00+00:00,0.58,0.57,0.43000000000000005
KXBTC15M-26SEP011000-00,2026-09-01 13:48:00+00:00,0.79,0.78,0.21999999999999997
KXBTC15M-26SEP011000-00,2026-09-01 13:49:00+00:00,0.75,0.74,0.26
KXBTC15M-26SEP011000-00,2026-09-01 13:50:00+00:00,0.86,0.85,0.15000000000000002
KXBTC15M-26SEP011000-00,2026-09-01 13:51:00+00:00,0.925,0.924,0.07599999999999996
KXBTC15M-26SEP011000-00,2026-09-01 13:52:00+00:00,0.913,0.912,0.08799999999999997
KXBTC15M-26SEP011000-00,2026-09-01 13:53:00+00:00,0.85,0.84,0.16000000000000003
KXBTC15M-26SEP011000-00,2026-09-01 13:54:00+00:00,0.87,0.86,0.14
KXBTC15M-26SEP011000-00,2026-09-01 13:55:00+00:00,0.921,0.92,0.07999999999999996
KXBTC15M-26SEP011000-00,2026-09-01 13:56:00+00:00,0.908,0.907,0.09299999999999997
KXBTC15M-26SEP011000-00,2026-09-01 13:57:00+00:00,0.968,0.967,0.03300000000000003
KXBTC15M-26SEP011000-00,2026-09-01 13:58:00+00:00,0.968,0.967,0.03300000000000003
KXBTC15M-26SEP011000-00,2026-09-01 13:59:00+00:00,0.999,0.998,0.0020000000000000018
KXBTC15M-26SEP011000-00,2026-09-01 14:00:00+00:00,1.0,0.999,0.0010000000000000009
KXBTC15M-26SEP011000-00,2026-09-01 14:01:00+00:00,1.0,0.0,1.0
KXBTC15M-26SEP011015-15,2026-09-01 14:01:00+00:00,0.69,0.68,0.31999999999999995
KXBTC15M-26SEP011015-15,2026-09-01 14:02:00+00:00,0.8,0.79,0.20999999999999996
KXBTC15M-26SEP011015-15,2026-09-01 14:03:00+00:00,0.74,0.73,0.27
KXBTC15M-26SEP011015-15,2026-09-01 14:04:00+00:00,0.81,0.8,0.19999999999999996
KXBTC15M-26SEP011015-15,2026-09-01 14:05:00+00:00,0.73,0.72,0.28
KXBTC15M-26SEP011015-15,2026-09-01 14:06:00+00:00,0.73,0.72,0.28
KXBTC15M-26SEP011015-15,2026-09-01 14:07:00+00:00,0.89,0.88,0.12
KXBTC15M-26SEP011015-15,2026-09-01 14:08:00+00:00,0.961,0.96,0.040000000000000036
KXBTC15M-26SEP011015-15,2026-09-01 14:09:00+00:00,0.968,0.967,0.03300000000000003
KXBTC15M-26SEP011015-15,2026-09-01 14:10:00+00:00,0.978,0.977,0.02300000000000002
KXBTC15M-26SEP011015-15,2026-09-01 14:11:00+00:00,0.984,0.983,0.017000000000000015
KXBTC15M-26SEP011015-15,2026-09-01 14:12:00+00:00,0.992,0.991,0.009000000000000008
KXBTC15M-26SEP011015-15,2026-09-01 14:13:00+00:00,0.995,0.994,0.006000000000000005
KXBTC15M-26SEP011015-15,2026-09-01 14:14:00+00:00,1.0,0.999,0.0010000000000000009
KXBTC15M-26SEP011015-15,2026-09-01 14:15:00+00:00,1.0,0.999,0.0010000000000000009
KXBTC15M-26SEP011015-15,2026-09-01 14:16:00+00:00,1.0,0.0,1.0
KXBTC15M-26SEP011030-30,2026-09-01 14:16:00+00:00,0.66,0.65,0.35
KXBTC15M-26SEP011030-30,2026-09-01 14:17:00+00:00,0.64,0.63,0.37
KXBTC15M-26SEP011030-30,2026-09-01 14:18:00+00:00,0.49,0.48,0.52
KXBTC15M-26SEP011030-30,2026-09-01 14:19:00+00:00,0.31,0.3,0.7
KXBTC15M-26SEP011030-30,2026-09-01 14:20:00+00:00,0.32,0.31,0.69
KXBTC15M-26SEP011030-30,2026-09-01 14:21:00+00:00,0.32,0.31,0.69
KXBTC15M-26SEP011030-30,2026-09-01 14:22:00+00:00,0.37,0.36,0.64
KXBTC15M-26SEP011030-30,2026-09-01 14:23:00+00:00,0.25,0.24,0.76
KXBTC15M-26SEP011030-30,2026-09-01 14:24:00+00:00,0.32,0.31,0.69
KXBTC15M-26SEP011030-30,2026-09-01 14:25:00+00:00,0.58,0.57,0.43000000000000005
KXBTC15M-26SEP011030-30,2026-09-01 14:26:00+00:00,0.78,0.77,0.22999999999999998
KXBTC15M-26SEP011030-30,2026-09-01 14:27:00+00:00,0.89,0.88,0.12
KXBTC15M-26SEP011030-30,2026-09-01 14:28:00+00:00,0.81,0.8,0.19999999999999996
KXBTC15M-26SEP011030-30,2026-09-01 14:29:00+00:00,0.34,0.33,0.6699999999999999
KXBTC15M-26SEP011030-30,2026-09-01 14:30:00+00:00,0.001,0.0,1.0
KXBTC15M-26SEP011030-30,2026-09-01 14:31:00+00:00,1.0,0.0,1.0
KXBTC15M-26SEP011045-45,2026-09-01 14:31:00+00:00,0.63,0.62,0.38
KXBTC15M-26SEP011045-45,2026-09-01 14:32:00+00:00,0.49,0.48,0.52
KXBTC15M-26SEP011045-45,2026-09-01 14:33:00+00:00,0.57,0.56,0.43999999999999995
KXBTC15M-26SEP011045-45,2026-09-01 14:34:00+00:00,0.62,0.61,0.39
KXBTC15M-26SEP011045-45,2026-09-01 14:35:00+00:00,0.72,0.71,0.29000000000000004
KXBTC15M-26SEP011045-45,2026-09-01 14:36:00+00:00,0.7,0.69,0.31000000000000005
KXBTC15M-26SEP011045-45,2026-09-01 14:37:00+00:00,0.8,0.79,0.20999999999999996
KXBTC15M-26SEP011045-45,2026-09-01 14:38:00+00:00,0.74,0.73,0.27
KXBTC15M-26SEP011045-45,2026-09-01 14:39:00+00:00,0.74,0.73,0.27
KXBTC15M-26SEP011045-45,2026-09-01 14:40:00+00:00,0.8,0.79,0.20999999999999996
KXBTC15M-26SEP011045-45,2026-09-01 14:41:00+00:00,0.87,0.86,0.14
KXBTC15M-26SEP011045-45,2026-09-01 14:42:00+00:00,0.77,0.76,0.24
KXBTC15M-26SEP011045-45,2026-09-01 14:43:00+00:00,0.9,0.89,0.10999999999999999
KXBTC15M-26SEP011045-45,2026-09-01 14:44:00+00:00,0.997,0.996,0.0040000000000000036
KXBTC15M-26SEP011045-45,2026-09-01 14:45:00+00:00,1.0,0.999,0.0010000000000000009
KXBTC15M-26SEP011045-45,2026-09-01 14:46:00+00:00,1.0,0.0,1.0
KXBTC15M-26SEP011100-00,2026-09-01 14:46:00+00:00,0.6,0.59,0.41000000000000003
KXBTC15M-26SEP011100-00,2026-09-01 14:47:00+00:00,0.59,0.58,0.42000000000000004
KXBTC15M-26SEP011100-00,2026-09-01 14:48:00+00:00,0.66,0.65,0.35
KXBTC15M-26SEP011100-00,2026-09-01 14:49:00+00:00,0.62,0.61,0.39
KXBTC15M-26SEP011100-00,2026-09-01 14:50:00+00:00,0.46,0.45,0.55
KXBTC15M-26SEP011100-00,2026-09-01 14:51:00+00:00,0.53,0.52,0.48
KXBTC15M-26SEP011100-00,2026-09-01 14:52:00+00:00,0.45,0.44,0.56
KXBTC15M-26SEP011100-00,2026-09-01 14:53:00+00:00,0.32,0.31,0.69
KXBTC15M-26SEP011100-00,2026-09-01 14:54:00+00:00,0.47,0.46,0.54
KXBTC15M-26SEP011100-00,2026-09-01 14:55:00+00:00,0.3,0.29,0.71
KXBTC15M-26SEP011100-00,2026-09-01 14:56:00+00:00,0.077,0.076,0.924
KXBTC15M-26SEP011100-00,2026-09-01 14:57:00+00:00,0.041,0.04,0.96
KXBTC15M-26SEP011100-00,2026-09-01 14:58:00+00:00,0.038,0.037,0.963
KXBTC15M-26SEP011100-00,2026-09-01 14:59:00+00:00,0.002,0.001,0.999
KXBTC15M-26SEP011100-00,2026-09-01 15:00:00+00:00,0.001,0.0,1.0
KXBTC15M-26SEP011100-00,2026-09-01 15:01:00+00:00,1.0,0.0,1.0
KXBTC15M-26SEP011115-15,2026-09-01 15:01:00+00:00,0.23,0.22,0.78
KXBTC15M-26SEP011115-15,2026-09-01 15:02:00+00:00,0.18,0.17,0.83
KXBTC15M-26SEP011115-15,2026-09-01 15:03:00+00:00,0.11,0.1,0.9
KXBTC15M-26SEP011115-15,2026-09-01 15:04:00+00:00,0.066,0.065,0.935
KXBTC15M-26SEP011115-15,2026-09-01 15:05:00+00:00,0.056,0.055,0.945
KXBTC15M-26SEP011115-15,2026-09-01 15:06:00+00:00,0.043,0.042,0.958
KXBTC15M-26SEP011115-15,2026-09-01 15:07:00+00:00,0.035,0.034,0.966
KXBTC15M-26SEP011115-15,2026-09-01 15:08:00+00:00,0.027,0.026,0.974
KXBTC15M-26SEP011115-15,2026-09-01 15:09:00+00:00,0.019,0.018,0.982
KXBTC15M-26SEP011115-15,2026-09-01 15:10:00+00:00,0.01,0.009,0.991
KXBTC15M-26SEP011115-15,2026-09-01 15:11:00+00:00,0.004,0.003,0.997
KXBTC15M-26SEP011115-15,2026-09-01 15:12:00+00:00,0.004,0.003,0.997
KXBTC15M-26SEP011115-15,2026-09-01 15:13:00+00:00,0.002,0.001,0.999
KXBTC15M-26SEP011115-15,2026-09-01 15:14:00+00:00,0.001,0.0,1.0
KXBTC15M-26SEP011115-15,2026-09-01 15:15:00+00:00,0.001,0.0,1.0
KXBTC15M-26SEP011115-15,2026-09-01 15:16:00+00:00,1.0,0.0,1.0
KXBTC15M-26SEP011130-30,2026-09-01 15:16:00+00:00,0.46,0.45,0.55
KXBTC15M-26SEP011130-30,2026-09-01 15:17:00+00:00,0.43,0.42,0.5800000000000001
KXBTC15M-26SEP011130-30,2026-09-01 15:18:00+00:00,0.36,0.35,0.65
KXBTC15M-26SEP011130-30,2026-09-01 15:19:00+00:00,0.47,0.46,0.54
KXBTC15M-26SEP011130-30,2026-09-01 15:20:00+00:00,0.45,0.44,0.56
KXBTC15M-26SEP011130-30,2026-09-01 15:21:00+00:00,0.5,0.49,0.51
KXBTC15M-26SEP011130-30,2026-09-01 15:22:00+00:00,0.6,0.59,0.41000000000000003
KXBTC15M-26SEP011130-30,2026-09-01 15:23:00+00:00,0.59,0.58,0.42000000000000004
KXBTC15M-26SEP011130-30,2026-09-01 15:24:00+00:00,0.53,0.52,0.48
KXBTC15M-26SEP011130-30,2026-09-01 15:25:00+00:00,0.66,0.65,0.35
KXBTC15M-26SEP011130-30,2026-09-01 15:26:00+00:00,0.33,0.32,0.6799999999999999
KXBTC15M-26SEP011130-30,2026-09-01 15:27:00+00:00,0.32,0.31,0.69
KXBTC15M-26SEP011130-30,2026-09-01 15:28:00+00:00,0.26,0.25,0.75
KXBTC15M-26SEP011130-30,2026-09-01 15:29:00+00:00,0.89,0.88,0.12
KXBTC15M-26SEP011130-30,2026-09-01 15:30:00+00:00,1.0,0.999,0.0010000000000000009
KXBTC15M-26SEP011130-30,2026-09-01 15:31:00+00:00,1.0,0.0,1.0
KXBTC15M-26SEP011145-45,2026-09-01 15:31:00+00:00,0.41,0.4,0.6
KXBTC15M-26SEP011145-45,2026-09-01 15:32:00+00:00,0.34,0.33,0.6699999999999999
KXBTC15M-26SEP011145-45,2026-09-01 15:33:00+00:00,0.43,0.42,0.5800000000000001
KXBTC15M-26SEP011145-45,2026-09-01 15:34:00+00:00,0.67,0.66,0.33999999999999997
KXBTC15M-26SEP011145-45,2026-09-01 15:35:00+00:00,0.65,0.64,0.36
KXBTC15M-26SEP011145-45,2026-09-01 15:36:00+00:00,0.78,0.77,0.22999999999999998
KXBTC15M-26SEP011145-45,2026-09-01 15:37:00+00:00,0.69,0.68,0.31999999999999995
KXBTC15M-26SEP011145-45,2026-09-01 15:38:00+00:00,0.69,0.68,0.31999999999999995
KXBTC15M-26SEP011145-45,2026-09-01 15:39:00+00:00,0.8,0.79,0.20999999999999996
KXBTC15M-26SEP011145-45,2026-09-01 15:40:00+00:00,0.78,0.77,0.22999999999999998
KXBTC15M-26SEP011145-45,2026-09-01 15:41:00+00:00,0.87,0.86,0.14
KXBTC15M-26SEP011145-45,2026-09-01 15:42:00+00:00,0.963,0.962,0.038000000000000034
KXBTC15M-26SEP011145-45,2026-09-01 15:43:00+00:00,0.972,0.971,0.029000000000000026
KXBTC15M-26SEP011145-45,2026-09-01 15:44:00+00:00,1.0,0.999,0.0010000000000000009
KXBTC15M-26SEP011145-45,2026-09-01 15:45:00+00:00,1.0,0.999,0.0010000000000000009
KXBTC15M-26SEP011145-45,2026-09-01 15:46:00+00:00,1.0,0.0,1.0
KXBTC15M-26SEP011200-00,2026-09-01 15:46:00+00:00,0.58,0.57,0.43000000000000005
KXBTC15M-26SEP011200-00,2026-09-01 15:47:00+00:00,0.55,0.54,0.45999999999999996
KXBTC15M-26SEP011200-00,2026-09-01 15:48:00+00:00,0.66,0.65,0.35
KXBTC15M-26SEP011200-00,2026-09-01 15:49:00+00:00,0.72,0.71,0.29000000000000004
KXBTC15M-26SEP011200-00,2026-09-01 15:50:00+00:00,0.84,0.83,0.17000000000000004
KXBTC15M-26SEP011200-00,2026-09-01 15:51:00+00:00,0.89,0.88,0.12
KXBTC15M-26SEP011200-00,2026-09-01 15:52:00+00:00,0.89,0.88,0.12
KXBTC15M-26SEP011200-00,2026-09-01 15:53:00+00:00,0.85,0.84,0.16000000000000003
KXBTC15M-26SEP011200-00,2026-09-01 15:54:00+00:00,0.89,0.88,0.12
KXBTC15M-26SEP011200-00,2026-09-01 15:55:00+00:00,0.81,0.8,0.19999999999999996
KXBTC15M-26SEP011200-00,2026-09-01 15:56:00+00:00,0.84,0.83,0.17000000000000004
KXBTC15M-26SEP011200-00,2026-09-01 15:57:00+00:00,0.88,0.87,0.13
KXBTC15M-26SEP011200-00,2026-09-01 15:58:00+00:00,0.72,0.71,0.29000000000000004
KXBTC15M-26SEP011200-00,2026-09-01 15:59:00+00:00,0.55,0.54,0.45999999999999996
KXBTC15M-26SEP011200-00,2026-09-01 16:00:00+00:00,0.001,0.0,1.0
KXBTC15M-26SEP011200-00,2026-09-01 16:01:00+00:00,1.0,0.0,1.0
KXBTC15M-26SEP011215-15,2026-09-01 16:01:00+00:00,0.45,0.44,0.56
KXBTC15M-26SEP011215-15,2026-09-01 16:02:00+00:00,0.33,0.32,0.6799999999999999
KXBTC15M-26SEP011215-15,2026-09-01 16:03:00+00:00,0.28,0.27,0.73
KXBTC15M-26SEP011215-15,2026-09-01 16:04:00+00:00,0.31,0.3,0.7
KXBTC15M-26SEP011215-15,2026-09-01 16:05:00+00:00,0.45,0.44,0.56
KXBTC15M-26SEP011215-15,2026-09-01 16:06:00+00:00,0.6,0.59,0.41000000000000003
KXBTC15M-26SEP011215-15,2026-09-01 16:07:00+00:00,0.33,0.32,0.6799999999999999
KXBTC15M-26SEP011215-15,2026-09-01 16:08:00+00:00,0.24,0.23,0.77
KXBTC15M-26SEP011215-15,2026-09-01 16:09:00+00:00,0.23,0.22,0.78
KXBTC15M-26SEP011215-15,2026-09-01 16:10:00+00:00,0.07,0.069,0.931
KXBTC15M-26SEP011215-15,2026-09-01 16:11:00+00:00,0.12,0.11,0.89
KXBTC15M-26SEP011215-15,2026-09-01 16:12:00+00:00,0.022,0.021,0.979
KXBTC15M-26SEP011215-15,2026-09-01 16:13:00+00:00,0.007,0.006,0.994
KXBTC15M-26SEP011215-15,2026-09-01 16:14:00+00:00,0.001,0.0,1.0
KXBTC15M-26SEP011215-15,2026-09-01 16:15:00+00:00,0.001,0.0,1.0
KXBTC15M-26SEP011215-15,2026-09-01 16:16:00+00:00,1.0,0.0,1.0
KXBTC15M-26SEP011230-30,2026-09-01 16:16:00+00:00,0.59,0.58,0.42000000000000004
KXBTC15M-26SEP011230-30,2026-09-01 16:17:00+00:00,0.56,0.55,0.44999999999999996
KXBTC15M-26SEP011230-30,2026-09-01 16:18:00+00:00,0.36,0.35,0.65
KXBTC15M-26SEP011230-30,2026-09-01 16:19:00+00:00,0.26,0.25,0.75
KXBTC15M-26SEP011230-30,2026-09-01 16:20:00+00:00,0.29,0.28,0.72
KXBTC15M-26SEP011230-30,2026-09-01 16:21:00+00:00,0.16,0.15,0.85
KXBTC15M-26SEP011230-30,2026-09-01 16:22:00+00:00,0.08,0.079,0.921
KXBTC15M-26SEP011230-30,2026-09-01 16:23:00+00:00,0.09,0.089,0.911
KXBTC15M-26SEP011230-30,2026-09-01 16:24:00+00:00,0.18,0.17,0.83
KXBTC15M-26SEP011230-30,2026-09-01 16:25:00+00:00,0.048,0.047,0.953
KXBTC15M-26SEP011230-30,2026-09-01 16:26:00+00:00,0.064,0.063,0.937
KXBTC15M-26SEP011230-30,2026-09-01 16:27:00+00:00,0.17,0.15,0.85
KXBTC15M-26SEP011230-30,2026-09-01 16:28:00+00:00,0.2,0.19,0.81
KXBTC15M-26SEP011230-30,2026-09-01 16:29:00+00:00,0.24,0.23,0.77
KXBTC15M-26SEP011230-30,2026-09-01 16:30:00+00:00,0.001,0.0,1.0
KXBTC15M-26SEP011230-30,2026-09-01 16:31:00+00:00,1.0,0.0,1.0
KXBTC15M-26SEP011245-45,2026-09-01 16:31:00+00:00,0.33,0.32,0.6799999999999999
KXBTC15M-26SEP011245-45,2026-09-01 16:32:00+00:00,0.26,0.25,0.75
KXBTC15M-26SEP011245-45,2026-09-01 16:33:00+00:00,0.33,0.32,0.6799999999999999
KXBTC15M-26SEP011245-45,2026-09-01 16:34:00+00:00,0.35,0.34,0.6599999999999999
KXBTC15M-26SEP011245-45,2026-09-01 16:35:00+00:00,0.16,0.15,0.85
KXBTC15M-26SEP011245-45,2026-09-01 16:36:00+00:00,0.14,0.13,0.87
KXBTC15M-26SEP011245-45,2026-09-01 16:37:00+00:00,0.059,0.057,0.943
KXBTC15M-26SEP011245-45,2026-09-01 16:38:00+00:00,0.08,0.079,0.921
KXBTC15M-26SEP011245-45,2026-09-01 16:39:00+00:00,0.073,0.072,0.928
KXBTC15M-26SEP011245-45,2026-09-01 16:40:00+00:00,0.24,0.23,0.77
KXBTC15M-26SEP011245-45,2026-09-01 16:41:00+00:00,0.11,0.1,0.9
KXBTC15M-26SEP011245-45,2026-09-01 16:42:00+00:00,0.18,0.17,0.83
KXBTC15M-26SEP011245-45,2026-09-01 16:43:00+00:00,0.014,0.013,0.987
KXBTC15M-26SEP011245-45,2026-09-01 16:44:00+00:00,0.001,0.0,1.0
KXBTC15M-26SEP011245-45,2026-09-01 16:45:00+00:00,0.001,0.0,1.0
KXBTC15M-26SEP011245-45,2026-09-01 16:46:00+00:00,1.0,0.0,1.0
KXBTC15M-26SEP011300-00,2026-09-01 16:46:00+00:00,0.65,0.64,0.36
KXBTC15M-26SEP011300-00,2026-09-01 16:47:00+00:00,0.69,0.68,0.31999999999999995
KXBTC15M-26SEP011300-00,2026-09-01 16:48:00+00:00,0.78,0.77,0.22999999999999998
KXBTC15M-26SEP011300-00,2026-09-01 16:49:00+00:00,0.82,0.81,0.18999999999999995
KXBTC15M-26SEP011300-00,2026-09-01 16:50:00+00:00,0.84,0.83,0.17000000000000004
KXBTC15M-26SEP011300-00,2026-09-01 16:51:00+00:00,0.905,0.904,0.09599999999999997
KXBTC15M-26SEP011300-00,2026-09-01 16:52:00+00:00,0.84,0.83,0.17000000000000004
KXBTC15M-26SEP011300-00,2026-09-01 16:53:00+00:00,0.909,0.908,0.09199999999999997
KXBTC15M-26SEP011300-00,2026-09-01 16:54:00+00:00,0.919,0.918,0.08199999999999996
KXBTC15M-26SEP011300-00,2026-09-01 16:55:00+00:00,0.975,0.974,0.026000000000000023
KXBTC15M-26SEP011300-00,2026-09-01 16:56:00+00:00,0.974,0.973,0.027000000000000024
KXBTC15M-26SEP011300-00,2026-09-01 16:57:00+00:00,0.979,0.978,0.02200000000000002
KXBTC15M-26SEP011300-00,2026-09-01 16:58:00+00:00,0.999,0.998,0.0020000000000000018
KXBTC15M-26SEP011300-00,2026-09-01 16:59:00+00:00,0.999,0.998,0.0020000000000000018
KXBTC15M-26SEP011300-00,2026-09-01 17:00:00+00:00,1.0,0.999,0.0010000000000000009
KXBTC15M-26SEP011300-00,2026-09-01 17:01:00+00:00,1.0,0.0,1.0
KXBTC15M-26SEP011315-15,2026-09-01 17:01:00+00:00,0.52,0.51,0.49
KXBTC15M-26SEP011315-15,2026-09-01 17:02:00+00:00,0.54,0.53,0.47
KXBTC15M-26SEP011315-15,2026-09-01 17:03:00+00:00,0.58,0.57,0.43000000000000005
KXBTC15M-26SEP011315-15,2026-09-01 17:04:00+00:00,0.53,0.52,0.48
KXBTC15M-26SEP011315-15,2026-09-01 17:05:00+00:00,0.4,0.39,0.61
KXBTC15M-26SEP011315-15,2026-09-01 17:06:00+00:00,0.44,0.43,0.5700000000000001
KXBTC15M-26SEP011315-15,2026-09-01 17:07:00+00:00,0.29,0.28,0.72
KXBTC15M-26SEP011315-15,2026-09-01 17:08:00+00:00,0.33,0.32,0.6799999999999999
KXBTC15M-26SEP011315-15,2026-09-01 17:09:00+00:00,0.27,0.26,0.74
KXBTC15M-26SEP011315-15,2026-09-01 17:10:00+00:00,0.29,0.28,0.72
KXBTC15M-26SEP011315-15,2026-09-01 17:11:00+00:00,0.17,0.16,0.84
KXBTC15M-26SEP011315-15,2026-09-01 17:12:00+00:00,0.1,0.097,0.903
KXBTC15M-26SEP011315-15,2026-09-01 17:13:00+00:00,0.063,0.062,0.938
KXBTC15M-26SEP011315-15,2026-09-01 17:14:00+00:00,0.002,0.001,0.999
KXBTC15M-26SEP011315-15,2026-09-01 17:15:00+00:00,0.001,0.0,1.0
KXBTC15M-26SEP011315-15,2026-09-01 17:16:00+00:00,1.0,0.0,1.0
KXBTC15M-26SEP011330-30,2026-09-01 17:16:00+00:00,0.45,0.44,0.56
KXBTC15M-26SEP011330-30,2026-09-01 17:17:00+00:00,0.3,0.29,0.71
KXBTC15M-26SEP011330-30,2026-09-01 17:18:00+00:00,0.37,0.36,0.64
KXBTC15M-26SEP011330-30,2026-09-01 17:19:00+00:00,0.51,0.5,0.5
KXBTC15M-26SEP011330-30,2026-09-01 17:20:00+00:00,0.62,0.61,0.39
KXBTC15M-26SEP011330-30,2026-09-01 17:21:00+00:00,0.8,0.79,0.20999999999999996
KXBTC15M-26SEP011330-30,2026-09-01 17:22:00+00:00,0.64,0.63,0.37
KXBTC15M-26SEP011330-30,2026-09-01 17:23:00+00:00,0.77,0.76,0.24
KXBTC15M-26SEP011330-30,2026-09-01 17:24:00+00:00,0.69,0.68,0.31999999999999995
KXBTC15M-26SEP011330-30,2026-09-01 17:25:00+00:00,0.73,0.72,0.28
KXBTC15M-26SEP011330-30,2026-09-01 17:26:00+00:00,0.46,0.45,0.55
KXBTC15M-26SEP011330-30,2026-09-01 17:27:00+00:00,0.2,0.19,0.81
KXBTC15M-26SEP011330-30,2026-09-01 17:28:00+00:00,0.65,0.64,0.36
KXBTC15M-26SEP011330-30,2026-09-01 17:29:00+00:00,0.59,0.58,0.42000000000000004
KXBTC15M-26SEP011330-30,2026-09-01 17:30:00+00:00,0.001,0.0,1.0
KXBTC15M-26SEP011330-30,2026-09-01 17:31:00+00:00,1.0,0.0,1.0
KXBTC15M-26SEP011345-45,2026-09-01 17:31:00+00:00,0.67,0.66,0.33999999999999997
KXBTC15M-26SEP011345-45,2026-09-01 17:32:00+00:00,0.77,0.76,0.24
KXBTC15M-26SEP011345-45,2026-09-01 17:33:00+00:00,0.63,0.62,0.38
KXBTC15M-26SEP011345-45,2026-09-01 17:34:00+00:00,0.7,0.69,0.31000000000000005
KXBTC15M-26SEP011345-45,2026-09-01 17:35:00+00:00,0.87,0.86,0.14
KXBTC15M-26SEP011345-45,2026-09-01 17:36:00+00:00,0.905,0.904,0.09599999999999997
KXBTC15M-26SEP011345-45,2026-09-01 17:37:00+00:00,0.935,0.933,0.06699999999999995
KXBTC15M-26SEP011345-45,2026-09-01 17:38:00+00:00,0.924,0.923,0.07699999999999996
KXBTC15M-26SEP011345-45,2026-09-01 17:39:00+00:00,0.88,0.87,0.13
KXBTC15M-26SEP011345-45,2026-09-01 17:40:00+00:00,0.87,0.86,0.14
KXBTC15M-26SEP011345-45,2026-09-01 17:41:00+00:00,0.77,0.76,0.24
KXBTC15M-26SEP011345-45,2026-09-01 17:42:00+00:00,0.953,0.952,0.04800000000000004
KXBTC15M-26SEP011345-45,2026-09-01 17:43:00+00:00,0.998,0.997,0.0030000000000000027
KXBTC15M-26SEP011345-45,2026-09-01 17:44:00+00:00,1.0,0.999,0.0010000000000000009
KXBTC15M-26SEP011345-45,2026-09-01 17:45:00+00:00,1.0,0.999,0.0010000000000000009
KXBTC15M-26SEP011345-45,2026-09-01 17:46:00+00:00,1.0,0.0,1.0
KXBTC15M-26SEP011400-00,2026-09-01 17:46:00+00:00,0.37,0.36,0.64
KXBTC15M-26SEP011400-00,2026-09-01 17:47:00+00:00,0.16,0.15,0.85
KXBTC15M-26SEP011400-00,2026-09-01 17:48:00+00:00,0.24,0.23,0.77
KXBTC15M-26SEP011400-00,2026-09-01 17:49:00+00:00,0.31,0.3,0.7
KXBTC15M-26SEP011400-00,2026-09-01 17:50:00+00:00,0.19,0.18,0.8200000000000001
KXBTC15M-26SEP011400-00,2026-09-01 17:51:00+00:00,0.16,0.15,0.85
KXBTC15M-26SEP011400-00,2026-09-01 17:52:00+00:00,0.06,0.059,0.9410000000000001
KXBTC15M-26SEP011400-00,2026-09-01 17:53:00+00:00,0.027,0.026,0.974
KXBTC15M-26SEP011400-00,2026-09-01 17:54:00+00:00,0.024,0.023,0.977
KXBTC15M-26SEP011400-00,2026-09-01 17:55:00+00:00,0.036,0.035,0.965
KXBTC15M-26SEP011400-00,2026-09-01 17:56:00+00:00,0.013,0.011,0.989
KXBTC15M-26SEP011400-00,2026-09-01 17:57:00+00:00,0.007,0.006,0.994
KXBTC15M-26SEP011400-00,2026-09-01 17:58:00+00:00,0.001,0.0,1.0
KXBTC15M-26SEP011400-00,2026-09-01 17:59:00+00:00,0.001,0.0,1.0
KXBTC15M-26SEP011400-00,2026-09-01 18:00:00+00:00,0.001,0.0,1.0
KXBTC15M-26SEP011400-00,2026-09-01 18:01:00+00:00,1.0,0.0,1.0
KXBTC15M-26SEP011415-15,2026-09-01 18:01:00+00:00,0.51,0.5,0.5
KXBTC15M-26SEP011415-15,2026-09-01 18:02:00+00:00,0.37,0.36,0.64
KXBTC15M-26SEP011415-15,2026-09-01 18:03:00+00:00,0.57,0.56,0.43999999999999995
KXBTC15M-26SEP011415-15,2026-09-01 18:04:00+00:00,0.54,0.53,0.47
KXBTC15M-26SEP011415-15,2026-09-01 18:05:00+00:00,0.44,0.43,0.5700000000000001
KXBTC15M-26SEP011415-15,2026-09-01 18:06:00+00:00,0.44,0.43,0.5700000000000001
KXBTC15M-26SEP011415-15,2026-09-01 18:07:00+00:00,0.28,0.27,0.73
KXBTC15M-26SEP011415-15,2026-09-01 18:08:00+00:00,0.33,0.32,0.6799999999999999
KXBTC15M-26SEP011415-15,2026-09-01 18:09:00+00:00,0.14,0.13,0.87
KXBTC15M-26SEP011415-15,2026-09-01 18:10:00+00:00,0.057,0.056,0.944
KXBTC15M-26SEP011415-15,2026-09-01 18:11:00+00:00,0.055,0.054,0.946
KXBTC15M-26SEP011415-15,2026-09-01 18:12:00+00:00,0.028,0.027,0.973
KXBTC15M-26SEP011415-15,2026-09-01 18:13:00+00:00,0.062,0.061,0.9390000000000001
KXBTC15M-26SEP011415-15,2026-09-01 18:14:00+00:00,0.004,0.003,0.997
KXBTC15M-26SEP011415-15,2026-09-01 18:15:00+00:00,0.001,0.0,1.0
KXBTC15M-26SEP011415-15,2026-09-01 18:16:00+00:00,1.0,0.0,1.0
KXBTC15M-26SEP011430-30,2026-09-01 18:16:00+00:00,0.44,0.43,0.5700000000000001
KXBTC15M-26SEP011430-30,2026-09-01 18:17:00+00:00,0.29,0.28,0.72
KXBTC15M-26SEP011430-30,2026-09-01 18:18:00+00:00,0.32,0.31,0.69
KXBTC15M-26SEP011430-30,2026-09-01 18:19:00+00:00,0.23,0.22,0.78
KXBTC15M-26SEP011430-30,2026-09-01 18:20:00+00:00,0.17,0.16,0.84
KXBTC15M-26SEP011430-30,2026-09-01 18:21:00+00:00,0.15,0.14,0.86
KXBTC15M-26SEP011430-30,2026-09-01 18:22:00+00:00,0.11,0.1,0.9
KXBTC15M-26SEP011430-30,2026-09-01 18:23:00+00:00,0.11,0.1,0.9
KXBTC15M-26SEP011430-30,2026-09-01 18:24:00+00:00,0.16,0.15,0.85
KXBTC15M-26SEP011430-30,2026-09-01 18:25:00+00:00,0.11,0.1,0.9
KXBTC15M-26SEP011430-30,2026-09-01 18:26:00+00:00,0.043,0.042,0.958
KXBTC15M-26SEP011430-30,2026-09-01 18:27:00+00:00,0.013,0.012,0.988
KXBTC15M-26SEP011430-30,2026-09-01 18:28:00+00:00,0.001,0.0,1.0
KXBTC15M-26SEP011430-30,2026-09-01 18:29:00+00:00,0.001,0.0,1.0
KXBTC15M-26SEP011430-30,2026-09-01 18:30:00+00:00,0.001,0.0,1.0
KXBTC15M-26SEP011430-30,2026-09-01 18:31:00+00:00,1.0,0.0,1.0
KXBTC15M-26SEP011445-45,2026-09-01 18:31:00+00:00,0.6,0.59,0.41000000000000003
KXBTC15M-26SEP011445-45,2026-09-01 18:32:00+00:00,0.64,0.63,0.37
KXBTC15M-26SEP011445-45,2026-09-01 18:33:00+00:00,0.72,0.71,0.29000000000000004
KXBTC15M-26SEP011445-45,2026-09-01 18:34:00+00:00,0.62,0.61,0.39
KXBTC15M-26SEP011445-45,2026-09-01 18:35:00+00:00,0.5,0.49,0.51
KXBTC15M-26SEP011445-45,2026-09-01 18:36:00+00:00,0.41,0.4,0.6
KXBTC15M-26SEP011445-45,2026-09-01 18:37:00+00:00,0.15,0.14,0.86
KXBTC15M-26SEP011445-45,2026-09-01 18:38:00+00:00,0.12,0.11,0.89
KXBTC15M-26SEP011445-45,2026-09-01 18:39:00+00:00,0.051,0.05,0.95
KXBTC15M-26SEP011445-45,2026-09-01 18:40:00+00:00,0.03,0.029,0.971
KXBTC15M-26SEP011445-45,2026-09-01 18:41:00+00:00,0.059,0.058,0.942
KXBTC15M-26SEP011445-45,2026-09-01 18:42:00+00:00,0.013,0.012,0.988
KXBTC15M-26SEP011445-45,2026-09-01 18:43:00+00:00,0.001,0.0,1.0
KXBTC15M-26SEP011445-45,2026-09-01 18:44:00+00:00,0.001,0.0,1.0
KXBTC15M-26SEP011445-45,2026-09-01 18:45:00+00:00,0.001,0.0,1.0
KXBTC15M-26SEP011445-45,2026-09-01 18:46:00+00:00,1.0,0.0,1.0
KXBTC15M-26SEP011500-00,2026-09-01 18:46:00+00:00,0.28,0.27,0.73
KXBTC15M-26SEP011500-00,2026-09-01 18:47:00+00:00,0.39,0.38,0.62
KXBTC15M-26SEP011500-00,2026-09-01 18:48:00+00:00,0.47,0.46,0.54
KXBTC15M-26SEP011500-00,2026-09-01 18:49:00+00:00,0.51,0.5,0.5
KXBTC15M-26SEP011500-00,2026-09-01 18:50:00+00:00,0.82,0.81,0.18999999999999995
KXBTC15M-26SEP011500-00,2026-09-01 18:51:00+00:00,0.94,0.939,0.061000000000000054
KXBTC15M-26SEP011500-00,2026-09-01 18:52:00+00:00,0.943,0.942,0.05800000000000005
KXBTC15M-26SEP011500-00,2026-09-01 18:53:00+00:00,0.963,0.962,0.038000000000000034
KXBTC15M-26SEP011500-00,2026-09-01 18:54:00+00:00,0.985,0.984,0.016000000000000014
KXBTC15M-26SEP011500-00,2026-09-01 18:55:00+00:00,0.99,0.989,0.01100000000000001
KXBTC15M-26SEP011500-00,2026-09-01 18:56:00+00:00,0.997,0.996,0.0040000000000000036
KXBTC15M-26SEP011500-00,2026-09-01 18:57:00+00:00,1.0,0.999,0.0010000000000000009
KXBTC15M-26SEP011500-00,2026-09-01 18:58:00+00:00,1.0,0.999,0.0010000000000000009
KXBTC15M-26SEP011500-00,2026-09-01 18:59:00+00:00,1.0,0.999,0.0010000000000000009
KXBTC15M-26SEP011500-00,2026-09-01 19:00:00+00:00,1.0,0.999,0.0010000000000000009
KXBTC15M-26SEP011500-00,2026-09-01 19:01:00+00:00,1.0,0.0,1.0
KXBTC15M-26SEP011515-15,2026-09-01 19:01:00+00:00,0.69,0.68,0.31999999999999995
KXBTC15M-26SEP011515-15,2026-09-01 19:02:00+00:00,0.66,0.65,0.35
KXBTC15M-26SEP011515-15,2026-09-01 19:03:00+00:00,0.5,0.49,0.51
KXBTC15M-26SEP011515-15,2026-09-01 19:04:00+00:00,0.68,0.67,0.32999999999999996
KXBTC15M-26SEP011515-15,2026-09-01 19:05:00+00:00,0.88,0.87,0.13
KXBTC15M-26SEP011515-15,2026-09-01 19:06:00+00:00,0.81,0.8,0.19999999999999996
KXBTC15M-26SEP011515-15,2026-09-01 19:07:00+00:00,0.85,0.84,0.16000000000000003
KXBTC15M-26SEP011515-15,2026-09-01 19:08:00+00:00,0.78,0.77,0.22999999999999998
KXBTC15M-26SEP011515-15,2026-09-01 19:09:00+00:00,0.71,0.7,0.30000000000000004
KXBTC15M-26SEP011515-15,2026-09-01 19:10:00+00:00,0.73,0.72,0.28
KXBTC15M-26SEP011515-15,2026-09-01 19:11:00+00:00,0.903,0.902,0.09799999999999998
KXBTC15M-26SEP011515-15,2026-09-01 19:12:00+00:00,0.86,0.85,0.15000000000000002
KXBTC15M-26SEP011515-15,2026-09-01 19:13:00+00:00,0.9,0.89,0.10999999999999999
KXBTC15M-26SEP011515-15,2026-09-01 19:14:00+00:00,0.991,0.99,0.010000000000000009
KXBTC15M-26SEP011515-15,2026-09-01 19:15:00+00:00,1.0,0.999,0.0010000000000000009
KXBTC15M-26SEP011515-15,2026-09-01 19:16:00+00:00,1.0,0.0,1.0
KXBTC15M-26SEP011530-30,2026-09-01 19:16:00+00:00,0.63,0.62,0.38
KXBTC15M-26SEP011530-30,2026-09-01 19:17:00+00:00,0.72,0.71,0.29000000000000004
KXBTC15M-26SEP011530-30,2026-09-01 19:18:00+00:00,0.66,0.65,0.35
KXBTC15M-26SEP011530-30,2026-09-01 19:19:00+00:00,0.66,0.65,0.35
KXBTC15M-26SEP011530-30,2026-09-01 19:20:00+00:00,0.67,0.66,0.33999999999999997
KXBTC15M-26SEP011530-30,2026-09-01 19:21:00+00:00,0.75,0.74,0.26
KXBTC15M-26SEP011530-30,2026-09-01 19:22:00+00:00,0.82,0.81,0.18999999999999995
KXBTC15M-26SEP011530-30,2026-09-01 19:23:00+00:00,0.936,0.935,0.06499999999999995
KXBTC15M-26SEP011530-30,2026-09-01 19:24:00+00:00,0.967,0.966,0.03400000000000003
KXBTC15M-26SEP011530-30,2026-09-01 19:25:00+00:00,0.948,0.947,0.05300000000000005
KXBTC15M-26SEP011530-30,2026-09-01 19:26:00+00:00,0.987,0.986,0.014000000000000012
KXBTC15M-26SEP011530-30,2026-09-01 19:27:00+00:00,0.999,0.998,0.0020000000000000018
KXBTC15M-26SEP011530-30,2026-09-01 19:28:00+00:00,1.0,0.999,0.0010000000000000009
KXBTC15M-26SEP011530-30,2026-09-01 19:29:00+00:00,1.0,0.999,0.0010000000000000009
KXBTC15M-26SEP011530-30,2026-09-01 19:30:00+00:00,1.0,0.999,0.0010000000000000009
KXBTC15M-26SEP011530-30,2026-09-01 19:31:00+00:00,1.0,0.0,1.0
KXBTC15M-26SEP011545-45,2026-09-01 19:31:00+00:00,0.52,0.51,0.49
KXBTC15M-26SEP011545-45,2026-09-01 19:32:00+00:00,0.36,0.35,0.65
KXBTC15M-26SEP011545-45,2026-09-01 19:33:00+00:00,0.41,0.4,0.6
KXBTC15M-26SEP011545-45,2026-09-01 19:34:00+00:00,0.43,0.42,0.5800000000000001
KXBTC15M-26SEP011545-45,2026-09-01 19:35:00+00:00,0.39,0.38,0.62
KXBTC15M-26SEP011545-45,2026-09-01 19:36:00+00:00,0.53,0.52,0.48
KXBTC15M-26SEP011545-45,2026-09-01 19:37:00+00:00,0.35,0.34,0.6599999999999999
KXBTC15M-26SEP011545-45,2026-09-01 19:38:00+00:00,0.38,0.37,0.63
KXBTC15M-26SEP011545-45,2026-09-01 19:39:00+00:00,0.33,0.32,0.6799999999999999
KXBTC15M-26SEP011545-45,2026-09-01 19:40:00+00:00,0.2,0.19,0.81
KXBTC15M-26SEP011545-45,2026-09-01 19:41:00+00:00,0.36,0.35,0.65
KXBTC15M-26SEP011545-45,2026-09-01 19:42:00+00:00,0.3,0.29,0.71
KXBTC15M-26SEP011545-45,2026-09-01 19:43:00+00:00,0.035,0.034,0.966
KXBTC15M-26SEP011545-45,2026-09-01 19:44:00+00:00,0.002,0.001,0.999
KXBTC15M-26SEP011545-45,2026-09-01 19:45:00+00:00,0.001,0.0,1.0
KXBTC15M-26SEP011545-45,2026-09-01 19:46:00+00:00,1.0,0.0,1.0
KXBTC15M-26SEP011600-00,2026-09-01 19:46:00+00:00,0.5,0.49,0.51
KXBTC15M-26SEP011600-00,2026-09-01 19:47:00+00:00,0.43,0.42,0.5800000000000001
KXBTC15M-26SEP011600-00,2026-09-01 19:48:00+00:00,0.39,0.38,0.62
KXBTC15M-26SEP011600-00,2026-09-01 19:49:00+00:00,0.47,0.46,0.54
KXBTC15M-26SEP011600-00,2026-09-01 19:50:00+00:00,0.47,0.46,0.54
KXBTC15M-26SEP011600-00,2026-09-01 19:51:00+00:00,0.39,0.38,0.62
KXBTC15M-26SEP011600-00,2026-09-01 19:52:00+00:00,0.39,0.38,0.62
KXBTC15M-26SEP011600-00,2026-09-01 19:53:00+00:00,0.16,0.15,0.85
KXBTC15M-26SEP011600-00,2026-09-01 19:54:00+00:00,0.077,0.076,0.924
KXBTC15M-26SEP011600-00,2026-09-01 19:55:00+00:00,0.064,0.063,0.937
KXBTC15M-26SEP011600-00,2026-09-01 19:56:00+00:00,0.17,0.16,0.84
KXBTC15M-26SEP011600-00,2026-09-01 19:57:00+00:00,0.13,0.12,0.88
KXBTC15M-26SEP011600-00,2026-09-01 19:58:00+00:00,0.044,0.043,0.957
KXBTC15M-26SEP011600-00,2026-09-01 19:59:00+00:00,0.17,0.16,0.84
KXBTC15M-26SEP011600-00,2026-09-01 20:00:00+00:00,0.001,0.0,1.0
KXBTC15M-26SEP011600-00,2026-09-01 20:01:00+00:00,1.0,0.0,1.0
KXBTC15M-26SEP011615-15,2026-09-01 20:01:00+00:00,0.51,0.5,0.5
KXBTC15M-26SEP011615-15,2026-09-01 20:02:00+00:00,0.47,0.46,0.54
KXBTC15M-26SEP011615-15,2026-09-01 20:03:00+00:00,0.4,0.39,0.61
KXBTC15M-26SEP011615-15,2026-09-01 20:04:00+00:00,0.32,0.31,0.69
KXBTC15M-26SEP011615-15,2026-09-01 20:05:00+00:00,0.55,0.54,0.45999999999999996
KXBTC15M-26SEP011615-15,2026-09-01 20:06:00+00:00,0.64,0.63,0.37
KXBTC15M-26SEP011615-15,2026-09-01 20:07:00+00:00,0.44,0.43,0.5700000000000001
KXBTC15M-26SEP011615-15,2026-09-01 20:08:00+00:00,0.46,0.45,0.55
KXBTC15M-26SEP011615-15,2026-09-01 20:09:00+00:00,0.43,0.42,0.5800000000000001
KXBTC15M-26SEP011615-15,2026-09-01 20:10:00+00:00,0.41,0.4,0.6
KXBTC15M-26SEP011615-15,2026-09-01 20:11:00+00:00,0.53,0.52,0.48
KXBTC15M-26SEP011615-15,2026-09-01 20:12:00+00:00,0.51,0.5,0.5
KXBTC15M-26SEP011615-15,2026-09-01 20:13:00+00:00,0.74,0.73,0.27
KXBTC15M-26SEP011615-15,2026-09-01 20:14:00+00:00,1.0,0.999,0.0010000000000000009
KXBTC15M-26SEP011615-15,2026-09-01 20:15:00+00:00,1.0,0.999,0.0010000000000000009
KXBTC15M-26SEP011615-15,2026-09-01 20:16:00+00:00,1.0,0.0,1.0
KXBTC15M-26SEP011630-30,2026-09-01 20:16:00+00:00,0.48,0.47,0.53
KXBTC15M-26SEP011630-30,2026-09-01 20:17:00+00:00,0.39,0.38,0.62
KXBTC15M-26SEP011630-30,2026-09-01 20:18:00+00:00,0.39,0.38,0.62
KXBTC15M-26SEP011630-30,2026-09-01 20:19:00+00:00,0.56,0.55,0.44999999999999996
KXBTC15M-26SEP011630-30,2026-09-01 20:20:00+00:00,0.63,0.62,0.38
KXBTC15M-26SEP011630-30,2026-09-01 20:21:00+00:00,0.54,0.53,0.47
KXBTC15M-26SEP011630-30,2026-09-01 20:22:00+00:00,0.48,0.47,0.53
KXBTC15M-26SEP011630-30,2026-09-01 20:23:00+00:00,0.44,0.43,0.5700000000000001
KXBTC15M-26SEP011630-30,2026-09-01 20:24:00+00:00,0.51,0.5,0.5
KXBTC15M-26SEP011630-30,2026-09-01 20:25:00+00:00,0.47,0.46,0.54
KXBTC15M-26SEP011630-30,2026-09-01 20:26:00+00:00,0.53,0.52,0.48
KXBTC15M-26SEP011630-30,2026-09-01 20:27:00+00:00,0.24,0.23,0.77
KXBTC15M-26SEP011630-30,2026-09-01 20:28:00+00:00,0.12,0.11,0.89
KXBTC15M-26SEP011630-30,2026-09-01 20:29:00+00:00,0.26,0.25,0.75
KXBTC15M-26SEP011630-30,2026-09-01 20:30:00+00:00,0.001,0.0,1.0
KXBTC15M-26SEP011630-30,2026-09-01 21:00:00+00:00,0.001,0.0,1.0
KXBTC15M-26SEP011630-30,2026-09-01 21:06:00+00:00,1.0,0.0,1.0
KXBTC15M-26SEP011645-45,2026-09-01 20:31:00+00:00,0.57,0.56,0.43999999999999995
KXBTC15M-26SEP011645-45,2026-09-01 20:32:00+00:00,0.42,0.41,0.5900000000000001
KXBTC15M-26SEP011645-45,2026-09-01 20:33:00+00:00,0.45,0.44,0.56
KXBTC15M-26SEP011645-45,2026-09-01 20:34:00+00:00,0.48,0.47,0.53
KXBTC15M-26SEP011645-45,2026-09-01 20:35:00+00:00,0.44,0.43,0.5700000000000001
KXBTC15M-26SEP011645-45,2026-09-01 20:36:00+00:00,0.7,0.69,0.31000000000000005
KXBTC15M-26SEP011645-45,2026-09-01 20:37:00+00:00,0.75,0.74,0.26
KXBTC15M-26SEP011645-45,2026-09-01 20:38:00+00:00,0.78,0.77,0.22999999999999998
KXBTC15M-26SEP011645-45,2026-09-01 20:39:00+00:00,0.51,0.5,0.5
KXBTC15M-26SEP011645-45,2026-09-01 20:40:00+00:00,0.76,0.75,0.25
KXBTC15M-26SEP011645-45,2026-09-01 20:41:00+00:00,0.32,0.31,0.69
KXBTC15M-26SEP011645-45,2026-09-01 20:42:00+00:00,0.15,0.14,0.86
KXBTC15M-26SEP011645-45,2026-09-01 20:43:00+00:00,0.23,0.22,0.78
KXBTC15M-26SEP011645-45,2026-09-01 20:44:00+00:00,0.12,0.11,0.89
KXBTC15M-26SEP011645-45,2026-09-01 20:45:00+00:00,0.001,0.0,1.0
KXBTC15M-26SEP011645-45,2026-09-01 20:46:00+00:00,1.0,0.0,1.0
KXBTC15M-26SEP011700-00,2026-09-01 20:46:00+00:00,0.5,0.49,0.51
KXBTC15M-26SEP011700-00,2026-09-01 20:47:00+00:00,0.42,0.41,0.5900000000000001
KXBTC15M-26SEP011700-00,2026-09-01 20:48:00+00:00,0.33,0.32,0.6799999999999999
KXBTC15M-26SEP011700-00,2026-09-01 20:49:00+00:00,0.4,0.39,0.61
KXBTC15M-26SEP011700-00,2026-09-01 20:50:00+00:00,0.33,0.32,0.6799999999999999
KXBTC15M-26SEP011700-00,2026-09-01 20:51:00+00:00,0.44,0.43,0.5700000000000001
KXBTC15M-26SEP011700-00,2026-09-01 20:52:00+00:00,0.31,0.3,0.7
KXBTC15M-26SEP011700-00,2026-09-01 20:53:00+00:00,0.46,0.45,0.55
KXBTC15M-26SEP011700-00,2026-09-01 20:54:00+00:00,0.58,0.57,0.43000000000000005
KXBTC15M-26SEP011700-00,2026-09-01 20:55:00+00:00,0.76,0.75,0.25
KXBTC15M-26SEP011700-00,2026-09-01 20:56:00+00:00,0.9,0.89,0.10999999999999999
KXBTC15M-26SEP011700-00,2026-09-01 20:57:00+00:00,0.96,0.959,0.041000000000000036
KXBTC15M-26SEP011700-00,2026-09-01 20:58:00+00:00,0.993,0.992,0.008000000000000007
KXBTC15M-26SEP011700-00,2026-09-01 20:59:00+00:00,0.999,0.998,0.0020000000000000018
KXBTC15M-26SEP011700-00,2026-09-01 21:00:00+00:00,1.0,0.999,0.0010000000000000009
KXBTC15M-26SEP011700-00,2026-09-01 21:01:00+00:00,1.0,0.0,1.0
KXBTC15M-26SEP011715-15,2026-09-01 21:01:00+00:00,0.57,0.56,0.43999999999999995
KXBTC15M-26SEP011715-15,2026-09-01 21:02:00+00:00,0.42,0.41,0.5900000000000001
KXBTC15M-26SEP011715-15,2026-09-01 21:03:00+00:00,0.55,0.54,0.45999999999999996
KXBTC15M-26SEP011715-15,2026-09-01 21:04:00+00:00,0.31,0.3,0.7
KXBTC15M-26SEP011715-15,2026-09-01 21:05:00+00:00,0.31,0.3,0.7
KXBTC15M-26SEP011715-15,2026-09-01 21:06:00+00:00,0.17,0.16,0.84
KXBTC15M-26SEP011715-15,2026-09-01 21:07:00+00:00,0.075,0.074,0.926
KXBTC15M-26SEP011715-15,2026-09-01 21:08:00+00:00,0.064,0.063,0.937
KXBTC15M-26SEP011715-15,2026-09-01 21:09:00+00:00,0.085,0.084,0.916
KXBTC15M-26SEP011715-15,2026-09-01 21:10:00+00:00,0.045,0.044,0.956
KXBTC15M-26SEP011715-15,2026-09-01 21:11:00+00:00,0.014,0.013,0.987
KXBTC15M-26SEP011715-15,2026-09-01 21:12:00+00:00,0.004,0.003,0.997
KXBTC15M-26SEP011715-15,2026-09-01 21:13:00+00:00,0.001,0.0,1.0
KXBTC15M-26SEP011715-15,2026-09-01 21:14:00+00:00,0.001,0.0,1.0
KXBTC15M-26SEP011715-15,2026-09-01 21:15:00+00:00,0.001,0.0,1.0
KXBTC15M-26SEP011715-15,2026-09-01 21:16:00+00:00,1.0,0.0,1.0
KXBTC15M-26SEP011730-30,2026-09-01 21:16:00+00:00,0.58,0.57,0.43000000000000005
KXBTC15M-26SEP011730-30,2026-09-01 21:17:00+00:00,0.45,0.44,0.56
KXBTC15M-26SEP011730-30,2026-09-01 21:18:00+00:00,0.21,0.2,0.8
KXBTC15M-26SEP011730-30,2026-09-01 21:19:00+00:00,0.24,0.23,0.77
KXBTC15M-26SEP011730-30,2026-09-01 21:20:00+00:00,0.33,0.32,0.6799999999999999
KXBTC15M-26SEP011730-30,2026-09-01 21:21:00+00:00,0.54,0.53,0.47
KXBTC15M-26SEP011730-30,2026-09-01 21:22:00+00:00,0.41,0.4,0.6
KXBTC15M-26SEP011730-30,2026-09-01 21:23:00+00:00,0.79,0.78,0.21999999999999997
KXBTC15M-26SEP011730-30,2026-09-01 21:24:00+00:00,0.78,0.77,0.22999999999999998
KXBTC15M-26SEP011730-30,2026-09-01 21:25:00+00:00,0.89,0.88,0.12
KXBTC15M-26SEP011730-30,2026-09-01 21:26:00+00:00,0.932,0.931,0.06899999999999995
KXBTC15M-26SEP011730-30,2026-09-01 21:27:00+00:00,0.969,0.968,0.03200000000000003
KXBTC15M-26SEP011730-30,2026-09-01 21:28:00+00:00,0.973,0.972,0.028000000000000025
KXBTC15M-26SEP011730-30,2026-09-01 21:29:00+00:00,0.99,0.988,0.01200000000000001
KXBTC15M-26SEP011730-30,2026-09-01 21:30:00+00:00,1.0,0.999,0.0010000000000000009
KXBTC15M-26SEP011730-30,2026-09-01 21:31:00+00:00,1.0,0.0,1.0
KXBTC15M-26SEP011745-45,2026-09-01 21:31:00+00:00,0.49,0.48,0.52
KXBTC15M-26SEP011745-45,2026-09-01 21:32:00+00:00,0.38,0.37,0.63
KXBTC15M-26SEP011745-45,2026-09-01 21:33:00+00:00,0.25,0.24,0.76
KXBTC15M-26SEP011745-45,2026-09-01 21:34:00+00:00,0.22,0.21,0.79
KXBTC15M-26SEP011745-45,2026-09-01 21:35:00+00:00,0.21,0.2,0.8
KXBTC15M-26SEP011745-45,2026-09-01 21:36:00+00:00,0.35,0.34,0.6599999999999999
KXBTC15M-26SEP011745-45,2026-09-01 21:37:00+00:00,0.3,0.29,0.71
KXBTC15M-26SEP011745-45,2026-09-01 21:38:00+00:00,0.2,0.19,0.81
KXBTC15M-26SEP011745-45,2026-09-01 21:39:00+00:00,0.3,0.29,0.71
KXBTC15M-26SEP011745-45,2026-09-01 21:40:00+00:00,0.48,0.47,0.53
KXBTC15M-26SEP011745-45,2026-09-01 21:41:00+00:00,0.67,0.66,0.33999999999999997
KXBTC15M-26SEP011745-45,2026-09-01 21:42:00+00:00,0.59,0.58,0.42000000000000004
KXBTC15M-26SEP011745-45,2026-09-01 21:43:00+00:00,0.33,0.31,0.69
KXBTC15M-26SEP011745-45,2026-09-01 21:44:00+00:00,0.041,0.04,0.96
KXBTC15M-26SEP011745-45,2026-09-01 21:45:00+00:00,0.001,0.0,1.0
KXBTC15M-26SEP011745-45,2026-09-01 21:46:00+00:00,1.0,0.0,1.0
KXBTC15M-26SEP011800-00,2026-09-01 21:46:00+00:00,0.5,0.49,0.51
KXBTC15M-26SEP011800-00,2026-09-01 21:47:00+00:00,0.6,0.59,0.41000000000000003
KXBTC15M-26SEP011800-00,2026-09-01 21:48:00+00:00,0.51,0.5,0.5
KXBTC15M-26SEP011800-00,2026-09-01 21:49:00+00:00,0.53,0.52,0.48
KXBTC15M-26SEP011800-00,2026-09-01 21:50:00+00:00,0.6,0.59,0.41000000000000003
KXBTC15M-26SEP011800-00,2026-09-01 21:51:00+00:00,0.65,0.64,0.36
KXBTC15M-26SEP011800-00,2026-09-01 21:52:00+00:00,0.87,0.86,0.14
KXBTC15M-26SEP011800-00,2026-09-01 21:53:00+00:00,0.89,0.88,0.12
KXBTC15M-26SEP011800-00,2026-09-01 21:54:00+00:00,0.86,0.85,0.15000000000000002
KXBTC15M-26SEP011800-00,2026-09-01 21:55:00+00:00,0.912,0.911,0.08899999999999997
KXBTC15M-26SEP011800-00,2026-09-01 21:56:00+00:00,0.952,0.95,0.050000000000000044
KXBTC15M-26SEP011800-00,2026-09-01 21:57:00+00:00,0.983,0.982,0.018000000000000016
KXBTC15M-26SEP011800-00,2026-09-01 21:58:00+00:00,0.986,0.983,0.017000000000000015
KXBTC15M-26SEP011800-00,2026-09-01 21:59:00+00:00,1.0,0.999,0.0010000000000000009
KXBTC15M-26SEP011800-00,2026-09-01 22:00:00+00:00,1.0,0.999,0.0010000000000000009
KXBTC15M-26SEP011800-00,2026-09-01 22:01:00+00:00,1.0,0.0,1.0
KXBTC15M-26SEP011815-15,2026-09-01 22:01:00+00:00,0.45,0.44,0.56
KXBTC15M-26SEP011815-15,2026-09-01 22:02:00+00:00,0.42,0.41,0.5900000000000001
KXBTC15M-26SEP011815-15,2026-09-01 22:03:00+00:00,0.57,0.56,0.43999999999999995
KXBTC15M-26SEP011815-15,2026-09-01 22:04:00+00:00,0.75,0.74,0.26
KXBTC15M-26SEP011815-15,2026-09-01 22:05:00+00:00,0.7,0.69,0.31000000000000005
KXBTC15M-26SEP011815-15,2026-09-01 22:06:00+00:00,0.67,0.66,0.33999999999999997
KXBTC15M-26SEP011815-15,2026-09-01 22:07:00+00:00,0.62,0.61,0.39
KXBTC15M-26SEP011815-15,2026-09-01 22:08:00+00:00,0.76,0.75,0.25
KXBTC15M-26SEP011815-15,2026-09-01 22:09:00+00:00,0.82,0.81,0.18999999999999995
KXBTC15M-26SEP011815-15,2026-09-01 22:10:00+00:00,0.85,0.84,0.16000000000000003
KXBTC15M-26SEP011815-15,2026-09-01 22:11:00+00:00,0.926,0.925,0.07499999999999996
KXBTC15M-26SEP011815-15,2026-09-01 22:12:00+00:00,0.977,0.976,0.02400000000000002
KXBTC15M-26SEP011815-15,2026-09-01 22:13:00+00:00,0.995,0.994,0.006000000000000005
KXBTC15M-26SEP011815-15,2026-09-01 22:14:00+00:00,0.999,0.998,0.0020000000000000018
KXBTC15M-26SEP011815-15,2026-09-01 22:15:00+00:00,1.0,0.999,0.0010000000000000009
KXBTC15M-26SEP011815-15,2026-09-01 22:16:00+00:00,1.0,0.0,1.0
KXBTC15M-26SEP011830-30,2026-09-01 22:16:00+00:00,0.29,0.28,0.72
KXBTC15M-26SEP011830-30,2026-09-01 22:17:00+00:00,0.28,0.27,0.73
KXBTC15M-26SEP011830-30,2026-09-01 22:18:00+00:00,0.33,0.32,0.6799999999999999
KXBTC15M-26SEP011830-30,2026-09-01 22:19:00+00:00,0.29,0.28,0.72
KXBTC15M-26SEP011830-30,2026-09-01 22:20:00+00:00,0.29,0.28,0.72
KXBTC15M-26SEP011830-30,2026-09-01 22:21:00+00:00,0.28,0.27,0.73
KXBTC15M-26SEP011830-30,2026-09-01 22:22:00+00:00,0.13,0.12,0.88
KXBTC15M-26SEP011830-30,2026-09-01 22:23:00+00:00,0.04,0.039,0.961
KXBTC15M-26SEP011830-30,2026-09-01 22:24:00+00:00,0.05,0.049,0.951
KXBTC15M-26SEP011830-30,2026-09-01 22:25:00+00:00,0.081,0.08,0.92
KXBTC15M-26SEP011830-30,2026-09-01 22:26:00+00:00,0.029,0.028,0.972
KXBTC15M-26SEP011830-30,2026-09-01 22:27:00+00:00,0.009,0.008,0.992
KXBTC15M-26SEP011830-30,2026-09-01 22:28:00+00:00,0.003,0.002,0.998
KXBTC15M-26SEP011830-30,2026-09-01 22:29:00+00:00,0.001,0.0,1.0
KXBTC15M-26SEP011830-30,2026-09-01 22:30:00+00:00,0.001,0.0,1.0
KXBTC15M-26SEP011830-30,2026-09-01 22:31:00+00:00,1.0,0.0,1.0
KXBTC15M-26SEP011845-45,2026-09-01 22:31:00+00:00,0.54,0.53,0.47
KXBTC15M-26SEP011845-45,2026-09-01 22:32:00+00:00,0.45,0.44,0.56
KXBTC15M-26SEP011845-45,2026-09-01 22:33:00+00:00,0.35,0.34,0.6599999999999999
KXBTC15M-26SEP011845-45,2026-09-01 22:34:00+00:00,0.41,0.4,0.6
KXBTC15M-26SEP011845-45,2026-09-01 22:35:00+00:00,0.52,0.51,0.49
KXBTC15M-26SEP011845-45,2026-09-01 22:36:00+00:00,0.62,0.61,0.39
KXBTC15M-26SEP011845-45,2026-09-01 22:37:00+00:00,0.73,0.72,0.28
KXBTC15M-26SEP011845-45,2026-09-01 22:38:00+00:00,0.82,0.81,0.18999999999999995
KXBTC15M-26SEP011845-45,2026-09-01 22:39:00+00:00,0.74,0.73,0.27
KXBTC15M-26SEP011845-45,2026-09-01 22:40:00+00:00,0.68,0.67,0.32999999999999996
KXBTC15M-26SEP011845-45,2026-09-01 22:41:00+00:00,0.53,0.52,0.48
KXBTC15M-26SEP011845-45,2026-09-01 22:42:00+00:00,0.67,0.66,0.33999999999999997
KXBTC15M-26SEP011845-45,2026-09-01 22:43:00+00:00,0.85,0.83,0.17000000000000004
KXBTC15M-26SEP011845-45,2026-09-01 22:44:00+00:00,0.996,0.995,0.0050000000000000044
KXBTC15M-26SEP011845-45,2026-09-01 22:45:00+00:00,1.0,0.999,0.0010000000000000009
KXBTC15M-26SEP011845-45,2026-09-01 22:46:00+00:00,1.0,0.0,1.0
KXBTC15M-26SEP011900-00,2026-09-01 22:46:00+00:00,0.68,0.67,0.32999999999999996
KXBTC15M-26SEP011900-00,2026-09-01 22:47:00+00:00,0.72,0.71,0.29000000000000004
KXBTC15M-26SEP011900-00,2026-09-01 22:48:00+00:00,0.73,0.72,0.28
KXBTC15M-26SEP011900-00,2026-09-01 22:49:00+00:00,0.85,0.84,0.16000000000000003
KXBTC15M-26SEP011900-00,2026-09-01 22:50:00+00:00,0.9,0.89,0.10999999999999999
KXBTC15M-26SEP011900-00,2026-09-01 22:51:00+00:00,0.91,0.909,0.09099999999999997
KXBTC15M-26SEP011900-00,2026-09-01 22:52:00+00:00,0.9,0.89,0.10999999999999999
KXBTC15M-26SEP011900-00,2026-09-01 22:53:00+00:00,0.925,0.924,0.07599999999999996
KXBTC15M-26SEP011900-00,2026-09-01 22:54:00+00:00,0.958,0.957,0.04300000000000004
KXBTC15M-26SEP011900-00,2026-09-01 22:55:00+00:00,0.96,0.959,0.041000000000000036
KXBTC15M-26SEP011900-00,2026-09-01 22:56:00+00:00,0.984,0.983,0.017000000000000015
KXBTC15M-26SEP011900-00,2026-09-01 22:57:00+00:00,0.99,0.989,0.01100000000000001
KXBTC15M-26SEP011900-00,2026-09-01 22:58:00+00:00,0.999,0.998,0.0020000000000000018
KXBTC15M-26SEP011900-00,2026-09-01 22:59:00+00:00,1.0,0.999,0.0010000000000000009
KXBTC15M-26SEP011900-00,2026-09-01 23:00:00+00:00,1.0,0.999,0.0010000000000000009
KXBTC15M-26SEP011900-00,2026-09-01 23:01:00+00:00,1.0,0.0,1.0
KXBTC15M-26SEP011915-15,2026-09-01 23:01:00+00:00,0.51,0.5,0.5
KXBTC15M-26SEP011915-15,2026-09-01 23:02:00+00:00,0.48,0.47,0.53
KXBTC15M-26SEP011915-15,2026-09-01 23:03:00+00:00,0.43,0.42,0.5800000000000001
KXBTC15M-26SEP011915-15,2026-09-01 23:04:00+00:00,0.55,0.54,0.45999999999999996
KXBTC15M-26SEP011915-15,2026-09-01 23:05:00+00:00,0.27,0.26,0.74
KXBTC15M-26SEP011915-15,2026-09-01 23:06:00+00:00,0.39,0.38,0.62
KXBTC15M-26SEP011915-15,2026-09-01 23:07:00+00:00,0.62,0.61,0.39
KXBTC15M-26SEP011915-15,2026-09-01 23:08:00+00:00,0.62,0.61,0.39
KXBTC15M-26SEP011915-15,2026-09-01 23:09:00+00:00,0.71,0.7,0.30000000000000004
KXBTC15M-26SEP011915-15,2026-09-01 23:10:00+00:00,0.58,0.57,0.43000000000000005
KXBTC15M-26SEP011915-15,2026-09-01 23:11:00+00:00,0.51,0.5,0.5
KXBTC15M-26SEP011915-15,2026-09-01 23:12:00+00:00,0.72,0.71,0.29000000000000004
KXBTC15M-26SEP011915-15,2026-09-01 23:13:00+00:00,0.8,0.79,0.20999999999999996
KXBTC15M-26SEP011915-15,2026-09-01 23:14:00+00:00,0.23,0.22,0.78
KXBTC15M-26SEP011915-15,2026-09-01 23:15:00+00:00,0.001,0.0,1.0
KXBTC15M-26SEP011915-15,2026-09-01 23:16:00+00:00,1.0,0.0,1.0
KXBTC15M-26SEP011930-30,2026-09-01 23:16:00+00:00,0.61,0.6,0.4
KXBTC15M-26SEP011930-30,2026-09-01 23:17:00+00:00,0.64,0.63,0.37
KXBTC15M-26SEP011930-30,2026-09-01 23:18:00+00:00,0.69,0.68,0.31999999999999995
KXBTC15M-26SEP011930-30,2026-09-01 23:19:00+00:00,0.67,0.66,0.33999999999999997
KXBTC15M-26SEP011930-30,2026-09-01 23:20:00+00:00,0.74,0.73,0.27
KXBTC15M-26SEP011930-30,2026-09-01 23:21:00+00:00,0.76,0.75,0.25
KXBTC15M-26SEP011930-30,2026-09-01 23:22:00+00:00,0.54,0.53,0.47
KXBTC15M-26SEP011930-30,2026-09-01 23:23:00+00:00,0.68,0.67,0.32999999999999996
KXBTC15M-26SEP011930-30,2026-09-01 23:24:00+00:00,0.65,0.64,0.36
KXBTC15M-26SEP011930-30,2026-09-01 23:25:00+00:00,0.86,0.85,0.15000000000000002
KXBTC15M-26SEP011930-30,2026-09-01 23:26:00+00:00,0.926,0.925,0.07499999999999996
KXBTC15M-26SEP011930-30,2026-09-01 23:27:00+00:00,0.84,0.83,0.17000000000000004
KXBTC15M-26SEP011930-30,2026-09-01 23:28:00+00:00,0.976,0.975,0.025000000000000022
KXBTC15M-26SEP011930-30,2026-09-01 23:29:00+00:00,1.0,0.999,0.0010000000000000009
KXBTC15M-26SEP011930-30,2026-09-01 23:30:00+00:00,1.0,0.999,0.0010000000000000009
KXBTC15M-26SEP011930-30,2026-09-01 23:31:00+00:00,1.0,0.0,1.0
KXBTC15M-26SEP011945-45,2026-09-01 23:31:00+00:00,0.61,0.6,0.4
KXBTC15M-26SEP011945-45,2026-09-01 23:32:00+00:00,0.48,0.47,0.53
KXBTC15M-26SEP011945-45,2026-09-01 23:33:00+00:00,0.7,0.69,0.31000000000000005
KXBTC15M-26SEP011945-45,2026-09-01 23:34:00+00:00,0.77,0.76,0.24
KXBTC15M-26SEP011945-45,2026-09-01 23:35:00+00:00,0.75,0.74,0.26
KXBTC15M-26SEP011945-45,2026-09-01 23:36:00+00:00,0.82,0.81,0.18999999999999995
KXBTC15M-26SEP011945-45,2026-09-01 23:37:00+00:00,0.922,0.921,0.07899999999999996
KXBTC15M-26SEP011945-45,2026-09-01 23:38:00+00:00,0.937,0.936,0.06399999999999995
KXBTC15M-26SEP011945-45,2026-09-01 23:39:00+00:00,0.943,0.942,0.05800000000000005
KXBTC15M-26SEP011945-45,2026-09-01 23:40:00+00:00,0.957,0.956,0.04400000000000004
KXBTC15M-26SEP011945-45,2026-09-01 23:41:00+00:00,0.985,0.984,0.016000000000000014
KXBTC15M-26SEP011945-45,2026-09-01 23:42:00+00:00,0.989,0.988,0.01200000000000001
KXBTC15M-26SEP011945-45,2026-09-01 23:43:00+00:00,1.0,0.999,0.0010000000000000009
KXBTC15M-26SEP011945-45,2026-09-01 23:44:00+00:00,0.999,0.998,0.0020000000000000018
KXBTC15M-26SEP011945-45,2026-09-01 23:45:00+00:00,1.0,0.999,0.0010000000000000009
KXBTC15M-26SEP011945-45,2026-09-01 23:46:00+00:00,1.0,0.0,1.0
KXBTC15M-26SEP012000-00,2026-09-01 23:46:00+00:00,0.33,0.32,0.6799999999999999
KXBTC15M-26SEP012000-00,2026-09-01 23:47:00+00:00,0.39,0.38,0.62
KXBTC15M-26SEP012000-00,2026-09-01 23:48:00+00:00,0.47,0.46,0.54
KXBTC15M-26SEP012000-00,2026-09-01 23:49:00+00:00,0.69,0.68,0.31999999999999995
KXBTC15M-26SEP012000-00,2026-09-01 23:50:00+00:00,0.57,0.56,0.43999999999999995
KXBTC15M-26SEP012000-00,2026-09-01 23:51:00+00:00,0.54,0.53,0.47
KXBTC15M-26SEP012000-00,2026-09-01 23:52:00+00:00,0.26,0.25,0.75
KXBTC15M-26SEP012000-00,2026-09-01 23:53:00+00:00,0.25,0.24,0.76
KXBTC15M-26SEP012000-00,2026-09-01 23:54:00+00:00,0.16,0.15,0.85
KXBTC15M-26SEP012000-00,2026-09-01 23:55:00+00:00,0.12,0.11,0.89
KXBTC15M-26SEP012000-00,2026-09-01 23:56:00+00:00,0.044,0.043,0.957
KXBTC15M-26SEP012000-00,2026-09-01 23:57:00+00:00,0.008,0.007,0.993
KXBTC15M-26SEP012000-00,2026-09-01 23:58:00+00:00,0.005,0.004,0.996
KXBTC15M-26SEP012000-00,2026-09-01 23:59:00+00:00,0.002,0.001,0.999
KXBTC15M-26SEP012000-00,2026-09-02 00:00:00+00:00,0.001,0.0,1.0
KXBTC15M-26SEP012000-00,2026-09-02 00:01:00+00:00,1.0,0.0,1.0
KXBTC15M-26SEP012015-15,2026-09-02 00:01:00+00:00,0.65,0.64,0.36
KXBTC15M-26SEP012015-15,2026-09-02 00:02:00+00:00,0.55,0.54,0.45999999999999996
KXBTC15M-26SEP012015-15,2026-09-02 00:03:00+00:00,0.48,0.47,0.53
KXBTC15M-26SEP012015-15,2026-09-02 00:04:00+00:00,0.46,0.45,0.55
KXBTC15M-26SEP012015-15,2026-09-02 00:05:00+00:00,0.51,0.5,0.5
KXBTC15M-26SEP012015-15,2026-09-02 00:06:00+00:00,0.51,0.5,0.5
KXBTC15M-26SEP012015-15,2026-09-02 00:07:00+00:00,0.36,0.35,0.65
KXBTC15M-26SEP012015-15,2026-09-02 00:08:00+00:00,0.36,0.35,0.65
KXBTC15M-26SEP012015-15,2026-09-02 00:09:00+00:00,0.29,0.28,0.72
KXBTC15M-26SEP012015-15,2026-09-02 00:10:00+00:00,0.21,0.2,0.8
KXBTC15M-26SEP012015-15,2026-09-02 00:11:00+00:00,0.16,0.15,0.85
KXBTC15M-26SEP012015-15,2026-09-02 00:12:00+00:00,0.041,0.04,0.96
KXBTC15M-26SEP012015-15,2026-09-02 00:13:00+00:00,0.012,0.011,0.989
KXBTC15M-26SEP012015-15,2026-09-02 00:14:00+00:00,0.01,0.009,0.991
KXBTC15M-26SEP012015-15,2026-09-02 00:15:00+00:00,0.001,0.0,1.0
KXBTC15M-26SEP012015-15,2026-09-02 00:16:00+00:00,1.0,0.0,1.0
KXBTC15M-26SEP012030-30,2026-09-02 00:16:00+00:00,0.55,0.54,0.45999999999999996
KXBTC15M-26SEP012030-30,2026-09-02 00:17:00+00:00,0.5,0.49,0.51
KXBTC15M-26SEP012030-30,2026-09-02 00:18:00+00:00,0.67,0.66,0.33999999999999997
KXBTC15M-26SEP012030-30,2026-09-02 00:19:00+00:00,0.78,0.77,0.22999999999999998
KXBTC15M-26SEP012030-30,2026-09-02 00:20:00+00:00,0.5,0.49,0.51
KXBTC15M-26SEP012030-30,2026-09-02 00:21:00+00:00,0.43,0.42,0.5800000000000001
KXBTC15M-26SEP012030-30,2026-09-02 00:22:00+00:00,0.32,0.31,0.69
KXBTC15M-26SEP012030-30,2026-09-02 00:23:00+00:00,0.66,0.65,0.35
KXBTC15M-26SEP012030-30,2026-09-02 00:24:00+00:00,0.53,0.52,0.48
KXBTC15M-26SEP012030-30,2026-09-02 00:25:00+00:00,0.44,0.43,0.5700000000000001
KXBTC15M-26SEP012030-30,2026-09-02 00:26:00+00:00,0.21,0.2,0.8
KXBTC15M-26SEP012030-30,2026-09-02 00:27:00+00:00,0.11,0.1,0.9
KXBTC15M-26SEP012030-30,2026-09-02 00:28:00+00:00,0.015,0.011,0.989
KXBTC15M-26SEP012030-30,2026-09-02 00:29:00+00:00,0.001,0.0,1.0
KXBTC15M-26SEP012030-30,2026-09-02 00:30:00+00:00,0.001,0.0,1.0
KXBTC15M-26SEP012030-30,2026-09-02 00:31:00+00:00,1.0,0.0,1.0
KXBTC15M-26SEP012045-45,2026-09-02 00:31:00+00:00,0.46,0.45,0.55
KXBTC15M-26SEP012045-45,2026-09-02 00:32:00+00:00,0.63,0.62,0.38
KXBTC15M-26SEP012045-45,2026-09-02 00:33:00+00:00,0.71,0.7,0.30000000000000004
KXBTC15M-26SEP012045-45,2026-09-02 00:34:00+00:00,0.58,0.57,0.43000000000000005
KXBTC15M-26SEP012045-45,2026-09-02 00:35:00+00:00,0.4,0.39,0.61
KXBTC15M-26SEP012045-45,2026-09-02 00:36:00+00:00,0.5,0.49,0.51
KXBTC15M-26SEP012045-45,2026-09-02 00:37:00+00:00,0.29,0.28,0.72
KXBTC15M-26SEP012045-45,2026-09-02 00:38:00+00:00,0.36,0.35,0.65
KXBTC15M-26SEP012045-45,2026-09-02 00:39:00+00:00,0.1,0.099,0.901
KXBTC15M-26SEP012045-45,2026-09-02 00:40:00+00:00,0.17,0.16,0.84
KXBTC15M-26SEP012045-45,2026-09-02 00:41:00+00:00,0.025,0.024,0.976
KXBTC15M-26SEP012045-45,2026-09-02 00:42:00+00:00,0.024,0.023,0.977
KXBTC15M-26SEP012045-45,2026-09-02 00:43:00+00:00,0.037,0.036,0.964
KXBTC15M-26SEP012045-45,2026-09-02 00:44:00+00:00,0.14,0.13,0.87
KXBTC15M-26SEP012045-45,2026-09-02 00:45:00+00:00,0.001,0.0,1.0
KXBTC15M-26SEP012045-45,2026-09-02 00:46:00+00:00,1.0,0.0,1.0
KXBTC15M-26SEP012100-00,2026-09-02 00:46:00+00:00,0.57,0.56,0.43999999999999995
KXBTC15M-26SEP012100-00,2026-09-02 00:47:00+00:00,0.52,0.51,0.49
KXBTC15M-26SEP012100-00,2026-09-02 00:48:00+00:00,0.47,0.46,0.54
KXBTC15M-26SEP012100-00,2026-09-02 00:49:00+00:00,0.4,0.39,0.61
KXBTC15M-26SEP012100-00,2026-09-02 00:50:00+00:00,0.56,0.55,0.44999999999999996
KXBTC15M-26SEP012100-00,2026-09-02 00:51:00+00:00,0.3,0.29,0.71
KXBTC15M-26SEP012100-00,2026-09-02 00:52:00+00:00,0.47,0.46,0.54
KXBTC15M-26SEP012100-00,2026-09-02 00:53:00+00:00,0.39,0.38,0.62
KXBTC15M-26SEP012100-00,2026-09-02 00:54:00+00:00,0.35,0.34,0.6599999999999999
KXBTC15M-26SEP012100-00,2026-09-02 00:55:00+00:00,0.19,0.18,0.8200000000000001
KXBTC15M-26SEP012100-00,2026-09-02 00:56:00+00:00,0.19,0.18,0.8200000000000001
KXBTC15M-26SEP012100-00,2026-09-02 00:57:00+00:00,0.71,0.7,0.30000000000000004
KXBTC15M-26SEP012100-00,2026-09-02 00:58:00+00:00,0.52,0.51,0.49
KXBTC15M-26SEP012100-00,2026-09-02 00:59:00+00:00,0.26,0.25,0.75
KXBTC15M-26SEP012100-00,2026-09-02 01:00:00+00:00,0.001,0.0,1.0
KXBTC15M-26SEP012100-00,2026-09-02 01:01:00+00:00,1.0,0.0,1.0
KXBTC15M-26SEP012115-15,2026-09-02 01:01:00+00:00,0.61,0.6,0.4
KXBTC15M-26SEP012115-15,2026-09-02 01:02:00+00:00,0.55,0.54,0.45999999999999996
KXBTC15M-26SEP012115-15,2026-09-02 01:03:00+00:00,0.56,0.55,0.44999999999999996
KXBTC15M-26SEP012115-15,2026-09-02 01:04:00+00:00,0.58,0.57,0.43000000000000005
KXBTC15M-26SEP012115-15,2026-09-02 01:05:00+00:00,0.53,0.52,0.48
KXBTC15M-26SEP012115-15,2026-09-02 01:06:00+00:00,0.46,0.45,0.55
KXBTC15M-26SEP012115-15,2026-09-02 01:07:00+00:00,0.36,0.35,0.65
KXBTC15M-26SEP012115-15,2026-09-02 01:08:00+00:00,0.51,0.5,0.5
KXBTC15M-26SEP012115-15,2026-09-02 01:09:00+00:00,0.29,0.28,0.72
KXBTC15M-26SEP012115-15,2026-09-02 01:10:00+00:00,0.63,0.62,0.38
KXBTC15M-26SEP012115-15,2026-09-02 01:11:00+00:00,0.908,0.907,0.09299999999999997
KXBTC15M-26SEP012115-15,2026-09-02 01:12:00+00:00,0.82,0.81,0.18999999999999995
KXBTC15M-26SEP012115-15,2026-09-02 01:13:00+00:00,0.988,0.986,0.014000000000000012
KXBTC15M-26SEP012115-15,2026-09-02 01:14:00+00:00,0.995,0.994,0.006000000000000005
KXBTC15M-26SEP012115-15,2026-09-02 01:15:00+00:00,1.0,0.999,0.0010000000000000009
KXBTC15M-26SEP012115-15,2026-09-02 01:16:00+00:00,1.0,0.0,1.0
KXBTC15M-26SEP012130-30,2026-09-02 01:16:00+00:00,0.4,0.39,0.61
KXBTC15M-26SEP012130-30,2026-09-02 01:17:00+00:00,0.33,0.32,0.6799999999999999
KXBTC15M-26SEP012130-30,2026-09-02 01:18:00+00:00,0.4,0.39,0.61
KXBTC15M-26SEP012130-30,2026-09-02 01:19:00+00:00,0.48,0.47,0.53
KXBTC15M-26SEP012130-30,2026-09-02 01:20:00+00:00,0.45,0.44,0.56
KXBTC15M-26SEP012130-30,2026-09-02 01:21:00+00:00,0.33,0.32,0.6799999999999999
KXBTC15M-26SEP012130-30,2026-09-02 01:22:00+00:00,0.32,0.31,0.69
KXBTC15M-26SEP012130-30,2026-09-02 01:23:00+00:00,0.31,0.3,0.7
KXBTC15M-26SEP012130-30,2026-09-02 01:24:00+00:00,0.33,0.32,0.6799999999999999
KXBTC15M-26SEP012130-30,2026-09-02 01:25:00+00:00,0.54,0.53,0.47
KXBTC15M-26SEP012130-30,2026-09-02 01:26:00+00:00,0.16,0.15,0.85
KXBTC15M-26SEP012130-30,2026-09-02 01:27:00+00:00,0.058,0.057,0.943
KXBTC15M-26SEP012130-30,2026-09-02 01:28:00+00:00,0.009,0.007,0.993
KXBTC15M-26SEP012130-30,2026-09-02 01:29:00+00:00,0.001,0.0,1.0
KXBTC15M-26SEP012130-30,2026-09-02 01:30:00+00:00,0.001,0.0,1.0
KXBTC15M-26SEP012130-30,2026-09-02 01:31:00+00:00,1.0,0.0,1.0
KXBTC15M-26SEP012145-45,2026-09-02 01:31:00+00:00,0.43,0.42,0.5800000000000001
KXBTC15M-26SEP012145-45,2026-09-02 01:32:00+00:00,0.53,0.52,0.48
KXBTC15M-26SEP012145-45,2026-09-02 01:33:00+00:00,0.51,0.5,0.5
KXBTC15M-26SEP012145-45,2026-09-02 01:34:00+00:00,0.41,0.4,0.6
KXBTC15M-26SEP012145-45,2026-09-02 01:35:00+00:00,0.29,0.28,0.72
KXBTC15M-26SEP012145-45,2026-09-02 01:36:00+00:00,0.25,0.24,0.76
KXBTC15M-26SEP012145-45,2026-09-02 01:37:00+00:00,0.22,0.21,0.79
KXBTC15M-26SEP012145-45,2026-09-02 01:38:00+00:00,0.13,0.12,0.88
KXBTC15M-26SEP012145-45,2026-09-02 01:39:00+00:00,0.061,0.06,0.94
KXBTC15M-26SEP012145-45,2026-09-02 01:40:00+00:00,0.033,0.032,0.968
KXBTC15M-26SEP012145-45,2026-09-02 01:41:00+00:00,0.033,0.032,0.968
KXBTC15M-26SEP012145-45,2026-09-02 01:42:00+00:00,0.015,0.014,0.986
KXBTC15M-26SEP012145-45,2026-09-02 01:43:00+00:00,0.007,0.006,0.994
KXBTC15M-26SEP012145-45,2026-09-02 01:44:00+00:00,0.001,0.0,1.0
KXBTC15M-26SEP012145-45,2026-09-02 01:45:00+00:00,0.001,0.0,1.0
KXBTC15M-26SEP012145-45,2026-09-02 01:46:00+00:00,1.0,0.0,1.0
KXBTC15M-26SEP012200-00,2026-09-02 01:46:00+00:00,0.6,0.59,0.41000000000000003
KXBTC15M-26SEP012200-00,2026-09-02 01:47:00+00:00,0.64,0.63,0.37
KXBTC15M-26SEP012200-00,2026-09-02 01:48:00+00:00,0.44,0.43,0.5700000000000001
KXBTC15M-26SEP012200-00,2026-09-02 01:49:00+00:00,0.41,0.4,0.6
KXBTC15M-26SEP012200-00,2026-09-02 01:50:00+00:00,0.3,0.29,0.71
KXBTC15M-26SEP012200-00,2026-09-02 01:51:00+00:00,0.2,0.19,0.81
KXBTC15M-26SEP012200-00,2026-09-02 01:52:00+00:00,0.12,0.11,0.89
KXBTC15M-26SEP012200-00,2026-09-02 01:53:00+00:00,0.16,0.15,0.85
KXBTC15M-26SEP012200-00,2026-09-02 01:54:00+00:00,0.081,0.08,0.92
KXBTC15M-26SEP012200-00,2026-09-02 01:55:00+00:00,0.085,0.084,0.916
KXBTC15M-26SEP012200-00,2026-09-02 01:56:00+00:00,0.48,0.47,0.53
KXBTC15M-26SEP012200-00,2026-09-02 01:57:00+00:00,0.4,0.39,0.61
KXBTC15M-26SEP012200-00,2026-09-02 01:58:00+00:00,0.43,0.42,0.5800000000000001
KXBTC15M-26SEP012200-00,2026-09-02 01:59:00+00:00,0.952,0.951,0.049000000000000044
KXBTC15M-26SEP012200-00,2026-09-02 02:00:00+00:00,1.0,0.999,0.0010000000000000009
KXBTC15M-26SEP012200-00,2026-09-02 02:01:00+00:00,1.0,0.0,1.0
KXBTC15M-26SEP012215-15,2026-09-02 02:01:00+00:00,0.49,0.48,0.52
KXBTC15M-26SEP012215-15,2026-09-02 02:02:00+00:00,0.51,0.5,0.5
KXBTC15M-26SEP012215-15,2026-09-02 02:03:00+00:00,0.6,0.59,0.41000000000000003
KXBTC15M-26SEP012215-15,2026-09-02 02:04:00+00:00,0.47,0.46,0.54
KXBTC15M-26SEP012215-15,2026-09-02 02:05:00+00:00,0.47,0.46,0.54
KXBTC15M-26SEP012215-15,2026-09-02 02:06:00+00:00,0.41,0.4,0.6
KXBTC15M-26SEP012215-15,2026-09-02 02:07:00+00:00,0.83,0.82,0.18000000000000005
KXBTC15M-26SEP012215-15,2026-09-02 02:08:00+00:00,0.79,0.78,0.21999999999999997
KXBTC15M-26SEP012215-15,2026-09-02 02:09:00+00:00,0.76,0.75,0.25
KXBTC15M-26SEP012215-15,2026-09-02 02:10:00+00:00,0.76,0.75,0.25
KXBTC15M-26SEP012215-15,2026-09-02 02:11:00+00:00,0.78,0.77,0.22999999999999998
KXBTC15M-26SEP012215-15,2026-09-02 02:12:00+00:00,0.87,0.86,0.14
KXBTC15M-26SEP012215-15,2026-09-02 02:13:00+00:00,0.99,0.987,0.013000000000000012
KXBTC15M-26SEP012215-15,2026-09-02 02:14:00+00:00,1.0,0.999,0.0010000000000000009
KXBTC15M-26SEP012215-15,2026-09-02 02:15:00+00:00,1.0,0.999,0.0010000000000000009
KXBTC15M-26SEP012215-15,2026-09-02 02:16:00+00:00,1.0,0.0,1.0
KXBTC15M-26SEP012230-30,2026-09-02 02:16:00+00:00,0.58,0.57,0.43000000000000005
KXBTC15M-26SEP012230-30,2026-09-02 02:17:00+00:00,0.68,0.67,0.32999999999999996
KXBTC15M-26SEP012230-30,2026-09-02 02:18:00+00:00,0.68,0.67,0.32999999999999996
KXBTC15M-26SEP012230-30,2026-09-02 02:19:00+00:00,0.62,0.61,0.39
KXBTC15M-26SEP012230-30,2026-09-02 02:20:00+00:00,0.66,0.65,0.35
KXBTC15M-26SEP012230-30,2026-09-02 02:21:00+00:00,0.83,0.82,0.18000000000000005
KXBTC15M-26SEP012230-30,2026-09-02 02:22:00+00:00,0.84,0.83,0.17000000000000004
KXBTC15M-26SEP012230-30,2026-09-02 02:23:00+00:00,0.87,0.86,0.14
KXBTC15M-26SEP012230-30,2026-09-02 02:24:00+00:00,0.926,0.925,0.07499999999999996
KXBTC15M-26SEP012230-30,2026-09-02 02:25:00+00:00,0.953,0.952,0.04800000000000004
KXBTC15M-26SEP012230-30,2026-09-02 02:26:00+00:00,0.941,0.94,0.06000000000000005
KXBTC15M-26SEP012230-30,2026-09-02 02:27:00+00:00,0.971,0.97,0.030000000000000027
KXBTC15M-26SEP012230-30,2026-09-02 02:28:00+00:00,0.999,0.998,0.0020000000000000018
KXBTC15M-26SEP012230-30,2026-09-02 02:29:00+00:00,1.0,0.999,0.0010000000000000009
KXBTC15M-26SEP012230-30,2026-09-02 02:30:00+00:00,1.0,0.999,0.0010000000000000009
KXBTC15M-26SEP012230-30,2026-09-02 02:31:00+00:00,1.0,0.0,1.0
KXBTC15M-26SEP012245-45,2026-09-02 02:31:00+00:00,0.34,0.33,0.6699999999999999
KXBTC15M-26SEP012245-45,2026-09-02 02:32:00+00:00,0.47,0.46,0.54
KXBTC15M-26SEP012245-45,2026-09-02 02:33:00+00:00,0.4,0.39,0.61
KXBTC15M-26SEP012245-45,2026-09-02 02:34:00+00:00,0.4,0.39,0.61
KXBTC15M-26SEP012245-45,2026-09-02 02:35:00+00:00,0.41,0.4,0.6
KXBTC15M-26SEP012245-45,2026-09-02 02:36:00+00:00,0.36,0.35,0.65
KXBTC15M-26SEP012245-45,2026-09-02 02:37:00+00:00,0.33,0.32,0.6799999999999999
KXBTC15M-26SEP012245-45,2026-09-02 02:38:00+00:00,0.17,0.16,0.84
KXBTC15M-26SEP012245-45,2026-09-02 02:39:00+00:00,0.15,0.14,0.86
KXBTC15M-26SEP012245-45,2026-09-02 02:40:00+00:00,0.098,0.097,0.903
KXBTC15M-26SEP012245-45,2026-09-02 02:41:00+00:00,0.032,0.031,0.969
KXBTC15M-26SEP012245-45,2026-09-02 02:42:00+00:00,0.016,0.015,0.985
KXBTC15M-26SEP012245-45,2026-09-02 02:43:00+00:00,0.002,0.001,0.999
KXBTC15M-26SEP012245-45,2026-09-02 02:44:00+00:00,0.001,0.0,1.0
KXBTC15M-26SEP012245-45,2026-09-02 02:45:00+00:00,0.001,0.0,1.0
KXBTC15M-26SEP012245-45,2026-09-02 02:46:00+00:00,1.0,0.0,1.0
KXBTC15M-26SEP012300-00,2026-09-02 02:46:00+00:00,0.57,0.56,0.43999999999999995
KXBTC15M-26SEP012300-00,2026-09-02 02:47:00+00:00,0.48,0.47,0.53
KXBTC15M-26SEP012300-00,2026-09-02 02:48:00+00:00,0.62,0.61,0.39
KXBTC15M-26SEP012300-00,2026-09-02 02:49:00+00:00,0.66,0.65,0.35
KXBTC15M-26SEP012300-00,2026-09-02 02:50:00+00:00,0.66,0.65,0.35
KXBTC15M-26SEP012300-00,2026-09-02 02:51:00+00:00,0.66,0.65,0.35
KXBTC15M-26SEP012300-00,2026-09-02 02:52:00+00:00,0.81,0.8,0.19999999999999996
KXBTC15M-26SEP012300-00,2026-09-02 02:53:00+00:00,0.82,0.81,0.18999999999999995
KXBTC15M-26SEP012300-00,2026-09-02 02:54:00+00:00,0.86,0.85,0.15000000000000002
KXBTC15M-26SEP012300-00,2026-09-02 02:55:00+00:00,0.73,0.72,0.28
KXBTC15M-26SEP012300-00,2026-09-02 02:56:00+00:00,0.94,0.939,0.061000000000000054
KXBTC15M-26SEP012300-00,2026-09-02 02:57:00+00:00,0.953,0.952,0.04800000000000004
KXBTC15M-26SEP012300-00,2026-09-02 02:58:00+00:00,0.997,0.996,0.0040000000000000036
KXBTC15M-26SEP012300-00,2026-09-02 02:59:00+00:00,1.0,0.999,0.0010000000000000009
KXBTC15M-26SEP012300-00,2026-09-02 03:00:00+00:00,1.0,0.999,0.0010000000000000009
KXBTC15M-26SEP012300-00,2026-09-02 03:01:00+00:00,1.0,0.0,1.0
KXBTC15M-26SEP012315-15,2026-09-02 03:01:00+00:00,0.58,0.57,0.43000000000000005
KXBTC15M-26SEP012315-15,2026-09-02 03:02:00+00:00,0.78,0.77,0.22999999999999998
KXBTC15M-26SEP012315-15,2026-09-02 03:03:00+00:00,0.73,0.72,0.28
KXBTC15M-26SEP012315-15,2026-09-02 03:04:00+00:00,0.85,0.84,0.16000000000000003
KXBTC15M-26SEP012315-15,2026-09-02 03:05:00+00:00,0.9,0.89,0.10999999999999999
KXBTC15M-26SEP012315-15,2026-09-02 03:06:00+00:00,0.88,0.86,0.14
KXBTC15M-26SEP012315-15,2026-09-02 03:07:00+00:00,0.902,0.901,0.09899999999999998
KXBTC15M-26SEP012315-15,2026-09-02 03:08:00+00:00,0.915,0.913,0.08699999999999997
KXBTC15M-26SEP012315-15,2026-09-02 03:09:00+00:00,0.952,0.951,0.049000000000000044
KXBTC15M-26SEP012315-15,2026-09-02 03:10:00+00:00,0.944,0.943,0.05700000000000005
KXBTC15M-26SEP012315-15,2026-09-02 03:11:00+00:00,0.987,0.986,0.014000000000000012
KXBTC15M-26SEP012315-15,2026-09-02 03:12:00+00:00,0.993,0.992,0.008000000000000007
KXBTC15M-26SEP012315-15,2026-09-02 03:13:00+00:00,0.998,0.997,0.0030000000000000027
KXBTC15M-26SEP012315-15,2026-09-02 03:14:00+00:00,1.0,0.999,0.0010000000000000009
KXBTC15M-26SEP012315-15,2026-09-02 03:15:00+00:00,1.0,0.999,0.0010000000000000009
KXBTC15M-26SEP012315-15,2026-09-02 03:16:00+00:00,1.0,0.0,1.0
KXBTC15M-26SEP012330-30,2026-09-02 03:16:00+00:00,0.51,0.5,0.5
KXBTC15M-26SEP012330-30,2026-09-02 03:17:00+00:00,0.57,0.56,0.43999999999999995
KXBTC15M-26SEP012330-30,2026-09-02 03:18:00+00:00,0.78,0.77,0.22999999999999998
KXBTC15M-26SEP012330-30,2026-09-02 03:19:00+00:00,0.8,0.79,0.20999999999999996
KXBTC15M-26SEP012330-30,2026-09-02 03:20:00+00:00,0.72,0.71,0.29000000000000004
KXBTC15M-26SEP012330-30,2026-09-02 03:21:00+00:00,0.79,0.78,0.21999999999999997
KXBTC15M-26SEP012330-30,2026-09-02 03:22:00+00:00,0.71,0.7,0.30000000000000004
KXBTC15M-26SEP012330-30,2026-09-02 03:23:00+00:00,0.71,0.7,0.30000000000000004
KXBTC15M-26SEP012330-30,2026-09-02 03:24:00+00:00,0.76,0.75,0.25
KXBTC15M-26SEP012330-30,2026-09-02 03:25:00+00:00,0.81,0.8,0.19999999999999996
KXBTC15M-26SEP012330-30,2026-09-02 03:26:00+00:00,0.986,0.981,0.019000000000000017
KXBTC15M-26SEP012330-30,2026-09-02 03:27:00+00:00,0.995,0.994,0.006000000000000005
KXBTC15M-26SEP012330-30,2026-09-02 03:28:00+00:00,0.996,0.995,0.0050000000000000044
KXBTC15M-26SEP012330-30,2026-09-02 03:29:00+00:00,1.0,0.999,0.0010000000000000009
KXBTC15M-26SEP012330-30,2026-09-02 03:30:00+00:00,1.0,0.999,0.0010000000000000009
KXBTC15M-26SEP012330-30,2026-09-02 03:31:00+00:00,1.0,0.0,1.0
KXBTC15M-26SEP012345-45,2026-09-02 03:31:00+00:00,0.29,0.28,0.72
KXBTC15M-26SEP012345-45,2026-09-02 03:32:00+00:00,0.21,0.2,0.8
KXBTC15M-26SEP012345-45,2026-09-02 03:33:00+00:00,0.23,0.22,0.78
KXBTC15M-26SEP012345-45,2026-09-02 03:34:00+00:00,0.16,0.15,0.85
KXBTC15M-26SEP012345-45,2026-09-02 03:35:00+00:00,0.13,0.12,0.88
KXBTC15M-26SEP012345-45,2026-09-02 03:36:00+00:00,0.097,0.096,0.904
KXBTC15M-26SEP012345-45,2026-09-02 03:37:00+00:00,0.063,0.062,0.938
KXBTC15M-26SEP012345-45,2026-09-02 03:38:00+00:00,0.059,0.058,0.942
KXBTC15M-26SEP012345-45,2026-09-02 03:39:00+00:00,0.045,0.044,0.956
KXBTC15M-26SEP012345-45,2026-09-02 03:40:00+00:00,0.39,0.38,0.62
KXBTC15M-26SEP012345-45,2026-09-02 03:41:00+00:00,0.14,0.13,0.87
KXBTC15M-26SEP012345-45,2026-09-02 03:42:00+00:00,0.063,0.062,0.938
KXBTC15M-26SEP012345-45,2026-09-02 03:43:00+00:00,0.005,0.004,0.996
KXBTC15M-26SEP012345-45,2026-09-02 03:44:00+00:00,0.001,0.0,1.0
KXBTC15M-26SEP012345-45,2026-09-02 03:45:00+00:00,0.001,0.0,1.0
KXBTC15M-26SEP012345-45,2026-09-02 03:46:00+00:00,1.0,0.0,1.0
KXBTC15M-26SEP020000-00,2026-09-02 03:46:00+00:00,0.68,0.67,0.32999999999999996
KXBTC15M-26SEP020000-00,2026-09-02 03:47:00+00:00,0.72,0.71,0.29000000000000004
KXBTC15M-26SEP020000-00,2026-09-02 03:48:00+00:00,0.75,0.74,0.26
KXBTC15M-26SEP020000-00,2026-09-02 03:49:00+00:00,0.77,0.76,0.24
KXBTC15M-26SEP020000-00,2026-09-02 03:50:00+00:00,0.85,0.84,0.16000000000000003
KXBTC15M-26SEP020000-00,2026-09-02 03:51:00+00:00,0.77,0.76,0.24
KXBTC15M-26SEP020000-00,2026-09-02 03:52:00+00:00,0.66,0.65,0.35
KXBTC15M-26SEP020000-00,2026-09-02 03:53:00+00:00,0.74,0.73,0.27
KXBTC15M-26SEP020000-00,2026-09-02 03:54:00+00:00,0.81,0.8,0.19999999999999996
KXBTC15M-26SEP020000-00,2026-09-02 03:55:00+00:00,0.88,0.87,0.13
KXBTC15M-26SEP020000-00,2026-09-02 03:56:00+00:00,0.75,0.74,0.26
KXBTC15M-26SEP020000-00,2026-09-02 03:57:00+00:00,0.28,0.27,0.73
KXBTC15M-26SEP020000-00,2026-09-02 03:58:00+00:00,0.64,0.63,0.37
KXBTC15M-26SEP020000-00,2026-09-02 03:59:00+00:00,0.954,0.952,0.04800000000000004
KXBTC15M-26SEP020000-00,2026-09-02 04:00:00+00:00,1.0,0.999,0.0010000000000000009
KXBTC15M-26SEP020000-00,2026-09-02 04:01:00+00:00,1.0,0.0,1.0
KXBTC15M-26SEP020015-15,2026-09-02 04:01:00+00:00,0.37,0.36,0.64
KXBTC15M-26SEP020015-15,2026-09-02 04:02:00+00:00,0.31,0.3,0.7
KXBTC15M-26SEP020015-15,2026-09-02 04:03:00+00:00,0.26,0.25,0.75
KXBTC15M-26SEP020015-15,2026-09-02 04:04:00+00:00,0.33,0.32,0.6799999999999999
KXBTC15M-26SEP020015-15,2026-09-02 04:05:00+00:00,0.27,0.26,0.74
KXBTC15M-26SEP020015-15,2026-09-02 04:06:00+00:00,0.14,0.13,0.87
KXBTC15M-26SEP020015-15,2026-09-02 04:07:00+00:00,0.13,0.12,0.88
KXBTC15M-26SEP020015-15,2026-09-02 04:08:00+00:00,0.056,0.055,0.945
KXBTC15M-26SEP020015-15,2026-09-02 04:09:00+00:00,0.051,0.05,0.95
KXBTC15M-26SEP020015-15,2026-09-02 04:10:00+00:00,0.015,0.014,0.986
KXBTC15M-26SEP020015-15,2026-09-02 04:11:00+00:00,0.01,0.009,0.991
KXBTC15M-26SEP020015-15,2026-09-02 04:12:00+00:00,0.007,0.006,0.994
KXBTC15M-26SEP020015-15,2026-09-02 04:13:00+00:00,0.002,0.001,0.999
KXBTC15M-26SEP020015-15,2026-09-02 04:14:00+00:00,0.001,0.0,1.0
KXBTC15M-26SEP020015-15,2026-09-02 04:15:00+00:00,0.001,0.0,1.0
KXBTC15M-26SEP020015-15,2026-09-02 04:16:00+00:00,1.0,0.0,1.0
KXBTC15M-26SEP020030-30,2026-09-02 04:16:00+00:00,0.51,0.5,0.5
KXBTC15M-26SEP020030-30,2026-09-02 04:17:00+00:00,0.21,0.2,0.8
KXBTC15M-26SEP020030-30,2026-09-02 04:18:00+00:00,0.26,0.25,0.75
KXBTC15M-26SEP020030-30,2026-09-02 04:19:00+00:00,0.5,0.49,0.51
KXBTC15M-26SEP020030-30,2026-09-02 04:20:00+00:00,0.57,0.56,0.43999999999999995
KXBTC15M-26SEP020030-30,2026-09-02 04:21:00+00:00,0.6,0.59,0.41000000000000003
KXBTC15M-26SEP020030-30,2026-09-02 04:22:00+00:00,0.64,0.63,0.37
KXBTC15M-26SEP020030-30,2026-09-02 04:23:00+00:00,0.42,0.41,0.5900000000000001
KXBTC15M-26SEP020030-30,2026-09-02 04:24:00+00:00,0.55,0.54,0.45999999999999996
KXBTC15M-26SEP020030-30,2026-09-02 04:25:00+00:00,0.74,0.73,0.27
KXBTC15M-26SEP020030-30,2026-09-02 04:26:00+00:00,0.62,0.61,0.39
KXBTC15M-26SEP020030-30,2026-09-02 04:27:00+00:00,0.84,0.83,0.17000000000000004
KXBTC15M-26SEP020030-30,2026-09-02 04:28:00+00:00,0.948,0.947,0.05300000000000005
KXBTC15M-26SEP020030-30,2026-09-02 04:29:00+00:00,0.999,0.998,0.0020000000000000018
KXBTC15M-26SEP020030-30,2026-09-02 04:30:00+00:00,1.0,0.999,0.0010000000000000009
KXBTC15M-26SEP020030-30,2026-09-02 04:31:00+00:00,1.0,0.0,1.0
KXBTC15M-26SEP020045-45,2026-09-02 04:31:00+00:00,0.66,0.65,0.35
KXBTC15M-26SEP020045-45,2026-09-02 04:32:00+00:00,0.74,0.73,0.27
KXBTC15M-26SEP020045-45,2026-09-02 04:33:00+00:00,0.79,0.78,0.21999999999999997
KXBTC15M-26SEP020045-45,2026-09-02 04:34:00+00:00,0.7,0.69,0.31000000000000005
KXBTC15M-26SEP020045-45,2026-09-02 04:35:00+00:00,0.85,0.84,0.16000000000000003
KXBTC15M-26SEP020045-45,2026-09-02 04:36:00+00:00,0.78,0.77,0.22999999999999998
KXBTC15M-26SEP020045-45,2026-09-02 04:37:00+00:00,0.79,0.78,0.21999999999999997
KXBTC15M-26SEP020045-45,2026-09-02 04:38:00+00:00,0.87,0.86,0.14
KXBTC15M-26SEP020045-45,2026-09-02 04:39:00+00:00,0.912,0.911,0.08899999999999997
KXBTC15M-26SEP020045-45,2026-09-02 04:40:00+00:00,0.969,0.968,0.03200000000000003
KXBTC15M-26SEP020045-45,2026-09-02 04:41:00+00:00,0.971,0.97,0.030000000000000027
KXBTC15M-26SEP020045-45,2026-09-02 04:42:00+00:00,0.979,0.978,0.02200000000000002
KXBTC15M-26SEP020045-45,2026-09-02 04:43:00+00:00,1.0,0.999,0.0010000000000000009
KXBTC15M-26SEP020045-45,2026-09-02 04:44:00+00:00,1.0,0.999,0.0010000000000000009
KXBTC15M-26SEP020045-45,2026-09-02 04:45:00+00:00,1.0,0.999,0.0010000000000000009
KXBTC15M-26SEP020045-45,2026-09-02 04:46:00+00:00,1.0,0.0,1.0
KXBTC15M-26SEP020100-00,2026-09-02 04:46:00+00:00,0.62,0.61,0.39
KXBTC15M-26SEP020100-00,2026-09-02 04:47:00+00:00,0.6,0.59,0.41000000000000003
KXBTC15M-26SEP020100-00,2026-09-02 04:48:00+00:00,0.51,0.5,0.5
KXBTC15M-26SEP020100-00,2026-09-02 04:49:00+00:00,0.56,0.55,0.44999999999999996
KXBTC15M-26SEP020100-00,2026-09-02 04:50:00+00:00,0.56,0.55,0.44999999999999996
KXBTC15M-26SEP020100-00,2026-09-02 04:51:00+00:00,0.47,0.46,0.54
KXBTC15M-26SEP020100-00,2026-09-02 04:52:00+00:00,0.49,0.48,0.52
KXBTC15M-26SEP020100-00,2026-09-02 04:53:00+00:00,0.47,0.46,0.54
KXBTC15M-26SEP020100-00,2026-09-02 04:54:00+00:00,0.47,0.46,0.54
KXBTC15M-26SEP020100-00,2026-09-02 04:55:00+00:00,0.2,0.19,0.81
KXBTC15M-26SEP020100-00,2026-09-02 04:56:00+00:00,0.12,0.11,0.89
KXBTC15M-26SEP020100-00,2026-09-02 04:57:00+00:00,0.24,0.23,0.77
KXBTC15M-26SEP020100-00,2026-09-02 04:58:00+00:00,0.16,0.15,0.85
KXBTC15M-26SEP020100-00,2026-09-02 04:59:00+00:00,0.047,0.046,0.954
KXBTC15M-26SEP020100-00,2026-09-02 05:00:00+00:00,0.001,0.0,1.0
KXBTC15M-26SEP020100-00,2026-09-02 05:01:00+00:00,1.0,0.0,1.0
KXBTC15M-26SEP020115-15,2026-09-02 05:01:00+00:00,0.41,0.39,0.61
KXBTC15M-26SEP020115-15,2026-09-02 05:02:00+00:00,0.23,0.22,0.78
KXBTC15M-26SEP020115-15,2026-09-02 05:03:00+00:00,0.18,0.17,0.83
KXBTC15M-26SEP020115-15,2026-09-02 05:04:00+00:00,0.3,0.29,0.71
KXBTC15M-26SEP020115-15,2026-09-02 05:05:00+00:00,0.23,0.22,0.78
KXBTC15M-26SEP020115-15,2026-09-02 05:06:00+00:00,0.16,0.15,0.85
KXBTC15M-26SEP020115-15,2026-09-02 05:07:00+00:00,0.081,0.08,0.92
KXBTC15M-26SEP020115-15,2026-09-02 05:08:00+00:00,0.066,0.063,0.937
KXBTC15M-26SEP020115-15,2026-09-02 05:09:00+00:00,0.11,0.1,0.9
KXBTC15M-26SEP020115-15,2026-09-02 05:10:00+00:00,0.083,0.082,0.918
KXBTC15M-26SEP020115-15,2026-09-02 05:11:00+00:00,0.09,0.089,0.911
KXBTC15M-26SEP020115-15,2026-09-02 05:12:00+00:00,0.35,0.34,0.6599999999999999
KXBTC15M-26SEP020115-15,2026-09-02 05:13:00+00:00,0.19,0.18,0.8200000000000001
KXBTC15M-26SEP020115-15,2026-09-02 05:14:00+00:00,0.979,0.977,0.02300000000000002
KXBTC15M-26SEP020115-15,2026-09-02 05:15:00+00:00,1.0,0.999,0.0010000000000000009
KXBTC15M-26SEP020115-15,2026-09-02 05:16:00+00:00,1.0,0.0,1.0
KXBTC15M-26SEP020130-30,2026-09-02 05:16:00+00:00,0.65,0.64,0.36
KXBTC15M-26SEP020130-30,2026-09-02 05:17:00+00:00,0.81,0.8,0.19999999999999996
KXBTC15M-26SEP020130-30,2026-09-02 05:18:00+00:00,0.75,0.74,0.26
KXBTC15M-26SEP020130-30,2026-09-02 05:19:00+00:00,0.62,0.61,0.39
KXBTC15M-26SEP020130-30,2026-09-02 05:20:00+00:00,0.75,0.74,0.26
KXBTC15M-26SEP020130-30,2026-09-02 05:21:00+00:00,0.84,0.83,0.17000000000000004
KXBTC15M-26SEP020130-30,2026-09-02 05:22:00+00:00,0.79,0.78,0.21999999999999997
KXBTC15M-26SEP020130-30,2026-09-02 05:23:00+00:00,0.87,0.86,0.14
KXBTC15M-26SEP020130-30,2026-09-02 05:24:00+00:00,0.924,0.923,0.07699999999999996
KXBTC15M-26SEP020130-30,2026-09-02 05:25:00+00:00,0.966,0.965,0.03500000000000003
KXBTC15M-26SEP020130-30,2026-09-02 05:26:00+00:00,0.944,0.943,0.05700000000000005
KXBTC15M-26SEP020130-30,2026-09-02 05:27:00+00:00,0.967,0.965,0.03500000000000003
KXBTC15M-26SEP020130-30,2026-09-02 05:28:00+00:00,0.996,0.995,0.0050000000000000044
KXBTC15M-26SEP020130-30,2026-09-02 05:29:00+00:00,1.0,0.999,0.0010000000000000009
KXBTC15M-26SEP020130-30,2026-09-02 05:30:00+00:00,1.0,0.999,0.0010000000000000009
KXBTC15M-26SEP020130-30,2026-09-02 05:31:00+00:00,1.0,0.0,1.0
KXBTC15M-26SEP020145-45,2026-09-02 05:31:00+00:00,0.35,0.34,0.6599999999999999
KXBTC15M-26SEP020145-45,2026-09-02 05:32:00+00:00,0.31,0.3,0.7
KXBTC15M-26SEP020145-45,2026-09-02 05:33:00+00:00,0.33,0.32,0.6799999999999999
KXBTC15M-26SEP020145-45,2026-09-02 05:34:00+00:00,0.25,0.24,0.76
KXBTC15M-26SEP020145-45,2026-09-02 05:35:00+00:00,0.2,0.19,0.81
KXBTC15M-26SEP020145-45,2026-09-02 05:36:00+00:00,0.23,0.22,0.78
KXBTC15M-26SEP020145-45,2026-09-02 05:37:00+00:00,0.21,0.2,0.8
KXBTC15M-26SEP020145-45,2026-09-02 05:38:00+00:00,0.14,0.13,0.87
KXBTC15M-26SEP020145-45,2026-09-02 05:39:00+00:00,0.13,0.12,0.88
KXBTC15M-26SEP020145-45,2026-09-02 05:40:00+00:00,0.12,0.11,0.89
KXBTC15M-26SEP020145-45,2026-09-02 05:41:00+00:00,0.1,0.099,0.901
KXBTC15M-26SEP020145-45,2026-09-02 05:42:00+00:00,0.16,0.15,0.85
KXBTC15M-26SEP020145-45,2026-09-02 05:43:00+00:00,0.13,0.12,0.88
KXBTC15M-26SEP020145-45,2026-09-02 05:44:00+00:00,0.014,0.013,0.987
KXBTC15M-26SEP020145-45,2026-09-02 05:45:00+00:00,0.001,0.0,1.0
KXBTC15M-26SEP020145-45,2026-09-02 05:46:00+00:00,1.0,0.0,1.0
KXBTC15M-26SEP020200-00,2026-09-02 05:46:00+00:00,0.58,0.57,0.43000000000000005
KXBTC15M-26SEP020200-00,2026-09-02 05:47:00+00:00,0.68,0.67,0.32999999999999996
KXBTC15M-26SEP020200-00,2026-09-02 05:48:00+00:00,0.72,0.71,0.29000000000000004
KXBTC15M-26SEP020200-00,2026-09-02 05:49:00+00:00,0.73,0.72,0.28
KXBTC15M-26SEP020200-00,2026-09-02 05:50:00+00:00,0.76,0.75,0.25
KXBTC15M-26SEP020200-00,2026-09-02 05:51:00+00:00,0.6,0.59,0.41000000000000003
KXBTC15M-26SEP020200-00,2026-09-02 05:52:00+00:00,0.6,0.59,0.41000000000000003
KXBTC15M-26SEP020200-00,2026-09-02 05:53:00+00:00,0.69,0.68,0.31999999999999995
KXBTC15M-26SEP020200-00,2026-09-02 05:54:00+00:00,0.67,0.66,0.33999999999999997
KXBTC15M-26SEP020200-00,2026-09-02 05:55:00+00:00,0.62,0.61,0.39
KXBTC15M-26SEP020200-00,2026-09-02 05:56:00+00:00,0.35,0.34,0.6599999999999999
KXBTC15M-26SEP020200-00,2026-09-02 05:57:00+00:00,0.12,0.11,0.89
KXBTC15M-26SEP020200-00,2026-09-02 05:58:00+00:00,0.026,0.025,0.975
KXBTC15M-26SEP020200-00,2026-09-02 05:59:00+00:00,0.033,0.032,0.968
KXBTC15M-26SEP020200-00,2026-09-02 06:00:00+00:00,0.001,0.0,1.0
KXBTC15M-26SEP020200-00,2026-09-02 06:01:00+00:00,1.0,0.0,1.0
KXBTC15M-26SEP020215-15,2026-09-02 06:01:00+00:00,0.58,0.57,0.43000000000000005
KXBTC15M-26SEP020215-15,2026-09-02 06:02:00+00:00,0.7,0.69,0.31000000000000005
KXBTC15M-26SEP020215-15,2026-09-02 06:03:00+00:00,0.62,0.61,0.39
KXBTC15M-26SEP020215-15,2026-09-02 06:04:00+00:00,0.58,0.57,0.43000000000000005
KXBTC15M-26SEP020215-15,2026-09-02 06:05:00+00:00,0.66,0.65,0.35
KXBTC15M-26SEP020215-15,2026-09-02 06:06:00+00:00,0.73,0.72,0.28
KXBTC15M-26SEP020215-15,2026-09-02 06:07:00+00:00,0.62,0.61,0.39
KXBTC15M-26SEP020215-15,2026-09-02 06:08:00+00:00,0.78,0.77,0.22999999999999998
KXBTC15M-26SEP020215-15,2026-09-02 06:09:00+00:00,0.77,0.76,0.24
KXBTC15M-26SEP020215-15,2026-09-02 06:10:00+00:00,0.81,0.8,0.19999999999999996
KXBTC15M-26SEP020215-15,2026-09-02 06:11:00+00:00,0.85,0.84,0.16000000000000003
KXBTC15M-26SEP020215-15,2026-09-02 06:12:00+00:00,0.918,0.917,0.08299999999999996
KXBTC15M-26SEP020215-15,2026-09-02 06:13:00+00:00,0.957,0.956,0.04400000000000004
KXBTC15M-26SEP020215-15,2026-09-02 06:14:00+00:00,0.064,0.063,0.937
KXBTC15M-26SEP020215-15,2026-09-02 06:15:00+00:00,0.001,0.0,1.0
KXBTC15M-26SEP020215-15,2026-09-02 06:16:00+00:00,1.0,0.0,1.0
KXBTC15M-26SEP020230-30,2026-09-02 06:16:00+00:00,0.63,0.62,0.38
KXBTC15M-26SEP020230-30,2026-09-02 06:17:00+00:00,0.71,0.7,0.30000000000000004
KXBTC15M-26SEP020230-30,2026-09-02 06:18:00+00:00,0.66,0.65,0.35
KXBTC15M-26SEP020230-30,2026-09-02 06:19:00+00:00,0.68,0.67,0.32999999999999996
KXBTC15M-26SEP020230-30,2026-09-02 06:20:00+00:00,0.53,0.52,0.48
KXBTC15M-26SEP020230-30,2026-09-02 06:21:00+00:00,0.61,0.6,0.4
KXBTC15M-26SEP020230-30,2026-09-02 06:22:00+00:00,0.58,0.57,0.43000000000000005
KXBTC15M-26SEP020230-30,2026-09-02 06:23:00+00:00,0.46,0.45,0.55
KXBTC15M-26SEP020230-30,2026-09-02 06:24:00+00:00,0.49,0.48,0.52
KXBTC15M-26SEP020230-30,2026-09-02 06:25:00+00:00,0.59,0.58,0.42000000000000004
KXBTC15M-26SEP020230-30,2026-09-02 06:26:00+00:00,0.85,0.84,0.16000000000000003
KXBTC15M-26SEP020230-30,2026-09-02 06:27:00+00:00,0.87,0.86,0.14
KXBTC15M-26SEP020230-30,2026-09-02 06:28:00+00:00,0.66,0.65,0.35
KXBTC15M-26SEP020230-30,2026-09-02 06:29:00+00:00,0.9,0.89,0.10999999999999999
KXBTC15M-26SEP020230-30,2026-09-02 06:30:00+00:00,0.001,0.0,1.0
KXBTC15M-26SEP020230-30,2026-09-02 06:31:00+00:00,1.0,0.0,1.0
KXBTC15M-26SEP020245-45,2026-09-02 06:31:00+00:00,0.38,0.37,0.63
KXBTC15M-26SEP020245-45,2026-09-02 06:32:00+00:00,0.33,0.32,0.6799999999999999
KXBTC15M-26SEP020245-45,2026-09-02 06:33:00+00:00,0.29,0.28,0.72
KXBTC15M-26SEP020245-45,2026-09-02 06:34:00+00:00,0.26,0.25,0.75
KXBTC15M-26SEP020245-45,2026-09-02 06:35:00+00:00,0.4,0.39,0.61
KXBTC15M-26SEP020245-45,2026-09-02 06:36:00+00:00,0.37,0.36,0.64
KXBTC15M-26SEP020245-45,2026-09-02 06:37:00+00:00,0.36,0.35,0.65
KXBTC15M-26SEP020245-45,2026-09-02 06:38:00+00:00,0.26,0.25,0.75
KXBTC15M-26SEP020245-45,2026-09-02 06:39:00+00:00,0.25,0.24,0.76
KXBTC15M-26SEP020245-45,2026-09-02 06:40:00+00:00,0.37,0.36,0.64
KXBTC15M-26SEP020245-45,2026-09-02 06:41:00+00:00,0.908,0.907,0.09299999999999997
KXBTC15M-26SEP020245-45,2026-09-02 06:42:00+00:00,0.88,0.87,0.13
KXBTC15M-26SEP020245-45,2026-09-02 06:43:00+00:00,0.945,0.944,0.05600000000000005
KXBTC15M-26SEP020245-45,2026-09-02 06:44:00+00:00,0.998,0.997,0.0030000000000000027
KXBTC15M-26SEP020245-45,2026-09-02 06:45:00+00:00,1.0,0.999,0.0010000000000000009
KXBTC15M-26SEP020245-45,2026-09-02 06:46:00+00:00,1.0,0.0,1.0
KXBTC15M-26SEP020300-00,2026-09-02 06:46:00+00:00,0.46,0.45,0.55
KXBTC15M-26SEP020300-00,2026-09-02 06:47:00+00:00,0.37,0.36,0.64
KXBTC15M-26SEP020300-00,2026-09-02 06:48:00+00:00,0.41,0.4,0.6
KXBTC15M-26SEP020300-00,2026-09-02 06:49:00+00:00,0.51,0.5,0.5
KXBTC15M-26SEP020300-00,2026-09-02 06:50:00+00:00,0.4,0.39,0.61
KXBTC15M-26SEP020300-00,2026-09-02 06:51:00+00:00,0.38,0.37,0.63
KXBTC15M-26SEP020300-00,2026-09-02 06:52:00+00:00,0.27,0.26,0.74
KXBTC15M-26SEP020300-00,2026-09-02 06:53:00+00:00,0.17,0.16,0.84
KXBTC15M-26SEP020300-00,2026-09-02 06:54:00+00:00,0.15,0.14,0.86
KXBTC15M-26SEP020300-00,2026-09-02 06:55:00+00:00,0.12,0.11,0.89
KXBTC15M-26SEP020300-00,2026-09-02 06:56:00+00:00,0.066,0.064,0.9359999999999999
KXBTC15M-26SEP020300-00,2026-09-02 06:57:00+00:00,0.2,0.19,0.81
KXBTC15M-26SEP020300-00,2026-09-02 06:58:00+00:00,0.13,0.12,0.88
KXBTC15M-26SEP020300-00,2026-09-02 06:59:00+00:00,0.12,0.11,0.89
KXBTC15M-26SEP020300-00,2026-09-02 07:00:00+00:00,0.001,0.0,1.0
KXBTC15M-26SEP020300-00,2026-09-02 07:01:00+00:00,1.0,0.0,1.0
KXBTC15M-26SEP020315-15,2026-09-02 07:01:00+00:00,0.66,0.65,0.35
KXBTC15M-26SEP020315-15,2026-09-02 07:02:00+00:00,0.64,0.63,0.37
KXBTC15M-26SEP020315-15,2026-09-02 07:03:00+00:00,0.61,0.6,0.4
KXBTC15M-26SEP020315-15,2026-09-02 07:04:00+00:00,0.72,0.71,0.29000000000000004
KXBTC15M-26SEP020315-15,2026-09-02 07:05:00+00:00,0.62,0.61,0.39
KXBTC15M-26SEP020315-15,2026-09-02 07:06:00+00:00,0.62,0.61,0.39
KXBTC15M-26SEP020315-15,2026-09-02 07:07:00+00:00,0.56,0.55,0.44999999999999996
KXBTC15M-26SEP020315-15,2026-09-02 07:08:00+00:00,0.57,0.56,0.43999999999999995
KXBTC15M-26SEP020315-15,2026-09-02 07:09:00+00:00,0.64,0.63,0.37
KXBTC15M-26SEP020315-15,2026-09-02 07:10:00+00:00,0.85,0.84,0.16000000000000003
KXBTC15M-26SEP020315-15,2026-09-02 07:11:00+00:00,0.918,0.917,0.08299999999999996
KXBTC15M-26SEP020315-15,2026-09-02 07:12:00+00:00,0.956,0.955,0.04500000000000004
KXBTC15M-26SEP020315-15,2026-09-02 07:13:00+00:00,0.986,0.985,0.015000000000000013
KXBTC15M-26SEP020315-15,2026-09-02 07:14:00+00:00,0.999,0.998,0.0020000000000000018
KXBTC15M-26SEP020315-15,2026-09-02 07:15:00+00:00,1.0,0.999,0.0010000000000000009
KXBTC15M-26SEP020315-15,2026-09-02 07:16:00+00:00,1.0,0.0,1.0
KXBTC15M-26SEP020330-30,2026-09-02 07:16:00+00:00,0.36,0.35,0.65
KXBTC15M-26SEP020330-30,2026-09-02 07:17:00+00:00,0.35,0.34,0.6599999999999999
KXBTC15M-26SEP020330-30,2026-09-02 07:18:00+00:00,0.25,0.24,0.76
KXBTC15M-26SEP020330-30,2026-09-02 07:19:00+00:00,0.25,0.24,0.76
KXBTC15M-26SEP020330-30,2026-09-02 07:20:00+00:00,0.3,0.29,0.71
KXBTC15M-26SEP020330-30,2026-09-02 07:21:00+00:00,0.33,0.32,0.6799999999999999
KXBTC15M-26SEP020330-30,2026-09-02 07:22:00+00:00,0.48,0.47,0.53
KXBTC15M-26SEP020330-30,2026-09-02 07:23:00+00:00,0.29,0.28,0.72
KXBTC15M-26SEP020330-30,2026-09-02 07:24:00+00:00,0.22,0.21,0.79
KXBTC15M-26SEP020330-30,2026-09-02 07:25:00+00:00,0.17,0.16,0.84
KXBTC15M-26SEP020330-30,2026-09-02 07:26:00+00:00,0.063,0.062,0.938
KXBTC15M-26SEP020330-30,2026-09-02 07:27:00+00:00,0.081,0.08,0.92
KXBTC15M-26SEP020330-30,2026-09-02 07:28:00+00:00,0.046,0.045,0.955
KXBTC15M-26SEP020330-30,2026-09-02 07:29:00+00:00,0.007,0.006,0.994
KXBTC15M-26SEP020330-30,2026-09-02 07:30:00+00:00,0.001,0.0,1.0
KXBTC15M-26SEP020330-30,2026-09-02 07:31:00+00:00,1.0,0.0,1.0
KXBTC15M-26SEP020345-45,2026-09-02 07:31:00+00:00,0.52,0.51,0.49
KXBTC15M-26SEP020345-45,2026-09-02 07:32:00+00:00,0.64,0.63,0.37
KXBTC15M-26SEP020345-45,2026-09-02 07:33:00+00:00,0.61,0.6,0.4
KXBTC15M-26SEP020345-45,2026-09-02 07:34:00+00:00,0.4,0.39,0.61
KXBTC15M-26SEP020345-45,2026-09-02 07:35:00+00:00,0.45,0.44,0.56
KXBTC15M-26SEP020345-45,2026-09-02 07:36:00+00:00,0.41,0.4,0.6
KXBTC15M-26SEP020345-45,2026-09-02 07:37:00+00:00,0.32,0.31,0.69
KXBTC15M-26SEP020345-45,2026-09-02 07:38:00+00:00,0.53,0.52,0.48
KXBTC15M-26SEP020345-45,2026-09-02 07:39:00+00:00,0.45,0.44,0.56
KXBTC15M-26SEP020345-45,2026-09-02 07:40:00+00:00,0.4,0.39,0.61
KXBTC15M-26SEP020345-45,2026-09-02 07:41:00+00:00,0.73,0.72,0.28
KXBTC15M-26SEP020345-45,2026-09-02 07:42:00+00:00,0.84,0.83,0.17000000000000004
KXBTC15M-26SEP020345-45,2026-09-02 07:43:00+00:00,0.901,0.9,0.09999999999999998
KXBTC15M-26SEP020345-45,2026-09-02 07:44:00+00:00,0.33,0.32,0.6799999999999999
KXBTC15M-26SEP020345-45,2026-09-02 07:45:00+00:00,0.001,0.0,1.0
KXBTC15M-26SEP020345-45,2026-09-02 07:46:00+00:00,1.0,0.0,1.0
KXBTC15M-26SEP020400-00,2026-09-02 07:46:00+00:00,0.4,0.39,0.61
KXBTC15M-26SEP020400-00,2026-09-02 07:47:00+00:00,0.48,0.47,0.53
KXBTC15M-26SEP020400-00,2026-09-02 07:48:00+00:00,0.51,0.5,0.5
KXBTC15M-26SEP020400-00,2026-09-02 07:49:00+00:00,0.43,0.42,0.5800000000000001
KXBTC15M-26SEP020400-00,2026-09-02 07:50:00+00:00,0.38,0.37,0.63
KXBTC15M-26SEP020400-00,2026-09-02 07:51:00+00:00,0.41,0.4,0.6
KXBTC15M-26SEP020400-00,2026-09-02 07:52:00+00:00,0.48,0.47,0.53
KXBTC15M-26SEP020400-00,2026-09-02 07:53:00+00:00,0.22,0.21,0.79
KXBTC15M-26SEP020400-00,2026-09-02 07:54:00+00:00,0.2,0.19,0.81
KXBTC15M-26SEP020400-00,2026-09-02 07:55:00+00:00,0.12,0.11,0.89
KXBTC15M-26SEP020400-00,2026-09-02 07:56:00+00:00,0.16,0.15,0.85
KXBTC15M-26SEP020400-00,2026-09-02 07:57:00+00:00,0.077,0.076,0.924
KXBTC15M-26SEP020400-00,2026-09-02 07:58:00+00:00,0.018,0.017,0.983
KXBTC15M-26SEP020400-00,2026-09-02 07:59:00+00:00,0.002,0.001,0.999
KXBTC15M-26SEP020400-00,2026-09-02 08:00:00+00:00,0.001,0.0,1.0
KXBTC15M-26SEP020400-00,2026-09-02 08:01:00+00:00,1.0,0.0,1.0
KXBTC15M-26SEP020415-15,2026-09-02 08:01:00+00:00,0.59,0.58,0.42000000000000004
KXBTC15M-26SEP020415-15,2026-09-02 08:02:00+00:00,0.34,0.33,0.6699999999999999
KXBTC15M-26SEP020415-15,2026-09-02 08:03:00+00:00,0.22,0.21,0.79
KXBTC15M-26SEP020415-15,2026-09-02 08:04:00+00:00,0.41,0.4,0.6
KXBTC15M-26SEP020415-15,2026-09-02 08:05:00+00:00,0.55,0.54,0.45999999999999996
KXBTC15M-26SEP020415-15,2026-09-02 08:06:00+00:00,0.61,0.6,0.4
KXBTC15M-26SEP020415-15,2026-09-02 08:07:00+00:00,0.7,0.69,0.31000000000000005
KXBTC15M-26SEP020415-15,2026-09-02 08:08:00+00:00,0.81,0.8,0.19999999999999996
KXBTC15M-26SEP020415-15,2026-09-02 08:09:00+00:00,0.7,0.69,0.31000000000000005
KXBTC15M-26SEP020415-15,2026-09-02 08:10:00+00:00,0.8,0.79,0.20999999999999996
KXBTC15M-26SEP020415-15,2026-09-02 08:11:00+00:00,0.74,0.73,0.27
KXBTC15M-26SEP020415-15,2026-09-02 08:12:00+00:00,0.13,0.12,0.88
KXBTC15M-26SEP020415-15,2026-09-02 08:13:00+00:00,0.087,0.086,0.914
KXBTC15M-26SEP020415-15,2026-09-02 08:14:00+00:00,0.075,0.074,0.926
KXBTC15M-26SEP020415-15,2026-09-02 08:15:00+00:00,0.001,0.0,1.0
KXBTC15M-26SEP020415-15,2026-09-02 08:16:00+00:00,1.0,0.0,1.0
KXBTC15M-26SEP020430-30,2026-09-02 08:16:00+00:00,0.59,0.58,0.42000000000000004
KXBTC15M-26SEP020430-30,2026-09-02 08:17:00+00:00,0.68,0.67,0.32999999999999996
KXBTC15M-26SEP020430-30,2026-09-02 08:18:00+00:00,0.51,0.5,0.5
KXBTC15M-26SEP020430-30,2026-09-02 08:19:00+00:00,0.44,0.43,0.5700000000000001
KXBTC15M-26SEP020430-30,2026-09-02 08:20:00+00:00,0.27,0.26,0.74
KXBTC15M-26SEP020430-30,2026-09-02 08:21:00+00:00,0.23,0.22,0.78
KXBTC15M-26SEP020430-30,2026-09-02 08:22:00+00:00,0.15,0.14,0.86
KXBTC15M-26SEP020430-30,2026-09-02 08:23:00+00:00,0.12,0.11,0.89
KXBTC15M-26SEP020430-30,2026-09-02 08:24:00+00:00,0.12,0.11,0.89
KXBTC15M-26SEP020430-30,2026-09-02 08:25:00+00:00,0.094,0.093,0.907
KXBTC15M-26SEP020430-30,2026-09-02 08:26:00+00:00,0.079,0.078,0.922
KXBTC15M-26SEP020430-30,2026-09-02 08:27:00+00:00,0.027,0.026,0.974
KXBTC15M-26SEP020430-30,2026-09-02 08:28:00+00:00,0.024,0.023,0.977
KXBTC15M-26SEP020430-30,2026-09-02 08:29:00+00:00,0.003,0.001,0.999
KXBTC15M-26SEP020430-30,2026-09-02 08:30:00+00:00,0.001,0.0,1.0
KXBTC15M-26SEP020430-30,2026-09-02 08:31:00+00:00,1.0,0.0,1.0
KXBTC15M-26SEP020445-45,2026-09-02 08:31:00+00:00,0.29,0.28,0.72
KXBTC15M-26SEP020445-45,2026-09-02 08:32:00+00:00,0.27,0.26,0.74
KXBTC15M-26SEP020445-45,2026-09-02 08:33:00+00:00,0.2,0.19,0.81
KXBTC15M-26SEP020445-45,2026-09-02 08:34:00+00:00,0.19,0.18,0.8200000000000001
KXBTC15M-26SEP020445-45,2026-09-02 08:35:00+00:00,0.16,0.15,0.85
KXBTC15M-26SEP020445-45,2026-09-02 08:36:00+00:00,0.14,0.13,0.87
KXBTC15M-26SEP020445-45,2026-09-02 08:37:00+00:00,0.12,0.11,0.89
KXBTC15M-26SEP020445-45,2026-09-02 08:38:00+00:00,0.12,0.11,0.89
KXBTC15M-26SEP020445-45,2026-09-02 08:39:00+00:00,0.071,0.07,0.9299999999999999
KXBTC15M-26SEP020445-45,2026-09-02 08:40:00+00:00,0.057,0.056,0.944
KXBTC15M-26SEP020445-45,2026-09-02 08:41:00+00:00,0.022,0.021,0.979
KXBTC15M-26SEP020445-45,2026-09-02 08:42:00+00:00,0.011,0.01,0.99
KXBTC15M-26SEP020445-45,2026-09-02 08:43:00+00:00,0.007,0.006,0.994
KXBTC15M-26SEP020445-45,2026-09-02 08:44:00+00:00,0.002,0.001,0.999
KXBTC15M-26SEP020445-45,2026-09-02 08:45:00+00:00,0.001,0.0,1.0
KXBTC15M-26SEP020445-45,2026-09-02 08:46:00+00:00,1.0,0.0,1.0
KXBTC15M-26SEP020500-00,2026-09-02 08:46:00+00:00,0.59,0.58,0.42000000000000004
KXBTC15M-26SEP020500-00,2026-09-02 08:47:00+00:00,0.55,0.54,0.45999999999999996
KXBTC15M-26SEP020500-00,2026-09-02 08:48:00+00:00,0.36,0.35,0.65
KXBTC15M-26SEP020500-00,2026-09-02 08:49:00+00:00,0.35,0.34,0.6599999999999999
KXBTC15M-26SEP020500-00,2026-09-02 08:50:00+00:00,0.26,0.25,0.75
KXBTC15M-26SEP020500-00,2026-09-02 08:51:00+00:00,0.23,0.22,0.78
KXBTC15M-26SEP020500-00,2026-09-02 08:52:00+00:00,0.15,0.14,0.86
KXBTC15M-26SEP020500-00,2026-09-02 08:53:00+00:00,0.13,0.12,0.88
KXBTC15M-26SEP020500-00,2026-09-02 08:54:00+00:00,0.11,0.1,0.9
KXBTC15M-26SEP020500-00,2026-09-02 08:55:00+00:00,0.071,0.07,0.9299999999999999
KXBTC15M-26SEP020500-00,2026-09-02 08:56:00+00:00,0.021,0.02,0.98
KXBTC15M-26SEP020500-00,2026-09-02 08:57:00+00:00,0.063,0.062,0.938
KXBTC15M-26SEP020500-00,2026-09-02 08:58:00+00:00,0.02,0.019,0.981
KXBTC15M-26SEP020500-00,2026-09-02 08:59:00+00:00,0.002,0.001,0.999
KXBTC15M-26SEP020500-00,2026-09-02 09:00:00+00:00,0.001,0.0,1.0
KXBTC15M-26SEP020500-00,2026-09-02 09:01:00+00:00,1.0,0.0,1.0
KXBTC15M-26SEP020515-15,2026-09-02 09:01:00+00:00,0.76,0.75,0.25
KXBTC15M-26SEP020515-15,2026-09-02 09:02:00+00:00,0.81,0.8,0.19999999999999996
KXBTC15M-26SEP020515-15,2026-09-02 09:03:00+00:00,0.88,0.87,0.13
KXBTC15M-26SEP020515-15,2026-09-02 09:04:00+00:00,0.88,0.87,0.13
KXBTC15M-26SEP020515-15,2026-09-02 09:05:00+00:00,0.9,0.89,0.10999999999999999
KXBTC15M-26SEP020515-15,2026-09-02 09:06:00+00:00,0.94,0.939,0.061000000000000054
KXBTC15M-26SEP020515-15,2026-09-02 09:07:00+00:00,0.933,0.932,0.06799999999999995
KXBTC15M-26SEP020515-15,2026-09-02 09:08:00+00:00,0.965,0.964,0.03600000000000003
KXBTC15M-26SEP020515-15,2026-09-02 09:09:00+00:00,0.973,0.972,0.028000000000000025
KXBTC15M-26SEP020515-15,2026-09-02 09:10:00+00:00,0.985,0.984,0.016000000000000014
KXBTC15M-26SEP020515-15,2026-09-02 09:11:00+00:00,0.99,0.989,0.01100000000000001
KXBTC15M-26SEP020515-15,2026-09-02 09:12:00+00:00,0.995,0.994,0.006000000000000005
KXBTC15M-26SEP020515-15,2026-09-02 09:13:00+00:00,0.998,0.997,0.0030000000000000027
KXBTC15M-26SEP020515-15,2026-09-02 09:14:00+00:00,0.999,0.998,0.0020000000000000018
KXBTC15M-26SEP020515-15,2026-09-02 09:15:00+00:00,1.0,0.999,0.0010000000000000009
KXBTC15M-26SEP020515-15,2026-09-02 09:16:00+00:00,1.0,0.0,1.0
KXBTC15M-26SEP020530-30,2026-09-02 09:16:00+00:00,0.29,0.28,0.72
KXBTC15M-26SEP020530-30,2026-09-02 09:17:00+00:00,0.24,0.23,0.77
KXBTC15M-26SEP020530-30,2026-09-02 09:18:00+00:00,0.3,0.29,0.71
KXBTC15M-26SEP020530-30,2026-09-02 09:19:00+00:00,0.3,0.29,0.71
KXBTC15M-26SEP020530-30,2026-09-02 09:20:00+00:00,0.18,0.17,0.83
KXBTC15M-26SEP020530-30,2026-09-02 09:21:00+00:00,0.16,0.15,0.85
KXBTC15M-26SEP020530-30,2026-09-02 09:22:00+00:00,0.083,0.082,0.918
KXBTC15M-26SEP020530-30,2026-09-02 09:23:00+00:00,0.023,0.022,0.978
KXBTC15M-26SEP020530-30,2026-09-02 09:24:00+00:00,0.042,0.041,0.959
KXBTC15M-26SEP020530-30,2026-09-02 09:25:00+00:00,0.017,0.016,0.984
KXBTC15M-26SEP020530-30,2026-09-02 09:26:00+00:00,0.033,0.032,0.968
KXBTC15M-26SEP020530-30,2026-09-02 09:27:00+00:00,0.011,0.01,0.99
KXBTC15M-26SEP020530-30,2026-09-02 09:28:00+00:00,0.008,0.007,0.993
KXBTC15M-26SEP020530-30,2026-09-02 09:29:00+00:00,0.002,0.001,0.999
KXBTC15M-26SEP020530-30,2026-09-02 09:30:00+00:00,0.001,0.0,1.0
KXBTC15M-26SEP020530-30,2026-09-02 09:31:00+00:00,1.0,0.0,1.0
KXBTC15M-26SEP020545-45,2026-09-02 09:31:00+00:00,0.36,0.35,0.65
KXBTC15M-26SEP020545-45,2026-09-02 09:32:00+00:00,0.23,0.22,0.78
KXBTC15M-26SEP020545-45,2026-09-02 09:33:00+00:00,0.19,0.18,0.8200000000000001
KXBTC15M-26SEP020545-45,2026-09-02 09:34:00+00:00,0.27,0.26,0.74
KXBTC15M-26SEP020545-45,2026-09-02 09:35:00+00:00,0.2,0.19,0.81
KXBTC15M-26SEP020545-45,2026-09-02 09:36:00+00:00,0.13,0.12,0.88
KXBTC15M-26SEP020545-45,2026-09-02 09:37:00+00:00,0.073,0.072,0.928
KXBTC15M-26SEP020545-45,2026-09-02 09:38:00+00:00,0.049,0.048,0.952
KXBTC15M-26SEP020545-45,2026-09-02 09:39:00+00:00,0.025,0.024,0.976
KXBTC15M-26SEP020545-45,2026-09-02 09:40:00+00:00,0.025,0.024,0.976
KXBTC15M-26SEP020545-45,2026-09-02 09:41:00+00:00,0.02,0.019,0.981
KXBTC15M-26SEP020545-45,2026-09-02 09:42:00+00:00,0.007,0.006,0.994
KXBTC15M-26SEP020545-45,2026-09-02 09:43:00+00:00,0.002,0.001,0.999
KXBTC15M-26SEP020545-45,2026-09-02 09:44:00+00:00,0.002,0.001,0.999
KXBTC15M-26SEP020545-45,2026-09-02 09:45:00+00:00,0.001,0.0,1.0
KXBTC15M-26SEP020545-45,2026-09-02 09:46:00+00:00,1.0,0.0,1.0
KXBTC15M-26SEP020600-00,2026-09-02 09:46:00+00:00,0.48,0.47,0.53
KXBTC15M-26SEP020600-00,2026-09-02 09:47:00+00:00,0.66,0.65,0.35
KXBTC15M-26SEP020600-00,2026-09-02 09:48:00+00:00,0.68,0.67,0.32999999999999996
KXBTC15M-26SEP020600-00,2026-09-02 09:49:00+00:00,0.85,0.84,0.16000000000000003
KXBTC15M-26SEP020600-00,2026-09-02 09:50:00+00:00,0.85,0.84,0.16000000000000003
KXBTC15M-26SEP020600-00,2026-09-02 09:51:00+00:00,0.916,0.915,0.08499999999999996
KXBTC15M-26SEP020600-00,2026-09-02 09:52:00+00:00,0.922,0.921,0.07899999999999996
KXBTC15M-26SEP020600-00,2026-09-02 09:53:00+00:00,0.966,0.965,0.03500000000000003
KXBTC15M-26SEP020600-00,2026-09-02 09:54:00+00:00,0.968,0.967,0.03300000000000003
KXBTC15M-26SEP020600-00,2026-09-02 09:55:00+00:00,0.963,0.962,0.038000000000000034
KXBTC15M-26SEP020600-00,2026-09-02 09:56:00+00:00,0.969,0.968,0.03200000000000003
KXBTC15M-26SEP020600-00,2026-09-02 09:57:00+00:00,0.994,0.993,0.007000000000000006
KXBTC15M-26SEP020600-00,2026-09-02 09:58:00+00:00,0.995,0.994,0.006000000000000005
KXBTC15M-26SEP020600-00,2026-09-02 09:59:00+00:00,0.999,0.998,0.0020000000000000018
KXBTC15M-26SEP020600-00,2026-09-02 10:00:00+00:00,1.0,0.999,0.0010000000000000009
KXBTC15M-26SEP020600-00,2026-09-02 10:01:00+00:00,1.0,0.0,1.0
KXBTC15M-26SEP020615-15,2026-09-02 10:01:00+00:00,0.44,0.43,0.5700000000000001
KXBTC15M-26SEP020615-15,2026-09-02 10:02:00+00:00,0.28,0.27,0.73
KXBTC15M-26SEP020615-15,2026-09-02 10:03:00+00:00,0.21,0.2,0.8
KXBTC15M-26SEP020615-15,2026-09-02 10:04:00+00:00,0.26,0.25,0.75
KXBTC15M-26SEP020615-15,2026-09-02 10:05:00+00:00,0.14,0.13,0.87
KXBTC15M-26SEP020615-15,2026-09-02 10:06:00+00:00,0.16,0.15,0.85
KXBTC15M-26SEP020615-15,2026-09-02 10:07:00+00:00,0.08,0.079,0.921
KXBTC15M-26SEP020615-15,2026-09-02 10:08:00+00:00,0.099,0.098,0.902
KXBTC15M-26SEP020615-15,2026-09-02 10:09:00+00:00,0.15,0.14,0.86
KXBTC15M-26SEP020615-15,2026-09-02 10:10:00+00:00,0.061,0.06,0.94
KXBTC15M-26SEP020615-15,2026-09-02 10:11:00+00:00,0.027,0.026,0.974
KXBTC15M-26SEP020615-15,2026-09-02 10:12:00+00:00,0.064,0.063,0.937
KXBTC15M-26SEP020615-15,2026-09-02 10:13:00+00:00,0.01,0.009,0.991
KXBTC15M-26SEP020615-15,2026-09-02 10:14:00+00:00,0.004,0.003,0.997
KXBTC15M-26SEP020615-15,2026-09-02 10:15:00+00:00,0.001,0.0,1.0
KXBTC15M-26SEP020615-15,2026-09-02 10:16:00+00:00,1.0,0.0,1.0
KXBTC15M-26SEP020630-30,2026-09-02 10:16:00+00:00,0.5,0.49,0.51
KXBTC15M-26SEP020630-30,2026-09-02 10:17:00+00:00,0.47,0.46,0.54
KXBTC15M-26SEP020630-30,2026-09-02 10:18:00+00:00,0.55,0.54,0.45999999999999996
KXBTC15M-26SEP020630-30,2026-09-02 10:19:00+00:00,0.67,0.66,0.33999999999999997
KXBTC15M-26SEP020630-30,2026-09-02 10:20:00+00:00,0.74,0.73,0.27
KXBTC15M-26SEP020630-30,2026-09-02 10:21:00+00:00,0.71,0.7,0.30000000000000004
KXBTC15M-26SEP020630-30,2026-09-02 10:22:00+00:00,0.76,0.75,0.25
KXBTC15M-26SEP020630-30,2026-09-02 10:23:00+00:00,0.68,0.67,0.32999999999999996
KXBTC15M-26SEP020630-30,2026-09-02 10:24:00+00:00,0.73,0.72,0.28
KXBTC15M-26SEP020630-30,2026-09-02 10:25:00+00:00,0.64,0.63,0.37
KXBTC15M-26SEP020630-30,2026-09-02 10:26:00+00:00,0.66,0.65,0.35
KXBTC15M-26SEP020630-30,2026-09-02 10:27:00+00:00,0.7,0.69,0.31000000000000005
KXBTC15M-26SEP020630-30,2026-09-02 10:28:00+00:00,0.58,0.57,0.43000000000000005
KXBTC15M-26SEP020630-30,2026-09-02 10:29:00+00:00,0.052,0.051,0.949
KXBTC15M-26SEP020630-30,2026-09-02 10:30:00+00:00,0.001,0.0,1.0
KXBTC15M-26SEP020630-30,2026-09-02 10:31:00+00:00,1.0,0.0,1.0
KXBTC15M-26SEP020645-45,2026-09-02 10:31:00+00:00,0.5,0.49,0.51
KXBTC15M-26SEP020645-45,2026-09-02 10:32:00+00:00,0.34,0.33,0.6699999999999999
KXBTC15M-26SEP020645-45,2026-09-02 10:33:00+00:00,0.26,0.25,0.75
KXBTC15M-26SEP020645-45,2026-09-02 10:34:00+00:00,0.4,0.39,0.61
KXBTC15M-26SEP020645-45,2026-09-02 10:35:00+00:00,0.25,0.24,0.76
KXBTC15M-26SEP020645-45,2026-09-02 10:36:00+00:00,0.48,0.47,0.53
KXBTC15M-26SEP020645-45,2026-09-02 10:37:00+00:00,0.5,0.49,0.51
KXBTC15M-26SEP020645-45,2026-09-02 10:38:00+00:00,0.41,0.4,0.6
KXBTC15M-26SEP020645-45,2026-09-02 10:39:00+00:00,0.32,0.31,0.69
KXBTC15M-26SEP020645-45,2026-09-02 10:40:00+00:00,0.08,0.079,0.921
KXBTC15M-26SEP020645-45,2026-09-02 10:41:00+00:00,0.081,0.08,0.92
KXBTC15M-26SEP020645-45,2026-09-02 10:42:00+00:00,0.059,0.058,0.942
KXBTC15M-26SEP020645-45,2026-09-02 10:43:00+00:00,0.22,0.21,0.79
KXBTC15M-26SEP020645-45,2026-09-02 10:44:00+00:00,0.33,0.32,0.6799999999999999
KXBTC15M-26SEP020645-45,2026-09-02 10:45:00+00:00,1.0,0.999,0.0010000000000000009
KXBTC15M-26SEP020645-45,2026-09-02 10:46:00+00:00,1.0,0.0,1.0
KXBTC15M-26SEP020700-00,2026-09-02 10:46:00+00:00,0.4,0.39,0.61
KXBTC15M-26SEP020700-00,2026-09-02 10:47:00+00:00,0.26,0.25,0.75
KXBTC15M-26SEP020700-00,2026-09-02 10:48:00+00:00,0.24,0.23,0.77
KXBTC15M-26SEP020700-00,2026-09-02 10:49:00+00:00,0.17,0.16,0.84
KXBTC15M-26SEP020700-00,2026-09-02 10:50:00+00:00,0.15,0.14,0.86
KXBTC15M-26SEP020700-00,2026-09-02 10:51:00+00:00,0.096,0.095,0.905
KXBTC15M-26SEP020700-00,2026-09-02 10:52:00+00:00,0.093,0.092,0.908
KXBTC15M-26SEP020700-00,2026-09-02 10:53:00+00:00,0.067,0.066,0.9339999999999999
KXBTC15M-26SEP020700-00,2026-09-02 10:54:00+00:00,0.092,0.091,0.909
KXBTC15M-26SEP020700-00,2026-09-02 10:55:00+00:00,0.14,0.13,0.87
KXBTC15M-26SEP020700-00,2026-09-02 10:56:00+00:00,0.27,0.26,0.74
KXBTC15M-26SEP020700-00,2026-09-02 10:57:00+00:00,0.16,0.15,0.85
KXBTC15M-26SEP020700-00,2026-09-02 10:58:00+00:00,0.52,0.51,0.49
KXBTC15M-26SEP020700-00,2026-09-02 10:59:00+00:00,0.972,0.971,0.029000000000000026
KXBTC15M-26SEP020700-00,2026-09-02 11:00:00+00:00,1.0,0.999,0.0010000000000000009
KXBTC15M-26SEP020700-00,2026-09-02 11:01:00+00:00,1.0,0.0,1.0
KXBTC15M-26SEP020715-15,2026-09-02 11:01:00+00:00,0.43,0.42,0.5800000000000001
KXBTC15M-26SEP020715-15,2026-09-02 11:02:00+00:00,0.38,0.37,0.63
KXBTC15M-26SEP020715-15,2026-09-02 11:03:00+00:00,0.44,0.43,0.5700000000000001
KXBTC15M-26SEP020715-15,2026-09-02 11:04:00+00:00,0.41,0.4,0.6
KXBTC15M-26SEP020715-15,2026-09-02 11:05:00+00:00,0.24,0.23,0.77
KXBTC15M-26SEP020715-15,2026-09-02 11:06:00+00:00,0.2,0.19,0.81
KXBTC15M-26SEP020715-15,2026-09-02 11:07:00+00:00,0.13,0.12,0.88
KXBTC15M-26SEP020715-15,2026-09-02 11:08:00+00:00,0.18,0.17,0.83
KXBTC15M-26SEP020715-15,2026-09-02 11:09:00+00:00,0.39,0.38,0.62
KXBTC15M-26SEP020715-15,2026-09-02 11:10:00+00:00,0.63,0.62,0.38
KXBTC15M-26SEP020715-15,2026-09-02 11:11:00+00:00,0.54,0.53,0.47
KXBTC15M-26SEP020715-15,2026-09-02 11:12:00+00:00,0.43,0.42,0.5800000000000001
KXBTC15M-26SEP020715-15,2026-09-02 11:13:00+00:00,0.45,0.44,0.56
KXBTC15M-26SEP020715-15,2026-09-02 11:14:00+00:00,0.5,0.49,0.51
KXBTC15M-26SEP020715-15,2026-09-02 11:15:00+00:00,1.0,0.999,0.0010000000000000009
KXBTC15M-26SEP020715-15,2026-09-02 11:16:00+00:00,1.0,0.0,1.0
KXBTC15M-26SEP020730-30,2026-09-02 11:16:00+00:00,0.62,0.61,0.39
KXBTC15M-26SEP020730-30,2026-09-02 11:17:00+00:00,0.42,0.41,0.5900000000000001
KXBTC15M-26SEP020730-30,2026-09-02 11:18:00+00:00,0.31,0.3,0.7
KXBTC15M-26SEP020730-30,2026-09-02 11:19:00+00:00,0.23,0.22,0.78
KXBTC15M-26SEP020730-30,2026-09-02 11:20:00+00:00,0.2,0.19,0.81
KXBTC15M-26SEP020730-30,2026-09-02 11:21:00+00:00,0.17,0.16,0.84
KXBTC15M-26SEP020730-30,2026-09-02 11:22:00+00:00,0.12,0.11,0.89
KXBTC15M-26SEP020730-30,2026-09-02 11:23:00+00:00,0.071,0.07,0.9299999999999999
KXBTC15M-26SEP020730-30,2026-09-02 11:24:00+00:00,0.043,0.042,0.958
KXBTC15M-26SEP020730-30,2026-09-02 11:25:00+00:00,0.052,0.051,0.949
KXBTC15M-26SEP020730-30,2026-09-02 11:26:00+00:00,0.027,0.026,0.974
KXBTC15M-26SEP020730-30,2026-09-02 11:27:00+00:00,0.009,0.008,0.992
KXBTC15M-26SEP020730-30,2026-09-02 11:28:00+00:00,0.015,0.014,0.986
KXBTC15M-26SEP020730-30,2026-09-02 11:29:00+00:00,0.002,0.001,0.999
KXBTC15M-26SEP020730-30,2026-09-02 11:30:00+00:00,0.001,0.0,1.0
KXBTC15M-26SEP020730-30,2026-09-02 11:31:00+00:00,1.0,0.0,1.0
KXBTC15M-26SEP020745-45,2026-09-02 11:31:00+00:00,0.62,0.61,0.39
KXBTC15M-26SEP020745-45,2026-09-02 11:32:00+00:00,0.64,0.63,0.37
KXBTC15M-26SEP020745-45,2026-09-02 11:33:00+00:00,0.76,0.75,0.25
KXBTC15M-26SEP020745-45,2026-09-02 11:34:00+00:00,0.82,0.81,0.18999999999999995
KXBTC15M-26SEP020745-45,2026-09-02 11:35:00+00:00,0.903,0.902,0.09799999999999998
KXBTC15M-26SEP020745-45,2026-09-02 11:36:00+00:00,0.911,0.91,0.08999999999999997
KXBTC15M-26SEP020745-45,2026-09-02 11:37:00+00:00,0.945,0.944,0.05600000000000005
KXBTC15M-26SEP020745-45,2026-09-02 11:38:00+00:00,0.927,0.926,0.07399999999999995
KXBTC15M-26SEP020745-45,2026-09-02 11:39:00+00:00,0.965,0.964,0.03600000000000003
KXBTC15M-26SEP020745-45,2026-09-02 11:40:00+00:00,0.98,0.979,0.02100000000000002
KXBTC15M-26SEP020745-45,2026-09-02 11:41:00+00:00,0.983,0.982,0.018000000000000016
KXBTC15M-26SEP020745-45,2026-09-02 11:42:00+00:00,0.993,0.992,0.008000000000000007
KXBTC15M-26SEP020745-45,2026-09-02 11:43:00+00:00,0.996,0.995,0.0050000000000000044
KXBTC15M-26SEP020745-45,2026-09-02 11:44:00+00:00,0.999,0.998,0.0020000000000000018
KXBTC15M-26SEP020745-45,2026-09-02 11:45:00+00:00,1.0,0.999,0.0010000000000000009
KXBTC15M-26SEP020745-45,2026-09-02 11:46:00+00:00,1.0,0.0,1.0
KXBTC15M-26SEP020800-00,2026-09-02 11:46:00+00:00,0.53,0.52,0.48
KXBTC15M-26SEP020800-00,2026-09-02 11:47:00+00:00,0.44,0.43,0.5700000000000001
KXBTC15M-26SEP020800-00,2026-09-02 11:48:00+00:00,0.45,0.44,0.56
KXBTC15M-26SEP020800-00,2026-09-02 11:49:00+00:00,0.57,0.56,0.43999999999999995
KXBTC15M-26SEP020800-00,2026-09-02 11:50:00+00:00,0.41,0.4,0.6
KXBTC15M-26SEP020800-00,2026-09-02 11:51:00+00:00,0.35,0.34,0.6599999999999999
KXBTC15M-26SEP020800-00,2026-09-02 11:52:00+00:00,0.49,0.48,0.52
KXBTC15M-26SEP020800-00,2026-09-02 11:53:00+00:00,0.68,0.67,0.32999999999999996
KXBTC15M-26SEP020800-00,2026-09-02 11:54:00+00:00,0.69,0.68,0.31999999999999995
KXBTC15M-26SEP020800-00,2026-09-02 11:55:00+00:00,0.83,0.82,0.18000000000000005
KXBTC15M-26SEP020800-00,2026-09-02 11:56:00+00:00,0.948,0.947,0.05300000000000005
KXBTC15M-26SEP020800-00,2026-09-02 11:57:00+00:00,0.98,0.979,0.02100000000000002
KXBTC15M-26SEP020800-00,2026-09-02 11:58:00+00:00,0.998,0.997,0.0030000000000000027
KXBTC15M-26SEP020800-00,2026-09-02 11:59:00+00:00,0.999,0.998,0.0020000000000000018
KXBTC15M-26SEP020800-00,2026-09-02 12:00:00+00:00,1.0,0.999,0.0010000000000000009
KXBTC15M-26SEP020800-00,2026-09-02 12:01:00+00:00,1.0,0.0,1.0
KXBTC15M-26SEP020815-15,2026-09-02 12:01:00+00:00,0.45,0.44,0.56
KXBTC15M-26SEP020815-15,2026-09-02 12:02:00+00:00,0.59,0.58,0.42000000000000004
KXBTC15M-26SEP020815-15,2026-09-02 12:03:00+00:00,0.4,0.39,0.61
KXBTC15M-26SEP020815-15,2026-09-02 12:04:00+00:00,0.41,0.4,0.6
KXBTC15M-26SEP020815-15,2026-09-02 12:05:00+00:00,0.28,0.27,0.73
KXBTC15M-26SEP020815-15,2026-09-02 12:06:00+00:00,0.26,0.25,0.75
KXBTC15M-26SEP020815-15,2026-09-02 12:07:00+00:00,0.24,0.23,0.77
KXBTC15M-26SEP020815-15,2026-09-02 12:08:00+00:00,0.25,0.24,0.76
KXBTC15M-26SEP020815-15,2026-09-02 12:09:00+00:00,0.34,0.33,0.6699999999999999
KXBTC15M-26SEP020815-15,2026-09-02 12:10:00+00:00,0.47,0.46,0.54
KXBTC15M-26SEP020815-15,2026-09-02 12:11:00+00:00,0.52,0.51,0.49
KXBTC15M-26SEP020815-15,2026-09-02 12:12:00+00:00,0.63,0.62,0.38
KXBTC15M-26SEP020815-15,2026-09-02 12:13:00+00:00,0.64,0.63,0.37
KXBTC15M-26SEP020815-15,2026-09-02 12:14:00+00:00,0.93,0.929,0.07099999999999995
KXBTC15M-26SEP020815-15,2026-09-02 12:15:00+00:00,1.0,0.999,0.0010000000000000009
KXBTC15M-26SEP020815-15,2026-09-02 12:16:00+00:00,1.0,0.0,1.0
KXBTC15M-26SEP020830-30,2026-09-02 12:16:00+00:00,0.65,0.64,0.36
KXBTC15M-26SEP020830-30,2026-09-02 12:17:00+00:00,0.65,0.64,0.36
KXBTC15M-26SEP020830-30,2026-09-02 12:18:00+00:00,0.76,0.75,0.25
KXBTC15M-26SEP020830-30,2026-09-02 12:19:00+00:00,0.76,0.75,0.25
KXBTC15M-26SEP020830-30,2026-09-02 12:20:00+00:00,0.68,0.67,0.32999999999999996
KXBTC15M-26SEP020830-30,2026-09-02 12:21:00+00:00,0.85,0.84,0.16000000000000003
KXBTC15M-26SEP020830-30,2026-09-02 12:22:00+00:00,0.9,0.89,0.10999999999999999
KXBTC15M-26SEP020830-30,2026-09-02 12:23:00+00:00,0.9,0.89,0.10999999999999999
KXBTC15M-26SEP020830-30,2026-09-02 12:24:00+00:00,0.944,0.943,0.05700000000000005
KXBTC15M-26SEP020830-30,2026-09-02 12:25:00+00:00,0.96,0.959,0.041000000000000036
KXBTC15M-26SEP020830-30,2026-09-02 12:26:00+00:00,0.982,0.98,0.020000000000000018
KXBTC15M-26SEP020830-30,2026-09-02 12:27:00+00:00,0.992,0.991,0.009000000000000008
KXBTC15M-26SEP020830-30,2026-09-02 12:28:00+00:00,0.994,0.992,0.008000000000000007
KXBTC15M-26SEP020830-30,2026-09-02 12:29:00+00:00,0.999,0.998,0.0020000000000000018
KXBTC15M-26SEP020830-30,2026-09-02 12:30:00+00:00,1.0,0.999,0.0010000000000000009
KXBTC15M-26SEP020830-30,2026-09-02 12:31:00+00:00,1.0,0.0,1.0
KXBTC15M-26SEP020845-45,2026-09-02 12:31:00+00:00,0.41,0.4,0.6
KXBTC15M-26SEP020845-45,2026-09-02 12:32:00+00:00,0.39,0.38,0.62
KXBTC15M-26SEP020845-45,2026-09-02 12:33:00+00:00,0.28,0.27,0.73
KXBTC15M-26SEP020845-45,2026-09-02 12:34:00+00:00,0.21,0.2,0.8
KXBTC15M-26SEP020845-45,2026-09-02 12:35:00+00:00,0.21,0.2,0.8
KXBTC15M-26SEP020845-45,2026-09-02 12:36:00+00:00,0.23,0.22,0.78
KXBTC15M-26SEP020845-45,2026-09-02 12:37:00+00:00,0.11,0.1,0.9
KXBTC15M-26SEP020845-45,2026-09-02 12:38:00+00:00,0.052,0.051,0.949
KXBTC15M-26SEP020845-45,2026-09-02 12:39:00+00:00,0.023,0.022,0.978
KXBTC15M-26SEP020845-45,2026-09-02 12:40:00+00:00,0.025,0.024,0.976
KXBTC15M-26SEP020845-45,2026-09-02 12:41:00+00:00,0.032,0.031,0.969
KXBTC15M-26SEP020845-45,2026-09-02 12:42:00+00:00,0.015,0.014,0.986
KXBTC15M-26SEP020845-45,2026-09-02 12:43:00+00:00,0.003,0.002,0.998
KXBTC15M-26SEP020845-45,2026-09-02 12:44:00+00:00,0.002,0.001,0.999
KXBTC15M-26SEP020845-45,2026-09-02 12:45:00+00:00,0.001,0.0,1.0
KXBTC15M-26SEP020845-45,2026-09-02 12:46:00+00:00,1.0,0.0,1.0
KXBTC15M-26SEP020900-00,2026-09-02 12:46:00+00:00,0.42,0.41,0.5900000000000001
KXBTC15M-26SEP020900-00,2026-09-02 12:47:00+00:00,0.39,0.38,0.62
KXBTC15M-26SEP020900-00,2026-09-02 12:48:00+00:00,0.48,0.47,0.53
KXBTC15M-26SEP020900-00,2026-09-02 12:49:00+00:00,0.29,0.28,0.72
KXBTC15M-26SEP020900-00,2026-09-02 12:50:00+00:00,0.27,0.26,0.74
KXBTC15M-26SEP020900-00,2026-09-02 12:51:00+00:00,0.28,0.27,0.73
KXBTC15M-26SEP020900-00,2026-09-02 12:52:00+00:00,0.23,0.22,0.78
KXBTC15M-26SEP020900-00,2026-09-02 12:53:00+00:00,0.16,0.15,0.85
KXBTC15M-26SEP020900-00,2026-09-02 12:54:00+00:00,0.15,0.14,0.86
KXBTC15M-26SEP020900-00,2026-09-02 12:55:00+00:00,0.09,0.088,0.912
KXBTC15M-26SEP020900-00,2026-09-02 12:56:00+00:00,0.031,0.03,0.97
KXBTC15M-26SEP020900-00,2026-09-02 12:57:00+00:00,0.007,0.006,0.994
KXBTC15M-26SEP020900-00,2026-09-02 12:58:00+00:00,0.004,0.003,0.997
KXBTC15M-26SEP020900-00,2026-09-02 12:59:00+00:00,0.002,0.001,0.999
KXBTC15M-26SEP020900-00,2026-09-02 13:00:00+00:00,0.001,0.0,1.0
KXBTC15M-26SEP020900-00,2026-09-02 13:01:00+00:00,1.0,0.0,1.0
KXBTC15M-26SEP020915-15,2026-09-02 13:01:00+00:00,0.57,0.56,0.43999999999999995
KXBTC15M-26SEP020915-15,2026-09-02 13:02:00+00:00,0.79,0.78,0.21999999999999997
KXBTC15M-26SEP020915-15,2026-09-02 13:03:00+00:00,0.85,0.84,0.16000000000000003
KXBTC15M-26SEP020915-15,2026-09-02 13:04:00+00:00,0.86,0.85,0.15000000000000002
KXBTC15M-26SEP020915-15,2026-09-02 13:05:00+00:00,0.907,0.906,0.09399999999999997
KXBTC15M-26SEP020915-15,2026-09-02 13:06:00+00:00,0.961,0.96,0.040000000000000036
KXBTC15M-26SEP020915-15,2026-09-02 13:07:00+00:00,0.974,0.973,0.027000000000000024
KXBTC15M-26SEP020915-15,2026-09-02 13:08:00+00:00,0.971,0.97,0.030000000000000027
KXBTC15M-26SEP020915-15,2026-09-02 13:09:00+00:00,0.923,0.922,0.07799999999999996
KXBTC15M-26SEP020915-15,2026-09-02 13:10:00+00:00,0.97,0.969,0.031000000000000028
KXBTC15M-26SEP020915-15,2026-09-02 13:11:00+00:00,0.985,0.984,0.016000000000000014
KXBTC15M-26SEP020915-15,2026-09-02 13:12:00+00:00,0.996,0.995,0.0050000000000000044
KXBTC15M-26SEP020915-15,2026-09-02 13:13:00+00:00,0.999,0.998,0.0020000000000000018
KXBTC15M-26SEP020915-15,2026-09-02 13:14:00+00:00,0.999,0.998,0.0020000000000000018
KXBTC15M-26SEP020915-15,2026-09-02 13:15:00+00:00,1.0,0.999,0.0010000000000000009
KXBTC15M-26SEP020915-15,2026-09-02 13:16:00+00:00,1.0,0.0,1.0
KXBTC15M-26SEP020930-30,2026-09-02 13:16:00+00:00,0.52,0.51,0.49
KXBTC15M-26SEP020930-30,2026-09-02 13:17:00+00:00,0.63,0.62,0.38
KXBTC15M-26SEP020930-30,2026-09-02 13:18:00+00:00,0.74,0.73,0.27
KXBTC15M-26SEP020930-30,2026-09-02 13:19:00+00:00,0.75,0.74,0.26
KXBTC15M-26SEP020930-30,2026-09-02 13:20:00+00:00,0.74,0.73,0.27
KXBTC15M-26SEP020930-30,2026-09-02 13:21:00+00:00,0.49,0.48,0.52
KXBTC15M-26SEP020930-30,2026-09-02 13:22:00+00:00,0.42,0.41,0.5900000000000001
KXBTC15M-26SEP020930-30,2026-09-02 13:23:00+00:00,0.5,0.49,0.51
KXBTC15M-26SEP020930-30,2026-09-02 13:24:00+00:00,0.42,0.41,0.5900000000000001
KXBTC15M-26SEP020930-30,2026-09-02 13:25:00+00:00,0.69,0.68,0.31999999999999995
KXBTC15M-26SEP020930-30,2026-09-02 13:26:00+00:00,0.7,0.69,0.31000000000000005
KXBTC15M-26SEP020930-30,2026-09-02 13:27:00+00:00,0.96,0.959,0.041000000000000036
KXBTC15M-26SEP020930-30,2026-09-02 13:28:00+00:00,0.999,0.998,0.0020000000000000018
KXBTC15M-26SEP020930-30,2026-09-02 13:29:00+00:00,0.999,0.998,0.0020000000000000018
KXBTC15M-26SEP020930-30,2026-09-02 13:30:00+00:00,1.0,0.999,0.0010000000000000009
KXBTC15M-26SEP020930-30,2026-09-02 13:31:00+00:00,1.0,0.0,1.0
KXBTC15M-26SEP020945-45,2026-09-02 13:31:00+00:00,0.38,0.37,0.63
KXBTC15M-26SEP020945-45,2026-09-02 13:32:00+00:00,0.22,0.21,0.79
KXBTC15M-26SEP020945-45,2026-09-02 13:33:00+00:00,0.22,0.21,0.79
KXBTC15M-26SEP020945-45,2026-09-02 13:34:00+00:00,0.28,0.27,0.73
KXBTC15M-26SEP020945-45,2026-09-02 13:35:00+00:00,0.24,0.23,0.77
KXBTC15M-26SEP020945-45,2026-09-02 13:36:00+00:00,0.12,0.11,0.89
KXBTC15M-26SEP020945-45,2026-09-02 13:37:00+00:00,0.083,0.082,0.918
KXBTC15M-26SEP020945-45,2026-09-02 13:38:00+00:00,0.03,0.029,0.971
KXBTC15M-26SEP020945-45,2026-09-02 13:39:00+00:00,0.026,0.025,0.975
KXBTC15M-26SEP020945-45,2026-09-02 13:40:00+00:00,0.065,0.064,0.9359999999999999
KXBTC15M-26SEP020945-45,2026-09-02 13:41:00+00:00,0.15,0.14,0.86
KXBTC15M-26SEP020945-45,2026-09-02 13:42:00+00:00,0.56,0.55,0.44999999999999996
KXBTC15M-26SEP020945-45,2026-09-02 13:43:00+00:00,0.974,0.973,0.027000000000000024
KXBTC15M-26SEP020945-45,2026-09-02 13:44:00+00:00,0.999,0.998,0.0020000000000000018
KXBTC15M-26SEP020945-45,2026-09-02 13:45:00+00:00,1.0,0.999,0.0010000000000000009
KXBTC15M-26SEP020945-45,2026-09-02 13:46:00+00:00,1.0,0.0,1.0
