timestamp_utc,ticker,target,side,ask,ask_cents,fair,fair_pct,edge,edge_pct,elapsed_min,remaining_min,distance_target,flip_prob,stay_prob,signal_status,entry_status,attractive_le_50,attractive_le_40,attractive_le_30,edge_10pt_plus,edge_15pt_plus,edge_20pt_plus,final_side,eventual_winner_side
2026-08-23 13:23:00.337610+00:00,KXBTC15M-26AUG230930-30,77314.13,UP,0.909,90.9,0.988095238095238,98.8,0.079095238095238,7.9,8.005626833333332,6.994373166666667,212.76999999998952,0.0119047619047619,0.988095238095238,90%+ LOCK CANDIDATE,SMALL EDGE,False,False,False,False,False,False,UP,YES
2026-08-23 13:23:00.337610+00:00,KXBTC15M-26AUG230930-30,77314.13,DOWN,0.092,9.2,0.0119047619047619,1.2,-0.0800952380952381,-8.0,8.005626833333332,6.994373166666667,212.76999999998952,0.0119047619047619,0.988095238095238,90%+ LOCK CANDIDATE,SMALL EDGE,False,False,False,False,False,False,UP,NO
2026-08-23 13:27:50.368773+00:00,KXBTC15M-26AUG230930-30,77314.13,UP,0.997,99.7,1.0,100.0,0.0030000000000000027,0.3,12.83947955,2.16052045,221.2899999999936,0.0,1.0,LOCK,SMALL EDGE,False,False,False,False,False,False,UP,YES
2026-08-23 13:27:50.368773+00:00,KXBTC15M-26AUG230930-30,77314.13,DOWN,0.004,0.4,0.0,0.0,-0.004,-0.4,12.83947955,2.16052045,221.2899999999936,0.0,1.0,LOCK,SMALL EDGE,False,False,False,False,False,False,UP,NO
2026-08-23 13:28:20.262556+00:00,KXBTC15M-26AUG230930-30,77314.13,UP,0.999,99.9,1.0,100.0,0.0010000000000000009,0.1,13.337709266666668,1.6622907333333332,178.39999999999418,0.0,1.0,LOCK,SMALL EDGE,False,False,False,False,False,False,UP,YES
2026-08-23 13:28:20.262556+00:00,KXBTC15M-26AUG230930-30,77314.13,DOWN,0.002,0.2,0.0,0.0,-0.002,-0.2,13.337709266666668,1.6622907333333332,178.39999999999418,0.0,1.0,LOCK,SMALL EDGE,False,False,False,False,False,False,UP,NO
2026-08-23 13:28:50.312123+00:00,KXBTC15M-26AUG230930-30,77314.13,UP,1.0,100.0,0.988095238095238,98.8,-0.011904761904761973,-1.2,13.838535383333332,1.161464616666667,163.2899999999936,0.0119047619047619,0.988095238095238,LOCK,NO VALUE,False,False,False,False,False,False,UP,YES
2026-08-23 13:28:50.312123+00:00,KXBTC15M-26AUG230930-30,77314.13,DOWN,0.001,0.1,0.0119047619047619,1.2,0.0109047619047619,1.1,13.838535383333332,1.161464616666667,163.2899999999936,0.0119047619047619,0.988095238095238,LOCK,NO VALUE,True,True,True,False,False,False,UP,NO
2026-08-23 13:29:20.234172+00:00,KXBTC15M-26AUG230930-30,77314.13,UP,0.999,99.9,0.9487179487179488,94.9,-0.05028205128205121,-5.0,14.3372362,0.6627638,140.17999999999302,0.0512820512820512,0.9487179487179488,LOCK,NO VALUE,False,False,False,False,False,False,UP,YES
2026-08-23 13:29:20.234172+00:00,KXBTC15M-26AUG230930-30,77314.13,DOWN,0.002,0.2,0.0512820512820512,5.1,0.049282051282051195,4.9,14.3372362,0.6627638,140.17999999999302,0.0512820512820512,0.9487179487179488,LOCK,NO VALUE,True,True,True,False,False,False,UP,NO
2026-08-23 13:29:50.157681+00:00,KXBTC15M-26AUG230930-30,77314.13,UP,1.0,100.0,0.9301075268817204,93.0,-0.06989247311827962,-7.0,14.83596135,0.16403865,129.81999999999243,0.0698924731182795,0.9301075268817204,LOCK,NO VALUE,False,False,False,False,False,False,UP,YES
2026-08-23 13:29:50.157681+00:00,KXBTC15M-26AUG230930-30,77314.13,DOWN,0.001,0.1,0.0698924731182795,7.0,0.06889247311827949,6.9,14.83596135,0.16403865,129.81999999999243,0.0698924731182795,0.9301075268817204,LOCK,NO VALUE,True,True,True,False,False,False,UP,NO
2026-08-23 13:30:20.203916+00:00,KXBTC15M-26AUG230945-45,77453.38,UP,0.35,35.0,0.3934426229508196,39.3,0.04344262295081963,4.3,0.3367319333333333,14.663268066666664,-69.93000000000757,0.3934426229508196,0.6065573770491803,RAW,NO VALUE,True,True,False,False,False,False,UP,YES
2026-08-23 13:30:20.203916+00:00,KXBTC15M-26AUG230945-45,77453.38,DOWN,0.66,66.0,0.6065573770491803,60.7,-0.053442622950819696,-5.3,0.3367319333333333,14.663268066666664,-69.93000000000757,0.3934426229508196,0.6065573770491803,RAW,NO VALUE,False,False,False,False,False,False,UP,NO
2026-08-23 13:30:50.189128+00:00,KXBTC15M-26AUG230945-45,77453.38,UP,0.38,38.0,0.3934426229508196,39.3,0.013442622950819605,1.3,0.8364854666666666,14.163514533333334,-75.45000000001164,0.3934426229508196,0.6065573770491803,RAW,NO VALUE,True,True,False,False,False,False,UP,YES
2026-08-23 13:30:50.189128+00:00,KXBTC15M-26AUG230945-45,77453.38,DOWN,0.63,63.0,0.6065573770491803,60.7,-0.02344262295081967,-2.3,0.8364854666666666,14.163514533333334,-75.45000000001164,0.3934426229508196,0.6065573770491803,RAW,NO VALUE,False,False,False,False,False,False,UP,NO
2026-08-23 13:31:20.280243+00:00,KXBTC15M-26AUG230945-45,77453.38,UP,0.29,29.0,0.3934426229508196,39.3,0.10344262295081963,10.3,1.33800405,13.66199595,-75.4600000000064,0.3934426229508196,0.6065573770491803,RAW,NO VALUE,True,True,True,True,False,False,UP,YES
2026-08-23 13:31:20.280243+00:00,KXBTC15M-26AUG230945-45,77453.38,DOWN,0.72,72.0,0.6065573770491803,60.7,-0.11344262295081964,-11.3,1.33800405,13.66199595,-75.4600000000064,0.3934426229508196,0.6065573770491803,RAW,NO VALUE,False,False,False,False,False,False,UP,NO
2026-08-23 13:31:50.149817+00:00,KXBTC15M-26AUG230945-45,77453.38,UP,0.29,29.0,0.7261146496815287,72.6,0.43611464968152874,43.6,1.835830283333333,13.164169716666668,34.470000000001164,0.2738853503184713,0.7261146496815287,LEAN,IDEAL <=50c / LARGE EDGE,True,True,True,True,True,True,UP,YES
2026-08-23 13:31:50.149817+00:00,KXBTC15M-26AUG230945-45,77453.38,DOWN,0.72,72.0,0.2738853503184713,27.4,-0.4461146496815287,-44.6,1.835830283333333,13.164169716666668,34.470000000001164,0.2738853503184713,0.7261146496815287,LEAN,IDEAL <=50c / LARGE EDGE,False,False,False,False,False,False,UP,NO
2026-08-23 13:32:20.317453+00:00,KXBTC15M-26AUG230945-45,77453.38,UP,0.59,59.0,0.4336734693877551,43.4,-0.15632653061224488,-15.6,2.338624216666666,12.661375783333334,-10.720000000001164,0.4336734693877551,0.5663265306122449,RAW,POSITIVE EDGE,False,False,False,False,False,False,UP,YES
2026-08-23 13:32:20.317453+00:00,KXBTC15M-26AUG230945-45,77453.38,DOWN,0.42,42.0,0.5663265306122449,56.6,0.14632653061224493,14.6,2.338624216666666,12.661375783333334,-10.720000000001164,0.4336734693877551,0.5663265306122449,RAW,POSITIVE EDGE,True,False,False,True,False,False,UP,NO
2026-08-23 13:32:50.199999+00:00,KXBTC15M-26AUG230945-45,77453.38,UP,0.47,47.0,0.4285714285714285,42.9,-0.04142857142857148,-4.1,2.83666665,12.163333349999998,-25.79000000000815,0.4285714285714285,0.5714285714285714,RAW,SMALL EDGE,False,False,False,False,False,False,UP,YES
2026-08-23 13:32:50.199999+00:00,KXBTC15M-26AUG230945-45,77453.38,DOWN,0.54,54.0,0.5714285714285714,57.1,0.03142857142857136,3.1,2.83666665,12.163333349999998,-25.79000000000815,0.4285714285714285,0.5714285714285714,RAW,SMALL EDGE,False,False,False,False,False,False,UP,NO
2026-08-23 13:33:20.256050+00:00,KXBTC15M-26AUG230945-45,77453.38,UP,0.42,42.0,0.4336734693877551,43.4,0.0136734693877551,1.4,3.337600833333333,11.662399166666669,-70.29000000000815,0.4336734693877551,0.5663265306122449,RAW,NO VALUE,True,False,False,False,False,False,UP,YES
2026-08-23 13:33:20.256050+00:00,KXBTC15M-26AUG230945-45,77453.38,DOWN,0.59,59.0,0.5663265306122449,56.6,-0.023673469387755053,-2.4,3.337600833333333,11.662399166666669,-70.29000000000815,0.4336734693877551,0.5663265306122449,RAW,NO VALUE,False,False,False,False,False,False,UP,NO
2026-08-23 13:33:50.243914+00:00,KXBTC15M-26AUG230945-45,77453.38,UP,0.38,38.0,0.4285714285714285,42.9,0.04857142857142849,4.9,3.8373985666666655,11.162601433333332,-44.88999999999942,0.4285714285714285,0.5714285714285714,RAW,NO VALUE,True,True,False,False,False,False,UP,YES
2026-08-23 13:33:50.243914+00:00,KXBTC15M-26AUG230945-45,77453.38,DOWN,0.63,63.0,0.5714285714285714,57.1,-0.05857142857142861,-5.9,3.8373985666666655,11.162601433333332,-44.88999999999942,0.4285714285714285,0.5714285714285714,RAW,NO VALUE,False,False,False,False,False,False,UP,NO
2026-08-23 13:34:20.137563+00:00,KXBTC15M-26AUG230945-45,77453.38,UP,0.34,34.0,0.4336734693877551,43.4,0.09367346938775506,9.4,4.33562605,10.66437395,-48.80000000000291,0.4336734693877551,0.5663265306122449,RAW,NO VALUE,True,True,False,False,False,False,UP,YES
2026-08-23 13:34:20.137563+00:00,KXBTC15M-26AUG230945-45,77453.38,DOWN,0.67,67.0,0.5663265306122449,56.6,-0.10367346938775512,-10.4,4.33562605,10.66437395,-48.80000000000291,0.4336734693877551,0.5663265306122449,RAW,NO VALUE,False,False,False,False,False,False,UP,NO
2026-08-23 13:34:50.316167+00:00,KXBTC15M-26AUG230945-45,77453.38,UP,0.31,31.0,0.4285714285714285,42.9,0.1185714285714285,11.9,4.838602783333333,10.161397216666668,-64.0,0.4285714285714285,0.5714285714285714,RAW,NO VALUE,True,True,False,True,False,False,UP,YES
2026-08-23 13:34:50.316167+00:00,KXBTC15M-26AUG230945-45,77453.38,DOWN,0.7,70.0,0.5714285714285714,57.1,-0.12857142857142856,-12.9,4.838602783333333,10.161397216666668,-64.0,0.4285714285714285,0.5714285714285714,RAW,NO VALUE,False,False,False,False,False,False,UP,NO
2026-08-23 13:35:20.219294+00:00,KXBTC15M-26AUG230945-45,77453.38,UP,0.29,29.0,0.3652173913043478,36.5,0.07521739130434785,7.5,5.336988233333333,9.663011766666669,-102.20000000001164,0.3652173913043478,0.6347826086956522,RAW,NO VALUE,True,True,True,False,False,False,UP,YES
2026-08-23 13:35:20.219294+00:00,KXBTC15M-26AUG230945-45,77453.38,DOWN,0.72,72.0,0.6347826086956522,63.5,-0.0852173913043478,-8.5,5.336988233333333,9.663011766666669,-102.20000000001164,0.3652173913043478,0.6347826086956522,RAW,NO VALUE,False,False,False,False,False,False,UP,NO
2026-08-23 13:35:50.202293+00:00,KXBTC15M-26AUG230945-45,77453.38,UP,0.27,27.0,0.2738853503184713,27.4,0.003885350318471259,0.4,5.836704883333334,9.163295116666664,-102.19000000000231,0.2738853503184713,0.7261146496815287,LEAN,NO VALUE,True,True,True,False,False,False,UP,YES
2026-08-23 13:35:50.202293+00:00,KXBTC15M-26AUG230945-45,77453.38,DOWN,0.74,74.0,0.7261146496815287,72.6,-0.013885350318471268,-1.4,5.836704883333334,9.163295116666664,-102.19000000000231,0.2738853503184713,0.7261146496815287,LEAN,NO VALUE,False,False,False,False,False,False,UP,NO
2026-08-23 13:36:20.190782+00:00,KXBTC15M-26AUG230945-45,77453.38,UP,0.29,29.0,0.4285714285714285,42.9,0.1385714285714285,13.9,6.3365130333333335,8.663486966666666,-21.98000000001048,0.4285714285714285,0.5714285714285714,RAW,NO VALUE,True,True,True,True,False,False,UP,YES
2026-08-23 13:36:20.190782+00:00,KXBTC15M-26AUG230945-45,77453.38,DOWN,0.72,72.0,0.5714285714285714,57.1,-0.14857142857142858,-14.9,6.3365130333333335,8.663486966666666,-21.98000000001048,0.4285714285714285,0.5714285714285714,RAW,NO VALUE,False,False,False,False,False,False,UP,NO
2026-08-23 13:36:50.206941+00:00,KXBTC15M-26AUG230945-45,77453.38,UP,0.5,50.0,0.6065573770491803,60.7,0.10655737704918034,10.7,6.836782349999999,8.16321765,12.389999999999418,0.3934426229508196,0.6065573770491803,RAW,POSITIVE EDGE,True,False,False,True,False,False,UP,YES
2026-08-23 13:36:50.206941+00:00,KXBTC15M-26AUG230945-45,77453.38,DOWN,0.51,51.0,0.3934426229508196,39.3,-0.1165573770491804,-11.7,6.836782349999999,8.16321765,12.389999999999418,0.3934426229508196,0.6065573770491803,RAW,POSITIVE EDGE,False,False,False,False,False,False,UP,NO
2026-08-23 13:37:20.160031+00:00,KXBTC15M-26AUG230945-45,77453.38,UP,0.5,50.0,0.6065573770491803,60.7,0.10655737704918034,10.7,7.336000516666667,7.663999483333333,15.470000000001164,0.3934426229508196,0.6065573770491803,RAW,POSITIVE EDGE,True,False,False,True,False,False,UP,YES
2026-08-23 13:37:20.160031+00:00,KXBTC15M-26AUG230945-45,77453.38,DOWN,0.51,51.0,0.3934426229508196,39.3,-0.1165573770491804,-11.7,7.336000516666667,7.663999483333333,15.470000000001164,0.3934426229508196,0.6065573770491803,RAW,POSITIVE EDGE,False,False,False,False,False,False,UP,NO
2026-08-23 13:37:50.270640+00:00,KXBTC15M-26AUG230945-45,77453.38,UP,0.51,51.0,0.6347826086956522,63.5,0.12478260869565216,12.5,7.837844,7.162156,22.94999999999709,0.3652173913043478,0.6347826086956522,RAW,POSITIVE EDGE,False,False,False,True,False,False,UP,YES
2026-08-23 13:37:50.270640+00:00,KXBTC15M-26AUG230945-45,77453.38,DOWN,0.5,50.0,0.3652173913043478,36.5,-0.13478260869565217,-13.5,7.837844,7.162156,22.94999999999709,0.3652173913043478,0.6347826086956522,RAW,POSITIVE EDGE,False,False,False,False,False,False,UP,NO
2026-08-23 13:38:20.351838+00:00,KXBTC15M-26AUG230945-45,77453.38,UP,0.55,55.0,0.6347826086956522,63.5,0.08478260869565213,8.5,8.3391973,6.6608027000000005,20.04999999998836,0.3652173913043478,0.6347826086956522,RAW,SMALL EDGE,False,False,False,False,False,False,UP,YES
2026-08-23 13:38:20.351838+00:00,KXBTC15M-26AUG230945-45,77453.38,DOWN,0.46,46.0,0.3652173913043478,36.5,-0.09478260869565219,-9.5,8.3391973,6.6608027000000005,20.04999999998836,0.3652173913043478,0.6347826086956522,RAW,SMALL EDGE,False,False,False,False,False,False,UP,NO
2026-08-23 13:38:50.203207+00:00,KXBTC15M-26AUG230945-45,77453.38,UP,0.59,59.0,0.7261146496815287,72.6,0.13611464968152875,13.6,8.836720116666667,6.163279883333333,54.419999999998254,0.2738853503184713,0.7261146496815287,LEAN,POSITIVE EDGE,False,False,False,True,False,False,UP,YES
2026-08-23 13:38:50.203207+00:00,KXBTC15M-26AUG230945-45,77453.38,DOWN,0.42,42.0,0.2738853503184713,27.4,-0.1461146496815287,-14.6,8.836720116666667,6.163279883333333,54.419999999998254,0.2738853503184713,0.7261146496815287,LEAN,POSITIVE EDGE,False,False,False,False,False,False,UP,NO
2026-08-23 13:39:20.267707+00:00,KXBTC15M-26AUG230945-45,77453.38,UP,0.71,71.0,0.7593984962406015,75.9,0.04939849624060155,4.9,9.337795116666666,5.662204883333334,88.79999999998836,0.2406015037593984,0.7593984962406015,LEAN,SMALL EDGE,False,False,False,False,False,False,UP,YES
2026-08-23 13:39:20.267707+00:00,KXBTC15M-26AUG230945-45,77453.38,DOWN,0.3,30.0,0.2406015037593984,24.1,-0.05939849624060159,-5.9,9.337795116666666,5.662204883333334,88.79999999998836,0.2406015037593984,0.7593984962406015,LEAN,SMALL EDGE,False,False,False,False,False,False,UP,NO
2026-08-23 13:39:50.130792+00:00,KXBTC15M-26AUG230945-45,77453.38,UP,0.88,88.0,0.8928571428571429,89.3,0.0128571428571429,1.3,9.8355132,5.164486800000001,119.36000000000058,0.1071428571428571,0.8928571428571429,STRONG,SMALL EDGE,False,False,False,False,False,False,UP,YES
2026-08-23 13:39:50.130792+00:00,KXBTC15M-26AUG230945-45,77453.38,DOWN,0.13,13.0,0.1071428571428571,10.7,-0.02285714285714291,-2.3,9.8355132,5.164486800000001,119.36000000000058,0.1071428571428571,0.8928571428571429,STRONG,SMALL EDGE,False,False,False,False,False,False,UP,NO
2026-08-23 13:40:20.148195+00:00,KXBTC15M-26AUG230945-45,77453.38,UP,0.9,90.0,0.9301075268817204,93.0,0.03010752688172036,3.0,10.33580325,4.66419675,136.4499999999971,0.0698924731182795,0.9301075268817204,LOCK,SMALL EDGE,False,False,False,False,False,False,UP,YES
2026-08-23 13:40:20.148195+00:00,KXBTC15M-26AUG230945-45,77453.38,DOWN,0.11,11.0,0.0698924731182795,7.0,-0.04010752688172051,-4.0,10.33580325,4.66419675,136.4499999999971,0.0698924731182795,0.9301075268817204,LOCK,SMALL EDGE,False,False,False,False,False,False,UP,NO
2026-08-23 13:40:50.185220+00:00,KXBTC15M-26AUG230945-45,77453.38,UP,0.89,89.0,0.9301075268817204,93.0,0.04010752688172037,4.0,10.836420333333333,4.163579666666667,97.94000000000231,0.0698924731182795,0.9301075268817204,LOCK,SMALL EDGE,False,False,False,False,False,False,UP,YES
2026-08-23 13:40:50.185220+00:00,KXBTC15M-26AUG230945-45,77453.38,DOWN,0.12,12.0,0.0698924731182795,7.0,-0.0501075268817205,-5.0,10.836420333333333,4.163579666666667,97.94000000000231,0.0698924731182795,0.9301075268817204,LOCK,SMALL EDGE,False,False,False,False,False,False,UP,NO
2026-08-23 13:41:20.218330+00:00,KXBTC15M-26AUG230945-45,77453.38,UP,0.93,93.0,0.7593984962406015,75.9,-0.17060150375939853,-17.1,11.336972166666667,3.663027833333333,67.08000000000175,0.2406015037593984,0.7593984962406015,LEAN,NO VALUE,False,False,False,False,False,False,UP,YES
2026-08-23 13:41:20.218330+00:00,KXBTC15M-26AUG230945-45,77453.38,DOWN,0.071,7.1,0.2406015037593984,24.1,0.16960150375939842,17.0,11.336972166666667,3.663027833333333,67.08000000000175,0.2406015037593984,0.7593984962406015,LEAN,NO VALUE,True,True,True,True,True,False,UP,NO
2026-08-23 13:41:50.340079+00:00,KXBTC15M-26AUG230945-45,77453.38,UP,0.9,90.0,0.890625,89.1,-0.009375000000000022,-0.9,11.839001316666666,3.160998683333333,67.08000000000175,0.109375,0.890625,STRONG,NO VALUE,False,False,False,False,False,False,UP,YES
2026-08-23 13:41:50.340079+00:00,KXBTC15M-26AUG230945-45,77453.38,DOWN,0.11,11.0,0.109375,10.9,-0.0006250000000000006,-0.1,11.839001316666666,3.160998683333333,67.08000000000175,0.109375,0.890625,STRONG,NO VALUE,False,False,False,False,False,False,UP,NO
2026-08-23 13:42:20.343296+00:00,KXBTC15M-26AUG230945-45,77453.38,UP,0.87,87.0,0.8018867924528301,80.2,-0.06811320754716987,-6.8,12.339054933333331,2.6609450666666663,48.33999999999651,0.1981132075471698,0.8018867924528301,STRONG,NO VALUE,False,False,False,False,False,False,UP,YES
2026-08-23 13:42:20.343296+00:00,KXBTC15M-26AUG230945-45,77453.38,DOWN,0.14,14.0,0.1981132075471698,19.8,0.05811320754716978,5.8,12.339054933333331,2.6609450666666663,48.33999999999651,0.1981132075471698,0.8018867924528301,STRONG,NO VALUE,True,True,True,False,False,False,UP,NO
2026-08-23 13:42:50.151053+00:00,KXBTC15M-26AUG230945-45,77453.38,UP,0.87,87.0,0.890625,89.1,0.020625000000000004,2.1,12.835850883333334,2.1641491166666667,45.72000000000117,0.109375,0.890625,STRONG,SMALL EDGE,False,False,False,False,False,False,UP,YES
2026-08-23 13:42:50.151053+00:00,KXBTC15M-26AUG230945-45,77453.38,DOWN,0.14,14.0,0.109375,10.9,-0.030625000000000013,-3.1,12.835850883333334,2.1641491166666667,45.72000000000117,0.109375,0.890625,STRONG,SMALL EDGE,False,False,False,False,False,False,UP,NO
2026-08-23 13:43:20.243514+00:00,KXBTC15M-26AUG230945-45,77453.38,UP,0.89,89.0,0.890625,89.1,0.0006249999999999867,0.1,13.3373919,1.6626081,34.7899999999936,0.109375,0.890625,STRONG,SMALL EDGE,False,False,False,False,False,False,UP,YES
2026-08-23 13:43:20.243514+00:00,KXBTC15M-26AUG230945-45,77453.38,DOWN,0.12,12.0,0.109375,10.9,-0.010624999999999996,-1.1,13.3373919,1.6626081,34.7899999999936,0.109375,0.890625,STRONG,SMALL EDGE,False,False,False,False,False,False,UP,NO
2026-08-23 13:43:50.202505+00:00,KXBTC15M-26AUG230945-45,77453.38,UP,0.89,89.0,0.890625,89.1,0.0006249999999999867,0.1,13.836708416666664,1.1632915833333333,32.5399999999936,0.109375,0.890625,STRONG,SMALL EDGE,False,False,False,False,False,False,UP,YES
2026-08-23 13:43:50.202505+00:00,KXBTC15M-26AUG230945-45,77453.38,DOWN,0.12,12.0,0.109375,10.9,-0.010624999999999996,-1.1,13.836708416666664,1.1632915833333333,32.5399999999936,0.109375,0.890625,STRONG,SMALL EDGE,False,False,False,False,False,False,UP,NO
2026-08-23 13:44:20.244102+00:00,KXBTC15M-26AUG230945-45,77453.38,UP,0.966,96.6,0.8928571428571429,89.3,-0.07314285714285707,-7.3,14.3374017,0.6625983000000001,29.629999999990105,0.1071428571428571,0.8928571428571429,STRONG,NO VALUE,False,False,False,False,False,False,UP,YES
2026-08-23 13:44:20.244102+00:00,KXBTC15M-26AUG230945-45,77453.38,DOWN,0.035,3.5,0.1071428571428571,10.7,0.07214285714285709,7.2,14.3374017,0.6625983000000001,29.629999999990105,0.1071428571428571,0.8928571428571429,STRONG,NO VALUE,True,True,True,False,False,False,UP,NO
2026-08-23 13:44:50.253341+00:00,KXBTC15M-26AUG230945-45,77453.38,UP,0.999,99.9,0.9301075268817204,93.0,-0.06889247311827962,-6.9,14.837555683333331,0.1624443166666666,56.90999999998894,0.0698924731182795,0.9301075268817204,LOCK,NO VALUE,False,False,False,False,False,False,UP,YES
2026-08-23 13:44:50.253341+00:00,KXBTC15M-26AUG230945-45,77453.38,DOWN,0.002,0.2,0.0698924731182795,7.0,0.06789247311827949,6.8,14.837555683333331,0.1624443166666666,56.90999999998894,0.0698924731182795,0.9301075268817204,LOCK,NO VALUE,True,True,True,False,False,False,UP,NO
2026-08-23 13:45:20.398349+00:00,KXBTC15M-26AUG231000-00,77498.04,UP,0.5,50.0,0.4336734693877551,43.4,-0.06632653061224492,-6.6,0.3399724833333333,14.660027516666666,-39.88999999999942,0.4336734693877551,0.5663265306122449,RAW,SMALL EDGE,False,False,False,False,False,False,DOWN,NO
2026-08-23 13:45:20.398349+00:00,KXBTC15M-26AUG231000-00,77498.04,DOWN,0.51,51.0,0.5663265306122449,56.6,0.05632653061224491,5.6,0.3399724833333333,14.660027516666666,-39.88999999999942,0.4336734693877551,0.5663265306122449,RAW,SMALL EDGE,False,False,False,False,False,False,DOWN,YES
2026-08-23 13:45:50.333521+00:00,KXBTC15M-26AUG231000-00,77498.04,UP,0.34,34.0,0.4336734693877551,43.4,0.09367346938775506,9.4,0.8388920166666666,14.161107983333332,-43.729999999995925,0.4336734693877551,0.5663265306122449,RAW,NO VALUE,True,True,False,False,False,False,DOWN,NO
2026-08-23 13:45:50.333521+00:00,KXBTC15M-26AUG231000-00,77498.04,DOWN,0.67,67.0,0.5663265306122449,56.6,-0.10367346938775512,-10.4,0.8388920166666666,14.161107983333332,-43.729999999995925,0.4336734693877551,0.5663265306122449,RAW,NO VALUE,False,False,False,False,False,False,DOWN,YES
2026-08-23 13:46:20.166116+00:00,KXBTC15M-26AUG231000-00,77498.04,UP,0.39,39.0,0.4336734693877551,43.4,0.04367346938775507,4.4,1.3361019333333333,13.663898066666668,-44.21999999998661,0.4336734693877551,0.5663265306122449,RAW,NO VALUE,True,True,False,False,False,False,DOWN,NO
2026-08-23 13:46:20.166116+00:00,KXBTC15M-26AUG231000-00,77498.04,DOWN,0.62,62.0,0.5663265306122449,56.6,-0.05367346938775508,-5.4,1.3361019333333333,13.663898066666668,-44.21999999998661,0.4336734693877551,0.5663265306122449,RAW,NO VALUE,False,False,False,False,False,False,DOWN,YES
2026-08-23 13:46:50.300294+00:00,KXBTC15M-26AUG231000-00,77498.04,UP,0.45,45.0,0.4336734693877551,43.4,-0.016326530612244927,-1.6,1.838338233333333,13.161661766666668,-13.15999999998894,0.4336734693877551,0.5663265306122449,RAW,SMALL EDGE,False,False,False,False,False,False,DOWN,NO
2026-08-23 13:46:50.300294+00:00,KXBTC15M-26AUG231000-00,77498.04,DOWN,0.56,56.0,0.5663265306122449,56.6,0.006326530612244863,0.6,1.838338233333333,13.161661766666668,-13.15999999998894,0.4336734693877551,0.5663265306122449,RAW,SMALL EDGE,False,False,False,False,False,False,DOWN,YES
2026-08-23 14:26:13.883152+00:00,KXBTC15M-26AUG231030-30,77542.94,UP,0.11,11.0,0.1981132075471698,19.8,0.0881132075471698,8.8,11.231385866666669,3.7686141333333336,-61.16000000000349,0.1981132075471698,0.8018867924528301,STRONG,NO VALUE,True,True,True,False,False,False,DOWN,NO
2026-08-23 14:26:13.883152+00:00,KXBTC15M-26AUG231030-30,77542.94,DOWN,0.9,90.0,0.8018867924528301,80.2,-0.0981132075471699,-9.8,11.231385866666669,3.7686141333333336,-61.16000000000349,0.1981132075471698,0.8018867924528301,STRONG,NO VALUE,False,False,False,False,False,False,DOWN,YES
2026-08-23 14:26:43.773641+00:00,KXBTC15M-26AUG231030-30,77542.94,UP,0.16,16.0,0.0119047619047619,1.2,-0.1480952380952381,-14.8,11.729560683333334,3.2704393166666668,-80.97000000000116,0.0119047619047619,0.988095238095238,LOCK,POSITIVE EDGE,False,False,False,False,False,False,DOWN,NO
2026-08-23 14:26:43.773641+00:00,KXBTC15M-26AUG231030-30,77542.94,DOWN,0.85,85.0,0.988095238095238,98.8,0.13809523809523805,13.8,11.729560683333334,3.2704393166666668,-80.97000000000116,0.0119047619047619,0.988095238095238,LOCK,POSITIVE EDGE,False,False,False,True,False,False,DOWN,YES
2026-08-23 14:27:13.806716+00:00,KXBTC15M-26AUG231030-30,77542.94,UP,0.077,7.7,0.0698924731182795,7.0,-0.007107526881720505,-0.7,12.230111933333337,2.7698880666666668,-69.65000000000873,0.0698924731182795,0.9301075268817204,LOCK,SMALL EDGE,False,False,False,False,False,False,DOWN,NO
2026-08-23 14:27:13.806716+00:00,KXBTC15M-26AUG231030-30,77542.94,DOWN,0.924,92.4,0.9301075268817204,93.0,0.006107526881720338,0.6,12.230111933333337,2.7698880666666668,-69.65000000000873,0.0698924731182795,0.9301075268817204,LOCK,SMALL EDGE,False,False,False,False,False,False,DOWN,YES
2026-08-23 14:27:43.674927+00:00,KXBTC15M-26AUG231030-30,77542.94,UP,0.062,6.2,0.0119047619047619,1.2,-0.050095238095238095,-5.0,12.72791545,2.27208455,-69.61000000000058,0.0119047619047619,0.988095238095238,LOCK,SMALL EDGE,False,False,False,False,False,False,DOWN,NO
2026-08-23 14:27:43.674927+00:00,KXBTC15M-26AUG231030-30,77542.94,DOWN,0.94,94.0,0.988095238095238,98.8,0.04809523809523808,4.8,12.72791545,2.27208455,-69.61000000000058,0.0119047619047619,0.988095238095238,LOCK,SMALL EDGE,False,False,False,False,False,False,DOWN,YES
2026-08-23 14:28:13.742725+00:00,KXBTC15M-26AUG231030-30,77542.94,UP,0.022,2.2,0.0,0.0,-0.022,-2.2,13.229045416666668,1.7709545833333336,-79.47000000000116,0.0,1.0,LOCK,SMALL EDGE,False,False,False,False,False,False,DOWN,NO
2026-08-23 14:28:13.742725+00:00,KXBTC15M-26AUG231030-30,77542.94,DOWN,0.98,98.0,1.0,100.0,0.020000000000000018,2.0,13.229045416666668,1.7709545833333336,-79.47000000000116,0.0,1.0,LOCK,SMALL EDGE,False,False,False,False,False,False,DOWN,YES
2026-08-23 14:28:43.714365+00:00,KXBTC15M-26AUG231030-30,77542.94,UP,0.02,2.0,0.0119047619047619,1.2,-0.0080952380952381,-0.8,13.72857275,1.27142725,-61.90000000000873,0.0119047619047619,0.988095238095238,LOCK,SMALL EDGE,False,False,False,False,False,False,DOWN,NO
2026-08-23 14:28:43.714365+00:00,KXBTC15M-26AUG231030-30,77542.94,DOWN,0.981,98.1,0.988095238095238,98.8,0.007095238095238043,0.7,13.72857275,1.27142725,-61.90000000000873,0.0119047619047619,0.988095238095238,LOCK,SMALL EDGE,False,False,False,False,False,False,DOWN,YES
2026-08-23 14:29:13.754699+00:00,KXBTC15M-26AUG231030-30,77542.94,UP,0.001,0.1,0.0,0.0,-0.001,-0.1,14.229244983333333,0.7707550166666667,-65.18000000000757,0.0,1.0,LOCK,NO VALUE,False,False,False,False,False,False,DOWN,NO
2026-08-23 14:29:13.754699+00:00,KXBTC15M-26AUG231030-30,77542.94,DOWN,1.0,100.0,1.0,100.0,0.0,0.0,14.229244983333333,0.7707550166666667,-65.18000000000757,0.0,1.0,LOCK,NO VALUE,False,False,False,False,False,False,DOWN,YES
2026-08-23 14:29:43.732018+00:00,KXBTC15M-26AUG231030-30,77542.94,UP,0.001,0.1,0.0119047619047619,1.2,0.0109047619047619,1.1,14.728866966666669,0.2711330333333333,-103.04000000000816,0.0119047619047619,0.988095238095238,LOCK,NO VALUE,True,True,True,False,False,False,DOWN,NO
2026-08-23 14:29:43.732018+00:00,KXBTC15M-26AUG231030-30,77542.94,DOWN,1.0,100.0,0.988095238095238,98.8,-0.011904761904761973,-1.2,14.728866966666669,0.2711330333333333,-103.04000000000816,0.0119047619047619,0.988095238095238,LOCK,NO VALUE,False,False,False,False,False,False,DOWN,YES
2026-08-23 14:30:43.810893+00:00,KXBTC15M-26AUG231045-45,77459.25,UP,0.46,46.0,0.4336734693877551,43.4,-0.026326530612244936,-2.6,0.73018155,14.26981845,-4.889999999999418,0.4336734693877551,0.5663265306122449,RAW,SMALL EDGE,False,False,False,False,False,False,DOWN,NO
2026-08-23 14:30:43.810893+00:00,KXBTC15M-26AUG231045-45,77459.25,DOWN,0.55,55.0,0.5663265306122449,56.6,0.01632653061224487,1.6,0.73018155,14.26981845,-4.889999999999418,0.4336734693877551,0.5663265306122449,RAW,SMALL EDGE,False,False,False,False,False,False,DOWN,YES
2026-08-23 14:31:13.749893+00:00,KXBTC15M-26AUG231045-45,77459.25,UP,0.47,47.0,0.4336734693877551,43.4,-0.03632653061224489,-3.6,1.2291648833333333,13.770835116666666,-26.39999999999418,0.4336734693877551,0.5663265306122449,RAW,SMALL EDGE,False,False,False,False,False,False,DOWN,NO
2026-08-23 14:31:13.749893+00:00,KXBTC15M-26AUG231045-45,77459.25,DOWN,0.54,54.0,0.5663265306122449,56.6,0.02632653061224488,2.6,1.2291648833333333,13.770835116666666,-26.39999999999418,0.4336734693877551,0.5663265306122449,RAW,SMALL EDGE,False,False,False,False,False,False,DOWN,YES
2026-08-23 14:31:43.711736+00:00,KXBTC15M-26AUG231045-45,77459.25,UP,0.45,45.0,0.4336734693877551,43.4,-0.016326530612244927,-1.6,1.7285289333333334,13.271471066666669,-4.929999999993015,0.4336734693877551,0.5663265306122449,RAW,SMALL EDGE,False,False,False,False,False,False,DOWN,NO
2026-08-23 14:31:43.711736+00:00,KXBTC15M-26AUG231045-45,77459.25,DOWN,0.56,56.0,0.5663265306122449,56.6,0.006326530612244863,0.6,1.7285289333333334,13.271471066666669,-4.929999999993015,0.4336734693877551,0.5663265306122449,RAW,SMALL EDGE,False,False,False,False,False,False,DOWN,YES
2026-08-23 14:32:13.675337+00:00,KXBTC15M-26AUG231045-45,77459.25,UP,0.49,49.0,0.4336734693877551,43.4,-0.05632653061224491,-5.6,2.2279222833333336,12.772077716666669,-39.2100000000064,0.4336734693877551,0.5663265306122449,RAW,SMALL EDGE,False,False,False,False,False,False,DOWN,NO
2026-08-23 14:32:13.675337+00:00,KXBTC15M-26AUG231045-45,77459.25,DOWN,0.52,52.0,0.5663265306122449,56.6,0.0463265306122449,4.6,2.2279222833333336,12.772077716666669,-39.2100000000064,0.4336734693877551,0.5663265306122449,RAW,SMALL EDGE,False,False,False,False,False,False,DOWN,YES
2026-08-23 14:32:43.682594+00:00,KXBTC15M-26AUG231045-45,77459.25,UP,0.39,39.0,0.4336734693877551,43.4,0.04367346938775507,4.4,2.728043233333333,12.271956766666667,-23.24000000000524,0.4336734693877551,0.5663265306122449,RAW,NO VALUE,True,True,False,False,False,False,DOWN,NO
2026-08-23 14:32:43.682594+00:00,KXBTC15M-26AUG231045-45,77459.25,DOWN,0.62,62.0,0.5663265306122449,56.6,-0.05367346938775508,-5.4,2.728043233333333,12.271956766666667,-23.24000000000524,0.4336734693877551,0.5663265306122449,RAW,NO VALUE,False,False,False,False,False,False,DOWN,YES
2026-08-23 14:33:13.801504+00:00,KXBTC15M-26AUG231045-45,77459.25,UP,0.4,40.0,0.4285714285714285,42.9,0.02857142857142847,2.9,3.2300250666666668,11.769974933333334,-53.9600000000064,0.4285714285714285,0.5714285714285714,RAW,NO VALUE,True,True,False,False,False,False,DOWN,NO
2026-08-23 14:33:13.801504+00:00,KXBTC15M-26AUG231045-45,77459.25,DOWN,0.61,61.0,0.5714285714285714,57.1,-0.03857142857142859,-3.9,3.2300250666666668,11.769974933333334,-53.9600000000064,0.4285714285714285,0.5714285714285714,RAW,NO VALUE,False,False,False,False,False,False,DOWN,YES
2026-08-23 14:33:43.665840+00:00,KXBTC15M-26AUG231045-45,77459.25,UP,0.36,36.0,0.4285714285714285,42.9,0.0685714285714285,6.9,3.727764,11.272236,-48.72000000000117,0.4285714285714285,0.5714285714285714,RAW,NO VALUE,True,True,False,False,False,False,DOWN,NO
2026-08-23 14:33:43.665840+00:00,KXBTC15M-26AUG231045-45,77459.25,DOWN,0.65,65.0,0.5714285714285714,57.1,-0.07857142857142863,-7.9,3.727764,11.272236,-48.72000000000117,0.4285714285714285,0.5714285714285714,RAW,NO VALUE,False,False,False,False,False,False,DOWN,YES
2026-08-23 14:34:13.840927+00:00,KXBTC15M-26AUG231045-45,77459.25,UP,0.35,35.0,0.4285714285714285,42.9,0.07857142857142851,7.9,4.230682116666666,10.769317883333336,-43.669999999998254,0.4285714285714285,0.5714285714285714,RAW,NO VALUE,True,True,False,False,False,False,DOWN,NO
2026-08-23 14:34:13.840927+00:00,KXBTC15M-26AUG231045-45,77459.25,DOWN,0.66,66.0,0.5714285714285714,57.1,-0.08857142857142863,-8.9,4.230682116666666,10.769317883333336,-43.669999999998254,0.4285714285714285,0.5714285714285714,RAW,NO VALUE,False,False,False,False,False,False,DOWN,YES
2026-08-23 14:34:43.942773+00:00,KXBTC15M-26AUG231045-45,77459.25,UP,0.37,37.0,0.3934426229508196,39.3,0.023442622950819614,2.3,4.73237955,10.26762045,-41.61999999999534,0.3934426229508196,0.6065573770491803,RAW,NO VALUE,True,True,False,False,False,False,DOWN,NO
2026-08-23 14:34:43.942773+00:00,KXBTC15M-26AUG231045-45,77459.25,DOWN,0.64,64.0,0.6065573770491803,60.7,-0.03344262295081968,-3.3,4.73237955,10.26762045,-41.61999999999534,0.3934426229508196,0.6065573770491803,RAW,NO VALUE,False,False,False,False,False,False,DOWN,YES
2026-08-23 14:35:13.728713+00:00,KXBTC15M-26AUG231045-45,77459.25,UP,0.37,37.0,0.3934426229508196,39.3,0.023442622950819614,2.3,5.228811883333334,9.771188116666668,-37.69999999999709,0.3934426229508196,0.6065573770491803,RAW,NO VALUE,True,True,False,False,False,False,DOWN,NO
2026-08-23 14:35:13.728713+00:00,KXBTC15M-26AUG231045-45,77459.25,DOWN,0.64,64.0,0.6065573770491803,60.7,-0.03344262295081968,-3.3,5.228811883333334,9.771188116666668,-37.69999999999709,0.3934426229508196,0.6065573770491803,RAW,NO VALUE,False,False,False,False,False,False,DOWN,YES
2026-08-23 14:35:43.835268+00:00,KXBTC15M-26AUG231045-45,77459.25,UP,0.36,36.0,0.3934426229508196,39.3,0.03344262295081962,3.3,5.7305878,9.2694122,-32.24000000000524,0.3934426229508196,0.6065573770491803,RAW,NO VALUE,True,True,False,False,False,False,DOWN,NO
2026-08-23 14:35:43.835268+00:00,KXBTC15M-26AUG231045-45,77459.25,DOWN,0.65,65.0,0.6065573770491803,60.7,-0.04344262295081969,-4.3,5.7305878,9.2694122,-32.24000000000524,0.3934426229508196,0.6065573770491803,RAW,NO VALUE,False,False,False,False,False,False,DOWN,YES
2026-08-23 14:36:13.689834+00:00,KXBTC15M-26AUG231045-45,77459.25,UP,0.41,41.0,0.2738853503184713,27.4,-0.1361146496815287,-13.6,6.2281639,8.7718361,-31.55999999999767,0.2738853503184713,0.7261146496815287,LEAN,POSITIVE EDGE,False,False,False,False,False,False,DOWN,NO
2026-08-23 14:36:13.689834+00:00,KXBTC15M-26AUG231045-45,77459.25,DOWN,0.6,60.0,0.7261146496815287,72.6,0.12611464968152875,12.6,6.2281639,8.7718361,-31.55999999999767,0.2738853503184713,0.7261146496815287,LEAN,POSITIVE EDGE,False,False,False,True,False,False,DOWN,YES
2026-08-23 14:36:43.672552+00:00,KXBTC15M-26AUG231045-45,77459.25,UP,0.39,39.0,0.2738853503184713,27.4,-0.11611464968152874,-11.6,6.7278758666666665,8.272124133333334,-38.52000000000408,0.2738853503184713,0.7261146496815287,LEAN,SMALL EDGE,False,False,False,False,False,False,DOWN,NO
2026-08-23 14:36:43.672552+00:00,KXBTC15M-26AUG231045-45,77459.25,DOWN,0.63,63.0,0.7261146496815287,72.6,0.09611464968152872,9.6,6.7278758666666665,8.272124133333334,-38.52000000000408,0.2738853503184713,0.7261146496815287,LEAN,SMALL EDGE,False,False,False,False,False,False,DOWN,YES
2026-08-23 14:37:13.720940+00:00,KXBTC15M-26AUG231045-45,77459.25,UP,0.38,38.0,0.3934426229508196,39.3,0.013442622950819605,1.3,7.228682333333333,7.771317666666667,-23.830000000001743,0.3934426229508196,0.6065573770491803,RAW,NO VALUE,True,True,False,False,False,False,DOWN,NO
2026-08-23 14:37:13.720940+00:00,KXBTC15M-26AUG231045-45,77459.25,DOWN,0.63,63.0,0.6065573770491803,60.7,-0.02344262295081967,-2.3,7.228682333333333,7.771317666666667,-23.830000000001743,0.3934426229508196,0.6065573770491803,RAW,NO VALUE,False,False,False,False,False,False,DOWN,YES
2026-08-23 14:37:43.721364+00:00,KXBTC15M-26AUG231045-45,77459.25,UP,0.31,31.0,0.2738853503184713,27.4,-0.03611464968152872,-3.6,7.728689399999999,7.2713106,-31.669999999998254,0.2738853503184713,0.7261146496815287,LEAN,SMALL EDGE,False,False,False,False,False,False,DOWN,NO
2026-08-23 14:37:43.721364+00:00,KXBTC15M-26AUG231045-45,77459.25,DOWN,0.7,70.0,0.7261146496815287,72.6,0.026114649681528768,2.6,7.728689399999999,7.2713106,-31.669999999998254,0.2738853503184713,0.7261146496815287,LEAN,SMALL EDGE,False,False,False,False,False,False,DOWN,YES
2026-08-23 14:38:13.829072+00:00,KXBTC15M-26AUG231045-45,77459.25,UP,0.44,44.0,0.4285714285714285,42.9,-0.01142857142857151,-1.1,8.230484533333334,6.769515466666666,-13.44999999999709,0.4285714285714285,0.5714285714285714,RAW,SMALL EDGE,False,False,False,False,False,False,DOWN,NO
2026-08-23 14:38:13.829072+00:00,KXBTC15M-26AUG231045-45,77459.25,DOWN,0.57,57.0,0.5714285714285714,57.1,0.0014285714285714457,0.1,8.230484533333334,6.769515466666666,-13.44999999999709,0.4285714285714285,0.5714285714285714,RAW,SMALL EDGE,False,False,False,False,False,False,DOWN,YES
2026-08-23 14:38:43.717909+00:00,KXBTC15M-26AUG231045-45,77459.25,UP,0.56,56.0,0.5714285714285714,57.1,0.011428571428571344,1.1,8.728631816666667,6.271368183333333,15.389999999999418,0.4285714285714285,0.5714285714285714,RAW,SMALL EDGE,False,False,False,False,False,False,DOWN,NO
2026-08-23 14:38:43.717909+00:00,KXBTC15M-26AUG231045-45,77459.25,DOWN,0.45,45.0,0.4285714285714285,42.9,-0.02142857142857152,-2.1,8.728631816666667,6.271368183333333,15.389999999999418,0.4285714285714285,0.5714285714285714,RAW,SMALL EDGE,False,False,False,False,False,False,DOWN,YES
2026-08-23 14:39:13.698270+00:00,KXBTC15M-26AUG231045-45,77459.25,UP,0.52,52.0,0.5663265306122449,56.6,0.0463265306122449,4.6,9.2283045,5.771695500000001,0.1000000000058207,0.4336734693877551,0.5663265306122449,RAW,SMALL EDGE,False,False,False,False,False,False,DOWN,NO
2026-08-23 14:39:13.698270+00:00,KXBTC15M-26AUG231045-45,77459.25,DOWN,0.49,49.0,0.4336734693877551,43.4,-0.05632653061224491,-5.6,9.2283045,5.771695500000001,0.1000000000058207,0.4336734693877551,0.5663265306122449,RAW,SMALL EDGE,False,False,False,False,False,False,DOWN,YES
2026-08-23 14:39:43.778787+00:00,KXBTC15M-26AUG231045-45,77459.25,UP,0.34,34.0,0.3652173913043478,36.5,0.025217391304347803,2.5,9.72964645,5.270353549999999,-31.5,0.3652173913043478,0.6347826086956522,RAW,NO VALUE,True,True,False,False,False,False,DOWN,NO
2026-08-23 14:39:43.778787+00:00,KXBTC15M-26AUG231045-45,77459.25,DOWN,0.68,68.0,0.6347826086956522,63.5,-0.045217391304347876,-4.5,9.72964645,5.270353549999999,-31.5,0.3652173913043478,0.6347826086956522,RAW,NO VALUE,False,False,False,False,False,False,DOWN,YES
2026-08-23 14:40:13.749000+00:00,KXBTC15M-26AUG231045-45,77459.25,UP,0.4,40.0,0.4285714285714285,42.9,0.02857142857142847,2.9,10.22915,4.770849999999999,-16.389999999999418,0.4285714285714285,0.5714285714285714,RAW,NO VALUE,True,True,False,False,False,False,DOWN,NO
2026-08-23 14:40:13.749000+00:00,KXBTC15M-26AUG231045-45,77459.25,DOWN,0.61,61.0,0.5714285714285714,57.1,-0.03857142857142859,-3.9,10.22915,4.770849999999999,-16.389999999999418,0.4285714285714285,0.5714285714285714,RAW,NO VALUE,False,False,False,False,False,False,DOWN,YES
2026-08-23 14:40:43.977583+00:00,KXBTC15M-26AUG231045-45,77459.25,UP,0.43,43.0,0.4336734693877551,43.4,0.0036734693877550906,0.4,10.732959716666668,4.267040283333333,-9.360000000000582,0.4336734693877551,0.5663265306122449,RAW,NO VALUE,True,False,False,False,False,False,DOWN,NO
2026-08-23 14:40:43.977583+00:00,KXBTC15M-26AUG231045-45,77459.25,DOWN,0.58,58.0,0.5663265306122449,56.6,-0.013673469387755044,-1.4,10.732959716666668,4.267040283333333,-9.360000000000582,0.4336734693877551,0.5663265306122449,RAW,NO VALUE,False,False,False,False,False,False,DOWN,YES
2026-08-23 14:41:13.720430+00:00,KXBTC15M-26AUG231045-45,77459.25,UP,0.22,22.0,0.3333333333333333,33.3,0.11333333333333331,11.3,11.228673833333334,3.771326166666667,-26.00999999999476,0.3333333333333333,0.6666666666666667,RAW,NO VALUE,True,True,True,True,False,False,DOWN,NO
2026-08-23 14:41:13.720430+00:00,KXBTC15M-26AUG231045-45,77459.25,DOWN,0.79,79.0,0.6666666666666667,66.7,-0.1233333333333333,-12.3,11.228673833333334,3.771326166666667,-26.00999999999476,0.3333333333333333,0.6666666666666667,RAW,NO VALUE,False,False,False,False,False,False,DOWN,YES
2026-08-23 14:41:43.723529+00:00,KXBTC15M-26AUG231045-45,77459.25,UP,0.22,22.0,0.109375,10.9,-0.110625,-11.1,11.728725483333331,3.2712745166666664,-41.89999999999418,0.109375,0.890625,STRONG,POSITIVE EDGE,False,False,False,False,False,False,DOWN,NO
2026-08-23 14:41:43.723529+00:00,KXBTC15M-26AUG231045-45,77459.25,DOWN,0.79,79.0,0.890625,89.1,0.10062499999999996,10.1,11.728725483333331,3.2712745166666664,-41.89999999999418,0.109375,0.890625,STRONG,POSITIVE EDGE,False,False,False,True,False,False,DOWN,YES
2026-08-23 14:42:13.725965+00:00,KXBTC15M-26AUG231045-45,77459.25,UP,0.18,18.0,0.0119047619047619,1.2,-0.1680952380952381,-16.8,12.228766083333332,2.771233916666666,-92.77999999999884,0.0119047619047619,0.988095238095238,LOCK,POSITIVE EDGE,False,False,False,False,False,False,DOWN,NO
2026-08-23 14:42:13.725965+00:00,KXBTC15M-26AUG231045-45,77459.25,DOWN,0.83,83.0,0.988095238095238,98.8,0.15809523809523807,15.8,12.228766083333332,2.771233916666666,-92.77999999999884,0.0119047619047619,0.988095238095238,LOCK,POSITIVE EDGE,False,False,False,True,True,False,DOWN,YES
2026-08-23 14:42:43.730834+00:00,KXBTC15M-26AUG231045-45,77459.25,UP,0.017,1.7,0.0698924731182795,7.0,0.05289247311827949,5.3,12.728847233333331,2.271152766666667,-376.8000000000029,0.0698924731182795,0.9301075268817204,LOCK,NO VALUE,True,True,True,False,False,False,DOWN,NO
2026-08-23 14:42:43.730834+00:00,KXBTC15M-26AUG231045-45,77459.25,DOWN,0.984,98.4,0.9301075268817204,93.0,-0.053892473118279605,-5.4,12.728847233333331,2.271152766666667,-376.8000000000029,0.0698924731182795,0.9301075268817204,LOCK,NO VALUE,False,False,False,False,False,False,DOWN,YES
2026-08-23 14:43:13.832865+00:00,KXBTC15M-26AUG231045-45,77459.25,UP,0.002,0.2,0.0698924731182795,7.0,0.06789247311827949,6.8,13.23054775,1.76945225,-573.0299999999988,0.0698924731182795,0.9301075268817204,LOCK,NO VALUE,True,True,True,False,False,False,DOWN,NO
2026-08-23 14:43:13.832865+00:00,KXBTC15M-26AUG231045-45,77459.25,DOWN,0.999,99.9,0.9301075268817204,93.0,-0.06889247311827962,-6.9,13.23054775,1.76945225,-573.0299999999988,0.0698924731182795,0.9301075268817204,LOCK,NO VALUE,False,False,False,False,False,False,DOWN,YES
2026-08-23 14:43:43.685547+00:00,KXBTC15M-26AUG231045-45,77459.25,UP,0.002,0.2,0.0698924731182795,7.0,0.06789247311827949,6.8,13.72809245,1.27190755,-540.7400000000052,0.0698924731182795,0.9301075268817204,LOCK,NO VALUE,True,True,True,False,False,False,DOWN,NO
2026-08-23 14:43:43.685547+00:00,KXBTC15M-26AUG231045-45,77459.25,DOWN,0.999,99.9,0.9301075268817204,93.0,-0.06889247311827962,-6.9,13.72809245,1.27190755,-540.7400000000052,0.0698924731182795,0.9301075268817204,LOCK,NO VALUE,False,False,False,False,False,False,DOWN,YES
2026-08-23 14:44:13.705478+00:00,KXBTC15M-26AUG231045-45,77459.25,UP,0.002,0.2,0.0698924731182795,7.0,0.06789247311827949,6.8,14.228424633333333,0.7715753666666667,-421.3000000000029,0.0698924731182795,0.9301075268817204,LOCK,NO VALUE,True,True,True,False,False,False,DOWN,NO
2026-08-23 14:44:13.705478+00:00,KXBTC15M-26AUG231045-45,77459.25,DOWN,0.999,99.9,0.9301075268817204,93.0,-0.06889247311827962,-6.9,14.228424633333333,0.7715753666666667,-421.3000000000029,0.0698924731182795,0.9301075268817204,LOCK,NO VALUE,False,False,False,False,False,False,DOWN,YES
2026-08-23 14:44:43.745473+00:00,KXBTC15M-26AUG231045-45,77459.25,UP,0.002,0.2,0.0698924731182795,7.0,0.06789247311827949,6.8,14.729091216666664,0.2709087833333333,-386.9199999999983,0.0698924731182795,0.9301075268817204,LOCK,NO VALUE,True,True,True,False,False,False,DOWN,NO
2026-08-23 14:44:43.745473+00:00,KXBTC15M-26AUG231045-45,77459.25,DOWN,0.999,99.9,0.9301075268817204,93.0,-0.06889247311827962,-6.9,14.729091216666664,0.2709087833333333,-386.9199999999983,0.0698924731182795,0.9301075268817204,LOCK,NO VALUE,False,False,False,False,False,False,DOWN,YES
2026-08-23 14:45:13.829767+00:00,KXBTC15M-26AUG231100-00,77047.72,UP,0.53,53.0,0.5714285714285714,57.1,0.04142857142857137,4.1,0.2304961166666666,14.769503883333334,16.95999999999185,0.4285714285714285,0.5714285714285714,RAW,SMALL EDGE,False,False,False,False,False,False,UP,YES
2026-08-23 14:45:13.829767+00:00,KXBTC15M-26AUG231100-00,77047.72,DOWN,0.48,48.0,0.4285714285714285,42.9,-0.05142857142857149,-5.1,0.2304961166666666,14.769503883333334,16.95999999999185,0.4285714285714285,0.5714285714285714,RAW,SMALL EDGE,False,False,False,False,False,False,UP,NO
2026-08-23 14:45:43.949898+00:00,KXBTC15M-26AUG231100-00,77047.72,UP,0.66,66.0,0.5663265306122449,56.6,-0.09367346938775512,-9.4,0.7324982999999999,14.2675017,89.55000000000291,0.4336734693877551,0.5663265306122449,RAW,NO VALUE,False,False,False,False,False,False,UP,YES
2026-08-23 14:45:43.949898+00:00,KXBTC15M-26AUG231100-00,77047.72,DOWN,0.35,35.0,0.4336734693877551,43.4,0.0836734693877551,8.4,0.7324982999999999,14.2675017,89.55000000000291,0.4336734693877551,0.5663265306122449,RAW,NO VALUE,True,True,False,False,False,False,UP,NO
2026-08-23 14:46:13.720705+00:00,KXBTC15M-26AUG231100-00,77047.72,UP,0.58,58.0,0.6347826086956522,63.5,0.05478260869565221,5.5,1.2286784166666669,13.771321583333334,41.41000000000349,0.3652173913043478,0.6347826086956522,RAW,SMALL EDGE,False,False,False,False,False,False,UP,YES
2026-08-23 14:46:13.720705+00:00,KXBTC15M-26AUG231100-00,77047.72,DOWN,0.43,43.0,0.3652173913043478,36.5,-0.06478260869565217,-6.5,1.2286784166666669,13.771321583333334,41.41000000000349,0.3652173913043478,0.6347826086956522,RAW,SMALL EDGE,False,False,False,False,False,False,UP,NO
2026-08-23 14:46:43.853567+00:00,KXBTC15M-26AUG231100-00,77047.72,UP,0.58,58.0,0.5714285714285714,57.1,-0.008571428571428563,-0.9,1.7308927833333334,13.269107216666669,7.630000000004657,0.4285714285714285,0.5714285714285714,RAW,NO VALUE,False,False,False,False,False,False,UP,YES
2026-08-23 14:46:43.853567+00:00,KXBTC15M-26AUG231100-00,77047.72,DOWN,0.43,43.0,0.4285714285714285,42.9,-0.0014285714285715012,-0.1,1.7308927833333334,13.269107216666669,7.630000000004657,0.4285714285714285,0.5714285714285714,RAW,NO VALUE,False,False,False,False,False,False,UP,NO
2026-08-23 14:47:13.829957+00:00,KXBTC15M-26AUG231100-00,77047.72,UP,0.6,60.0,0.6065573770491803,60.7,0.006557377049180357,0.7,2.230499283333333,12.769500716666666,32.220000000001164,0.3934426229508196,0.6065573770491803,RAW,SMALL EDGE,False,False,False,False,False,False,UP,YES
2026-08-23 14:47:13.829957+00:00,KXBTC15M-26AUG231100-00,77047.72,DOWN,0.41,41.0,0.3934426229508196,39.3,-0.016557377049180366,-1.7,2.230499283333333,12.769500716666666,32.220000000001164,0.3934426229508196,0.6065573770491803,RAW,SMALL EDGE,False,False,False,False,False,False,UP,NO
2026-08-23 14:47:43.688123+00:00,KXBTC15M-26AUG231100-00,77047.72,UP,0.6,60.0,0.6065573770491803,60.7,0.006557377049180357,0.7,2.728135383333333,12.271864616666669,76.0399999999936,0.3934426229508196,0.6065573770491803,RAW,SMALL EDGE,False,False,False,False,False,False,UP,YES
2026-08-23 14:47:43.688123+00:00,KXBTC15M-26AUG231100-00,77047.72,DOWN,0.41,41.0,0.3934426229508196,39.3,-0.016557377049180366,-1.7,2.728135383333333,12.271864616666669,76.0399999999936,0.3934426229508196,0.6065573770491803,RAW,SMALL EDGE,False,False,False,False,False,False,UP,NO
2026-08-23 14:48:13.795262+00:00,KXBTC15M-26AUG231100-00,77047.72,UP,0.59,59.0,0.7261146496815287,72.6,0.13611464968152875,13.6,3.229921033333333,11.770078966666668,62.61000000000058,0.2738853503184713,0.7261146496815287,LEAN,POSITIVE EDGE,False,False,False,True,False,False,UP,YES
2026-08-23 14:48:13.795262+00:00,KXBTC15M-26AUG231100-00,77047.72,DOWN,0.42,42.0,0.2738853503184713,27.4,-0.1461146496815287,-14.6,3.229921033333333,11.770078966666668,62.61000000000058,0.2738853503184713,0.7261146496815287,LEAN,POSITIVE EDGE,False,False,False,False,False,False,UP,NO
2026-08-23 14:48:43.748554+00:00,KXBTC15M-26AUG231100-00,77047.72,UP,0.64,64.0,0.7261146496815287,72.6,0.08611464968152871,8.6,3.729142566666667,11.270857433333331,70.44000000000233,0.2738853503184713,0.7261146496815287,LEAN,SMALL EDGE,False,False,False,False,False,False,UP,YES
2026-08-23 14:48:43.748554+00:00,KXBTC15M-26AUG231100-00,77047.72,DOWN,0.37,37.0,0.2738853503184713,27.4,-0.09611464968152872,-9.6,3.729142566666667,11.270857433333331,70.44000000000233,0.2738853503184713,0.7261146496815287,LEAN,SMALL EDGE,False,False,False,False,False,False,UP,NO
2026-08-23 14:49:13.779031+00:00,KXBTC15M-26AUG231100-00,77047.72,UP,0.75,75.0,0.7261146496815287,72.6,-0.023885350318471277,-2.4,4.229650516666667,10.770349483333332,101.0,0.2738853503184713,0.7261146496815287,LEAN,NO VALUE,False,False,False,False,False,False,UP,YES
2026-08-23 14:49:13.779031+00:00,KXBTC15M-26AUG231100-00,77047.72,DOWN,0.26,26.0,0.2738853503184713,27.4,0.013885350318471268,1.4,4.229650516666667,10.770349483333332,101.0,0.2738853503184713,0.7261146496815287,LEAN,NO VALUE,True,True,True,False,False,False,UP,NO
2026-08-23 14:49:43.735041+00:00,KXBTC15M-26AUG231100-00,77047.72,UP,0.76,76.0,0.8018867924528301,80.2,0.04188679245283011,4.2,4.728917350000001,10.27108265,120.10000000000582,0.1981132075471698,0.8018867924528301,STRONG,SMALL EDGE,False,False,False,False,False,False,UP,YES
2026-08-23 14:49:43.735041+00:00,KXBTC15M-26AUG231100-00,77047.72,DOWN,0.25,25.0,0.1981132075471698,19.8,-0.051886792452830205,-5.2,4.728917350000001,10.27108265,120.10000000000582,0.1981132075471698,0.8018867924528301,STRONG,SMALL EDGE,False,False,False,False,False,False,UP,NO
2026-08-23 14:50:13.811418+00:00,KXBTC15M-26AUG231100-00,77047.72,UP,0.81,81.0,0.7593984962406015,75.9,-0.050601503759398536,-5.1,5.2301903,9.7698097,143.02999999999884,0.2406015037593984,0.7593984962406015,LEAN,NO VALUE,False,False,False,False,False,False,UP,YES
2026-08-23 14:50:13.811418+00:00,KXBTC15M-26AUG231100-00,77047.72,DOWN,0.2,20.0,0.2406015037593984,24.1,0.04060150375939839,4.1,5.2301903,9.7698097,143.02999999999884,0.2406015037593984,0.7593984962406015,LEAN,NO VALUE,True,True,True,False,False,False,UP,NO
2026-08-23 14:50:43.883338+00:00,KXBTC15M-26AUG231100-00,77047.72,UP,0.86,86.0,0.7293858305251641,72.9,-0.13061416947483584,-13.1,5.731388966666667,9.268611033333334,139.20999999999185,0.2706141694748358,0.7293858305251641,LEAN,NO VALUE,False,False,False,False,False,False,UP,YES
2026-08-23 14:50:43.883338+00:00,KXBTC15M-26AUG231100-00,77047.72,DOWN,0.15,15.0,0.2706141694748358,27.1,0.1206141694748358,12.1,5.731388966666667,9.268611033333334,139.20999999999185,0.2706141694748358,0.7293858305251641,LEAN,NO VALUE,True,True,True,True,False,False,UP,NO
2026-08-23 14:51:13.874586+00:00,KXBTC15M-26AUG231100-00,77047.72,UP,0.85,85.0,0.8928571428571429,89.3,0.04285714285714293,4.3,6.2312431,8.7687569,169.77000000000407,0.1071428571428571,0.8928571428571429,STRONG,SMALL EDGE,False,False,False,False,False,False,UP,YES
2026-08-23 14:51:13.874586+00:00,KXBTC15M-26AUG231100-00,77047.72,DOWN,0.16,16.0,0.1071428571428571,10.7,-0.05285714285714291,-5.3,6.2312431,8.7687569,169.77000000000407,0.1071428571428571,0.8928571428571429,STRONG,SMALL EDGE,False,False,False,False,False,False,UP,NO
2026-08-23 14:51:43.681513+00:00,KXBTC15M-26AUG231100-00,77047.72,UP,0.89,89.0,0.7593984962406015,75.9,-0.1306015037593985,-13.1,6.7280252166666665,8.271974783333333,143.22999999999593,0.2406015037593984,0.7593984962406015,LEAN,NO VALUE,False,False,False,False,False,False,UP,YES
2026-08-23 14:51:43.681513+00:00,KXBTC15M-26AUG231100-00,77047.72,DOWN,0.12,12.0,0.2406015037593984,24.1,0.1206015037593984,12.1,6.7280252166666665,8.271974783333333,143.22999999999593,0.2406015037593984,0.7593984962406015,LEAN,NO VALUE,True,True,True,True,False,False,UP,NO
2026-08-23 14:52:13.769291+00:00,KXBTC15M-26AUG231100-00,77047.72,UP,0.81,81.0,0.890625,89.1,0.08062499999999995,8.1,7.229488183333333,7.770511816666667,156.02999999999884,0.109375,0.890625,STRONG,SMALL EDGE,False,False,False,False,False,False,UP,YES
2026-08-23 14:52:13.769291+00:00,KXBTC15M-26AUG231100-00,77047.72,DOWN,0.2,20.0,0.109375,10.9,-0.09062500000000001,-9.1,7.229488183333333,7.770511816666667,156.02999999999884,0.109375,0.890625,STRONG,SMALL EDGE,False,False,False,False,False,False,UP,NO
2026-08-23 14:52:43.873091+00:00,KXBTC15M-26AUG231100-00,77047.72,UP,0.86,86.0,0.890625,89.1,0.030625000000000013,3.1,7.731218183333333,7.268781816666666,139.22000000000116,0.109375,0.890625,STRONG,SMALL EDGE,False,False,False,False,False,False,UP,YES
2026-08-23 14:52:43.873091+00:00,KXBTC15M-26AUG231100-00,77047.72,DOWN,0.15,15.0,0.109375,10.9,-0.040624999999999994,-4.1,7.731218183333333,7.268781816666666,139.22000000000116,0.109375,0.890625,STRONG,SMALL EDGE,False,False,False,False,False,False,UP,NO
2026-08-23 14:53:13.938612+00:00,KXBTC15M-26AUG231100-00,77047.72,UP,0.87,87.0,0.9301075268817204,93.0,0.060107526881720386,6.0,8.232310199999999,6.7676898,116.2899999999936,0.0698924731182795,0.9301075268817204,90%+ LOCK CANDIDATE,SMALL EDGE,False,False,False,False,False,False,UP,YES
2026-08-23 14:53:13.938612+00:00,KXBTC15M-26AUG231100-00,77047.72,DOWN,0.14,14.0,0.0698924731182795,7.0,-0.07010752688172052,-7.0,8.232310199999999,6.7676898,116.2899999999936,0.0698924731182795,0.9301075268817204,90%+ LOCK CANDIDATE,SMALL EDGE,False,False,False,False,False,False,UP,NO
2026-08-23 14:53:43.709887+00:00,KXBTC15M-26AUG231100-00,77047.72,UP,0.9,90.0,0.988095238095238,98.8,0.088095238095238,8.8,8.728498116666666,6.271501883333333,154.5899999999965,0.0119047619047619,0.988095238095238,90%+ LOCK CANDIDATE,SMALL EDGE,False,False,False,False,False,False,UP,YES
2026-08-23 14:53:43.709887+00:00,KXBTC15M-26AUG231100-00,77047.72,DOWN,0.11,11.0,0.0119047619047619,1.2,-0.0980952380952381,-9.8,8.728498116666666,6.271501883333333,154.5899999999965,0.0119047619047619,0.988095238095238,90%+ LOCK CANDIDATE,SMALL EDGE,False,False,False,False,False,False,UP,NO
2026-08-23 14:54:13.687465+00:00,KXBTC15M-26AUG231100-00,77047.72,UP,0.907,90.7,1.0,100.0,0.09299999999999997,9.3,9.228124416666668,5.771875583333334,136.33000000000175,0.0,1.0,90%+ LOCK CANDIDATE,SMALL EDGE,False,False,False,False,False,False,UP,YES
2026-08-23 14:54:13.687465+00:00,KXBTC15M-26AUG231100-00,77047.72,DOWN,0.094,9.4,0.0,0.0,-0.094,-9.4,9.228124416666668,5.771875583333334,136.33000000000175,0.0,1.0,90%+ LOCK CANDIDATE,SMALL EDGE,False,False,False,False,False,False,UP,NO
2026-08-23 14:54:43.779304+00:00,KXBTC15M-26AUG231100-00,77047.72,UP,0.907,90.7,1.0,100.0,0.09299999999999997,9.3,9.729655066666668,5.270344933333333,190.5399999999936,0.0,1.0,90%+ LOCK CANDIDATE,SMALL EDGE,False,False,False,False,False,False,UP,YES
2026-08-23 14:54:43.779304+00:00,KXBTC15M-26AUG231100-00,77047.72,DOWN,0.094,9.4,0.0,0.0,-0.094,-9.4,9.729655066666668,5.270344933333333,190.5399999999936,0.0,1.0,90%+ LOCK CANDIDATE,SMALL EDGE,False,False,False,False,False,False,UP,NO
2026-08-23 14:55:13.798943+00:00,KXBTC15M-26AUG231100-00,77047.72,UP,0.969,96.9,1.0,100.0,0.031000000000000028,3.1,10.229982383333333,4.770017616666666,177.4100000000035,0.0,1.0,LOCK,SMALL EDGE,False,False,False,False,False,False,UP,YES
2026-08-23 14:55:13.798943+00:00,KXBTC15M-26AUG231100-00,77047.72,DOWN,0.032,3.2,0.0,0.0,-0.032,-3.2,10.229982383333333,4.770017616666666,177.4100000000035,0.0,1.0,LOCK,SMALL EDGE,False,False,False,False,False,False,UP,NO
2026-08-23 14:55:43.866053+00:00,KXBTC15M-26AUG231100-00,77047.72,UP,0.941,94.1,0.9301075268817204,93.0,-0.010892473118279566,-1.1,10.731100883333331,4.268899116666666,123.92999999999302,0.0698924731182795,0.9301075268817204,LOCK,NO VALUE,False,False,False,False,False,False,UP,YES
2026-08-23 14:55:43.866053+00:00,KXBTC15M-26AUG231100-00,77047.72,DOWN,0.06,6.0,0.0698924731182795,7.0,0.009892473118279496,1.0,10.731100883333331,4.268899116666666,123.92999999999302,0.0698924731182795,0.9301075268817204,LOCK,NO VALUE,True,True,True,False,False,False,UP,NO
2026-08-23 14:56:13.766538+00:00,KXBTC15M-26AUG231100-00,77047.72,UP,0.91,91.0,0.988095238095238,98.8,0.078095238095238,7.8,11.2294423,3.7705577,158.2899999999936,0.0119047619047619,0.988095238095238,LOCK,SMALL EDGE,False,False,False,False,False,False,UP,YES
2026-08-23 14:56:13.766538+00:00,KXBTC15M-26AUG231100-00,77047.72,DOWN,0.091,9.1,0.0119047619047619,1.2,-0.0790952380952381,-7.9,11.2294423,3.7705577,158.2899999999936,0.0119047619047619,0.988095238095238,LOCK,SMALL EDGE,False,False,False,False,False,False,UP,NO
2026-08-23 14:56:43.696372+00:00,KXBTC15M-26AUG231100-00,77047.72,UP,0.965,96.5,0.988095238095238,98.8,0.023095238095238058,2.3,11.728272866666666,3.271727133333333,157.80999999999767,0.0119047619047619,0.988095238095238,LOCK,SMALL EDGE,False,False,False,False,False,False,UP,YES
2026-08-23 14:56:43.696372+00:00,KXBTC15M-26AUG231100-00,77047.72,DOWN,0.036,3.6,0.0119047619047619,1.2,-0.024095238095238097,-2.4,11.728272866666666,3.271727133333333,157.80999999999767,0.0119047619047619,0.988095238095238,LOCK,SMALL EDGE,False,False,False,False,False,False,UP,NO
2026-08-23 14:57:13.702931+00:00,KXBTC15M-26AUG231100-00,77047.72,UP,0.95,95.0,0.9301075268817204,93.0,-0.019892473118279574,-2.0,12.228382183333334,2.7716178166666667,132.13999999999942,0.0698924731182795,0.9301075268817204,LOCK,NO VALUE,False,False,False,False,False,False,UP,YES
2026-08-23 14:57:13.702931+00:00,KXBTC15M-26AUG231100-00,77047.72,DOWN,0.052,5.2,0.0698924731182795,7.0,0.017892473118279496,1.8,12.228382183333334,2.7716178166666667,132.13999999999942,0.0698924731182795,0.9301075268817204,LOCK,NO VALUE,True,True,True,False,False,False,UP,NO
2026-08-23 14:57:43.754771+00:00,KXBTC15M-26AUG231100-00,77047.72,UP,0.925,92.5,0.8928571428571429,89.3,-0.03214285714285714,-3.2,12.729246183333334,2.2707538166666668,87.61000000000058,0.1071428571428571,0.8928571428571429,STRONG,NO VALUE,False,False,False,False,False,False,UP,YES
2026-08-23 14:57:43.754771+00:00,KXBTC15M-26AUG231100-00,77047.72,DOWN,0.076,7.6,0.1071428571428571,10.7,0.031142857142857097,3.1,12.729246183333334,2.2707538166666668,87.61000000000058,0.1071428571428571,0.8928571428571429,STRONG,NO VALUE,True,True,True,False,False,False,UP,NO
2026-08-23 14:58:13.765281+00:00,KXBTC15M-26AUG231100-00,77047.72,UP,0.988,98.8,0.988095238095238,98.8,9.523809523803717e-05,0.0,13.22942135,1.77057865,127.19000000000231,0.0119047619047619,0.988095238095238,LOCK,SMALL EDGE,False,False,False,False,False,False,UP,YES
2026-08-23 14:58:13.765281+00:00,KXBTC15M-26AUG231100-00,77047.72,DOWN,0.013,1.3,0.0119047619047619,1.2,-0.0010952380952380988,-0.1,13.22942135,1.77057865,127.19000000000231,0.0119047619047619,0.988095238095238,LOCK,SMALL EDGE,False,False,False,False,False,False,UP,NO
2026-08-23 14:58:43.845429+00:00,KXBTC15M-26AUG231100-00,77047.72,UP,0.992,99.2,0.9301075268817204,93.0,-0.06189247311827961,-6.2,13.73075715,1.26924285,101.00999999999476,0.0698924731182795,0.9301075268817204,LOCK,NO VALUE,False,False,False,False,False,False,UP,YES
2026-08-23 14:58:43.845429+00:00,KXBTC15M-26AUG231100-00,77047.72,DOWN,0.009,0.9,0.0698924731182795,7.0,0.06089247311827949,6.1,13.73075715,1.26924285,101.00999999999476,0.0698924731182795,0.9301075268817204,LOCK,NO VALUE,True,True,True,False,False,False,UP,NO
2026-08-23 14:59:13.954810+00:00,KXBTC15M-26AUG231100-00,77047.72,UP,1.0,100.0,1.0,100.0,0.0,0.0,14.232580166666668,0.7674198333333333,125.5,0.0,1.0,LOCK,NO VALUE,False,False,False,False,False,False,UP,YES
2026-08-23 14:59:13.954810+00:00,KXBTC15M-26AUG231100-00,77047.72,DOWN,0.001,0.1,0.0,0.0,-0.001,-0.1,14.232580166666668,0.7674198333333333,125.5,0.0,1.0,LOCK,NO VALUE,False,False,False,False,False,False,UP,NO
2026-08-23 14:59:43.715236+00:00,KXBTC15M-26AUG231100-00,77047.72,UP,1.0,100.0,0.988095238095238,98.8,-0.011904761904761973,-1.2,14.728587266666668,0.2714127333333333,98.19000000000231,0.0119047619047619,0.988095238095238,LOCK,NO VALUE,False,False,False,False,False,False,UP,YES
2026-08-23 14:59:43.715236+00:00,KXBTC15M-26AUG231100-00,77047.72,DOWN,0.001,0.1,0.0119047619047619,1.2,0.0109047619047619,1.1,14.728587266666668,0.2714127333333333,98.19000000000231,0.0119047619047619,0.988095238095238,LOCK,NO VALUE,True,True,True,False,False,False,UP,NO
2026-08-23 15:00:43.781355+00:00,KXBTC15M-26AUG231115-15,77161.21,UP,0.56,56.0,0.4336734693877551,43.4,-0.12632653061224497,-12.6,0.72968925,14.27031075,-50.670000000012806,0.4336734693877551,0.5663265306122449,RAW,POSITIVE EDGE,False,False,False,False,False,False,UP,YES
2026-08-23 15:00:43.781355+00:00,KXBTC15M-26AUG231115-15,77161.21,DOWN,0.45,45.0,0.5663265306122449,56.6,0.1163265306122449,11.6,0.72968925,14.27031075,-50.670000000012806,0.4336734693877551,0.5663265306122449,RAW,POSITIVE EDGE,True,False,False,True,False,False,UP,NO
2026-08-23 15:01:13.767111+00:00,KXBTC15M-26AUG231115-15,77161.21,UP,0.35,35.0,0.4336734693877551,43.4,0.0836734693877551,8.4,1.22945185,13.77054815,-31.580000000001743,0.4336734693877551,0.5663265306122449,RAW,NO VALUE,True,True,False,False,False,False,UP,YES
2026-08-23 15:01:13.767111+00:00,KXBTC15M-26AUG231115-15,77161.21,DOWN,0.66,66.0,0.5663265306122449,56.6,-0.09367346938775512,-9.4,1.22945185,13.77054815,-31.580000000001743,0.4336734693877551,0.5663265306122449,RAW,NO VALUE,False,False,False,False,False,False,UP,NO
2026-08-23 15:01:43.827561+00:00,KXBTC15M-26AUG231115-15,77161.21,UP,0.45,45.0,0.7593984962406015,75.9,0.3093984962406015,30.9,1.73045935,13.26954065,36.02999999999884,0.2406015037593984,0.7593984962406015,LEAN,IDEAL <=50c / LARGE EDGE,True,False,False,True,True,True,UP,YES
2026-08-23 15:01:43.827561+00:00,KXBTC15M-26AUG231115-15,77161.21,DOWN,0.56,56.0,0.2406015037593984,24.1,-0.3193984962406017,-31.9,1.73045935,13.26954065,36.02999999999884,0.2406015037593984,0.7593984962406015,LEAN,IDEAL <=50c / LARGE EDGE,False,False,False,False,False,False,UP,NO
2026-08-23 15:02:13.693570+00:00,KXBTC15M-26AUG231115-15,77161.21,UP,0.66,66.0,0.6065573770491803,60.7,-0.053442622950819696,-5.3,2.2282261666666665,12.771773833333333,102.11999999999534,0.3934426229508196,0.6065573770491803,RAW,NO VALUE,False,False,False,False,False,False,UP,YES
2026-08-23 15:02:13.693570+00:00,KXBTC15M-26AUG231115-15,77161.21,DOWN,0.35,35.0,0.3934426229508196,39.3,0.04344262295081963,4.3,2.2282261666666665,12.771773833333333,102.11999999999534,0.3934426229508196,0.6065573770491803,RAW,NO VALUE,True,True,False,False,False,False,UP,NO
2026-08-23 15:02:43.735148+00:00,KXBTC15M-26AUG231115-15,77161.21,UP,0.63,63.0,0.4336734693877551,43.4,-0.19632653061224492,-19.6,2.7289191333333336,12.271080866666669,-1.0200000000040743,0.4336734693877551,0.5663265306122449,RAW,ATTRACTIVE <=50c,False,False,False,False,False,False,UP,YES
2026-08-23 15:02:43.735148+00:00,KXBTC15M-26AUG231115-15,77161.21,DOWN,0.38,38.0,0.5663265306122449,56.6,0.1863265306122449,18.6,2.7289191333333336,12.271080866666669,-1.0200000000040743,0.4336734693877551,0.5663265306122449,RAW,ATTRACTIVE <=50c,True,True,False,True,True,False,UP,NO
2026-08-23 15:03:13.836415+00:00,KXBTC15M-26AUG231115-15,77161.21,UP,0.54,54.0,0.6347826086956522,63.5,0.09478260869565214,9.5,3.2306069166666664,11.769393083333334,44.80999999999767,0.3652173913043478,0.6347826086956522,RAW,SMALL EDGE,False,False,False,False,False,False,UP,YES
2026-08-23 15:03:13.836415+00:00,KXBTC15M-26AUG231115-15,77161.21,DOWN,0.47,47.0,0.3652173913043478,36.5,-0.10478260869565215,-10.5,3.2306069166666664,11.769393083333334,44.80999999999767,0.3652173913043478,0.6347826086956522,RAW,SMALL EDGE,False,False,False,False,False,False,UP,NO
2026-08-23 15:03:43.651426+00:00,KXBTC15M-26AUG231115-15,77161.21,UP,0.58,58.0,0.4336734693877551,43.4,-0.14632653061224488,-14.6,3.7275237666666654,11.272476233333332,-6.530000000013388,0.4336734693877551,0.5663265306122449,RAW,POSITIVE EDGE,False,False,False,False,False,False,UP,YES
2026-08-23 15:03:43.651426+00:00,KXBTC15M-26AUG231115-15,77161.21,DOWN,0.43,43.0,0.5663265306122449,56.6,0.13632653061224492,13.6,3.7275237666666654,11.272476233333332,-6.530000000013388,0.4336734693877551,0.5663265306122449,RAW,POSITIVE EDGE,True,False,False,True,False,False,UP,NO
2026-08-23 15:04:13.861299+00:00,KXBTC15M-26AUG231115-15,77161.21,UP,0.59,59.0,0.6347826086956522,63.5,0.044782608695652204,4.5,4.23102165,10.76897835,36.94999999999709,0.3652173913043478,0.6347826086956522,RAW,SMALL EDGE,False,False,False,False,False,False,UP,YES
2026-08-23 15:04:13.861299+00:00,KXBTC15M-26AUG231115-15,77161.21,DOWN,0.42,42.0,0.3652173913043478,36.5,-0.05478260869565216,-5.5,4.23102165,10.76897835,36.94999999999709,0.3652173913043478,0.6347826086956522,RAW,SMALL EDGE,False,False,False,False,False,False,UP,NO
2026-08-23 15:04:43.835821+00:00,KXBTC15M-26AUG231115-15,77161.21,UP,0.66,66.0,0.7261146496815287,72.6,0.06611464968152869,6.6,4.730597016666667,10.269402983333332,70.23999999999069,0.2738853503184713,0.7261146496815287,LEAN,SMALL EDGE,False,False,False,False,False,False,UP,YES
2026-08-23 15:04:43.835821+00:00,KXBTC15M-26AUG231115-15,77161.21,DOWN,0.35,35.0,0.2738853503184713,27.4,-0.0761146496815287,-7.6,4.730597016666667,10.269402983333332,70.23999999999069,0.2738853503184713,0.7261146496815287,LEAN,SMALL EDGE,False,False,False,False,False,False,UP,NO
2026-08-23 15:05:13.864486+00:00,KXBTC15M-26AUG231115-15,77161.21,UP,0.71,71.0,0.7593984962406015,75.9,0.04939849624060155,4.9,5.231074766666667,9.768925233333333,87.88999999999942,0.2406015037593984,0.7593984962406015,LEAN,SMALL EDGE,False,False,False,False,False,False,UP,YES
2026-08-23 15:05:13.864486+00:00,KXBTC15M-26AUG231115-15,77161.21,DOWN,0.3,30.0,0.2406015037593984,24.1,-0.05939849624060159,-5.9,5.231074766666667,9.768925233333333,87.88999999999942,0.2406015037593984,0.7593984962406015,LEAN,SMALL EDGE,False,False,False,False,False,False,UP,NO
2026-08-23 15:05:43.900310+00:00,KXBTC15M-26AUG231115-15,77161.21,UP,0.71,71.0,0.7593984962406015,75.9,0.04939849624060155,4.9,5.731671833333333,9.268328166666668,86.8299999999872,0.2406015037593984,0.7593984962406015,LEAN,SMALL EDGE,False,False,False,False,False,False,UP,YES
2026-08-23 15:05:43.900310+00:00,KXBTC15M-26AUG231115-15,77161.21,DOWN,0.3,30.0,0.2406015037593984,24.1,-0.05939849624060159,-5.9,5.731671833333333,9.268328166666668,86.8299999999872,0.2406015037593984,0.7593984962406015,LEAN,SMALL EDGE,False,False,False,False,False,False,UP,NO
2026-08-23 15:06:13.786043+00:00,KXBTC15M-26AUG231115-15,77161.21,UP,0.79,79.0,0.7593984962406015,75.9,-0.03060150375939852,-3.1,6.229767383333334,8.770232616666668,115.0799999999872,0.2406015037593984,0.7593984962406015,LEAN,NO VALUE,False,False,False,False,False,False,UP,YES
2026-08-23 15:06:13.786043+00:00,KXBTC15M-26AUG231115-15,77161.21,DOWN,0.22,22.0,0.2406015037593984,24.1,0.0206015037593984,2.1,6.229767383333334,8.770232616666668,115.0799999999872,0.2406015037593984,0.7593984962406015,LEAN,NO VALUE,True,True,True,False,False,False,UP,NO
2026-08-23 15:06:43.848379+00:00,KXBTC15M-26AUG231115-15,77161.21,UP,0.79,79.0,0.890625,89.1,0.10062499999999996,10.1,6.730806316666667,8.269193683333333,158.84999999999127,0.109375,0.890625,STRONG,POSITIVE EDGE,False,False,False,True,False,False,UP,YES
2026-08-23 15:06:43.848379+00:00,KXBTC15M-26AUG231115-15,77161.21,DOWN,0.22,22.0,0.109375,10.9,-0.110625,-11.1,6.730806316666667,8.269193683333333,158.84999999999127,0.109375,0.890625,STRONG,POSITIVE EDGE,False,False,False,False,False,False,UP,NO
2026-08-23 15:07:13.810475+00:00,KXBTC15M-26AUG231115-15,77161.21,UP,0.87,87.0,0.7593984962406015,75.9,-0.11060150375939848,-11.1,7.230174583333333,7.769825416666666,119.20999999999184,0.2406015037593984,0.7593984962406015,LEAN,NO VALUE,False,False,False,False,False,False,UP,YES
2026-08-23 15:07:13.810475+00:00,KXBTC15M-26AUG231115-15,77161.21,DOWN,0.14,14.0,0.2406015037593984,24.1,0.10060150375939839,10.1,7.230174583333333,7.769825416666666,119.20999999999184,0.2406015037593984,0.7593984962406015,LEAN,NO VALUE,True,True,True,True,False,False,UP,NO
2026-08-23 15:07:43.808811+00:00,KXBTC15M-26AUG231115-15,77161.21,UP,0.86,86.0,0.8928571428571429,89.3,0.03285714285714292,3.3,7.73014685,7.26985315,155.5799999999872,0.1071428571428571,0.8928571428571429,STRONG,SMALL EDGE,False,False,False,False,False,False,UP,YES
2026-08-23 15:07:43.808811+00:00,KXBTC15M-26AUG231115-15,77161.21,DOWN,0.15,15.0,0.1071428571428571,10.7,-0.0428571428571429,-4.3,7.73014685,7.26985315,155.5799999999872,0.1071428571428571,0.8928571428571429,STRONG,SMALL EDGE,False,False,False,False,False,False,UP,NO
2026-08-23 15:08:13.822543+00:00,KXBTC15M-26AUG231115-15,77161.21,UP,0.88,88.0,0.8928571428571429,89.3,0.0128571428571429,1.3,8.230375716666666,6.769624283333333,125.0399999999936,0.1071428571428571,0.8928571428571429,STRONG,SMALL EDGE,False,False,False,False,False,False,UP,YES
2026-08-23 15:08:13.822543+00:00,KXBTC15M-26AUG231115-15,77161.21,DOWN,0.13,13.0,0.1071428571428571,10.7,-0.02285714285714291,-2.3,8.230375716666666,6.769624283333333,125.0399999999936,0.1071428571428571,0.8928571428571429,STRONG,SMALL EDGE,False,False,False,False,False,False,UP,NO
2026-08-23 15:08:43.754579+00:00,KXBTC15M-26AUG231115-15,77161.21,UP,0.87,87.0,0.7593984962406015,75.9,-0.11060150375939848,-11.1,8.729242983333334,6.270757016666667,86.83999999999651,0.2406015037593984,0.7593984962406015,LEAN,NO VALUE,False,False,False,False,False,False,UP,YES
2026-08-23 15:08:43.754579+00:00,KXBTC15M-26AUG231115-15,77161.21,DOWN,0.14,14.0,0.2406015037593984,24.1,0.10060150375939839,10.1,8.729242983333334,6.270757016666667,86.83999999999651,0.2406015037593984,0.7593984962406015,LEAN,NO VALUE,True,True,True,True,False,False,UP,NO
2026-08-23 15:09:13.772371+00:00,KXBTC15M-26AUG231115-15,77161.21,UP,0.79,79.0,0.9301075268817204,93.0,0.14010752688172035,14.0,9.229539516666668,5.770460483333333,78.58999999999651,0.0698924731182795,0.9301075268817204,90%+ LOCK CANDIDATE,POSITIVE EDGE,False,False,False,True,False,False,UP,YES
2026-08-23 15:09:13.772371+00:00,KXBTC15M-26AUG231115-15,77161.21,DOWN,0.22,22.0,0.0698924731182795,7.0,-0.15010752688172052,-15.0,9.229539516666668,5.770460483333333,78.58999999999651,0.0698924731182795,0.9301075268817204,90%+ LOCK CANDIDATE,POSITIVE EDGE,False,False,False,False,False,False,UP,NO
2026-08-23 15:09:43.708166+00:00,KXBTC15M-26AUG231115-15,77161.21,UP,0.84,84.0,0.9301075268817204,93.0,0.09010752688172041,9.0,9.728469433333334,5.271530566666667,93.7899999999936,0.0698924731182795,0.9301075268817204,90%+ LOCK CANDIDATE,SMALL EDGE,False,False,False,False,False,False,UP,YES
2026-08-23 15:09:43.708166+00:00,KXBTC15M-26AUG231115-15,77161.21,DOWN,0.17,17.0,0.0698924731182795,7.0,-0.10010752688172052,-10.0,9.728469433333334,5.271530566666667,93.7899999999936,0.0698924731182795,0.9301075268817204,90%+ LOCK CANDIDATE,SMALL EDGE,False,False,False,False,False,False,UP,NO
2026-08-23 15:10:13.855717+00:00,KXBTC15M-26AUG231115-15,77161.21,UP,0.84,84.0,1.0,100.0,0.16000000000000003,16.0,10.230928616666668,4.7690713833333325,118.59999999999128,0.0,1.0,LOCK,POSITIVE EDGE,False,False,False,True,True,False,UP,YES
2026-08-23 15:10:13.855717+00:00,KXBTC15M-26AUG231115-15,77161.21,DOWN,0.17,17.0,0.0,0.0,-0.17,-17.0,10.230928616666668,4.7690713833333325,118.59999999999128,0.0,1.0,LOCK,POSITIVE EDGE,False,False,False,False,False,False,UP,NO
2026-08-23 15:10:43.796153+00:00,KXBTC15M-26AUG231115-15,77161.21,UP,0.947,94.7,1.0,100.0,0.05300000000000005,5.3,10.729935883333331,4.270064116666666,125.5799999999872,0.0,1.0,LOCK,SMALL EDGE,False,False,False,False,False,False,UP,YES
2026-08-23 15:10:43.796153+00:00,KXBTC15M-26AUG231115-15,77161.21,DOWN,0.054,5.4,0.0,0.0,-0.054,-5.4,10.729935883333331,4.270064116666666,125.5799999999872,0.0,1.0,LOCK,SMALL EDGE,False,False,False,False,False,False,UP,NO
2026-08-23 15:11:13.875175+00:00,KXBTC15M-26AUG231115-15,77161.21,UP,0.93,93.0,1.0,100.0,0.06999999999999995,7.0,11.231252916666667,3.768747083333333,109.75999999999476,0.0,1.0,LOCK,SMALL EDGE,False,False,False,False,False,False,UP,YES
2026-08-23 15:11:13.875175+00:00,KXBTC15M-26AUG231115-15,77161.21,DOWN,0.071,7.1,0.0,0.0,-0.071,-7.1,11.231252916666667,3.768747083333333,109.75999999999476,0.0,1.0,LOCK,SMALL EDGE,False,False,False,False,False,False,UP,NO
2026-08-23 15:11:43.821080+00:00,KXBTC15M-26AUG231115-15,77161.21,UP,0.93,93.0,1.0,100.0,0.06999999999999995,7.0,11.730351333333337,3.269648666666667,105.93999999998778,0.0,1.0,LOCK,SMALL EDGE,False,False,False,False,False,False,UP,YES
2026-08-23 15:11:43.821080+00:00,KXBTC15M-26AUG231115-15,77161.21,DOWN,0.071,7.1,0.0,0.0,-0.071,-7.1,11.730351333333337,3.269648666666667,105.93999999998778,0.0,1.0,LOCK,SMALL EDGE,False,False,False,False,False,False,UP,NO
2026-08-23 15:12:13.720916+00:00,KXBTC15M-26AUG231115-15,77161.21,UP,0.945,94.5,0.988095238095238,98.8,0.043095238095238075,4.3,12.228681933333332,2.771318066666667,77.13999999999942,0.0119047619047619,0.988095238095238,LOCK,SMALL EDGE,False,False,False,False,False,False,UP,YES
2026-08-23 15:12:13.720916+00:00,KXBTC15M-26AUG231115-15,77161.21,DOWN,0.058,5.8,0.0119047619047619,1.2,-0.046095238095238106,-4.6,12.228681933333332,2.771318066666667,77.13999999999942,0.0119047619047619,0.988095238095238,LOCK,SMALL EDGE,False,False,False,False,False,False,UP,NO
2026-08-23 15:12:43.738285+00:00,KXBTC15M-26AUG231115-15,77161.21,UP,0.89,89.0,0.988095238095238,98.8,0.09809523809523801,9.8,12.728971416666669,2.271028583333333,63.919999999998254,0.0119047619047619,0.988095238095238,LOCK,SMALL EDGE,False,False,False,False,False,False,UP,YES
2026-08-23 15:12:43.738285+00:00,KXBTC15M-26AUG231115-15,77161.21,DOWN,0.12,12.0,0.0119047619047619,1.2,-0.10809523809523809,-10.8,12.728971416666669,2.271028583333333,63.919999999998254,0.0119047619047619,0.988095238095238,LOCK,SMALL EDGE,False,False,False,False,False,False,UP,NO
2026-08-23 15:13:13.723546+00:00,KXBTC15M-26AUG231115-15,77161.21,UP,0.81,81.0,0.988095238095238,98.8,0.17809523809523797,17.8,13.228725766666669,1.7712742333333331,58.61999999999534,0.0119047619047619,0.988095238095238,LOCK,POSITIVE EDGE,False,False,False,True,True,False,UP,YES
2026-08-23 15:13:13.723546+00:00,KXBTC15M-26AUG231115-15,77161.21,DOWN,0.2,20.0,0.0119047619047619,1.2,-0.18809523809523812,-18.8,13.228725766666669,1.7712742333333331,58.61999999999534,0.0119047619047619,0.988095238095238,LOCK,POSITIVE EDGE,False,False,False,False,False,False,UP,NO
2026-08-23 15:13:43.750156+00:00,KXBTC15M-26AUG231115-15,77161.21,UP,0.9,90.0,0.9301075268817204,93.0,0.03010752688172036,3.0,13.729169266666666,1.2708307333333333,52.25,0.0698924731182795,0.9301075268817204,LOCK,SMALL EDGE,False,False,False,False,False,False,UP,YES
2026-08-23 15:13:43.750156+00:00,KXBTC15M-26AUG231115-15,77161.21,DOWN,0.11,11.0,0.0698924731182795,7.0,-0.04010752688172051,-4.0,13.729169266666666,1.2708307333333333,52.25,0.0698924731182795,0.9301075268817204,LOCK,SMALL EDGE,False,False,False,False,False,False,UP,NO
2026-08-23 15:14:13.854977+00:00,KXBTC15M-26AUG231115-15,77161.21,UP,0.68,68.0,0.7261146496815287,72.6,0.046114649681528674,4.6,14.230916283333332,0.7690837166666668,4.969999999986612,0.2738853503184713,0.7261146496815287,LEAN,SMALL EDGE,False,False,False,False,False,False,UP,YES
2026-08-23 15:14:13.854977+00:00,KXBTC15M-26AUG231115-15,77161.21,DOWN,0.35,35.0,0.2738853503184713,27.4,-0.0761146496815287,-7.6,14.230916283333332,0.7690837166666668,4.969999999986612,0.2738853503184713,0.7261146496815287,LEAN,SMALL EDGE,False,False,False,False,False,False,UP,NO
2026-08-23 15:14:43.680885+00:00,KXBTC15M-26AUG231115-15,77161.21,UP,0.98,98.0,0.7261146496815287,72.6,-0.25388535031847126,-25.4,14.72801475,0.27198525,3.0499999999883585,0.2738853503184713,0.7261146496815287,LEAN,NO VALUE,False,False,False,False,False,False,UP,YES
2026-08-23 15:14:43.680885+00:00,KXBTC15M-26AUG231115-15,77161.21,DOWN,0.021,2.1,0.2738853503184713,27.4,0.25288535031847126,25.3,14.72801475,0.27198525,3.0499999999883585,0.2738853503184713,0.7261146496815287,LEAN,NO VALUE,True,True,True,True,True,True,UP,NO
2026-08-23 15:15:43.793090+00:00,KXBTC15M-26AUG231130-30,77169.46,UP,0.47,47.0,0.4336734693877551,43.4,-0.03632653061224489,-3.6,0.7298848333333333,14.270115166666669,-3.760000000009313,0.4336734693877551,0.5663265306122449,RAW,SMALL EDGE,False,False,False,False,False,False,UP,YES
2026-08-23 15:15:43.793090+00:00,KXBTC15M-26AUG231130-30,77169.46,DOWN,0.54,54.0,0.5663265306122449,56.6,0.02632653061224488,2.6,0.7298848333333333,14.270115166666669,-3.760000000009313,0.4336734693877551,0.5663265306122449,RAW,SMALL EDGE,False,False,False,False,False,False,UP,NO
2026-08-23 15:16:13.800342+00:00,KXBTC15M-26AUG231130-30,77169.46,UP,0.43,43.0,0.4336734693877551,43.4,0.0036734693877550906,0.4,1.2300057,13.7699943,-28.37000000000989,0.4336734693877551,0.5663265306122449,RAW,NO VALUE,True,False,False,False,False,False,UP,YES
2026-08-23 15:16:13.800342+00:00,KXBTC15M-26AUG231130-30,77169.46,DOWN,0.58,58.0,0.5663265306122449,56.6,-0.013673469387755044,-1.4,1.2300057,13.7699943,-28.37000000000989,0.4336734693877551,0.5663265306122449,RAW,NO VALUE,False,False,False,False,False,False,UP,NO
2026-08-23 15:16:43.795567+00:00,KXBTC15M-26AUG231130-30,77169.46,UP,0.34,34.0,0.4285714285714285,42.9,0.08857142857142847,8.9,1.7299261166666668,13.270073883333334,-67.78000000001339,0.4285714285714285,0.5714285714285714,RAW,NO VALUE,True,True,False,False,False,False,UP,YES
2026-08-23 15:16:43.795567+00:00,KXBTC15M-26AUG231130-30,77169.46,DOWN,0.67,67.0,0.5714285714285714,57.1,-0.09857142857142864,-9.9,1.7299261166666668,13.270073883333334,-67.78000000001339,0.4285714285714285,0.5714285714285714,RAW,NO VALUE,False,False,False,False,False,False,UP,NO
2026-08-23 15:17:13.897419+00:00,KXBTC15M-26AUG231130-30,77169.46,UP,0.37,37.0,0.4336734693877551,43.4,0.06367346938775509,6.4,2.2316236500000004,12.76837635,-43.66000000000349,0.4336734693877551,0.5663265306122449,RAW,NO VALUE,True,True,False,False,False,False,UP,YES
2026-08-23 15:17:13.897419+00:00,KXBTC15M-26AUG231130-30,77169.46,DOWN,0.64,64.0,0.5663265306122449,56.6,-0.0736734693877551,-7.4,2.2316236500000004,12.76837635,-43.66000000000349,0.4336734693877551,0.5663265306122449,RAW,NO VALUE,False,False,False,False,False,False,UP,NO
2026-08-23 15:17:43.955106+00:00,KXBTC15M-26AUG231130-30,77169.46,UP,0.37,37.0,0.4285714285714285,42.9,0.0585714285714285,5.9,2.7325851,12.2674149,-62.08000000000175,0.4285714285714285,0.5714285714285714,RAW,NO VALUE,True,True,False,False,False,False,UP,YES
2026-08-23 15:17:43.955106+00:00,KXBTC15M-26AUG231130-30,77169.46,DOWN,0.64,64.0,0.5714285714285714,57.1,-0.06857142857142862,-6.9,2.7325851,12.2674149,-62.08000000000175,0.4285714285714285,0.5714285714285714,RAW,NO VALUE,False,False,False,False,False,False,UP,NO
2026-08-23 15:18:13.752795+00:00,KXBTC15M-26AUG231130-30,77169.46,UP,0.36,36.0,0.4285714285714285,42.9,0.0685714285714285,6.9,3.22921325,11.77078675,-69.8700000000099,0.4285714285714285,0.5714285714285714,RAW,NO VALUE,True,True,False,False,False,False,UP,YES
2026-08-23 15:18:13.752795+00:00,KXBTC15M-26AUG231130-30,77169.46,DOWN,0.65,65.0,0.5714285714285714,57.1,-0.07857142857142863,-7.9,3.22921325,11.77078675,-69.8700000000099,0.4285714285714285,0.5714285714285714,RAW,NO VALUE,False,False,False,False,False,False,UP,NO
2026-08-23 15:18:43.768425+00:00,KXBTC15M-26AUG231130-30,77169.46,UP,0.31,31.0,0.3934426229508196,39.3,0.08344262295081961,8.3,3.72947375,11.27052625,-85.6700000000128,0.3934426229508196,0.6065573770491803,RAW,NO VALUE,True,True,False,False,False,False,UP,YES
2026-08-23 15:18:43.768425+00:00,KXBTC15M-26AUG231130-30,77169.46,DOWN,0.7,70.0,0.6065573770491803,60.7,-0.09344262295081962,-9.3,3.72947375,11.27052625,-85.6700000000128,0.3934426229508196,0.6065573770491803,RAW,NO VALUE,False,False,False,False,False,False,UP,NO
2026-08-23 15:19:14.157038+00:00,KXBTC15M-26AUG231130-30,77169.46,UP,0.26,26.0,0.2406015037593984,24.1,-0.01939849624060161,-1.9,4.235950633333333,10.764049366666669,-108.59000000001106,0.2406015037593984,0.7593984962406015,LEAN,SMALL EDGE,False,False,False,False,False,False,UP,YES
2026-08-23 15:19:14.157038+00:00,KXBTC15M-26AUG231130-30,77169.46,DOWN,0.75,75.0,0.7593984962406015,75.9,0.009398496240601517,0.9,4.235950633333333,10.764049366666669,-108.59000000001106,0.2406015037593984,0.7593984962406015,LEAN,SMALL EDGE,False,False,False,False,False,False,UP,NO
2026-08-23 15:19:43.688140+00:00,KXBTC15M-26AUG231130-30,77169.46,UP,0.11,11.0,0.0698924731182795,7.0,-0.04010752688172051,-4.0,4.728135666666666,10.271864333333331,-217.74000000000524,0.0698924731182795,0.9301075268817204,EARLY 90%+ / NOT YET VALIDATED LOCK,SMALL EDGE,False,False,False,False,False,False,UP,YES
2026-08-23 15:19:43.688140+00:00,KXBTC15M-26AUG231130-30,77169.46,DOWN,0.9,90.0,0.9301075268817204,93.0,0.03010752688172036,3.0,4.728135666666666,10.271864333333331,-217.74000000000524,0.0698924731182795,0.9301075268817204,EARLY 90%+ / NOT YET VALIDATED LOCK,SMALL EDGE,False,False,False,False,False,False,UP,NO
2026-08-23 15:20:13.795215+00:00,KXBTC15M-26AUG231130-30,77169.46,UP,0.14,14.0,0.0698924731182795,7.0,-0.07010752688172052,-7.0,5.22992025,9.77007975,-180.9300000000076,0.0698924731182795,0.9301075268817204,EARLY 90%+ / NOT YET VALIDATED LOCK,SMALL EDGE,False,False,False,False,False,False,UP,YES
2026-08-23 15:20:13.795215+00:00,KXBTC15M-26AUG231130-30,77169.46,DOWN,0.87,87.0,0.9301075268817204,93.0,0.060107526881720386,6.0,5.22992025,9.77007975,-180.9300000000076,0.0698924731182795,0.9301075268817204,EARLY 90%+ / NOT YET VALIDATED LOCK,SMALL EDGE,False,False,False,False,False,False,UP,NO
2026-08-23 15:20:43.826643+00:00,KXBTC15M-26AUG231130-30,77169.46,UP,0.12,12.0,0.2738853503184713,27.4,0.15388535031847128,15.4,5.73044405,9.26955595,-135.99000000000524,0.2738853503184713,0.7261146496815287,LEAN,NO VALUE,True,True,True,True,True,False,UP,YES
2026-08-23 15:20:43.826643+00:00,KXBTC15M-26AUG231130-30,77169.46,DOWN,0.89,89.0,0.7261146496815287,72.6,-0.1638853503184713,-16.4,5.73044405,9.26955595,-135.99000000000524,0.2738853503184713,0.7261146496815287,LEAN,NO VALUE,False,False,False,False,False,False,UP,NO
2026-08-23 15:21:13.849764+00:00,KXBTC15M-26AUG231130-30,77169.46,UP,0.12,12.0,0.3934426229508196,39.3,0.2734426229508196,27.3,6.2308294,8.769170599999999,-81.79000000000815,0.3934426229508196,0.6065573770491803,RAW,NO VALUE,True,True,True,True,True,True,UP,YES
2026-08-23 15:21:13.849764+00:00,KXBTC15M-26AUG231130-30,77169.46,DOWN,0.89,89.0,0.6065573770491803,60.7,-0.2834426229508197,-28.3,6.2308294,8.769170599999999,-81.79000000000815,0.3934426229508196,0.6065573770491803,RAW,NO VALUE,False,False,False,False,False,False,UP,NO
2026-08-23 15:21:43.725575+00:00,KXBTC15M-26AUG231130-30,77169.46,UP,0.25,25.0,0.4336734693877551,43.4,0.18367346938775508,18.4,6.728759583333333,8.271240416666666,-37.810000000012224,0.4336734693877551,0.5663265306122449,RAW,NO VALUE,True,True,True,True,True,False,UP,YES
2026-08-23 15:21:43.725575+00:00,KXBTC15M-26AUG231130-30,77169.46,DOWN,0.76,76.0,0.5663265306122449,56.6,-0.1936734693877551,-19.4,6.728759583333333,8.271240416666666,-37.810000000012224,0.4336734693877551,0.5663265306122449,RAW,NO VALUE,False,False,False,False,False,False,UP,NO
2026-08-23 15:22:13.714723+00:00,KXBTC15M-26AUG231130-30,77169.46,UP,0.37,37.0,0.4336734693877551,43.4,0.06367346938775509,6.4,7.228578716666666,7.771421283333334,-37.38999999999942,0.4336734693877551,0.5663265306122449,RAW,NO VALUE,True,True,False,False,False,False,UP,YES
2026-08-23 15:22:13.714723+00:00,KXBTC15M-26AUG231130-30,77169.46,DOWN,0.64,64.0,0.5663265306122449,56.6,-0.0736734693877551,-7.4,7.228578716666666,7.771421283333334,-37.38999999999942,0.4336734693877551,0.5663265306122449,RAW,NO VALUE,False,False,False,False,False,False,UP,NO
2026-08-23 15:22:43.775240+00:00,KXBTC15M-26AUG231130-30,77169.46,UP,0.44,44.0,0.5714285714285714,57.1,0.1314285714285714,13.1,7.729587333333333,7.270412666666667,30.389999999999414,0.4285714285714285,0.5714285714285714,RAW,POSITIVE EDGE,True,False,False,True,False,False,UP,YES
2026-08-23 15:22:43.775240+00:00,KXBTC15M-26AUG231130-30,77169.46,DOWN,0.57,57.0,0.4285714285714285,42.9,-0.14142857142857146,-14.1,7.729587333333333,7.270412666666667,30.389999999999414,0.4285714285714285,0.5714285714285714,RAW,POSITIVE EDGE,False,False,False,False,False,False,UP,NO
2026-08-23 15:23:13.886942+00:00,KXBTC15M-26AUG231130-30,77169.46,UP,0.6,60.0,0.7261146496815287,72.6,0.12611464968152875,12.6,8.231449033333332,6.768550966666667,55.229999999995925,0.2738853503184713,0.7261146496815287,LEAN,POSITIVE EDGE,False,False,False,True,False,False,UP,YES
2026-08-23 15:23:13.886942+00:00,KXBTC15M-26AUG231130-30,77169.46,DOWN,0.41,41.0,0.2738853503184713,27.4,-0.1361146496815287,-13.6,8.231449033333332,6.768550966666667,55.229999999995925,0.2738853503184713,0.7261146496815287,LEAN,POSITIVE EDGE,False,False,False,False,False,False,UP,NO
2026-08-23 15:23:43.721182+00:00,KXBTC15M-26AUG231130-30,77169.46,UP,0.6,60.0,0.4336734693877551,43.4,-0.1663265306122449,-16.6,8.728686366666667,6.2713136333333335,-15.610000000000582,0.4336734693877551,0.5663265306122449,RAW,ATTRACTIVE <=50c,False,False,False,False,False,False,UP,YES
2026-08-23 15:23:43.721182+00:00,KXBTC15M-26AUG231130-30,77169.46,DOWN,0.41,41.0,0.5663265306122449,56.6,0.15632653061224494,15.6,8.728686366666667,6.2713136333333335,-15.610000000000582,0.4336734693877551,0.5663265306122449,RAW,ATTRACTIVE <=50c,True,False,False,True,True,False,UP,NO
2026-08-23 15:24:13.791167+00:00,KXBTC15M-26AUG231130-30,77169.46,UP,0.44,44.0,0.5714285714285714,57.1,0.1314285714285714,13.1,9.229852783333332,5.770147216666667,2.1699999999982538,0.4285714285714285,0.5714285714285714,RAW,POSITIVE EDGE,True,False,False,True,False,False,UP,YES
2026-08-23 15:24:13.791167+00:00,KXBTC15M-26AUG231130-30,77169.46,DOWN,0.57,57.0,0.4285714285714285,42.9,-0.14142857142857146,-14.1,9.229852783333332,5.770147216666667,2.1699999999982538,0.4285714285714285,0.5714285714285714,RAW,POSITIVE EDGE,False,False,False,False,False,False,UP,NO
2026-08-23 15:24:43.790349+00:00,KXBTC15M-26AUG231130-30,77169.46,UP,0.54,54.0,0.6065573770491803,60.7,0.0665573770491803,6.7,9.72983915,5.27016085,31.729999999995925,0.3934426229508196,0.6065573770491803,RAW,SMALL EDGE,False,False,False,False,False,False,UP,YES
2026-08-23 15:24:43.790349+00:00,KXBTC15M-26AUG231130-30,77169.46,DOWN,0.47,47.0,0.3934426229508196,39.3,-0.07655737704918036,-7.7,9.72983915,5.27016085,31.729999999995925,0.3934426229508196,0.6065573770491803,RAW,SMALL EDGE,False,False,False,False,False,False,UP,NO
2026-08-23 15:25:13.851148+00:00,KXBTC15M-26AUG231130-30,77169.46,UP,0.62,62.0,0.6065573770491803,60.7,-0.01344262295081966,-1.3,10.230852466666668,4.769147533333333,28.169999999998254,0.3934426229508196,0.6065573770491803,RAW,NO VALUE,False,False,False,False,False,False,UP,YES
2026-08-23 15:25:13.851148+00:00,KXBTC15M-26AUG231130-30,77169.46,DOWN,0.39,39.0,0.3934426229508196,39.3,0.003442622950819596,0.3,10.230852466666668,4.769147533333333,28.169999999998254,0.3934426229508196,0.6065573770491803,RAW,NO VALUE,True,True,False,False,False,False,UP,NO
2026-08-23 15:25:43.755485+00:00,KXBTC15M-26AUG231130-30,77169.46,UP,0.65,65.0,0.7593984962406015,75.9,0.1093984962406015,10.9,10.729258083333333,4.270741916666666,44.189999999987776,0.2406015037593984,0.7593984962406015,LEAN,POSITIVE EDGE,False,False,False,True,False,False,UP,YES
2026-08-23 15:25:43.755485+00:00,KXBTC15M-26AUG231130-30,77169.46,DOWN,0.36,36.0,0.2406015037593984,24.1,-0.11939849624060159,-11.9,10.729258083333333,4.270741916666666,44.189999999987776,0.2406015037593984,0.7593984962406015,LEAN,POSITIVE EDGE,False,False,False,False,False,False,UP,NO
2026-08-23 15:26:13.864424+00:00,KXBTC15M-26AUG231130-30,77169.46,UP,0.65,65.0,0.6065573770491803,60.7,-0.04344262295081969,-4.3,11.231073733333334,3.7689262666666665,19.739999999990687,0.3934426229508196,0.6065573770491803,RAW,NO VALUE,False,False,False,False,False,False,UP,YES
2026-08-23 15:26:13.864424+00:00,KXBTC15M-26AUG231130-30,77169.46,DOWN,0.36,36.0,0.3934426229508196,39.3,0.03344262295081962,3.3,11.231073733333334,3.7689262666666665,19.739999999990687,0.3934426229508196,0.6065573770491803,RAW,NO VALUE,True,True,False,False,False,False,UP,NO
2026-08-23 15:26:43.745033+00:00,KXBTC15M-26AUG231130-30,77169.46,UP,0.61,61.0,0.890625,89.1,0.280625,28.1,11.729083883333336,3.2709161166666667,40.379999999990105,0.109375,0.890625,STRONG,LARGE EDGE / PRICE ABOVE 50c,False,False,False,True,True,True,UP,YES
2026-08-23 15:26:43.745033+00:00,KXBTC15M-26AUG231130-30,77169.46,DOWN,0.4,40.0,0.109375,10.9,-0.290625,-29.1,11.729083883333336,3.2709161166666667,40.379999999990105,0.109375,0.890625,STRONG,LARGE EDGE / PRICE ABOVE 50c,False,False,False,False,False,False,UP,NO
2026-08-23 15:27:13.723042+00:00,KXBTC15M-26AUG231130-30,77169.46,UP,0.72,72.0,0.8928571428571429,89.3,0.17285714285714293,17.3,12.228717366666666,2.7712826333333336,39.44999999999709,0.1071428571428571,0.8928571428571429,STRONG,POSITIVE EDGE,False,False,False,True,True,False,UP,YES
2026-08-23 15:27:13.723042+00:00,KXBTC15M-26AUG231130-30,77169.46,DOWN,0.29,29.0,0.1071428571428571,10.7,-0.18285714285714288,-18.3,12.228717366666666,2.7712826333333336,39.44999999999709,0.1071428571428571,0.8928571428571429,STRONG,POSITIVE EDGE,False,False,False,False,False,False,UP,NO
2026-08-23 15:27:43.887119+00:00,KXBTC15M-26AUG231130-30,77169.46,UP,0.77,77.0,0.890625,89.1,0.12062499999999998,12.1,12.731451983333333,2.2685480166666663,29.95999999999185,0.109375,0.890625,STRONG,POSITIVE EDGE,False,False,False,True,False,False,UP,YES
2026-08-23 15:27:43.887119+00:00,KXBTC15M-26AUG231130-30,77169.46,DOWN,0.24,24.0,0.109375,10.9,-0.130625,-13.1,12.731451983333333,2.2685480166666663,29.95999999999185,0.109375,0.890625,STRONG,POSITIVE EDGE,False,False,False,False,False,False,UP,NO
2026-08-23 15:28:13.726586+00:00,KXBTC15M-26AUG231130-30,77169.46,UP,0.73,73.0,0.7261146496815287,72.6,-0.003885350318471259,-0.4,13.228776433333334,1.7712235666666667,7.239999999990687,0.2738853503184713,0.7261146496815287,LEAN,NO VALUE,False,False,False,False,False,False,UP,YES
2026-08-23 15:28:13.726586+00:00,KXBTC15M-26AUG231130-30,77169.46,DOWN,0.28,28.0,0.2738853503184713,27.4,-0.00611464968152875,-0.6,13.228776433333334,1.7712235666666667,7.239999999990687,0.2738853503184713,0.7261146496815287,LEAN,NO VALUE,False,False,False,False,False,False,UP,NO
2026-08-23 15:28:43.681140+00:00,KXBTC15M-26AUG231130-30,77169.46,UP,0.58,58.0,0.5714285714285714,57.1,-0.008571428571428563,-0.9,13.728019,1.271981,0.1399999999994179,0.4285714285714285,0.5714285714285714,RAW,NO VALUE,False,False,False,False,False,False,UP,YES
2026-08-23 15:28:43.681140+00:00,KXBTC15M-26AUG231130-30,77169.46,DOWN,0.43,43.0,0.4285714285714285,42.9,-0.0014285714285715012,-0.1,13.728019,1.271981,0.1399999999994179,0.4285714285714285,0.5714285714285714,RAW,NO VALUE,False,False,False,False,False,False,UP,NO
2026-08-23 15:29:13.857755+00:00,KXBTC15M-26AUG231130-30,77169.46,UP,0.69,69.0,0.6347826086956522,63.5,-0.055217391304347774,-5.5,14.230962583333334,0.7690374166666667,1.5099999999947613,0.3652173913043478,0.6347826086956522,RAW,NO VALUE,False,False,False,False,False,False,UP,YES
2026-08-23 15:29:13.857755+00:00,KXBTC15M-26AUG231130-30,77169.46,DOWN,0.32,32.0,0.3652173913043478,36.5,0.04521739130434782,4.5,14.230962583333334,0.7690374166666667,1.5099999999947613,0.3652173913043478,0.6347826086956522,RAW,NO VALUE,True,True,False,False,False,False,UP,NO
2026-08-23 15:29:43.771347+00:00,KXBTC15M-26AUG231130-30,77169.46,UP,0.916,91.6,0.8018867924528301,80.2,-0.11411320754716991,-11.4,14.72952245,0.27047755,6.4799999999959255,0.1981132075471698,0.8018867924528301,STRONG,NO VALUE,False,False,False,False,False,False,UP,YES
2026-08-23 15:29:43.771347+00:00,KXBTC15M-26AUG231130-30,77169.46,DOWN,0.09,9.0,0.1981132075471698,19.8,0.1081132075471698,10.8,14.72952245,0.27047755,6.4799999999959255,0.1981132075471698,0.8018867924528301,STRONG,NO VALUE,True,True,True,True,False,False,UP,NO
2026-08-23 15:30:43.703443+00:00,KXBTC15M-26AUG231145-45,77180.01,UP,0.59,59.0,0.6347826086956522,63.5,0.044782608695652204,4.5,0.7283907166666667,14.271609283333332,30.37000000000989,0.3652173913043478,0.6347826086956522,RAW,SMALL EDGE,False,False,False,False,False,False,UP,YES
2026-08-23 15:30:43.703443+00:00,KXBTC15M-26AUG231145-45,77180.01,DOWN,0.42,42.0,0.3652173913043478,36.5,-0.05478260869565216,-5.5,0.7283907166666667,14.271609283333332,30.37000000000989,0.3652173913043478,0.6347826086956522,RAW,SMALL EDGE,False,False,False,False,False,False,UP,NO
2026-08-23 15:31:13.849690+00:00,KXBTC15M-26AUG231145-45,77180.01,UP,0.64,64.0,0.7261146496815287,72.6,0.08611464968152871,8.6,1.2308281666666665,13.769171833333331,68.02999999999884,0.2738853503184713,0.7261146496815287,LEAN,SMALL EDGE,False,False,False,False,False,False,UP,YES
2026-08-23 15:31:13.849690+00:00,KXBTC15M-26AUG231145-45,77180.01,DOWN,0.37,37.0,0.2738853503184713,27.4,-0.09611464968152872,-9.6,1.2308281666666665,13.769171833333331,68.02999999999884,0.2738853503184713,0.7261146496815287,LEAN,SMALL EDGE,False,False,False,False,False,False,UP,NO
2026-08-23 15:31:43.804286+00:00,KXBTC15M-26AUG231145-45,77180.01,UP,0.64,64.0,0.6347826086956522,63.5,-0.00521739130434784,-0.5,1.7300714333333334,13.269928566666666,68.61000000000058,0.3652173913043478,0.6347826086956522,RAW,NO VALUE,False,False,False,False,False,False,UP,YES
2026-08-23 15:31:43.804286+00:00,KXBTC15M-26AUG231145-45,77180.01,DOWN,0.37,37.0,0.3652173913043478,36.5,-0.0047826086956521685,-0.5,1.7300714333333334,13.269928566666666,68.61000000000058,0.3652173913043478,0.6347826086956522,RAW,NO VALUE,False,False,False,False,False,False,UP,NO
2026-08-23 15:32:13.746741+00:00,KXBTC15M-26AUG231145-45,77180.01,UP,0.68,68.0,0.5663265306122449,56.6,-0.11367346938775513,-11.4,2.22911235,12.77088765,24.90000000000873,0.4336734693877551,0.5663265306122449,RAW,NO VALUE,False,False,False,False,False,False,UP,YES
2026-08-23 15:32:13.746741+00:00,KXBTC15M-26AUG231145-45,77180.01,DOWN,0.33,33.0,0.4336734693877551,43.4,0.10367346938775507,10.4,2.22911235,12.77088765,24.90000000000873,0.4336734693877551,0.5663265306122449,RAW,NO VALUE,True,True,False,True,False,False,UP,NO
2026-08-23 15:32:43.745371+00:00,KXBTC15M-26AUG231145-45,77180.01,UP,0.62,62.0,0.4336734693877551,43.4,-0.1863265306122449,-18.6,2.729089516666667,12.270910483333331,-1.8799999999901047,0.4336734693877551,0.5663265306122449,RAW,ATTRACTIVE <=50c,False,False,False,False,False,False,UP,YES
2026-08-23 15:32:43.745371+00:00,KXBTC15M-26AUG231145-45,77180.01,DOWN,0.39,39.0,0.5663265306122449,56.6,0.1763265306122449,17.6,2.729089516666667,12.270910483333331,-1.8799999999901047,0.4336734693877551,0.5663265306122449,RAW,ATTRACTIVE <=50c,True,True,False,True,True,False,UP,NO
2026-08-23 15:33:13.754892+00:00,KXBTC15M-26AUG231145-45,77180.01,UP,0.51,51.0,0.4336734693877551,43.4,-0.07632653061224492,-7.6,3.2292482,11.7707518,-40.429999999993015,0.4336734693877551,0.5663265306122449,RAW,SMALL EDGE,False,False,False,False,False,False,UP,YES
2026-08-23 15:33:13.754892+00:00,KXBTC15M-26AUG231145-45,77180.01,DOWN,0.5,50.0,0.5663265306122449,56.6,0.06632653061224492,6.6,3.2292482,11.7707518,-40.429999999993015,0.4336734693877551,0.5663265306122449,RAW,SMALL EDGE,True,False,False,False,False,False,UP,NO
2026-08-23 15:33:43.717967+00:00,KXBTC15M-26AUG231145-45,77180.01,UP,0.41,41.0,0.4285714285714285,42.9,0.018571428571428517,1.9,3.728632783333333,11.271367216666668,-41.61999999999534,0.4285714285714285,0.5714285714285714,RAW,NO VALUE,True,False,False,False,False,False,UP,YES
2026-08-23 15:33:43.717967+00:00,KXBTC15M-26AUG231145-45,77180.01,DOWN,0.6,60.0,0.5714285714285714,57.1,-0.02857142857142858,-2.9,3.728632783333333,11.271367216666668,-41.61999999999534,0.4285714285714285,0.5714285714285714,RAW,NO VALUE,False,False,False,False,False,False,UP,NO
2026-08-23 15:34:13.805102+00:00,KXBTC15M-26AUG231145-45,77180.01,UP,0.39,39.0,0.4285714285714285,42.9,0.03857142857142848,3.9,4.230085033333333,10.769914966666668,-31.319999999992437,0.4285714285714285,0.5714285714285714,RAW,NO VALUE,True,True,False,False,False,False,UP,YES
2026-08-23 15:34:13.805102+00:00,KXBTC15M-26AUG231145-45,77180.01,DOWN,0.62,62.0,0.5714285714285714,57.1,-0.0485714285714286,-4.9,4.230085033333333,10.769914966666668,-31.319999999992437,0.4285714285714285,0.5714285714285714,RAW,NO VALUE,False,False,False,False,False,False,UP,NO
2026-08-23 15:34:43.697665+00:00,KXBTC15M-26AUG231145-45,77180.01,UP,0.42,42.0,0.4285714285714285,42.9,0.008571428571428508,0.9,4.7282944166666665,10.271705583333333,-20.580000000001743,0.4285714285714285,0.5714285714285714,RAW,NO VALUE,True,False,False,False,False,False,UP,YES
2026-08-23 15:34:43.697665+00:00,KXBTC15M-26AUG231145-45,77180.01,DOWN,0.59,59.0,0.5714285714285714,57.1,-0.018571428571428572,-1.9,4.7282944166666665,10.271705583333333,-20.580000000001743,0.4285714285714285,0.5714285714285714,RAW,NO VALUE,False,False,False,False,False,False,UP,NO
2026-08-23 15:35:13.830420+00:00,KXBTC15M-26AUG231145-45,77180.01,UP,0.41,41.0,0.4277521050960206,42.8,0.0177521050960206,1.8,5.230507,9.769493,-20.92999999999301,0.4277521050960206,0.5722478949039794,RAW,NO VALUE,True,False,False,False,False,False,UP,YES
2026-08-23 15:35:13.830420+00:00,KXBTC15M-26AUG231145-45,77180.01,DOWN,0.6,60.0,0.5722478949039794,57.2,-0.027752105096020552,-2.8,5.230507,9.769493,-20.92999999999301,0.4277521050960206,0.5722478949039794,RAW,NO VALUE,False,False,False,False,False,False,UP,NO
2026-08-23 15:35:43.887998+00:00,KXBTC15M-26AUG231145-45,77180.01,UP,0.45,45.0,0.5663265306122449,56.6,0.1163265306122449,11.6,5.731466633333333,9.268533366666666,26.54000000000815,0.4336734693877551,0.5663265306122449,RAW,POSITIVE EDGE,True,False,False,True,False,False,UP,YES
2026-08-23 15:35:43.887998+00:00,KXBTC15M-26AUG231145-45,77180.01,DOWN,0.56,56.0,0.4336734693877551,43.4,-0.12632653061224497,-12.6,5.731466633333333,9.268533366666666,26.54000000000815,0.4336734693877551,0.5663265306122449,RAW,POSITIVE EDGE,False,False,False,False,False,False,UP,NO
2026-08-23 15:36:13.849270+00:00,KXBTC15M-26AUG231145-45,77180.01,UP,0.57,57.0,0.5714285714285714,57.1,0.0014285714285714457,0.1,6.230821166666667,8.769178833333333,20.520000000004075,0.4285714285714285,0.5714285714285714,RAW,SMALL EDGE,False,False,False,False,False,False,UP,YES
2026-08-23 15:36:13.849270+00:00,KXBTC15M-26AUG231145-45,77180.01,DOWN,0.44,44.0,0.4285714285714285,42.9,-0.01142857142857151,-1.1,6.230821166666667,8.769178833333333,20.520000000004075,0.4285714285714285,0.5714285714285714,RAW,SMALL EDGE,False,False,False,False,False,False,UP,NO
2026-08-23 15:36:43.780528+00:00,KXBTC15M-26AUG231145-45,77180.01,UP,0.53,53.0,0.5714285714285714,57.1,0.04142857142857137,4.1,6.7296754666666665,8.270324533333334,1.5500000000029104,0.4285714285714285,0.5714285714285714,RAW,SMALL EDGE,False,False,False,False,False,False,UP,YES
2026-08-23 15:36:43.780528+00:00,KXBTC15M-26AUG231145-45,77180.01,DOWN,0.48,48.0,0.4285714285714285,42.9,-0.05142857142857149,-5.1,6.7296754666666665,8.270324533333334,1.5500000000029104,0.4285714285714285,0.5714285714285714,RAW,SMALL EDGE,False,False,False,False,False,False,UP,NO
2026-08-23 15:37:13.767562+00:00,KXBTC15M-26AUG231145-45,77180.01,UP,0.53,53.0,0.5663265306122449,56.6,0.03632653061224489,3.6,7.229459366666666,7.770540633333334,0.3000000000029104,0.4336734693877551,0.5663265306122449,RAW,SMALL EDGE,False,False,False,False,False,False,UP,YES
2026-08-23 15:37:13.767562+00:00,KXBTC15M-26AUG231145-45,77180.01,DOWN,0.48,48.0,0.4336734693877551,43.4,-0.0463265306122449,-4.6,7.229459366666666,7.770540633333334,0.3000000000029104,0.4336734693877551,0.5663265306122449,RAW,SMALL EDGE,False,False,False,False,False,False,UP,NO
2026-08-23 15:37:43.830134+00:00,KXBTC15M-26AUG231145-45,77180.01,UP,0.53,53.0,0.6065573770491803,60.7,0.07655737704918031,7.7,7.730502233333333,7.269497766666666,18.37000000000989,0.3934426229508196,0.6065573770491803,RAW,SMALL EDGE,False,False,False,False,False,False,UP,YES
2026-08-23 15:37:43.830134+00:00,KXBTC15M-26AUG231145-45,77180.01,DOWN,0.48,48.0,0.3934426229508196,39.3,-0.08655737704918037,-8.7,7.730502233333333,7.269497766666666,18.37000000000989,0.3934426229508196,0.6065573770491803,RAW,SMALL EDGE,False,False,False,False,False,False,UP,NO
2026-08-23 15:38:13.739661+00:00,KXBTC15M-26AUG231145-45,77180.01,UP,0.55,55.0,0.5909090909090908,59.1,0.040909090909090784,4.1,8.22899435,6.77100565,29.84000000001106,0.4090909090909091,0.5909090909090908,RAW,SMALL EDGE,False,False,False,False,False,False,UP,YES
2026-08-23 15:38:13.739661+00:00,KXBTC15M-26AUG231145-45,77180.01,DOWN,0.46,46.0,0.4090909090909091,40.9,-0.050909090909090904,-5.1,8.22899435,6.77100565,29.84000000001106,0.4090909090909091,0.5909090909090908,RAW,SMALL EDGE,False,False,False,False,False,False,UP,NO
2026-08-23 15:38:43.802181+00:00,KXBTC15M-26AUG231145-45,77180.01,UP,0.73,73.0,0.6065573770491803,60.7,-0.12344262295081965,-12.3,8.73003635,6.269963649999999,38.49000000000524,0.3934426229508196,0.6065573770491803,RAW,NO VALUE,False,False,False,False,False,False,UP,YES
2026-08-23 15:38:43.802181+00:00,KXBTC15M-26AUG231145-45,77180.01,DOWN,0.28,28.0,0.3934426229508196,39.3,0.11344262295081958,11.3,8.73003635,6.269963649999999,38.49000000000524,0.3934426229508196,0.6065573770491803,RAW,NO VALUE,True,True,True,True,False,False,UP,NO
2026-08-23 15:39:13.746236+00:00,KXBTC15M-26AUG231145-45,77180.01,UP,0.69,69.0,0.8018867924528301,80.2,0.11188679245283017,11.2,9.229103933333333,5.770896066666666,67.38999999999942,0.1981132075471698,0.8018867924528301,STRONG,POSITIVE EDGE,False,False,False,True,False,False,UP,YES
2026-08-23 15:39:13.746236+00:00,KXBTC15M-26AUG231145-45,77180.01,DOWN,0.32,32.0,0.1981132075471698,19.8,-0.12188679245283021,-12.2,9.229103933333333,5.770896066666666,67.38999999999942,0.1981132075471698,0.8018867924528301,STRONG,POSITIVE EDGE,False,False,False,False,False,False,UP,NO
2026-08-23 15:39:43.695617+00:00,KXBTC15M-26AUG231145-45,77180.01,UP,0.83,83.0,0.890625,89.1,0.06062500000000004,6.1,9.728260283333332,5.271739716666667,66.86000000000058,0.109375,0.890625,STRONG,SMALL EDGE,False,False,False,False,False,False,UP,YES
2026-08-23 15:39:43.695617+00:00,KXBTC15M-26AUG231145-45,77180.01,DOWN,0.18,18.0,0.109375,10.9,-0.070625,-7.1,9.728260283333332,5.271739716666667,66.86000000000058,0.109375,0.890625,STRONG,SMALL EDGE,False,False,False,False,False,False,UP,NO
2026-08-23 15:40:13.737964+00:00,KXBTC15M-26AUG231145-45,77180.01,UP,0.84,84.0,0.9301075268817204,93.0,0.09010752688172041,9.0,10.228966066666668,4.771033933333333,78.99000000000524,0.0698924731182795,0.9301075268817204,LOCK,SMALL EDGE,False,False,False,False,False,False,UP,YES
2026-08-23 15:40:13.737964+00:00,KXBTC15M-26AUG231145-45,77180.01,DOWN,0.17,17.0,0.0698924731182795,7.0,-0.10010752688172052,-10.0,10.228966066666668,4.771033933333333,78.99000000000524,0.0698924731182795,0.9301075268817204,LOCK,SMALL EDGE,False,False,False,False,False,False,UP,NO
2026-08-23 15:40:43.699024+00:00,KXBTC15M-26AUG231145-45,77180.01,UP,0.88,88.0,0.9301075268817204,93.0,0.05010752688172038,5.0,10.728317066666667,4.2716829333333335,69.44000000000233,0.0698924731182795,0.9301075268817204,LOCK,SMALL EDGE,False,False,False,False,False,False,UP,YES
2026-08-23 15:40:43.699024+00:00,KXBTC15M-26AUG231145-45,77180.01,DOWN,0.13,13.0,0.0698924731182795,7.0,-0.06010752688172051,-6.0,10.728317066666667,4.2716829333333335,69.44000000000233,0.0698924731182795,0.9301075268817204,LOCK,SMALL EDGE,False,False,False,False,False,False,UP,NO
2026-08-23 15:41:13.961835+00:00,KXBTC15M-26AUG231145-45,77180.01,UP,0.926,92.6,0.9487179487179488,94.9,0.022717948717948744,2.3,11.23269725,3.76730275,70.70000000001164,0.0512820512820512,0.9487179487179488,LOCK,SMALL EDGE,False,False,False,False,False,False,UP,YES
2026-08-23 15:41:13.961835+00:00,KXBTC15M-26AUG231145-45,77180.01,DOWN,0.075,7.5,0.0512820512820512,5.1,-0.0237179487179488,-2.4,11.23269725,3.76730275,70.70000000001164,0.0512820512820512,0.9487179487179488,LOCK,SMALL EDGE,False,False,False,False,False,False,UP,NO
2026-08-23 15:41:43.828627+00:00,KXBTC15M-26AUG231145-45,77180.01,UP,0.925,92.5,0.988095238095238,98.8,0.06309523809523798,6.3,11.730477116666666,3.269522883333333,72.15000000000873,0.0119047619047619,0.988095238095238,LOCK,SMALL EDGE,False,False,False,False,False,False,UP,YES
2026-08-23 15:41:43.828627+00:00,KXBTC15M-26AUG231145-45,77180.01,DOWN,0.076,7.6,0.0119047619047619,1.2,-0.0640952380952381,-6.4,11.730477116666666,3.269522883333333,72.15000000000873,0.0119047619047619,0.988095238095238,LOCK,SMALL EDGE,False,False,False,False,False,False,UP,NO
2026-08-23 15:42:13.747314+00:00,KXBTC15M-26AUG231145-45,77180.01,UP,0.91,91.0,1.0,100.0,0.08999999999999997,9.0,12.2291219,2.7708781,75.6200000000099,0.0,1.0,LOCK,SMALL EDGE,False,False,False,False,False,False,UP,YES
2026-08-23 15:42:13.747314+00:00,KXBTC15M-26AUG231145-45,77180.01,DOWN,0.091,9.1,0.0,0.0,-0.091,-9.1,12.2291219,2.7708781,75.6200000000099,0.0,1.0,LOCK,SMALL EDGE,False,False,False,False,False,False,UP,NO
2026-08-23 15:42:43.804040+00:00,KXBTC15M-26AUG231145-45,77180.01,UP,0.957,95.7,1.0,100.0,0.04300000000000004,4.3,12.730067333333333,2.269932666666667,75.6200000000099,0.0,1.0,LOCK,SMALL EDGE,False,False,False,False,False,False,UP,YES
2026-08-23 15:42:43.804040+00:00,KXBTC15M-26AUG231145-45,77180.01,DOWN,0.044,4.4,0.0,0.0,-0.044,-4.4,12.730067333333333,2.269932666666667,75.6200000000099,0.0,1.0,LOCK,SMALL EDGE,False,False,False,False,False,False,UP,NO
2026-08-23 15:43:13.722227+00:00,KXBTC15M-26AUG231145-45,77180.01,UP,0.984,98.4,1.0,100.0,0.016000000000000014,1.6,13.228703783333334,1.7712962166666666,85.4600000000064,0.0,1.0,LOCK,SMALL EDGE,False,False,False,False,False,False,UP,YES
2026-08-23 15:43:13.722227+00:00,KXBTC15M-26AUG231145-45,77180.01,DOWN,0.017,1.7,0.0,0.0,-0.017,-1.7,13.228703783333334,1.7712962166666666,85.4600000000064,0.0,1.0,LOCK,SMALL EDGE,False,False,False,False,False,False,UP,NO
2026-08-23 15:43:43.693147+00:00,KXBTC15M-26AUG231145-45,77180.01,UP,0.996,99.6,1.0,100.0,0.0040000000000000036,0.4,13.728219116666668,1.2717808833333335,93.02000000000407,0.0,1.0,LOCK,SMALL EDGE,False,False,False,False,False,False,UP,YES
2026-08-23 15:43:43.693147+00:00,KXBTC15M-26AUG231145-45,77180.01,DOWN,0.005,0.5,0.0,0.0,-0.005,-0.5,13.728219116666668,1.2717808833333335,93.02000000000407,0.0,1.0,LOCK,SMALL EDGE,False,False,False,False,False,False,UP,NO
2026-08-23 15:44:13.739796+00:00,KXBTC15M-26AUG231145-45,77180.01,UP,1.0,100.0,1.0,100.0,0.0,0.0,14.2289966,0.7710034,109.11000000000058,0.0,1.0,LOCK,NO VALUE,False,False,False,False,False,False,UP,YES
2026-08-23 15:44:13.739796+00:00,KXBTC15M-26AUG231145-45,77180.01,DOWN,0.001,0.1,0.0,0.0,-0.001,-0.1,14.2289966,0.7710034,109.11000000000058,0.0,1.0,LOCK,NO VALUE,False,False,False,False,False,False,UP,NO
2026-08-23 15:44:43.735308+00:00,KXBTC15M-26AUG231145-45,77180.01,UP,1.0,100.0,1.0,100.0,0.0,0.0,14.7289218,0.2710782,83.32000000000698,0.0,1.0,LOCK,NO VALUE,False,False,False,False,False,False,UP,YES
2026-08-23 15:44:43.735308+00:00,KXBTC15M-26AUG231145-45,77180.01,DOWN,0.001,0.1,0.0,0.0,-0.001,-0.1,14.7289218,0.2710782,83.32000000000698,0.0,1.0,LOCK,NO VALUE,False,False,False,False,False,False,UP,NO
2026-08-23 15:45:13.791574+00:00,KXBTC15M-26AUG231200-00,77273.25,UP,0.41,41.0,0.4090909090909091,40.9,-0.0009090909090908594,-0.1,0.2298595666666666,14.770140433333331,-68.02000000000407,0.4090909090909091,0.5909090909090908,RAW,NO VALUE,False,False,False,False,False,False,UNRESOLVED,UNRESOLVED
2026-08-23 15:45:13.791574+00:00,KXBTC15M-26AUG231200-00,77273.25,DOWN,0.6,60.0,0.5909090909090908,59.1,-0.00909090909090915,-0.9,0.2298595666666666,14.770140433333331,-68.02000000000407,0.4090909090909091,0.5909090909090908,RAW,NO VALUE,False,False,False,False,False,False,UNRESOLVED,UNRESOLVED
2026-08-23 15:45:43.730473+00:00,KXBTC15M-26AUG231200-00,77273.25,UP,0.41,41.0,0.4285714285714285,42.9,0.018571428571428517,1.9,0.7288412166666667,14.271158783333334,-75.44999999999709,0.4285714285714285,0.5714285714285714,RAW,NO VALUE,True,False,False,False,False,False,UNRESOLVED,UNRESOLVED
2026-08-23 15:45:43.730473+00:00,KXBTC15M-26AUG231200-00,77273.25,DOWN,0.6,60.0,0.5714285714285714,57.1,-0.02857142857142858,-2.9,0.7288412166666667,14.271158783333334,-75.44999999999709,0.4285714285714285,0.5714285714285714,RAW,NO VALUE,False,False,False,False,False,False,UNRESOLVED,UNRESOLVED
2026-08-23 15:46:13.823250+00:00,KXBTC15M-26AUG231200-00,77273.25,UP,0.31,31.0,0.4090909090909091,40.9,0.09909090909090912,9.9,1.2303875,13.7696125,-67.22999999999593,0.4090909090909091,0.5909090909090908,RAW,NO VALUE,True,True,False,False,False,False,UNRESOLVED,UNRESOLVED
2026-08-23 15:46:13.823250+00:00,KXBTC15M-26AUG231200-00,77273.25,DOWN,0.7,70.0,0.5909090909090908,59.1,-0.10909090909090913,-10.9,1.2303875,13.7696125,-67.22999999999593,0.4090909090909091,0.5909090909090908,RAW,NO VALUE,False,False,False,False,False,False,UNRESOLVED,UNRESOLVED
2026-08-23 15:46:43.801117+00:00,KXBTC15M-26AUG231200-00,77273.25,UP,0.31,31.0,0.4090909090909091,40.9,0.09909090909090912,9.9,1.730018616666667,13.269981383333334,-56.64999999999418,0.4090909090909091,0.5909090909090908,RAW,NO VALUE,True,True,False,False,False,False,UNRESOLVED,UNRESOLVED
2026-08-23 15:46:43.801117+00:00,KXBTC15M-26AUG231200-00,77273.25,DOWN,0.7,70.0,0.5909090909090908,59.1,-0.10909090909090913,-10.9,1.730018616666667,13.269981383333334,-56.64999999999418,0.4090909090909091,0.5909090909090908,RAW,NO VALUE,False,False,False,False,False,False,UNRESOLVED,UNRESOLVED
2026-08-23 15:47:13.885068+00:00,KXBTC15M-26AUG231200-00,77273.25,UP,0.31,31.0,0.4285714285714285,42.9,0.1185714285714285,11.9,2.2314178,12.7685822,-71.57000000000698,0.4285714285714285,0.5714285714285714,RAW,NO VALUE,True,True,False,True,False,False,UNRESOLVED,UNRESOLVED
2026-08-23 15:47:13.885068+00:00,KXBTC15M-26AUG231200-00,77273.25,DOWN,0.7,70.0,0.5714285714285714,57.1,-0.12857142857142856,-12.9,2.2314178,12.7685822,-71.57000000000698,0.4285714285714285,0.5714285714285714,RAW,NO VALUE,False,False,False,False,False,False,UNRESOLVED,UNRESOLVED
2026-08-23 15:47:44.008730+00:00,KXBTC15M-26AUG231200-00,77273.25,UP,0.3,30.0,0.4285714285714285,42.9,0.1285714285714285,12.9,2.7334788333333337,12.266521166666667,-67.22000000000116,0.4285714285714285,0.5714285714285714,RAW,NO VALUE,True,True,True,True,False,False,UNRESOLVED,UNRESOLVED
2026-08-23 15:47:44.008730+00:00,KXBTC15M-26AUG231200-00,77273.25,DOWN,0.71,71.0,0.5714285714285714,57.1,-0.13857142857142857,-13.9,2.7334788333333337,12.266521166666667,-67.22000000000116,0.4285714285714285,0.5714285714285714,RAW,NO VALUE,False,False,False,False,False,False,UNRESOLVED,UNRESOLVED
2026-08-23 15:48:13.743494+00:00,KXBTC15M-26AUG231200-00,77273.25,UP,0.27,27.0,0.3652173913043478,36.5,0.09521739130434781,9.5,3.2290582333333333,11.770941766666663,-106.94999999999708,0.3652173913043478,0.6347826086956522,RAW,NO VALUE,True,True,True,False,False,False,UNRESOLVED,UNRESOLVED
2026-08-23 15:48:13.743494+00:00,KXBTC15M-26AUG231200-00,77273.25,DOWN,0.74,74.0,0.6347826086956522,63.5,-0.10521739130434782,-10.5,3.2290582333333333,11.770941766666663,-106.94999999999708,0.3652173913043478,0.6347826086956522,RAW,NO VALUE,False,False,False,False,False,False,UNRESOLVED,UNRESOLVED
2026-08-23 15:48:43.727507+00:00,KXBTC15M-26AUG231200-00,77273.25,UP,0.23,23.0,0.4090909090909091,40.9,0.1790909090909091,17.9,3.7287917833333335,11.271208216666668,-89.11999999999534,0.4090909090909091,0.5909090909090908,RAW,NO VALUE,True,True,True,True,True,False,UNRESOLVED,UNRESOLVED
2026-08-23 15:48:43.727507+00:00,KXBTC15M-26AUG231200-00,77273.25,DOWN,0.78,78.0,0.5909090909090908,59.1,-0.1890909090909092,-18.9,3.7287917833333335,11.271208216666668,-89.11999999999534,0.4090909090909091,0.5909090909090908,RAW,NO VALUE,False,False,False,False,False,False,UNRESOLVED,UNRESOLVED
2026-08-23 15:49:13.777998+00:00,KXBTC15M-26AUG231200-00,77273.25,UP,0.25,25.0,0.3934426229508196,39.3,0.1434426229508196,14.3,4.2296333,10.7703667,-74.86999999999534,0.3934426229508196,0.6065573770491803,RAW,NO VALUE,True,True,True,True,False,False,UNRESOLVED,UNRESOLVED
2026-08-23 15:49:13.777998+00:00,KXBTC15M-26AUG231200-00,77273.25,DOWN,0.76,76.0,0.6065573770491803,60.7,-0.15344262295081967,-15.3,4.2296333,10.7703667,-74.86999999999534,0.3934426229508196,0.6065573770491803,RAW,NO VALUE,False,False,False,False,False,False,UNRESOLVED,UNRESOLVED
2026-08-23 15:49:43.733002+00:00,KXBTC15M-26AUG231200-00,77273.25,UP,0.21,21.0,0.3652173913043478,36.5,0.15521739130434783,15.5,4.7288833666666665,10.271116633333332,-94.2899999999936,0.3652173913043478,0.6347826086956522,RAW,NO VALUE,True,True,True,True,True,False,UNRESOLVED,UNRESOLVED
2026-08-23 15:49:43.733002+00:00,KXBTC15M-26AUG231200-00,77273.25,DOWN,0.8,80.0,0.6347826086956522,63.5,-0.16521739130434787,-16.5,4.7288833666666665,10.271116633333332,-94.2899999999936,0.3652173913043478,0.6347826086956522,RAW,NO VALUE,False,False,False,False,False,False,UNRESOLVED,UNRESOLVED
2026-08-23 15:50:13.947435+00:00,KXBTC15M-26AUG231200-00,77273.25,UP,0.21,21.0,0.2406015037593984,24.1,0.030601503759398407,3.1,5.23245725,9.76754275,-101.60000000000582,0.2406015037593984,0.7593984962406015,LEAN,NO VALUE,True,True,True,False,False,False,UNRESOLVED,UNRESOLVED
2026-08-23 15:50:13.947435+00:00,KXBTC15M-26AUG231200-00,77273.25,DOWN,0.8,80.0,0.7593984962406015,75.9,-0.04060150375939853,-4.1,5.23245725,9.76754275,-101.60000000000582,0.2406015037593984,0.7593984962406015,LEAN,NO VALUE,False,False,False,False,False,False,UNRESOLVED,UNRESOLVED
2026-08-23 15:50:43.832562+00:00,KXBTC15M-26AUG231200-00,77273.25,UP,0.16,16.0,0.1981132075471698,19.8,0.03811320754716979,3.8,5.7305427,9.2694573,-104.7899999999936,0.1981132075471698,0.8018867924528301,STRONG,NO VALUE,True,True,True,False,False,False,UNRESOLVED,UNRESOLVED
2026-08-23 15:50:43.832562+00:00,KXBTC15M-26AUG231200-00,77273.25,DOWN,0.85,85.0,0.8018867924528301,80.2,-0.048113207547169856,-4.8,5.7305427,9.2694573,-104.7899999999936,0.1981132075471698,0.8018867924528301,STRONG,NO VALUE,False,False,False,False,False,False,UNRESOLVED,UNRESOLVED
2026-08-23 15:51:13.834580+00:00,KXBTC15M-26AUG231200-00,77273.25,UP,0.1,10.0,0.1981132075471698,19.8,0.09811320754716979,9.8,6.2305763333333335,8.769423666666667,-107.05999999999769,0.1981132075471698,0.8018867924528301,STRONG,NO VALUE,True,True,True,False,False,False,UNRESOLVED,UNRESOLVED
2026-08-23 15:51:13.834580+00:00,KXBTC15M-26AUG231200-00,77273.25,DOWN,0.901,90.1,0.8018867924528301,80.2,-0.0991132075471699,-9.9,6.2305763333333335,8.769423666666667,-107.05999999999769,0.1981132075471698,0.8018867924528301,STRONG,NO VALUE,False,False,False,False,False,False,UNRESOLVED,UNRESOLVED
2026-08-23 15:51:43.741051+00:00,KXBTC15M-26AUG231200-00,77273.25,UP,0.098,9.8,0.2406015037593984,24.1,0.1426015037593984,14.3,6.729017516666668,8.270982483333333,-82.91000000000349,0.2406015037593984,0.7593984962406015,LEAN,NO VALUE,True,True,True,True,False,False,UNRESOLVED,UNRESOLVED
2026-08-23 15:51:43.741051+00:00,KXBTC15M-26AUG231200-00,77273.25,DOWN,0.903,90.3,0.7593984962406015,75.9,-0.1436015037593985,-14.4,6.729017516666668,8.270982483333333,-82.91000000000349,0.2406015037593984,0.7593984962406015,LEAN,NO VALUE,False,False,False,False,False,False,UNRESOLVED,UNRESOLVED
2026-08-23 15:52:13.828962+00:00,KXBTC15M-26AUG231200-00,77273.25,UP,0.15,15.0,0.1981132075471698,19.8,0.0481132075471698,4.8,7.2304827,7.7695173,-101.61000000000058,0.1981132075471698,0.8018867924528301,STRONG,NO VALUE,True,True,True,False,False,False,UNRESOLVED,UNRESOLVED
2026-08-23 15:52:13.828962+00:00,KXBTC15M-26AUG231200-00,77273.25,DOWN,0.86,86.0,0.8018867924528301,80.2,-0.058113207547169865,-5.8,7.2304827,7.7695173,-101.61000000000058,0.1981132075471698,0.8018867924528301,STRONG,NO VALUE,False,False,False,False,False,False,UNRESOLVED,UNRESOLVED
2026-08-23 15:52:43.835416+00:00,KXBTC15M-26AUG231200-00,77273.25,UP,0.13,13.0,0.1981132075471698,19.8,0.06811320754716979,6.8,7.730590266666667,7.269409733333333,-84.36000000000058,0.1981132075471698,0.8018867924528301,STRONG,NO VALUE,True,True,True,False,False,False,UNRESOLVED,UNRESOLVED
2026-08-23 15:52:43.835416+00:00,KXBTC15M-26AUG231200-00,77273.25,DOWN,0.88,88.0,0.8018867924528301,80.2,-0.07811320754716988,-7.8,7.730590266666667,7.269409733333333,-84.36000000000058,0.1981132075471698,0.8018867924528301,STRONG,NO VALUE,False,False,False,False,False,False,UNRESOLVED,UNRESOLVED
2026-08-23 15:53:13.858896+00:00,KXBTC15M-26AUG231200-00,77273.25,UP,0.085,8.5,0.109375,10.9,0.024374999999999994,2.4,8.2309816,6.769018399999999,-90.14999999999418,0.109375,0.890625,STRONG,NO VALUE,True,True,True,False,False,False,UNRESOLVED,UNRESOLVED
2026-08-23 15:53:13.858896+00:00,KXBTC15M-26AUG231200-00,77273.25,DOWN,0.916,91.6,0.890625,89.1,-0.025375000000000036,-2.5,8.2309816,6.769018399999999,-90.14999999999418,0.109375,0.890625,STRONG,NO VALUE,False,False,False,False,False,False,UNRESOLVED,UNRESOLVED
2026-08-23 15:53:43.890078+00:00,KXBTC15M-26AUG231200-00,77273.25,UP,0.071,7.1,0.0698924731182795,7.0,-0.0011075268817204997,-0.1,8.7315013,6.268498699999999,-107.57000000000698,0.0698924731182795,0.9301075268817204,90%+ LOCK CANDIDATE,SMALL EDGE,False,False,False,False,False,False,UNRESOLVED,UNRESOLVED
2026-08-23 15:53:43.890078+00:00,KXBTC15M-26AUG231200-00,77273.25,DOWN,0.93,93.0,0.9301075268817204,93.0,0.00010752688172033231,0.0,8.7315013,6.268498699999999,-107.57000000000698,0.0698924731182795,0.9301075268817204,90%+ LOCK CANDIDATE,SMALL EDGE,False,False,False,False,False,False,UNRESOLVED,UNRESOLVED
2026-08-23 15:54:13.771681+00:00,KXBTC15M-26AUG231200-00,77273.25,UP,0.05,5.0,0.0512820512820512,5.1,0.0012820512820511942,0.1,9.229528016666666,5.7704719833333336,-116.67999999999302,0.0512820512820512,0.9487179487179488,90%+ LOCK CANDIDATE,NO VALUE,True,True,True,False,False,False,UNRESOLVED,UNRESOLVED
2026-08-23 15:54:13.771681+00:00,KXBTC15M-26AUG231200-00,77273.25,DOWN,0.952,95.2,0.9487179487179488,94.9,-0.0032820512820511683,-0.3,9.229528016666666,5.7704719833333336,-116.67999999999302,0.0512820512820512,0.9487179487179488,90%+ LOCK CANDIDATE,NO VALUE,False,False,False,False,False,False,UNRESOLVED,UNRESOLVED
2026-08-23 15:54:43.689735+00:00,KXBTC15M-26AUG231200-00,77273.25,UP,0.05,5.0,0.0698924731182795,7.0,0.01989247311827949,2.0,9.72816225,5.27183775,-106.33999999999652,0.0698924731182795,0.9301075268817204,90%+ LOCK CANDIDATE,NO VALUE,True,True,True,False,False,False,UNRESOLVED,UNRESOLVED
2026-08-23 15:54:43.689735+00:00,KXBTC15M-26AUG231200-00,77273.25,DOWN,0.952,95.2,0.9301075268817204,93.0,-0.021892473118279576,-2.2,9.72816225,5.27183775,-106.33999999999652,0.0698924731182795,0.9301075268817204,90%+ LOCK CANDIDATE,NO VALUE,False,False,False,False,False,False,UNRESOLVED,UNRESOLVED
2026-08-23 15:55:13.849266+00:00,KXBTC15M-26AUG231200-00,77273.25,UP,0.045,4.5,0.0119047619047619,1.2,-0.033095238095238094,-3.3,10.230821099999998,4.7691789,-119.19999999999708,0.0119047619047619,0.988095238095238,LOCK,SMALL EDGE,False,False,False,False,False,False,UNRESOLVED,UNRESOLVED
2026-08-23 15:55:13.849266+00:00,KXBTC15M-26AUG231200-00,77273.25,DOWN,0.956,95.6,0.988095238095238,98.8,0.032095238095238066,3.2,10.230821099999998,4.7691789,-119.19999999999708,0.0119047619047619,0.988095238095238,LOCK,SMALL EDGE,False,False,False,False,False,False,UNRESOLVED,UNRESOLVED
2026-08-23 15:55:43.784553+00:00,KXBTC15M-26AUG231200-00,77273.25,UP,0.034,3.4,0.0119047619047619,1.2,-0.022095238095238102,-2.2,10.72974255,4.27025745,-119.2100000000064,0.0119047619047619,0.988095238095238,LOCK,SMALL EDGE,False,False,False,False,False,False,UNRESOLVED,UNRESOLVED
2026-08-23 15:55:43.784553+00:00,KXBTC15M-26AUG231200-00,77273.25,DOWN,0.967,96.7,0.988095238095238,98.8,0.021095238095238056,2.1,10.72974255,4.27025745,-119.2100000000064,0.0119047619047619,0.988095238095238,LOCK,SMALL EDGE,False,False,False,False,False,False,UNRESOLVED,UNRESOLVED
2026-08-23 15:56:13.793579+00:00,KXBTC15M-26AUG231200-00,77273.25,UP,0.021,2.1,0.0,0.0,-0.021,-2.1,11.229892983333334,3.7701070166666666,-117.64999999999418,0.0,1.0,LOCK,SMALL EDGE,False,False,False,False,False,False,UNRESOLVED,UNRESOLVED
2026-08-23 15:56:13.793579+00:00,KXBTC15M-26AUG231200-00,77273.25,DOWN,0.98,98.0,1.0,100.0,0.020000000000000018,2.0,11.229892983333334,3.7701070166666666,-117.64999999999418,0.0,1.0,LOCK,SMALL EDGE,False,False,False,False,False,False,UNRESOLVED,UNRESOLVED
2026-08-23 15:56:43.801537+00:00,KXBTC15M-26AUG231200-00,77273.25,UP,0.016,1.6,0.0344827586206896,3.4,0.0184827586206896,1.8,11.730025616666667,3.269974383333333,-99.08999999999652,0.0344827586206896,0.9655172413793104,LOCK,NO VALUE,True,True,True,False,False,False,UNRESOLVED,UNRESOLVED
2026-08-23 15:56:43.801537+00:00,KXBTC15M-26AUG231200-00,77273.25,DOWN,0.985,98.5,0.9655172413793104,96.6,-0.0194827586206896,-1.9,11.730025616666667,3.269974383333333,-99.08999999999652,0.0344827586206896,0.9655172413793104,LOCK,NO VALUE,False,False,False,False,False,False,UNRESOLVED,UNRESOLVED
2026-08-23 15:57:13.724177+00:00,KXBTC15M-26AUG231200-00,77273.25,UP,0.042,4.2,0.0698924731182795,7.0,0.02789247311827949,2.8,12.228736283333337,2.7712637166666667,-105.27000000000407,0.0698924731182795,0.9301075268817204,LOCK,NO VALUE,True,True,True,False,False,False,UNRESOLVED,UNRESOLVED
2026-08-23 15:57:13.724177+00:00,KXBTC15M-26AUG231200-00,77273.25,DOWN,0.959,95.9,0.9301075268817204,93.0,-0.028892473118279582,-2.9,12.228736283333337,2.7712637166666667,-105.27000000000407,0.0698924731182795,0.9301075268817204,LOCK,NO VALUE,False,False,False,False,False,False,UNRESOLVED,UNRESOLVED
2026-08-23 15:57:44.067761+00:00,KXBTC15M-26AUG231200-00,77273.25,UP,0.011,1.1,0.0603283810230886,6.0,0.049328381023088605,4.9,12.734462683333334,2.265537316666667,-105.60000000000582,0.0603283810230886,0.9396716189769112,LOCK,NO VALUE,True,True,True,False,False,False,UNRESOLVED,UNRESOLVED
2026-08-23 15:57:44.067761+00:00,KXBTC15M-26AUG231200-00,77273.25,DOWN,0.99,99.0,0.9396716189769112,94.0,-0.050328381023088786,-5.0,12.734462683333334,2.265537316666667,-105.60000000000582,0.0603283810230886,0.9396716189769112,LOCK,NO VALUE,False,False,False,False,False,False,UNRESOLVED,UNRESOLVED
2026-08-23 15:58:13.820149+00:00,KXBTC15M-26AUG231200-00,77273.25,UP,0.003,0.3,0.0,0.0,-0.003,-0.3,13.230335816666669,1.7696641833333333,-132.17999999999302,0.0,1.0,LOCK,SMALL EDGE,False,False,False,False,False,False,UNRESOLVED,UNRESOLVED
2026-08-23 15:58:13.820149+00:00,KXBTC15M-26AUG231200-00,77273.25,DOWN,0.998,99.8,1.0,100.0,0.0020000000000000018,0.2,13.230335816666669,1.7696641833333333,-132.17999999999302,0.0,1.0,LOCK,SMALL EDGE,False,False,False,False,False,False,UNRESOLVED,UNRESOLVED
2026-08-23 15:58:43.884999+00:00,KXBTC15M-26AUG231200-00,77273.25,UP,0.001,0.1,0.0,0.0,-0.001,-0.1,13.73141665,1.26858335,-147.22000000000116,0.0,1.0,LOCK,NO VALUE,False,False,False,False,False,False,UNRESOLVED,UNRESOLVED
2026-08-23 15:58:43.884999+00:00,KXBTC15M-26AUG231200-00,77273.25,DOWN,1.0,100.0,1.0,100.0,0.0,0.0,13.73141665,1.26858335,-147.22000000000116,0.0,1.0,LOCK,NO VALUE,False,False,False,False,False,False,UNRESOLVED,UNRESOLVED
2026-08-23 15:59:14.007330+00:00,KXBTC15M-26AUG231200-00,77273.25,UP,0.001,0.1,0.0,0.0,-0.001,-0.1,14.2334555,0.7665445,-147.4499999999971,0.0,1.0,LOCK,NO VALUE,False,False,False,False,False,False,UNRESOLVED,UNRESOLVED
2026-08-23 15:59:14.007330+00:00,KXBTC15M-26AUG231200-00,77273.25,DOWN,1.0,100.0,1.0,100.0,0.0,0.0,14.2334555,0.7665445,-147.4499999999971,0.0,1.0,LOCK,NO VALUE,False,False,False,False,False,False,UNRESOLVED,UNRESOLVED
2026-08-23 15:59:43.946873+00:00,KXBTC15M-26AUG231200-00,77273.25,UP,0.001,0.1,0.0,0.0,-0.001,-0.1,14.732447883333332,0.2675521166666667,-127.77999999999884,0.0,1.0,LOCK,NO VALUE,False,False,False,False,False,False,UNRESOLVED,UNRESOLVED
2026-08-23 15:59:43.946873+00:00,KXBTC15M-26AUG231200-00,77273.25,DOWN,1.0,100.0,1.0,100.0,0.0,0.0,14.732447883333332,0.2675521166666667,-127.77999999999884,0.0,1.0,LOCK,NO VALUE,False,False,False,False,False,False,UNRESOLVED,UNRESOLVED
2026-08-23 16:00:43.821320+00:00,KXBTC15M-26AUG231215-15,77138.38,UP,0.56,56.0,0.5663265306122449,56.6,0.006326530612244863,0.6,0.7303553333333334,14.269644666666666,33.2899999999936,0.4336734693877551,0.5663265306122449,RAW,SMALL EDGE,False,False,False,False,False,False,UNRESOLVED,UNRESOLVED
2026-08-23 16:00:43.821320+00:00,KXBTC15M-26AUG231215-15,77138.38,DOWN,0.45,45.0,0.4336734693877551,43.4,-0.016326530612244927,-1.6,0.7303553333333334,14.269644666666666,33.2899999999936,0.4336734693877551,0.5663265306122449,RAW,SMALL EDGE,False,False,False,False,False,False,UNRESOLVED,UNRESOLVED
2026-08-23 16:01:13.967608+00:00,KXBTC15M-26AUG231215-15,77138.38,UP,0.63,63.0,0.5714285714285714,57.1,-0.05857142857142861,-5.9,1.232793466666667,13.767206533333333,41.61999999999534,0.4285714285714285,0.5714285714285714,RAW,NO VALUE,False,False,False,False,False,False,UNRESOLVED,UNRESOLVED
2026-08-23 16:01:13.967608+00:00,KXBTC15M-26AUG231215-15,77138.38,DOWN,0.38,38.0,0.4285714285714285,42.9,0.04857142857142849,4.9,1.232793466666667,13.767206533333333,41.61999999999534,0.4285714285714285,0.5714285714285714,RAW,NO VALUE,True,True,False,False,False,False,UNRESOLVED,UNRESOLVED
2026-08-23 16:01:43.910601+00:00,KXBTC15M-26AUG231215-15,77138.38,UP,0.67,67.0,0.6347826086956522,63.5,-0.03521739130434787,-3.5,1.73184335,13.26815665,60.0,0.3652173913043478,0.6347826086956522,RAW,NO VALUE,False,False,False,False,False,False,UNRESOLVED,UNRESOLVED
2026-08-23 16:01:43.910601+00:00,KXBTC15M-26AUG231215-15,77138.38,DOWN,0.34,34.0,0.3652173913043478,36.5,0.025217391304347803,2.5,1.73184335,13.26815665,60.0,0.3652173913043478,0.6347826086956522,RAW,NO VALUE,True,True,False,False,False,False,UNRESOLVED,UNRESOLVED
2026-08-23 16:02:13.891420+00:00,KXBTC15M-26AUG231215-15,77138.38,UP,0.72,72.0,0.7261146496815287,72.6,0.00611464968152875,0.6,2.231523666666667,12.768476333333332,60.0,0.2738853503184713,0.7261146496815287,LEAN,SMALL EDGE,False,False,False,False,False,False,UNRESOLVED,UNRESOLVED
2026-08-23 16:02:13.891420+00:00,KXBTC15M-26AUG231215-15,77138.38,DOWN,0.29,29.0,0.2738853503184713,27.4,-0.016114649681528703,-1.6,2.231523666666667,12.768476333333332,60.0,0.2738853503184713,0.7261146496815287,LEAN,SMALL EDGE,False,False,False,False,False,False,UNRESOLVED,UNRESOLVED
