timestamp_utc,contract,target,seconds_left,btc_price,btc_gap,preferred_side,preferred_ask,preferred_fair,edge,fair_move_5s,fair_move_15s,fair_move_30s,ask_move_5s,ask_move_15s,ask_move_30s,candidate_persistence_30s,provisional_candidate
2026-09-03T18:17:32.832278+00:00,KXBTC15M-26SEP031430-30,81280.08,747.17,81212.57,-67.50999999999476,DOWN,0.65,0.6607502860237582,0.01075028602375816,,,,,,,0,False
2026-09-03T18:17:37.810971+00:00,KXBTC15M-26SEP031430-30,81280.08,742.19,81220.55,-59.529999999998836,DOWN,0.65,0.6607502860237582,0.01075028602375816,,,,,,,0,False
2026-09-03T18:17:42.808257+00:00,KXBTC15M-26SEP031430-30,81280.08,737.19,81210.91,-69.16999999999825,DOWN,0.65,0.6607502860237582,0.01075028602375816,0.0,,,0.0,,,0,False
2026-09-03T18:17:47.830965+00:00,KXBTC15M-26SEP031430-30,81280.08,732.17,81210.9,-69.18000000000757,DOWN,0.65,0.6607502860237582,0.01075028602375816,0.0,,,0.0,,,0,False
2026-09-03T18:17:52.808939+00:00,KXBTC15M-26SEP031430-30,81280.08,727.19,81195.5,-84.58000000000175,DOWN,0.65,0.6607502860237582,0.01075028602375816,0.0,0.0,,0.0,0.0,,0,False
2026-09-03T18:17:57.813902+00:00,KXBTC15M-26SEP031430-30,81280.08,722.19,81187.66,-92.41999999999825,DOWN,0.65,0.6607502860237582,0.01075028602375816,0.0,0.0,,0.0,0.0,,0,False
2026-09-03T18:18:02.834138+00:00,KXBTC15M-26SEP031430-30,81280.08,717.17,81190.32,-89.75999999999476,DOWN,0.65,0.6607502860237582,0.01075028602375816,0.0,0.0,0.0,0.0,0.0,0.0,0,False
2026-09-03T18:18:07.810932+00:00,KXBTC15M-26SEP031430-30,81280.08,712.19,81193.71,-86.36999999999534,DOWN,0.65,0.6607502860237582,0.01075028602375816,0.0,0.0,0.0,0.0,0.0,0.0,0,False
2026-09-03T18:18:12.811711+00:00,KXBTC15M-26SEP031430-30,81280.08,707.19,81190.0,-90.08000000000175,DOWN,0.65,0.6607502860237582,0.01075028602375816,0.0,0.0,0.0,0.0,0.0,0.0,0,False
2026-09-03T18:18:17.837492+00:00,KXBTC15M-26SEP031430-30,81280.08,702.16,81171.02,-109.05999999999767,DOWN,0.65,0.6607502860237582,0.01075028602375816,0.0,0.0,0.0,0.0,0.0,0.0,0,False
2026-09-03T18:18:22.808612+00:00,KXBTC15M-26SEP031430-30,81280.08,697.19,81164.46,-115.61999999999534,DOWN,0.65,0.6607502860237582,0.01075028602375816,0.0,0.0,0.0,0.0,0.0,0.0,0,False
2026-09-03T18:18:27.810407+00:00,KXBTC15M-26SEP031430-30,81280.08,692.19,81169.36,-110.72000000000116,DOWN,0.65,0.6607502860237582,0.01075028602375816,0.0,0.0,0.0,0.0,0.0,0.0,0,False
2026-09-03T18:18:32.817664+00:00,KXBTC15M-26SEP031430-30,81280.08,687.18,81171.0,-109.08000000000175,DOWN,0.65,0.6607502860237582,0.01075028602375816,0.0,0.0,0.0,0.0,0.0,0.0,0,False
2026-09-03T18:18:37.811519+00:00,KXBTC15M-26SEP031430-30,81280.08,682.19,81196.79,-83.29000000000815,DOWN,0.65,0.6607502860237582,0.01075028602375816,0.0,0.0,0.0,0.0,0.0,0.0,0,False
2026-09-03T18:18:42.820214+00:00,KXBTC15M-26SEP031430-30,81280.08,677.18,81200.58,-79.5,DOWN,0.65,0.6607502860237582,0.01075028602375816,0.0,0.0,0.0,0.0,0.0,0.0,0,False
2026-09-03T18:18:47.840091+00:00,KXBTC15M-26SEP031430-30,81280.08,672.16,81191.13,-88.94999999999709,DOWN,0.65,0.6607502860237582,0.01075028602375816,0.0,0.0,0.0,0.0,0.0,0.0,0,False
2026-09-03T18:18:52.845512+00:00,KXBTC15M-26SEP031430-30,81280.08,667.15,81179.96,-100.11999999999534,DOWN,0.65,0.6607502860237582,0.01075028602375816,0.0,0.0,0.0,0.0,0.0,0.0,0,False
2026-09-03T18:18:57.811024+00:00,KXBTC15M-26SEP031430-30,81280.08,662.19,81187.02,-93.05999999999767,DOWN,0.65,0.6607502860237582,0.01075028602375816,0.0,0.0,0.0,0.0,0.0,0.0,0,False
2026-09-03T18:19:02.842426+00:00,KXBTC15M-26SEP031430-30,81280.08,657.16,81179.76,-100.32000000000698,DOWN,0.65,0.6607502860237582,0.01075028602375816,0.0,0.0,0.0,0.0,0.0,0.0,0,False
2026-09-03T18:19:07.811880+00:00,KXBTC15M-26SEP031430-30,81280.08,652.19,81187.52,-92.55999999999767,DOWN,0.65,0.6607502860237582,0.01075028602375816,0.0,0.0,0.0,0.0,0.0,0.0,0,False
2026-09-03T18:19:12.814862+00:00,KXBTC15M-26SEP031430-30,81280.08,647.19,81170.0,-110.08000000000175,DOWN,0.65,0.6607502860237582,0.01075028602375816,0.0,0.0,0.0,0.0,0.0,0.0,0,False
2026-09-03T18:19:17.846366+00:00,KXBTC15M-26SEP031430-30,81280.08,642.15,81152.99,-127.08999999999651,DOWN,0.65,0.6607502860237582,0.01075028602375816,0.0,0.0,0.0,0.0,0.0,0.0,0,False
2026-09-03T18:19:22.811069+00:00,KXBTC15M-26SEP031430-30,81280.08,637.19,81151.2,-128.88000000000466,DOWN,0.65,0.6607502860237582,0.01075028602375816,0.0,0.0,0.0,0.0,0.0,0.0,0,False
2026-09-03T18:19:27.829853+00:00,KXBTC15M-26SEP031430-30,81280.08,632.17,81147.9,-132.18000000000757,DOWN,0.65,0.6607502860237582,0.01075028602375816,0.0,0.0,0.0,0.0,0.0,0.0,0,False
2026-09-03T18:19:32.877562+00:00,KXBTC15M-26SEP031430-30,81280.08,627.12,81147.9,-132.18000000000757,DOWN,0.65,0.6607502860237582,0.01075028602375816,0.0,0.0,0.0,0.0,0.0,0.0,0,False
2026-09-03T18:19:37.836844+00:00,KXBTC15M-26SEP031430-30,81280.08,622.16,81151.2,-128.88000000000466,DOWN,0.65,0.6607502860237582,0.01075028602375816,0.0,0.0,0.0,0.0,0.0,0.0,0,False
2026-09-03T18:19:42.888198+00:00,KXBTC15M-26SEP031430-30,81280.08,617.11,81152.22,-127.86000000000058,DOWN,0.65,0.6607502860237582,0.01075028602375816,0.0,0.0,0.0,0.0,0.0,0.0,0,False
2026-09-03T18:19:47.857496+00:00,KXBTC15M-26SEP031430-30,81280.08,612.14,81152.22,-127.86000000000058,DOWN,0.65,0.6607502860237582,0.01075028602375816,0.0,0.0,0.0,0.0,0.0,0.0,0,False
2026-09-03T18:19:52.812513+00:00,KXBTC15M-26SEP031430-30,81280.08,607.19,81145.86,-134.22000000000116,DOWN,0.65,0.6607502860237582,0.01075028602375816,0.0,0.0,0.0,0.0,0.0,0.0,0,False
2026-09-03T18:19:57.812391+00:00,KXBTC15M-26SEP031430-30,81280.08,602.19,81139.49,-140.5899999999965,DOWN,0.65,0.6607502860237582,0.01075028602375816,0.0,0.0,0.0,0.0,0.0,0.0,0,False
2026-09-03T18:20:02.837529+00:00,KXBTC15M-26SEP031430-30,81280.08,597.16,81145.86,-134.22000000000116,DOWN,0.65,0.6607502860237582,0.01075028602375816,0.0,0.0,0.0,0.0,0.0,0.0,0,False
2026-09-03T18:20:07.845393+00:00,KXBTC15M-26SEP031430-30,81280.08,592.15,81159.18,-120.90000000000873,DOWN,0.65,0.6607502860237582,0.01075028602375816,0.0,0.0,0.0,0.0,0.0,0.0,0,False
2026-09-03T18:20:12.882997+00:00,KXBTC15M-26SEP031430-30,81280.08,587.12,81164.23,-115.85000000000582,DOWN,0.65,0.6607502860237582,0.01075028602375816,0.0,0.0,0.0,0.0,0.0,0.0,0,False
2026-09-03T18:20:17.841546+00:00,KXBTC15M-26SEP031430-30,81280.08,582.16,81169.75,-110.33000000000175,DOWN,0.65,0.6607502860237582,0.01075028602375816,0.0,0.0,0.0,0.0,0.0,0.0,0,False
2026-09-03T18:20:22.810492+00:00,KXBTC15M-26SEP031430-30,81280.08,577.19,81142.36,-137.72000000000116,DOWN,0.65,0.6607502860237582,0.01075028602375816,0.0,0.0,0.0,0.0,0.0,0.0,0,False
2026-09-03T18:20:27.815438+00:00,KXBTC15M-26SEP031430-30,81280.08,572.18,81142.35,-137.72999999999593,DOWN,0.65,0.6607502860237582,0.01075028602375816,0.0,0.0,0.0,0.0,0.0,0.0,0,False
2026-09-03T18:20:32.820736+00:00,KXBTC15M-26SEP031430-30,81280.08,567.18,81153.96,-126.11999999999534,DOWN,0.65,0.6607502860237582,0.01075028602375816,0.0,0.0,0.0,0.0,0.0,0.0,0,False
2026-09-03T18:20:37.815913+00:00,KXBTC15M-26SEP031430-30,81280.08,562.18,81158.49,-121.58999999999651,DOWN,0.65,0.6607502860237582,0.01075028602375816,0.0,0.0,0.0,0.0,0.0,0.0,0,False
2026-09-03T18:20:42.814786+00:00,KXBTC15M-26SEP031430-30,81280.08,557.19,81166.68,-113.40000000000873,DOWN,0.65,0.6607502860237582,0.01075028602375816,0.0,0.0,0.0,0.0,0.0,0.0,0,False
2026-09-03T18:20:47.835819+00:00,KXBTC15M-26SEP031430-30,81280.08,552.16,81164.95,-115.13000000000466,DOWN,0.65,0.6607502860237582,0.01075028602375816,0.0,0.0,0.0,0.0,0.0,0.0,0,False
2026-09-03T18:20:52.813138+00:00,KXBTC15M-26SEP031430-30,81280.08,547.19,81164.94,-115.13999999999942,DOWN,0.65,0.6607502860237582,0.01075028602375816,0.0,0.0,0.0,0.0,0.0,0.0,0,False
2026-09-03T18:20:57.814348+00:00,KXBTC15M-26SEP031430-30,81280.08,542.19,81161.16,-118.91999999999825,DOWN,0.65,0.6607502860237582,0.01075028602375816,0.0,0.0,0.0,0.0,0.0,0.0,0,False
2026-09-03T18:21:02.817817+00:00,KXBTC15M-26SEP031430-30,81280.08,537.18,81163.14,-116.94000000000233,DOWN,0.65,0.6607502860237582,0.01075028602375816,0.0,0.0,0.0,0.0,0.0,0.0,0,False
2026-09-03T18:21:07.817552+00:00,KXBTC15M-26SEP031430-30,81280.08,532.18,81155.23,-124.85000000000582,DOWN,0.65,0.6607502860237582,0.01075028602375816,0.0,0.0,0.0,0.0,0.0,0.0,0,False
2026-09-03T18:21:12.824742+00:00,KXBTC15M-26SEP031430-30,81280.08,527.18,81139.53,-140.5500000000029,DOWN,0.65,0.6607502860237582,0.01075028602375816,0.0,0.0,0.0,0.0,0.0,0.0,0,False
2026-09-03T18:21:17.838819+00:00,KXBTC15M-26SEP031430-30,81280.08,522.16,81142.46,-137.61999999999534,DOWN,0.65,0.6607502860237582,0.01075028602375816,0.0,0.0,0.0,0.0,0.0,0.0,0,False
2026-09-03T18:21:22.907571+00:00,KXBTC15M-26SEP031430-30,81280.08,517.09,81156.93,-123.15000000000873,DOWN,0.65,0.6607502860237582,0.01075028602375816,0.0,0.0,0.0,0.0,0.0,0.0,0,False
2026-09-03T18:21:27.817273+00:00,KXBTC15M-26SEP031430-30,81280.08,512.18,81156.92,-123.16000000000349,DOWN,0.65,0.6607502860237582,0.01075028602375816,0.0,0.0,0.0,0.0,0.0,0.0,0,False
2026-09-03T18:21:32.834226+00:00,KXBTC15M-26SEP031430-30,81280.08,507.17,81156.93,-123.15000000000873,DOWN,0.65,0.6607502860237582,0.01075028602375816,0.0,0.0,0.0,0.0,0.0,0.0,0,False
2026-09-03T18:21:37.811983+00:00,KXBTC15M-26SEP031430-30,81280.08,502.19,81156.93,-123.15000000000873,DOWN,0.65,0.6607502860237582,0.01075028602375816,0.0,0.0,0.0,0.0,0.0,0.0,0,False
2026-09-03T18:21:42.816323+00:00,KXBTC15M-26SEP031430-30,81280.08,497.18,81160.51,-119.57000000000698,DOWN,0.65,0.6607502860237582,0.01075028602375816,0.0,0.0,0.0,0.0,0.0,0.0,0,False
2026-09-03T18:21:47.843227+00:00,KXBTC15M-26SEP031430-30,81280.08,492.16,81157.34,-122.74000000000524,DOWN,0.65,0.6607502860237582,0.01075028602375816,0.0,0.0,0.0,0.0,0.0,0.0,0,False
2026-09-03T18:21:52.813147+00:00,KXBTC15M-26SEP031430-30,81280.08,487.19,81147.99,-132.0899999999965,DOWN,0.65,0.6607502860237582,0.01075028602375816,0.0,0.0,0.0,0.0,0.0,0.0,0,False
2026-09-03T18:21:57.838073+00:00,KXBTC15M-26SEP031430-30,81280.08,482.16,81141.01,-139.07000000000698,DOWN,0.65,0.6607502860237582,0.01075028602375816,0.0,0.0,0.0,0.0,0.0,0.0,0,False
2026-09-03T18:22:02.835987+00:00,KXBTC15M-26SEP031430-30,81280.08,477.16,81127.4,-152.68000000000757,DOWN,0.65,0.6607502860237582,0.01075028602375816,0.0,0.0,0.0,0.0,0.0,0.0,0,False
2026-09-03T18:22:07.828395+00:00,KXBTC15M-26SEP031430-30,81280.08,472.17,81145.86,-134.22000000000116,DOWN,0.65,0.6607502860237582,0.01075028602375816,0.0,0.0,0.0,0.0,0.0,0.0,0,False
2026-09-03T18:22:12.813966+00:00,KXBTC15M-26SEP031430-30,81280.08,467.19,81145.87,-134.2100000000064,DOWN,0.65,0.6607502860237582,0.01075028602375816,0.0,0.0,0.0,0.0,0.0,0.0,0,False
2026-09-03T18:22:17.848762+00:00,KXBTC15M-26SEP031430-30,81280.08,462.15,81134.54,-145.54000000000815,DOWN,0.65,0.6607502860237582,0.01075028602375816,0.0,0.0,0.0,0.0,0.0,0.0,0,False
2026-09-03T18:22:22.815309+00:00,KXBTC15M-26SEP031430-30,81280.08,457.18,81131.65,-148.43000000000757,DOWN,0.65,0.6607502860237582,0.01075028602375816,0.0,0.0,0.0,0.0,0.0,0.0,0,False
2026-09-03T18:22:27.816078+00:00,KXBTC15M-26SEP031430-30,81280.08,452.18,81123.73,-156.35000000000582,DOWN,0.65,0.6607502860237582,0.01075028602375816,0.0,0.0,0.0,0.0,0.0,0.0,0,False
2026-09-03T18:22:32.838575+00:00,KXBTC15M-26SEP031430-30,81280.08,447.16,81128.26,-151.82000000000698,DOWN,0.65,0.6607502860237582,0.01075028602375816,0.0,0.0,0.0,0.0,0.0,0.0,0,False
2026-09-03T18:22:37.817659+00:00,KXBTC15M-26SEP031430-30,81280.08,442.18,81121.52,-158.55999999999767,DOWN,0.65,0.6607502860237582,0.01075028602375816,0.0,0.0,0.0,0.0,0.0,0.0,0,False
2026-09-03T18:22:42.818889+00:00,KXBTC15M-26SEP031430-30,81280.08,437.18,81117.02,-163.05999999999767,DOWN,0.65,0.6607502860237582,0.01075028602375816,0.0,0.0,0.0,0.0,0.0,0.0,0,False
2026-09-03T18:22:47.819645+00:00,KXBTC15M-26SEP031430-30,81280.08,432.18,81117.02,-163.05999999999767,DOWN,0.65,0.6607502860237582,0.01075028602375816,0.0,0.0,0.0,0.0,0.0,0.0,0,False
2026-09-03T18:22:52.819827+00:00,KXBTC15M-26SEP031430-30,81280.08,427.18,81107.99,-172.0899999999965,DOWN,0.65,0.6607502860237582,0.01075028602375816,0.0,0.0,0.0,0.0,0.0,0.0,0,False
2026-09-03T18:22:57.818350+00:00,KXBTC15M-26SEP031430-30,81280.08,422.18,81100.01,-180.07000000000698,DOWN,0.65,0.6607502860237582,0.01075028602375816,0.0,0.0,0.0,0.0,0.0,0.0,0,False
2026-09-03T18:23:02.847636+00:00,KXBTC15M-26SEP031430-30,81280.08,417.15,81103.08,-177.0,DOWN,0.65,0.6607502860237582,0.01075028602375816,0.0,0.0,0.0,0.0,0.0,0.0,0,False
2026-09-03T18:23:07.815821+00:00,KXBTC15M-26SEP031430-30,81280.08,412.18,81103.89,-176.19000000000233,DOWN,0.65,0.6607502860237582,0.01075028602375816,0.0,0.0,0.0,0.0,0.0,0.0,0,False
2026-09-03T18:23:12.823181+00:00,KXBTC15M-26SEP031430-30,81280.08,407.18,81088.88,-191.1999999999971,DOWN,0.65,0.6607502860237582,0.01075028602375816,0.0,0.0,0.0,0.0,0.0,0.0,0,False
2026-09-03T18:23:17.863611+00:00,KXBTC15M-26SEP031430-30,81280.08,402.14,81088.05,-192.02999999999884,DOWN,0.65,0.6607502860237582,0.01075028602375816,0.0,0.0,0.0,0.0,0.0,0.0,0,False
2026-09-03T18:23:22.821695+00:00,KXBTC15M-26SEP031430-30,81280.08,397.18,81085.51,-194.57000000000698,DOWN,0.65,0.6607502860237582,0.01075028602375816,0.0,0.0,0.0,0.0,0.0,0.0,0,False
2026-09-03T18:23:27.816527+00:00,KXBTC15M-26SEP031430-30,81280.08,392.18,81064.5,-215.58000000000175,DOWN,0.65,0.6607502860237582,0.01075028602375816,0.0,0.0,0.0,0.0,0.0,0.0,0,False
2026-09-03T18:23:32.851601+00:00,KXBTC15M-26SEP031430-30,81280.08,387.15,81070.02,-210.05999999999767,DOWN,0.65,0.6607502860237582,0.01075028602375816,0.0,0.0,0.0,0.0,0.0,0.0,0,False
2026-09-03T18:23:37.816483+00:00,KXBTC15M-26SEP031430-30,81280.08,382.18,81069.54,-210.54000000000815,DOWN,0.65,0.6607502860237582,0.01075028602375816,0.0,0.0,0.0,0.0,0.0,0.0,0,False
2026-09-03T18:23:42.816611+00:00,KXBTC15M-26SEP031430-30,81280.08,377.18,81072.39,-207.69000000000233,DOWN,0.65,0.6607502860237582,0.01075028602375816,0.0,0.0,0.0,0.0,0.0,0.0,0,False
2026-09-03T18:23:47.838559+00:00,KXBTC15M-26SEP031430-30,81280.08,372.16,81060.78,-219.3000000000029,DOWN,0.65,0.6607502860237582,0.01075028602375816,0.0,0.0,0.0,0.0,0.0,0.0,0,False
2026-09-03T18:23:52.824355+00:00,KXBTC15M-26SEP031430-30,81280.08,367.18,81039.0,-241.08000000000175,DOWN,0.65,0.6607502860237582,0.01075028602375816,0.0,0.0,0.0,0.0,0.0,0.0,0,False
2026-09-03T18:23:57.820822+00:00,KXBTC15M-26SEP031430-30,81280.08,362.18,81030.0,-250.08000000000175,DOWN,0.65,0.6607502860237582,0.01075028602375816,0.0,0.0,0.0,0.0,0.0,0.0,0,False
2026-09-03T18:24:02.839432+00:00,KXBTC15M-26SEP031430-30,81280.08,357.16,81038.45,-241.63000000000466,DOWN,0.65,0.6607502860237582,0.01075028602375816,0.0,0.0,0.0,0.0,0.0,0.0,0,False
2026-09-03T18:24:07.819448+00:00,KXBTC15M-26SEP031430-30,81280.08,352.18,81057.89,-222.19000000000233,DOWN,0.65,0.6607502860237582,0.01075028602375816,0.0,0.0,0.0,0.0,0.0,0.0,0,False
2026-09-03T18:24:12.823519+00:00,KXBTC15M-26SEP031430-30,81280.08,347.18,81039.03,-241.0500000000029,DOWN,0.65,0.6607502860237582,0.01075028602375816,0.0,0.0,0.0,0.0,0.0,0.0,0,False
2026-09-03T18:24:17.839694+00:00,KXBTC15M-26SEP031430-30,81280.08,342.16,81047.68,-232.40000000000873,DOWN,0.65,0.6607502860237582,0.01075028602375816,0.0,0.0,0.0,0.0,0.0,0.0,0,False
2026-09-03T18:24:22.818541+00:00,KXBTC15M-26SEP031430-30,81280.08,337.18,81041.09,-238.99000000000524,DOWN,0.65,0.6607502860237582,0.01075028602375816,0.0,0.0,0.0,0.0,0.0,0.0,0,False
2026-09-03T18:24:27.818756+00:00,KXBTC15M-26SEP031430-30,81280.08,332.18,81045.5,-234.58000000000175,DOWN,0.65,0.6607502860237582,0.01075028602375816,0.0,0.0,0.0,0.0,0.0,0.0,0,False
2026-09-03T18:24:32.843052+00:00,KXBTC15M-26SEP031430-30,81280.08,327.16,81081.95,-198.13000000000466,DOWN,0.65,0.6607502860237582,0.01075028602375816,0.0,0.0,0.0,0.0,0.0,0.0,0,False
2026-09-03T18:24:37.818324+00:00,KXBTC15M-26SEP031430-30,81280.08,322.18,81079.98,-200.10000000000582,DOWN,0.65,0.6607502860237582,0.01075028602375816,0.0,0.0,0.0,0.0,0.0,0.0,0,False
2026-09-03T18:24:42.818045+00:00,KXBTC15M-26SEP031430-30,81280.08,317.18,81074.81,-205.27000000000407,DOWN,0.65,0.6607502860237582,0.01075028602375816,0.0,0.0,0.0,0.0,0.0,0.0,0,False
2026-09-03T18:24:47.842377+00:00,KXBTC15M-26SEP031430-30,81280.08,312.16,81075.49,-204.5899999999965,DOWN,0.65,0.6607502860237582,0.01075028602375816,0.0,0.0,0.0,0.0,0.0,0.0,0,False
2026-09-03T18:24:52.817021+00:00,KXBTC15M-26SEP031430-30,81280.08,307.18,81088.04,-192.04000000000815,DOWN,0.65,0.6607502860237582,0.01075028602375816,0.0,0.0,0.0,0.0,0.0,0.0,0,False
2026-09-03T18:24:57.815682+00:00,KXBTC15M-26SEP031430-30,81280.08,302.18,81088.04,-192.04000000000815,DOWN,0.65,0.6607502860237582,0.01075028602375816,0.0,0.0,0.0,0.0,0.0,0.0,0,False
2026-09-03T18:25:02.822016+00:00,KXBTC15M-26SEP031430-30,81280.08,297.18,81073.34,-206.74000000000524,DOWN,0.65,0.6607502860237582,0.01075028602375816,0.0,0.0,0.0,0.0,0.0,0.0,0,False
2026-09-03T18:25:07.817652+00:00,KXBTC15M-26SEP031430-30,81280.08,292.18,81073.34,-206.74000000000524,DOWN,0.65,0.6607502860237582,0.01075028602375816,0.0,0.0,0.0,0.0,0.0,0.0,0,False
2026-09-03T18:25:12.816369+00:00,KXBTC15M-26SEP031430-30,81280.08,287.18,81064.63,-215.4499999999971,DOWN,0.65,0.6607502860237582,0.01075028602375816,0.0,0.0,0.0,0.0,0.0,0.0,0,False
2026-09-03T18:25:17.839697+00:00,KXBTC15M-26SEP031430-30,81280.08,282.16,81049.77,-230.30999999999767,DOWN,0.65,0.6607502860237582,0.01075028602375816,0.0,0.0,0.0,0.0,0.0,0.0,0,False
2026-09-03T18:25:22.816420+00:00,KXBTC15M-26SEP031430-30,81280.08,277.18,81046.74,-233.3399999999965,DOWN,0.65,0.6607502860237582,0.01075028602375816,0.0,0.0,0.0,0.0,0.0,0.0,0,False
2026-09-03T18:25:27.817946+00:00,KXBTC15M-26SEP031430-30,81280.08,272.18,81013.35,-266.7299999999959,DOWN,0.65,0.6607502860237582,0.01075028602375816,0.0,0.0,0.0,0.0,0.0,0.0,0,False
2026-09-03T18:25:32.839984+00:00,KXBTC15M-26SEP031430-30,81280.08,267.16,80984.0,-296.08000000000175,DOWN,0.65,0.6607502860237582,0.01075028602375816,0.0,0.0,0.0,0.0,0.0,0.0,0,False
2026-09-03T18:25:37.820330+00:00,KXBTC15M-26SEP031430-30,81280.08,262.18,80967.01,-313.070000000007,DOWN,0.65,0.6607502860237582,0.01075028602375816,0.0,0.0,0.0,0.0,0.0,0.0,0,False
2026-09-03T18:25:42.818005+00:00,KXBTC15M-26SEP031430-30,81280.08,257.18,80996.22,-283.8600000000006,DOWN,0.65,0.6607502860237582,0.01075028602375816,0.0,0.0,0.0,0.0,0.0,0.0,0,False
2026-09-03T18:25:47.848164+00:00,KXBTC15M-26SEP031430-30,81280.08,252.15,80992.59,-287.49000000000524,DOWN,0.65,0.6607502860237582,0.01075028602375816,0.0,0.0,0.0,0.0,0.0,0.0,0,False
2026-09-03T18:25:52.830211+00:00,KXBTC15M-26SEP031430-30,81280.08,247.17,80995.25,-284.83000000000175,DOWN,0.65,0.6607502860237582,0.01075028602375816,0.0,0.0,0.0,0.0,0.0,0.0,0,False
2026-09-03T18:25:57.821461+00:00,KXBTC15M-26SEP031430-30,81280.08,242.18,80995.35,-284.7299999999959,DOWN,0.65,0.6607502860237582,0.01075028602375816,0.0,0.0,0.0,0.0,0.0,0.0,0,False
2026-09-03T18:26:02.841049+00:00,KXBTC15M-26SEP031430-30,81280.08,237.16,81001.99,-278.0899999999965,DOWN,0.65,0.6607502860237582,0.01075028602375816,0.0,0.0,0.0,0.0,0.0,0.0,0,False
2026-09-03T18:26:07.817478+00:00,KXBTC15M-26SEP031430-30,81280.08,232.18,80999.15,-280.93000000000757,DOWN,0.65,0.6607502860237582,0.01075028602375816,0.0,0.0,0.0,0.0,0.0,0.0,0,False
2026-09-03T18:26:12.817906+00:00,KXBTC15M-26SEP031430-30,81280.08,227.18,80992.94,-287.1399999999994,DOWN,0.65,0.6607502860237582,0.01075028602375816,0.0,0.0,0.0,0.0,0.0,0.0,0,False
2026-09-03T18:26:17.885639+00:00,KXBTC15M-26SEP031430-30,81280.08,222.11,80989.97,-290.1100000000006,DOWN,0.65,0.6607502860237582,0.01075028602375816,0.0,0.0,0.0,0.0,0.0,0.0,0,False
2026-09-03T18:26:22.817049+00:00,KXBTC15M-26SEP031430-30,81280.08,217.18,80975.55,-304.52999999999884,DOWN,0.65,0.6607502860237582,0.01075028602375816,0.0,0.0,0.0,0.0,0.0,0.0,0,False
2026-09-03T18:26:27.819223+00:00,KXBTC15M-26SEP031430-30,81280.08,212.18,80978.57,-301.50999999999476,DOWN,0.65,0.6607502860237582,0.01075028602375816,0.0,0.0,0.0,0.0,0.0,0.0,0,False
2026-09-03T18:26:32.842533+00:00,KXBTC15M-26SEP031430-30,81280.08,207.16,80965.63,-314.4499999999971,DOWN,0.65,0.6607502860237582,0.01075028602375816,0.0,0.0,0.0,0.0,0.0,0.0,0,False
2026-09-03T18:26:37.823060+00:00,KXBTC15M-26SEP031430-30,81280.08,202.18,80982.8,-297.27999999999884,DOWN,0.65,0.6607502860237582,0.01075028602375816,0.0,0.0,0.0,0.0,0.0,0.0,0,False
2026-09-03T18:26:42.834053+00:00,KXBTC15M-26SEP031430-30,81280.08,197.17,81009.99,-270.0899999999965,DOWN,0.65,0.6607502860237582,0.01075028602375816,0.0,0.0,0.0,0.0,0.0,0.0,0,False
2026-09-03T18:26:47.868017+00:00,KXBTC15M-26SEP031430-30,81280.08,192.13,81012.21,-267.86999999999534,DOWN,0.65,0.6607502860237582,0.01075028602375816,0.0,0.0,0.0,0.0,0.0,0.0,0,False
2026-09-03T18:26:52.824173+00:00,KXBTC15M-26SEP031430-30,81280.08,187.18,81008.79,-271.29000000000815,DOWN,0.65,0.6607502860237582,0.01075028602375816,0.0,0.0,0.0,0.0,0.0,0.0,0,False
2026-09-03T18:26:57.832850+00:00,KXBTC15M-26SEP031430-30,81280.08,182.17,81012.21,-267.86999999999534,DOWN,0.65,0.6607502860237582,0.01075028602375816,0.0,0.0,0.0,0.0,0.0,0.0,0,False
2026-09-03T18:27:02.865656+00:00,KXBTC15M-26SEP031430-30,81280.08,177.13,80988.49,-291.5899999999965,DOWN,0.65,0.6607502860237582,0.01075028602375816,0.0,0.0,0.0,0.0,0.0,0.0,0,False
2026-09-03T18:27:07.828550+00:00,KXBTC15M-26SEP031430-30,81280.08,172.17,80990.82,-289.25999999999476,DOWN,0.65,0.6607502860237582,0.01075028602375816,0.0,0.0,0.0,0.0,0.0,0.0,0,False
2026-09-03T18:27:12.828316+00:00,KXBTC15M-26SEP031430-30,81280.08,167.17,80996.46,-283.61999999999534,DOWN,0.65,0.6607502860237582,0.01075028602375816,0.0,0.0,0.0,0.0,0.0,0.0,0,False
2026-09-03T18:27:17.874370+00:00,KXBTC15M-26SEP031430-30,81280.08,162.13,81001.81,-278.2700000000041,DOWN,0.65,0.6607502860237582,0.01075028602375816,0.0,0.0,0.0,0.0,0.0,0.0,0,False
2026-09-03T18:27:22.836122+00:00,KXBTC15M-26SEP031430-30,81280.08,157.16,80999.46,-280.61999999999534,DOWN,0.65,0.6607502860237582,0.01075028602375816,0.0,0.0,0.0,0.0,0.0,0.0,0,False
2026-09-03T18:27:27.824238+00:00,KXBTC15M-26SEP031430-30,81280.08,152.18,81004.59,-275.49000000000524,DOWN,0.65,0.6607502860237582,0.01075028602375816,0.0,0.0,0.0,0.0,0.0,0.0,0,False
2026-09-03T18:27:32.853576+00:00,KXBTC15M-26SEP031430-30,81280.08,147.15,80992.25,-287.83000000000175,DOWN,0.65,0.6607502860237582,0.01075028602375816,0.0,0.0,0.0,0.0,0.0,0.0,0,False
2026-09-03T18:27:37.822806+00:00,KXBTC15M-26SEP031430-30,81280.08,142.18,80995.82,-284.25999999999476,DOWN,0.65,0.6607502860237582,0.01075028602375816,0.0,0.0,0.0,0.0,0.0,0.0,0,False
2026-09-03T18:27:42.823798+00:00,KXBTC15M-26SEP031430-30,81280.08,137.18,80990.81,-289.2700000000041,DOWN,0.65,0.6607502860237582,0.01075028602375816,0.0,0.0,0.0,0.0,0.0,0.0,0,False
2026-09-03T18:27:47.846661+00:00,KXBTC15M-26SEP031430-30,81280.08,132.15,80990.81,-289.2700000000041,DOWN,0.65,0.6607502860237582,0.01075028602375816,0.0,0.0,0.0,0.0,0.0,0.0,0,False
2026-09-03T18:27:52.835091+00:00,KXBTC15M-26SEP031430-30,81280.08,127.16,80995.93,-284.15000000000873,DOWN,0.65,0.6607502860237582,0.01075028602375816,0.0,0.0,0.0,0.0,0.0,0.0,0,False
2026-09-03T18:27:57.822961+00:00,KXBTC15M-26SEP031430-30,81280.08,122.18,80995.29,-284.79000000000815,DOWN,0.65,0.6607502860237582,0.01075028602375816,0.0,0.0,0.0,0.0,0.0,0.0,0,False
2026-09-03T18:28:02.860118+00:00,KXBTC15M-26SEP031430-30,81280.08,117.14,80995.91,-284.16999999999825,DOWN,0.65,0.6607502860237582,0.01075028602375816,0.0,0.0,0.0,0.0,0.0,0.0,0,False
2026-09-03T18:28:07.824506+00:00,KXBTC15M-26SEP031430-30,81280.08,112.18,80981.53,-298.5500000000029,DOWN,0.65,0.6607502860237582,0.01075028602375816,0.0,0.0,0.0,0.0,0.0,0.0,0,False
2026-09-03T18:28:12.822219+00:00,KXBTC15M-26SEP031430-30,81280.08,107.18,80981.53,-298.5500000000029,DOWN,0.65,0.6607502860237582,0.01075028602375816,0.0,0.0,0.0,0.0,0.0,0.0,0,False
2026-09-03T18:28:17.873968+00:00,KXBTC15M-26SEP031430-30,81280.08,102.13,80991.9,-288.18000000000757,DOWN,0.65,0.6607502860237582,0.01075028602375816,0.0,0.0,0.0,0.0,0.0,0.0,0,False
2026-09-03T18:28:22.825876+00:00,KXBTC15M-26SEP031430-30,81280.08,97.17,80991.89,-288.1900000000023,DOWN,0.65,0.6607502860237582,0.01075028602375816,0.0,0.0,0.0,0.0,0.0,0.0,0,False
2026-09-03T18:28:27.821883+00:00,KXBTC15M-26SEP031430-30,81280.08,92.18,80990.26,-289.820000000007,DOWN,0.65,0.6607502860237582,0.01075028602375816,0.0,0.0,0.0,0.0,0.0,0.0,0,False
2026-09-03T18:28:32.844300+00:00,KXBTC15M-26SEP031430-30,81280.08,87.16,80990.15,-289.93000000000757,DOWN,0.65,0.6607502860237582,0.01075028602375816,0.0,0.0,0.0,0.0,0.0,0.0,0,False
2026-09-03T18:28:37.821434+00:00,KXBTC15M-26SEP031430-30,81280.08,82.18,80976.68,-303.40000000000873,DOWN,0.65,0.6607502860237582,0.01075028602375816,0.0,0.0,0.0,0.0,0.0,0.0,0,False
2026-09-03T18:28:42.855771+00:00,KXBTC15M-26SEP031430-30,81280.08,77.14,80976.59,-303.49000000000524,DOWN,0.65,0.6607502860237582,0.01075028602375816,0.0,0.0,0.0,0.0,0.0,0.0,0,False
2026-09-03T18:28:47.861227+00:00,KXBTC15M-26SEP031430-30,81280.08,72.14,80982.0,-298.08000000000175,DOWN,0.65,0.6607502860237582,0.01075028602375816,0.0,0.0,0.0,0.0,0.0,0.0,0,False
2026-09-03T18:28:52.825091+00:00,KXBTC15M-26SEP031430-30,81280.08,67.17,80991.89,-288.1900000000023,DOWN,0.65,0.6607502860237582,0.01075028602375816,0.0,0.0,0.0,0.0,0.0,0.0,0,False
2026-09-03T18:28:57.826474+00:00,KXBTC15M-26SEP031430-30,81280.08,62.17,80970.26,-309.820000000007,DOWN,0.65,0.6607502860237582,0.01075028602375816,0.0,0.0,0.0,0.0,0.0,0.0,0,False
2026-09-03T18:29:02.827204+00:00,KXBTC15M-26SEP031430-30,81280.08,57.17,80979.96,-300.11999999999534,DOWN,0.65,0.6607502860237582,0.01075028602375816,0.0,0.0,0.0,0.0,0.0,0.0,0,False
2026-09-03T18:29:07.849197+00:00,KXBTC15M-26SEP031430-30,81280.08,52.15,80979.96,-300.11999999999534,DOWN,0.65,0.6607502860237582,0.01075028602375816,0.0,0.0,0.0,0.0,0.0,0.0,0,False
2026-09-03T18:29:12.826482+00:00,KXBTC15M-26SEP031430-30,81280.08,47.17,80979.96,-300.11999999999534,DOWN,0.65,0.6607502860237582,0.01075028602375816,0.0,0.0,0.0,0.0,0.0,0.0,0,False
2026-09-03T18:29:17.848376+00:00,KXBTC15M-26SEP031430-30,81280.08,42.15,80976.76,-303.320000000007,DOWN,0.65,0.6607502860237582,0.01075028602375816,0.0,0.0,0.0,0.0,0.0,0.0,0,False
2026-09-03T18:29:22.825767+00:00,KXBTC15M-26SEP031430-30,81280.08,37.17,80976.77,-303.3099999999977,DOWN,0.65,0.6607502860237582,0.01075028602375816,0.0,0.0,0.0,0.0,0.0,0.0,0,False
2026-09-03T18:29:27.828537+00:00,KXBTC15M-26SEP031430-30,81280.08,32.17,80966.21,-313.86999999999534,DOWN,0.65,0.6607502860237582,0.01075028602375816,0.0,0.0,0.0,0.0,0.0,0.0,0,False
2026-09-03T18:29:32.875710+00:00,KXBTC15M-26SEP031430-30,81280.08,27.12,80960.0,-320.08000000000175,DOWN,0.65,0.6607502860237582,0.01075028602375816,0.0,0.0,0.0,0.0,0.0,0.0,0,False
2026-09-03T18:29:37.824921+00:00,KXBTC15M-26SEP031430-30,81280.08,22.18,80957.27,-322.8099999999977,DOWN,0.65,0.6607502860237582,0.01075028602375816,0.0,0.0,0.0,0.0,0.0,0.0,0,False
2026-09-03T18:29:42.831577+00:00,KXBTC15M-26SEP031430-30,81280.08,17.17,80959.63,-320.4499999999971,DOWN,0.65,0.6607502860237582,0.01075028602375816,0.0,0.0,0.0,0.0,0.0,0.0,0,False
2026-09-03T18:29:47.848148+00:00,KXBTC15M-26SEP031430-30,81280.08,12.15,80954.34,-325.74000000000524,DOWN,0.65,0.6607502860237582,0.01075028602375816,0.0,0.0,0.0,0.0,0.0,0.0,0,False
2026-09-03T18:29:52.839776+00:00,KXBTC15M-26SEP031430-30,81280.08,7.16,80943.02,-337.0599999999977,DOWN,0.65,0.6607502860237582,0.01075028602375816,0.0,0.0,0.0,0.0,0.0,0.0,0,False
2026-09-03T18:29:57.826464+00:00,KXBTC15M-26SEP031430-30,81280.08,2.17,80949.46,-330.61999999999534,DOWN,0.65,0.6607502860237582,0.01075028602375816,0.0,0.0,0.0,0.0,0.0,0.0,0,False
2026-09-03T18:30:18.018466+00:00,KXBTC15M-26SEP031445-45,80969.94,881.98,80939.86,-30.080000000001746,DOWN,0.65,0.6607502860237582,0.01075028602375816,0.0,0.0,0.0,0.0,0.0,0.0,0,False
2026-09-03T18:30:22.988982+00:00,KXBTC15M-26SEP031445-45,80969.94,877.01,80945.01,-24.930000000007567,DOWN,0.65,0.6607502860237582,0.01075028602375816,0.0,0.0,0.0,0.0,0.0,0.0,0,False
2026-09-03T18:30:28.000036+00:00,KXBTC15M-26SEP031445-45,80969.94,872.0,80929.74,-40.19999999999709,DOWN,0.65,0.6607502860237582,0.01075028602375816,0.0,0.0,0.0,0.0,0.0,0.0,0,False
2026-09-03T18:30:33.002002+00:00,KXBTC15M-26SEP031445-45,80969.94,867.0,80945.02,-24.919999999998254,DOWN,0.65,0.6607502860237582,0.01075028602375816,0.0,0.0,0.0,0.0,0.0,0.0,0,False
2026-09-03T18:30:37.992573+00:00,KXBTC15M-26SEP031445-45,80969.94,862.01,80961.59,-8.35000000000582,DOWN,0.65,0.6607502860237582,0.01075028602375816,0.0,0.0,0.0,0.0,0.0,0.0,0,False
2026-09-03T18:30:42.992380+00:00,KXBTC15M-26SEP031445-45,80969.94,857.01,80990.13,20.19000000000233,DOWN,0.65,0.6607502860237582,0.01075028602375816,0.0,0.0,0.0,0.0,0.0,0.0,0,False
2026-09-03T18:30:47.989792+00:00,KXBTC15M-26SEP031445-45,80969.94,852.01,80972.15,2.209999999991851,DOWN,0.65,0.6607502860237582,0.01075028602375816,0.0,0.0,0.0,0.0,0.0,0.0,0,False
2026-09-03T18:30:52.996200+00:00,KXBTC15M-26SEP031445-45,80969.94,847.0,80976.51,6.569999999992433,DOWN,0.65,0.6607502860237582,0.01075028602375816,0.0,0.0,0.0,0.0,0.0,0.0,0,False
2026-09-03T18:30:57.993122+00:00,KXBTC15M-26SEP031445-45,80969.94,842.01,80980.93,10.989999999990687,DOWN,0.65,0.6607502860237582,0.01075028602375816,0.0,0.0,0.0,0.0,0.0,0.0,0,False
2026-09-03T18:31:02.988558+00:00,KXBTC15M-26SEP031445-45,80969.94,837.01,80977.29,7.349999999991269,DOWN,0.65,0.6607502860237582,0.01075028602375816,0.0,0.0,0.0,0.0,0.0,0.0,0,False
2026-09-03T18:31:08.016824+00:00,KXBTC15M-26SEP031445-45,80969.94,831.98,80979.26,9.319999999992433,DOWN,0.65,0.6607502860237582,0.01075028602375816,0.0,0.0,0.0,0.0,0.0,0.0,0,False
2026-09-03T18:31:12.990812+00:00,KXBTC15M-26SEP031445-45,80969.94,827.01,80985.46,15.520000000004075,DOWN,0.65,0.6607502860237582,0.01075028602375816,0.0,0.0,0.0,0.0,0.0,0.0,0,False
2026-09-03T18:31:17.990209+00:00,KXBTC15M-26SEP031445-45,80969.94,822.01,80911.11,-58.830000000001746,DOWN,0.65,0.6607502860237582,0.01075028602375816,0.0,0.0,0.0,0.0,0.0,0.0,0,False
2026-09-03T18:31:22.991902+00:00,KXBTC15M-26SEP031445-45,80969.94,817.01,80925.17,-44.770000000004075,DOWN,0.65,0.6607502860237582,0.01075028602375816,0.0,0.0,0.0,0.0,0.0,0.0,0,False
2026-09-03T18:31:27.997544+00:00,KXBTC15M-26SEP031445-45,80969.94,812.0,80911.74,-58.19999999999709,DOWN,0.65,0.6607502860237582,0.01075028602375816,0.0,0.0,0.0,0.0,0.0,0.0,0,False
2026-09-03T18:31:32.994670+00:00,KXBTC15M-26SEP031445-45,80969.94,807.01,80917.28,-52.66000000000349,DOWN,0.65,0.6607502860237582,0.01075028602375816,0.0,0.0,0.0,0.0,0.0,0.0,0,False
2026-09-03T18:31:38.000894+00:00,KXBTC15M-26SEP031445-45,80969.94,802.0,80918.66,-51.279999999998836,DOWN,0.65,0.6607502860237582,0.01075028602375816,0.0,0.0,0.0,0.0,0.0,0.0,0,False
2026-09-03T18:31:43.047912+00:00,KXBTC15M-26SEP031445-45,80969.94,796.95,80910.67,-59.270000000004075,DOWN,0.65,0.6607502860237582,0.01075028602375816,0.0,0.0,0.0,0.0,0.0,0.0,0,False
2026-09-03T18:31:47.992770+00:00,KXBTC15M-26SEP031445-45,80969.94,792.01,80910.89,-59.05000000000291,DOWN,0.65,0.6607502860237582,0.01075028602375816,0.0,0.0,0.0,0.0,0.0,0.0,0,False
2026-09-03T18:31:53.002681+00:00,KXBTC15M-26SEP031445-45,80969.94,787.0,80913.74,-56.19999999999709,DOWN,0.65,0.6607502860237582,0.01075028602375816,0.0,0.0,0.0,0.0,0.0,0.0,0,False
2026-09-03T18:31:57.993317+00:00,KXBTC15M-26SEP031445-45,80969.94,782.01,80910.58,-59.36000000000058,DOWN,0.65,0.6607502860237582,0.01075028602375816,0.0,0.0,0.0,0.0,0.0,0.0,0,False
2026-09-03T18:32:03.013334+00:00,KXBTC15M-26SEP031445-45,80969.94,776.99,80909.69,-60.25,DOWN,0.65,0.6607502860237582,0.01075028602375816,0.0,0.0,0.0,0.0,0.0,0.0,0,False
2026-09-03T18:32:07.995064+00:00,KXBTC15M-26SEP031445-45,80969.94,772.0,80906.7,-63.24000000000524,DOWN,0.65,0.6607502860237582,0.01075028602375816,0.0,0.0,0.0,0.0,0.0,0.0,0,False
2026-09-03T18:32:12.997117+00:00,KXBTC15M-26SEP031445-45,80969.94,767.0,80904.02,-65.91999999999825,DOWN,0.65,0.6607502860237582,0.01075028602375816,0.0,0.0,0.0,0.0,0.0,0.0,0,False
2026-09-03T18:32:17.994689+00:00,KXBTC15M-26SEP031445-45,80969.94,762.01,80906.07,-63.86999999999534,DOWN,0.65,0.6607502860237582,0.01075028602375816,0.0,0.0,0.0,0.0,0.0,0.0,0,False
2026-09-03T18:32:22.995082+00:00,KXBTC15M-26SEP031445-45,80969.94,757.0,80924.98,-44.9600000000064,DOWN,0.65,0.6607502860237582,0.01075028602375816,0.0,0.0,0.0,0.0,0.0,0.0,0,False
2026-09-03T18:32:28.007918+00:00,KXBTC15M-26SEP031445-45,80969.94,751.99,80940.38,-29.55999999999767,DOWN,0.65,0.6607502860237582,0.01075028602375816,0.0,0.0,0.0,0.0,0.0,0.0,0,False
2026-09-03T18:32:33.039351+00:00,KXBTC15M-26SEP031445-45,80969.94,746.96,80945.98,-23.960000000006403,DOWN,0.65,0.6607502860237582,0.01075028602375816,0.0,0.0,0.0,0.0,0.0,0.0,0,False
2026-09-03T18:32:38.031292+00:00,KXBTC15M-26SEP031445-45,80969.94,741.97,80948.6,-21.339999999996508,DOWN,0.65,0.6607502860237582,0.01075028602375816,0.0,0.0,0.0,0.0,0.0,0.0,0,False
2026-09-03T18:32:43.031424+00:00,KXBTC15M-26SEP031445-45,80969.94,736.97,80944.79,-25.15000000000873,DOWN,0.65,0.6607502860237582,0.01075028602375816,0.0,0.0,0.0,0.0,0.0,0.0,0,False
2026-09-03T18:32:47.996963+00:00,KXBTC15M-26SEP031445-45,80969.94,732.0,80956.49,-13.44999999999709,DOWN,0.65,0.6607502860237582,0.01075028602375816,0.0,0.0,0.0,0.0,0.0,0.0,0,False
2026-09-03T18:32:52.997967+00:00,KXBTC15M-26SEP031445-45,80969.94,727.0,80982.19,12.25,DOWN,0.65,0.6607502860237582,0.01075028602375816,0.0,0.0,0.0,0.0,0.0,0.0,0,False
2026-09-03T18:32:58.060092+00:00,KXBTC15M-26SEP031445-45,80969.94,721.94,80977.93,7.989999999990687,DOWN,0.65,0.6607502860237582,0.01075028602375816,0.0,0.0,0.0,0.0,0.0,0.0,0,False
2026-09-03T18:33:02.992929+00:00,KXBTC15M-26SEP031445-45,80969.94,717.01,80980.11,10.169999999998254,DOWN,0.65,0.6607502860237582,0.01075028602375816,0.0,0.0,0.0,0.0,0.0,0.0,0,False
2026-09-03T18:33:07.998089+00:00,KXBTC15M-26SEP031445-45,80969.94,712.0,80981.18,11.239999999990687,DOWN,0.65,0.6607502860237582,0.01075028602375816,0.0,0.0,0.0,0.0,0.0,0.0,0,False
2026-09-03T18:33:13.002420+00:00,KXBTC15M-26SEP031445-45,80969.94,707.0,80984.22,14.279999999998836,DOWN,0.65,0.6607502860237582,0.01075028602375816,0.0,0.0,0.0,0.0,0.0,0.0,0,False
2026-09-03T18:33:17.995167+00:00,KXBTC15M-26SEP031445-45,80969.94,702.0,80990.98,21.039999999993597,DOWN,0.65,0.6607502860237582,0.01075028602375816,0.0,0.0,0.0,0.0,0.0,0.0,0,False
2026-09-03T18:33:23.001619+00:00,KXBTC15M-26SEP031445-45,80969.94,697.0,80993.21,23.270000000004075,DOWN,0.65,0.6607502860237582,0.01075028602375816,0.0,0.0,0.0,0.0,0.0,0.0,0,False
2026-09-03T18:33:27.996193+00:00,KXBTC15M-26SEP031445-45,80969.94,692.0,80993.23,23.289999999993597,DOWN,0.65,0.6607502860237582,0.01075028602375816,0.0,0.0,0.0,0.0,0.0,0.0,0,False
2026-09-03T18:33:32.997660+00:00,KXBTC15M-26SEP031445-45,80969.94,687.0,80995.92,25.979999999995925,DOWN,0.65,0.6607502860237582,0.01075028602375816,0.0,0.0,0.0,0.0,0.0,0.0,0,False
2026-09-03T18:33:38.010909+00:00,KXBTC15M-26SEP031445-45,80969.94,681.99,80997.74,27.80000000000291,DOWN,0.65,0.6607502860237582,0.01075028602375816,0.0,0.0,0.0,0.0,0.0,0.0,0,False
2026-09-03T18:33:42.995752+00:00,KXBTC15M-26SEP031445-45,80969.94,677.0,80997.75,27.80999999999767,DOWN,0.65,0.6607502860237582,0.01075028602375816,0.0,0.0,0.0,0.0,0.0,0.0,0,False
2026-09-03T18:33:48.007539+00:00,KXBTC15M-26SEP031445-45,80969.94,671.99,80996.17,26.229999999995925,DOWN,0.65,0.6607502860237582,0.01075028602375816,0.0,0.0,0.0,0.0,0.0,0.0,0,False
2026-09-03T18:33:52.997844+00:00,KXBTC15M-26SEP031445-45,80969.94,667.0,80996.17,26.229999999995925,DOWN,0.65,0.6607502860237582,0.01075028602375816,0.0,0.0,0.0,0.0,0.0,0.0,0,False
2026-09-03T18:33:57.999133+00:00,KXBTC15M-26SEP031445-45,80969.94,662.0,80990.87,20.929999999993015,DOWN,0.65,0.6607502860237582,0.01075028602375816,0.0,0.0,0.0,0.0,0.0,0.0,0,False
2026-09-03T18:34:02.992908+00:00,KXBTC15M-26SEP031445-45,80969.94,657.01,80990.88,20.94000000000233,DOWN,0.65,0.6607502860237582,0.01075028602375816,0.0,0.0,0.0,0.0,0.0,0.0,0,False
2026-09-03T18:34:07.997385+00:00,KXBTC15M-26SEP031445-45,80969.94,652.0,80970.82,0.8800000000046566,DOWN,0.65,0.6607502860237582,0.01075028602375816,0.0,0.0,0.0,0.0,0.0,0.0,0,False
2026-09-03T18:34:12.996931+00:00,KXBTC15M-26SEP031445-45,80969.94,647.0,80972.03,2.0899999999965075,DOWN,0.65,0.6607502860237582,0.01075028602375816,0.0,0.0,0.0,0.0,0.0,0.0,0,False
2026-09-03T18:34:17.996439+00:00,KXBTC15M-26SEP031445-45,80969.94,642.0,80957.75,-12.190000000002328,DOWN,0.65,0.6607502860237582,0.01075028602375816,0.0,0.0,0.0,0.0,0.0,0.0,0,False
2026-09-03T18:34:22.999922+00:00,KXBTC15M-26SEP031445-45,80969.94,637.0,80963.13,-6.809999999997672,DOWN,0.65,0.6607502860237582,0.01075028602375816,0.0,0.0,0.0,0.0,0.0,0.0,0,False
2026-09-03T18:34:27.994348+00:00,KXBTC15M-26SEP031445-45,80969.94,632.01,80972.04,2.099999999991269,DOWN,0.65,0.6607502860237582,0.01075028602375816,0.0,0.0,0.0,0.0,0.0,0.0,0,False
2026-09-03T18:34:32.992721+00:00,KXBTC15M-26SEP031445-45,80969.94,627.01,80978.17,8.229999999995925,DOWN,0.65,0.6607502860237582,0.01075028602375816,0.0,0.0,0.0,0.0,0.0,0.0,0,False
2026-09-03T18:34:37.998413+00:00,KXBTC15M-26SEP031445-45,80969.94,622.0,80978.19,8.25,DOWN,0.65,0.6607502860237582,0.01075028602375816,0.0,0.0,0.0,0.0,0.0,0.0,0,False
2026-09-03T18:34:43.004682+00:00,KXBTC15M-26SEP031445-45,80969.94,617.0,80978.19,8.25,DOWN,0.65,0.6607502860237582,0.01075028602375816,0.0,0.0,0.0,0.0,0.0,0.0,0,False
2026-09-03T18:34:47.998909+00:00,KXBTC15M-26SEP031445-45,80969.94,612.0,80973.58,3.639999999999418,DOWN,0.65,0.6607502860237582,0.01075028602375816,0.0,0.0,0.0,0.0,0.0,0.0,0,False
2026-09-03T18:34:53.025944+00:00,KXBTC15M-26SEP031445-45,80969.94,606.97,80951.5,-18.44000000000233,DOWN,0.65,0.6607502860237582,0.01075028602375816,0.0,0.0,0.0,0.0,0.0,0.0,0,False
2026-09-03T18:34:57.995986+00:00,KXBTC15M-26SEP031445-45,80969.94,602.0,80951.98,-17.960000000006403,DOWN,0.65,0.6607502860237582,0.01075028602375816,0.0,0.0,0.0,0.0,0.0,0.0,0,False
2026-09-03T18:35:02.997042+00:00,KXBTC15M-26SEP031445-45,80969.94,597.0,80956.3,-13.639999999999418,DOWN,0.65,0.6607502860237582,0.01075028602375816,0.0,0.0,0.0,0.0,0.0,0.0,0,False
2026-09-03T18:35:07.996109+00:00,KXBTC15M-26SEP031445-45,80969.94,592.0,80971.35,1.4100000000034925,DOWN,0.65,0.6607502860237582,0.01075028602375816,0.0,0.0,0.0,0.0,0.0,0.0,0,False
2026-09-03T18:35:12.998796+00:00,KXBTC15M-26SEP031445-45,80969.94,587.0,80973.59,3.6499999999941792,DOWN,0.65,0.6607502860237582,0.01075028602375816,0.0,0.0,0.0,0.0,0.0,0.0,0,False
2026-09-03T18:35:18.001038+00:00,KXBTC15M-26SEP031445-45,80969.94,582.0,80978.99,9.05000000000291,DOWN,0.65,0.6607502860237582,0.01075028602375816,0.0,0.0,0.0,0.0,0.0,0.0,0,False
2026-09-03T18:35:22.997614+00:00,KXBTC15M-26SEP031445-45,80969.94,577.0,80981.22,11.279999999998836,DOWN,0.65,0.6607502860237582,0.01075028602375816,0.0,0.0,0.0,0.0,0.0,0.0,0,False
2026-09-03T18:35:28.015267+00:00,KXBTC15M-26SEP031445-45,80969.94,571.98,80993.65,23.70999999999185,DOWN,0.65,0.6607502860237582,0.01075028602375816,0.0,0.0,0.0,0.0,0.0,0.0,0,False
2026-09-03T18:35:33.012572+00:00,KXBTC15M-26SEP031445-45,80969.94,566.99,80983.73,13.789999999993597,DOWN,0.65,0.6607502860237582,0.01075028602375816,0.0,0.0,0.0,0.0,0.0,0.0,0,False
2026-09-03T18:35:38.003812+00:00,KXBTC15M-26SEP031445-45,80969.94,562.0,80987.73,17.789999999993597,DOWN,0.65,0.6607502860237582,0.01075028602375816,0.0,0.0,0.0,0.0,0.0,0.0,0,False
2026-09-03T18:35:43.025178+00:00,KXBTC15M-26SEP031445-45,80969.94,556.97,80997.75,27.80999999999767,DOWN,0.65,0.6607502860237582,0.01075028602375816,0.0,0.0,0.0,0.0,0.0,0.0,0,False
2026-09-03T18:35:47.998272+00:00,KXBTC15M-26SEP031445-45,80969.94,552.0,80999.0,29.05999999999767,DOWN,0.65,0.6607502860237582,0.01075028602375816,0.0,0.0,0.0,0.0,0.0,0.0,0,False
2026-09-03T18:35:53.004674+00:00,KXBTC15M-26SEP031445-45,80969.94,547.0,81011.0,41.05999999999767,DOWN,0.65,0.6607502860237582,0.01075028602375816,0.0,0.0,0.0,0.0,0.0,0.0,0,False
2026-09-03T18:35:57.995344+00:00,KXBTC15M-26SEP031445-45,80969.94,542.0,81010.99,41.05000000000291,DOWN,0.65,0.6607502860237582,0.01075028602375816,0.0,0.0,0.0,0.0,0.0,0.0,0,False
2026-09-03T18:36:03.000404+00:00,KXBTC15M-26SEP031445-45,80969.94,537.0,81005.75,35.80999999999767,DOWN,0.65,0.6607502860237582,0.01075028602375816,0.0,0.0,0.0,0.0,0.0,0.0,0,False
2026-09-03T18:36:08.010802+00:00,KXBTC15M-26SEP031445-45,80969.94,531.99,80990.01,20.069999999992433,DOWN,0.65,0.6607502860237582,0.01075028602375816,0.0,0.0,0.0,0.0,0.0,0.0,0,False
2026-09-03T18:36:12.999270+00:00,KXBTC15M-26SEP031445-45,80969.94,527.0,80999.32,29.380000000004657,DOWN,0.65,0.6607502860237582,0.01075028602375816,0.0,0.0,0.0,0.0,0.0,0.0,0,False
2026-09-03T18:36:18.002170+00:00,KXBTC15M-26SEP031445-45,80969.94,522.0,80985.74,15.80000000000291,DOWN,0.65,0.6607502860237582,0.01075028602375816,0.0,0.0,0.0,0.0,0.0,0.0,0,False
2026-09-03T18:36:23.000133+00:00,KXBTC15M-26SEP031445-45,80969.94,517.0,80980.71,10.770000000004075,DOWN,0.65,0.6607502860237582,0.01075028602375816,0.0,0.0,0.0,0.0,0.0,0.0,0,False
2026-09-03T18:36:27.999183+00:00,KXBTC15M-26SEP031445-45,80969.94,512.0,80997.77,27.830000000001746,DOWN,0.65,0.6607502860237582,0.01075028602375816,0.0,0.0,0.0,0.0,0.0,0.0,0,False
2026-09-03T18:36:33.061165+00:00,KXBTC15M-26SEP031445-45,80969.94,506.94,81014.15,44.20999999999185,DOWN,0.65,0.6607502860237582,0.01075028602375816,0.0,0.0,0.0,0.0,0.0,0.0,0,False
2026-09-03T18:36:37.998174+00:00,KXBTC15M-26SEP031445-45,80969.94,502.0,81001.76,31.819999999992433,DOWN,0.65,0.6607502860237582,0.01075028602375816,0.0,0.0,0.0,0.0,0.0,0.0,0,False
2026-09-03T18:36:43.004501+00:00,KXBTC15M-26SEP031445-45,80969.94,497.0,81000.8,30.860000000000582,DOWN,0.65,0.6607502860237582,0.01075028602375816,0.0,0.0,0.0,0.0,0.0,0.0,0,False
2026-09-03T18:36:47.997171+00:00,KXBTC15M-26SEP031445-45,80969.94,492.0,81010.9,40.95999999999185,DOWN,0.65,0.6607502860237582,0.01075028602375816,0.0,0.0,0.0,0.0,0.0,0.0,0,False
2026-09-03T18:36:53.014776+00:00,KXBTC15M-26SEP031445-45,80969.94,486.99,81020.5,50.55999999999767,DOWN,0.65,0.6607502860237582,0.01075028602375816,0.0,0.0,0.0,0.0,0.0,0.0,0,False
2026-09-03T18:36:57.997695+00:00,KXBTC15M-26SEP031445-45,80969.94,482.0,81006.96,37.020000000004075,DOWN,0.65,0.6607502860237582,0.01075028602375816,0.0,0.0,0.0,0.0,0.0,0.0,0,False
2026-09-03T18:37:02.999400+00:00,KXBTC15M-26SEP031445-45,80969.94,477.0,81006.96,37.020000000004075,DOWN,0.65,0.6607502860237582,0.01075028602375816,0.0,0.0,0.0,0.0,0.0,0.0,0,False
2026-09-03T18:37:08.038114+00:00,KXBTC15M-26SEP031445-45,80969.94,471.96,81004.2,34.25999999999476,DOWN,0.65,0.6607502860237582,0.01075028602375816,0.0,0.0,0.0,0.0,0.0,0.0,0,False
2026-09-03T18:37:13.000781+00:00,KXBTC15M-26SEP031445-45,80969.94,467.0,80997.19,27.25,DOWN,0.65,0.6607502860237582,0.01075028602375816,0.0,0.0,0.0,0.0,0.0,0.0,0,False
2026-09-03T18:37:18.005465+00:00,KXBTC15M-26SEP031445-45,80969.94,461.99,80974.17,4.2299999999959255,DOWN,0.65,0.6607502860237582,0.01075028602375816,0.0,0.0,0.0,0.0,0.0,0.0,0,False
2026-09-03T18:37:23.004358+00:00,KXBTC15M-26SEP031445-45,80969.94,457.0,80973.92,3.9799999999959255,DOWN,0.65,0.6607502860237582,0.01075028602375816,0.0,0.0,0.0,0.0,0.0,0.0,0,False
2026-09-03T18:37:28.033397+00:00,KXBTC15M-26SEP031445-45,80969.94,451.97,80970.0,0.059999999997671694,DOWN,0.65,0.6607502860237582,0.01075028602375816,0.0,0.0,0.0,0.0,0.0,0.0,0,False
2026-09-03T18:37:33.000629+00:00,KXBTC15M-26SEP031445-45,80969.94,447.0,80952.99,-16.94999999999709,DOWN,0.65,0.6607502860237582,0.01075028602375816,0.0,0.0,0.0,0.0,0.0,0.0,0,False
2026-09-03T18:37:38.027254+00:00,KXBTC15M-26SEP031445-45,80969.94,441.97,80961.9,-8.040000000008149,DOWN,0.65,0.6607502860237582,0.01075028602375816,0.0,0.0,0.0,0.0,0.0,0.0,0,False
2026-09-03T18:37:43.001992+00:00,KXBTC15M-26SEP031445-45,80969.94,437.0,80956.75,-13.190000000002328,DOWN,0.65,0.6607502860237582,0.01075028602375816,0.0,0.0,0.0,0.0,0.0,0.0,0,False
2026-09-03T18:37:48.004425+00:00,KXBTC15M-26SEP031445-45,80969.94,432.0,80970.4,0.4599999999918509,DOWN,0.65,0.6607502860237582,0.01075028602375816,0.0,0.0,0.0,0.0,0.0,0.0,0,False
2026-09-03T18:37:53.039565+00:00,KXBTC15M-26SEP031445-45,80969.94,426.96,80991.89,21.94999999999709,DOWN,0.65,0.6607502860237582,0.01075028602375816,0.0,0.0,0.0,0.0,0.0,0.0,0,False
2026-09-03T18:37:58.005911+00:00,KXBTC15M-26SEP031445-45,80969.94,421.99,81011.5,41.55999999999767,DOWN,0.65,0.6607502860237582,0.01075028602375816,0.0,0.0,0.0,0.0,0.0,0.0,0,False
2026-09-03T18:38:03.033323+00:00,KXBTC15M-26SEP031445-45,80969.94,416.97,81007.99,38.05000000000291,DOWN,0.65,0.6607502860237582,0.01075028602375816,0.0,0.0,0.0,0.0,0.0,0.0,0,False
2026-09-03T18:38:08.010390+00:00,KXBTC15M-26SEP031445-45,80969.94,411.99,81004.1,34.16000000000349,DOWN,0.65,0.6607502860237582,0.01075028602375816,0.0,0.0,0.0,0.0,0.0,0.0,0,False
2026-09-03T18:38:13.009259+00:00,KXBTC15M-26SEP031445-45,80969.94,406.99,81001.84,31.89999999999418,DOWN,0.65,0.6607502860237582,0.01075028602375816,0.0,0.0,0.0,0.0,0.0,0.0,0,False
2026-09-03T18:38:18.032410+00:00,KXBTC15M-26SEP031445-45,80969.94,401.97,81006.65,36.70999999999185,DOWN,0.65,0.6607502860237582,0.01075028602375816,0.0,0.0,0.0,0.0,0.0,0.0,0,False
2026-09-03T18:38:23.006835+00:00,KXBTC15M-26SEP031445-45,80969.94,396.99,81037.56,67.61999999999534,DOWN,0.65,0.6607502860237582,0.01075028602375816,0.0,0.0,0.0,0.0,0.0,0.0,0,False
2026-09-03T18:38:28.005849+00:00,KXBTC15M-26SEP031445-45,80969.94,391.99,81029.77,59.830000000001746,DOWN,0.65,0.6607502860237582,0.01075028602375816,0.0,0.0,0.0,0.0,0.0,0.0,0,False
2026-09-03T18:38:33.033944+00:00,KXBTC15M-26SEP031445-45,80969.94,386.97,81030.12,60.179999999993015,DOWN,0.65,0.6607502860237582,0.01075028602375816,0.0,0.0,0.0,0.0,0.0,0.0,0,False
2026-09-03T18:38:38.011429+00:00,KXBTC15M-26SEP031445-45,80969.94,381.99,81020.55,50.61000000000058,DOWN,0.65,0.6607502860237582,0.01075028602375816,0.0,0.0,0.0,0.0,0.0,0.0,0,False
2026-09-03T18:38:43.016744+00:00,KXBTC15M-26SEP031445-45,80969.94,376.98,81024.41,54.470000000001164,DOWN,0.65,0.6607502860237582,0.01075028602375816,0.0,0.0,0.0,0.0,0.0,0.0,0,False
2026-09-03T18:38:48.010953+00:00,KXBTC15M-26SEP031445-45,80969.94,371.99,81032.29,62.34999999999127,DOWN,0.65,0.6607502860237582,0.01075028602375816,0.0,0.0,0.0,0.0,0.0,0.0,0,False
2026-09-03T18:38:53.022266+00:00,KXBTC15M-26SEP031445-45,80969.94,366.98,81032.29,62.34999999999127,DOWN,0.65,0.6607502860237582,0.01075028602375816,0.0,0.0,0.0,0.0,0.0,0.0,0,False
2026-09-03T18:38:58.008166+00:00,KXBTC15M-26SEP031445-45,80969.94,361.99,81040.09,70.14999999999418,DOWN,0.65,0.6607502860237582,0.01075028602375816,0.0,0.0,0.0,0.0,0.0,0.0,0,False
2026-09-03T18:39:03.006873+00:00,KXBTC15M-26SEP031445-45,80969.94,356.99,81030.66,60.720000000001164,DOWN,0.65,0.6607502860237582,0.01075028602375816,0.0,0.0,0.0,0.0,0.0,0.0,0,False
2026-09-03T18:39:08.031140+00:00,KXBTC15M-26SEP031445-45,80969.94,351.97,81029.06,59.11999999999534,DOWN,0.65,0.6607502860237582,0.01075028602375816,0.0,0.0,0.0,0.0,0.0,0.0,0,False
2026-09-03T18:39:13.011294+00:00,KXBTC15M-26SEP031445-45,80969.94,346.99,81029.08,59.13999999999942,DOWN,0.65,0.6607502860237582,0.01075028602375816,0.0,0.0,0.0,0.0,0.0,0.0,0,False
2026-09-03T18:39:18.007785+00:00,KXBTC15M-26SEP031445-45,80969.94,341.99,81020.99,51.05000000000291,DOWN,0.65,0.6607502860237582,0.01075028602375816,0.0,0.0,0.0,0.0,0.0,0.0,0,False
2026-09-03T18:39:23.007202+00:00,KXBTC15M-26SEP031445-45,80969.94,336.99,81001.1,31.160000000003492,DOWN,0.65,0.6607502860237582,0.01075028602375816,0.0,0.0,0.0,0.0,0.0,0.0,0,False
2026-09-03T18:39:28.010706+00:00,KXBTC15M-26SEP031445-45,80969.94,331.99,81009.88,39.94000000000233,DOWN,0.65,0.6607502860237582,0.01075028602375816,0.0,0.0,0.0,0.0,0.0,0.0,0,False
2026-09-03T18:39:33.008754+00:00,KXBTC15M-26SEP031445-45,80969.94,326.99,81016.05,46.11000000000058,DOWN,0.65,0.6607502860237582,0.01075028602375816,0.0,0.0,0.0,0.0,0.0,0.0,0,False
2026-09-03T18:39:38.010874+00:00,KXBTC15M-26SEP031445-45,80969.94,321.99,81023.85,53.91000000000349,DOWN,0.65,0.6607502860237582,0.01075028602375816,0.0,0.0,0.0,0.0,0.0,0.0,0,False
2026-09-03T18:39:43.015485+00:00,KXBTC15M-26SEP031445-45,80969.94,316.98,81027.13,57.19000000000233,DOWN,0.65,0.6607502860237582,0.01075028602375816,0.0,0.0,0.0,0.0,0.0,0.0,0,False
2026-09-03T18:39:48.020103+00:00,KXBTC15M-26SEP031445-45,80969.94,311.98,81002.09,32.14999999999418,DOWN,0.65,0.6607502860237582,0.01075028602375816,0.0,0.0,0.0,0.0,0.0,0.0,0,False
2026-09-03T18:39:53.093527+00:00,KXBTC15M-26SEP031445-45,80969.94,306.91,81004.19,34.25,DOWN,0.65,0.6607502860237582,0.01075028602375816,0.0,0.0,0.0,0.0,0.0,0.0,0,False
2026-09-03T18:39:58.070060+00:00,KXBTC15M-26SEP031445-45,80969.94,301.93,81027.14,57.19999999999709,DOWN,0.65,0.6607502860237582,0.01075028602375816,0.0,0.0,0.0,0.0,0.0,0.0,0,False
2026-09-03T18:40:03.012433+00:00,KXBTC15M-26SEP031445-45,80969.94,296.99,81023.77,53.830000000001746,DOWN,0.65,0.6607502860237582,0.01075028602375816,0.0,0.0,0.0,0.0,0.0,0.0,0,False
2026-09-03T18:40:08.034168+00:00,KXBTC15M-26SEP031445-45,80969.94,291.97,81002.01,32.06999999999243,DOWN,0.65,0.6607502860237582,0.01075028602375816,0.0,0.0,0.0,0.0,0.0,0.0,0,False
2026-09-03T18:40:13.010329+00:00,KXBTC15M-26SEP031445-45,80969.94,286.99,80977.49,7.55000000000291,DOWN,0.65,0.6607502860237582,0.01075028602375816,0.0,0.0,0.0,0.0,0.0,0.0,0,False
2026-09-03T18:40:18.028196+00:00,KXBTC15M-26SEP031445-45,80969.94,281.97,80969.34,-0.6000000000058208,DOWN,0.65,0.6607502860237582,0.01075028602375816,0.0,0.0,0.0,0.0,0.0,0.0,0,False
2026-09-03T18:40:23.034514+00:00,KXBTC15M-26SEP031445-45,80969.94,276.97,80979.23,9.289999999993597,DOWN,0.65,0.6607502860237582,0.01075028602375816,0.0,0.0,0.0,0.0,0.0,0.0,0,False
2026-09-03T18:40:28.008535+00:00,KXBTC15M-26SEP031445-45,80969.94,271.99,81002.0,32.05999999999767,DOWN,0.65,0.6607502860237582,0.01075028602375816,0.0,0.0,0.0,0.0,0.0,0.0,0,False
2026-09-03T18:40:33.012547+00:00,KXBTC15M-26SEP031445-45,80969.94,266.99,81007.71,37.770000000004075,DOWN,0.65,0.6607502860237582,0.01075028602375816,0.0,0.0,0.0,0.0,0.0,0.0,0,False
2026-09-03T18:40:38.008351+00:00,KXBTC15M-26SEP031445-45,80969.94,261.99,81003.79,33.84999999999127,DOWN,0.65,0.6607502860237582,0.01075028602375816,0.0,0.0,0.0,0.0,0.0,0.0,0,False
2026-09-03T18:40:43.016621+00:00,KXBTC15M-26SEP031445-45,80969.94,256.98,80983.18,13.239999999990687,DOWN,0.65,0.6607502860237582,0.01075028602375816,0.0,0.0,0.0,0.0,0.0,0.0,0,False
2026-09-03T18:40:48.008829+00:00,KXBTC15M-26SEP031445-45,80969.94,251.99,80983.17,13.229999999995925,DOWN,0.65,0.6607502860237582,0.01075028602375816,0.0,0.0,0.0,0.0,0.0,0.0,0,False
2026-09-03T18:40:53.021512+00:00,KXBTC15M-26SEP031445-45,80969.94,246.98,80986.72,16.779999999998836,DOWN,0.65,0.6607502860237582,0.01075028602375816,0.0,0.0,0.0,0.0,0.0,0.0,0,False
2026-09-03T18:40:58.018995+00:00,KXBTC15M-26SEP031445-45,80969.94,241.98,81011.54,41.59999999999127,DOWN,0.65,0.6607502860237582,0.01075028602375816,0.0,0.0,0.0,0.0,0.0,0.0,0,False
2026-09-03T18:41:03.012813+00:00,KXBTC15M-26SEP031445-45,80969.94,236.99,81016.52,46.580000000001746,DOWN,0.65,0.6607502860237582,0.01075028602375816,0.0,0.0,0.0,0.0,0.0,0.0,0,False
2026-09-03T18:41:08.018911+00:00,KXBTC15M-26SEP031445-45,80969.94,231.98,81019.46,49.520000000004075,DOWN,0.65,0.6607502860237582,0.01075028602375816,0.0,0.0,0.0,0.0,0.0,0.0,0,False
2026-09-03T18:41:13.042705+00:00,KXBTC15M-26SEP031445-45,80969.94,226.96,81017.99,48.05000000000291,DOWN,0.65,0.6607502860237582,0.01075028602375816,0.0,0.0,0.0,0.0,0.0,0.0,0,False
2026-09-03T18:41:18.014380+00:00,KXBTC15M-26SEP031445-45,80969.94,221.99,81021.29,51.34999999999127,DOWN,0.65,0.6607502860237582,0.01075028602375816,0.0,0.0,0.0,0.0,0.0,0.0,0,False
2026-09-03T18:41:23.013521+00:00,KXBTC15M-26SEP031445-45,80969.94,216.99,81032.68,62.73999999999069,DOWN,0.65,0.6607502860237582,0.01075028602375816,0.0,0.0,0.0,0.0,0.0,0.0,0,False
2026-09-03T18:41:28.034262+00:00,KXBTC15M-26SEP031445-45,80969.94,211.97,81040.1,70.16000000000349,DOWN,0.65,0.6607502860237582,0.01075028602375816,0.0,0.0,0.0,0.0,0.0,0.0,0,False
2026-09-03T18:41:33.014755+00:00,KXBTC15M-26SEP031445-45,80969.94,206.99,81047.67,77.72999999999593,DOWN,0.65,0.6607502860237582,0.01075028602375816,0.0,0.0,0.0,0.0,0.0,0.0,0,False
2026-09-03T18:41:38.013637+00:00,KXBTC15M-26SEP031445-45,80969.94,201.99,81058.48,88.5399999999936,DOWN,0.65,0.6607502860237582,0.01075028602375816,0.0,0.0,0.0,0.0,0.0,0.0,0,False
2026-09-03T18:41:43.037492+00:00,KXBTC15M-26SEP031445-45,80969.94,196.96,81054.13,84.19000000000233,DOWN,0.65,0.6607502860237582,0.01075028602375816,0.0,0.0,0.0,0.0,0.0,0.0,0,False
2026-09-03T18:41:48.015071+00:00,KXBTC15M-26SEP031445-45,80969.94,191.98,81056.74,86.80000000000291,DOWN,0.65,0.6607502860237582,0.01075028602375816,0.0,0.0,0.0,0.0,0.0,0.0,0,False
2026-09-03T18:41:53.011421+00:00,KXBTC15M-26SEP031445-45,80969.94,186.99,81053.71,83.77000000000407,DOWN,0.65,0.6607502860237582,0.01075028602375816,0.0,0.0,0.0,0.0,0.0,0.0,0,False
2026-09-03T18:41:58.035494+00:00,KXBTC15M-26SEP031445-45,80969.94,181.96,81038.47,68.52999999999884,DOWN,0.65,0.6607502860237582,0.01075028602375816,0.0,0.0,0.0,0.0,0.0,0.0,0,False
2026-09-03T18:42:03.027334+00:00,KXBTC15M-26SEP031445-45,80969.94,176.97,81038.48,68.5399999999936,DOWN,0.65,0.6607502860237582,0.01075028602375816,0.0,0.0,0.0,0.0,0.0,0.0,0,False
2026-09-03T18:42:08.010751+00:00,KXBTC15M-26SEP031445-45,80969.94,171.99,81038.47,68.52999999999884,DOWN,0.65,0.6607502860237582,0.01075028602375816,0.0,0.0,0.0,0.0,0.0,0.0,0,False
2026-09-03T18:42:13.106300+00:00,KXBTC15M-26SEP031445-45,80969.94,166.89,81035.1,65.16000000000349,DOWN,0.65,0.6607502860237582,0.01075028602375816,0.0,0.0,0.0,0.0,0.0,0.0,0,False
2026-09-03T18:42:18.012361+00:00,KXBTC15M-26SEP031445-45,80969.94,161.99,81006.64,36.69999999999709,DOWN,0.65,0.6607502860237582,0.01075028602375816,0.0,0.0,0.0,0.0,0.0,0.0,0,False
2026-09-03T18:42:23.014777+00:00,KXBTC15M-26SEP031445-45,80969.94,156.99,80982.08,12.139999999999418,DOWN,0.65,0.6607502860237582,0.01075028602375816,0.0,0.0,0.0,0.0,0.0,0.0,0,False
2026-09-03T18:42:28.039547+00:00,KXBTC15M-26SEP031445-45,80969.94,151.96,80971.7,1.7599999999947613,DOWN,0.65,0.6607502860237582,0.01075028602375816,0.0,0.0,0.0,0.0,0.0,0.0,0,False
2026-09-03T18:42:33.017790+00:00,KXBTC15M-26SEP031445-45,80969.94,146.98,80978.46,8.520000000004075,DOWN,0.65,0.6607502860237582,0.01075028602375816,0.0,0.0,0.0,0.0,0.0,0.0,0,False
2026-09-03T18:42:38.032911+00:00,KXBTC15M-26SEP031445-45,80969.94,141.97,80979.95,10.009999999994761,DOWN,0.65,0.6607502860237582,0.01075028602375816,0.0,0.0,0.0,0.0,0.0,0.0,0,False
2026-09-03T18:42:43.043979+00:00,KXBTC15M-26SEP031445-45,80969.94,136.96,80982.36,12.419999999998254,DOWN,0.65,0.6607502860237582,0.01075028602375816,0.0,0.0,0.0,0.0,0.0,0.0,0,False
2026-09-03T18:42:48.015422+00:00,KXBTC15M-26SEP031445-45,80969.94,131.98,80993.18,23.239999999990687,DOWN,0.65,0.6607502860237582,0.01075028602375816,0.0,0.0,0.0,0.0,0.0,0.0,0,False
2026-09-03T18:42:53.045833+00:00,KXBTC15M-26SEP031445-45,80969.94,126.95,80999.93,29.989999999990687,DOWN,0.65,0.6607502860237582,0.01075028602375816,0.0,0.0,0.0,0.0,0.0,0.0,0,False
2026-09-03T18:42:58.041453+00:00,KXBTC15M-26SEP031445-45,80969.94,121.96,80979.54,9.599999999991269,DOWN,0.65,0.6607502860237582,0.01075028602375816,0.0,0.0,0.0,0.0,0.0,0.0,0,False
2026-09-03T18:43:03.013857+00:00,KXBTC15M-26SEP031445-45,80969.94,116.99,80991.15,21.20999999999185,DOWN,0.65,0.6607502860237582,0.01075028602375816,0.0,0.0,0.0,0.0,0.0,0.0,0,False
2026-09-03T18:43:08.036022+00:00,KXBTC15M-26SEP031445-45,80969.94,111.96,80991.71,21.770000000004075,DOWN,0.65,0.6607502860237582,0.01075028602375816,0.0,0.0,0.0,0.0,0.0,0.0,0,False
2026-09-03T18:43:13.055030+00:00,KXBTC15M-26SEP031445-45,80969.94,106.94,80987.01,17.069999999992433,DOWN,0.65,0.6607502860237582,0.01075028602375816,0.0,0.0,0.0,0.0,0.0,0.0,0,False
2026-09-03T18:43:18.068892+00:00,KXBTC15M-26SEP031445-45,80969.94,101.93,80954.99,-14.94999999999709,DOWN,0.65,0.6607502860237582,0.01075028602375816,0.0,0.0,0.0,0.0,0.0,0.0,0,False
2026-09-03T18:43:23.023213+00:00,KXBTC15M-26SEP031445-45,80969.94,96.98,80968.68,-1.2600000000093132,DOWN,0.65,0.6607502860237582,0.01075028602375816,0.0,0.0,0.0,0.0,0.0,0.0,0,False
2026-09-03T18:43:28.059711+00:00,KXBTC15M-26SEP031445-45,80969.94,91.94,80981.8,11.860000000000582,DOWN,0.65,0.6607502860237582,0.01075028602375816,0.0,0.0,0.0,0.0,0.0,0.0,0,False
2026-09-03T18:43:33.023491+00:00,KXBTC15M-26SEP031445-45,80969.94,86.98,80972.21,2.2700000000040745,DOWN,0.65,0.6607502860237582,0.01075028602375816,0.0,0.0,0.0,0.0,0.0,0.0,0,False
2026-09-03T18:43:38.021922+00:00,KXBTC15M-26SEP031445-45,80969.94,81.98,80975.43,5.489999999990687,DOWN,0.65,0.6607502860237582,0.01075028602375816,0.0,0.0,0.0,0.0,0.0,0.0,0,False
2026-09-03T18:43:43.044794+00:00,KXBTC15M-26SEP031445-45,80969.94,76.96,80977.41,7.470000000001164,DOWN,0.65,0.6607502860237582,0.01075028602375816,0.0,0.0,0.0,0.0,0.0,0.0,0,False
2026-09-03T18:43:48.022963+00:00,KXBTC15M-26SEP031445-45,80969.94,71.98,80999.94,30.0,DOWN,0.65,0.6607502860237582,0.01075028602375816,0.0,0.0,0.0,0.0,0.0,0.0,0,False
2026-09-03T18:43:53.035900+00:00,KXBTC15M-26SEP031445-45,80969.94,66.96,81001.97,32.029999999998836,DOWN,0.65,0.6607502860237582,0.01075028602375816,0.0,0.0,0.0,0.0,0.0,0.0,0,False
2026-09-03T18:43:58.054829+00:00,KXBTC15M-26SEP031445-45,80969.94,61.95,81001.65,31.70999999999185,DOWN,0.65,0.6607502860237582,0.01075028602375816,0.0,0.0,0.0,0.0,0.0,0.0,0,False
2026-09-03T18:44:03.056361+00:00,KXBTC15M-26SEP031445-45,80969.94,56.94,81005.0,35.05999999999767,DOWN,0.65,0.6607502860237582,0.01075028602375816,0.0,0.0,0.0,0.0,0.0,0.0,0,False
2026-09-03T18:44:08.063654+00:00,KXBTC15M-26SEP031445-45,80969.94,51.94,81002.22,32.279999999998836,DOWN,0.65,0.6607502860237582,0.01075028602375816,0.0,0.0,0.0,0.0,0.0,0.0,0,False
2026-09-03T18:44:13.045906+00:00,KXBTC15M-26SEP031445-45,80969.94,46.95,81002.28,32.33999999999651,DOWN,0.65,0.6607502860237582,0.01075028602375816,0.0,0.0,0.0,0.0,0.0,0.0,0,False
2026-09-03T18:44:18.024516+00:00,KXBTC15M-26SEP031445-45,80969.94,41.98,81002.34,32.39999999999418,DOWN,0.65,0.6607502860237582,0.01075028602375816,0.0,0.0,0.0,0.0,0.0,0.0,0,False
2026-09-03T18:44:23.041761+00:00,KXBTC15M-26SEP031445-45,80969.94,36.96,80994.54,24.59999999999127,DOWN,0.65,0.6607502860237582,0.01075028602375816,0.0,0.0,0.0,0.0,0.0,0.0,0,False
2026-09-03T18:44:28.056664+00:00,KXBTC15M-26SEP031445-45,80969.94,31.94,80992.05,22.110000000000582,DOWN,0.65,0.6607502860237582,0.01075028602375816,0.0,0.0,0.0,0.0,0.0,0.0,0,False
2026-09-03T18:44:33.025644+00:00,KXBTC15M-26SEP031445-45,80969.94,26.97,80990.22,20.279999999998836,DOWN,0.65,0.6607502860237582,0.01075028602375816,0.0,0.0,0.0,0.0,0.0,0.0,0,False
2026-09-03T18:44:38.059924+00:00,KXBTC15M-26SEP031445-45,80969.94,21.94,80988.78,18.839999999996508,DOWN,0.65,0.6607502860237582,0.01075028602375816,0.0,0.0,0.0,0.0,0.0,0.0,0,False
2026-09-03T18:44:43.046338+00:00,KXBTC15M-26SEP031445-45,80969.94,16.95,80984.09,14.14999999999418,DOWN,0.65,0.6607502860237582,0.01075028602375816,0.0,0.0,0.0,0.0,0.0,0.0,0,False
2026-09-03T18:44:48.025322+00:00,KXBTC15M-26SEP031445-45,80969.94,11.97,80990.52,20.580000000001746,DOWN,0.65,0.6607502860237582,0.01075028602375816,0.0,0.0,0.0,0.0,0.0,0.0,0,False
2026-09-03T18:44:53.021846+00:00,KXBTC15M-26SEP031445-45,80969.94,6.98,80989.52,19.580000000001746,DOWN,0.65,0.6607502860237582,0.01075028602375816,0.0,0.0,0.0,0.0,0.0,0.0,0,False
2026-09-03T18:44:58.047979+00:00,KXBTC15M-26SEP031445-45,80969.94,1.95,80994.09,24.14999999999418,DOWN,0.65,0.6607502860237582,0.01075028602375816,0.0,0.0,0.0,0.0,0.0,0.0,0,False
2026-09-03T18:45:13.149429+00:00,KXBTC15M-26SEP031500-00,80988.34,886.85,80982.9,-5.440000000002328,DOWN,0.65,0.6607502860237582,0.01075028602375816,0.0,0.0,0.0,0.0,0.0,0.0,0,False
2026-09-03T18:45:18.135842+00:00,KXBTC15M-26SEP031500-00,80988.34,881.86,80989.52,1.180000000007567,DOWN,0.65,0.6607502860237582,0.01075028602375816,0.0,0.0,0.0,0.0,0.0,0.0,0,False
2026-09-03T18:45:23.131134+00:00,KXBTC15M-26SEP031500-00,80988.34,876.87,80970.4,-17.94000000000233,DOWN,0.65,0.6607502860237582,0.01075028602375816,0.0,0.0,0.0,0.0,0.0,0.0,0,False
2026-09-03T18:45:28.153301+00:00,KXBTC15M-26SEP031500-00,80988.34,871.85,80970.92,-17.419999999998254,DOWN,0.65,0.6607502860237582,0.01075028602375816,0.0,0.0,0.0,0.0,0.0,0.0,0,False
2026-09-03T18:45:33.131297+00:00,KXBTC15M-26SEP031500-00,80988.34,866.87,80975.32,-13.019999999989523,DOWN,0.65,0.6607502860237582,0.01075028602375816,0.0,0.0,0.0,0.0,0.0,0.0,0,False
2026-09-03T18:45:38.127220+00:00,KXBTC15M-26SEP031500-00,80988.34,861.87,80983.57,-4.769999999989523,DOWN,0.65,0.6607502860237582,0.01075028602375816,0.0,0.0,0.0,0.0,0.0,0.0,0,False
2026-09-03T18:45:43.160372+00:00,KXBTC15M-26SEP031500-00,80988.34,856.84,80981.22,-7.119999999995343,DOWN,0.65,0.6607502860237582,0.01075028602375816,0.0,0.0,0.0,0.0,0.0,0.0,0,False
2026-09-03T18:45:48.127241+00:00,KXBTC15M-26SEP031500-00,80988.34,851.87,80990.98,2.639999999999418,DOWN,0.65,0.6607502860237582,0.01075028602375816,0.0,0.0,0.0,0.0,0.0,0.0,0,False
2026-09-03T18:45:53.127035+00:00,KXBTC15M-26SEP031500-00,80988.34,846.87,80994.73,6.389999999999418,DOWN,0.65,0.6607502860237582,0.01075028602375816,0.0,0.0,0.0,0.0,0.0,0.0,0,False
2026-09-03T18:45:58.171780+00:00,KXBTC15M-26SEP031500-00,80988.34,841.83,81019.97,31.630000000004657,DOWN,0.65,0.6607502860237582,0.01075028602375816,0.0,0.0,0.0,0.0,0.0,0.0,0,False
2026-09-03T18:46:03.132730+00:00,KXBTC15M-26SEP031500-00,80988.34,836.87,81017.39,29.05000000000291,DOWN,0.65,0.6607502860237582,0.01075028602375816,0.0,0.0,0.0,0.0,0.0,0.0,0,False
2026-09-03T18:46:08.129206+00:00,KXBTC15M-26SEP031500-00,80988.34,831.87,81019.01,30.669999999998254,DOWN,0.65,0.6607502860237582,0.01075028602375816,0.0,0.0,0.0,0.0,0.0,0.0,0,False
2026-09-03T18:46:13.155497+00:00,KXBTC15M-26SEP031500-00,80988.34,826.84,81019.02,30.680000000007567,DOWN,0.65,0.6607502860237582,0.01075028602375816,0.0,0.0,0.0,0.0,0.0,0.0,0,False
2026-09-03T18:46:18.161861+00:00,KXBTC15M-26SEP031500-00,80988.34,821.84,81019.01,30.669999999998254,DOWN,0.65,0.6607502860237582,0.01075028602375816,0.0,0.0,0.0,0.0,0.0,0.0,0,False
2026-09-03T18:46:23.127040+00:00,KXBTC15M-26SEP031500-00,80988.34,816.87,81021.42,33.080000000001746,DOWN,0.65,0.6607502860237582,0.01075028602375816,0.0,0.0,0.0,0.0,0.0,0.0,0,False
2026-09-03T18:46:28.158625+00:00,KXBTC15M-26SEP031500-00,80988.34,811.84,81031.09,42.75,DOWN,0.65,0.6607502860237582,0.01075028602375816,0.0,0.0,0.0,0.0,0.0,0.0,0,False
2026-09-03T18:46:33.128327+00:00,KXBTC15M-26SEP031500-00,80988.34,806.87,81036.39,48.05000000000291,DOWN,0.65,0.6607502860237582,0.01075028602375816,0.0,0.0,0.0,0.0,0.0,0.0,0,False
2026-09-03T18:46:38.128665+00:00,KXBTC15M-26SEP031500-00,80988.34,801.87,81033.8,45.4600000000064,DOWN,0.65,0.6607502860237582,0.01075028602375816,0.0,0.0,0.0,0.0,0.0,0.0,0,False
2026-09-03T18:46:43.153863+00:00,KXBTC15M-26SEP031500-00,80988.34,796.85,81030.84,42.5,DOWN,0.65,0.6607502860237582,0.01075028602375816,0.0,0.0,0.0,0.0,0.0,0.0,0,False
2026-09-03T18:46:48.129937+00:00,KXBTC15M-26SEP031500-00,80988.34,791.87,81035.88,47.54000000000815,DOWN,0.65,0.6607502860237582,0.01075028602375816,0.0,0.0,0.0,0.0,0.0,0.0,0,False
2026-09-03T18:46:53.128401+00:00,KXBTC15M-26SEP031500-00,80988.34,786.87,81035.67,47.330000000001746,DOWN,0.65,0.6607502860237582,0.01075028602375816,0.0,0.0,0.0,0.0,0.0,0.0,0,False
2026-09-03T18:46:58.158494+00:00,KXBTC15M-26SEP031500-00,80988.34,781.84,81035.66,47.320000000006985,DOWN,0.65,0.6607502860237582,0.01075028602375816,0.0,0.0,0.0,0.0,0.0,0.0,0,False
2026-09-03T18:47:03.130465+00:00,KXBTC15M-26SEP031500-00,80988.34,776.87,81035.67,47.330000000001746,DOWN,0.65,0.6607502860237582,0.01075028602375816,0.0,0.0,0.0,0.0,0.0,0.0,0,False
2026-09-03T18:47:08.130523+00:00,KXBTC15M-26SEP031500-00,80988.34,771.87,81035.67,47.330000000001746,DOWN,0.65,0.6607502860237582,0.01075028602375816,0.0,0.0,0.0,0.0,0.0,0.0,0,False
2026-09-03T18:47:13.155258+00:00,KXBTC15M-26SEP031500-00,80988.34,766.84,81033.42,45.080000000001746,DOWN,0.65,0.6607502860237582,0.01075028602375816,0.0,0.0,0.0,0.0,0.0,0.0,0,False
2026-09-03T18:47:18.132728+00:00,KXBTC15M-26SEP031500-00,80988.34,761.87,81033.38,45.04000000000815,DOWN,0.65,0.6607502860237582,0.01075028602375816,0.0,0.0,0.0,0.0,0.0,0.0,0,False
2026-09-03T18:47:23.154166+00:00,KXBTC15M-26SEP031500-00,80988.34,756.85,81020.0,31.660000000003492,DOWN,0.65,0.6607502860237582,0.01075028602375816,0.0,0.0,0.0,0.0,0.0,0.0,0,False
2026-09-03T18:47:28.157564+00:00,KXBTC15M-26SEP031500-00,80988.34,751.84,81033.31,44.970000000001164,DOWN,0.65,0.6607502860237582,0.01075028602375816,0.0,0.0,0.0,0.0,0.0,0.0,0,False
2026-09-03T18:47:33.131701+00:00,KXBTC15M-26SEP031500-00,80988.34,746.87,81033.31,44.970000000001164,DOWN,0.65,0.6607502860237582,0.01075028602375816,0.0,0.0,0.0,0.0,0.0,0.0,0,False
2026-09-03T18:47:38.132166+00:00,KXBTC15M-26SEP031500-00,80988.34,741.87,81041.3,52.9600000000064,DOWN,0.65,0.6607502860237582,0.01075028602375816,0.0,0.0,0.0,0.0,0.0,0.0,0,False
2026-09-03T18:47:43.153645+00:00,KXBTC15M-26SEP031500-00,80988.34,736.85,81029.03,40.69000000000233,DOWN,0.65,0.6607502860237582,0.01075028602375816,0.0,0.0,0.0,0.0,0.0,0.0,0,False
2026-09-03T18:47:48.133799+00:00,KXBTC15M-26SEP031500-00,80988.34,731.87,81002.77,14.430000000007567,DOWN,0.65,0.6607502860237582,0.01075028602375816,0.0,0.0,0.0,0.0,0.0,0.0,0,False
2026-09-03T18:47:53.131249+00:00,KXBTC15M-26SEP031500-00,80988.34,726.87,81012.1,23.760000000009313,DOWN,0.65,0.6607502860237582,0.01075028602375816,0.0,0.0,0.0,0.0,0.0,0.0,0,False
2026-09-03T18:47:58.163975+00:00,KXBTC15M-26SEP031500-00,80988.34,721.84,81019.14,30.80000000000291,DOWN,0.65,0.6607502860237582,0.01075028602375816,0.0,0.0,0.0,0.0,0.0,0.0,0,False
2026-09-03T18:48:03.139200+00:00,KXBTC15M-26SEP031500-00,80988.34,716.86,81009.77,21.430000000007567,DOWN,0.65,0.6607502860237582,0.01075028602375816,0.0,0.0,0.0,0.0,0.0,0.0,0,False
2026-09-03T18:48:08.179799+00:00,KXBTC15M-26SEP031500-00,80988.34,711.82,81026.02,37.68000000000757,DOWN,0.65,0.6607502860237582,0.01075028602375816,0.0,0.0,0.0,0.0,0.0,0.0,0,False
2026-09-03T18:48:13.153020+00:00,KXBTC15M-26SEP031500-00,80988.34,706.85,81024.41,36.070000000006985,DOWN,0.65,0.6607502860237582,0.01075028602375816,0.0,0.0,0.0,0.0,0.0,0.0,0,False
2026-09-03T18:48:18.159187+00:00,KXBTC15M-26SEP031500-00,80988.34,701.84,81020.75,32.41000000000349,DOWN,0.65,0.6607502860237582,0.01075028602375816,0.0,0.0,0.0,0.0,0.0,0.0,0,False
2026-09-03T18:48:23.152046+00:00,KXBTC15M-26SEP031500-00,80988.34,696.85,81015.0,26.660000000003492,DOWN,0.65,0.6607502860237582,0.01075028602375816,0.0,0.0,0.0,0.0,0.0,0.0,0,False
2026-09-03T18:48:28.170477+00:00,KXBTC15M-26SEP031500-00,80988.34,691.83,81009.85,21.510000000009313,DOWN,0.65,0.6607502860237582,0.01075028602375816,0.0,0.0,0.0,0.0,0.0,0.0,0,False
2026-09-03T18:48:33.143494+00:00,KXBTC15M-26SEP031500-00,80988.34,686.86,81009.85,21.510000000009313,DOWN,0.65,0.6607502860237582,0.01075028602375816,0.0,0.0,0.0,0.0,0.0,0.0,0,False
2026-09-03T18:48:38.133858+00:00,KXBTC15M-26SEP031500-00,80988.34,681.87,81009.91,21.570000000006985,DOWN,0.65,0.6607502860237582,0.01075028602375816,0.0,0.0,0.0,0.0,0.0,0.0,0,False
2026-09-03T18:48:43.156844+00:00,KXBTC15M-26SEP031500-00,80988.34,676.84,81014.16,25.820000000006985,DOWN,0.65,0.6607502860237582,0.01075028602375816,0.0,0.0,0.0,0.0,0.0,0.0,0,False
2026-09-03T18:48:48.135123+00:00,KXBTC15M-26SEP031500-00,80988.34,671.86,81022.44,34.10000000000582,DOWN,0.65,0.6607502860237582,0.01075028602375816,0.0,0.0,0.0,0.0,0.0,0.0,0,False
2026-09-03T18:48:53.140953+00:00,KXBTC15M-26SEP031500-00,80988.34,666.86,81012.82,24.480000000010477,DOWN,0.65,0.6607502860237582,0.01075028602375816,0.0,0.0,0.0,0.0,0.0,0.0,0,False
2026-09-03T18:48:58.158612+00:00,KXBTC15M-26SEP031500-00,80988.34,661.84,81014.56,26.220000000001164,DOWN,0.65,0.6607502860237582,0.01075028602375816,0.0,0.0,0.0,0.0,0.0,0.0,0,False
2026-09-03T18:49:03.138372+00:00,KXBTC15M-26SEP031500-00,80988.34,656.86,81014.59,26.25,DOWN,0.65,0.6607502860237582,0.01075028602375816,0.0,0.0,0.0,0.0,0.0,0.0,0,False
2026-09-03T18:49:08.139745+00:00,KXBTC15M-26SEP031500-00,80988.34,651.86,81019.31,30.970000000001164,DOWN,0.65,0.6607502860237582,0.01075028602375816,0.0,0.0,0.0,0.0,0.0,0.0,0,False
2026-09-03T18:49:13.155594+00:00,KXBTC15M-26SEP031500-00,80988.34,646.84,81025.96,37.620000000009895,DOWN,0.65,0.6607502860237582,0.01075028602375816,0.0,0.0,0.0,0.0,0.0,0.0,0,False
2026-09-03T18:49:18.134118+00:00,KXBTC15M-26SEP031500-00,80988.34,641.87,81025.96,37.620000000009895,DOWN,0.65,0.6607502860237582,0.01075028602375816,0.0,0.0,0.0,0.0,0.0,0.0,0,False
2026-09-03T18:49:23.133014+00:00,KXBTC15M-26SEP031500-00,80988.34,636.87,81033.32,44.98000000001048,DOWN,0.65,0.6607502860237582,0.01075028602375816,0.0,0.0,0.0,0.0,0.0,0.0,0,False
2026-09-03T18:49:28.138370+00:00,KXBTC15M-26SEP031500-00,80988.34,631.86,81035.71,47.370000000009895,DOWN,0.65,0.6607502860237582,0.01075028602375816,0.0,0.0,0.0,0.0,0.0,0.0,0,False
2026-09-03T18:49:33.142123+00:00,KXBTC15M-26SEP031500-00,80988.34,626.86,81038.98,50.63999999999942,DOWN,0.65,0.6607502860237582,0.01075028602375816,0.0,0.0,0.0,0.0,0.0,0.0,0,False
2026-09-03T18:49:38.136732+00:00,KXBTC15M-26SEP031500-00,80988.34,621.86,81039.59,51.25,DOWN,0.65,0.6607502860237582,0.01075028602375816,0.0,0.0,0.0,0.0,0.0,0.0,0,False
2026-09-03T18:49:43.159963+00:00,KXBTC15M-26SEP031500-00,80988.34,616.84,81044.97,56.63000000000466,DOWN,0.65,0.6607502860237582,0.01075028602375816,0.0,0.0,0.0,0.0,0.0,0.0,0,False
2026-09-03T18:49:48.136993+00:00,KXBTC15M-26SEP031500-00,80988.34,611.86,81049.48,61.13999999999942,DOWN,0.65,0.6607502860237582,0.01075028602375816,0.0,0.0,0.0,0.0,0.0,0.0,0,False
2026-09-03T18:49:53.136277+00:00,KXBTC15M-26SEP031500-00,80988.34,606.86,81051.75,63.41000000000349,DOWN,0.65,0.6607502860237582,0.01075028602375816,0.0,0.0,0.0,0.0,0.0,0.0,0,False
2026-09-03T18:49:58.159502+00:00,KXBTC15M-26SEP031500-00,80988.34,601.84,81055.84,67.5,DOWN,0.65,0.6607502860237582,0.01075028602375816,0.0,0.0,0.0,0.0,0.0,0.0,0,False
2026-09-03T18:50:03.137515+00:00,KXBTC15M-26SEP031500-00,80988.34,596.86,81049.09,60.75,DOWN,0.65,0.6607502860237582,0.01075028602375816,0.0,0.0,0.0,0.0,0.0,0.0,0,False
2026-09-03T18:50:08.137976+00:00,KXBTC15M-26SEP031500-00,80988.34,591.86,81051.72,63.38000000000466,DOWN,0.65,0.6607502860237582,0.01075028602375816,0.0,0.0,0.0,0.0,0.0,0.0,0,False
2026-09-03T18:50:13.164056+00:00,KXBTC15M-26SEP031500-00,80988.34,586.84,81054.89,66.55000000000291,DOWN,0.65,0.6607502860237582,0.01075028602375816,0.0,0.0,0.0,0.0,0.0,0.0,0,False
2026-09-03T18:50:18.139383+00:00,KXBTC15M-26SEP031500-00,80988.34,581.86,81057.71,69.3700000000099,DOWN,0.65,0.6607502860237582,0.01075028602375816,0.0,0.0,0.0,0.0,0.0,0.0,0,False
2026-09-03T18:50:23.137180+00:00,KXBTC15M-26SEP031500-00,80988.34,576.86,81049.08,60.74000000000524,DOWN,0.65,0.6607502860237582,0.01075028602375816,0.0,0.0,0.0,0.0,0.0,0.0,0,False
2026-09-03T18:50:28.160531+00:00,KXBTC15M-26SEP031500-00,80988.34,571.84,81050.73,62.38999999999942,DOWN,0.65,0.6607502860237582,0.01075028602375816,0.0,0.0,0.0,0.0,0.0,0.0,0,False
2026-09-03T18:50:33.141977+00:00,KXBTC15M-26SEP031500-00,80988.34,566.86,81050.78,62.44000000000233,DOWN,0.65,0.6607502860237582,0.01075028602375816,0.0,0.0,0.0,0.0,0.0,0.0,0,False
2026-09-03T18:50:38.199983+00:00,KXBTC15M-26SEP031500-00,80988.34,561.8,81054.05,65.7100000000064,DOWN,0.65,0.6607502860237582,0.01075028602375816,0.0,0.0,0.0,0.0,0.0,0.0,0,False
2026-09-03T18:50:43.162525+00:00,KXBTC15M-26SEP031500-00,80988.34,556.84,81046.31,57.970000000001164,DOWN,0.65,0.6607502860237582,0.01075028602375816,0.0,0.0,0.0,0.0,0.0,0.0,0,False
2026-09-03T18:50:48.137722+00:00,KXBTC15M-26SEP031500-00,80988.34,551.86,81051.99,63.65000000000873,DOWN,0.65,0.6607502860237582,0.01075028602375816,0.0,0.0,0.0,0.0,0.0,0.0,0,False
2026-09-03T18:50:53.138141+00:00,KXBTC15M-26SEP031500-00,80988.34,546.86,81051.99,63.65000000000873,DOWN,0.65,0.6607502860237582,0.01075028602375816,0.0,0.0,0.0,0.0,0.0,0.0,0,False
2026-09-03T18:50:58.160099+00:00,KXBTC15M-26SEP031500-00,80988.34,541.84,81065.21,76.8700000000099,DOWN,0.65,0.6607502860237582,0.01075028602375816,0.0,0.0,0.0,0.0,0.0,0.0,0,False
2026-09-03T18:51:03.139079+00:00,KXBTC15M-26SEP031500-00,80988.34,536.86,81067.72,79.38000000000466,DOWN,0.65,0.6607502860237582,0.01075028602375816,0.0,0.0,0.0,0.0,0.0,0.0,0,False
2026-09-03T18:51:08.136234+00:00,KXBTC15M-26SEP031500-00,80988.34,531.86,81065.21,76.8700000000099,DOWN,0.65,0.6607502860237582,0.01075028602375816,0.0,0.0,0.0,0.0,0.0,0.0,0,False
2026-09-03T18:51:13.165857+00:00,KXBTC15M-26SEP031500-00,80988.34,526.83,81064.27,75.93000000000757,DOWN,0.65,0.6607502860237582,0.01075028602375816,0.0,0.0,0.0,0.0,0.0,0.0,0,False
2026-09-03T18:51:18.178734+00:00,KXBTC15M-26SEP031500-00,80988.34,521.82,81063.59,75.25,DOWN,0.65,0.6607502860237582,0.01075028602375816,0.0,0.0,0.0,0.0,0.0,0.0,0,False
2026-09-03T18:51:23.137490+00:00,KXBTC15M-26SEP031500-00,80988.34,516.86,81067.7,79.36000000000058,DOWN,0.65,0.6607502860237582,0.01075028602375816,0.0,0.0,0.0,0.0,0.0,0.0,0,False
2026-09-03T18:51:28.160284+00:00,KXBTC15M-26SEP031500-00,80988.34,511.84,81069.03,80.69000000000233,DOWN,0.65,0.6607502860237582,0.01075028602375816,0.0,0.0,0.0,0.0,0.0,0.0,0,False
2026-09-03T18:51:33.138410+00:00,KXBTC15M-26SEP031500-00,80988.34,506.86,81072.69,84.35000000000582,DOWN,0.65,0.6607502860237582,0.01075028602375816,0.0,0.0,0.0,0.0,0.0,0.0,0,False
2026-09-03T18:51:38.135469+00:00,KXBTC15M-26SEP031500-00,80988.34,501.86,81078.41,90.07000000000698,DOWN,0.65,0.6607502860237582,0.01075028602375816,0.0,0.0,0.0,0.0,0.0,0.0,0,False
2026-09-03T18:51:43.165504+00:00,KXBTC15M-26SEP031500-00,80988.34,496.83,81084.0,95.66000000000349,DOWN,0.65,0.6607502860237582,0.01075028602375816,0.0,0.0,0.0,0.0,0.0,0.0,0,False
2026-09-03T18:51:48.136120+00:00,KXBTC15M-26SEP031500-00,80988.34,491.86,81071.74,83.40000000000873,DOWN,0.65,0.6607502860237582,0.01075028602375816,0.0,0.0,0.0,0.0,0.0,0.0,0,False
2026-09-03T18:51:53.140793+00:00,KXBTC15M-26SEP031500-00,80988.34,486.86,81073.07,84.73000000001048,DOWN,0.65,0.6607502860237582,0.01075028602375816,0.0,0.0,0.0,0.0,0.0,0.0,0,False
2026-09-03T18:51:58.165272+00:00,KXBTC15M-26SEP031500-00,80988.34,481.83,81076.86,88.52000000000407,DOWN,0.65,0.6607502860237582,0.01075028602375816,0.0,0.0,0.0,0.0,0.0,0.0,0,False
2026-09-03T18:52:03.214485+00:00,KXBTC15M-26SEP031500-00,80988.34,476.79,81089.98,101.63999999999942,DOWN,0.65,0.6607502860237582,0.01075028602375816,0.0,0.0,0.0,0.0,0.0,0.0,0,False
2026-09-03T18:52:08.143177+00:00,KXBTC15M-26SEP031500-00,80988.34,471.86,81117.02,128.68000000000757,DOWN,0.65,0.6607502860237582,0.01075028602375816,0.0,0.0,0.0,0.0,0.0,0.0,0,False
2026-09-03T18:52:13.216246+00:00,KXBTC15M-26SEP031500-00,80988.34,466.78,81112.08,123.74000000000524,DOWN,0.65,0.6607502860237582,0.01075028602375816,0.0,0.0,0.0,0.0,0.0,0.0,0,False
2026-09-03T18:52:18.155984+00:00,KXBTC15M-26SEP031500-00,80988.34,461.84,81115.92,127.58000000000175,DOWN,0.65,0.6607502860237582,0.01075028602375816,0.0,0.0,0.0,0.0,0.0,0.0,0,False
2026-09-03T18:52:23.138970+00:00,KXBTC15M-26SEP031500-00,80988.34,456.86,81120.99,132.65000000000873,DOWN,0.65,0.6607502860237582,0.01075028602375816,0.0,0.0,0.0,0.0,0.0,0.0,0,False
2026-09-03T18:52:28.161513+00:00,KXBTC15M-26SEP031500-00,80988.34,451.84,81121.0,132.6600000000035,DOWN,0.65,0.6607502860237582,0.01075028602375816,0.0,0.0,0.0,0.0,0.0,0.0,0,False
2026-09-03T18:52:33.135561+00:00,KXBTC15M-26SEP031500-00,80988.34,446.86,81127.27,138.93000000000757,DOWN,0.65,0.6607502860237582,0.01075028602375816,0.0,0.0,0.0,0.0,0.0,0.0,0,False
2026-09-03T18:52:38.209399+00:00,KXBTC15M-26SEP031500-00,80988.34,441.79,81129.79,141.4499999999971,DOWN,0.65,0.6607502860237582,0.01075028602375816,0.0,0.0,0.0,0.0,0.0,0.0,0,False
2026-09-03T18:52:43.168495+00:00,KXBTC15M-26SEP031500-00,80988.34,436.83,81129.83,141.49000000000524,DOWN,0.65,0.6607502860237582,0.01075028602375816,0.0,0.0,0.0,0.0,0.0,0.0,0,False
2026-09-03T18:52:48.138699+00:00,KXBTC15M-26SEP031500-00,80988.34,431.86,81132.74,144.40000000000873,DOWN,0.65,0.6607502860237582,0.01075028602375816,0.0,0.0,0.0,0.0,0.0,0.0,0,False
2026-09-03T18:52:53.138230+00:00,KXBTC15M-26SEP031500-00,80988.34,426.86,81130.17,141.83000000000175,DOWN,0.65,0.6607502860237582,0.01075028602375816,0.0,0.0,0.0,0.0,0.0,0.0,0,False
2026-09-03T18:52:58.167734+00:00,KXBTC15M-26SEP031500-00,80988.34,421.83,81133.48,145.13999999999942,DOWN,0.65,0.6607502860237582,0.01075028602375816,0.0,0.0,0.0,0.0,0.0,0.0,0,False
2026-09-03T18:53:03.139262+00:00,KXBTC15M-26SEP031500-00,80988.34,416.86,81128.43,140.0899999999965,DOWN,0.65,0.6607502860237582,0.01075028602375816,0.0,0.0,0.0,0.0,0.0,0.0,0,False
2026-09-03T18:53:08.168751+00:00,KXBTC15M-26SEP031500-00,80988.34,411.83,81124.1,135.7600000000093,DOWN,0.65,0.6607502860237582,0.01075028602375816,0.0,0.0,0.0,0.0,0.0,0.0,0,False
2026-09-03T18:53:13.381876+00:00,KXBTC15M-26SEP031500-00,80988.34,406.62,81125.07,136.73000000001048,DOWN,0.65,0.6607502860237582,0.01075028602375816,0.0,0.0,0.0,0.0,0.0,0.0,0,False
2026-09-03T18:53:18.142417+00:00,KXBTC15M-26SEP031500-00,80988.34,401.86,81124.59,136.25,DOWN,0.65,0.6607502860237582,0.01075028602375816,0.0,0.0,0.0,0.0,0.0,0.0,0,False
2026-09-03T18:53:23.152232+00:00,KXBTC15M-26SEP031500-00,80988.34,396.85,81125.55,137.2100000000064,DOWN,0.65,0.6607502860237582,0.01075028602375816,0.0,0.0,0.0,0.0,0.0,0.0,0,False
2026-09-03T18:53:28.167014+00:00,KXBTC15M-26SEP031500-00,80988.34,391.83,81159.84,171.5,DOWN,0.65,0.6607502860237582,0.01075028602375816,0.0,0.0,0.0,0.0,0.0,0.0,0,False
2026-09-03T18:53:33.142385+00:00,KXBTC15M-26SEP031500-00,80988.34,386.86,81164.45,176.11000000000058,DOWN,0.65,0.6607502860237582,0.01075028602375816,0.0,0.0,0.0,0.0,0.0,0.0,0,False
2026-09-03T18:53:38.147308+00:00,KXBTC15M-26SEP031500-00,80988.34,381.85,81172.69,184.35000000000582,DOWN,0.65,0.6607502860237582,0.01075028602375816,0.0,0.0,0.0,0.0,0.0,0.0,0,False
2026-09-03T18:53:43.174701+00:00,KXBTC15M-26SEP031500-00,80988.34,376.83,81176.69,188.35000000000582,DOWN,0.65,0.6607502860237582,0.01075028602375816,0.0,0.0,0.0,0.0,0.0,0.0,0,False
2026-09-03T18:53:48.156567+00:00,KXBTC15M-26SEP031500-00,80988.34,371.84,81176.84,188.5,DOWN,0.65,0.6607502860237582,0.01075028602375816,0.0,0.0,0.0,0.0,0.0,0.0,0,False
2026-09-03T18:53:53.140927+00:00,KXBTC15M-26SEP031500-00,80988.34,366.86,81177.07,188.73000000001048,DOWN,0.65,0.6607502860237582,0.01075028602375816,0.0,0.0,0.0,0.0,0.0,0.0,0,False
2026-09-03T18:53:58.223473+00:00,KXBTC15M-26SEP031500-00,80988.34,361.78,81186.95,198.61000000000058,DOWN,0.65,0.6607502860237582,0.01075028602375816,0.0,0.0,0.0,0.0,0.0,0.0,0,False
2026-09-03T18:54:03.143025+00:00,KXBTC15M-26SEP031500-00,80988.34,356.86,81197.99,209.65000000000873,DOWN,0.65,0.6607502860237582,0.01075028602375816,0.0,0.0,0.0,0.0,0.0,0.0,0,False
2026-09-03T18:54:08.141818+00:00,KXBTC15M-26SEP031500-00,80988.34,351.86,81197.69,209.35000000000582,DOWN,0.65,0.6607502860237582,0.01075028602375816,0.0,0.0,0.0,0.0,0.0,0.0,0,False
2026-09-03T18:54:13.167194+00:00,KXBTC15M-26SEP031500-00,80988.34,346.83,81190.31,201.97000000000116,DOWN,0.65,0.6607502860237582,0.01075028602375816,0.0,0.0,0.0,0.0,0.0,0.0,0,False
2026-09-03T18:54:18.142173+00:00,KXBTC15M-26SEP031500-00,80988.34,341.86,81178.05,189.7100000000064,DOWN,0.65,0.6607502860237582,0.01075028602375816,0.0,0.0,0.0,0.0,0.0,0.0,0,False
2026-09-03T18:54:23.148347+00:00,KXBTC15M-26SEP031500-00,80988.34,336.85,81178.29,189.9499999999971,DOWN,0.65,0.6607502860237582,0.01075028602375816,0.0,0.0,0.0,0.0,0.0,0.0,0,False
2026-09-03T18:54:28.173048+00:00,KXBTC15M-26SEP031500-00,80988.34,331.83,81173.7,185.36000000000058,DOWN,0.65,0.6607502860237582,0.01075028602375816,0.0,0.0,0.0,0.0,0.0,0.0,0,False
2026-09-03T18:54:33.144291+00:00,KXBTC15M-26SEP031500-00,80988.34,326.86,81171.0,182.6600000000035,DOWN,0.65,0.6607502860237582,0.01075028602375816,0.0,0.0,0.0,0.0,0.0,0.0,0,False
2026-09-03T18:54:38.145249+00:00,KXBTC15M-26SEP031500-00,80988.34,321.85,81177.19,188.85000000000582,DOWN,0.65,0.6607502860237582,0.01075028602375816,0.0,0.0,0.0,0.0,0.0,0.0,0,False
2026-09-03T18:54:43.162878+00:00,KXBTC15M-26SEP031500-00,80988.34,316.84,81177.18,188.8399999999965,DOWN,0.65,0.6607502860237582,0.01075028602375816,0.0,0.0,0.0,0.0,0.0,0.0,0,False
2026-09-03T18:54:48.140984+00:00,KXBTC15M-26SEP031500-00,80988.34,311.86,81177.18,188.8399999999965,DOWN,0.65,0.6607502860237582,0.01075028602375816,0.0,0.0,0.0,0.0,0.0,0.0,0,False
2026-09-03T18:54:53.149153+00:00,KXBTC15M-26SEP031500-00,80988.34,306.85,81175.55,187.2100000000064,DOWN,0.65,0.6607502860237582,0.01075028602375816,0.0,0.0,0.0,0.0,0.0,0.0,0,False
2026-09-03T18:54:58.179955+00:00,KXBTC15M-26SEP031500-00,80988.34,301.82,81171.27,182.93000000000757,DOWN,0.65,0.6607502860237582,0.01075028602375816,0.0,0.0,0.0,0.0,0.0,0.0,0,False
2026-09-03T18:55:03.150178+00:00,KXBTC15M-26SEP031500-00,80988.34,296.85,81173.49,185.15000000000873,DOWN,0.65,0.6607502860237582,0.01075028602375816,0.0,0.0,0.0,0.0,0.0,0.0,0,False
2026-09-03T18:55:08.149954+00:00,KXBTC15M-26SEP031500-00,80988.34,291.85,81173.5,185.1600000000035,DOWN,0.65,0.6607502860237582,0.01075028602375816,0.0,0.0,0.0,0.0,0.0,0.0,0,False
2026-09-03T18:55:13.167404+00:00,KXBTC15M-26SEP031500-00,80988.34,286.83,81189.99,201.65000000000873,DOWN,0.65,0.6607502860237582,0.01075028602375816,0.0,0.0,0.0,0.0,0.0,0.0,0,False
2026-09-03T18:55:18.151980+00:00,KXBTC15M-26SEP031500-00,80988.34,281.85,81190.74,202.40000000000873,DOWN,0.65,0.6607502860237582,0.01075028602375816,0.0,0.0,0.0,0.0,0.0,0.0,0,False
2026-09-03T18:55:23.140751+00:00,KXBTC15M-26SEP031500-00,80988.34,276.86,81190.89,202.5500000000029,DOWN,0.65,0.6607502860237582,0.01075028602375816,0.0,0.0,0.0,0.0,0.0,0.0,0,False
2026-09-03T18:55:28.168507+00:00,KXBTC15M-26SEP031500-00,80988.34,271.83,81200.78,212.44000000000233,DOWN,0.65,0.6607502860237582,0.01075028602375816,0.0,0.0,0.0,0.0,0.0,0.0,0,False
2026-09-03T18:55:33.141737+00:00,KXBTC15M-26SEP031500-00,80988.34,266.86,81203.22,214.88000000000466,DOWN,0.65,0.6607502860237582,0.01075028602375816,0.0,0.0,0.0,0.0,0.0,0.0,0,False
2026-09-03T18:55:38.140161+00:00,KXBTC15M-26SEP031500-00,80988.34,261.86,81203.23,214.88999999999942,DOWN,0.65,0.6607502860237582,0.01075028602375816,0.0,0.0,0.0,0.0,0.0,0.0,0,False
2026-09-03T18:55:43.172106+00:00,KXBTC15M-26SEP031500-00,80988.34,256.83,81196.82,208.48000000001048,DOWN,0.65,0.6607502860237582,0.01075028602375816,0.0,0.0,0.0,0.0,0.0,0.0,0,False
2026-09-03T18:55:48.141047+00:00,KXBTC15M-26SEP031500-00,80988.34,251.86,81200.78,212.44000000000233,DOWN,0.65,0.6607502860237582,0.01075028602375816,0.0,0.0,0.0,0.0,0.0,0.0,0,False
2026-09-03T18:55:53.142529+00:00,KXBTC15M-26SEP031500-00,80988.34,246.86,81200.74,212.40000000000873,DOWN,0.65,0.6607502860237582,0.01075028602375816,0.0,0.0,0.0,0.0,0.0,0.0,0,False
2026-09-03T18:55:58.164368+00:00,KXBTC15M-26SEP031500-00,80988.34,241.84,81206.98,218.63999999999942,DOWN,0.65,0.6607502860237582,0.01075028602375816,0.0,0.0,0.0,0.0,0.0,0.0,0,False
2026-09-03T18:56:03.142498+00:00,KXBTC15M-26SEP031500-00,80988.34,236.86,81215.98,227.63999999999942,DOWN,0.65,0.6607502860237582,0.01075028602375816,0.0,0.0,0.0,0.0,0.0,0.0,0,False
2026-09-03T18:56:08.209007+00:00,KXBTC15M-26SEP031500-00,80988.34,231.79,81215.99,227.65000000000873,DOWN,0.65,0.6607502860237582,0.01075028602375816,0.0,0.0,0.0,0.0,0.0,0.0,0,False
2026-09-03T18:56:13.196227+00:00,KXBTC15M-26SEP031500-00,80988.34,226.8,81211.47,223.13000000000466,DOWN,0.65,0.6607502860237582,0.01075028602375816,0.0,0.0,0.0,0.0,0.0,0.0,0,False
2026-09-03T18:56:18.148283+00:00,KXBTC15M-26SEP031500-00,80988.34,221.85,81224.18,235.8399999999965,DOWN,0.65,0.6607502860237582,0.01075028602375816,0.0,0.0,0.0,0.0,0.0,0.0,0,False
2026-09-03T18:56:23.223837+00:00,KXBTC15M-26SEP031500-00,80988.34,216.78,81224.18,235.8399999999965,DOWN,0.65,0.6607502860237582,0.01075028602375816,0.0,0.0,0.0,0.0,0.0,0.0,0,False
2026-09-03T18:56:28.227088+00:00,KXBTC15M-26SEP031500-00,80988.34,211.77,81227.96,239.6200000000099,DOWN,0.65,0.6607502860237582,0.01075028602375816,0.0,0.0,0.0,0.0,0.0,0.0,0,False
2026-09-03T18:56:33.141470+00:00,KXBTC15M-26SEP031500-00,80988.34,206.86,81209.02,220.68000000000757,DOWN,0.65,0.6607502860237582,0.01075028602375816,0.0,0.0,0.0,0.0,0.0,0.0,0,False
2026-09-03T18:56:38.143956+00:00,KXBTC15M-26SEP031500-00,80988.34,201.86,81223.07,234.73000000001048,DOWN,0.65,0.6607502860237582,0.01075028602375816,0.0,0.0,0.0,0.0,0.0,0.0,0,False
2026-09-03T18:56:43.165273+00:00,KXBTC15M-26SEP031500-00,80988.34,196.83,81256.01,267.66999999999825,DOWN,0.65,0.6607502860237582,0.01075028602375816,0.0,0.0,0.0,0.0,0.0,0.0,0,False
2026-09-03T18:56:48.148298+00:00,KXBTC15M-26SEP031500-00,80988.34,191.85,81264.4,276.0599999999977,DOWN,0.65,0.6607502860237582,0.01075028602375816,0.0,0.0,0.0,0.0,0.0,0.0,0,False
2026-09-03T18:56:53.145774+00:00,KXBTC15M-26SEP031500-00,80988.34,186.85,81244.41,256.070000000007,DOWN,0.65,0.6607502860237582,0.01075028602375816,0.0,0.0,0.0,0.0,0.0,0.0,0,False
2026-09-03T18:56:58.169191+00:00,KXBTC15M-26SEP031500-00,80988.34,181.83,81234.31,245.97000000000116,DOWN,0.65,0.6607502860237582,0.01075028602375816,0.0,0.0,0.0,0.0,0.0,0.0,0,False
2026-09-03T18:57:03.175850+00:00,KXBTC15M-26SEP031500-00,80988.34,176.82,81240.99,252.65000000000873,DOWN,0.65,0.6607502860237582,0.01075028602375816,0.0,0.0,0.0,0.0,0.0,0.0,0,False
2026-09-03T18:57:08.147210+00:00,KXBTC15M-26SEP031500-00,80988.34,171.85,81234.3,245.9600000000064,DOWN,0.65,0.6607502860237582,0.01075028602375816,0.0,0.0,0.0,0.0,0.0,0.0,0,False
2026-09-03T18:57:13.164721+00:00,KXBTC15M-26SEP031500-00,80988.34,166.84,81237.2,248.86000000000058,DOWN,0.65,0.6607502860237582,0.01075028602375816,0.0,0.0,0.0,0.0,0.0,0.0,0,False
2026-09-03T18:57:18.208362+00:00,KXBTC15M-26SEP031500-00,80988.34,161.79,81242.97,254.63000000000466,DOWN,0.65,0.6607502860237582,0.01075028602375816,0.0,0.0,0.0,0.0,0.0,0.0,0,False
2026-09-03T18:57:23.143023+00:00,KXBTC15M-26SEP031500-00,80988.34,156.86,81234.27,245.93000000000757,DOWN,0.65,0.6607502860237582,0.01075028602375816,0.0,0.0,0.0,0.0,0.0,0.0,0,False
2026-09-03T18:57:28.210729+00:00,KXBTC15M-26SEP031500-00,80988.34,151.79,81230.3,241.9600000000064,DOWN,0.65,0.6607502860237582,0.01075028602375816,0.0,0.0,0.0,0.0,0.0,0.0,0,False
2026-09-03T18:57:33.143947+00:00,KXBTC15M-26SEP031500-00,80988.34,146.86,81238.45,250.11000000000058,DOWN,0.65,0.6607502860237582,0.01075028602375816,0.0,0.0,0.0,0.0,0.0,0.0,0,False
2026-09-03T18:57:38.158198+00:00,KXBTC15M-26SEP031500-00,80988.34,141.84,81241.94,253.60000000000582,DOWN,0.65,0.6607502860237582,0.01075028602375816,0.0,0.0,0.0,0.0,0.0,0.0,0,False
2026-09-03T18:57:43.166958+00:00,KXBTC15M-26SEP031500-00,80988.34,136.83,81247.1,258.7600000000093,DOWN,0.65,0.6607502860237582,0.01075028602375816,0.0,0.0,0.0,0.0,0.0,0.0,0,False
2026-09-03T18:57:48.153240+00:00,KXBTC15M-26SEP031500-00,80988.34,131.85,81260.18,271.8399999999965,DOWN,0.65,0.6607502860237582,0.01075028602375816,0.0,0.0,0.0,0.0,0.0,0.0,0,False
2026-09-03T18:57:53.146774+00:00,KXBTC15M-26SEP031500-00,80988.34,126.85,81268.12,279.77999999999884,DOWN,0.65,0.6607502860237582,0.01075028602375816,0.0,0.0,0.0,0.0,0.0,0.0,0,False
2026-09-03T18:57:58.168674+00:00,KXBTC15M-26SEP031500-00,80988.34,121.83,81272.45,284.1100000000006,DOWN,0.65,0.6607502860237582,0.01075028602375816,0.0,0.0,0.0,0.0,0.0,0.0,0,False
2026-09-03T18:58:03.143647+00:00,KXBTC15M-26SEP031500-00,80988.34,116.86,81266.58,278.24000000000524,DOWN,0.65,0.6607502860237582,0.01075028602375816,0.0,0.0,0.0,0.0,0.0,0.0,0,False
2026-09-03T18:58:08.149272+00:00,KXBTC15M-26SEP031500-00,80988.34,111.85,81256.89,268.5500000000029,DOWN,0.65,0.6607502860237582,0.01075028602375816,0.0,0.0,0.0,0.0,0.0,0.0,0,False
2026-09-03T18:58:13.171230+00:00,KXBTC15M-26SEP031500-00,80988.34,106.83,81257.8,269.4600000000064,DOWN,0.65,0.6607502860237582,0.01075028602375816,0.0,0.0,0.0,0.0,0.0,0.0,0,False
2026-09-03T18:58:18.143343+00:00,KXBTC15M-26SEP031500-00,80988.34,101.86,81265.74,277.40000000000873,DOWN,0.65,0.6607502860237582,0.01075028602375816,0.0,0.0,0.0,0.0,0.0,0.0,0,False
2026-09-03T18:58:23.145635+00:00,KXBTC15M-26SEP031500-00,80988.34,96.85,81267.15,278.8099999999977,DOWN,0.65,0.6607502860237582,0.01075028602375816,0.0,0.0,0.0,0.0,0.0,0.0,0,False
2026-09-03T18:58:28.168101+00:00,KXBTC15M-26SEP031500-00,80988.34,91.83,81267.14,278.8000000000029,DOWN,0.65,0.6607502860237582,0.01075028602375816,0.0,0.0,0.0,0.0,0.0,0.0,0,False
2026-09-03T18:58:33.155131+00:00,KXBTC15M-26SEP031500-00,80988.34,86.84,81268.15,279.8099999999977,DOWN,0.65,0.6607502860237582,0.01075028602375816,0.0,0.0,0.0,0.0,0.0,0.0,0,False
2026-09-03T18:58:38.148431+00:00,KXBTC15M-26SEP031500-00,80988.34,81.85,81270.52,282.18000000000757,DOWN,0.65,0.6607502860237582,0.01075028602375816,0.0,0.0,0.0,0.0,0.0,0.0,0,False
2026-09-03T18:58:43.175673+00:00,KXBTC15M-26SEP031500-00,80988.34,76.82,81272.43,284.0899999999965,DOWN,0.65,0.6607502860237582,0.01075028602375816,0.0,0.0,0.0,0.0,0.0,0.0,0,False
2026-09-03T18:58:48.148288+00:00,KXBTC15M-26SEP031500-00,80988.34,71.85,81266.63,278.29000000000815,DOWN,0.65,0.6607502860237582,0.01075028602375816,0.0,0.0,0.0,0.0,0.0,0.0,0,False
2026-09-03T18:58:53.148204+00:00,KXBTC15M-26SEP031500-00,80988.34,66.85,81273.6,285.2600000000093,DOWN,0.65,0.6607502860237582,0.01075028602375816,0.0,0.0,0.0,0.0,0.0,0.0,0,False
2026-09-03T18:58:58.174598+00:00,KXBTC15M-26SEP031500-00,80988.34,61.83,81278.83,290.49000000000524,DOWN,0.65,0.6607502860237582,0.01075028602375816,0.0,0.0,0.0,0.0,0.0,0.0,0,False
2026-09-03T18:59:03.218970+00:00,KXBTC15M-26SEP031500-00,80988.34,56.78,81272.08,283.74000000000524,DOWN,0.65,0.6607502860237582,0.01075028602375816,0.0,0.0,0.0,0.0,0.0,0.0,0,False
2026-09-03T18:59:08.195488+00:00,KXBTC15M-26SEP031500-00,80988.34,51.8,81275.18,286.8399999999965,DOWN,0.65,0.6607502860237582,0.01075028602375816,0.0,0.0,0.0,0.0,0.0,0.0,0,False
2026-09-03T18:59:13.171053+00:00,KXBTC15M-26SEP031500-00,80988.34,46.83,81275.56,287.22000000000116,DOWN,0.65,0.6607502860237582,0.01075028602375816,0.0,0.0,0.0,0.0,0.0,0.0,0,False
2026-09-03T18:59:18.147878+00:00,KXBTC15M-26SEP031500-00,80988.34,41.85,81273.09,284.75,DOWN,0.65,0.6607502860237582,0.01075028602375816,0.0,0.0,0.0,0.0,0.0,0.0,0,False
2026-09-03T18:59:23.147076+00:00,KXBTC15M-26SEP031500-00,80988.34,36.85,81265.31,276.97000000000116,DOWN,0.65,0.6607502860237582,0.01075028602375816,0.0,0.0,0.0,0.0,0.0,0.0,0,False
2026-09-03T18:59:28.166561+00:00,KXBTC15M-26SEP031500-00,80988.34,31.83,81252.13,263.79000000000815,DOWN,0.65,0.6607502860237582,0.01075028602375816,0.0,0.0,0.0,0.0,0.0,0.0,0,False
2026-09-03T18:59:33.146024+00:00,KXBTC15M-26SEP031500-00,80988.34,26.85,81260.35,272.0100000000093,DOWN,0.65,0.6607502860237582,0.01075028602375816,0.0,0.0,0.0,0.0,0.0,0.0,0,False
2026-09-03T18:59:38.149244+00:00,KXBTC15M-26SEP031500-00,80988.34,21.85,81262.14,273.8000000000029,DOWN,0.65,0.6607502860237582,0.01075028602375816,0.0,0.0,0.0,0.0,0.0,0.0,0,False
2026-09-03T18:59:43.174103+00:00,KXBTC15M-26SEP031500-00,80988.34,16.83,81263.52,275.18000000000757,DOWN,0.65,0.6607502860237582,0.01075028602375816,0.0,0.0,0.0,0.0,0.0,0.0,0,False
2026-09-03T18:59:48.145785+00:00,KXBTC15M-26SEP031500-00,80988.34,11.85,81265.87,277.52999999999884,DOWN,0.65,0.6607502860237582,0.01075028602375816,0.0,0.0,0.0,0.0,0.0,0.0,0,False
2026-09-03T18:59:53.146282+00:00,KXBTC15M-26SEP031500-00,80988.34,6.85,81265.87,277.52999999999884,DOWN,0.65,0.6607502860237582,0.01075028602375816,0.0,0.0,0.0,0.0,0.0,0.0,0,False
2026-09-03T18:59:58.168479+00:00,KXBTC15M-26SEP031500-00,80988.34,1.83,81268.42,280.08000000000175,DOWN,0.65,0.6607502860237582,0.01075028602375816,0.0,0.0,0.0,0.0,0.0,0.0,0,False
2026-09-03T19:00:18.284106+00:00,KXBTC15M-26SEP031515-15,81263.07,881.72,81245.42,-17.65000000000873,DOWN,0.65,0.6607502860237582,0.01075028602375816,0.0,0.0,0.0,0.0,0.0,0.0,0,False
2026-09-03T19:00:23.270927+00:00,KXBTC15M-26SEP031515-15,81263.07,876.73,81240.0,-23.070000000006985,DOWN,0.65,0.6607502860237582,0.01075028602375816,0.0,0.0,0.0,0.0,0.0,0.0,0,False
2026-09-03T19:00:28.277426+00:00,KXBTC15M-26SEP031515-15,81263.07,871.72,81243.05,-20.020000000004075,DOWN,0.65,0.6607502860237582,0.01075028602375816,0.0,0.0,0.0,0.0,0.0,0.0,0,False
2026-09-03T19:00:33.249740+00:00,KXBTC15M-26SEP031515-15,81263.07,866.75,81243.06,-20.010000000009313,DOWN,0.65,0.6607502860237582,0.01075028602375816,0.0,0.0,0.0,0.0,0.0,0.0,0,False
2026-09-03T19:00:38.247058+00:00,KXBTC15M-26SEP031515-15,81263.07,861.75,81234.31,-28.760000000009313,DOWN,0.65,0.6607502860237582,0.01075028602375816,0.0,0.0,0.0,0.0,0.0,0.0,0,False
2026-09-03T19:00:43.268747+00:00,KXBTC15M-26SEP031515-15,81263.07,856.73,81233.25,-29.820000000006985,DOWN,0.65,0.6607502860237582,0.01075028602375816,0.0,0.0,0.0,0.0,0.0,0.0,0,False
2026-09-03T19:00:48.248635+00:00,KXBTC15M-26SEP031515-15,81263.07,851.75,81216.14,-46.93000000000757,DOWN,0.65,0.6607502860237582,0.01075028602375816,0.0,0.0,0.0,0.0,0.0,0.0,0,False
2026-09-03T19:00:53.247840+00:00,KXBTC15M-26SEP031515-15,81263.07,846.75,81227.86,-35.2100000000064,DOWN,0.65,0.6607502860237582,0.01075028602375816,0.0,0.0,0.0,0.0,0.0,0.0,0,False
2026-09-03T19:00:58.267733+00:00,KXBTC15M-26SEP031515-15,81263.07,841.73,81246.35,-16.720000000001164,DOWN,0.65,0.6607502860237582,0.01075028602375816,0.0,0.0,0.0,0.0,0.0,0.0,0,False
2026-09-03T19:01:03.247778+00:00,KXBTC15M-26SEP031515-15,81263.07,836.75,81237.19,-25.880000000004657,DOWN,0.65,0.6607502860237582,0.01075028602375816,0.0,0.0,0.0,0.0,0.0,0.0,0,False
2026-09-03T19:01:08.251946+00:00,KXBTC15M-26SEP031515-15,81263.07,831.75,81237.12,-25.95000000001164,DOWN,0.65,0.6607502860237582,0.01075028602375816,0.0,0.0,0.0,0.0,0.0,0.0,0,False
2026-09-03T19:01:13.271140+00:00,KXBTC15M-26SEP031515-15,81263.07,826.73,81239.72,-23.35000000000582,DOWN,0.65,0.6607502860237582,0.01075028602375816,0.0,0.0,0.0,0.0,0.0,0.0,0,False
2026-09-03T19:01:18.249811+00:00,KXBTC15M-26SEP031515-15,81263.07,821.75,81241.25,-21.820000000006985,DOWN,0.65,0.6607502860237582,0.01075028602375816,0.0,0.0,0.0,0.0,0.0,0.0,0,False
2026-09-03T19:01:23.251222+00:00,KXBTC15M-26SEP031515-15,81263.07,816.75,81249.74,-13.330000000001746,DOWN,0.65,0.6607502860237582,0.01075028602375816,0.0,0.0,0.0,0.0,0.0,0.0,0,False
2026-09-03T19:01:28.272624+00:00,KXBTC15M-26SEP031515-15,81263.07,811.73,81265.14,2.069999999992433,DOWN,0.65,0.6607502860237582,0.01075028602375816,0.0,0.0,0.0,0.0,0.0,0.0,0,False
2026-09-03T19:01:33.250944+00:00,KXBTC15M-26SEP031515-15,81263.07,806.75,81274.47,11.39999999999418,DOWN,0.65,0.6607502860237582,0.01075028602375816,0.0,0.0,0.0,0.0,0.0,0.0,0,False
2026-09-03T19:01:38.251073+00:00,KXBTC15M-26SEP031515-15,81263.07,801.75,81280.07,17.0,DOWN,0.65,0.6607502860237582,0.01075028602375816,0.0,0.0,0.0,0.0,0.0,0.0,0,False
2026-09-03T19:01:43.293467+00:00,KXBTC15M-26SEP031515-15,81263.07,796.71,81275.46,12.389999999999418,DOWN,0.65,0.6607502860237582,0.01075028602375816,0.0,0.0,0.0,0.0,0.0,0.0,0,False
2026-09-03T19:01:48.251323+00:00,KXBTC15M-26SEP031515-15,81263.07,791.75,81278.94,15.869999999995343,DOWN,0.65,0.6607502860237582,0.01075028602375816,0.0,0.0,0.0,0.0,0.0,0.0,0,False
2026-09-03T19:01:53.249624+00:00,KXBTC15M-26SEP031515-15,81263.07,786.75,81272.05,8.979999999995925,DOWN,0.65,0.6607502860237582,0.01075028602375816,0.0,0.0,0.0,0.0,0.0,0.0,0,False
2026-09-03T19:01:58.274449+00:00,KXBTC15M-26SEP031515-15,81263.07,781.73,81275.46,12.389999999999418,DOWN,0.65,0.6607502860237582,0.01075028602375816,0.0,0.0,0.0,0.0,0.0,0.0,0,False
2026-09-03T19:02:03.250556+00:00,KXBTC15M-26SEP031515-15,81263.07,776.75,81265.0,1.929999999993015,DOWN,0.65,0.6607502860237582,0.01075028602375816,0.0,0.0,0.0,0.0,0.0,0.0,0,False
2026-09-03T19:02:08.250160+00:00,KXBTC15M-26SEP031515-15,81263.07,771.75,81256.55,-6.5200000000040745,DOWN,0.65,0.6607502860237582,0.01075028602375816,0.0,0.0,0.0,0.0,0.0,0.0,0,False
2026-09-03T19:02:13.270118+00:00,KXBTC15M-26SEP031515-15,81263.07,766.73,81249.01,-14.060000000012224,DOWN,0.65,0.6607502860237582,0.01075028602375816,0.0,0.0,0.0,0.0,0.0,0.0,0,False
2026-09-03T19:02:18.253829+00:00,KXBTC15M-26SEP031515-15,81263.07,761.75,81269.29,6.219999999986612,DOWN,0.65,0.6607502860237582,0.01075028602375816,0.0,0.0,0.0,0.0,0.0,0.0,0,False
2026-09-03T19:02:23.249727+00:00,KXBTC15M-26SEP031515-15,81263.07,756.75,81269.28,6.209999999991851,DOWN,0.65,0.6607502860237582,0.01075028602375816,0.0,0.0,0.0,0.0,0.0,0.0,0,False
2026-09-03T19:02:28.281103+00:00,KXBTC15M-26SEP031515-15,81263.07,751.72,81287.98,24.90999999998894,DOWN,0.65,0.6607502860237582,0.01075028602375816,0.0,0.0,0.0,0.0,0.0,0.0,0,False
2026-09-03T19:02:33.257696+00:00,KXBTC15M-26SEP031515-15,81263.07,746.74,81287.98,24.90999999998894,DOWN,0.65,0.6607502860237582,0.01075028602375816,0.0,0.0,0.0,0.0,0.0,0.0,0,False
2026-09-03T19:02:38.257157+00:00,KXBTC15M-26SEP031515-15,81263.07,741.74,81290.55,27.479999999995925,DOWN,0.65,0.6607502860237582,0.01075028602375816,0.0,0.0,0.0,0.0,0.0,0.0,0,False
2026-09-03T19:02:43.271946+00:00,KXBTC15M-26SEP031515-15,81263.07,736.73,81255.97,-7.100000000005821,DOWN,0.65,0.6607502860237582,0.01075028602375816,0.0,0.0,0.0,0.0,0.0,0.0,0,False
2026-09-03T19:02:48.264773+00:00,KXBTC15M-26SEP031515-15,81263.07,731.74,81248.65,-14.420000000012806,DOWN,0.65,0.6607502860237582,0.01075028602375816,0.0,0.0,0.0,0.0,0.0,0.0,0,False
2026-09-03T19:02:53.250840+00:00,KXBTC15M-26SEP031515-15,81263.07,726.75,81253.93,-9.14000000001397,DOWN,0.65,0.6607502860237582,0.01075028602375816,0.0,0.0,0.0,0.0,0.0,0.0,0,False
2026-09-03T19:02:58.272481+00:00,KXBTC15M-26SEP031515-15,81263.07,721.73,81243.16,-19.910000000003492,DOWN,0.65,0.6607502860237582,0.01075028602375816,0.0,0.0,0.0,0.0,0.0,0.0,0,False
2026-09-03T19:03:03.250554+00:00,KXBTC15M-26SEP031515-15,81263.07,716.75,81246.0,-17.070000000006985,DOWN,0.65,0.6607502860237582,0.01075028602375816,0.0,0.0,0.0,0.0,0.0,0.0,0,False
2026-09-03T19:03:08.253775+00:00,KXBTC15M-26SEP031515-15,81263.07,711.75,81251.35,-11.720000000001164,DOWN,0.65,0.6607502860237582,0.01075028602375816,0.0,0.0,0.0,0.0,0.0,0.0,0,False
2026-09-03T19:03:13.281575+00:00,KXBTC15M-26SEP031515-15,81263.07,706.72,81250.9,-12.170000000012806,DOWN,0.65,0.6607502860237582,0.01075028602375816,0.0,0.0,0.0,0.0,0.0,0.0,0,False
2026-09-03T19:03:18.252671+00:00,KXBTC15M-26SEP031515-15,81263.07,701.75,81249.77,-13.30000000000291,DOWN,0.65,0.6607502860237582,0.01075028602375816,0.0,0.0,0.0,0.0,0.0,0.0,0,False
2026-09-03T19:03:23.250545+00:00,KXBTC15M-26SEP031515-15,81263.07,696.75,81256.36,-6.710000000006403,DOWN,0.65,0.6607502860237582,0.01075028602375816,0.0,0.0,0.0,0.0,0.0,0.0,0,False
2026-09-03T19:03:28.276800+00:00,KXBTC15M-26SEP031515-15,81263.07,691.72,81246.48,-16.59000000001106,DOWN,0.65,0.6607502860237582,0.01075028602375816,0.0,0.0,0.0,0.0,0.0,0.0,0,False
2026-09-03T19:03:33.251000+00:00,KXBTC15M-26SEP031515-15,81263.07,686.75,81251.54,-11.530000000013388,DOWN,0.65,0.6607502860237582,0.01075028602375816,0.0,0.0,0.0,0.0,0.0,0.0,0,False
2026-09-03T19:03:38.268282+00:00,KXBTC15M-26SEP031515-15,81263.07,681.73,81251.97,-11.10000000000582,DOWN,0.65,0.6607502860237582,0.01075028602375816,0.0,0.0,0.0,0.0,0.0,0.0,0,False
2026-09-03T19:03:43.281463+00:00,KXBTC15M-26SEP031515-15,81263.07,676.72,81241.14,-21.930000000007567,DOWN,0.65,0.6607502860237582,0.01075028602375816,0.0,0.0,0.0,0.0,0.0,0.0,0,False
2026-09-03T19:03:48.252071+00:00,KXBTC15M-26SEP031515-15,81263.07,671.75,81244.6,-18.470000000001164,DOWN,0.65,0.6607502860237582,0.01075028602375816,0.0,0.0,0.0,0.0,0.0,0.0,0,False
2026-09-03T19:03:53.252820+00:00,KXBTC15M-26SEP031515-15,81263.07,666.75,81251.25,-11.820000000006985,DOWN,0.65,0.6607502860237582,0.01075028602375816,0.0,0.0,0.0,0.0,0.0,0.0,0,False
2026-09-03T19:03:58.287668+00:00,KXBTC15M-26SEP031515-15,81263.07,661.71,81250.31,-12.760000000009313,DOWN,0.65,0.6607502860237582,0.01075028602375816,0.0,0.0,0.0,0.0,0.0,0.0,0,False
2026-09-03T19:04:03.252619+00:00,KXBTC15M-26SEP031515-15,81263.07,656.75,81274.69,11.619999999995343,DOWN,0.65,0.6607502860237582,0.01075028602375816,0.0,0.0,0.0,0.0,0.0,0.0,0,False
2026-09-03T19:04:08.263350+00:00,KXBTC15M-26SEP031515-15,81263.07,651.74,81304.08,41.00999999999476,DOWN,0.65,0.6607502860237582,0.01075028602375816,0.0,0.0,0.0,0.0,0.0,0.0,0,False
2026-09-03T19:04:13.273145+00:00,KXBTC15M-26SEP031515-15,81263.07,646.73,81303.75,40.679999999993015,DOWN,0.65,0.6607502860237582,0.01075028602375816,0.0,0.0,0.0,0.0,0.0,0.0,0,False
2026-09-03T19:04:18.253961+00:00,KXBTC15M-26SEP031515-15,81263.07,641.75,81304.58,41.50999999999476,DOWN,0.65,0.6607502860237582,0.01075028602375816,0.0,0.0,0.0,0.0,0.0,0.0,0,False
2026-09-03T19:04:23.259850+00:00,KXBTC15M-26SEP031515-15,81263.07,636.74,81285.2,22.129999999990105,DOWN,0.65,0.6607502860237582,0.01075028602375816,0.0,0.0,0.0,0.0,0.0,0.0,0,False
2026-09-03T19:04:28.288935+00:00,KXBTC15M-26SEP031515-15,81263.07,631.71,81291.84,28.769999999989523,DOWN,0.65,0.6607502860237582,0.01075028602375816,0.0,0.0,0.0,0.0,0.0,0.0,0,False
2026-09-03T19:04:33.254810+00:00,KXBTC15M-26SEP031515-15,81263.07,626.75,81295.04,31.969999999986612,DOWN,0.65,0.6607502860237582,0.01075028602375816,0.0,0.0,0.0,0.0,0.0,0.0,0,False
2026-09-03T19:04:38.253520+00:00,KXBTC15M-26SEP031515-15,81263.07,621.75,81295.58,32.50999999999476,DOWN,0.65,0.6607502860237582,0.01075028602375816,0.0,0.0,0.0,0.0,0.0,0.0,0,False
2026-09-03T19:04:43.286445+00:00,KXBTC15M-26SEP031515-15,81263.07,616.71,81310.0,46.929999999993015,DOWN,0.65,0.6607502860237582,0.01075028602375816,0.0,0.0,0.0,0.0,0.0,0.0,0,False
2026-09-03T19:04:48.253483+00:00,KXBTC15M-26SEP031515-15,81263.07,611.75,81320.0,56.929999999993015,DOWN,0.65,0.6607502860237582,0.01075028602375816,0.0,0.0,0.0,0.0,0.0,0.0,0,False
2026-09-03T19:04:53.257640+00:00,KXBTC15M-26SEP031515-15,81263.07,606.74,81390.0,126.92999999999302,DOWN,0.65,0.6607502860237582,0.01075028602375816,0.0,0.0,0.0,0.0,0.0,0.0,0,False
2026-09-03T19:04:58.285373+00:00,KXBTC15M-26SEP031515-15,81263.07,601.71,81404.3,141.22999999999593,DOWN,0.65,0.6607502860237582,0.01075028602375816,0.0,0.0,0.0,0.0,0.0,0.0,0,False
2026-09-03T19:05:03.254502+00:00,KXBTC15M-26SEP031515-15,81263.07,596.75,81457.34,194.26999999998952,DOWN,0.65,0.6607502860237582,0.01075028602375816,0.0,0.0,0.0,0.0,0.0,0.0,0,False
2026-09-03T19:05:08.255876+00:00,KXBTC15M-26SEP031515-15,81263.07,591.74,81406.05,142.97999999999593,DOWN,0.65,0.6607502860237582,0.01075028602375816,0.0,0.0,0.0,0.0,0.0,0.0,0,False
2026-09-03T19:05:13.280179+00:00,KXBTC15M-26SEP031515-15,81263.07,586.72,81399.0,135.92999999999302,DOWN,0.65,0.6607502860237582,0.01075028602375816,0.0,0.0,0.0,0.0,0.0,0.0,0,False
2026-09-03T19:05:18.320844+00:00,KXBTC15M-26SEP031515-15,81263.07,581.68,81419.99,156.91999999999825,DOWN,0.65,0.6607502860237582,0.01075028602375816,0.0,0.0,0.0,0.0,0.0,0.0,0,False
2026-09-03T19:05:23.259846+00:00,KXBTC15M-26SEP031515-15,81263.07,576.74,81425.53,162.45999999999185,DOWN,0.65,0.6607502860237582,0.01075028602375816,0.0,0.0,0.0,0.0,0.0,0.0,0,False
2026-09-03T19:05:28.264273+00:00,KXBTC15M-26SEP031515-15,81263.07,571.74,81474.37,211.29999999998836,DOWN,0.65,0.6607502860237582,0.01075028602375816,0.0,0.0,0.0,0.0,0.0,0.0,0,False
2026-09-03T19:05:33.265775+00:00,KXBTC15M-26SEP031515-15,81263.07,566.73,81477.0,213.92999999999302,DOWN,0.65,0.6607502860237582,0.01075028602375816,0.0,0.0,0.0,0.0,0.0,0.0,0,False
2026-09-03T19:05:38.261895+00:00,KXBTC15M-26SEP031515-15,81263.07,561.74,81379.5,116.42999999999302,DOWN,0.65,0.6607502860237582,0.01075028602375816,0.0,0.0,0.0,0.0,0.0,0.0,0,False
2026-09-03T19:05:43.287468+00:00,KXBTC15M-26SEP031515-15,81263.07,556.71,81315.0,51.929999999993015,DOWN,0.65,0.6607502860237582,0.01075028602375816,0.0,0.0,0.0,0.0,0.0,0.0,0,False
2026-09-03T19:05:48.287973+00:00,KXBTC15M-26SEP031515-15,81263.07,551.71,81323.15,60.079999999987194,DOWN,0.65,0.6607502860237582,0.01075028602375816,0.0,0.0,0.0,0.0,0.0,0.0,0,False
2026-09-03T19:05:53.271331+00:00,KXBTC15M-26SEP031515-15,81263.07,546.73,81355.49,92.41999999999825,DOWN,0.65,0.6607502860237582,0.01075028602375816,0.0,0.0,0.0,0.0,0.0,0.0,0,False
2026-09-03T19:05:58.318768+00:00,KXBTC15M-26SEP031515-15,81263.07,541.68,81310.01,46.939999999987776,DOWN,0.65,0.6607502860237582,0.01075028602375816,0.0,0.0,0.0,0.0,0.0,0.0,0,False
2026-09-03T19:06:03.312382+00:00,KXBTC15M-26SEP031515-15,81263.07,536.69,81312.61,49.5399999999936,DOWN,0.65,0.6607502860237582,0.01075028602375816,0.0,0.0,0.0,0.0,0.0,0.0,0,False
2026-09-03T19:06:08.266638+00:00,KXBTC15M-26SEP031515-15,81263.07,531.73,81285.02,21.94999999999709,DOWN,0.65,0.6607502860237582,0.01075028602375816,0.0,0.0,0.0,0.0,0.0,0.0,0,False
2026-09-03T19:06:13.287488+00:00,KXBTC15M-26SEP031515-15,81263.07,526.71,81272.0,8.929999999993015,DOWN,0.65,0.6607502860237582,0.01075028602375816,0.0,0.0,0.0,0.0,0.0,0.0,0,False
2026-09-03T19:06:18.263112+00:00,KXBTC15M-26SEP031515-15,81263.07,521.74,81273.1,10.029999999998836,DOWN,0.65,0.6607502860237582,0.01075028602375816,0.0,0.0,0.0,0.0,0.0,0.0,0,False
2026-09-03T19:06:23.261907+00:00,KXBTC15M-26SEP031515-15,81263.07,516.74,81255.52,-7.55000000000291,DOWN,0.65,0.6607502860237582,0.01075028602375816,0.0,0.0,0.0,0.0,0.0,0.0,0,False
2026-09-03T19:06:28.287719+00:00,KXBTC15M-26SEP031515-15,81263.07,511.71,81240.75,-22.320000000006985,DOWN,0.65,0.6607502860237582,0.01075028602375816,0.0,0.0,0.0,0.0,0.0,0.0,0,False
2026-09-03T19:06:33.261452+00:00,KXBTC15M-26SEP031515-15,81263.07,506.74,81233.15,-29.920000000012806,DOWN,0.65,0.6607502860237582,0.01075028602375816,0.0,0.0,0.0,0.0,0.0,0.0,0,False
2026-09-03T19:06:38.268454+00:00,KXBTC15M-26SEP031515-15,81263.07,501.73,81200.76,-62.310000000012224,DOWN,0.65,0.6607502860237582,0.01075028602375816,0.0,0.0,0.0,0.0,0.0,0.0,0,False
2026-09-03T19:06:43.299831+00:00,KXBTC15M-26SEP031515-15,81263.07,496.7,81197.64,-65.43000000000757,DOWN,0.65,0.6607502860237582,0.01075028602375816,0.0,0.0,0.0,0.0,0.0,0.0,0,False
2026-09-03T19:06:48.267620+00:00,KXBTC15M-26SEP031515-15,81263.07,491.73,81174.71,-88.36000000000058,DOWN,0.65,0.6607502860237582,0.01075028602375816,0.0,0.0,0.0,0.0,0.0,0.0,0,False
2026-09-03T19:06:53.263520+00:00,KXBTC15M-26SEP031515-15,81263.07,486.74,81188.33,-74.74000000000524,DOWN,0.65,0.6607502860237582,0.01075028602375816,0.0,0.0,0.0,0.0,0.0,0.0,0,False
2026-09-03T19:06:58.301782+00:00,KXBTC15M-26SEP031515-15,81263.07,481.7,81238.76,-24.310000000012224,DOWN,0.65,0.6607502860237582,0.01075028602375816,0.0,0.0,0.0,0.0,0.0,0.0,0,False
2026-09-03T19:07:03.269172+00:00,KXBTC15M-26SEP031515-15,81263.07,476.73,81278.7,15.629999999990105,DOWN,0.65,0.6607502860237582,0.01075028602375816,0.0,0.0,0.0,0.0,0.0,0.0,0,False
2026-09-03T19:07:08.263664+00:00,KXBTC15M-26SEP031515-15,81263.07,471.74,81260.09,-2.9800000000104774,DOWN,0.65,0.6607502860237582,0.01075028602375816,0.0,0.0,0.0,0.0,0.0,0.0,0,False
2026-09-03T19:07:13.318679+00:00,KXBTC15M-26SEP031515-15,81263.07,466.68,81242.16,-20.910000000003492,DOWN,0.65,0.6607502860237582,0.01075028602375816,0.0,0.0,0.0,0.0,0.0,0.0,0,False
2026-09-03T19:07:18.267714+00:00,KXBTC15M-26SEP031515-15,81263.07,461.73,81224.2,-38.870000000009895,DOWN,0.65,0.6607502860237582,0.01075028602375816,0.0,0.0,0.0,0.0,0.0,0.0,0,False
2026-09-03T19:07:23.264574+00:00,KXBTC15M-26SEP031515-15,81263.07,456.74,81235.98,-27.09000000001106,DOWN,0.65,0.6607502860237582,0.01075028602375816,0.0,0.0,0.0,0.0,0.0,0.0,0,False
2026-09-03T19:07:28.290552+00:00,KXBTC15M-26SEP031515-15,81263.07,451.71,81272.1,9.029999999998836,DOWN,0.65,0.6607502860237582,0.01075028602375816,0.0,0.0,0.0,0.0,0.0,0.0,0,False
2026-09-03T19:07:33.262552+00:00,KXBTC15M-26SEP031515-15,81263.07,446.74,81325.19,62.11999999999534,DOWN,0.65,0.6607502860237582,0.01075028602375816,0.0,0.0,0.0,0.0,0.0,0.0,0,False
2026-09-03T19:07:38.264086+00:00,KXBTC15M-26SEP031515-15,81263.07,441.74,81320.07,57.0,DOWN,0.65,0.6607502860237582,0.01075028602375816,0.0,0.0,0.0,0.0,0.0,0.0,0,False
2026-09-03T19:07:43.301280+00:00,KXBTC15M-26SEP031515-15,81263.07,436.7,81329.5,66.42999999999302,DOWN,0.65,0.6607502860237582,0.01075028602375816,0.0,0.0,0.0,0.0,0.0,0.0,0,False
2026-09-03T19:07:48.262814+00:00,KXBTC15M-26SEP031515-15,81263.07,431.74,81332.02,68.94999999999709,DOWN,0.65,0.6607502860237582,0.01075028602375816,0.0,0.0,0.0,0.0,0.0,0.0,0,False
2026-09-03T19:07:53.310381+00:00,KXBTC15M-26SEP031515-15,81263.07,426.69,81323.36,60.2899999999936,DOWN,0.65,0.6607502860237582,0.01075028602375816,0.0,0.0,0.0,0.0,0.0,0.0,0,False
2026-09-03T19:07:58.333409+00:00,KXBTC15M-26SEP031515-15,81263.07,421.67,81331.85,68.77999999999884,DOWN,0.65,0.6607502860237582,0.01075028602375816,0.0,0.0,0.0,0.0,0.0,0.0,0,False
2026-09-03T19:08:03.287504+00:00,KXBTC15M-26SEP031515-15,81263.07,416.71,81293.27,30.19999999999709,DOWN,0.65,0.6607502860237582,0.01075028602375816,0.0,0.0,0.0,0.0,0.0,0.0,0,False
2026-09-03T19:08:08.264968+00:00,KXBTC15M-26SEP031515-15,81263.07,411.74,81278.54,15.469999999986612,DOWN,0.65,0.6607502860237582,0.01075028602375816,0.0,0.0,0.0,0.0,0.0,0.0,0,False
2026-09-03T19:08:13.291015+00:00,KXBTC15M-26SEP031515-15,81263.07,406.71,81274.7,11.629999999990105,DOWN,0.65,0.6607502860237582,0.01075028602375816,0.0,0.0,0.0,0.0,0.0,0.0,0,False
2026-09-03T19:08:18.269135+00:00,KXBTC15M-26SEP031515-15,81263.07,401.73,81234.3,-28.770000000004075,DOWN,0.65,0.6607502860237582,0.01075028602375816,0.0,0.0,0.0,0.0,0.0,0.0,0,False
2026-09-03T19:08:23.284132+00:00,KXBTC15M-26SEP031515-15,81263.07,396.72,81234.6,-28.470000000001164,DOWN,0.65,0.6607502860237582,0.01075028602375816,0.0,0.0,0.0,0.0,0.0,0.0,0,False
2026-09-03T19:08:28.295181+00:00,KXBTC15M-26SEP031515-15,81263.07,391.7,81206.0,-57.070000000006985,DOWN,0.65,0.6607502860237582,0.01075028602375816,0.0,0.0,0.0,0.0,0.0,0.0,0,False
2026-09-03T19:08:33.305814+00:00,KXBTC15M-26SEP031515-15,81263.07,386.69,81204.16,-58.91000000000349,DOWN,0.65,0.6607502860237582,0.01075028602375816,0.0,0.0,0.0,0.0,0.0,0.0,0,False
2026-09-03T19:08:38.285045+00:00,KXBTC15M-26SEP031515-15,81263.07,381.71,81193.91,-69.16000000000349,DOWN,0.65,0.6607502860237582,0.01075028602375816,0.0,0.0,0.0,0.0,0.0,0.0,0,False
2026-09-03T19:08:43.289107+00:00,KXBTC15M-26SEP031515-15,81263.07,376.71,81223.14,-39.93000000000757,DOWN,0.65,0.6607502860237582,0.01075028602375816,0.0,0.0,0.0,0.0,0.0,0.0,0,False
2026-09-03T19:08:48.275063+00:00,KXBTC15M-26SEP031515-15,81263.07,371.72,81249.79,-13.280000000013388,DOWN,0.65,0.6607502860237582,0.01075028602375816,0.0,0.0,0.0,0.0,0.0,0.0,0,False
2026-09-03T19:08:53.288195+00:00,KXBTC15M-26SEP031515-15,81263.07,366.71,81244.79,-18.280000000013388,DOWN,0.65,0.6607502860237582,0.01075028602375816,0.0,0.0,0.0,0.0,0.0,0.0,0,False
2026-09-03T19:08:58.309796+00:00,KXBTC15M-26SEP031515-15,81263.07,361.69,81218.04,-45.03000000001339,DOWN,0.65,0.6607502860237582,0.01075028602375816,0.0,0.0,0.0,0.0,0.0,0.0,0,False
2026-09-03T19:09:03.336855+00:00,KXBTC15M-26SEP031515-15,81263.07,356.66,81218.1,-44.970000000001164,DOWN,0.65,0.6607502860237582,0.01075028602375816,0.0,0.0,0.0,0.0,0.0,0.0,0,False
2026-09-03T19:09:08.272028+00:00,KXBTC15M-26SEP031515-15,81263.07,351.73,81222.03,-41.04000000000815,DOWN,0.65,0.6607502860237582,0.01075028602375816,0.0,0.0,0.0,0.0,0.0,0.0,0,False
2026-09-03T19:09:13.290289+00:00,KXBTC15M-26SEP031515-15,81263.07,346.71,81233.05,-30.020000000004075,DOWN,0.65,0.6607502860237582,0.01075028602375816,0.0,0.0,0.0,0.0,0.0,0.0,0,False
2026-09-03T19:09:18.267889+00:00,KXBTC15M-26SEP031515-15,81263.07,341.73,81247.89,-15.180000000007567,DOWN,0.65,0.6607502860237582,0.01075028602375816,0.0,0.0,0.0,0.0,0.0,0.0,0,False
2026-09-03T19:09:23.269263+00:00,KXBTC15M-26SEP031515-15,81263.07,336.73,81254.49,-8.580000000001746,DOWN,0.65,0.6607502860237582,0.01075028602375816,0.0,0.0,0.0,0.0,0.0,0.0,0,False
2026-09-03T19:09:28.295364+00:00,KXBTC15M-26SEP031515-15,81263.07,331.7,81258.77,-4.30000000000291,DOWN,0.65,0.6607502860237582,0.01075028602375816,0.0,0.0,0.0,0.0,0.0,0.0,0,False
2026-09-03T19:09:33.274968+00:00,KXBTC15M-26SEP031515-15,81263.07,326.73,81273.99,10.919999999998254,DOWN,0.65,0.6607502860237582,0.01075028602375816,0.0,0.0,0.0,0.0,0.0,0.0,0,False
2026-09-03T19:09:38.274758+00:00,KXBTC15M-26SEP031515-15,81263.07,321.73,81257.5,-5.570000000006985,DOWN,0.65,0.6607502860237582,0.01075028602375816,0.0,0.0,0.0,0.0,0.0,0.0,0,False
2026-09-03T19:09:43.289804+00:00,KXBTC15M-26SEP031515-15,81263.07,316.71,81282.39,19.319999999992433,DOWN,0.65,0.6607502860237582,0.01075028602375816,0.0,0.0,0.0,0.0,0.0,0.0,0,False
2026-09-03T19:09:48.275621+00:00,KXBTC15M-26SEP031515-15,81263.07,311.72,81287.47,24.39999999999418,DOWN,0.65,0.6607502860237582,0.01075028602375816,0.0,0.0,0.0,0.0,0.0,0.0,0,False
2026-09-03T19:09:53.269268+00:00,KXBTC15M-26SEP031515-15,81263.07,306.73,81289.06,25.989999999990687,DOWN,0.65,0.6607502860237582,0.01075028602375816,0.0,0.0,0.0,0.0,0.0,0.0,0,False
2026-09-03T19:09:58.274438+00:00,KXBTC15M-26SEP031515-15,81263.07,301.73,81287.65,24.579999999987194,DOWN,0.65,0.6607502860237582,0.01075028602375816,0.0,0.0,0.0,0.0,0.0,0.0,0,False
2026-09-03T19:10:03.276306+00:00,KXBTC15M-26SEP031515-15,81263.07,296.72,81289.48,26.40999999998894,DOWN,0.65,0.6607502860237582,0.01075028602375816,0.0,0.0,0.0,0.0,0.0,0.0,0,False
2026-09-03T19:10:08.269192+00:00,KXBTC15M-26SEP031515-15,81263.07,291.73,81299.59,36.51999999998952,DOWN,0.65,0.6607502860237582,0.01075028602375816,0.0,0.0,0.0,0.0,0.0,0.0,0,False
2026-09-03T19:10:13.293874+00:00,KXBTC15M-26SEP031515-15,81263.07,286.71,81301.53,38.45999999999185,DOWN,0.65,0.6607502860237582,0.01075028602375816,0.0,0.0,0.0,0.0,0.0,0.0,0,False
2026-09-03T19:10:18.271213+00:00,KXBTC15M-26SEP031515-15,81263.07,281.73,81304.62,41.54999999998836,DOWN,0.65,0.6607502860237582,0.01075028602375816,0.0,0.0,0.0,0.0,0.0,0.0,0,False
2026-09-03T19:10:23.274468+00:00,KXBTC15M-26SEP031515-15,81263.07,276.73,81303.83,40.75999999999476,DOWN,0.65,0.6607502860237582,0.01075028602375816,0.0,0.0,0.0,0.0,0.0,0.0,0,False
2026-09-03T19:10:28.293101+00:00,KXBTC15M-26SEP031515-15,81263.07,271.71,81300.25,37.179999999993015,DOWN,0.65,0.6607502860237582,0.01075028602375816,0.0,0.0,0.0,0.0,0.0,0.0,0,False
2026-09-03T19:10:33.272678+00:00,KXBTC15M-26SEP031515-15,81263.07,266.73,81307.79,44.71999999998661,DOWN,0.65,0.6607502860237582,0.01075028602375816,0.0,0.0,0.0,0.0,0.0,0.0,0,False
2026-09-03T19:10:38.270823+00:00,KXBTC15M-26SEP031515-15,81263.07,261.73,81303.7,40.629999999990105,DOWN,0.65,0.6607502860237582,0.01075028602375816,0.0,0.0,0.0,0.0,0.0,0.0,0,False
2026-09-03T19:10:43.290417+00:00,KXBTC15M-26SEP031515-15,81263.07,256.71,81303.02,39.94999999999709,DOWN,0.65,0.6607502860237582,0.01075028602375816,0.0,0.0,0.0,0.0,0.0,0.0,0,False
2026-09-03T19:10:48.277272+00:00,KXBTC15M-26SEP031515-15,81263.07,251.72,81303.57,40.5,DOWN,0.65,0.6607502860237582,0.01075028602375816,0.0,0.0,0.0,0.0,0.0,0.0,0,False
2026-09-03T19:10:53.269491+00:00,KXBTC15M-26SEP031515-15,81263.07,246.73,81298.81,35.73999999999069,DOWN,0.65,0.6607502860237582,0.01075028602375816,0.0,0.0,0.0,0.0,0.0,0.0,0,False
2026-09-03T19:10:58.293364+00:00,KXBTC15M-26SEP031515-15,81263.07,241.71,81298.87,35.79999999998836,DOWN,0.65,0.6607502860237582,0.01075028602375816,0.0,0.0,0.0,0.0,0.0,0.0,0,False
2026-09-03T19:11:03.273744+00:00,KXBTC15M-26SEP031515-15,81263.07,236.73,81293.25,30.179999999993015,DOWN,0.65,0.6607502860237582,0.01075028602375816,0.0,0.0,0.0,0.0,0.0,0.0,0,False
2026-09-03T19:11:08.283610+00:00,KXBTC15M-26SEP031515-15,81263.07,231.72,81297.26,34.189999999987776,DOWN,0.65,0.6607502860237582,0.01075028602375816,0.0,0.0,0.0,0.0,0.0,0.0,0,False
2026-09-03T19:11:13.293610+00:00,KXBTC15M-26SEP031515-15,81263.07,226.71,81288.68,25.60999999998603,DOWN,0.65,0.6607502860237582,0.01075028602375816,0.0,0.0,0.0,0.0,0.0,0.0,0,False
2026-09-03T19:11:18.275139+00:00,KXBTC15M-26SEP031515-15,81263.07,221.72,81302.32,39.25,DOWN,0.65,0.6607502860237582,0.01075028602375816,0.0,0.0,0.0,0.0,0.0,0.0,0,False
2026-09-03T19:11:23.276642+00:00,KXBTC15M-26SEP031515-15,81263.07,216.72,81270.1,7.029999999998836,DOWN,0.65,0.6607502860237582,0.01075028602375816,0.0,0.0,0.0,0.0,0.0,0.0,0,False
2026-09-03T19:11:28.296546+00:00,KXBTC15M-26SEP031515-15,81263.07,211.7,81250.0,-13.070000000006985,DOWN,0.65,0.6607502860237582,0.01075028602375816,0.0,0.0,0.0,0.0,0.0,0.0,0,False
2026-09-03T19:11:33.272959+00:00,KXBTC15M-26SEP031515-15,81263.07,206.73,81255.01,-8.060000000012224,DOWN,0.65,0.6607502860237582,0.01075028602375816,0.0,0.0,0.0,0.0,0.0,0.0,0,False
2026-09-03T19:11:38.280626+00:00,KXBTC15M-26SEP031515-15,81263.07,201.72,81242.26,-20.810000000012224,DOWN,0.65,0.6607502860237582,0.01075028602375816,0.0,0.0,0.0,0.0,0.0,0.0,0,False
2026-09-03T19:11:43.296108+00:00,KXBTC15M-26SEP031515-15,81263.07,196.7,81242.9,-20.170000000012806,DOWN,0.65,0.6607502860237582,0.01075028602375816,0.0,0.0,0.0,0.0,0.0,0.0,0,False
2026-09-03T19:11:48.281968+00:00,KXBTC15M-26SEP031515-15,81263.07,191.72,81235.56,-27.510000000009313,DOWN,0.65,0.6607502860237582,0.01075028602375816,0.0,0.0,0.0,0.0,0.0,0.0,0,False
2026-09-03T19:11:53.271685+00:00,KXBTC15M-26SEP031515-15,81263.07,186.73,81224.94,-38.13000000000466,DOWN,0.65,0.6607502860237582,0.01075028602375816,0.0,0.0,0.0,0.0,0.0,0.0,0,False
2026-09-03T19:11:58.293552+00:00,KXBTC15M-26SEP031515-15,81263.07,181.71,81225.98,-37.09000000001106,DOWN,0.65,0.6607502860237582,0.01075028602375816,0.0,0.0,0.0,0.0,0.0,0.0,0,False
2026-09-03T19:12:03.281221+00:00,KXBTC15M-26SEP031515-15,81263.07,176.72,81242.9,-20.170000000012806,DOWN,0.65,0.6607502860237582,0.01075028602375816,0.0,0.0,0.0,0.0,0.0,0.0,0,False
2026-09-03T19:12:08.274540+00:00,KXBTC15M-26SEP031515-15,81263.07,171.73,81234.69,-28.380000000004657,DOWN,0.65,0.6607502860237582,0.01075028602375816,0.0,0.0,0.0,0.0,0.0,0.0,0,False
2026-09-03T19:12:13.295247+00:00,KXBTC15M-26SEP031515-15,81263.07,166.7,81236.05,-27.020000000004075,DOWN,0.65,0.6607502860237582,0.01075028602375816,0.0,0.0,0.0,0.0,0.0,0.0,0,False
2026-09-03T19:12:18.282635+00:00,KXBTC15M-26SEP031515-15,81263.07,161.72,81255.36,-7.710000000006403,DOWN,0.65,0.6607502860237582,0.01075028602375816,0.0,0.0,0.0,0.0,0.0,0.0,0,False
2026-09-03T19:12:23.287549+00:00,KXBTC15M-26SEP031515-15,81263.07,156.71,81253.14,-9.930000000007567,DOWN,0.65,0.6607502860237582,0.01075028602375816,0.0,0.0,0.0,0.0,0.0,0.0,0,False
2026-09-03T19:12:28.292902+00:00,KXBTC15M-26SEP031515-15,81263.07,151.71,81241.94,-21.130000000004657,DOWN,0.65,0.6607502860237582,0.01075028602375816,0.0,0.0,0.0,0.0,0.0,0.0,0,False
2026-09-03T19:12:33.282825+00:00,KXBTC15M-26SEP031515-15,81263.07,146.72,81233.8,-29.270000000004075,DOWN,0.65,0.6607502860237582,0.01075028602375816,0.0,0.0,0.0,0.0,0.0,0.0,0,False
2026-09-03T19:12:38.274335+00:00,KXBTC15M-26SEP031515-15,81263.07,141.73,81252.22,-10.85000000000582,DOWN,0.65,0.6607502860237582,0.01075028602375816,0.0,0.0,0.0,0.0,0.0,0.0,0,False
2026-09-03T19:12:43.282199+00:00,KXBTC15M-26SEP031515-15,81263.07,136.72,81247.75,-15.320000000006985,DOWN,0.65,0.6607502860237582,0.01075028602375816,0.0,0.0,0.0,0.0,0.0,0.0,0,False
2026-09-03T19:12:48.277063+00:00,KXBTC15M-26SEP031515-15,81263.07,131.72,81246.92,-16.15000000000873,DOWN,0.65,0.6607502860237582,0.01075028602375816,0.0,0.0,0.0,0.0,0.0,0.0,0,False
2026-09-03T19:12:53.270552+00:00,KXBTC15M-26SEP031515-15,81263.07,126.73,81247.02,-16.05000000000291,DOWN,0.65,0.6607502860237582,0.01075028602375816,0.0,0.0,0.0,0.0,0.0,0.0,0,False
2026-09-03T19:12:58.307152+00:00,KXBTC15M-26SEP031515-15,81263.07,121.69,81245.97,-17.10000000000582,DOWN,0.65,0.6607502860237582,0.01075028602375816,0.0,0.0,0.0,0.0,0.0,0.0,0,False
2026-09-03T19:13:03.326571+00:00,KXBTC15M-26SEP031515-15,81263.07,116.67,81240.35,-22.720000000001164,DOWN,0.65,0.6607502860237582,0.01075028602375816,0.0,0.0,0.0,0.0,0.0,0.0,0,False
2026-09-03T19:13:08.282631+00:00,KXBTC15M-26SEP031515-15,81263.07,111.72,81240.91,-22.160000000003492,DOWN,0.65,0.6607502860237582,0.01075028602375816,0.0,0.0,0.0,0.0,0.0,0.0,0,False
2026-09-03T19:13:13.289970+00:00,KXBTC15M-26SEP031515-15,81263.07,106.71,81245.64,-17.430000000007567,DOWN,0.65,0.6607502860237582,0.01075028602375816,0.0,0.0,0.0,0.0,0.0,0.0,0,False
2026-09-03T19:13:18.274363+00:00,KXBTC15M-26SEP031515-15,81263.07,101.73,81243.9,-19.170000000012806,DOWN,0.65,0.6607502860237582,0.01075028602375816,0.0,0.0,0.0,0.0,0.0,0.0,0,False
2026-09-03T19:13:23.280473+00:00,KXBTC15M-26SEP031515-15,81263.07,96.72,81243.89,-19.180000000007567,DOWN,0.65,0.6607502860237582,0.01075028602375816,0.0,0.0,0.0,0.0,0.0,0.0,0,False
2026-09-03T19:13:28.336557+00:00,KXBTC15M-26SEP031515-15,81263.07,91.66,81251.98,-11.09000000001106,DOWN,0.65,0.6607502860237582,0.01075028602375816,0.0,0.0,0.0,0.0,0.0,0.0,0,False
2026-09-03T19:13:33.274488+00:00,KXBTC15M-26SEP031515-15,81263.07,86.73,81251.98,-11.09000000001106,DOWN,0.65,0.6607502860237582,0.01075028602375816,0.0,0.0,0.0,0.0,0.0,0.0,0,False
2026-09-03T19:13:38.285508+00:00,KXBTC15M-26SEP031515-15,81263.07,81.71,81237.55,-25.520000000004075,DOWN,0.65,0.6607502860237582,0.01075028602375816,0.0,0.0,0.0,0.0,0.0,0.0,0,False
2026-09-03T19:13:43.299619+00:00,KXBTC15M-26SEP031515-15,81263.07,76.7,81256.35,-6.720000000001164,DOWN,0.65,0.6607502860237582,0.01075028602375816,0.0,0.0,0.0,0.0,0.0,0.0,0,False
2026-09-03T19:13:48.301954+00:00,KXBTC15M-26SEP031515-15,81263.07,71.7,81270.63,7.559999999997672,DOWN,0.65,0.6607502860237582,0.01075028602375816,0.0,0.0,0.0,0.0,0.0,0.0,0,False
2026-09-03T19:13:53.278378+00:00,KXBTC15M-26SEP031515-15,81263.07,66.72,81263.39,0.319999999992433,DOWN,0.65,0.6607502860237582,0.01075028602375816,0.0,0.0,0.0,0.0,0.0,0.0,0,False
2026-09-03T19:13:58.300830+00:00,KXBTC15M-26SEP031515-15,81263.07,61.7,81264.34,1.2699999999895226,DOWN,0.65,0.6607502860237582,0.01075028602375816,0.0,0.0,0.0,0.0,0.0,0.0,0,False
2026-09-03T19:14:03.279490+00:00,KXBTC15M-26SEP031515-15,81263.07,56.72,81240.03,-23.04000000000815,DOWN,0.65,0.6607502860237582,0.01075028602375816,0.0,0.0,0.0,0.0,0.0,0.0,0,False
2026-09-03T19:14:08.279677+00:00,KXBTC15M-26SEP031515-15,81263.07,51.72,81228.5,-34.570000000006985,DOWN,0.65,0.6607502860237582,0.01075028602375816,0.0,0.0,0.0,0.0,0.0,0.0,0,False
2026-09-03T19:14:13.299015+00:00,KXBTC15M-26SEP031515-15,81263.07,46.7,81219.01,-44.060000000012224,DOWN,0.65,0.6607502860237582,0.01075028602375816,0.0,0.0,0.0,0.0,0.0,0.0,0,False
2026-09-03T19:14:18.280052+00:00,KXBTC15M-26SEP031515-15,81263.07,41.72,81210.0,-53.070000000006985,DOWN,0.65,0.6607502860237582,0.01075028602375816,0.0,0.0,0.0,0.0,0.0,0.0,0,False
2026-09-03T19:14:23.277620+00:00,KXBTC15M-26SEP031515-15,81263.07,36.72,81198.0,-65.07000000000698,DOWN,0.65,0.6607502860237582,0.01075028602375816,0.0,0.0,0.0,0.0,0.0,0.0,0,False
2026-09-03T19:14:28.299550+00:00,KXBTC15M-26SEP031515-15,81263.07,31.7,81184.84,-78.23000000001048,DOWN,0.65,0.6607502860237582,0.01075028602375816,0.0,0.0,0.0,0.0,0.0,0.0,0,False
2026-09-03T19:14:33.344913+00:00,KXBTC15M-26SEP031515-15,81263.07,26.66,81189.63,-73.44000000000233,DOWN,0.65,0.6607502860237582,0.01075028602375816,0.0,0.0,0.0,0.0,0.0,0.0,0,False
2026-09-03T19:14:38.277877+00:00,KXBTC15M-26SEP031515-15,81263.07,21.72,81199.27,-63.80000000000291,DOWN,0.65,0.6607502860237582,0.01075028602375816,0.0,0.0,0.0,0.0,0.0,0.0,0,False
2026-09-03T19:14:43.298637+00:00,KXBTC15M-26SEP031515-15,81263.07,16.7,81191.43,-71.64000000001397,DOWN,0.65,0.6607502860237582,0.01075028602375816,0.0,0.0,0.0,0.0,0.0,0.0,0,False
2026-09-03T19:14:48.277449+00:00,KXBTC15M-26SEP031515-15,81263.07,11.72,81194.84,-68.23000000001048,DOWN,0.65,0.6607502860237582,0.01075028602375816,0.0,0.0,0.0,0.0,0.0,0.0,0,False
2026-09-03T19:14:53.275248+00:00,KXBTC15M-26SEP031515-15,81263.07,6.72,81214.72,-48.35000000000582,DOWN,0.65,0.6607502860237582,0.01075028602375816,0.0,0.0,0.0,0.0,0.0,0.0,0,False
2026-09-03T19:14:58.312866+00:00,KXBTC15M-26SEP031515-15,81263.07,1.69,81211.59,-51.48000000001048,DOWN,0.65,0.6607502860237582,0.01075028602375816,0.0,0.0,0.0,0.0,0.0,0.0,0,False
2026-09-03T19:15:13.409135+00:00,KXBTC15M-26SEP031530-30,81209.54,886.59,81201.24,-8.299999999988358,DOWN,0.65,0.6607502860237582,0.01075028602375816,0.0,0.0,0.0,0.0,0.0,0.0,0,False
2026-09-03T19:15:18.379804+00:00,KXBTC15M-26SEP031530-30,81209.54,881.62,81201.24,-8.299999999988358,DOWN,0.65,0.6607502860237582,0.01075028602375816,0.0,0.0,0.0,0.0,0.0,0.0,0,False
2026-09-03T19:15:23.380108+00:00,KXBTC15M-26SEP031530-30,81209.54,876.62,81200.01,-9.529999999998836,DOWN,0.65,0.6607502860237582,0.01075028602375816,0.0,0.0,0.0,0.0,0.0,0.0,0,False
2026-09-03T19:15:28.406427+00:00,KXBTC15M-26SEP031530-30,81209.54,871.59,81195.01,-14.529999999998836,DOWN,0.65,0.6607502860237582,0.01075028602375816,0.0,0.0,0.0,0.0,0.0,0.0,0,False
2026-09-03T19:15:33.421673+00:00,KXBTC15M-26SEP031530-30,81209.54,866.58,81193.01,-16.529999999998836,DOWN,0.65,0.6607502860237582,0.01075028602375816,0.0,0.0,0.0,0.0,0.0,0.0,0,False
2026-09-03T19:15:38.382444+00:00,KXBTC15M-26SEP031530-30,81209.54,861.62,81189.54,-20.0,DOWN,0.65,0.6607502860237582,0.01075028602375816,0.0,0.0,0.0,0.0,0.0,0.0,0,False
2026-09-03T19:15:43.407039+00:00,KXBTC15M-26SEP031530-30,81209.54,856.59,81190.91,-18.629999999990105,DOWN,0.65,0.6607502860237582,0.01075028602375816,0.0,0.0,0.0,0.0,0.0,0.0,0,False
2026-09-03T19:15:48.382551+00:00,KXBTC15M-26SEP031530-30,81209.54,851.62,81177.38,-32.15999999998894,DOWN,0.65,0.6607502860237582,0.01075028602375816,0.0,0.0,0.0,0.0,0.0,0.0,0,False
2026-09-03T19:15:53.391373+00:00,KXBTC15M-26SEP031530-30,81209.54,846.61,81191.63,-17.90999999998894,DOWN,0.65,0.6607502860237582,0.01075028602375816,0.0,0.0,0.0,0.0,0.0,0.0,0,False
2026-09-03T19:15:58.403862+00:00,KXBTC15M-26SEP031530-30,81209.54,841.6,81182.38,-27.15999999998894,DOWN,0.65,0.6607502860237582,0.01075028602375816,0.0,0.0,0.0,0.0,0.0,0.0,0,False
2026-09-03T19:16:03.383752+00:00,KXBTC15M-26SEP031530-30,81209.54,836.62,81209.62,0.08000000000174623,DOWN,0.65,0.6607502860237582,0.01075028602375816,0.0,0.0,0.0,0.0,0.0,0.0,0,False
2026-09-03T19:16:08.384935+00:00,KXBTC15M-26SEP031530-30,81209.54,831.62,81204.22,-5.319999999992433,DOWN,0.65,0.6607502860237582,0.01075028602375816,0.0,0.0,0.0,0.0,0.0,0.0,0,False
2026-09-03T19:16:13.417218+00:00,KXBTC15M-26SEP031530-30,81209.54,826.58,81202.58,-6.959999999991851,DOWN,0.65,0.6607502860237582,0.01075028602375816,0.0,0.0,0.0,0.0,0.0,0.0,0,False
2026-09-03T19:16:18.381897+00:00,KXBTC15M-26SEP031530-30,81209.54,821.62,81192.0,-17.539999999993597,DOWN,0.65,0.6607502860237582,0.01075028602375816,0.0,0.0,0.0,0.0,0.0,0.0,0,False
2026-09-03T19:16:23.380720+00:00,KXBTC15M-26SEP031530-30,81209.54,816.62,81237.25,27.710000000006403,DOWN,0.65,0.6607502860237582,0.01075028602375816,0.0,0.0,0.0,0.0,0.0,0.0,0,False
2026-09-03T19:16:28.407541+00:00,KXBTC15M-26SEP031530-30,81209.54,811.59,81240.04,30.5,DOWN,0.65,0.6607502860237582,0.01075028602375816,0.0,0.0,0.0,0.0,0.0,0.0,0,False
2026-09-03T19:16:33.382886+00:00,KXBTC15M-26SEP031530-30,81209.54,806.62,81238.28,28.74000000000524,DOWN,0.65,0.6607502860237582,0.01075028602375816,0.0,0.0,0.0,0.0,0.0,0.0,0,False
2026-09-03T19:16:38.405015+00:00,KXBTC15M-26SEP031530-30,81209.54,801.59,81240.03,30.49000000000524,DOWN,0.65,0.6607502860237582,0.01075028602375816,0.0,0.0,0.0,0.0,0.0,0.0,0,False
2026-09-03T19:16:43.412021+00:00,KXBTC15M-26SEP031530-30,81209.54,796.59,81231.01,21.470000000001164,DOWN,0.65,0.6607502860237582,0.01075028602375816,0.0,0.0,0.0,0.0,0.0,0.0,0,False
2026-09-03T19:16:48.385342+00:00,KXBTC15M-26SEP031530-30,81209.54,791.61,81240.03,30.49000000000524,DOWN,0.65,0.6607502860237582,0.01075028602375816,0.0,0.0,0.0,0.0,0.0,0.0,0,False
2026-09-03T19:16:53.391081+00:00,KXBTC15M-26SEP031530-30,81209.54,786.61,81231.01,21.470000000001164,DOWN,0.65,0.6607502860237582,0.01075028602375816,0.0,0.0,0.0,0.0,0.0,0.0,0,False
2026-09-03T19:16:58.409348+00:00,KXBTC15M-26SEP031530-30,81209.54,781.59,81231.01,21.470000000001164,DOWN,0.65,0.6607502860237582,0.01075028602375816,0.0,0.0,0.0,0.0,0.0,0.0,0,False
2026-09-03T19:17:03.387389+00:00,KXBTC15M-26SEP031530-30,81209.54,776.61,81234.31,24.770000000004075,DOWN,0.65,0.6607502860237582,0.01075028602375816,0.0,0.0,0.0,0.0,0.0,0.0,0,False
2026-09-03T19:17:08.383453+00:00,KXBTC15M-26SEP031530-30,81209.54,771.62,81225.01,15.470000000001164,DOWN,0.65,0.6607502860237582,0.01075028602375816,0.0,0.0,0.0,0.0,0.0,0.0,0,False
2026-09-03T19:17:13.409563+00:00,KXBTC15M-26SEP031530-30,81209.54,766.59,81229.55,20.010000000009313,DOWN,0.65,0.6607502860237582,0.01075028602375816,0.0,0.0,0.0,0.0,0.0,0.0,0,False
2026-09-03T19:17:18.383854+00:00,KXBTC15M-26SEP031530-30,81209.54,761.62,81234.31,24.770000000004075,DOWN,0.65,0.6607502860237582,0.01075028602375816,0.0,0.0,0.0,0.0,0.0,0.0,0,False
2026-09-03T19:17:23.386341+00:00,KXBTC15M-26SEP031530-30,81209.54,756.61,81240.04,30.5,DOWN,0.65,0.6607502860237582,0.01075028602375816,0.0,0.0,0.0,0.0,0.0,0.0,0,False
2026-09-03T19:17:28.408683+00:00,KXBTC15M-26SEP031530-30,81209.54,751.59,81245.98,36.44000000000233,DOWN,0.65,0.6607502860237582,0.01075028602375816,0.0,0.0,0.0,0.0,0.0,0.0,0,False
2026-09-03T19:17:33.390159+00:00,KXBTC15M-26SEP031530-30,81209.54,746.61,81255.02,45.48000000001048,DOWN,0.65,0.6607502860237582,0.01075028602375816,0.0,0.0,0.0,0.0,0.0,0.0,0,False
2026-09-03T19:17:38.383871+00:00,KXBTC15M-26SEP031530-30,81209.54,741.62,81257.26,47.720000000001164,DOWN,0.65,0.6607502860237582,0.01075028602375816,0.0,0.0,0.0,0.0,0.0,0.0,0,False
2026-09-03T19:17:43.428926+00:00,KXBTC15M-26SEP031530-30,81209.54,736.57,81257.27,47.73000000001048,DOWN,0.65,0.6607502860237582,0.01075028602375816,0.0,0.0,0.0,0.0,0.0,0.0,0,False
2026-09-03T19:17:48.387406+00:00,KXBTC15M-26SEP031530-30,81209.54,731.61,81264.0,54.4600000000064,DOWN,0.65,0.6607502860237582,0.01075028602375816,0.0,0.0,0.0,0.0,0.0,0.0,0,False
2026-09-03T19:17:53.386077+00:00,KXBTC15M-26SEP031530-30,81209.54,726.61,81264.01,54.470000000001164,DOWN,0.65,0.6607502860237582,0.01075028602375816,0.0,0.0,0.0,0.0,0.0,0.0,0,False
2026-09-03T19:17:58.408540+00:00,KXBTC15M-26SEP031530-30,81209.54,721.59,81275.16,65.6200000000099,DOWN,0.65,0.6607502860237582,0.01075028602375816,0.0,0.0,0.0,0.0,0.0,0.0,0,False
2026-09-03T19:18:03.418542+00:00,KXBTC15M-26SEP031530-30,81209.54,716.58,81265.11,55.570000000006985,DOWN,0.65,0.6607502860237582,0.01075028602375816,0.0,0.0,0.0,0.0,0.0,0.0,0,False
2026-09-03T19:18:08.386625+00:00,KXBTC15M-26SEP031530-30,81209.54,711.61,81274.4,64.86000000000058,DOWN,0.65,0.6607502860237582,0.01075028602375816,0.0,0.0,0.0,0.0,0.0,0.0,0,False
2026-09-03T19:18:13.409003+00:00,KXBTC15M-26SEP031530-30,81209.54,706.59,81265.63,56.09000000001106,DOWN,0.65,0.6607502860237582,0.01075028602375816,0.0,0.0,0.0,0.0,0.0,0.0,0,False
2026-09-03T19:18:18.386844+00:00,KXBTC15M-26SEP031530-30,81209.54,701.61,81270.97,61.43000000000757,DOWN,0.65,0.6607502860237582,0.01075028602375816,0.0,0.0,0.0,0.0,0.0,0.0,0,False
2026-09-03T19:18:23.386606+00:00,KXBTC15M-26SEP031530-30,81209.54,696.61,81258.74,49.20000000001164,DOWN,0.65,0.6607502860237582,0.01075028602375816,0.0,0.0,0.0,0.0,0.0,0.0,0,False
2026-09-03T19:18:28.410698+00:00,KXBTC15M-26SEP031530-30,81209.54,691.59,81254.24,44.70000000001164,DOWN,0.65,0.6607502860237582,0.01075028602375816,0.0,0.0,0.0,0.0,0.0,0.0,0,False
2026-09-03T19:18:33.387862+00:00,KXBTC15M-26SEP031530-30,81209.54,686.61,81264.25,54.7100000000064,DOWN,0.65,0.6607502860237582,0.01075028602375816,0.0,0.0,0.0,0.0,0.0,0.0,0,False
2026-09-03T19:18:38.399031+00:00,KXBTC15M-26SEP031530-30,81209.54,681.6,81283.48,73.94000000000233,DOWN,0.65,0.6607502860237582,0.01075028602375816,0.0,0.0,0.0,0.0,0.0,0.0,0,False
2026-09-03T19:18:43.415369+00:00,KXBTC15M-26SEP031530-30,81209.54,676.58,81323.76,114.22000000000116,DOWN,0.65,0.6607502860237582,0.01075028602375816,0.0,0.0,0.0,0.0,0.0,0.0,0,False
2026-09-03T19:18:48.398283+00:00,KXBTC15M-26SEP031530-30,81209.54,671.6,81340.65,131.11000000000058,DOWN,0.65,0.6607502860237582,0.01075028602375816,0.0,0.0,0.0,0.0,0.0,0.0,0,False
2026-09-03T19:18:53.387659+00:00,KXBTC15M-26SEP031530-30,81209.54,666.61,81338.02,128.48000000001048,DOWN,0.65,0.6607502860237582,0.01075028602375816,0.0,0.0,0.0,0.0,0.0,0.0,0,False
2026-09-03T19:18:58.393866+00:00,KXBTC15M-26SEP031530-30,81209.54,661.61,81347.23,137.69000000000233,DOWN,0.65,0.6607502860237582,0.01075028602375816,0.0,0.0,0.0,0.0,0.0,0.0,0,False
2026-09-03T19:19:03.388779+00:00,KXBTC15M-26SEP031530-30,81209.54,656.61,81375.28,165.74000000000524,DOWN,0.65,0.6607502860237582,0.01075028602375816,0.0,0.0,0.0,0.0,0.0,0.0,0,False
2026-09-03T19:19:08.388126+00:00,KXBTC15M-26SEP031530-30,81209.54,651.61,81379.59,170.0500000000029,DOWN,0.65,0.6607502860237582,0.01075028602375816,0.0,0.0,0.0,0.0,0.0,0.0,0,False
2026-09-03T19:19:13.410278+00:00,KXBTC15M-26SEP031530-30,81209.54,646.59,81361.6,152.06000000001222,DOWN,0.65,0.6607502860237582,0.01075028602375816,0.0,0.0,0.0,0.0,0.0,0.0,0,False
2026-09-03T19:19:18.389455+00:00,KXBTC15M-26SEP031530-30,81209.54,641.61,81368.48,158.94000000000233,DOWN,0.65,0.6607502860237582,0.01075028602375816,0.0,0.0,0.0,0.0,0.0,0.0,0,False
2026-09-03T19:19:23.391128+00:00,KXBTC15M-26SEP031530-30,81209.54,636.61,81375.67,166.13000000000466,DOWN,0.65,0.6607502860237582,0.01075028602375816,0.0,0.0,0.0,0.0,0.0,0.0,0,False
2026-09-03T19:19:28.412696+00:00,KXBTC15M-26SEP031530-30,81209.54,631.59,81371.62,162.08000000000175,DOWN,0.65,0.6607502860237582,0.01075028602375816,0.0,0.0,0.0,0.0,0.0,0.0,0,False
2026-09-03T19:19:33.389624+00:00,KXBTC15M-26SEP031530-30,81209.54,626.61,81355.87,146.33000000000175,DOWN,0.65,0.6607502860237582,0.01075028602375816,0.0,0.0,0.0,0.0,0.0,0.0,0,False
2026-09-03T19:19:38.393416+00:00,KXBTC15M-26SEP031530-30,81209.54,621.61,81373.49,163.95000000001164,DOWN,0.65,0.6607502860237582,0.01075028602375816,0.0,0.0,0.0,0.0,0.0,0.0,0,False
2026-09-03T19:19:43.414630+00:00,KXBTC15M-26SEP031530-30,81209.54,616.59,81373.63,164.09000000001106,DOWN,0.65,0.6607502860237582,0.01075028602375816,0.0,0.0,0.0,0.0,0.0,0.0,0,False
2026-09-03T19:19:48.388551+00:00,KXBTC15M-26SEP031530-30,81209.54,611.61,81366.59,157.0500000000029,DOWN,0.65,0.6607502860237582,0.01075028602375816,0.0,0.0,0.0,0.0,0.0,0.0,0,False
2026-09-03T19:19:53.387897+00:00,KXBTC15M-26SEP031530-30,81209.54,606.61,81371.83,162.29000000000815,DOWN,0.65,0.6607502860237582,0.01075028602375816,0.0,0.0,0.0,0.0,0.0,0.0,0,False
2026-09-03T19:19:58.412830+00:00,KXBTC15M-26SEP031530-30,81209.54,601.59,81367.77,158.23000000001048,DOWN,0.65,0.6607502860237582,0.01075028602375816,0.0,0.0,0.0,0.0,0.0,0.0,0,False
2026-09-03T19:20:03.392534+00:00,KXBTC15M-26SEP031530-30,81209.54,596.61,81387.0,177.4600000000064,DOWN,0.65,0.6607502860237582,0.01075028602375816,0.0,0.0,0.0,0.0,0.0,0.0,0,False
2026-09-03T19:20:08.390011+00:00,KXBTC15M-26SEP031530-30,81209.54,591.61,81389.23,179.69000000000233,DOWN,0.65,0.6607502860237582,0.01075028602375816,0.0,0.0,0.0,0.0,0.0,0.0,0,False
2026-09-03T19:20:13.415758+00:00,KXBTC15M-26SEP031530-30,81209.54,586.58,81398.51,188.97000000000116,DOWN,0.65,0.6607502860237582,0.01075028602375816,0.0,0.0,0.0,0.0,0.0,0.0,0,False
2026-09-03T19:20:18.402609+00:00,KXBTC15M-26SEP031530-30,81209.54,581.6,81418.48,208.94000000000233,DOWN,0.65,0.6607502860237582,0.01075028602375816,0.0,0.0,0.0,0.0,0.0,0.0,0,False
2026-09-03T19:20:23.390004+00:00,KXBTC15M-26SEP031530-30,81209.54,576.61,81418.51,208.97000000000116,DOWN,0.65,0.6607502860237582,0.01075028602375816,0.0,0.0,0.0,0.0,0.0,0.0,0,False
2026-09-03T19:20:28.415035+00:00,KXBTC15M-26SEP031530-30,81209.54,571.58,81421.7,212.1600000000035,DOWN,0.65,0.6607502860237582,0.01075028602375816,0.0,0.0,0.0,0.0,0.0,0.0,0,False
2026-09-03T19:20:33.409938+00:00,KXBTC15M-26SEP031530-30,81209.54,566.59,81421.73,212.19000000000233,DOWN,0.65,0.6607502860237582,0.01075028602375816,0.0,0.0,0.0,0.0,0.0,0.0,0,False
2026-09-03T19:20:38.389501+00:00,KXBTC15M-26SEP031530-30,81209.54,561.61,81432.01,222.47000000000116,DOWN,0.65,0.6607502860237582,0.01075028602375816,0.0,0.0,0.0,0.0,0.0,0.0,0,False
2026-09-03T19:20:43.419948+00:00,KXBTC15M-26SEP031530-30,81209.54,556.58,81446.98,237.44000000000233,DOWN,0.65,0.6607502860237582,0.01075028602375816,0.0,0.0,0.0,0.0,0.0,0.0,0,False
2026-09-03T19:20:48.389261+00:00,KXBTC15M-26SEP031530-30,81209.54,551.61,81477.47,267.93000000000757,DOWN,0.65,0.6607502860237582,0.01075028602375816,0.0,0.0,0.0,0.0,0.0,0.0,0,False
2026-09-03T19:20:53.413944+00:00,KXBTC15M-26SEP031530-30,81209.54,546.59,81481.13,271.59000000001106,DOWN,0.65,0.6607502860237582,0.01075028602375816,0.0,0.0,0.0,0.0,0.0,0.0,0,False
2026-09-03T19:20:58.417426+00:00,KXBTC15M-26SEP031530-30,81209.54,541.58,81525.99,316.45000000001164,DOWN,0.65,0.6607502860237582,0.01075028602375816,0.0,0.0,0.0,0.0,0.0,0.0,0,False
2026-09-03T19:21:03.444934+00:00,KXBTC15M-26SEP031530-30,81209.54,536.56,81490.67,281.13000000000466,DOWN,0.65,0.6607502860237582,0.01075028602375816,0.0,0.0,0.0,0.0,0.0,0.0,0,False
2026-09-03T19:21:08.389422+00:00,KXBTC15M-26SEP031530-30,81209.54,531.61,81482.67,273.13000000000466,DOWN,0.65,0.6607502860237582,0.01075028602375816,0.0,0.0,0.0,0.0,0.0,0.0,0,False
2026-09-03T19:21:13.424766+00:00,KXBTC15M-26SEP031530-30,81209.54,526.58,81482.67,273.13000000000466,DOWN,0.65,0.6607502860237582,0.01075028602375816,0.0,0.0,0.0,0.0,0.0,0.0,0,False
2026-09-03T19:21:18.390314+00:00,KXBTC15M-26SEP031530-30,81209.54,521.61,81492.52,282.9800000000105,DOWN,0.65,0.6607502860237582,0.01075028602375816,0.0,0.0,0.0,0.0,0.0,0.0,0,False
2026-09-03T19:21:23.425836+00:00,KXBTC15M-26SEP031530-30,81209.54,516.57,81515.66,306.1200000000099,DOWN,0.65,0.6607502860237582,0.01075028602375816,0.0,0.0,0.0,0.0,0.0,0.0,0,False
2026-09-03T19:21:28.414819+00:00,KXBTC15M-26SEP031530-30,81209.54,511.59,81524.99,315.45000000001164,DOWN,0.65,0.6607502860237582,0.01075028602375816,0.0,0.0,0.0,0.0,0.0,0.0,0,False
2026-09-03T19:21:33.409486+00:00,KXBTC15M-26SEP031530-30,81209.54,506.59,81511.48,301.9400000000023,DOWN,0.65,0.6607502860237582,0.01075028602375816,0.0,0.0,0.0,0.0,0.0,0.0,0,False
2026-09-03T19:21:38.388899+00:00,KXBTC15M-26SEP031530-30,81209.54,501.61,81509.92,300.38000000000466,DOWN,0.65,0.6607502860237582,0.01075028602375816,0.0,0.0,0.0,0.0,0.0,0.0,0,False
2026-09-03T19:21:43.420464+00:00,KXBTC15M-26SEP031530-30,81209.54,496.58,81531.5,321.9600000000064,DOWN,0.65,0.6607502860237582,0.01075028602375816,0.0,0.0,0.0,0.0,0.0,0.0,0,False
2026-09-03T19:21:48.392134+00:00,KXBTC15M-26SEP031530-30,81209.54,491.61,81540.4,330.8600000000006,DOWN,0.65,0.6607502860237582,0.01075028602375816,0.0,0.0,0.0,0.0,0.0,0.0,0,False
2026-09-03T19:21:53.389267+00:00,KXBTC15M-26SEP031530-30,81209.54,486.61,81570.61,361.070000000007,DOWN,0.65,0.6607502860237582,0.01075028602375816,0.0,0.0,0.0,0.0,0.0,0.0,0,False
2026-09-03T19:21:58.414400+00:00,KXBTC15M-26SEP031530-30,81209.54,481.59,81589.91,380.3700000000099,DOWN,0.65,0.6607502860237582,0.01075028602375816,0.0,0.0,0.0,0.0,0.0,0.0,0,False
2026-09-03T19:22:03.394541+00:00,KXBTC15M-26SEP031530-30,81209.54,476.61,81580.45,370.9100000000035,DOWN,0.65,0.6607502860237582,0.01075028602375816,0.0,0.0,0.0,0.0,0.0,0.0,0,False
2026-09-03T19:22:08.400078+00:00,KXBTC15M-26SEP031530-30,81209.54,471.6,81575.62,366.08000000000175,DOWN,0.65,0.6607502860237582,0.01075028602375816,0.0,0.0,0.0,0.0,0.0,0.0,0,False
2026-09-03T19:22:13.412828+00:00,KXBTC15M-26SEP031530-30,81209.54,466.59,81563.61,354.070000000007,DOWN,0.65,0.6607502860237582,0.01075028602375816,0.0,0.0,0.0,0.0,0.0,0.0,0,False
2026-09-03T19:22:18.391835+00:00,KXBTC15M-26SEP031530-30,81209.54,461.61,81557.5,347.9600000000064,DOWN,0.65,0.6607502860237582,0.01075028602375816,0.0,0.0,0.0,0.0,0.0,0.0,0,False
2026-09-03T19:22:23.397242+00:00,KXBTC15M-26SEP031530-30,81209.54,456.6,81570.93,361.3899999999994,DOWN,0.65,0.6607502860237582,0.01075028602375816,0.0,0.0,0.0,0.0,0.0,0.0,0,False
2026-09-03T19:22:28.440770+00:00,KXBTC15M-26SEP031530-30,81209.54,451.56,81562.06,352.5200000000041,DOWN,0.65,0.6607502860237582,0.01075028602375816,0.0,0.0,0.0,0.0,0.0,0.0,0,False
2026-09-03T19:22:33.404933+00:00,KXBTC15M-26SEP031530-30,81209.54,446.6,81562.74,353.20000000001164,DOWN,0.65,0.6607502860237582,0.01075028602375816,0.0,0.0,0.0,0.0,0.0,0.0,0,False
2026-09-03T19:22:38.415985+00:00,KXBTC15M-26SEP031530-30,81209.54,441.58,81537.43,327.8899999999994,DOWN,0.65,0.6607502860237582,0.01075028602375816,0.0,0.0,0.0,0.0,0.0,0.0,0,False
2026-09-03T19:22:43.453490+00:00,KXBTC15M-26SEP031530-30,81209.54,436.55,81535.49,325.95000000001164,DOWN,0.65,0.6607502860237582,0.01075028602375816,0.0,0.0,0.0,0.0,0.0,0.0,0,False
2026-09-03T19:22:48.394531+00:00,KXBTC15M-26SEP031530-30,81209.54,431.61,81532.59,323.0500000000029,DOWN,0.65,0.6607502860237582,0.01075028602375816,0.0,0.0,0.0,0.0,0.0,0.0,0,False
2026-09-03T19:22:53.398704+00:00,KXBTC15M-26SEP031530-30,81209.54,426.6,81533.91,324.3700000000099,DOWN,0.65,0.6607502860237582,0.01075028602375816,0.0,0.0,0.0,0.0,0.0,0.0,0,False
2026-09-03T19:22:58.413641+00:00,KXBTC15M-26SEP031530-30,81209.54,421.59,81552.46,342.9200000000128,DOWN,0.65,0.6607502860237582,0.01075028602375816,0.0,0.0,0.0,0.0,0.0,0.0,0,False
2026-09-03T19:23:03.404492+00:00,KXBTC15M-26SEP031530-30,81209.54,416.6,81577.51,367.97000000000116,DOWN,0.65,0.6607502860237582,0.01075028602375816,0.0,0.0,0.0,0.0,0.0,0.0,0,False
2026-09-03T19:23:08.393178+00:00,KXBTC15M-26SEP031530-30,81209.54,411.61,81600.73,391.1900000000023,DOWN,0.65,0.6607502860237582,0.01075028602375816,0.0,0.0,0.0,0.0,0.0,0.0,0,False
2026-09-03T19:23:13.420725+00:00,KXBTC15M-26SEP031530-30,81209.54,406.58,81611.93,402.3899999999994,DOWN,0.65,0.6607502860237582,0.01075028602375816,0.0,0.0,0.0,0.0,0.0,0.0,0,False
2026-09-03T19:23:18.394488+00:00,KXBTC15M-26SEP031530-30,81209.54,401.61,81589.87,380.33000000000175,DOWN,0.65,0.6607502860237582,0.01075028602375816,0.0,0.0,0.0,0.0,0.0,0.0,0,False
2026-09-03T19:23:23.393466+00:00,KXBTC15M-26SEP031530-30,81209.54,396.61,81585.09,375.5500000000029,DOWN,0.65,0.6607502860237582,0.01075028602375816,0.0,0.0,0.0,0.0,0.0,0.0,0,False
2026-09-03T19:23:28.420221+00:00,KXBTC15M-26SEP031530-30,81209.54,391.58,81567.6,358.0600000000122,DOWN,0.65,0.6607502860237582,0.01075028602375816,0.0,0.0,0.0,0.0,0.0,0.0,0,False
2026-09-03T19:23:33.397079+00:00,KXBTC15M-26SEP031530-30,81209.54,386.6,81577.55,368.0100000000093,DOWN,0.65,0.6607502860237582,0.01075028602375816,0.0,0.0,0.0,0.0,0.0,0.0,0,False
2026-09-03T19:23:38.392842+00:00,KXBTC15M-26SEP031530-30,81209.54,381.61,81570.08,360.54000000000815,DOWN,0.65,0.6607502860237582,0.01075028602375816,0.0,0.0,0.0,0.0,0.0,0.0,0,False
2026-09-03T19:23:43.423800+00:00,KXBTC15M-26SEP031530-30,81209.54,376.58,81564.42,354.88000000000466,DOWN,0.65,0.6607502860237582,0.01075028602375816,0.0,0.0,0.0,0.0,0.0,0.0,0,False
2026-09-03T19:23:48.393284+00:00,KXBTC15M-26SEP031530-30,81209.54,371.61,81564.43,354.8899999999994,DOWN,0.65,0.6607502860237582,0.01075028602375816,0.0,0.0,0.0,0.0,0.0,0.0,0,False
2026-09-03T19:23:53.392244+00:00,KXBTC15M-26SEP031530-30,81209.54,366.61,81557.5,347.9600000000064,DOWN,0.65,0.6607502860237582,0.01075028602375816,0.0,0.0,0.0,0.0,0.0,0.0,0,False
2026-09-03T19:23:58.417399+00:00,KXBTC15M-26SEP031530-30,81209.54,361.58,81561.37,351.83000000000175,DOWN,0.65,0.6607502860237582,0.01075028602375816,0.0,0.0,0.0,0.0,0.0,0.0,0,False
2026-09-03T19:24:03.464487+00:00,KXBTC15M-26SEP031530-30,81209.54,356.54,81574.01,364.47000000000116,DOWN,0.65,0.6607502860237582,0.01075028602375816,0.0,0.0,0.0,0.0,0.0,0.0,0,False
2026-09-03T19:24:08.391552+00:00,KXBTC15M-26SEP031530-30,81209.54,351.61,81572.29,362.75,DOWN,0.65,0.6607502860237582,0.01075028602375816,0.0,0.0,0.0,0.0,0.0,0.0,0,False
2026-09-03T19:24:13.416956+00:00,KXBTC15M-26SEP031530-30,81209.54,346.58,81533.88,324.34000000001106,DOWN,0.65,0.6607502860237582,0.01075028602375816,0.0,0.0,0.0,0.0,0.0,0.0,0,False
2026-09-03T19:24:18.396324+00:00,KXBTC15M-26SEP031530-30,81209.54,341.6,81530.01,320.47000000000116,DOWN,0.65,0.6607502860237582,0.01075028602375816,0.0,0.0,0.0,0.0,0.0,0.0,0,False
2026-09-03T19:24:23.403221+00:00,KXBTC15M-26SEP031530-30,81209.54,336.6,81532.94,323.40000000000873,DOWN,0.65,0.6607502860237582,0.01075028602375816,0.0,0.0,0.0,0.0,0.0,0.0,0,False
2026-09-03T19:24:28.430353+00:00,KXBTC15M-26SEP031530-30,81209.54,331.57,81546.42,336.88000000000466,DOWN,0.65,0.6607502860237582,0.01075028602375816,0.0,0.0,0.0,0.0,0.0,0.0,0,False
2026-09-03T19:24:33.395775+00:00,KXBTC15M-26SEP031530-30,81209.54,326.6,81554.52,344.9800000000105,DOWN,0.65,0.6607502860237582,0.01075028602375816,0.0,0.0,0.0,0.0,0.0,0.0,0,False
2026-09-03T19:24:38.429983+00:00,KXBTC15M-26SEP031530-30,81209.54,321.57,81546.31,336.7700000000041,DOWN,0.65,0.6607502860237582,0.01075028602375816,0.0,0.0,0.0,0.0,0.0,0.0,0,False
2026-09-03T19:24:43.434160+00:00,KXBTC15M-26SEP031530-30,81209.54,316.57,81554.52,344.9800000000105,DOWN,0.65,0.6607502860237582,0.01075028602375816,0.0,0.0,0.0,0.0,0.0,0.0,0,False
2026-09-03T19:24:48.415785+00:00,KXBTC15M-26SEP031530-30,81209.54,311.58,81537.32,327.7800000000134,DOWN,0.65,0.6607502860237582,0.01075028602375816,0.0,0.0,0.0,0.0,0.0,0.0,0,False
2026-09-03T19:24:53.396302+00:00,KXBTC15M-26SEP031530-30,81209.54,306.6,81535.51,325.97000000000116,DOWN,0.65,0.6607502860237582,0.01075028602375816,0.0,0.0,0.0,0.0,0.0,0.0,0,False
2026-09-03T19:24:58.469443+00:00,KXBTC15M-26SEP031530-30,81209.54,301.53,81537.33,327.79000000000815,DOWN,0.65,0.6607502860237582,0.01075028602375816,0.0,0.0,0.0,0.0,0.0,0.0,0,False
2026-09-03T19:25:03.394456+00:00,KXBTC15M-26SEP031530-30,81209.54,296.61,81537.23,327.6900000000023,DOWN,0.65,0.6607502860237582,0.01075028602375816,0.0,0.0,0.0,0.0,0.0,0.0,0,False
2026-09-03T19:25:08.414783+00:00,KXBTC15M-26SEP031530-30,81209.54,291.59,81530.01,320.47000000000116,DOWN,0.65,0.6607502860237582,0.01075028602375816,0.0,0.0,0.0,0.0,0.0,0.0,0,False
2026-09-03T19:25:13.447162+00:00,KXBTC15M-26SEP031530-30,81209.54,286.55,81486.81,277.2700000000041,DOWN,0.65,0.6607502860237582,0.01075028602375816,0.0,0.0,0.0,0.0,0.0,0.0,0,False
2026-09-03T19:25:18.407254+00:00,KXBTC15M-26SEP031530-30,81209.54,281.59,81428.99,219.45000000001164,DOWN,0.65,0.6607502860237582,0.01075028602375816,0.0,0.0,0.0,0.0,0.0,0.0,0,False
2026-09-03T19:25:23.456856+00:00,KXBTC15M-26SEP031530-30,81209.54,276.54,81457.12,247.58000000000175,DOWN,0.65,0.6607502860237582,0.01075028602375816,0.0,0.0,0.0,0.0,0.0,0.0,0,False
2026-09-03T19:25:28.421880+00:00,KXBTC15M-26SEP031530-30,81209.54,271.58,81457.03,247.49000000000524,DOWN,0.65,0.6607502860237582,0.01075028602375816,0.0,0.0,0.0,0.0,0.0,0.0,0,False
2026-09-03T19:25:33.398693+00:00,KXBTC15M-26SEP031530-30,81209.54,266.6,81473.93,264.3899999999994,DOWN,0.65,0.6607502860237582,0.01075028602375816,0.0,0.0,0.0,0.0,0.0,0.0,0,False
2026-09-03T19:25:38.395078+00:00,KXBTC15M-26SEP031530-30,81209.54,261.6,81445.11,235.57000000000698,DOWN,0.65,0.6607502860237582,0.01075028602375816,0.0,0.0,0.0,0.0,0.0,0.0,0,False
2026-09-03T19:25:43.432006+00:00,KXBTC15M-26SEP031530-30,81209.54,256.57,81411.83,202.29000000000815,DOWN,0.65,0.6607502860237582,0.01075028602375816,0.0,0.0,0.0,0.0,0.0,0.0,0,False
2026-09-03T19:25:48.396852+00:00,KXBTC15M-26SEP031530-30,81209.54,251.6,81408.39,198.85000000000582,DOWN,0.65,0.6607502860237582,0.01075028602375816,0.0,0.0,0.0,0.0,0.0,0.0,0,False
2026-09-03T19:25:53.470595+00:00,KXBTC15M-26SEP031530-30,81209.54,246.53,81440.64,231.10000000000582,DOWN,0.65,0.6607502860237582,0.01075028602375816,0.0,0.0,0.0,0.0,0.0,0.0,0,False
2026-09-03T19:25:58.418066+00:00,KXBTC15M-26SEP031530-30,81209.54,241.58,81448.45,238.9100000000035,DOWN,0.65,0.6607502860237582,0.01075028602375816,0.0,0.0,0.0,0.0,0.0,0.0,0,False
2026-09-03T19:26:03.395840+00:00,KXBTC15M-26SEP031530-30,81209.54,236.6,81443.65,234.11000000000058,DOWN,0.65,0.6607502860237582,0.01075028602375816,0.0,0.0,0.0,0.0,0.0,0.0,0,False
2026-09-03T19:26:08.393718+00:00,KXBTC15M-26SEP031530-30,81209.54,231.61,81454.86,245.32000000000698,DOWN,0.65,0.6607502860237582,0.01075028602375816,0.0,0.0,0.0,0.0,0.0,0.0,0,False
2026-09-03T19:26:13.417848+00:00,KXBTC15M-26SEP031530-30,81209.54,226.58,81472.19,262.65000000000873,DOWN,0.65,0.6607502860237582,0.01075028602375816,0.0,0.0,0.0,0.0,0.0,0.0,0,False
2026-09-03T19:26:18.400199+00:00,KXBTC15M-26SEP031530-30,81209.54,221.6,81471.35,261.8100000000122,DOWN,0.65,0.6607502860237582,0.01075028602375816,0.0,0.0,0.0,0.0,0.0,0.0,0,False
2026-09-03T19:26:23.395506+00:00,KXBTC15M-26SEP031530-30,81209.54,216.6,81492.06,282.5200000000041,DOWN,0.65,0.6607502860237582,0.01075028602375816,0.0,0.0,0.0,0.0,0.0,0.0,0,False
2026-09-03T19:26:28.444742+00:00,KXBTC15M-26SEP031530-30,81209.54,211.56,81512.98,303.4400000000023,DOWN,0.65,0.6607502860237582,0.01075028602375816,0.0,0.0,0.0,0.0,0.0,0.0,0,False
2026-09-03T19:26:33.396874+00:00,KXBTC15M-26SEP031530-30,81209.54,206.6,81512.98,303.4400000000023,DOWN,0.65,0.6607502860237582,0.01075028602375816,0.0,0.0,0.0,0.0,0.0,0.0,0,False
2026-09-03T19:26:38.403709+00:00,KXBTC15M-26SEP031530-30,81209.54,201.6,81511.34,301.8000000000029,DOWN,0.65,0.6607502860237582,0.01075028602375816,0.0,0.0,0.0,0.0,0.0,0.0,0,False
2026-09-03T19:26:43.451622+00:00,KXBTC15M-26SEP031530-30,81209.54,196.55,81479.37,269.83000000000175,DOWN,0.65,0.6607502860237582,0.01075028602375816,0.0,0.0,0.0,0.0,0.0,0.0,0,False
2026-09-03T19:26:48.395948+00:00,KXBTC15M-26SEP031530-30,81209.54,191.6,81487.4,277.8600000000006,DOWN,0.65,0.6607502860237582,0.01075028602375816,0.0,0.0,0.0,0.0,0.0,0.0,0,False
2026-09-03T19:26:53.400522+00:00,KXBTC15M-26SEP031530-30,81209.54,186.6,81491.98,282.4400000000023,DOWN,0.65,0.6607502860237582,0.01075028602375816,0.0,0.0,0.0,0.0,0.0,0.0,0,False
2026-09-03T19:26:58.420891+00:00,KXBTC15M-26SEP031530-30,81209.54,181.58,81485.65,276.1100000000006,DOWN,0.65,0.6607502860237582,0.01075028602375816,0.0,0.0,0.0,0.0,0.0,0.0,0,False
2026-09-03T19:27:03.423577+00:00,KXBTC15M-26SEP031530-30,81209.54,176.58,81489.95,280.4100000000035,DOWN,0.65,0.6607502860237582,0.01075028602375816,0.0,0.0,0.0,0.0,0.0,0.0,0,False
2026-09-03T19:27:08.406983+00:00,KXBTC15M-26SEP031530-30,81209.54,171.59,81485.68,276.1399999999994,DOWN,0.65,0.6607502860237582,0.01075028602375816,0.0,0.0,0.0,0.0,0.0,0.0,0,False
2026-09-03T19:27:13.426078+00:00,KXBTC15M-26SEP031530-30,81209.54,166.57,81489.48,279.9400000000023,DOWN,0.65,0.6607502860237582,0.01075028602375816,0.0,0.0,0.0,0.0,0.0,0.0,0,False
2026-09-03T19:27:18.396239+00:00,KXBTC15M-26SEP031530-30,81209.54,161.6,81507.62,298.08000000000175,DOWN,0.65,0.6607502860237582,0.01075028602375816,0.0,0.0,0.0,0.0,0.0,0.0,0,False
2026-09-03T19:27:23.397369+00:00,KXBTC15M-26SEP031530-30,81209.54,156.6,81494.96,285.4200000000128,DOWN,0.65,0.6607502860237582,0.01075028602375816,0.0,0.0,0.0,0.0,0.0,0.0,0,False
2026-09-03T19:27:28.427116+00:00,KXBTC15M-26SEP031530-30,81209.54,151.57,81493.75,284.2100000000064,DOWN,0.65,0.6607502860237582,0.01075028602375816,0.0,0.0,0.0,0.0,0.0,0.0,0,False
2026-09-03T19:27:33.406758+00:00,KXBTC15M-26SEP031530-30,81209.54,146.59,81486.97,277.43000000000757,DOWN,0.65,0.6607502860237582,0.01075028602375816,0.0,0.0,0.0,0.0,0.0,0.0,0,False
2026-09-03T19:27:38.398574+00:00,KXBTC15M-26SEP031530-30,81209.54,141.6,81486.97,277.43000000000757,DOWN,0.65,0.6607502860237582,0.01075028602375816,0.0,0.0,0.0,0.0,0.0,0.0,0,False
2026-09-03T19:27:43.421728+00:00,KXBTC15M-26SEP031530-30,81209.54,136.58,81486.98,277.4400000000023,DOWN,0.65,0.6607502860237582,0.01075028602375816,0.0,0.0,0.0,0.0,0.0,0.0,0,False
2026-09-03T19:27:50.011495+00:00,KXBTC15M-26SEP031530-30,81209.54,129.99,81492.54,283.0,DOWN,0.65,0.6607502860237582,0.01075028602375816,0.0,0.0,0.0,0.0,0.0,0.0,0,False
2026-09-03T19:27:53.397136+00:00,KXBTC15M-26SEP031530-30,81209.54,126.6,81499.48,289.9400000000023,DOWN,0.65,0.6607502860237582,0.01075028602375816,0.0,0.0,0.0,0.0,0.0,0.0,0,False
2026-09-03T19:27:58.424008+00:00,KXBTC15M-26SEP031530-30,81209.54,121.58,81500.56,291.0200000000041,DOWN,0.65,0.6607502860237582,0.01075028602375816,0.0,0.0,0.0,0.0,0.0,0.0,0,False
2026-09-03T19:28:03.402235+00:00,KXBTC15M-26SEP031530-30,81209.54,116.6,81490.84,281.3000000000029,DOWN,0.65,0.6607502860237582,0.01075028602375816,0.0,0.0,0.0,0.0,0.0,0.0,0,False
2026-09-03T19:28:08.401326+00:00,KXBTC15M-26SEP031530-30,81209.54,111.6,81507.62,298.08000000000175,DOWN,0.65,0.6607502860237582,0.01075028602375816,0.0,0.0,0.0,0.0,0.0,0.0,0,False
2026-09-03T19:28:13.420803+00:00,KXBTC15M-26SEP031530-30,81209.54,106.58,81500.78,291.24000000000524,DOWN,0.65,0.6607502860237582,0.01075028602375816,0.0,0.0,0.0,0.0,0.0,0.0,0,False
2026-09-03T19:28:18.399026+00:00,KXBTC15M-26SEP031530-30,81209.54,101.6,81507.61,298.070000000007,DOWN,0.65,0.6607502860237582,0.01075028602375816,0.0,0.0,0.0,0.0,0.0,0.0,0,False
2026-09-03T19:28:23.401123+00:00,KXBTC15M-26SEP031530-30,81209.54,96.6,81507.61,298.070000000007,DOWN,0.65,0.6607502860237582,0.01075028602375816,0.0,0.0,0.0,0.0,0.0,0.0,0,False
2026-09-03T19:28:28.421847+00:00,KXBTC15M-26SEP031530-30,81209.54,91.58,81522.98,313.4400000000023,DOWN,0.65,0.6607502860237582,0.01075028602375816,0.0,0.0,0.0,0.0,0.0,0.0,0,False
2026-09-03T19:28:33.398229+00:00,KXBTC15M-26SEP031530-30,81209.54,86.6,81527.19,317.65000000000873,DOWN,0.65,0.6607502860237582,0.01075028602375816,0.0,0.0,0.0,0.0,0.0,0.0,0,False
2026-09-03T19:28:38.399475+00:00,KXBTC15M-26SEP031530-30,81209.54,81.6,81561.58,352.04000000000815,DOWN,0.65,0.6607502860237582,0.01075028602375816,0.0,0.0,0.0,0.0,0.0,0.0,0,False
2026-09-03T19:28:43.435567+00:00,KXBTC15M-26SEP031530-30,81209.54,76.56,81570.5,360.9600000000064,DOWN,0.65,0.6607502860237582,0.01075028602375816,0.0,0.0,0.0,0.0,0.0,0.0,0,False
2026-09-03T19:28:48.416286+00:00,KXBTC15M-26SEP031530-30,81209.54,71.58,81570.46,360.9200000000128,DOWN,0.65,0.6607502860237582,0.01075028602375816,0.0,0.0,0.0,0.0,0.0,0.0,0,False
2026-09-03T19:28:53.438172+00:00,KXBTC15M-26SEP031530-30,81209.54,66.56,81539.31,329.7700000000041,DOWN,0.65,0.6607502860237582,0.01075028602375816,0.0,0.0,0.0,0.0,0.0,0.0,0,False
2026-09-03T19:28:58.424133+00:00,KXBTC15M-26SEP031530-30,81209.54,61.58,81553.59,344.0500000000029,DOWN,0.65,0.6607502860237582,0.01075028602375816,0.0,0.0,0.0,0.0,0.0,0.0,0,False
2026-09-03T19:29:03.399843+00:00,KXBTC15M-26SEP031530-30,81209.54,56.6,81564.96,355.4200000000128,DOWN,0.65,0.6607502860237582,0.01075028602375816,0.0,0.0,0.0,0.0,0.0,0.0,0,False
2026-09-03T19:29:08.399046+00:00,KXBTC15M-26SEP031530-30,81209.54,51.6,81562.41,352.8700000000099,DOWN,0.65,0.6607502860237582,0.01075028602375816,0.0,0.0,0.0,0.0,0.0,0.0,0,False
2026-09-03T19:29:13.425506+00:00,KXBTC15M-26SEP031530-30,81209.54,46.57,81567.28,357.74000000000524,DOWN,0.65,0.6607502860237582,0.01075028602375816,0.0,0.0,0.0,0.0,0.0,0.0,0,False
2026-09-03T19:29:18.404157+00:00,KXBTC15M-26SEP031530-30,81209.54,41.6,81556.43,346.8899999999994,DOWN,0.65,0.6607502860237582,0.01075028602375816,0.0,0.0,0.0,0.0,0.0,0.0,0,False
2026-09-03T19:29:23.399194+00:00,KXBTC15M-26SEP031530-30,81209.54,36.6,81564.82,355.2800000000134,DOWN,0.65,0.6607502860237582,0.01075028602375816,0.0,0.0,0.0,0.0,0.0,0.0,0,False
2026-09-03T19:29:28.439892+00:00,KXBTC15M-26SEP031530-30,81209.54,31.56,81560.03,350.49000000000524,DOWN,0.65,0.6607502860237582,0.01075028602375816,0.0,0.0,0.0,0.0,0.0,0.0,0,False
2026-09-03T19:29:33.401796+00:00,KXBTC15M-26SEP031530-30,81209.54,26.6,81566.15,356.6100000000006,DOWN,0.65,0.6607502860237582,0.01075028602375816,0.0,0.0,0.0,0.0,0.0,0.0,0,False
2026-09-03T19:29:38.401716+00:00,KXBTC15M-26SEP031530-30,81209.54,21.6,81566.15,356.6100000000006,DOWN,0.65,0.6607502860237582,0.01075028602375816,0.0,0.0,0.0,0.0,0.0,0.0,0,False
2026-09-03T19:29:43.429964+00:00,KXBTC15M-26SEP031530-30,81209.54,16.57,81573.22,363.68000000000757,DOWN,0.65,0.6607502860237582,0.01075028602375816,0.0,0.0,0.0,0.0,0.0,0.0,0,False
2026-09-03T19:29:48.404038+00:00,KXBTC15M-26SEP031530-30,81209.54,11.6,81547.42,337.88000000000466,DOWN,0.65,0.6607502860237582,0.01075028602375816,0.0,0.0,0.0,0.0,0.0,0.0,0,False
2026-09-03T19:29:53.402874+00:00,KXBTC15M-26SEP031530-30,81209.54,6.6,81548.94,339.40000000000873,DOWN,0.65,0.6607502860237582,0.01075028602375816,0.0,0.0,0.0,0.0,0.0,0.0,0,False
2026-09-03T19:29:58.426952+00:00,KXBTC15M-26SEP031530-30,81209.54,1.57,81550.4,340.8600000000006,DOWN,0.65,0.6607502860237582,0.01075028602375816,0.0,0.0,0.0,0.0,0.0,0.0,0,False
2026-09-03T19:30:28.743178+00:00,KXBTC15M-26SEP031545-45,81561.39,871.26,81564.4,3.0099999999947613,DOWN,0.65,0.6607502860237582,0.01075028602375816,0.0,0.0,0.0,0.0,0.0,0.0,0,False
2026-09-03T19:30:33.726527+00:00,KXBTC15M-26SEP031545-45,81561.39,866.27,81552.09,-9.30000000000291,DOWN,0.65,0.6607502860237582,0.01075028602375816,0.0,0.0,0.0,0.0,0.0,0.0,0,False
2026-09-03T19:30:38.726416+00:00,KXBTC15M-26SEP031545-45,81561.39,861.27,81547.15,-14.240000000005239,DOWN,0.65,0.6607502860237582,0.01075028602375816,0.0,0.0,0.0,0.0,0.0,0.0,0,False
2026-09-03T19:30:43.747252+00:00,KXBTC15M-26SEP031545-45,81561.39,856.25,81521.99,-39.39999999999418,DOWN,0.65,0.6607502860237582,0.01075028602375816,0.0,0.0,0.0,0.0,0.0,0.0,0,False
2026-09-03T19:30:48.725802+00:00,KXBTC15M-26SEP031545-45,81561.39,851.27,81504.0,-57.38999999999942,DOWN,0.65,0.6607502860237582,0.01075028602375816,0.0,0.0,0.0,0.0,0.0,0.0,0,False
2026-09-03T19:30:53.729401+00:00,KXBTC15M-26SEP031545-45,81561.39,846.27,81492.01,-69.38000000000466,DOWN,0.65,0.6607502860237582,0.01075028602375816,0.0,0.0,0.0,0.0,0.0,0.0,0,False
2026-09-03T19:30:58.748125+00:00,KXBTC15M-26SEP031545-45,81561.39,841.25,81505.78,-55.61000000000058,DOWN,0.65,0.6607502860237582,0.01075028602375816,0.0,0.0,0.0,0.0,0.0,0.0,0,False
2026-09-03T19:31:03.726653+00:00,KXBTC15M-26SEP031545-45,81561.39,836.27,81513.01,-48.38000000000466,DOWN,0.65,0.6607502860237582,0.01075028602375816,0.0,0.0,0.0,0.0,0.0,0.0,0,False
2026-09-03T19:31:08.729406+00:00,KXBTC15M-26SEP031545-45,81561.39,831.27,81508.78,-52.61000000000058,DOWN,0.65,0.6607502860237582,0.01075028602375816,0.0,0.0,0.0,0.0,0.0,0.0,0,False
2026-09-03T19:31:13.729887+00:00,KXBTC15M-26SEP031545-45,81561.39,826.27,81508.77,-52.61999999999534,DOWN,0.65,0.6607502860237582,0.01075028602375816,0.0,0.0,0.0,0.0,0.0,0.0,0,False
2026-09-03T19:31:18.727422+00:00,KXBTC15M-26SEP031545-45,81561.39,821.27,81490.55,-70.83999999999651,DOWN,0.65,0.6607502860237582,0.01075028602375816,0.0,0.0,0.0,0.0,0.0,0.0,0,False
2026-09-03T19:31:23.728995+00:00,KXBTC15M-26SEP031545-45,81561.39,816.27,81491.96,-69.42999999999302,DOWN,0.65,0.6607502860237582,0.01075028602375816,0.0,0.0,0.0,0.0,0.0,0.0,0,False
2026-09-03T19:31:28.792633+00:00,KXBTC15M-26SEP031545-45,81561.39,811.21,81484.8,-76.58999999999651,DOWN,0.65,0.6607502860237582,0.01075028602375816,0.0,0.0,0.0,0.0,0.0,0.0,0,False
2026-09-03T19:31:33.739047+00:00,KXBTC15M-26SEP031545-45,81561.39,806.26,81480.0,-81.38999999999942,DOWN,0.65,0.6607502860237582,0.01075028602375816,0.0,0.0,0.0,0.0,0.0,0.0,0,False
2026-09-03T19:31:38.727774+00:00,KXBTC15M-26SEP031545-45,81561.39,801.27,81478.53,-82.86000000000058,DOWN,0.65,0.6607502860237582,0.01075028602375816,0.0,0.0,0.0,0.0,0.0,0.0,0,False
2026-09-03T19:31:43.793230+00:00,KXBTC15M-26SEP031545-45,81561.39,796.21,81470.44,-90.94999999999709,DOWN,0.65,0.6607502860237582,0.01075028602375816,0.0,0.0,0.0,0.0,0.0,0.0,0,False
2026-09-03T19:31:48.726216+00:00,KXBTC15M-26SEP031545-45,81561.39,791.27,81481.41,-79.97999999999593,DOWN,0.65,0.6607502860237582,0.01075028602375816,0.0,0.0,0.0,0.0,0.0,0.0,0,False
2026-09-03T19:31:53.728864+00:00,KXBTC15M-26SEP031545-45,81561.39,786.27,81480.42,-80.97000000000116,DOWN,0.65,0.6607502860237582,0.01075028602375816,0.0,0.0,0.0,0.0,0.0,0.0,0,False
2026-09-03T19:31:58.775235+00:00,KXBTC15M-26SEP031545-45,81561.39,781.22,81459.02,-102.36999999999534,DOWN,0.65,0.6607502860237582,0.01075028602375816,0.0,0.0,0.0,0.0,0.0,0.0,0,False
2026-09-03T19:32:03.726497+00:00,KXBTC15M-26SEP031545-45,81561.39,776.27,81456.76,-104.63000000000466,DOWN,0.65,0.6607502860237582,0.01075028602375816,0.0,0.0,0.0,0.0,0.0,0.0,0,False
2026-09-03T19:32:08.728060+00:00,KXBTC15M-26SEP031545-45,81561.39,771.27,81438.76,-122.63000000000466,DOWN,0.65,0.6607502860237582,0.01075028602375816,0.0,0.0,0.0,0.0,0.0,0.0,0,False
2026-09-03T19:32:13.761774+00:00,KXBTC15M-26SEP031545-45,81561.39,766.24,81398.52,-162.86999999999534,DOWN,0.65,0.6607502860237582,0.01075028602375816,0.0,0.0,0.0,0.0,0.0,0.0,0,False
2026-09-03T19:32:18.744884+00:00,KXBTC15M-26SEP031545-45,81561.39,761.26,81398.96,-162.42999999999302,DOWN,0.65,0.6607502860237582,0.01075028602375816,0.0,0.0,0.0,0.0,0.0,0.0,0,False
2026-09-03T19:32:23.728791+00:00,KXBTC15M-26SEP031545-45,81561.39,756.27,81398.51,-162.88000000000466,DOWN,0.65,0.6607502860237582,0.01075028602375816,0.0,0.0,0.0,0.0,0.0,0.0,0,False
2026-09-03T19:32:28.754087+00:00,KXBTC15M-26SEP031545-45,81561.39,751.25,81396.95,-164.44000000000233,DOWN,0.65,0.6607502860237582,0.01075028602375816,0.0,0.0,0.0,0.0,0.0,0.0,0,False
2026-09-03T19:32:33.728346+00:00,KXBTC15M-26SEP031545-45,81561.39,746.27,81408.23,-153.1600000000035,DOWN,0.65,0.6607502860237582,0.01075028602375816,0.0,0.0,0.0,0.0,0.0,0.0,0,False
2026-09-03T19:32:38.738170+00:00,KXBTC15M-26SEP031545-45,81561.39,741.26,81410.87,-150.52000000000407,DOWN,0.65,0.6607502860237582,0.01075028602375816,0.0,0.0,0.0,0.0,0.0,0.0,0,False
2026-09-03T19:32:43.756231+00:00,KXBTC15M-26SEP031545-45,81561.39,736.24,81410.87,-150.52000000000407,DOWN,0.65,0.6607502860237582,0.01075028602375816,0.0,0.0,0.0,0.0,0.0,0.0,0,False
2026-09-03T19:32:48.772571+00:00,KXBTC15M-26SEP031545-45,81561.39,731.23,81409.0,-152.38999999999942,DOWN,0.65,0.6607502860237582,0.01075028602375816,0.0,0.0,0.0,0.0,0.0,0.0,0,False
2026-09-03T19:32:53.736965+00:00,KXBTC15M-26SEP031545-45,81561.39,726.26,81419.83,-141.55999999999767,DOWN,0.65,0.6607502860237582,0.01075028602375816,0.0,0.0,0.0,0.0,0.0,0.0,0,False
2026-09-03T19:32:58.743223+00:00,KXBTC15M-26SEP031545-45,81561.39,721.26,81425.87,-135.52000000000407,DOWN,0.65,0.6607502860237582,0.01075028602375816,0.0,0.0,0.0,0.0,0.0,0.0,0,False
2026-09-03T19:33:03.751132+00:00,KXBTC15M-26SEP031545-45,81561.39,716.25,81425.87,-135.52000000000407,DOWN,0.65,0.6607502860237582,0.01075028602375816,0.0,0.0,0.0,0.0,0.0,0.0,0,False
2026-09-03T19:33:08.741429+00:00,KXBTC15M-26SEP031545-45,81561.39,711.26,81445.87,-115.52000000000407,DOWN,0.65,0.6607502860237582,0.01075028602375816,0.0,0.0,0.0,0.0,0.0,0.0,0,False
2026-09-03T19:33:13.755078+00:00,KXBTC15M-26SEP031545-45,81561.39,706.24,81441.4,-119.99000000000524,DOWN,0.65,0.6607502860237582,0.01075028602375816,0.0,0.0,0.0,0.0,0.0,0.0,0,False
2026-09-03T19:33:18.742289+00:00,KXBTC15M-26SEP031545-45,81561.39,701.26,81443.79,-117.60000000000582,DOWN,0.65,0.6607502860237582,0.01075028602375816,0.0,0.0,0.0,0.0,0.0,0.0,0,False
2026-09-03T19:33:23.754806+00:00,KXBTC15M-26SEP031545-45,81561.39,696.25,81443.09,-118.30000000000291,DOWN,0.65,0.6607502860237582,0.01075028602375816,0.0,0.0,0.0,0.0,0.0,0.0,0,False
2026-09-03T19:33:28.770808+00:00,KXBTC15M-26SEP031545-45,81561.39,691.23,81453.66,-107.72999999999593,DOWN,0.65,0.6607502860237582,0.01075028602375816,0.0,0.0,0.0,0.0,0.0,0.0,0,False
2026-09-03T19:33:33.734823+00:00,KXBTC15M-26SEP031545-45,81561.39,686.27,81446.67,-114.72000000000116,DOWN,0.65,0.6607502860237582,0.01075028602375816,0.0,0.0,0.0,0.0,0.0,0.0,0,False
2026-09-03T19:33:38.730336+00:00,KXBTC15M-26SEP031545-45,81561.39,681.27,81443.09,-118.30000000000291,DOWN,0.65,0.6607502860237582,0.01075028602375816,0.0,0.0,0.0,0.0,0.0,0.0,0,False
2026-09-03T19:33:43.752659+00:00,KXBTC15M-26SEP031545-45,81561.39,676.25,81443.1,-118.2899999999936,DOWN,0.65,0.6607502860237582,0.01075028602375816,0.0,0.0,0.0,0.0,0.0,0.0,0,False
2026-09-03T19:33:48.729523+00:00,KXBTC15M-26SEP031545-45,81561.39,671.27,81443.09,-118.30000000000291,DOWN,0.65,0.6607502860237582,0.01075028602375816,0.0,0.0,0.0,0.0,0.0,0.0,0,False
2026-09-03T19:33:53.733537+00:00,KXBTC15M-26SEP031545-45,81561.39,666.27,81453.95,-107.44000000000233,DOWN,0.65,0.6607502860237582,0.01075028602375816,0.0,0.0,0.0,0.0,0.0,0.0,0,False
2026-09-03T19:33:58.774083+00:00,KXBTC15M-26SEP031545-45,81561.39,661.23,81446.4,-114.99000000000524,DOWN,0.65,0.6607502860237582,0.01075028602375816,0.0,0.0,0.0,0.0,0.0,0.0,0,False
2026-09-03T19:34:03.731065+00:00,KXBTC15M-26SEP031545-45,81561.39,656.27,81442.93,-118.4600000000064,DOWN,0.65,0.6607502860237582,0.01075028602375816,0.0,0.0,0.0,0.0,0.0,0.0,0,False
2026-09-03T19:34:08.731013+00:00,KXBTC15M-26SEP031545-45,81561.39,651.27,81426.83,-134.55999999999767,DOWN,0.65,0.6607502860237582,0.01075028602375816,0.0,0.0,0.0,0.0,0.0,0.0,0,False
2026-09-03T19:34:13.758745+00:00,KXBTC15M-26SEP031545-45,81561.39,646.24,81429.52,-131.86999999999534,DOWN,0.65,0.6607502860237582,0.01075028602375816,0.0,0.0,0.0,0.0,0.0,0.0,0,False
2026-09-03T19:34:18.764855+00:00,KXBTC15M-26SEP031545-45,81561.39,641.24,81422.13,-139.25999999999476,DOWN,0.65,0.6607502860237582,0.01075028602375816,0.0,0.0,0.0,0.0,0.0,0.0,0,False
2026-09-03T19:34:23.729918+00:00,KXBTC15M-26SEP031545-45,81561.39,636.27,81456.5,-104.88999999999942,DOWN,0.65,0.6607502860237582,0.01075028602375816,0.0,0.0,0.0,0.0,0.0,0.0,0,False
2026-09-03T19:34:28.755698+00:00,KXBTC15M-26SEP031545-45,81561.39,631.24,81450.47,-110.91999999999825,DOWN,0.65,0.6607502860237582,0.01075028602375816,0.0,0.0,0.0,0.0,0.0,0.0,0,False
2026-09-03T19:34:33.732416+00:00,KXBTC15M-26SEP031545-45,81561.39,626.27,81446.4,-114.99000000000524,DOWN,0.65,0.6607502860237582,0.01075028602375816,0.0,0.0,0.0,0.0,0.0,0.0,0,False
2026-09-03T19:34:38.736885+00:00,KXBTC15M-26SEP031545-45,81561.39,621.26,81456.5,-104.88999999999942,DOWN,0.65,0.6607502860237582,0.01075028602375816,0.0,0.0,0.0,0.0,0.0,0.0,0,False
2026-09-03T19:34:43.758517+00:00,KXBTC15M-26SEP031545-45,81561.39,616.24,81452.55,-108.83999999999651,DOWN,0.65,0.6607502860237582,0.01075028602375816,0.0,0.0,0.0,0.0,0.0,0.0,0,False
2026-09-03T19:34:48.743154+00:00,KXBTC15M-26SEP031545-45,81561.39,611.26,81427.44,-133.9499999999971,DOWN,0.65,0.6607502860237582,0.01075028602375816,0.0,0.0,0.0,0.0,0.0,0.0,0,False
2026-09-03T19:34:53.735577+00:00,KXBTC15M-26SEP031545-45,81561.39,606.26,81427.44,-133.9499999999971,DOWN,0.65,0.6607502860237582,0.01075028602375816,0.0,0.0,0.0,0.0,0.0,0.0,0,False
2026-09-03T19:34:58.777284+00:00,KXBTC15M-26SEP031545-45,81561.39,601.22,81427.43,-133.9600000000064,DOWN,0.65,0.6607502860237582,0.01075028602375816,0.0,0.0,0.0,0.0,0.0,0.0,0,False
2026-09-03T19:35:03.738234+00:00,KXBTC15M-26SEP031545-45,81561.39,596.26,81425.16,-136.22999999999593,DOWN,0.65,0.6607502860237582,0.01075028602375816,0.0,0.0,0.0,0.0,0.0,0.0,0,False
2026-09-03T19:35:08.759518+00:00,KXBTC15M-26SEP031545-45,81561.39,591.24,81426.35,-135.0399999999936,DOWN,0.65,0.6607502860237582,0.01075028602375816,0.0,0.0,0.0,0.0,0.0,0.0,0,False
2026-09-03T19:35:13.768109+00:00,KXBTC15M-26SEP031545-45,81561.39,586.23,81433.02,-128.36999999999534,DOWN,0.65,0.6607502860237582,0.01075028602375816,0.0,0.0,0.0,0.0,0.0,0.0,0,False
2026-09-03T19:35:18.754778+00:00,KXBTC15M-26SEP031545-45,81561.39,581.25,81434.0,-127.38999999999942,DOWN,0.65,0.6607502860237582,0.01075028602375816,0.0,0.0,0.0,0.0,0.0,0.0,0,False
2026-09-03T19:35:23.735667+00:00,KXBTC15M-26SEP031545-45,81561.39,576.26,81434.01,-127.38000000000466,DOWN,0.65,0.6607502860237582,0.01075028602375816,0.0,0.0,0.0,0.0,0.0,0.0,0,False
2026-09-03T19:35:28.761127+00:00,KXBTC15M-26SEP031545-45,81561.39,571.24,81434.0,-127.38999999999942,DOWN,0.65,0.6607502860237582,0.01075028602375816,0.0,0.0,0.0,0.0,0.0,0.0,0,False
2026-09-03T19:35:33.739682+00:00,KXBTC15M-26SEP031545-45,81561.39,566.26,81427.02,-134.36999999999534,DOWN,0.65,0.6607502860237582,0.01075028602375816,0.0,0.0,0.0,0.0,0.0,0.0,0,False
2026-09-03T19:35:38.739481+00:00,KXBTC15M-26SEP031545-45,81561.39,561.26,81413.33,-148.05999999999767,DOWN,0.65,0.6607502860237582,0.01075028602375816,0.0,0.0,0.0,0.0,0.0,0.0,0,False
2026-09-03T19:35:43.737803+00:00,KXBTC15M-26SEP031545-45,81561.39,556.26,81395.9,-165.49000000000524,DOWN,0.65,0.6607502860237582,0.01075028602375816,0.0,0.0,0.0,0.0,0.0,0.0,0,False
2026-09-03T19:35:48.737223+00:00,KXBTC15M-26SEP031545-45,81561.39,551.26,81399.52,-161.86999999999534,DOWN,0.65,0.6607502860237582,0.01075028602375816,0.0,0.0,0.0,0.0,0.0,0.0,0,False
2026-09-03T19:35:53.742642+00:00,KXBTC15M-26SEP031545-45,81561.39,546.26,81401.31,-160.08000000000175,DOWN,0.65,0.6607502860237582,0.01075028602375816,0.0,0.0,0.0,0.0,0.0,0.0,0,False
2026-09-03T19:35:58.758631+00:00,KXBTC15M-26SEP031545-45,81561.39,541.24,81400.03,-161.36000000000058,DOWN,0.65,0.6607502860237582,0.01075028602375816,0.0,0.0,0.0,0.0,0.0,0.0,0,False
2026-09-03T19:36:03.743375+00:00,KXBTC15M-26SEP031545-45,81561.39,536.26,81407.38,-154.00999999999476,DOWN,0.65,0.6607502860237582,0.01075028602375816,0.0,0.0,0.0,0.0,0.0,0.0,0,False
2026-09-03T19:36:08.739438+00:00,KXBTC15M-26SEP031545-45,81561.39,531.26,81413.33,-148.05999999999767,DOWN,0.65,0.6607502860237582,0.01075028602375816,0.0,0.0,0.0,0.0,0.0,0.0,0,False
2026-09-03T19:36:13.766817+00:00,KXBTC15M-26SEP031545-45,81561.39,526.23,81413.33,-148.05999999999767,DOWN,0.65,0.6607502860237582,0.01075028602375816,0.0,0.0,0.0,0.0,0.0,0.0,0,False
2026-09-03T19:36:18.737880+00:00,KXBTC15M-26SEP031545-45,81561.39,521.26,81423.56,-137.83000000000175,DOWN,0.65,0.6607502860237582,0.01075028602375816,0.0,0.0,0.0,0.0,0.0,0.0,0,False
2026-09-03T19:36:23.748299+00:00,KXBTC15M-26SEP031545-45,81561.39,516.25,81412.57,-148.81999999999243,DOWN,0.65,0.6607502860237582,0.01075028602375816,0.0,0.0,0.0,0.0,0.0,0.0,0,False
2026-09-03T19:36:28.765200+00:00,KXBTC15M-26SEP031545-45,81561.39,511.23,81420.67,-140.72000000000116,DOWN,0.65,0.6607502860237582,0.01075028602375816,0.0,0.0,0.0,0.0,0.0,0.0,0,False
2026-09-03T19:36:33.755527+00:00,KXBTC15M-26SEP031545-45,81561.39,506.24,81420.55,-140.8399999999965,DOWN,0.65,0.6607502860237582,0.01075028602375816,0.0,0.0,0.0,0.0,0.0,0.0,0,False
2026-09-03T19:36:38.740428+00:00,KXBTC15M-26SEP031545-45,81561.39,501.26,81416.3,-145.0899999999965,DOWN,0.65,0.6607502860237582,0.01075028602375816,0.0,0.0,0.0,0.0,0.0,0.0,0,False
2026-09-03T19:36:43.766886+00:00,KXBTC15M-26SEP031545-45,81561.39,496.23,81407.53,-153.86000000000058,DOWN,0.65,0.6607502860237582,0.01075028602375816,0.0,0.0,0.0,0.0,0.0,0.0,0,False
2026-09-03T19:36:48.748157+00:00,KXBTC15M-26SEP031545-45,81561.39,491.25,81415.38,-146.00999999999476,DOWN,0.65,0.6607502860237582,0.01075028602375816,0.0,0.0,0.0,0.0,0.0,0.0,0,False
2026-09-03T19:36:53.751919+00:00,KXBTC15M-26SEP031545-45,81561.39,486.25,81420.55,-140.8399999999965,DOWN,0.65,0.6607502860237582,0.01075028602375816,0.0,0.0,0.0,0.0,0.0,0.0,0,False
2026-09-03T19:36:58.772554+00:00,KXBTC15M-26SEP031545-45,81561.39,481.23,81440.36,-121.02999999999884,DOWN,0.65,0.6607502860237582,0.01075028602375816,0.0,0.0,0.0,0.0,0.0,0.0,0,False
2026-09-03T19:37:03.738937+00:00,KXBTC15M-26SEP031545-45,81561.39,476.26,81435.79,-125.60000000000582,DOWN,0.65,0.6607502860237582,0.01075028602375816,0.0,0.0,0.0,0.0,0.0,0.0,0,False
2026-09-03T19:37:08.767768+00:00,KXBTC15M-26SEP031545-45,81561.39,471.23,81406.0,-155.38999999999942,DOWN,0.65,0.6607502860237582,0.01075028602375816,0.0,0.0,0.0,0.0,0.0,0.0,0,False
2026-09-03T19:37:13.767683+00:00,KXBTC15M-26SEP031545-45,81561.39,466.23,81397.33,-164.05999999999767,DOWN,0.65,0.6607502860237582,0.01075028602375816,0.0,0.0,0.0,0.0,0.0,0.0,0,False
2026-09-03T19:37:18.751532+00:00,KXBTC15M-26SEP031545-45,81561.39,461.25,81406.01,-155.38000000000466,DOWN,0.65,0.6607502860237582,0.01075028602375816,0.0,0.0,0.0,0.0,0.0,0.0,0,False
2026-09-03T19:37:23.756409+00:00,KXBTC15M-26SEP031545-45,81561.39,456.24,81416.87,-144.52000000000407,DOWN,0.65,0.6607502860237582,0.01075028602375816,0.0,0.0,0.0,0.0,0.0,0.0,0,False
2026-09-03T19:37:28.762568+00:00,KXBTC15M-26SEP031545-45,81561.39,451.24,81421.02,-140.36999999999534,DOWN,0.65,0.6607502860237582,0.01075028602375816,0.0,0.0,0.0,0.0,0.0,0.0,0,False
2026-09-03T19:37:33.738251+00:00,KXBTC15M-26SEP031545-45,81561.39,446.26,81412.72,-148.66999999999825,DOWN,0.65,0.6607502860237582,0.01075028602375816,0.0,0.0,0.0,0.0,0.0,0.0,0,False
2026-09-03T19:37:38.884783+00:00,KXBTC15M-26SEP031545-45,81561.39,441.12,81412.72,-148.66999999999825,DOWN,0.65,0.6607502860237582,0.01075028602375816,0.0,0.0,0.0,0.0,0.0,0.0,0,False
2026-09-03T19:37:43.763745+00:00,KXBTC15M-26SEP031545-45,81561.39,436.24,81416.87,-144.52000000000407,DOWN,0.65,0.6607502860237582,0.01075028602375816,0.0,0.0,0.0,0.0,0.0,0.0,0,False
2026-09-03T19:37:48.741926+00:00,KXBTC15M-26SEP031545-45,81561.39,431.26,81415.04,-146.35000000000582,DOWN,0.65,0.6607502860237582,0.01075028602375816,0.0,0.0,0.0,0.0,0.0,0.0,0,False
2026-09-03T19:37:53.755881+00:00,KXBTC15M-26SEP031545-45,81561.39,426.24,81418.77,-142.61999999999534,DOWN,0.65,0.6607502860237582,0.01075028602375816,0.0,0.0,0.0,0.0,0.0,0.0,0,False
2026-09-03T19:37:58.769517+00:00,KXBTC15M-26SEP031545-45,81561.39,421.23,81407.26,-154.13000000000466,DOWN,0.65,0.6607502860237582,0.01075028602375816,0.0,0.0,0.0,0.0,0.0,0.0,0,False
2026-09-03T19:38:03.740976+00:00,KXBTC15M-26SEP031545-45,81561.39,416.26,81407.26,-154.13000000000466,DOWN,0.65,0.6607502860237582,0.01075028602375816,0.0,0.0,0.0,0.0,0.0,0.0,0,False
2026-09-03T19:38:08.741799+00:00,KXBTC15M-26SEP031545-45,81561.39,411.26,81418.27,-143.11999999999534,DOWN,0.65,0.6607502860237582,0.01075028602375816,0.0,0.0,0.0,0.0,0.0,0.0,0,False
2026-09-03T19:38:13.799281+00:00,KXBTC15M-26SEP031545-45,81561.39,406.2,81418.83,-142.55999999999767,DOWN,0.65,0.6607502860237582,0.01075028602375816,0.0,0.0,0.0,0.0,0.0,0.0,0,False
2026-09-03T19:38:18.742265+00:00,KXBTC15M-26SEP031545-45,81561.39,401.26,81424.85,-136.5399999999936,DOWN,0.65,0.6607502860237582,0.01075028602375816,0.0,0.0,0.0,0.0,0.0,0.0,0,False
2026-09-03T19:38:23.742617+00:00,KXBTC15M-26SEP031545-45,81561.39,396.26,81432.01,-129.38000000000466,DOWN,0.65,0.6607502860237582,0.01075028602375816,0.0,0.0,0.0,0.0,0.0,0.0,0,False
2026-09-03T19:38:28.775637+00:00,KXBTC15M-26SEP031545-45,81561.39,391.22,81429.35,-132.0399999999936,DOWN,0.65,0.6607502860237582,0.01075028602375816,0.0,0.0,0.0,0.0,0.0,0.0,0,False
2026-09-03T19:38:33.742249+00:00,KXBTC15M-26SEP031545-45,81561.39,386.26,81431.22,-130.16999999999825,DOWN,0.65,0.6607502860237582,0.01075028602375816,0.0,0.0,0.0,0.0,0.0,0.0,0,False
2026-09-03T19:38:38.764193+00:00,KXBTC15M-26SEP031545-45,81561.39,381.24,81434.59,-126.80000000000291,DOWN,0.65,0.6607502860237582,0.01075028602375816,0.0,0.0,0.0,0.0,0.0,0.0,0,False
2026-09-03T19:38:43.782283+00:00,KXBTC15M-26SEP031545-45,81561.39,376.22,81453.09,-108.30000000000291,DOWN,0.65,0.6607502860237582,0.01075028602375816,0.0,0.0,0.0,0.0,0.0,0.0,0,False
2026-09-03T19:38:48.750313+00:00,KXBTC15M-26SEP031545-45,81561.39,371.25,81458.56,-102.83000000000175,DOWN,0.65,0.6607502860237582,0.01075028602375816,0.0,0.0,0.0,0.0,0.0,0.0,0,False
2026-09-03T19:38:53.742216+00:00,KXBTC15M-26SEP031545-45,81561.39,366.26,81471.34,-90.05000000000291,DOWN,0.65,0.6607502860237582,0.01075028602375816,0.0,0.0,0.0,0.0,0.0,0.0,0,False
2026-09-03T19:38:58.770796+00:00,KXBTC15M-26SEP031545-45,81561.39,361.23,81468.15,-93.24000000000524,DOWN,0.65,0.6607502860237582,0.01075028602375816,0.0,0.0,0.0,0.0,0.0,0.0,0,False
2026-09-03T19:39:03.744047+00:00,KXBTC15M-26SEP031545-45,81561.39,356.26,81470.35,-91.0399999999936,DOWN,0.65,0.6607502860237582,0.01075028602375816,0.0,0.0,0.0,0.0,0.0,0.0,0,False
2026-09-03T19:39:08.746465+00:00,KXBTC15M-26SEP031545-45,81561.39,351.25,81473.77,-87.61999999999534,DOWN,0.65,0.6607502860237582,0.01075028602375816,0.0,0.0,0.0,0.0,0.0,0.0,0,False
2026-09-03T19:39:13.772036+00:00,KXBTC15M-26SEP031545-45,81561.39,346.23,81488.23,-73.16000000000349,DOWN,0.65,0.6607502860237582,0.01075028602375816,0.0,0.0,0.0,0.0,0.0,0.0,0,False
2026-09-03T19:39:18.746783+00:00,KXBTC15M-26SEP031545-45,81561.39,341.25,81496.89,-64.5,DOWN,0.65,0.6607502860237582,0.01075028602375816,0.0,0.0,0.0,0.0,0.0,0.0,0,False
2026-09-03T19:39:23.763251+00:00,KXBTC15M-26SEP031545-45,81561.39,336.24,81474.77,-86.61999999999534,DOWN,0.65,0.6607502860237582,0.01075028602375816,0.0,0.0,0.0,0.0,0.0,0.0,0,False
2026-09-03T19:39:28.765636+00:00,KXBTC15M-26SEP031545-45,81561.39,331.23,81474.76,-86.63000000000466,DOWN,0.65,0.6607502860237582,0.01075028602375816,0.0,0.0,0.0,0.0,0.0,0.0,0,False
2026-09-03T19:39:33.758750+00:00,KXBTC15M-26SEP031545-45,81561.39,326.24,81475.69,-85.69999999999709,DOWN,0.65,0.6607502860237582,0.01075028602375816,0.0,0.0,0.0,0.0,0.0,0.0,0,False
2026-09-03T19:39:38.744275+00:00,KXBTC15M-26SEP031545-45,81561.39,321.26,81482.81,-78.58000000000175,DOWN,0.65,0.6607502860237582,0.01075028602375816,0.0,0.0,0.0,0.0,0.0,0.0,0,False
2026-09-03T19:39:43.768310+00:00,KXBTC15M-26SEP031545-45,81561.39,316.23,81515.23,-46.16000000000349,DOWN,0.65,0.6607502860237582,0.01075028602375816,0.0,0.0,0.0,0.0,0.0,0.0,0,False
2026-09-03T19:39:48.743712+00:00,KXBTC15M-26SEP031545-45,81561.39,311.26,81530.98,-30.410000000003492,DOWN,0.65,0.6607502860237582,0.01075028602375816,0.0,0.0,0.0,0.0,0.0,0.0,0,False
2026-09-03T19:39:53.742316+00:00,KXBTC15M-26SEP031545-45,81561.39,306.26,81527.38,-34.00999999999476,DOWN,0.65,0.6607502860237582,0.01075028602375816,0.0,0.0,0.0,0.0,0.0,0.0,0,False
2026-09-03T19:39:58.746798+00:00,KXBTC15M-26SEP031545-45,81561.39,301.25,81522.29,-39.10000000000582,DOWN,0.65,0.6607502860237582,0.01075028602375816,0.0,0.0,0.0,0.0,0.0,0.0,0,False
2026-09-03T19:40:03.745424+00:00,KXBTC15M-26SEP031545-45,81561.39,296.25,81511.97,-49.419999999998254,DOWN,0.65,0.6607502860237582,0.01075028602375816,0.0,0.0,0.0,0.0,0.0,0.0,0,False
2026-09-03T19:40:08.751936+00:00,KXBTC15M-26SEP031545-45,81561.39,291.25,81525.42,-35.970000000001164,DOWN,0.65,0.6607502860237582,0.01075028602375816,0.0,0.0,0.0,0.0,0.0,0.0,0,False
2026-09-03T19:40:13.748853+00:00,KXBTC15M-26SEP031545-45,81561.39,286.25,81512.67,-48.720000000001164,DOWN,0.65,0.6607502860237582,0.01075028602375816,0.0,0.0,0.0,0.0,0.0,0.0,0,False
2026-09-03T19:40:18.743481+00:00,KXBTC15M-26SEP031545-45,81561.39,281.26,81514.11,-47.279999999998836,DOWN,0.65,0.6607502860237582,0.01075028602375816,0.0,0.0,0.0,0.0,0.0,0.0,0,False
2026-09-03T19:40:23.748101+00:00,KXBTC15M-26SEP031545-45,81561.39,276.25,81525.42,-35.970000000001164,DOWN,0.65,0.6607502860237582,0.01075028602375816,0.0,0.0,0.0,0.0,0.0,0.0,0,False
2026-09-03T19:40:28.772105+00:00,KXBTC15M-26SEP031545-45,81561.39,271.23,81545.98,-15.410000000003492,DOWN,0.65,0.6607502860237582,0.01075028602375816,0.0,0.0,0.0,0.0,0.0,0.0,0,False
2026-09-03T19:40:33.743873+00:00,KXBTC15M-26SEP031545-45,81561.39,266.26,81577.7,16.30999999999767,DOWN,0.65,0.6607502860237582,0.01075028602375816,0.0,0.0,0.0,0.0,0.0,0.0,0,False
2026-09-03T19:40:38.765925+00:00,KXBTC15M-26SEP031545-45,81561.39,261.23,81582.43,21.039999999993597,DOWN,0.65,0.6607502860237582,0.01075028602375816,0.0,0.0,0.0,0.0,0.0,0.0,0,False
2026-09-03T19:40:43.767933+00:00,KXBTC15M-26SEP031545-45,81561.39,256.23,81583.24,21.85000000000582,DOWN,0.65,0.6607502860237582,0.01075028602375816,0.0,0.0,0.0,0.0,0.0,0.0,0,False
2026-09-03T19:40:48.747949+00:00,KXBTC15M-26SEP031545-45,81561.39,251.25,81590.49,29.10000000000582,DOWN,0.65,0.6607502860237582,0.01075028602375816,0.0,0.0,0.0,0.0,0.0,0.0,0,False
2026-09-03T19:40:53.741357+00:00,KXBTC15M-26SEP031545-45,81561.39,246.26,81590.49,29.10000000000582,DOWN,0.65,0.6607502860237582,0.01075028602375816,0.0,0.0,0.0,0.0,0.0,0.0,0,False
2026-09-03T19:40:58.801667+00:00,KXBTC15M-26SEP031545-45,81561.39,241.2,81605.99,44.60000000000582,DOWN,0.65,0.6607502860237582,0.01075028602375816,0.0,0.0,0.0,0.0,0.0,0.0,0,False
2026-09-03T19:41:03.759312+00:00,KXBTC15M-26SEP031545-45,81561.39,236.24,81599.06,37.669999999998254,DOWN,0.65,0.6607502860237582,0.01075028602375816,0.0,0.0,0.0,0.0,0.0,0.0,0,False
2026-09-03T19:41:08.780562+00:00,KXBTC15M-26SEP031545-45,81561.39,231.22,81599.06,37.669999999998254,DOWN,0.65,0.6607502860237582,0.01075028602375816,0.0,0.0,0.0,0.0,0.0,0.0,0,False
2026-09-03T19:41:13.780767+00:00,KXBTC15M-26SEP031545-45,81561.39,226.22,81605.83,44.44000000000233,DOWN,0.65,0.6607502860237582,0.01075028602375816,0.0,0.0,0.0,0.0,0.0,0.0,0,False
2026-09-03T19:41:18.750543+00:00,KXBTC15M-26SEP031545-45,81561.39,221.25,81603.52,42.13000000000466,DOWN,0.65,0.6607502860237582,0.01075028602375816,0.0,0.0,0.0,0.0,0.0,0.0,0,False
2026-09-03T19:41:23.762157+00:00,KXBTC15M-26SEP031545-45,81561.39,216.24,81611.98,50.58999999999651,DOWN,0.65,0.6607502860237582,0.01075028602375816,0.0,0.0,0.0,0.0,0.0,0.0,0,False
2026-09-03T19:41:28.773652+00:00,KXBTC15M-26SEP031545-45,81561.39,211.23,81613.16,51.770000000004075,DOWN,0.65,0.6607502860237582,0.01075028602375816,0.0,0.0,0.0,0.0,0.0,0.0,0,False
2026-09-03T19:41:33.758071+00:00,KXBTC15M-26SEP031545-45,81561.39,206.24,81586.13,24.74000000000524,DOWN,0.65,0.6607502860237582,0.01075028602375816,0.0,0.0,0.0,0.0,0.0,0.0,0,False
2026-09-03T19:41:38.765281+00:00,KXBTC15M-26SEP031545-45,81561.39,201.23,81586.13,24.74000000000524,DOWN,0.65,0.6607502860237582,0.01075028602375816,0.0,0.0,0.0,0.0,0.0,0.0,0,False
2026-09-03T19:41:43.806675+00:00,KXBTC15M-26SEP031545-45,81561.39,196.19,81613.27,51.88000000000466,DOWN,0.65,0.6607502860237582,0.01075028602375816,0.0,0.0,0.0,0.0,0.0,0.0,0,False
2026-09-03T19:41:48.758090+00:00,KXBTC15M-26SEP031545-45,81561.39,191.24,81595.25,33.86000000000058,DOWN,0.65,0.6607502860237582,0.01075028602375816,0.0,0.0,0.0,0.0,0.0,0.0,0,False
2026-09-03T19:41:53.751919+00:00,KXBTC15M-26SEP031545-45,81561.39,186.25,81575.39,14.0,DOWN,0.65,0.6607502860237582,0.01075028602375816,0.0,0.0,0.0,0.0,0.0,0.0,0,False
2026-09-03T19:41:58.791208+00:00,KXBTC15M-26SEP031545-45,81561.39,181.21,81586.66,25.270000000004075,DOWN,0.65,0.6607502860237582,0.01075028602375816,0.0,0.0,0.0,0.0,0.0,0.0,0,False
2026-09-03T19:42:03.761544+00:00,KXBTC15M-26SEP031545-45,81561.39,176.24,81599.17,37.779999999998836,DOWN,0.65,0.6607502860237582,0.01075028602375816,0.0,0.0,0.0,0.0,0.0,0.0,0,False
2026-09-03T19:42:08.752728+00:00,KXBTC15M-26SEP031545-45,81561.39,171.25,81607.68,46.2899999999936,DOWN,0.65,0.6607502860237582,0.01075028602375816,0.0,0.0,0.0,0.0,0.0,0.0,0,False
2026-09-03T19:42:13.788524+00:00,KXBTC15M-26SEP031545-45,81561.39,166.21,81601.89,40.5,DOWN,0.65,0.6607502860237582,0.01075028602375816,0.0,0.0,0.0,0.0,0.0,0.0,0,False
2026-09-03T19:42:18.763675+00:00,KXBTC15M-26SEP031545-45,81561.39,161.24,81591.52,30.130000000004657,DOWN,0.65,0.6607502860237582,0.01075028602375816,0.0,0.0,0.0,0.0,0.0,0.0,0,False
2026-09-03T19:42:23.755550+00:00,KXBTC15M-26SEP031545-45,81561.39,156.24,81595.35,33.9600000000064,DOWN,0.65,0.6607502860237582,0.01075028602375816,0.0,0.0,0.0,0.0,0.0,0.0,0,False
2026-09-03T19:42:28.772495+00:00,KXBTC15M-26SEP031545-45,81561.39,151.23,81594.27,32.88000000000466,DOWN,0.65,0.6607502860237582,0.01075028602375816,0.0,0.0,0.0,0.0,0.0,0.0,0,False
2026-09-03T19:42:33.751249+00:00,KXBTC15M-26SEP031545-45,81561.39,146.25,81594.27,32.88000000000466,DOWN,0.65,0.6607502860237582,0.01075028602375816,0.0,0.0,0.0,0.0,0.0,0.0,0,False
2026-09-03T19:42:38.750670+00:00,KXBTC15M-26SEP031545-45,81561.39,141.25,81594.27,32.88000000000466,DOWN,0.65,0.6607502860237582,0.01075028602375816,0.0,0.0,0.0,0.0,0.0,0.0,0,False
2026-09-03T19:42:43.771464+00:00,KXBTC15M-26SEP031545-45,81561.39,136.23,81565.33,3.9400000000023283,DOWN,0.65,0.6607502860237582,0.01075028602375816,0.0,0.0,0.0,0.0,0.0,0.0,0,False
2026-09-03T19:42:48.765800+00:00,KXBTC15M-26SEP031545-45,81561.39,131.23,81583.13,21.74000000000524,DOWN,0.65,0.6607502860237582,0.01075028602375816,0.0,0.0,0.0,0.0,0.0,0.0,0,False
2026-09-03T19:42:53.753900+00:00,KXBTC15M-26SEP031545-45,81561.39,126.25,81583.13,21.74000000000524,DOWN,0.65,0.6607502860237582,0.01075028602375816,0.0,0.0,0.0,0.0,0.0,0.0,0,False
2026-09-03T19:42:58.773115+00:00,KXBTC15M-26SEP031545-45,81561.39,121.23,81583.14,21.75,DOWN,0.65,0.6607502860237582,0.01075028602375816,0.0,0.0,0.0,0.0,0.0,0.0,0,False
2026-09-03T19:43:03.754540+00:00,KXBTC15M-26SEP031545-45,81561.39,116.25,81591.04,29.64999999999418,DOWN,0.65,0.6607502860237582,0.01075028602375816,0.0,0.0,0.0,0.0,0.0,0.0,0,False
2026-09-03T19:43:08.751697+00:00,KXBTC15M-26SEP031545-45,81561.39,111.25,81590.96,29.570000000006985,DOWN,0.65,0.6607502860237582,0.01075028602375816,0.0,0.0,0.0,0.0,0.0,0.0,0,False
2026-09-03T19:43:13.775125+00:00,KXBTC15M-26SEP031545-45,81561.39,106.22,81591.05,29.660000000003492,DOWN,0.65,0.6607502860237582,0.01075028602375816,0.0,0.0,0.0,0.0,0.0,0.0,0,False
2026-09-03T19:43:18.755280+00:00,KXBTC15M-26SEP031545-45,81561.39,101.24,81597.9,36.50999999999476,DOWN,0.65,0.6607502860237582,0.01075028602375816,0.0,0.0,0.0,0.0,0.0,0.0,0,False
2026-09-03T19:43:23.755678+00:00,KXBTC15M-26SEP031545-45,81561.39,96.24,81592.96,31.570000000006985,DOWN,0.65,0.6607502860237582,0.01075028602375816,0.0,0.0,0.0,0.0,0.0,0.0,0,False
2026-09-03T19:43:28.773060+00:00,KXBTC15M-26SEP031545-45,81561.39,91.23,81592.97,31.580000000001746,DOWN,0.65,0.6607502860237582,0.01075028602375816,0.0,0.0,0.0,0.0,0.0,0.0,0,False
2026-09-03T19:43:33.761229+00:00,KXBTC15M-26SEP031545-45,81561.39,86.24,81594.6,33.2100000000064,DOWN,0.65,0.6607502860237582,0.01075028602375816,0.0,0.0,0.0,0.0,0.0,0.0,0,False
2026-09-03T19:43:38.750974+00:00,KXBTC15M-26SEP031545-45,81561.39,81.25,81594.61,33.220000000001164,DOWN,0.65,0.6607502860237582,0.01075028602375816,0.0,0.0,0.0,0.0,0.0,0.0,0,False
2026-09-03T19:43:43.776266+00:00,KXBTC15M-26SEP031545-45,81561.39,76.22,81577.7,16.30999999999767,DOWN,0.65,0.6607502860237582,0.01075028602375816,0.0,0.0,0.0,0.0,0.0,0.0,0,False
2026-09-03T19:43:48.752154+00:00,KXBTC15M-26SEP031545-45,81561.39,71.25,81545.99,-15.39999999999418,DOWN,0.65,0.6607502860237582,0.01075028602375816,0.0,0.0,0.0,0.0,0.0,0.0,0,False
2026-09-03T19:43:53.761271+00:00,KXBTC15M-26SEP031545-45,81561.39,66.24,81543.99,-17.39999999999418,DOWN,0.65,0.6607502860237582,0.01075028602375816,0.0,0.0,0.0,0.0,0.0,0.0,0,False
2026-09-03T19:43:58.756657+00:00,KXBTC15M-26SEP031545-45,81561.39,61.24,81535.01,-26.380000000004657,DOWN,0.65,0.6607502860237582,0.01075028602375816,0.0,0.0,0.0,0.0,0.0,0.0,0,False
2026-09-03T19:44:03.755004+00:00,KXBTC15M-26SEP031545-45,81561.39,56.24,81531.0,-30.389999999999418,DOWN,0.65,0.6607502860237582,0.01075028602375816,0.0,0.0,0.0,0.0,0.0,0.0,0,False
2026-09-03T19:44:08.753848+00:00,KXBTC15M-26SEP031545-45,81561.39,51.25,81525.0,-36.38999999999942,DOWN,0.65,0.6607502860237582,0.01075028602375816,0.0,0.0,0.0,0.0,0.0,0.0,0,False
2026-09-03T19:44:13.775051+00:00,KXBTC15M-26SEP031545-45,81561.39,46.22,81505.19,-56.19999999999709,DOWN,0.65,0.6607502860237582,0.01075028602375816,0.0,0.0,0.0,0.0,0.0,0.0,0,False
2026-09-03T19:44:18.756013+00:00,KXBTC15M-26SEP031545-45,81561.39,41.24,81523.38,-38.00999999999476,DOWN,0.65,0.6607502860237582,0.01075028602375816,0.0,0.0,0.0,0.0,0.0,0.0,0,False
2026-09-03T19:44:23.754796+00:00,KXBTC15M-26SEP031545-45,81561.39,36.25,81527.19,-34.19999999999709,DOWN,0.65,0.6607502860237582,0.01075028602375816,0.0,0.0,0.0,0.0,0.0,0.0,0,False
2026-09-03T19:44:28.779254+00:00,KXBTC15M-26SEP031545-45,81561.39,31.22,81529.01,-32.38000000000466,DOWN,0.65,0.6607502860237582,0.01075028602375816,0.0,0.0,0.0,0.0,0.0,0.0,0,False
2026-09-03T19:44:33.756397+00:00,KXBTC15M-26SEP031545-45,81561.39,26.24,81533.75,-27.639999999999418,DOWN,0.65,0.6607502860237582,0.01075028602375816,0.0,0.0,0.0,0.0,0.0,0.0,0,False
2026-09-03T19:44:38.783564+00:00,KXBTC15M-26SEP031545-45,81561.39,21.22,81545.38,-16.00999999999476,DOWN,0.65,0.6607502860237582,0.01075028602375816,0.0,0.0,0.0,0.0,0.0,0.0,0,False
2026-09-03T19:44:43.777793+00:00,KXBTC15M-26SEP031545-45,81561.39,16.22,81545.38,-16.00999999999476,DOWN,0.65,0.6607502860237582,0.01075028602375816,0.0,0.0,0.0,0.0,0.0,0.0,0,False
2026-09-03T19:44:48.752711+00:00,KXBTC15M-26SEP031545-45,81561.39,11.25,81556.73,-4.6600000000034925,DOWN,0.65,0.6607502860237582,0.01075028602375816,0.0,0.0,0.0,0.0,0.0,0.0,0,False
2026-09-03T19:44:53.752362+00:00,KXBTC15M-26SEP031545-45,81561.39,6.25,81565.33,3.9400000000023283,DOWN,0.65,0.6607502860237582,0.01075028602375816,0.0,0.0,0.0,0.0,0.0,0.0,0,False
2026-09-03T19:44:58.774874+00:00,KXBTC15M-26SEP031545-45,81561.39,1.23,81554.28,-7.110000000000582,DOWN,0.65,0.6607502860237582,0.01075028602375816,0.0,0.0,0.0,0.0,0.0,0.0,0,False
2026-09-03T19:45:13.925278+00:00,KXBTC15M-26SEP031600-00,81531.12,886.07,81602.0,70.88000000000466,DOWN,0.65,0.6607502860237582,0.01075028602375816,0.0,0.0,0.0,0.0,0.0,0.0,0,False
2026-09-03T19:45:18.880180+00:00,KXBTC15M-26SEP031600-00,81531.12,881.12,81616.92,85.80000000000291,DOWN,0.65,0.6607502860237582,0.01075028602375816,0.0,0.0,0.0,0.0,0.0,0.0,0,False
2026-09-03T19:45:23.883570+00:00,KXBTC15M-26SEP031600-00,81531.12,876.12,81625.15,94.02999999999884,DOWN,0.65,0.6607502860237582,0.01075028602375816,0.0,0.0,0.0,0.0,0.0,0.0,0,False
2026-09-03T19:45:28.890039+00:00,KXBTC15M-26SEP031600-00,81531.12,871.11,81626.16,95.04000000000815,DOWN,0.65,0.6607502860237582,0.01075028602375816,0.0,0.0,0.0,0.0,0.0,0.0,0,False
2026-09-03T19:45:33.885071+00:00,KXBTC15M-26SEP031600-00,81531.12,866.11,81626.16,95.04000000000815,DOWN,0.65,0.6607502860237582,0.01075028602375816,0.0,0.0,0.0,0.0,0.0,0.0,0,False
2026-09-03T19:45:38.879877+00:00,KXBTC15M-26SEP031600-00,81531.12,861.12,81626.82,95.70000000001164,DOWN,0.65,0.6607502860237582,0.01075028602375816,0.0,0.0,0.0,0.0,0.0,0.0,0,False
2026-09-03T19:45:43.886334+00:00,KXBTC15M-26SEP031600-00,81531.12,856.11,81608.09,76.97000000000116,DOWN,0.65,0.6607502860237582,0.01075028602375816,0.0,0.0,0.0,0.0,0.0,0.0,0,False
2026-09-03T19:45:48.882012+00:00,KXBTC15M-26SEP031600-00,81531.12,851.12,81608.09,76.97000000000116,DOWN,0.65,0.6607502860237582,0.01075028602375816,0.0,0.0,0.0,0.0,0.0,0.0,0,False
2026-09-03T19:45:53.883896+00:00,KXBTC15M-26SEP031600-00,81531.12,846.12,81629.98,98.86000000000058,DOWN,0.65,0.6607502860237582,0.01075028602375816,0.0,0.0,0.0,0.0,0.0,0.0,0,False
2026-09-03T19:45:58.906478+00:00,KXBTC15M-26SEP031600-00,81531.12,841.09,81642.15,111.02999999999884,DOWN,0.65,0.6607502860237582,0.01075028602375816,0.0,0.0,0.0,0.0,0.0,0.0,0,False
2026-09-03T19:46:03.926182+00:00,KXBTC15M-26SEP031600-00,81531.12,836.07,81644.93,113.80999999999767,DOWN,0.65,0.6607502860237582,0.01075028602375816,0.0,0.0,0.0,0.0,0.0,0.0,0,False
2026-09-03T19:46:08.883899+00:00,KXBTC15M-26SEP031600-00,81531.12,831.12,81630.66,99.54000000000815,DOWN,0.65,0.6607502860237582,0.01075028602375816,0.0,0.0,0.0,0.0,0.0,0.0,0,False
2026-09-03T19:46:13.908374+00:00,KXBTC15M-26SEP031600-00,81531.12,826.09,81618.22,87.10000000000582,DOWN,0.65,0.6607502860237582,0.01075028602375816,0.0,0.0,0.0,0.0,0.0,0.0,0,False
2026-09-03T19:46:18.884293+00:00,KXBTC15M-26SEP031600-00,81531.12,821.12,81628.35,97.23000000001048,DOWN,0.65,0.6607502860237582,0.01075028602375816,0.0,0.0,0.0,0.0,0.0,0.0,0,False
2026-09-03T19:46:23.884145+00:00,KXBTC15M-26SEP031600-00,81531.12,816.12,81634.14,103.02000000000407,DOWN,0.65,0.6607502860237582,0.01075028602375816,0.0,0.0,0.0,0.0,0.0,0.0,0,False
2026-09-03T19:46:28.902660+00:00,KXBTC15M-26SEP031600-00,81531.12,811.1,81634.13,103.01000000000931,DOWN,0.65,0.6607502860237582,0.01075028602375816,0.0,0.0,0.0,0.0,0.0,0.0,0,False
2026-09-03T19:46:33.883776+00:00,KXBTC15M-26SEP031600-00,81531.12,806.12,81625.87,94.75,DOWN,0.65,0.6607502860237582,0.01075028602375816,0.0,0.0,0.0,0.0,0.0,0.0,0,False
2026-09-03T19:46:38.890369+00:00,KXBTC15M-26SEP031600-00,81531.12,801.11,81634.11,102.99000000000524,DOWN,0.65,0.6607502860237582,0.01075028602375816,0.0,0.0,0.0,0.0,0.0,0.0,0,False
2026-09-03T19:46:43.924120+00:00,KXBTC15M-26SEP031600-00,81531.12,796.08,81635.5,104.38000000000466,DOWN,0.65,0.6607502860237582,0.01075028602375816,0.0,0.0,0.0,0.0,0.0,0.0,0,False
2026-09-03T19:46:48.883525+00:00,KXBTC15M-26SEP031600-00,81531.12,791.12,81627.13,96.01000000000931,DOWN,0.65,0.6607502860237582,0.01075028602375816,0.0,0.0,0.0,0.0,0.0,0.0,0,False
2026-09-03T19:46:53.880736+00:00,KXBTC15M-26SEP031600-00,81531.12,786.12,81629.8,98.68000000000757,DOWN,0.65,0.6607502860237582,0.01075028602375816,0.0,0.0,0.0,0.0,0.0,0.0,0,False
2026-09-03T19:46:58.902795+00:00,KXBTC15M-26SEP031600-00,81531.12,781.1,81629.8,98.68000000000757,DOWN,0.65,0.6607502860237582,0.01075028602375816,0.0,0.0,0.0,0.0,0.0,0.0,0,False
2026-09-03T19:47:03.882720+00:00,KXBTC15M-26SEP031600-00,81531.12,776.12,81618.1,86.98000000001048,DOWN,0.65,0.6607502860237582,0.01075028602375816,0.0,0.0,0.0,0.0,0.0,0.0,0,False
2026-09-03T19:47:08.923295+00:00,KXBTC15M-26SEP031600-00,81531.12,771.08,81604.68,73.55999999999767,DOWN,0.65,0.6607502860237582,0.01075028602375816,0.0,0.0,0.0,0.0,0.0,0.0,0,False
2026-09-03T19:47:13.904129+00:00,KXBTC15M-26SEP031600-00,81531.12,766.1,81628.19,97.07000000000698,DOWN,0.65,0.6607502860237582,0.01075028602375816,0.0,0.0,0.0,0.0,0.0,0.0,0,False
2026-09-03T19:47:18.886616+00:00,KXBTC15M-26SEP031600-00,81531.12,761.11,81637.23,106.11000000000058,DOWN,0.65,0.6607502860237582,0.01075028602375816,0.0,0.0,0.0,0.0,0.0,0.0,0,False
2026-09-03T19:47:23.882773+00:00,KXBTC15M-26SEP031600-00,81531.12,756.12,81628.33,97.2100000000064,DOWN,0.65,0.6607502860237582,0.01075028602375816,0.0,0.0,0.0,0.0,0.0,0.0,0,False
2026-09-03T19:47:28.910993+00:00,KXBTC15M-26SEP031600-00,81531.12,751.09,81633.52,102.40000000000873,DOWN,0.65,0.6607502860237582,0.01075028602375816,0.0,0.0,0.0,0.0,0.0,0.0,0,False
2026-09-03T19:47:33.882425+00:00,KXBTC15M-26SEP031600-00,81531.12,746.12,81633.52,102.40000000000873,DOWN,0.65,0.6607502860237582,0.01075028602375816,0.0,0.0,0.0,0.0,0.0,0.0,0,False
2026-09-03T19:47:38.885980+00:00,KXBTC15M-26SEP031600-00,81531.12,741.11,81596.27,65.15000000000873,DOWN,0.65,0.6607502860237582,0.01075028602375816,0.0,0.0,0.0,0.0,0.0,0.0,0,False
2026-09-03T19:47:43.910041+00:00,KXBTC15M-26SEP031600-00,81531.12,736.09,81594.01,62.88999999999942,DOWN,0.65,0.6607502860237582,0.01075028602375816,0.0,0.0,0.0,0.0,0.0,0.0,0,False
2026-09-03T19:47:48.888069+00:00,KXBTC15M-26SEP031600-00,81531.12,731.11,81588.07,56.95000000001164,DOWN,0.65,0.6607502860237582,0.01075028602375816,0.0,0.0,0.0,0.0,0.0,0.0,0,False
2026-09-03T19:47:53.885270+00:00,KXBTC15M-26SEP031600-00,81531.12,726.11,81569.27,38.15000000000873,DOWN,0.65,0.6607502860237582,0.01075028602375816,0.0,0.0,0.0,0.0,0.0,0.0,0,False
2026-09-03T19:47:58.882066+00:00,KXBTC15M-26SEP031600-00,81531.12,721.12,81537.3,6.180000000007567,DOWN,0.65,0.6607502860237582,0.01075028602375816,0.0,0.0,0.0,0.0,0.0,0.0,0,False
2026-09-03T19:48:03.884027+00:00,KXBTC15M-26SEP031600-00,81531.12,716.12,81489.98,-41.13999999999942,DOWN,0.65,0.6607502860237582,0.01075028602375816,0.0,0.0,0.0,0.0,0.0,0.0,0,False
2026-09-03T19:48:08.895750+00:00,KXBTC15M-26SEP031600-00,81531.12,711.1,81526.7,-4.419999999998254,DOWN,0.65,0.6607502860237582,0.01075028602375816,0.0,0.0,0.0,0.0,0.0,0.0,0,False
2026-09-03T19:48:13.924751+00:00,KXBTC15M-26SEP031600-00,81531.12,706.08,81537.72,6.600000000005821,DOWN,0.65,0.6607502860237582,0.01075028602375816,0.0,0.0,0.0,0.0,0.0,0.0,0,False
2026-09-03T19:48:18.885602+00:00,KXBTC15M-26SEP031600-00,81531.12,701.11,81541.99,10.870000000009895,DOWN,0.65,0.6607502860237582,0.01075028602375816,0.0,0.0,0.0,0.0,0.0,0.0,0,False
2026-09-03T19:48:23.884264+00:00,KXBTC15M-26SEP031600-00,81531.12,696.12,81539.96,8.84000000001106,DOWN,0.65,0.6607502860237582,0.01075028602375816,0.0,0.0,0.0,0.0,0.0,0.0,0,False
2026-09-03T19:48:28.909553+00:00,KXBTC15M-26SEP031600-00,81531.12,691.09,81541.64,10.520000000004075,DOWN,0.65,0.6607502860237582,0.01075028602375816,0.0,0.0,0.0,0.0,0.0,0.0,0,False
2026-09-03T19:48:33.885861+00:00,KXBTC15M-26SEP031600-00,81531.12,686.11,81535.77,4.650000000008731,DOWN,0.65,0.6607502860237582,0.01075028602375816,0.0,0.0,0.0,0.0,0.0,0.0,0,False
2026-09-03T19:48:38.925842+00:00,KXBTC15M-26SEP031600-00,81531.12,681.07,81546.69,15.570000000006985,DOWN,0.65,0.6607502860237582,0.01075028602375816,0.0,0.0,0.0,0.0,0.0,0.0,0,False
2026-09-03T19:48:43.908816+00:00,KXBTC15M-26SEP031600-00,81531.12,676.09,81467.64,-63.479999999995925,DOWN,0.65,0.6607502860237582,0.01075028602375816,0.0,0.0,0.0,0.0,0.0,0.0,0,False
2026-09-03T19:48:48.885487+00:00,KXBTC15M-26SEP031600-00,81531.12,671.11,81479.55,-51.56999999999243,DOWN,0.65,0.6607502860237582,0.01075028602375816,0.0,0.0,0.0,0.0,0.0,0.0,0,False
2026-09-03T19:48:53.886868+00:00,KXBTC15M-26SEP031600-00,81531.12,666.11,81483.38,-47.73999999999069,DOWN,0.65,0.6607502860237582,0.01075028602375816,0.0,0.0,0.0,0.0,0.0,0.0,0,False
2026-09-03T19:48:58.890289+00:00,KXBTC15M-26SEP031600-00,81531.12,661.11,81487.06,-44.05999999999767,DOWN,0.65,0.6607502860237582,0.01075028602375816,0.0,0.0,0.0,0.0,0.0,0.0,0,False
2026-09-03T19:49:03.884256+00:00,KXBTC15M-26SEP031600-00,81531.12,656.12,81459.27,-71.84999999999127,DOWN,0.65,0.6607502860237582,0.01075028602375816,0.0,0.0,0.0,0.0,0.0,0.0,0,False
2026-09-03T19:49:08.954932+00:00,KXBTC15M-26SEP031600-00,81531.12,651.05,81465.59,-65.52999999999884,DOWN,0.65,0.6607502860237582,0.01075028602375816,0.0,0.0,0.0,0.0,0.0,0.0,0,False
2026-09-03T19:49:13.912678+00:00,KXBTC15M-26SEP031600-00,81531.12,646.09,81468.01,-63.11000000000058,DOWN,0.65,0.6607502860237582,0.01075028602375816,0.0,0.0,0.0,0.0,0.0,0.0,0,False
2026-09-03T19:49:18.892557+00:00,KXBTC15M-26SEP031600-00,81531.12,641.11,81471.15,-59.970000000001164,DOWN,0.65,0.6607502860237582,0.01075028602375816,0.0,0.0,0.0,0.0,0.0,0.0,0,False
2026-09-03T19:49:23.887817+00:00,KXBTC15M-26SEP031600-00,81531.12,636.11,81471.15,-59.970000000001164,DOWN,0.65,0.6607502860237582,0.01075028602375816,0.0,0.0,0.0,0.0,0.0,0.0,0,False
2026-09-03T19:49:28.889372+00:00,KXBTC15M-26SEP031600-00,81531.12,631.11,81479.98,-51.13999999999942,DOWN,0.65,0.6607502860237582,0.01075028602375816,0.0,0.0,0.0,0.0,0.0,0.0,0,False
2026-09-03T19:49:33.890515+00:00,KXBTC15M-26SEP031600-00,81531.12,626.11,81485.99,-45.129999999990105,DOWN,0.65,0.6607502860237582,0.01075028602375816,0.0,0.0,0.0,0.0,0.0,0.0,0,False
2026-09-03T19:49:38.889726+00:00,KXBTC15M-26SEP031600-00,81531.12,621.11,81465.01,-66.11000000000058,DOWN,0.65,0.6607502860237582,0.01075028602375816,0.0,0.0,0.0,0.0,0.0,0.0,0,False
2026-09-03T19:49:43.907518+00:00,KXBTC15M-26SEP031600-00,81531.12,616.09,81462.01,-69.11000000000058,DOWN,0.65,0.6607502860237582,0.01075028602375816,0.0,0.0,0.0,0.0,0.0,0.0,0,False
2026-09-03T19:49:48.885218+00:00,KXBTC15M-26SEP031600-00,81531.12,611.11,81466.98,-64.13999999999942,DOWN,0.65,0.6607502860237582,0.01075028602375816,0.0,0.0,0.0,0.0,0.0,0.0,0,False
2026-09-03T19:49:53.883084+00:00,KXBTC15M-26SEP031600-00,81531.12,606.12,81460.01,-71.11000000000058,DOWN,0.65,0.6607502860237582,0.01075028602375816,0.0,0.0,0.0,0.0,0.0,0.0,0,False
2026-09-03T19:49:58.890810+00:00,KXBTC15M-26SEP031600-00,81531.12,601.11,81473.25,-57.86999999999534,DOWN,0.65,0.6607502860237582,0.01075028602375816,0.0,0.0,0.0,0.0,0.0,0.0,0,False
2026-09-03T19:50:03.899102+00:00,KXBTC15M-26SEP031600-00,81531.12,596.1,81526.99,-4.129999999990105,DOWN,0.65,0.6607502860237582,0.01075028602375816,0.0,0.0,0.0,0.0,0.0,0.0,0,False
2026-09-03T19:50:08.885143+00:00,KXBTC15M-26SEP031600-00,81531.12,591.11,81500.02,-31.09999999999127,DOWN,0.65,0.6607502860237582,0.01075028602375816,0.0,0.0,0.0,0.0,0.0,0.0,0,False
2026-09-03T19:50:13.917226+00:00,KXBTC15M-26SEP031600-00,81531.12,586.08,81498.98,-32.13999999999942,DOWN,0.65,0.6607502860237582,0.01075028602375816,0.0,0.0,0.0,0.0,0.0,0.0,0,False
2026-09-03T19:50:18.890077+00:00,KXBTC15M-26SEP031600-00,81531.12,581.11,81506.46,-24.65999999998894,DOWN,0.65,0.6607502860237582,0.01075028602375816,0.0,0.0,0.0,0.0,0.0,0.0,0,False
2026-09-03T19:50:23.890772+00:00,KXBTC15M-26SEP031600-00,81531.12,576.11,81516.44,-14.679999999993015,DOWN,0.65,0.6607502860237582,0.01075028602375816,0.0,0.0,0.0,0.0,0.0,0.0,0,False
2026-09-03T19:50:28.911478+00:00,KXBTC15M-26SEP031600-00,81531.12,571.09,81516.45,-14.669999999998254,DOWN,0.65,0.6607502860237582,0.01075028602375816,0.0,0.0,0.0,0.0,0.0,0.0,0,False
2026-09-03T19:50:33.889840+00:00,KXBTC15M-26SEP031600-00,81531.12,566.11,81539.99,8.870000000009895,DOWN,0.65,0.6607502860237582,0.01075028602375816,0.0,0.0,0.0,0.0,0.0,0.0,0,False
2026-09-03T19:50:38.888964+00:00,KXBTC15M-26SEP031600-00,81531.12,561.11,81507.04,-24.080000000001746,DOWN,0.65,0.6607502860237582,0.01075028602375816,0.0,0.0,0.0,0.0,0.0,0.0,0,False
2026-09-03T19:50:43.908709+00:00,KXBTC15M-26SEP031600-00,81531.12,556.09,81517.05,-14.069999999992433,DOWN,0.65,0.6607502860237582,0.01075028602375816,0.0,0.0,0.0,0.0,0.0,0.0,0,False
2026-09-03T19:50:48.909288+00:00,KXBTC15M-26SEP031600-00,81531.12,551.09,81541.29,10.169999999998254,DOWN,0.65,0.6607502860237582,0.01075028602375816,0.0,0.0,0.0,0.0,0.0,0.0,0,False
2026-09-03T19:50:53.886081+00:00,KXBTC15M-26SEP031600-00,81531.12,546.11,81542.25,11.130000000004657,DOWN,0.65,0.6607502860237582,0.01075028602375816,0.0,0.0,0.0,0.0,0.0,0.0,0,False
2026-09-03T19:50:58.909695+00:00,KXBTC15M-26SEP031600-00,81531.12,541.09,81543.87,12.75,DOWN,0.65,0.6607502860237582,0.01075028602375816,0.0,0.0,0.0,0.0,0.0,0.0,0,False
2026-09-03T19:51:03.893169+00:00,KXBTC15M-26SEP031600-00,81531.12,536.11,81527.38,-3.7399999999906868,DOWN,0.65,0.6607502860237582,0.01075028602375816,0.0,0.0,0.0,0.0,0.0,0.0,0,False
2026-09-03T19:51:08.889072+00:00,KXBTC15M-26SEP031600-00,81531.12,531.11,81541.59,10.470000000001164,DOWN,0.65,0.6607502860237582,0.01075028602375816,0.0,0.0,0.0,0.0,0.0,0.0,0,False
2026-09-03T19:51:13.891011+00:00,KXBTC15M-26SEP031600-00,81531.12,526.11,81533.33,2.210000000006403,DOWN,0.65,0.6607502860237582,0.01075028602375816,0.0,0.0,0.0,0.0,0.0,0.0,0,False
2026-09-03T19:51:18.887056+00:00,KXBTC15M-26SEP031600-00,81531.12,521.11,81547.37,16.25,DOWN,0.65,0.6607502860237582,0.01075028602375816,0.0,0.0,0.0,0.0,0.0,0.0,0,False
2026-09-03T19:51:23.891998+00:00,KXBTC15M-26SEP031600-00,81531.12,516.11,81556.4,25.279999999998836,DOWN,0.65,0.6607502860237582,0.01075028602375816,0.0,0.0,0.0,0.0,0.0,0.0,0,False
2026-09-03T19:51:28.913026+00:00,KXBTC15M-26SEP031600-00,81531.12,511.09,81559.98,28.860000000000582,DOWN,0.65,0.6607502860237582,0.01075028602375816,0.0,0.0,0.0,0.0,0.0,0.0,0,False
2026-09-03T19:51:33.898180+00:00,KXBTC15M-26SEP031600-00,81531.12,506.1,81593.74,62.620000000009895,DOWN,0.65,0.6607502860237582,0.01075028602375816,0.0,0.0,0.0,0.0,0.0,0.0,0,False
2026-09-03T19:51:38.885918+00:00,KXBTC15M-26SEP031600-00,81531.12,501.11,81594.84,63.720000000001164,DOWN,0.65,0.6607502860237582,0.01075028602375816,0.0,0.0,0.0,0.0,0.0,0.0,0,False
2026-09-03T19:51:43.914634+00:00,KXBTC15M-26SEP031600-00,81531.12,496.09,81600.73,69.61000000000058,DOWN,0.65,0.6607502860237582,0.01075028602375816,0.0,0.0,0.0,0.0,0.0,0.0,0,False
2026-09-03T19:51:48.887371+00:00,KXBTC15M-26SEP031600-00,81531.12,491.11,81598.51,67.38999999999942,DOWN,0.65,0.6607502860237582,0.01075028602375816,0.0,0.0,0.0,0.0,0.0,0.0,0,False
2026-09-03T19:51:53.892050+00:00,KXBTC15M-26SEP031600-00,81531.12,486.11,81613.92,82.80000000000291,DOWN,0.65,0.6607502860237582,0.01075028602375816,0.0,0.0,0.0,0.0,0.0,0.0,0,False
2026-09-03T19:51:58.912389+00:00,KXBTC15M-26SEP031600-00,81531.12,481.09,81613.92,82.80000000000291,DOWN,0.65,0.6607502860237582,0.01075028602375816,0.0,0.0,0.0,0.0,0.0,0.0,0,False
2026-09-03T19:52:03.902024+00:00,KXBTC15M-26SEP031600-00,81531.12,476.1,81617.5,86.38000000000466,DOWN,0.65,0.6607502860237582,0.01075028602375816,0.0,0.0,0.0,0.0,0.0,0.0,0,False
2026-09-03T19:52:08.899089+00:00,KXBTC15M-26SEP031600-00,81531.12,471.1,81642.0,110.88000000000466,DOWN,0.65,0.6607502860237582,0.01075028602375816,0.0,0.0,0.0,0.0,0.0,0.0,0,False
2026-09-03T19:52:13.919364+00:00,KXBTC15M-26SEP031600-00,81531.12,466.08,81704.58,173.4600000000064,DOWN,0.65,0.6607502860237582,0.01075028602375816,0.0,0.0,0.0,0.0,0.0,0.0,0,False
2026-09-03T19:52:18.889864+00:00,KXBTC15M-26SEP031600-00,81531.12,461.11,81693.77,162.65000000000873,DOWN,0.65,0.6607502860237582,0.01075028602375816,0.0,0.0,0.0,0.0,0.0,0.0,0,False
2026-09-03T19:52:23.889317+00:00,KXBTC15M-26SEP031600-00,81531.12,456.11,81689.48,158.36000000000058,DOWN,0.65,0.6607502860237582,0.01075028602375816,0.0,0.0,0.0,0.0,0.0,0.0,0,False
2026-09-03T19:52:28.892441+00:00,KXBTC15M-26SEP031600-00,81531.12,451.11,81704.96,173.84000000001106,DOWN,0.65,0.6607502860237582,0.01075028602375816,0.0,0.0,0.0,0.0,0.0,0.0,0,False
2026-09-03T19:52:33.888321+00:00,KXBTC15M-26SEP031600-00,81531.12,446.11,81697.33,166.2100000000064,DOWN,0.65,0.6607502860237582,0.01075028602375816,0.0,0.0,0.0,0.0,0.0,0.0,0,False
2026-09-03T19:52:38.891148+00:00,KXBTC15M-26SEP031600-00,81531.12,441.11,81695.68,164.55999999999767,DOWN,0.65,0.6607502860237582,0.01075028602375816,0.0,0.0,0.0,0.0,0.0,0.0,0,False
2026-09-03T19:52:43.912953+00:00,KXBTC15M-26SEP031600-00,81531.12,436.09,81701.84,170.72000000000116,DOWN,0.65,0.6607502860237582,0.01075028602375816,0.0,0.0,0.0,0.0,0.0,0.0,0,False
2026-09-03T19:52:48.891155+00:00,KXBTC15M-26SEP031600-00,81531.12,431.11,81682.7,151.58000000000175,DOWN,0.65,0.6607502860237582,0.01075028602375816,0.0,0.0,0.0,0.0,0.0,0.0,0,False
2026-09-03T19:52:53.888504+00:00,KXBTC15M-26SEP031600-00,81531.12,426.11,81682.45,151.33000000000175,DOWN,0.65,0.6607502860237582,0.01075028602375816,0.0,0.0,0.0,0.0,0.0,0.0,0,False
2026-09-03T19:52:58.914707+00:00,KXBTC15M-26SEP031600-00,81531.12,421.09,81692.82,161.70000000001164,DOWN,0.65,0.6607502860237582,0.01075028602375816,0.0,0.0,0.0,0.0,0.0,0.0,0,False
2026-09-03T19:53:03.888825+00:00,KXBTC15M-26SEP031600-00,81531.12,416.11,81692.81,161.69000000000233,DOWN,0.65,0.6607502860237582,0.01075028602375816,0.0,0.0,0.0,0.0,0.0,0.0,0,False
2026-09-03T19:53:08.889303+00:00,KXBTC15M-26SEP031600-00,81531.12,411.11,81692.83,161.7100000000064,DOWN,0.65,0.6607502860237582,0.01075028602375816,0.0,0.0,0.0,0.0,0.0,0.0,0,False
2026-09-03T19:53:13.927687+00:00,KXBTC15M-26SEP031600-00,81531.12,406.07,81658.36,127.24000000000524,DOWN,0.65,0.6607502860237582,0.01075028602375816,0.0,0.0,0.0,0.0,0.0,0.0,0,False
2026-09-03T19:53:18.960440+00:00,KXBTC15M-26SEP031600-00,81531.12,401.04,81671.24,140.1200000000099,DOWN,0.65,0.6607502860237582,0.01075028602375816,0.0,0.0,0.0,0.0,0.0,0.0,0,False
2026-09-03T19:53:23.962760+00:00,KXBTC15M-26SEP031600-00,81531.12,396.04,81671.23,140.11000000000058,DOWN,0.65,0.6607502860237582,0.01075028602375816,0.0,0.0,0.0,0.0,0.0,0.0,0,False
2026-09-03T19:53:28.919944+00:00,KXBTC15M-26SEP031600-00,81531.12,391.08,81696.08,164.9600000000064,DOWN,0.65,0.6607502860237582,0.01075028602375816,0.0,0.0,0.0,0.0,0.0,0.0,0,False
2026-09-03T19:53:33.890162+00:00,KXBTC15M-26SEP031600-00,81531.12,386.11,81679.31,148.19000000000233,DOWN,0.65,0.6607502860237582,0.01075028602375816,0.0,0.0,0.0,0.0,0.0,0.0,0,False
2026-09-03T19:53:38.893086+00:00,KXBTC15M-26SEP031600-00,81531.12,381.11,81649.61,118.49000000000524,DOWN,0.65,0.6607502860237582,0.01075028602375816,0.0,0.0,0.0,0.0,0.0,0.0,0,False
2026-09-03T19:53:43.922851+00:00,KXBTC15M-26SEP031600-00,81531.12,376.08,81664.99,133.8700000000099,DOWN,0.65,0.6607502860237582,0.01075028602375816,0.0,0.0,0.0,0.0,0.0,0.0,0,False
2026-09-03T19:53:48.889998+00:00,KXBTC15M-26SEP031600-00,81531.12,371.11,81656.39,125.27000000000407,DOWN,0.65,0.6607502860237582,0.01075028602375816,0.0,0.0,0.0,0.0,0.0,0.0,0,False
2026-09-03T19:53:53.891110+00:00,KXBTC15M-26SEP031600-00,81531.12,366.11,81635.0,103.88000000000466,DOWN,0.65,0.6607502860237582,0.01075028602375816,0.0,0.0,0.0,0.0,0.0,0.0,0,False
2026-09-03T19:53:58.942153+00:00,KXBTC15M-26SEP031600-00,81531.12,361.06,81607.51,76.38999999999942,DOWN,0.65,0.6607502860237582,0.01075028602375816,0.0,0.0,0.0,0.0,0.0,0.0,0,False
2026-09-03T19:54:03.890044+00:00,KXBTC15M-26SEP031600-00,81531.12,356.11,81598.4,67.27999999999884,DOWN,0.65,0.6607502860237582,0.01075028602375816,0.0,0.0,0.0,0.0,0.0,0.0,0,False
2026-09-03T19:54:08.902343+00:00,KXBTC15M-26SEP031600-00,81531.12,351.1,81618.33,87.2100000000064,DOWN,0.65,0.6607502860237582,0.01075028602375816,0.0,0.0,0.0,0.0,0.0,0.0,0,False
2026-09-03T19:54:13.913921+00:00,KXBTC15M-26SEP031600-00,81531.12,346.09,81608.01,76.88999999999942,DOWN,0.65,0.6607502860237582,0.01075028602375816,0.0,0.0,0.0,0.0,0.0,0.0,0,False
2026-09-03T19:54:18.903935+00:00,KXBTC15M-26SEP031600-00,81531.12,341.1,81635.06,103.94000000000233,DOWN,0.65,0.6607502860237582,0.01075028602375816,0.0,0.0,0.0,0.0,0.0,0.0,0,False
2026-09-03T19:54:23.896752+00:00,KXBTC15M-26SEP031600-00,81531.12,336.1,81640.04,108.91999999999825,DOWN,0.65,0.6607502860237582,0.01075028602375816,0.0,0.0,0.0,0.0,0.0,0.0,0,False
2026-09-03T19:54:28.956391+00:00,KXBTC15M-26SEP031600-00,81531.12,331.04,81656.01,124.88999999999942,DOWN,0.65,0.6607502860237582,0.01075028602375816,0.0,0.0,0.0,0.0,0.0,0.0,0,False
2026-09-03T19:54:33.894482+00:00,KXBTC15M-26SEP031600-00,81531.12,326.11,81637.38,106.26000000000931,DOWN,0.65,0.6607502860237582,0.01075028602375816,0.0,0.0,0.0,0.0,0.0,0.0,0,False
2026-09-03T19:54:38.894114+00:00,KXBTC15M-26SEP031600-00,81531.12,321.11,81636.5,105.38000000000466,DOWN,0.65,0.6607502860237582,0.01075028602375816,0.0,0.0,0.0,0.0,0.0,0.0,0,False
2026-09-03T19:54:43.913766+00:00,KXBTC15M-26SEP031600-00,81531.12,316.09,81645.41,114.29000000000815,DOWN,0.65,0.6607502860237582,0.01075028602375816,0.0,0.0,0.0,0.0,0.0,0.0,0,False
2026-09-03T19:54:48.893613+00:00,KXBTC15M-26SEP031600-00,81531.12,311.11,81664.19,133.07000000000698,DOWN,0.65,0.6607502860237582,0.01075028602375816,0.0,0.0,0.0,0.0,0.0,0.0,0,False
2026-09-03T19:54:53.892468+00:00,KXBTC15M-26SEP031600-00,81531.12,306.11,81676.63,145.5100000000093,DOWN,0.65,0.6607502860237582,0.01075028602375816,0.0,0.0,0.0,0.0,0.0,0.0,0,False
2026-09-03T19:54:58.921695+00:00,KXBTC15M-26SEP031600-00,81531.12,301.08,81706.56,175.44000000000233,DOWN,0.65,0.6607502860237582,0.01075028602375816,0.0,0.0,0.0,0.0,0.0,0.0,0,False
2026-09-03T19:55:03.892699+00:00,KXBTC15M-26SEP031600-00,81531.12,296.11,81677.05,145.93000000000757,DOWN,0.65,0.6607502860237582,0.01075028602375816,0.0,0.0,0.0,0.0,0.0,0.0,0,False
2026-09-03T19:55:08.891424+00:00,KXBTC15M-26SEP031600-00,81531.12,291.11,81681.04,149.91999999999825,DOWN,0.65,0.6607502860237582,0.01075028602375816,0.0,0.0,0.0,0.0,0.0,0.0,0,False
2026-09-03T19:55:13.913179+00:00,KXBTC15M-26SEP031600-00,81531.12,286.09,81679.52,148.40000000000873,DOWN,0.65,0.6607502860237582,0.01075028602375816,0.0,0.0,0.0,0.0,0.0,0.0,0,False
2026-09-03T19:55:18.935498+00:00,KXBTC15M-26SEP031600-00,81531.12,281.06,81717.48,186.36000000000058,DOWN,0.65,0.6607502860237582,0.01075028602375816,0.0,0.0,0.0,0.0,0.0,0.0,0,False
2026-09-03T19:55:23.927147+00:00,KXBTC15M-26SEP031600-00,81531.12,276.07,81704.54,173.41999999999825,DOWN,0.65,0.6607502860237582,0.01075028602375816,0.0,0.0,0.0,0.0,0.0,0.0,0,False
2026-09-03T19:55:28.919337+00:00,KXBTC15M-26SEP031600-00,81531.12,271.08,81767.18,236.05999999999767,DOWN,0.65,0.6607502860237582,0.01075028602375816,0.0,0.0,0.0,0.0,0.0,0.0,0,False
2026-09-03T19:55:33.893011+00:00,KXBTC15M-26SEP031600-00,81531.12,266.11,81763.64,232.52000000000407,DOWN,0.65,0.6607502860237582,0.01075028602375816,0.0,0.0,0.0,0.0,0.0,0.0,0,False
2026-09-03T19:55:38.891301+00:00,KXBTC15M-26SEP031600-00,81531.12,261.11,81753.89,222.77000000000407,DOWN,0.65,0.6607502860237582,0.01075028602375816,0.0,0.0,0.0,0.0,0.0,0.0,0,False
2026-09-03T19:55:43.922342+00:00,KXBTC15M-26SEP031600-00,81531.12,256.08,81747.66,216.54000000000815,DOWN,0.65,0.6607502860237582,0.01075028602375816,0.0,0.0,0.0,0.0,0.0,0.0,0,False
2026-09-03T19:55:48.891203+00:00,KXBTC15M-26SEP031600-00,81531.12,251.11,81753.17,222.0500000000029,DOWN,0.65,0.6607502860237582,0.01075028602375816,0.0,0.0,0.0,0.0,0.0,0.0,0,False
2026-09-03T19:55:53.892918+00:00,KXBTC15M-26SEP031600-00,81531.12,246.11,81761.92,230.8000000000029,DOWN,0.65,0.6607502860237582,0.01075028602375816,0.0,0.0,0.0,0.0,0.0,0.0,0,False
2026-09-03T19:55:58.910293+00:00,KXBTC15M-26SEP031600-00,81531.12,241.09,81753.32,222.20000000001164,DOWN,0.65,0.6607502860237582,0.01075028602375816,0.0,0.0,0.0,0.0,0.0,0.0,0,False
2026-09-03T19:56:03.894827+00:00,KXBTC15M-26SEP031600-00,81531.12,236.11,81749.28,218.1600000000035,DOWN,0.65,0.6607502860237582,0.01075028602375816,0.0,0.0,0.0,0.0,0.0,0.0,0,False
2026-09-03T19:56:08.893947+00:00,KXBTC15M-26SEP031600-00,81531.12,231.11,81767.17,236.0500000000029,DOWN,0.65,0.6607502860237582,0.01075028602375816,0.0,0.0,0.0,0.0,0.0,0.0,0,False
2026-09-03T19:56:13.940110+00:00,KXBTC15M-26SEP031600-00,81531.12,226.06,81757.23,226.11000000000058,DOWN,0.65,0.6607502860237582,0.01075028602375816,0.0,0.0,0.0,0.0,0.0,0.0,0,False
2026-09-03T19:56:18.896700+00:00,KXBTC15M-26SEP031600-00,81531.12,221.1,81767.13,236.0100000000093,DOWN,0.65,0.6607502860237582,0.01075028602375816,0.0,0.0,0.0,0.0,0.0,0.0,0,False
2026-09-03T19:56:23.916468+00:00,KXBTC15M-26SEP031600-00,81531.12,216.08,81758.68,227.55999999999767,DOWN,0.65,0.6607502860237582,0.01075028602375816,0.0,0.0,0.0,0.0,0.0,0.0,0,False
2026-09-03T19:56:28.913925+00:00,KXBTC15M-26SEP031600-00,81531.12,211.09,81754.5,223.38000000000466,DOWN,0.65,0.6607502860237582,0.01075028602375816,0.0,0.0,0.0,0.0,0.0,0.0,0,False
2026-09-03T19:56:33.895314+00:00,KXBTC15M-26SEP031600-00,81531.12,206.1,81750.2,219.08000000000175,DOWN,0.65,0.6607502860237582,0.01075028602375816,0.0,0.0,0.0,0.0,0.0,0.0,0,False
2026-09-03T19:56:38.905105+00:00,KXBTC15M-26SEP031600-00,81531.12,201.09,81741.91,210.79000000000815,DOWN,0.65,0.6607502860237582,0.01075028602375816,0.0,0.0,0.0,0.0,0.0,0.0,0,False
2026-09-03T19:56:43.948036+00:00,KXBTC15M-26SEP031600-00,81531.12,196.05,81751.65,220.52999999999884,DOWN,0.65,0.6607502860237582,0.01075028602375816,0.0,0.0,0.0,0.0,0.0,0.0,0,False
2026-09-03T19:56:48.897654+00:00,KXBTC15M-26SEP031600-00,81531.12,191.1,81752.23,221.11000000000058,DOWN,0.65,0.6607502860237582,0.01075028602375816,0.0,0.0,0.0,0.0,0.0,0.0,0,False
2026-09-03T19:56:53.913188+00:00,KXBTC15M-26SEP031600-00,81531.12,186.09,81752.83,221.7100000000064,DOWN,0.65,0.6607502860237582,0.01075028602375816,0.0,0.0,0.0,0.0,0.0,0.0,0,False
2026-09-03T19:56:58.916035+00:00,KXBTC15M-26SEP031600-00,81531.12,181.08,81767.02,235.90000000000873,DOWN,0.65,0.6607502860237582,0.01075028602375816,0.0,0.0,0.0,0.0,0.0,0.0,0,False
2026-09-03T19:57:03.898684+00:00,KXBTC15M-26SEP031600-00,81531.12,176.1,81781.48,250.36000000000058,DOWN,0.65,0.6607502860237582,0.01075028602375816,0.0,0.0,0.0,0.0,0.0,0.0,0,False
2026-09-03T19:57:08.894934+00:00,KXBTC15M-26SEP031600-00,81531.12,171.11,81789.19,258.070000000007,DOWN,0.65,0.6607502860237582,0.01075028602375816,0.0,0.0,0.0,0.0,0.0,0.0,0,False
2026-09-03T19:57:13.916571+00:00,KXBTC15M-26SEP031600-00,81531.12,166.08,81790.4,259.27999999999884,DOWN,0.65,0.6607502860237582,0.01075028602375816,0.0,0.0,0.0,0.0,0.0,0.0,0,False
2026-09-03T19:57:18.962227+00:00,KXBTC15M-26SEP031600-00,81531.12,161.04,81795.33,264.2100000000064,DOWN,0.65,0.6607502860237582,0.01075028602375816,0.0,0.0,0.0,0.0,0.0,0.0,0,False
2026-09-03T19:57:23.894169+00:00,KXBTC15M-26SEP031600-00,81531.12,156.11,81803.07,271.95000000001164,DOWN,0.65,0.6607502860237582,0.01075028602375816,0.0,0.0,0.0,0.0,0.0,0.0,0,False
2026-09-03T19:57:28.923565+00:00,KXBTC15M-26SEP031600-00,81531.12,151.08,81796.0,264.88000000000466,DOWN,0.65,0.6607502860237582,0.01075028602375816,0.0,0.0,0.0,0.0,0.0,0.0,0,False
2026-09-03T19:57:33.902894+00:00,KXBTC15M-26SEP031600-00,81531.12,146.1,81795.93,264.8099999999977,DOWN,0.65,0.6607502860237582,0.01075028602375816,0.0,0.0,0.0,0.0,0.0,0.0,0,False
2026-09-03T19:57:38.965475+00:00,KXBTC15M-26SEP031600-00,81531.12,141.03,81776.6,245.48000000001048,DOWN,0.65,0.6607502860237582,0.01075028602375816,0.0,0.0,0.0,0.0,0.0,0.0,0,False
2026-09-03T19:57:43.961870+00:00,KXBTC15M-26SEP031600-00,81531.12,136.04,81779.01,247.88999999999942,DOWN,0.65,0.6607502860237582,0.01075028602375816,0.0,0.0,0.0,0.0,0.0,0.0,0,False
2026-09-03T19:57:48.908176+00:00,KXBTC15M-26SEP031600-00,81531.12,131.09,81768.38,237.2600000000093,DOWN,0.65,0.6607502860237582,0.01075028602375816,0.0,0.0,0.0,0.0,0.0,0.0,0,False
2026-09-03T19:57:53.902959+00:00,KXBTC15M-26SEP031600-00,81531.12,126.1,81772.21,241.09000000001106,DOWN,0.65,0.6607502860237582,0.01075028602375816,0.0,0.0,0.0,0.0,0.0,0.0,0,False
2026-09-03T19:57:58.922426+00:00,KXBTC15M-26SEP031600-00,81531.12,121.08,81765.05,233.93000000000757,DOWN,0.65,0.6607502860237582,0.01075028602375816,0.0,0.0,0.0,0.0,0.0,0.0,0,False
2026-09-03T19:58:03.896726+00:00,KXBTC15M-26SEP031600-00,81531.12,116.1,81762.47,231.35000000000582,DOWN,0.65,0.6607502860237582,0.01075028602375816,0.0,0.0,0.0,0.0,0.0,0.0,0,False
2026-09-03T19:58:08.928305+00:00,KXBTC15M-26SEP031600-00,81531.12,111.07,81766.09,234.97000000000116,DOWN,0.65,0.6607502860237582,0.01075028602375816,0.0,0.0,0.0,0.0,0.0,0.0,0,False
2026-09-03T19:58:13.921013+00:00,KXBTC15M-26SEP031600-00,81531.12,106.08,81770.57,239.45000000001164,DOWN,0.65,0.6607502860237582,0.01075028602375816,0.0,0.0,0.0,0.0,0.0,0.0,0,False
2026-09-03T19:58:18.895960+00:00,KXBTC15M-26SEP031600-00,81531.12,101.1,81770.58,239.4600000000064,DOWN,0.65,0.6607502860237582,0.01075028602375816,0.0,0.0,0.0,0.0,0.0,0.0,0,False
2026-09-03T19:58:23.893395+00:00,KXBTC15M-26SEP031600-00,81531.12,96.11,81765.05,233.93000000000757,DOWN,0.65,0.6607502860237582,0.01075028602375816,0.0,0.0,0.0,0.0,0.0,0.0,0,False
2026-09-03T19:58:28.894711+00:00,KXBTC15M-26SEP031600-00,81531.12,91.11,81771.47,240.35000000000582,DOWN,0.65,0.6607502860237582,0.01075028602375816,0.0,0.0,0.0,0.0,0.0,0.0,0,False
2026-09-03T19:58:33.895704+00:00,KXBTC15M-26SEP031600-00,81531.12,86.1,81765.04,233.91999999999825,DOWN,0.65,0.6607502860237582,0.01075028602375816,0.0,0.0,0.0,0.0,0.0,0.0,0,False
2026-09-03T19:58:38.890454+00:00,KXBTC15M-26SEP031600-00,81531.12,81.11,81767.62,236.5,DOWN,0.65,0.6607502860237582,0.01075028602375816,0.0,0.0,0.0,0.0,0.0,0.0,0,False
2026-09-03T19:58:43.898204+00:00,KXBTC15M-26SEP031600-00,81531.12,76.1,81771.47,240.35000000000582,DOWN,0.65,0.6607502860237582,0.01075028602375816,0.0,0.0,0.0,0.0,0.0,0.0,0,False
2026-09-03T19:58:48.902039+00:00,KXBTC15M-26SEP031600-00,81531.12,71.1,81774.92,243.8000000000029,DOWN,0.65,0.6607502860237582,0.01075028602375816,0.0,0.0,0.0,0.0,0.0,0.0,0,False
2026-09-03T19:58:53.893924+00:00,KXBTC15M-26SEP031600-00,81531.12,66.11,81768.97,237.85000000000582,DOWN,0.65,0.6607502860237582,0.01075028602375816,0.0,0.0,0.0,0.0,0.0,0.0,0,False
2026-09-03T19:58:58.941012+00:00,KXBTC15M-26SEP031600-00,81531.12,61.06,81774.93,243.80999999999767,DOWN,0.65,0.6607502860237582,0.01075028602375816,0.0,0.0,0.0,0.0,0.0,0.0,0,False
2026-09-03T19:59:03.893884+00:00,KXBTC15M-26SEP031600-00,81531.12,56.11,81768.0,236.88000000000466,DOWN,0.65,0.6607502860237582,0.01075028602375816,0.0,0.0,0.0,0.0,0.0,0.0,0,False
2026-09-03T19:59:08.893906+00:00,KXBTC15M-26SEP031600-00,81531.12,51.11,81765.05,233.93000000000757,DOWN,0.65,0.6607502860237582,0.01075028602375816,0.0,0.0,0.0,0.0,0.0,0.0,0,False
2026-09-03T19:59:13.920073+00:00,KXBTC15M-26SEP031600-00,81531.12,46.08,81753.76,222.63999999999942,DOWN,0.65,0.6607502860237582,0.01075028602375816,0.0,0.0,0.0,0.0,0.0,0.0,0,False
2026-09-03T19:59:18.892451+00:00,KXBTC15M-26SEP031600-00,81531.12,41.11,81753.77,222.65000000000873,DOWN,0.65,0.6607502860237582,0.01075028602375816,0.0,0.0,0.0,0.0,0.0,0.0,0,False
2026-09-03T19:59:23.895190+00:00,KXBTC15M-26SEP031600-00,81531.12,36.1,81758.27,227.15000000000873,DOWN,0.65,0.6607502860237582,0.01075028602375816,0.0,0.0,0.0,0.0,0.0,0.0,0,False
2026-09-03T19:59:28.917359+00:00,KXBTC15M-26SEP031600-00,81531.12,31.08,81765.82,234.70000000001164,DOWN,0.65,0.6607502860237582,0.01075028602375816,0.0,0.0,0.0,0.0,0.0,0.0,0,False
2026-09-03T19:59:33.894025+00:00,KXBTC15M-26SEP031600-00,81531.12,26.11,81782.47,251.35000000000582,DOWN,0.65,0.6607502860237582,0.01075028602375816,0.0,0.0,0.0,0.0,0.0,0.0,0,False
2026-09-03T19:59:38.895360+00:00,KXBTC15M-26SEP031600-00,81531.12,21.1,81783.04,251.91999999999825,DOWN,0.65,0.6607502860237582,0.01075028602375816,0.0,0.0,0.0,0.0,0.0,0.0,0,False
2026-09-03T19:59:43.899681+00:00,KXBTC15M-26SEP031600-00,81531.12,16.1,81785.45,254.33000000000175,DOWN,0.65,0.6607502860237582,0.01075028602375816,0.0,0.0,0.0,0.0,0.0,0.0,0,False
2026-09-03T19:59:48.892668+00:00,KXBTC15M-26SEP031600-00,81531.12,11.11,81760.0,228.88000000000466,DOWN,0.65,0.6607502860237582,0.01075028602375816,0.0,0.0,0.0,0.0,0.0,0.0,0,False
2026-09-03T19:59:53.911946+00:00,KXBTC15M-26SEP031600-00,81531.12,6.09,81755.71,224.59000000001106,DOWN,0.65,0.6607502860237582,0.01075028602375816,0.0,0.0,0.0,0.0,0.0,0.0,0,False
2026-09-03T19:59:58.939353+00:00,KXBTC15M-26SEP031600-00,81531.12,1.06,81755.54,224.41999999999825,DOWN,0.65,0.6607502860237582,0.01075028602375816,0.0,0.0,0.0,0.0,0.0,0.0,0,False
2026-09-03T20:00:44.423384+00:00,KXBTC15M-26SEP031615-15,81762.39,855.58,81552.8,-209.5899999999965,DOWN,0.65,0.6607502860237582,0.01075028602375816,0.0,0.0,0.0,0.0,0.0,0.0,0,False
2026-09-03T20:00:49.419062+00:00,KXBTC15M-26SEP031615-15,81762.39,850.58,81522.0,-240.38999999999942,DOWN,0.65,0.6607502860237582,0.01075028602375816,0.0,0.0,0.0,0.0,0.0,0.0,0,False
2026-09-03T20:00:54.402250+00:00,KXBTC15M-26SEP031615-15,81762.39,845.6,81495.21,-267.179999999993,DOWN,0.65,0.6607502860237582,0.01075028602375816,0.0,0.0,0.0,0.0,0.0,0.0,0,False
2026-09-03T20:00:59.424818+00:00,KXBTC15M-26SEP031615-15,81762.39,840.58,81522.99,-239.39999999999418,DOWN,0.65,0.6607502860237582,0.01075028602375816,0.0,0.0,0.0,0.0,0.0,0.0,0,False
2026-09-03T20:01:04.400544+00:00,KXBTC15M-26SEP031615-15,81762.39,835.6,81514.62,-247.77000000000407,DOWN,0.65,0.6607502860237582,0.01075028602375816,0.0,0.0,0.0,0.0,0.0,0.0,0,False
2026-09-03T20:01:09.404954+00:00,KXBTC15M-26SEP031615-15,81762.39,830.6,81452.99,-309.3999999999942,DOWN,0.65,0.6607502860237582,0.01075028602375816,0.0,0.0,0.0,0.0,0.0,0.0,0,False
2026-09-03T20:01:14.423066+00:00,KXBTC15M-26SEP031615-15,81762.39,825.58,81419.27,-343.11999999999534,DOWN,0.65,0.6607502860237582,0.01075028602375816,0.0,0.0,0.0,0.0,0.0,0.0,0,False
2026-09-03T20:01:19.401497+00:00,KXBTC15M-26SEP031615-15,81762.39,820.6,81414.75,-347.6399999999994,DOWN,0.65,0.6607502860237582,0.01075028602375816,0.0,0.0,0.0,0.0,0.0,0.0,0,False
2026-09-03T20:01:24.406576+00:00,KXBTC15M-26SEP031615-15,81762.39,815.59,81449.59,-312.8000000000029,DOWN,0.65,0.6607502860237582,0.01075028602375816,0.0,0.0,0.0,0.0,0.0,0.0,0,False
2026-09-03T20:01:29.408543+00:00,KXBTC15M-26SEP031615-15,81762.39,810.59,81426.82,-335.56999999999243,DOWN,0.65,0.6607502860237582,0.01075028602375816,0.0,0.0,0.0,0.0,0.0,0.0,0,False
2026-09-03T20:01:34.403905+00:00,KXBTC15M-26SEP031615-15,81762.39,805.6,81440.0,-322.3899999999994,DOWN,0.65,0.6607502860237582,0.01075028602375816,0.0,0.0,0.0,0.0,0.0,0.0,0,False
2026-09-03T20:01:39.402216+00:00,KXBTC15M-26SEP031615-15,81762.39,800.6,81444.17,-318.22000000000116,DOWN,0.65,0.6607502860237582,0.01075028602375816,0.0,0.0,0.0,0.0,0.0,0.0,0,False
2026-09-03T20:01:44.422214+00:00,KXBTC15M-26SEP031615-15,81762.39,795.58,81433.72,-328.66999999999825,DOWN,0.65,0.6607502860237582,0.01075028602375816,0.0,0.0,0.0,0.0,0.0,0.0,0,False
2026-09-03T20:01:49.401760+00:00,KXBTC15M-26SEP031615-15,81762.39,790.6,81457.05,-305.3399999999965,DOWN,0.65,0.6607502860237582,0.01075028602375816,0.0,0.0,0.0,0.0,0.0,0.0,0,False
2026-09-03T20:01:54.423445+00:00,KXBTC15M-26SEP031615-15,81762.39,785.58,81459.94,-302.4499999999971,DOWN,0.65,0.6607502860237582,0.01075028602375816,0.0,0.0,0.0,0.0,0.0,0.0,0,False
2026-09-03T20:01:59.419286+00:00,KXBTC15M-26SEP031615-15,81762.39,780.58,81464.07,-298.31999999999243,DOWN,0.65,0.6607502860237582,0.01075028602375816,0.0,0.0,0.0,0.0,0.0,0.0,0,False
2026-09-03T20:02:04.415319+00:00,KXBTC15M-26SEP031615-15,81762.39,775.58,81486.58,-275.8099999999977,DOWN,0.65,0.6607502860237582,0.01075028602375816,0.0,0.0,0.0,0.0,0.0,0.0,0,False
2026-09-03T20:02:09.401571+00:00,KXBTC15M-26SEP031615-15,81762.39,770.6,81503.78,-258.6100000000006,DOWN,0.65,0.6607502860237582,0.01075028602375816,0.0,0.0,0.0,0.0,0.0,0.0,0,False
2026-09-03T20:02:14.427331+00:00,KXBTC15M-26SEP031615-15,81762.39,765.57,81463.96,-298.429999999993,DOWN,0.65,0.6607502860237582,0.01075028602375816,0.0,0.0,0.0,0.0,0.0,0.0,0,False
2026-09-03T20:02:19.401048+00:00,KXBTC15M-26SEP031615-15,81762.39,760.6,81461.93,-300.4600000000064,DOWN,0.65,0.6607502860237582,0.01075028602375816,0.0,0.0,0.0,0.0,0.0,0.0,0,False
2026-09-03T20:02:24.399673+00:00,KXBTC15M-26SEP031615-15,81762.39,755.6,81478.6,-283.7899999999936,DOWN,0.65,0.6607502860237582,0.01075028602375816,0.0,0.0,0.0,0.0,0.0,0.0,0,False
2026-09-03T20:02:29.421646+00:00,KXBTC15M-26SEP031615-15,81762.39,750.58,81459.0,-303.3899999999994,DOWN,0.65,0.6607502860237582,0.01075028602375816,0.0,0.0,0.0,0.0,0.0,0.0,0,False
2026-09-03T20:02:34.398436+00:00,KXBTC15M-26SEP031615-15,81762.39,745.6,81459.0,-303.3899999999994,DOWN,0.65,0.6607502860237582,0.01075028602375816,0.0,0.0,0.0,0.0,0.0,0.0,0,False
2026-09-03T20:02:39.411268+00:00,KXBTC15M-26SEP031615-15,81762.39,740.59,81460.0,-302.3899999999994,DOWN,0.65,0.6607502860237582,0.01075028602375816,0.0,0.0,0.0,0.0,0.0,0.0,0,False
2026-09-03T20:02:44.438716+00:00,KXBTC15M-26SEP031615-15,81762.39,735.56,81506.68,-255.7100000000064,DOWN,0.65,0.6607502860237582,0.01075028602375816,0.0,0.0,0.0,0.0,0.0,0.0,0,False
2026-09-03T20:02:49.416597+00:00,KXBTC15M-26SEP031615-15,81762.39,730.58,81488.41,-273.9799999999959,DOWN,0.65,0.6607502860237582,0.01075028602375816,0.0,0.0,0.0,0.0,0.0,0.0,0,False
2026-09-03T20:02:54.412525+00:00,KXBTC15M-26SEP031615-15,81762.39,725.59,81492.42,-269.97000000000116,DOWN,0.65,0.6607502860237582,0.01075028602375816,0.0,0.0,0.0,0.0,0.0,0.0,0,False
2026-09-03T20:02:59.428942+00:00,KXBTC15M-26SEP031615-15,81762.39,720.57,81489.97,-272.41999999999825,DOWN,0.65,0.6607502860237582,0.01075028602375816,0.0,0.0,0.0,0.0,0.0,0.0,0,False
2026-09-03T20:03:04.402688+00:00,KXBTC15M-26SEP031615-15,81762.39,715.6,81487.33,-275.0599999999977,DOWN,0.65,0.6607502860237582,0.01075028602375816,0.0,0.0,0.0,0.0,0.0,0.0,0,False
2026-09-03T20:03:09.405300+00:00,KXBTC15M-26SEP031615-15,81762.39,710.59,81468.36,-294.02999999999884,DOWN,0.65,0.6607502860237582,0.01075028602375816,0.0,0.0,0.0,0.0,0.0,0.0,0,False
2026-09-03T20:03:14.427108+00:00,KXBTC15M-26SEP031615-15,81762.39,705.57,81476.21,-286.179999999993,DOWN,0.65,0.6607502860237582,0.01075028602375816,0.0,0.0,0.0,0.0,0.0,0.0,0,False
2026-09-03T20:03:19.408878+00:00,KXBTC15M-26SEP031615-15,81762.39,700.59,81498.99,-263.3999999999942,DOWN,0.65,0.6607502860237582,0.01075028602375816,0.0,0.0,0.0,0.0,0.0,0.0,0,False
2026-09-03T20:03:24.404017+00:00,KXBTC15M-26SEP031615-15,81762.39,695.6,81537.26,-225.13000000000466,DOWN,0.65,0.6607502860237582,0.01075028602375816,0.0,0.0,0.0,0.0,0.0,0.0,0,False
2026-09-03T20:03:29.421530+00:00,KXBTC15M-26SEP031615-15,81762.39,690.58,81552.49,-209.89999999999418,DOWN,0.65,0.6607502860237582,0.01075028602375816,0.0,0.0,0.0,0.0,0.0,0.0,0,False
2026-09-03T20:03:34.401905+00:00,KXBTC15M-26SEP031615-15,81762.39,685.6,81564.74,-197.64999999999418,DOWN,0.65,0.6607502860237582,0.01075028602375816,0.0,0.0,0.0,0.0,0.0,0.0,0,False
2026-09-03T20:03:39.403505+00:00,KXBTC15M-26SEP031615-15,81762.39,680.6,81547.41,-214.97999999999593,DOWN,0.65,0.6607502860237582,0.01075028602375816,0.0,0.0,0.0,0.0,0.0,0.0,0,False
2026-09-03T20:03:44.428004+00:00,KXBTC15M-26SEP031615-15,81762.39,675.57,81547.64,-214.75,DOWN,0.65,0.6607502860237582,0.01075028602375816,0.0,0.0,0.0,0.0,0.0,0.0,0,False
2026-09-03T20:03:49.404004+00:00,KXBTC15M-26SEP031615-15,81762.39,670.6,81554.03,-208.36000000000058,DOWN,0.65,0.6607502860237582,0.01075028602375816,0.0,0.0,0.0,0.0,0.0,0.0,0,False
2026-09-03T20:03:54.402370+00:00,KXBTC15M-26SEP031615-15,81762.39,665.6,81552.84,-209.5500000000029,DOWN,0.65,0.6607502860237582,0.01075028602375816,0.0,0.0,0.0,0.0,0.0,0.0,0,False
2026-09-03T20:03:59.424086+00:00,KXBTC15M-26SEP031615-15,81762.39,660.58,81561.53,-200.86000000000058,DOWN,0.65,0.6607502860237582,0.01075028602375816,0.0,0.0,0.0,0.0,0.0,0.0,0,False
2026-09-03T20:04:04.401947+00:00,KXBTC15M-26SEP031615-15,81762.39,655.6,81565.15,-197.24000000000524,DOWN,0.65,0.6607502860237582,0.01075028602375816,0.0,0.0,0.0,0.0,0.0,0.0,0,False
2026-09-03T20:04:09.405502+00:00,KXBTC15M-26SEP031615-15,81762.39,650.59,81573.73,-188.6600000000035,DOWN,0.65,0.6607502860237582,0.01075028602375816,0.0,0.0,0.0,0.0,0.0,0.0,0,False
2026-09-03T20:04:14.429343+00:00,KXBTC15M-26SEP031615-15,81762.39,645.57,81608.78,-153.61000000000058,DOWN,0.65,0.6607502860237582,0.01075028602375816,0.0,0.0,0.0,0.0,0.0,0.0,0,False
2026-09-03T20:04:19.407088+00:00,KXBTC15M-26SEP031615-15,81762.39,640.59,81607.95,-154.44000000000233,DOWN,0.65,0.6607502860237582,0.01075028602375816,0.0,0.0,0.0,0.0,0.0,0.0,0,False
2026-09-03T20:04:24.404951+00:00,KXBTC15M-26SEP031615-15,81762.39,635.6,81605.69,-156.6999999999971,DOWN,0.65,0.6607502860237582,0.01075028602375816,0.0,0.0,0.0,0.0,0.0,0.0,0,False
2026-09-03T20:04:29.498695+00:00,KXBTC15M-26SEP031615-15,81762.39,630.5,81577.7,-184.69000000000233,DOWN,0.65,0.6607502860237582,0.01075028602375816,0.0,0.0,0.0,0.0,0.0,0.0,0,False
2026-09-03T20:04:34.405644+00:00,KXBTC15M-26SEP031615-15,81762.39,625.59,81567.61,-194.77999999999884,DOWN,0.65,0.6607502860237582,0.01075028602375816,0.0,0.0,0.0,0.0,0.0,0.0,0,False
2026-09-03T20:04:39.410435+00:00,KXBTC15M-26SEP031615-15,81762.39,620.59,81586.73,-175.6600000000035,DOWN,0.65,0.6607502860237582,0.01075028602375816,0.0,0.0,0.0,0.0,0.0,0.0,0,False
2026-09-03T20:04:44.435975+00:00,KXBTC15M-26SEP031615-15,81762.39,615.56,81611.72,-150.66999999999825,DOWN,0.65,0.6607502860237582,0.01075028602375816,0.0,0.0,0.0,0.0,0.0,0.0,0,False
2026-09-03T20:04:49.451253+00:00,KXBTC15M-26SEP031615-15,81762.39,610.55,81620.76,-141.63000000000466,DOWN,0.65,0.6607502860237582,0.01075028602375816,0.0,0.0,0.0,0.0,0.0,0.0,0,False
2026-09-03T20:04:54.409362+00:00,KXBTC15M-26SEP031615-15,81762.39,605.59,81612.21,-150.17999999999302,DOWN,0.65,0.6607502860237582,0.01075028602375816,0.0,0.0,0.0,0.0,0.0,0.0,0,False
2026-09-03T20:04:59.428818+00:00,KXBTC15M-26SEP031615-15,81762.39,600.57,81620.79,-141.60000000000582,DOWN,0.65,0.6607502860237582,0.01075028602375816,0.0,0.0,0.0,0.0,0.0,0.0,0,False
2026-09-03T20:05:04.428683+00:00,KXBTC15M-26SEP031615-15,81762.39,595.57,81633.75,-128.63999999999942,DOWN,0.65,0.6607502860237582,0.01075028602375816,0.0,0.0,0.0,0.0,0.0,0.0,0,False
2026-09-03T20:05:09.407564+00:00,KXBTC15M-26SEP031615-15,81762.39,590.59,81631.67,-130.72000000000116,DOWN,0.65,0.6607502860237582,0.01075028602375816,0.0,0.0,0.0,0.0,0.0,0.0,0,False
2026-09-03T20:05:14.426416+00:00,KXBTC15M-26SEP031615-15,81762.39,585.57,81644.98,-117.41000000000349,DOWN,0.65,0.6607502860237582,0.01075028602375816,0.0,0.0,0.0,0.0,0.0,0.0,0,False
2026-09-03T20:05:19.405720+00:00,KXBTC15M-26SEP031615-15,81762.39,580.59,81636.46,-125.92999999999302,DOWN,0.65,0.6607502860237582,0.01075028602375816,0.0,0.0,0.0,0.0,0.0,0.0,0,False
2026-09-03T20:05:24.408865+00:00,KXBTC15M-26SEP031615-15,81762.39,575.59,81618.1,-144.2899999999936,DOWN,0.65,0.6607502860237582,0.01075028602375816,0.0,0.0,0.0,0.0,0.0,0.0,0,False
2026-09-03T20:05:29.438520+00:00,KXBTC15M-26SEP031615-15,81762.39,570.56,81618.12,-144.27000000000407,DOWN,0.65,0.6607502860237582,0.01075028602375816,0.0,0.0,0.0,0.0,0.0,0.0,0,False
2026-09-03T20:05:34.449231+00:00,KXBTC15M-26SEP031615-15,81762.39,565.55,81625.36,-137.02999999999884,DOWN,0.65,0.6607502860237582,0.01075028602375816,0.0,0.0,0.0,0.0,0.0,0.0,0,False
2026-09-03T20:05:39.409784+00:00,KXBTC15M-26SEP031615-15,81762.39,560.59,81616.27,-146.11999999999534,DOWN,0.65,0.6607502860237582,0.01075028602375816,0.0,0.0,0.0,0.0,0.0,0.0,0,False
2026-09-03T20:05:44.432146+00:00,KXBTC15M-26SEP031615-15,81762.39,555.57,81615.0,-147.38999999999942,DOWN,0.65,0.6607502860237582,0.01075028602375816,0.0,0.0,0.0,0.0,0.0,0.0,0,False
2026-09-03T20:05:49.407401+00:00,KXBTC15M-26SEP031615-15,81762.39,550.59,81632.26,-130.13000000000466,DOWN,0.65,0.6607502860237582,0.01075028602375816,0.0,0.0,0.0,0.0,0.0,0.0,0,False
2026-09-03T20:05:54.407012+00:00,KXBTC15M-26SEP031615-15,81762.39,545.59,81624.02,-138.36999999999534,DOWN,0.65,0.6607502860237582,0.01075028602375816,0.0,0.0,0.0,0.0,0.0,0.0,0,False
2026-09-03T20:05:59.430963+00:00,KXBTC15M-26SEP031615-15,81762.39,540.57,81594.36,-168.02999999999884,DOWN,0.65,0.6607502860237582,0.01075028602375816,0.0,0.0,0.0,0.0,0.0,0.0,0,False
2026-09-03T20:06:04.415204+00:00,KXBTC15M-26SEP031615-15,81762.39,535.58,81593.11,-169.27999999999884,DOWN,0.65,0.6607502860237582,0.01075028602375816,0.0,0.0,0.0,0.0,0.0,0.0,0,False
2026-09-03T20:06:09.413074+00:00,KXBTC15M-26SEP031615-15,81762.39,530.59,81572.52,-189.86999999999534,DOWN,0.65,0.6607502860237582,0.01075028602375816,0.0,0.0,0.0,0.0,0.0,0.0,0,False
2026-09-03T20:06:14.442083+00:00,KXBTC15M-26SEP031615-15,81762.39,525.56,81575.06,-187.33000000000175,DOWN,0.65,0.6607502860237582,0.01075028602375816,0.0,0.0,0.0,0.0,0.0,0.0,0,False
2026-09-03T20:06:19.410115+00:00,KXBTC15M-26SEP031615-15,81762.39,520.59,81580.73,-181.6600000000035,DOWN,0.65,0.6607502860237582,0.01075028602375816,0.0,0.0,0.0,0.0,0.0,0.0,0,False
2026-09-03T20:06:24.409348+00:00,KXBTC15M-26SEP031615-15,81762.39,515.59,81581.39,-181.0,DOWN,0.65,0.6607502860237582,0.01075028602375816,0.0,0.0,0.0,0.0,0.0,0.0,0,False
2026-09-03T20:06:29.432851+00:00,KXBTC15M-26SEP031615-15,81762.39,510.57,81580.06,-182.33000000000175,DOWN,0.65,0.6607502860237582,0.01075028602375816,0.0,0.0,0.0,0.0,0.0,0.0,0,False
2026-09-03T20:06:34.407025+00:00,KXBTC15M-26SEP031615-15,81762.39,505.59,81557.5,-204.88999999999942,DOWN,0.65,0.6607502860237582,0.01075028602375816,0.0,0.0,0.0,0.0,0.0,0.0,0,False
2026-09-03T20:06:39.412214+00:00,KXBTC15M-26SEP031615-15,81762.39,500.59,81557.64,-204.75,DOWN,0.65,0.6607502860237582,0.01075028602375816,0.0,0.0,0.0,0.0,0.0,0.0,0,False
2026-09-03T20:06:44.430690+00:00,KXBTC15M-26SEP031615-15,81762.39,495.57,81559.52,-202.86999999999534,DOWN,0.65,0.6607502860237582,0.01075028602375816,0.0,0.0,0.0,0.0,0.0,0.0,0,False
2026-09-03T20:06:49.408561+00:00,KXBTC15M-26SEP031615-15,81762.39,490.59,81570.01,-192.38000000000466,DOWN,0.65,0.6607502860237582,0.01075028602375816,0.0,0.0,0.0,0.0,0.0,0.0,0,False
2026-09-03T20:06:54.416070+00:00,KXBTC15M-26SEP031615-15,81762.39,485.58,81562.0,-200.38999999999942,DOWN,0.65,0.6607502860237582,0.01075028602375816,0.0,0.0,0.0,0.0,0.0,0.0,0,False
2026-09-03T20:06:59.440146+00:00,KXBTC15M-26SEP031615-15,81762.39,480.56,81551.04,-211.35000000000582,DOWN,0.65,0.6607502860237582,0.01075028602375816,0.0,0.0,0.0,0.0,0.0,0.0,0,False
2026-09-03T20:07:04.477788+00:00,KXBTC15M-26SEP031615-15,81762.39,475.52,81542.43,-219.9600000000064,DOWN,0.65,0.6607502860237582,0.01075028602375816,0.0,0.0,0.0,0.0,0.0,0.0,0,False
2026-09-03T20:07:09.410271+00:00,KXBTC15M-26SEP031615-15,81762.39,470.59,81541.31,-221.08000000000175,DOWN,0.65,0.6607502860237582,0.01075028602375816,0.0,0.0,0.0,0.0,0.0,0.0,0,False
2026-09-03T20:07:14.430817+00:00,KXBTC15M-26SEP031615-15,81762.39,465.57,81555.5,-206.88999999999942,DOWN,0.65,0.6607502860237582,0.01075028602375816,0.0,0.0,0.0,0.0,0.0,0.0,0,False
2026-09-03T20:07:19.407534+00:00,KXBTC15M-26SEP031615-15,81762.39,460.59,81585.78,-176.61000000000058,DOWN,0.65,0.6607502860237582,0.01075028602375816,0.0,0.0,0.0,0.0,0.0,0.0,0,False
2026-09-03T20:07:24.408820+00:00,KXBTC15M-26SEP031615-15,81762.39,455.59,81581.98,-180.4100000000035,DOWN,0.65,0.6607502860237582,0.01075028602375816,0.0,0.0,0.0,0.0,0.0,0.0,0,False
2026-09-03T20:07:29.434207+00:00,KXBTC15M-26SEP031615-15,81762.39,450.57,81581.0,-181.38999999999942,DOWN,0.65,0.6607502860237582,0.01075028602375816,0.0,0.0,0.0,0.0,0.0,0.0,0,False
2026-09-03T20:07:34.411283+00:00,KXBTC15M-26SEP031615-15,81762.39,445.59,81548.76,-213.63000000000466,DOWN,0.65,0.6607502860237582,0.01075028602375816,0.0,0.0,0.0,0.0,0.0,0.0,0,False
2026-09-03T20:07:39.410184+00:00,KXBTC15M-26SEP031615-15,81762.39,440.59,81558.92,-203.47000000000116,DOWN,0.65,0.6607502860237582,0.01075028602375816,0.0,0.0,0.0,0.0,0.0,0.0,0,False
2026-09-03T20:07:44.518557+00:00,KXBTC15M-26SEP031615-15,81762.39,435.48,81559.1,-203.2899999999936,DOWN,0.65,0.6607502860237582,0.01075028602375816,0.0,0.0,0.0,0.0,0.0,0.0,0,False
2026-09-03T20:07:49.410208+00:00,KXBTC15M-26SEP031615-15,81762.39,430.59,81568.52,-193.86999999999534,DOWN,0.65,0.6607502860237582,0.01075028602375816,0.0,0.0,0.0,0.0,0.0,0.0,0,False
2026-09-03T20:07:54.411207+00:00,KXBTC15M-26SEP031615-15,81762.39,425.59,81575.66,-186.72999999999593,DOWN,0.65,0.6607502860237582,0.01075028602375816,0.0,0.0,0.0,0.0,0.0,0.0,0,False
2026-09-03T20:07:59.434984+00:00,KXBTC15M-26SEP031615-15,81762.39,420.57,81583.24,-179.14999999999418,DOWN,0.65,0.6607502860237582,0.01075028602375816,0.0,0.0,0.0,0.0,0.0,0.0,0,False
2026-09-03T20:08:04.418146+00:00,KXBTC15M-26SEP031615-15,81762.39,415.58,81602.98,-159.4100000000035,DOWN,0.65,0.6607502860237582,0.01075028602375816,0.0,0.0,0.0,0.0,0.0,0.0,0,False
2026-09-03T20:08:09.413189+00:00,KXBTC15M-26SEP031615-15,81762.39,410.59,81621.53,-140.86000000000058,DOWN,0.65,0.6607502860237582,0.01075028602375816,0.0,0.0,0.0,0.0,0.0,0.0,0,False
2026-09-03T20:08:14.436453+00:00,KXBTC15M-26SEP031615-15,81762.39,405.56,81628.28,-134.11000000000058,DOWN,0.65,0.6607502860237582,0.01075028602375816,0.0,0.0,0.0,0.0,0.0,0.0,0,False
2026-09-03T20:08:19.408094+00:00,KXBTC15M-26SEP031615-15,81762.39,400.59,81626.98,-135.4100000000035,DOWN,0.65,0.6607502860237582,0.01075028602375816,0.0,0.0,0.0,0.0,0.0,0.0,0,False
2026-09-03T20:08:24.409572+00:00,KXBTC15M-26SEP031615-15,81762.39,395.59,81626.99,-135.39999999999418,DOWN,0.65,0.6607502860237582,0.01075028602375816,0.0,0.0,0.0,0.0,0.0,0.0,0,False
2026-09-03T20:08:29.433752+00:00,KXBTC15M-26SEP031615-15,81762.39,390.57,81638.62,-123.77000000000407,DOWN,0.65,0.6607502860237582,0.01075028602375816,0.0,0.0,0.0,0.0,0.0,0.0,0,False
2026-09-03T20:08:34.410136+00:00,KXBTC15M-26SEP031615-15,81762.39,385.59,81642.45,-119.94000000000233,DOWN,0.65,0.6607502860237582,0.01075028602375816,0.0,0.0,0.0,0.0,0.0,0.0,0,False
2026-09-03T20:08:39.410983+00:00,KXBTC15M-26SEP031615-15,81762.39,380.59,81669.86,-92.52999999999884,DOWN,0.65,0.6607502860237582,0.01075028602375816,0.0,0.0,0.0,0.0,0.0,0.0,0,False
2026-09-03T20:08:44.445175+00:00,KXBTC15M-26SEP031615-15,81762.39,375.55,81675.0,-87.38999999999942,DOWN,0.65,0.6607502860237582,0.01075028602375816,0.0,0.0,0.0,0.0,0.0,0.0,0,False
2026-09-03T20:08:49.415485+00:00,KXBTC15M-26SEP031615-15,81762.39,370.58,81721.63,-40.75999999999476,DOWN,0.65,0.6607502860237582,0.01075028602375816,0.0,0.0,0.0,0.0,0.0,0.0,0,False
2026-09-03T20:08:54.483503+00:00,KXBTC15M-26SEP031615-15,81762.39,365.52,81717.18,-45.2100000000064,DOWN,0.65,0.6607502860237582,0.01075028602375816,0.0,0.0,0.0,0.0,0.0,0.0,0,False
2026-09-03T20:08:59.430423+00:00,KXBTC15M-26SEP031615-15,81762.39,360.57,81688.81,-73.58000000000175,DOWN,0.65,0.6607502860237582,0.01075028602375816,0.0,0.0,0.0,0.0,0.0,0.0,0,False
2026-09-03T20:09:04.426380+00:00,KXBTC15M-26SEP031615-15,81762.39,355.57,81699.64,-62.75,DOWN,0.65,0.6607502860237582,0.01075028602375816,0.0,0.0,0.0,0.0,0.0,0.0,0,False
2026-09-03T20:09:09.409769+00:00,KXBTC15M-26SEP031615-15,81762.39,350.59,81698.91,-63.479999999995925,DOWN,0.65,0.6607502860237582,0.01075028602375816,0.0,0.0,0.0,0.0,0.0,0.0,0,False
2026-09-03T20:09:14.455458+00:00,KXBTC15M-26SEP031615-15,81762.39,345.54,81702.12,-60.270000000004075,DOWN,0.65,0.6607502860237582,0.01075028602375816,0.0,0.0,0.0,0.0,0.0,0.0,0,False
2026-09-03T20:09:19.409995+00:00,KXBTC15M-26SEP031615-15,81762.39,340.59,81685.0,-77.38999999999942,DOWN,0.65,0.6607502860237582,0.01075028602375816,0.0,0.0,0.0,0.0,0.0,0.0,0,False
2026-09-03T20:09:24.412114+00:00,KXBTC15M-26SEP031615-15,81762.39,335.59,81684.19,-78.19999999999709,DOWN,0.65,0.6607502860237582,0.01075028602375816,0.0,0.0,0.0,0.0,0.0,0.0,0,False
2026-09-03T20:09:29.433933+00:00,KXBTC15M-26SEP031615-15,81762.39,330.57,81658.5,-103.88999999999942,DOWN,0.65,0.6607502860237582,0.01075028602375816,0.0,0.0,0.0,0.0,0.0,0.0,0,False
2026-09-03T20:09:34.472999+00:00,KXBTC15M-26SEP031615-15,81762.39,325.53,81672.21,-90.17999999999302,DOWN,0.65,0.6607502860237582,0.01075028602375816,0.0,0.0,0.0,0.0,0.0,0.0,0,False
2026-09-03T20:09:39.431808+00:00,KXBTC15M-26SEP031615-15,81762.39,320.57,81660.01,-102.38000000000466,DOWN,0.65,0.6607502860237582,0.01075028602375816,0.0,0.0,0.0,0.0,0.0,0.0,0,False
2026-09-03T20:09:44.453877+00:00,KXBTC15M-26SEP031615-15,81762.39,315.55,81660.01,-102.38000000000466,DOWN,0.65,0.6607502860237582,0.01075028602375816,0.0,0.0,0.0,0.0,0.0,0.0,0,False
2026-09-03T20:09:49.460546+00:00,KXBTC15M-26SEP031615-15,81762.39,310.54,81660.01,-102.38000000000466,DOWN,0.65,0.6607502860237582,0.01075028602375816,0.0,0.0,0.0,0.0,0.0,0.0,0,False
2026-09-03T20:09:54.415898+00:00,KXBTC15M-26SEP031615-15,81762.39,305.58,81655.78,-106.61000000000058,DOWN,0.65,0.6607502860237582,0.01075028602375816,0.0,0.0,0.0,0.0,0.0,0.0,0,False
2026-09-03T20:09:59.444899+00:00,KXBTC15M-26SEP031615-15,81762.39,300.56,81655.28,-107.11000000000058,DOWN,0.65,0.6607502860237582,0.01075028602375816,0.0,0.0,0.0,0.0,0.0,0.0,0,False
2026-09-03T20:10:04.422116+00:00,KXBTC15M-26SEP031615-15,81762.39,295.58,81652.6,-109.7899999999936,DOWN,0.65,0.6607502860237582,0.01075028602375816,0.0,0.0,0.0,0.0,0.0,0.0,0,False
2026-09-03T20:10:09.414838+00:00,KXBTC15M-26SEP031615-15,81762.39,290.59,81629.01,-133.38000000000466,DOWN,0.65,0.6607502860237582,0.01075028602375816,0.0,0.0,0.0,0.0,0.0,0.0,0,False
2026-09-03T20:10:14.436696+00:00,KXBTC15M-26SEP031615-15,81762.39,285.56,81629.66,-132.72999999999593,DOWN,0.65,0.6607502860237582,0.01075028602375816,0.0,0.0,0.0,0.0,0.0,0.0,0,False
2026-09-03T20:10:19.410693+00:00,KXBTC15M-26SEP031615-15,81762.39,280.59,81628.2,-134.19000000000233,DOWN,0.65,0.6607502860237582,0.01075028602375816,0.0,0.0,0.0,0.0,0.0,0.0,0,False
2026-09-03T20:10:24.411491+00:00,KXBTC15M-26SEP031615-15,81762.39,275.59,81624.02,-138.36999999999534,DOWN,0.65,0.6607502860237582,0.01075028602375816,0.0,0.0,0.0,0.0,0.0,0.0,0,False
2026-09-03T20:10:29.439451+00:00,KXBTC15M-26SEP031615-15,81762.39,270.56,81631.19,-131.1999999999971,DOWN,0.65,0.6607502860237582,0.01075028602375816,0.0,0.0,0.0,0.0,0.0,0.0,0,False
2026-09-03T20:10:34.415387+00:00,KXBTC15M-26SEP031615-15,81762.39,265.58,81628.0,-134.38999999999942,DOWN,0.65,0.6607502860237582,0.01075028602375816,0.0,0.0,0.0,0.0,0.0,0.0,0,False
2026-09-03T20:10:39.428890+00:00,KXBTC15M-26SEP031615-15,81762.39,260.57,81624.4,-137.99000000000524,DOWN,0.65,0.6607502860237582,0.01075028602375816,0.0,0.0,0.0,0.0,0.0,0.0,0,False
2026-09-03T20:10:44.420965+00:00,KXBTC15M-26SEP031615-15,81762.39,255.58,81612.03,-150.36000000000058,DOWN,0.65,0.6607502860237582,0.01075028602375816,0.0,0.0,0.0,0.0,0.0,0.0,0,False
2026-09-03T20:10:49.411599+00:00,KXBTC15M-26SEP031615-15,81762.39,250.59,81599.99,-162.39999999999418,DOWN,0.65,0.6607502860237582,0.01075028602375816,0.0,0.0,0.0,0.0,0.0,0.0,0,False
2026-09-03T20:10:54.414149+00:00,KXBTC15M-26SEP031615-15,81762.39,245.59,81600.64,-161.75,DOWN,0.65,0.6607502860237582,0.01075028602375816,0.0,0.0,0.0,0.0,0.0,0.0,0,False
2026-09-03T20:10:59.434023+00:00,KXBTC15M-26SEP031615-15,81762.39,240.57,81614.01,-148.38000000000466,DOWN,0.65,0.6607502860237582,0.01075028602375816,0.0,0.0,0.0,0.0,0.0,0.0,0,False
2026-09-03T20:11:04.483928+00:00,KXBTC15M-26SEP031615-15,81762.39,235.52,81614.01,-148.38000000000466,DOWN,0.65,0.6607502860237582,0.01075028602375816,0.0,0.0,0.0,0.0,0.0,0.0,0,False
2026-09-03T20:11:09.417382+00:00,KXBTC15M-26SEP031615-15,81762.39,230.58,81597.9,-164.49000000000524,DOWN,0.65,0.6607502860237582,0.01075028602375816,0.0,0.0,0.0,0.0,0.0,0.0,0,False
2026-09-03T20:11:14.438072+00:00,KXBTC15M-26SEP031615-15,81762.39,225.56,81590.0,-172.38999999999942,DOWN,0.65,0.6607502860237582,0.01075028602375816,0.0,0.0,0.0,0.0,0.0,0.0,0,False
2026-09-03T20:11:19.413121+00:00,KXBTC15M-26SEP031615-15,81762.39,220.59,81571.5,-190.88999999999942,DOWN,0.65,0.6607502860237582,0.01075028602375816,0.0,0.0,0.0,0.0,0.0,0.0,0,False
2026-09-03T20:11:24.419075+00:00,KXBTC15M-26SEP031615-15,81762.39,215.58,81570.02,-192.36999999999534,DOWN,0.65,0.6607502860237582,0.01075028602375816,0.0,0.0,0.0,0.0,0.0,0.0,0,False
2026-09-03T20:11:29.451336+00:00,KXBTC15M-26SEP031615-15,81762.39,210.55,81570.0,-192.38999999999942,DOWN,0.65,0.6607502860237582,0.01075028602375816,0.0,0.0,0.0,0.0,0.0,0.0,0,False
2026-09-03T20:11:34.418755+00:00,KXBTC15M-26SEP031615-15,81762.39,205.58,81574.42,-187.97000000000116,DOWN,0.65,0.6607502860237582,0.01075028602375816,0.0,0.0,0.0,0.0,0.0,0.0,0,False
2026-09-03T20:11:39.415058+00:00,KXBTC15M-26SEP031615-15,81762.39,200.58,81556.91,-205.47999999999593,DOWN,0.65,0.6607502860237582,0.01075028602375816,0.0,0.0,0.0,0.0,0.0,0.0,0,False
2026-09-03T20:11:44.440457+00:00,KXBTC15M-26SEP031615-15,81762.39,195.56,81566.14,-196.25,DOWN,0.65,0.6607502860237582,0.01075028602375816,0.0,0.0,0.0,0.0,0.0,0.0,0,False
2026-09-03T20:11:49.414724+00:00,KXBTC15M-26SEP031615-15,81762.39,190.59,81565.02,-197.36999999999534,DOWN,0.65,0.6607502860237582,0.01075028602375816,0.0,0.0,0.0,0.0,0.0,0.0,0,False
2026-09-03T20:11:54.416161+00:00,KXBTC15M-26SEP031615-15,81762.39,185.58,81567.34,-195.0500000000029,DOWN,0.65,0.6607502860237582,0.01075028602375816,0.0,0.0,0.0,0.0,0.0,0.0,0,False
2026-09-03T20:11:59.436388+00:00,KXBTC15M-26SEP031615-15,81762.39,180.56,81560.28,-202.11000000000058,DOWN,0.65,0.6607502860237582,0.01075028602375816,0.0,0.0,0.0,0.0,0.0,0.0,0,False
2026-09-03T20:12:04.416356+00:00,KXBTC15M-26SEP031615-15,81762.39,175.58,81549.07,-213.31999999999243,DOWN,0.65,0.6607502860237582,0.01075028602375816,0.0,0.0,0.0,0.0,0.0,0.0,0,False
2026-09-03T20:12:09.448207+00:00,KXBTC15M-26SEP031615-15,81762.39,170.55,81547.99,-214.39999999999418,DOWN,0.65,0.6607502860237582,0.01075028602375816,0.0,0.0,0.0,0.0,0.0,0.0,0,False
2026-09-03T20:12:14.441606+00:00,KXBTC15M-26SEP031615-15,81762.39,165.56,81528.02,-234.36999999999534,DOWN,0.65,0.6607502860237582,0.01075028602375816,0.0,0.0,0.0,0.0,0.0,0.0,0,False
2026-09-03T20:12:19.415831+00:00,KXBTC15M-26SEP031615-15,81762.39,160.58,81545.12,-217.27000000000407,DOWN,0.65,0.6607502860237582,0.01075028602375816,0.0,0.0,0.0,0.0,0.0,0.0,0,False
2026-09-03T20:12:24.418147+00:00,KXBTC15M-26SEP031615-15,81762.39,155.58,81543.01,-219.38000000000466,DOWN,0.65,0.6607502860237582,0.01075028602375816,0.0,0.0,0.0,0.0,0.0,0.0,0,False
2026-09-03T20:12:29.439248+00:00,KXBTC15M-26SEP031615-15,81762.39,150.56,81544.03,-218.36000000000058,DOWN,0.65,0.6607502860237582,0.01075028602375816,0.0,0.0,0.0,0.0,0.0,0.0,0,False
2026-09-03T20:12:34.438013+00:00,KXBTC15M-26SEP031615-15,81762.39,145.56,81545.01,-217.38000000000466,DOWN,0.65,0.6607502860237582,0.01075028602375816,0.0,0.0,0.0,0.0,0.0,0.0,0,False
2026-09-03T20:12:39.419921+00:00,KXBTC15M-26SEP031615-15,81762.39,140.58,81527.2,-235.19000000000233,DOWN,0.65,0.6607502860237582,0.01075028602375816,0.0,0.0,0.0,0.0,0.0,0.0,0,False
2026-09-03T20:12:44.508803+00:00,KXBTC15M-26SEP031615-15,81762.39,135.49,81532.31,-230.08000000000175,DOWN,0.65,0.6607502860237582,0.01075028602375816,0.0,0.0,0.0,0.0,0.0,0.0,0,False
2026-09-03T20:12:49.418122+00:00,KXBTC15M-26SEP031615-15,81762.39,130.58,81521.01,-241.38000000000466,DOWN,0.65,0.6607502860237582,0.01075028602375816,0.0,0.0,0.0,0.0,0.0,0.0,0,False
2026-09-03T20:12:54.434418+00:00,KXBTC15M-26SEP031615-15,81762.39,125.57,81521.01,-241.38000000000466,DOWN,0.65,0.6607502860237582,0.01075028602375816,0.0,0.0,0.0,0.0,0.0,0.0,0,False
2026-09-03T20:12:59.446190+00:00,KXBTC15M-26SEP031615-15,81762.39,120.55,81506.42,-255.97000000000116,DOWN,0.65,0.6607502860237582,0.01075028602375816,0.0,0.0,0.0,0.0,0.0,0.0,0,False
2026-09-03T20:13:04.419906+00:00,KXBTC15M-26SEP031615-15,81762.39,115.58,81506.43,-255.9600000000064,DOWN,0.65,0.6607502860237582,0.01075028602375816,0.0,0.0,0.0,0.0,0.0,0.0,0,False
2026-09-03T20:13:09.414531+00:00,KXBTC15M-26SEP031615-15,81762.39,110.59,81501.01,-261.38000000000466,DOWN,0.65,0.6607502860237582,0.01075028602375816,0.0,0.0,0.0,0.0,0.0,0.0,0,False
2026-09-03T20:13:14.419920+00:00,KXBTC15M-26SEP031615-15,81762.39,105.58,81505.87,-256.5200000000041,DOWN,0.65,0.6607502860237582,0.01075028602375816,0.0,0.0,0.0,0.0,0.0,0.0,0,False
2026-09-03T20:13:19.414716+00:00,KXBTC15M-26SEP031615-15,81762.39,100.59,81499.44,-262.9499999999971,DOWN,0.65,0.6607502860237582,0.01075028602375816,0.0,0.0,0.0,0.0,0.0,0.0,0,False
2026-09-03T20:13:24.418052+00:00,KXBTC15M-26SEP031615-15,81762.39,95.58,81525.19,-237.1999999999971,DOWN,0.65,0.6607502860237582,0.01075028602375816,0.0,0.0,0.0,0.0,0.0,0.0,0,False
2026-09-03T20:13:29.437414+00:00,KXBTC15M-26SEP031615-15,81762.39,90.56,81525.19,-237.1999999999971,DOWN,0.65,0.6607502860237582,0.01075028602375816,0.0,0.0,0.0,0.0,0.0,0.0,0,False
2026-09-03T20:13:34.415963+00:00,KXBTC15M-26SEP031615-15,81762.39,85.58,81510.69,-251.6999999999971,DOWN,0.65,0.6607502860237582,0.01075028602375816,0.0,0.0,0.0,0.0,0.0,0.0,0,False
2026-09-03T20:13:39.436467+00:00,KXBTC15M-26SEP031615-15,81762.39,80.56,81500.93,-261.4600000000064,DOWN,0.65,0.6607502860237582,0.01075028602375816,0.0,0.0,0.0,0.0,0.0,0.0,0,False
2026-09-03T20:13:44.459279+00:00,KXBTC15M-26SEP031615-15,81762.39,75.54,81508.57,-253.81999999999243,DOWN,0.65,0.6607502860237582,0.01075028602375816,0.0,0.0,0.0,0.0,0.0,0.0,0,False
2026-09-03T20:13:49.427003+00:00,KXBTC15M-26SEP031615-15,81762.39,70.57,81510.67,-251.72000000000116,DOWN,0.65,0.6607502860237582,0.01075028602375816,0.0,0.0,0.0,0.0,0.0,0.0,0,False
2026-09-03T20:13:54.489875+00:00,KXBTC15M-26SEP031615-15,81762.39,65.51,81534.02,-228.36999999999534,DOWN,0.65,0.6607502860237582,0.01075028602375816,0.0,0.0,0.0,0.0,0.0,0.0,0,False
2026-09-03T20:13:59.454678+00:00,KXBTC15M-26SEP031615-15,81762.39,60.55,81532.4,-229.99000000000524,DOWN,0.65,0.6607502860237582,0.01075028602375816,0.0,0.0,0.0,0.0,0.0,0.0,0,False
2026-09-03T20:14:04.450966+00:00,KXBTC15M-26SEP031615-15,81762.39,55.55,81532.42,-229.97000000000116,DOWN,0.65,0.6607502860237582,0.01075028602375816,0.0,0.0,0.0,0.0,0.0,0.0,0,False
2026-09-03T20:14:09.419289+00:00,KXBTC15M-26SEP031615-15,81762.39,50.58,81530.99,-231.39999999999418,DOWN,0.65,0.6607502860237582,0.01075028602375816,0.0,0.0,0.0,0.0,0.0,0.0,0,False
2026-09-03T20:14:14.506955+00:00,KXBTC15M-26SEP031615-15,81762.39,45.49,81535.49,-226.89999999999418,DOWN,0.65,0.6607502860237582,0.01075028602375816,0.0,0.0,0.0,0.0,0.0,0.0,0,False
2026-09-03T20:14:19.417364+00:00,KXBTC15M-26SEP031615-15,81762.39,40.58,81535.71,-226.67999999999302,DOWN,0.65,0.6607502860237582,0.01075028602375816,0.0,0.0,0.0,0.0,0.0,0.0,0,False
2026-09-03T20:14:24.418534+00:00,KXBTC15M-26SEP031615-15,81762.39,35.58,81513.07,-249.31999999999243,DOWN,0.65,0.6607502860237582,0.01075028602375816,0.0,0.0,0.0,0.0,0.0,0.0,0,False
2026-09-03T20:14:29.440910+00:00,KXBTC15M-26SEP031615-15,81762.39,30.56,81514.8,-247.5899999999965,DOWN,0.65,0.6607502860237582,0.01075028602375816,0.0,0.0,0.0,0.0,0.0,0.0,0,False
2026-09-03T20:14:34.427417+00:00,KXBTC15M-26SEP031615-15,81762.39,25.57,81486.02,-276.36999999999534,DOWN,0.65,0.6607502860237582,0.01075028602375816,0.0,0.0,0.0,0.0,0.0,0.0,0,False
2026-09-03T20:14:39.422785+00:00,KXBTC15M-26SEP031615-15,81762.39,20.58,81488.06,-274.33000000000175,DOWN,0.65,0.6607502860237582,0.01075028602375816,0.0,0.0,0.0,0.0,0.0,0.0,0,False
2026-09-03T20:14:44.443442+00:00,KXBTC15M-26SEP031615-15,81762.39,15.56,81468.02,-294.36999999999534,DOWN,0.65,0.6607502860237582,0.01075028602375816,0.0,0.0,0.0,0.0,0.0,0.0,0,False
2026-09-03T20:14:49.417965+00:00,KXBTC15M-26SEP031615-15,81762.39,10.58,81455.99,-306.3999999999942,DOWN,0.65,0.6607502860237582,0.01075028602375816,0.0,0.0,0.0,0.0,0.0,0.0,0,False
2026-09-03T20:14:54.421016+00:00,KXBTC15M-26SEP031615-15,81762.39,5.58,81438.01,-324.38000000000466,DOWN,0.65,0.6607502860237582,0.01075028602375816,0.0,0.0,0.0,0.0,0.0,0.0,0,False
2026-09-03T20:14:59.447388+00:00,KXBTC15M-26SEP031615-15,81762.39,0.55,81428.64,-333.75,DOWN,0.65,0.6607502860237582,0.01075028602375816,0.0,0.0,0.0,0.0,0.0,0.0,0,False
2026-09-03T20:15:29.775472+00:00,KXBTC15M-26SEP031630-30,81499.42,870.22,81452.26,-47.16000000000349,DOWN,0.65,0.6607502860237582,0.01075028602375816,0.0,0.0,0.0,0.0,0.0,0.0,0,False
2026-09-03T20:15:34.774761+00:00,KXBTC15M-26SEP031630-30,81499.42,865.23,81459.75,-39.669999999998254,DOWN,0.65,0.6607502860237582,0.01075028602375816,0.0,0.0,0.0,0.0,0.0,0.0,0,False
2026-09-03T20:15:39.757732+00:00,KXBTC15M-26SEP031630-30,81499.42,860.24,81461.93,-37.49000000000524,DOWN,0.65,0.6607502860237582,0.01075028602375816,0.0,0.0,0.0,0.0,0.0,0.0,0,False
2026-09-03T20:15:44.778083+00:00,KXBTC15M-26SEP031630-30,81499.42,855.22,81467.7,-31.720000000001164,DOWN,0.65,0.6607502860237582,0.01075028602375816,0.0,0.0,0.0,0.0,0.0,0.0,0,False
2026-09-03T20:15:49.756755+00:00,KXBTC15M-26SEP031630-30,81499.42,850.24,81436.3,-63.11999999999534,DOWN,0.65,0.6607502860237582,0.01075028602375816,0.0,0.0,0.0,0.0,0.0,0.0,0,False
2026-09-03T20:15:54.758339+00:00,KXBTC15M-26SEP031630-30,81499.42,845.24,81441.28,-58.13999999999942,DOWN,0.65,0.6607502860237582,0.01075028602375816,0.0,0.0,0.0,0.0,0.0,0.0,0,False
2026-09-03T20:15:59.769044+00:00,KXBTC15M-26SEP031630-30,81499.42,840.23,81428.85,-70.56999999999243,DOWN,0.65,0.6607502860237582,0.01075028602375816,0.0,0.0,0.0,0.0,0.0,0.0,0,False
2026-09-03T20:16:04.761412+00:00,KXBTC15M-26SEP031630-30,81499.42,835.24,81430.7,-68.72000000000116,DOWN,0.65,0.6607502860237582,0.01075028602375816,0.0,0.0,0.0,0.0,0.0,0.0,0,False
2026-09-03T20:16:09.754111+00:00,KXBTC15M-26SEP031630-30,81499.42,830.25,81406.0,-93.41999999999825,DOWN,0.65,0.6607502860237582,0.01075028602375816,0.0,0.0,0.0,0.0,0.0,0.0,0,False
2026-09-03T20:16:14.760868+00:00,KXBTC15M-26SEP031630-30,81499.42,825.24,81409.32,-90.09999999999127,DOWN,0.65,0.6607502860237582,0.01075028602375816,0.0,0.0,0.0,0.0,0.0,0.0,0,False
2026-09-03T20:16:19.756851+00:00,KXBTC15M-26SEP031630-30,81499.42,820.24,81409.31,-90.11000000000058,DOWN,0.65,0.6607502860237582,0.01075028602375816,0.0,0.0,0.0,0.0,0.0,0.0,0,False
2026-09-03T20:16:24.760099+00:00,KXBTC15M-26SEP031630-30,81499.42,815.24,81406.5,-92.91999999999825,DOWN,0.65,0.6607502860237582,0.01075028602375816,0.0,0.0,0.0,0.0,0.0,0.0,0,False
2026-09-03T20:16:29.785541+00:00,KXBTC15M-26SEP031630-30,81499.42,810.21,81408.32,-91.09999999999127,DOWN,0.65,0.6607502860237582,0.01075028602375816,0.0,0.0,0.0,0.0,0.0,0.0,0,False
2026-09-03T20:16:34.757918+00:00,KXBTC15M-26SEP031630-30,81499.42,805.24,81422.75,-76.66999999999825,DOWN,0.65,0.6607502860237582,0.01075028602375816,0.0,0.0,0.0,0.0,0.0,0.0,0,False
2026-09-03T20:16:39.758938+00:00,KXBTC15M-26SEP031630-30,81499.42,800.24,81431.39,-68.02999999999884,DOWN,0.65,0.6607502860237582,0.01075028602375816,0.0,0.0,0.0,0.0,0.0,0.0,0,False
2026-09-03T20:16:44.779273+00:00,KXBTC15M-26SEP031630-30,81499.42,795.22,81435.59,-63.830000000001746,DOWN,0.65,0.6607502860237582,0.01075028602375816,0.0,0.0,0.0,0.0,0.0,0.0,0,False
2026-09-03T20:16:49.757056+00:00,KXBTC15M-26SEP031630-30,81499.42,790.24,81432.34,-67.08000000000175,DOWN,0.65,0.6607502860237582,0.01075028602375816,0.0,0.0,0.0,0.0,0.0,0.0,0,False
2026-09-03T20:16:54.754154+00:00,KXBTC15M-26SEP031630-30,81499.42,785.25,81433.42,-66.0,DOWN,0.65,0.6607502860237582,0.01075028602375816,0.0,0.0,0.0,0.0,0.0,0.0,0,False
2026-09-03T20:16:59.775823+00:00,KXBTC15M-26SEP031630-30,81499.42,780.22,81437.7,-61.720000000001164,DOWN,0.65,0.6607502860237582,0.01075028602375816,0.0,0.0,0.0,0.0,0.0,0.0,0,False
2026-09-03T20:17:04.758822+00:00,KXBTC15M-26SEP031630-30,81499.42,775.24,81461.24,-38.179999999993015,DOWN,0.65,0.6607502860237582,0.01075028602375816,0.0,0.0,0.0,0.0,0.0,0.0,0,False
2026-09-03T20:17:09.756816+00:00,KXBTC15M-26SEP031630-30,81499.42,770.24,81479.74,-19.679999999993015,DOWN,0.65,0.6607502860237582,0.01075028602375816,0.0,0.0,0.0,0.0,0.0,0.0,0,False
2026-09-03T20:17:14.773550+00:00,KXBTC15M-26SEP031630-30,81499.42,765.23,81499.99,0.5700000000069849,DOWN,0.65,0.6607502860237582,0.01075028602375816,0.0,0.0,0.0,0.0,0.0,0.0,0,False
2026-09-03T20:17:19.759014+00:00,KXBTC15M-26SEP031630-30,81499.42,760.24,81522.55,23.130000000004657,DOWN,0.65,0.6607502860237582,0.01075028602375816,0.0,0.0,0.0,0.0,0.0,0.0,0,False
2026-09-03T20:17:24.754539+00:00,KXBTC15M-26SEP031630-30,81499.42,755.25,81533.24,33.820000000006985,DOWN,0.65,0.6607502860237582,0.01075028602375816,0.0,0.0,0.0,0.0,0.0,0.0,0,False
2026-09-03T20:17:29.783567+00:00,KXBTC15M-26SEP031630-30,81499.42,750.22,81530.61,31.19000000000233,DOWN,0.65,0.6607502860237582,0.01075028602375816,0.0,0.0,0.0,0.0,0.0,0.0,0,False
2026-09-03T20:17:34.763817+00:00,KXBTC15M-26SEP031630-30,81499.42,745.24,81534.71,35.29000000000815,DOWN,0.65,0.6607502860237582,0.01075028602375816,0.0,0.0,0.0,0.0,0.0,0.0,0,False
2026-09-03T20:17:39.765510+00:00,KXBTC15M-26SEP031630-30,81499.42,740.23,81545.12,45.69999999999709,DOWN,0.65,0.6607502860237582,0.01075028602375816,0.0,0.0,0.0,0.0,0.0,0.0,0,False
2026-09-03T20:17:44.780781+00:00,KXBTC15M-26SEP031630-30,81499.42,735.22,81553.48,54.05999999999767,DOWN,0.65,0.6607502860237582,0.01075028602375816,0.0,0.0,0.0,0.0,0.0,0.0,0,False
2026-09-03T20:17:49.756958+00:00,KXBTC15M-26SEP031630-30,81499.42,730.24,81548.8,49.38000000000466,DOWN,0.65,0.6607502860237582,0.01075028602375816,0.0,0.0,0.0,0.0,0.0,0.0,0,False
2026-09-03T20:17:54.780832+00:00,KXBTC15M-26SEP031630-30,81499.42,725.22,81533.38,33.9600000000064,DOWN,0.65,0.6607502860237582,0.01075028602375816,0.0,0.0,0.0,0.0,0.0,0.0,0,False
2026-09-03T20:17:59.830534+00:00,KXBTC15M-26SEP031630-30,81499.42,720.17,81561.71,62.29000000000815,DOWN,0.65,0.6607502860237582,0.01075028602375816,0.0,0.0,0.0,0.0,0.0,0.0,0,False
2026-09-03T20:18:04.757982+00:00,KXBTC15M-26SEP031630-30,81499.42,715.24,81537.31,37.88999999999942,DOWN,0.65,0.6607502860237582,0.01075028602375816,0.0,0.0,0.0,0.0,0.0,0.0,0,False
2026-09-03T20:18:09.755056+00:00,KXBTC15M-26SEP031630-30,81499.42,710.24,81538.94,39.520000000004075,DOWN,0.65,0.6607502860237582,0.01075028602375816,0.0,0.0,0.0,0.0,0.0,0.0,0,False
2026-09-03T20:18:14.778113+00:00,KXBTC15M-26SEP031630-30,81499.42,705.22,81545.88,46.4600000000064,DOWN,0.65,0.6607502860237582,0.01075028602375816,0.0,0.0,0.0,0.0,0.0,0.0,0,False
2026-09-03T20:18:19.755965+00:00,KXBTC15M-26SEP031630-30,81499.42,700.24,81531.43,32.00999999999476,DOWN,0.65,0.6607502860237582,0.01075028602375816,0.0,0.0,0.0,0.0,0.0,0.0,0,False
2026-09-03T20:18:24.759576+00:00,KXBTC15M-26SEP031630-30,81499.42,695.24,81528.79,29.369999999995343,DOWN,0.65,0.6607502860237582,0.01075028602375816,0.0,0.0,0.0,0.0,0.0,0.0,0,False
2026-09-03T20:18:29.783009+00:00,KXBTC15M-26SEP031630-30,81499.42,690.22,81508.91,9.490000000005239,DOWN,0.65,0.6607502860237582,0.01075028602375816,0.0,0.0,0.0,0.0,0.0,0.0,0,False
2026-09-03T20:18:34.770045+00:00,KXBTC15M-26SEP031630-30,81499.42,685.23,81476.7,-22.720000000001164,DOWN,0.65,0.6607502860237582,0.01075028602375816,0.0,0.0,0.0,0.0,0.0,0.0,0,False
2026-09-03T20:18:39.779889+00:00,KXBTC15M-26SEP031630-30,81499.42,680.22,81483.21,-16.20999999999185,DOWN,0.65,0.6607502860237582,0.01075028602375816,0.0,0.0,0.0,0.0,0.0,0.0,0,False
2026-09-03T20:18:44.780684+00:00,KXBTC15M-26SEP031630-30,81499.42,675.22,81464.88,-34.5399999999936,DOWN,0.65,0.6607502860237582,0.01075028602375816,0.0,0.0,0.0,0.0,0.0,0.0,0,False
2026-09-03T20:18:49.760682+00:00,KXBTC15M-26SEP031630-30,81499.42,670.24,81451.41,-48.00999999999476,DOWN,0.65,0.6607502860237582,0.01075028602375816,0.0,0.0,0.0,0.0,0.0,0.0,0,False
2026-09-03T20:18:54.756431+00:00,KXBTC15M-26SEP031630-30,81499.42,665.24,81466.94,-32.479999999995925,DOWN,0.65,0.6607502860237582,0.01075028602375816,0.0,0.0,0.0,0.0,0.0,0.0,0,False
2026-09-03T20:18:59.779120+00:00,KXBTC15M-26SEP031630-30,81499.42,660.22,81436.3,-63.11999999999534,DOWN,0.65,0.6607502860237582,0.01075028602375816,0.0,0.0,0.0,0.0,0.0,0.0,0,False
2026-09-03T20:19:04.758359+00:00,KXBTC15M-26SEP031630-30,81499.42,655.24,81448.06,-51.36000000000058,DOWN,0.65,0.6607502860237582,0.01075028602375816,0.0,0.0,0.0,0.0,0.0,0.0,0,False
2026-09-03T20:19:09.822838+00:00,KXBTC15M-26SEP031630-30,81499.42,650.18,81460.52,-38.89999999999418,DOWN,0.65,0.6607502860237582,0.01075028602375816,0.0,0.0,0.0,0.0,0.0,0.0,0,False
2026-09-03T20:19:14.780869+00:00,KXBTC15M-26SEP031630-30,81499.42,645.22,81463.6,-35.81999999999243,DOWN,0.65,0.6607502860237582,0.01075028602375816,0.0,0.0,0.0,0.0,0.0,0.0,0,False
2026-09-03T20:19:19.818326+00:00,KXBTC15M-26SEP031630-30,81499.42,640.18,81457.77,-41.64999999999418,DOWN,0.65,0.6607502860237582,0.01075028602375816,0.0,0.0,0.0,0.0,0.0,0.0,0,False
2026-09-03T20:19:24.756704+00:00,KXBTC15M-26SEP031630-30,81499.42,635.24,81457.77,-41.64999999999418,DOWN,0.65,0.6607502860237582,0.01075028602375816,0.0,0.0,0.0,0.0,0.0,0.0,0,False
2026-09-03T20:19:29.780238+00:00,KXBTC15M-26SEP031630-30,81499.42,630.22,81466.44,-32.979999999995925,DOWN,0.65,0.6607502860237582,0.01075028602375816,0.0,0.0,0.0,0.0,0.0,0.0,0,False
2026-09-03T20:19:34.759243+00:00,KXBTC15M-26SEP031630-30,81499.42,625.24,81468.09,-31.330000000001746,DOWN,0.65,0.6607502860237582,0.01075028602375816,0.0,0.0,0.0,0.0,0.0,0.0,0,False
2026-09-03T20:19:39.765774+00:00,KXBTC15M-26SEP031630-30,81499.42,620.23,81463.98,-35.44000000000233,DOWN,0.65,0.6607502860237582,0.01075028602375816,0.0,0.0,0.0,0.0,0.0,0.0,0,False
2026-09-03T20:19:44.789353+00:00,KXBTC15M-26SEP031630-30,81499.42,615.21,81471.58,-27.839999999996508,DOWN,0.65,0.6607502860237582,0.01075028602375816,0.0,0.0,0.0,0.0,0.0,0.0,0,False
2026-09-03T20:19:49.757911+00:00,KXBTC15M-26SEP031630-30,81499.42,610.24,81469.91,-29.50999999999476,DOWN,0.65,0.6607502860237582,0.01075028602375816,0.0,0.0,0.0,0.0,0.0,0.0,0,False
2026-09-03T20:19:54.757779+00:00,KXBTC15M-26SEP031630-30,81499.42,605.24,81469.9,-29.520000000004075,DOWN,0.65,0.6607502860237582,0.01075028602375816,0.0,0.0,0.0,0.0,0.0,0.0,0,False
2026-09-03T20:19:59.781892+00:00,KXBTC15M-26SEP031630-30,81499.42,600.22,81474.68,-24.74000000000524,DOWN,0.65,0.6607502860237582,0.01075028602375816,0.0,0.0,0.0,0.0,0.0,0.0,0,False
2026-09-03T20:20:04.758724+00:00,KXBTC15M-26SEP031630-30,81499.42,595.24,81478.83,-20.589999999996508,DOWN,0.65,0.6607502860237582,0.01075028602375816,0.0,0.0,0.0,0.0,0.0,0.0,0,False
2026-09-03T20:20:09.758232+00:00,KXBTC15M-26SEP031630-30,81499.42,590.24,81492.73,-6.690000000002328,DOWN,0.65,0.6607502860237582,0.01075028602375816,0.0,0.0,0.0,0.0,0.0,0.0,0,False
2026-09-03T20:20:14.784137+00:00,KXBTC15M-26SEP031630-30,81499.42,585.22,81491.93,-7.490000000005239,DOWN,0.65,0.6607502860237582,0.01075028602375816,0.0,0.0,0.0,0.0,0.0,0.0,0,False
2026-09-03T20:20:19.760799+00:00,KXBTC15M-26SEP031630-30,81499.42,580.24,81495.85,-3.569999999992433,DOWN,0.65,0.6607502860237582,0.01075028602375816,0.0,0.0,0.0,0.0,0.0,0.0,0,False
2026-09-03T20:20:24.762738+00:00,KXBTC15M-26SEP031630-30,81499.42,575.24,81494.84,-4.580000000001746,DOWN,0.65,0.6607502860237582,0.01075028602375816,0.0,0.0,0.0,0.0,0.0,0.0,0,False
2026-09-03T20:20:29.782900+00:00,KXBTC15M-26SEP031630-30,81499.42,570.22,81483.31,-16.110000000000582,DOWN,0.65,0.6607502860237582,0.01075028602375816,0.0,0.0,0.0,0.0,0.0,0.0,0,False
2026-09-03T20:20:34.756633+00:00,KXBTC15M-26SEP031630-30,81499.42,565.24,81470.28,-29.139999999999418,DOWN,0.65,0.6607502860237582,0.01075028602375816,0.0,0.0,0.0,0.0,0.0,0.0,0,False
2026-09-03T20:20:39.761213+00:00,KXBTC15M-26SEP031630-30,81499.42,560.24,81467.81,-31.610000000000582,DOWN,0.65,0.6607502860237582,0.01075028602375816,0.0,0.0,0.0,0.0,0.0,0.0,0,False
2026-09-03T20:20:44.777267+00:00,KXBTC15M-26SEP031630-30,81499.42,555.22,81470.27,-29.14999999999418,DOWN,0.65,0.6607502860237582,0.01075028602375816,0.0,0.0,0.0,0.0,0.0,0.0,0,False
2026-09-03T20:20:49.756020+00:00,KXBTC15M-26SEP031630-30,81499.42,550.24,81472.67,-26.75,DOWN,0.65,0.6607502860237582,0.01075028602375816,0.0,0.0,0.0,0.0,0.0,0.0,0,False
2026-09-03T20:20:54.758246+00:00,KXBTC15M-26SEP031630-30,81499.42,545.24,81466.61,-32.80999999999767,DOWN,0.65,0.6607502860237582,0.01075028602375816,0.0,0.0,0.0,0.0,0.0,0.0,0,False
2026-09-03T20:20:59.784606+00:00,KXBTC15M-26SEP031630-30,81499.42,540.22,81452.61,-46.80999999999767,DOWN,0.65,0.6607502860237582,0.01075028602375816,0.0,0.0,0.0,0.0,0.0,0.0,0,False
2026-09-03T20:21:04.757216+00:00,KXBTC15M-26SEP031630-30,81499.42,535.24,81438.49,-60.929999999993015,DOWN,0.65,0.6607502860237582,0.01075028602375816,0.0,0.0,0.0,0.0,0.0,0.0,0,False
2026-09-03T20:21:09.761074+00:00,KXBTC15M-26SEP031630-30,81499.42,530.24,81448.0,-51.419999999998254,DOWN,0.65,0.6607502860237582,0.01075028602375816,0.0,0.0,0.0,0.0,0.0,0.0,0,False
2026-09-03T20:21:14.782557+00:00,KXBTC15M-26SEP031630-30,81499.42,525.22,81452.05,-47.36999999999534,DOWN,0.65,0.6607502860237582,0.01075028602375816,0.0,0.0,0.0,0.0,0.0,0.0,0,False
2026-09-03T20:21:19.793943+00:00,KXBTC15M-26SEP031630-30,81499.42,520.21,81451.1,-48.31999999999243,DOWN,0.65,0.6607502860237582,0.01075028602375816,0.0,0.0,0.0,0.0,0.0,0.0,0,False
2026-09-03T20:21:24.761438+00:00,KXBTC15M-26SEP031630-30,81499.42,515.24,81426.45,-72.97000000000116,DOWN,0.65,0.6607502860237582,0.01075028602375816,0.0,0.0,0.0,0.0,0.0,0.0,0,False
2026-09-03T20:21:29.801433+00:00,KXBTC15M-26SEP031630-30,81499.42,510.2,81430.51,-68.91000000000349,DOWN,0.65,0.6607502860237582,0.01075028602375816,0.0,0.0,0.0,0.0,0.0,0.0,0,False
2026-09-03T20:21:34.761877+00:00,KXBTC15M-26SEP031630-30,81499.42,505.24,81430.82,-68.59999999999127,DOWN,0.65,0.6607502860237582,0.01075028602375816,0.0,0.0,0.0,0.0,0.0,0.0,0,False
2026-09-03T20:21:39.760952+00:00,KXBTC15M-26SEP031630-30,81499.42,500.24,81423.02,-76.39999999999418,DOWN,0.65,0.6607502860237582,0.01075028602375816,0.0,0.0,0.0,0.0,0.0,0.0,0,False
2026-09-03T20:21:44.841429+00:00,KXBTC15M-26SEP031630-30,81499.42,495.16,81412.41,-87.00999999999476,DOWN,0.65,0.6607502860237582,0.01075028602375816,0.0,0.0,0.0,0.0,0.0,0.0,0,False
2026-09-03T20:21:49.796450+00:00,KXBTC15M-26SEP031630-30,81499.42,490.2,81410.0,-89.41999999999825,DOWN,0.65,0.6607502860237582,0.01075028602375816,0.0,0.0,0.0,0.0,0.0,0.0,0,False
2026-09-03T20:21:54.817450+00:00,KXBTC15M-26SEP031630-30,81499.42,485.18,81416.5,-82.91999999999825,DOWN,0.65,0.6607502860237582,0.01075028602375816,0.0,0.0,0.0,0.0,0.0,0.0,0,False
2026-09-03T20:21:59.789960+00:00,KXBTC15M-26SEP031630-30,81499.42,480.21,81416.51,-82.91000000000349,DOWN,0.65,0.6607502860237582,0.01075028602375816,0.0,0.0,0.0,0.0,0.0,0.0,0,False
2026-09-03T20:22:04.764309+00:00,KXBTC15M-26SEP031630-30,81499.42,475.24,81443.2,-56.220000000001164,DOWN,0.65,0.6607502860237582,0.01075028602375816,0.0,0.0,0.0,0.0,0.0,0.0,0,False
2026-09-03T20:22:09.769490+00:00,KXBTC15M-26SEP031630-30,81499.42,470.23,81414.27,-85.14999999999418,DOWN,0.65,0.6607502860237582,0.01075028602375816,0.0,0.0,0.0,0.0,0.0,0.0,0,False
2026-09-03T20:22:14.788528+00:00,KXBTC15M-26SEP031630-30,81499.42,465.21,81410.36,-89.05999999999767,DOWN,0.65,0.6607502860237582,0.01075028602375816,0.0,0.0,0.0,0.0,0.0,0.0,0,False
2026-09-03T20:22:19.761095+00:00,KXBTC15M-26SEP031630-30,81499.42,460.24,81414.28,-85.13999999999942,DOWN,0.65,0.6607502860237582,0.01075028602375816,0.0,0.0,0.0,0.0,0.0,0.0,0,False
2026-09-03T20:22:24.771285+00:00,KXBTC15M-26SEP031630-30,81499.42,455.23,81414.44,-84.97999999999593,DOWN,0.65,0.6607502860237582,0.01075028602375816,0.0,0.0,0.0,0.0,0.0,0.0,0,False
2026-09-03T20:22:29.785159+00:00,KXBTC15M-26SEP031630-30,81499.42,450.21,81414.44,-84.97999999999593,DOWN,0.65,0.6607502860237582,0.01075028602375816,0.0,0.0,0.0,0.0,0.0,0.0,0,False
2026-09-03T20:22:34.761406+00:00,KXBTC15M-26SEP031630-30,81499.42,445.24,81414.45,-84.97000000000116,DOWN,0.65,0.6607502860237582,0.01075028602375816,0.0,0.0,0.0,0.0,0.0,0.0,0,False
2026-09-03T20:22:39.760547+00:00,KXBTC15M-26SEP031630-30,81499.42,440.24,81414.44,-84.97999999999593,DOWN,0.65,0.6607502860237582,0.01075028602375816,0.0,0.0,0.0,0.0,0.0,0.0,0,False
2026-09-03T20:22:44.780201+00:00,KXBTC15M-26SEP031630-30,81499.42,435.22,81408.79,-90.63000000000466,DOWN,0.65,0.6607502860237582,0.01075028602375816,0.0,0.0,0.0,0.0,0.0,0.0,0,False
2026-09-03T20:22:49.762105+00:00,KXBTC15M-26SEP031630-30,81499.42,430.24,81413.05,-86.36999999999534,DOWN,0.65,0.6607502860237582,0.01075028602375816,0.0,0.0,0.0,0.0,0.0,0.0,0,False
2026-09-03T20:22:54.773068+00:00,KXBTC15M-26SEP031630-30,81499.42,425.23,81403.32,-96.09999999999127,DOWN,0.65,0.6607502860237582,0.01075028602375816,0.0,0.0,0.0,0.0,0.0,0.0,0,False
2026-09-03T20:22:59.783268+00:00,KXBTC15M-26SEP031630-30,81499.42,420.22,81411.55,-87.86999999999534,DOWN,0.65,0.6607502860237582,0.01075028602375816,0.0,0.0,0.0,0.0,0.0,0.0,0,False
2026-09-03T20:23:04.761577+00:00,KXBTC15M-26SEP031630-30,81499.42,415.24,81405.45,-93.97000000000116,DOWN,0.65,0.6607502860237582,0.01075028602375816,0.0,0.0,0.0,0.0,0.0,0.0,0,False
2026-09-03T20:23:09.762307+00:00,KXBTC15M-26SEP031630-30,81499.42,410.24,81420.73,-78.69000000000233,DOWN,0.65,0.6607502860237582,0.01075028602375816,0.0,0.0,0.0,0.0,0.0,0.0,0,False
2026-09-03T20:23:14.770510+00:00,KXBTC15M-26SEP031630-30,81499.42,405.23,81422.98,-76.44000000000233,DOWN,0.65,0.6607502860237582,0.01075028602375816,0.0,0.0,0.0,0.0,0.0,0.0,0,False
2026-09-03T20:23:19.765761+00:00,KXBTC15M-26SEP031630-30,81499.42,400.23,81400.51,-98.91000000000349,DOWN,0.65,0.6607502860237582,0.01075028602375816,0.0,0.0,0.0,0.0,0.0,0.0,0,False
2026-09-03T20:23:24.781403+00:00,KXBTC15M-26SEP031630-30,81499.42,395.22,81400.51,-98.91000000000349,DOWN,0.65,0.6607502860237582,0.01075028602375816,0.0,0.0,0.0,0.0,0.0,0.0,0,False
2026-09-03T20:23:29.769873+00:00,KXBTC15M-26SEP031630-30,81499.42,390.23,81410.05,-89.36999999999534,DOWN,0.65,0.6607502860237582,0.01075028602375816,0.0,0.0,0.0,0.0,0.0,0.0,0,False
2026-09-03T20:23:34.774449+00:00,KXBTC15M-26SEP031630-30,81499.42,385.23,81410.05,-89.36999999999534,DOWN,0.65,0.6607502860237582,0.01075028602375816,0.0,0.0,0.0,0.0,0.0,0.0,0,False
2026-09-03T20:23:39.762884+00:00,KXBTC15M-26SEP031630-30,81499.42,380.24,81410.06,-89.36000000000058,DOWN,0.65,0.6607502860237582,0.01075028602375816,0.0,0.0,0.0,0.0,0.0,0.0,0,False
2026-09-03T20:23:44.768949+00:00,KXBTC15M-26SEP031630-30,81499.42,375.23,81410.05,-89.36999999999534,DOWN,0.65,0.6607502860237582,0.01075028602375816,0.0,0.0,0.0,0.0,0.0,0.0,0,False
2026-09-03T20:23:49.769811+00:00,KXBTC15M-26SEP031630-30,81499.42,370.23,81410.05,-89.36999999999534,DOWN,0.65,0.6607502860237582,0.01075028602375816,0.0,0.0,0.0,0.0,0.0,0.0,0,False
2026-09-03T20:23:54.761701+00:00,KXBTC15M-26SEP031630-30,81499.42,365.24,81410.05,-89.36999999999534,DOWN,0.65,0.6607502860237582,0.01075028602375816,0.0,0.0,0.0,0.0,0.0,0.0,0,False
2026-09-03T20:23:59.766104+00:00,KXBTC15M-26SEP031630-30,81499.42,360.23,81417.99,-81.42999999999302,DOWN,0.65,0.6607502860237582,0.01075028602375816,0.0,0.0,0.0,0.0,0.0,0.0,0,False
2026-09-03T20:24:04.766513+00:00,KXBTC15M-26SEP031630-30,81499.42,355.23,81419.99,-79.42999999999302,DOWN,0.65,0.6607502860237582,0.01075028602375816,0.0,0.0,0.0,0.0,0.0,0.0,0,False
2026-09-03T20:24:09.768263+00:00,KXBTC15M-26SEP031630-30,81499.42,350.23,81419.99,-79.42999999999302,DOWN,0.65,0.6607502860237582,0.01075028602375816,0.0,0.0,0.0,0.0,0.0,0.0,0,False
2026-09-03T20:24:14.794715+00:00,KXBTC15M-26SEP031630-30,81499.42,345.21,81428.98,-70.44000000000233,DOWN,0.65,0.6607502860237582,0.01075028602375816,0.0,0.0,0.0,0.0,0.0,0.0,0,False
2026-09-03T20:24:19.762402+00:00,KXBTC15M-26SEP031630-30,81499.42,340.24,81432.79,-66.63000000000466,DOWN,0.65,0.6607502860237582,0.01075028602375816,0.0,0.0,0.0,0.0,0.0,0.0,0,False
2026-09-03T20:24:24.765801+00:00,KXBTC15M-26SEP031630-30,81499.42,335.23,81432.78,-66.63999999999942,DOWN,0.65,0.6607502860237582,0.01075028602375816,0.0,0.0,0.0,0.0,0.0,0.0,0,False
2026-09-03T20:24:29.766688+00:00,KXBTC15M-26SEP031630-30,81499.42,330.23,81437.97,-61.44999999999709,DOWN,0.65,0.6607502860237582,0.01075028602375816,0.0,0.0,0.0,0.0,0.0,0.0,0,False
2026-09-03T20:24:34.768211+00:00,KXBTC15M-26SEP031630-30,81499.42,325.23,81427.9,-71.52000000000407,DOWN,0.65,0.6607502860237582,0.01075028602375816,0.0,0.0,0.0,0.0,0.0,0.0,0,False
2026-09-03T20:24:39.778409+00:00,KXBTC15M-26SEP031630-30,81499.42,320.22,81429.53,-69.88999999999942,DOWN,0.65,0.6607502860237582,0.01075028602375816,0.0,0.0,0.0,0.0,0.0,0.0,0,False
2026-09-03T20:24:44.789458+00:00,KXBTC15M-26SEP031630-30,81499.42,315.21,81427.9,-71.52000000000407,DOWN,0.65,0.6607502860237582,0.01075028602375816,0.0,0.0,0.0,0.0,0.0,0.0,0,False
2026-09-03T20:24:49.761214+00:00,KXBTC15M-26SEP031630-30,81499.42,310.24,81427.91,-71.50999999999476,DOWN,0.65,0.6607502860237582,0.01075028602375816,0.0,0.0,0.0,0.0,0.0,0.0,0,False
2026-09-03T20:24:54.797155+00:00,KXBTC15M-26SEP031630-30,81499.42,305.2,81434.37,-65.05000000000291,DOWN,0.65,0.6607502860237582,0.01075028602375816,0.0,0.0,0.0,0.0,0.0,0.0,0,False
2026-09-03T20:24:59.789538+00:00,KXBTC15M-26SEP031630-30,81499.42,300.21,81434.37,-65.05000000000291,DOWN,0.65,0.6607502860237582,0.01075028602375816,0.0,0.0,0.0,0.0,0.0,0.0,0,False
2026-09-03T20:25:04.761633+00:00,KXBTC15M-26SEP031630-30,81499.42,295.24,81434.37,-65.05000000000291,DOWN,0.65,0.6607502860237582,0.01075028602375816,0.0,0.0,0.0,0.0,0.0,0.0,0,False
2026-09-03T20:25:09.760942+00:00,KXBTC15M-26SEP031630-30,81499.42,290.24,81434.37,-65.05000000000291,DOWN,0.65,0.6607502860237582,0.01075028602375816,0.0,0.0,0.0,0.0,0.0,0.0,0,False
2026-09-03T20:25:14.785639+00:00,KXBTC15M-26SEP031630-30,81499.42,285.21,81434.37,-65.05000000000291,DOWN,0.65,0.6607502860237582,0.01075028602375816,0.0,0.0,0.0,0.0,0.0,0.0,0,False
2026-09-03T20:25:19.763303+00:00,KXBTC15M-26SEP031630-30,81499.42,280.24,81434.37,-65.05000000000291,DOWN,0.65,0.6607502860237582,0.01075028602375816,0.0,0.0,0.0,0.0,0.0,0.0,0,False
2026-09-03T20:25:24.779718+00:00,KXBTC15M-26SEP031630-30,81499.42,275.22,81434.37,-65.05000000000291,DOWN,0.65,0.6607502860237582,0.01075028602375816,0.0,0.0,0.0,0.0,0.0,0.0,0,False
2026-09-03T20:25:29.787120+00:00,KXBTC15M-26SEP031630-30,81499.42,270.21,81434.37,-65.05000000000291,DOWN,0.65,0.6607502860237582,0.01075028602375816,0.0,0.0,0.0,0.0,0.0,0.0,0,False
2026-09-03T20:25:34.762065+00:00,KXBTC15M-26SEP031630-30,81499.42,265.24,81404.91,-94.50999999999476,DOWN,0.65,0.6607502860237582,0.01075028602375816,0.0,0.0,0.0,0.0,0.0,0.0,0,False
2026-09-03T20:25:39.773099+00:00,KXBTC15M-26SEP031630-30,81499.42,260.23,81417.28,-82.13999999999942,DOWN,0.65,0.6607502860237582,0.01075028602375816,0.0,0.0,0.0,0.0,0.0,0.0,0,False
2026-09-03T20:25:44.802719+00:00,KXBTC15M-26SEP031630-30,81499.42,255.2,81425.96,-73.45999999999185,DOWN,0.65,0.6607502860237582,0.01075028602375816,0.0,0.0,0.0,0.0,0.0,0.0,0,False
2026-09-03T20:25:49.801937+00:00,KXBTC15M-26SEP031630-30,81499.42,250.2,81436.29,-63.13000000000466,DOWN,0.65,0.6607502860237582,0.01075028602375816,0.0,0.0,0.0,0.0,0.0,0.0,0,False
2026-09-03T20:25:54.765314+00:00,KXBTC15M-26SEP031630-30,81499.42,245.23,81428.03,-71.38999999999942,DOWN,0.65,0.6607502860237582,0.01075028602375816,0.0,0.0,0.0,0.0,0.0,0.0,0,False
2026-09-03T20:25:59.801925+00:00,KXBTC15M-26SEP031630-30,81499.42,240.2,81428.0,-71.41999999999825,DOWN,0.65,0.6607502860237582,0.01075028602375816,0.0,0.0,0.0,0.0,0.0,0.0,0,False
2026-09-03T20:26:04.766188+00:00,KXBTC15M-26SEP031630-30,81499.42,235.23,81436.3,-63.11999999999534,DOWN,0.65,0.6607502860237582,0.01075028602375816,0.0,0.0,0.0,0.0,0.0,0.0,0,False
2026-09-03T20:26:09.836555+00:00,KXBTC15M-26SEP031630-30,81499.42,230.16,81436.3,-63.11999999999534,DOWN,0.65,0.6607502860237582,0.01075028602375816,0.0,0.0,0.0,0.0,0.0,0.0,0,False
2026-09-03T20:26:14.790832+00:00,KXBTC15M-26SEP031630-30,81499.42,225.21,81436.3,-63.11999999999534,DOWN,0.65,0.6607502860237582,0.01075028602375816,0.0,0.0,0.0,0.0,0.0,0.0,0,False
2026-09-03T20:26:19.785254+00:00,KXBTC15M-26SEP031630-30,81499.42,220.21,81449.99,-49.429999999993015,DOWN,0.65,0.6607502860237582,0.01075028602375816,0.0,0.0,0.0,0.0,0.0,0.0,0,False
2026-09-03T20:26:24.763804+00:00,KXBTC15M-26SEP031630-30,81499.42,215.24,81449.99,-49.429999999993015,DOWN,0.65,0.6607502860237582,0.01075028602375816,0.0,0.0,0.0,0.0,0.0,0.0,0,False
2026-09-03T20:26:29.800436+00:00,KXBTC15M-26SEP031630-30,81499.42,210.2,81455.56,-43.86000000000058,DOWN,0.65,0.6607502860237582,0.01075028602375816,0.0,0.0,0.0,0.0,0.0,0.0,0,False
2026-09-03T20:26:34.766110+00:00,KXBTC15M-26SEP031630-30,81499.42,205.23,81458.98,-40.44000000000233,DOWN,0.65,0.6607502860237582,0.01075028602375816,0.0,0.0,0.0,0.0,0.0,0.0,0,False
2026-09-03T20:26:39.766086+00:00,KXBTC15M-26SEP031630-30,81499.42,200.23,81486.8,-12.619999999995343,DOWN,0.65,0.6607502860237582,0.01075028602375816,0.0,0.0,0.0,0.0,0.0,0.0,0,False
2026-09-03T20:26:44.771954+00:00,KXBTC15M-26SEP031630-30,81499.42,195.23,81496.81,-2.610000000000582,DOWN,0.65,0.6607502860237582,0.01075028602375816,0.0,0.0,0.0,0.0,0.0,0.0,0,False
2026-09-03T20:26:49.764647+00:00,KXBTC15M-26SEP031630-30,81499.42,190.24,81507.0,7.580000000001746,DOWN,0.65,0.6607502860237582,0.01075028602375816,0.0,0.0,0.0,0.0,0.0,0.0,0,False
2026-09-03T20:26:54.783261+00:00,KXBTC15M-26SEP031630-30,81499.42,185.22,81507.0,7.580000000001746,DOWN,0.65,0.6607502860237582,0.01075028602375816,0.0,0.0,0.0,0.0,0.0,0.0,0,False
2026-09-03T20:26:59.771173+00:00,KXBTC15M-26SEP031630-30,81499.42,180.23,81515.34,15.919999999998254,DOWN,0.65,0.6607502860237582,0.01075028602375816,0.0,0.0,0.0,0.0,0.0,0.0,0,False
2026-09-03T20:27:04.771369+00:00,KXBTC15M-26SEP031630-30,81499.42,175.23,81515.85,16.430000000007567,DOWN,0.65,0.6607502860237582,0.01075028602375816,0.0,0.0,0.0,0.0,0.0,0.0,0,False
2026-09-03T20:27:09.764674+00:00,KXBTC15M-26SEP031630-30,81499.42,170.24,81515.89,16.470000000001164,DOWN,0.65,0.6607502860237582,0.01075028602375816,0.0,0.0,0.0,0.0,0.0,0.0,0,False
2026-09-03T20:27:14.767812+00:00,KXBTC15M-26SEP031630-30,81499.42,165.23,81515.89,16.470000000001164,DOWN,0.65,0.6607502860237582,0.01075028602375816,0.0,0.0,0.0,0.0,0.0,0.0,0,False
2026-09-03T20:27:19.764658+00:00,KXBTC15M-26SEP031630-30,81499.42,160.24,81505.0,5.580000000001746,DOWN,0.65,0.6607502860237582,0.01075028602375816,0.0,0.0,0.0,0.0,0.0,0.0,0,False
2026-09-03T20:27:24.767245+00:00,KXBTC15M-26SEP031630-30,81499.42,155.23,81487.99,-11.429999999993015,DOWN,0.65,0.6607502860237582,0.01075028602375816,0.0,0.0,0.0,0.0,0.0,0.0,0,False
2026-09-03T20:27:29.790666+00:00,KXBTC15M-26SEP031630-30,81499.42,150.21,81498.24,-1.179999999993015,DOWN,0.65,0.6607502860237582,0.01075028602375816,0.0,0.0,0.0,0.0,0.0,0.0,0,False
2026-09-03T20:27:34.767819+00:00,KXBTC15M-26SEP031630-30,81499.42,145.23,81515.88,16.460000000006403,DOWN,0.65,0.6607502860237582,0.01075028602375816,0.0,0.0,0.0,0.0,0.0,0.0,0,False
2026-09-03T20:27:39.766377+00:00,KXBTC15M-26SEP031630-30,81499.42,140.23,81517.9,18.479999999995925,DOWN,0.65,0.6607502860237582,0.01075028602375816,0.0,0.0,0.0,0.0,0.0,0.0,0,False
2026-09-03T20:27:44.790468+00:00,KXBTC15M-26SEP031630-30,81499.42,135.21,81533.23,33.80999999999767,DOWN,0.65,0.6607502860237582,0.01075028602375816,0.0,0.0,0.0,0.0,0.0,0.0,0,False
2026-09-03T20:27:49.764862+00:00,KXBTC15M-26SEP031630-30,81499.42,130.24,81517.65,18.229999999995925,DOWN,0.65,0.6607502860237582,0.01075028602375816,0.0,0.0,0.0,0.0,0.0,0.0,0,False
2026-09-03T20:27:54.833025+00:00,KXBTC15M-26SEP031630-30,81499.42,125.17,81520.38,20.960000000006403,DOWN,0.65,0.6607502860237582,0.01075028602375816,0.0,0.0,0.0,0.0,0.0,0.0,0,False
2026-09-03T20:27:59.799945+00:00,KXBTC15M-26SEP031630-30,81499.42,120.2,81508.41,8.990000000005239,DOWN,0.65,0.6607502860237582,0.01075028602375816,0.0,0.0,0.0,0.0,0.0,0.0,0,False
2026-09-03T20:28:04.784121+00:00,KXBTC15M-26SEP031630-30,81499.42,115.22,81514.64,15.220000000001164,DOWN,0.65,0.6607502860237582,0.01075028602375816,0.0,0.0,0.0,0.0,0.0,0.0,0,False
2026-09-03T20:28:09.765229+00:00,KXBTC15M-26SEP031630-30,81499.42,110.23,81514.64,15.220000000001164,DOWN,0.65,0.6607502860237582,0.01075028602375816,0.0,0.0,0.0,0.0,0.0,0.0,0,False
2026-09-03T20:28:14.769239+00:00,KXBTC15M-26SEP031630-30,81499.42,105.23,81524.41,24.99000000000524,DOWN,0.65,0.6607502860237582,0.01075028602375816,0.0,0.0,0.0,0.0,0.0,0.0,0,False
2026-09-03T20:28:19.762733+00:00,KXBTC15M-26SEP031630-30,81499.42,100.24,81524.41,24.99000000000524,DOWN,0.65,0.6607502860237582,0.01075028602375816,0.0,0.0,0.0,0.0,0.0,0.0,0,False
2026-09-03T20:28:24.770548+00:00,KXBTC15M-26SEP031630-30,81499.42,95.23,81533.23,33.80999999999767,DOWN,0.65,0.6607502860237582,0.01075028602375816,0.0,0.0,0.0,0.0,0.0,0.0,0,False
2026-09-03T20:28:29.771256+00:00,KXBTC15M-26SEP031630-30,81499.42,90.23,81538.2,38.779999999998836,DOWN,0.65,0.6607502860237582,0.01075028602375816,0.0,0.0,0.0,0.0,0.0,0.0,0,False
2026-09-03T20:28:34.766998+00:00,KXBTC15M-26SEP031630-30,81499.42,85.23,81545.98,46.55999999999767,DOWN,0.65,0.6607502860237582,0.01075028602375816,0.0,0.0,0.0,0.0,0.0,0.0,0,False
2026-09-03T20:28:39.764930+00:00,KXBTC15M-26SEP031630-30,81499.42,80.24,81545.97,46.55000000000291,DOWN,0.65,0.6607502860237582,0.01075028602375816,0.0,0.0,0.0,0.0,0.0,0.0,0,False
2026-09-03T20:28:44.790100+00:00,KXBTC15M-26SEP031630-30,81499.42,75.21,81545.98,46.55999999999767,DOWN,0.65,0.6607502860237582,0.01075028602375816,0.0,0.0,0.0,0.0,0.0,0.0,0,False
2026-09-03T20:28:49.764541+00:00,KXBTC15M-26SEP031630-30,81499.42,70.24,81589.76,90.33999999999651,DOWN,0.65,0.6607502860237582,0.01075028602375816,0.0,0.0,0.0,0.0,0.0,0.0,0,False
2026-09-03T20:28:54.766561+00:00,KXBTC15M-26SEP031630-30,81499.42,65.23,81588.12,88.69999999999709,DOWN,0.65,0.6607502860237582,0.01075028602375816,0.0,0.0,0.0,0.0,0.0,0.0,0,False
2026-09-03T20:28:59.786029+00:00,KXBTC15M-26SEP031630-30,81499.42,60.21,81597.46,98.04000000000815,DOWN,0.65,0.6607502860237582,0.01075028602375816,0.0,0.0,0.0,0.0,0.0,0.0,0,False
2026-09-03T20:29:04.766499+00:00,KXBTC15M-26SEP031630-30,81499.42,55.23,81597.45,98.02999999999884,DOWN,0.65,0.6607502860237582,0.01075028602375816,0.0,0.0,0.0,0.0,0.0,0.0,0,False
2026-09-03T20:29:09.774427+00:00,KXBTC15M-26SEP031630-30,81499.42,50.23,81605.98,106.55999999999767,DOWN,0.65,0.6607502860237582,0.01075028602375816,0.0,0.0,0.0,0.0,0.0,0.0,0,False
2026-09-03T20:29:14.792294+00:00,KXBTC15M-26SEP031630-30,81499.42,45.21,81605.98,106.55999999999767,DOWN,0.65,0.6607502860237582,0.01075028602375816,0.0,0.0,0.0,0.0,0.0,0.0,0,False
2026-09-03T20:29:19.770425+00:00,KXBTC15M-26SEP031630-30,81499.42,40.23,81574.36,74.94000000000233,DOWN,0.65,0.6607502860237582,0.01075028602375816,0.0,0.0,0.0,0.0,0.0,0.0,0,False
2026-09-03T20:29:24.834725+00:00,KXBTC15M-26SEP031630-30,81499.42,35.17,81574.86,75.44000000000233,DOWN,0.65,0.6607502860237582,0.01075028602375816,0.0,0.0,0.0,0.0,0.0,0.0,0,False
2026-09-03T20:29:29.792668+00:00,KXBTC15M-26SEP031630-30,81499.42,30.21,81574.86,75.44000000000233,DOWN,0.65,0.6607502860237582,0.01075028602375816,0.0,0.0,0.0,0.0,0.0,0.0,0,False
2026-09-03T20:29:34.772668+00:00,KXBTC15M-26SEP031630-30,81499.42,25.23,81574.87,75.44999999999709,DOWN,0.65,0.6607502860237582,0.01075028602375816,0.0,0.0,0.0,0.0,0.0,0.0,0,False
2026-09-03T20:29:39.770303+00:00,KXBTC15M-26SEP031630-30,81499.42,20.23,81574.87,75.44999999999709,DOWN,0.65,0.6607502860237582,0.01075028602375816,0.0,0.0,0.0,0.0,0.0,0.0,0,False
2026-09-03T20:29:44.796300+00:00,KXBTC15M-26SEP031630-30,81499.42,15.2,81572.06,72.63999999999942,DOWN,0.65,0.6607502860237582,0.01075028602375816,0.0,0.0,0.0,0.0,0.0,0.0,0,False
2026-09-03T20:29:49.778425+00:00,KXBTC15M-26SEP031630-30,81499.42,10.22,81557.5,58.080000000001746,DOWN,0.65,0.6607502860237582,0.01075028602375816,0.0,0.0,0.0,0.0,0.0,0.0,0,False
2026-09-03T20:29:54.814295+00:00,KXBTC15M-26SEP031630-30,81499.42,5.19,81547.4,47.979999999995925,DOWN,0.65,0.6607502860237582,0.01075028602375816,0.0,0.0,0.0,0.0,0.0,0.0,0,False
2026-09-03T20:29:59.794211+00:00,KXBTC15M-26SEP031630-30,81499.42,0.21,81547.27,47.85000000000582,DOWN,0.65,0.6607502860237582,0.01075028602375816,0.0,0.0,0.0,0.0,0.0,0.0,0,False
2026-09-03T20:30:30.091647+00:00,KXBTC15M-26SEP031645-45,81579.09,869.91,81598.4,19.30999999999767,DOWN,0.65,0.6607502860237582,0.01075028602375816,0.0,0.0,0.0,0.0,0.0,0.0,0,False
2026-09-03T20:30:35.067207+00:00,KXBTC15M-26SEP031645-45,81579.09,864.93,81588.16,9.070000000006985,DOWN,0.65,0.6607502860237582,0.01075028602375816,0.0,0.0,0.0,0.0,0.0,0.0,0,False
2026-09-03T20:30:40.065857+00:00,KXBTC15M-26SEP031645-45,81579.09,859.93,81555.0,-24.089999999996508,DOWN,0.65,0.6607502860237582,0.01075028602375816,0.0,0.0,0.0,0.0,0.0,0.0,0,False
2026-09-03T20:30:45.089724+00:00,KXBTC15M-26SEP031645-45,81579.09,854.91,81541.49,-37.59999999999127,DOWN,0.65,0.6607502860237582,0.01075028602375816,0.0,0.0,0.0,0.0,0.0,0.0,0,False
2026-09-03T20:30:50.066817+00:00,KXBTC15M-26SEP031645-45,81579.09,849.93,81559.14,-19.94999999999709,DOWN,0.65,0.6607502860237582,0.01075028602375816,0.0,0.0,0.0,0.0,0.0,0.0,0,False
2026-09-03T20:30:55.066849+00:00,KXBTC15M-26SEP031645-45,81579.09,844.93,81567.61,-11.479999999995925,DOWN,0.65,0.6607502860237582,0.01075028602375816,0.0,0.0,0.0,0.0,0.0,0.0,0,False
2026-09-03T20:31:00.087039+00:00,KXBTC15M-26SEP031645-45,81579.09,839.91,81559.18,-19.910000000003492,DOWN,0.65,0.6607502860237582,0.01075028602375816,0.0,0.0,0.0,0.0,0.0,0.0,0,False
2026-09-03T20:31:05.069932+00:00,KXBTC15M-26SEP031645-45,81579.09,834.93,81577.69,-1.3999999999941792,DOWN,0.65,0.6607502860237582,0.01075028602375816,0.0,0.0,0.0,0.0,0.0,0.0,0,False
2026-09-03T20:31:10.065372+00:00,KXBTC15M-26SEP031645-45,81579.09,829.93,81560.04,-19.05000000000291,DOWN,0.65,0.6607502860237582,0.01075028602375816,0.0,0.0,0.0,0.0,0.0,0.0,0,False
2026-09-03T20:31:15.092409+00:00,KXBTC15M-26SEP031645-45,81579.09,824.91,81543.76,-35.330000000001746,DOWN,0.65,0.6607502860237582,0.01075028602375816,0.0,0.0,0.0,0.0,0.0,0.0,0,False
2026-09-03T20:31:20.064939+00:00,KXBTC15M-26SEP031645-45,81579.09,819.94,81525.01,-54.080000000001746,DOWN,0.65,0.6607502860237582,0.01075028602375816,0.0,0.0,0.0,0.0,0.0,0.0,0,False
2026-09-03T20:31:25.066892+00:00,KXBTC15M-26SEP031645-45,81579.09,814.93,81533.66,-45.429999999993015,DOWN,0.65,0.6607502860237582,0.01075028602375816,0.0,0.0,0.0,0.0,0.0,0.0,0,False
2026-09-03T20:31:30.154340+00:00,KXBTC15M-26SEP031645-45,81579.09,809.85,81533.66,-45.429999999993015,DOWN,0.65,0.6607502860237582,0.01075028602375816,0.0,0.0,0.0,0.0,0.0,0.0,0,False
2026-09-03T20:31:35.073330+00:00,KXBTC15M-26SEP031645-45,81579.09,804.93,81533.66,-45.429999999993015,DOWN,0.65,0.6607502860237582,0.01075028602375816,0.0,0.0,0.0,0.0,0.0,0.0,0,False
2026-09-03T20:31:40.077131+00:00,KXBTC15M-26SEP031645-45,81579.09,799.92,81533.67,-45.419999999998254,DOWN,0.65,0.6607502860237582,0.01075028602375816,0.0,0.0,0.0,0.0,0.0,0.0,0,False
2026-09-03T20:31:45.092752+00:00,KXBTC15M-26SEP031645-45,81579.09,794.91,81511.01,-68.08000000000175,DOWN,0.65,0.6607502860237582,0.01075028602375816,0.0,0.0,0.0,0.0,0.0,0.0,0,False
2026-09-03T20:31:50.077363+00:00,KXBTC15M-26SEP031645-45,81579.09,789.92,81509.51,-69.58000000000175,DOWN,0.65,0.6607502860237582,0.01075028602375816,0.0,0.0,0.0,0.0,0.0,0.0,0,False
2026-09-03T20:31:55.067039+00:00,KXBTC15M-26SEP031645-45,81579.09,784.93,81500.0,-79.08999999999651,DOWN,0.65,0.6607502860237582,0.01075028602375816,0.0,0.0,0.0,0.0,0.0,0.0,0,False
2026-09-03T20:32:00.086031+00:00,KXBTC15M-26SEP031645-45,81579.09,779.91,81509.6,-69.48999999999069,DOWN,0.65,0.6607502860237582,0.01075028602375816,0.0,0.0,0.0,0.0,0.0,0.0,0,False
2026-09-03T20:32:05.067262+00:00,KXBTC15M-26SEP031645-45,81579.09,774.93,81509.6,-69.48999999999069,DOWN,0.65,0.6607502860237582,0.01075028602375816,0.0,0.0,0.0,0.0,0.0,0.0,0,False
2026-09-03T20:32:10.073977+00:00,KXBTC15M-26SEP031645-45,81579.09,769.93,81506.64,-72.44999999999709,DOWN,0.65,0.6607502860237582,0.01075028602375816,0.0,0.0,0.0,0.0,0.0,0.0,0,False
2026-09-03T20:32:15.131423+00:00,KXBTC15M-26SEP031645-45,81579.09,764.87,81508.65,-70.44000000000233,DOWN,0.65,0.6607502860237582,0.01075028602375816,0.0,0.0,0.0,0.0,0.0,0.0,0,False
2026-09-03T20:32:20.067368+00:00,KXBTC15M-26SEP031645-45,81579.09,759.93,81508.65,-70.44000000000233,DOWN,0.65,0.6607502860237582,0.01075028602375816,0.0,0.0,0.0,0.0,0.0,0.0,0,False
2026-09-03T20:32:25.071021+00:00,KXBTC15M-26SEP031645-45,81579.09,754.93,81503.93,-75.16000000000349,DOWN,0.65,0.6607502860237582,0.01075028602375816,0.0,0.0,0.0,0.0,0.0,0.0,0,False
2026-09-03T20:32:30.091832+00:00,KXBTC15M-26SEP031645-45,81579.09,749.91,81512.61,-66.47999999999593,DOWN,0.65,0.6607502860237582,0.01075028602375816,0.0,0.0,0.0,0.0,0.0,0.0,0,False
2026-09-03T20:32:35.072026+00:00,KXBTC15M-26SEP031645-45,81579.09,744.93,81542.84,-36.25,DOWN,0.65,0.6607502860237582,0.01075028602375816,0.0,0.0,0.0,0.0,0.0,0.0,0,False
2026-09-03T20:32:40.068220+00:00,KXBTC15M-26SEP031645-45,81579.09,739.93,81538.82,-40.26999999998952,DOWN,0.65,0.6607502860237582,0.01075028602375816,0.0,0.0,0.0,0.0,0.0,0.0,0,False
2026-09-03T20:32:45.154217+00:00,KXBTC15M-26SEP031645-45,81579.09,734.85,81515.0,-64.08999999999651,DOWN,0.65,0.6607502860237582,0.01075028602375816,0.0,0.0,0.0,0.0,0.0,0.0,0,False
2026-09-03T20:32:50.064988+00:00,KXBTC15M-26SEP031645-45,81579.09,729.94,81508.33,-70.75999999999476,DOWN,0.65,0.6607502860237582,0.01075028602375816,0.0,0.0,0.0,0.0,0.0,0.0,0,False
2026-09-03T20:32:55.083062+00:00,KXBTC15M-26SEP031645-45,81579.09,724.92,81509.99,-69.09999999999127,DOWN,0.65,0.6607502860237582,0.01075028602375816,0.0,0.0,0.0,0.0,0.0,0.0,0,False
2026-09-03T20:33:00.092661+00:00,KXBTC15M-26SEP031645-45,81579.09,719.91,81505.01,-74.08000000000175,DOWN,0.65,0.6607502860237582,0.01075028602375816,0.0,0.0,0.0,0.0,0.0,0.0,0,False
2026-09-03T20:33:05.065221+00:00,KXBTC15M-26SEP031645-45,81579.09,714.93,81505.01,-74.08000000000175,DOWN,0.65,0.6607502860237582,0.01075028602375816,0.0,0.0,0.0,0.0,0.0,0.0,0,False
2026-09-03T20:33:10.064654+00:00,KXBTC15M-26SEP031645-45,81579.09,709.94,81505.44,-73.64999999999418,DOWN,0.65,0.6607502860237582,0.01075028602375816,0.0,0.0,0.0,0.0,0.0,0.0,0,False
2026-09-03T20:33:15.097058+00:00,KXBTC15M-26SEP031645-45,81579.09,704.9,81503.44,-75.64999999999418,DOWN,0.65,0.6607502860237582,0.01075028602375816,0.0,0.0,0.0,0.0,0.0,0.0,0,False
2026-09-03T20:33:20.064741+00:00,KXBTC15M-26SEP031645-45,81579.09,699.94,81503.44,-75.64999999999418,DOWN,0.65,0.6607502860237582,0.01075028602375816,0.0,0.0,0.0,0.0,0.0,0.0,0,False
2026-09-03T20:33:25.062958+00:00,KXBTC15M-26SEP031645-45,81579.09,694.94,81511.26,-67.83000000000175,DOWN,0.65,0.6607502860237582,0.01075028602375816,0.0,0.0,0.0,0.0,0.0,0.0,0,False
2026-09-03T20:33:30.089132+00:00,KXBTC15M-26SEP031645-45,81579.09,689.91,81511.27,-67.81999999999243,DOWN,0.65,0.6607502860237582,0.01075028602375816,0.0,0.0,0.0,0.0,0.0,0.0,0,False
2026-09-03T20:33:35.065747+00:00,KXBTC15M-26SEP031645-45,81579.09,684.93,81512.91,-66.17999999999302,DOWN,0.65,0.6607502860237582,0.01075028602375816,0.0,0.0,0.0,0.0,0.0,0.0,0,False
2026-09-03T20:33:40.065462+00:00,KXBTC15M-26SEP031645-45,81579.09,679.93,81512.9,-66.19000000000233,DOWN,0.65,0.6607502860237582,0.01075028602375816,0.0,0.0,0.0,0.0,0.0,0.0,0,False
2026-09-03T20:33:45.088615+00:00,KXBTC15M-26SEP031645-45,81579.09,674.91,81508.12,-70.97000000000116,DOWN,0.65,0.6607502860237582,0.01075028602375816,0.0,0.0,0.0,0.0,0.0,0.0,0,False
2026-09-03T20:33:50.111792+00:00,KXBTC15M-26SEP031645-45,81579.09,669.89,81503.85,-75.23999999999069,DOWN,0.65,0.6607502860237582,0.01075028602375816,0.0,0.0,0.0,0.0,0.0,0.0,0,False
2026-09-03T20:33:55.069001+00:00,KXBTC15M-26SEP031645-45,81579.09,664.93,81503.85,-75.23999999999069,DOWN,0.65,0.6607502860237582,0.01075028602375816,0.0,0.0,0.0,0.0,0.0,0.0,0,False
2026-09-03T20:34:00.107675+00:00,KXBTC15M-26SEP031645-45,81579.09,659.89,81495.0,-84.08999999999651,DOWN,0.65,0.6607502860237582,0.01075028602375816,0.0,0.0,0.0,0.0,0.0,0.0,0,False
2026-09-03T20:34:05.073538+00:00,KXBTC15M-26SEP031645-45,81579.09,654.93,81491.87,-87.22000000000116,DOWN,0.65,0.6607502860237582,0.01075028602375816,0.0,0.0,0.0,0.0,0.0,0.0,0,False
2026-09-03T20:34:10.071556+00:00,KXBTC15M-26SEP031645-45,81579.09,649.93,81508.85,-70.23999999999069,DOWN,0.65,0.6607502860237582,0.01075028602375816,0.0,0.0,0.0,0.0,0.0,0.0,0,False
2026-09-03T20:34:15.103783+00:00,KXBTC15M-26SEP031645-45,81579.09,644.9,81506.08,-73.00999999999476,DOWN,0.65,0.6607502860237582,0.01075028602375816,0.0,0.0,0.0,0.0,0.0,0.0,0,False
2026-09-03T20:34:20.146563+00:00,KXBTC15M-26SEP031645-45,81579.09,639.85,81503.95,-75.13999999999942,DOWN,0.65,0.6607502860237582,0.01075028602375816,0.0,0.0,0.0,0.0,0.0,0.0,0,False
2026-09-03T20:34:25.097884+00:00,KXBTC15M-26SEP031645-45,81579.09,634.9,81503.95,-75.13999999999942,DOWN,0.65,0.6607502860237582,0.01075028602375816,0.0,0.0,0.0,0.0,0.0,0.0,0,False
2026-09-03T20:34:30.173037+00:00,KXBTC15M-26SEP031645-45,81579.09,629.83,81491.88,-87.20999999999185,DOWN,0.65,0.6607502860237582,0.01075028602375816,0.0,0.0,0.0,0.0,0.0,0.0,0,False
2026-09-03T20:34:35.069724+00:00,KXBTC15M-26SEP031645-45,81579.09,624.93,81498.18,-80.91000000000349,DOWN,0.65,0.6607502860237582,0.01075028602375816,0.0,0.0,0.0,0.0,0.0,0.0,0,False
2026-09-03T20:34:40.081091+00:00,KXBTC15M-26SEP031645-45,81579.09,619.92,81498.18,-80.91000000000349,DOWN,0.65,0.6607502860237582,0.01075028602375816,0.0,0.0,0.0,0.0,0.0,0.0,0,False
2026-09-03T20:34:45.089501+00:00,KXBTC15M-26SEP031645-45,81579.09,614.91,81498.18,-80.91000000000349,DOWN,0.65,0.6607502860237582,0.01075028602375816,0.0,0.0,0.0,0.0,0.0,0.0,0,False
2026-09-03T20:34:50.069621+00:00,KXBTC15M-26SEP031645-45,81579.09,609.93,81498.18,-80.91000000000349,DOWN,0.65,0.6607502860237582,0.01075028602375816,0.0,0.0,0.0,0.0,0.0,0.0,0,False
2026-09-03T20:34:55.078233+00:00,KXBTC15M-26SEP031645-45,81579.09,604.92,81470.67,-108.41999999999825,DOWN,0.65,0.6607502860237582,0.01075028602375816,0.0,0.0,0.0,0.0,0.0,0.0,0,False
2026-09-03T20:35:00.105852+00:00,KXBTC15M-26SEP031645-45,81579.09,599.89,81476.3,-102.7899999999936,DOWN,0.65,0.6607502860237582,0.01075028602375816,0.0,0.0,0.0,0.0,0.0,0.0,0,False
2026-09-03T20:35:05.070644+00:00,KXBTC15M-26SEP031645-45,81579.09,594.93,81496.9,-82.19000000000233,DOWN,0.65,0.6607502860237582,0.01075028602375816,0.0,0.0,0.0,0.0,0.0,0.0,0,False
2026-09-03T20:35:10.091361+00:00,KXBTC15M-26SEP031645-45,81579.09,589.91,81504.04,-75.05000000000291,DOWN,0.65,0.6607502860237582,0.01075028602375816,0.0,0.0,0.0,0.0,0.0,0.0,0,False
2026-09-03T20:35:15.098736+00:00,KXBTC15M-26SEP031645-45,81579.09,584.9,81498.25,-80.83999999999651,DOWN,0.65,0.6607502860237582,0.01075028602375816,0.0,0.0,0.0,0.0,0.0,0.0,0,False
2026-09-03T20:35:20.071451+00:00,KXBTC15M-26SEP031645-45,81579.09,579.93,81498.25,-80.83999999999651,DOWN,0.65,0.6607502860237582,0.01075028602375816,0.0,0.0,0.0,0.0,0.0,0.0,0,False
2026-09-03T20:35:25.069788+00:00,KXBTC15M-26SEP031645-45,81579.09,574.93,81492.77,-86.31999999999243,DOWN,0.65,0.6607502860237582,0.01075028602375816,0.0,0.0,0.0,0.0,0.0,0.0,0,False
2026-09-03T20:35:30.094756+00:00,KXBTC15M-26SEP031645-45,81579.09,569.91,81502.3,-76.7899999999936,DOWN,0.65,0.6607502860237582,0.01075028602375816,0.0,0.0,0.0,0.0,0.0,0.0,0,False
2026-09-03T20:35:35.070352+00:00,KXBTC15M-26SEP031645-45,81579.09,564.93,81496.27,-82.81999999999243,DOWN,0.65,0.6607502860237582,0.01075028602375816,0.0,0.0,0.0,0.0,0.0,0.0,0,False
2026-09-03T20:35:40.072051+00:00,KXBTC15M-26SEP031645-45,81579.09,559.93,81496.27,-82.81999999999243,DOWN,0.65,0.6607502860237582,0.01075028602375816,0.0,0.0,0.0,0.0,0.0,0.0,0,False
2026-09-03T20:35:45.100262+00:00,KXBTC15M-26SEP031645-45,81579.09,554.9,81496.27,-82.81999999999243,DOWN,0.65,0.6607502860237582,0.01075028602375816,0.0,0.0,0.0,0.0,0.0,0.0,0,False
2026-09-03T20:35:50.070859+00:00,KXBTC15M-26SEP031645-45,81579.09,549.93,81509.42,-69.66999999999825,DOWN,0.65,0.6607502860237582,0.01075028602375816,0.0,0.0,0.0,0.0,0.0,0.0,0,False
2026-09-03T20:35:55.171660+00:00,KXBTC15M-26SEP031645-45,81579.09,544.83,81498.68,-80.41000000000349,DOWN,0.65,0.6607502860237582,0.01075028602375816,0.0,0.0,0.0,0.0,0.0,0.0,0,False
2026-09-03T20:36:00.100802+00:00,KXBTC15M-26SEP031645-45,81579.09,539.9,81488.26,-90.83000000000175,DOWN,0.65,0.6607502860237582,0.01075028602375816,0.0,0.0,0.0,0.0,0.0,0.0,0,False
2026-09-03T20:36:05.071567+00:00,KXBTC15M-26SEP031645-45,81579.09,534.93,81486.02,-93.06999999999243,DOWN,0.65,0.6607502860237582,0.01075028602375816,0.0,0.0,0.0,0.0,0.0,0.0,0,False
2026-09-03T20:36:10.070545+00:00,KXBTC15M-26SEP031645-45,81579.09,529.93,81502.48,-76.61000000000058,DOWN,0.65,0.6607502860237582,0.01075028602375816,0.0,0.0,0.0,0.0,0.0,0.0,0,False
2026-09-03T20:36:15.094844+00:00,KXBTC15M-26SEP031645-45,81579.09,524.91,81496.53,-82.55999999999767,DOWN,0.65,0.6607502860237582,0.01075028602375816,0.0,0.0,0.0,0.0,0.0,0.0,0,False
2026-09-03T20:36:20.072097+00:00,KXBTC15M-26SEP031645-45,81579.09,519.93,81480.5,-98.58999999999651,DOWN,0.65,0.6607502860237582,0.01075028602375816,0.0,0.0,0.0,0.0,0.0,0.0,0,False
2026-09-03T20:36:25.070444+00:00,KXBTC15M-26SEP031645-45,81579.09,514.93,81475.01,-104.08000000000175,DOWN,0.65,0.6607502860237582,0.01075028602375816,0.0,0.0,0.0,0.0,0.0,0.0,0,False
2026-09-03T20:36:30.095922+00:00,KXBTC15M-26SEP031645-45,81579.09,509.9,81474.77,-104.31999999999243,DOWN,0.65,0.6607502860237582,0.01075028602375816,0.0,0.0,0.0,0.0,0.0,0.0,0,False
2026-09-03T20:36:35.070259+00:00,KXBTC15M-26SEP031645-45,81579.09,504.93,81472.24,-106.84999999999127,DOWN,0.65,0.6607502860237582,0.01075028602375816,0.0,0.0,0.0,0.0,0.0,0.0,0,False
2026-09-03T20:36:40.070806+00:00,KXBTC15M-26SEP031645-45,81579.09,499.93,81451.33,-127.75999999999476,DOWN,0.65,0.6607502860237582,0.01075028602375816,0.0,0.0,0.0,0.0,0.0,0.0,0,False
2026-09-03T20:36:45.092693+00:00,KXBTC15M-26SEP031645-45,81579.09,494.91,81458.65,-120.44000000000233,DOWN,0.65,0.6607502860237582,0.01075028602375816,0.0,0.0,0.0,0.0,0.0,0.0,0,False
2026-09-03T20:36:50.075115+00:00,KXBTC15M-26SEP031645-45,81579.09,489.92,81451.91,-127.17999999999302,DOWN,0.65,0.6607502860237582,0.01075028602375816,0.0,0.0,0.0,0.0,0.0,0.0,0,False
2026-09-03T20:36:55.071823+00:00,KXBTC15M-26SEP031645-45,81579.09,484.93,81452.37,-126.72000000000116,DOWN,0.65,0.6607502860237582,0.01075028602375816,0.0,0.0,0.0,0.0,0.0,0.0,0,False
2026-09-03T20:37:00.101130+00:00,KXBTC15M-26SEP031645-45,81579.09,479.9,81452.37,-126.72000000000116,DOWN,0.65,0.6607502860237582,0.01075028602375816,0.0,0.0,0.0,0.0,0.0,0.0,0,False
2026-09-03T20:37:05.083868+00:00,KXBTC15M-26SEP031645-45,81579.09,474.92,81452.37,-126.72000000000116,DOWN,0.65,0.6607502860237582,0.01075028602375816,0.0,0.0,0.0,0.0,0.0,0.0,0,False
2026-09-03T20:37:10.071304+00:00,KXBTC15M-26SEP031645-45,81579.09,469.93,81425.0,-154.0899999999965,DOWN,0.65,0.6607502860237582,0.01075028602375816,0.0,0.0,0.0,0.0,0.0,0.0,0,False
2026-09-03T20:37:15.096299+00:00,KXBTC15M-26SEP031645-45,81579.09,464.9,81425.01,-154.08000000000175,DOWN,0.65,0.6607502860237582,0.01075028602375816,0.0,0.0,0.0,0.0,0.0,0.0,0,False
2026-09-03T20:37:20.070562+00:00,KXBTC15M-26SEP031645-45,81579.09,459.93,81436.31,-142.77999999999884,DOWN,0.65,0.6607502860237582,0.01075028602375816,0.0,0.0,0.0,0.0,0.0,0.0,0,False
2026-09-03T20:37:25.070486+00:00,KXBTC15M-26SEP031645-45,81579.09,454.93,81439.93,-139.1600000000035,DOWN,0.65,0.6607502860237582,0.01075028602375816,0.0,0.0,0.0,0.0,0.0,0.0,0,False
2026-09-03T20:37:30.139765+00:00,KXBTC15M-26SEP031645-45,81579.09,449.86,81429.23,-149.86000000000058,DOWN,0.65,0.6607502860237582,0.01075028602375816,0.0,0.0,0.0,0.0,0.0,0.0,0,False
2026-09-03T20:37:35.069979+00:00,KXBTC15M-26SEP031645-45,81579.09,444.93,81431.26,-147.83000000000175,DOWN,0.65,0.6607502860237582,0.01075028602375816,0.0,0.0,0.0,0.0,0.0,0.0,0,False
2026-09-03T20:37:40.070246+00:00,KXBTC15M-26SEP031645-45,81579.09,439.93,81429.73,-149.36000000000058,DOWN,0.65,0.6607502860237582,0.01075028602375816,0.0,0.0,0.0,0.0,0.0,0.0,0,False
2026-09-03T20:37:45.089074+00:00,KXBTC15M-26SEP031645-45,81579.09,434.91,81474.9,-104.19000000000233,DOWN,0.65,0.6607502860237582,0.01075028602375816,0.0,0.0,0.0,0.0,0.0,0.0,0,False
2026-09-03T20:37:50.071782+00:00,KXBTC15M-26SEP031645-45,81579.09,429.93,81485.84,-93.25,DOWN,0.65,0.6607502860237582,0.01075028602375816,0.0,0.0,0.0,0.0,0.0,0.0,0,False
2026-09-03T20:37:55.071050+00:00,KXBTC15M-26SEP031645-45,81579.09,424.93,81501.49,-77.59999999999127,DOWN,0.65,0.6607502860237582,0.01075028602375816,0.0,0.0,0.0,0.0,0.0,0.0,0,False
2026-09-03T20:38:00.093399+00:00,KXBTC15M-26SEP031645-45,81579.09,419.91,81501.5,-77.58999999999651,DOWN,0.65,0.6607502860237582,0.01075028602375816,0.0,0.0,0.0,0.0,0.0,0.0,0,False
2026-09-03T20:38:05.072214+00:00,KXBTC15M-26SEP031645-45,81579.09,414.93,81505.56,-73.52999999999884,DOWN,0.65,0.6607502860237582,0.01075028602375816,0.0,0.0,0.0,0.0,0.0,0.0,0,False
2026-09-03T20:38:10.125730+00:00,KXBTC15M-26SEP031645-45,81579.09,409.87,81493.65,-85.44000000000233,DOWN,0.65,0.6607502860237582,0.01075028602375816,0.0,0.0,0.0,0.0,0.0,0.0,0,False
2026-09-03T20:38:15.095443+00:00,KXBTC15M-26SEP031645-45,81579.09,404.9,81498.05,-81.0399999999936,DOWN,0.65,0.6607502860237582,0.01075028602375816,0.0,0.0,0.0,0.0,0.0,0.0,0,False
2026-09-03T20:38:20.074777+00:00,KXBTC15M-26SEP031645-45,81579.09,399.93,81485.85,-93.23999999999069,DOWN,0.65,0.6607502860237582,0.01075028602375816,0.0,0.0,0.0,0.0,0.0,0.0,0,False
2026-09-03T20:38:25.080699+00:00,KXBTC15M-26SEP031645-45,81579.09,394.92,81488.97,-90.11999999999534,DOWN,0.65,0.6607502860237582,0.01075028602375816,0.0,0.0,0.0,0.0,0.0,0.0,0,False
2026-09-03T20:38:30.107598+00:00,KXBTC15M-26SEP031645-45,81579.09,389.89,81540.0,-39.08999999999651,DOWN,0.65,0.6607502860237582,0.01075028602375816,0.0,0.0,0.0,0.0,0.0,0.0,0,False
2026-09-03T20:38:35.085956+00:00,KXBTC15M-26SEP031645-45,81579.09,384.91,81544.94,-34.14999999999418,DOWN,0.65,0.6607502860237582,0.01075028602375816,0.0,0.0,0.0,0.0,0.0,0.0,0,False
2026-09-03T20:38:40.147910+00:00,KXBTC15M-26SEP031645-45,81579.09,379.85,81567.38,-11.709999999991851,DOWN,0.65,0.6607502860237582,0.01075028602375816,0.0,0.0,0.0,0.0,0.0,0.0,0,False
2026-09-03T20:38:45.095273+00:00,KXBTC15M-26SEP031645-45,81579.09,374.9,81599.99,20.90000000000873,DOWN,0.65,0.6607502860237582,0.01075028602375816,0.0,0.0,0.0,0.0,0.0,0.0,0,False
2026-09-03T20:38:50.076667+00:00,KXBTC15M-26SEP031645-45,81579.09,369.92,81594.95,15.860000000000582,DOWN,0.65,0.6607502860237582,0.01075028602375816,0.0,0.0,0.0,0.0,0.0,0.0,0,False
2026-09-03T20:38:55.072950+00:00,KXBTC15M-26SEP031645-45,81579.09,364.93,81596.04,16.94999999999709,DOWN,0.65,0.6607502860237582,0.01075028602375816,0.0,0.0,0.0,0.0,0.0,0.0,0,False
2026-09-03T20:39:00.099207+00:00,KXBTC15M-26SEP031645-45,81579.09,359.9,81609.59,30.5,DOWN,0.65,0.6607502860237582,0.01075028602375816,0.0,0.0,0.0,0.0,0.0,0.0,0,False
2026-09-03T20:39:05.098556+00:00,KXBTC15M-26SEP031645-45,81579.09,354.9,81636.54,57.44999999999709,DOWN,0.65,0.6607502860237582,0.01075028602375816,0.0,0.0,0.0,0.0,0.0,0.0,0,False
2026-09-03T20:39:10.072910+00:00,KXBTC15M-26SEP031645-45,81579.09,349.93,81617.18,38.08999999999651,DOWN,0.65,0.6607502860237582,0.01075028602375816,0.0,0.0,0.0,0.0,0.0,0.0,0,False
2026-09-03T20:39:15.137443+00:00,KXBTC15M-26SEP031645-45,81579.09,344.86,81602.89,23.80000000000291,DOWN,0.65,0.6607502860237582,0.01075028602375816,0.0,0.0,0.0,0.0,0.0,0.0,0,False
2026-09-03T20:39:20.076232+00:00,KXBTC15M-26SEP031645-45,81579.09,339.92,81603.32,24.230000000010477,DOWN,0.65,0.6607502860237582,0.01075028602375816,0.0,0.0,0.0,0.0,0.0,0.0,0,False
2026-09-03T20:39:25.088477+00:00,KXBTC15M-26SEP031645-45,81579.09,334.91,81613.04,33.94999999999709,DOWN,0.65,0.6607502860237582,0.01075028602375816,0.0,0.0,0.0,0.0,0.0,0.0,0,False
2026-09-03T20:39:30.105333+00:00,KXBTC15M-26SEP031645-45,81579.09,329.89,81606.49,27.40000000000873,DOWN,0.65,0.6607502860237582,0.01075028602375816,0.0,0.0,0.0,0.0,0.0,0.0,0,False
2026-09-03T20:39:35.099660+00:00,KXBTC15M-26SEP031645-45,81579.09,324.9,81606.04,26.94999999999709,DOWN,0.65,0.6607502860237582,0.01075028602375816,0.0,0.0,0.0,0.0,0.0,0.0,0,False
2026-09-03T20:39:40.081052+00:00,KXBTC15M-26SEP031645-45,81579.09,319.92,81600.01,20.919999999998254,DOWN,0.65,0.6607502860237582,0.01075028602375816,0.0,0.0,0.0,0.0,0.0,0.0,0,False
2026-09-03T20:39:45.130869+00:00,KXBTC15M-26SEP031645-45,81579.09,314.87,81591.34,12.25,DOWN,0.65,0.6607502860237582,0.01075028602375816,0.0,0.0,0.0,0.0,0.0,0.0,0,False
2026-09-03T20:39:50.087560+00:00,KXBTC15M-26SEP031645-45,81579.09,309.91,81590.19,11.10000000000582,DOWN,0.65,0.6607502860237582,0.01075028602375816,0.0,0.0,0.0,0.0,0.0,0.0,0,False
2026-09-03T20:39:55.082026+00:00,KXBTC15M-26SEP031645-45,81579.09,304.92,81587.8,8.710000000006403,DOWN,0.65,0.6607502860237582,0.01075028602375816,0.0,0.0,0.0,0.0,0.0,0.0,0,False
2026-09-03T20:40:00.114065+00:00,KXBTC15M-26SEP031645-45,81579.09,299.89,81582.63,3.540000000008149,DOWN,0.65,0.6607502860237582,0.01075028602375816,0.0,0.0,0.0,0.0,0.0,0.0,0,False
2026-09-03T20:40:05.092227+00:00,KXBTC15M-26SEP031645-45,81579.09,294.91,81551.19,-27.89999999999418,DOWN,0.65,0.6607502860237582,0.01075028602375816,0.0,0.0,0.0,0.0,0.0,0.0,0,False
2026-09-03T20:40:10.080890+00:00,KXBTC15M-26SEP031645-45,81579.09,289.92,81554.85,-24.239999999990687,DOWN,0.65,0.6607502860237582,0.01075028602375816,0.0,0.0,0.0,0.0,0.0,0.0,0,False
2026-09-03T20:40:15.103266+00:00,KXBTC15M-26SEP031645-45,81579.09,284.9,81557.73,-21.360000000000582,DOWN,0.65,0.6607502860237582,0.01075028602375816,0.0,0.0,0.0,0.0,0.0,0.0,0,False
2026-09-03T20:40:20.135357+00:00,KXBTC15M-26SEP031645-45,81579.09,279.86,81562.72,-16.369999999995343,DOWN,0.65,0.6607502860237582,0.01075028602375816,0.0,0.0,0.0,0.0,0.0,0.0,0,False
2026-09-03T20:40:25.077206+00:00,KXBTC15M-26SEP031645-45,81579.09,274.92,81554.26,-24.830000000001746,DOWN,0.65,0.6607502860237582,0.01075028602375816,0.0,0.0,0.0,0.0,0.0,0.0,0,False
2026-09-03T20:40:30.107297+00:00,KXBTC15M-26SEP031645-45,81579.09,269.89,81542.05,-37.0399999999936,DOWN,0.65,0.6607502860237582,0.01075028602375816,0.0,0.0,0.0,0.0,0.0,0.0,0,False
2026-09-03T20:40:35.078735+00:00,KXBTC15M-26SEP031645-45,81579.09,264.92,81565.07,-14.019999999989523,DOWN,0.65,0.6607502860237582,0.01075028602375816,0.0,0.0,0.0,0.0,0.0,0.0,0,False
2026-09-03T20:40:40.081687+00:00,KXBTC15M-26SEP031645-45,81579.09,259.92,81563.01,-16.080000000001746,DOWN,0.65,0.6607502860237582,0.01075028602375816,0.0,0.0,0.0,0.0,0.0,0.0,0,False
2026-09-03T20:40:45.145270+00:00,KXBTC15M-26SEP031645-45,81579.09,254.85,81563.02,-16.069999999992433,DOWN,0.65,0.6607502860237582,0.01075028602375816,0.0,0.0,0.0,0.0,0.0,0.0,0,False
2026-09-03T20:40:50.082220+00:00,KXBTC15M-26SEP031645-45,81579.09,249.92,81561.26,-17.830000000001746,DOWN,0.65,0.6607502860237582,0.01075028602375816,0.0,0.0,0.0,0.0,0.0,0.0,0,False
2026-09-03T20:40:55.078229+00:00,KXBTC15M-26SEP031645-45,81579.09,244.92,81577.68,-1.4100000000034925,DOWN,0.65,0.6607502860237582,0.01075028602375816,0.0,0.0,0.0,0.0,0.0,0.0,0,False
2026-09-03T20:41:00.111282+00:00,KXBTC15M-26SEP031645-45,81579.09,239.89,81569.99,-9.099999999991269,DOWN,0.65,0.6607502860237582,0.01075028602375816,0.0,0.0,0.0,0.0,0.0,0.0,0,False
2026-09-03T20:41:05.098785+00:00,KXBTC15M-26SEP031645-45,81579.09,234.9,81563.63,-15.459999999991851,DOWN,0.65,0.6607502860237582,0.01075028602375816,0.0,0.0,0.0,0.0,0.0,0.0,0,False
2026-09-03T20:41:10.081904+00:00,KXBTC15M-26SEP031645-45,81579.09,229.92,81559.92,-19.169999999998254,DOWN,0.65,0.6607502860237582,0.01075028602375816,0.0,0.0,0.0,0.0,0.0,0.0,0,False
2026-09-03T20:41:15.110030+00:00,KXBTC15M-26SEP031645-45,81579.09,224.89,81550.54,-28.55000000000291,DOWN,0.65,0.6607502860237582,0.01075028602375816,0.0,0.0,0.0,0.0,0.0,0.0,0,False
2026-09-03T20:41:20.082054+00:00,KXBTC15M-26SEP031645-45,81579.09,219.92,81550.55,-28.539999999993597,DOWN,0.65,0.6607502860237582,0.01075028602375816,0.0,0.0,0.0,0.0,0.0,0.0,0,False
2026-09-03T20:41:25.081021+00:00,KXBTC15M-26SEP031645-45,81579.09,214.92,81545.0,-34.08999999999651,DOWN,0.65,0.6607502860237582,0.01075028602375816,0.0,0.0,0.0,0.0,0.0,0.0,0,False
2026-09-03T20:41:30.111479+00:00,KXBTC15M-26SEP031645-45,81579.09,209.89,81536.31,-42.779999999998836,DOWN,0.65,0.6607502860237582,0.01075028602375816,0.0,0.0,0.0,0.0,0.0,0.0,0,False
2026-09-03T20:41:35.102135+00:00,KXBTC15M-26SEP031645-45,81579.09,204.9,81550.54,-28.55000000000291,DOWN,0.65,0.6607502860237582,0.01075028602375816,0.0,0.0,0.0,0.0,0.0,0.0,0,False
2026-09-03T20:41:40.090372+00:00,KXBTC15M-26SEP031645-45,81579.09,199.91,81536.31,-42.779999999998836,DOWN,0.65,0.6607502860237582,0.01075028602375816,0.0,0.0,0.0,0.0,0.0,0.0,0,False
2026-09-03T20:41:45.106631+00:00,KXBTC15M-26SEP031645-45,81579.09,194.89,81524.82,-54.26999999998952,DOWN,0.65,0.6607502860237582,0.01075028602375816,0.0,0.0,0.0,0.0,0.0,0.0,0,False
2026-09-03T20:41:50.078420+00:00,KXBTC15M-26SEP031645-45,81579.09,189.92,81525.01,-54.080000000001746,DOWN,0.65,0.6607502860237582,0.01075028602375816,0.0,0.0,0.0,0.0,0.0,0.0,0,False
2026-09-03T20:41:55.077269+00:00,KXBTC15M-26SEP031645-45,81579.09,184.92,81529.41,-49.679999999993015,DOWN,0.65,0.6607502860237582,0.01075028602375816,0.0,0.0,0.0,0.0,0.0,0.0,0,False
2026-09-03T20:42:00.119937+00:00,KXBTC15M-26SEP031645-45,81579.09,179.88,81528.75,-50.33999999999651,DOWN,0.65,0.6607502860237582,0.01075028602375816,0.0,0.0,0.0,0.0,0.0,0.0,0,False
2026-09-03T20:42:05.097113+00:00,KXBTC15M-26SEP031645-45,81579.09,174.9,81522.1,-56.98999999999069,DOWN,0.65,0.6607502860237582,0.01075028602375816,0.0,0.0,0.0,0.0,0.0,0.0,0,False
2026-09-03T20:42:10.080796+00:00,KXBTC15M-26SEP031645-45,81579.09,169.92,81510.0,-69.08999999999651,DOWN,0.65,0.6607502860237582,0.01075028602375816,0.0,0.0,0.0,0.0,0.0,0.0,0,False
2026-09-03T20:42:15.102954+00:00,KXBTC15M-26SEP031645-45,81579.09,164.9,81512.83,-66.25999999999476,DOWN,0.65,0.6607502860237582,0.01075028602375816,0.0,0.0,0.0,0.0,0.0,0.0,0,False
2026-09-03T20:42:20.078642+00:00,KXBTC15M-26SEP031645-45,81579.09,159.92,81522.35,-56.73999999999069,DOWN,0.65,0.6607502860237582,0.01075028602375816,0.0,0.0,0.0,0.0,0.0,0.0,0,False
2026-09-03T20:42:25.081470+00:00,KXBTC15M-26SEP031645-45,81579.09,154.92,81515.45,-63.63999999999942,DOWN,0.65,0.6607502860237582,0.01075028602375816,0.0,0.0,0.0,0.0,0.0,0.0,0,False
2026-09-03T20:42:30.098428+00:00,KXBTC15M-26SEP031645-45,81579.09,149.9,81508.27,-70.81999999999243,DOWN,0.65,0.6607502860237582,0.01075028602375816,0.0,0.0,0.0,0.0,0.0,0.0,0,False
2026-09-03T20:42:35.078200+00:00,KXBTC15M-26SEP031645-45,81579.09,144.92,81511.69,-67.39999999999418,DOWN,0.65,0.6607502860237582,0.01075028602375816,0.0,0.0,0.0,0.0,0.0,0.0,0,False
2026-09-03T20:42:40.087902+00:00,KXBTC15M-26SEP031645-45,81579.09,139.91,81508.27,-70.81999999999243,DOWN,0.65,0.6607502860237582,0.01075028602375816,0.0,0.0,0.0,0.0,0.0,0.0,0,False
2026-09-03T20:42:45.105011+00:00,KXBTC15M-26SEP031645-45,81579.09,134.89,81499.79,-79.30000000000291,DOWN,0.65,0.6607502860237582,0.01075028602375816,0.0,0.0,0.0,0.0,0.0,0.0,0,False
2026-09-03T20:42:50.078820+00:00,KXBTC15M-26SEP031645-45,81579.09,129.92,81495.95,-83.13999999999942,DOWN,0.65,0.6607502860237582,0.01075028602375816,0.0,0.0,0.0,0.0,0.0,0.0,0,False
2026-09-03T20:42:55.078545+00:00,KXBTC15M-26SEP031645-45,81579.09,124.92,81495.0,-84.08999999999651,DOWN,0.65,0.6607502860237582,0.01075028602375816,0.0,0.0,0.0,0.0,0.0,0.0,0,False
2026-09-03T20:43:00.105065+00:00,KXBTC15M-26SEP031645-45,81579.09,119.89,81488.82,-90.26999999998952,DOWN,0.65,0.6607502860237582,0.01075028602375816,0.0,0.0,0.0,0.0,0.0,0.0,0,False
2026-09-03T20:43:05.079512+00:00,KXBTC15M-26SEP031645-45,81579.09,114.92,81497.08,-82.00999999999476,DOWN,0.65,0.6607502860237582,0.01075028602375816,0.0,0.0,0.0,0.0,0.0,0.0,0,False
2026-09-03T20:43:10.082312+00:00,KXBTC15M-26SEP031645-45,81579.09,109.92,81488.3,-90.7899999999936,DOWN,0.65,0.6607502860237582,0.01075028602375816,0.0,0.0,0.0,0.0,0.0,0.0,0,False
2026-09-03T20:43:15.102300+00:00,KXBTC15M-26SEP031645-45,81579.09,104.9,81478.32,-100.76999999998952,DOWN,0.65,0.6607502860237582,0.01075028602375816,0.0,0.0,0.0,0.0,0.0,0.0,0,False
2026-09-03T20:43:20.080989+00:00,KXBTC15M-26SEP031645-45,81579.09,99.92,81485.67,-93.41999999999825,DOWN,0.65,0.6607502860237582,0.01075028602375816,0.0,0.0,0.0,0.0,0.0,0.0,0,False
2026-09-03T20:43:25.092653+00:00,KXBTC15M-26SEP031645-45,81579.09,94.91,81487.52,-91.56999999999243,DOWN,0.65,0.6607502860237582,0.01075028602375816,0.0,0.0,0.0,0.0,0.0,0.0,0,False
2026-09-03T20:43:30.105181+00:00,KXBTC15M-26SEP031645-45,81579.09,89.89,81494.88,-84.20999999999185,DOWN,0.65,0.6607502860237582,0.01075028602375816,0.0,0.0,0.0,0.0,0.0,0.0,0,False
2026-09-03T20:43:35.083820+00:00,KXBTC15M-26SEP031645-45,81579.09,84.92,81505.01,-74.08000000000175,DOWN,0.65,0.6607502860237582,0.01075028602375816,0.0,0.0,0.0,0.0,0.0,0.0,0,False
2026-09-03T20:43:40.096118+00:00,KXBTC15M-26SEP031645-45,81579.09,79.9,81508.4,-70.69000000000233,DOWN,0.65,0.6607502860237582,0.01075028602375816,0.0,0.0,0.0,0.0,0.0,0.0,0,False
2026-09-03T20:43:45.112516+00:00,KXBTC15M-26SEP031645-45,81579.09,74.89,81499.96,-79.1299999999901,DOWN,0.65,0.6607502860237582,0.01075028602375816,0.0,0.0,0.0,0.0,0.0,0.0,0,False
2026-09-03T20:43:50.083237+00:00,KXBTC15M-26SEP031645-45,81579.09,69.92,81496.91,-82.17999999999302,DOWN,0.65,0.6607502860237582,0.01075028602375816,0.0,0.0,0.0,0.0,0.0,0.0,0,False
2026-09-03T20:43:55.081083+00:00,KXBTC15M-26SEP031645-45,81579.09,64.92,81494.9,-84.19000000000233,DOWN,0.65,0.6607502860237582,0.01075028602375816,0.0,0.0,0.0,0.0,0.0,0.0,0,False
2026-09-03T20:44:00.133568+00:00,KXBTC15M-26SEP031645-45,81579.09,59.87,81493.51,-85.58000000000175,DOWN,0.65,0.6607502860237582,0.01075028602375816,0.0,0.0,0.0,0.0,0.0,0.0,0,False
2026-09-03T20:44:05.088769+00:00,KXBTC15M-26SEP031645-45,81579.09,54.91,81499.96,-79.1299999999901,DOWN,0.65,0.6607502860237582,0.01075028602375816,0.0,0.0,0.0,0.0,0.0,0.0,0,False
2026-09-03T20:44:10.087615+00:00,KXBTC15M-26SEP031645-45,81579.09,49.91,81508.41,-70.67999999999302,DOWN,0.65,0.6607502860237582,0.01075028602375816,0.0,0.0,0.0,0.0,0.0,0.0,0,False
2026-09-03T20:44:15.103459+00:00,KXBTC15M-26SEP031645-45,81579.09,44.9,81510.55,-68.5399999999936,DOWN,0.65,0.6607502860237582,0.01075028602375816,0.0,0.0,0.0,0.0,0.0,0.0,0,False
2026-09-03T20:44:20.093210+00:00,KXBTC15M-26SEP031645-45,81579.09,39.91,81475.0,-104.08999999999651,DOWN,0.65,0.6607502860237582,0.01075028602375816,0.0,0.0,0.0,0.0,0.0,0.0,0,False
2026-09-03T20:44:25.089320+00:00,KXBTC15M-26SEP031645-45,81579.09,34.91,81475.75,-103.33999999999651,DOWN,0.65,0.6607502860237582,0.01075028602375816,0.0,0.0,0.0,0.0,0.0,0.0,0,False
2026-09-03T20:44:30.103798+00:00,KXBTC15M-26SEP031645-45,81579.09,29.9,81475.76,-103.33000000000175,DOWN,0.65,0.6607502860237582,0.01075028602375816,0.0,0.0,0.0,0.0,0.0,0.0,0,False
2026-09-03T20:44:35.085632+00:00,KXBTC15M-26SEP031645-45,81579.09,24.91,81484.77,-94.31999999999243,DOWN,0.65,0.6607502860237582,0.01075028602375816,0.0,0.0,0.0,0.0,0.0,0.0,0,False
2026-09-03T20:44:40.083491+00:00,KXBTC15M-26SEP031645-45,81579.09,19.92,81484.77,-94.31999999999243,DOWN,0.65,0.6607502860237582,0.01075028602375816,0.0,0.0,0.0,0.0,0.0,0.0,0,False
2026-09-03T20:44:45.112248+00:00,KXBTC15M-26SEP031645-45,81579.09,14.89,81479.45,-99.63999999999942,DOWN,0.65,0.6607502860237582,0.01075028602375816,0.0,0.0,0.0,0.0,0.0,0.0,0,False
2026-09-03T20:44:50.126275+00:00,KXBTC15M-26SEP031645-45,81579.09,9.87,81478.94,-100.14999999999418,DOWN,0.65,0.6607502860237582,0.01075028602375816,0.0,0.0,0.0,0.0,0.0,0.0,0,False
2026-09-03T20:44:55.083473+00:00,KXBTC15M-26SEP031645-45,81579.09,4.92,81475.74,-103.34999999999127,DOWN,0.65,0.6607502860237582,0.01075028602375816,0.0,0.0,0.0,0.0,0.0,0.0,0,False
2026-09-03T20:45:15.372635+00:00,KXBTC15M-26SEP031700-00,81492.59,884.63,81457.22,-35.36999999999534,DOWN,0.65,0.6607502860237582,0.01075028602375816,0.0,0.0,0.0,0.0,0.0,0.0,0,False
2026-09-03T20:45:20.344082+00:00,KXBTC15M-26SEP031700-00,81492.59,879.66,81456.13,-36.45999999999185,DOWN,0.65,0.6607502860237582,0.01075028602375816,0.0,0.0,0.0,0.0,0.0,0.0,0,False
2026-09-03T20:45:25.352922+00:00,KXBTC15M-26SEP031700-00,81492.59,874.65,81449.56,-43.029999999998836,DOWN,0.65,0.6607502860237582,0.01075028602375816,0.0,0.0,0.0,0.0,0.0,0.0,0,False
2026-09-03T20:45:30.373955+00:00,KXBTC15M-26SEP031700-00,81492.59,869.63,81447.76,-44.830000000001746,DOWN,0.65,0.6607502860237582,0.01075028602375816,0.0,0.0,0.0,0.0,0.0,0.0,0,False
2026-09-03T20:45:35.346117+00:00,KXBTC15M-26SEP031700-00,81492.59,864.65,81447.75,-44.83999999999651,DOWN,0.65,0.6607502860237582,0.01075028602375816,0.0,0.0,0.0,0.0,0.0,0.0,0,False
2026-09-03T20:45:40.346338+00:00,KXBTC15M-26SEP031700-00,81492.59,859.65,81434.32,-58.26999999998952,DOWN,0.65,0.6607502860237582,0.01075028602375816,0.0,0.0,0.0,0.0,0.0,0.0,0,False
2026-09-03T20:45:45.372271+00:00,KXBTC15M-26SEP031700-00,81492.59,854.63,81456.76,-35.830000000001746,DOWN,0.65,0.6607502860237582,0.01075028602375816,0.0,0.0,0.0,0.0,0.0,0.0,0,False
2026-09-03T20:45:50.351551+00:00,KXBTC15M-26SEP031700-00,81492.59,849.65,81458.98,-33.61000000000058,DOWN,0.65,0.6607502860237582,0.01075028602375816,0.0,0.0,0.0,0.0,0.0,0.0,0,False
2026-09-03T20:45:55.355141+00:00,KXBTC15M-26SEP031700-00,81492.59,844.64,81458.99,-33.59999999999127,DOWN,0.65,0.6607502860237582,0.01075028602375816,0.0,0.0,0.0,0.0,0.0,0.0,0,False
2026-09-03T20:46:00.377140+00:00,KXBTC15M-26SEP031700-00,81492.59,839.62,81463.48,-29.110000000000582,DOWN,0.65,0.6607502860237582,0.01075028602375816,0.0,0.0,0.0,0.0,0.0,0.0,0,False
2026-09-03T20:46:05.345074+00:00,KXBTC15M-26SEP031700-00,81492.59,834.65,81463.49,-29.09999999999127,DOWN,0.65,0.6607502860237582,0.01075028602375816,0.0,0.0,0.0,0.0,0.0,0.0,0,False
2026-09-03T20:46:10.352300+00:00,KXBTC15M-26SEP031700-00,81492.59,829.65,81476.41,-16.179999999993015,DOWN,0.65,0.6607502860237582,0.01075028602375816,0.0,0.0,0.0,0.0,0.0,0.0,0,False
2026-09-03T20:46:15.358861+00:00,KXBTC15M-26SEP031700-00,81492.59,824.64,81469.55,-23.039999999993597,DOWN,0.65,0.6607502860237582,0.01075028602375816,0.0,0.0,0.0,0.0,0.0,0.0,0,False
2026-09-03T20:46:20.344865+00:00,KXBTC15M-26SEP031700-00,81492.59,819.66,81462.04,-30.55000000000291,DOWN,0.65,0.6607502860237582,0.01075028602375816,0.0,0.0,0.0,0.0,0.0,0.0,0,False
2026-09-03T20:46:25.370813+00:00,KXBTC15M-26SEP031700-00,81492.59,814.63,81460.68,-31.910000000003492,DOWN,0.65,0.6607502860237582,0.01075028602375816,0.0,0.0,0.0,0.0,0.0,0.0,0,False
2026-09-03T20:46:30.394255+00:00,KXBTC15M-26SEP031700-00,81492.59,809.61,81449.63,-42.95999999999185,DOWN,0.65,0.6607502860237582,0.01075028602375816,0.0,0.0,0.0,0.0,0.0,0.0,0,False
2026-09-03T20:46:35.346862+00:00,KXBTC15M-26SEP031700-00,81492.59,804.65,81463.48,-29.110000000000582,DOWN,0.65,0.6607502860237582,0.01075028602375816,0.0,0.0,0.0,0.0,0.0,0.0,0,False
2026-09-03T20:46:40.367384+00:00,KXBTC15M-26SEP031700-00,81492.59,799.63,81464.48,-28.110000000000582,DOWN,0.65,0.6607502860237582,0.01075028602375816,0.0,0.0,0.0,0.0,0.0,0.0,0,False
2026-09-03T20:46:45.392003+00:00,KXBTC15M-26SEP031700-00,81492.59,794.61,81454.63,-37.95999999999185,DOWN,0.65,0.6607502860237582,0.01075028602375816,0.0,0.0,0.0,0.0,0.0,0.0,0,False
2026-09-03T20:46:50.345636+00:00,KXBTC15M-26SEP031700-00,81492.59,789.65,81454.71,-37.879999999990105,DOWN,0.65,0.6607502860237582,0.01075028602375816,0.0,0.0,0.0,0.0,0.0,0.0,0,False
2026-09-03T20:46:55.355708+00:00,KXBTC15M-26SEP031700-00,81492.59,784.64,81454.7,-37.88999999999942,DOWN,0.65,0.6607502860237582,0.01075028602375816,0.0,0.0,0.0,0.0,0.0,0.0,0,False
2026-09-03T20:47:00.389557+00:00,KXBTC15M-26SEP031700-00,81492.59,779.61,81454.7,-37.88999999999942,DOWN,0.65,0.6607502860237582,0.01075028602375816,0.0,0.0,0.0,0.0,0.0,0.0,0,False
2026-09-03T20:47:05.383158+00:00,KXBTC15M-26SEP031700-00,81492.59,774.62,81454.7,-37.88999999999942,DOWN,0.65,0.6607502860237582,0.01075028602375816,0.0,0.0,0.0,0.0,0.0,0.0,0,False
2026-09-03T20:47:10.354446+00:00,KXBTC15M-26SEP031700-00,81492.59,769.65,81457.11,-35.479999999995925,DOWN,0.65,0.6607502860237582,0.01075028602375816,0.0,0.0,0.0,0.0,0.0,0.0,0,False
2026-09-03T20:47:15.370186+00:00,KXBTC15M-26SEP031700-00,81492.59,764.63,81449.63,-42.95999999999185,DOWN,0.65,0.6607502860237582,0.01075028602375816,0.0,0.0,0.0,0.0,0.0,0.0,0,False
2026-09-03T20:47:20.347722+00:00,KXBTC15M-26SEP031700-00,81492.59,759.65,81438.0,-54.58999999999651,DOWN,0.65,0.6607502860237582,0.01075028602375816,0.0,0.0,0.0,0.0,0.0,0.0,0,False
2026-09-03T20:47:25.350426+00:00,KXBTC15M-26SEP031700-00,81492.59,754.65,81438.0,-54.58999999999651,DOWN,0.65,0.6607502860237582,0.01075028602375816,0.0,0.0,0.0,0.0,0.0,0.0,0,False
2026-09-03T20:47:30.371560+00:00,KXBTC15M-26SEP031700-00,81492.59,749.63,81443.25,-49.33999999999651,DOWN,0.65,0.6607502860237582,0.01075028602375816,0.0,0.0,0.0,0.0,0.0,0.0,0,False
2026-09-03T20:47:35.353151+00:00,KXBTC15M-26SEP031700-00,81492.59,744.65,81449.63,-42.95999999999185,DOWN,0.65,0.6607502860237582,0.01075028602375816,0.0,0.0,0.0,0.0,0.0,0.0,0,False
2026-09-03T20:47:40.354631+00:00,KXBTC15M-26SEP031700-00,81492.59,739.65,81453.85,-38.73999999999069,DOWN,0.65,0.6607502860237582,0.01075028602375816,0.0,0.0,0.0,0.0,0.0,0.0,0,False
2026-09-03T20:47:45.371118+00:00,KXBTC15M-26SEP031700-00,81492.59,734.63,81515.24,22.65000000000873,DOWN,0.65,0.6607502860237582,0.01075028602375816,0.0,0.0,0.0,0.0,0.0,0.0,0,False
2026-09-03T20:47:50.348269+00:00,KXBTC15M-26SEP031700-00,81492.59,729.65,81517.24,24.65000000000873,DOWN,0.65,0.6607502860237582,0.01075028602375816,0.0,0.0,0.0,0.0,0.0,0.0,0,False
2026-09-03T20:47:55.359271+00:00,KXBTC15M-26SEP031700-00,81492.59,724.64,81516.69,24.10000000000582,DOWN,0.65,0.6607502860237582,0.01075028602375816,0.0,0.0,0.0,0.0,0.0,0.0,0,False
2026-09-03T20:48:00.370422+00:00,KXBTC15M-26SEP031700-00,81492.59,719.63,81514.87,22.279999999998836,DOWN,0.65,0.6607502860237582,0.01075028602375816,0.0,0.0,0.0,0.0,0.0,0.0,0,False
2026-09-03T20:48:05.350759+00:00,KXBTC15M-26SEP031700-00,81492.59,714.65,81516.69,24.10000000000582,DOWN,0.65,0.6607502860237582,0.01075028602375816,0.0,0.0,0.0,0.0,0.0,0.0,0,False
2026-09-03T20:48:10.351646+00:00,KXBTC15M-26SEP031700-00,81492.59,709.65,81532.46,39.870000000009895,DOWN,0.65,0.6607502860237582,0.01075028602375816,0.0,0.0,0.0,0.0,0.0,0.0,0,False
2026-09-03T20:48:15.394353+00:00,KXBTC15M-26SEP031700-00,81492.59,704.61,81542.98,50.38999999999942,DOWN,0.65,0.6607502860237582,0.01075028602375816,0.0,0.0,0.0,0.0,0.0,0.0,0,False
2026-09-03T20:48:20.356492+00:00,KXBTC15M-26SEP031700-00,81492.59,699.64,81555.01,62.419999999998254,DOWN,0.65,0.6607502860237582,0.01075028602375816,0.0,0.0,0.0,0.0,0.0,0.0,0,False
2026-09-03T20:48:25.347713+00:00,KXBTC15M-26SEP031700-00,81492.59,694.65,81540.0,47.41000000000349,DOWN,0.65,0.6607502860237582,0.01075028602375816,0.0,0.0,0.0,0.0,0.0,0.0,0,False
2026-09-03T20:48:30.376304+00:00,KXBTC15M-26SEP031700-00,81492.59,689.62,81523.9,31.30999999999767,DOWN,0.65,0.6607502860237582,0.01075028602375816,0.0,0.0,0.0,0.0,0.0,0.0,0,False
2026-09-03T20:48:35.353953+00:00,KXBTC15M-26SEP031700-00,81492.59,684.65,81541.83,49.24000000000524,DOWN,0.65,0.6607502860237582,0.01075028602375816,0.0,0.0,0.0,0.0,0.0,0.0,0,False
2026-09-03T20:48:40.352847+00:00,KXBTC15M-26SEP031700-00,81492.59,679.65,81541.34,48.75,DOWN,0.65,0.6607502860237582,0.01075028602375816,0.0,0.0,0.0,0.0,0.0,0.0,0,False
2026-09-03T20:48:45.378565+00:00,KXBTC15M-26SEP031700-00,81492.59,674.62,81542.53,49.94000000000233,DOWN,0.65,0.6607502860237582,0.01075028602375816,0.0,0.0,0.0,0.0,0.0,0.0,0,False
2026-09-03T20:48:50.349461+00:00,KXBTC15M-26SEP031700-00,81492.59,669.65,81572.98,80.38999999999942,DOWN,0.65,0.6607502860237582,0.01075028602375816,0.0,0.0,0.0,0.0,0.0,0.0,0,False
2026-09-03T20:48:55.360191+00:00,KXBTC15M-26SEP031700-00,81492.59,664.64,81559.47,66.88000000000466,DOWN,0.65,0.6607502860237582,0.01075028602375816,0.0,0.0,0.0,0.0,0.0,0.0,0,False
2026-09-03T20:49:00.389176+00:00,KXBTC15M-26SEP031700-00,81492.59,659.61,81560.35,67.76000000000931,DOWN,0.65,0.6607502860237582,0.01075028602375816,0.0,0.0,0.0,0.0,0.0,0.0,0,False
2026-09-03T20:49:05.347701+00:00,KXBTC15M-26SEP031700-00,81492.59,654.65,81561.48,68.88999999999942,DOWN,0.65,0.6607502860237582,0.01075028602375816,0.0,0.0,0.0,0.0,0.0,0.0,0,False
2026-09-03T20:49:10.350645+00:00,KXBTC15M-26SEP031700-00,81492.59,649.65,81560.15,67.55999999999767,DOWN,0.65,0.6607502860237582,0.01075028602375816,0.0,0.0,0.0,0.0,0.0,0.0,0,False
2026-09-03T20:49:15.370673+00:00,KXBTC15M-26SEP031700-00,81492.59,644.63,81554.84,62.25,DOWN,0.65,0.6607502860237582,0.01075028602375816,0.0,0.0,0.0,0.0,0.0,0.0,0,False
2026-09-03T20:49:20.352869+00:00,KXBTC15M-26SEP031700-00,81492.59,639.65,81571.51,78.91999999999825,DOWN,0.65,0.6607502860237582,0.01075028602375816,0.0,0.0,0.0,0.0,0.0,0.0,0,False
2026-09-03T20:49:25.357320+00:00,KXBTC15M-26SEP031700-00,81492.59,634.64,81575.99,83.40000000000873,DOWN,0.65,0.6607502860237582,0.01075028602375816,0.0,0.0,0.0,0.0,0.0,0.0,0,False
2026-09-03T20:49:30.376728+00:00,KXBTC15M-26SEP031700-00,81492.59,629.62,81581.41,88.82000000000698,DOWN,0.65,0.6607502860237582,0.01075028602375816,0.0,0.0,0.0,0.0,0.0,0.0,0,False
2026-09-03T20:49:35.409825+00:00,KXBTC15M-26SEP031700-00,81492.59,624.59,81581.4,88.80999999999767,DOWN,0.65,0.6607502860237582,0.01075028602375816,0.0,0.0,0.0,0.0,0.0,0.0,0,False
2026-09-03T20:49:40.355456+00:00,KXBTC15M-26SEP031700-00,81492.59,619.64,81581.4,88.80999999999767,DOWN,0.65,0.6607502860237582,0.01075028602375816,0.0,0.0,0.0,0.0,0.0,0.0,0,False
2026-09-03T20:49:45.381280+00:00,KXBTC15M-26SEP031700-00,81492.59,614.62,81581.4,88.80999999999767,DOWN,0.65,0.6607502860237582,0.01075028602375816,0.0,0.0,0.0,0.0,0.0,0.0,0,False
2026-09-03T20:49:50.358654+00:00,KXBTC15M-26SEP031700-00,81492.59,609.64,81565.62,73.02999999999884,DOWN,0.65,0.6607502860237582,0.01075028602375816,0.0,0.0,0.0,0.0,0.0,0.0,0,False
2026-09-03T20:49:55.351373+00:00,KXBTC15M-26SEP031700-00,81492.59,604.65,81553.84,61.25,DOWN,0.65,0.6607502860237582,0.01075028602375816,0.0,0.0,0.0,0.0,0.0,0.0,0,False
2026-09-03T20:50:00.378138+00:00,KXBTC15M-26SEP031700-00,81492.59,599.62,81543.66,51.070000000006985,DOWN,0.65,0.6607502860237582,0.01075028602375816,0.0,0.0,0.0,0.0,0.0,0.0,0,False
2026-09-03T20:50:05.353670+00:00,KXBTC15M-26SEP031700-00,81492.59,594.65,81541.3,48.7100000000064,DOWN,0.65,0.6607502860237582,0.01075028602375816,0.0,0.0,0.0,0.0,0.0,0.0,0,False
2026-09-03T20:50:10.350747+00:00,KXBTC15M-26SEP031700-00,81492.59,589.65,81538.75,46.16000000000349,DOWN,0.65,0.6607502860237582,0.01075028602375816,0.0,0.0,0.0,0.0,0.0,0.0,0,False
2026-09-03T20:50:15.379116+00:00,KXBTC15M-26SEP031700-00,81492.59,584.62,81538.75,46.16000000000349,DOWN,0.65,0.6607502860237582,0.01075028602375816,0.0,0.0,0.0,0.0,0.0,0.0,0,False
2026-09-03T20:50:20.352754+00:00,KXBTC15M-26SEP031700-00,81492.59,579.65,81547.03,54.44000000000233,DOWN,0.65,0.6607502860237582,0.01075028602375816,0.0,0.0,0.0,0.0,0.0,0.0,0,False
2026-09-03T20:50:25.353974+00:00,KXBTC15M-26SEP031700-00,81492.59,574.65,81548.8,56.2100000000064,DOWN,0.65,0.6607502860237582,0.01075028602375816,0.0,0.0,0.0,0.0,0.0,0.0,0,False
2026-09-03T20:50:30.375684+00:00,KXBTC15M-26SEP031700-00,81492.59,569.62,81547.37,54.779999999998836,DOWN,0.65,0.6607502860237582,0.01075028602375816,0.0,0.0,0.0,0.0,0.0,0.0,0,False
2026-09-03T20:50:35.355609+00:00,KXBTC15M-26SEP031700-00,81492.59,564.64,81549.22,56.63000000000466,DOWN,0.65,0.6607502860237582,0.01075028602375816,0.0,0.0,0.0,0.0,0.0,0.0,0,False
2026-09-03T20:50:40.386463+00:00,KXBTC15M-26SEP031700-00,81492.59,559.61,81560.26,67.66999999999825,DOWN,0.65,0.6607502860237582,0.01075028602375816,0.0,0.0,0.0,0.0,0.0,0.0,0,False
2026-09-03T20:50:45.371158+00:00,KXBTC15M-26SEP031700-00,81492.59,554.63,81587.8,95.2100000000064,DOWN,0.65,0.6607502860237582,0.01075028602375816,0.0,0.0,0.0,0.0,0.0,0.0,0,False
2026-09-03T20:50:50.356824+00:00,KXBTC15M-26SEP031700-00,81492.59,549.64,81587.39,94.80000000000291,DOWN,0.65,0.6607502860237582,0.01075028602375816,0.0,0.0,0.0,0.0,0.0,0.0,0,False
2026-09-03T20:50:55.350336+00:00,KXBTC15M-26SEP031700-00,81492.59,544.65,81587.39,94.80000000000291,DOWN,0.65,0.6607502860237582,0.01075028602375816,0.0,0.0,0.0,0.0,0.0,0.0,0,False
2026-09-03T20:51:00.383174+00:00,KXBTC15M-26SEP031700-00,81492.59,539.62,81587.39,94.80000000000291,DOWN,0.65,0.6607502860237582,0.01075028602375816,0.0,0.0,0.0,0.0,0.0,0.0,0,False
2026-09-03T20:51:05.350798+00:00,KXBTC15M-26SEP031700-00,81492.59,534.65,81563.98,71.38999999999942,DOWN,0.65,0.6607502860237582,0.01075028602375816,0.0,0.0,0.0,0.0,0.0,0.0,0,False
2026-09-03T20:51:10.352815+00:00,KXBTC15M-26SEP031700-00,81492.59,529.65,81561.81,69.22000000000116,DOWN,0.65,0.6607502860237582,0.01075028602375816,0.0,0.0,0.0,0.0,0.0,0.0,0,False
2026-09-03T20:51:15.403265+00:00,KXBTC15M-26SEP031700-00,81492.59,524.6,81560.0,67.41000000000349,DOWN,0.65,0.6607502860237582,0.01075028602375816,0.0,0.0,0.0,0.0,0.0,0.0,0,False
2026-09-03T20:51:20.350009+00:00,KXBTC15M-26SEP031700-00,81492.59,519.65,81560.0,67.41000000000349,DOWN,0.65,0.6607502860237582,0.01075028602375816,0.0,0.0,0.0,0.0,0.0,0.0,0,False
2026-09-03T20:51:25.353561+00:00,KXBTC15M-26SEP031700-00,81492.59,514.65,81554.4,61.80999999999767,DOWN,0.65,0.6607502860237582,0.01075028602375816,0.0,0.0,0.0,0.0,0.0,0.0,0,False
2026-09-03T20:51:30.376679+00:00,KXBTC15M-26SEP031700-00,81492.59,509.62,81567.6,75.01000000000931,DOWN,0.65,0.6607502860237582,0.01075028602375816,0.0,0.0,0.0,0.0,0.0,0.0,0,False
2026-09-03T20:51:35.351449+00:00,KXBTC15M-26SEP031700-00,81492.59,504.65,81569.66,77.07000000000698,DOWN,0.65,0.6607502860237582,0.01075028602375816,0.0,0.0,0.0,0.0,0.0,0.0,0,False
2026-09-03T20:51:40.351429+00:00,KXBTC15M-26SEP031700-00,81492.59,499.65,81579.84,87.25,DOWN,0.65,0.6607502860237582,0.01075028602375816,0.0,0.0,0.0,0.0,0.0,0.0,0,False
2026-09-03T20:51:45.382656+00:00,KXBTC15M-26SEP031700-00,81492.59,494.62,81581.58,88.99000000000524,DOWN,0.65,0.6607502860237582,0.01075028602375816,0.0,0.0,0.0,0.0,0.0,0.0,0,False
2026-09-03T20:51:50.354245+00:00,KXBTC15M-26SEP031700-00,81492.59,489.65,81579.15,86.55999999999767,DOWN,0.65,0.6607502860237582,0.01075028602375816,0.0,0.0,0.0,0.0,0.0,0.0,0,False
2026-09-03T20:51:55.352619+00:00,KXBTC15M-26SEP031700-00,81492.59,484.65,81576.46,83.8700000000099,DOWN,0.65,0.6607502860237582,0.01075028602375816,0.0,0.0,0.0,0.0,0.0,0.0,0,False
2026-09-03T20:52:00.358397+00:00,KXBTC15M-26SEP031700-00,81492.59,479.64,81558.35,65.76000000000931,DOWN,0.65,0.6607502860237582,0.01075028602375816,0.0,0.0,0.0,0.0,0.0,0.0,0,False
2026-09-03T20:52:05.352337+00:00,KXBTC15M-26SEP031700-00,81492.59,474.65,81557.51,64.91999999999825,DOWN,0.65,0.6607502860237582,0.01075028602375816,0.0,0.0,0.0,0.0,0.0,0.0,0,False
2026-09-03T20:52:10.374647+00:00,KXBTC15M-26SEP031700-00,81492.59,469.63,81550.43,57.83999999999651,DOWN,0.65,0.6607502860237582,0.01075028602375816,0.0,0.0,0.0,0.0,0.0,0.0,0,False
2026-09-03T20:52:15.382289+00:00,KXBTC15M-26SEP031700-00,81492.59,464.62,81547.67,55.080000000001746,DOWN,0.65,0.6607502860237582,0.01075028602375816,0.0,0.0,0.0,0.0,0.0,0.0,0,False
2026-09-03T20:52:20.355744+00:00,KXBTC15M-26SEP031700-00,81492.59,459.64,81531.74,39.15000000000873,DOWN,0.65,0.6607502860237582,0.01075028602375816,0.0,0.0,0.0,0.0,0.0,0.0,0,False
2026-09-03T20:52:25.355616+00:00,KXBTC15M-26SEP031700-00,81492.59,454.64,81527.21,34.620000000009895,DOWN,0.65,0.6607502860237582,0.01075028602375816,0.0,0.0,0.0,0.0,0.0,0.0,0,False
2026-09-03T20:52:30.382990+00:00,KXBTC15M-26SEP031700-00,81492.59,449.62,81527.21,34.620000000009895,DOWN,0.65,0.6607502860237582,0.01075028602375816,0.0,0.0,0.0,0.0,0.0,0.0,0,False
2026-09-03T20:52:35.419259+00:00,KXBTC15M-26SEP031700-00,81492.59,444.58,81527.21,34.620000000009895,DOWN,0.65,0.6607502860237582,0.01075028602375816,0.0,0.0,0.0,0.0,0.0,0.0,0,False
2026-09-03T20:52:40.354861+00:00,KXBTC15M-26SEP031700-00,81492.59,439.65,81522.02,29.430000000007567,DOWN,0.65,0.6607502860237582,0.01075028602375816,0.0,0.0,0.0,0.0,0.0,0.0,0,False
2026-09-03T20:52:45.364395+00:00,KXBTC15M-26SEP031700-00,81492.59,434.64,81520.73,28.139999999999418,DOWN,0.65,0.6607502860237582,0.01075028602375816,0.0,0.0,0.0,0.0,0.0,0.0,0,False
2026-09-03T20:52:50.357348+00:00,KXBTC15M-26SEP031700-00,81492.59,429.64,81520.73,28.139999999999418,DOWN,0.65,0.6607502860237582,0.01075028602375816,0.0,0.0,0.0,0.0,0.0,0.0,0,False
2026-09-03T20:52:55.364326+00:00,KXBTC15M-26SEP031700-00,81492.59,424.64,81514.83,22.24000000000524,DOWN,0.65,0.6607502860237582,0.01075028602375816,0.0,0.0,0.0,0.0,0.0,0.0,0,False
2026-09-03T20:53:00.382858+00:00,KXBTC15M-26SEP031700-00,81492.59,419.62,81509.22,16.630000000004657,DOWN,0.65,0.6607502860237582,0.01075028602375816,0.0,0.0,0.0,0.0,0.0,0.0,0,False
2026-09-03T20:53:05.356559+00:00,KXBTC15M-26SEP031700-00,81492.59,414.64,81508.52,15.930000000007567,DOWN,0.65,0.6607502860237582,0.01075028602375816,0.0,0.0,0.0,0.0,0.0,0.0,0,False
2026-09-03T20:53:10.359546+00:00,KXBTC15M-26SEP031700-00,81492.59,409.64,81508.52,15.930000000007567,DOWN,0.65,0.6607502860237582,0.01075028602375816,0.0,0.0,0.0,0.0,0.0,0.0,0,False
2026-09-03T20:53:15.382501+00:00,KXBTC15M-26SEP031700-00,81492.59,404.62,81508.52,15.930000000007567,DOWN,0.65,0.6607502860237582,0.01075028602375816,0.0,0.0,0.0,0.0,0.0,0.0,0,False
2026-09-03T20:53:20.357251+00:00,KXBTC15M-26SEP031700-00,81492.59,399.64,81508.52,15.930000000007567,DOWN,0.65,0.6607502860237582,0.01075028602375816,0.0,0.0,0.0,0.0,0.0,0.0,0,False
2026-09-03T20:53:25.358749+00:00,KXBTC15M-26SEP031700-00,81492.59,394.64,81492.76,0.16999999999825377,DOWN,0.65,0.6607502860237582,0.01075028602375816,0.0,0.0,0.0,0.0,0.0,0.0,0,False
2026-09-03T20:53:30.379071+00:00,KXBTC15M-26SEP031700-00,81492.59,389.62,81460.55,-32.0399999999936,DOWN,0.65,0.6607502860237582,0.01075028602375816,0.0,0.0,0.0,0.0,0.0,0.0,0,False
2026-09-03T20:53:35.359885+00:00,KXBTC15M-26SEP031700-00,81492.59,384.64,81459.6,-32.98999999999069,DOWN,0.65,0.6607502860237582,0.01075028602375816,0.0,0.0,0.0,0.0,0.0,0.0,0,False
2026-09-03T20:53:40.365730+00:00,KXBTC15M-26SEP031700-00,81492.59,379.63,81491.99,-0.5999999999912689,DOWN,0.65,0.6607502860237582,0.01075028602375816,0.0,0.0,0.0,0.0,0.0,0.0,0,False
2026-09-03T20:53:45.393696+00:00,KXBTC15M-26SEP031700-00,81492.59,374.61,81488.7,-3.889999999999418,DOWN,0.65,0.6607502860237582,0.01075028602375816,0.0,0.0,0.0,0.0,0.0,0.0,0,False
2026-09-03T20:53:50.371422+00:00,KXBTC15M-26SEP031700-00,81492.59,369.63,81496.16,3.570000000006985,DOWN,0.65,0.6607502860237582,0.01075028602375816,0.0,0.0,0.0,0.0,0.0,0.0,0,False
2026-09-03T20:53:55.360127+00:00,KXBTC15M-26SEP031700-00,81492.59,364.64,81485.37,-7.220000000001164,DOWN,0.65,0.6607502860237582,0.01075028602375816,0.0,0.0,0.0,0.0,0.0,0.0,0,False
2026-09-03T20:54:00.366971+00:00,KXBTC15M-26SEP031700-00,81492.59,359.63,81476.87,-15.720000000001164,DOWN,0.65,0.6607502860237582,0.01075028602375816,0.0,0.0,0.0,0.0,0.0,0.0,0,False
2026-09-03T20:54:05.359908+00:00,KXBTC15M-26SEP031700-00,81492.59,354.64,81483.94,-8.64999999999418,DOWN,0.65,0.6607502860237582,0.01075028602375816,0.0,0.0,0.0,0.0,0.0,0.0,0,False
2026-09-03T20:54:10.360230+00:00,KXBTC15M-26SEP031700-00,81492.59,349.64,81483.93,-8.660000000003492,DOWN,0.65,0.6607502860237582,0.01075028602375816,0.0,0.0,0.0,0.0,0.0,0.0,0,False
2026-09-03T20:54:15.378788+00:00,KXBTC15M-26SEP031700-00,81492.59,344.62,81468.84,-23.75,DOWN,0.65,0.6607502860237582,0.01075028602375816,0.0,0.0,0.0,0.0,0.0,0.0,0,False
2026-09-03T20:54:20.421729+00:00,KXBTC15M-26SEP031700-00,81492.59,339.58,81464.39,-28.19999999999709,DOWN,0.65,0.6607502860237582,0.01075028602375816,0.0,0.0,0.0,0.0,0.0,0.0,0,False
2026-09-03T20:54:25.361393+00:00,KXBTC15M-26SEP031700-00,81492.59,334.64,81467.44,-25.14999999999418,DOWN,0.65,0.6607502860237582,0.01075028602375816,0.0,0.0,0.0,0.0,0.0,0.0,0,False
2026-09-03T20:54:30.380023+00:00,KXBTC15M-26SEP031700-00,81492.59,329.62,81459.6,-32.98999999999069,DOWN,0.65,0.6607502860237582,0.01075028602375816,0.0,0.0,0.0,0.0,0.0,0.0,0,False
2026-09-03T20:54:35.364950+00:00,KXBTC15M-26SEP031700-00,81492.59,324.64,81459.6,-32.98999999999069,DOWN,0.65,0.6607502860237582,0.01075028602375816,0.0,0.0,0.0,0.0,0.0,0.0,0,False
2026-09-03T20:54:40.401496+00:00,KXBTC15M-26SEP031700-00,81492.59,319.6,81459.6,-32.98999999999069,DOWN,0.65,0.6607502860237582,0.01075028602375816,0.0,0.0,0.0,0.0,0.0,0.0,0,False
2026-09-03T20:54:45.386796+00:00,KXBTC15M-26SEP031700-00,81492.59,314.61,81444.25,-48.33999999999651,DOWN,0.65,0.6607502860237582,0.01075028602375816,0.0,0.0,0.0,0.0,0.0,0.0,0,False
2026-09-03T20:54:50.368980+00:00,KXBTC15M-26SEP031700-00,81492.59,309.63,81454.52,-38.06999999999243,DOWN,0.65,0.6607502860237582,0.01075028602375816,0.0,0.0,0.0,0.0,0.0,0.0,0,False
2026-09-03T20:54:55.358873+00:00,KXBTC15M-26SEP031700-00,81492.59,304.64,81454.52,-38.06999999999243,DOWN,0.65,0.6607502860237582,0.01075028602375816,0.0,0.0,0.0,0.0,0.0,0.0,0,False
2026-09-03T20:55:00.388711+00:00,KXBTC15M-26SEP031700-00,81492.59,299.61,81464.63,-27.95999999999185,DOWN,0.65,0.6607502860237582,0.01075028602375816,0.0,0.0,0.0,0.0,0.0,0.0,0,False
2026-09-03T20:55:05.419968+00:00,KXBTC15M-26SEP031700-00,81492.59,294.58,81475.5,-17.089999999996508,DOWN,0.65,0.6607502860237582,0.01075028602375816,0.0,0.0,0.0,0.0,0.0,0.0,0,False
2026-09-03T20:55:10.360438+00:00,KXBTC15M-26SEP031700-00,81492.59,289.64,81476.7,-15.889999999999418,DOWN,0.65,0.6607502860237582,0.01075028602375816,0.0,0.0,0.0,0.0,0.0,0.0,0,False
2026-09-03T20:55:15.382162+00:00,KXBTC15M-26SEP031700-00,81492.59,284.62,81470.0,-22.589999999996508,DOWN,0.65,0.6607502860237582,0.01075028602375816,0.0,0.0,0.0,0.0,0.0,0.0,0,False
2026-09-03T20:55:20.358864+00:00,KXBTC15M-26SEP031700-00,81492.59,279.64,81470.0,-22.589999999996508,DOWN,0.65,0.6607502860237582,0.01075028602375816,0.0,0.0,0.0,0.0,0.0,0.0,0,False
2026-09-03T20:55:25.362768+00:00,KXBTC15M-26SEP031700-00,81492.59,274.64,81464.77,-27.819999999992433,DOWN,0.65,0.6607502860237582,0.01075028602375816,0.0,0.0,0.0,0.0,0.0,0.0,0,False
2026-09-03T20:55:30.381847+00:00,KXBTC15M-26SEP031700-00,81492.59,269.62,81464.62,-27.970000000001164,DOWN,0.65,0.6607502860237582,0.01075028602375816,0.0,0.0,0.0,0.0,0.0,0.0,0,False
2026-09-03T20:55:35.359821+00:00,KXBTC15M-26SEP031700-00,81492.59,264.64,81464.75,-27.839999999996508,DOWN,0.65,0.6607502860237582,0.01075028602375816,0.0,0.0,0.0,0.0,0.0,0.0,0,False
2026-09-03T20:55:40.394763+00:00,KXBTC15M-26SEP031700-00,81492.59,259.61,81466.1,-26.489999999990687,DOWN,0.65,0.6607502860237582,0.01075028602375816,0.0,0.0,0.0,0.0,0.0,0.0,0,False
2026-09-03T20:55:45.386419+00:00,KXBTC15M-26SEP031700-00,81492.59,254.61,81466.05,-26.539999999993597,DOWN,0.65,0.6607502860237582,0.01075028602375816,0.0,0.0,0.0,0.0,0.0,0.0,0,False
2026-09-03T20:55:50.360506+00:00,KXBTC15M-26SEP031700-00,81492.59,249.64,81466.55,-26.039999999993597,DOWN,0.65,0.6607502860237582,0.01075028602375816,0.0,0.0,0.0,0.0,0.0,0.0,0,False
2026-09-03T20:55:55.359695+00:00,KXBTC15M-26SEP031700-00,81492.59,244.64,81466.56,-26.029999999998836,DOWN,0.65,0.6607502860237582,0.01075028602375816,0.0,0.0,0.0,0.0,0.0,0.0,0,False
2026-09-03T20:56:00.384095+00:00,KXBTC15M-26SEP031700-00,81492.59,239.62,81455.0,-37.58999999999651,DOWN,0.65,0.6607502860237582,0.01075028602375816,0.0,0.0,0.0,0.0,0.0,0.0,0,False
2026-09-03T20:56:05.360939+00:00,KXBTC15M-26SEP031700-00,81492.59,234.64,81455.05,-37.5399999999936,DOWN,0.65,0.6607502860237582,0.01075028602375816,0.0,0.0,0.0,0.0,0.0,0.0,0,False
2026-09-03T20:56:10.368330+00:00,KXBTC15M-26SEP031700-00,81492.59,229.63,81441.02,-51.56999999999243,DOWN,0.65,0.6607502860237582,0.01075028602375816,0.0,0.0,0.0,0.0,0.0,0.0,0,False
2026-09-03T20:56:15.394917+00:00,KXBTC15M-26SEP031700-00,81492.59,224.61,81435.01,-57.580000000001746,DOWN,0.65,0.6607502860237582,0.01075028602375816,0.0,0.0,0.0,0.0,0.0,0.0,0,False
2026-09-03T20:56:20.357001+00:00,KXBTC15M-26SEP031700-00,81492.59,219.64,81435.0,-57.58999999999651,DOWN,0.65,0.6607502860237582,0.01075028602375816,0.0,0.0,0.0,0.0,0.0,0.0,0,False
2026-09-03T20:56:25.356566+00:00,KXBTC15M-26SEP031700-00,81492.59,214.64,81435.01,-57.580000000001746,DOWN,0.65,0.6607502860237582,0.01075028602375816,0.0,0.0,0.0,0.0,0.0,0.0,0,False
2026-09-03T20:56:30.383564+00:00,KXBTC15M-26SEP031700-00,81492.59,209.62,81441.01,-51.580000000001746,DOWN,0.65,0.6607502860237582,0.01075028602375816,0.0,0.0,0.0,0.0,0.0,0.0,0,False
2026-09-03T20:56:35.359681+00:00,KXBTC15M-26SEP031700-00,81492.59,204.64,81512.98,20.389999999999418,DOWN,0.65,0.6607502860237582,0.01075028602375816,0.0,0.0,0.0,0.0,0.0,0.0,0,False
2026-09-03T20:56:40.358848+00:00,KXBTC15M-26SEP031700-00,81492.59,199.64,81503.64,11.05000000000291,DOWN,0.65,0.6607502860237582,0.01075028602375816,0.0,0.0,0.0,0.0,0.0,0.0,0,False
2026-09-03T20:56:45.381971+00:00,KXBTC15M-26SEP031700-00,81492.59,194.62,81487.43,-5.1600000000034925,DOWN,0.65,0.6607502860237582,0.01075028602375816,0.0,0.0,0.0,0.0,0.0,0.0,0,False
2026-09-03T20:56:50.358655+00:00,KXBTC15M-26SEP031700-00,81492.59,189.64,81499.34,6.75,DOWN,0.65,0.6607502860237582,0.01075028602375816,0.0,0.0,0.0,0.0,0.0,0.0,0,False
2026-09-03T20:56:55.359236+00:00,KXBTC15M-26SEP031700-00,81492.59,184.64,81500.38,7.790000000008149,DOWN,0.65,0.6607502860237582,0.01075028602375816,0.0,0.0,0.0,0.0,0.0,0.0,0,False
2026-09-03T20:57:00.383902+00:00,KXBTC15M-26SEP031700-00,81492.59,179.62,81506.04,13.44999999999709,DOWN,0.65,0.6607502860237582,0.01075028602375816,0.0,0.0,0.0,0.0,0.0,0.0,0,False
2026-09-03T20:57:05.358528+00:00,KXBTC15M-26SEP031700-00,81492.59,174.64,81497.94,5.350000000005821,DOWN,0.65,0.6607502860237582,0.01075028602375816,0.0,0.0,0.0,0.0,0.0,0.0,0,False
2026-09-03T20:57:10.357165+00:00,KXBTC15M-26SEP031700-00,81492.59,169.64,81495.4,2.8099999999976717,DOWN,0.65,0.6607502860237582,0.01075028602375816,0.0,0.0,0.0,0.0,0.0,0.0,0,False
2026-09-03T20:57:15.389727+00:00,KXBTC15M-26SEP031700-00,81492.59,164.61,81493.29,0.6999999999970896,DOWN,0.65,0.6607502860237582,0.01075028602375816,0.0,0.0,0.0,0.0,0.0,0.0,0,False
2026-09-03T20:57:20.358907+00:00,KXBTC15M-26SEP031700-00,81492.59,159.64,81493.3,0.7100000000064028,DOWN,0.65,0.6607502860237582,0.01075028602375816,0.0,0.0,0.0,0.0,0.0,0.0,0,False
2026-09-03T20:57:25.359675+00:00,KXBTC15M-26SEP031700-00,81492.59,154.64,81466.53,-26.05999999999767,DOWN,0.65,0.6607502860237582,0.01075028602375816,0.0,0.0,0.0,0.0,0.0,0.0,0,False
2026-09-03T20:57:30.363071+00:00,KXBTC15M-26SEP031700-00,81492.59,149.64,81464.57,-28.019999999989523,DOWN,0.65,0.6607502860237582,0.01075028602375816,0.0,0.0,0.0,0.0,0.0,0.0,0,False
2026-09-03T20:57:35.362790+00:00,KXBTC15M-26SEP031700-00,81492.59,144.64,81456.54,-36.05000000000291,DOWN,0.65,0.6607502860237582,0.01075028602375816,0.0,0.0,0.0,0.0,0.0,0.0,0,False
2026-09-03T20:57:40.362053+00:00,KXBTC15M-26SEP031700-00,81492.59,139.64,81451.56,-41.029999999998836,DOWN,0.65,0.6607502860237582,0.01075028602375816,0.0,0.0,0.0,0.0,0.0,0.0,0,False
2026-09-03T20:57:45.380740+00:00,KXBTC15M-26SEP031700-00,81492.59,134.62,81451.56,-41.029999999998836,DOWN,0.65,0.6607502860237582,0.01075028602375816,0.0,0.0,0.0,0.0,0.0,0.0,0,False
2026-09-03T20:57:50.359490+00:00,KXBTC15M-26SEP031700-00,81492.59,129.64,81451.59,-41.0,DOWN,0.65,0.6607502860237582,0.01075028602375816,0.0,0.0,0.0,0.0,0.0,0.0,0,False
2026-09-03T20:57:55.359243+00:00,KXBTC15M-26SEP031700-00,81492.59,124.64,81436.3,-56.2899999999936,DOWN,0.65,0.6607502860237582,0.01075028602375816,0.0,0.0,0.0,0.0,0.0,0.0,0,False
2026-09-03T20:58:00.381120+00:00,KXBTC15M-26SEP031700-00,81492.59,119.62,81445.82,-46.76999999998952,DOWN,0.65,0.6607502860237582,0.01075028602375816,0.0,0.0,0.0,0.0,0.0,0.0,0,False
2026-09-03T20:58:05.361028+00:00,KXBTC15M-26SEP031700-00,81492.59,114.64,81448.77,-43.81999999999243,DOWN,0.65,0.6607502860237582,0.01075028602375816,0.0,0.0,0.0,0.0,0.0,0.0,0,False
2026-09-03T20:58:10.360259+00:00,KXBTC15M-26SEP031700-00,81492.59,109.64,81448.76,-43.830000000001746,DOWN,0.65,0.6607502860237582,0.01075028602375816,0.0,0.0,0.0,0.0,0.0,0.0,0,False
2026-09-03T20:58:15.389810+00:00,KXBTC15M-26SEP031700-00,81492.59,104.61,81436.31,-56.279999999998836,DOWN,0.65,0.6607502860237582,0.01075028602375816,0.0,0.0,0.0,0.0,0.0,0.0,0,False
2026-09-03T20:58:20.434775+00:00,KXBTC15M-26SEP031700-00,81492.59,99.57,81425.01,-67.58000000000175,DOWN,0.65,0.6607502860237582,0.01075028602375816,0.0,0.0,0.0,0.0,0.0,0.0,0,False
2026-09-03T20:58:25.363676+00:00,KXBTC15M-26SEP031700-00,81492.59,94.64,81425.0,-67.58999999999651,DOWN,0.65,0.6607502860237582,0.01075028602375816,0.0,0.0,0.0,0.0,0.0,0.0,0,False
2026-09-03T20:58:30.428308+00:00,KXBTC15M-26SEP031700-00,81492.59,89.57,81430.24,-62.34999999999127,DOWN,0.65,0.6607502860237582,0.01075028602375816,0.0,0.0,0.0,0.0,0.0,0.0,0,False
2026-09-03T20:58:35.371707+00:00,KXBTC15M-26SEP031700-00,81492.59,84.63,81430.23,-62.36000000000058,DOWN,0.65,0.6607502860237582,0.01075028602375816,0.0,0.0,0.0,0.0,0.0,0.0,0,False
2026-09-03T20:58:40.380661+00:00,KXBTC15M-26SEP031700-00,81492.59,79.62,81441.46,-51.129999999990105,DOWN,0.65,0.6607502860237582,0.01075028602375816,0.0,0.0,0.0,0.0,0.0,0.0,0,False
2026-09-03T20:58:45.392119+00:00,KXBTC15M-26SEP031700-00,81492.59,74.61,81431.89,-60.69999999999709,DOWN,0.65,0.6607502860237582,0.01075028602375816,0.0,0.0,0.0,0.0,0.0,0.0,0,False
2026-09-03T20:58:50.362570+00:00,KXBTC15M-26SEP031700-00,81492.59,69.64,81431.95,-60.63999999999942,DOWN,0.65,0.6607502860237582,0.01075028602375816,0.0,0.0,0.0,0.0,0.0,0.0,0,False
2026-09-03T20:58:55.404922+00:00,KXBTC15M-26SEP031700-00,81492.59,64.6,81447.73,-44.86000000000058,DOWN,0.65,0.6607502860237582,0.01075028602375816,0.0,0.0,0.0,0.0,0.0,0.0,0,False
2026-09-03T20:59:00.389651+00:00,KXBTC15M-26SEP031700-00,81492.59,59.61,81443.33,-49.25999999999476,DOWN,0.65,0.6607502860237582,0.01075028602375816,0.0,0.0,0.0,0.0,0.0,0.0,0,False
2026-09-03T20:59:05.376231+00:00,KXBTC15M-26SEP031700-00,81492.59,54.62,81443.34,-49.25,DOWN,0.65,0.6607502860237582,0.01075028602375816,0.0,0.0,0.0,0.0,0.0,0.0,0,False
2026-09-03T20:59:10.375945+00:00,KXBTC15M-26SEP031700-00,81492.59,49.62,81448.78,-43.80999999999767,DOWN,0.65,0.6607502860237582,0.01075028602375816,0.0,0.0,0.0,0.0,0.0,0.0,0,False
2026-09-03T20:59:15.387905+00:00,KXBTC15M-26SEP031700-00,81492.59,44.61,81449.0,-43.58999999999651,DOWN,0.65,0.6607502860237582,0.01075028602375816,0.0,0.0,0.0,0.0,0.0,0.0,0,False
2026-09-03T20:59:20.363740+00:00,KXBTC15M-26SEP031700-00,81492.59,39.64,81448.02,-44.56999999999243,DOWN,0.65,0.6607502860237582,0.01075028602375816,0.0,0.0,0.0,0.0,0.0,0.0,0,False
2026-09-03T20:59:25.366515+00:00,KXBTC15M-26SEP031700-00,81492.59,34.63,81466.59,-26.0,DOWN,0.65,0.6607502860237582,0.01075028602375816,0.0,0.0,0.0,0.0,0.0,0.0,0,False
2026-09-03T20:59:30.388008+00:00,KXBTC15M-26SEP031700-00,81492.59,29.61,81466.58,-26.00999999999476,DOWN,0.65,0.6607502860237582,0.01075028602375816,0.0,0.0,0.0,0.0,0.0,0.0,0,False
2026-09-03T20:59:35.367577+00:00,KXBTC15M-26SEP031700-00,81492.59,24.63,81480.47,-12.119999999995343,DOWN,0.65,0.6607502860237582,0.01075028602375816,0.0,0.0,0.0,0.0,0.0,0.0,0,False
2026-09-03T20:59:40.367224+00:00,KXBTC15M-26SEP031700-00,81492.59,19.63,81479.13,-13.459999999991851,DOWN,0.65,0.6607502860237582,0.01075028602375816,0.0,0.0,0.0,0.0,0.0,0.0,0,False
2026-09-03T20:59:45.386553+00:00,KXBTC15M-26SEP031700-00,81492.59,14.61,81481.48,-11.110000000000582,DOWN,0.65,0.6607502860237582,0.01075028602375816,0.0,0.0,0.0,0.0,0.0,0.0,0,False
2026-09-03T20:59:50.364811+00:00,KXBTC15M-26SEP031700-00,81492.59,9.64,81478.73,-13.860000000000582,DOWN,0.65,0.6607502860237582,0.01075028602375816,0.0,0.0,0.0,0.0,0.0,0.0,0,False
2026-09-03T20:59:55.365122+00:00,KXBTC15M-26SEP031700-00,81492.59,4.63,81480.27,-12.319999999992433,DOWN,0.65,0.6607502860237582,0.01075028602375816,0.0,0.0,0.0,0.0,0.0,0.0,0,False
2026-09-03T21:00:15.600185+00:00,KXBTC15M-26SEP031715-15,81466.82,884.4,81487.2,20.379999999990105,DOWN,0.65,0.6607502860237582,0.01075028602375816,0.0,0.0,0.0,0.0,0.0,0.0,0,False
2026-09-03T21:00:20.575544+00:00,KXBTC15M-26SEP031715-15,81466.82,879.42,81480.66,13.839999999996508,DOWN,0.65,0.6607502860237582,0.01075028602375816,0.0,0.0,0.0,0.0,0.0,0.0,0,False
2026-09-03T21:00:25.599276+00:00,KXBTC15M-26SEP031715-15,81466.82,874.4,81472.52,5.69999999999709,DOWN,0.65,0.6607502860237582,0.01075028602375816,0.0,0.0,0.0,0.0,0.0,0.0,0,False
2026-09-03T21:00:30.606242+00:00,KXBTC15M-26SEP031715-15,81466.82,869.39,81468.8,1.9799999999959255,DOWN,0.65,0.6607502860237582,0.01075028602375816,0.0,0.0,0.0,0.0,0.0,0.0,0,False
2026-09-03T21:00:35.624024+00:00,KXBTC15M-26SEP031715-15,81466.82,864.38,81459.08,-7.740000000005239,DOWN,0.65,0.6607502860237582,0.01075028602375816,0.0,0.0,0.0,0.0,0.0,0.0,0,False
2026-09-03T21:00:40.576272+00:00,KXBTC15M-26SEP031715-15,81466.82,859.42,81461.52,-5.30000000000291,DOWN,0.65,0.6607502860237582,0.01075028602375816,0.0,0.0,0.0,0.0,0.0,0.0,0,False
2026-09-03T21:00:45.639185+00:00,KXBTC15M-26SEP031715-15,81466.82,854.36,81462.9,-3.9200000000128057,DOWN,0.65,0.6607502860237582,0.01075028602375816,0.0,0.0,0.0,0.0,0.0,0.0,0,False
2026-09-03T21:00:50.578976+00:00,KXBTC15M-26SEP031715-15,81466.82,849.42,81470.12,3.2999999999883585,DOWN,0.65,0.6607502860237582,0.01075028602375816,0.0,0.0,0.0,0.0,0.0,0.0,0,False
2026-09-03T21:00:55.575823+00:00,KXBTC15M-26SEP031715-15,81466.82,844.42,81470.48,3.6599999999889405,DOWN,0.65,0.6607502860237582,0.01075028602375816,0.0,0.0,0.0,0.0,0.0,0.0,0,False
2026-09-03T21:01:00.601045+00:00,KXBTC15M-26SEP031715-15,81466.82,839.4,81470.47,3.6499999999941792,DOWN,0.65,0.6607502860237582,0.01075028602375816,0.0,0.0,0.0,0.0,0.0,0.0,0,False
2026-09-03T21:01:05.584833+00:00,KXBTC15M-26SEP031715-15,81466.82,834.42,81468.85,2.029999999998836,DOWN,0.65,0.6607502860237582,0.01075028602375816,0.0,0.0,0.0,0.0,0.0,0.0,0,False
2026-09-03T21:01:10.575778+00:00,KXBTC15M-26SEP031715-15,81466.82,829.42,81445.0,-21.820000000006985,DOWN,0.65,0.6607502860237582,0.01075028602375816,0.0,0.0,0.0,0.0,0.0,0.0,0,False
2026-09-03T21:01:15.617329+00:00,KXBTC15M-26SEP031715-15,81466.82,824.38,81432.24,-34.580000000001746,DOWN,0.65,0.6607502860237582,0.01075028602375816,0.0,0.0,0.0,0.0,0.0,0.0,0,False
2026-09-03T21:01:20.577293+00:00,KXBTC15M-26SEP031715-15,81466.82,819.42,81448.28,-18.54000000000815,DOWN,0.65,0.6607502860237582,0.01075028602375816,0.0,0.0,0.0,0.0,0.0,0.0,0,False
2026-09-03T21:01:25.585464+00:00,KXBTC15M-26SEP031715-15,81466.82,814.41,81440.06,-26.760000000009313,DOWN,0.65,0.6607502860237582,0.01075028602375816,0.0,0.0,0.0,0.0,0.0,0.0,0,False
2026-09-03T21:01:30.605904+00:00,KXBTC15M-26SEP031715-15,81466.82,809.39,81432.25,-34.570000000006985,DOWN,0.65,0.6607502860237582,0.01075028602375816,0.0,0.0,0.0,0.0,0.0,0.0,0,False
2026-09-03T21:01:35.585307+00:00,KXBTC15M-26SEP031715-15,81466.82,804.41,81435.13,-31.69000000000233,DOWN,0.65,0.6607502860237582,0.01075028602375816,0.0,0.0,0.0,0.0,0.0,0.0,0,False
2026-09-03T21:01:40.580192+00:00,KXBTC15M-26SEP031715-15,81466.82,799.42,81435.13,-31.69000000000233,DOWN,0.65,0.6607502860237582,0.01075028602375816,0.0,0.0,0.0,0.0,0.0,0.0,0,False
2026-09-03T21:01:45.601427+00:00,KXBTC15M-26SEP031715-15,81466.82,794.4,81435.13,-31.69000000000233,DOWN,0.65,0.6607502860237582,0.01075028602375816,0.0,0.0,0.0,0.0,0.0,0.0,0,False
2026-09-03T21:01:50.579609+00:00,KXBTC15M-26SEP031715-15,81466.82,789.42,81435.13,-31.69000000000233,DOWN,0.65,0.6607502860237582,0.01075028602375816,0.0,0.0,0.0,0.0,0.0,0.0,0,False
2026-09-03T21:01:55.579520+00:00,KXBTC15M-26SEP031715-15,81466.82,784.42,81435.13,-31.69000000000233,DOWN,0.65,0.6607502860237582,0.01075028602375816,0.0,0.0,0.0,0.0,0.0,0.0,0,False
2026-09-03T21:02:00.614666+00:00,KXBTC15M-26SEP031715-15,81466.82,779.39,81451.93,-14.89000000001397,DOWN,0.65,0.6607502860237582,0.01075028602375816,0.0,0.0,0.0,0.0,0.0,0.0,0,False
2026-09-03T21:02:05.577848+00:00,KXBTC15M-26SEP031715-15,81466.82,774.42,81458.92,-7.900000000008731,DOWN,0.65,0.6607502860237582,0.01075028602375816,0.0,0.0,0.0,0.0,0.0,0.0,0,False
2026-09-03T21:02:10.581051+00:00,KXBTC15M-26SEP031715-15,81466.82,769.42,81457.61,-9.210000000006403,DOWN,0.65,0.6607502860237582,0.01075028602375816,0.0,0.0,0.0,0.0,0.0,0.0,0,False
2026-09-03T21:02:15.607630+00:00,KXBTC15M-26SEP031715-15,81466.82,764.39,81486.79,19.969999999986612,DOWN,0.65,0.6607502860237582,0.01075028602375816,0.0,0.0,0.0,0.0,0.0,0.0,0,False
2026-09-03T21:02:20.591818+00:00,KXBTC15M-26SEP031715-15,81466.82,759.41,81485.29,18.469999999986612,DOWN,0.65,0.6607502860237582,0.01075028602375816,0.0,0.0,0.0,0.0,0.0,0.0,0,False
2026-09-03T21:02:25.595516+00:00,KXBTC15M-26SEP031715-15,81466.82,754.4,81486.43,19.60999999998603,DOWN,0.65,0.6607502860237582,0.01075028602375816,0.0,0.0,0.0,0.0,0.0,0.0,0,False
2026-09-03T21:02:30.614171+00:00,KXBTC15M-26SEP031715-15,81466.82,749.39,81504.77,37.94999999999709,DOWN,0.65,0.6607502860237582,0.01075028602375816,0.0,0.0,0.0,0.0,0.0,0.0,0,False
2026-09-03T21:02:35.580551+00:00,KXBTC15M-26SEP031715-15,81466.82,744.42,81476.71,9.889999999999418,DOWN,0.65,0.6607502860237582,0.01075028602375816,0.0,0.0,0.0,0.0,0.0,0.0,0,False
2026-09-03T21:02:40.583981+00:00,KXBTC15M-26SEP031715-15,81466.82,739.42,81461.26,-5.560000000012224,DOWN,0.65,0.6607502860237582,0.01075028602375816,0.0,0.0,0.0,0.0,0.0,0.0,0,False
2026-09-03T21:02:45.604495+00:00,KXBTC15M-26SEP031715-15,81466.82,734.4,81461.26,-5.560000000012224,DOWN,0.65,0.6607502860237582,0.01075028602375816,0.0,0.0,0.0,0.0,0.0,0.0,0,False
2026-09-03T21:02:50.584913+00:00,KXBTC15M-26SEP031715-15,81466.82,729.42,81468.01,1.1899999999877764,DOWN,0.65,0.6607502860237582,0.01075028602375816,0.0,0.0,0.0,0.0,0.0,0.0,0,False
2026-09-03T21:02:55.580824+00:00,KXBTC15M-26SEP031715-15,81466.82,724.42,81460.95,-5.870000000009895,DOWN,0.65,0.6607502860237582,0.01075028602375816,0.0,0.0,0.0,0.0,0.0,0.0,0,False
2026-09-03T21:03:00.606325+00:00,KXBTC15M-26SEP031715-15,81466.82,719.39,81451.25,-15.570000000006985,DOWN,0.65,0.6607502860237582,0.01075028602375816,0.0,0.0,0.0,0.0,0.0,0.0,0,False
2026-09-03T21:03:05.582158+00:00,KXBTC15M-26SEP031715-15,81466.82,714.42,81435.0,-31.820000000006985,DOWN,0.65,0.6607502860237582,0.01075028602375816,0.0,0.0,0.0,0.0,0.0,0.0,0,False
2026-09-03T21:03:10.582293+00:00,KXBTC15M-26SEP031715-15,81466.82,709.42,81400.01,-66.81000000001222,DOWN,0.65,0.6607502860237582,0.01075028602375816,0.0,0.0,0.0,0.0,0.0,0.0,0,False
2026-09-03T21:03:15.587266+00:00,KXBTC15M-26SEP031715-15,81466.82,704.41,81403.68,-63.14000000001397,DOWN,0.65,0.6607502860237582,0.01075028602375816,0.0,0.0,0.0,0.0,0.0,0.0,0,False
2026-09-03T21:03:20.585708+00:00,KXBTC15M-26SEP031715-15,81466.82,699.41,81394.78,-72.04000000000815,DOWN,0.65,0.6607502860237582,0.01075028602375816,0.0,0.0,0.0,0.0,0.0,0.0,0,False
2026-09-03T21:03:25.651895+00:00,KXBTC15M-26SEP031715-15,81466.82,694.35,81392.0,-74.82000000000698,DOWN,0.65,0.6607502860237582,0.01075028602375816,0.0,0.0,0.0,0.0,0.0,0.0,0,False
2026-09-03T21:03:30.615160+00:00,KXBTC15M-26SEP031715-15,81466.82,689.38,81392.01,-74.81000000001222,DOWN,0.65,0.6607502860237582,0.01075028602375816,0.0,0.0,0.0,0.0,0.0,0.0,0,False
2026-09-03T21:03:35.590459+00:00,KXBTC15M-26SEP031715-15,81466.82,684.41,81392.01,-74.81000000001222,DOWN,0.65,0.6607502860237582,0.01075028602375816,0.0,0.0,0.0,0.0,0.0,0.0,0,False
2026-09-03T21:03:40.580737+00:00,KXBTC15M-26SEP031715-15,81466.82,679.42,81392.01,-74.81000000001222,DOWN,0.65,0.6607502860237582,0.01075028602375816,0.0,0.0,0.0,0.0,0.0,0.0,0,False
2026-09-03T21:03:45.587288+00:00,KXBTC15M-26SEP031715-15,81466.82,674.41,81404.09,-62.73000000001048,DOWN,0.65,0.6607502860237582,0.01075028602375816,0.0,0.0,0.0,0.0,0.0,0.0,0,False
2026-09-03T21:03:50.595387+00:00,KXBTC15M-26SEP031715-15,81466.82,669.4,81410.36,-56.4600000000064,DOWN,0.65,0.6607502860237582,0.01075028602375816,0.0,0.0,0.0,0.0,0.0,0.0,0,False
2026-09-03T21:03:55.587106+00:00,KXBTC15M-26SEP031715-15,81466.82,664.41,81396.54,-70.28000000001339,DOWN,0.65,0.6607502860237582,0.01075028602375816,0.0,0.0,0.0,0.0,0.0,0.0,0,False
2026-09-03T21:04:00.609284+00:00,KXBTC15M-26SEP031715-15,81466.82,659.39,81392.0,-74.82000000000698,DOWN,0.65,0.6607502860237582,0.01075028602375816,0.0,0.0,0.0,0.0,0.0,0.0,0,False
2026-09-03T21:04:05.580156+00:00,KXBTC15M-26SEP031715-15,81466.82,654.42,81390.78,-76.04000000000815,DOWN,0.65,0.6607502860237582,0.01075028602375816,0.0,0.0,0.0,0.0,0.0,0.0,0,False
2026-09-03T21:04:10.590541+00:00,KXBTC15M-26SEP031715-15,81466.82,649.41,81365.0,-101.82000000000698,DOWN,0.65,0.6607502860237582,0.01075028602375816,0.0,0.0,0.0,0.0,0.0,0.0,0,False
2026-09-03T21:04:15.644212+00:00,KXBTC15M-26SEP031715-15,81466.82,644.36,81356.88,-109.94000000000233,DOWN,0.65,0.6607502860237582,0.01075028602375816,0.0,0.0,0.0,0.0,0.0,0.0,0,False
2026-09-03T21:04:20.584067+00:00,KXBTC15M-26SEP031715-15,81466.82,639.42,81364.96,-101.86000000000058,DOWN,0.65,0.6607502860237582,0.01075028602375816,0.0,0.0,0.0,0.0,0.0,0.0,0,False
2026-09-03T21:04:25.579753+00:00,KXBTC15M-26SEP031715-15,81466.82,634.42,81360.54,-106.28000000001339,DOWN,0.65,0.6607502860237582,0.01075028602375816,0.0,0.0,0.0,0.0,0.0,0.0,0,False
2026-09-03T21:04:30.607956+00:00,KXBTC15M-26SEP031715-15,81466.82,629.39,81357.49,-109.33000000000175,DOWN,0.65,0.6607502860237582,0.01075028602375816,0.0,0.0,0.0,0.0,0.0,0.0,0,False
2026-09-03T21:04:35.585050+00:00,KXBTC15M-26SEP031715-15,81466.82,624.41,81357.5,-109.32000000000698,DOWN,0.65,0.6607502860237582,0.01075028602375816,0.0,0.0,0.0,0.0,0.0,0.0,0,False
2026-09-03T21:04:40.585051+00:00,KXBTC15M-26SEP031715-15,81466.82,619.41,81365.27,-101.55000000000291,DOWN,0.65,0.6607502860237582,0.01075028602375816,0.0,0.0,0.0,0.0,0.0,0.0,0,False
2026-09-03T21:04:45.624850+00:00,KXBTC15M-26SEP031715-15,81466.82,614.38,81367.22,-99.60000000000582,DOWN,0.65,0.6607502860237582,0.01075028602375816,0.0,0.0,0.0,0.0,0.0,0.0,0,False
2026-09-03T21:04:50.594631+00:00,KXBTC15M-26SEP031715-15,81466.82,609.41,81399.38,-67.44000000000233,DOWN,0.65,0.6607502860237582,0.01075028602375816,0.0,0.0,0.0,0.0,0.0,0.0,0,False
2026-09-03T21:04:55.583606+00:00,KXBTC15M-26SEP031715-15,81466.82,604.42,81385.0,-81.82000000000698,DOWN,0.65,0.6607502860237582,0.01075028602375816,0.0,0.0,0.0,0.0,0.0,0.0,0,False
2026-09-03T21:05:00.635684+00:00,KXBTC15M-26SEP031715-15,81466.82,599.36,81380.23,-86.59000000001106,DOWN,0.65,0.6607502860237582,0.01075028602375816,0.0,0.0,0.0,0.0,0.0,0.0,0,False
2026-09-03T21:05:05.584915+00:00,KXBTC15M-26SEP031715-15,81466.82,594.42,81385.85,-80.97000000000116,DOWN,0.65,0.6607502860237582,0.01075028602375816,0.0,0.0,0.0,0.0,0.0,0.0,0,False
2026-09-03T21:05:10.586057+00:00,KXBTC15M-26SEP031715-15,81466.82,589.41,81375.82,-91.0,DOWN,0.65,0.6607502860237582,0.01075028602375816,0.0,0.0,0.0,0.0,0.0,0.0,0,False
2026-09-03T21:05:15.614602+00:00,KXBTC15M-26SEP031715-15,81466.82,584.39,81385.18,-81.64000000001397,DOWN,0.65,0.6607502860237582,0.01075028602375816,0.0,0.0,0.0,0.0,0.0,0.0,0,False
2026-09-03T21:05:20.583836+00:00,KXBTC15M-26SEP031715-15,81466.82,579.42,81385.35,-81.47000000000116,DOWN,0.65,0.6607502860237582,0.01075028602375816,0.0,0.0,0.0,0.0,0.0,0.0,0,False
2026-09-03T21:05:25.595652+00:00,KXBTC15M-26SEP031715-15,81466.82,574.4,81385.35,-81.47000000000116,DOWN,0.65,0.6607502860237582,0.01075028602375816,0.0,0.0,0.0,0.0,0.0,0.0,0,False
2026-09-03T21:05:30.588418+00:00,KXBTC15M-26SEP031715-15,81466.82,569.41,81385.36,-81.4600000000064,DOWN,0.65,0.6607502860237582,0.01075028602375816,0.0,0.0,0.0,0.0,0.0,0.0,0,False
2026-09-03T21:05:35.589142+00:00,KXBTC15M-26SEP031715-15,81466.82,564.41,81385.36,-81.4600000000064,DOWN,0.65,0.6607502860237582,0.01075028602375816,0.0,0.0,0.0,0.0,0.0,0.0,0,False
2026-09-03T21:05:40.585689+00:00,KXBTC15M-26SEP031715-15,81466.82,559.41,81383.92,-82.90000000000873,DOWN,0.65,0.6607502860237582,0.01075028602375816,0.0,0.0,0.0,0.0,0.0,0.0,0,False
2026-09-03T21:05:45.624414+00:00,KXBTC15M-26SEP031715-15,81466.82,554.38,81384.46,-82.36000000000058,DOWN,0.65,0.6607502860237582,0.01075028602375816,0.0,0.0,0.0,0.0,0.0,0.0,0,False
2026-09-03T21:05:50.589601+00:00,KXBTC15M-26SEP031715-15,81466.82,549.41,81381.75,-85.07000000000698,DOWN,0.65,0.6607502860237582,0.01075028602375816,0.0,0.0,0.0,0.0,0.0,0.0,0,False
2026-09-03T21:05:55.586899+00:00,KXBTC15M-26SEP031715-15,81466.82,544.41,81381.76,-85.06000000001222,DOWN,0.65,0.6607502860237582,0.01075028602375816,0.0,0.0,0.0,0.0,0.0,0.0,0,False
2026-09-03T21:06:00.612643+00:00,KXBTC15M-26SEP031715-15,81466.82,539.39,81375.98,-90.84000000001106,DOWN,0.65,0.6607502860237582,0.01075028602375816,0.0,0.0,0.0,0.0,0.0,0.0,0,False
2026-09-03T21:06:05.590320+00:00,KXBTC15M-26SEP031715-15,81466.82,534.41,81375.75,-91.07000000000698,DOWN,0.65,0.6607502860237582,0.01075028602375816,0.0,0.0,0.0,0.0,0.0,0.0,0,False
2026-09-03T21:06:10.587964+00:00,KXBTC15M-26SEP031715-15,81466.82,529.41,81360.0,-106.82000000000698,DOWN,0.65,0.6607502860237582,0.01075028602375816,0.0,0.0,0.0,0.0,0.0,0.0,0,False
2026-09-03T21:06:15.593001+00:00,KXBTC15M-26SEP031715-15,81466.82,524.41,81356.54,-110.28000000001339,DOWN,0.65,0.6607502860237582,0.01075028602375816,0.0,0.0,0.0,0.0,0.0,0.0,0,False
2026-09-03T21:06:20.588982+00:00,KXBTC15M-26SEP031715-15,81466.82,519.41,81356.53,-110.29000000000815,DOWN,0.65,0.6607502860237582,0.01075028602375816,0.0,0.0,0.0,0.0,0.0,0.0,0,False
2026-09-03T21:06:25.585211+00:00,KXBTC15M-26SEP031715-15,81466.82,514.41,81326.63,-140.19000000000233,DOWN,0.65,0.6607502860237582,0.01075028602375816,0.0,0.0,0.0,0.0,0.0,0.0,0,False
2026-09-03T21:06:30.618726+00:00,KXBTC15M-26SEP031715-15,81466.82,509.38,81326.63,-140.19000000000233,DOWN,0.65,0.6607502860237582,0.01075028602375816,0.0,0.0,0.0,0.0,0.0,0.0,0,False
2026-09-03T21:06:35.655578+00:00,KXBTC15M-26SEP031715-15,81466.82,504.34,81326.63,-140.19000000000233,DOWN,0.65,0.6607502860237582,0.01075028602375816,0.0,0.0,0.0,0.0,0.0,0.0,0,False
2026-09-03T21:06:40.587044+00:00,KXBTC15M-26SEP031715-15,81466.82,499.41,81326.63,-140.19000000000233,DOWN,0.65,0.6607502860237582,0.01075028602375816,0.0,0.0,0.0,0.0,0.0,0.0,0,False
2026-09-03T21:06:45.616730+00:00,KXBTC15M-26SEP031715-15,81466.82,494.38,81326.63,-140.19000000000233,DOWN,0.65,0.6607502860237582,0.01075028602375816,0.0,0.0,0.0,0.0,0.0,0.0,0,False
2026-09-03T21:06:50.626333+00:00,KXBTC15M-26SEP031715-15,81466.82,489.37,81324.01,-142.81000000001222,DOWN,0.65,0.6607502860237582,0.01075028602375816,0.0,0.0,0.0,0.0,0.0,0.0,0,False
2026-09-03T21:06:55.597646+00:00,KXBTC15M-26SEP031715-15,81466.82,484.4,81314.98,-151.84000000001106,DOWN,0.65,0.6607502860237582,0.01075028602375816,0.0,0.0,0.0,0.0,0.0,0.0,0,False
2026-09-03T21:07:00.628529+00:00,KXBTC15M-26SEP031715-15,81466.82,479.37,81312.76,-154.06000000001222,DOWN,0.65,0.6607502860237582,0.01075028602375816,0.0,0.0,0.0,0.0,0.0,0.0,0,False
2026-09-03T21:07:05.590121+00:00,KXBTC15M-26SEP031715-15,81466.82,474.41,81316.24,-150.58000000000175,DOWN,0.65,0.6607502860237582,0.01075028602375816,0.0,0.0,0.0,0.0,0.0,0.0,0,False
2026-09-03T21:07:10.588817+00:00,KXBTC15M-26SEP031715-15,81466.82,469.41,81335.3,-131.52000000000407,DOWN,0.65,0.6607502860237582,0.01075028602375816,0.0,0.0,0.0,0.0,0.0,0.0,0,False
2026-09-03T21:07:15.674346+00:00,KXBTC15M-26SEP031715-15,81466.82,464.33,81346.52,-120.30000000000291,DOWN,0.65,0.6607502860237582,0.01075028602375816,0.0,0.0,0.0,0.0,0.0,0.0,0,False
2026-09-03T21:07:20.595821+00:00,KXBTC15M-26SEP031715-15,81466.82,459.4,81357.0,-109.82000000000698,DOWN,0.65,0.6607502860237582,0.01075028602375816,0.0,0.0,0.0,0.0,0.0,0.0,0,False
2026-09-03T21:07:25.597332+00:00,KXBTC15M-26SEP031715-15,81466.82,454.4,81375.76,-91.06000000001222,DOWN,0.65,0.6607502860237582,0.01075028602375816,0.0,0.0,0.0,0.0,0.0,0.0,0,False
2026-09-03T21:07:30.668517+00:00,KXBTC15M-26SEP031715-15,81466.82,449.33,81386.99,-79.83000000000175,DOWN,0.65,0.6607502860237582,0.01075028602375816,0.0,0.0,0.0,0.0,0.0,0.0,0,False
2026-09-03T21:07:35.596984+00:00,KXBTC15M-26SEP031715-15,81466.82,444.4,81386.99,-79.83000000000175,DOWN,0.65,0.6607502860237582,0.01075028602375816,0.0,0.0,0.0,0.0,0.0,0.0,0,False
2026-09-03T21:07:40.640329+00:00,KXBTC15M-26SEP031715-15,81466.82,439.36,81386.99,-79.83000000000175,DOWN,0.65,0.6607502860237582,0.01075028602375816,0.0,0.0,0.0,0.0,0.0,0.0,0,False
2026-09-03T21:07:45.617822+00:00,KXBTC15M-26SEP031715-15,81466.82,434.38,81398.98,-67.84000000001106,DOWN,0.65,0.6607502860237582,0.01075028602375816,0.0,0.0,0.0,0.0,0.0,0.0,0,False
2026-09-03T21:07:50.591931+00:00,KXBTC15M-26SEP031715-15,81466.82,429.41,81367.67,-99.15000000000873,DOWN,0.65,0.6607502860237582,0.01075028602375816,0.0,0.0,0.0,0.0,0.0,0.0,0,False
2026-09-03T21:07:55.602147+00:00,KXBTC15M-26SEP031715-15,81466.82,424.4,81367.85,-98.97000000000116,DOWN,0.65,0.6607502860237582,0.01075028602375816,0.0,0.0,0.0,0.0,0.0,0.0,0,False
2026-09-03T21:08:00.594668+00:00,KXBTC15M-26SEP031715-15,81466.82,419.41,81379.26,-87.56000000001222,DOWN,0.65,0.6607502860237582,0.01075028602375816,0.0,0.0,0.0,0.0,0.0,0.0,0,False
2026-09-03T21:08:05.594715+00:00,KXBTC15M-26SEP031715-15,81466.82,414.41,81373.07,-93.75,DOWN,0.65,0.6607502860237582,0.01075028602375816,0.0,0.0,0.0,0.0,0.0,0.0,0,False
2026-09-03T21:08:10.598359+00:00,KXBTC15M-26SEP031715-15,81466.82,409.4,81369.07,-97.75,DOWN,0.65,0.6607502860237582,0.01075028602375816,0.0,0.0,0.0,0.0,0.0,0.0,0,False
2026-09-03T21:08:15.616392+00:00,KXBTC15M-26SEP031715-15,81466.82,404.38,81369.07,-97.75,DOWN,0.65,0.6607502860237582,0.01075028602375816,0.0,0.0,0.0,0.0,0.0,0.0,0,False
2026-09-03T21:08:20.853703+00:00,KXBTC15M-26SEP031715-15,81466.82,399.15,81361.45,-105.3700000000099,DOWN,0.65,0.6607502860237582,0.01075028602375816,0.0,0.0,0.0,0.0,0.0,0.0,0,False
2026-09-03T21:08:25.593118+00:00,KXBTC15M-26SEP031715-15,81466.82,394.41,81366.66,-100.16000000000349,DOWN,0.65,0.6607502860237582,0.01075028602375816,0.0,0.0,0.0,0.0,0.0,0.0,0,False
2026-09-03T21:08:30.612934+00:00,KXBTC15M-26SEP031715-15,81466.82,389.39,81366.66,-100.16000000000349,DOWN,0.65,0.6607502860237582,0.01075028602375816,0.0,0.0,0.0,0.0,0.0,0.0,0,False
2026-09-03T21:08:35.592049+00:00,KXBTC15M-26SEP031715-15,81466.82,384.41,81335.3,-131.52000000000407,DOWN,0.65,0.6607502860237582,0.01075028602375816,0.0,0.0,0.0,0.0,0.0,0.0,0,False
2026-09-03T21:08:40.592271+00:00,KXBTC15M-26SEP031715-15,81466.82,379.41,81318.95,-147.8700000000099,DOWN,0.65,0.6607502860237582,0.01075028602375816,0.0,0.0,0.0,0.0,0.0,0.0,0,False
2026-09-03T21:08:45.678145+00:00,KXBTC15M-26SEP031715-15,81466.82,374.32,81320.02,-146.8000000000029,DOWN,0.65,0.6607502860237582,0.01075028602375816,0.0,0.0,0.0,0.0,0.0,0.0,0,False
2026-09-03T21:08:50.588977+00:00,KXBTC15M-26SEP031715-15,81466.82,369.41,81321.64,-145.18000000000757,DOWN,0.65,0.6607502860237582,0.01075028602375816,0.0,0.0,0.0,0.0,0.0,0.0,0,False
2026-09-03T21:08:55.586482+00:00,KXBTC15M-26SEP031715-15,81466.82,364.41,81322.19,-144.63000000000466,DOWN,0.65,0.6607502860237582,0.01075028602375816,0.0,0.0,0.0,0.0,0.0,0.0,0,False
2026-09-03T21:09:00.614148+00:00,KXBTC15M-26SEP031715-15,81466.82,359.39,81335.3,-131.52000000000407,DOWN,0.65,0.6607502860237582,0.01075028602375816,0.0,0.0,0.0,0.0,0.0,0.0,0,False
2026-09-03T21:09:05.588391+00:00,KXBTC15M-26SEP031715-15,81466.82,354.41,81335.3,-131.52000000000407,DOWN,0.65,0.6607502860237582,0.01075028602375816,0.0,0.0,0.0,0.0,0.0,0.0,0,False
2026-09-03T21:09:10.587528+00:00,KXBTC15M-26SEP031715-15,81466.82,349.41,81335.31,-131.5100000000093,DOWN,0.65,0.6607502860237582,0.01075028602375816,0.0,0.0,0.0,0.0,0.0,0.0,0,False
2026-09-03T21:09:15.610647+00:00,KXBTC15M-26SEP031715-15,81466.82,344.39,81368.42,-98.40000000000873,DOWN,0.65,0.6607502860237582,0.01075028602375816,0.0,0.0,0.0,0.0,0.0,0.0,0,False
2026-09-03T21:09:20.587963+00:00,KXBTC15M-26SEP031715-15,81466.82,339.41,81375.7,-91.1200000000099,DOWN,0.65,0.6607502860237582,0.01075028602375816,0.0,0.0,0.0,0.0,0.0,0.0,0,False
2026-09-03T21:09:25.619477+00:00,KXBTC15M-26SEP031715-15,81466.82,334.38,81389.73,-77.09000000001106,DOWN,0.65,0.6607502860237582,0.01075028602375816,0.0,0.0,0.0,0.0,0.0,0.0,0,False
2026-09-03T21:09:30.612634+00:00,KXBTC15M-26SEP031715-15,81466.82,329.39,81389.98,-76.84000000001106,DOWN,0.65,0.6607502860237582,0.01075028602375816,0.0,0.0,0.0,0.0,0.0,0.0,0,False
2026-09-03T21:09:35.593922+00:00,KXBTC15M-26SEP031715-15,81466.82,324.41,81400.48,-66.34000000001106,DOWN,0.65,0.6607502860237582,0.01075028602375816,0.0,0.0,0.0,0.0,0.0,0.0,0,False
2026-09-03T21:09:40.589571+00:00,KXBTC15M-26SEP031715-15,81466.82,319.41,81400.48,-66.34000000001106,DOWN,0.65,0.6607502860237582,0.01075028602375816,0.0,0.0,0.0,0.0,0.0,0.0,0,False
2026-09-03T21:09:45.614300+00:00,KXBTC15M-26SEP031715-15,81466.82,314.39,81406.29,-60.53000000001339,DOWN,0.65,0.6607502860237582,0.01075028602375816,0.0,0.0,0.0,0.0,0.0,0.0,0,False
2026-09-03T21:09:50.603964+00:00,KXBTC15M-26SEP031715-15,81466.82,309.4,81394.41,-72.41000000000349,DOWN,0.65,0.6607502860237582,0.01075028602375816,0.0,0.0,0.0,0.0,0.0,0.0,0,False
2026-09-03T21:09:55.592305+00:00,KXBTC15M-26SEP031715-15,81466.82,304.41,81398.47,-68.35000000000582,DOWN,0.65,0.6607502860237582,0.01075028602375816,0.0,0.0,0.0,0.0,0.0,0.0,0,False
2026-09-03T21:10:00.638496+00:00,KXBTC15M-26SEP031715-15,81466.82,299.36,81404.66,-62.16000000000349,DOWN,0.65,0.6607502860237582,0.01075028602375816,0.0,0.0,0.0,0.0,0.0,0.0,0,False
2026-09-03T21:10:05.592383+00:00,KXBTC15M-26SEP031715-15,81466.82,294.41,81443.26,-23.560000000012224,DOWN,0.65,0.6607502860237582,0.01075028602375816,0.0,0.0,0.0,0.0,0.0,0.0,0,False
2026-09-03T21:10:10.590279+00:00,KXBTC15M-26SEP031715-15,81466.82,289.41,81452.25,-14.570000000006985,DOWN,0.65,0.6607502860237582,0.01075028602375816,0.0,0.0,0.0,0.0,0.0,0.0,0,False
2026-09-03T21:10:15.612393+00:00,KXBTC15M-26SEP031715-15,81466.82,284.39,81446.11,-20.710000000006403,DOWN,0.65,0.6607502860237582,0.01075028602375816,0.0,0.0,0.0,0.0,0.0,0.0,0,False
2026-09-03T21:10:20.590891+00:00,KXBTC15M-26SEP031715-15,81466.82,279.41,81454.48,-12.34000000001106,DOWN,0.65,0.6607502860237582,0.01075028602375816,0.0,0.0,0.0,0.0,0.0,0.0,0,False
2026-09-03T21:10:25.589729+00:00,KXBTC15M-26SEP031715-15,81466.82,274.41,81461.24,-5.580000000001746,DOWN,0.65,0.6607502860237582,0.01075028602375816,0.0,0.0,0.0,0.0,0.0,0.0,0,False
2026-09-03T21:10:30.603633+00:00,KXBTC15M-26SEP031715-15,81466.82,269.4,81472.55,5.7299999999959255,DOWN,0.65,0.6607502860237582,0.01075028602375816,0.0,0.0,0.0,0.0,0.0,0.0,0,False
2026-09-03T21:10:35.663680+00:00,KXBTC15M-26SEP031715-15,81466.82,264.34,81482.98,16.15999999998894,DOWN,0.65,0.6607502860237582,0.01075028602375816,0.0,0.0,0.0,0.0,0.0,0.0,0,False
2026-09-03T21:10:40.659044+00:00,KXBTC15M-26SEP031715-15,81466.82,259.34,81471.06,4.239999999990687,DOWN,0.65,0.6607502860237582,0.01075028602375816,0.0,0.0,0.0,0.0,0.0,0.0,0,False
2026-09-03T21:10:45.617635+00:00,KXBTC15M-26SEP031715-15,81466.82,254.38,81504.01,37.189999999987776,DOWN,0.65,0.6607502860237582,0.01075028602375816,0.0,0.0,0.0,0.0,0.0,0.0,0,False
2026-09-03T21:10:50.626352+00:00,KXBTC15M-26SEP031715-15,81466.82,249.37,81504.98,38.15999999998894,DOWN,0.65,0.6607502860237582,0.01075028602375816,0.0,0.0,0.0,0.0,0.0,0.0,0,False
2026-09-03T21:10:55.597437+00:00,KXBTC15M-26SEP031715-15,81466.82,244.4,81506.23,39.40999999998894,DOWN,0.65,0.6607502860237582,0.01075028602375816,0.0,0.0,0.0,0.0,0.0,0.0,0,False
2026-09-03T21:11:00.624531+00:00,KXBTC15M-26SEP031715-15,81466.82,239.38,81524.98,58.15999999998894,DOWN,0.65,0.6607502860237582,0.01075028602375816,0.0,0.0,0.0,0.0,0.0,0.0,0,False
2026-09-03T21:11:05.617192+00:00,KXBTC15M-26SEP031715-15,81466.82,234.38,81523.48,56.65999999998894,DOWN,0.65,0.6607502860237582,0.01075028602375816,0.0,0.0,0.0,0.0,0.0,0.0,0,False
2026-09-03T21:11:10.612672+00:00,KXBTC15M-26SEP031715-15,81466.82,229.39,81496.91,30.089999999996508,DOWN,0.65,0.6607502860237582,0.01075028602375816,0.0,0.0,0.0,0.0,0.0,0.0,0,False
2026-09-03T21:11:15.617422+00:00,KXBTC15M-26SEP031715-15,81466.82,224.38,81461.23,-5.5900000000110595,DOWN,0.65,0.6607502860237582,0.01075028602375816,0.0,0.0,0.0,0.0,0.0,0.0,0,False
2026-09-03T21:11:20.596840+00:00,KXBTC15M-26SEP031715-15,81466.82,219.4,81461.23,-5.5900000000110595,DOWN,0.65,0.6607502860237582,0.01075028602375816,0.0,0.0,0.0,0.0,0.0,0.0,0,False
2026-09-03T21:11:25.602313+00:00,KXBTC15M-26SEP031715-15,81466.82,214.4,81461.23,-5.5900000000110595,DOWN,0.65,0.6607502860237582,0.01075028602375816,0.0,0.0,0.0,0.0,0.0,0.0,0,False
2026-09-03T21:11:30.631230+00:00,KXBTC15M-26SEP031715-15,81466.82,209.37,81456.49,-10.330000000001746,DOWN,0.65,0.6607502860237582,0.01075028602375816,0.0,0.0,0.0,0.0,0.0,0.0,0,False
2026-09-03T21:11:35.594078+00:00,KXBTC15M-26SEP031715-15,81466.82,204.41,81467.02,0.19999999999708962,DOWN,0.65,0.6607502860237582,0.01075028602375816,0.0,0.0,0.0,0.0,0.0,0.0,0,False
2026-09-03T21:11:40.594983+00:00,KXBTC15M-26SEP031715-15,81466.82,199.41,81468.34,1.5199999999895226,DOWN,0.65,0.6607502860237582,0.01075028602375816,0.0,0.0,0.0,0.0,0.0,0.0,0,False
2026-09-03T21:11:45.625818+00:00,KXBTC15M-26SEP031715-15,81466.82,194.37,81468.34,1.5199999999895226,DOWN,0.65,0.6607502860237582,0.01075028602375816,0.0,0.0,0.0,0.0,0.0,0.0,0,False
2026-09-03T21:11:50.594496+00:00,KXBTC15M-26SEP031715-15,81466.82,189.41,81471.61,4.789999999993597,DOWN,0.65,0.6607502860237582,0.01075028602375816,0.0,0.0,0.0,0.0,0.0,0.0,0,False
2026-09-03T21:11:55.595500+00:00,KXBTC15M-26SEP031715-15,81466.82,184.4,81486.79,19.969999999986612,DOWN,0.65,0.6607502860237582,0.01075028602375816,0.0,0.0,0.0,0.0,0.0,0.0,0,False
2026-09-03T21:12:00.632690+00:00,KXBTC15M-26SEP031715-15,81466.82,179.37,81491.28,24.45999999999185,DOWN,0.65,0.6607502860237582,0.01075028602375816,0.0,0.0,0.0,0.0,0.0,0.0,0,False
2026-09-03T21:12:05.597117+00:00,KXBTC15M-26SEP031715-15,81466.82,174.4,81517.08,50.25999999999476,DOWN,0.65,0.6607502860237582,0.01075028602375816,0.0,0.0,0.0,0.0,0.0,0.0,0,False
2026-09-03T21:12:10.593432+00:00,KXBTC15M-26SEP031715-15,81466.82,169.41,81545.98,79.15999999998894,DOWN,0.65,0.6607502860237582,0.01075028602375816,0.0,0.0,0.0,0.0,0.0,0.0,0,False
2026-09-03T21:12:15.614835+00:00,KXBTC15M-26SEP031715-15,81466.82,164.39,81551.71,84.88999999999942,DOWN,0.65,0.6607502860237582,0.01075028602375816,0.0,0.0,0.0,0.0,0.0,0.0,0,False
2026-09-03T21:12:20.600828+00:00,KXBTC15M-26SEP031715-15,81466.82,159.4,81545.71,78.88999999999942,DOWN,0.65,0.6607502860237582,0.01075028602375816,0.0,0.0,0.0,0.0,0.0,0.0,0,False
2026-09-03T21:12:25.597347+00:00,KXBTC15M-26SEP031715-15,81466.82,154.4,81562.65,95.8299999999872,DOWN,0.65,0.6607502860237582,0.01075028602375816,0.0,0.0,0.0,0.0,0.0,0.0,0,False
2026-09-03T21:12:30.636719+00:00,KXBTC15M-26SEP031715-15,81466.82,149.36,81566.76,99.93999999998778,DOWN,0.65,0.6607502860237582,0.01075028602375816,0.0,0.0,0.0,0.0,0.0,0.0,0,False
2026-09-03T21:12:35.598446+00:00,KXBTC15M-26SEP031715-15,81466.82,144.4,81548.02,81.19999999999709,DOWN,0.65,0.6607502860237582,0.01075028602375816,0.0,0.0,0.0,0.0,0.0,0.0,0,False
2026-09-03T21:12:40.599327+00:00,KXBTC15M-26SEP031715-15,81466.82,139.4,81554.46,87.63999999999942,DOWN,0.65,0.6607502860237582,0.01075028602375816,0.0,0.0,0.0,0.0,0.0,0.0,0,False
2026-09-03T21:12:45.614388+00:00,KXBTC15M-26SEP031715-15,81466.82,134.39,81540.0,73.17999999999302,DOWN,0.65,0.6607502860237582,0.01075028602375816,0.0,0.0,0.0,0.0,0.0,0.0,0,False
2026-09-03T21:12:50.596223+00:00,KXBTC15M-26SEP031715-15,81466.82,129.4,81542.74,75.91999999999825,DOWN,0.65,0.6607502860237582,0.01075028602375816,0.0,0.0,0.0,0.0,0.0,0.0,0,False
2026-09-03T21:12:55.603757+00:00,KXBTC15M-26SEP031715-15,81466.82,124.4,81547.44,80.61999999999534,DOWN,0.65,0.6607502860237582,0.01075028602375816,0.0,0.0,0.0,0.0,0.0,0.0,0,False
2026-09-03T21:13:00.601424+00:00,KXBTC15M-26SEP031715-15,81466.82,119.4,81560.3,93.47999999999593,DOWN,0.65,0.6607502860237582,0.01075028602375816,0.0,0.0,0.0,0.0,0.0,0.0,0,False
2026-09-03T21:13:05.599253+00:00,KXBTC15M-26SEP031715-15,81466.82,114.4,81561.91,95.08999999999651,DOWN,0.65,0.6607502860237582,0.01075028602375816,0.0,0.0,0.0,0.0,0.0,0.0,0,False
2026-09-03T21:13:10.597986+00:00,KXBTC15M-26SEP031715-15,81466.82,109.4,81580.05,113.22999999999593,DOWN,0.65,0.6607502860237582,0.01075028602375816,0.0,0.0,0.0,0.0,0.0,0.0,0,False
2026-09-03T21:13:15.615421+00:00,KXBTC15M-26SEP031715-15,81466.82,104.38,81625.99,159.16999999999825,DOWN,0.65,0.6607502860237582,0.01075028602375816,0.0,0.0,0.0,0.0,0.0,0.0,0,False
2026-09-03T21:13:20.643377+00:00,KXBTC15M-26SEP031715-15,81466.82,99.36,81610.36,143.5399999999936,DOWN,0.65,0.6607502860237582,0.01075028602375816,0.0,0.0,0.0,0.0,0.0,0.0,0,False
2026-09-03T21:13:25.601192+00:00,KXBTC15M-26SEP031715-15,81466.82,94.4,81616.56,149.7399999999907,DOWN,0.65,0.6607502860237582,0.01075028602375816,0.0,0.0,0.0,0.0,0.0,0.0,0,False
2026-09-03T21:13:30.622250+00:00,KXBTC15M-26SEP031715-15,81466.82,89.38,81617.3,150.47999999999593,DOWN,0.65,0.6607502860237582,0.01075028602375816,0.0,0.0,0.0,0.0,0.0,0.0,0,False
2026-09-03T21:13:35.594979+00:00,KXBTC15M-26SEP031715-15,81466.82,84.41,81606.53,139.70999999999185,DOWN,0.65,0.6607502860237582,0.01075028602375816,0.0,0.0,0.0,0.0,0.0,0.0,0,False
2026-09-03T21:13:40.598649+00:00,KXBTC15M-26SEP031715-15,81466.82,79.4,81614.91,148.0899999999965,DOWN,0.65,0.6607502860237582,0.01075028602375816,0.0,0.0,0.0,0.0,0.0,0.0,0,False
2026-09-03T21:13:45.619569+00:00,KXBTC15M-26SEP031715-15,81466.82,74.38,81607.48,140.65999999998894,DOWN,0.65,0.6607502860237582,0.01075028602375816,0.0,0.0,0.0,0.0,0.0,0.0,0,False
2026-09-03T21:13:50.600309+00:00,KXBTC15M-26SEP031715-15,81466.82,69.4,81611.98,145.15999999998894,DOWN,0.65,0.6607502860237582,0.01075028602375816,0.0,0.0,0.0,0.0,0.0,0.0,0,False
2026-09-03T21:13:55.600006+00:00,KXBTC15M-26SEP031715-15,81466.82,64.4,81584.66,117.83999999999651,DOWN,0.65,0.6607502860237582,0.01075028602375816,0.0,0.0,0.0,0.0,0.0,0.0,0,False
2026-09-03T21:14:00.639505+00:00,KXBTC15M-26SEP031715-15,81466.82,59.36,81602.99,136.16999999999825,DOWN,0.65,0.6607502860237582,0.01075028602375816,0.0,0.0,0.0,0.0,0.0,0.0,0,False
2026-09-03T21:14:05.598356+00:00,KXBTC15M-26SEP031715-15,81466.82,54.4,81605.39,138.56999999999243,DOWN,0.65,0.6607502860237582,0.01075028602375816,0.0,0.0,0.0,0.0,0.0,0.0,0,False
2026-09-03T21:14:10.604297+00:00,KXBTC15M-26SEP031715-15,81466.82,49.4,81584.66,117.83999999999651,DOWN,0.65,0.6607502860237582,0.01075028602375816,0.0,0.0,0.0,0.0,0.0,0.0,0,False
2026-09-03T21:14:15.630374+00:00,KXBTC15M-26SEP031715-15,81466.82,44.37,81596.09,129.26999999998952,DOWN,0.65,0.6607502860237582,0.01075028602375816,0.0,0.0,0.0,0.0,0.0,0.0,0,False
2026-09-03T21:14:20.604498+00:00,KXBTC15M-26SEP031715-15,81466.82,39.4,81585.68,118.85999999998603,DOWN,0.65,0.6607502860237582,0.01075028602375816,0.0,0.0,0.0,0.0,0.0,0.0,0,False
2026-09-03T21:14:25.597777+00:00,KXBTC15M-26SEP031715-15,81466.82,34.4,81585.94,119.11999999999534,DOWN,0.65,0.6607502860237582,0.01075028602375816,0.0,0.0,0.0,0.0,0.0,0.0,0,False
2026-09-03T21:14:30.618358+00:00,KXBTC15M-26SEP031715-15,81466.82,29.38,81606.73,139.90999999998894,DOWN,0.65,0.6607502860237582,0.01075028602375816,0.0,0.0,0.0,0.0,0.0,0.0,0,False
2026-09-03T21:14:35.594985+00:00,KXBTC15M-26SEP031715-15,81466.82,24.41,81640.48,173.65999999998894,DOWN,0.65,0.6607502860237582,0.01075028602375816,0.0,0.0,0.0,0.0,0.0,0.0,0,False
2026-09-03T21:14:40.605031+00:00,KXBTC15M-26SEP031715-15,81466.82,19.39,81635.29,168.4699999999866,DOWN,0.65,0.6607502860237582,0.01075028602375816,0.0,0.0,0.0,0.0,0.0,0.0,0,False
2026-09-03T21:14:45.606463+00:00,KXBTC15M-26SEP031715-15,81466.82,14.39,81639.77,172.9499999999971,DOWN,0.65,0.6607502860237582,0.01075028602375816,0.0,0.0,0.0,0.0,0.0,0.0,0,False
2026-09-03T21:14:50.666068+00:00,KXBTC15M-26SEP031715-15,81466.82,9.33,81630.46,163.63999999999942,DOWN,0.65,0.6607502860237582,0.01075028602375816,0.0,0.0,0.0,0.0,0.0,0.0,0,False
2026-09-03T21:14:55.642107+00:00,KXBTC15M-26SEP031715-15,81466.82,4.36,81634.31,167.4899999999907,DOWN,0.65,0.6607502860237582,0.01075028602375816,0.0,0.0,0.0,0.0,0.0,0.0,0,False
2026-09-03T21:15:15.830306+00:00,KXBTC15M-26SEP031730-30,81611.11,884.17,81580.8,-30.30999999999767,DOWN,0.65,0.6607502860237582,0.01075028602375816,0.0,0.0,0.0,0.0,0.0,0.0,0,False
2026-09-03T21:15:20.796363+00:00,KXBTC15M-26SEP031730-30,81611.11,879.2,81557.51,-53.60000000000582,DOWN,0.65,0.6607502860237582,0.01075028602375816,0.0,0.0,0.0,0.0,0.0,0.0,0,False
2026-09-03T21:15:25.790452+00:00,KXBTC15M-26SEP031730-30,81611.11,874.21,81557.5,-53.61000000000058,DOWN,0.65,0.6607502860237582,0.01075028602375816,0.0,0.0,0.0,0.0,0.0,0.0,0,False
2026-09-03T21:15:30.823305+00:00,KXBTC15M-26SEP031730-30,81611.11,869.18,81557.5,-53.61000000000058,DOWN,0.65,0.6607502860237582,0.01075028602375816,0.0,0.0,0.0,0.0,0.0,0.0,0,False
2026-09-03T21:15:35.794856+00:00,KXBTC15M-26SEP031730-30,81611.11,864.21,81557.51,-53.60000000000582,DOWN,0.65,0.6607502860237582,0.01075028602375816,0.0,0.0,0.0,0.0,0.0,0.0,0,False
2026-09-03T21:15:40.791385+00:00,KXBTC15M-26SEP031730-30,81611.11,859.21,81557.5,-53.61000000000058,DOWN,0.65,0.6607502860237582,0.01075028602375816,0.0,0.0,0.0,0.0,0.0,0.0,0,False
2026-09-03T21:15:45.796070+00:00,KXBTC15M-26SEP031730-30,81611.11,854.2,81559.53,-51.580000000001746,DOWN,0.65,0.6607502860237582,0.01075028602375816,0.0,0.0,0.0,0.0,0.0,0.0,0,False
2026-09-03T21:15:50.804473+00:00,KXBTC15M-26SEP031730-30,81611.11,849.2,81559.53,-51.580000000001746,DOWN,0.65,0.6607502860237582,0.01075028602375816,0.0,0.0,0.0,0.0,0.0,0.0,0,False
2026-09-03T21:15:55.790693+00:00,KXBTC15M-26SEP031730-30,81611.11,844.21,81559.53,-51.580000000001746,DOWN,0.65,0.6607502860237582,0.01075028602375816,0.0,0.0,0.0,0.0,0.0,0.0,0,False
2026-09-03T21:16:00.793990+00:00,KXBTC15M-26SEP031730-30,81611.11,839.21,81559.54,-51.570000000006985,DOWN,0.65,0.6607502860237582,0.01075028602375816,0.0,0.0,0.0,0.0,0.0,0.0,0,False
2026-09-03T21:16:05.792283+00:00,KXBTC15M-26SEP031730-30,81611.11,834.21,81559.53,-51.580000000001746,DOWN,0.65,0.6607502860237582,0.01075028602375816,0.0,0.0,0.0,0.0,0.0,0.0,0,False
2026-09-03T21:16:10.791510+00:00,KXBTC15M-26SEP031730-30,81611.11,829.21,81543.01,-68.10000000000582,DOWN,0.65,0.6607502860237582,0.01075028602375816,0.0,0.0,0.0,0.0,0.0,0.0,0,False
2026-09-03T21:16:15.793219+00:00,KXBTC15M-26SEP031730-30,81611.11,824.21,81537.77,-73.33999999999651,DOWN,0.65,0.6607502860237582,0.01075028602375816,0.0,0.0,0.0,0.0,0.0,0.0,0,False
2026-09-03T21:16:20.796744+00:00,KXBTC15M-26SEP031730-30,81611.11,819.2,81535.83,-75.27999999999884,DOWN,0.65,0.6607502860237582,0.01075028602375816,0.0,0.0,0.0,0.0,0.0,0.0,0,False
2026-09-03T21:16:25.790761+00:00,KXBTC15M-26SEP031730-30,81611.11,814.21,81571.4,-39.7100000000064,DOWN,0.65,0.6607502860237582,0.01075028602375816,0.0,0.0,0.0,0.0,0.0,0.0,0,False
2026-09-03T21:16:30.813565+00:00,KXBTC15M-26SEP031730-30,81611.11,809.19,81585.68,-25.430000000007567,DOWN,0.65,0.6607502860237582,0.01075028602375816,0.0,0.0,0.0,0.0,0.0,0.0,0,False
2026-09-03T21:16:35.797310+00:00,KXBTC15M-26SEP031730-30,81611.11,804.2,81592.06,-19.05000000000291,DOWN,0.65,0.6607502860237582,0.01075028602375816,0.0,0.0,0.0,0.0,0.0,0.0,0,False
2026-09-03T21:16:40.790212+00:00,KXBTC15M-26SEP031730-30,81611.11,799.21,81578.98,-32.13000000000466,DOWN,0.65,0.6607502860237582,0.01075028602375816,0.0,0.0,0.0,0.0,0.0,0.0,0,False
2026-09-03T21:16:45.795023+00:00,KXBTC15M-26SEP031730-30,81611.11,794.2,81580.81,-30.30000000000291,DOWN,0.65,0.6607502860237582,0.01075028602375816,0.0,0.0,0.0,0.0,0.0,0.0,0,False
2026-09-03T21:16:50.793093+00:00,KXBTC15M-26SEP031730-30,81611.11,789.21,81580.81,-30.30000000000291,DOWN,0.65,0.6607502860237582,0.01075028602375816,0.0,0.0,0.0,0.0,0.0,0.0,0,False
2026-09-03T21:16:55.788236+00:00,KXBTC15M-26SEP031730-30,81611.11,784.21,81568.27,-42.83999999999651,DOWN,0.65,0.6607502860237582,0.01075028602375816,0.0,0.0,0.0,0.0,0.0,0.0,0,False
2026-09-03T21:17:00.823026+00:00,KXBTC15M-26SEP031730-30,81611.11,779.18,81564.3,-46.80999999999767,DOWN,0.65,0.6607502860237582,0.01075028602375816,0.0,0.0,0.0,0.0,0.0,0.0,0,False
2026-09-03T21:17:05.796120+00:00,KXBTC15M-26SEP031730-30,81611.11,774.2,81573.27,-37.83999999999651,DOWN,0.65,0.6607502860237582,0.01075028602375816,0.0,0.0,0.0,0.0,0.0,0.0,0,False
2026-09-03T21:17:10.811864+00:00,KXBTC15M-26SEP031730-30,81611.11,769.19,81571.3,-39.80999999999767,DOWN,0.65,0.6607502860237582,0.01075028602375816,0.0,0.0,0.0,0.0,0.0,0.0,0,False
2026-09-03T21:17:15.823436+00:00,KXBTC15M-26SEP031730-30,81611.11,764.18,81567.6,-43.50999999999476,DOWN,0.65,0.6607502860237582,0.01075028602375816,0.0,0.0,0.0,0.0,0.0,0.0,0,False
2026-09-03T21:17:20.806737+00:00,KXBTC15M-26SEP031730-30,81611.11,759.19,81567.61,-43.5,DOWN,0.65,0.6607502860237582,0.01075028602375816,0.0,0.0,0.0,0.0,0.0,0.0,0,False
2026-09-03T21:17:25.789884+00:00,KXBTC15M-26SEP031730-30,81611.11,754.21,81614.99,3.8800000000046566,DOWN,0.65,0.6607502860237582,0.01075028602375816,0.0,0.0,0.0,0.0,0.0,0.0,0,False
2026-09-03T21:17:30.793306+00:00,KXBTC15M-26SEP031730-30,81611.11,749.21,81618.06,6.94999999999709,DOWN,0.65,0.6607502860237582,0.01075028602375816,0.0,0.0,0.0,0.0,0.0,0.0,0,False
2026-09-03T21:17:35.791679+00:00,KXBTC15M-26SEP031730-30,81611.11,744.21,81601.86,-9.25,DOWN,0.65,0.6607502860237582,0.01075028602375816,0.0,0.0,0.0,0.0,0.0,0.0,0,False
2026-09-03T21:17:40.804455+00:00,KXBTC15M-26SEP031730-30,81611.11,739.2,81622.28,11.169999999998254,DOWN,0.65,0.6607502860237582,0.01075028602375816,0.0,0.0,0.0,0.0,0.0,0.0,0,False
2026-09-03T21:17:45.811188+00:00,KXBTC15M-26SEP031730-30,81611.11,734.19,81624.73,13.619999999995343,DOWN,0.65,0.6607502860237582,0.01075028602375816,0.0,0.0,0.0,0.0,0.0,0.0,0,False
2026-09-03T21:17:50.790445+00:00,KXBTC15M-26SEP031730-30,81611.11,729.21,81670.0,58.88999999999942,DOWN,0.65,0.6607502860237582,0.01075028602375816,0.0,0.0,0.0,0.0,0.0,0.0,0,False
2026-09-03T21:17:55.790035+00:00,KXBTC15M-26SEP031730-30,81611.11,724.21,81651.24,40.13000000000466,DOWN,0.65,0.6607502860237582,0.01075028602375816,0.0,0.0,0.0,0.0,0.0,0.0,0,False
2026-09-03T21:18:00.817556+00:00,KXBTC15M-26SEP031730-30,81611.11,719.18,81640.47,29.360000000000582,DOWN,0.65,0.6607502860237582,0.01075028602375816,0.0,0.0,0.0,0.0,0.0,0.0,0,False
2026-09-03T21:18:05.789559+00:00,KXBTC15M-26SEP031730-30,81611.11,714.21,81630.59,19.479999999995925,DOWN,0.65,0.6607502860237582,0.01075028602375816,0.0,0.0,0.0,0.0,0.0,0.0,0,False
2026-09-03T21:18:10.799226+00:00,KXBTC15M-26SEP031730-30,81611.11,709.2,81625.77,14.660000000003492,DOWN,0.65,0.6607502860237582,0.01075028602375816,0.0,0.0,0.0,0.0,0.0,0.0,0,False
2026-09-03T21:18:15.829009+00:00,KXBTC15M-26SEP031730-30,81611.11,704.17,81613.04,1.929999999993015,DOWN,0.65,0.6607502860237582,0.01075028602375816,0.0,0.0,0.0,0.0,0.0,0.0,0,False
2026-09-03T21:18:20.796773+00:00,KXBTC15M-26SEP031730-30,81611.11,699.2,81616.56,5.44999999999709,DOWN,0.65,0.6607502860237582,0.01075028602375816,0.0,0.0,0.0,0.0,0.0,0.0,0,False
2026-09-03T21:18:25.793024+00:00,KXBTC15M-26SEP031730-30,81611.11,694.21,81616.57,5.460000000006403,DOWN,0.65,0.6607502860237582,0.01075028602375816,0.0,0.0,0.0,0.0,0.0,0.0,0,False
2026-09-03T21:18:30.814841+00:00,KXBTC15M-26SEP031730-30,81611.11,689.19,81630.55,19.44000000000233,DOWN,0.65,0.6607502860237582,0.01075028602375816,0.0,0.0,0.0,0.0,0.0,0.0,0,False
2026-09-03T21:18:35.790374+00:00,KXBTC15M-26SEP031730-30,81611.11,684.21,81625.68,14.569999999992433,DOWN,0.65,0.6607502860237582,0.01075028602375816,0.0,0.0,0.0,0.0,0.0,0.0,0,False
2026-09-03T21:18:40.797665+00:00,KXBTC15M-26SEP031730-30,81611.11,679.2,81600.0,-11.110000000000582,DOWN,0.65,0.6607502860237582,0.01075028602375816,0.0,0.0,0.0,0.0,0.0,0.0,0,False
2026-09-03T21:18:45.842209+00:00,KXBTC15M-26SEP031730-30,81611.11,674.16,81598.5,-12.610000000000582,DOWN,0.65,0.6607502860237582,0.01075028602375816,0.0,0.0,0.0,0.0,0.0,0.0,0,False
2026-09-03T21:18:50.792827+00:00,KXBTC15M-26SEP031730-30,81611.11,669.21,81580.0,-31.110000000000582,DOWN,0.65,0.6607502860237582,0.01075028602375816,0.0,0.0,0.0,0.0,0.0,0.0,0,False
2026-09-03T21:18:55.792630+00:00,KXBTC15M-26SEP031730-30,81611.11,664.21,81571.89,-39.220000000001164,DOWN,0.65,0.6607502860237582,0.01075028602375816,0.0,0.0,0.0,0.0,0.0,0.0,0,False
2026-09-03T21:19:00.812477+00:00,KXBTC15M-26SEP031730-30,81611.11,659.19,81571.9,-39.2100000000064,DOWN,0.65,0.6607502860237582,0.01075028602375816,0.0,0.0,0.0,0.0,0.0,0.0,0,False
2026-09-03T21:19:05.791286+00:00,KXBTC15M-26SEP031730-30,81611.11,654.21,81581.08,-30.029999999998836,DOWN,0.65,0.6607502860237582,0.01075028602375816,0.0,0.0,0.0,0.0,0.0,0.0,0,False
2026-09-03T21:19:10.792693+00:00,KXBTC15M-26SEP031730-30,81611.11,649.21,81564.65,-46.4600000000064,DOWN,0.65,0.6607502860237582,0.01075028602375816,0.0,0.0,0.0,0.0,0.0,0.0,0,False
2026-09-03T21:19:15.796519+00:00,KXBTC15M-26SEP031730-30,81611.11,644.2,81561.25,-49.86000000000058,DOWN,0.65,0.6607502860237582,0.01075028602375816,0.0,0.0,0.0,0.0,0.0,0.0,0,False
2026-09-03T21:19:20.801485+00:00,KXBTC15M-26SEP031730-30,81611.11,639.2,81560.92,-50.19000000000233,DOWN,0.65,0.6607502860237582,0.01075028602375816,0.0,0.0,0.0,0.0,0.0,0.0,0,False
2026-09-03T21:19:25.795010+00:00,KXBTC15M-26SEP031730-30,81611.11,634.2,81555.99,-55.11999999999534,DOWN,0.65,0.6607502860237582,0.01075028602375816,0.0,0.0,0.0,0.0,0.0,0.0,0,False
2026-09-03T21:19:30.816113+00:00,KXBTC15M-26SEP031730-30,81611.11,629.18,81556.81,-54.30000000000291,DOWN,0.65,0.6607502860237582,0.01075028602375816,0.0,0.0,0.0,0.0,0.0,0.0,0,False
2026-09-03T21:19:35.794317+00:00,KXBTC15M-26SEP031730-30,81611.11,624.21,81557.95,-53.16000000000349,DOWN,0.65,0.6607502860237582,0.01075028602375816,0.0,0.0,0.0,0.0,0.0,0.0,0,False
2026-09-03T21:19:40.807959+00:00,KXBTC15M-26SEP031730-30,81611.11,619.19,81573.95,-37.16000000000349,DOWN,0.65,0.6607502860237582,0.01075028602375816,0.0,0.0,0.0,0.0,0.0,0.0,0,False
2026-09-03T21:19:45.817823+00:00,KXBTC15M-26SEP031730-30,81611.11,614.18,81581.38,-29.729999999995925,DOWN,0.65,0.6607502860237582,0.01075028602375816,0.0,0.0,0.0,0.0,0.0,0.0,0,False
2026-09-03T21:19:50.799304+00:00,KXBTC15M-26SEP031730-30,81611.11,609.2,81581.38,-29.729999999995925,DOWN,0.65,0.6607502860237582,0.01075028602375816,0.0,0.0,0.0,0.0,0.0,0.0,0,False
2026-09-03T21:19:55.795827+00:00,KXBTC15M-26SEP031730-30,81611.11,604.2,81578.53,-32.580000000001746,DOWN,0.65,0.6607502860237582,0.01075028602375816,0.0,0.0,0.0,0.0,0.0,0.0,0,False
2026-09-03T21:20:00.797411+00:00,KXBTC15M-26SEP031730-30,81611.11,599.2,81584.47,-26.639999999999418,DOWN,0.65,0.6607502860237582,0.01075028602375816,0.0,0.0,0.0,0.0,0.0,0.0,0,False
2026-09-03T21:20:05.805897+00:00,KXBTC15M-26SEP031730-30,81611.11,594.19,81577.53,-33.580000000001746,DOWN,0.65,0.6607502860237582,0.01075028602375816,0.0,0.0,0.0,0.0,0.0,0.0,0,False
2026-09-03T21:20:10.799152+00:00,KXBTC15M-26SEP031730-30,81611.11,589.2,81577.54,-33.570000000006985,DOWN,0.65,0.6607502860237582,0.01075028602375816,0.0,0.0,0.0,0.0,0.0,0.0,0,False
2026-09-03T21:20:15.826564+00:00,KXBTC15M-26SEP031730-30,81611.11,584.17,81583.14,-27.970000000001164,DOWN,0.65,0.6607502860237582,0.01075028602375816,0.0,0.0,0.0,0.0,0.0,0.0,0,False
2026-09-03T21:20:20.800832+00:00,KXBTC15M-26SEP031730-30,81611.11,579.2,81583.14,-27.970000000001164,DOWN,0.65,0.6607502860237582,0.01075028602375816,0.0,0.0,0.0,0.0,0.0,0.0,0,False
2026-09-03T21:20:25.795851+00:00,KXBTC15M-26SEP031730-30,81611.11,574.2,81590.62,-20.49000000000524,DOWN,0.65,0.6607502860237582,0.01075028602375816,0.0,0.0,0.0,0.0,0.0,0.0,0,False
2026-09-03T21:20:30.824023+00:00,KXBTC15M-26SEP031730-30,81611.11,569.18,81606.0,-5.110000000000582,DOWN,0.65,0.6607502860237582,0.01075028602375816,0.0,0.0,0.0,0.0,0.0,0.0,0,False
2026-09-03T21:20:35.795721+00:00,KXBTC15M-26SEP031730-30,81611.11,564.2,81635.99,24.880000000004657,DOWN,0.65,0.6607502860237582,0.01075028602375816,0.0,0.0,0.0,0.0,0.0,0.0,0,False
2026-09-03T21:20:40.797936+00:00,KXBTC15M-26SEP031730-30,81611.11,559.2,81638.1,26.99000000000524,DOWN,0.65,0.6607502860237582,0.01075028602375816,0.0,0.0,0.0,0.0,0.0,0.0,0,False
2026-09-03T21:20:45.819713+00:00,KXBTC15M-26SEP031730-30,81611.11,554.18,81638.1,26.99000000000524,DOWN,0.65,0.6607502860237582,0.01075028602375816,0.0,0.0,0.0,0.0,0.0,0.0,0,False
2026-09-03T21:20:50.797837+00:00,KXBTC15M-26SEP031730-30,81611.11,549.2,81632.73,21.619999999995343,DOWN,0.65,0.6607502860237582,0.01075028602375816,0.0,0.0,0.0,0.0,0.0,0.0,0,False
2026-09-03T21:20:55.795498+00:00,KXBTC15M-26SEP031730-30,81611.11,544.2,81632.72,21.610000000000582,DOWN,0.65,0.6607502860237582,0.01075028602375816,0.0,0.0,0.0,0.0,0.0,0.0,0,False
2026-09-03T21:21:00.820557+00:00,KXBTC15M-26SEP031730-30,81611.11,539.18,81620.56,9.44999999999709,DOWN,0.65,0.6607502860237582,0.01075028602375816,0.0,0.0,0.0,0.0,0.0,0.0,0,False
2026-09-03T21:21:05.796116+00:00,KXBTC15M-26SEP031730-30,81611.11,534.2,81638.11,27.0,DOWN,0.65,0.6607502860237582,0.01075028602375816,0.0,0.0,0.0,0.0,0.0,0.0,0,False
2026-09-03T21:21:10.811524+00:00,KXBTC15M-26SEP031730-30,81611.11,529.19,81648.39,37.279999999998836,DOWN,0.65,0.6607502860237582,0.01075028602375816,0.0,0.0,0.0,0.0,0.0,0.0,0,False
2026-09-03T21:21:15.821988+00:00,KXBTC15M-26SEP031730-30,81611.11,524.18,81648.4,37.2899999999936,DOWN,0.65,0.6607502860237582,0.01075028602375816,0.0,0.0,0.0,0.0,0.0,0.0,0,False
2026-09-03T21:21:20.796022+00:00,KXBTC15M-26SEP031730-30,81611.11,519.2,81648.39,37.279999999998836,DOWN,0.65,0.6607502860237582,0.01075028602375816,0.0,0.0,0.0,0.0,0.0,0.0,0,False
2026-09-03T21:21:25.797488+00:00,KXBTC15M-26SEP031730-30,81611.11,514.2,81634.1,22.99000000000524,DOWN,0.65,0.6607502860237582,0.01075028602375816,0.0,0.0,0.0,0.0,0.0,0.0,0,False
2026-09-03T21:21:30.832217+00:00,KXBTC15M-26SEP031730-30,81611.11,509.17,81597.91,-13.19999999999709,DOWN,0.65,0.6607502860237582,0.01075028602375816,0.0,0.0,0.0,0.0,0.0,0.0,0,False
2026-09-03T21:21:35.796446+00:00,KXBTC15M-26SEP031730-30,81611.11,504.2,81595.42,-15.690000000002328,DOWN,0.65,0.6607502860237582,0.01075028602375816,0.0,0.0,0.0,0.0,0.0,0.0,0,False
2026-09-03T21:21:40.797929+00:00,KXBTC15M-26SEP031730-30,81611.11,499.2,81595.42,-15.690000000002328,DOWN,0.65,0.6607502860237582,0.01075028602375816,0.0,0.0,0.0,0.0,0.0,0.0,0,False
2026-09-03T21:21:45.821564+00:00,KXBTC15M-26SEP031730-30,81611.11,494.18,81595.42,-15.690000000002328,DOWN,0.65,0.6607502860237582,0.01075028602375816,0.0,0.0,0.0,0.0,0.0,0.0,0,False
2026-09-03T21:21:50.801071+00:00,KXBTC15M-26SEP031730-30,81611.11,489.2,81595.42,-15.690000000002328,DOWN,0.65,0.6607502860237582,0.01075028602375816,0.0,0.0,0.0,0.0,0.0,0.0,0,False
2026-09-03T21:21:55.798878+00:00,KXBTC15M-26SEP031730-30,81611.11,484.2,81608.01,-3.1000000000058208,DOWN,0.65,0.6607502860237582,0.01075028602375816,0.0,0.0,0.0,0.0,0.0,0.0,0,False
2026-09-03T21:22:00.817790+00:00,KXBTC15M-26SEP031730-30,81611.11,479.18,81598.24,-12.869999999995343,DOWN,0.65,0.6607502860237582,0.01075028602375816,0.0,0.0,0.0,0.0,0.0,0.0,0,False
2026-09-03T21:22:05.799544+00:00,KXBTC15M-26SEP031730-30,81611.11,474.2,81617.52,6.4100000000034925,DOWN,0.65,0.6607502860237582,0.01075028602375816,0.0,0.0,0.0,0.0,0.0,0.0,0,False
2026-09-03T21:22:10.798855+00:00,KXBTC15M-26SEP031730-30,81611.11,469.2,81623.98,12.869999999995343,DOWN,0.65,0.6607502860237582,0.01075028602375816,0.0,0.0,0.0,0.0,0.0,0.0,0,False
2026-09-03T21:22:15.816717+00:00,KXBTC15M-26SEP031730-30,81611.11,464.18,81623.97,12.860000000000582,DOWN,0.65,0.6607502860237582,0.01075028602375816,0.0,0.0,0.0,0.0,0.0,0.0,0,False
2026-09-03T21:22:20.796944+00:00,KXBTC15M-26SEP031730-30,81611.11,459.2,81627.52,16.410000000003492,DOWN,0.65,0.6607502860237582,0.01075028602375816,0.0,0.0,0.0,0.0,0.0,0.0,0,False
2026-09-03T21:22:25.803017+00:00,KXBTC15M-26SEP031730-30,81611.11,454.2,81627.5,16.389999999999418,DOWN,0.65,0.6607502860237582,0.01075028602375816,0.0,0.0,0.0,0.0,0.0,0.0,0,False
2026-09-03T21:22:30.825322+00:00,KXBTC15M-26SEP031730-30,81611.11,449.17,81623.54,12.429999999993015,DOWN,0.65,0.6607502860237582,0.01075028602375816,0.0,0.0,0.0,0.0,0.0,0.0,0,False
2026-09-03T21:22:35.801776+00:00,KXBTC15M-26SEP031730-30,81611.11,444.2,81615.09,3.9799999999959255,DOWN,0.65,0.6607502860237582,0.01075028602375816,0.0,0.0,0.0,0.0,0.0,0.0,0,False
2026-09-03T21:22:40.801162+00:00,KXBTC15M-26SEP031730-30,81611.11,439.2,81615.08,3.970000000001164,DOWN,0.65,0.6607502860237582,0.01075028602375816,0.0,0.0,0.0,0.0,0.0,0.0,0,False
2026-09-03T21:22:45.821703+00:00,KXBTC15M-26SEP031730-30,81611.11,434.18,81615.03,3.9199999999982538,DOWN,0.65,0.6607502860237582,0.01075028602375816,0.0,0.0,0.0,0.0,0.0,0.0,0,False
2026-09-03T21:22:50.802160+00:00,KXBTC15M-26SEP031730-30,81611.11,429.2,81609.56,-1.5500000000029104,DOWN,0.65,0.6607502860237582,0.01075028602375816,0.0,0.0,0.0,0.0,0.0,0.0,0,False
2026-09-03T21:22:55.841627+00:00,KXBTC15M-26SEP031730-30,81611.11,424.16,81578.76,-32.35000000000582,DOWN,0.65,0.6607502860237582,0.01075028602375816,0.0,0.0,0.0,0.0,0.0,0.0,0,False
2026-09-03T21:23:00.808273+00:00,KXBTC15M-26SEP031730-30,81611.11,419.19,81573.77,-37.33999999999651,DOWN,0.65,0.6607502860237582,0.01075028602375816,0.0,0.0,0.0,0.0,0.0,0.0,0,False
2026-09-03T21:23:05.805205+00:00,KXBTC15M-26SEP031730-30,81611.11,414.19,81563.13,-47.979999999995925,DOWN,0.65,0.6607502860237582,0.01075028602375816,0.0,0.0,0.0,0.0,0.0,0.0,0,False
2026-09-03T21:23:10.851106+00:00,KXBTC15M-26SEP031730-30,81611.11,409.15,81559.04,-52.070000000006985,DOWN,0.65,0.6607502860237582,0.01075028602375816,0.0,0.0,0.0,0.0,0.0,0.0,0,False
2026-09-03T21:23:15.822096+00:00,KXBTC15M-26SEP031730-30,81611.11,404.18,81545.64,-65.47000000000116,DOWN,0.65,0.6607502860237582,0.01075028602375816,0.0,0.0,0.0,0.0,0.0,0.0,0,False
2026-09-03T21:23:20.801746+00:00,KXBTC15M-26SEP031730-30,81611.11,399.2,81550.01,-61.10000000000582,DOWN,0.65,0.6607502860237582,0.01075028602375816,0.0,0.0,0.0,0.0,0.0,0.0,0,False
2026-09-03T21:23:25.825515+00:00,KXBTC15M-26SEP031730-30,81611.11,394.17,81550.05,-61.05999999999767,DOWN,0.65,0.6607502860237582,0.01075028602375816,0.0,0.0,0.0,0.0,0.0,0.0,0,False
2026-09-03T21:23:30.823947+00:00,KXBTC15M-26SEP031730-30,81611.11,389.18,81542.26,-68.85000000000582,DOWN,0.65,0.6607502860237582,0.01075028602375816,0.0,0.0,0.0,0.0,0.0,0.0,0,False
2026-09-03T21:23:35.813738+00:00,KXBTC15M-26SEP031730-30,81611.11,384.19,81542.48,-68.63000000000466,DOWN,0.65,0.6607502860237582,0.01075028602375816,0.0,0.0,0.0,0.0,0.0,0.0,0,False
2026-09-03T21:23:40.797684+00:00,KXBTC15M-26SEP031730-30,81611.11,379.2,81543.74,-67.36999999999534,DOWN,0.65,0.6607502860237582,0.01075028602375816,0.0,0.0,0.0,0.0,0.0,0.0,0,False
2026-09-03T21:23:45.892681+00:00,KXBTC15M-26SEP031730-30,81611.11,374.11,81534.36,-76.75,DOWN,0.65,0.6607502860237582,0.01075028602375816,0.0,0.0,0.0,0.0,0.0,0.0,0,False
2026-09-03T21:23:50.798671+00:00,KXBTC15M-26SEP031730-30,81611.11,369.2,81539.79,-71.32000000000698,DOWN,0.65,0.6607502860237582,0.01075028602375816,0.0,0.0,0.0,0.0,0.0,0.0,0,False
2026-09-03T21:23:55.801482+00:00,KXBTC15M-26SEP031730-30,81611.11,364.2,81529.13,-81.97999999999593,DOWN,0.65,0.6607502860237582,0.01075028602375816,0.0,0.0,0.0,0.0,0.0,0.0,0,False
2026-09-03T21:24:00.818022+00:00,KXBTC15M-26SEP031730-30,81611.11,359.18,81521.72,-89.38999999999942,DOWN,0.65,0.6607502860237582,0.01075028602375816,0.0,0.0,0.0,0.0,0.0,0.0,0,False
2026-09-03T21:24:05.806531+00:00,KXBTC15M-26SEP031730-30,81611.11,354.19,81524.61,-86.5,DOWN,0.65,0.6607502860237582,0.01075028602375816,0.0,0.0,0.0,0.0,0.0,0.0,0,False
2026-09-03T21:24:10.824731+00:00,KXBTC15M-26SEP031730-30,81611.11,349.18,81531.93,-79.18000000000757,DOWN,0.65,0.6607502860237582,0.01075028602375816,0.0,0.0,0.0,0.0,0.0,0.0,0,False
2026-09-03T21:24:15.808957+00:00,KXBTC15M-26SEP031730-30,81611.11,344.19,81531.93,-79.18000000000757,DOWN,0.65,0.6607502860237582,0.01075028602375816,0.0,0.0,0.0,0.0,0.0,0.0,0,False
2026-09-03T21:24:20.803182+00:00,KXBTC15M-26SEP031730-30,81611.11,339.2,81531.84,-79.27000000000407,DOWN,0.65,0.6607502860237582,0.01075028602375816,0.0,0.0,0.0,0.0,0.0,0.0,0,False
2026-09-03T21:24:25.801577+00:00,KXBTC15M-26SEP031730-30,81611.11,334.2,81545.52,-65.58999999999651,DOWN,0.65,0.6607502860237582,0.01075028602375816,0.0,0.0,0.0,0.0,0.0,0.0,0,False
2026-09-03T21:24:30.860396+00:00,KXBTC15M-26SEP031730-30,81611.11,329.14,81561.49,-49.61999999999534,DOWN,0.65,0.6607502860237582,0.01075028602375816,0.0,0.0,0.0,0.0,0.0,0.0,0,False
2026-09-03T21:24:35.801937+00:00,KXBTC15M-26SEP031730-30,81611.11,324.2,81556.02,-55.08999999999651,DOWN,0.65,0.6607502860237582,0.01075028602375816,0.0,0.0,0.0,0.0,0.0,0.0,0,False
2026-09-03T21:24:40.803509+00:00,KXBTC15M-26SEP031730-30,81611.11,319.2,81557.47,-53.63999999999942,DOWN,0.65,0.6607502860237582,0.01075028602375816,0.0,0.0,0.0,0.0,0.0,0.0,0,False
2026-09-03T21:24:45.822860+00:00,KXBTC15M-26SEP031730-30,81611.11,314.18,81541.68,-69.43000000000757,DOWN,0.65,0.6607502860237582,0.01075028602375816,0.0,0.0,0.0,0.0,0.0,0.0,0,False
2026-09-03T21:24:50.805042+00:00,KXBTC15M-26SEP031730-30,81611.11,309.19,81543.82,-67.2899999999936,DOWN,0.65,0.6607502860237582,0.01075028602375816,0.0,0.0,0.0,0.0,0.0,0.0,0,False
2026-09-03T21:24:55.805053+00:00,KXBTC15M-26SEP031730-30,81611.11,304.19,81543.93,-67.18000000000757,DOWN,0.65,0.6607502860237582,0.01075028602375816,0.0,0.0,0.0,0.0,0.0,0.0,0,False
2026-09-03T21:25:00.826863+00:00,KXBTC15M-26SEP031730-30,81611.11,299.17,81543.93,-67.18000000000757,DOWN,0.65,0.6607502860237582,0.01075028602375816,0.0,0.0,0.0,0.0,0.0,0.0,0,False
2026-09-03T21:25:05.802461+00:00,KXBTC15M-26SEP031730-30,81611.11,294.2,81549.03,-62.080000000001746,DOWN,0.65,0.6607502860237582,0.01075028602375816,0.0,0.0,0.0,0.0,0.0,0.0,0,False
2026-09-03T21:25:10.802084+00:00,KXBTC15M-26SEP031730-30,81611.11,289.2,81567.58,-43.529999999998836,DOWN,0.65,0.6607502860237582,0.01075028602375816,0.0,0.0,0.0,0.0,0.0,0.0,0,False
2026-09-03T21:25:15.818851+00:00,KXBTC15M-26SEP031730-30,81611.11,284.18,81528.81,-82.30000000000291,DOWN,0.65,0.6607502860237582,0.01075028602375816,0.0,0.0,0.0,0.0,0.0,0.0,0,False
2026-09-03T21:25:20.806744+00:00,KXBTC15M-26SEP031730-30,81611.11,279.19,81541.96,-69.14999999999418,DOWN,0.65,0.6607502860237582,0.01075028602375816,0.0,0.0,0.0,0.0,0.0,0.0,0,False
2026-09-03T21:25:25.823012+00:00,KXBTC15M-26SEP031730-30,81611.11,274.18,81541.98,-69.13000000000466,DOWN,0.65,0.6607502860237582,0.01075028602375816,0.0,0.0,0.0,0.0,0.0,0.0,0,False
2026-09-03T21:25:30.829846+00:00,KXBTC15M-26SEP031730-30,81611.11,269.17,81548.98,-62.13000000000466,DOWN,0.65,0.6607502860237582,0.01075028602375816,0.0,0.0,0.0,0.0,0.0,0.0,0,False
2026-09-03T21:25:35.809153+00:00,KXBTC15M-26SEP031730-30,81611.11,264.19,81553.11,-58.0,DOWN,0.65,0.6607502860237582,0.01075028602375816,0.0,0.0,0.0,0.0,0.0,0.0,0,False
2026-09-03T21:25:40.803712+00:00,KXBTC15M-26SEP031730-30,81611.11,259.2,81557.29,-53.820000000006985,DOWN,0.65,0.6607502860237582,0.01075028602375816,0.0,0.0,0.0,0.0,0.0,0.0,0,False
2026-09-03T21:25:45.826032+00:00,KXBTC15M-26SEP031730-30,81611.11,254.17,81557.63,-53.479999999995925,DOWN,0.65,0.6607502860237582,0.01075028602375816,0.0,0.0,0.0,0.0,0.0,0.0,0,False
2026-09-03T21:25:50.802110+00:00,KXBTC15M-26SEP031730-30,81611.11,249.2,81566.99,-44.11999999999534,DOWN,0.65,0.6607502860237582,0.01075028602375816,0.0,0.0,0.0,0.0,0.0,0.0,0,False
2026-09-03T21:25:55.802699+00:00,KXBTC15M-26SEP031730-30,81611.11,244.2,81558.39,-52.720000000001164,DOWN,0.65,0.6607502860237582,0.01075028602375816,0.0,0.0,0.0,0.0,0.0,0.0,0,False
2026-09-03T21:26:00.833330+00:00,KXBTC15M-26SEP031730-30,81611.11,239.17,81550.69,-60.419999999998254,DOWN,0.65,0.6607502860237582,0.01075028602375816,0.0,0.0,0.0,0.0,0.0,0.0,0,False
2026-09-03T21:26:05.802705+00:00,KXBTC15M-26SEP031730-30,81611.11,234.2,81547.41,-63.69999999999709,DOWN,0.65,0.6607502860237582,0.01075028602375816,0.0,0.0,0.0,0.0,0.0,0.0,0,False
2026-09-03T21:26:10.803260+00:00,KXBTC15M-26SEP031730-30,81611.11,229.2,81543.97,-67.13999999999942,DOWN,0.65,0.6607502860237582,0.01075028602375816,0.0,0.0,0.0,0.0,0.0,0.0,0,False
2026-09-03T21:26:15.808572+00:00,KXBTC15M-26SEP031730-30,81611.11,224.19,81546.68,-64.43000000000757,DOWN,0.65,0.6607502860237582,0.01075028602375816,0.0,0.0,0.0,0.0,0.0,0.0,0,False
2026-09-03T21:26:20.824562+00:00,KXBTC15M-26SEP031730-30,81611.11,219.18,81546.85,-64.25999999999476,DOWN,0.65,0.6607502860237582,0.01075028602375816,0.0,0.0,0.0,0.0,0.0,0.0,0,False
2026-09-03T21:26:25.803894+00:00,KXBTC15M-26SEP031730-30,81611.11,214.2,81546.85,-64.25999999999476,DOWN,0.65,0.6607502860237582,0.01075028602375816,0.0,0.0,0.0,0.0,0.0,0.0,0,False
2026-09-03T21:26:30.834832+00:00,KXBTC15M-26SEP031730-30,81611.11,209.17,81546.85,-64.25999999999476,DOWN,0.65,0.6607502860237582,0.01075028602375816,0.0,0.0,0.0,0.0,0.0,0.0,0,False
2026-09-03T21:26:35.807787+00:00,KXBTC15M-26SEP031730-30,81611.11,204.19,81546.86,-64.25,DOWN,0.65,0.6607502860237582,0.01075028602375816,0.0,0.0,0.0,0.0,0.0,0.0,0,False
2026-09-03T21:26:40.804336+00:00,KXBTC15M-26SEP031730-30,81611.11,199.2,81571.32,-39.7899999999936,DOWN,0.65,0.6607502860237582,0.01075028602375816,0.0,0.0,0.0,0.0,0.0,0.0,0,False
2026-09-03T21:26:45.834704+00:00,KXBTC15M-26SEP031730-30,81611.11,194.17,81571.31,-39.80000000000291,DOWN,0.65,0.6607502860237582,0.01075028602375816,0.0,0.0,0.0,0.0,0.0,0.0,0,False
2026-09-03T21:26:50.817025+00:00,KXBTC15M-26SEP031730-30,81611.11,189.18,81571.31,-39.80000000000291,DOWN,0.65,0.6607502860237582,0.01075028602375816,0.0,0.0,0.0,0.0,0.0,0.0,0,False
2026-09-03T21:26:55.844823+00:00,KXBTC15M-26SEP031730-30,81611.11,184.16,81571.31,-39.80000000000291,DOWN,0.65,0.6607502860237582,0.01075028602375816,0.0,0.0,0.0,0.0,0.0,0.0,0,False
2026-09-03T21:27:00.886198+00:00,KXBTC15M-26SEP031730-30,81611.11,179.11,81614.24,3.1300000000046566,DOWN,0.65,0.6607502860237582,0.01075028602375816,0.0,0.0,0.0,0.0,0.0,0.0,0,False
2026-09-03T21:27:05.875042+00:00,KXBTC15M-26SEP031730-30,81611.11,174.12,81619.0,7.889999999999418,DOWN,0.65,0.6607502860237582,0.01075028602375816,0.0,0.0,0.0,0.0,0.0,0.0,0,False
2026-09-03T21:27:10.812266+00:00,KXBTC15M-26SEP031730-30,81611.11,169.19,81620.24,9.130000000004657,DOWN,0.65,0.6607502860237582,0.01075028602375816,0.0,0.0,0.0,0.0,0.0,0.0,0,False
2026-09-03T21:27:15.828016+00:00,KXBTC15M-26SEP031730-30,81611.11,164.17,81602.21,-8.89999999999418,DOWN,0.65,0.6607502860237582,0.01075028602375816,0.0,0.0,0.0,0.0,0.0,0.0,0,False
2026-09-03T21:27:20.832769+00:00,KXBTC15M-26SEP031730-30,81611.11,159.17,81597.91,-13.19999999999709,DOWN,0.65,0.6607502860237582,0.01075028602375816,0.0,0.0,0.0,0.0,0.0,0.0,0,False
2026-09-03T21:27:25.807710+00:00,KXBTC15M-26SEP031730-30,81611.11,154.19,81604.77,-6.3399999999965075,DOWN,0.65,0.6607502860237582,0.01075028602375816,0.0,0.0,0.0,0.0,0.0,0.0,0,False
2026-09-03T21:27:30.827029+00:00,KXBTC15M-26SEP031730-30,81611.11,149.17,81604.77,-6.3399999999965075,DOWN,0.65,0.6607502860237582,0.01075028602375816,0.0,0.0,0.0,0.0,0.0,0.0,0,False
2026-09-03T21:27:35.807927+00:00,KXBTC15M-26SEP031730-30,81611.11,144.19,81592.54,-18.570000000006985,DOWN,0.65,0.6607502860237582,0.01075028602375816,0.0,0.0,0.0,0.0,0.0,0.0,0,False
2026-09-03T21:27:40.813637+00:00,KXBTC15M-26SEP031730-30,81611.11,139.19,81600.79,-10.320000000006985,DOWN,0.65,0.6607502860237582,0.01075028602375816,0.0,0.0,0.0,0.0,0.0,0.0,0,False
2026-09-03T21:27:45.855971+00:00,KXBTC15M-26SEP031730-30,81611.11,134.14,81589.56,-21.55000000000291,DOWN,0.65,0.6607502860237582,0.01075028602375816,0.0,0.0,0.0,0.0,0.0,0.0,0,False
2026-09-03T21:27:50.803973+00:00,KXBTC15M-26SEP031730-30,81611.11,129.2,81589.56,-21.55000000000291,DOWN,0.65,0.6607502860237582,0.01075028602375816,0.0,0.0,0.0,0.0,0.0,0.0,0,False
2026-09-03T21:27:55.804863+00:00,KXBTC15M-26SEP031730-30,81611.11,124.2,81589.56,-21.55000000000291,DOWN,0.65,0.6607502860237582,0.01075028602375816,0.0,0.0,0.0,0.0,0.0,0.0,0,False
2026-09-03T21:28:00.827187+00:00,KXBTC15M-26SEP031730-30,81611.11,119.17,81582.98,-28.130000000004657,DOWN,0.65,0.6607502860237582,0.01075028602375816,0.0,0.0,0.0,0.0,0.0,0.0,0,False
2026-09-03T21:28:05.806450+00:00,KXBTC15M-26SEP031730-30,81611.11,114.19,81588.17,-22.94000000000233,DOWN,0.65,0.6607502860237582,0.01075028602375816,0.0,0.0,0.0,0.0,0.0,0.0,0,False
2026-09-03T21:28:10.804848+00:00,KXBTC15M-26SEP031730-30,81611.11,109.2,81588.99,-22.119999999995343,DOWN,0.65,0.6607502860237582,0.01075028602375816,0.0,0.0,0.0,0.0,0.0,0.0,0,False
2026-09-03T21:28:15.840116+00:00,KXBTC15M-26SEP031730-30,81611.11,104.16,81589.97,-21.139999999999418,DOWN,0.65,0.6607502860237582,0.01075028602375816,0.0,0.0,0.0,0.0,0.0,0.0,0,False
2026-09-03T21:28:20.812817+00:00,KXBTC15M-26SEP031730-30,81611.11,99.19,81614.22,3.110000000000582,DOWN,0.65,0.6607502860237582,0.01075028602375816,0.0,0.0,0.0,0.0,0.0,0.0,0,False
2026-09-03T21:28:25.804875+00:00,KXBTC15M-26SEP031730-30,81611.11,94.2,81611.0,-0.11000000000058208,DOWN,0.65,0.6607502860237582,0.01075028602375816,0.0,0.0,0.0,0.0,0.0,0.0,0,False
2026-09-03T21:28:30.814703+00:00,KXBTC15M-26SEP031730-30,81611.11,89.19,81618.98,7.869999999995343,DOWN,0.65,0.6607502860237582,0.01075028602375816,0.0,0.0,0.0,0.0,0.0,0.0,0,False
2026-09-03T21:28:35.813818+00:00,KXBTC15M-26SEP031730-30,81611.11,84.19,81633.98,22.869999999995343,DOWN,0.65,0.6607502860237582,0.01075028602375816,0.0,0.0,0.0,0.0,0.0,0.0,0,False
2026-09-03T21:28:40.805690+00:00,KXBTC15M-26SEP031730-30,81611.11,79.19,81644.18,33.06999999999243,DOWN,0.65,0.6607502860237582,0.01075028602375816,0.0,0.0,0.0,0.0,0.0,0.0,0,False
2026-09-03T21:28:45.833881+00:00,KXBTC15M-26SEP031730-30,81611.11,74.17,81638.76,27.64999999999418,DOWN,0.65,0.6607502860237582,0.01075028602375816,0.0,0.0,0.0,0.0,0.0,0.0,0,False
2026-09-03T21:28:50.806259+00:00,KXBTC15M-26SEP031730-30,81611.11,69.19,81631.7,20.589999999996508,DOWN,0.65,0.6607502860237582,0.01075028602375816,0.0,0.0,0.0,0.0,0.0,0.0,0,False
2026-09-03T21:28:55.806891+00:00,KXBTC15M-26SEP031730-30,81611.11,64.19,81626.57,15.460000000006403,DOWN,0.65,0.6607502860237582,0.01075028602375816,0.0,0.0,0.0,0.0,0.0,0.0,0,False
2026-09-03T21:29:00.835839+00:00,KXBTC15M-26SEP031730-30,81611.11,59.16,81632.06,20.94999999999709,DOWN,0.65,0.6607502860237582,0.01075028602375816,0.0,0.0,0.0,0.0,0.0,0.0,0,False
2026-09-03T21:29:05.829923+00:00,KXBTC15M-26SEP031730-30,81611.11,54.17,81635.6,24.49000000000524,DOWN,0.65,0.6607502860237582,0.01075028602375816,0.0,0.0,0.0,0.0,0.0,0.0,0,False
2026-09-03T21:29:10.809117+00:00,KXBTC15M-26SEP031730-30,81611.11,49.19,81681.6,70.49000000000524,DOWN,0.65,0.6607502860237582,0.01075028602375816,0.0,0.0,0.0,0.0,0.0,0.0,0,False
2026-09-03T21:29:15.828875+00:00,KXBTC15M-26SEP031730-30,81611.11,44.17,81700.0,88.88999999999942,DOWN,0.65,0.6607502860237582,0.01075028602375816,0.0,0.0,0.0,0.0,0.0,0.0,0,False
2026-09-03T21:29:20.819261+00:00,KXBTC15M-26SEP031730-30,81611.11,39.18,81739.45,128.3399999999965,DOWN,0.65,0.6607502860237582,0.01075028602375816,0.0,0.0,0.0,0.0,0.0,0.0,0,False
2026-09-03T21:29:25.811359+00:00,KXBTC15M-26SEP031730-30,81611.11,34.19,81723.95,112.83999999999651,DOWN,0.65,0.6607502860237582,0.01075028602375816,0.0,0.0,0.0,0.0,0.0,0.0,0,False
2026-09-03T21:29:30.828790+00:00,KXBTC15M-26SEP031730-30,81611.11,29.17,81714.88,103.77000000000407,DOWN,0.65,0.6607502860237582,0.01075028602375816,0.0,0.0,0.0,0.0,0.0,0.0,0,False
2026-09-03T21:29:35.816979+00:00,KXBTC15M-26SEP031730-30,81611.11,24.18,81761.99,150.88000000000466,DOWN,0.65,0.6607502860237582,0.01075028602375816,0.0,0.0,0.0,0.0,0.0,0.0,0,False
2026-09-03T21:29:40.809479+00:00,KXBTC15M-26SEP031730-30,81611.11,19.19,81795.01,183.89999999999418,DOWN,0.65,0.6607502860237582,0.01075028602375816,0.0,0.0,0.0,0.0,0.0,0.0,0,False
2026-09-03T21:29:45.835911+00:00,KXBTC15M-26SEP031730-30,81611.11,14.16,81771.23,160.11999999999534,DOWN,0.65,0.6607502860237582,0.01075028602375816,0.0,0.0,0.0,0.0,0.0,0.0,0,False
2026-09-03T21:29:50.809571+00:00,KXBTC15M-26SEP031730-30,81611.11,9.19,81744.63,133.52000000000407,DOWN,0.65,0.6607502860237582,0.01075028602375816,0.0,0.0,0.0,0.0,0.0,0.0,0,False
2026-09-03T21:29:55.821552+00:00,KXBTC15M-26SEP031730-30,81611.11,4.18,81741.36,130.25,DOWN,0.65,0.6607502860237582,0.01075028602375816,0.0,0.0,0.0,0.0,0.0,0.0,0,False
2026-09-03T21:30:46.380216+00:00,KXBTC15M-26SEP031745-45,81720.69,853.62,81947.0,226.30999999999767,DOWN,0.65,0.6607502860237582,0.01075028602375816,0.0,0.0,0.0,0.0,0.0,0.0,0,False
2026-09-03T21:30:51.357458+00:00,KXBTC15M-26SEP031745-45,81720.69,848.64,81951.27,230.58000000000175,DOWN,0.65,0.6607502860237582,0.01075028602375816,0.0,0.0,0.0,0.0,0.0,0.0,0,False
2026-09-03T21:30:56.362491+00:00,KXBTC15M-26SEP031745-45,81720.69,843.64,81964.69,244.0,DOWN,0.65,0.6607502860237582,0.01075028602375816,0.0,0.0,0.0,0.0,0.0,0.0,0,False
2026-09-03T21:31:01.385722+00:00,KXBTC15M-26SEP031745-45,81720.69,838.61,81958.29,237.59999999999127,DOWN,0.65,0.6607502860237582,0.01075028602375816,0.0,0.0,0.0,0.0,0.0,0.0,0,False
2026-09-03T21:31:06.369167+00:00,KXBTC15M-26SEP031745-45,81720.69,833.63,81931.19,210.5,DOWN,0.65,0.6607502860237582,0.01075028602375816,0.0,0.0,0.0,0.0,0.0,0.0,0,False
2026-09-03T21:31:11.381062+00:00,KXBTC15M-26SEP031745-45,81720.69,828.62,81957.07,236.38000000000466,DOWN,0.65,0.6607502860237582,0.01075028602375816,0.0,0.0,0.0,0.0,0.0,0.0,0,False
2026-09-03T21:31:16.416554+00:00,KXBTC15M-26SEP031745-45,81720.69,823.58,81911.01,190.31999999999243,DOWN,0.65,0.6607502860237582,0.01075028602375816,0.0,0.0,0.0,0.0,0.0,0.0,0,False
2026-09-03T21:31:21.356599+00:00,KXBTC15M-26SEP031745-45,81720.69,818.64,81890.35,169.6600000000035,DOWN,0.65,0.6607502860237582,0.01075028602375816,0.0,0.0,0.0,0.0,0.0,0.0,0,False
2026-09-03T21:31:26.353045+00:00,KXBTC15M-26SEP031745-45,81720.69,813.65,81913.24,192.5500000000029,DOWN,0.65,0.6607502860237582,0.01075028602375816,0.0,0.0,0.0,0.0,0.0,0.0,0,False
2026-09-03T21:31:31.377953+00:00,KXBTC15M-26SEP031745-45,81720.69,808.62,81927.14,206.4499999999971,DOWN,0.65,0.6607502860237582,0.01075028602375816,0.0,0.0,0.0,0.0,0.0,0.0,0,False
2026-09-03T21:31:36.351260+00:00,KXBTC15M-26SEP031745-45,81720.69,803.65,81920.98,200.2899999999936,DOWN,0.65,0.6607502860237582,0.01075028602375816,0.0,0.0,0.0,0.0,0.0,0.0,0,False
2026-09-03T21:31:41.353866+00:00,KXBTC15M-26SEP031745-45,81720.69,798.65,81911.37,190.67999999999302,DOWN,0.65,0.6607502860237582,0.01075028602375816,0.0,0.0,0.0,0.0,0.0,0.0,0,False
2026-09-03T21:31:46.437804+00:00,KXBTC15M-26SEP031745-45,81720.69,793.56,81913.89,193.1999999999971,DOWN,0.65,0.6607502860237582,0.01075028602375816,0.0,0.0,0.0,0.0,0.0,0.0,0,False
2026-09-03T21:31:51.352912+00:00,KXBTC15M-26SEP031745-45,81720.69,788.65,81911.36,190.66999999999825,DOWN,0.65,0.6607502860237582,0.01075028602375816,0.0,0.0,0.0,0.0,0.0,0.0,0,False
2026-09-03T21:31:56.360249+00:00,KXBTC15M-26SEP031745-45,81720.69,783.64,81937.51,216.81999999999243,DOWN,0.65,0.6607502860237582,0.01075028602375816,0.0,0.0,0.0,0.0,0.0,0.0,0,False
2026-09-03T21:32:01.385441+00:00,KXBTC15M-26SEP031745-45,81720.69,778.61,81971.6,250.9100000000035,DOWN,0.65,0.6607502860237582,0.01075028602375816,0.0,0.0,0.0,0.0,0.0,0.0,0,False
2026-09-03T21:32:06.360243+00:00,KXBTC15M-26SEP031745-45,81720.69,773.64,81957.1,236.4100000000035,DOWN,0.65,0.6607502860237582,0.01075028602375816,0.0,0.0,0.0,0.0,0.0,0.0,0,False
2026-09-03T21:32:11.357181+00:00,KXBTC15M-26SEP031745-45,81720.69,768.64,81924.26,203.56999999999243,DOWN,0.65,0.6607502860237582,0.01075028602375816,0.0,0.0,0.0,0.0,0.0,0.0,0,False
2026-09-03T21:32:16.378291+00:00,KXBTC15M-26SEP031745-45,81720.69,763.62,81947.9,227.20999999999185,DOWN,0.65,0.6607502860237582,0.01075028602375816,0.0,0.0,0.0,0.0,0.0,0.0,0,False
2026-09-03T21:32:21.361101+00:00,KXBTC15M-26SEP031745-45,81720.69,758.64,81967.49,246.8000000000029,DOWN,0.65,0.6607502860237582,0.01075028602375816,0.0,0.0,0.0,0.0,0.0,0.0,0,False
2026-09-03T21:32:26.361647+00:00,KXBTC15M-26SEP031745-45,81720.69,753.64,82020.24,299.5500000000029,DOWN,0.65,0.6607502860237582,0.01075028602375816,0.0,0.0,0.0,0.0,0.0,0.0,0,False
2026-09-03T21:32:31.381550+00:00,KXBTC15M-26SEP031745-45,81720.69,748.62,81971.61,250.91999999999825,DOWN,0.65,0.6607502860237582,0.01075028602375816,0.0,0.0,0.0,0.0,0.0,0.0,0,False
2026-09-03T21:32:36.356507+00:00,KXBTC15M-26SEP031745-45,81720.69,743.64,81991.41,270.72000000000116,DOWN,0.65,0.6607502860237582,0.01075028602375816,0.0,0.0,0.0,0.0,0.0,0.0,0,False
2026-09-03T21:32:41.359735+00:00,KXBTC15M-26SEP031745-45,81720.69,738.64,81971.61,250.91999999999825,DOWN,0.65,0.6607502860237582,0.01075028602375816,0.0,0.0,0.0,0.0,0.0,0.0,0,False
2026-09-03T21:32:46.377549+00:00,KXBTC15M-26SEP031745-45,81720.69,733.62,81988.45,267.75999999999476,DOWN,0.65,0.6607502860237582,0.01075028602375816,0.0,0.0,0.0,0.0,0.0,0.0,0,False
2026-09-03T21:32:51.395020+00:00,KXBTC15M-26SEP031745-45,81720.69,728.6,81993.38,272.6900000000023,DOWN,0.65,0.6607502860237582,0.01075028602375816,0.0,0.0,0.0,0.0,0.0,0.0,0,False
2026-09-03T21:32:56.357298+00:00,KXBTC15M-26SEP031745-45,81720.69,723.64,81973.24,252.5500000000029,DOWN,0.65,0.6607502860237582,0.01075028602375816,0.0,0.0,0.0,0.0,0.0,0.0,0,False
2026-09-03T21:33:01.392675+00:00,KXBTC15M-26SEP031745-45,81720.69,718.61,81970.98,250.2899999999936,DOWN,0.65,0.6607502860237582,0.01075028602375816,0.0,0.0,0.0,0.0,0.0,0.0,0,False
2026-09-03T21:33:06.363320+00:00,KXBTC15M-26SEP031745-45,81720.69,713.64,81987.9,267.20999999999185,DOWN,0.65,0.6607502860237582,0.01075028602375816,0.0,0.0,0.0,0.0,0.0,0.0,0,False
2026-09-03T21:33:11.357144+00:00,KXBTC15M-26SEP031745-45,81720.69,708.64,81998.19,277.5,DOWN,0.65,0.6607502860237582,0.01075028602375816,0.0,0.0,0.0,0.0,0.0,0.0,0,False
2026-09-03T21:33:16.415306+00:00,KXBTC15M-26SEP031745-45,81720.69,703.58,81994.02,273.33000000000175,DOWN,0.65,0.6607502860237582,0.01075028602375816,0.0,0.0,0.0,0.0,0.0,0.0,0,False
2026-09-03T21:33:21.359862+00:00,KXBTC15M-26SEP031745-45,81720.69,698.64,82000.03,279.3399999999965,DOWN,0.65,0.6607502860237582,0.01075028602375816,0.0,0.0,0.0,0.0,0.0,0.0,0,False
2026-09-03T21:33:26.357493+00:00,KXBTC15M-26SEP031745-45,81720.69,693.64,81962.93,242.2399999999907,DOWN,0.65,0.6607502860237582,0.01075028602375816,0.0,0.0,0.0,0.0,0.0,0.0,0,False
2026-09-03T21:33:31.384300+00:00,KXBTC15M-26SEP031745-45,81720.69,688.62,81998.02,277.33000000000175,DOWN,0.65,0.6607502860237582,0.01075028602375816,0.0,0.0,0.0,0.0,0.0,0.0,0,False
2026-09-03T21:33:36.358242+00:00,KXBTC15M-26SEP031745-45,81720.69,683.64,81998.02,277.33000000000175,DOWN,0.65,0.6607502860237582,0.01075028602375816,0.0,0.0,0.0,0.0,0.0,0.0,0,False
2026-09-03T21:33:41.357951+00:00,KXBTC15M-26SEP031745-45,81720.69,678.64,82001.17,280.4799999999959,DOWN,0.65,0.6607502860237582,0.01075028602375816,0.0,0.0,0.0,0.0,0.0,0.0,0,False
2026-09-03T21:33:46.377117+00:00,KXBTC15M-26SEP031745-45,81720.69,673.62,81987.56,266.86999999999534,DOWN,0.65,0.6607502860237582,0.01075028602375816,0.0,0.0,0.0,0.0,0.0,0.0,0,False
2026-09-03T21:33:51.355569+00:00,KXBTC15M-26SEP031745-45,81720.69,668.64,82015.47,294.77999999999884,DOWN,0.65,0.6607502860237582,0.01075028602375816,0.0,0.0,0.0,0.0,0.0,0.0,0,False
2026-09-03T21:33:56.359063+00:00,KXBTC15M-26SEP031745-45,81720.69,663.64,82033.09,312.3999999999942,DOWN,0.65,0.6607502860237582,0.01075028602375816,0.0,0.0,0.0,0.0,0.0,0.0,0,False
2026-09-03T21:34:01.380174+00:00,KXBTC15M-26SEP031745-45,81720.69,658.62,81992.85,272.1600000000035,DOWN,0.65,0.6607502860237582,0.01075028602375816,0.0,0.0,0.0,0.0,0.0,0.0,0,False
2026-09-03T21:34:06.358080+00:00,KXBTC15M-26SEP031745-45,81720.69,653.64,81988.74,268.0500000000029,DOWN,0.65,0.6607502860237582,0.01075028602375816,0.0,0.0,0.0,0.0,0.0,0.0,0,False
2026-09-03T21:34:11.356784+00:00,KXBTC15M-26SEP031745-45,81720.69,648.64,82018.74,298.0500000000029,DOWN,0.65,0.6607502860237582,0.01075028602375816,0.0,0.0,0.0,0.0,0.0,0.0,0,False
2026-09-03T21:34:16.384022+00:00,KXBTC15M-26SEP031745-45,81720.69,643.62,82022.84,302.1499999999942,DOWN,0.65,0.6607502860237582,0.01075028602375816,0.0,0.0,0.0,0.0,0.0,0.0,0,False
2026-09-03T21:34:21.357797+00:00,KXBTC15M-26SEP031745-45,81720.69,638.64,82020.02,299.33000000000175,DOWN,0.65,0.6607502860237582,0.01075028602375816,0.0,0.0,0.0,0.0,0.0,0.0,0,False
2026-09-03T21:34:26.357027+00:00,KXBTC15M-26SEP031745-45,81720.69,633.64,82072.61,351.91999999999825,DOWN,0.65,0.6607502860237582,0.01075028602375816,0.0,0.0,0.0,0.0,0.0,0.0,0,False
2026-09-03T21:34:31.379495+00:00,KXBTC15M-26SEP031745-45,81720.69,628.62,82123.75,403.0599999999977,DOWN,0.65,0.6607502860237582,0.01075028602375816,0.0,0.0,0.0,0.0,0.0,0.0,0,False
2026-09-03T21:34:36.359378+00:00,KXBTC15M-26SEP031745-45,81720.69,623.64,82271.98,551.2899999999936,DOWN,0.65,0.6607502860237582,0.01075028602375816,0.0,0.0,0.0,0.0,0.0,0.0,0,False
2026-09-03T21:34:41.365939+00:00,KXBTC15M-26SEP031745-45,81720.69,618.63,82243.29,522.5999999999913,DOWN,0.65,0.6607502860237582,0.01075028602375816,0.0,0.0,0.0,0.0,0.0,0.0,0,False
2026-09-03T21:34:46.381410+00:00,KXBTC15M-26SEP031745-45,81720.69,613.62,82224.1,503.4100000000035,DOWN,0.65,0.6607502860237582,0.01075028602375816,0.0,0.0,0.0,0.0,0.0,0.0,0,False
2026-09-03T21:34:51.357227+00:00,KXBTC15M-26SEP031745-45,81720.69,608.64,82086.85,366.1600000000035,DOWN,0.65,0.6607502860237582,0.01075028602375816,0.0,0.0,0.0,0.0,0.0,0.0,0,False
2026-09-03T21:34:56.416296+00:00,KXBTC15M-26SEP031745-45,81720.69,603.58,82115.44,394.75,DOWN,0.65,0.6607502860237582,0.01075028602375816,0.0,0.0,0.0,0.0,0.0,0.0,0,False
2026-09-03T21:35:01.376457+00:00,KXBTC15M-26SEP031745-45,81720.69,598.62,82072.6,351.9100000000035,DOWN,0.65,0.6607502860237582,0.01075028602375816,0.0,0.0,0.0,0.0,0.0,0.0,0,False
2026-09-03T21:35:06.375541+00:00,KXBTC15M-26SEP031745-45,81720.69,593.62,82006.58,285.8899999999994,DOWN,0.65,0.6607502860237582,0.01075028602375816,0.0,0.0,0.0,0.0,0.0,0.0,0,False
2026-09-03T21:35:11.359900+00:00,KXBTC15M-26SEP031745-45,81720.69,588.64,81986.73,266.0399999999936,DOWN,0.65,0.6607502860237582,0.01075028602375816,0.0,0.0,0.0,0.0,0.0,0.0,0,False
2026-09-03T21:35:16.384958+00:00,KXBTC15M-26SEP031745-45,81720.69,583.62,81941.31,220.61999999999534,DOWN,0.65,0.6607502860237582,0.01075028602375816,0.0,0.0,0.0,0.0,0.0,0.0,0,False
2026-09-03T21:35:21.361384+00:00,KXBTC15M-26SEP031745-45,81720.69,578.64,81892.62,171.92999999999302,DOWN,0.65,0.6607502860237582,0.01075028602375816,0.0,0.0,0.0,0.0,0.0,0.0,0,False
2026-09-03T21:35:26.377412+00:00,KXBTC15M-26SEP031745-45,81720.69,573.62,81861.19,140.5,DOWN,0.65,0.6607502860237582,0.01075028602375816,0.0,0.0,0.0,0.0,0.0,0.0,0,False
2026-09-03T21:35:31.418294+00:00,KXBTC15M-26SEP031745-45,81720.69,568.58,81900.88,180.19000000000233,DOWN,0.65,0.6607502860237582,0.01075028602375816,0.0,0.0,0.0,0.0,0.0,0.0,0,False
2026-09-03T21:35:36.361219+00:00,KXBTC15M-26SEP031745-45,81720.69,563.64,81912.46,191.77000000000407,DOWN,0.65,0.6607502860237582,0.01075028602375816,0.0,0.0,0.0,0.0,0.0,0.0,0,False
2026-09-03T21:35:41.370942+00:00,KXBTC15M-26SEP031745-45,81720.69,558.63,81931.2,210.50999999999476,DOWN,0.65,0.6607502860237582,0.01075028602375816,0.0,0.0,0.0,0.0,0.0,0.0,0,False
2026-09-03T21:35:46.380817+00:00,KXBTC15M-26SEP031745-45,81720.69,553.62,81941.3,220.61000000000058,DOWN,0.65,0.6607502860237582,0.01075028602375816,0.0,0.0,0.0,0.0,0.0,0.0,0,False
2026-09-03T21:35:51.359350+00:00,KXBTC15M-26SEP031745-45,81720.69,548.64,81951.39,230.6999999999971,DOWN,0.65,0.6607502860237582,0.01075028602375816,0.0,0.0,0.0,0.0,0.0,0.0,0,False
2026-09-03T21:35:56.360029+00:00,KXBTC15M-26SEP031745-45,81720.69,543.64,81954.11,233.41999999999825,DOWN,0.65,0.6607502860237582,0.01075028602375816,0.0,0.0,0.0,0.0,0.0,0.0,0,False
2026-09-03T21:36:01.392057+00:00,KXBTC15M-26SEP031745-45,81720.69,538.61,81935.1,214.4100000000035,DOWN,0.65,0.6607502860237582,0.01075028602375816,0.0,0.0,0.0,0.0,0.0,0.0,0,False
2026-09-03T21:36:06.363677+00:00,KXBTC15M-26SEP031745-45,81720.69,533.64,81900.04,179.34999999999127,DOWN,0.65,0.6607502860237582,0.01075028602375816,0.0,0.0,0.0,0.0,0.0,0.0,0,False
2026-09-03T21:36:11.375681+00:00,KXBTC15M-26SEP031745-45,81720.69,528.62,81883.04,162.34999999999127,DOWN,0.65,0.6607502860237582,0.01075028602375816,0.0,0.0,0.0,0.0,0.0,0.0,0,False
2026-09-03T21:36:16.377063+00:00,KXBTC15M-26SEP031745-45,81720.69,523.62,81856.44,135.75,DOWN,0.65,0.6607502860237582,0.01075028602375816,0.0,0.0,0.0,0.0,0.0,0.0,0,False
2026-09-03T21:36:21.356730+00:00,KXBTC15M-26SEP031745-45,81720.69,518.64,81849.77,129.08000000000175,DOWN,0.65,0.6607502860237582,0.01075028602375816,0.0,0.0,0.0,0.0,0.0,0.0,0,False
2026-09-03T21:36:26.355881+00:00,KXBTC15M-26SEP031745-45,81720.69,513.64,81836.3,115.61000000000058,DOWN,0.65,0.6607502860237582,0.01075028602375816,0.0,0.0,0.0,0.0,0.0,0.0,0,False
2026-09-03T21:36:31.376350+00:00,KXBTC15M-26SEP031745-45,81720.69,508.62,81820.11,99.41999999999825,DOWN,0.65,0.6607502860237582,0.01075028602375816,0.0,0.0,0.0,0.0,0.0,0.0,0,False
2026-09-03T21:36:36.357453+00:00,KXBTC15M-26SEP031745-45,81720.69,503.64,81806.97,86.27999999999884,DOWN,0.65,0.6607502860237582,0.01075028602375816,0.0,0.0,0.0,0.0,0.0,0.0,0,False
2026-09-03T21:36:41.360352+00:00,KXBTC15M-26SEP031745-45,81720.69,498.64,81776.55,55.86000000000058,DOWN,0.65,0.6607502860237582,0.01075028602375816,0.0,0.0,0.0,0.0,0.0,0.0,0,False
2026-09-03T21:36:46.442708+00:00,KXBTC15M-26SEP031745-45,81720.69,493.56,81782.06,61.36999999999534,DOWN,0.65,0.6607502860237582,0.01075028602375816,0.0,0.0,0.0,0.0,0.0,0.0,0,False
2026-09-03T21:36:51.360289+00:00,KXBTC15M-26SEP031745-45,81720.69,488.64,81776.56,55.86999999999534,DOWN,0.65,0.6607502860237582,0.01075028602375816,0.0,0.0,0.0,0.0,0.0,0.0,0,False
2026-09-03T21:36:56.364685+00:00,KXBTC15M-26SEP031745-45,81720.69,483.64,81850.99,130.3000000000029,DOWN,0.65,0.6607502860237582,0.01075028602375816,0.0,0.0,0.0,0.0,0.0,0.0,0,False
2026-09-03T21:37:01.419918+00:00,KXBTC15M-26SEP031745-45,81720.69,478.58,81866.58,145.88999999999942,DOWN,0.65,0.6607502860237582,0.01075028602375816,0.0,0.0,0.0,0.0,0.0,0.0,0,False
2026-09-03T21:37:06.368664+00:00,KXBTC15M-26SEP031745-45,81720.69,473.63,81873.02,152.33000000000175,DOWN,0.65,0.6607502860237582,0.01075028602375816,0.0,0.0,0.0,0.0,0.0,0.0,0,False
2026-09-03T21:37:11.360253+00:00,KXBTC15M-26SEP031745-45,81720.69,468.64,81873.02,152.33000000000175,DOWN,0.65,0.6607502860237582,0.01075028602375816,0.0,0.0,0.0,0.0,0.0,0.0,0,False
2026-09-03T21:37:16.383597+00:00,KXBTC15M-26SEP031745-45,81720.69,463.62,81830.2,109.50999999999476,DOWN,0.65,0.6607502860237582,0.01075028602375816,0.0,0.0,0.0,0.0,0.0,0.0,0,False
2026-09-03T21:37:21.360335+00:00,KXBTC15M-26SEP031745-45,81720.69,458.64,81882.77,162.08000000000175,DOWN,0.65,0.6607502860237582,0.01075028602375816,0.0,0.0,0.0,0.0,0.0,0.0,0,False
2026-09-03T21:37:26.401370+00:00,KXBTC15M-26SEP031745-45,81720.69,453.6,81897.27,176.58000000000175,DOWN,0.65,0.6607502860237582,0.01075028602375816,0.0,0.0,0.0,0.0,0.0,0.0,0,False
2026-09-03T21:37:31.388376+00:00,KXBTC15M-26SEP031745-45,81720.69,448.61,81911.0,190.30999999999767,DOWN,0.65,0.6607502860237582,0.01075028602375816,0.0,0.0,0.0,0.0,0.0,0.0,0,False
2026-09-03T21:37:36.360076+00:00,KXBTC15M-26SEP031745-45,81720.69,443.64,81884.52,163.83000000000175,DOWN,0.65,0.6607502860237582,0.01075028602375816,0.0,0.0,0.0,0.0,0.0,0.0,0,False
2026-09-03T21:37:41.361283+00:00,KXBTC15M-26SEP031745-45,81720.69,438.64,81846.0,125.30999999999767,DOWN,0.65,0.6607502860237582,0.01075028602375816,0.0,0.0,0.0,0.0,0.0,0.0,0,False
2026-09-03T21:37:46.381732+00:00,KXBTC15M-26SEP031745-45,81720.69,433.62,81830.2,109.50999999999476,DOWN,0.65,0.6607502860237582,0.01075028602375816,0.0,0.0,0.0,0.0,0.0,0.0,0,False
2026-09-03T21:37:51.359558+00:00,KXBTC15M-26SEP031745-45,81720.69,428.64,81841.16,120.47000000000116,DOWN,0.65,0.6607502860237582,0.01075028602375816,0.0,0.0,0.0,0.0,0.0,0.0,0,False
2026-09-03T21:37:56.359699+00:00,KXBTC15M-26SEP031745-45,81720.69,423.64,81830.21,109.52000000000407,DOWN,0.65,0.6607502860237582,0.01075028602375816,0.0,0.0,0.0,0.0,0.0,0.0,0,False
2026-09-03T21:38:01.388481+00:00,KXBTC15M-26SEP031745-45,81720.69,418.61,81819.92,99.22999999999593,DOWN,0.65,0.6607502860237582,0.01075028602375816,0.0,0.0,0.0,0.0,0.0,0.0,0,False
2026-09-03T21:38:06.360969+00:00,KXBTC15M-26SEP031745-45,81720.69,413.64,81796.87,76.17999999999302,DOWN,0.65,0.6607502860237582,0.01075028602375816,0.0,0.0,0.0,0.0,0.0,0.0,0,False
2026-09-03T21:38:11.368172+00:00,KXBTC15M-26SEP031745-45,81720.69,408.63,81807.77,87.08000000000175,DOWN,0.65,0.6607502860237582,0.01075028602375816,0.0,0.0,0.0,0.0,0.0,0.0,0,False
2026-09-03T21:38:16.385920+00:00,KXBTC15M-26SEP031745-45,81720.69,403.61,81798.95,78.25999999999476,DOWN,0.65,0.6607502860237582,0.01075028602375816,0.0,0.0,0.0,0.0,0.0,0.0,0,False
2026-09-03T21:38:21.359301+00:00,KXBTC15M-26SEP031745-45,81720.69,398.64,81816.4,95.70999999999185,DOWN,0.65,0.6607502860237582,0.01075028602375816,0.0,0.0,0.0,0.0,0.0,0.0,0,False
2026-09-03T21:38:26.364667+00:00,KXBTC15M-26SEP031745-45,81720.69,393.64,81796.89,76.19999999999709,DOWN,0.65,0.6607502860237582,0.01075028602375816,0.0,0.0,0.0,0.0,0.0,0.0,0,False
2026-09-03T21:38:31.387137+00:00,KXBTC15M-26SEP031745-45,81720.69,388.61,81797.51,76.81999999999243,DOWN,0.65,0.6607502860237582,0.01075028602375816,0.0,0.0,0.0,0.0,0.0,0.0,0,False
2026-09-03T21:38:36.361294+00:00,KXBTC15M-26SEP031745-45,81720.69,383.64,81799.47,78.77999999999884,DOWN,0.65,0.6607502860237582,0.01075028602375816,0.0,0.0,0.0,0.0,0.0,0.0,0,False
2026-09-03T21:38:41.362613+00:00,KXBTC15M-26SEP031745-45,81720.69,378.64,81780.76,60.06999999999243,DOWN,0.65,0.6607502860237582,0.01075028602375816,0.0,0.0,0.0,0.0,0.0,0.0,0,False
2026-09-03T21:38:46.383162+00:00,KXBTC15M-26SEP031745-45,81720.69,373.62,81726.74,6.05000000000291,DOWN,0.65,0.6607502860237582,0.01075028602375816,0.0,0.0,0.0,0.0,0.0,0.0,0,False
2026-09-03T21:38:51.370430+00:00,KXBTC15M-26SEP031745-45,81720.69,368.63,81735.84,15.14999999999418,DOWN,0.65,0.6607502860237582,0.01075028602375816,0.0,0.0,0.0,0.0,0.0,0.0,0,False
2026-09-03T21:38:56.367993+00:00,KXBTC15M-26SEP031745-45,81720.69,363.63,81719.75,-0.9400000000023283,DOWN,0.65,0.6607502860237582,0.01075028602375816,0.0,0.0,0.0,0.0,0.0,0.0,0,False
2026-09-03T21:39:01.385761+00:00,KXBTC15M-26SEP031745-45,81720.69,358.61,81704.32,-16.369999999995343,DOWN,0.65,0.6607502860237582,0.01075028602375816,0.0,0.0,0.0,0.0,0.0,0.0,0,False
2026-09-03T21:39:06.361863+00:00,KXBTC15M-26SEP031745-45,81720.69,353.64,81687.63,-33.05999999999767,DOWN,0.65,0.6607502860237582,0.01075028602375816,0.0,0.0,0.0,0.0,0.0,0.0,0,False
2026-09-03T21:39:11.365264+00:00,KXBTC15M-26SEP031745-45,81720.69,348.63,81724.8,4.110000000000582,DOWN,0.65,0.6607502860237582,0.01075028602375816,0.0,0.0,0.0,0.0,0.0,0.0,0,False
2026-09-03T21:39:16.385698+00:00,KXBTC15M-26SEP031745-45,81720.69,343.61,81724.66,3.970000000001164,DOWN,0.65,0.6607502860237582,0.01075028602375816,0.0,0.0,0.0,0.0,0.0,0.0,0,False
2026-09-03T21:39:21.360315+00:00,KXBTC15M-26SEP031745-45,81720.69,338.64,81720.02,-0.6699999999982538,DOWN,0.65,0.6607502860237582,0.01075028602375816,0.0,0.0,0.0,0.0,0.0,0.0,0,False
2026-09-03T21:39:26.364828+00:00,KXBTC15M-26SEP031745-45,81720.69,333.64,81666.77,-53.919999999998254,DOWN,0.65,0.6607502860237582,0.01075028602375816,0.0,0.0,0.0,0.0,0.0,0.0,0,False
2026-09-03T21:39:31.381026+00:00,KXBTC15M-26SEP031745-45,81720.69,328.62,81684.02,-36.669999999998254,DOWN,0.65,0.6607502860237582,0.01075028602375816,0.0,0.0,0.0,0.0,0.0,0.0,0,False
2026-09-03T21:39:36.360281+00:00,KXBTC15M-26SEP031745-45,81720.69,323.64,81698.9,-21.79000000000815,DOWN,0.65,0.6607502860237582,0.01075028602375816,0.0,0.0,0.0,0.0,0.0,0.0,0,False
2026-09-03T21:39:41.356300+00:00,KXBTC15M-26SEP031745-45,81720.69,318.64,81681.56,-39.13000000000466,DOWN,0.65,0.6607502860237582,0.01075028602375816,0.0,0.0,0.0,0.0,0.0,0.0,0,False
2026-09-03T21:39:46.384890+00:00,KXBTC15M-26SEP031745-45,81720.69,313.62,81676.47,-44.220000000001164,DOWN,0.65,0.6607502860237582,0.01075028602375816,0.0,0.0,0.0,0.0,0.0,0.0,0,False
2026-09-03T21:39:51.415473+00:00,KXBTC15M-26SEP031745-45,81720.69,308.58,81682.19,-38.5,DOWN,0.65,0.6607502860237582,0.01075028602375816,0.0,0.0,0.0,0.0,0.0,0.0,0,False
2026-09-03T21:39:56.370304+00:00,KXBTC15M-26SEP031745-45,81720.69,303.63,81682.19,-38.5,DOWN,0.65,0.6607502860237582,0.01075028602375816,0.0,0.0,0.0,0.0,0.0,0.0,0,False
2026-09-03T21:40:01.382211+00:00,KXBTC15M-26SEP031745-45,81720.69,298.62,81696.4,-24.29000000000815,DOWN,0.65,0.6607502860237582,0.01075028602375816,0.0,0.0,0.0,0.0,0.0,0.0,0,False
2026-09-03T21:40:06.362521+00:00,KXBTC15M-26SEP031745-45,81720.69,293.64,81668.61,-52.080000000001746,DOWN,0.65,0.6607502860237582,0.01075028602375816,0.0,0.0,0.0,0.0,0.0,0.0,0,False
2026-09-03T21:40:11.379756+00:00,KXBTC15M-26SEP031745-45,81720.69,288.62,81673.89,-46.80000000000291,DOWN,0.65,0.6607502860237582,0.01075028602375816,0.0,0.0,0.0,0.0,0.0,0.0,0,False
2026-09-03T21:40:16.397173+00:00,KXBTC15M-26SEP031745-45,81720.69,283.6,81657.01,-63.68000000000757,DOWN,0.65,0.6607502860237582,0.01075028602375816,0.0,0.0,0.0,0.0,0.0,0.0,0,False
2026-09-03T21:40:21.370704+00:00,KXBTC15M-26SEP031745-45,81720.69,278.63,81641.87,-78.82000000000698,DOWN,0.65,0.6607502860237582,0.01075028602375816,0.0,0.0,0.0,0.0,0.0,0.0,0,False
2026-09-03T21:40:26.365405+00:00,KXBTC15M-26SEP031745-45,81720.69,273.63,81627.95,-92.74000000000524,DOWN,0.65,0.6607502860237582,0.01075028602375816,0.0,0.0,0.0,0.0,0.0,0.0,0,False
2026-09-03T21:40:31.400311+00:00,KXBTC15M-26SEP031745-45,81720.69,268.6,81627.32,-93.36999999999534,DOWN,0.65,0.6607502860237582,0.01075028602375816,0.0,0.0,0.0,0.0,0.0,0.0,0,False
2026-09-03T21:40:36.369565+00:00,KXBTC15M-26SEP031745-45,81720.69,263.63,81618.11,-102.58000000000175,DOWN,0.65,0.6607502860237582,0.01075028602375816,0.0,0.0,0.0,0.0,0.0,0.0,0,False
2026-09-03T21:40:41.364435+00:00,KXBTC15M-26SEP031745-45,81720.69,258.64,81638.29,-82.40000000000873,DOWN,0.65,0.6607502860237582,0.01075028602375816,0.0,0.0,0.0,0.0,0.0,0.0,0,False
2026-09-03T21:40:46.386726+00:00,KXBTC15M-26SEP031745-45,81720.69,253.61,81654.36,-66.33000000000175,DOWN,0.65,0.6607502860237582,0.01075028602375816,0.0,0.0,0.0,0.0,0.0,0.0,0,False
2026-09-03T21:40:51.373060+00:00,KXBTC15M-26SEP031745-45,81720.69,248.63,81664.18,-56.51000000000931,DOWN,0.65,0.6607502860237582,0.01075028602375816,0.0,0.0,0.0,0.0,0.0,0.0,0,False
2026-09-03T21:40:56.378274+00:00,KXBTC15M-26SEP031745-45,81720.69,243.62,81695.04,-25.65000000000873,DOWN,0.65,0.6607502860237582,0.01075028602375816,0.0,0.0,0.0,0.0,0.0,0.0,0,False
2026-09-03T21:41:01.385114+00:00,KXBTC15M-26SEP031745-45,81720.69,238.61,81690.21,-30.479999999995925,DOWN,0.65,0.6607502860237582,0.01075028602375816,0.0,0.0,0.0,0.0,0.0,0.0,0,False
2026-09-03T21:41:06.369709+00:00,KXBTC15M-26SEP031745-45,81720.69,233.63,81684.82,-35.86999999999534,DOWN,0.65,0.6607502860237582,0.01075028602375816,0.0,0.0,0.0,0.0,0.0,0.0,0,False
2026-09-03T21:41:11.367235+00:00,KXBTC15M-26SEP031745-45,81720.69,228.63,81657.25,-63.44000000000233,DOWN,0.65,0.6607502860237582,0.01075028602375816,0.0,0.0,0.0,0.0,0.0,0.0,0,False
2026-09-03T21:41:16.384893+00:00,KXBTC15M-26SEP031745-45,81720.69,223.62,81639.89,-80.80000000000291,DOWN,0.65,0.6607502860237582,0.01075028602375816,0.0,0.0,0.0,0.0,0.0,0.0,0,False
2026-09-03T21:41:21.371115+00:00,KXBTC15M-26SEP031745-45,81720.69,218.63,81648.41,-72.27999999999884,DOWN,0.65,0.6607502860237582,0.01075028602375816,0.0,0.0,0.0,0.0,0.0,0.0,0,False
2026-09-03T21:41:26.372427+00:00,KXBTC15M-26SEP031745-45,81720.69,213.63,81653.07,-67.61999999999534,DOWN,0.65,0.6607502860237582,0.01075028602375816,0.0,0.0,0.0,0.0,0.0,0.0,0,False
2026-09-03T21:41:31.370424+00:00,KXBTC15M-26SEP031745-45,81720.69,208.63,81620.97,-99.72000000000116,DOWN,0.65,0.6607502860237582,0.01075028602375816,0.0,0.0,0.0,0.0,0.0,0.0,0,False
2026-09-03T21:41:36.376528+00:00,KXBTC15M-26SEP031745-45,81720.69,203.62,81584.49,-136.1999999999971,DOWN,0.65,0.6607502860237582,0.01075028602375816,0.0,0.0,0.0,0.0,0.0,0.0,0,False
2026-09-03T21:41:41.372267+00:00,KXBTC15M-26SEP031745-45,81720.69,198.63,81584.48,-136.2100000000064,DOWN,0.65,0.6607502860237582,0.01075028602375816,0.0,0.0,0.0,0.0,0.0,0.0,0,False
2026-09-03T21:41:46.389945+00:00,KXBTC15M-26SEP031745-45,81720.69,193.61,81582.36,-138.33000000000175,DOWN,0.65,0.6607502860237582,0.01075028602375816,0.0,0.0,0.0,0.0,0.0,0.0,0,False
2026-09-03T21:41:51.366947+00:00,KXBTC15M-26SEP031745-45,81720.69,188.63,81607.99,-112.69999999999709,DOWN,0.65,0.6607502860237582,0.01075028602375816,0.0,0.0,0.0,0.0,0.0,0.0,0,False
2026-09-03T21:41:56.364432+00:00,KXBTC15M-26SEP031745-45,81720.69,183.64,81638.3,-82.38999999999942,DOWN,0.65,0.6607502860237582,0.01075028602375816,0.0,0.0,0.0,0.0,0.0,0.0,0,False
2026-09-03T21:42:01.386554+00:00,KXBTC15M-26SEP031745-45,81720.69,178.61,81654.89,-65.80000000000291,DOWN,0.65,0.6607502860237582,0.01075028602375816,0.0,0.0,0.0,0.0,0.0,0.0,0,False
2026-09-03T21:42:06.366488+00:00,KXBTC15M-26SEP031745-45,81720.69,173.63,81628.21,-92.47999999999593,DOWN,0.65,0.6607502860237582,0.01075028602375816,0.0,0.0,0.0,0.0,0.0,0.0,0,False
2026-09-03T21:42:11.396333+00:00,KXBTC15M-26SEP031745-45,81720.69,168.6,81628.21,-92.47999999999593,DOWN,0.65,0.6607502860237582,0.01075028602375816,0.0,0.0,0.0,0.0,0.0,0.0,0,False
2026-09-03T21:42:16.397906+00:00,KXBTC15M-26SEP031745-45,81720.69,163.6,81635.87,-84.82000000000698,DOWN,0.65,0.6607502860237582,0.01075028602375816,0.0,0.0,0.0,0.0,0.0,0.0,0,False
2026-09-03T21:42:21.364180+00:00,KXBTC15M-26SEP031745-45,81720.69,158.64,81665.98,-54.7100000000064,DOWN,0.65,0.6607502860237582,0.01075028602375816,0.0,0.0,0.0,0.0,0.0,0.0,0,False
2026-09-03T21:42:26.370602+00:00,KXBTC15M-26SEP031745-45,81720.69,153.63,81668.55,-52.13999999999942,DOWN,0.65,0.6607502860237582,0.01075028602375816,0.0,0.0,0.0,0.0,0.0,0.0,0,False
2026-09-03T21:42:31.406541+00:00,KXBTC15M-26SEP031745-45,81720.69,148.59,81672.01,-48.68000000000757,DOWN,0.65,0.6607502860237582,0.01075028602375816,0.0,0.0,0.0,0.0,0.0,0.0,0,False
2026-09-03T21:42:36.366825+00:00,KXBTC15M-26SEP031745-45,81720.69,143.63,81651.12,-69.57000000000698,DOWN,0.65,0.6607502860237582,0.01075028602375816,0.0,0.0,0.0,0.0,0.0,0.0,0,False
2026-09-03T21:42:41.371786+00:00,KXBTC15M-26SEP031745-45,81720.69,138.63,81651.11,-69.58000000000175,DOWN,0.65,0.6607502860237582,0.01075028602375816,0.0,0.0,0.0,0.0,0.0,0.0,0,False
2026-09-03T21:42:46.385868+00:00,KXBTC15M-26SEP031745-45,81720.69,133.61,81651.21,-69.47999999999593,DOWN,0.65,0.6607502860237582,0.01075028602375816,0.0,0.0,0.0,0.0,0.0,0.0,0,False
2026-09-03T21:42:51.384513+00:00,KXBTC15M-26SEP031745-45,81720.69,128.62,81642.02,-78.66999999999825,DOWN,0.65,0.6607502860237582,0.01075028602375816,0.0,0.0,0.0,0.0,0.0,0.0,0,False
2026-09-03T21:42:56.366845+00:00,KXBTC15M-26SEP031745-45,81720.69,123.63,81642.08,-78.61000000000058,DOWN,0.65,0.6607502860237582,0.01075028602375816,0.0,0.0,0.0,0.0,0.0,0.0,0,False
2026-09-03T21:43:01.390889+00:00,KXBTC15M-26SEP031745-45,81720.69,118.61,81643.93,-76.76000000000931,DOWN,0.65,0.6607502860237582,0.01075028602375816,0.0,0.0,0.0,0.0,0.0,0.0,0,False
2026-09-03T21:43:06.365243+00:00,KXBTC15M-26SEP031745-45,81720.69,113.63,81578.42,-142.27000000000407,DOWN,0.65,0.6607502860237582,0.01075028602375816,0.0,0.0,0.0,0.0,0.0,0.0,0,False
2026-09-03T21:43:11.365988+00:00,KXBTC15M-26SEP031745-45,81720.69,108.63,81577.41,-143.27999999999884,DOWN,0.65,0.6607502860237582,0.01075028602375816,0.0,0.0,0.0,0.0,0.0,0.0,0,False
2026-09-03T21:43:16.392794+00:00,KXBTC15M-26SEP031745-45,81720.69,103.61,81570.96,-149.72999999999593,DOWN,0.65,0.6607502860237582,0.01075028602375816,0.0,0.0,0.0,0.0,0.0,0.0,0,False
2026-09-03T21:43:21.429098+00:00,KXBTC15M-26SEP031745-45,81720.69,98.57,81588.63,-132.05999999999767,DOWN,0.65,0.6607502860237582,0.01075028602375816,0.0,0.0,0.0,0.0,0.0,0.0,0,False
2026-09-03T21:43:26.365350+00:00,KXBTC15M-26SEP031745-45,81720.69,93.63,81573.67,-147.02000000000407,DOWN,0.65,0.6607502860237582,0.01075028602375816,0.0,0.0,0.0,0.0,0.0,0.0,0,False
2026-09-03T21:43:31.390158+00:00,KXBTC15M-26SEP031745-45,81720.69,88.61,81573.67,-147.02000000000407,DOWN,0.65,0.6607502860237582,0.01075028602375816,0.0,0.0,0.0,0.0,0.0,0.0,0,False
2026-09-03T21:43:36.385552+00:00,KXBTC15M-26SEP031745-45,81720.69,83.61,81568.07,-152.61999999999534,DOWN,0.65,0.6607502860237582,0.01075028602375816,0.0,0.0,0.0,0.0,0.0,0.0,0,False
2026-09-03T21:43:41.362611+00:00,KXBTC15M-26SEP031745-45,81720.69,78.64,81561.82,-158.86999999999534,DOWN,0.65,0.6607502860237582,0.01075028602375816,0.0,0.0,0.0,0.0,0.0,0.0,0,False
2026-09-03T21:43:46.365888+00:00,KXBTC15M-26SEP031745-45,81720.69,73.63,81557.5,-163.19000000000233,DOWN,0.65,0.6607502860237582,0.01075028602375816,0.0,0.0,0.0,0.0,0.0,0.0,0,False
2026-09-03T21:43:51.367576+00:00,KXBTC15M-26SEP031745-45,81720.69,68.63,81540.47,-180.22000000000116,DOWN,0.65,0.6607502860237582,0.01075028602375816,0.0,0.0,0.0,0.0,0.0,0.0,0,False
2026-09-03T21:43:56.365085+00:00,KXBTC15M-26SEP031745-45,81720.69,63.63,81539.19,-181.5,DOWN,0.65,0.6607502860237582,0.01075028602375816,0.0,0.0,0.0,0.0,0.0,0.0,0,False
2026-09-03T21:44:01.391778+00:00,KXBTC15M-26SEP031745-45,81720.69,58.61,81545.13,-175.55999999999767,DOWN,0.65,0.6607502860237582,0.01075028602375816,0.0,0.0,0.0,0.0,0.0,0.0,0,False
2026-09-03T21:44:06.365477+00:00,KXBTC15M-26SEP031745-45,81720.69,53.63,81565.97,-154.72000000000116,DOWN,0.65,0.6607502860237582,0.01075028602375816,0.0,0.0,0.0,0.0,0.0,0.0,0,False
2026-09-03T21:44:11.368445+00:00,KXBTC15M-26SEP031745-45,81720.69,48.63,81570.22,-150.47000000000116,DOWN,0.65,0.6607502860237582,0.01075028602375816,0.0,0.0,0.0,0.0,0.0,0.0,0,False
2026-09-03T21:44:16.388904+00:00,KXBTC15M-26SEP031745-45,81720.69,43.61,81571.65,-149.04000000000815,DOWN,0.65,0.6607502860237582,0.01075028602375816,0.0,0.0,0.0,0.0,0.0,0.0,0,False
2026-09-03T21:44:21.364771+00:00,KXBTC15M-26SEP031745-45,81720.69,38.64,81570.42,-150.27000000000407,DOWN,0.65,0.6607502860237582,0.01075028602375816,0.0,0.0,0.0,0.0,0.0,0.0,0,False
2026-09-03T21:44:26.372443+00:00,KXBTC15M-26SEP031745-45,81720.69,33.63,81537.81,-182.88000000000466,DOWN,0.65,0.6607502860237582,0.01075028602375816,0.0,0.0,0.0,0.0,0.0,0.0,0,False
2026-09-03T21:44:31.393230+00:00,KXBTC15M-26SEP031745-45,81720.69,28.61,81557.07,-163.61999999999534,DOWN,0.65,0.6607502860237582,0.01075028602375816,0.0,0.0,0.0,0.0,0.0,0.0,0,False
2026-09-03T21:44:36.366941+00:00,KXBTC15M-26SEP031745-45,81720.69,23.63,81557.45,-163.24000000000524,DOWN,0.65,0.6607502860237582,0.01075028602375816,0.0,0.0,0.0,0.0,0.0,0.0,0,False
2026-09-03T21:44:41.376051+00:00,KXBTC15M-26SEP031745-45,81720.69,18.62,81567.6,-153.0899999999965,DOWN,0.65,0.6607502860237582,0.01075028602375816,0.0,0.0,0.0,0.0,0.0,0.0,0,False
2026-09-03T21:44:46.386770+00:00,KXBTC15M-26SEP031745-45,81720.69,13.61,81560.94,-159.75,DOWN,0.65,0.6607502860237582,0.01075028602375816,0.0,0.0,0.0,0.0,0.0,0.0,0,False
2026-09-03T21:44:51.366427+00:00,KXBTC15M-26SEP031745-45,81720.69,8.63,81556.25,-164.44000000000233,DOWN,0.65,0.6607502860237582,0.01075028602375816,0.0,0.0,0.0,0.0,0.0,0.0,0,False
2026-09-03T21:44:56.364030+00:00,KXBTC15M-26SEP031745-45,81720.69,3.64,81530.86,-189.83000000000175,DOWN,0.65,0.6607502860237582,0.01075028602375816,0.0,0.0,0.0,0.0,0.0,0.0,0,False
2026-09-03T21:45:01.406592+00:00,KXBTC15M-26SEP031800-00,81554.23,898.59,81530.63,-23.59999999999127,DOWN,0.65,0.6607502860237582,0.01075028602375816,0.0,0.0,0.0,0.0,0.0,0.0,0,False
2026-09-03T21:45:06.366678+00:00,KXBTC15M-26SEP031800-00,81554.23,893.63,81529.79,-24.44000000000233,DOWN,0.65,0.6607502860237582,0.01075028602375816,0.0,0.0,0.0,0.0,0.0,0.0,0,False
2026-09-03T21:45:11.365675+00:00,KXBTC15M-26SEP031800-00,81554.23,888.63,81540.55,-13.679999999993015,DOWN,0.65,0.6607502860237582,0.01075028602375816,0.0,0.0,0.0,0.0,0.0,0.0,0,False
2026-09-03T21:45:16.391493+00:00,KXBTC15M-26SEP031800-00,81554.23,883.61,81530.62,-23.610000000000582,DOWN,0.65,0.6607502860237582,0.01075028602375816,0.0,0.0,0.0,0.0,0.0,0.0,0,False
2026-09-03T21:45:21.368049+00:00,KXBTC15M-26SEP031800-00,81554.23,878.63,81555.03,0.8000000000029104,DOWN,0.65,0.6607502860237582,0.01075028602375816,0.0,0.0,0.0,0.0,0.0,0.0,0,False
2026-09-03T21:45:26.366863+00:00,KXBTC15M-26SEP031800-00,81554.23,873.63,81521.9,-32.330000000001746,DOWN,0.65,0.6607502860237582,0.01075028602375816,0.0,0.0,0.0,0.0,0.0,0.0,0,False
2026-09-03T21:45:31.371871+00:00,KXBTC15M-26SEP031800-00,81554.23,868.63,81546.46,-7.769999999989523,DOWN,0.65,0.6607502860237582,0.01075028602375816,0.0,0.0,0.0,0.0,0.0,0.0,0,False
2026-09-03T21:45:36.370697+00:00,KXBTC15M-26SEP031800-00,81554.23,863.63,81521.94,-32.2899999999936,DOWN,0.65,0.6607502860237582,0.01075028602375816,0.0,0.0,0.0,0.0,0.0,0.0,0,False
2026-09-03T21:45:41.366612+00:00,KXBTC15M-26SEP031800-00,81554.23,858.63,81517.12,-37.11000000000058,DOWN,0.65,0.6607502860237582,0.01075028602375816,0.0,0.0,0.0,0.0,0.0,0.0,0,False
2026-09-03T21:45:46.392086+00:00,KXBTC15M-26SEP031800-00,81554.23,853.61,81477.0,-77.22999999999593,DOWN,0.65,0.6607502860237582,0.01075028602375816,0.0,0.0,0.0,0.0,0.0,0.0,0,False
2026-09-03T21:45:51.385932+00:00,KXBTC15M-26SEP031800-00,81554.23,848.61,81474.1,-80.1299999999901,DOWN,0.65,0.6607502860237582,0.01075028602375816,0.0,0.0,0.0,0.0,0.0,0.0,0,False
2026-09-03T21:45:56.369103+00:00,KXBTC15M-26SEP031800-00,81554.23,843.63,81474.08,-80.14999999999418,DOWN,0.65,0.6607502860237582,0.01075028602375816,0.0,0.0,0.0,0.0,0.0,0.0,0,False
2026-09-03T21:46:01.408988+00:00,KXBTC15M-26SEP031800-00,81554.23,838.59,81494.65,-59.580000000001746,DOWN,0.65,0.6607502860237582,0.01075028602375816,0.0,0.0,0.0,0.0,0.0,0.0,0,False
2026-09-03T21:46:06.379321+00:00,KXBTC15M-26SEP031800-00,81554.23,833.62,81474.28,-79.94999999999709,DOWN,0.65,0.6607502860237582,0.01075028602375816,0.0,0.0,0.0,0.0,0.0,0.0,0,False
2026-09-03T21:46:11.373088+00:00,KXBTC15M-26SEP031800-00,81554.23,828.63,81456.5,-97.72999999999593,DOWN,0.65,0.6607502860237582,0.01075028602375816,0.0,0.0,0.0,0.0,0.0,0.0,0,False
2026-09-03T21:46:16.395836+00:00,KXBTC15M-26SEP031800-00,81554.23,823.6,81456.5,-97.72999999999593,DOWN,0.65,0.6607502860237582,0.01075028602375816,0.0,0.0,0.0,0.0,0.0,0.0,0,False
2026-09-03T21:46:21.369144+00:00,KXBTC15M-26SEP031800-00,81554.23,818.63,81437.5,-116.72999999999593,DOWN,0.65,0.6607502860237582,0.01075028602375816,0.0,0.0,0.0,0.0,0.0,0.0,0,False
2026-09-03T21:46:26.373437+00:00,KXBTC15M-26SEP031800-00,81554.23,813.63,81460.14,-94.08999999999651,DOWN,0.65,0.6607502860237582,0.01075028602375816,0.0,0.0,0.0,0.0,0.0,0.0,0,False
2026-09-03T21:46:31.396088+00:00,KXBTC15M-26SEP031800-00,81554.23,808.6,81451.02,-103.20999999999185,DOWN,0.65,0.6607502860237582,0.01075028602375816,0.0,0.0,0.0,0.0,0.0,0.0,0,False
2026-09-03T21:46:36.370495+00:00,KXBTC15M-26SEP031800-00,81554.23,803.63,81451.01,-103.22000000000116,DOWN,0.65,0.6607502860237582,0.01075028602375816,0.0,0.0,0.0,0.0,0.0,0.0,0,False
2026-09-03T21:46:41.370206+00:00,KXBTC15M-26SEP031800-00,81554.23,798.63,81448.04,-106.19000000000233,DOWN,0.65,0.6607502860237582,0.01075028602375816,0.0,0.0,0.0,0.0,0.0,0.0,0,False
2026-09-03T21:46:46.407765+00:00,KXBTC15M-26SEP031800-00,81554.23,793.59,81448.04,-106.19000000000233,DOWN,0.65,0.6607502860237582,0.01075028602375816,0.0,0.0,0.0,0.0,0.0,0.0,0,False
2026-09-03T21:46:51.373181+00:00,KXBTC15M-26SEP031800-00,81554.23,788.63,81448.04,-106.19000000000233,DOWN,0.65,0.6607502860237582,0.01075028602375816,0.0,0.0,0.0,0.0,0.0,0.0,0,False
2026-09-03T21:46:56.406516+00:00,KXBTC15M-26SEP031800-00,81554.23,783.59,81448.03,-106.19999999999709,DOWN,0.65,0.6607502860237582,0.01075028602375816,0.0,0.0,0.0,0.0,0.0,0.0,0,False
2026-09-03T21:47:01.393557+00:00,KXBTC15M-26SEP031800-00,81554.23,778.61,81451.02,-103.20999999999185,DOWN,0.65,0.6607502860237582,0.01075028602375816,0.0,0.0,0.0,0.0,0.0,0.0,0,False
2026-09-03T21:47:06.368196+00:00,KXBTC15M-26SEP031800-00,81554.23,773.63,81459.46,-94.76999999998952,DOWN,0.65,0.6607502860237582,0.01075028602375816,0.0,0.0,0.0,0.0,0.0,0.0,0,False
2026-09-03T21:47:11.369120+00:00,KXBTC15M-26SEP031800-00,81554.23,768.63,81459.48,-94.75,DOWN,0.65,0.6607502860237582,0.01075028602375816,0.0,0.0,0.0,0.0,0.0,0.0,0,False
2026-09-03T21:47:16.479381+00:00,KXBTC15M-26SEP031800-00,81554.23,763.52,81468.57,-85.65999999998894,DOWN,0.65,0.6607502860237582,0.01075028602375816,0.0,0.0,0.0,0.0,0.0,0.0,0,False
2026-09-03T21:47:21.398265+00:00,KXBTC15M-26SEP031800-00,81554.23,758.6,81466.38,-87.84999999999127,DOWN,0.65,0.6607502860237582,0.01075028602375816,0.0,0.0,0.0,0.0,0.0,0.0,0,False
2026-09-03T21:47:26.369240+00:00,KXBTC15M-26SEP031800-00,81554.23,753.63,81459.38,-94.84999999999127,DOWN,0.65,0.6607502860237582,0.01075028602375816,0.0,0.0,0.0,0.0,0.0,0.0,0,False
2026-09-03T21:47:31.389787+00:00,KXBTC15M-26SEP031800-00,81554.23,748.61,81460.65,-93.58000000000175,DOWN,0.65,0.6607502860237582,0.01075028602375816,0.0,0.0,0.0,0.0,0.0,0.0,0,False
2026-09-03T21:47:36.367664+00:00,KXBTC15M-26SEP031800-00,81554.23,743.63,81461.53,-92.69999999999709,DOWN,0.65,0.6607502860237582,0.01075028602375816,0.0,0.0,0.0,0.0,0.0,0.0,0,False
2026-09-03T21:47:41.373343+00:00,KXBTC15M-26SEP031800-00,81554.23,738.63,81465.26,-88.97000000000116,DOWN,0.65,0.6607502860237582,0.01075028602375816,0.0,0.0,0.0,0.0,0.0,0.0,0,False
2026-09-03T21:47:46.387896+00:00,KXBTC15M-26SEP031800-00,81554.23,733.61,81459.47,-94.75999999999476,DOWN,0.65,0.6607502860237582,0.01075028602375816,0.0,0.0,0.0,0.0,0.0,0.0,0,False
2026-09-03T21:47:51.380108+00:00,KXBTC15M-26SEP031800-00,81554.23,728.62,81466.4,-87.83000000000175,DOWN,0.65,0.6607502860237582,0.01075028602375816,0.0,0.0,0.0,0.0,0.0,0.0,0,False
2026-09-03T21:47:56.372416+00:00,KXBTC15M-26SEP031800-00,81554.23,723.63,81465.18,-89.05000000000291,DOWN,0.65,0.6607502860237582,0.01075028602375816,0.0,0.0,0.0,0.0,0.0,0.0,0,False
2026-09-03T21:48:01.394290+00:00,KXBTC15M-26SEP031800-00,81554.23,718.61,81466.82,-87.40999999998894,DOWN,0.65,0.6607502860237582,0.01075028602375816,0.0,0.0,0.0,0.0,0.0,0.0,0,False
2026-09-03T21:48:06.369930+00:00,KXBTC15M-26SEP031800-00,81554.23,713.63,81483.15,-71.08000000000175,DOWN,0.65,0.6607502860237582,0.01075028602375816,0.0,0.0,0.0,0.0,0.0,0.0,0,False
2026-09-03T21:48:11.370849+00:00,KXBTC15M-26SEP031800-00,81554.23,708.63,81515.72,-38.50999999999476,DOWN,0.65,0.6607502860237582,0.01075028602375816,0.0,0.0,0.0,0.0,0.0,0.0,0,False
2026-09-03T21:48:16.396056+00:00,KXBTC15M-26SEP031800-00,81554.23,703.6,81516.05,-38.179999999993015,DOWN,0.65,0.6607502860237582,0.01075028602375816,0.0,0.0,0.0,0.0,0.0,0.0,0,False
2026-09-03T21:48:21.373136+00:00,KXBTC15M-26SEP031800-00,81554.23,698.63,81507.01,-47.220000000001164,DOWN,0.65,0.6607502860237582,0.01075028602375816,0.0,0.0,0.0,0.0,0.0,0.0,0,False
2026-09-03T21:48:26.380981+00:00,KXBTC15M-26SEP031800-00,81554.23,693.62,81507.0,-47.229999999995925,DOWN,0.65,0.6607502860237582,0.01075028602375816,0.0,0.0,0.0,0.0,0.0,0.0,0,False
2026-09-03T21:48:31.396866+00:00,KXBTC15M-26SEP031800-00,81554.23,688.6,81500.5,-53.729999999995925,DOWN,0.65,0.6607502860237582,0.01075028602375816,0.0,0.0,0.0,0.0,0.0,0.0,0,False
2026-09-03T21:48:36.372112+00:00,KXBTC15M-26SEP031800-00,81554.23,683.63,81501.33,-52.89999999999418,DOWN,0.65,0.6607502860237582,0.01075028602375816,0.0,0.0,0.0,0.0,0.0,0.0,0,False
2026-09-03T21:48:41.370352+00:00,KXBTC15M-26SEP031800-00,81554.23,678.63,81498.52,-55.70999999999185,DOWN,0.65,0.6607502860237582,0.01075028602375816,0.0,0.0,0.0,0.0,0.0,0.0,0,False
2026-09-03T21:48:46.402938+00:00,KXBTC15M-26SEP031800-00,81554.23,673.6,81498.52,-55.70999999999185,DOWN,0.65,0.6607502860237582,0.01075028602375816,0.0,0.0,0.0,0.0,0.0,0.0,0,False
2026-09-03T21:48:51.379348+00:00,KXBTC15M-26SEP031800-00,81554.23,668.62,81503.76,-50.470000000001164,DOWN,0.65,0.6607502860237582,0.01075028602375816,0.0,0.0,0.0,0.0,0.0,0.0,0,False
2026-09-03T21:48:56.387087+00:00,KXBTC15M-26SEP031800-00,81554.23,663.61,81501.18,-53.05000000000291,DOWN,0.65,0.6607502860237582,0.01075028602375816,0.0,0.0,0.0,0.0,0.0,0.0,0,False
2026-09-03T21:49:01.400669+00:00,KXBTC15M-26SEP031800-00,81554.23,658.6,81533.84,-20.389999999999418,DOWN,0.65,0.6607502860237582,0.01075028602375816,0.0,0.0,0.0,0.0,0.0,0.0,0,False
2026-09-03T21:49:06.374366+00:00,KXBTC15M-26SEP031800-00,81554.23,653.63,81573.18,18.94999999999709,DOWN,0.65,0.6607502860237582,0.01075028602375816,0.0,0.0,0.0,0.0,0.0,0.0,0,False
2026-09-03T21:49:11.379254+00:00,KXBTC15M-26SEP031800-00,81554.23,648.62,81587.8,33.570000000006985,DOWN,0.65,0.6607502860237582,0.01075028602375816,0.0,0.0,0.0,0.0,0.0,0.0,0,False
2026-09-03T21:49:16.404412+00:00,KXBTC15M-26SEP031800-00,81554.23,643.6,81597.91,43.68000000000757,DOWN,0.65,0.6607502860237582,0.01075028602375816,0.0,0.0,0.0,0.0,0.0,0.0,0,False
2026-09-03T21:49:21.373366+00:00,KXBTC15M-26SEP031800-00,81554.23,638.63,81593.52,39.29000000000815,DOWN,0.65,0.6607502860237582,0.01075028602375816,0.0,0.0,0.0,0.0,0.0,0.0,0,False
2026-09-03T21:49:26.373009+00:00,KXBTC15M-26SEP031800-00,81554.23,633.63,81578.13,23.90000000000873,DOWN,0.65,0.6607502860237582,0.01075028602375816,0.0,0.0,0.0,0.0,0.0,0.0,0,False
2026-09-03T21:49:31.392856+00:00,KXBTC15M-26SEP031800-00,81554.23,628.61,81595.58,41.35000000000582,DOWN,0.65,0.6607502860237582,0.01075028602375816,0.0,0.0,0.0,0.0,0.0,0.0,0,False
2026-09-03T21:49:36.377146+00:00,KXBTC15M-26SEP031800-00,81554.23,623.62,81605.81,51.580000000001746,DOWN,0.65,0.6607502860237582,0.01075028602375816,0.0,0.0,0.0,0.0,0.0,0.0,0,False
2026-09-03T21:49:41.380815+00:00,KXBTC15M-26SEP031800-00,81554.23,618.62,81620.52,66.29000000000815,DOWN,0.65,0.6607502860237582,0.01075028602375816,0.0,0.0,0.0,0.0,0.0,0.0,0,False
2026-09-03T21:49:46.400086+00:00,KXBTC15M-26SEP031800-00,81554.23,613.6,81647.99,93.76000000000931,DOWN,0.65,0.6607502860237582,0.01075028602375816,0.0,0.0,0.0,0.0,0.0,0.0,0,False
2026-09-03T21:49:51.384892+00:00,KXBTC15M-26SEP031800-00,81554.23,608.62,81673.94,119.7100000000064,DOWN,0.65,0.6607502860237582,0.01075028602375816,0.0,0.0,0.0,0.0,0.0,0.0,0,False
2026-09-03T21:49:56.387790+00:00,KXBTC15M-26SEP031800-00,81554.23,603.61,81690.49,136.2600000000093,DOWN,0.65,0.6607502860237582,0.01075028602375816,0.0,0.0,0.0,0.0,0.0,0.0,0,False
2026-09-03T21:50:01.412564+00:00,KXBTC15M-26SEP031800-00,81554.23,598.59,81683.16,128.93000000000757,DOWN,0.65,0.6607502860237582,0.01075028602375816,0.0,0.0,0.0,0.0,0.0,0.0,0,False
2026-09-03T21:50:06.375795+00:00,KXBTC15M-26SEP031800-00,81554.23,593.62,81674.91,120.68000000000757,DOWN,0.65,0.6607502860237582,0.01075028602375816,0.0,0.0,0.0,0.0,0.0,0.0,0,False
2026-09-03T21:50:11.376127+00:00,KXBTC15M-26SEP031800-00,81554.23,588.62,81687.26,133.02999999999884,DOWN,0.65,0.6607502860237582,0.01075028602375816,0.0,0.0,0.0,0.0,0.0,0.0,0,False
2026-09-03T21:50:16.401287+00:00,KXBTC15M-26SEP031800-00,81554.23,583.6,81686.76,132.52999999999884,DOWN,0.65,0.6607502860237582,0.01075028602375816,0.0,0.0,0.0,0.0,0.0,0.0,0,False
2026-09-03T21:50:21.374125+00:00,KXBTC15M-26SEP031800-00,81554.23,578.63,81688.76,134.52999999999884,DOWN,0.65,0.6607502860237582,0.01075028602375816,0.0,0.0,0.0,0.0,0.0,0.0,0,False
2026-09-03T21:50:26.377530+00:00,KXBTC15M-26SEP031800-00,81554.23,573.62,81703.38,149.15000000000873,DOWN,0.65,0.6607502860237582,0.01075028602375816,0.0,0.0,0.0,0.0,0.0,0.0,0,False
2026-09-03T21:50:31.404182+00:00,KXBTC15M-26SEP031800-00,81554.23,568.6,81689.53,135.3000000000029,DOWN,0.65,0.6607502860237582,0.01075028602375816,0.0,0.0,0.0,0.0,0.0,0.0,0,False
2026-09-03T21:50:36.378400+00:00,KXBTC15M-26SEP031800-00,81554.23,563.62,81680.31,126.08000000000175,DOWN,0.65,0.6607502860237582,0.01075028602375816,0.0,0.0,0.0,0.0,0.0,0.0,0,False
2026-09-03T21:50:41.376862+00:00,KXBTC15M-26SEP031800-00,81554.23,558.62,81672.45,118.22000000000116,DOWN,0.65,0.6607502860237582,0.01075028602375816,0.0,0.0,0.0,0.0,0.0,0.0,0,False
2026-09-03T21:50:46.409370+00:00,KXBTC15M-26SEP031800-00,81554.23,553.59,81648.4,94.16999999999825,DOWN,0.65,0.6607502860237582,0.01075028602375816,0.0,0.0,0.0,0.0,0.0,0.0,0,False
2026-09-03T21:50:51.375981+00:00,KXBTC15M-26SEP031800-00,81554.23,548.62,81645.1,90.8700000000099,DOWN,0.65,0.6607502860237582,0.01075028602375816,0.0,0.0,0.0,0.0,0.0,0.0,0,False
2026-09-03T21:50:56.378648+00:00,KXBTC15M-26SEP031800-00,81554.23,543.62,81645.95,91.72000000000116,DOWN,0.65,0.6607502860237582,0.01075028602375816,0.0,0.0,0.0,0.0,0.0,0.0,0,False
2026-09-03T21:51:01.414892+00:00,KXBTC15M-26SEP031800-00,81554.23,538.59,81646.83,92.60000000000582,DOWN,0.65,0.6607502860237582,0.01075028602375816,0.0,0.0,0.0,0.0,0.0,0.0,0,False
2026-09-03T21:51:06.377543+00:00,KXBTC15M-26SEP031800-00,81554.23,533.62,81661.19,106.9600000000064,DOWN,0.65,0.6607502860237582,0.01075028602375816,0.0,0.0,0.0,0.0,0.0,0.0,0,False
2026-09-03T21:51:11.376720+00:00,KXBTC15M-26SEP031800-00,81554.23,528.62,81668.5,114.27000000000407,DOWN,0.65,0.6607502860237582,0.01075028602375816,0.0,0.0,0.0,0.0,0.0,0.0,0,False
2026-09-03T21:51:16.401731+00:00,KXBTC15M-26SEP031800-00,81554.23,523.6,81669.39,115.16000000000349,DOWN,0.65,0.6607502860237582,0.01075028602375816,0.0,0.0,0.0,0.0,0.0,0.0,0,False
2026-09-03T21:51:21.381757+00:00,KXBTC15M-26SEP031800-00,81554.23,518.62,81660.49,106.26000000000931,DOWN,0.65,0.6607502860237582,0.01075028602375816,0.0,0.0,0.0,0.0,0.0,0.0,0,False
2026-09-03T21:51:26.378447+00:00,KXBTC15M-26SEP031800-00,81554.23,513.62,81658.37,104.13999999999942,DOWN,0.65,0.6607502860237582,0.01075028602375816,0.0,0.0,0.0,0.0,0.0,0.0,0,False
2026-09-03T21:51:31.404899+00:00,KXBTC15M-26SEP031800-00,81554.23,508.6,81651.27,97.04000000000815,DOWN,0.65,0.6607502860237582,0.01075028602375816,0.0,0.0,0.0,0.0,0.0,0.0,0,False
2026-09-03T21:51:36.376070+00:00,KXBTC15M-26SEP031800-00,81554.23,503.62,81651.27,97.04000000000815,DOWN,0.65,0.6607502860237582,0.01075028602375816,0.0,0.0,0.0,0.0,0.0,0.0,0,False
2026-09-03T21:51:41.383157+00:00,KXBTC15M-26SEP031800-00,81554.23,498.62,81660.78,106.55000000000291,DOWN,0.65,0.6607502860237582,0.01075028602375816,0.0,0.0,0.0,0.0,0.0,0.0,0,False
2026-09-03T21:51:46.409545+00:00,KXBTC15M-26SEP031800-00,81554.23,493.59,81638.3,84.07000000000698,DOWN,0.65,0.6607502860237582,0.01075028602375816,0.0,0.0,0.0,0.0,0.0,0.0,0,False
2026-09-03T21:51:51.380260+00:00,KXBTC15M-26SEP031800-00,81554.23,488.62,81638.69,84.4600000000064,DOWN,0.65,0.6607502860237582,0.01075028602375816,0.0,0.0,0.0,0.0,0.0,0.0,0,False
2026-09-03T21:51:56.380324+00:00,KXBTC15M-26SEP031800-00,81554.23,483.62,81645.76,91.52999999999884,DOWN,0.65,0.6607502860237582,0.01075028602375816,0.0,0.0,0.0,0.0,0.0,0.0,0,False
2026-09-03T21:52:01.426918+00:00,KXBTC15M-26SEP031800-00,81554.23,478.57,81645.78,91.55000000000291,DOWN,0.65,0.6607502860237582,0.01075028602375816,0.0,0.0,0.0,0.0,0.0,0.0,0,False
2026-09-03T21:52:06.394886+00:00,KXBTC15M-26SEP031800-00,81554.23,473.61,81651.17,96.94000000000233,DOWN,0.65,0.6607502860237582,0.01075028602375816,0.0,0.0,0.0,0.0,0.0,0.0,0,False
2026-09-03T21:52:11.377179+00:00,KXBTC15M-26SEP031800-00,81554.23,468.62,81653.27,99.04000000000815,DOWN,0.65,0.6607502860237582,0.01075028602375816,0.0,0.0,0.0,0.0,0.0,0.0,0,False
2026-09-03T21:52:16.400983+00:00,KXBTC15M-26SEP031800-00,81554.23,463.6,81653.28,99.05000000000291,DOWN,0.65,0.6607502860237582,0.01075028602375816,0.0,0.0,0.0,0.0,0.0,0.0,0,False
2026-09-03T21:52:21.377407+00:00,KXBTC15M-26SEP031800-00,81554.23,458.62,81653.28,99.05000000000291,DOWN,0.65,0.6607502860237582,0.01075028602375816,0.0,0.0,0.0,0.0,0.0,0.0,0,False
2026-09-03T21:52:26.378155+00:00,KXBTC15M-26SEP031800-00,81554.23,453.62,81651.57,97.34000000001106,DOWN,0.65,0.6607502860237582,0.01075028602375816,0.0,0.0,0.0,0.0,0.0,0.0,0,False
2026-09-03T21:52:31.402684+00:00,KXBTC15M-26SEP031800-00,81554.23,448.6,81648.74,94.51000000000931,DOWN,0.65,0.6607502860237582,0.01075028602375816,0.0,0.0,0.0,0.0,0.0,0.0,0,False
2026-09-03T21:52:36.376604+00:00,KXBTC15M-26SEP031800-00,81554.23,443.62,81668.6,114.3700000000099,DOWN,0.65,0.6607502860237582,0.01075028602375816,0.0,0.0,0.0,0.0,0.0,0.0,0,False
2026-09-03T21:52:41.376993+00:00,KXBTC15M-26SEP031800-00,81554.23,438.62,81669.58,115.35000000000582,DOWN,0.65,0.6607502860237582,0.01075028602375816,0.0,0.0,0.0,0.0,0.0,0.0,0,False
2026-09-03T21:52:46.400293+00:00,KXBTC15M-26SEP031800-00,81554.23,433.6,81669.79,115.55999999999767,DOWN,0.65,0.6607502860237582,0.01075028602375816,0.0,0.0,0.0,0.0,0.0,0.0,0,False
2026-09-03T21:52:51.376977+00:00,KXBTC15M-26SEP031800-00,81554.23,428.62,81662.45,108.22000000000116,DOWN,0.65,0.6607502860237582,0.01075028602375816,0.0,0.0,0.0,0.0,0.0,0.0,0,False
2026-09-03T21:52:56.376860+00:00,KXBTC15M-26SEP031800-00,81554.23,423.62,81664.05,109.82000000000698,DOWN,0.65,0.6607502860237582,0.01075028602375816,0.0,0.0,0.0,0.0,0.0,0.0,0,False
2026-09-03T21:53:01.395812+00:00,KXBTC15M-26SEP031800-00,81554.23,418.6,81692.9,138.66999999999825,DOWN,0.65,0.6607502860237582,0.01075028602375816,0.0,0.0,0.0,0.0,0.0,0.0,0,False
2026-09-03T21:53:06.376843+00:00,KXBTC15M-26SEP031800-00,81554.23,413.62,81692.9,138.66999999999825,DOWN,0.65,0.6607502860237582,0.01075028602375816,0.0,0.0,0.0,0.0,0.0,0.0,0,False
2026-09-03T21:53:11.420606+00:00,KXBTC15M-26SEP031800-00,81554.23,408.58,81697.98,143.75,DOWN,0.65,0.6607502860237582,0.01075028602375816,0.0,0.0,0.0,0.0,0.0,0.0,0,False
2026-09-03T21:53:16.400312+00:00,KXBTC15M-26SEP031800-00,81554.23,403.6,81721.21,166.98000000001048,DOWN,0.65,0.6607502860237582,0.01075028602375816,0.0,0.0,0.0,0.0,0.0,0.0,0,False
2026-09-03T21:53:21.378497+00:00,KXBTC15M-26SEP031800-00,81554.23,398.62,81731.06,176.83000000000175,DOWN,0.65,0.6607502860237582,0.01075028602375816,0.0,0.0,0.0,0.0,0.0,0.0,0,False
2026-09-03T21:53:26.380776+00:00,KXBTC15M-26SEP031800-00,81554.23,393.62,81719.63,165.40000000000873,DOWN,0.65,0.6607502860237582,0.01075028602375816,0.0,0.0,0.0,0.0,0.0,0.0,0,False
2026-09-03T21:53:31.402027+00:00,KXBTC15M-26SEP031800-00,81554.23,388.6,81719.62,165.38999999999942,DOWN,0.65,0.6607502860237582,0.01075028602375816,0.0,0.0,0.0,0.0,0.0,0.0,0,False
2026-09-03T21:53:36.394777+00:00,KXBTC15M-26SEP031800-00,81554.23,383.61,81719.63,165.40000000000873,DOWN,0.65,0.6607502860237582,0.01075028602375816,0.0,0.0,0.0,0.0,0.0,0.0,0,False
2026-09-03T21:53:41.383488+00:00,KXBTC15M-26SEP031800-00,81554.23,378.62,81719.62,165.38999999999942,DOWN,0.65,0.6607502860237582,0.01075028602375816,0.0,0.0,0.0,0.0,0.0,0.0,0,False
2026-09-03T21:53:46.401124+00:00,KXBTC15M-26SEP031800-00,81554.23,373.6,81719.63,165.40000000000873,DOWN,0.65,0.6607502860237582,0.01075028602375816,0.0,0.0,0.0,0.0,0.0,0.0,0,False
2026-09-03T21:53:51.378240+00:00,KXBTC15M-26SEP031800-00,81554.23,368.62,81692.91,138.68000000000757,DOWN,0.65,0.6607502860237582,0.01075028602375816,0.0,0.0,0.0,0.0,0.0,0.0,0,False
2026-09-03T21:53:56.381817+00:00,KXBTC15M-26SEP031800-00,81554.23,363.62,81692.5,138.27000000000407,DOWN,0.65,0.6607502860237582,0.01075028602375816,0.0,0.0,0.0,0.0,0.0,0.0,0,False
2026-09-03T21:54:01.391236+00:00,KXBTC15M-26SEP031800-00,81554.23,358.61,81699.42,145.19000000000233,DOWN,0.65,0.6607502860237582,0.01075028602375816,0.0,0.0,0.0,0.0,0.0,0.0,0,False
2026-09-03T21:54:06.380854+00:00,KXBTC15M-26SEP031800-00,81554.23,353.62,81699.42,145.19000000000233,DOWN,0.65,0.6607502860237582,0.01075028602375816,0.0,0.0,0.0,0.0,0.0,0.0,0,False
2026-09-03T21:54:11.377968+00:00,KXBTC15M-26SEP031800-00,81554.23,348.62,81727.71,173.48000000001048,DOWN,0.65,0.6607502860237582,0.01075028602375816,0.0,0.0,0.0,0.0,0.0,0.0,0,False
2026-09-03T21:54:16.411164+00:00,KXBTC15M-26SEP031800-00,81554.23,343.59,81727.12,172.88999999999942,DOWN,0.65,0.6607502860237582,0.01075028602375816,0.0,0.0,0.0,0.0,0.0,0.0,0,False
2026-09-03T21:54:21.393907+00:00,KXBTC15M-26SEP031800-00,81554.23,338.61,81717.61,163.38000000000466,DOWN,0.65,0.6607502860237582,0.01075028602375816,0.0,0.0,0.0,0.0,0.0,0.0,0,False
2026-09-03T21:54:26.387650+00:00,KXBTC15M-26SEP031800-00,81554.23,333.61,81727.87,173.63999999999942,DOWN,0.65,0.6607502860237582,0.01075028602375816,0.0,0.0,0.0,0.0,0.0,0.0,0,False
2026-09-03T21:54:31.400792+00:00,KXBTC15M-26SEP031800-00,81554.23,328.6,81730.0,175.77000000000407,DOWN,0.65,0.6607502860237582,0.01075028602375816,0.0,0.0,0.0,0.0,0.0,0.0,0,False
2026-09-03T21:54:36.380095+00:00,KXBTC15M-26SEP031800-00,81554.23,323.62,81727.86,173.63000000000466,DOWN,0.65,0.6607502860237582,0.01075028602375816,0.0,0.0,0.0,0.0,0.0,0.0,0,False
2026-09-03T21:54:41.382563+00:00,KXBTC15M-26SEP031800-00,81554.23,318.62,81759.0,204.77000000000407,DOWN,0.65,0.6607502860237582,0.01075028602375816,0.0,0.0,0.0,0.0,0.0,0.0,0,False
2026-09-03T21:54:46.402785+00:00,KXBTC15M-26SEP031800-00,81554.23,313.6,81759.01,204.77999999999884,DOWN,0.65,0.6607502860237582,0.01075028602375816,0.0,0.0,0.0,0.0,0.0,0.0,0,False
2026-09-03T21:54:51.381671+00:00,KXBTC15M-26SEP031800-00,81554.23,308.62,81756.62,202.38999999999942,DOWN,0.65,0.6607502860237582,0.01075028602375816,0.0,0.0,0.0,0.0,0.0,0.0,0,False
2026-09-03T21:54:56.380698+00:00,KXBTC15M-26SEP031800-00,81554.23,303.62,81750.32,196.09000000001106,DOWN,0.65,0.6607502860237582,0.01075028602375816,0.0,0.0,0.0,0.0,0.0,0.0,0,False
2026-09-03T21:55:01.403355+00:00,KXBTC15M-26SEP031800-00,81554.23,298.6,81748.86,194.63000000000466,DOWN,0.65,0.6607502860237582,0.01075028602375816,0.0,0.0,0.0,0.0,0.0,0.0,0,False
2026-09-03T21:55:06.395352+00:00,KXBTC15M-26SEP031800-00,81554.23,293.6,81729.46,175.23000000001048,DOWN,0.65,0.6607502860237582,0.01075028602375816,0.0,0.0,0.0,0.0,0.0,0.0,0,False
2026-09-03T21:55:11.379646+00:00,KXBTC15M-26SEP031800-00,81554.23,288.62,81670.57,116.34000000001106,DOWN,0.65,0.6607502860237582,0.01075028602375816,0.0,0.0,0.0,0.0,0.0,0.0,0,False
2026-09-03T21:55:16.407173+00:00,KXBTC15M-26SEP031800-00,81554.23,283.59,81658.98,104.75,DOWN,0.65,0.6607502860237582,0.01075028602375816,0.0,0.0,0.0,0.0,0.0,0.0,0,False
2026-09-03T21:55:21.378463+00:00,KXBTC15M-26SEP031800-00,81554.23,278.62,81661.7,107.47000000000116,DOWN,0.65,0.6607502860237582,0.01075028602375816,0.0,0.0,0.0,0.0,0.0,0.0,0,False
2026-09-03T21:55:26.380145+00:00,KXBTC15M-26SEP031800-00,81554.23,273.62,81661.87,107.63999999999942,DOWN,0.65,0.6607502860237582,0.01075028602375816,0.0,0.0,0.0,0.0,0.0,0.0,0,False
2026-09-03T21:55:31.402839+00:00,KXBTC15M-26SEP031800-00,81554.23,268.6,81676.65,122.41999999999825,DOWN,0.65,0.6607502860237582,0.01075028602375816,0.0,0.0,0.0,0.0,0.0,0.0,0,False
2026-09-03T21:55:36.380795+00:00,KXBTC15M-26SEP031800-00,81554.23,263.62,81678.66,124.43000000000757,DOWN,0.65,0.6607502860237582,0.01075028602375816,0.0,0.0,0.0,0.0,0.0,0.0,0,False
2026-09-03T21:55:41.412799+00:00,KXBTC15M-26SEP031800-00,81554.23,258.59,81673.62,119.38999999999942,DOWN,0.65,0.6607502860237582,0.01075028602375816,0.0,0.0,0.0,0.0,0.0,0.0,0,False
2026-09-03T21:55:46.400575+00:00,KXBTC15M-26SEP031800-00,81554.23,253.6,81673.61,119.38000000000466,DOWN,0.65,0.6607502860237582,0.01075028602375816,0.0,0.0,0.0,0.0,0.0,0.0,0,False
2026-09-03T21:55:51.438448+00:00,KXBTC15M-26SEP031800-00,81554.23,248.56,81668.93,114.69999999999709,DOWN,0.65,0.6607502860237582,0.01075028602375816,0.0,0.0,0.0,0.0,0.0,0.0,0,False
2026-09-03T21:55:56.385625+00:00,KXBTC15M-26SEP031800-00,81554.23,243.61,81665.4,111.16999999999825,DOWN,0.65,0.6607502860237582,0.01075028602375816,0.0,0.0,0.0,0.0,0.0,0.0,0,False
2026-09-03T21:56:01.391284+00:00,KXBTC15M-26SEP031800-00,81554.23,238.61,81655.33,101.10000000000582,DOWN,0.65,0.6607502860237582,0.01075028602375816,0.0,0.0,0.0,0.0,0.0,0.0,0,False
2026-09-03T21:56:06.381450+00:00,KXBTC15M-26SEP031800-00,81554.23,233.62,81668.83,114.60000000000582,DOWN,0.65,0.6607502860237582,0.01075028602375816,0.0,0.0,0.0,0.0,0.0,0.0,0,False
2026-09-03T21:56:11.384406+00:00,KXBTC15M-26SEP031800-00,81554.23,228.62,81650.01,95.77999999999884,DOWN,0.65,0.6607502860237582,0.01075028602375816,0.0,0.0,0.0,0.0,0.0,0.0,0,False
2026-09-03T21:56:16.402537+00:00,KXBTC15M-26SEP031800-00,81554.23,223.6,81656.69,102.4600000000064,DOWN,0.65,0.6607502860237582,0.01075028602375816,0.0,0.0,0.0,0.0,0.0,0.0,0,False
2026-09-03T21:56:21.383745+00:00,KXBTC15M-26SEP031800-00,81554.23,218.62,81638.48,84.25,DOWN,0.65,0.6607502860237582,0.01075028602375816,0.0,0.0,0.0,0.0,0.0,0.0,0,False
2026-09-03T21:56:26.535876+00:00,KXBTC15M-26SEP031800-00,81554.23,213.46,81628.28,74.05000000000291,DOWN,0.65,0.6607502860237582,0.01075028602375816,0.0,0.0,0.0,0.0,0.0,0.0,0,False
2026-09-03T21:56:31.404968+00:00,KXBTC15M-26SEP031800-00,81554.23,208.6,81628.28,74.05000000000291,DOWN,0.65,0.6607502860237582,0.01075028602375816,0.0,0.0,0.0,0.0,0.0,0.0,0,False
2026-09-03T21:56:36.382809+00:00,KXBTC15M-26SEP031800-00,81554.23,203.62,81632.02,77.79000000000815,DOWN,0.65,0.6607502860237582,0.01075028602375816,0.0,0.0,0.0,0.0,0.0,0.0,0,False
2026-09-03T21:56:41.400201+00:00,KXBTC15M-26SEP031800-00,81554.23,198.6,81632.01,77.77999999999884,DOWN,0.65,0.6607502860237582,0.01075028602375816,0.0,0.0,0.0,0.0,0.0,0.0,0,False
2026-09-03T21:56:46.415496+00:00,KXBTC15M-26SEP031800-00,81554.23,193.58,81632.02,77.79000000000815,DOWN,0.65,0.6607502860237582,0.01075028602375816,0.0,0.0,0.0,0.0,0.0,0.0,0,False
2026-09-03T21:56:51.384716+00:00,KXBTC15M-26SEP031800-00,81554.23,188.62,81626.63,72.40000000000873,DOWN,0.65,0.6607502860237582,0.01075028602375816,0.0,0.0,0.0,0.0,0.0,0.0,0,False
2026-09-03T21:56:56.454185+00:00,KXBTC15M-26SEP031800-00,81554.23,183.55,81626.63,72.40000000000873,DOWN,0.65,0.6607502860237582,0.01075028602375816,0.0,0.0,0.0,0.0,0.0,0.0,0,False
2026-09-03T21:57:01.408461+00:00,KXBTC15M-26SEP031800-00,81554.23,178.59,81626.63,72.40000000000873,DOWN,0.65,0.6607502860237582,0.01075028602375816,0.0,0.0,0.0,0.0,0.0,0.0,0,False
2026-09-03T21:57:06.382531+00:00,KXBTC15M-26SEP031800-00,81554.23,173.62,81628.35,74.1200000000099,DOWN,0.65,0.6607502860237582,0.01075028602375816,0.0,0.0,0.0,0.0,0.0,0.0,0,False
2026-09-03T21:57:11.381181+00:00,KXBTC15M-26SEP031800-00,81554.23,168.62,81628.36,74.13000000000466,DOWN,0.65,0.6607502860237582,0.01075028602375816,0.0,0.0,0.0,0.0,0.0,0.0,0,False
2026-09-03T21:57:16.407888+00:00,KXBTC15M-26SEP031800-00,81554.23,163.59,81628.35,74.1200000000099,DOWN,0.65,0.6607502860237582,0.01075028602375816,0.0,0.0,0.0,0.0,0.0,0.0,0,False
2026-09-03T21:57:21.382250+00:00,KXBTC15M-26SEP031800-00,81554.23,158.62,81628.36,74.13000000000466,DOWN,0.65,0.6607502860237582,0.01075028602375816,0.0,0.0,0.0,0.0,0.0,0.0,0,False
2026-09-03T21:57:26.383360+00:00,KXBTC15M-26SEP031800-00,81554.23,153.62,81628.36,74.13000000000466,DOWN,0.65,0.6607502860237582,0.01075028602375816,0.0,0.0,0.0,0.0,0.0,0.0,0,False
2026-09-03T21:57:31.403323+00:00,KXBTC15M-26SEP031800-00,81554.23,148.6,81621.76,67.52999999999884,DOWN,0.65,0.6607502860237582,0.01075028602375816,0.0,0.0,0.0,0.0,0.0,0.0,0,False
2026-09-03T21:57:36.385404+00:00,KXBTC15M-26SEP031800-00,81554.23,143.61,81608.01,53.779999999998836,DOWN,0.65,0.6607502860237582,0.01075028602375816,0.0,0.0,0.0,0.0,0.0,0.0,0,False
2026-09-03T21:57:41.386031+00:00,KXBTC15M-26SEP031800-00,81554.23,138.61,81598.59,44.36000000000058,DOWN,0.65,0.6607502860237582,0.01075028602375816,0.0,0.0,0.0,0.0,0.0,0.0,0,False
2026-09-03T21:57:46.400834+00:00,KXBTC15M-26SEP031800-00,81554.23,133.6,81644.28,90.05000000000291,DOWN,0.65,0.6607502860237582,0.01075028602375816,0.0,0.0,0.0,0.0,0.0,0.0,0,False
