timestamp_utc,ticker,target,elapsed_min,remaining_min,coinbase_close,distance_target,current_side,flip_prob,stay_prob,fair_up,fair_down,preferred_side,fair_preferred,up_bid,up_ask,down_bid,down_ask,preferred_ask,edge,signal_status,entry_status,ts,distance_target_num,remaining_num,call_side_candidate,signal_status_norm,fair_pref_num,official_side,initial_signed_distance,drop_4m,drop_6m,call_side,correct,early_warning,late_danger,layer_a_state,warned
2026-08-23T14:49:43.735041+00:00,KXBTC15M-26AUG231100-00,77047.72,4.728917350000001,10.27108265,77167.82,120.10000000000582,UP,0.19811320754716982,0.8018867924528301,0.8018867924528301,0.19811320754716982,UP,0.8018867924528301,0.75,0.76,0.24,0.25,0.76,0.04188679245283011,STRONG,SMALL EDGE,2026-08-23 14:49:43.735041+00:00,120.10000000000582,10.27108265,UP,STRONG,0.8018867924528301,UP,120.10000000000582,3.8100000000122236,3.8100000000122236,UP,True,False,False,CLEAN,False
2026-08-23T15:06:43.848379+00:00,KXBTC15M-26AUG231115-15,77161.21,6.730806316666667,8.269193683333333,77320.06,158.84999999999127,UP,0.109375,0.890625,0.890625,0.109375,UP,0.890625,0.78,0.79,0.21,0.22,0.79,0.10062499999999996,STRONG,POSITIVE EDGE,2026-08-23 15:06:43.848379+00:00,158.84999999999127,8.269193683333333,UP,STRONG,0.890625,UP,158.84999999999127,80.25999999999476,94.92999999999302,UP,True,False,True,LATE_DANGER_ONLY,True
2026-08-23T15:19:43.688140+00:00,KXBTC15M-26AUG231130-30,77169.46,4.728135666666666,10.271864333333333,76951.72,-217.74000000000524,DOWN,0.06989247311827956,0.9301075268817205,0.06989247311827956,0.9301075268817205,DOWN,0.9301075268817205,0.1,0.11,0.89,0.9,0.9,0.03010752688172047,EARLY 90%+ / NOT YET VALIDATED LOCK,SMALL EDGE,2026-08-23 15:19:43.688140+00:00,-217.74000000000524,10.271864333333331,DOWN,EARLY 90%+ / NOT YET VALIDATED LOCK,0.9301075268817204,UP,217.74000000000524,272.97000000000116,272.97000000000116,DOWN,False,True,True,CONFIRMED_DANGER,True
2026-08-23T15:50:43.832562+00:00,KXBTC15M-26AUG231200-00,77273.25,5.7305427,9.2694573,77168.46,-104.7899999999936,DOWN,0.19811320754716982,0.8018867924528301,0.19811320754716982,0.8018867924528301,DOWN,0.8018867924528301,0.15,0.16,0.84,0.85,0.85,-0.048113207547169856,STRONG,NO VALUE,2026-08-23 15:50:43.832562+00:00,-104.7899999999936,9.2694573,DOWN,STRONG,0.8018867924528301,DOWN,104.7899999999936,21.879999999990105,21.879999999990105,DOWN,True,False,False,CLEAN,False
2026-08-23T16:03:43.928489+00:00,KXBTC15M-26AUG231215-15,77138.38,3.7321414833333337,11.267858516666667,77259.59,121.20999999999185,UP,0.19811320754716982,0.8018867924528301,0.8018867924528301,0.19811320754716982,UP,0.8018867924528301,0.8,0.81,0.19,0.2,0.81,-0.008113207547169932,STRONG,NO VALUE,2026-08-23 16:03:43.928489+00:00,121.20999999999184,11.267858516666667,UP,STRONG,0.8018867924528301,UP,121.20999999999184,42.11000000000057,42.11000000000057,UP,True,False,False,CLEAN,False
2026-08-23T16:35:13.851552+00:00,KXBTC15M-26AUG231245-45,77296.21,5.2308592,9.7691408,77407.71,111.5,UP,0.06989247311827956,0.9301075268817205,0.9301075268817205,0.06989247311827956,UP,0.9301075268817205,0.87,0.88,0.12,0.13,0.88,0.05010752688172049,EARLY 90%+ / NOT YET VALIDATED LOCK,SMALL EDGE,2026-08-23 16:35:13.851552+00:00,111.5,9.7691408,UP,EARLY 90%+ / NOT YET VALIDATED LOCK,0.9301075268817204,UP,111.5,88.97000000000116,88.97000000000116,UP,True,False,True,LATE_DANGER_ONLY,True
2026-08-23T17:03:13.925271+00:00,KXBTC15M-26AUG231315-15,77413.88,3.23208785,11.76791215,77263.33,-150.5500000000029,DOWN,0.19811320754716982,0.8018867924528301,0.19811320754716982,0.8018867924528301,DOWN,0.8018867924528301,0.18,0.19,0.81,0.82,0.82,-0.01811320754716983,STRONG,NO VALUE,2026-08-23 17:03:13.925271+00:00,-150.5500000000029,11.76791215,DOWN,STRONG,0.8018867924528301,DOWN,150.5500000000029,46.38999999999943,68.75,DOWN,True,False,False,CLEAN,False
2026-08-23T19:20:48.459643+00:00,KXBTC15M-26AUG231530-30,77304.71,5.807660716666667,9.192339283333332,77366.45,61.73999999999069,UP,0.19811320754716982,0.8018867924528301,0.8018867924528301,0.19811320754716982,UP,0.8018867924528301,0.74,0.75,0.25,0.26,0.75,0.05188679245283012,STRONG,SMALL EDGE,2026-08-23 19:20:48.459643+00:00,61.73999999999069,9.192339283333332,UP,STRONG,0.8018867924528301,UP,61.73999999999069,14.410000000003485,17.139999999999418,UP,True,False,False,CLEAN,False
2026-08-23T19:36:04.947288+00:00,KXBTC15M-26AUG231545-45,77338.78,6.0824548,8.917545200000001,77333.59,-5.190000000002328,DOWN,1.0,0.0,1.0,0.0,UP,1.0,0.42,0.43,0.57,0.58,0.43,0.5700000000000001,EARLY 90%+ / NOT YET VALIDATED LOCK,IDEAL <=50c / LARGE EDGE,2026-08-23 19:36:04.947288+00:00,-5.190000000002328,8.917545200000001,UP,EARLY 90%+ / NOT YET VALIDATED LOCK,1.0,UP,-5.190000000002328,4.319999999992431,4.319999999992431,UP,True,False,False,CLEAN,False
2026-08-23T19:51:35.947025+00:00,KXBTC15M-26AUG231600-00,77413.66,6.599117083333334,8.400882916666667,77373.1,-40.55999999999767,DOWN,0.19811320754716982,0.8018867924528301,0.19811320754716982,0.8018867924528301,DOWN,0.8018867924528301,0.32,0.33,0.67,0.68,0.68,0.12188679245283007,STRONG,POSITIVE EDGE,2026-08-23 19:51:35.947025+00:00,-40.55999999999767,8.400882916666667,DOWN,STRONG,0.8018867924528301,DOWN,40.55999999999767,6.44999999999709,6.44999999999709,DOWN,True,False,False,CLEAN,False
2026-08-23T20:03:09.747010+00:00,KXBTC15M-26AUG231615-15,77338.44,3.1624501666666665,11.837549833333332,77198.38,-140.05999999999767,DOWN,0.19811320754716982,0.8018867924528301,0.19811320754716982,0.8018867924528301,DOWN,0.8018867924528301,0.34,0.35,0.65,0.66,0.66,0.1418867924528301,STRONG,POSITIVE EDGE,2026-08-23 20:03:09.747010+00:00,-140.05999999999767,11.837549833333332,DOWN,STRONG,0.8018867924528301,DOWN,140.05999999999767,56.11999999999534,56.11999999999534,DOWN,True,False,False,CLEAN,False
2026-08-23T20:18:47.968723+00:00,KXBTC15M-26AUG231630-30,77267.85,3.799478716666667,11.200521283333334,77299.12,31.269999999989523,UP,0.109375,0.890625,0.890625,0.109375,UP,0.890625,0.51,0.52,0.48,0.49,0.52,0.370625,STRONG,LARGE EDGE / PRICE ABOVE 50c,2026-08-23 20:18:47.968723+00:00,31.269999999989523,11.200521283333334,UP,STRONG,0.890625,UP,31.269999999989523,8.610000000000582,8.610000000000582,UP,True,False,False,CLEAN,False
2026-08-23T20:48:42.205598+00:00,KXBTC15M-26AUG231700-00,77423.6,3.7034266333333337,11.296573366666667,77421.89,-1.7100000000064028,DOWN,1.0,0.0,1.0,0.0,UP,1.0,0.52,0.53,0.47,0.48,0.53,0.47,EARLY 90%+ / NOT YET VALIDATED LOCK,LARGE EDGE / PRICE ABOVE 50c,2026-08-23 20:48:42.205598+00:00,-1.7100000000064028,11.296573366666667,UP,EARLY 90%+ / NOT YET VALIDATED LOCK,1.0,DOWN,-1.7100000000064028,18.779999999998836,36.31999999999244,UP,False,False,False,CLEAN,False
2026-08-23T21:03:24.596316+00:00,KXBTC15M-26AUG231715-15,77394.94,3.4099386,11.5900614,77557.47,162.52999999999884,UP,0.19811320754716982,0.8018867924528301,0.8018867924528301,0.19811320754716982,UP,0.8018867924528301,0.88,0.89,0.11,0.12,0.89,-0.08811320754716989,STRONG,NO VALUE,2026-08-23 21:03:24.596316+00:00,162.52999999999884,11.5900614,UP,STRONG,0.8018867924528301,UP,162.52999999999884,0.0,0.0,UP,True,False,False,CLEAN,False
2026-08-23T21:18:16.077787+00:00,KXBTC15M-26AUG231730-30,77677.54,3.2679631166666665,11.732036883333334,77922.41,244.8700000000099,UP,0.05128205128205128,0.9487179487179487,0.9487179487179487,0.05128205128205128,UP,0.9487179487179487,0.87,0.88,0.12,0.13,0.88,0.06871794871794867,EARLY 90%+ / NOT YET VALIDATED LOCK,SMALL EDGE,2026-08-23 21:18:16.077787+00:00,244.8700000000099,11.732036883333334,UP,EARLY 90%+ / NOT YET VALIDATED LOCK,0.9487179487179488,UP,244.8700000000099,0.0,9.150000000008703,UP,True,False,False,CLEAN,False
2026-08-23T21:33:23.231343+00:00,KXBTC15M-26AUG231745-45,78013.52,3.3871890500000004,11.61281095,78011.82,-1.6999999999970896,DOWN,1.0,0.0,1.0,0.0,UP,1.0,0.52,0.53,0.47,0.48,0.53,0.47,EARLY 90%+ / NOT YET VALIDATED LOCK,LARGE EDGE / PRICE ABOVE 50c,2026-08-23 21:33:23.231343+00:00,-1.6999999999970896,11.61281095,UP,EARLY 90%+ / NOT YET VALIDATED LOCK,1.0,DOWN,-1.6999999999970896,232.8000000000029,284.29000000000815,UP,False,True,True,CONFIRMED_DANGER,True
2026-08-23T21:49:01.642810+00:00,KXBTC15M-26AUG231800-00,77608.94,4.027380166666666,10.972619833333333,77771.37,162.42999999999302,UP,0.19811320754716982,0.8018867924528301,0.8018867924528301,0.19811320754716982,UP,0.8018867924528301,0.81,0.82,0.18,0.19,0.82,-0.01811320754716983,STRONG,NO VALUE,2026-08-23 21:49:01.642810+00:00,162.42999999999302,10.972619833333331,UP,STRONG,0.8018867924528301,UP,162.42999999999302,0.0,7.75,UP,True,False,False,CLEAN,False
2026-08-23T22:04:47.858869+00:00,KXBTC15M-26AUG231815-15,77810.25,4.797647816666667,10.202352183333334,77623.75,-186.5,DOWN,0.19811320754716982,0.8018867924528301,0.19811320754716982,0.8018867924528301,DOWN,0.8018867924528301,0.26,0.27,0.73,0.74,0.74,0.06188679245283013,STRONG,SMALL EDGE,2026-08-23 22:04:47.858869+00:00,-186.5,10.202352183333334,DOWN,STRONG,0.8018867924528301,DOWN,186.5,126.14999999999418,140.41999999999825,DOWN,True,True,True,CONFIRMED_DANGER,True
2026-08-23T23:03:58.111678+00:00,KXBTC15M-26AUG231915-15,77596.94,3.968527966666667,11.031472033333333,77435.23,-161.7100000000064,DOWN,0.109375,0.890625,0.109375,0.890625,DOWN,0.890625,0.14,0.15,0.85,0.86,0.86,0.030625000000000013,STRONG,SMALL EDGE,2026-08-23 23:03:58.111678+00:00,-161.7100000000064,11.031472033333332,DOWN,STRONG,0.890625,DOWN,161.7100000000064,25.919999999998254,64.30999999999769,DOWN,True,False,False,CLEAN,False
2026-08-23T23:18:30.516002+00:00,KXBTC15M-26AUG231930-30,77455.9,3.508600033333333,11.491399966666668,77572.61,116.7100000000064,UP,0.19811320754716982,0.8018867924528301,0.8018867924528301,0.19811320754716982,UP,0.8018867924528301,0.67,0.68,0.32,0.33,0.68,0.12188679245283007,STRONG,POSITIVE EDGE,2026-08-23 23:18:30.516002+00:00,116.7100000000064,11.491399966666668,UP,STRONG,0.8018867924528301,UP,116.7100000000064,60.16000000000349,83.05999999999767,UP,True,False,False,CLEAN,False
2026-08-23T23:50:11.150543+00:00,KXBTC15M-26AUG232000-00,77453.21,5.185842383333334,9.814157616666668,77561.28,108.06999999999243,UP,0.06989247311827956,0.9301075268817205,0.9301075268817205,0.06989247311827956,UP,0.9301075268817205,0.8,0.81,0.19,0.2,0.81,0.12010752688172044,EARLY 90%+ / NOT YET VALIDATED LOCK,POSITIVE EDGE,2026-08-23 23:50:11.150543+00:00,108.06999999999243,9.814157616666668,UP,EARLY 90%+ / NOT YET VALIDATED LOCK,0.9301075268817204,UP,108.06999999999243,32.31999999999243,32.31999999999243,UP,True,False,False,CLEAN,False
2026-08-24T00:06:07.577761+00:00,KXBTC15M-26AUG232015-15,77718.34,6.126296016666667,8.873703983333334,77591.98,-126.36000000000058,DOWN,0.10714285714285714,0.8928571428571429,0.10714285714285714,0.8928571428571429,DOWN,0.8928571428571429,0.16,0.17,0.83,0.84,0.84,0.052857142857142936,STRONG,SMALL EDGE,2026-08-24 00:06:07.577761+00:00,-126.36000000000058,8.873703983333334,DOWN,STRONG,0.8928571428571429,DOWN,126.36000000000058,101.75,102.82000000000698,DOWN,True,True,True,CONFIRMED_DANGER,True
2026-08-24T00:21:27.808735+00:00,KXBTC15M-26AUG232030-30,77627.58,6.463478916666667,8.536521083333334,77484.89,-142.69000000000233,DOWN,0.10714285714285714,0.8928571428571429,0.10714285714285714,0.8928571428571429,DOWN,0.8928571428571429,0.17,0.18,0.82,0.83,0.83,0.06285714285714294,STRONG,SMALL EDGE,2026-08-24 00:21:27.808735+00:00,-142.69000000000233,8.536521083333334,DOWN,STRONG,0.8928571428571429,DOWN,142.69000000000233,12.479999999995925,12.479999999995925,DOWN,True,False,False,CLEAN,False
2026-08-24T00:36:02.046134+00:00,KXBTC15M-26AUG232045-45,77413.14,6.034102233333333,8.965897766666666,77579.35,166.2100000000064,UP,0.109375,0.890625,0.890625,0.109375,UP,0.890625,0.89,0.9,0.1,0.11,0.9,-0.009375000000000022,STRONG,NO VALUE,2026-08-24 00:36:02.046134+00:00,166.2100000000064,8.965897766666666,UP,STRONG,0.890625,DOWN,166.2100000000064,186.10000000000582,195.81000000001222,UP,False,True,True,CONFIRMED_DANGER,True
2026-08-24T16:03:51.340475+00:00,KXBTC15M-26AUG241215-15,79017.58,3.8556745833333332,11.144325416666668,79323.91,306.33000000000175,UP,0.011904761904761904,0.9880952380952381,0.9880952380952381,0.011904761904761904,UP,0.9880952380952381,0.82,0.83,0.17,0.18,0.83,0.15809523809523818,EARLY 90%+ / NOT YET VALIDATED LOCK,POSITIVE EDGE,2026-08-24 16:03:51.340475+00:00,306.33000000000175,11.144325416666668,UP,EARLY 90%+ / NOT YET VALIDATED LOCK,0.988095238095238,UP,306.33000000000175,31.15000000000873,31.15000000000873,UP,True,False,False,CLEAN,False
2026-08-24T16:18:35.824911+00:00,KXBTC15M-26AUG241230-30,79444.91,3.59708185,11.40291815,79753.66,308.75,UP,0.06989247311827956,0.9301075268817205,0.9301075268817205,0.06989247311827956,UP,0.9301075268817205,0.903,0.905,0.095,0.097,0.905,0.025107526881720466,EARLY 90%+ / NOT YET VALIDATED LOCK,SMALL EDGE,2026-08-24 16:18:35.824911+00:00,308.75,11.40291815,UP,EARLY 90%+ / NOT YET VALIDATED LOCK,0.9301075268817204,UP,308.75,0.0,0.0,UP,True,False,False,CLEAN,False
2026-08-24T16:51:37.215335+00:00,KXBTC15M-26AUG241300-00,79403.23,6.620255583333333,8.379744416666666,79157.46,-245.76999999998952,DOWN,0.06989247311827956,0.9301075268817205,0.06989247311827956,0.9301075268817205,DOWN,0.9301075268817205,0.13,0.14,0.86,0.87,0.87,0.0601075268817205,EARLY 90%+ / NOT YET VALIDATED LOCK,SMALL EDGE,2026-08-24 16:51:37.215335+00:00,-245.76999999998952,8.379744416666666,DOWN,EARLY 90%+ / NOT YET VALIDATED LOCK,0.9301075268817204,DOWN,245.76999999998952,0.0,0.0,DOWN,True,False,False,CLEAN,False
2026-08-24T17:03:27.647441+00:00,KXBTC15M-26AUG241315-15,79060.44,3.4607906833333333,11.539209316666668,78692.32,-368.11999999999534,DOWN,0.10714285714285714,0.8928571428571429,0.10714285714285714,0.8928571428571429,DOWN,0.8928571428571429,0.12,0.13,0.87,0.88,0.88,0.0128571428571429,STRONG,SMALL EDGE,2026-08-24 17:03:27.647441+00:00,-368.11999999999534,11.539209316666668,DOWN,STRONG,0.8928571428571429,UP,368.11999999999534,295.11999999999534,461.7299999999959,DOWN,False,True,True,CONFIRMED_DANGER,True
2026-08-24T17:20:44.090477+00:00,KXBTC15M-26AUG241330-30,79121.71,5.734841283333334,9.265158716666667,78908.89,-212.82000000000698,DOWN,0.19811320754716982,0.8018867924528301,0.19811320754716982,0.8018867924528301,DOWN,0.8018867924528301,0.19,0.2,0.8,0.81,0.81,-0.008113207547169932,STRONG,NO VALUE,2026-08-24 17:20:44.090477+00:00,-212.82000000000696,9.265158716666669,DOWN,STRONG,0.8018867924528301,DOWN,212.82000000000696,0.0,0.0,DOWN,True,False,False,CLEAN,False
2026-08-24T17:50:47.131669+00:00,KXBTC15M-26AUG241400-00,78677.36,5.785527816666667,9.214472183333333,78783.72,106.36000000000058,UP,0.109375,0.890625,0.890625,0.109375,UP,0.890625,0.63,0.64,0.36,0.37,0.64,0.250625,STRONG,LARGE EDGE / PRICE ABOVE 50c,2026-08-24 17:50:47.131669+00:00,106.36000000000058,9.214472183333331,UP,STRONG,0.890625,UP,106.36000000000058,96.91999999999825,168.7100000000064,UP,True,False,True,LATE_DANGER_ONLY,True
2026-08-24T18:05:23.099381+00:00,KXBTC15M-26AUG241415-15,78744.99,5.384989683333333,9.615010316666666,78906.46,161.47000000000116,UP,0.19811320754716982,0.8018867924528301,0.8018867924528301,0.19811320754716982,UP,0.8018867924528301,0.8,0.81,0.19,0.2,0.81,-0.008113207547169932,STRONG,NO VALUE,2026-08-24 18:05:23.099381+00:00,161.47000000000116,9.615010316666666,UP,STRONG,0.8018867924528301,UP,161.47000000000116,129.9200000000128,129.9200000000128,UP,True,True,True,CONFIRMED_DANGER,True
2026-08-24T18:19:41.265094+00:00,KXBTC15M-26AUG241430-30,78993.94,4.687751566666666,10.312248433333334,78992.2,-1.7400000000052387,DOWN,1.0,0.0,1.0,0.0,UP,1.0,0.41,0.42,0.58,0.59,0.42,0.5800000000000001,EARLY 90%+ / NOT YET VALIDATED LOCK,IDEAL <=50c / LARGE EDGE,2026-08-24 18:19:41.265094+00:00,-1.7400000000052387,10.312248433333334,UP,EARLY 90%+ / NOT YET VALIDATED LOCK,1.0,UP,-1.7400000000052387,61.86999999999534,61.86999999999534,UP,True,False,False,CLEAN,False
2026-08-24T19:18:36.875712+00:00,KXBTC15M-26AUG241530-30,79029.99,3.6145951999999997,11.3854048,78883.31,-146.68000000000757,DOWN,0.19811320754716982,0.8018867924528301,0.19811320754716982,0.8018867924528301,DOWN,0.8018867924528301,0.27,0.28,0.72,0.73,0.73,0.07188679245283014,STRONG,SMALL EDGE,2026-08-24 19:18:36.875712+00:00,-146.68000000000757,11.3854048,DOWN,STRONG,0.8018867924528301,DOWN,146.68000000000757,0.0,0.0,DOWN,True,False,False,CLEAN,False
2026-08-24T20:04:19.712256+00:00,KXBTC15M-26AUG241615-15,78750.21,4.328537600000001,10.6714624,78560.2,-190.0100000000093,DOWN,0.06989247311827956,0.9301075268817205,0.06989247311827956,0.9301075268817205,DOWN,0.9301075268817205,0.13,0.14,0.86,0.87,0.87,0.0601075268817205,EARLY 90%+ / NOT YET VALIDATED LOCK,SMALL EDGE,2026-08-24 20:04:19.712256+00:00,-190.0100000000093,10.6714624,DOWN,EARLY 90%+ / NOT YET VALIDATED LOCK,0.9301075268817204,DOWN,190.0100000000093,184.47999999999593,217.8000000000029,DOWN,True,True,True,CONFIRMED_DANGER,True
2026-08-24T20:20:28.678348+00:00,KXBTC15M-26AUG241630-30,78661.58,5.477972466666667,9.522027533333333,78730.4,68.81999999999243,UP,0.19811320754716982,0.8018867924528301,0.8018867924528301,0.19811320754716982,UP,0.8018867924528301,0.74,0.75,0.25,0.26,0.75,0.05188679245283012,STRONG,SMALL EDGE,2026-08-24 20:20:28.678348+00:00,68.81999999999243,9.522027533333333,UP,STRONG,0.8018867924528301,UP,68.81999999999243,39.029999999998836,63.40999999998894,UP,True,False,False,CLEAN,False
2026-08-24T20:34:46.724216+00:00,KXBTC15M-26AUG241645-45,78672.77,4.778736933333334,10.221263066666667,78799.54,126.76999999998952,UP,0.19811320754716982,0.8018867924528301,0.8018867924528301,0.19811320754716982,UP,0.8018867924528301,0.77,0.78,0.22,0.23,0.78,0.021886792452830095,STRONG,SMALL EDGE,2026-08-24 20:34:46.724216+00:00,126.76999999998952,10.221263066666667,UP,STRONG,0.8018867924528301,UP,126.76999999998952,0.0,0.0,UP,True,False,False,CLEAN,False
2026-08-24T21:04:43.828846+00:00,KXBTC15M-26AUG241715-15,78917.08,4.730480766666667,10.269519233333334,78992.2,75.11999999999534,UP,0.19811320754716982,0.8018867924528301,0.8018867924528301,0.19811320754716982,UP,0.8018867924528301,0.66,0.67,0.33,0.34,0.67,0.13188679245283008,STRONG,POSITIVE EDGE,2026-08-24 21:04:43.828846+00:00,75.11999999999534,10.269519233333334,UP,STRONG,0.8018867924528301,UP,75.11999999999534,16.84999999999126,16.84999999999126,UP,True,False,False,CLEAN,False
2026-08-24T21:20:27.350344+00:00,KXBTC15M-26AUG241730-30,79011.3,5.455839066666667,9.544160933333334,78850.89,-160.4100000000035,DOWN,0.06989247311827956,0.9301075268817205,0.06989247311827956,0.9301075268817205,DOWN,0.9301075268817205,0.12,0.13,0.87,0.88,0.88,0.05010752688172049,EARLY 90%+ / NOT YET VALIDATED LOCK,SMALL EDGE,2026-08-24 21:20:27.350344+00:00,-160.4100000000035,9.544160933333334,DOWN,EARLY 90%+ / NOT YET VALIDATED LOCK,0.9301075268817204,DOWN,160.4100000000035,87.07000000000698,87.07000000000698,DOWN,True,False,True,LATE_DANGER_ONLY,True
2026-08-24T21:49:24.584329+00:00,KXBTC15M-26AUG241800-00,78966.33,4.409738816666667,10.590261183333332,79024.88,58.55000000000291,UP,0.10714285714285714,0.8928571428571429,0.8928571428571429,0.10714285714285714,UP,0.8928571428571429,0.73,0.74,0.26,0.27,0.74,0.1528571428571429,STRONG,POSITIVE EDGE,2026-08-24 21:49:24.584329+00:00,58.55000000000291,10.590261183333332,UP,STRONG,0.8928571428571429,UP,58.55000000000291,89.79000000000815,115.97000000000116,UP,True,False,True,LATE_DANGER_ONLY,True
2026-08-24T22:34:31.122710+00:00,KXBTC15M-26AUG241845-45,78763.73,4.518711833333333,10.481288166666667,78892.4,128.66999999999825,UP,0.19811320754716982,0.8018867924528301,0.8018867924528301,0.19811320754716982,UP,0.8018867924528301,0.75,0.76,0.24,0.25,0.76,0.04188679245283011,STRONG,SMALL EDGE,2026-08-24 22:34:31.122710+00:00,128.66999999999825,10.481288166666667,UP,STRONG,0.8018867924528301,UP,128.66999999999825,31.40999999998894,80.86999999999534,UP,True,False,False,CLEAN,False
2026-08-24T23:20:38.847167+00:00,KXBTC15M-26AUG241930-30,78720.57,5.647452783333334,9.352547216666666,78807.48,86.90999999998894,UP,0.109375,0.890625,0.890625,0.109375,UP,0.890625,0.78,0.79,0.21,0.22,0.79,0.10062499999999996,STRONG,POSITIVE EDGE,2026-08-24 23:20:38.847167+00:00,86.90999999998894,9.352547216666666,UP,STRONG,0.890625,UP,86.90999999998894,0.0,0.0,UP,True,False,False,CLEAN,False
2026-08-25T00:18:34.445200+00:00,KXBTC15M-26AUG242030-30,78946.1,3.5740866666666666,11.425913333333334,78768.49,-177.61000000000058,DOWN,0.10714285714285714,0.8928571428571429,0.10714285714285714,0.8928571428571429,DOWN,0.8928571428571429,0.16,0.17,0.83,0.84,0.84,0.052857142857142936,STRONG,SMALL EDGE,2026-08-25 00:18:34.445200+00:00,-177.61000000000058,11.425913333333334,DOWN,STRONG,0.8928571428571429,DOWN,177.61000000000058,34.75999999999476,73.33999999999651,DOWN,True,False,False,CLEAN,False
2026-08-25T00:48:30.948418+00:00,KXBTC15M-26AUG242100-00,79318.49,3.5158069666666667,11.484193033333334,79564.95,246.45999999999185,UP,0.19811320754716982,0.8018867924528301,0.8018867924528301,0.19811320754716982,UP,0.8018867924528301,0.87,0.88,0.12,0.13,0.88,-0.07811320754716988,STRONG,NO VALUE,2026-08-25 00:48:30.948418+00:00,246.45999999999185,11.484193033333334,UP,STRONG,0.8018867924528301,UP,246.45999999999185,58.679999999993015,58.679999999993015,UP,True,False,False,CLEAN,False
2026-08-25T01:06:33.341302+00:00,KXBTC15M-26AUG242115-15,79750.78,6.555688366666667,8.444311633333333,79906.13,155.35000000000582,UP,0.19811320754716982,0.8018867924528301,0.8018867924528301,0.19811320754716982,UP,0.8018867924528301,0.79,0.8,0.2,0.21,0.8,0.0018867924528300772,STRONG,SMALL EDGE,2026-08-25 01:06:33.341302+00:00,155.35000000000582,8.444311633333333,UP,STRONG,0.8018867924528301,DOWN,155.35000000000582,238.0100000000093,242.7600000000093,UP,False,True,True,CONFIRMED_DANGER,True
2026-08-25T03:04:17.244553+00:00,KXBTC15M-26AUG242315-15,80638.43,4.287409216666666,10.712590783333333,80824.8,186.3700000000099,UP,0.19811320754716982,0.8018867924528301,0.8018867924528301,0.19811320754716982,UP,0.8018867924528301,0.76,0.77,0.23,0.24,0.77,0.031886792452830104,STRONG,SMALL EDGE,2026-08-25 03:04:17.244553+00:00,186.3700000000099,10.712590783333331,UP,STRONG,0.8018867924528301,UP,186.3700000000099,9.520000000004075,9.520000000004075,UP,True,False,False,CLEAN,False
2026-08-25T04:20:19.249975+00:00,KXBTC15M-26AUG250030-30,80460.75,5.320832916666666,9.679167083333335,80282.25,-178.5,DOWN,0.06989247311827956,0.9301075268817205,0.06989247311827956,0.9301075268817205,DOWN,0.9301075268817205,0.25,0.26,0.74,0.75,0.75,0.1801075268817205,EARLY 90%+ / NOT YET VALIDATED LOCK,POSITIVE EDGE,2026-08-25 04:20:19.249975+00:00,-178.5,9.679167083333336,DOWN,EARLY 90%+ / NOT YET VALIDATED LOCK,0.9301075268817204,DOWN,178.5,82.22000000000116,82.22000000000116,DOWN,True,False,False,CLEAN,False
2026-08-25T04:51:26.152326+00:00,KXBTC15M-26AUG250100-00,80207.2,6.4358721,8.564127899999999,80296.79,89.58999999999651,UP,0.19811320754716982,0.8018867924528301,0.8018867924528301,0.19811320754716982,UP,0.8018867924528301,0.74,0.75,0.25,0.26,0.75,0.05188679245283012,STRONG,SMALL EDGE,2026-08-25 04:51:26.152326+00:00,89.58999999999651,8.564127899999999,UP,STRONG,0.8018867924528301,UP,89.58999999999651,78.68999999998778,80.15999999998894,UP,True,False,False,CLEAN,False
2026-08-25T05:04:09.502575+00:00,KXBTC15M-26AUG250115-15,80312.36,4.15837625,10.84162375,80423.39,111.02999999999884,UP,0.109375,0.890625,0.890625,0.109375,UP,0.890625,0.73,0.74,0.26,0.27,0.74,0.150625,STRONG,POSITIVE EDGE,2026-08-25 05:04:09.502575+00:00,111.02999999999884,10.84162375,UP,STRONG,0.890625,UP,111.02999999999884,0.0,0.0,UP,True,False,False,CLEAN,False
2026-08-25T05:36:06.559035+00:00,KXBTC15M-26AUG250145-45,80653.16,6.10931725,8.89068275,80772.44,119.27999999999884,UP,0.10714285714285714,0.8928571428571429,0.8928571428571429,0.10714285714285714,UP,0.8928571428571429,0.72,0.73,0.27,0.28,0.73,0.16285714285714292,STRONG,POSITIVE EDGE,2026-08-25 05:36:06.559035+00:00,119.27999999999884,8.89068275,UP,STRONG,0.8928571428571429,UP,119.27999999999884,38.070000000006985,38.070000000006985,UP,True,False,False,CLEAN,False
2026-08-25T06:04:33.344609+00:00,KXBTC15M-26AUG250215-15,80706.83,4.555743483333333,10.444256516666666,80706.26,-0.5700000000069849,DOWN,1.0,0.0,1.0,0.0,UP,1.0,0.42,0.43,0.57,0.58,0.43,0.5700000000000001,EARLY 90%+ / NOT YET VALIDATED LOCK,IDEAL <=50c / LARGE EDGE,2026-08-25 06:04:33.344609+00:00,-0.5700000000069849,10.444256516666666,UP,EARLY 90%+ / NOT YET VALIDATED LOCK,1.0,UP,-0.5700000000069849,47.679999999993015,47.679999999993015,UP,True,False,False,CLEAN,False
2026-08-25T06:36:01.587583+00:00,KXBTC15M-26AUG250245-45,80747.81,6.0264597166666665,8.973540283333334,80629.63,-118.17999999999302,DOWN,0.19811320754716982,0.8018867924528301,0.19811320754716982,0.8018867924528301,DOWN,0.8018867924528301,0.27,0.28,0.72,0.73,0.73,0.07188679245283014,STRONG,SMALL EDGE,2026-08-25 06:36:01.587583+00:00,-118.17999999999302,8.973540283333334,DOWN,STRONG,0.8018867924528301,DOWN,118.17999999999302,0.0,0.0,DOWN,True,False,False,CLEAN,False
2026-08-25T07:04:19.877473+00:00,KXBTC15M-26AUG250315-15,80520.99,4.331291216666667,10.668708783333333,80724.88,203.88999999999942,UP,0.109375,0.890625,0.890625,0.109375,UP,0.890625,0.78,0.79,0.21,0.22,0.79,0.10062499999999996,STRONG,POSITIVE EDGE,2026-08-25 07:04:19.877473+00:00,203.88999999999945,10.668708783333331,UP,STRONG,0.890625,UP,203.88999999999945,34.870000000009924,34.870000000009924,UP,True,False,False,CLEAN,False
2026-08-25T07:49:01.609088+00:00,KXBTC15M-26AUG250400-00,80478.21,4.026818133333333,10.973181866666666,80093.9,-384.3100000000122,DOWN,0.06989247311827956,0.9301075268817205,0.06989247311827956,0.9301075268817205,DOWN,0.9301075268817205,0.07,0.071,0.929,0.93,0.93,0.00010752688172044333,EARLY 90%+ / NOT YET VALIDATED LOCK,SMALL EDGE,2026-08-25 07:49:01.609088+00:00,-384.3100000000122,10.973181866666666,DOWN,EARLY 90%+ / NOT YET VALIDATED LOCK,0.9301075268817204,DOWN,384.3100000000122,0.0,0.0,DOWN,True,False,False,CLEAN,False
2026-08-25T08:18:23.472018+00:00,KXBTC15M-26AUG250430-30,79911.07,3.3912003,11.608799699999999,80039.49,128.41999999999825,UP,0.19811320754716982,0.8018867924528301,0.8018867924528301,0.19811320754716982,UP,0.8018867924528301,0.76,0.77,0.23,0.24,0.77,0.031886792452830104,STRONG,SMALL EDGE,2026-08-25 08:18:23.472018+00:00,128.41999999999825,11.6087997,UP,STRONG,0.8018867924528301,UP,128.41999999999825,68.3700000000099,68.3700000000099,UP,True,False,False,CLEAN,False
2026-08-25T08:49:27.436571+00:00,KXBTC15M-26AUG250500-00,80083.89,4.457276183333334,10.542723816666667,79896.62,-187.27000000000407,DOWN,0.06989247311827956,0.9301075268817205,0.06989247311827956,0.9301075268817205,DOWN,0.9301075268817205,0.16,0.17,0.83,0.84,0.84,0.09010752688172052,EARLY 90%+ / NOT YET VALIDATED LOCK,SMALL EDGE,2026-08-25 08:49:27.436571+00:00,-187.27000000000407,10.542723816666667,DOWN,EARLY 90%+ / NOT YET VALIDATED LOCK,0.9301075268817204,DOWN,187.27000000000407,17.94000000000233,17.94000000000233,DOWN,True,False,False,CLEAN,False
2026-08-25T09:03:15.421584+00:00,KXBTC15M-26AUG250515-15,79920.16,3.2570264,11.7429736,79777.99,-142.16999999999825,DOWN,0.19811320754716982,0.8018867924528301,0.19811320754716982,0.8018867924528301,DOWN,0.8018867924528301,0.2,0.21,0.79,0.8,0.8,0.0018867924528300772,STRONG,SMALL EDGE,2026-08-25 09:03:15.421584+00:00,-142.16999999999825,11.7429736,DOWN,STRONG,0.8018867924528301,DOWN,142.16999999999825,0.0,15.989999999990687,DOWN,True,False,False,CLEAN,False
2026-08-25T09:34:12.724170+00:00,KXBTC15M-26AUG250545-45,79801.72,4.2120695,10.7879305,79925.15,123.42999999999302,UP,0.109375,0.890625,0.890625,0.109375,UP,0.890625,0.57,0.58,0.42,0.43,0.58,0.31062500000000004,STRONG,LARGE EDGE / PRICE ABOVE 50c,2026-08-25 09:34:12.724170+00:00,123.42999999999302,10.7879305,UP,STRONG,0.890625,DOWN,123.42999999999302,109.47999999999593,109.47999999999593,UP,False,True,True,CONFIRMED_DANGER,True
2026-08-25T09:48:21.391829+00:00,KXBTC15M-26AUG250600-00,79776.14,3.356530483333333,11.643469516666666,79604.26,-171.88000000000466,DOWN,0.109375,0.890625,0.109375,0.890625,DOWN,0.890625,0.25,0.26,0.74,0.75,0.75,0.140625,STRONG,POSITIVE EDGE,2026-08-25 09:48:21.391829+00:00,-171.88000000000466,11.643469516666666,DOWN,STRONG,0.890625,DOWN,171.88000000000466,0.0,0.0,DOWN,True,False,False,CLEAN,False
2026-08-25T10:19:18.596860+00:00,KXBTC15M-26AUG250630-30,79286.68,4.309947666666667,10.690052333333334,79402.37,115.69000000000233,UP,0.19811320754716982,0.8018867924528301,0.8018867924528301,0.19811320754716982,UP,0.8018867924528301,0.71,0.72,0.28,0.29,0.72,0.08188679245283015,STRONG,SMALL EDGE,2026-08-25 10:19:18.596860+00:00,115.69000000000231,10.690052333333334,UP,STRONG,0.8018867924528301,DOWN,115.69000000000231,129.33000000000175,129.33000000000175,UP,False,True,True,CONFIRMED_DANGER,True
2026-08-25T11:21:44.279770+00:00,KXBTC15M-26AUG250730-30,79106.81,6.737996166666666,8.262003833333333,79223.74,116.93000000000757,UP,0.109375,0.890625,0.890625,0.109375,UP,0.890625,0.83,0.84,0.16,0.17,0.84,0.05062500000000003,STRONG,SMALL EDGE,2026-08-25 11:21:44.279770+00:00,116.93000000000757,8.262003833333333,UP,STRONG,0.890625,UP,116.93000000000757,0.0,0.0,UP,True,False,False,CLEAN,False
2026-08-25T11:35:30.890675+00:00,KXBTC15M-26AUG250745-45,79238.16,5.514844583333333,9.485155416666666,79366.31,128.14999999999418,UP,0.109375,0.890625,0.890625,0.109375,UP,0.890625,0.76,0.77,0.23,0.24,0.77,0.12062499999999998,STRONG,POSITIVE EDGE,2026-08-25 11:35:30.890675+00:00,128.14999999999418,9.485155416666666,UP,STRONG,0.890625,DOWN,128.14999999999418,0.0,89.70999999999185,UP,False,False,True,LATE_DANGER_ONLY,True
2026-08-25T12:04:52.121051+00:00,KXBTC15M-26AUG250815-15,79134.69,4.868684183333333,10.131315816666667,78943.53,-191.1600000000035,DOWN,0.10714285714285714,0.8928571428571429,0.10714285714285714,0.8928571428571429,DOWN,0.8928571428571429,0.28,0.29,0.71,0.72,0.72,0.17285714285714293,STRONG,POSITIVE EDGE,2026-08-25 12:04:52.121051+00:00,-191.1600000000035,10.131315816666667,DOWN,STRONG,0.8928571428571429,DOWN,191.1600000000035,0.0,0.0,DOWN,True,False,False,CLEAN,False
2026-08-25T12:50:12.257726+00:00,KXBTC15M-26AUG250900-00,78902.54,5.204295433333333,9.795704566666666,79041.17,138.63000000000466,UP,0.19811320754716982,0.8018867924528301,0.8018867924528301,0.19811320754716982,UP,0.8018867924528301,0.78,0.79,0.21,0.22,0.79,0.011886792452830086,STRONG,SMALL EDGE,2026-08-25 12:50:12.257726+00:00,138.63000000000466,9.795704566666666,UP,STRONG,0.8018867924528301,UP,138.63000000000466,36.33000000000173,36.33000000000173,UP,True,False,False,CLEAN,False
2026-08-25T13:06:09.989316+00:00,KXBTC15M-26AUG250915-15,78965.33,6.166488599999999,8.833511399999999,79057.52,92.19000000000233,UP,0.19811320754716982,0.8018867924528301,0.8018867924528301,0.19811320754716982,UP,0.8018867924528301,0.69,0.7,0.3,0.31,0.7,0.10188679245283017,STRONG,POSITIVE EDGE,2026-08-25 13:06:09.989316+00:00,92.19000000000231,8.833511399999999,UP,STRONG,0.8018867924528301,DOWN,92.19000000000231,253.5100000000093,257.0,UP,False,True,True,CONFIRMED_DANGER,True
2026-08-25T13:18:44.181812+00:00,KXBTC15M-26AUG250930-30,78826.2,3.7363635333333334,11.263636466666666,78646.61,-179.5899999999965,DOWN,0.10714285714285714,0.8928571428571429,0.10714285714285714,0.8928571428571429,DOWN,0.8928571428571429,0.19,0.21,0.79,0.81,0.81,0.08285714285714285,STRONG,SMALL EDGE,2026-08-25 13:18:44.181812+00:00,-179.5899999999965,11.263636466666666,DOWN,STRONG,0.8928571428571429,DOWN,179.5899999999965,105.38000000000466,105.38000000000466,DOWN,True,True,True,CONFIRMED_DANGER,True
2026-08-25T13:33:27.044063+00:00,KXBTC15M-26AUG250945-45,78649.79,3.4507343833333333,11.549265616666666,78838.36,188.57000000000698,UP,0.19811320754716982,0.8018867924528301,0.8018867924528301,0.19811320754716982,UP,0.8018867924528301,0.65,0.66,0.34,0.35,0.66,0.1418867924528301,STRONG,POSITIVE EDGE,2026-08-25 13:33:27.044063+00:00,188.57000000000696,11.549265616666666,UP,STRONG,0.8018867924528301,UP,188.57000000000696,0.0,0.0,UP,True,False,False,CLEAN,False
2026-08-25T13:48:31.159703+00:00,KXBTC15M-26AUG251000-00,78656.27,3.5193283833333333,11.480671616666665,78465.32,-190.9499999999971,DOWN,0.19811320754716982,0.8018867924528301,0.19811320754716982,0.8018867924528301,DOWN,0.8018867924528301,0.43,0.44,0.56,0.57,0.57,0.23188679245283017,STRONG,LARGE EDGE / PRICE ABOVE 50c,2026-08-25 13:48:31.159703+00:00,-190.9499999999971,11.480671616666664,DOWN,STRONG,0.8018867924528301,DOWN,190.9499999999971,4.19999999999709,4.19999999999709,DOWN,True,False,False,CLEAN,False
2026-08-25T14:05:00.157851+00:00,KXBTC15M-26AUG251015-15,78578.66,5.00263085,9.997369149999999,78780.15,201.4899999999907,UP,0.10714285714285714,0.8928571428571429,0.8928571428571429,0.10714285714285714,UP,0.8928571428571429,0.72,0.73,0.27,0.28,0.73,0.16285714285714292,STRONG,POSITIVE EDGE,2026-08-25 14:05:00.157851+00:00,201.4899999999907,9.99736915,UP,STRONG,0.8928571428571429,UP,201.4899999999907,0.0,0.0,UP,True,False,False,CLEAN,False
2026-08-25T15:20:10.488561+00:00,KXBTC15M-26AUG251130-30,79123.66,5.17480935,9.82519065,79263.76,140.09999999999127,UP,0.19811320754716982,0.8018867924528301,0.8018867924528301,0.19811320754716982,UP,0.8018867924528301,0.75,0.76,0.24,0.25,0.76,0.04188679245283011,STRONG,SMALL EDGE,2026-08-25 15:20:10.488561+00:00,140.09999999999127,9.82519065,UP,STRONG,0.8018867924528301,UP,140.09999999999127,76.90999999998894,135.3799999999901,UP,True,False,True,LATE_DANGER_ONLY,True
2026-08-25T15:36:08.171359+00:00,KXBTC15M-26AUG251145-45,79227.58,6.136189316666667,8.863810683333332,79397.98,170.39999999999418,UP,0.19811320754716982,0.8018867924528301,0.8018867924528301,0.19811320754716982,UP,0.8018867924528301,0.79,0.8,0.2,0.21,0.8,0.0018867924528300772,STRONG,SMALL EDGE,2026-08-25 15:36:08.171359+00:00,170.39999999999418,8.863810683333332,UP,STRONG,0.8018867924528301,UP,170.39999999999418,23.729999999995925,92.95999999999185,UP,True,False,True,LATE_DANGER_ONLY,True
2026-08-25T18:36:59.578019+00:00,KXBTC15M-26AUG251445-45,79269.1,6.992966983333333,8.007033016666666,79136.67,-132.43000000000757,DOWN,0.109375,0.890625,0.109375,0.890625,DOWN,0.890625,0.066,0.067,0.933,0.934,0.934,-0.04337500000000005,STRONG,NO VALUE,2026-08-25 18:36:59.578019+00:00,-132.43000000000757,8.007033016666666,DOWN,STRONG,0.890625,DOWN,132.43000000000757,15.259999999994761,33.30999999999767,DOWN,True,False,False,CLEAN,False
2026-08-25T19:20:02.457742+00:00,KXBTC15M-26AUG251530-30,79148.14,5.040962366666666,9.959037633333333,79232.78,84.63999999999942,UP,0.19811320754716982,0.8018867924528301,0.8018867924528301,0.19811320754716982,UP,0.8018867924528301,0.78,0.79,0.21,0.22,0.79,0.011886792452830086,STRONG,SMALL EDGE,2026-08-25 19:20:02.457742+00:00,84.63999999999942,9.959037633333333,UP,STRONG,0.8018867924528301,DOWN,84.63999999999942,85.61000000000058,129.5500000000029,UP,False,False,True,LATE_DANGER_ONLY,True
2026-08-25T19:51:56.810572+00:00,KXBTC15M-26AUG251600-00,78744.21,6.946842866666667,8.053157133333334,78862.96,118.75,UP,0.19811320754716982,0.8018867924528301,0.8018867924528301,0.19811320754716982,UP,0.8018867924528301,0.71,0.72,0.28,0.29,0.72,0.08188679245283015,STRONG,SMALL EDGE,2026-08-25 19:51:56.810572+00:00,118.75,8.053157133333334,UP,STRONG,0.8018867924528301,UP,118.75,0.0,0.0,UP,True,False,False,CLEAN,False
2026-08-25T20:04:15.725822+00:00,KXBTC15M-26AUG251615-15,78936.27,4.262097033333333,10.737902966666667,78722.87,-213.40000000000873,DOWN,0.06989247311827956,0.9301075268817205,0.06989247311827956,0.9301075268817205,DOWN,0.9301075268817205,0.24,0.25,0.75,0.76,0.76,0.17010752688172048,EARLY 90%+ / NOT YET VALIDATED LOCK,POSITIVE EDGE,2026-08-25 20:04:15.725822+00:00,-213.40000000000876,10.737902966666669,DOWN,EARLY 90%+ / NOT YET VALIDATED LOCK,0.9301075268817204,DOWN,213.40000000000876,100.22000000000119,136.570000000007,DOWN,True,True,True,CONFIRMED_DANGER,True
2026-08-25T20:19:41.784519+00:00,KXBTC15M-26AUG251630-30,78863.38,4.6964086499999995,10.30359135,78965.26,101.8799999999901,UP,0.19811320754716982,0.8018867924528301,0.8018867924528301,0.19811320754716982,UP,0.8018867924528301,0.79,0.8,0.2,0.21,0.8,0.0018867924528300772,STRONG,SMALL EDGE,2026-08-25 20:19:41.784519+00:00,101.8799999999901,10.30359135,UP,STRONG,0.8018867924528301,DOWN,101.8799999999901,58.2899999999936,74.1299999999901,UP,False,False,False,CLEAN,False
2026-08-25T20:36:02.675009+00:00,KXBTC15M-26AUG251645-45,78785.92,6.044583483333333,8.955416516666666,78783.36,-2.5599999999976717,DOWN,1.0,0.0,1.0,0.0,UP,1.0,0.44,0.45,0.55,0.56,0.45,0.55,EARLY 90%+ / NOT YET VALIDATED LOCK,IDEAL <=50c / LARGE EDGE,2026-08-25 20:36:02.675009+00:00,-2.559999999997672,8.955416516666666,UP,EARLY 90%+ / NOT YET VALIDATED LOCK,1.0,DOWN,-2.559999999997672,206.74000000000524,241.27999999999884,UP,False,True,True,CONFIRMED_DANGER,True
2026-08-25T20:48:23.204181+00:00,KXBTC15M-26AUG251700-00,78471.13,3.38673635,11.61326365,78233.77,-237.36000000000058,DOWN,0.10714285714285714,0.8928571428571429,0.10714285714285714,0.8928571428571429,DOWN,0.8928571428571429,0.14,0.15,0.85,0.86,0.86,0.03285714285714292,STRONG,SMALL EDGE,2026-08-25 20:48:23.204181+00:00,-237.36000000000055,11.61326365,DOWN,STRONG,0.8928571428571429,DOWN,237.36000000000055,171.6599999999889,171.6599999999889,DOWN,True,True,True,CONFIRMED_DANGER,True
2026-08-25T22:05:43.935703+00:00,KXBTC15M-26AUG251815-15,78584.14,5.732261716666667,9.267738283333333,78728.28,144.13999999999942,UP,0.109375,0.890625,0.890625,0.109375,UP,0.890625,0.85,0.86,0.14,0.15,0.86,0.030625000000000013,STRONG,SMALL EDGE,2026-08-25 22:05:43.935703+00:00,144.13999999999942,9.267738283333331,UP,STRONG,0.890625,UP,144.13999999999942,0.0,0.0,UP,True,False,False,CLEAN,False
2026-08-25T22:33:30.630121+00:00,KXBTC15M-26AUG251845-45,78617.27,3.5105020166666665,11.489497983333333,78796.08,178.80999999999767,UP,0.19811320754716982,0.8018867924528301,0.8018867924528301,0.19811320754716982,UP,0.8018867924528301,0.84,0.85,0.15,0.16,0.85,-0.048113207547169856,STRONG,NO VALUE,2026-08-25 22:33:30.630121+00:00,178.80999999999767,11.489497983333331,UP,STRONG,0.8018867924528301,UP,178.80999999999767,9.10000000000582,9.10000000000582,UP,True,False,False,CLEAN,False
2026-08-25T22:50:17.106495+00:00,KXBTC15M-26AUG251900-00,78776.17,5.2851082499999995,9.71489175,78873.55,97.38000000000466,UP,0.109375,0.890625,0.890625,0.109375,UP,0.890625,0.77,0.78,0.22,0.23,0.78,0.11062499999999997,STRONG,POSITIVE EDGE,2026-08-25 22:50:17.106495+00:00,97.38000000000466,9.71489175,UP,STRONG,0.890625,UP,97.38000000000466,9.639999999999418,9.639999999999418,UP,True,False,False,CLEAN,False
2026-08-25T23:05:29.994333+00:00,KXBTC15M-26AUG251915-15,78885.29,5.499905549999999,9.50009445,78952.84,67.55000000000291,UP,0.19811320754716982,0.8018867924528301,0.8018867924528301,0.19811320754716982,UP,0.8018867924528301,0.72,0.73,0.27,0.28,0.73,0.07188679245283014,STRONG,SMALL EDGE,2026-08-25 23:05:29.994333+00:00,67.55000000000291,9.50009445,UP,STRONG,0.8018867924528301,UP,67.55000000000291,111.94000000000233,147.47999999999593,UP,True,True,True,CONFIRMED_DANGER,True
2026-08-25T23:19:17.087479+00:00,KXBTC15M-26AUG251930-30,78939.69,4.2847913166666665,10.715208683333334,78800.11,-139.58000000000175,DOWN,0.19811320754716982,0.8018867924528301,0.19811320754716982,0.8018867924528301,DOWN,0.8018867924528301,0.35,0.36,0.64,0.65,0.65,0.1518867924528301,STRONG,POSITIVE EDGE,2026-08-25 23:19:17.087479+00:00,-139.58000000000175,10.715208683333334,DOWN,STRONG,0.8018867924528301,DOWN,139.58000000000175,0.0,0.0,DOWN,True,False,False,CLEAN,False
2026-08-25T23:51:04.369678+00:00,KXBTC15M-26AUG252000-00,78560.35,6.072827966666667,8.927172033333333,78439.7,-120.65000000000873,DOWN,0.19811320754716982,0.8018867924528301,0.19811320754716982,0.8018867924528301,DOWN,0.8018867924528301,0.21,0.22,0.78,0.79,0.79,0.011886792452830086,STRONG,SMALL EDGE,2026-08-25 23:51:04.369678+00:00,-120.65000000000872,8.927172033333333,DOWN,STRONG,0.8018867924528301,DOWN,120.65000000000872,43.940000000002314,43.940000000002314,DOWN,True,False,False,CLEAN,False
2026-08-26T00:19:21.032377+00:00,KXBTC15M-26AUG252030-30,78360.44,4.3505396166666666,10.649460383333333,78573.39,212.9499999999971,UP,0.10714285714285714,0.8928571428571429,0.8928571428571429,0.10714285714285714,UP,0.8928571428571429,0.83,0.84,0.16,0.17,0.84,0.052857142857142936,STRONG,SMALL EDGE,2026-08-26 00:19:21.032377+00:00,212.9499999999971,10.649460383333333,UP,STRONG,0.8928571428571429,UP,212.9499999999971,87.56999999999243,87.56999999999243,UP,True,False,True,LATE_DANGER_ONLY,True
2026-08-26T00:48:27.752509+00:00,KXBTC15M-26AUG252100-00,78381.6,3.4625418166666666,11.537458183333333,78487.19,105.58999999999651,UP,0.19811320754716982,0.8018867924528301,0.8018867924528301,0.19811320754716982,UP,0.8018867924528301,0.55,0.56,0.44,0.45,0.56,0.24188679245283007,STRONG,LARGE EDGE / PRICE ABOVE 50c,2026-08-26 00:48:27.752509+00:00,105.58999999999652,11.537458183333332,UP,STRONG,0.8018867924528301,UP,105.58999999999652,0.0,0.0,UP,True,False,False,CLEAN,False
2026-08-26T01:05:11.875734+00:00,KXBTC15M-26AUG252115-15,78635.91,5.1979289,9.802071100000001,78819.99,184.08000000000175,UP,0.10714285714285714,0.8928571428571429,0.8928571428571429,0.10714285714285714,UP,0.8928571428571429,0.79,0.8,0.2,0.21,0.8,0.09285714285714286,STRONG,SMALL EDGE,2026-08-26 01:05:11.875734+00:00,184.08000000000172,9.8020711,UP,STRONG,0.8928571428571429,UP,184.08000000000172,0.0,64.66999999999824,UP,True,False,False,CLEAN,False
2026-08-26T01:20:09.946951+00:00,KXBTC15M-26AUG252130-30,78724.25,5.165782516666667,9.834217483333333,78856.22,131.97000000000116,UP,0.10714285714285714,0.8928571428571429,0.8928571428571429,0.10714285714285714,UP,0.8928571428571429,0.77,0.78,0.22,0.23,0.78,0.11285714285714288,STRONG,POSITIVE EDGE,2026-08-26 01:20:09.946951+00:00,131.97000000000116,9.834217483333331,UP,STRONG,0.8928571428571429,DOWN,131.97000000000116,35.63000000000464,99.72999999999593,UP,False,False,True,LATE_DANGER_ONLY,True
2026-08-26T01:33:22.009018+00:00,KXBTC15M-26AUG252145-45,78705.23,3.3668169666666667,11.633183033333333,78883.2,177.97000000000116,UP,0.19811320754716982,0.8018867924528301,0.8018867924528301,0.19811320754716982,UP,0.8018867924528301,0.87,0.88,0.12,0.13,0.88,-0.07811320754716988,STRONG,NO VALUE,2026-08-26 01:33:22.009018+00:00,177.97000000000116,11.633183033333331,UP,STRONG,0.8018867924528301,UP,177.97000000000116,22.479999999995925,22.479999999995925,UP,True,False,False,CLEAN,False
2026-08-26T02:20:12.204993+00:00,KXBTC15M-26AUG252230-30,78790.14,5.20341655,9.796583450000002,78914.87,124.72999999999593,UP,0.19811320754716982,0.8018867924528301,0.8018867924528301,0.19811320754716982,UP,0.8018867924528301,0.81,0.82,0.18,0.19,0.82,-0.01811320754716983,STRONG,NO VALUE,2026-08-26 02:20:12.204993+00:00,124.72999999999593,9.796583450000002,UP,STRONG,0.8018867924528301,UP,124.72999999999593,22.220000000001164,22.220000000001164,UP,True,False,False,CLEAN,False
2026-08-26T04:04:24.069385+00:00,KXBTC15M-26AUG260015-15,79081.02,4.401156416666667,10.598843583333332,78959.57,-121.44999999999709,DOWN,0.19811320754716982,0.8018867924528301,0.19811320754716982,0.8018867924528301,DOWN,0.8018867924528301,0.19,0.2,0.8,0.81,0.81,-0.008113207547169932,STRONG,NO VALUE,2026-08-26 04:04:24.069385+00:00,-121.44999999999708,10.598843583333332,DOWN,STRONG,0.8018867924528301,DOWN,121.44999999999708,107.37999999999009,126.25999999999475,DOWN,True,True,True,CONFIRMED_DANGER,True
2026-08-26T04:19:40.533873+00:00,KXBTC15M-26AUG260030-30,79004.5,4.675564550000001,10.324435450000001,79120.79,116.2899999999936,UP,0.19811320754716982,0.8018867924528301,0.8018867924528301,0.19811320754716982,UP,0.8018867924528301,0.79,0.8,0.2,0.21,0.8,0.0018867924528300772,STRONG,SMALL EDGE,2026-08-26 04:19:40.533873+00:00,116.2899999999936,10.32443545,UP,STRONG,0.8018867924528301,DOWN,116.2899999999936,98.86999999999534,98.86999999999534,UP,False,False,True,LATE_DANGER_ONLY,True
2026-08-26T04:48:14.402245+00:00,KXBTC15M-26AUG260100-00,78958.83,3.2400374166666666,11.759962583333333,78796.09,-162.74000000000524,DOWN,0.109375,0.890625,0.109375,0.890625,DOWN,0.890625,0.18,0.19,0.81,0.82,0.82,0.07062500000000005,STRONG,SMALL EDGE,2026-08-26 04:48:14.402245+00:00,-162.74000000000524,11.759962583333332,DOWN,STRONG,0.890625,DOWN,162.74000000000524,79.83999999999651,79.83999999999651,DOWN,True,False,False,CLEAN,False
2026-08-26T05:06:04.577489+00:00,KXBTC15M-26AUG260115-15,78823.78,6.076291483333334,8.923708516666666,78681.57,-142.20999999999185,DOWN,0.10714285714285714,0.8928571428571429,0.10714285714285714,0.8928571428571429,DOWN,0.8928571428571429,0.16,0.17,0.83,0.84,0.84,0.052857142857142936,STRONG,SMALL EDGE,2026-08-26 05:06:04.577489+00:00,-142.20999999999185,8.923708516666666,DOWN,STRONG,0.8928571428571429,UP,142.20999999999185,114.43999999998778,156.36999999999534,DOWN,False,True,True,CONFIRMED_DANGER,True
2026-08-26T05:20:06.490823+00:00,KXBTC15M-26AUG260130-30,78904.91,5.108180383333333,9.891819616666668,78747.37,-157.54000000000815,DOWN,0.06989247311827956,0.9301075268817205,0.06989247311827956,0.9301075268817205,DOWN,0.9301075268817205,0.19,0.2,0.8,0.81,0.81,0.12010752688172044,EARLY 90%+ / NOT YET VALIDATED LOCK,POSITIVE EDGE,2026-08-26 05:20:06.490823+00:00,-157.54000000000815,9.891819616666668,DOWN,EARLY 90%+ / NOT YET VALIDATED LOCK,0.9301075268817204,UP,157.54000000000815,156.1200000000099,294.8899999999994,DOWN,False,True,True,CONFIRMED_DANGER,True
2026-08-26T12:34:50.757113+00:00,KXBTC15M-26AUG260845-45,78642.41,4.845951883333333,10.154048116666667,78435.55,-206.86000000000058,DOWN,0.19811320754716982,0.8018867924528301,0.19811320754716982,0.8018867924528301,DOWN,0.8018867924528301,0.22,0.23,0.77,0.78,0.78,0.021886792452830095,STRONG,SMALL EDGE,2026-08-26 12:34:50.757113+00:00,-206.86000000000055,10.154048116666669,DOWN,STRONG,0.8018867924528301,DOWN,206.86000000000055,0.12999999999007628,0.12999999999007628,DOWN,True,False,False,CLEAN,False
2026-08-26T13:34:35.600720+00:00,KXBTC15M-26AUG260945-45,78043.3,4.593345333333334,10.406654666666666,78315.18,271.8799999999901,UP,0.06989247311827956,0.9301075268817205,0.9301075268817205,0.06989247311827956,UP,0.9301075268817205,0.84,0.85,0.15,0.16,0.85,0.08010752688172051,EARLY 90%+ / NOT YET VALIDATED LOCK,SMALL EDGE,2026-08-26 13:34:35.600720+00:00,271.8799999999901,10.406654666666666,UP,EARLY 90%+ / NOT YET VALIDATED LOCK,0.9301075268817204,UP,271.8799999999901,50.76999999998955,50.76999999998955,UP,True,False,False,CLEAN,False
2026-08-26T13:51:28.570915+00:00,KXBTC15M-26AUG261000-00,78453.15,6.4761819166666665,8.523818083333333,78278.14,-175.00999999999476,DOWN,0.06989247311827956,0.9301075268817205,0.06989247311827956,0.9301075268817205,DOWN,0.9301075268817205,0.2,0.21,0.79,0.8,0.8,0.13010752688172045,EARLY 90%+ / NOT YET VALIDATED LOCK,POSITIVE EDGE,2026-08-26 13:51:28.570915+00:00,-175.00999999999476,8.523818083333333,DOWN,EARLY 90%+ / NOT YET VALIDATED LOCK,0.9301075268817204,DOWN,175.00999999999476,0.0,42.50999999999476,DOWN,True,False,False,CLEAN,False
2026-08-26T14:06:01.820819+00:00,KXBTC15M-26AUG261015-15,78437.24,6.030346983333333,8.969653016666665,78536.8,99.55999999999767,UP,0.19811320754716982,0.8018867924528301,0.8018867924528301,0.19811320754716982,UP,0.8018867924528301,0.68,0.69,0.31,0.32,0.69,0.11188679245283017,STRONG,POSITIVE EDGE,2026-08-26 14:06:01.820819+00:00,99.55999999999769,8.969653016666665,UP,STRONG,0.8018867924528301,UP,99.55999999999769,5.100000000005849,34.91999999999827,UP,True,False,False,CLEAN,False
2026-08-26T15:35:02.141901+00:00,KXBTC15M-26AUG261145-45,78133.98,5.0356983500000005,9.964301650000001,77951.72,-182.25999999999476,DOWN,0.06989247311827956,0.9301075268817205,0.06989247311827956,0.9301075268817205,DOWN,0.9301075268817205,0.13,0.14,0.86,0.87,0.87,0.0601075268817205,EARLY 90%+ / NOT YET VALIDATED LOCK,SMALL EDGE,2026-08-26 15:35:02.141901+00:00,-182.2599999999948,9.96430165,DOWN,EARLY 90%+ / NOT YET VALIDATED LOCK,0.9301075268817204,DOWN,182.2599999999948,56.729999999995954,75.53999999999363,DOWN,True,False,False,CLEAN,False
2026-08-26T15:49:08.920076+00:00,KXBTC15M-26AUG261200-00,78039.69,4.148667933333333,10.851332066666666,78138.4,98.70999999999185,UP,0.19811320754716982,0.8018867924528301,0.8018867924528301,0.19811320754716982,UP,0.8018867924528301,0.71,0.72,0.28,0.29,0.72,0.08188679245283015,STRONG,SMALL EDGE,2026-08-26 15:49:08.920076+00:00,98.70999999999184,10.851332066666666,UP,STRONG,0.8018867924528301,DOWN,98.70999999999184,57.22000000000115,89.37999999999009,UP,False,False,True,LATE_DANGER_ONLY,True
2026-08-26T16:04:43.203673+00:00,KXBTC15M-26AUG261215-15,77993.34,4.720061216666666,10.279938783333334,78093.28,99.94000000000233,UP,0.19811320754716982,0.8018867924528301,0.8018867924528301,0.19811320754716982,UP,0.8018867924528301,0.7,0.71,0.29,0.3,0.71,0.09188679245283016,STRONG,SMALL EDGE,2026-08-26 16:04:43.203673+00:00,99.94000000000231,10.279938783333334,UP,STRONG,0.8018867924528301,UP,99.94000000000231,6.589999999996493,6.589999999996493,UP,True,False,False,CLEAN,False
2026-08-26T16:36:08.324460+00:00,KXBTC15M-26AUG261245-45,78054.05,6.138741,8.861258999999999,78155.21,101.16000000000349,UP,0.109375,0.890625,0.890625,0.109375,UP,0.890625,0.8,0.81,0.19,0.2,0.81,0.08062499999999995,STRONG,SMALL EDGE,2026-08-26 16:36:08.324460+00:00,101.16000000000348,8.861258999999999,UP,STRONG,0.890625,DOWN,101.16000000000348,165.38999999999942,168.2600000000093,UP,False,True,True,CONFIRMED_DANGER,True
2026-08-26T16:48:31.692183+00:00,KXBTC15M-26AUG261300-00,77883.56,3.52820305,11.47179695,78110.45,226.88999999999942,UP,0.10714285714285714,0.8928571428571429,0.8928571428571429,0.10714285714285714,UP,0.8928571428571429,0.82,0.83,0.17,0.18,0.83,0.06285714285714294,STRONG,SMALL EDGE,2026-08-26 16:48:31.692183+00:00,226.88999999999945,11.47179695,UP,STRONG,0.8928571428571429,UP,226.88999999999945,21.929999999993044,99.7700000000041,UP,True,False,True,LATE_DANGER_ONLY,True
2026-08-26T17:05:52.562785+00:00,KXBTC15M-26AUG261315-15,77989.66,5.876046416666667,9.123953583333334,78055.44,65.77999999999884,UP,0.19811320754716982,0.8018867924528301,0.8018867924528301,0.19811320754716982,UP,0.8018867924528301,0.69,0.7,0.3,0.31,0.7,0.10188679245283017,STRONG,POSITIVE EDGE,2026-08-26 17:05:52.562785+00:00,65.77999999999884,9.123953583333334,UP,STRONG,0.8018867924528301,UP,65.77999999999884,3.6900000000023283,3.6900000000023283,UP,True,False,False,CLEAN,False
2026-08-26T17:20:00.955509+00:00,KXBTC15M-26AUG261330-30,78117.71,5.01592515,9.98407485,78244.12,126.40999999998894,UP,0.109375,0.890625,0.890625,0.109375,UP,0.890625,0.86,0.87,0.13,0.14,0.87,0.020625000000000004,STRONG,SMALL EDGE,2026-08-26 17:20:00.955509+00:00,126.40999999998894,9.98407485,UP,STRONG,0.890625,UP,126.40999999998894,1.5499999999883585,1.5499999999883585,UP,True,False,False,CLEAN,False
2026-08-26T17:48:19.551748+00:00,KXBTC15M-26AUG261400-00,78524.38,3.3258624666666665,11.674137533333333,78374.65,-149.73000000001048,DOWN,0.19811320754716982,0.8018867924528301,0.19811320754716982,0.8018867924528301,DOWN,0.8018867924528301,0.12,0.13,0.87,0.88,0.88,-0.07811320754716988,STRONG,NO VALUE,2026-08-26 17:48:19.551748+00:00,-149.73000000001048,11.674137533333331,DOWN,STRONG,0.8018867924528301,DOWN,149.73000000001048,60.220000000001164,70.70000000001164,DOWN,True,False,False,CLEAN,False
2026-08-26T18:04:45.221607+00:00,KXBTC15M-26AUG261415-15,78423.37,4.75369345,10.246306550000002,78514.1,90.73000000001048,UP,0.19811320754716982,0.8018867924528301,0.8018867924528301,0.19811320754716982,UP,0.8018867924528301,0.8,0.81,0.19,0.2,0.81,-0.008113207547169932,STRONG,NO VALUE,2026-08-26 18:04:45.221607+00:00,90.73000000001048,10.246306550000002,UP,STRONG,0.8018867924528301,UP,90.73000000001048,62.26000000000931,62.26000000000931,UP,True,False,False,CLEAN,False
2026-08-26T18:48:30.266873+00:00,KXBTC15M-26AUG261500-00,78300.14,3.5044478833333335,11.495552116666666,78408.14,108.0,UP,0.109375,0.890625,0.890625,0.109375,UP,0.890625,0.84,0.85,0.15,0.16,0.85,0.04062500000000002,STRONG,SMALL EDGE,2026-08-26 18:48:30.266873+00:00,108.0,11.495552116666666,UP,STRONG,0.890625,UP,108.0,34.60000000000582,34.60000000000582,UP,True,False,False,CLEAN,False
2026-08-26T19:18:44.100509+00:00,KXBTC15M-26AUG261530-30,78380.29,3.735008483333333,11.264991516666667,78415.39,35.10000000000582,UP,0.19811320754716982,0.8018867924528301,0.8018867924528301,0.19811320754716982,UP,0.8018867924528301,0.69,0.7,0.3,0.31,0.7,0.10188679245283017,STRONG,POSITIVE EDGE,2026-08-26 19:18:44.100509+00:00,35.10000000000582,11.264991516666669,UP,STRONG,0.8018867924528301,UP,35.10000000000582,131.72000000000116,131.72000000000116,UP,True,True,True,CONFIRMED_DANGER,True
2026-08-26T20:05:45.355978+00:00,KXBTC15M-26AUG261615-15,78455.56,5.755932966666666,9.244067033333332,78522.1,66.54000000000815,UP,0.19811320754716982,0.8018867924528301,0.8018867924528301,0.19811320754716982,UP,0.8018867924528301,0.71,0.72,0.28,0.29,0.72,0.08188679245283015,STRONG,SMALL EDGE,2026-08-26 20:05:45.355978+00:00,66.54000000000815,9.244067033333332,UP,STRONG,0.8018867924528301,DOWN,66.54000000000815,24.430000000007567,47.24000000000524,UP,False,False,False,CLEAN,False
2026-08-26T22:05:30.766826+00:00,KXBTC15M-26AUG261815-15,78747.81,5.512780433333333,9.487219566666665,78854.53,106.72000000000116,UP,0.06989247311827956,0.9301075268817205,0.9301075268817205,0.06989247311827956,UP,0.9301075268817205,0.77,0.78,0.22,0.23,0.78,0.15010752688172047,EARLY 90%+ / NOT YET VALIDATED LOCK,POSITIVE EDGE,2026-08-26 22:05:30.766826+00:00,106.72000000000116,9.487219566666663,UP,EARLY 90%+ / NOT YET VALIDATED LOCK,0.9301075268817204,UP,106.72000000000116,46.0399999999936,71.99000000000524,UP,True,False,False,CLEAN,False
2026-08-26T22:20:35.544428+00:00,KXBTC15M-26AUG261830-30,78756.45,5.592407133333333,9.407592866666667,78895.19,138.74000000000524,UP,0.109375,0.890625,0.890625,0.109375,UP,0.890625,0.77,0.78,0.22,0.23,0.78,0.11062499999999997,STRONG,POSITIVE EDGE,2026-08-26 22:20:35.544428+00:00,138.74000000000524,9.407592866666668,UP,STRONG,0.890625,UP,138.74000000000524,15.180000000007553,66.30999999999767,UP,True,False,False,CLEAN,False
2026-08-26T22:36:31.440108+00:00,KXBTC15M-26AUG261845-45,78820.38,6.5240018,8.4759982,78702.45,-117.93000000000757,DOWN,0.109375,0.890625,0.109375,0.890625,DOWN,0.890625,0.29,0.3,0.7,0.71,0.71,0.18062500000000004,STRONG,POSITIVE EDGE,2026-08-26 22:36:31.440108+00:00,-117.93000000000757,8.4759982,DOWN,STRONG,0.890625,DOWN,117.93000000000757,0.0,0.0,DOWN,True,False,False,CLEAN,False
2026-08-27T04:35:25.618188+00:00,KXBTC15M-26AUG270045-45,78790.03,5.426969799999999,9.5730302,78690.59,-99.44000000000233,DOWN,0.19811320754716982,0.8018867924528301,0.19811320754716982,0.8018867924528301,DOWN,0.8018867924528301,0.15,0.16,0.84,0.85,0.85,-0.048113207547169856,STRONG,NO VALUE,2026-08-27 04:35:25.618188+00:00,-99.44000000000231,9.5730302,DOWN,STRONG,0.8018867924528301,UP,99.44000000000231,32.16999999999824,59.62000000000988,DOWN,False,False,False,CLEAN,False
2026-08-27T04:51:49.135939+00:00,KXBTC15M-26AUG270100-00,78802.44,6.818932316666666,8.181067683333334,78690.02,-112.41999999999825,DOWN,0.109375,0.890625,0.109375,0.890625,DOWN,0.890625,0.13,0.14,0.86,0.87,0.87,0.020625000000000004,STRONG,SMALL EDGE,2026-08-27 04:51:49.135939+00:00,-112.41999999999824,8.181067683333334,DOWN,STRONG,0.890625,DOWN,112.41999999999824,51.159999999988926,51.159999999988926,DOWN,True,False,False,CLEAN,False
2026-08-27T05:06:32.548751+00:00,KXBTC15M-26AUG270115-15,78767.09,6.542479183333333,8.457520816666667,78655.53,-111.55999999999767,DOWN,0.109375,0.890625,0.109375,0.890625,DOWN,0.890625,0.15,0.16,0.84,0.85,0.85,0.04062500000000002,STRONG,SMALL EDGE,2026-08-27 05:06:32.548751+00:00,-111.55999999999769,8.457520816666667,DOWN,STRONG,0.890625,DOWN,111.55999999999769,55.589999999996515,55.589999999996515,DOWN,True,False,False,CLEAN,False
2026-08-27T05:21:10.040609+00:00,KXBTC15M-26AUG270130-30,78648.35,6.167343483333334,8.832656516666667,78643.35,-5.0,DOWN,1.0,0.0,1.0,0.0,UP,1.0,0.47,0.48,0.52,0.53,0.48,0.52,EARLY 90%+ / NOT YET VALIDATED LOCK,IDEAL <=50c / LARGE EDGE,2026-08-27 05:21:10.040609+00:00,-5.0,8.832656516666667,UP,EARLY 90%+ / NOT YET VALIDATED LOCK,1.0,UP,-5.0,0.0,0.0,UP,True,False,False,CLEAN,False
2026-08-27T05:49:31.356400+00:00,KXBTC15M-26AUG270200-00,78692.9,4.522606666666666,10.477393333333334,78815.32,122.4200000000128,UP,0.10714285714285714,0.8928571428571429,0.8928571428571429,0.10714285714285714,UP,0.8928571428571429,0.78,0.79,0.21,0.22,0.79,0.10285714285714287,STRONG,POSITIVE EDGE,2026-08-27 05:49:31.356400+00:00,122.4200000000128,10.477393333333334,UP,STRONG,0.8928571428571429,UP,122.4200000000128,0.0,0.0,UP,True,False,False,CLEAN,False
2026-08-27T06:21:50.297288+00:00,KXBTC15M-26AUG270230-30,78665.97,6.838288133333333,8.161711866666668,78787.36,121.38999999999942,UP,0.19811320754716982,0.8018867924528301,0.8018867924528301,0.19811320754716982,UP,0.8018867924528301,0.84,0.85,0.15,0.16,0.85,-0.048113207547169856,STRONG,NO VALUE,2026-08-27 06:21:50.297288+00:00,121.38999999999942,8.161711866666668,UP,STRONG,0.8018867924528301,DOWN,121.38999999999942,112.80000000000291,137.30999999999767,UP,False,True,True,CONFIRMED_DANGER,True
2026-08-27T06:35:59.424593+00:00,KXBTC15M-26AUG270245-45,78638.62,5.990409883333333,9.009590116666667,78750.11,111.49000000000524,UP,0.19811320754716982,0.8018867924528301,0.8018867924528301,0.19811320754716982,UP,0.8018867924528301,0.83,0.84,0.16,0.17,0.84,-0.03811320754716985,STRONG,NO VALUE,2026-08-27 06:35:59.424593+00:00,111.49000000000524,9.009590116666669,UP,STRONG,0.8018867924528301,UP,111.49000000000524,19.449999999997075,30.110000000000582,UP,True,False,False,CLEAN,False
2026-08-27T06:50:17.122122+00:00,KXBTC15M-26AUG270300-00,78729.04,5.2853687,9.7146313,78791.25,62.2100000000064,UP,0.19811320754716982,0.8018867924528301,0.8018867924528301,0.19811320754716982,UP,0.8018867924528301,0.73,0.74,0.26,0.27,0.74,0.06188679245283013,STRONG,SMALL EDGE,2026-08-27 06:50:17.122122+00:00,62.2100000000064,9.7146313,UP,STRONG,0.8018867924528301,UP,62.2100000000064,9.139999999999418,9.139999999999418,UP,True,False,False,CLEAN,False
2026-08-27T09:21:03.346489+00:00,KXBTC15M-26AUG270530-30,79853.6,6.055774816666667,8.944225183333334,80077.38,223.77999999999884,UP,0.0,1.0,1.0,0.0,UP,1.0,0.85,0.86,0.14,0.15,0.86,0.14,EARLY 90%+ / NOT YET VALIDATED LOCK,POSITIVE EDGE,2026-08-27 09:21:03.346489+00:00,223.77999999999884,8.944225183333334,UP,EARLY 90%+ / NOT YET VALIDATED LOCK,1.0,UP,223.77999999999884,55.01000000000931,55.01000000000931,UP,True,False,False,CLEAN,False
2026-08-27T09:33:31.277379+00:00,KXBTC15M-26AUG270545-45,80478.62,3.52128965,11.47871035,80321.34,-157.27999999999884,DOWN,0.19811320754716982,0.8018867924528301,0.19811320754716982,0.8018867924528301,DOWN,0.8018867924528301,0.21,0.22,0.78,0.79,0.79,0.011886792452830086,STRONG,SMALL EDGE,2026-08-27 09:33:31.277379+00:00,-157.27999999999884,11.47871035,DOWN,STRONG,0.8018867924528301,DOWN,157.27999999999884,0.0,0.0,DOWN,True,False,False,CLEAN,False
2026-08-27T09:50:57.102514+00:00,KXBTC15M-26AUG270600-00,80257.1,5.9517085666666665,9.048291433333333,80085.33,-171.77000000000407,DOWN,0.109375,0.890625,0.109375,0.890625,DOWN,0.890625,0.18,0.19,0.81,0.82,0.82,0.07062500000000005,STRONG,SMALL EDGE,2026-08-27 09:50:57.102514+00:00,-171.77000000000407,9.048291433333333,DOWN,STRONG,0.890625,DOWN,171.77000000000407,8.319999999992433,8.319999999992433,DOWN,True,False,False,CLEAN,False
2026-08-27T10:05:11.971972+00:00,KXBTC15M-26AUG270615-15,79965.75,5.199532866666667,9.800467133333333,80070.28,104.52999999999884,UP,0.19811320754716982,0.8018867924528301,0.8018867924528301,0.19811320754716982,UP,0.8018867924528301,0.69,0.7,0.3,0.31,0.7,0.10188679245283017,STRONG,POSITIVE EDGE,2026-08-27 10:05:11.971972+00:00,104.52999999999884,9.800467133333331,UP,STRONG,0.8018867924528301,DOWN,104.52999999999884,0.0,0.0,UP,False,False,False,CLEAN,False
2026-08-27T10:21:49.017428+00:00,KXBTC15M-26AUG270630-30,79899.63,6.816957133333333,8.183042866666666,80000.98,101.34999999999127,UP,0.10714285714285714,0.8928571428571429,0.8928571428571429,0.10714285714285714,UP,0.8928571428571429,0.81,0.82,0.18,0.19,0.82,0.07285714285714295,STRONG,SMALL EDGE,2026-08-27 10:21:49.017428+00:00,101.34999999999128,8.183042866666666,UP,STRONG,0.8928571428571429,DOWN,101.34999999999128,200.9499999999971,480.08999999999656,UP,False,True,True,CONFIRMED_DANGER,True
2026-08-27T10:36:55.477814+00:00,KXBTC15M-26AUG270645-45,79669.22,6.924630233333334,8.075369766666666,79423.11,-246.11000000000058,DOWN,0.06989247311827956,0.9301075268817205,0.06989247311827956,0.9301075268817205,DOWN,0.9301075268817205,0.096,0.097,0.903,0.904,0.904,0.026107526881720466,EARLY 90%+ / NOT YET VALIDATED LOCK,SMALL EDGE,2026-08-27 10:36:55.477814+00:00,-246.11000000000055,8.075369766666666,DOWN,EARLY 90%+ / NOT YET VALIDATED LOCK,0.9301075268817204,DOWN,246.11000000000055,79.88000000000463,157.5699999999924,DOWN,True,False,True,LATE_DANGER_ONLY,True
2026-08-27T12:34:14.796385+00:00,KXBTC15M-26AUG270845-45,79551.86,4.246606416666666,10.753393583333333,79406.91,-144.9499999999971,DOWN,0.109375,0.890625,0.109375,0.890625,DOWN,0.890625,0.19,0.2,0.8,0.81,0.81,0.08062499999999995,STRONG,SMALL EDGE,2026-08-27 12:34:14.796385+00:00,-144.9499999999971,10.753393583333333,DOWN,STRONG,0.890625,DOWN,144.9499999999971,0.0,0.0,DOWN,True,False,False,CLEAN,False
2026-08-27T13:33:18.695417+00:00,KXBTC15M-26AUG270945-45,79363.48,3.311590283333333,11.688409716666666,79139.37,-224.11000000000058,DOWN,0.06989247311827956,0.9301075268817205,0.06989247311827956,0.9301075268817205,DOWN,0.9301075268817205,0.21,0.22,0.78,0.79,0.79,0.14010752688172046,EARLY 90%+ / NOT YET VALIDATED LOCK,POSITIVE EDGE,2026-08-27 13:33:18.695417+00:00,-224.11000000000055,11.688409716666666,DOWN,EARLY 90%+ / NOT YET VALIDATED LOCK,0.9301075268817204,DOWN,224.11000000000055,92.12000000000987,106.98000000001045,DOWN,True,False,True,LATE_DANGER_ONLY,True
2026-08-27T13:49:18.373037+00:00,KXBTC15M-26AUG271000-00,79270.87,4.306217283333334,10.693782716666668,79038.4,-232.47000000000116,DOWN,0.19811320754716982,0.8018867924528301,0.19811320754716982,0.8018867924528301,DOWN,0.8018867924528301,0.24,0.25,0.75,0.76,0.76,0.04188679245283011,STRONG,SMALL EDGE,2026-08-27 13:49:18.373037+00:00,-232.4700000000012,10.693782716666668,DOWN,STRONG,0.8018867924528301,UP,232.4700000000012,277.15000000000873,277.15000000000873,DOWN,False,True,True,CONFIRMED_DANGER,True
2026-08-27T14:04:27.587064+00:00,KXBTC15M-26AUG271015-15,79541.04,4.4597844,10.5402156,79722.75,181.7100000000064,UP,0.19811320754716982,0.8018867924528301,0.8018867924528301,0.19811320754716982,UP,0.8018867924528301,0.65,0.66,0.34,0.35,0.66,0.1418867924528301,STRONG,POSITIVE EDGE,2026-08-27 14:04:27.587064+00:00,181.7100000000064,10.5402156,UP,STRONG,0.8018867924528301,DOWN,181.7100000000064,155.4100000000035,238.63999999999942,UP,False,True,True,CONFIRMED_DANGER,True
2026-08-27T14:19:05.369134+00:00,KXBTC15M-26AUG271030-30,79439.78,4.089485566666666,10.910514433333333,79650.02,210.24000000000524,UP,0.06989247311827956,0.9301075268817205,0.9301075268817205,0.06989247311827956,UP,0.9301075268817205,0.84,0.85,0.15,0.16,0.85,0.08010752688172051,EARLY 90%+ / NOT YET VALIDATED LOCK,SMALL EDGE,2026-08-27 14:19:05.369134+00:00,210.24000000000524,10.910514433333333,UP,EARLY 90%+ / NOT YET VALIDATED LOCK,0.9301075268817204,UP,210.24000000000524,0.0,0.0,UP,True,False,False,CLEAN,False
2026-08-27T14:48:52.417516+00:00,KXBTC15M-26AUG271100-00,80383.64,3.8736252666666666,11.126374733333334,80101.52,-282.11999999999534,DOWN,0.10714285714285714,0.8928571428571429,0.10714285714285714,0.8928571428571429,DOWN,0.8928571428571429,0.11,0.12,0.88,0.89,0.89,0.0028571428571428914,STRONG,SMALL EDGE,2026-08-27 14:48:52.417516+00:00,-282.11999999999534,11.126374733333334,DOWN,STRONG,0.8928571428571429,DOWN,282.11999999999534,116.97999999999593,116.97999999999593,DOWN,True,True,True,CONFIRMED_DANGER,True
2026-08-27T15:34:29.547961+00:00,KXBTC15M-26AUG271145-45,80634.34,4.492466016666667,10.507533983333333,80449.49,-184.84999999999127,DOWN,0.06989247311827956,0.9301075268817205,0.06989247311827956,0.9301075268817205,DOWN,0.9301075268817205,0.23,0.24,0.76,0.77,0.77,0.16010752688172047,EARLY 90%+ / NOT YET VALIDATED LOCK,POSITIVE EDGE,2026-08-27 15:34:29.547961+00:00,-184.84999999999127,10.507533983333332,DOWN,EARLY 90%+ / NOT YET VALIDATED LOCK,0.9301075268817204,DOWN,184.84999999999127,29.989999999990687,29.989999999990687,DOWN,True,False,False,CLEAN,False
2026-08-27T15:48:04.695396+00:00,KXBTC15M-26AUG271200-00,80545.57,3.0782566,11.9217434,80326.46,-219.11000000000058,DOWN,0.06989247311827956,0.9301075268817205,0.06989247311827956,0.9301075268817205,DOWN,0.9301075268817205,0.2,0.21,0.79,0.8,0.8,0.13010752688172045,EARLY 90%+ / NOT YET VALIDATED LOCK,POSITIVE EDGE,2026-08-27 15:48:04.695396+00:00,-219.11000000000055,11.9217434,DOWN,EARLY 90%+ / NOT YET VALIDATED LOCK,0.9301075268817204,DOWN,219.11000000000055,88.12999999999008,88.12999999999008,DOWN,True,False,True,LATE_DANGER_ONLY,True
2026-08-27T16:35:15.043892+00:00,KXBTC15M-26AUG271245-45,80458.09,5.250731533333334,9.749268466666667,80325.14,-132.9499999999971,DOWN,0.19811320754716982,0.8018867924528301,0.19811320754716982,0.8018867924528301,DOWN,0.8018867924528301,0.26,0.27,0.73,0.74,0.74,0.06188679245283013,STRONG,SMALL EDGE,2026-08-27 16:35:15.043892+00:00,-132.9499999999971,9.749268466666669,DOWN,STRONG,0.8018867924528301,UP,132.9499999999971,47.970000000001164,102.08000000000175,DOWN,False,False,True,LATE_DANGER_ONLY,True
2026-08-27T16:51:08.050196+00:00,KXBTC15M-26AUG271300-00,80581.22,6.134169933333334,8.865830066666666,80472.01,-109.2100000000064,DOWN,0.109375,0.890625,0.109375,0.890625,DOWN,0.890625,0.2,0.21,0.79,0.8,0.8,0.09062499999999996,STRONG,SMALL EDGE,2026-08-27 16:51:08.050196+00:00,-109.2100000000064,8.865830066666666,DOWN,STRONG,0.890625,DOWN,109.2100000000064,46.93000000000756,46.93000000000756,DOWN,True,False,False,CLEAN,False
2026-08-27T17:03:08.056057+00:00,KXBTC15M-26AUG271315-15,80404.69,3.134267616666667,11.865732383333333,80259.01,-145.68000000000757,DOWN,0.19811320754716982,0.8018867924528301,0.19811320754716982,0.8018867924528301,DOWN,0.8018867924528301,0.23,0.24,0.76,0.77,0.77,0.031886792452830104,STRONG,SMALL EDGE,2026-08-27 17:03:08.056057+00:00,-145.68000000000757,11.865732383333333,DOWN,STRONG,0.8018867924528301,UP,145.68000000000757,207.41999999999825,207.41999999999825,DOWN,False,True,True,CONFIRMED_DANGER,True
2026-08-27T17:18:10.401731+00:00,KXBTC15M-26AUG271330-30,80622.31,3.1733621833333334,11.826637816666667,80746.78,124.47000000000116,UP,0.19811320754716982,0.8018867924528301,0.8018867924528301,0.19811320754716982,UP,0.8018867924528301,0.71,0.72,0.28,0.29,0.72,0.08188679245283015,STRONG,SMALL EDGE,2026-08-27 17:18:10.401731+00:00,124.47000000000116,11.826637816666668,UP,STRONG,0.8018867924528301,UP,124.47000000000116,4.369999999995343,57.2899999999936,UP,True,False,False,CLEAN,False
2026-08-27T18:06:01.255075+00:00,KXBTC15M-26AUG271415-15,80477.1,6.020917916666666,8.979082083333333,80365.69,-111.41000000000349,DOWN,0.109375,0.890625,0.109375,0.890625,DOWN,0.890625,0.21,0.22,0.78,0.79,0.79,0.10062499999999996,STRONG,POSITIVE EDGE,2026-08-27 18:06:01.255075+00:00,-111.41000000000348,8.979082083333333,DOWN,STRONG,0.890625,DOWN,111.41000000000348,53.77000000000406,53.77000000000406,DOWN,True,False,False,CLEAN,False
2026-08-27T18:21:07.858283+00:00,KXBTC15M-26AUG271430-30,80071.33,6.130971383333333,8.869028616666666,79856.73,-214.60000000000582,DOWN,0.011904761904761904,0.9880952380952381,0.011904761904761904,0.9880952380952381,DOWN,0.9880952380952381,0.15,0.16,0.84,0.85,0.85,0.13809523809523816,EARLY 90%+ / NOT YET VALIDATED LOCK,POSITIVE EDGE,2026-08-27 18:21:07.858283+00:00,-214.60000000000585,8.869028616666666,DOWN,EARLY 90%+ / NOT YET VALIDATED LOCK,0.988095238095238,DOWN,214.60000000000585,103.07000000000701,122.59000000001109,DOWN,True,True,True,CONFIRMED_DANGER,True
2026-08-27T19:06:06.353606+00:00,KXBTC15M-26AUG271515-15,80149.37,6.105893433333334,8.894106566666666,80251.59,102.22000000000116,UP,0.10861421937384377,0.8913857806261563,0.8913857806261563,0.10861421937384377,UP,0.8913857806261563,0.76,0.77,0.23,0.24,0.77,0.12138578062615624,STRONG,POSITIVE EDGE,2026-08-27 19:06:06.353606+00:00,102.22000000000116,8.894106566666666,UP,STRONG,0.8913857806261563,UP,102.22000000000116,7.25,10.14999999999418,UP,True,False,False,CLEAN,False
2026-08-28T01:19:22.096418+00:00,KXBTC15M-26AUG272130-30,80787.57,4.368273633333334,10.631726366666667,80996.93,209.35999999998603,UP,0.109375,0.890625,0.890625,0.109375,UP,0.890625,0.69,0.7,0.3,0.31,0.7,0.19062500000000004,STRONG,POSITIVE EDGE,2026-08-28 01:19:22.096418+00:00,209.35999999998603,10.631726366666667,UP,STRONG,0.890625,UP,209.35999999998603,0.0,0.0,UP,True,False,False,CLEAN,False
2026-08-28T01:33:25.794696+00:00,KXBTC15M-26AUG272145-45,81143.9,3.4299115999999996,11.5700884,81358.52,214.6200000000099,UP,0.19811320754716982,0.8018867924528301,0.8018867924528301,0.19811320754716982,UP,0.8018867924528301,0.6,0.61,0.39,0.4,0.61,0.19188679245283013,STRONG,POSITIVE EDGE,2026-08-28 01:33:25.794696+00:00,214.6200000000099,11.5700884,UP,STRONG,0.8018867924528301,DOWN,214.6200000000099,263.5100000000093,528.3899999999994,UP,False,True,True,CONFIRMED_DANGER,True
2026-08-28T01:49:19.781942+00:00,KXBTC15M-26AUG272200-00,80895.91,4.329699033333333,10.670300966666668,80721.44,-174.47000000000116,DOWN,0.10714285714285714,0.8928571428571429,0.10714285714285714,0.8928571428571429,DOWN,0.8928571428571429,0.22,0.23,0.77,0.78,0.78,0.11285714285714288,STRONG,POSITIVE EDGE,2026-08-28 01:49:19.781942+00:00,-174.47000000000116,10.670300966666668,DOWN,STRONG,0.8928571428571429,DOWN,174.47000000000116,62.550000000002925,62.550000000002925,DOWN,True,False,False,CLEAN,False
2026-08-28T02:03:30.887278+00:00,KXBTC15M-26AUG272215-15,80514.38,3.514787966666667,11.485212033333333,80356.61,-157.77000000000407,DOWN,0.109375,0.890625,0.109375,0.890625,DOWN,0.890625,0.24,0.25,0.75,0.76,0.76,0.130625,STRONG,POSITIVE EDGE,2026-08-28 02:03:30.887278+00:00,-157.77000000000407,11.485212033333331,DOWN,STRONG,0.890625,DOWN,157.77000000000407,77.86999999999534,77.86999999999534,DOWN,True,False,False,CLEAN,False
2026-08-28T02:19:32.265078+00:00,KXBTC15M-26AUG272230-30,80286.89,4.5377513,10.4622487,80072.56,-214.33000000000175,DOWN,0.06989247311827956,0.9301075268817205,0.06989247311827956,0.9301075268817205,DOWN,0.9301075268817205,0.21,0.22,0.78,0.79,0.79,0.14010752688172046,EARLY 90%+ / NOT YET VALIDATED LOCK,POSITIVE EDGE,2026-08-28 02:19:32.265078+00:00,-214.33000000000172,10.4622487,DOWN,EARLY 90%+ / NOT YET VALIDATED LOCK,0.9301075268817204,DOWN,214.33000000000172,60.18000000000754,60.18000000000754,DOWN,True,False,False,CLEAN,False
2026-08-28T02:36:01.150415+00:00,KXBTC15M-26AUG272245-45,79961.7,6.019173583333333,8.980826416666668,80100.34,138.63999999999942,UP,0.19811320754716982,0.8018867924528301,0.8018867924528301,0.19811320754716982,UP,0.8018867924528301,0.82,0.83,0.17,0.18,0.83,-0.02811320754716984,STRONG,NO VALUE,2026-08-28 02:36:01.150415+00:00,138.63999999999942,8.980826416666668,UP,STRONG,0.8018867924528301,UP,138.63999999999942,29.580000000001732,29.580000000001732,UP,True,False,False,CLEAN,False
2026-08-28T02:51:03.107510+00:00,KXBTC15M-26AUG272300-00,80014.41,6.051791833333334,8.948208166666666,79835.03,-179.38000000000466,DOWN,0.011904761904761904,0.9880952380952381,0.011904761904761904,0.9880952380952381,DOWN,0.9880952380952381,0.26,0.27,0.73,0.74,0.74,0.24809523809523815,EARLY 90%+ / NOT YET VALIDATED LOCK,LARGE EDGE / PRICE ABOVE 50c,2026-08-28 02:51:03.107510+00:00,-179.38000000000466,8.948208166666666,DOWN,EARLY 90%+ / NOT YET VALIDATED LOCK,0.988095238095238,DOWN,179.38000000000466,97.0,97.0,DOWN,True,False,True,LATE_DANGER_ONLY,True
2026-08-28T03:21:14.560194+00:00,KXBTC15M-26AUG272330-30,79910.31,6.2426699,8.757330099999999,80007.06,96.75,UP,0.06989247311827956,0.9301075268817205,0.9301075268817205,0.06989247311827956,UP,0.9301075268817205,0.83,0.84,0.16,0.17,0.84,0.09010752688172052,EARLY 90%+ / NOT YET VALIDATED LOCK,SMALL EDGE,2026-08-28 03:21:14.560194+00:00,96.75,8.757330099999999,UP,EARLY 90%+ / NOT YET VALIDATED LOCK,0.9301075268817204,UP,96.75,9.940000000002328,9.940000000002328,UP,True,False,False,CLEAN,False
2026-08-28T03:51:44.465948+00:00,KXBTC15M-26AUG280000-00,79837.68,6.741099133333334,8.258900866666666,79836.86,-0.819999999992433,DOWN,1.0,0.0,1.0,0.0,UP,1.0,0.43,0.44,0.56,0.57,0.44,0.56,EARLY 90%+ / NOT YET VALIDATED LOCK,IDEAL <=50c / LARGE EDGE,2026-08-28 03:51:44.465948+00:00,-0.819999999992433,8.258900866666666,UP,EARLY 90%+ / NOT YET VALIDATED LOCK,1.0,UP,-0.819999999992433,1.6900000000023283,22.369999999995343,UP,True,False,False,CLEAN,False
2026-08-28T04:21:41.132791+00:00,KXBTC15M-26AUG280030-30,79856.75,6.685546516666666,8.314453483333333,79947.4,90.64999999999418,UP,0.19811320754716982,0.8018867924528301,0.8018867924528301,0.19811320754716982,UP,0.8018867924528301,0.7,0.71,0.29,0.3,0.71,0.09188679245283016,STRONG,SMALL EDGE,2026-08-28 04:21:41.132791+00:00,90.64999999999418,8.314453483333333,UP,STRONG,0.8018867924528301,DOWN,90.64999999999418,97.39999999999418,109.31999999999243,UP,False,False,True,LATE_DANGER_ONLY,True
2026-08-28T04:36:12.671415+00:00,KXBTC15M-26AUG280045-45,79826.87,6.2111902500000005,8.78880975,79702.52,-124.34999999999127,DOWN,0.109375,0.890625,0.109375,0.890625,DOWN,0.890625,0.22,0.23,0.77,0.78,0.78,0.11062499999999997,STRONG,POSITIVE EDGE,2026-08-28 04:36:12.671415+00:00,-124.34999999999128,8.78880975,DOWN,STRONG,0.890625,DOWN,124.34999999999128,0.0,26.22000000000118,DOWN,True,False,False,CLEAN,False
2026-08-28T05:19:05.616487+00:00,KXBTC15M-26AUG280130-30,79634.97,4.093608116666667,10.906391883333333,79693.29,58.31999999999243,UP,0.19811320754716982,0.8018867924528301,0.8018867924528301,0.19811320754716982,UP,0.8018867924528301,0.56,0.57,0.43,0.44,0.57,0.23188679245283017,STRONG,LARGE EDGE / PRICE ABOVE 50c,2026-08-28 05:19:05.616487+00:00,58.31999999999243,10.906391883333333,UP,STRONG,0.8018867924528301,UP,58.31999999999243,96.88999999999942,115.65999999998894,UP,True,False,True,LATE_DANGER_ONLY,True
2026-08-28T05:35:04.682028+00:00,KXBTC15M-26AUG280145-45,79714.53,5.0780338,9.921966200000002,79818.89,104.36000000000058,UP,0.06989247311827956,0.9301075268817205,0.9301075268817205,0.06989247311827956,UP,0.9301075268817205,0.77,0.78,0.22,0.23,0.78,0.15010752688172047,EARLY 90%+ / NOT YET VALIDATED LOCK,POSITIVE EDGE,2026-08-28 05:35:04.682028+00:00,104.36000000000058,9.921966200000002,UP,EARLY 90%+ / NOT YET VALIDATED LOCK,0.9301075268817204,UP,104.36000000000058,0.0,7.5,UP,True,False,False,CLEAN,False
2026-08-28T05:50:30.445719+00:00,KXBTC15M-26AUG280200-00,79818.82,5.50742865,9.492571349999999,79879.66,60.83999999999651,UP,0.19811320754716982,0.8018867924528301,0.8018867924528301,0.19811320754716982,UP,0.8018867924528301,0.77,0.78,0.22,0.23,0.78,0.021886792452830095,STRONG,SMALL EDGE,2026-08-28 05:50:30.445719+00:00,60.83999999999651,9.49257135,UP,STRONG,0.8018867924528301,DOWN,60.83999999999651,71.40000000000873,108.97000000000116,UP,False,False,True,LATE_DANGER_ONLY,True
2026-08-28T06:05:01.937953+00:00,KXBTC15M-26AUG280215-15,79695.41,5.032299216666667,9.967700783333333,79840.4,144.9899999999907,UP,0.06989247311827956,0.9301075268817205,0.9301075268817205,0.06989247311827956,UP,0.9301075268817205,0.84,0.85,0.15,0.16,0.85,0.08010752688172051,EARLY 90%+ / NOT YET VALIDATED LOCK,SMALL EDGE,2026-08-28 06:05:01.937953+00:00,144.9899999999907,9.967700783333331,UP,EARLY 90%+ / NOT YET VALIDATED LOCK,0.9301075268817204,UP,144.9899999999907,12.259999999994761,12.259999999994761,UP,True,False,False,CLEAN,False
2026-08-28T06:48:25.310349+00:00,KXBTC15M-26AUG280300-00,79871.5,3.42183915,11.57816085,79943.67,72.16999999999825,UP,0.19811320754716982,0.8018867924528301,0.8018867924528301,0.19811320754716982,UP,0.8018867924528301,0.76,0.77,0.23,0.24,0.77,0.031886792452830104,STRONG,SMALL EDGE,2026-08-28 06:48:25.310349+00:00,72.16999999999825,11.57816085,UP,STRONG,0.8018867924528301,UP,72.16999999999825,0.0,0.0,UP,True,False,False,CLEAN,False
2026-08-28T07:05:15.899985+00:00,KXBTC15M-26AUG280315-15,79917.97,5.26499975,9.73500025,79762.59,-155.38000000000466,DOWN,0.06989247311827956,0.9301075268817205,0.06989247311827956,0.9301075268817205,DOWN,0.9301075268817205,0.16,0.17,0.83,0.84,0.84,0.09010752688172052,EARLY 90%+ / NOT YET VALIDATED LOCK,SMALL EDGE,2026-08-28 07:05:15.899985+00:00,-155.38000000000466,9.73500025,DOWN,EARLY 90%+ / NOT YET VALIDATED LOCK,0.9301075268817204,DOWN,155.38000000000466,0.0,0.0,DOWN,True,False,False,CLEAN,False
2026-08-28T07:36:45.421048+00:00,KXBTC15M-26AUG280345-45,79810.84,6.7570174666666665,8.242982533333334,79700.88,-109.95999999999185,DOWN,0.19811320754716982,0.8018867924528301,0.19811320754716982,0.8018867924528301,DOWN,0.8018867924528301,0.18,0.19,0.81,0.82,0.82,-0.01811320754716983,STRONG,NO VALUE,2026-08-28 07:36:45.421048+00:00,-109.95999999999184,8.242982533333334,DOWN,STRONG,0.8018867924528301,DOWN,109.95999999999184,4.589999999996493,4.589999999996493,DOWN,True,False,False,CLEAN,False
2026-08-28T07:50:01.581872+00:00,KXBTC15M-26AUG280400-00,79601.92,5.026364533333333,9.973635466666668,79678.5,76.58000000000175,UP,0.19811320754716982,0.8018867924528301,0.8018867924528301,0.19811320754716982,UP,0.8018867924528301,0.75,0.76,0.24,0.25,0.76,0.04188679245283011,STRONG,SMALL EDGE,2026-08-28 07:50:01.581872+00:00,76.58000000000175,9.973635466666668,UP,STRONG,0.8018867924528301,UP,76.58000000000175,19.630000000004657,68.00999999999476,UP,True,False,False,CLEAN,False
2026-08-28T08:04:10.467314+00:00,KXBTC15M-26AUG280415-15,79673.81,4.174455233333333,10.825544766666667,79825.0,151.19000000000233,UP,0.19811320754716982,0.8018867924528301,0.8018867924528301,0.19811320754716982,UP,0.8018867924528301,0.88,0.89,0.11,0.12,0.89,-0.08811320754716989,STRONG,NO VALUE,2026-08-28 08:04:10.467314+00:00,151.19000000000233,10.825544766666669,UP,STRONG,0.8018867924528301,UP,151.19000000000233,81.30999999999767,81.30999999999767,UP,True,False,False,CLEAN,False
2026-08-28T08:20:05.872193+00:00,KXBTC15M-26AUG280430-30,79747.92,5.097869883333333,9.902130116666665,79850.24,102.32000000000698,UP,0.06989247311827956,0.9301075268817205,0.9301075268817205,0.06989247311827956,UP,0.9301075268817205,0.79,0.8,0.2,0.21,0.8,0.13010752688172045,EARLY 90%+ / NOT YET VALIDATED LOCK,POSITIVE EDGE,2026-08-28 08:20:05.872193+00:00,102.32000000000698,9.902130116666664,UP,EARLY 90%+ / NOT YET VALIDATED LOCK,0.9301075268817204,UP,102.32000000000698,37.15000000000873,44.11000000000058,UP,True,False,False,CLEAN,False
2026-08-28T08:36:00.816496+00:00,KXBTC15M-26AUG280445-45,79795.05,6.013608266666666,8.986391733333333,79794.73,-0.3200000000069849,DOWN,1.0,0.0,1.0,0.0,UP,1.0,0.55,0.56,0.44,0.45,0.56,0.43999999999999995,EARLY 90%+ / NOT YET VALIDATED LOCK,LARGE EDGE / PRICE ABOVE 50c,2026-08-28 08:36:00.816496+00:00,-0.3200000000069849,8.986391733333333,UP,EARLY 90%+ / NOT YET VALIDATED LOCK,1.0,DOWN,-0.3200000000069849,31.119999999995343,46.11000000000058,UP,False,False,False,CLEAN,False
2026-08-28T08:48:22.547241+00:00,KXBTC15M-26AUG280500-00,79734.4,3.3757873500000004,11.62421265,79559.84,-174.55999999999767,DOWN,0.109375,0.890625,0.109375,0.890625,DOWN,0.890625,0.14,0.15,0.85,0.86,0.86,0.030625000000000013,STRONG,SMALL EDGE,2026-08-28 08:48:22.547241+00:00,-174.55999999999767,11.62421265,DOWN,STRONG,0.890625,DOWN,174.55999999999767,0.0,38.5,DOWN,True,False,False,CLEAN,False
2026-08-28T09:04:49.089821+00:00,KXBTC15M-26AUG280515-15,79513.27,4.818163683333333,10.181836316666667,79363.58,-149.69000000000233,DOWN,0.19811320754716982,0.8018867924528301,0.19811320754716982,0.8018867924528301,DOWN,0.8018867924528301,0.14,0.15,0.85,0.86,0.86,-0.058113207547169865,STRONG,NO VALUE,2026-08-28 09:04:49.089821+00:00,-149.69000000000233,10.181836316666669,DOWN,STRONG,0.8018867924528301,DOWN,149.69000000000233,65.94999999999709,115.7899999999936,DOWN,True,False,True,LATE_DANGER_ONLY,True
2026-08-28T09:21:37.142909+00:00,KXBTC15M-26AUG280530-30,79392.1,6.619048483333333,8.380951516666666,79427.48,35.379999999990105,UP,0.109375,0.890625,0.890625,0.109375,UP,0.890625,0.69,0.7,0.3,0.31,0.7,0.19062500000000004,STRONG,POSITIVE EDGE,2026-08-28 09:21:37.142909+00:00,35.379999999990105,8.380951516666666,UP,STRONG,0.890625,DOWN,35.379999999990105,4.649999999994179,4.649999999994179,UP,False,False,False,CLEAN,False
2026-08-28T10:06:43.273419+00:00,KXBTC15M-26AUG280615-15,79295.98,6.72122365,8.27877635,79197.99,-97.98999999999069,DOWN,0.19811320754716982,0.8018867924528301,0.19811320754716982,0.8018867924528301,DOWN,0.8018867924528301,0.18,0.19,0.81,0.82,0.82,-0.01811320754716983,STRONG,NO VALUE,2026-08-28 10:06:43.273419+00:00,-97.98999999999069,8.27877635,DOWN,STRONG,0.8018867924528301,DOWN,97.98999999999069,0.0,0.6899999999877622,DOWN,True,False,False,CLEAN,False
2026-08-28T11:04:44.112086+00:00,KXBTC15M-26AUG280715-15,79558.03,4.735201433333333,10.264798566666666,79707.91,149.88000000000466,UP,0.19811320754716982,0.8018867924528301,0.8018867924528301,0.19811320754716982,UP,0.8018867924528301,0.86,0.87,0.13,0.14,0.87,-0.06811320754716987,STRONG,NO VALUE,2026-08-28 11:04:44.112086+00:00,149.88000000000466,10.264798566666666,UP,STRONG,0.8018867924528301,UP,149.88000000000466,72.91000000000349,72.91000000000349,UP,True,False,False,CLEAN,False
2026-08-28T11:33:29.617061+00:00,KXBTC15M-26AUG280745-45,79660.51,3.4936176833333334,11.506382316666667,79732.35,71.84000000001106,UP,0.19811320754716982,0.8018867924528301,0.8018867924528301,0.19811320754716982,UP,0.8018867924528301,0.72,0.73,0.27,0.28,0.73,0.07188679245283014,STRONG,SMALL EDGE,2026-08-28 11:33:29.617061+00:00,71.84000000001106,11.506382316666668,UP,STRONG,0.8018867924528301,DOWN,71.84000000001106,103.01000000000931,134.57000000000698,UP,False,True,True,CONFIRMED_DANGER,True
2026-08-28T12:05:51.854904+00:00,KXBTC15M-26AUG280815-15,79604.96,5.864248399999999,9.135751599999999,79674.06,69.09999999999127,UP,0.19811320754716982,0.8018867924528301,0.8018867924528301,0.19811320754716982,UP,0.8018867924528301,0.57,0.58,0.42,0.43,0.58,0.22188679245283016,STRONG,LARGE EDGE / PRICE ABOVE 50c,2026-08-28 12:05:51.854904+00:00,69.09999999999127,9.1357516,UP,STRONG,0.8018867924528301,DOWN,69.09999999999127,86.25,116.19999999999709,UP,False,False,True,LATE_DANGER_ONLY,True
2026-08-28T12:18:15.042967+00:00,KXBTC15M-26AUG280830-30,79532.91,3.2507161166666667,11.749283883333334,79669.1,136.19000000000233,UP,0.19811320754716982,0.8018867924528301,0.8018867924528301,0.19811320754716982,UP,0.8018867924528301,0.83,0.84,0.16,0.17,0.84,-0.03811320754716985,STRONG,NO VALUE,2026-08-28 12:18:15.042967+00:00,136.19000000000233,11.749283883333334,UP,STRONG,0.8018867924528301,UP,136.19000000000233,69.10000000000582,69.10000000000582,UP,True,False,False,CLEAN,False
2026-08-28T20:20:14.940378+00:00,KXBTC15M-26AUG281630-30,77553.72,5.2490063000000005,9.7509937,77406.59,-147.13000000000466,DOWN,0.10714285714285714,0.8928571428571429,0.10714285714285714,0.8928571428571429,DOWN,0.8928571428571429,0.15,0.16,0.84,0.85,0.85,0.04285714285714293,STRONG,SMALL EDGE,2026-08-28 20:20:14.940378+00:00,-147.13000000000466,9.7509937,DOWN,STRONG,0.8928571428571429,DOWN,147.13000000000466,75.52000000000407,98.36000000000058,DOWN,True,False,True,LATE_DANGER_ONLY,True
2026-08-28T20:33:31.432038+00:00,KXBTC15M-26AUG281645-45,77498.95,3.5238673,11.476132699999999,77319.25,-179.6999999999971,DOWN,0.06989247311827956,0.9301075268817205,0.06989247311827956,0.9301075268817205,DOWN,0.9301075268817205,0.15,0.16,0.84,0.85,0.85,0.08010752688172051,EARLY 90%+ / NOT YET VALIDATED LOCK,SMALL EDGE,2026-08-28 20:33:31.432038+00:00,-179.6999999999971,11.4761327,DOWN,EARLY 90%+ / NOT YET VALIDATED LOCK,0.9301075268817204,DOWN,179.6999999999971,15.720000000001164,46.070000000006985,DOWN,True,False,False,CLEAN,False
2026-08-28T21:34:15.183633+00:00,KXBTC15M-26AUG281745-45,77389.22,4.25306055,10.746939450000001,77503.8,114.58000000000175,UP,0.10714285714285714,0.8928571428571429,0.8928571428571429,0.10714285714285714,UP,0.8928571428571429,0.82,0.83,0.17,0.18,0.83,0.06285714285714294,STRONG,SMALL EDGE,2026-08-28 21:34:15.183633+00:00,114.58000000000176,10.74693945,UP,STRONG,0.8928571428571429,UP,114.58000000000176,8.760000000009327,8.760000000009327,UP,True,False,False,CLEAN,False
2026-08-29T12:20:13.548704+00:00,KXBTC15M-26AUG290830-30,77590.57,5.225811733333333,9.774188266666666,77652.23,61.65999999998894,UP,0.19811320754716982,0.8018867924528301,0.8018867924528301,0.19811320754716982,UP,0.8018867924528301,0.87,0.88,0.12,0.13,0.88,-0.07811320754716988,STRONG,NO VALUE,2026-08-29 12:20:13.548704+00:00,61.65999999998894,9.774188266666666,UP,STRONG,0.8018867924528301,DOWN,61.65999999998894,28.19000000000233,112.76999999998952,UP,False,False,True,LATE_DANGER_ONLY,True
2026-08-29T12:48:30.334641+00:00,KXBTC15M-26AUG290900-00,77576.66,3.5055773500000003,11.494422649999999,77574.98,-1.680000000007567,DOWN,1.0,0.0,1.0,0.0,UP,1.0,0.45,0.46,0.54,0.55,0.46,0.54,EARLY 90%+ / NOT YET VALIDATED LOCK,IDEAL <=50c / LARGE EDGE,2026-08-29 12:48:30.334641+00:00,-1.680000000007567,11.49442265,UP,EARLY 90%+ / NOT YET VALIDATED LOCK,1.0,UP,-1.680000000007567,10.83999999999651,23.30999999999767,UP,True,False,False,CLEAN,False
2026-08-29T13:49:35.807675+00:00,KXBTC15M-26AUG291000-00,77663.73,4.596794583333334,10.403205416666667,77698.73,35.0,UP,0.19811320754716982,0.8018867924528301,0.8018867924528301,0.19811320754716982,UP,0.8018867924528301,0.74,0.75,0.25,0.26,0.75,0.05188679245283012,STRONG,SMALL EDGE,2026-08-29 13:49:35.807675+00:00,35.0,10.403205416666667,UP,STRONG,0.8018867924528301,UP,35.0,5.309999999997672,5.309999999997672,UP,True,False,False,CLEAN,False
2026-08-29T14:35:08.714492+00:00,KXBTC15M-26AUG291045-45,77698.12,5.1452415333333335,9.854758466666668,77694.9,-3.220000000001164,DOWN,0.863756859875237,0.13624314012476302,0.863756859875237,0.13624314012476302,UP,0.863756859875237,0.47,0.48,0.52,0.53,0.48,0.383756859875237,STRONG,IDEAL <=50c / LARGE EDGE,2026-08-29 14:35:08.714492+00:00,-3.220000000001164,9.854758466666668,UP,STRONG,0.863756859875237,UP,-3.220000000001164,2.8699999999953443,2.8699999999953443,UP,True,False,False,CLEAN,False
2026-08-29T15:03:28.080519+00:00,KXBTC15M-26AUG291115-15,78016.68,3.4680086500000002,11.53199135,77848.78,-167.89999999999418,DOWN,0.19811320754716982,0.8018867924528301,0.19811320754716982,0.8018867924528301,DOWN,0.8018867924528301,0.13,0.14,0.86,0.87,0.87,-0.06811320754716987,STRONG,NO VALUE,2026-08-29 15:03:28.080519+00:00,-167.89999999999418,11.53199135,DOWN,STRONG,0.8018867924528301,DOWN,167.89999999999418,31.04000000000815,83.79000000000815,DOWN,True,False,False,CLEAN,False
2026-08-29T16:05:49.776079+00:00,KXBTC15M-26AUG291215-15,77848.09,5.8296013166666665,9.170398683333334,77913.72,65.63000000000466,UP,0.19811320754716982,0.8018867924528301,0.8018867924528301,0.19811320754716982,UP,0.8018867924528301,0.79,0.8,0.2,0.21,0.8,0.0018867924528300772,STRONG,SMALL EDGE,2026-08-29 16:05:49.776079+00:00,65.63000000000466,9.170398683333334,UP,STRONG,0.8018867924528301,UP,65.63000000000466,0.0,0.0,UP,True,False,False,CLEAN,False
2026-08-29T16:49:03.956809+00:00,KXBTC15M-26AUG291300-00,78004.39,4.065946816666666,10.934053183333333,78040.69,36.30000000000291,UP,0.109375,0.890625,0.890625,0.109375,UP,0.890625,0.65,0.66,0.34,0.35,0.66,0.23062499999999997,STRONG,LARGE EDGE / PRICE ABOVE 50c,2026-08-29 16:49:03.956809+00:00,36.30000000000291,10.934053183333331,UP,STRONG,0.890625,UP,36.30000000000291,14.419999999998254,14.419999999998254,UP,True,False,False,CLEAN,False
2026-08-29T17:50:11.638902+00:00,KXBTC15M-26AUG291400-00,78026.59,5.193981699999999,9.8060183,78058.31,31.720000000001164,UP,0.10714285714285714,0.8928571428571429,0.8928571428571429,0.10714285714285714,UP,0.8928571428571429,0.68,0.7,0.3,0.32,0.7,0.19285714285714295,STRONG,POSITIVE EDGE,2026-08-29 17:50:11.638902+00:00,31.720000000001164,9.8060183,UP,STRONG,0.8928571428571429,UP,31.720000000001164,19.489999999990687,68.91999999999825,UP,True,False,False,CLEAN,False
2026-08-29T18:21:07.601916+00:00,KXBTC15M-26AUG291430-30,78069.39,6.1266986,8.8733014,78041.99,-27.39999999999418,DOWN,0.19811320754716982,0.8018867924528301,0.19811320754716982,0.8018867924528301,DOWN,0.8018867924528301,0.33,0.34,0.66,0.67,0.67,0.13188679245283008,STRONG,POSITIVE EDGE,2026-08-29 18:21:07.601916+00:00,-27.39999999999418,8.8733014,DOWN,STRONG,0.8018867924528301,UP,27.39999999999418,54.51999999998952,54.51999999998952,DOWN,False,False,False,CLEAN,False
2026-08-29T18:36:08.882058+00:00,KXBTC15M-26AUG291445-45,78073.05,6.1480343,8.8519657,78119.23,46.179999999993015,UP,0.109375,0.890625,0.890625,0.109375,UP,0.890625,0.71,0.72,0.28,0.29,0.72,0.17062500000000003,STRONG,POSITIVE EDGE,2026-08-29 18:36:08.882058+00:00,46.179999999993015,8.8519657,UP,STRONG,0.890625,UP,46.179999999993015,5.139999999999418,5.139999999999418,UP,True,False,False,CLEAN,False
2026-08-29T18:49:24.572484+00:00,KXBTC15M-26AUG291500-00,78140.3,4.409541399999999,10.5904586,78227.54,87.23999999999069,UP,0.19811320754716982,0.8018867924528301,0.8018867924528301,0.19811320754716982,UP,0.8018867924528301,0.79,0.8,0.2,0.21,0.8,0.0018867924528300772,STRONG,SMALL EDGE,2026-08-29 18:49:24.572484+00:00,87.23999999999069,10.5904586,UP,STRONG,0.8018867924528301,UP,87.23999999999069,2.0499999999883585,22.860000000000582,UP,True,False,False,CLEAN,False
2026-08-29T19:04:58.434576+00:00,KXBTC15M-26AUG291515-15,78162.89,4.9739096,10.0260904,78235.76,72.86999999999534,UP,0.19811320754716982,0.8018867924528301,0.8018867924528301,0.19811320754716982,UP,0.8018867924528301,0.72,0.73,0.27,0.28,0.73,0.07188679245283014,STRONG,SMALL EDGE,2026-08-29 19:04:58.434576+00:00,72.86999999999534,10.0260904,UP,STRONG,0.8018867924528301,UP,72.86999999999534,9.709999999991851,9.709999999991851,UP,True,False,False,CLEAN,False
2026-08-29T19:36:48.524308+00:00,KXBTC15M-26AUG291545-45,78249.61,6.808738466666667,8.191261533333334,78217.97,-31.639999999999418,DOWN,0.19811320754716982,0.8018867924528301,0.19811320754716982,0.8018867924528301,DOWN,0.8018867924528301,0.23,0.24,0.76,0.77,0.77,0.031886792452830104,STRONG,SMALL EDGE,2026-08-29 19:36:48.524308+00:00,-31.639999999999414,8.191261533333334,DOWN,STRONG,0.8018867924528301,UP,31.639999999999414,39.169999999998254,39.169999999998254,DOWN,False,False,False,CLEAN,False
2026-08-29T20:06:49.538516+00:00,KXBTC15M-26AUG291615-15,78188.3,6.825641933333333,8.174358066666667,78274.67,86.36999999999534,UP,0.109375,0.890625,0.890625,0.109375,UP,0.890625,0.87,0.88,0.12,0.13,0.88,0.010624999999999996,STRONG,SMALL EDGE,2026-08-29 20:06:49.538516+00:00,86.36999999999534,8.174358066666667,UP,STRONG,0.890625,UP,86.36999999999534,35.13999999999942,53.16000000000349,UP,True,False,False,CLEAN,False
2026-08-29T20:19:11.167909+00:00,KXBTC15M-26AUG291630-30,78230.36,4.186131816666667,10.813868183333334,78262.84,32.479999999995925,UP,0.19811320754716982,0.8018867924528301,0.8018867924528301,0.19811320754716982,UP,0.8018867924528301,0.69,0.7,0.3,0.31,0.7,0.10188679245283017,STRONG,POSITIVE EDGE,2026-08-29 20:19:11.167909+00:00,32.479999999995925,10.813868183333334,UP,STRONG,0.8018867924528301,DOWN,32.479999999995925,45.580000000001746,55.38999999999942,UP,False,False,False,CLEAN,False
2026-08-29T20:48:19.117998+00:00,KXBTC15M-26AUG291700-00,78138.16,3.3186333,11.681366700000002,78136.75,-1.4100000000034925,DOWN,1.0,0.0,1.0,0.0,UP,1.0,0.52,0.53,0.47,0.48,0.53,0.47,EARLY 90%+ / NOT YET VALIDATED LOCK,LARGE EDGE / PRICE ABOVE 50c,2026-08-29 20:48:19.117998+00:00,-1.4100000000034925,11.681366700000002,UP,EARLY 90%+ / NOT YET VALIDATED LOCK,1.0,DOWN,-1.4100000000034925,12.320000000006983,12.320000000006983,UP,False,False,False,CLEAN,False
2026-08-29T21:06:51.218655+00:00,KXBTC15M-26AUG291715-15,78127.56,6.85364425,8.14635575,78058.0,-69.55999999999767,DOWN,0.19811320754716982,0.8018867924528301,0.19811320754716982,0.8018867924528301,DOWN,0.8018867924528301,0.18,0.19,0.81,0.82,0.82,-0.01811320754716983,STRONG,NO VALUE,2026-08-29 21:06:51.218655+00:00,-69.55999999999767,8.14635575,DOWN,STRONG,0.8018867924528301,UP,69.55999999999767,92.72000000000116,92.72000000000116,DOWN,False,False,True,LATE_DANGER_ONLY,True
2026-08-29T21:35:05.692794+00:00,KXBTC15M-26AUG291745-45,78104.48,5.0948799,9.9051201,78102.74,-1.7399999999906868,DOWN,1.0,0.0,1.0,0.0,UP,1.0,0.51,0.52,0.48,0.49,0.52,0.48,EARLY 90%+ / NOT YET VALIDATED LOCK,LARGE EDGE / PRICE ABOVE 50c,2026-08-29 21:35:05.692794+00:00,-1.7399999999906868,9.9051201,UP,EARLY 90%+ / NOT YET VALIDATED LOCK,1.0,DOWN,-1.7399999999906868,37.16000000000349,37.16000000000349,UP,False,False,False,CLEAN,False
2026-08-29T21:49:13.125852+00:00,KXBTC15M-26AUG291800-00,78094.78,4.2187642,10.7812358,78143.13,48.35000000000582,UP,0.19811320754716982,0.8018867924528301,0.8018867924528301,0.19811320754716982,UP,0.8018867924528301,0.77,0.78,0.22,0.23,0.78,0.021886792452830095,STRONG,SMALL EDGE,2026-08-29 21:49:13.125852+00:00,48.35000000000582,10.7812358,UP,STRONG,0.8018867924528301,UP,48.35000000000582,0.0,0.0,UP,True,False,False,CLEAN,False
2026-08-29T22:06:51.884004+00:00,KXBTC15M-26AUG291815-15,78152.3,6.8647334,8.1352666,78202.99,50.69000000000233,UP,0.19811320754716982,0.8018867924528301,0.8018867924528301,0.19811320754716982,UP,0.8018867924528301,0.79,0.8,0.2,0.21,0.8,0.0018867924528300772,STRONG,SMALL EDGE,2026-08-29 22:06:51.884004+00:00,50.69000000000233,8.1352666,UP,STRONG,0.8018867924528301,DOWN,50.69000000000233,0.680000000007567,0.680000000007567,UP,False,False,False,CLEAN,False
2026-08-29T22:48:21.995236+00:00,KXBTC15M-26AUG291900-00,78171.03,3.366587266666667,11.633412733333333,78192.5,21.470000000001164,UP,0.19811320754716982,0.8018867924528301,0.8018867924528301,0.19811320754716982,UP,0.8018867924528301,0.67,0.68,0.32,0.33,0.68,0.12188679245283007,STRONG,POSITIVE EDGE,2026-08-29 22:48:21.995236+00:00,21.470000000001164,11.633412733333332,UP,STRONG,0.8018867924528301,UP,21.470000000001164,10.169999999998254,10.169999999998254,UP,True,False,False,CLEAN,False
2026-08-29T23:04:15.970626+00:00,KXBTC15M-26AUG291915-15,78215.12,4.2661771,10.7338229,78239.58,24.460000000006403,UP,0.19811320754716982,0.8018867924528301,0.8018867924528301,0.19811320754716982,UP,0.8018867924528301,0.68,0.69,0.31,0.32,0.69,0.11188679245283017,STRONG,POSITIVE EDGE,2026-08-29 23:04:15.970626+00:00,24.460000000006403,10.7338229,UP,STRONG,0.8018867924528301,UP,24.460000000006403,40.220000000001164,40.220000000001164,UP,True,False,False,CLEAN,False
2026-08-29T23:34:14.727148+00:00,KXBTC15M-26AUG291945-45,78247.19,4.245452466666666,10.754547533333332,78261.44,14.25,UP,0.10714285714285714,0.8928571428571429,0.8928571428571429,0.10714285714285714,UP,0.8928571428571429,0.55,0.56,0.44,0.45,0.56,0.33285714285714285,STRONG,LARGE EDGE / PRICE ABOVE 50c,2026-08-29 23:34:14.727148+00:00,14.25,10.754547533333332,UP,STRONG,0.8928571428571429,DOWN,14.25,34.69000000000233,34.69000000000233,UP,False,False,False,CLEAN,False
2026-08-29T23:50:07.857482+00:00,KXBTC15M-26AUG292000-00,78241.41,5.130958033333333,9.869041966666666,78275.77,34.36000000000058,UP,0.109375,0.890625,0.890625,0.109375,UP,0.890625,0.67,0.68,0.32,0.33,0.68,0.21062499999999995,STRONG,LARGE EDGE / PRICE ABOVE 50c,2026-08-29 23:50:07.857482+00:00,34.36000000000058,9.869041966666666,UP,STRONG,0.890625,DOWN,34.36000000000058,34.4600000000064,43.16000000000349,UP,False,False,False,CLEAN,False
2026-08-31T14:49:22.332530+00:00,KXBTC15M-26AUG311100-00,78579.99,4.3722088333333335,10.627791166666666,78380.0,-199.99000000000524,DOWN,0.06989247311827956,0.9301075268817205,0.06989247311827956,0.9301075268817205,DOWN,0.9301075268817205,0.28,0.29,0.71,0.72,0.72,0.21010752688172052,EARLY 90%+ / NOT YET VALIDATED LOCK,LARGE EDGE / PRICE ABOVE 50c,2026-08-31 14:49:22.332530+00:00,-199.99000000000524,10.627791166666666,DOWN,EARLY 90%+ / NOT YET VALIDATED LOCK,0.9301075268817204,UP,199.99000000000524,69.83999999999651,69.83999999999651,DOWN,False,False,False,CLEAN,False
2026-08-31T15:06:13.418926+00:00,KXBTC15M-26AUG311115-15,78580.63,6.223648766666667,8.776351233333333,78405.29,-175.34000000001106,DOWN,0.06989247311827956,0.9301075268817205,0.06989247311827956,0.9301075268817205,DOWN,0.9301075268817205,0.16,0.17,0.83,0.84,0.84,0.09010752688172052,EARLY 90%+ / NOT YET VALIDATED LOCK,SMALL EDGE,2026-08-31 15:06:13.418926+00:00,-175.34000000001106,8.776351233333333,DOWN,EARLY 90%+ / NOT YET VALIDATED LOCK,0.9301075268817204,DOWN,175.34000000001106,115.48000000001048,115.48000000001048,DOWN,True,True,True,CONFIRMED_DANGER,True
2026-08-31T17:18:31.540040+00:00,KXBTC15M-26AUG311330-30,78738.42,3.5256673333333333,11.474332666666667,78516.9,-221.52000000000407,DOWN,0.011904761904761904,0.9880952380952381,0.011904761904761904,0.9880952380952381,DOWN,0.9880952380952381,0.13,0.14,0.86,0.87,0.87,0.11809523809523814,EARLY 90%+ / NOT YET VALIDATED LOCK,POSITIVE EDGE,2026-08-31 17:18:31.540040+00:00,-221.52000000000407,11.474332666666667,DOWN,EARLY 90%+ / NOT YET VALIDATED LOCK,0.988095238095238,DOWN,221.52000000000407,129.52999999999884,129.52999999999884,DOWN,True,True,True,CONFIRMED_DANGER,True
2026-08-31T17:34:06.146779+00:00,KXBTC15M-26AUG311345-45,78504.7,4.102446316666667,10.897553683333333,78613.69,108.99000000000524,UP,0.19811320754716982,0.8018867924528301,0.8018867924528301,0.19811320754716982,UP,0.8018867924528301,0.73,0.74,0.26,0.27,0.74,0.06188679245283013,STRONG,SMALL EDGE,2026-08-31 17:34:06.146779+00:00,108.99000000000524,10.897553683333332,UP,STRONG,0.8018867924528301,UP,108.99000000000524,23.169999999998254,23.169999999998254,UP,True,False,False,CLEAN,False
2026-08-31T18:05:55.687239+00:00,KXBTC15M-26AUG311415-15,78900.92,5.928120649999999,9.07187935,78771.91,-129.00999999999476,DOWN,0.19811320754716982,0.8018867924528301,0.19811320754716982,0.8018867924528301,DOWN,0.8018867924528301,0.13,0.14,0.86,0.87,0.87,-0.06811320754716987,STRONG,NO VALUE,2026-08-31 18:05:55.687239+00:00,-129.00999999999476,9.07187935,DOWN,STRONG,0.8018867924528301,UP,129.00999999999476,71.86999999999534,71.86999999999534,DOWN,False,False,False,CLEAN,False
2026-08-31T18:50:35.291142+00:00,KXBTC15M-26AUG311500-00,79169.23,5.5881856999999995,9.4118143,79035.0,-134.22999999999593,DOWN,0.19811320754716982,0.8018867924528301,0.19811320754716982,0.8018867924528301,DOWN,0.8018867924528301,0.25,0.26,0.74,0.75,0.75,0.05188679245283012,STRONG,SMALL EDGE,2026-08-31 18:50:35.291142+00:00,-134.22999999999593,9.4118143,DOWN,STRONG,0.8018867924528301,DOWN,134.22999999999593,18.130000000004642,18.130000000004642,DOWN,True,False,False,CLEAN,False
2026-08-31T19:19:06.428905+00:00,KXBTC15M-26AUG311530-30,79238.61,4.107148416666666,10.892851583333334,79074.29,-164.32000000000698,DOWN,0.06989247311827956,0.9301075268817205,0.06989247311827956,0.9301075268817205,DOWN,0.9301075268817205,0.11,0.12,0.88,0.89,0.89,0.04010752688172048,EARLY 90%+ / NOT YET VALIDATED LOCK,SMALL EDGE,2026-08-31 19:19:06.428905+00:00,-164.32000000000698,10.892851583333334,DOWN,EARLY 90%+ / NOT YET VALIDATED LOCK,0.9301075268817204,DOWN,164.32000000000698,0.0,29.010000000009313,DOWN,True,False,False,CLEAN,False
2026-08-31T20:20:14.081426+00:00,KXBTC15M-26AUG311630-30,78941.09,5.234690433333333,9.765309566666668,79068.0,126.91000000000349,UP,0.109375,0.890625,0.890625,0.109375,UP,0.890625,0.89,0.9,0.1,0.11,0.9,-0.009375000000000022,STRONG,NO VALUE,2026-08-31 20:20:14.081426+00:00,126.91000000000348,9.765309566666668,UP,STRONG,0.890625,DOWN,126.91000000000348,61.08000000000173,99.07000000000697,UP,False,False,True,LATE_DANGER_ONLY,True
2026-08-31T20:36:46.750109+00:00,KXBTC15M-26AUG311645-45,78912.12,6.779168483333334,8.220831516666667,78790.0,-122.11999999999534,DOWN,0.19811320754716982,0.8018867924528301,0.19811320754716982,0.8018867924528301,DOWN,0.8018867924528301,0.1,0.11,0.89,0.9,0.9,-0.0981132075471699,STRONG,NO VALUE,2026-08-31 20:36:46.750109+00:00,-122.11999999999534,8.220831516666667,DOWN,STRONG,0.8018867924528301,DOWN,122.11999999999534,42.10000000000582,43.820000000006985,DOWN,True,False,False,CLEAN,False
2026-08-31T21:05:55.115813+00:00,KXBTC15M-26AUG311715-15,78846.9,5.918596883333334,9.081403116666667,78711.62,-135.27999999999884,DOWN,0.19811320754716982,0.8018867924528301,0.19811320754716982,0.8018867924528301,DOWN,0.8018867924528301,0.32,0.33,0.67,0.68,0.68,0.12188679245283007,STRONG,POSITIVE EDGE,2026-08-31 21:05:55.115813+00:00,-135.27999999999884,9.081403116666667,DOWN,STRONG,0.8018867924528301,DOWN,135.27999999999884,143.74000000000524,143.74000000000524,DOWN,True,True,True,CONFIRMED_DANGER,True
2026-08-31T21:35:13.964844+00:00,KXBTC15M-26AUG311745-45,78930.33,5.2327474,9.7672526,79021.34,91.00999999999476,UP,0.19811320754716982,0.8018867924528301,0.8018867924528301,0.19811320754716982,UP,0.8018867924528301,0.76,0.77,0.23,0.24,0.77,0.031886792452830104,STRONG,SMALL EDGE,2026-08-31 21:35:13.964844+00:00,91.00999999999476,9.7672526,UP,STRONG,0.8018867924528301,UP,91.00999999999476,1.6299999999901047,32.51999999998952,UP,True,False,False,CLEAN,False
2026-08-31T22:21:52.500103+00:00,KXBTC15M-26AUG311830-30,78876.78,6.8750017166666675,8.124998283333333,78751.86,-124.91999999999825,DOWN,0.109375,0.890625,0.109375,0.890625,DOWN,0.890625,0.092,0.093,0.907,0.908,0.908,-0.01737500000000003,STRONG,NO VALUE,2026-08-31 22:21:52.500103+00:00,-124.91999999999824,8.124998283333333,DOWN,STRONG,0.890625,DOWN,124.91999999999824,22.0,22.0,DOWN,True,False,False,CLEAN,False
