contract,candle_end_utc,yes_ask,yes_bid,no_ask
KXBTC15M-26AUG200800-00,2026-08-20 11:46:00+00:00,0.57,0.56,0.4399999999999999
KXBTC15M-26AUG200800-00,2026-08-20 11:47:00+00:00,0.62,0.61,0.39
KXBTC15M-26AUG200800-00,2026-08-20 11:48:00+00:00,0.7,0.69,0.31
KXBTC15M-26AUG200800-00,2026-08-20 11:49:00+00:00,0.58,0.56,0.4399999999999999
KXBTC15M-26AUG200800-00,2026-08-20 11:50:00+00:00,0.52,0.51,0.49
KXBTC15M-26AUG200800-00,2026-08-20 11:51:00+00:00,0.46,0.45,0.55
KXBTC15M-26AUG200800-00,2026-08-20 11:52:00+00:00,0.36,0.35,0.65
KXBTC15M-26AUG200800-00,2026-08-20 11:53:00+00:00,0.26,0.25,0.75
KXBTC15M-26AUG200800-00,2026-08-20 11:54:00+00:00,0.082,0.081,0.919
KXBTC15M-26AUG200800-00,2026-08-20 11:55:00+00:00,0.067,0.066,0.934
KXBTC15M-26AUG200800-00,2026-08-20 11:56:00+00:00,0.023,0.022,0.978
KXBTC15M-26AUG200800-00,2026-08-20 11:57:00+00:00,0.007,0.006,0.994
KXBTC15M-26AUG200800-00,2026-08-20 11:58:00+00:00,0.003,0.002,0.998
KXBTC15M-26AUG200800-00,2026-08-20 11:59:00+00:00,0.001,0.0,1.0
KXBTC15M-26AUG200800-00,2026-08-20 12:00:00+00:00,0.001,0.0,1.0
KXBTC15M-26AUG200815-15,2026-08-20 12:01:00+00:00,0.58,0.57,0.43
KXBTC15M-26AUG200815-15,2026-08-20 12:02:00+00:00,0.62,0.61,0.39
KXBTC15M-26AUG200815-15,2026-08-20 12:03:00+00:00,0.6,0.59,0.41
KXBTC15M-26AUG200815-15,2026-08-20 12:04:00+00:00,0.38,0.36,0.64
KXBTC15M-26AUG200815-15,2026-08-20 12:05:00+00:00,0.27,0.26,0.74
KXBTC15M-26AUG200815-15,2026-08-20 12:06:00+00:00,0.21,0.2,0.8
KXBTC15M-26AUG200815-15,2026-08-20 12:07:00+00:00,0.08,0.076,0.924
KXBTC15M-26AUG200815-15,2026-08-20 12:08:00+00:00,0.043,0.042,0.958
KXBTC15M-26AUG200815-15,2026-08-20 12:09:00+00:00,0.033,0.032,0.968
KXBTC15M-26AUG200815-15,2026-08-20 12:10:00+00:00,0.04,0.039,0.961
KXBTC15M-26AUG200815-15,2026-08-20 12:11:00+00:00,0.1,0.099,0.901
KXBTC15M-26AUG200815-15,2026-08-20 12:12:00+00:00,0.068,0.067,0.933
KXBTC15M-26AUG200815-15,2026-08-20 12:13:00+00:00,0.071,0.07,0.93
KXBTC15M-26AUG200815-15,2026-08-20 12:14:00+00:00,0.004,0.003,0.997
KXBTC15M-26AUG200815-15,2026-08-20 12:15:00+00:00,0.001,0.0,1.0
KXBTC15M-26AUG200830-30,2026-08-20 12:16:00+00:00,0.43,0.42,0.5800000000000001
KXBTC15M-26AUG200830-30,2026-08-20 12:17:00+00:00,0.4,0.39,0.61
KXBTC15M-26AUG200830-30,2026-08-20 12:18:00+00:00,0.31,0.3,0.7
KXBTC15M-26AUG200830-30,2026-08-20 12:19:00+00:00,0.4,0.39,0.61
KXBTC15M-26AUG200830-30,2026-08-20 12:20:00+00:00,0.38,0.37,0.63
KXBTC15M-26AUG200830-30,2026-08-20 12:21:00+00:00,0.54,0.53,0.47
KXBTC15M-26AUG200830-30,2026-08-20 12:22:00+00:00,0.48,0.47,0.53
KXBTC15M-26AUG200830-30,2026-08-20 12:23:00+00:00,0.47,0.46,0.54
KXBTC15M-26AUG200830-30,2026-08-20 12:24:00+00:00,0.39,0.38,0.62
KXBTC15M-26AUG200830-30,2026-08-20 12:25:00+00:00,0.56,0.55,0.4499999999999999
KXBTC15M-26AUG200830-30,2026-08-20 12:26:00+00:00,0.61,0.6,0.4
KXBTC15M-26AUG200830-30,2026-08-20 12:27:00+00:00,0.55,0.54,0.4599999999999999
KXBTC15M-26AUG200830-30,2026-08-20 12:28:00+00:00,0.79,0.78,0.2199999999999999
KXBTC15M-26AUG200830-30,2026-08-20 12:29:00+00:00,0.82,0.81,0.1899999999999999
KXBTC15M-26AUG200830-30,2026-08-20 12:30:00+00:00,1.0,0.999,0.001
KXBTC15M-26AUG200845-45,2026-08-20 12:31:00+00:00,0.64,0.63,0.37
KXBTC15M-26AUG200845-45,2026-08-20 12:32:00+00:00,0.6,0.59,0.41
KXBTC15M-26AUG200845-45,2026-08-20 12:33:00+00:00,0.62,0.61,0.39
KXBTC15M-26AUG200845-45,2026-08-20 12:34:00+00:00,0.43,0.42,0.5800000000000001
KXBTC15M-26AUG200845-45,2026-08-20 12:35:00+00:00,0.41,0.4,0.6
KXBTC15M-26AUG200845-45,2026-08-20 12:36:00+00:00,0.31,0.3,0.7
KXBTC15M-26AUG200845-45,2026-08-20 12:37:00+00:00,0.37,0.36,0.64
KXBTC15M-26AUG200845-45,2026-08-20 12:38:00+00:00,0.47,0.46,0.54
KXBTC15M-26AUG200845-45,2026-08-20 12:39:00+00:00,0.36,0.35,0.65
KXBTC15M-26AUG200845-45,2026-08-20 12:40:00+00:00,0.51,0.5,0.5
KXBTC15M-26AUG200845-45,2026-08-20 12:41:00+00:00,0.62,0.61,0.39
KXBTC15M-26AUG200845-45,2026-08-20 12:42:00+00:00,0.54,0.53,0.47
KXBTC15M-26AUG200845-45,2026-08-20 12:43:00+00:00,0.11,0.1,0.9
KXBTC15M-26AUG200845-45,2026-08-20 12:44:00+00:00,0.005,0.004,0.996
KXBTC15M-26AUG200845-45,2026-08-20 12:45:00+00:00,0.001,0.0,1.0
KXBTC15M-26AUG200900-00,2026-08-20 12:46:00+00:00,0.49,0.48,0.52
KXBTC15M-26AUG200900-00,2026-08-20 12:47:00+00:00,0.34,0.33,0.6699999999999999
KXBTC15M-26AUG200900-00,2026-08-20 12:48:00+00:00,0.29,0.28,0.72
KXBTC15M-26AUG200900-00,2026-08-20 12:49:00+00:00,0.31,0.3,0.7
KXBTC15M-26AUG200900-00,2026-08-20 12:50:00+00:00,0.28,0.27,0.73
KXBTC15M-26AUG200900-00,2026-08-20 12:51:00+00:00,0.61,0.6,0.4
KXBTC15M-26AUG200900-00,2026-08-20 12:52:00+00:00,0.71,0.7,0.3
KXBTC15M-26AUG200900-00,2026-08-20 12:53:00+00:00,0.83,0.82,0.18
KXBTC15M-26AUG200900-00,2026-08-20 12:54:00+00:00,0.89,0.88,0.12
KXBTC15M-26AUG200900-00,2026-08-20 12:55:00+00:00,0.947,0.946,0.054
KXBTC15M-26AUG200900-00,2026-08-20 12:56:00+00:00,0.979,0.978,0.022
KXBTC15M-26AUG200900-00,2026-08-20 12:57:00+00:00,0.994,0.993,0.007
KXBTC15M-26AUG200900-00,2026-08-20 12:58:00+00:00,0.992,0.991,0.009
KXBTC15M-26AUG200900-00,2026-08-20 12:59:00+00:00,0.998,0.997,0.003
KXBTC15M-26AUG200900-00,2026-08-20 13:00:00+00:00,1.0,0.999,0.001
KXBTC15M-26AUG200915-15,2026-08-20 13:01:00+00:00,0.42,0.41,0.5900000000000001
KXBTC15M-26AUG200915-15,2026-08-20 13:02:00+00:00,0.47,0.46,0.54
KXBTC15M-26AUG200915-15,2026-08-20 13:03:00+00:00,0.58,0.57,0.43
KXBTC15M-26AUG200915-15,2026-08-20 13:04:00+00:00,0.68,0.67,0.3299999999999999
KXBTC15M-26AUG200915-15,2026-08-20 13:05:00+00:00,0.63,0.62,0.38
KXBTC15M-26AUG200915-15,2026-08-20 13:06:00+00:00,0.75,0.74,0.26
KXBTC15M-26AUG200915-15,2026-08-20 13:07:00+00:00,0.74,0.73,0.27
KXBTC15M-26AUG200915-15,2026-08-20 13:08:00+00:00,0.8,0.79,0.2099999999999999
KXBTC15M-26AUG200915-15,2026-08-20 13:09:00+00:00,0.89,0.88,0.12
KXBTC15M-26AUG200915-15,2026-08-20 13:10:00+00:00,0.81,0.8,0.1999999999999999
KXBTC15M-26AUG200915-15,2026-08-20 13:11:00+00:00,0.73,0.72,0.28
KXBTC15M-26AUG200915-15,2026-08-20 13:12:00+00:00,0.83,0.82,0.18
KXBTC15M-26AUG200915-15,2026-08-20 13:13:00+00:00,0.952,0.95,0.05
KXBTC15M-26AUG200915-15,2026-08-20 13:14:00+00:00,1.0,0.999,0.001
KXBTC15M-26AUG200915-15,2026-08-20 13:15:00+00:00,1.0,0.999,0.001
KXBTC15M-26AUG200930-30,2026-08-20 13:16:00+00:00,0.47,0.46,0.54
KXBTC15M-26AUG200930-30,2026-08-20 13:17:00+00:00,0.43,0.42,0.5800000000000001
KXBTC15M-26AUG200930-30,2026-08-20 13:18:00+00:00,0.41,0.4,0.6
KXBTC15M-26AUG200930-30,2026-08-20 13:19:00+00:00,0.43,0.42,0.5800000000000001
KXBTC15M-26AUG200930-30,2026-08-20 13:20:00+00:00,0.3,0.29,0.71
KXBTC15M-26AUG200930-30,2026-08-20 13:21:00+00:00,0.41,0.4,0.6
KXBTC15M-26AUG200930-30,2026-08-20 13:22:00+00:00,0.44,0.43,0.5700000000000001
KXBTC15M-26AUG200930-30,2026-08-20 13:23:00+00:00,0.39,0.38,0.62
KXBTC15M-26AUG200930-30,2026-08-20 13:24:00+00:00,0.36,0.35,0.65
KXBTC15M-26AUG200930-30,2026-08-20 13:25:00+00:00,0.44,0.43,0.5700000000000001
KXBTC15M-26AUG200930-30,2026-08-20 13:26:00+00:00,0.19,0.18,0.8200000000000001
KXBTC15M-26AUG200930-30,2026-08-20 13:27:00+00:00,0.068,0.067,0.933
KXBTC15M-26AUG200930-30,2026-08-20 13:28:00+00:00,0.028,0.027,0.973
KXBTC15M-26AUG200930-30,2026-08-20 13:29:00+00:00,0.002,0.001,0.999
KXBTC15M-26AUG200930-30,2026-08-20 13:30:00+00:00,0.001,0.0,1.0
KXBTC15M-26AUG200945-45,2026-08-20 13:31:00+00:00,0.24,0.23,0.77
KXBTC15M-26AUG200945-45,2026-08-20 13:32:00+00:00,0.13,0.12,0.88
KXBTC15M-26AUG200945-45,2026-08-20 13:33:00+00:00,0.17,0.16,0.84
KXBTC15M-26AUG200945-45,2026-08-20 13:34:00+00:00,0.13,0.12,0.88
KXBTC15M-26AUG200945-45,2026-08-20 13:35:00+00:00,0.07,0.069,0.931
KXBTC15M-26AUG200945-45,2026-08-20 13:36:00+00:00,0.099,0.098,0.902
KXBTC15M-26AUG200945-45,2026-08-20 13:37:00+00:00,0.027,0.026,0.974
KXBTC15M-26AUG200945-45,2026-08-20 13:38:00+00:00,0.015,0.014,0.986
KXBTC15M-26AUG200945-45,2026-08-20 13:39:00+00:00,0.019,0.018,0.982
KXBTC15M-26AUG200945-45,2026-08-20 13:40:00+00:00,0.012,0.011,0.989
KXBTC15M-26AUG200945-45,2026-08-20 13:41:00+00:00,0.009,0.008,0.992
KXBTC15M-26AUG200945-45,2026-08-20 13:42:00+00:00,0.01,0.009,0.991
KXBTC15M-26AUG200945-45,2026-08-20 13:43:00+00:00,0.007,0.004,0.996
KXBTC15M-26AUG200945-45,2026-08-20 13:44:00+00:00,0.002,0.001,0.999
KXBTC15M-26AUG200945-45,2026-08-20 13:45:00+00:00,0.001,0.0,1.0
KXBTC15M-26AUG201000-00,2026-08-20 13:46:00+00:00,0.48,0.47,0.53
KXBTC15M-26AUG201000-00,2026-08-20 13:47:00+00:00,0.48,0.47,0.53
KXBTC15M-26AUG201000-00,2026-08-20 13:48:00+00:00,0.31,0.3,0.7
KXBTC15M-26AUG201000-00,2026-08-20 13:49:00+00:00,0.27,0.26,0.74
KXBTC15M-26AUG201000-00,2026-08-20 13:50:00+00:00,0.51,0.5,0.5
KXBTC15M-26AUG201000-00,2026-08-20 13:51:00+00:00,0.49,0.48,0.52
KXBTC15M-26AUG201000-00,2026-08-20 13:52:00+00:00,0.71,0.7,0.3
KXBTC15M-26AUG201000-00,2026-08-20 13:53:00+00:00,0.82,0.8,0.1999999999999999
KXBTC15M-26AUG201000-00,2026-08-20 13:54:00+00:00,0.8,0.79,0.2099999999999999
KXBTC15M-26AUG201000-00,2026-08-20 13:55:00+00:00,0.79,0.78,0.2199999999999999
KXBTC15M-26AUG201000-00,2026-08-20 13:56:00+00:00,0.86,0.85,0.15
KXBTC15M-26AUG201000-00,2026-08-20 13:57:00+00:00,0.83,0.82,0.18
KXBTC15M-26AUG201000-00,2026-08-20 13:58:00+00:00,0.86,0.85,0.15
KXBTC15M-26AUG201000-00,2026-08-20 13:59:00+00:00,0.84,0.83,0.17
KXBTC15M-26AUG201000-00,2026-08-20 14:00:00+00:00,1.0,0.999,0.001
KXBTC15M-26AUG201015-15,2026-08-20 14:01:00+00:00,0.44,0.43,0.5700000000000001
KXBTC15M-26AUG201015-15,2026-08-20 14:02:00+00:00,0.49,0.48,0.52
KXBTC15M-26AUG201015-15,2026-08-20 14:03:00+00:00,0.61,0.6,0.4
KXBTC15M-26AUG201015-15,2026-08-20 14:04:00+00:00,0.64,0.63,0.37
KXBTC15M-26AUG201015-15,2026-08-20 14:05:00+00:00,0.65,0.64,0.36
KXBTC15M-26AUG201015-15,2026-08-20 14:06:00+00:00,0.74,0.73,0.27
KXBTC15M-26AUG201015-15,2026-08-20 14:07:00+00:00,0.81,0.8,0.1999999999999999
KXBTC15M-26AUG201015-15,2026-08-20 14:08:00+00:00,0.9,0.89,0.1099999999999999
KXBTC15M-26AUG201015-15,2026-08-20 14:09:00+00:00,0.911,0.91,0.0899999999999999
KXBTC15M-26AUG201015-15,2026-08-20 14:10:00+00:00,0.962,0.961,0.039
KXBTC15M-26AUG201015-15,2026-08-20 14:11:00+00:00,0.983,0.982,0.018
KXBTC15M-26AUG201015-15,2026-08-20 14:12:00+00:00,0.994,0.993,0.007
KXBTC15M-26AUG201015-15,2026-08-20 14:13:00+00:00,0.999,0.998,0.002
KXBTC15M-26AUG201015-15,2026-08-20 14:14:00+00:00,0.999,0.998,0.002
KXBTC15M-26AUG201015-15,2026-08-20 14:15:00+00:00,1.0,0.999,0.001
KXBTC15M-26AUG201030-30,2026-08-20 14:16:00+00:00,0.26,0.25,0.75
KXBTC15M-26AUG201030-30,2026-08-20 14:17:00+00:00,0.2,0.19,0.81
KXBTC15M-26AUG201030-30,2026-08-20 14:18:00+00:00,0.14,0.13,0.87
KXBTC15M-26AUG201030-30,2026-08-20 14:19:00+00:00,0.16,0.15,0.85
KXBTC15M-26AUG201030-30,2026-08-20 14:20:00+00:00,0.069,0.068,0.932
KXBTC15M-26AUG201030-30,2026-08-20 14:21:00+00:00,0.099,0.098,0.902
KXBTC15M-26AUG201030-30,2026-08-20 14:22:00+00:00,0.059,0.058,0.942
KXBTC15M-26AUG201030-30,2026-08-20 14:23:00+00:00,0.029,0.027,0.973
KXBTC15M-26AUG201030-30,2026-08-20 14:24:00+00:00,0.057,0.056,0.944
KXBTC15M-26AUG201030-30,2026-08-20 14:25:00+00:00,0.046,0.045,0.955
KXBTC15M-26AUG201030-30,2026-08-20 14:26:00+00:00,0.023,0.022,0.978
KXBTC15M-26AUG201030-30,2026-08-20 14:27:00+00:00,0.012,0.011,0.989
KXBTC15M-26AUG201030-30,2026-08-20 14:28:00+00:00,0.002,0.001,0.999
KXBTC15M-26AUG201030-30,2026-08-20 14:29:00+00:00,0.001,0.0,1.0
KXBTC15M-26AUG201030-30,2026-08-20 14:30:00+00:00,0.001,0.0,1.0
KXBTC15M-26AUG201045-45,2026-08-20 14:31:00+00:00,0.47,0.46,0.54
KXBTC15M-26AUG201045-45,2026-08-20 14:32:00+00:00,0.61,0.6,0.4
KXBTC15M-26AUG201045-45,2026-08-20 14:33:00+00:00,0.74,0.73,0.27
KXBTC15M-26AUG201045-45,2026-08-20 14:34:00+00:00,0.82,0.81,0.1899999999999999
KXBTC15M-26AUG201045-45,2026-08-20 14:35:00+00:00,0.74,0.73,0.27
KXBTC15M-26AUG201045-45,2026-08-20 14:36:00+00:00,0.85,0.84,0.16
KXBTC15M-26AUG201045-45,2026-08-20 14:37:00+00:00,0.912,0.911,0.0889999999999999
KXBTC15M-26AUG201045-45,2026-08-20 14:38:00+00:00,0.75,0.74,0.26
KXBTC15M-26AUG201045-45,2026-08-20 14:39:00+00:00,0.73,0.72,0.28
KXBTC15M-26AUG201045-45,2026-08-20 14:40:00+00:00,0.84,0.83,0.17
KXBTC15M-26AUG201045-45,2026-08-20 14:41:00+00:00,0.78,0.77,0.2299999999999999
KXBTC15M-26AUG201045-45,2026-08-20 14:42:00+00:00,0.937,0.936,0.0639999999999999
KXBTC15M-26AUG201045-45,2026-08-20 14:43:00+00:00,0.53,0.52,0.48
KXBTC15M-26AUG201045-45,2026-08-20 14:44:00+00:00,0.975,0.974,0.026
KXBTC15M-26AUG201045-45,2026-08-20 14:45:00+00:00,1.0,0.999,0.001
KXBTC15M-26AUG201100-00,2026-08-20 14:46:00+00:00,0.41,0.4,0.6
KXBTC15M-26AUG201100-00,2026-08-20 14:47:00+00:00,0.5,0.49,0.51
KXBTC15M-26AUG201100-00,2026-08-20 14:48:00+00:00,0.34,0.33,0.6699999999999999
KXBTC15M-26AUG201100-00,2026-08-20 14:49:00+00:00,0.39,0.38,0.62
KXBTC15M-26AUG201100-00,2026-08-20 14:50:00+00:00,0.55,0.54,0.4599999999999999
KXBTC15M-26AUG201100-00,2026-08-20 14:51:00+00:00,0.84,0.83,0.17
KXBTC15M-26AUG201100-00,2026-08-20 14:52:00+00:00,0.87,0.86,0.14
KXBTC15M-26AUG201100-00,2026-08-20 14:53:00+00:00,0.916,0.915,0.0849999999999999
KXBTC15M-26AUG201100-00,2026-08-20 14:54:00+00:00,0.958,0.957,0.043
KXBTC15M-26AUG201100-00,2026-08-20 14:55:00+00:00,0.964,0.963,0.037
KXBTC15M-26AUG201100-00,2026-08-20 14:56:00+00:00,0.975,0.974,0.026
KXBTC15M-26AUG201100-00,2026-08-20 14:57:00+00:00,0.977,0.976,0.024
KXBTC15M-26AUG201100-00,2026-08-20 14:58:00+00:00,0.995,0.994,0.006
KXBTC15M-26AUG201100-00,2026-08-20 14:59:00+00:00,1.0,0.999,0.001
KXBTC15M-26AUG201100-00,2026-08-20 15:00:00+00:00,1.0,0.999,0.001
KXBTC15M-26AUG201115-15,2026-08-20 15:01:00+00:00,0.64,0.63,0.37
KXBTC15M-26AUG201115-15,2026-08-20 15:02:00+00:00,0.82,0.81,0.1899999999999999
KXBTC15M-26AUG201115-15,2026-08-20 15:03:00+00:00,0.9,0.89,0.1099999999999999
KXBTC15M-26AUG201115-15,2026-08-20 15:04:00+00:00,0.96,0.959,0.041
KXBTC15M-26AUG201115-15,2026-08-20 15:05:00+00:00,0.95,0.949,0.051
KXBTC15M-26AUG201115-15,2026-08-20 15:06:00+00:00,0.913,0.912,0.0879999999999999
KXBTC15M-26AUG201115-15,2026-08-20 15:07:00+00:00,0.96,0.959,0.041
KXBTC15M-26AUG201115-15,2026-08-20 15:08:00+00:00,0.967,0.966,0.034
KXBTC15M-26AUG201115-15,2026-08-20 15:09:00+00:00,0.928,0.927,0.0729999999999999
KXBTC15M-26AUG201115-15,2026-08-20 15:10:00+00:00,0.989,0.988,0.012
KXBTC15M-26AUG201115-15,2026-08-20 15:11:00+00:00,0.995,0.994,0.006
KXBTC15M-26AUG201115-15,2026-08-20 15:12:00+00:00,0.998,0.997,0.003
KXBTC15M-26AUG201115-15,2026-08-20 15:13:00+00:00,1.0,0.999,0.001
KXBTC15M-26AUG201115-15,2026-08-20 15:14:00+00:00,1.0,0.999,0.001
KXBTC15M-26AUG201115-15,2026-08-20 15:15:00+00:00,1.0,0.999,0.001
KXBTC15M-26AUG201130-30,2026-08-20 15:16:00+00:00,0.49,0.48,0.52
KXBTC15M-26AUG201130-30,2026-08-20 15:17:00+00:00,0.39,0.38,0.62
KXBTC15M-26AUG201130-30,2026-08-20 15:18:00+00:00,0.37,0.36,0.64
KXBTC15M-26AUG201130-30,2026-08-20 15:19:00+00:00,0.5,0.49,0.51
KXBTC15M-26AUG201130-30,2026-08-20 15:20:00+00:00,0.46,0.45,0.55
KXBTC15M-26AUG201130-30,2026-08-20 15:21:00+00:00,0.52,0.51,0.49
KXBTC15M-26AUG201130-30,2026-08-20 15:22:00+00:00,0.34,0.33,0.6699999999999999
KXBTC15M-26AUG201130-30,2026-08-20 15:23:00+00:00,0.18,0.17,0.83
KXBTC15M-26AUG201130-30,2026-08-20 15:24:00+00:00,0.038,0.037,0.963
KXBTC15M-26AUG201130-30,2026-08-20 15:25:00+00:00,0.09,0.088,0.912
KXBTC15M-26AUG201130-30,2026-08-20 15:26:00+00:00,0.21,0.2,0.8
KXBTC15M-26AUG201130-30,2026-08-20 15:27:00+00:00,0.35,0.34,0.6599999999999999
KXBTC15M-26AUG201130-30,2026-08-20 15:28:00+00:00,0.73,0.72,0.28
KXBTC15M-26AUG201130-30,2026-08-20 15:29:00+00:00,0.988,0.986,0.014
KXBTC15M-26AUG201130-30,2026-08-20 15:30:00+00:00,1.0,0.999,0.001
KXBTC15M-26AUG201145-45,2026-08-20 15:31:00+00:00,0.7,0.69,0.31
KXBTC15M-26AUG201145-45,2026-08-20 15:32:00+00:00,0.86,0.85,0.15
KXBTC15M-26AUG201145-45,2026-08-20 15:33:00+00:00,0.85,0.84,0.16
KXBTC15M-26AUG201145-45,2026-08-20 15:34:00+00:00,0.64,0.63,0.37
KXBTC15M-26AUG201145-45,2026-08-20 15:35:00+00:00,0.74,0.73,0.27
KXBTC15M-26AUG201145-45,2026-08-20 15:36:00+00:00,0.49,0.48,0.52
KXBTC15M-26AUG201145-45,2026-08-20 15:37:00+00:00,0.4,0.39,0.61
KXBTC15M-26AUG201145-45,2026-08-20 15:38:00+00:00,0.33,0.32,0.6799999999999999
KXBTC15M-26AUG201145-45,2026-08-20 15:39:00+00:00,0.14,0.13,0.87
KXBTC15M-26AUG201145-45,2026-08-20 15:40:00+00:00,0.2,0.19,0.81
KXBTC15M-26AUG201145-45,2026-08-20 15:41:00+00:00,0.12,0.11,0.89
KXBTC15M-26AUG201145-45,2026-08-20 15:42:00+00:00,0.13,0.12,0.88
KXBTC15M-26AUG201145-45,2026-08-20 15:43:00+00:00,0.099,0.097,0.903
KXBTC15M-26AUG201145-45,2026-08-20 15:44:00+00:00,0.02,0.019,0.981
KXBTC15M-26AUG201145-45,2026-08-20 15:45:00+00:00,0.001,0.0,1.0
KXBTC15M-26AUG201200-00,2026-08-20 15:46:00+00:00,0.43,0.42,0.5800000000000001
KXBTC15M-26AUG201200-00,2026-08-20 15:47:00+00:00,0.46,0.45,0.55
KXBTC15M-26AUG201200-00,2026-08-20 15:48:00+00:00,0.66,0.65,0.35
KXBTC15M-26AUG201200-00,2026-08-20 15:49:00+00:00,0.56,0.55,0.4499999999999999
KXBTC15M-26AUG201200-00,2026-08-20 15:50:00+00:00,0.64,0.63,0.37
KXBTC15M-26AUG201200-00,2026-08-20 15:51:00+00:00,0.66,0.65,0.35
KXBTC15M-26AUG201200-00,2026-08-20 15:52:00+00:00,0.9,0.89,0.1099999999999999
KXBTC15M-26AUG201200-00,2026-08-20 15:53:00+00:00,0.94,0.939,0.061
KXBTC15M-26AUG201200-00,2026-08-20 15:54:00+00:00,0.89,0.88,0.12
KXBTC15M-26AUG201200-00,2026-08-20 15:55:00+00:00,0.939,0.938,0.062
KXBTC15M-26AUG201200-00,2026-08-20 15:56:00+00:00,0.967,0.966,0.034
KXBTC15M-26AUG201200-00,2026-08-20 15:57:00+00:00,0.99,0.989,0.011
KXBTC15M-26AUG201200-00,2026-08-20 15:58:00+00:00,0.995,0.994,0.006
KXBTC15M-26AUG201200-00,2026-08-20 15:59:00+00:00,1.0,0.999,0.001
KXBTC15M-26AUG201200-00,2026-08-20 16:00:00+00:00,1.0,0.999,0.001
KXBTC15M-26AUG201215-15,2026-08-20 16:01:00+00:00,0.34,0.33,0.6699999999999999
KXBTC15M-26AUG201215-15,2026-08-20 16:02:00+00:00,0.35,0.34,0.6599999999999999
KXBTC15M-26AUG201215-15,2026-08-20 16:03:00+00:00,0.58,0.57,0.43
KXBTC15M-26AUG201215-15,2026-08-20 16:04:00+00:00,0.41,0.4,0.6
KXBTC15M-26AUG201215-15,2026-08-20 16:05:00+00:00,0.26,0.25,0.75
KXBTC15M-26AUG201215-15,2026-08-20 16:06:00+00:00,0.42,0.41,0.5900000000000001
KXBTC15M-26AUG201215-15,2026-08-20 16:07:00+00:00,0.43,0.42,0.5800000000000001
KXBTC15M-26AUG201215-15,2026-08-20 16:08:00+00:00,0.45,0.44,0.56
KXBTC15M-26AUG201215-15,2026-08-20 16:09:00+00:00,0.41,0.4,0.6
KXBTC15M-26AUG201215-15,2026-08-20 16:10:00+00:00,0.56,0.55,0.4499999999999999
KXBTC15M-26AUG201215-15,2026-08-20 16:11:00+00:00,0.51,0.5,0.5
KXBTC15M-26AUG201215-15,2026-08-20 16:12:00+00:00,0.33,0.32,0.6799999999999999
KXBTC15M-26AUG201215-15,2026-08-20 16:13:00+00:00,0.04,0.039,0.961
KXBTC15M-26AUG201215-15,2026-08-20 16:14:00+00:00,0.005,0.004,0.996
KXBTC15M-26AUG201215-15,2026-08-20 16:15:00+00:00,0.001,0.0,1.0
KXBTC15M-26AUG201230-30,2026-08-20 16:16:00+00:00,0.57,0.56,0.4399999999999999
KXBTC15M-26AUG201230-30,2026-08-20 16:17:00+00:00,0.49,0.48,0.52
KXBTC15M-26AUG201230-30,2026-08-20 16:18:00+00:00,0.43,0.42,0.5800000000000001
KXBTC15M-26AUG201230-30,2026-08-20 16:19:00+00:00,0.52,0.51,0.49
KXBTC15M-26AUG201230-30,2026-08-20 16:20:00+00:00,0.58,0.57,0.43
KXBTC15M-26AUG201230-30,2026-08-20 16:21:00+00:00,0.52,0.51,0.49
KXBTC15M-26AUG201230-30,2026-08-20 16:22:00+00:00,0.59,0.58,0.42
KXBTC15M-26AUG201230-30,2026-08-20 16:23:00+00:00,0.46,0.45,0.55
KXBTC15M-26AUG201230-30,2026-08-20 16:24:00+00:00,0.38,0.37,0.63
KXBTC15M-26AUG201230-30,2026-08-20 16:25:00+00:00,0.39,0.38,0.62
KXBTC15M-26AUG201230-30,2026-08-20 16:26:00+00:00,0.66,0.65,0.35
KXBTC15M-26AUG201230-30,2026-08-20 16:27:00+00:00,0.77,0.76,0.24
KXBTC15M-26AUG201230-30,2026-08-20 16:28:00+00:00,0.9,0.89,0.1099999999999999
KXBTC15M-26AUG201230-30,2026-08-20 16:29:00+00:00,0.989,0.988,0.012
KXBTC15M-26AUG201230-30,2026-08-20 16:30:00+00:00,1.0,0.999,0.001
KXBTC15M-26AUG201245-45,2026-08-20 16:31:00+00:00,0.34,0.33,0.6699999999999999
KXBTC15M-26AUG201245-45,2026-08-20 16:32:00+00:00,0.25,0.24,0.76
KXBTC15M-26AUG201245-45,2026-08-20 16:33:00+00:00,0.32,0.31,0.69
KXBTC15M-26AUG201245-45,2026-08-20 16:34:00+00:00,0.47,0.46,0.54
KXBTC15M-26AUG201245-45,2026-08-20 16:35:00+00:00,0.5,0.49,0.51
KXBTC15M-26AUG201245-45,2026-08-20 16:36:00+00:00,0.27,0.26,0.74
KXBTC15M-26AUG201245-45,2026-08-20 16:37:00+00:00,0.27,0.26,0.74
KXBTC15M-26AUG201245-45,2026-08-20 16:38:00+00:00,0.52,0.51,0.49
KXBTC15M-26AUG201245-45,2026-08-20 16:39:00+00:00,0.53,0.52,0.48
KXBTC15M-26AUG201245-45,2026-08-20 16:40:00+00:00,0.69,0.68,0.3199999999999999
KXBTC15M-26AUG201245-45,2026-08-20 16:41:00+00:00,0.9,0.89,0.1099999999999999
KXBTC15M-26AUG201245-45,2026-08-20 16:42:00+00:00,0.921,0.92,0.0799999999999999
KXBTC15M-26AUG201245-45,2026-08-20 16:43:00+00:00,0.99,0.989,0.011
KXBTC15M-26AUG201245-45,2026-08-20 16:44:00+00:00,1.0,0.999,0.001
KXBTC15M-26AUG201245-45,2026-08-20 16:45:00+00:00,1.0,0.999,0.001
KXBTC15M-26AUG201300-00,2026-08-20 16:46:00+00:00,0.43,0.42,0.5800000000000001
KXBTC15M-26AUG201300-00,2026-08-20 16:47:00+00:00,0.67,0.66,0.3399999999999999
KXBTC15M-26AUG201300-00,2026-08-20 16:48:00+00:00,0.59,0.58,0.42
KXBTC15M-26AUG201300-00,2026-08-20 16:49:00+00:00,0.4,0.39,0.61
KXBTC15M-26AUG201300-00,2026-08-20 16:50:00+00:00,0.39,0.38,0.62
KXBTC15M-26AUG201300-00,2026-08-20 16:51:00+00:00,0.58,0.57,0.43
KXBTC15M-26AUG201300-00,2026-08-20 16:52:00+00:00,0.42,0.41,0.5900000000000001
KXBTC15M-26AUG201300-00,2026-08-20 16:53:00+00:00,0.51,0.5,0.5
KXBTC15M-26AUG201300-00,2026-08-20 16:54:00+00:00,0.56,0.55,0.4499999999999999
KXBTC15M-26AUG201300-00,2026-08-20 16:55:00+00:00,0.63,0.62,0.38
KXBTC15M-26AUG201300-00,2026-08-20 16:56:00+00:00,0.75,0.74,0.26
KXBTC15M-26AUG201300-00,2026-08-20 16:57:00+00:00,0.913,0.909,0.0909999999999999
KXBTC15M-26AUG201300-00,2026-08-20 16:58:00+00:00,0.981,0.98,0.02
KXBTC15M-26AUG201300-00,2026-08-20 16:59:00+00:00,1.0,0.999,0.001
KXBTC15M-26AUG201300-00,2026-08-20 17:00:00+00:00,1.0,0.999,0.001
KXBTC15M-26AUG201315-15,2026-08-20 17:01:00+00:00,0.33,0.32,0.6799999999999999
KXBTC15M-26AUG201315-15,2026-08-20 17:02:00+00:00,0.4,0.39,0.61
KXBTC15M-26AUG201315-15,2026-08-20 17:03:00+00:00,0.49,0.48,0.52
KXBTC15M-26AUG201315-15,2026-08-20 17:04:00+00:00,0.55,0.54,0.4599999999999999
KXBTC15M-26AUG201315-15,2026-08-20 17:05:00+00:00,0.38,0.36,0.64
KXBTC15M-26AUG201315-15,2026-08-20 17:06:00+00:00,0.39,0.38,0.62
KXBTC15M-26AUG201315-15,2026-08-20 17:07:00+00:00,0.27,0.26,0.74
KXBTC15M-26AUG201315-15,2026-08-20 17:08:00+00:00,0.35,0.34,0.6599999999999999
KXBTC15M-26AUG201315-15,2026-08-20 17:09:00+00:00,0.16,0.15,0.85
KXBTC15M-26AUG201315-15,2026-08-20 17:10:00+00:00,0.073,0.072,0.928
KXBTC15M-26AUG201315-15,2026-08-20 17:11:00+00:00,0.023,0.022,0.978
KXBTC15M-26AUG201315-15,2026-08-20 17:12:00+00:00,0.017,0.016,0.984
KXBTC15M-26AUG201315-15,2026-08-20 17:13:00+00:00,0.037,0.035,0.965
KXBTC15M-26AUG201315-15,2026-08-20 17:14:00+00:00,0.002,0.001,0.999
KXBTC15M-26AUG201315-15,2026-08-20 17:15:00+00:00,0.001,0.0,1.0
KXBTC15M-26AUG201330-30,2026-08-20 17:16:00+00:00,0.48,0.47,0.53
KXBTC15M-26AUG201330-30,2026-08-20 17:17:00+00:00,0.52,0.51,0.49
KXBTC15M-26AUG201330-30,2026-08-20 17:18:00+00:00,0.61,0.6,0.4
KXBTC15M-26AUG201330-30,2026-08-20 17:19:00+00:00,0.45,0.44,0.56
KXBTC15M-26AUG201330-30,2026-08-20 17:20:00+00:00,0.37,0.36,0.64
KXBTC15M-26AUG201330-30,2026-08-20 17:21:00+00:00,0.26,0.25,0.75
KXBTC15M-26AUG201330-30,2026-08-20 17:22:00+00:00,0.57,0.56,0.4399999999999999
KXBTC15M-26AUG201330-30,2026-08-20 17:23:00+00:00,0.6,0.59,0.41
KXBTC15M-26AUG201330-30,2026-08-20 17:24:00+00:00,0.49,0.48,0.52
KXBTC15M-26AUG201330-30,2026-08-20 17:25:00+00:00,0.68,0.67,0.3299999999999999
KXBTC15M-26AUG201330-30,2026-08-20 17:26:00+00:00,0.79,0.78,0.2199999999999999
KXBTC15M-26AUG201330-30,2026-08-20 17:27:00+00:00,0.948,0.947,0.053
KXBTC15M-26AUG201330-30,2026-08-20 17:28:00+00:00,0.936,0.934,0.0659999999999999
KXBTC15M-26AUG201330-30,2026-08-20 17:29:00+00:00,1.0,0.999,0.001
KXBTC15M-26AUG201330-30,2026-08-20 17:30:00+00:00,1.0,0.999,0.001
KXBTC15M-26AUG201345-45,2026-08-20 17:31:00+00:00,0.52,0.51,0.49
KXBTC15M-26AUG201345-45,2026-08-20 17:32:00+00:00,0.55,0.54,0.4599999999999999
KXBTC15M-26AUG201345-45,2026-08-20 17:33:00+00:00,0.38,0.36,0.64
KXBTC15M-26AUG201345-45,2026-08-20 17:34:00+00:00,0.48,0.47,0.53
KXBTC15M-26AUG201345-45,2026-08-20 17:35:00+00:00,0.47,0.45,0.55
KXBTC15M-26AUG201345-45,2026-08-20 17:36:00+00:00,0.34,0.33,0.6699999999999999
KXBTC15M-26AUG201345-45,2026-08-20 17:37:00+00:00,0.35,0.34,0.6599999999999999
KXBTC15M-26AUG201345-45,2026-08-20 17:38:00+00:00,0.28,0.27,0.73
KXBTC15M-26AUG201345-45,2026-08-20 17:39:00+00:00,0.35,0.34,0.6599999999999999
KXBTC15M-26AUG201345-45,2026-08-20 17:40:00+00:00,0.46,0.45,0.55
KXBTC15M-26AUG201345-45,2026-08-20 17:41:00+00:00,0.53,0.52,0.48
KXBTC15M-26AUG201345-45,2026-08-20 17:42:00+00:00,0.25,0.24,0.76
KXBTC15M-26AUG201345-45,2026-08-20 17:43:00+00:00,0.036,0.032,0.968
KXBTC15M-26AUG201345-45,2026-08-20 17:44:00+00:00,0.007,0.006,0.994
KXBTC15M-26AUG201345-45,2026-08-20 17:45:00+00:00,0.001,0.0,1.0
KXBTC15M-26AUG201400-00,2026-08-20 17:46:00+00:00,0.47,0.46,0.54
KXBTC15M-26AUG201400-00,2026-08-20 17:47:00+00:00,0.44,0.43,0.5700000000000001
KXBTC15M-26AUG201400-00,2026-08-20 17:48:00+00:00,0.5,0.49,0.51
KXBTC15M-26AUG201400-00,2026-08-20 17:49:00+00:00,0.49,0.48,0.52
KXBTC15M-26AUG201400-00,2026-08-20 17:50:00+00:00,0.65,0.64,0.36
KXBTC15M-26AUG201400-00,2026-08-20 17:51:00+00:00,0.76,0.75,0.25
KXBTC15M-26AUG201400-00,2026-08-20 17:52:00+00:00,0.9,0.89,0.1099999999999999
KXBTC15M-26AUG201400-00,2026-08-20 17:53:00+00:00,0.942,0.939,0.061
KXBTC15M-26AUG201400-00,2026-08-20 17:54:00+00:00,0.88,0.87,0.13
KXBTC15M-26AUG201400-00,2026-08-20 17:55:00+00:00,0.948,0.947,0.053
KXBTC15M-26AUG201400-00,2026-08-20 17:56:00+00:00,0.955,0.953,0.047
KXBTC15M-26AUG201400-00,2026-08-20 17:57:00+00:00,0.959,0.958,0.042
KXBTC15M-26AUG201400-00,2026-08-20 17:58:00+00:00,0.994,0.993,0.007
KXBTC15M-26AUG201400-00,2026-08-20 17:59:00+00:00,1.0,0.999,0.001
KXBTC15M-26AUG201400-00,2026-08-20 18:00:00+00:00,1.0,0.999,0.001
KXBTC15M-26AUG201415-15,2026-08-20 18:01:00+00:00,0.43,0.42,0.5800000000000001
KXBTC15M-26AUG201415-15,2026-08-20 18:02:00+00:00,0.31,0.3,0.7
KXBTC15M-26AUG201415-15,2026-08-20 18:03:00+00:00,0.14,0.13,0.87
KXBTC15M-26AUG201415-15,2026-08-20 18:04:00+00:00,0.14,0.13,0.87
KXBTC15M-26AUG201415-15,2026-08-20 18:05:00+00:00,0.13,0.12,0.88
KXBTC15M-26AUG201415-15,2026-08-20 18:06:00+00:00,0.061,0.06,0.94
KXBTC15M-26AUG201415-15,2026-08-20 18:07:00+00:00,0.067,0.066,0.934
KXBTC15M-26AUG201415-15,2026-08-20 18:08:00+00:00,0.065,0.064,0.936
KXBTC15M-26AUG201415-15,2026-08-20 18:09:00+00:00,0.028,0.027,0.973
KXBTC15M-26AUG201415-15,2026-08-20 18:10:00+00:00,0.023,0.022,0.978
KXBTC15M-26AUG201415-15,2026-08-20 18:11:00+00:00,0.009,0.008,0.992
KXBTC15M-26AUG201415-15,2026-08-20 18:12:00+00:00,0.007,0.006,0.994
KXBTC15M-26AUG201415-15,2026-08-20 18:13:00+00:00,0.001,0.0,1.0
KXBTC15M-26AUG201415-15,2026-08-20 18:14:00+00:00,0.001,0.0,1.0
KXBTC15M-26AUG201415-15,2026-08-20 18:15:00+00:00,0.001,0.0,1.0
KXBTC15M-26AUG201430-30,2026-08-20 18:16:00+00:00,0.53,0.52,0.48
KXBTC15M-26AUG201430-30,2026-08-20 18:17:00+00:00,0.35,0.34,0.6599999999999999
KXBTC15M-26AUG201430-30,2026-08-20 18:18:00+00:00,0.42,0.41,0.5900000000000001
KXBTC15M-26AUG201430-30,2026-08-20 18:19:00+00:00,0.51,0.5,0.5
KXBTC15M-26AUG201430-30,2026-08-20 18:20:00+00:00,0.56,0.55,0.4499999999999999
KXBTC15M-26AUG201430-30,2026-08-20 18:21:00+00:00,0.69,0.68,0.3199999999999999
KXBTC15M-26AUG201430-30,2026-08-20 18:22:00+00:00,0.81,0.8,0.1999999999999999
KXBTC15M-26AUG201430-30,2026-08-20 18:23:00+00:00,0.78,0.77,0.2299999999999999
KXBTC15M-26AUG201430-30,2026-08-20 18:24:00+00:00,0.87,0.86,0.14
KXBTC15M-26AUG201430-30,2026-08-20 18:25:00+00:00,0.931,0.93,0.0699999999999999
KXBTC15M-26AUG201430-30,2026-08-20 18:26:00+00:00,0.932,0.931,0.0689999999999999
KXBTC15M-26AUG201430-30,2026-08-20 18:27:00+00:00,0.93,0.929,0.0709999999999999
KXBTC15M-26AUG201430-30,2026-08-20 18:28:00+00:00,0.919,0.916,0.0839999999999999
KXBTC15M-26AUG201430-30,2026-08-20 18:29:00+00:00,1.0,0.999,0.001
KXBTC15M-26AUG201430-30,2026-08-20 18:30:00+00:00,1.0,0.999,0.001
KXBTC15M-26AUG201445-45,2026-08-20 18:31:00+00:00,0.42,0.41,0.5900000000000001
KXBTC15M-26AUG201445-45,2026-08-20 18:32:00+00:00,0.3,0.29,0.71
KXBTC15M-26AUG201445-45,2026-08-20 18:33:00+00:00,0.24,0.23,0.77
KXBTC15M-26AUG201445-45,2026-08-20 18:34:00+00:00,0.14,0.13,0.87
KXBTC15M-26AUG201445-45,2026-08-20 18:35:00+00:00,0.09,0.089,0.911
KXBTC15M-26AUG201445-45,2026-08-20 18:36:00+00:00,0.09,0.089,0.911
KXBTC15M-26AUG201445-45,2026-08-20 18:37:00+00:00,0.095,0.094,0.906
KXBTC15M-26AUG201445-45,2026-08-20 18:38:00+00:00,0.15,0.14,0.86
KXBTC15M-26AUG201445-45,2026-08-20 18:39:00+00:00,0.053,0.052,0.948
KXBTC15M-26AUG201445-45,2026-08-20 18:40:00+00:00,0.018,0.017,0.983
KXBTC15M-26AUG201445-45,2026-08-20 18:41:00+00:00,0.009,0.008,0.992
KXBTC15M-26AUG201445-45,2026-08-20 18:42:00+00:00,0.002,0.001,0.999
KXBTC15M-26AUG201445-45,2026-08-20 18:43:00+00:00,0.001,0.0,1.0
KXBTC15M-26AUG201445-45,2026-08-20 18:44:00+00:00,0.001,0.0,1.0
KXBTC15M-26AUG201445-45,2026-08-20 18:45:00+00:00,0.001,0.0,1.0
KXBTC15M-26AUG201500-00,2026-08-20 18:46:00+00:00,0.48,0.47,0.53
KXBTC15M-26AUG201500-00,2026-08-20 18:47:00+00:00,0.46,0.45,0.55
KXBTC15M-26AUG201500-00,2026-08-20 18:48:00+00:00,0.55,0.54,0.4599999999999999
KXBTC15M-26AUG201500-00,2026-08-20 18:49:00+00:00,0.58,0.57,0.43
KXBTC15M-26AUG201500-00,2026-08-20 18:50:00+00:00,0.64,0.63,0.37
KXBTC15M-26AUG201500-00,2026-08-20 18:51:00+00:00,0.61,0.6,0.4
KXBTC15M-26AUG201500-00,2026-08-20 18:52:00+00:00,0.72,0.71,0.29
KXBTC15M-26AUG201500-00,2026-08-20 18:53:00+00:00,0.914,0.913,0.0869999999999999
KXBTC15M-26AUG201500-00,2026-08-20 18:54:00+00:00,0.62,0.61,0.39
KXBTC15M-26AUG201500-00,2026-08-20 18:55:00+00:00,0.47,0.46,0.54
KXBTC15M-26AUG201500-00,2026-08-20 18:56:00+00:00,0.49,0.48,0.52
KXBTC15M-26AUG201500-00,2026-08-20 18:57:00+00:00,0.49,0.48,0.52
KXBTC15M-26AUG201500-00,2026-08-20 18:58:00+00:00,0.22,0.21,0.79
KXBTC15M-26AUG201500-00,2026-08-20 18:59:00+00:00,0.047,0.043,0.957
KXBTC15M-26AUG201500-00,2026-08-20 19:00:00+00:00,0.001,0.0,1.0
KXBTC15M-26AUG201515-15,2026-08-20 19:01:00+00:00,0.38,0.37,0.63
KXBTC15M-26AUG201515-15,2026-08-20 19:02:00+00:00,0.31,0.3,0.7
KXBTC15M-26AUG201515-15,2026-08-20 19:03:00+00:00,0.34,0.33,0.6699999999999999
KXBTC15M-26AUG201515-15,2026-08-20 19:04:00+00:00,0.35,0.34,0.6599999999999999
KXBTC15M-26AUG201515-15,2026-08-20 19:05:00+00:00,0.35,0.34,0.6599999999999999
KXBTC15M-26AUG201515-15,2026-08-20 19:06:00+00:00,0.43,0.42,0.5800000000000001
KXBTC15M-26AUG201515-15,2026-08-20 19:07:00+00:00,0.56,0.55,0.4499999999999999
KXBTC15M-26AUG201515-15,2026-08-20 19:08:00+00:00,0.42,0.41,0.5900000000000001
KXBTC15M-26AUG201515-15,2026-08-20 19:09:00+00:00,0.39,0.38,0.62
KXBTC15M-26AUG201515-15,2026-08-20 19:10:00+00:00,0.62,0.61,0.39
KXBTC15M-26AUG201515-15,2026-08-20 19:11:00+00:00,0.76,0.75,0.25
KXBTC15M-26AUG201515-15,2026-08-20 19:12:00+00:00,0.78,0.77,0.2299999999999999
KXBTC15M-26AUG201515-15,2026-08-20 19:13:00+00:00,0.71,0.7,0.3
KXBTC15M-26AUG201515-15,2026-08-20 19:14:00+00:00,0.959,0.956,0.044
KXBTC15M-26AUG201515-15,2026-08-20 19:15:00+00:00,1.0,0.999,0.001
KXBTC15M-26AUG201530-30,2026-08-20 19:16:00+00:00,0.53,0.52,0.48
KXBTC15M-26AUG201530-30,2026-08-20 19:17:00+00:00,0.69,0.68,0.3199999999999999
KXBTC15M-26AUG201530-30,2026-08-20 19:18:00+00:00,0.64,0.63,0.37
KXBTC15M-26AUG201530-30,2026-08-20 19:19:00+00:00,0.69,0.68,0.3199999999999999
KXBTC15M-26AUG201530-30,2026-08-20 19:20:00+00:00,0.66,0.65,0.35
KXBTC15M-26AUG201530-30,2026-08-20 19:21:00+00:00,0.63,0.62,0.38
KXBTC15M-26AUG201530-30,2026-08-20 19:22:00+00:00,0.81,0.8,0.1999999999999999
KXBTC15M-26AUG201530-30,2026-08-20 19:23:00+00:00,0.89,0.88,0.12
KXBTC15M-26AUG201530-30,2026-08-20 19:24:00+00:00,0.944,0.943,0.057
KXBTC15M-26AUG201530-30,2026-08-20 19:25:00+00:00,0.969,0.968,0.032
KXBTC15M-26AUG201530-30,2026-08-20 19:26:00+00:00,0.988,0.987,0.013
KXBTC15M-26AUG201530-30,2026-08-20 19:27:00+00:00,0.991,0.99,0.01
KXBTC15M-26AUG201530-30,2026-08-20 19:28:00+00:00,0.974,0.973,0.027
KXBTC15M-26AUG201530-30,2026-08-20 19:29:00+00:00,1.0,0.999,0.001
KXBTC15M-26AUG201530-30,2026-08-20 19:30:00+00:00,1.0,0.999,0.001
KXBTC15M-26AUG201545-45,2026-08-20 19:31:00+00:00,0.48,0.47,0.53
KXBTC15M-26AUG201545-45,2026-08-20 19:32:00+00:00,0.56,0.55,0.4499999999999999
KXBTC15M-26AUG201545-45,2026-08-20 19:33:00+00:00,0.58,0.57,0.43
KXBTC15M-26AUG201545-45,2026-08-20 19:34:00+00:00,0.66,0.65,0.35
KXBTC15M-26AUG201545-45,2026-08-20 19:35:00+00:00,0.45,0.44,0.56
KXBTC15M-26AUG201545-45,2026-08-20 19:36:00+00:00,0.56,0.55,0.4499999999999999
KXBTC15M-26AUG201545-45,2026-08-20 19:37:00+00:00,0.74,0.73,0.27
KXBTC15M-26AUG201545-45,2026-08-20 19:38:00+00:00,0.82,0.81,0.1899999999999999
KXBTC15M-26AUG201545-45,2026-08-20 19:39:00+00:00,0.84,0.82,0.18
KXBTC15M-26AUG201545-45,2026-08-20 19:40:00+00:00,0.912,0.909,0.0909999999999999
KXBTC15M-26AUG201545-45,2026-08-20 19:41:00+00:00,0.964,0.962,0.038
KXBTC15M-26AUG201545-45,2026-08-20 19:42:00+00:00,0.99,0.989,0.011
KXBTC15M-26AUG201545-45,2026-08-20 19:43:00+00:00,0.998,0.997,0.003
KXBTC15M-26AUG201545-45,2026-08-20 19:44:00+00:00,1.0,0.999,0.001
KXBTC15M-26AUG201545-45,2026-08-20 19:45:00+00:00,1.0,0.999,0.001
KXBTC15M-26AUG201600-00,2026-08-20 19:46:00+00:00,0.45,0.44,0.56
KXBTC15M-26AUG201600-00,2026-08-20 19:47:00+00:00,0.21,0.2,0.8
KXBTC15M-26AUG201600-00,2026-08-20 19:48:00+00:00,0.28,0.27,0.73
KXBTC15M-26AUG201600-00,2026-08-20 19:49:00+00:00,0.27,0.26,0.74
KXBTC15M-26AUG201600-00,2026-08-20 19:50:00+00:00,0.31,0.3,0.7
KXBTC15M-26AUG201600-00,2026-08-20 19:51:00+00:00,0.35,0.34,0.6599999999999999
KXBTC15M-26AUG201600-00,2026-08-20 19:52:00+00:00,0.32,0.31,0.69
KXBTC15M-26AUG201600-00,2026-08-20 19:53:00+00:00,0.44,0.43,0.5700000000000001
KXBTC15M-26AUG201600-00,2026-08-20 19:54:00+00:00,0.41,0.4,0.6
KXBTC15M-26AUG201600-00,2026-08-20 19:55:00+00:00,0.22,0.21,0.79
KXBTC15M-26AUG201600-00,2026-08-20 19:56:00+00:00,0.12,0.11,0.89
KXBTC15M-26AUG201600-00,2026-08-20 19:57:00+00:00,0.11,0.1,0.9
KXBTC15M-26AUG201600-00,2026-08-20 19:58:00+00:00,0.016,0.015,0.985
KXBTC15M-26AUG201600-00,2026-08-20 19:59:00+00:00,0.024,0.023,0.977
KXBTC15M-26AUG201600-00,2026-08-20 20:00:00+00:00,0.001,0.0,1.0
KXBTC15M-26AUG201615-15,2026-08-20 20:01:00+00:00,0.51,0.5,0.5
KXBTC15M-26AUG201615-15,2026-08-20 20:02:00+00:00,0.65,0.64,0.36
KXBTC15M-26AUG201615-15,2026-08-20 20:03:00+00:00,0.54,0.53,0.47
KXBTC15M-26AUG201615-15,2026-08-20 20:04:00+00:00,0.59,0.58,0.42
KXBTC15M-26AUG201615-15,2026-08-20 20:05:00+00:00,0.7,0.69,0.31
KXBTC15M-26AUG201615-15,2026-08-20 20:06:00+00:00,0.75,0.74,0.26
KXBTC15M-26AUG201615-15,2026-08-20 20:07:00+00:00,0.74,0.73,0.27
KXBTC15M-26AUG201615-15,2026-08-20 20:08:00+00:00,0.75,0.74,0.26
KXBTC15M-26AUG201615-15,2026-08-20 20:09:00+00:00,0.69,0.68,0.3199999999999999
KXBTC15M-26AUG201615-15,2026-08-20 20:10:00+00:00,0.9,0.89,0.1099999999999999
KXBTC15M-26AUG201615-15,2026-08-20 20:11:00+00:00,0.974,0.971,0.029
KXBTC15M-26AUG201615-15,2026-08-20 20:12:00+00:00,0.979,0.977,0.023
KXBTC15M-26AUG201615-15,2026-08-20 20:13:00+00:00,0.931,0.93,0.0699999999999999
KXBTC15M-26AUG201615-15,2026-08-20 20:14:00+00:00,0.954,0.953,0.047
KXBTC15M-26AUG201615-15,2026-08-20 20:15:00+00:00,1.0,0.999,0.001
KXBTC15M-26AUG201630-30,2026-08-20 20:16:00+00:00,0.38,0.37,0.63
KXBTC15M-26AUG201630-30,2026-08-20 20:17:00+00:00,0.45,0.44,0.56
KXBTC15M-26AUG201630-30,2026-08-20 20:18:00+00:00,0.32,0.31,0.69
KXBTC15M-26AUG201630-30,2026-08-20 20:19:00+00:00,0.53,0.52,0.48
KXBTC15M-26AUG201630-30,2026-08-20 20:20:00+00:00,0.62,0.61,0.39
KXBTC15M-26AUG201630-30,2026-08-20 20:21:00+00:00,0.6,0.59,0.41
KXBTC15M-26AUG201630-30,2026-08-20 20:22:00+00:00,0.52,0.51,0.49
KXBTC15M-26AUG201630-30,2026-08-20 20:23:00+00:00,0.74,0.73,0.27
KXBTC15M-26AUG201630-30,2026-08-20 20:24:00+00:00,0.901,0.9,0.0999999999999999
KXBTC15M-26AUG201630-30,2026-08-20 20:25:00+00:00,0.951,0.95,0.05
KXBTC15M-26AUG201630-30,2026-08-20 20:26:00+00:00,0.98,0.979,0.021
KXBTC15M-26AUG201630-30,2026-08-20 20:27:00+00:00,0.995,0.994,0.006
KXBTC15M-26AUG201630-30,2026-08-20 20:28:00+00:00,0.992,0.991,0.009
KXBTC15M-26AUG201630-30,2026-08-20 20:29:00+00:00,1.0,0.999,0.001
KXBTC15M-26AUG201630-30,2026-08-20 20:30:00+00:00,1.0,0.999,0.001
KXBTC15M-26AUG201645-45,2026-08-20 20:31:00+00:00,0.48,0.47,0.53
KXBTC15M-26AUG201645-45,2026-08-20 20:32:00+00:00,0.74,0.73,0.27
KXBTC15M-26AUG201645-45,2026-08-20 20:33:00+00:00,0.74,0.73,0.27
KXBTC15M-26AUG201645-45,2026-08-20 20:34:00+00:00,0.73,0.72,0.28
KXBTC15M-26AUG201645-45,2026-08-20 20:35:00+00:00,0.65,0.64,0.36
KXBTC15M-26AUG201645-45,2026-08-20 20:36:00+00:00,0.79,0.78,0.2199999999999999
KXBTC15M-26AUG201645-45,2026-08-20 20:37:00+00:00,0.74,0.73,0.27
KXBTC15M-26AUG201645-45,2026-08-20 20:38:00+00:00,0.89,0.88,0.12
KXBTC15M-26AUG201645-45,2026-08-20 20:39:00+00:00,0.47,0.46,0.54
KXBTC15M-26AUG201645-45,2026-08-20 20:40:00+00:00,0.13,0.12,0.88
KXBTC15M-26AUG201645-45,2026-08-20 20:41:00+00:00,0.19,0.18,0.8200000000000001
KXBTC15M-26AUG201645-45,2026-08-20 20:42:00+00:00,0.09,0.088,0.912
KXBTC15M-26AUG201645-45,2026-08-20 20:43:00+00:00,0.029,0.028,0.972
KXBTC15M-26AUG201645-45,2026-08-20 20:44:00+00:00,0.022,0.021,0.979
KXBTC15M-26AUG201645-45,2026-08-20 20:45:00+00:00,0.001,0.0,1.0
KXBTC15M-26AUG201700-00,2026-08-20 20:46:00+00:00,0.4,0.39,0.61
KXBTC15M-26AUG201700-00,2026-08-20 20:47:00+00:00,0.35,0.34,0.6599999999999999
KXBTC15M-26AUG201700-00,2026-08-20 20:48:00+00:00,0.47,0.46,0.54
KXBTC15M-26AUG201700-00,2026-08-20 20:49:00+00:00,0.34,0.33,0.6699999999999999
KXBTC15M-26AUG201700-00,2026-08-20 20:50:00+00:00,0.32,0.31,0.69
KXBTC15M-26AUG201700-00,2026-08-20 20:51:00+00:00,0.19,0.18,0.8200000000000001
KXBTC15M-26AUG201700-00,2026-08-20 20:52:00+00:00,0.12,0.11,0.89
KXBTC15M-26AUG201700-00,2026-08-20 20:53:00+00:00,0.049,0.047,0.953
KXBTC15M-26AUG201700-00,2026-08-20 20:54:00+00:00,0.035,0.034,0.966
KXBTC15M-26AUG201700-00,2026-08-20 20:55:00+00:00,0.029,0.028,0.972
KXBTC15M-26AUG201700-00,2026-08-20 20:56:00+00:00,0.023,0.022,0.978
KXBTC15M-26AUG201700-00,2026-08-20 20:57:00+00:00,0.007,0.006,0.994
KXBTC15M-26AUG201700-00,2026-08-20 20:58:00+00:00,0.003,0.002,0.998
KXBTC15M-26AUG201700-00,2026-08-20 20:59:00+00:00,0.002,0.001,0.999
KXBTC15M-26AUG201700-00,2026-08-20 21:00:00+00:00,0.001,0.0,1.0
KXBTC15M-26AUG201715-15,2026-08-20 21:01:00+00:00,0.42,0.41,0.5900000000000001
KXBTC15M-26AUG201715-15,2026-08-20 21:02:00+00:00,0.4,0.39,0.61
KXBTC15M-26AUG201715-15,2026-08-20 21:03:00+00:00,0.46,0.45,0.55
KXBTC15M-26AUG201715-15,2026-08-20 21:04:00+00:00,0.41,0.4,0.6
KXBTC15M-26AUG201715-15,2026-08-20 21:05:00+00:00,0.37,0.36,0.64
KXBTC15M-26AUG201715-15,2026-08-20 21:06:00+00:00,0.39,0.38,0.62
KXBTC15M-26AUG201715-15,2026-08-20 21:07:00+00:00,0.17,0.16,0.84
KXBTC15M-26AUG201715-15,2026-08-20 21:08:00+00:00,0.27,0.26,0.74
KXBTC15M-26AUG201715-15,2026-08-20 21:09:00+00:00,0.13,0.12,0.88
KXBTC15M-26AUG201715-15,2026-08-20 21:10:00+00:00,0.27,0.26,0.74
KXBTC15M-26AUG201715-15,2026-08-20 21:11:00+00:00,0.4,0.39,0.61
KXBTC15M-26AUG201715-15,2026-08-20 21:12:00+00:00,0.24,0.23,0.77
KXBTC15M-26AUG201715-15,2026-08-20 21:13:00+00:00,0.28,0.27,0.73
KXBTC15M-26AUG201715-15,2026-08-20 21:14:00+00:00,0.65,0.64,0.36
KXBTC15M-26AUG201715-15,2026-08-20 21:15:00+00:00,1.0,0.999,0.001
KXBTC15M-26AUG201730-30,2026-08-20 21:16:00+00:00,0.85,0.84,0.16
KXBTC15M-26AUG201730-30,2026-08-20 21:17:00+00:00,0.76,0.75,0.25
KXBTC15M-26AUG201730-30,2026-08-20 21:18:00+00:00,0.72,0.71,0.29
KXBTC15M-26AUG201730-30,2026-08-20 21:19:00+00:00,0.74,0.73,0.27
KXBTC15M-26AUG201730-30,2026-08-20 21:20:00+00:00,0.62,0.61,0.39
KXBTC15M-26AUG201730-30,2026-08-20 21:21:00+00:00,0.67,0.66,0.3399999999999999
KXBTC15M-26AUG201730-30,2026-08-20 21:22:00+00:00,0.77,0.76,0.24
KXBTC15M-26AUG201730-30,2026-08-20 21:23:00+00:00,0.7,0.69,0.31
KXBTC15M-26AUG201730-30,2026-08-20 21:24:00+00:00,0.65,0.64,0.36
KXBTC15M-26AUG201730-30,2026-08-20 21:25:00+00:00,0.72,0.71,0.29
KXBTC15M-26AUG201730-30,2026-08-20 21:26:00+00:00,0.87,0.86,0.14
KXBTC15M-26AUG201730-30,2026-08-20 21:27:00+00:00,0.89,0.88,0.12
KXBTC15M-26AUG201730-30,2026-08-20 21:28:00+00:00,0.89,0.88,0.12
KXBTC15M-26AUG201730-30,2026-08-20 21:29:00+00:00,0.094,0.092,0.908
KXBTC15M-26AUG201730-30,2026-08-20 21:30:00+00:00,0.001,0.0,1.0
KXBTC15M-26AUG201745-45,2026-08-20 21:31:00+00:00,0.67,0.66,0.3399999999999999
KXBTC15M-26AUG201745-45,2026-08-20 21:32:00+00:00,0.79,0.78,0.2199999999999999
KXBTC15M-26AUG201745-45,2026-08-20 21:33:00+00:00,0.81,0.8,0.1999999999999999
KXBTC15M-26AUG201745-45,2026-08-20 21:34:00+00:00,0.84,0.83,0.17
KXBTC15M-26AUG201745-45,2026-08-20 21:35:00+00:00,0.84,0.83,0.17
KXBTC15M-26AUG201745-45,2026-08-20 21:36:00+00:00,0.83,0.82,0.18
KXBTC15M-26AUG201745-45,2026-08-20 21:37:00+00:00,0.89,0.88,0.12
KXBTC15M-26AUG201745-45,2026-08-20 21:38:00+00:00,0.9,0.89,0.1099999999999999
KXBTC15M-26AUG201745-45,2026-08-20 21:39:00+00:00,0.928,0.927,0.0729999999999999
KXBTC15M-26AUG201745-45,2026-08-20 21:40:00+00:00,0.907,0.906,0.0939999999999999
KXBTC15M-26AUG201745-45,2026-08-20 21:41:00+00:00,0.959,0.958,0.042
KXBTC15M-26AUG201745-45,2026-08-20 21:42:00+00:00,0.993,0.992,0.008
KXBTC15M-26AUG201745-45,2026-08-20 21:43:00+00:00,0.987,0.986,0.014
KXBTC15M-26AUG201745-45,2026-08-20 21:44:00+00:00,0.989,0.988,0.012
KXBTC15M-26AUG201745-45,2026-08-20 21:45:00+00:00,1.0,0.999,0.001
KXBTC15M-26AUG201800-00,2026-08-20 21:46:00+00:00,0.55,0.54,0.4599999999999999
KXBTC15M-26AUG201800-00,2026-08-20 21:47:00+00:00,0.53,0.52,0.48
KXBTC15M-26AUG201800-00,2026-08-20 21:48:00+00:00,0.5,0.49,0.51
KXBTC15M-26AUG201800-00,2026-08-20 21:49:00+00:00,0.49,0.48,0.52
KXBTC15M-26AUG201800-00,2026-08-20 21:50:00+00:00,0.43,0.42,0.5800000000000001
KXBTC15M-26AUG201800-00,2026-08-20 21:51:00+00:00,0.48,0.47,0.53
KXBTC15M-26AUG201800-00,2026-08-20 21:52:00+00:00,0.56,0.55,0.4499999999999999
KXBTC15M-26AUG201800-00,2026-08-20 21:53:00+00:00,0.7,0.69,0.31
KXBTC15M-26AUG201800-00,2026-08-20 21:54:00+00:00,0.69,0.68,0.3199999999999999
KXBTC15M-26AUG201800-00,2026-08-20 21:55:00+00:00,0.66,0.65,0.35
KXBTC15M-26AUG201800-00,2026-08-20 21:56:00+00:00,0.58,0.57,0.43
KXBTC15M-26AUG201800-00,2026-08-20 21:57:00+00:00,0.67,0.66,0.3399999999999999
KXBTC15M-26AUG201800-00,2026-08-20 21:58:00+00:00,0.71,0.7,0.3
KXBTC15M-26AUG201800-00,2026-08-20 21:59:00+00:00,0.3,0.29,0.71
KXBTC15M-26AUG201800-00,2026-08-20 22:00:00+00:00,1.0,0.999,0.001
KXBTC15M-26AUG201815-15,2026-08-20 22:01:00+00:00,0.53,0.52,0.48
KXBTC15M-26AUG201815-15,2026-08-20 22:02:00+00:00,0.29,0.28,0.72
KXBTC15M-26AUG201815-15,2026-08-20 22:03:00+00:00,0.27,0.26,0.74
KXBTC15M-26AUG201815-15,2026-08-20 22:04:00+00:00,0.11,0.1,0.9
KXBTC15M-26AUG201815-15,2026-08-20 22:05:00+00:00,0.093,0.092,0.908
KXBTC15M-26AUG201815-15,2026-08-20 22:06:00+00:00,0.23,0.22,0.78
KXBTC15M-26AUG201815-15,2026-08-20 22:07:00+00:00,0.16,0.15,0.85
KXBTC15M-26AUG201815-15,2026-08-20 22:08:00+00:00,0.16,0.15,0.85
KXBTC15M-26AUG201815-15,2026-08-20 22:09:00+00:00,0.071,0.07,0.93
KXBTC15M-26AUG201815-15,2026-08-20 22:10:00+00:00,0.11,0.1,0.9
KXBTC15M-26AUG201815-15,2026-08-20 22:11:00+00:00,0.061,0.06,0.94
KXBTC15M-26AUG201815-15,2026-08-20 22:12:00+00:00,0.024,0.023,0.977
KXBTC15M-26AUG201815-15,2026-08-20 22:13:00+00:00,0.014,0.013,0.987
KXBTC15M-26AUG201815-15,2026-08-20 22:14:00+00:00,0.003,0.002,0.998
KXBTC15M-26AUG201815-15,2026-08-20 22:15:00+00:00,0.001,0.0,1.0
KXBTC15M-26AUG201830-30,2026-08-20 22:16:00+00:00,0.36,0.35,0.65
KXBTC15M-26AUG201830-30,2026-08-20 22:17:00+00:00,0.43,0.42,0.5800000000000001
KXBTC15M-26AUG201830-30,2026-08-20 22:18:00+00:00,0.57,0.56,0.4399999999999999
KXBTC15M-26AUG201830-30,2026-08-20 22:19:00+00:00,0.48,0.47,0.53
KXBTC15M-26AUG201830-30,2026-08-20 22:20:00+00:00,0.48,0.47,0.53
KXBTC15M-26AUG201830-30,2026-08-20 22:21:00+00:00,0.79,0.78,0.2199999999999999
KXBTC15M-26AUG201830-30,2026-08-20 22:22:00+00:00,0.85,0.84,0.16
KXBTC15M-26AUG201830-30,2026-08-20 22:23:00+00:00,0.9,0.89,0.1099999999999999
KXBTC15M-26AUG201830-30,2026-08-20 22:24:00+00:00,0.976,0.975,0.025
KXBTC15M-26AUG201830-30,2026-08-20 22:25:00+00:00,0.982,0.981,0.019
KXBTC15M-26AUG201830-30,2026-08-20 22:26:00+00:00,0.988,0.987,0.013
KXBTC15M-26AUG201830-30,2026-08-20 22:27:00+00:00,0.995,0.994,0.006
KXBTC15M-26AUG201830-30,2026-08-20 22:28:00+00:00,0.998,0.997,0.003
KXBTC15M-26AUG201830-30,2026-08-20 22:29:00+00:00,0.999,0.998,0.002
KXBTC15M-26AUG201830-30,2026-08-20 22:30:00+00:00,1.0,0.999,0.001
KXBTC15M-26AUG201845-45,2026-08-20 22:31:00+00:00,0.49,0.48,0.52
KXBTC15M-26AUG201845-45,2026-08-20 22:32:00+00:00,0.22,0.21,0.79
KXBTC15M-26AUG201845-45,2026-08-20 22:33:00+00:00,0.34,0.33,0.6699999999999999
KXBTC15M-26AUG201845-45,2026-08-20 22:34:00+00:00,0.39,0.38,0.62
KXBTC15M-26AUG201845-45,2026-08-20 22:35:00+00:00,0.33,0.32,0.6799999999999999
KXBTC15M-26AUG201845-45,2026-08-20 22:36:00+00:00,0.56,0.55,0.4499999999999999
KXBTC15M-26AUG201845-45,2026-08-20 22:37:00+00:00,0.37,0.36,0.64
KXBTC15M-26AUG201845-45,2026-08-20 22:38:00+00:00,0.24,0.23,0.77
KXBTC15M-26AUG201845-45,2026-08-20 22:39:00+00:00,0.26,0.25,0.75
KXBTC15M-26AUG201845-45,2026-08-20 22:40:00+00:00,0.27,0.26,0.74
KXBTC15M-26AUG201845-45,2026-08-20 22:41:00+00:00,0.25,0.24,0.76
KXBTC15M-26AUG201845-45,2026-08-20 22:42:00+00:00,0.18,0.17,0.83
KXBTC15M-26AUG201845-45,2026-08-20 22:43:00+00:00,0.035,0.034,0.966
KXBTC15M-26AUG201845-45,2026-08-20 22:44:00+00:00,0.005,0.004,0.996
KXBTC15M-26AUG201845-45,2026-08-20 22:45:00+00:00,0.001,0.0,1.0
KXBTC15M-26AUG201900-00,2026-08-20 22:46:00+00:00,0.52,0.51,0.49
KXBTC15M-26AUG201900-00,2026-08-20 22:47:00+00:00,0.41,0.4,0.6
KXBTC15M-26AUG201900-00,2026-08-20 22:48:00+00:00,0.47,0.46,0.54
KXBTC15M-26AUG201900-00,2026-08-20 22:49:00+00:00,0.56,0.55,0.4499999999999999
KXBTC15M-26AUG201900-00,2026-08-20 22:50:00+00:00,0.6,0.59,0.41
KXBTC15M-26AUG201900-00,2026-08-20 22:51:00+00:00,0.59,0.58,0.42
KXBTC15M-26AUG201900-00,2026-08-20 22:52:00+00:00,0.79,0.78,0.2199999999999999
KXBTC15M-26AUG201900-00,2026-08-20 22:53:00+00:00,0.955,0.954,0.046
KXBTC15M-26AUG201900-00,2026-08-20 22:54:00+00:00,0.953,0.952,0.048
KXBTC15M-26AUG201900-00,2026-08-20 22:55:00+00:00,0.974,0.973,0.027
KXBTC15M-26AUG201900-00,2026-08-20 22:56:00+00:00,0.954,0.953,0.047
KXBTC15M-26AUG201900-00,2026-08-20 22:57:00+00:00,0.921,0.92,0.0799999999999999
KXBTC15M-26AUG201900-00,2026-08-20 22:58:00+00:00,0.4,0.38,0.62
KXBTC15M-26AUG201900-00,2026-08-20 22:59:00+00:00,0.21,0.2,0.8
KXBTC15M-26AUG201900-00,2026-08-20 23:00:00+00:00,0.001,0.0,1.0
KXBTC15M-26AUG201915-15,2026-08-20 23:01:00+00:00,0.5,0.49,0.51
KXBTC15M-26AUG201915-15,2026-08-20 23:02:00+00:00,0.58,0.57,0.43
KXBTC15M-26AUG201915-15,2026-08-20 23:03:00+00:00,0.64,0.63,0.37
KXBTC15M-26AUG201915-15,2026-08-20 23:04:00+00:00,0.68,0.67,0.3299999999999999
KXBTC15M-26AUG201915-15,2026-08-20 23:05:00+00:00,0.66,0.65,0.35
KXBTC15M-26AUG201915-15,2026-08-20 23:06:00+00:00,0.84,0.83,0.17
KXBTC15M-26AUG201915-15,2026-08-20 23:07:00+00:00,0.88,0.87,0.13
KXBTC15M-26AUG201915-15,2026-08-20 23:08:00+00:00,0.913,0.912,0.0879999999999999
KXBTC15M-26AUG201915-15,2026-08-20 23:09:00+00:00,0.975,0.974,0.026
KXBTC15M-26AUG201915-15,2026-08-20 23:10:00+00:00,0.963,0.962,0.038
KXBTC15M-26AUG201915-15,2026-08-20 23:11:00+00:00,0.991,0.99,0.01
KXBTC15M-26AUG201915-15,2026-08-20 23:12:00+00:00,0.991,0.99,0.01
KXBTC15M-26AUG201915-15,2026-08-20 23:13:00+00:00,0.999,0.998,0.002
KXBTC15M-26AUG201915-15,2026-08-20 23:14:00+00:00,1.0,0.999,0.001
KXBTC15M-26AUG201915-15,2026-08-20 23:15:00+00:00,1.0,0.999,0.001
KXBTC15M-26AUG201930-30,2026-08-20 23:16:00+00:00,0.68,0.67,0.3299999999999999
KXBTC15M-26AUG201930-30,2026-08-20 23:17:00+00:00,0.74,0.73,0.27
KXBTC15M-26AUG201930-30,2026-08-20 23:18:00+00:00,0.53,0.52,0.48
KXBTC15M-26AUG201930-30,2026-08-20 23:19:00+00:00,0.73,0.72,0.28
KXBTC15M-26AUG201930-30,2026-08-20 23:20:00+00:00,0.85,0.84,0.16
KXBTC15M-26AUG201930-30,2026-08-20 23:21:00+00:00,0.68,0.67,0.3299999999999999
KXBTC15M-26AUG201930-30,2026-08-20 23:22:00+00:00,0.64,0.63,0.37
KXBTC15M-26AUG201930-30,2026-08-20 23:23:00+00:00,0.74,0.73,0.27
KXBTC15M-26AUG201930-30,2026-08-20 23:24:00+00:00,0.909,0.908,0.0919999999999999
KXBTC15M-26AUG201930-30,2026-08-20 23:25:00+00:00,0.94,0.939,0.061
KXBTC15M-26AUG201930-30,2026-08-20 23:26:00+00:00,0.976,0.975,0.025
KXBTC15M-26AUG201930-30,2026-08-20 23:27:00+00:00,0.99,0.989,0.011
KXBTC15M-26AUG201930-30,2026-08-20 23:28:00+00:00,0.998,0.997,0.003
KXBTC15M-26AUG201930-30,2026-08-20 23:29:00+00:00,1.0,0.999,0.001
KXBTC15M-26AUG201930-30,2026-08-20 23:30:00+00:00,1.0,0.999,0.001
KXBTC15M-26AUG201945-45,2026-08-20 23:31:00+00:00,0.61,0.6,0.4
KXBTC15M-26AUG201945-45,2026-08-20 23:32:00+00:00,0.59,0.57,0.43
KXBTC15M-26AUG201945-45,2026-08-20 23:33:00+00:00,0.69,0.68,0.3199999999999999
KXBTC15M-26AUG201945-45,2026-08-20 23:34:00+00:00,0.58,0.57,0.43
KXBTC15M-26AUG201945-45,2026-08-20 23:35:00+00:00,0.38,0.36,0.64
KXBTC15M-26AUG201945-45,2026-08-20 23:36:00+00:00,0.26,0.25,0.75
KXBTC15M-26AUG201945-45,2026-08-20 23:37:00+00:00,0.13,0.12,0.88
KXBTC15M-26AUG201945-45,2026-08-20 23:38:00+00:00,0.16,0.15,0.85
KXBTC15M-26AUG201945-45,2026-08-20 23:39:00+00:00,0.061,0.06,0.94
KXBTC15M-26AUG201945-45,2026-08-20 23:40:00+00:00,0.11,0.1,0.9
KXBTC15M-26AUG201945-45,2026-08-20 23:41:00+00:00,0.053,0.052,0.948
KXBTC15M-26AUG201945-45,2026-08-20 23:42:00+00:00,0.024,0.022,0.978
KXBTC15M-26AUG201945-45,2026-08-20 23:43:00+00:00,0.009,0.007,0.993
KXBTC15M-26AUG201945-45,2026-08-20 23:44:00+00:00,0.001,0.0,1.0
KXBTC15M-26AUG201945-45,2026-08-20 23:45:00+00:00,0.001,0.0,1.0
KXBTC15M-26AUG202000-00,2026-08-20 23:46:00+00:00,0.38,0.37,0.63
KXBTC15M-26AUG202000-00,2026-08-20 23:47:00+00:00,0.57,0.56,0.4399999999999999
KXBTC15M-26AUG202000-00,2026-08-20 23:48:00+00:00,0.5,0.49,0.51
KXBTC15M-26AUG202000-00,2026-08-20 23:49:00+00:00,0.49,0.48,0.52
KXBTC15M-26AUG202000-00,2026-08-20 23:50:00+00:00,0.43,0.42,0.5800000000000001
KXBTC15M-26AUG202000-00,2026-08-20 23:51:00+00:00,0.26,0.25,0.75
KXBTC15M-26AUG202000-00,2026-08-20 23:52:00+00:00,0.22,0.21,0.79
KXBTC15M-26AUG202000-00,2026-08-20 23:53:00+00:00,0.15,0.14,0.86
KXBTC15M-26AUG202000-00,2026-08-20 23:54:00+00:00,0.17,0.16,0.84
KXBTC15M-26AUG202000-00,2026-08-20 23:55:00+00:00,0.38,0.37,0.63
KXBTC15M-26AUG202000-00,2026-08-20 23:56:00+00:00,0.12,0.11,0.89
KXBTC15M-26AUG202000-00,2026-08-20 23:57:00+00:00,0.045,0.044,0.956
KXBTC15M-26AUG202000-00,2026-08-20 23:58:00+00:00,0.012,0.002,0.998
KXBTC15M-26AUG202000-00,2026-08-20 23:59:00+00:00,0.007,0.006,0.994
KXBTC15M-26AUG202000-00,2026-08-21 00:00:00+00:00,0.001,0.0,1.0
KXBTC15M-26AUG202015-15,2026-08-21 00:01:00+00:00,0.54,0.53,0.47
KXBTC15M-26AUG202015-15,2026-08-21 00:02:00+00:00,0.74,0.73,0.27
KXBTC15M-26AUG202015-15,2026-08-21 00:03:00+00:00,0.78,0.77,0.2299999999999999
KXBTC15M-26AUG202015-15,2026-08-21 00:04:00+00:00,0.67,0.66,0.3399999999999999
KXBTC15M-26AUG202015-15,2026-08-21 00:05:00+00:00,0.68,0.67,0.3299999999999999
KXBTC15M-26AUG202015-15,2026-08-21 00:06:00+00:00,0.81,0.8,0.1999999999999999
KXBTC15M-26AUG202015-15,2026-08-21 00:07:00+00:00,0.941,0.94,0.06
KXBTC15M-26AUG202015-15,2026-08-21 00:08:00+00:00,0.933,0.932,0.0679999999999999
KXBTC15M-26AUG202015-15,2026-08-21 00:09:00+00:00,0.911,0.91,0.0899999999999999
KXBTC15M-26AUG202015-15,2026-08-21 00:10:00+00:00,0.98,0.979,0.021
KXBTC15M-26AUG202015-15,2026-08-21 00:11:00+00:00,0.989,0.988,0.012
KXBTC15M-26AUG202015-15,2026-08-21 00:12:00+00:00,0.994,0.993,0.007
KXBTC15M-26AUG202015-15,2026-08-21 00:13:00+00:00,1.0,0.999,0.001
KXBTC15M-26AUG202015-15,2026-08-21 00:14:00+00:00,1.0,0.999,0.001
KXBTC15M-26AUG202015-15,2026-08-21 00:15:00+00:00,1.0,0.999,0.001
KXBTC15M-26AUG202030-30,2026-08-21 00:16:00+00:00,0.47,0.46,0.54
KXBTC15M-26AUG202030-30,2026-08-21 00:17:00+00:00,0.59,0.58,0.42
KXBTC15M-26AUG202030-30,2026-08-21 00:18:00+00:00,0.64,0.63,0.37
KXBTC15M-26AUG202030-30,2026-08-21 00:19:00+00:00,0.88,0.87,0.13
KXBTC15M-26AUG202030-30,2026-08-21 00:20:00+00:00,0.87,0.86,0.14
KXBTC15M-26AUG202030-30,2026-08-21 00:21:00+00:00,0.91,0.909,0.0909999999999999
KXBTC15M-26AUG202030-30,2026-08-21 00:22:00+00:00,0.944,0.943,0.057
KXBTC15M-26AUG202030-30,2026-08-21 00:23:00+00:00,0.948,0.946,0.054
KXBTC15M-26AUG202030-30,2026-08-21 00:24:00+00:00,0.976,0.975,0.025
KXBTC15M-26AUG202030-30,2026-08-21 00:25:00+00:00,0.989,0.988,0.012
KXBTC15M-26AUG202030-30,2026-08-21 00:26:00+00:00,0.997,0.996,0.004
KXBTC15M-26AUG202030-30,2026-08-21 00:27:00+00:00,0.999,0.998,0.002
KXBTC15M-26AUG202030-30,2026-08-21 00:28:00+00:00,1.0,0.999,0.001
KXBTC15M-26AUG202030-30,2026-08-21 00:29:00+00:00,1.0,0.999,0.001
KXBTC15M-26AUG202030-30,2026-08-21 00:30:00+00:00,1.0,0.999,0.001
KXBTC15M-26AUG202045-45,2026-08-21 00:31:00+00:00,0.42,0.41,0.5900000000000001
KXBTC15M-26AUG202045-45,2026-08-21 00:32:00+00:00,0.65,0.64,0.36
KXBTC15M-26AUG202045-45,2026-08-21 00:33:00+00:00,0.61,0.6,0.4
KXBTC15M-26AUG202045-45,2026-08-21 00:34:00+00:00,0.46,0.45,0.55
KXBTC15M-26AUG202045-45,2026-08-21 00:35:00+00:00,0.38,0.37,0.63
KXBTC15M-26AUG202045-45,2026-08-21 00:36:00+00:00,0.32,0.31,0.69
KXBTC15M-26AUG202045-45,2026-08-21 00:37:00+00:00,0.12,0.11,0.89
KXBTC15M-26AUG202045-45,2026-08-21 00:38:00+00:00,0.074,0.072,0.928
KXBTC15M-26AUG202045-45,2026-08-21 00:39:00+00:00,0.35,0.34,0.6599999999999999
KXBTC15M-26AUG202045-45,2026-08-21 00:40:00+00:00,0.13,0.12,0.88
KXBTC15M-26AUG202045-45,2026-08-21 00:41:00+00:00,0.051,0.05,0.95
KXBTC15M-26AUG202045-45,2026-08-21 00:42:00+00:00,0.023,0.022,0.978
KXBTC15M-26AUG202045-45,2026-08-21 00:43:00+00:00,0.048,0.047,0.953
KXBTC15M-26AUG202045-45,2026-08-21 00:44:00+00:00,0.011,0.01,0.99
KXBTC15M-26AUG202045-45,2026-08-21 00:45:00+00:00,0.001,0.0,1.0
KXBTC15M-26AUG202100-00,2026-08-21 00:46:00+00:00,0.39,0.38,0.62
KXBTC15M-26AUG202100-00,2026-08-21 00:47:00+00:00,0.41,0.39,0.61
KXBTC15M-26AUG202100-00,2026-08-21 00:48:00+00:00,0.33,0.32,0.6799999999999999
KXBTC15M-26AUG202100-00,2026-08-21 00:49:00+00:00,0.61,0.6,0.4
KXBTC15M-26AUG202100-00,2026-08-21 00:50:00+00:00,0.64,0.63,0.37
KXBTC15M-26AUG202100-00,2026-08-21 00:51:00+00:00,0.59,0.58,0.42
KXBTC15M-26AUG202100-00,2026-08-21 00:52:00+00:00,0.7,0.69,0.31
KXBTC15M-26AUG202100-00,2026-08-21 00:53:00+00:00,0.8,0.79,0.2099999999999999
KXBTC15M-26AUG202100-00,2026-08-21 00:54:00+00:00,0.69,0.68,0.3199999999999999
KXBTC15M-26AUG202100-00,2026-08-21 00:55:00+00:00,0.39,0.38,0.62
KXBTC15M-26AUG202100-00,2026-08-21 00:56:00+00:00,0.21,0.2,0.8
KXBTC15M-26AUG202100-00,2026-08-21 00:57:00+00:00,0.29,0.28,0.72
KXBTC15M-26AUG202100-00,2026-08-21 00:58:00+00:00,0.26,0.24,0.76
KXBTC15M-26AUG202100-00,2026-08-21 00:59:00+00:00,0.55,0.54,0.4599999999999999
KXBTC15M-26AUG202100-00,2026-08-21 01:00:00+00:00,0.001,0.0,1.0
KXBTC15M-26AUG202115-15,2026-08-21 01:01:00+00:00,0.5,0.49,0.51
KXBTC15M-26AUG202115-15,2026-08-21 01:02:00+00:00,0.62,0.61,0.39
KXBTC15M-26AUG202115-15,2026-08-21 01:03:00+00:00,0.76,0.75,0.25
KXBTC15M-26AUG202115-15,2026-08-21 01:04:00+00:00,0.87,0.86,0.14
KXBTC15M-26AUG202115-15,2026-08-21 01:05:00+00:00,0.81,0.8,0.1999999999999999
KXBTC15M-26AUG202115-15,2026-08-21 01:06:00+00:00,0.83,0.82,0.18
KXBTC15M-26AUG202115-15,2026-08-21 01:07:00+00:00,0.916,0.915,0.0849999999999999
KXBTC15M-26AUG202115-15,2026-08-21 01:08:00+00:00,0.91,0.909,0.0909999999999999
KXBTC15M-26AUG202115-15,2026-08-21 01:09:00+00:00,0.942,0.941,0.059
KXBTC15M-26AUG202115-15,2026-08-21 01:10:00+00:00,0.971,0.97,0.03
KXBTC15M-26AUG202115-15,2026-08-21 01:11:00+00:00,0.992,0.991,0.009
KXBTC15M-26AUG202115-15,2026-08-21 01:12:00+00:00,0.997,0.996,0.004
KXBTC15M-26AUG202115-15,2026-08-21 01:13:00+00:00,0.999,0.998,0.002
KXBTC15M-26AUG202115-15,2026-08-21 01:14:00+00:00,1.0,0.999,0.001
KXBTC15M-26AUG202115-15,2026-08-21 01:15:00+00:00,1.0,0.999,0.001
KXBTC15M-26AUG202130-30,2026-08-21 01:16:00+00:00,0.51,0.5,0.5
KXBTC15M-26AUG202130-30,2026-08-21 01:17:00+00:00,0.83,0.82,0.18
KXBTC15M-26AUG202130-30,2026-08-21 01:18:00+00:00,0.903,0.902,0.0979999999999999
KXBTC15M-26AUG202130-30,2026-08-21 01:19:00+00:00,0.958,0.957,0.043
KXBTC15M-26AUG202130-30,2026-08-21 01:20:00+00:00,0.963,0.962,0.038
KXBTC15M-26AUG202130-30,2026-08-21 01:21:00+00:00,0.949,0.948,0.052
KXBTC15M-26AUG202130-30,2026-08-21 01:22:00+00:00,0.925,0.922,0.0779999999999999
KXBTC15M-26AUG202130-30,2026-08-21 01:23:00+00:00,0.92,0.913,0.0869999999999999
KXBTC15M-26AUG202130-30,2026-08-21 01:24:00+00:00,0.973,0.972,0.028
KXBTC15M-26AUG202130-30,2026-08-21 01:25:00+00:00,0.992,0.991,0.009
KXBTC15M-26AUG202130-30,2026-08-21 01:26:00+00:00,0.998,0.997,0.003
KXBTC15M-26AUG202130-30,2026-08-21 01:27:00+00:00,0.999,0.998,0.002
KXBTC15M-26AUG202130-30,2026-08-21 01:28:00+00:00,1.0,0.999,0.001
KXBTC15M-26AUG202130-30,2026-08-21 01:29:00+00:00,1.0,0.999,0.001
KXBTC15M-26AUG202130-30,2026-08-21 01:30:00+00:00,1.0,0.999,0.001
KXBTC15M-26AUG202145-45,2026-08-21 01:31:00+00:00,0.37,0.36,0.64
KXBTC15M-26AUG202145-45,2026-08-21 01:32:00+00:00,0.55,0.54,0.4599999999999999
KXBTC15M-26AUG202145-45,2026-08-21 01:33:00+00:00,0.67,0.66,0.3399999999999999
KXBTC15M-26AUG202145-45,2026-08-21 01:34:00+00:00,0.5,0.49,0.51
KXBTC15M-26AUG202145-45,2026-08-21 01:35:00+00:00,0.53,0.52,0.48
KXBTC15M-26AUG202145-45,2026-08-21 01:36:00+00:00,0.42,0.41,0.5900000000000001
KXBTC15M-26AUG202145-45,2026-08-21 01:37:00+00:00,0.3,0.29,0.71
KXBTC15M-26AUG202145-45,2026-08-21 01:38:00+00:00,0.35,0.34,0.6599999999999999
KXBTC15M-26AUG202145-45,2026-08-21 01:39:00+00:00,0.12,0.11,0.89
KXBTC15M-26AUG202145-45,2026-08-21 01:40:00+00:00,0.16,0.15,0.85
KXBTC15M-26AUG202145-45,2026-08-21 01:41:00+00:00,0.11,0.1,0.9
KXBTC15M-26AUG202145-45,2026-08-21 01:42:00+00:00,0.038,0.033,0.967
KXBTC15M-26AUG202145-45,2026-08-21 01:43:00+00:00,0.58,0.57,0.43
KXBTC15M-26AUG202145-45,2026-08-21 01:44:00+00:00,0.59,0.58,0.42
KXBTC15M-26AUG202145-45,2026-08-21 01:45:00+00:00,0.001,0.0,1.0
KXBTC15M-26AUG202200-00,2026-08-21 01:46:00+00:00,0.49,0.48,0.52
KXBTC15M-26AUG202200-00,2026-08-21 01:47:00+00:00,0.62,0.61,0.39
KXBTC15M-26AUG202200-00,2026-08-21 01:48:00+00:00,0.9,0.89,0.1099999999999999
KXBTC15M-26AUG202200-00,2026-08-21 01:49:00+00:00,0.915,0.914,0.0859999999999999
KXBTC15M-26AUG202200-00,2026-08-21 01:50:00+00:00,0.961,0.96,0.04
KXBTC15M-26AUG202200-00,2026-08-21 01:51:00+00:00,0.96,0.959,0.041
KXBTC15M-26AUG202200-00,2026-08-21 01:52:00+00:00,0.974,0.972,0.028
KXBTC15M-26AUG202200-00,2026-08-21 01:53:00+00:00,0.98,0.979,0.021
KXBTC15M-26AUG202200-00,2026-08-21 01:54:00+00:00,0.983,0.982,0.018
KXBTC15M-26AUG202200-00,2026-08-21 01:55:00+00:00,0.989,0.988,0.012
KXBTC15M-26AUG202200-00,2026-08-21 01:56:00+00:00,0.994,0.993,0.007
KXBTC15M-26AUG202200-00,2026-08-21 01:57:00+00:00,0.998,0.996,0.004
KXBTC15M-26AUG202200-00,2026-08-21 01:58:00+00:00,0.995,0.994,0.006
KXBTC15M-26AUG202200-00,2026-08-21 01:59:00+00:00,1.0,0.999,0.001
KXBTC15M-26AUG202200-00,2026-08-21 02:00:00+00:00,1.0,0.999,0.001
KXBTC15M-26AUG202215-15,2026-08-21 02:01:00+00:00,0.38,0.37,0.63
KXBTC15M-26AUG202215-15,2026-08-21 02:02:00+00:00,0.3,0.29,0.71
KXBTC15M-26AUG202215-15,2026-08-21 02:03:00+00:00,0.19,0.18,0.8200000000000001
KXBTC15M-26AUG202215-15,2026-08-21 02:04:00+00:00,0.25,0.24,0.76
KXBTC15M-26AUG202215-15,2026-08-21 02:05:00+00:00,0.4,0.39,0.61
KXBTC15M-26AUG202215-15,2026-08-21 02:06:00+00:00,0.31,0.3,0.7
KXBTC15M-26AUG202215-15,2026-08-21 02:07:00+00:00,0.53,0.52,0.48
KXBTC15M-26AUG202215-15,2026-08-21 02:08:00+00:00,0.34,0.33,0.6699999999999999
KXBTC15M-26AUG202215-15,2026-08-21 02:09:00+00:00,0.18,0.17,0.83
KXBTC15M-26AUG202215-15,2026-08-21 02:10:00+00:00,0.081,0.079,0.921
KXBTC15M-26AUG202215-15,2026-08-21 02:11:00+00:00,0.023,0.021,0.979
KXBTC15M-26AUG202215-15,2026-08-21 02:12:00+00:00,0.009,0.008,0.992
KXBTC15M-26AUG202215-15,2026-08-21 02:13:00+00:00,0.001,0.0,1.0
KXBTC15M-26AUG202215-15,2026-08-21 02:14:00+00:00,0.001,0.0,1.0
KXBTC15M-26AUG202215-15,2026-08-21 02:15:00+00:00,0.001,0.0,1.0
KXBTC15M-26AUG202230-30,2026-08-21 02:16:00+00:00,0.45,0.44,0.56
KXBTC15M-26AUG202230-30,2026-08-21 02:17:00+00:00,0.46,0.45,0.55
KXBTC15M-26AUG202230-30,2026-08-21 02:18:00+00:00,0.47,0.46,0.54
KXBTC15M-26AUG202230-30,2026-08-21 02:19:00+00:00,0.4,0.39,0.61
KXBTC15M-26AUG202230-30,2026-08-21 02:20:00+00:00,0.36,0.35,0.65
KXBTC15M-26AUG202230-30,2026-08-21 02:21:00+00:00,0.39,0.38,0.62
KXBTC15M-26AUG202230-30,2026-08-21 02:22:00+00:00,0.41,0.4,0.6
KXBTC15M-26AUG202230-30,2026-08-21 02:23:00+00:00,0.28,0.27,0.73
KXBTC15M-26AUG202230-30,2026-08-21 02:24:00+00:00,0.22,0.21,0.79
KXBTC15M-26AUG202230-30,2026-08-21 02:25:00+00:00,0.13,0.12,0.88
KXBTC15M-26AUG202230-30,2026-08-21 02:26:00+00:00,0.4,0.39,0.61
KXBTC15M-26AUG202230-30,2026-08-21 02:27:00+00:00,0.37,0.36,0.64
KXBTC15M-26AUG202230-30,2026-08-21 02:28:00+00:00,0.8,0.79,0.2099999999999999
KXBTC15M-26AUG202230-30,2026-08-21 02:29:00+00:00,0.996,0.995,0.005
KXBTC15M-26AUG202230-30,2026-08-21 02:30:00+00:00,1.0,0.999,0.001
KXBTC15M-26AUG202245-45,2026-08-21 02:31:00+00:00,0.59,0.58,0.42
KXBTC15M-26AUG202245-45,2026-08-21 02:32:00+00:00,0.58,0.57,0.43
KXBTC15M-26AUG202245-45,2026-08-21 02:33:00+00:00,0.61,0.6,0.4
KXBTC15M-26AUG202245-45,2026-08-21 02:34:00+00:00,0.21,0.2,0.8
KXBTC15M-26AUG202245-45,2026-08-21 02:35:00+00:00,0.25,0.24,0.76
KXBTC15M-26AUG202245-45,2026-08-21 02:36:00+00:00,0.14,0.13,0.87
KXBTC15M-26AUG202245-45,2026-08-21 02:37:00+00:00,0.19,0.18,0.8200000000000001
KXBTC15M-26AUG202245-45,2026-08-21 02:38:00+00:00,0.22,0.21,0.79
KXBTC15M-26AUG202245-45,2026-08-21 02:39:00+00:00,0.13,0.12,0.88
KXBTC15M-26AUG202245-45,2026-08-21 02:40:00+00:00,0.11,0.1,0.9
KXBTC15M-26AUG202245-45,2026-08-21 02:41:00+00:00,0.078,0.077,0.923
KXBTC15M-26AUG202245-45,2026-08-21 02:42:00+00:00,0.016,0.015,0.985
KXBTC15M-26AUG202245-45,2026-08-21 02:43:00+00:00,0.001,0.0,1.0
KXBTC15M-26AUG202245-45,2026-08-21 02:44:00+00:00,0.001,0.0,1.0
KXBTC15M-26AUG202245-45,2026-08-21 02:45:00+00:00,0.001,0.0,1.0
KXBTC15M-26AUG202300-00,2026-08-21 02:46:00+00:00,0.33,0.32,0.6799999999999999
KXBTC15M-26AUG202300-00,2026-08-21 02:47:00+00:00,0.29,0.28,0.72
KXBTC15M-26AUG202300-00,2026-08-21 02:48:00+00:00,0.3,0.29,0.71
KXBTC15M-26AUG202300-00,2026-08-21 02:49:00+00:00,0.15,0.14,0.86
KXBTC15M-26AUG202300-00,2026-08-21 02:50:00+00:00,0.11,0.1,0.9
KXBTC15M-26AUG202300-00,2026-08-21 02:51:00+00:00,0.093,0.091,0.909
KXBTC15M-26AUG202300-00,2026-08-21 02:52:00+00:00,0.084,0.083,0.917
KXBTC15M-26AUG202300-00,2026-08-21 02:53:00+00:00,0.086,0.084,0.916
KXBTC15M-26AUG202300-00,2026-08-21 02:54:00+00:00,0.022,0.021,0.979
KXBTC15M-26AUG202300-00,2026-08-21 02:55:00+00:00,0.018,0.017,0.983
KXBTC15M-26AUG202300-00,2026-08-21 02:56:00+00:00,0.016,0.014,0.986
KXBTC15M-26AUG202300-00,2026-08-21 02:57:00+00:00,0.014,0.013,0.987
KXBTC15M-26AUG202300-00,2026-08-21 02:58:00+00:00,0.002,0.001,0.999
KXBTC15M-26AUG202300-00,2026-08-21 02:59:00+00:00,0.001,0.0,1.0
KXBTC15M-26AUG202300-00,2026-08-21 03:00:00+00:00,0.001,0.0,1.0
KXBTC15M-26AUG202315-15,2026-08-21 03:01:00+00:00,0.52,0.51,0.49
KXBTC15M-26AUG202315-15,2026-08-21 03:02:00+00:00,0.52,0.51,0.49
KXBTC15M-26AUG202315-15,2026-08-21 03:03:00+00:00,0.63,0.62,0.38
KXBTC15M-26AUG202315-15,2026-08-21 03:04:00+00:00,0.49,0.48,0.52
KXBTC15M-26AUG202315-15,2026-08-21 03:05:00+00:00,0.43,0.42,0.5800000000000001
KXBTC15M-26AUG202315-15,2026-08-21 03:06:00+00:00,0.36,0.35,0.65
KXBTC15M-26AUG202315-15,2026-08-21 03:07:00+00:00,0.29,0.28,0.72
KXBTC15M-26AUG202315-15,2026-08-21 03:08:00+00:00,0.21,0.2,0.8
KXBTC15M-26AUG202315-15,2026-08-21 03:09:00+00:00,0.24,0.23,0.77
KXBTC15M-26AUG202315-15,2026-08-21 03:10:00+00:00,0.23,0.22,0.78
KXBTC15M-26AUG202315-15,2026-08-21 03:11:00+00:00,0.4,0.39,0.61
KXBTC15M-26AUG202315-15,2026-08-21 03:12:00+00:00,0.7,0.69,0.31
KXBTC15M-26AUG202315-15,2026-08-21 03:13:00+00:00,0.89,0.88,0.12
KXBTC15M-26AUG202315-15,2026-08-21 03:14:00+00:00,0.989,0.988,0.012
KXBTC15M-26AUG202315-15,2026-08-21 03:15:00+00:00,1.0,0.999,0.001
KXBTC15M-26AUG202330-30,2026-08-21 03:16:00+00:00,0.37,0.36,0.64
KXBTC15M-26AUG202330-30,2026-08-21 03:17:00+00:00,0.54,0.53,0.47
KXBTC15M-26AUG202330-30,2026-08-21 03:18:00+00:00,0.58,0.57,0.43
KXBTC15M-26AUG202330-30,2026-08-21 03:19:00+00:00,0.44,0.43,0.5700000000000001
KXBTC15M-26AUG202330-30,2026-08-21 03:20:00+00:00,0.44,0.43,0.5700000000000001
KXBTC15M-26AUG202330-30,2026-08-21 03:21:00+00:00,0.61,0.6,0.4
KXBTC15M-26AUG202330-30,2026-08-21 03:22:00+00:00,0.67,0.66,0.3399999999999999
KXBTC15M-26AUG202330-30,2026-08-21 03:23:00+00:00,0.66,0.65,0.35
KXBTC15M-26AUG202330-30,2026-08-21 03:24:00+00:00,0.9,0.89,0.1099999999999999
KXBTC15M-26AUG202330-30,2026-08-21 03:25:00+00:00,0.85,0.84,0.16
KXBTC15M-26AUG202330-30,2026-08-21 03:26:00+00:00,0.85,0.84,0.16
KXBTC15M-26AUG202330-30,2026-08-21 03:27:00+00:00,0.949,0.948,0.052
KXBTC15M-26AUG202330-30,2026-08-21 03:28:00+00:00,0.996,0.995,0.005
KXBTC15M-26AUG202330-30,2026-08-21 03:29:00+00:00,1.0,0.999,0.001
KXBTC15M-26AUG202330-30,2026-08-21 03:30:00+00:00,1.0,0.999,0.001
KXBTC15M-26AUG202345-45,2026-08-21 03:31:00+00:00,0.56,0.55,0.4499999999999999
KXBTC15M-26AUG202345-45,2026-08-21 03:32:00+00:00,0.57,0.56,0.4399999999999999
KXBTC15M-26AUG202345-45,2026-08-21 03:33:00+00:00,0.59,0.58,0.42
KXBTC15M-26AUG202345-45,2026-08-21 03:34:00+00:00,0.53,0.52,0.48
KXBTC15M-26AUG202345-45,2026-08-21 03:35:00+00:00,0.44,0.43,0.5700000000000001
KXBTC15M-26AUG202345-45,2026-08-21 03:36:00+00:00,0.46,0.45,0.55
KXBTC15M-26AUG202345-45,2026-08-21 03:37:00+00:00,0.27,0.26,0.74
KXBTC15M-26AUG202345-45,2026-08-21 03:38:00+00:00,0.15,0.14,0.86
KXBTC15M-26AUG202345-45,2026-08-21 03:39:00+00:00,0.25,0.24,0.76
KXBTC15M-26AUG202345-45,2026-08-21 03:40:00+00:00,0.17,0.16,0.84
KXBTC15M-26AUG202345-45,2026-08-21 03:41:00+00:00,0.22,0.21,0.79
KXBTC15M-26AUG202345-45,2026-08-21 03:42:00+00:00,0.4,0.39,0.61
KXBTC15M-26AUG202345-45,2026-08-21 03:43:00+00:00,0.85,0.84,0.16
KXBTC15M-26AUG202345-45,2026-08-21 03:44:00+00:00,0.943,0.932,0.0679999999999999
KXBTC15M-26AUG202345-45,2026-08-21 03:45:00+00:00,1.0,0.999,0.001
KXBTC15M-26AUG210000-00,2026-08-21 03:46:00+00:00,0.59,0.58,0.42
KXBTC15M-26AUG210000-00,2026-08-21 03:47:00+00:00,0.66,0.65,0.35
KXBTC15M-26AUG210000-00,2026-08-21 03:48:00+00:00,0.78,0.77,0.2299999999999999
KXBTC15M-26AUG210000-00,2026-08-21 03:49:00+00:00,0.79,0.78,0.2199999999999999
KXBTC15M-26AUG210000-00,2026-08-21 03:50:00+00:00,0.79,0.78,0.2199999999999999
KXBTC15M-26AUG210000-00,2026-08-21 03:51:00+00:00,0.85,0.84,0.16
KXBTC15M-26AUG210000-00,2026-08-21 03:52:00+00:00,0.89,0.88,0.12
KXBTC15M-26AUG210000-00,2026-08-21 03:53:00+00:00,0.76,0.75,0.25
KXBTC15M-26AUG210000-00,2026-08-21 03:54:00+00:00,0.81,0.8,0.1999999999999999
KXBTC15M-26AUG210000-00,2026-08-21 03:55:00+00:00,0.51,0.5,0.5
KXBTC15M-26AUG210000-00,2026-08-21 03:56:00+00:00,0.52,0.51,0.49
KXBTC15M-26AUG210000-00,2026-08-21 03:57:00+00:00,0.42,0.41,0.5900000000000001
KXBTC15M-26AUG210000-00,2026-08-21 03:58:00+00:00,0.3,0.29,0.71
KXBTC15M-26AUG210000-00,2026-08-21 03:59:00+00:00,0.005,0.004,0.996
KXBTC15M-26AUG210000-00,2026-08-21 04:00:00+00:00,0.001,0.0,1.0
KXBTC15M-26AUG210015-15,2026-08-21 04:01:00+00:00,0.62,0.61,0.39
KXBTC15M-26AUG210015-15,2026-08-21 04:02:00+00:00,0.63,0.62,0.38
KXBTC15M-26AUG210015-15,2026-08-21 04:03:00+00:00,0.89,0.88,0.12
KXBTC15M-26AUG210015-15,2026-08-21 04:04:00+00:00,0.89,0.88,0.12
KXBTC15M-26AUG210015-15,2026-08-21 04:05:00+00:00,0.89,0.88,0.12
KXBTC15M-26AUG210015-15,2026-08-21 04:06:00+00:00,0.85,0.84,0.16
KXBTC15M-26AUG210015-15,2026-08-21 04:07:00+00:00,0.88,0.87,0.13
KXBTC15M-26AUG210015-15,2026-08-21 04:08:00+00:00,0.938,0.937,0.0629999999999999
KXBTC15M-26AUG210015-15,2026-08-21 04:09:00+00:00,0.978,0.977,0.023
KXBTC15M-26AUG210015-15,2026-08-21 04:10:00+00:00,0.984,0.983,0.017
KXBTC15M-26AUG210015-15,2026-08-21 04:11:00+00:00,0.988,0.987,0.013
KXBTC15M-26AUG210015-15,2026-08-21 04:12:00+00:00,0.99,0.989,0.011
KXBTC15M-26AUG210015-15,2026-08-21 04:13:00+00:00,1.0,0.999,0.001
KXBTC15M-26AUG210015-15,2026-08-21 04:14:00+00:00,1.0,0.999,0.001
KXBTC15M-26AUG210015-15,2026-08-21 04:15:00+00:00,1.0,0.999,0.001
KXBTC15M-26AUG210030-30,2026-08-21 04:16:00+00:00,0.62,0.61,0.39
KXBTC15M-26AUG210030-30,2026-08-21 04:17:00+00:00,0.48,0.47,0.53
KXBTC15M-26AUG210030-30,2026-08-21 04:18:00+00:00,0.48,0.47,0.53
KXBTC15M-26AUG210030-30,2026-08-21 04:19:00+00:00,0.65,0.64,0.36
KXBTC15M-26AUG210030-30,2026-08-21 04:20:00+00:00,0.56,0.55,0.4499999999999999
KXBTC15M-26AUG210030-30,2026-08-21 04:21:00+00:00,0.6,0.59,0.41
KXBTC15M-26AUG210030-30,2026-08-21 04:22:00+00:00,0.66,0.65,0.35
KXBTC15M-26AUG210030-30,2026-08-21 04:23:00+00:00,0.69,0.68,0.3199999999999999
KXBTC15M-26AUG210030-30,2026-08-21 04:24:00+00:00,0.7,0.69,0.31
KXBTC15M-26AUG210030-30,2026-08-21 04:25:00+00:00,0.53,0.52,0.48
KXBTC15M-26AUG210030-30,2026-08-21 04:26:00+00:00,0.26,0.25,0.75
KXBTC15M-26AUG210030-30,2026-08-21 04:27:00+00:00,0.44,0.43,0.5700000000000001
KXBTC15M-26AUG210030-30,2026-08-21 04:28:00+00:00,0.42,0.41,0.5900000000000001
KXBTC15M-26AUG210030-30,2026-08-21 04:29:00+00:00,0.091,0.09,0.91
KXBTC15M-26AUG210030-30,2026-08-21 04:30:00+00:00,0.001,0.0,1.0
KXBTC15M-26AUG210045-45,2026-08-21 04:31:00+00:00,0.49,0.48,0.52
KXBTC15M-26AUG210045-45,2026-08-21 04:32:00+00:00,0.79,0.78,0.2199999999999999
KXBTC15M-26AUG210045-45,2026-08-21 04:33:00+00:00,0.84,0.83,0.17
KXBTC15M-26AUG210045-45,2026-08-21 04:34:00+00:00,0.8,0.79,0.2099999999999999
KXBTC15M-26AUG210045-45,2026-08-21 04:35:00+00:00,0.87,0.86,0.14
KXBTC15M-26AUG210045-45,2026-08-21 04:36:00+00:00,0.9,0.89,0.1099999999999999
KXBTC15M-26AUG210045-45,2026-08-21 04:37:00+00:00,0.88,0.87,0.13
KXBTC15M-26AUG210045-45,2026-08-21 04:38:00+00:00,0.928,0.927,0.0729999999999999
KXBTC15M-26AUG210045-45,2026-08-21 04:39:00+00:00,0.943,0.942,0.058
KXBTC15M-26AUG210045-45,2026-08-21 04:40:00+00:00,0.92,0.919,0.0809999999999999
KXBTC15M-26AUG210045-45,2026-08-21 04:41:00+00:00,0.921,0.92,0.0799999999999999
KXBTC15M-26AUG210045-45,2026-08-21 04:42:00+00:00,0.967,0.966,0.034
KXBTC15M-26AUG210045-45,2026-08-21 04:43:00+00:00,0.984,0.983,0.017
KXBTC15M-26AUG210045-45,2026-08-21 04:44:00+00:00,1.0,0.999,0.001
KXBTC15M-26AUG210045-45,2026-08-21 04:45:00+00:00,1.0,0.999,0.001
KXBTC15M-26AUG210100-00,2026-08-21 04:46:00+00:00,0.47,0.46,0.54
KXBTC15M-26AUG210100-00,2026-08-21 04:47:00+00:00,0.63,0.62,0.38
KXBTC15M-26AUG210100-00,2026-08-21 04:48:00+00:00,0.64,0.63,0.37
KXBTC15M-26AUG210100-00,2026-08-21 04:49:00+00:00,0.68,0.67,0.3299999999999999
KXBTC15M-26AUG210100-00,2026-08-21 04:50:00+00:00,0.61,0.6,0.4
KXBTC15M-26AUG210100-00,2026-08-21 04:51:00+00:00,0.65,0.64,0.36
KXBTC15M-26AUG210100-00,2026-08-21 04:52:00+00:00,0.6,0.59,0.41
KXBTC15M-26AUG210100-00,2026-08-21 04:53:00+00:00,0.61,0.6,0.4
KXBTC15M-26AUG210100-00,2026-08-21 04:54:00+00:00,0.7,0.69,0.31
KXBTC15M-26AUG210100-00,2026-08-21 04:55:00+00:00,0.88,0.87,0.13
KXBTC15M-26AUG210100-00,2026-08-21 04:56:00+00:00,0.926,0.925,0.0749999999999999
KXBTC15M-26AUG210100-00,2026-08-21 04:57:00+00:00,0.85,0.84,0.16
KXBTC15M-26AUG210100-00,2026-08-21 04:58:00+00:00,0.97,0.969,0.031
KXBTC15M-26AUG210100-00,2026-08-21 04:59:00+00:00,0.99,0.989,0.011
KXBTC15M-26AUG210100-00,2026-08-21 05:00:00+00:00,1.0,0.999,0.001
KXBTC15M-26AUG210115-15,2026-08-21 05:01:00+00:00,0.4,0.39,0.61
KXBTC15M-26AUG210115-15,2026-08-21 05:02:00+00:00,0.54,0.53,0.47
KXBTC15M-26AUG210115-15,2026-08-21 05:03:00+00:00,0.59,0.58,0.42
KXBTC15M-26AUG210115-15,2026-08-21 05:04:00+00:00,0.62,0.61,0.39
KXBTC15M-26AUG210115-15,2026-08-21 05:05:00+00:00,0.37,0.36,0.64
KXBTC15M-26AUG210115-15,2026-08-21 05:06:00+00:00,0.81,0.8,0.1999999999999999
KXBTC15M-26AUG210115-15,2026-08-21 05:07:00+00:00,0.74,0.73,0.27
KXBTC15M-26AUG210115-15,2026-08-21 05:08:00+00:00,0.8,0.79,0.2099999999999999
KXBTC15M-26AUG210115-15,2026-08-21 05:09:00+00:00,0.82,0.81,0.1899999999999999
KXBTC15M-26AUG210115-15,2026-08-21 05:10:00+00:00,0.919,0.918,0.0819999999999999
KXBTC15M-26AUG210115-15,2026-08-21 05:11:00+00:00,0.981,0.98,0.02
KXBTC15M-26AUG210115-15,2026-08-21 05:12:00+00:00,0.992,0.991,0.009
KXBTC15M-26AUG210115-15,2026-08-21 05:13:00+00:00,0.999,0.998,0.002
KXBTC15M-26AUG210115-15,2026-08-21 05:14:00+00:00,1.0,0.999,0.001
KXBTC15M-26AUG210115-15,2026-08-21 05:15:00+00:00,1.0,0.999,0.001
KXBTC15M-26AUG210130-30,2026-08-21 05:16:00+00:00,0.55,0.54,0.4599999999999999
KXBTC15M-26AUG210130-30,2026-08-21 05:17:00+00:00,0.57,0.56,0.4399999999999999
KXBTC15M-26AUG210130-30,2026-08-21 05:18:00+00:00,0.64,0.63,0.37
KXBTC15M-26AUG210130-30,2026-08-21 05:19:00+00:00,0.75,0.74,0.26
KXBTC15M-26AUG210130-30,2026-08-21 05:20:00+00:00,0.66,0.65,0.35
KXBTC15M-26AUG210130-30,2026-08-21 05:21:00+00:00,0.74,0.73,0.27
KXBTC15M-26AUG210130-30,2026-08-21 05:22:00+00:00,0.72,0.71,0.29
KXBTC15M-26AUG210130-30,2026-08-21 05:23:00+00:00,0.77,0.76,0.24
KXBTC15M-26AUG210130-30,2026-08-21 05:24:00+00:00,0.6,0.59,0.41
KXBTC15M-26AUG210130-30,2026-08-21 05:25:00+00:00,0.52,0.51,0.49
KXBTC15M-26AUG210130-30,2026-08-21 05:26:00+00:00,0.23,0.22,0.78
KXBTC15M-26AUG210130-30,2026-08-21 05:27:00+00:00,0.035,0.034,0.966
KXBTC15M-26AUG210130-30,2026-08-21 05:28:00+00:00,0.043,0.041,0.959
KXBTC15M-26AUG210130-30,2026-08-21 05:29:00+00:00,0.37,0.36,0.64
KXBTC15M-26AUG210130-30,2026-08-21 05:30:00+00:00,0.001,0.0,1.0
KXBTC15M-26AUG210145-45,2026-08-21 05:31:00+00:00,0.34,0.33,0.6699999999999999
KXBTC15M-26AUG210145-45,2026-08-21 05:32:00+00:00,0.4,0.39,0.61
KXBTC15M-26AUG210145-45,2026-08-21 05:33:00+00:00,0.31,0.3,0.7
KXBTC15M-26AUG210145-45,2026-08-21 05:34:00+00:00,0.37,0.36,0.64
KXBTC15M-26AUG210145-45,2026-08-21 05:35:00+00:00,0.42,0.41,0.5900000000000001
KXBTC15M-26AUG210145-45,2026-08-21 05:36:00+00:00,0.36,0.35,0.65
KXBTC15M-26AUG210145-45,2026-08-21 05:37:00+00:00,0.46,0.45,0.55
KXBTC15M-26AUG210145-45,2026-08-21 05:38:00+00:00,0.56,0.55,0.4499999999999999
KXBTC15M-26AUG210145-45,2026-08-21 05:39:00+00:00,0.55,0.54,0.4599999999999999
KXBTC15M-26AUG210145-45,2026-08-21 05:40:00+00:00,0.8,0.79,0.2099999999999999
KXBTC15M-26AUG210145-45,2026-08-21 05:41:00+00:00,0.63,0.62,0.38
KXBTC15M-26AUG210145-45,2026-08-21 05:42:00+00:00,0.41,0.4,0.6
KXBTC15M-26AUG210145-45,2026-08-21 05:43:00+00:00,0.72,0.71,0.29
KXBTC15M-26AUG210145-45,2026-08-21 05:44:00+00:00,0.69,0.68,0.3199999999999999
KXBTC15M-26AUG210145-45,2026-08-21 05:45:00+00:00,1.0,0.999,0.001
KXBTC15M-26AUG210200-00,2026-08-21 05:46:00+00:00,0.4,0.39,0.61
KXBTC15M-26AUG210200-00,2026-08-21 05:47:00+00:00,0.41,0.4,0.6
KXBTC15M-26AUG210200-00,2026-08-21 05:48:00+00:00,0.47,0.46,0.54
KXBTC15M-26AUG210200-00,2026-08-21 05:49:00+00:00,0.46,0.45,0.55
KXBTC15M-26AUG210200-00,2026-08-21 05:50:00+00:00,0.47,0.46,0.54
KXBTC15M-26AUG210200-00,2026-08-21 05:51:00+00:00,0.7,0.69,0.31
KXBTC15M-26AUG210200-00,2026-08-21 05:52:00+00:00,0.51,0.5,0.5
KXBTC15M-26AUG210200-00,2026-08-21 05:53:00+00:00,0.72,0.71,0.29
KXBTC15M-26AUG210200-00,2026-08-21 05:54:00+00:00,0.77,0.76,0.24
KXBTC15M-26AUG210200-00,2026-08-21 05:55:00+00:00,0.72,0.71,0.29
KXBTC15M-26AUG210200-00,2026-08-21 05:56:00+00:00,0.915,0.914,0.0859999999999999
KXBTC15M-26AUG210200-00,2026-08-21 05:57:00+00:00,0.927,0.926,0.0739999999999999
KXBTC15M-26AUG210200-00,2026-08-21 05:58:00+00:00,0.99,0.989,0.011
KXBTC15M-26AUG210200-00,2026-08-21 05:59:00+00:00,0.993,0.992,0.008
KXBTC15M-26AUG210200-00,2026-08-21 06:00:00+00:00,1.0,0.999,0.001
KXBTC15M-26AUG210215-15,2026-08-21 06:01:00+00:00,0.43,0.42,0.5800000000000001
KXBTC15M-26AUG210215-15,2026-08-21 06:02:00+00:00,0.47,0.46,0.54
KXBTC15M-26AUG210215-15,2026-08-21 06:03:00+00:00,0.34,0.33,0.6699999999999999
KXBTC15M-26AUG210215-15,2026-08-21 06:04:00+00:00,0.55,0.54,0.4599999999999999
KXBTC15M-26AUG210215-15,2026-08-21 06:05:00+00:00,0.49,0.48,0.52
KXBTC15M-26AUG210215-15,2026-08-21 06:06:00+00:00,0.63,0.62,0.38
KXBTC15M-26AUG210215-15,2026-08-21 06:07:00+00:00,0.6,0.59,0.41
KXBTC15M-26AUG210215-15,2026-08-21 06:08:00+00:00,0.7,0.69,0.31
KXBTC15M-26AUG210215-15,2026-08-21 06:09:00+00:00,0.51,0.5,0.5
KXBTC15M-26AUG210215-15,2026-08-21 06:10:00+00:00,0.6,0.59,0.41
KXBTC15M-26AUG210215-15,2026-08-21 06:11:00+00:00,0.2,0.19,0.81
KXBTC15M-26AUG210215-15,2026-08-21 06:12:00+00:00,0.031,0.03,0.97
KXBTC15M-26AUG210215-15,2026-08-21 06:13:00+00:00,0.034,0.033,0.967
KXBTC15M-26AUG210215-15,2026-08-21 06:14:00+00:00,0.001,0.0,1.0
KXBTC15M-26AUG210215-15,2026-08-21 06:15:00+00:00,0.001,0.0,1.0
KXBTC15M-26AUG210230-30,2026-08-21 06:16:00+00:00,0.64,0.63,0.37
KXBTC15M-26AUG210230-30,2026-08-21 06:17:00+00:00,0.62,0.61,0.39
KXBTC15M-26AUG210230-30,2026-08-21 06:18:00+00:00,0.72,0.71,0.29
KXBTC15M-26AUG210230-30,2026-08-21 06:19:00+00:00,0.63,0.62,0.38
KXBTC15M-26AUG210230-30,2026-08-21 06:20:00+00:00,0.57,0.56,0.4399999999999999
KXBTC15M-26AUG210230-30,2026-08-21 06:21:00+00:00,0.44,0.43,0.5700000000000001
KXBTC15M-26AUG210230-30,2026-08-21 06:22:00+00:00,0.54,0.53,0.47
KXBTC15M-26AUG210230-30,2026-08-21 06:23:00+00:00,0.19,0.18,0.8200000000000001
KXBTC15M-26AUG210230-30,2026-08-21 06:24:00+00:00,0.13,0.12,0.88
KXBTC15M-26AUG210230-30,2026-08-21 06:25:00+00:00,0.3,0.29,0.71
KXBTC15M-26AUG210230-30,2026-08-21 06:26:00+00:00,0.38,0.37,0.63
KXBTC15M-26AUG210230-30,2026-08-21 06:27:00+00:00,0.907,0.906,0.0939999999999999
KXBTC15M-26AUG210230-30,2026-08-21 06:28:00+00:00,0.987,0.986,0.014
KXBTC15M-26AUG210230-30,2026-08-21 06:29:00+00:00,0.987,0.986,0.014
KXBTC15M-26AUG210230-30,2026-08-21 06:30:00+00:00,1.0,0.999,0.001
KXBTC15M-26AUG210245-45,2026-08-21 06:31:00+00:00,0.59,0.57,0.43
KXBTC15M-26AUG210245-45,2026-08-21 06:32:00+00:00,0.63,0.62,0.38
KXBTC15M-26AUG210245-45,2026-08-21 06:33:00+00:00,0.77,0.76,0.24
KXBTC15M-26AUG210245-45,2026-08-21 06:34:00+00:00,0.81,0.8,0.1999999999999999
KXBTC15M-26AUG210245-45,2026-08-21 06:35:00+00:00,0.82,0.81,0.1899999999999999
KXBTC15M-26AUG210245-45,2026-08-21 06:36:00+00:00,0.85,0.84,0.16
KXBTC15M-26AUG210245-45,2026-08-21 06:37:00+00:00,0.79,0.78,0.2199999999999999
KXBTC15M-26AUG210245-45,2026-08-21 06:38:00+00:00,0.85,0.84,0.16
KXBTC15M-26AUG210245-45,2026-08-21 06:39:00+00:00,0.92,0.919,0.0809999999999999
KXBTC15M-26AUG210245-45,2026-08-21 06:40:00+00:00,0.98,0.979,0.021
KXBTC15M-26AUG210245-45,2026-08-21 06:41:00+00:00,0.984,0.983,0.017
KXBTC15M-26AUG210245-45,2026-08-21 06:42:00+00:00,0.977,0.976,0.024
KXBTC15M-26AUG210245-45,2026-08-21 06:43:00+00:00,0.65,0.64,0.36
KXBTC15M-26AUG210245-45,2026-08-21 06:44:00+00:00,0.92,0.916,0.0839999999999999
KXBTC15M-26AUG210245-45,2026-08-21 06:45:00+00:00,1.0,0.999,0.001
KXBTC15M-26AUG210300-00,2026-08-21 06:46:00+00:00,0.35,0.34,0.6599999999999999
KXBTC15M-26AUG210300-00,2026-08-21 06:47:00+00:00,0.37,0.36,0.64
KXBTC15M-26AUG210300-00,2026-08-21 06:48:00+00:00,0.44,0.43,0.5700000000000001
KXBTC15M-26AUG210300-00,2026-08-21 06:49:00+00:00,0.58,0.57,0.43
KXBTC15M-26AUG210300-00,2026-08-21 06:50:00+00:00,0.62,0.61,0.39
KXBTC15M-26AUG210300-00,2026-08-21 06:51:00+00:00,0.57,0.56,0.4399999999999999
KXBTC15M-26AUG210300-00,2026-08-21 06:52:00+00:00,0.55,0.54,0.4599999999999999
KXBTC15M-26AUG210300-00,2026-08-21 06:53:00+00:00,0.47,0.46,0.54
KXBTC15M-26AUG210300-00,2026-08-21 06:54:00+00:00,0.61,0.6,0.4
KXBTC15M-26AUG210300-00,2026-08-21 06:55:00+00:00,0.77,0.76,0.24
KXBTC15M-26AUG210300-00,2026-08-21 06:56:00+00:00,0.83,0.82,0.18
KXBTC15M-26AUG210300-00,2026-08-21 06:57:00+00:00,0.921,0.92,0.0799999999999999
KXBTC15M-26AUG210300-00,2026-08-21 06:58:00+00:00,0.944,0.943,0.057
KXBTC15M-26AUG210300-00,2026-08-21 06:59:00+00:00,0.994,0.993,0.007
KXBTC15M-26AUG210300-00,2026-08-21 07:00:00+00:00,1.0,0.999,0.001
KXBTC15M-26AUG210315-15,2026-08-21 07:01:00+00:00,0.64,0.63,0.37
KXBTC15M-26AUG210315-15,2026-08-21 07:02:00+00:00,0.53,0.52,0.48
KXBTC15M-26AUG210315-15,2026-08-21 07:03:00+00:00,0.69,0.68,0.3199999999999999
KXBTC15M-26AUG210315-15,2026-08-21 07:04:00+00:00,0.69,0.68,0.3199999999999999
KXBTC15M-26AUG210315-15,2026-08-21 07:05:00+00:00,0.62,0.61,0.39
KXBTC15M-26AUG210315-15,2026-08-21 07:06:00+00:00,0.55,0.54,0.4599999999999999
KXBTC15M-26AUG210315-15,2026-08-21 07:07:00+00:00,0.64,0.63,0.37
KXBTC15M-26AUG210315-15,2026-08-21 07:08:00+00:00,0.8,0.79,0.2099999999999999
KXBTC15M-26AUG210315-15,2026-08-21 07:09:00+00:00,0.87,0.86,0.14
KXBTC15M-26AUG210315-15,2026-08-21 07:10:00+00:00,0.911,0.91,0.0899999999999999
KXBTC15M-26AUG210315-15,2026-08-21 07:11:00+00:00,0.969,0.968,0.032
KXBTC15M-26AUG210315-15,2026-08-21 07:12:00+00:00,0.991,0.99,0.01
KXBTC15M-26AUG210315-15,2026-08-21 07:13:00+00:00,0.991,0.99,0.01
KXBTC15M-26AUG210315-15,2026-08-21 07:14:00+00:00,1.0,0.999,0.001
KXBTC15M-26AUG210315-15,2026-08-21 07:15:00+00:00,1.0,0.999,0.001
KXBTC15M-26AUG210330-30,2026-08-21 07:16:00+00:00,0.73,0.72,0.28
KXBTC15M-26AUG210330-30,2026-08-21 07:17:00+00:00,0.82,0.81,0.1899999999999999
KXBTC15M-26AUG210330-30,2026-08-21 07:18:00+00:00,0.83,0.82,0.18
KXBTC15M-26AUG210330-30,2026-08-21 07:19:00+00:00,0.83,0.82,0.18
KXBTC15M-26AUG210330-30,2026-08-21 07:20:00+00:00,0.85,0.84,0.16
KXBTC15M-26AUG210330-30,2026-08-21 07:21:00+00:00,0.86,0.85,0.15
KXBTC15M-26AUG210330-30,2026-08-21 07:22:00+00:00,0.84,0.83,0.17
KXBTC15M-26AUG210330-30,2026-08-21 07:23:00+00:00,0.81,0.8,0.1999999999999999
KXBTC15M-26AUG210330-30,2026-08-21 07:24:00+00:00,0.901,0.9,0.0999999999999999
KXBTC15M-26AUG210330-30,2026-08-21 07:25:00+00:00,0.89,0.88,0.12
KXBTC15M-26AUG210330-30,2026-08-21 07:26:00+00:00,0.96,0.959,0.041
KXBTC15M-26AUG210330-30,2026-08-21 07:27:00+00:00,0.99,0.989,0.011
KXBTC15M-26AUG210330-30,2026-08-21 07:28:00+00:00,0.994,0.993,0.007
KXBTC15M-26AUG210330-30,2026-08-21 07:29:00+00:00,1.0,0.999,0.001
KXBTC15M-26AUG210330-30,2026-08-21 07:30:00+00:00,1.0,0.999,0.001
KXBTC15M-26AUG210345-45,2026-08-21 07:31:00+00:00,0.55,0.54,0.4599999999999999
KXBTC15M-26AUG210345-45,2026-08-21 07:32:00+00:00,0.45,0.44,0.56
KXBTC15M-26AUG210345-45,2026-08-21 07:33:00+00:00,0.58,0.57,0.43
KXBTC15M-26AUG210345-45,2026-08-21 07:34:00+00:00,0.36,0.35,0.65
KXBTC15M-26AUG210345-45,2026-08-21 07:35:00+00:00,0.43,0.42,0.5800000000000001
KXBTC15M-26AUG210345-45,2026-08-21 07:36:00+00:00,0.45,0.44,0.56
KXBTC15M-26AUG210345-45,2026-08-21 07:37:00+00:00,0.43,0.42,0.5800000000000001
KXBTC15M-26AUG210345-45,2026-08-21 07:38:00+00:00,0.31,0.3,0.7
KXBTC15M-26AUG210345-45,2026-08-21 07:39:00+00:00,0.44,0.43,0.5700000000000001
KXBTC15M-26AUG210345-45,2026-08-21 07:40:00+00:00,0.72,0.71,0.29
KXBTC15M-26AUG210345-45,2026-08-21 07:41:00+00:00,0.82,0.81,0.1899999999999999
KXBTC15M-26AUG210345-45,2026-08-21 07:42:00+00:00,0.85,0.84,0.16
KXBTC15M-26AUG210345-45,2026-08-21 07:43:00+00:00,0.989,0.988,0.012
KXBTC15M-26AUG210345-45,2026-08-21 07:44:00+00:00,1.0,0.999,0.001
KXBTC15M-26AUG210345-45,2026-08-21 07:45:00+00:00,1.0,0.999,0.001
KXBTC15M-26AUG210400-00,2026-08-21 07:46:00+00:00,0.41,0.4,0.6
KXBTC15M-26AUG210400-00,2026-08-21 07:47:00+00:00,0.46,0.45,0.55
KXBTC15M-26AUG210400-00,2026-08-21 07:48:00+00:00,0.44,0.43,0.5700000000000001
KXBTC15M-26AUG210400-00,2026-08-21 07:49:00+00:00,0.36,0.35,0.65
KXBTC15M-26AUG210400-00,2026-08-21 07:50:00+00:00,0.27,0.26,0.74
KXBTC15M-26AUG210400-00,2026-08-21 07:51:00+00:00,0.2,0.19,0.81
KXBTC15M-26AUG210400-00,2026-08-21 07:52:00+00:00,0.12,0.11,0.89
KXBTC15M-26AUG210400-00,2026-08-21 07:53:00+00:00,0.081,0.08,0.92
KXBTC15M-26AUG210400-00,2026-08-21 07:54:00+00:00,0.054,0.053,0.947
KXBTC15M-26AUG210400-00,2026-08-21 07:55:00+00:00,0.055,0.052,0.948
KXBTC15M-26AUG210400-00,2026-08-21 07:56:00+00:00,0.076,0.073,0.927
KXBTC15M-26AUG210400-00,2026-08-21 07:57:00+00:00,0.074,0.072,0.928
KXBTC15M-26AUG210400-00,2026-08-21 07:58:00+00:00,0.021,0.02,0.98
KXBTC15M-26AUG210400-00,2026-08-21 07:59:00+00:00,0.004,0.003,0.997
KXBTC15M-26AUG210400-00,2026-08-21 08:00:00+00:00,0.001,0.0,1.0
KXBTC15M-26AUG210415-15,2026-08-21 08:01:00+00:00,0.63,0.62,0.38
KXBTC15M-26AUG210415-15,2026-08-21 08:02:00+00:00,0.72,0.71,0.29
KXBTC15M-26AUG210415-15,2026-08-21 08:03:00+00:00,0.71,0.7,0.3
KXBTC15M-26AUG210415-15,2026-08-21 08:04:00+00:00,0.79,0.78,0.2199999999999999
KXBTC15M-26AUG210415-15,2026-08-21 08:05:00+00:00,0.81,0.8,0.1999999999999999
KXBTC15M-26AUG210415-15,2026-08-21 08:06:00+00:00,0.8,0.79,0.2099999999999999
KXBTC15M-26AUG210415-15,2026-08-21 08:07:00+00:00,0.75,0.74,0.26
KXBTC15M-26AUG210415-15,2026-08-21 08:08:00+00:00,0.919,0.918,0.0819999999999999
KXBTC15M-26AUG210415-15,2026-08-21 08:09:00+00:00,0.972,0.971,0.029
KXBTC15M-26AUG210415-15,2026-08-21 08:10:00+00:00,0.967,0.966,0.034
KXBTC15M-26AUG210415-15,2026-08-21 08:11:00+00:00,0.97,0.969,0.031
KXBTC15M-26AUG210415-15,2026-08-21 08:12:00+00:00,0.989,0.988,0.012
KXBTC15M-26AUG210415-15,2026-08-21 08:13:00+00:00,0.996,0.995,0.005
KXBTC15M-26AUG210415-15,2026-08-21 08:14:00+00:00,1.0,0.999,0.001
KXBTC15M-26AUG210415-15,2026-08-21 08:15:00+00:00,1.0,0.999,0.001
KXBTC15M-26AUG210430-30,2026-08-21 08:16:00+00:00,0.49,0.48,0.52
KXBTC15M-26AUG210430-30,2026-08-21 08:17:00+00:00,0.58,0.57,0.43
KXBTC15M-26AUG210430-30,2026-08-21 08:18:00+00:00,0.65,0.64,0.36
KXBTC15M-26AUG210430-30,2026-08-21 08:19:00+00:00,0.73,0.72,0.28
KXBTC15M-26AUG210430-30,2026-08-21 08:20:00+00:00,0.72,0.71,0.29
KXBTC15M-26AUG210430-30,2026-08-21 08:21:00+00:00,0.69,0.68,0.3199999999999999
KXBTC15M-26AUG210430-30,2026-08-21 08:22:00+00:00,0.56,0.55,0.4499999999999999
KXBTC15M-26AUG210430-30,2026-08-21 08:23:00+00:00,0.75,0.74,0.26
KXBTC15M-26AUG210430-30,2026-08-21 08:24:00+00:00,0.58,0.57,0.43
KXBTC15M-26AUG210430-30,2026-08-21 08:25:00+00:00,0.64,0.63,0.37
KXBTC15M-26AUG210430-30,2026-08-21 08:26:00+00:00,0.912,0.911,0.0889999999999999
KXBTC15M-26AUG210430-30,2026-08-21 08:27:00+00:00,0.86,0.85,0.15
KXBTC15M-26AUG210430-30,2026-08-21 08:28:00+00:00,0.82,0.81,0.1899999999999999
KXBTC15M-26AUG210430-30,2026-08-21 08:29:00+00:00,0.963,0.962,0.038
KXBTC15M-26AUG210430-30,2026-08-21 08:30:00+00:00,1.0,0.999,0.001
KXBTC15M-26AUG210445-45,2026-08-21 08:31:00+00:00,0.6,0.59,0.41
KXBTC15M-26AUG210445-45,2026-08-21 08:32:00+00:00,0.74,0.73,0.27
KXBTC15M-26AUG210445-45,2026-08-21 08:33:00+00:00,0.81,0.8,0.1999999999999999
KXBTC15M-26AUG210445-45,2026-08-21 08:34:00+00:00,0.86,0.85,0.15
KXBTC15M-26AUG210445-45,2026-08-21 08:35:00+00:00,0.9,0.89,0.1099999999999999
KXBTC15M-26AUG210445-45,2026-08-21 08:36:00+00:00,0.942,0.941,0.059
KXBTC15M-26AUG210445-45,2026-08-21 08:37:00+00:00,0.909,0.908,0.0919999999999999
KXBTC15M-26AUG210445-45,2026-08-21 08:38:00+00:00,0.955,0.953,0.047
KXBTC15M-26AUG210445-45,2026-08-21 08:39:00+00:00,0.961,0.96,0.04
KXBTC15M-26AUG210445-45,2026-08-21 08:40:00+00:00,0.961,0.96,0.04
KXBTC15M-26AUG210445-45,2026-08-21 08:41:00+00:00,0.969,0.968,0.032
KXBTC15M-26AUG210445-45,2026-08-21 08:42:00+00:00,0.989,0.988,0.012
KXBTC15M-26AUG210445-45,2026-08-21 08:43:00+00:00,0.996,0.995,0.005
KXBTC15M-26AUG210445-45,2026-08-21 08:44:00+00:00,0.998,0.997,0.003
KXBTC15M-26AUG210445-45,2026-08-21 08:45:00+00:00,1.0,0.999,0.001
KXBTC15M-26AUG210500-00,2026-08-21 08:46:00+00:00,0.6,0.59,0.41
KXBTC15M-26AUG210500-00,2026-08-21 08:47:00+00:00,0.71,0.7,0.3
KXBTC15M-26AUG210500-00,2026-08-21 08:48:00+00:00,0.79,0.78,0.2199999999999999
KXBTC15M-26AUG210500-00,2026-08-21 08:49:00+00:00,0.85,0.84,0.16
KXBTC15M-26AUG210500-00,2026-08-21 08:50:00+00:00,0.8,0.79,0.2099999999999999
KXBTC15M-26AUG210500-00,2026-08-21 08:51:00+00:00,0.909,0.907,0.0929999999999999
KXBTC15M-26AUG210500-00,2026-08-21 08:52:00+00:00,0.946,0.945,0.055
KXBTC15M-26AUG210500-00,2026-08-21 08:53:00+00:00,0.969,0.968,0.032
KXBTC15M-26AUG210500-00,2026-08-21 08:54:00+00:00,0.98,0.979,0.021
KXBTC15M-26AUG210500-00,2026-08-21 08:55:00+00:00,0.983,0.982,0.018
KXBTC15M-26AUG210500-00,2026-08-21 08:56:00+00:00,0.989,0.988,0.012
KXBTC15M-26AUG210500-00,2026-08-21 08:57:00+00:00,0.992,0.991,0.009
KXBTC15M-26AUG210500-00,2026-08-21 08:58:00+00:00,0.996,0.995,0.005
KXBTC15M-26AUG210500-00,2026-08-21 08:59:00+00:00,0.998,0.997,0.003
KXBTC15M-26AUG210500-00,2026-08-21 09:00:00+00:00,1.0,0.999,0.001
KXBTC15M-26AUG210515-15,2026-08-21 09:01:00+00:00,0.22,0.21,0.79
KXBTC15M-26AUG210515-15,2026-08-21 09:02:00+00:00,0.13,0.12,0.88
KXBTC15M-26AUG210515-15,2026-08-21 09:03:00+00:00,0.1,0.099,0.901
KXBTC15M-26AUG210515-15,2026-08-21 09:04:00+00:00,0.07,0.069,0.931
KXBTC15M-26AUG210515-15,2026-08-21 09:05:00+00:00,0.093,0.092,0.908
KXBTC15M-26AUG210515-15,2026-08-21 09:06:00+00:00,0.051,0.05,0.95
KXBTC15M-26AUG210515-15,2026-08-21 09:07:00+00:00,0.028,0.027,0.973
KXBTC15M-26AUG210515-15,2026-08-21 09:08:00+00:00,0.029,0.028,0.972
KXBTC15M-26AUG210515-15,2026-08-21 09:09:00+00:00,0.03,0.029,0.971
KXBTC15M-26AUG210515-15,2026-08-21 09:10:00+00:00,0.036,0.035,0.965
KXBTC15M-26AUG210515-15,2026-08-21 09:11:00+00:00,0.029,0.028,0.972
KXBTC15M-26AUG210515-15,2026-08-21 09:12:00+00:00,0.012,0.011,0.989
KXBTC15M-26AUG210515-15,2026-08-21 09:13:00+00:00,0.008,0.007,0.993
KXBTC15M-26AUG210515-15,2026-08-21 09:14:00+00:00,0.008,0.006,0.994
KXBTC15M-26AUG210515-15,2026-08-21 09:15:00+00:00,0.001,0.0,1.0
KXBTC15M-26AUG210530-30,2026-08-21 09:16:00+00:00,0.28,0.27,0.73
KXBTC15M-26AUG210530-30,2026-08-21 09:17:00+00:00,0.36,0.35,0.65
KXBTC15M-26AUG210530-30,2026-08-21 09:18:00+00:00,0.4,0.39,0.61
KXBTC15M-26AUG210530-30,2026-08-21 09:19:00+00:00,0.33,0.32,0.6799999999999999
KXBTC15M-26AUG210530-30,2026-08-21 09:20:00+00:00,0.2,0.19,0.81
KXBTC15M-26AUG210530-30,2026-08-21 09:21:00+00:00,0.31,0.3,0.7
KXBTC15M-26AUG210530-30,2026-08-21 09:22:00+00:00,0.21,0.2,0.8
KXBTC15M-26AUG210530-30,2026-08-21 09:23:00+00:00,0.17,0.16,0.84
KXBTC15M-26AUG210530-30,2026-08-21 09:24:00+00:00,0.14,0.13,0.87
KXBTC15M-26AUG210530-30,2026-08-21 09:25:00+00:00,0.098,0.096,0.904
KXBTC15M-26AUG210530-30,2026-08-21 09:26:00+00:00,0.053,0.052,0.948
KXBTC15M-26AUG210530-30,2026-08-21 09:27:00+00:00,0.014,0.013,0.987
KXBTC15M-26AUG210530-30,2026-08-21 09:28:00+00:00,0.13,0.12,0.88
KXBTC15M-26AUG210530-30,2026-08-21 09:29:00+00:00,0.011,0.01,0.99
KXBTC15M-26AUG210530-30,2026-08-21 09:30:00+00:00,0.001,0.0,1.0
KXBTC15M-26AUG210545-45,2026-08-21 09:31:00+00:00,0.49,0.48,0.52
KXBTC15M-26AUG210545-45,2026-08-21 09:32:00+00:00,0.63,0.62,0.38
KXBTC15M-26AUG210545-45,2026-08-21 09:33:00+00:00,0.77,0.76,0.24
KXBTC15M-26AUG210545-45,2026-08-21 09:34:00+00:00,0.71,0.7,0.3
KXBTC15M-26AUG210545-45,2026-08-21 09:35:00+00:00,0.78,0.77,0.2299999999999999
KXBTC15M-26AUG210545-45,2026-08-21 09:36:00+00:00,0.74,0.73,0.27
KXBTC15M-26AUG210545-45,2026-08-21 09:37:00+00:00,0.79,0.78,0.2199999999999999
KXBTC15M-26AUG210545-45,2026-08-21 09:38:00+00:00,0.88,0.87,0.13
KXBTC15M-26AUG210545-45,2026-08-21 09:39:00+00:00,0.8,0.79,0.2099999999999999
KXBTC15M-26AUG210545-45,2026-08-21 09:40:00+00:00,0.909,0.908,0.0919999999999999
KXBTC15M-26AUG210545-45,2026-08-21 09:41:00+00:00,0.918,0.914,0.0859999999999999
KXBTC15M-26AUG210545-45,2026-08-21 09:42:00+00:00,0.989,0.988,0.012
KXBTC15M-26AUG210545-45,2026-08-21 09:43:00+00:00,0.996,0.994,0.006
KXBTC15M-26AUG210545-45,2026-08-21 09:44:00+00:00,0.999,0.998,0.002
KXBTC15M-26AUG210545-45,2026-08-21 09:45:00+00:00,1.0,0.999,0.001
KXBTC15M-26AUG210600-00,2026-08-21 09:46:00+00:00,0.55,0.54,0.4599999999999999
KXBTC15M-26AUG210600-00,2026-08-21 09:47:00+00:00,0.5,0.49,0.51
KXBTC15M-26AUG210600-00,2026-08-21 09:48:00+00:00,0.55,0.54,0.4599999999999999
KXBTC15M-26AUG210600-00,2026-08-21 09:49:00+00:00,0.41,0.4,0.6
KXBTC15M-26AUG210600-00,2026-08-21 09:50:00+00:00,0.49,0.48,0.52
KXBTC15M-26AUG210600-00,2026-08-21 09:51:00+00:00,0.24,0.23,0.77
KXBTC15M-26AUG210600-00,2026-08-21 09:52:00+00:00,0.35,0.34,0.6599999999999999
KXBTC15M-26AUG210600-00,2026-08-21 09:53:00+00:00,0.29,0.28,0.72
KXBTC15M-26AUG210600-00,2026-08-21 09:54:00+00:00,0.15,0.14,0.86
KXBTC15M-26AUG210600-00,2026-08-21 09:55:00+00:00,0.15,0.14,0.86
KXBTC15M-26AUG210600-00,2026-08-21 09:56:00+00:00,0.041,0.04,0.96
KXBTC15M-26AUG210600-00,2026-08-21 09:57:00+00:00,0.032,0.031,0.969
KXBTC15M-26AUG210600-00,2026-08-21 09:58:00+00:00,0.004,0.003,0.997
KXBTC15M-26AUG210600-00,2026-08-21 09:59:00+00:00,0.002,0.001,0.999
KXBTC15M-26AUG210600-00,2026-08-21 10:00:00+00:00,0.001,0.0,1.0
KXBTC15M-26AUG210615-15,2026-08-21 10:01:00+00:00,0.51,0.5,0.5
KXBTC15M-26AUG210615-15,2026-08-21 10:02:00+00:00,0.47,0.46,0.54
KXBTC15M-26AUG210615-15,2026-08-21 10:03:00+00:00,0.46,0.45,0.55
KXBTC15M-26AUG210615-15,2026-08-21 10:04:00+00:00,0.35,0.34,0.6599999999999999
KXBTC15M-26AUG210615-15,2026-08-21 10:05:00+00:00,0.25,0.24,0.76
KXBTC15M-26AUG210615-15,2026-08-21 10:06:00+00:00,0.38,0.37,0.63
KXBTC15M-26AUG210615-15,2026-08-21 10:07:00+00:00,0.34,0.33,0.6699999999999999
KXBTC15M-26AUG210615-15,2026-08-21 10:08:00+00:00,0.27,0.26,0.74
KXBTC15M-26AUG210615-15,2026-08-21 10:09:00+00:00,0.18,0.17,0.83
KXBTC15M-26AUG210615-15,2026-08-21 10:10:00+00:00,0.33,0.32,0.6799999999999999
KXBTC15M-26AUG210615-15,2026-08-21 10:11:00+00:00,0.64,0.63,0.37
KXBTC15M-26AUG210615-15,2026-08-21 10:12:00+00:00,0.935,0.932,0.0679999999999999
KXBTC15M-26AUG210615-15,2026-08-21 10:13:00+00:00,0.908,0.905,0.0949999999999999
KXBTC15M-26AUG210615-15,2026-08-21 10:14:00+00:00,0.998,0.996,0.004
KXBTC15M-26AUG210615-15,2026-08-21 10:15:00+00:00,1.0,0.999,0.001
KXBTC15M-26AUG210630-30,2026-08-21 10:16:00+00:00,0.51,0.5,0.5
KXBTC15M-26AUG210630-30,2026-08-21 10:17:00+00:00,0.71,0.7,0.3
KXBTC15M-26AUG210630-30,2026-08-21 10:18:00+00:00,0.63,0.62,0.38
KXBTC15M-26AUG210630-30,2026-08-21 10:19:00+00:00,0.66,0.65,0.35
KXBTC15M-26AUG210630-30,2026-08-21 10:20:00+00:00,0.77,0.76,0.24
KXBTC15M-26AUG210630-30,2026-08-21 10:21:00+00:00,0.48,0.47,0.53
KXBTC15M-26AUG210630-30,2026-08-21 10:22:00+00:00,0.38,0.37,0.63
KXBTC15M-26AUG210630-30,2026-08-21 10:23:00+00:00,0.34,0.33,0.6699999999999999
KXBTC15M-26AUG210630-30,2026-08-21 10:24:00+00:00,0.33,0.32,0.6799999999999999
KXBTC15M-26AUG210630-30,2026-08-21 10:25:00+00:00,0.36,0.35,0.65
KXBTC15M-26AUG210630-30,2026-08-21 10:26:00+00:00,0.33,0.32,0.6799999999999999
KXBTC15M-26AUG210630-30,2026-08-21 10:27:00+00:00,0.012,0.01,0.99
KXBTC15M-26AUG210630-30,2026-08-21 10:28:00+00:00,0.016,0.015,0.985
KXBTC15M-26AUG210630-30,2026-08-21 10:29:00+00:00,0.007,0.006,0.994
KXBTC15M-26AUG210630-30,2026-08-21 10:30:00+00:00,0.001,0.0,1.0
KXBTC15M-26AUG210645-45,2026-08-21 10:31:00+00:00,0.48,0.47,0.53
KXBTC15M-26AUG210645-45,2026-08-21 10:32:00+00:00,0.55,0.54,0.4599999999999999
KXBTC15M-26AUG210645-45,2026-08-21 10:33:00+00:00,0.47,0.46,0.54
KXBTC15M-26AUG210645-45,2026-08-21 10:34:00+00:00,0.32,0.31,0.69
KXBTC15M-26AUG210645-45,2026-08-21 10:35:00+00:00,0.24,0.23,0.77
KXBTC15M-26AUG210645-45,2026-08-21 10:36:00+00:00,0.23,0.22,0.78
KXBTC15M-26AUG210645-45,2026-08-21 10:37:00+00:00,0.27,0.26,0.74
KXBTC15M-26AUG210645-45,2026-08-21 10:38:00+00:00,0.26,0.25,0.75
KXBTC15M-26AUG210645-45,2026-08-21 10:39:00+00:00,0.18,0.17,0.83
KXBTC15M-26AUG210645-45,2026-08-21 10:40:00+00:00,0.1,0.099,0.901
KXBTC15M-26AUG210645-45,2026-08-21 10:41:00+00:00,0.25,0.24,0.76
KXBTC15M-26AUG210645-45,2026-08-21 10:42:00+00:00,0.22,0.21,0.79
KXBTC15M-26AUG210645-45,2026-08-21 10:43:00+00:00,0.016,0.015,0.985
KXBTC15M-26AUG210645-45,2026-08-21 10:44:00+00:00,0.064,0.063,0.937
KXBTC15M-26AUG210645-45,2026-08-21 10:45:00+00:00,0.001,0.0,1.0
KXBTC15M-26AUG210700-00,2026-08-21 10:46:00+00:00,0.68,0.67,0.3299999999999999
KXBTC15M-26AUG210700-00,2026-08-21 10:47:00+00:00,0.73,0.72,0.28
KXBTC15M-26AUG210700-00,2026-08-21 10:48:00+00:00,0.68,0.67,0.3299999999999999
KXBTC15M-26AUG210700-00,2026-08-21 10:49:00+00:00,0.43,0.42,0.5800000000000001
KXBTC15M-26AUG210700-00,2026-08-21 10:50:00+00:00,0.44,0.43,0.5700000000000001
KXBTC15M-26AUG210700-00,2026-08-21 10:51:00+00:00,0.35,0.34,0.6599999999999999
KXBTC15M-26AUG210700-00,2026-08-21 10:52:00+00:00,0.34,0.33,0.6699999999999999
KXBTC15M-26AUG210700-00,2026-08-21 10:53:00+00:00,0.51,0.5,0.5
KXBTC15M-26AUG210700-00,2026-08-21 10:54:00+00:00,0.42,0.41,0.5900000000000001
KXBTC15M-26AUG210700-00,2026-08-21 10:55:00+00:00,0.46,0.45,0.55
KXBTC15M-26AUG210700-00,2026-08-21 10:56:00+00:00,0.47,0.46,0.54
KXBTC15M-26AUG210700-00,2026-08-21 10:57:00+00:00,0.59,0.58,0.42
KXBTC15M-26AUG210700-00,2026-08-21 10:58:00+00:00,0.7,0.69,0.31
KXBTC15M-26AUG210700-00,2026-08-21 10:59:00+00:00,0.34,0.33,0.6699999999999999
KXBTC15M-26AUG210700-00,2026-08-21 11:00:00+00:00,0.001,0.0,1.0
KXBTC15M-26AUG210715-15,2026-08-21 11:01:00+00:00,0.4,0.39,0.61
KXBTC15M-26AUG210715-15,2026-08-21 11:02:00+00:00,0.38,0.37,0.63
KXBTC15M-26AUG210715-15,2026-08-21 11:03:00+00:00,0.24,0.23,0.77
KXBTC15M-26AUG210715-15,2026-08-21 11:04:00+00:00,0.2,0.19,0.81
KXBTC15M-26AUG210715-15,2026-08-21 11:05:00+00:00,0.54,0.53,0.47
KXBTC15M-26AUG210715-15,2026-08-21 11:06:00+00:00,0.49,0.48,0.52
KXBTC15M-26AUG210715-15,2026-08-21 11:07:00+00:00,0.37,0.36,0.64
KXBTC15M-26AUG210715-15,2026-08-21 11:08:00+00:00,0.31,0.3,0.7
KXBTC15M-26AUG210715-15,2026-08-21 11:09:00+00:00,0.36,0.35,0.65
KXBTC15M-26AUG210715-15,2026-08-21 11:10:00+00:00,0.27,0.26,0.74
KXBTC15M-26AUG210715-15,2026-08-21 11:11:00+00:00,0.4,0.39,0.61
KXBTC15M-26AUG210715-15,2026-08-21 11:12:00+00:00,0.29,0.28,0.72
KXBTC15M-26AUG210715-15,2026-08-21 11:13:00+00:00,0.018,0.017,0.983
KXBTC15M-26AUG210715-15,2026-08-21 11:14:00+00:00,0.001,0.0,1.0
KXBTC15M-26AUG210715-15,2026-08-21 11:15:00+00:00,0.001,0.0,1.0
KXBTC15M-26AUG210730-30,2026-08-21 11:16:00+00:00,0.53,0.52,0.48
KXBTC15M-26AUG210730-30,2026-08-21 11:17:00+00:00,0.36,0.35,0.65
KXBTC15M-26AUG210730-30,2026-08-21 11:18:00+00:00,0.46,0.45,0.55
KXBTC15M-26AUG210730-30,2026-08-21 11:19:00+00:00,0.35,0.34,0.6599999999999999
KXBTC15M-26AUG210730-30,2026-08-21 11:20:00+00:00,0.27,0.26,0.74
KXBTC15M-26AUG210730-30,2026-08-21 11:21:00+00:00,0.47,0.46,0.54
KXBTC15M-26AUG210730-30,2026-08-21 11:22:00+00:00,0.64,0.63,0.37
KXBTC15M-26AUG210730-30,2026-08-21 11:23:00+00:00,0.78,0.77,0.2299999999999999
KXBTC15M-26AUG210730-30,2026-08-21 11:24:00+00:00,0.88,0.87,0.13
KXBTC15M-26AUG210730-30,2026-08-21 11:25:00+00:00,0.59,0.58,0.42
KXBTC15M-26AUG210730-30,2026-08-21 11:26:00+00:00,0.5,0.49,0.51
KXBTC15M-26AUG210730-30,2026-08-21 11:27:00+00:00,0.33,0.32,0.6799999999999999
KXBTC15M-26AUG210730-30,2026-08-21 11:28:00+00:00,0.096,0.094,0.906
KXBTC15M-26AUG210730-30,2026-08-21 11:29:00+00:00,0.025,0.024,0.976
KXBTC15M-26AUG210730-30,2026-08-21 11:30:00+00:00,0.001,0.0,1.0
KXBTC15M-26AUG210745-45,2026-08-21 11:31:00+00:00,0.43,0.42,0.5800000000000001
KXBTC15M-26AUG210745-45,2026-08-21 11:32:00+00:00,0.25,0.24,0.76
KXBTC15M-26AUG210745-45,2026-08-21 11:33:00+00:00,0.12,0.11,0.89
KXBTC15M-26AUG210745-45,2026-08-21 11:34:00+00:00,0.083,0.081,0.919
KXBTC15M-26AUG210745-45,2026-08-21 11:35:00+00:00,0.038,0.035,0.965
KXBTC15M-26AUG210745-45,2026-08-21 11:36:00+00:00,0.078,0.077,0.923
KXBTC15M-26AUG210745-45,2026-08-21 11:37:00+00:00,0.079,0.078,0.922
KXBTC15M-26AUG210745-45,2026-08-21 11:38:00+00:00,0.055,0.054,0.946
KXBTC15M-26AUG210745-45,2026-08-21 11:39:00+00:00,0.076,0.075,0.925
KXBTC15M-26AUG210745-45,2026-08-21 11:40:00+00:00,0.025,0.024,0.976
KXBTC15M-26AUG210745-45,2026-08-21 11:41:00+00:00,0.027,0.026,0.974
KXBTC15M-26AUG210745-45,2026-08-21 11:42:00+00:00,0.006,0.005,0.995
KXBTC15M-26AUG210745-45,2026-08-21 11:43:00+00:00,0.003,0.002,0.998
KXBTC15M-26AUG210745-45,2026-08-21 11:44:00+00:00,0.001,0.0,1.0
KXBTC15M-26AUG210745-45,2026-08-21 11:45:00+00:00,0.001,0.0,1.0
KXBTC15M-26AUG210800-00,2026-08-21 11:46:00+00:00,0.58,0.57,0.43
KXBTC15M-26AUG210800-00,2026-08-21 11:47:00+00:00,0.52,0.51,0.49
KXBTC15M-26AUG210800-00,2026-08-21 11:48:00+00:00,0.32,0.31,0.69
KXBTC15M-26AUG210800-00,2026-08-21 11:49:00+00:00,0.34,0.33,0.6699999999999999
KXBTC15M-26AUG210800-00,2026-08-21 11:50:00+00:00,0.31,0.3,0.7
KXBTC15M-26AUG210800-00,2026-08-21 11:51:00+00:00,0.47,0.46,0.54
KXBTC15M-26AUG210800-00,2026-08-21 11:52:00+00:00,0.52,0.51,0.49
KXBTC15M-26AUG210800-00,2026-08-21 11:53:00+00:00,0.65,0.64,0.36
KXBTC15M-26AUG210800-00,2026-08-21 11:54:00+00:00,0.75,0.74,0.26
KXBTC15M-26AUG210800-00,2026-08-21 11:55:00+00:00,0.88,0.87,0.13
KXBTC15M-26AUG210800-00,2026-08-21 11:56:00+00:00,0.81,0.8,0.1999999999999999
KXBTC15M-26AUG210800-00,2026-08-21 11:57:00+00:00,0.48,0.47,0.53
KXBTC15M-26AUG210800-00,2026-08-21 11:58:00+00:00,0.77,0.76,0.24
KXBTC15M-26AUG210800-00,2026-08-21 11:59:00+00:00,0.07,0.065,0.935
KXBTC15M-26AUG210800-00,2026-08-21 12:00:00+00:00,0.001,0.0,1.0
KXBTC15M-26AUG210815-15,2026-08-21 12:01:00+00:00,0.46,0.45,0.55
KXBTC15M-26AUG210815-15,2026-08-21 12:02:00+00:00,0.52,0.51,0.49
KXBTC15M-26AUG210815-15,2026-08-21 12:03:00+00:00,0.46,0.45,0.55
KXBTC15M-26AUG210815-15,2026-08-21 12:04:00+00:00,0.58,0.57,0.43
KXBTC15M-26AUG210815-15,2026-08-21 12:05:00+00:00,0.47,0.46,0.54
KXBTC15M-26AUG210815-15,2026-08-21 12:06:00+00:00,0.64,0.63,0.37
KXBTC15M-26AUG210815-15,2026-08-21 12:07:00+00:00,0.77,0.76,0.24
KXBTC15M-26AUG210815-15,2026-08-21 12:08:00+00:00,0.85,0.84,0.16
KXBTC15M-26AUG210815-15,2026-08-21 12:09:00+00:00,0.73,0.72,0.28
KXBTC15M-26AUG210815-15,2026-08-21 12:10:00+00:00,0.69,0.68,0.3199999999999999
KXBTC15M-26AUG210815-15,2026-08-21 12:11:00+00:00,0.56,0.55,0.4499999999999999
KXBTC15M-26AUG210815-15,2026-08-21 12:12:00+00:00,0.87,0.86,0.14
KXBTC15M-26AUG210815-15,2026-08-21 12:13:00+00:00,0.933,0.932,0.0679999999999999
KXBTC15M-26AUG210815-15,2026-08-21 12:14:00+00:00,0.999,0.998,0.002
KXBTC15M-26AUG210815-15,2026-08-21 12:15:00+00:00,1.0,0.999,0.001
KXBTC15M-26AUG210830-30,2026-08-21 12:16:00+00:00,0.37,0.36,0.64
KXBTC15M-26AUG210830-30,2026-08-21 12:17:00+00:00,0.32,0.31,0.69
KXBTC15M-26AUG210830-30,2026-08-21 12:18:00+00:00,0.38,0.37,0.63
KXBTC15M-26AUG210830-30,2026-08-21 12:19:00+00:00,0.32,0.31,0.69
KXBTC15M-26AUG210830-30,2026-08-21 12:20:00+00:00,0.32,0.31,0.69
KXBTC15M-26AUG210830-30,2026-08-21 12:21:00+00:00,0.26,0.25,0.75
KXBTC15M-26AUG210830-30,2026-08-21 12:22:00+00:00,0.18,0.17,0.83
KXBTC15M-26AUG210830-30,2026-08-21 12:23:00+00:00,0.18,0.17,0.83
KXBTC15M-26AUG210830-30,2026-08-21 12:24:00+00:00,0.062,0.061,0.939
KXBTC15M-26AUG210830-30,2026-08-21 12:25:00+00:00,0.13,0.12,0.88
KXBTC15M-26AUG210830-30,2026-08-21 12:26:00+00:00,0.029,0.028,0.972
KXBTC15M-26AUG210830-30,2026-08-21 12:27:00+00:00,0.017,0.016,0.984
KXBTC15M-26AUG210830-30,2026-08-21 12:28:00+00:00,0.009,0.008,0.992
KXBTC15M-26AUG210830-30,2026-08-21 12:29:00+00:00,0.003,0.002,0.998
KXBTC15M-26AUG210830-30,2026-08-21 12:30:00+00:00,0.001,0.0,1.0
KXBTC15M-26AUG210845-45,2026-08-21 12:31:00+00:00,0.5,0.49,0.51
KXBTC15M-26AUG210845-45,2026-08-21 12:32:00+00:00,0.56,0.55,0.4499999999999999
KXBTC15M-26AUG210845-45,2026-08-21 12:33:00+00:00,0.56,0.55,0.4499999999999999
KXBTC15M-26AUG210845-45,2026-08-21 12:34:00+00:00,0.52,0.51,0.49
KXBTC15M-26AUG210845-45,2026-08-21 12:35:00+00:00,0.48,0.46,0.54
KXBTC15M-26AUG210845-45,2026-08-21 12:36:00+00:00,0.73,0.72,0.28
KXBTC15M-26AUG210845-45,2026-08-21 12:37:00+00:00,0.81,0.8,0.1999999999999999
KXBTC15M-26AUG210845-45,2026-08-21 12:38:00+00:00,0.915,0.914,0.0859999999999999
KXBTC15M-26AUG210845-45,2026-08-21 12:39:00+00:00,0.971,0.97,0.03
KXBTC15M-26AUG210845-45,2026-08-21 12:40:00+00:00,0.992,0.991,0.009
KXBTC15M-26AUG210845-45,2026-08-21 12:41:00+00:00,0.996,0.995,0.005
KXBTC15M-26AUG210845-45,2026-08-21 12:42:00+00:00,0.996,0.995,0.005
KXBTC15M-26AUG210845-45,2026-08-21 12:43:00+00:00,0.995,0.994,0.006
KXBTC15M-26AUG210845-45,2026-08-21 12:44:00+00:00,0.999,0.998,0.002
KXBTC15M-26AUG210845-45,2026-08-21 12:45:00+00:00,1.0,0.999,0.001
KXBTC15M-26AUG210900-00,2026-08-21 12:46:00+00:00,0.47,0.46,0.54
KXBTC15M-26AUG210900-00,2026-08-21 12:47:00+00:00,0.34,0.33,0.6699999999999999
KXBTC15M-26AUG210900-00,2026-08-21 12:48:00+00:00,0.36,0.35,0.65
KXBTC15M-26AUG210900-00,2026-08-21 12:49:00+00:00,0.47,0.46,0.54
KXBTC15M-26AUG210900-00,2026-08-21 12:50:00+00:00,0.43,0.42,0.5800000000000001
KXBTC15M-26AUG210900-00,2026-08-21 12:51:00+00:00,0.45,0.44,0.56
KXBTC15M-26AUG210900-00,2026-08-21 12:52:00+00:00,0.28,0.27,0.73
KXBTC15M-26AUG210900-00,2026-08-21 12:53:00+00:00,0.23,0.22,0.78
KXBTC15M-26AUG210900-00,2026-08-21 12:54:00+00:00,0.15,0.14,0.86
KXBTC15M-26AUG210900-00,2026-08-21 12:55:00+00:00,0.042,0.041,0.959
KXBTC15M-26AUG210900-00,2026-08-21 12:56:00+00:00,0.04,0.039,0.961
KXBTC15M-26AUG210900-00,2026-08-21 12:57:00+00:00,0.007,0.006,0.994
KXBTC15M-26AUG210900-00,2026-08-21 12:58:00+00:00,0.005,0.004,0.996
KXBTC15M-26AUG210900-00,2026-08-21 12:59:00+00:00,0.002,0.001,0.999
KXBTC15M-26AUG210900-00,2026-08-21 13:00:00+00:00,0.001,0.0,1.0
KXBTC15M-26AUG210915-15,2026-08-21 13:01:00+00:00,0.48,0.47,0.53
KXBTC15M-26AUG210915-15,2026-08-21 13:02:00+00:00,0.37,0.36,0.64
KXBTC15M-26AUG210915-15,2026-08-21 13:03:00+00:00,0.38,0.37,0.63
KXBTC15M-26AUG210915-15,2026-08-21 13:04:00+00:00,0.48,0.47,0.53
KXBTC15M-26AUG210915-15,2026-08-21 13:05:00+00:00,0.71,0.7,0.3
KXBTC15M-26AUG210915-15,2026-08-21 13:06:00+00:00,0.67,0.66,0.3399999999999999
KXBTC15M-26AUG210915-15,2026-08-21 13:07:00+00:00,0.82,0.81,0.1899999999999999
KXBTC15M-26AUG210915-15,2026-08-21 13:08:00+00:00,0.86,0.84,0.16
KXBTC15M-26AUG210915-15,2026-08-21 13:09:00+00:00,0.6,0.59,0.41
KXBTC15M-26AUG210915-15,2026-08-21 13:10:00+00:00,0.7,0.69,0.31
KXBTC15M-26AUG210915-15,2026-08-21 13:11:00+00:00,0.42,0.41,0.5900000000000001
KXBTC15M-26AUG210915-15,2026-08-21 13:12:00+00:00,0.28,0.27,0.73
KXBTC15M-26AUG210915-15,2026-08-21 13:13:00+00:00,0.23,0.22,0.78
KXBTC15M-26AUG210915-15,2026-08-21 13:14:00+00:00,0.019,0.018,0.982
KXBTC15M-26AUG210915-15,2026-08-21 13:15:00+00:00,0.001,0.0,1.0
KXBTC15M-26AUG210930-30,2026-08-21 13:16:00+00:00,0.42,0.41,0.5900000000000001
KXBTC15M-26AUG210930-30,2026-08-21 13:17:00+00:00,0.36,0.35,0.65
KXBTC15M-26AUG210930-30,2026-08-21 13:18:00+00:00,0.21,0.2,0.8
KXBTC15M-26AUG210930-30,2026-08-21 13:19:00+00:00,0.15,0.14,0.86
KXBTC15M-26AUG210930-30,2026-08-21 13:20:00+00:00,0.21,0.2,0.8
KXBTC15M-26AUG210930-30,2026-08-21 13:21:00+00:00,0.11,0.1,0.9
KXBTC15M-26AUG210930-30,2026-08-21 13:22:00+00:00,0.07,0.069,0.931
KXBTC15M-26AUG210930-30,2026-08-21 13:23:00+00:00,0.087,0.086,0.914
KXBTC15M-26AUG210930-30,2026-08-21 13:24:00+00:00,0.045,0.044,0.956
KXBTC15M-26AUG210930-30,2026-08-21 13:25:00+00:00,0.094,0.093,0.907
KXBTC15M-26AUG210930-30,2026-08-21 13:26:00+00:00,0.14,0.13,0.87
KXBTC15M-26AUG210930-30,2026-08-21 13:27:00+00:00,0.3,0.29,0.71
KXBTC15M-26AUG210930-30,2026-08-21 13:28:00+00:00,0.52,0.51,0.49
KXBTC15M-26AUG210930-30,2026-08-21 13:29:00+00:00,0.021,0.019,0.981
KXBTC15M-26AUG210930-30,2026-08-21 13:30:00+00:00,0.001,0.0,1.0
KXBTC15M-26AUG210945-45,2026-08-21 13:31:00+00:00,0.35,0.34,0.6599999999999999
KXBTC15M-26AUG210945-45,2026-08-21 13:32:00+00:00,0.24,0.23,0.77
KXBTC15M-26AUG210945-45,2026-08-21 13:33:00+00:00,0.21,0.2,0.8
KXBTC15M-26AUG210945-45,2026-08-21 13:34:00+00:00,0.17,0.16,0.84
KXBTC15M-26AUG210945-45,2026-08-21 13:35:00+00:00,0.095,0.094,0.906
KXBTC15M-26AUG210945-45,2026-08-21 13:36:00+00:00,0.037,0.036,0.964
KXBTC15M-26AUG210945-45,2026-08-21 13:37:00+00:00,0.062,0.061,0.939
KXBTC15M-26AUG210945-45,2026-08-21 13:38:00+00:00,0.07,0.067,0.933
KXBTC15M-26AUG210945-45,2026-08-21 13:39:00+00:00,0.17,0.16,0.84
KXBTC15M-26AUG210945-45,2026-08-21 13:40:00+00:00,0.33,0.32,0.6799999999999999
KXBTC15M-26AUG210945-45,2026-08-21 13:41:00+00:00,0.45,0.44,0.56
KXBTC15M-26AUG210945-45,2026-08-21 13:42:00+00:00,0.64,0.63,0.37
KXBTC15M-26AUG210945-45,2026-08-21 13:43:00+00:00,0.953,0.952,0.048
KXBTC15M-26AUG210945-45,2026-08-21 13:44:00+00:00,0.994,0.993,0.007
KXBTC15M-26AUG210945-45,2026-08-21 13:45:00+00:00,1.0,0.999,0.001
KXBTC15M-26AUG211000-00,2026-08-21 13:46:00+00:00,0.57,0.56,0.4399999999999999
KXBTC15M-26AUG211000-00,2026-08-21 13:47:00+00:00,0.47,0.46,0.54
KXBTC15M-26AUG211000-00,2026-08-21 13:48:00+00:00,0.5,0.49,0.51
KXBTC15M-26AUG211000-00,2026-08-21 13:49:00+00:00,0.66,0.65,0.35
KXBTC15M-26AUG211000-00,2026-08-21 13:50:00+00:00,0.73,0.72,0.28
KXBTC15M-26AUG211000-00,2026-08-21 13:51:00+00:00,0.88,0.87,0.13
KXBTC15M-26AUG211000-00,2026-08-21 13:52:00+00:00,0.89,0.88,0.12
KXBTC15M-26AUG211000-00,2026-08-21 13:53:00+00:00,0.75,0.74,0.26
KXBTC15M-26AUG211000-00,2026-08-21 13:54:00+00:00,0.73,0.72,0.28
KXBTC15M-26AUG211000-00,2026-08-21 13:55:00+00:00,0.62,0.61,0.39
KXBTC15M-26AUG211000-00,2026-08-21 13:56:00+00:00,0.68,0.67,0.3299999999999999
KXBTC15M-26AUG211000-00,2026-08-21 13:57:00+00:00,0.86,0.85,0.15
KXBTC15M-26AUG211000-00,2026-08-21 13:58:00+00:00,0.59,0.58,0.42
KXBTC15M-26AUG211000-00,2026-08-21 13:59:00+00:00,0.11,0.1,0.9
KXBTC15M-26AUG211000-00,2026-08-21 14:00:00+00:00,1.0,0.999,0.001
KXBTC15M-26AUG211015-15,2026-08-21 14:01:00+00:00,0.34,0.33,0.6699999999999999
KXBTC15M-26AUG211015-15,2026-08-21 14:02:00+00:00,0.31,0.3,0.7
KXBTC15M-26AUG211015-15,2026-08-21 14:03:00+00:00,0.21,0.2,0.8
KXBTC15M-26AUG211015-15,2026-08-21 14:04:00+00:00,0.2,0.19,0.81
KXBTC15M-26AUG211015-15,2026-08-21 14:05:00+00:00,0.13,0.12,0.88
KXBTC15M-26AUG211015-15,2026-08-21 14:06:00+00:00,0.18,0.17,0.83
KXBTC15M-26AUG211015-15,2026-08-21 14:07:00+00:00,0.25,0.24,0.76
KXBTC15M-26AUG211015-15,2026-08-21 14:08:00+00:00,0.14,0.13,0.87
KXBTC15M-26AUG211015-15,2026-08-21 14:09:00+00:00,0.19,0.18,0.8200000000000001
KXBTC15M-26AUG211015-15,2026-08-21 14:10:00+00:00,0.07,0.069,0.931
KXBTC15M-26AUG211015-15,2026-08-21 14:11:00+00:00,0.087,0.086,0.914
KXBTC15M-26AUG211015-15,2026-08-21 14:12:00+00:00,0.032,0.031,0.969
KXBTC15M-26AUG211015-15,2026-08-21 14:13:00+00:00,0.003,0.002,0.998
KXBTC15M-26AUG211015-15,2026-08-21 14:14:00+00:00,0.002,0.001,0.999
KXBTC15M-26AUG211015-15,2026-08-21 14:15:00+00:00,0.001,0.0,1.0
KXBTC15M-26AUG211030-30,2026-08-21 14:16:00+00:00,0.66,0.65,0.35
KXBTC15M-26AUG211030-30,2026-08-21 14:17:00+00:00,0.63,0.62,0.38
KXBTC15M-26AUG211030-30,2026-08-21 14:18:00+00:00,0.58,0.57,0.43
KXBTC15M-26AUG211030-30,2026-08-21 14:19:00+00:00,0.5,0.49,0.51
KXBTC15M-26AUG211030-30,2026-08-21 14:20:00+00:00,0.39,0.38,0.62
KXBTC15M-26AUG211030-30,2026-08-21 14:21:00+00:00,0.3,0.29,0.71
KXBTC15M-26AUG211030-30,2026-08-21 14:22:00+00:00,0.35,0.34,0.6599999999999999
KXBTC15M-26AUG211030-30,2026-08-21 14:23:00+00:00,0.79,0.78,0.2199999999999999
KXBTC15M-26AUG211030-30,2026-08-21 14:24:00+00:00,0.64,0.63,0.37
KXBTC15M-26AUG211030-30,2026-08-21 14:25:00+00:00,0.86,0.85,0.15
KXBTC15M-26AUG211030-30,2026-08-21 14:26:00+00:00,0.958,0.953,0.047
KXBTC15M-26AUG211030-30,2026-08-21 14:27:00+00:00,0.98,0.979,0.021
KXBTC15M-26AUG211030-30,2026-08-21 14:28:00+00:00,0.998,0.997,0.003
KXBTC15M-26AUG211030-30,2026-08-21 14:29:00+00:00,0.999,0.998,0.002
KXBTC15M-26AUG211030-30,2026-08-21 14:30:00+00:00,1.0,0.999,0.001
KXBTC15M-26AUG211045-45,2026-08-21 14:31:00+00:00,0.55,0.54,0.4599999999999999
KXBTC15M-26AUG211045-45,2026-08-21 14:32:00+00:00,0.58,0.57,0.43
KXBTC15M-26AUG211045-45,2026-08-21 14:33:00+00:00,0.65,0.64,0.36
KXBTC15M-26AUG211045-45,2026-08-21 14:34:00+00:00,0.56,0.55,0.4499999999999999
KXBTC15M-26AUG211045-45,2026-08-21 14:35:00+00:00,0.49,0.48,0.52
KXBTC15M-26AUG211045-45,2026-08-21 14:36:00+00:00,0.38,0.37,0.63
KXBTC15M-26AUG211045-45,2026-08-21 14:37:00+00:00,0.67,0.66,0.3399999999999999
KXBTC15M-26AUG211045-45,2026-08-21 14:38:00+00:00,0.44,0.43,0.5700000000000001
KXBTC15M-26AUG211045-45,2026-08-21 14:39:00+00:00,0.25,0.24,0.76
KXBTC15M-26AUG211045-45,2026-08-21 14:40:00+00:00,0.11,0.1,0.9
KXBTC15M-26AUG211045-45,2026-08-21 14:41:00+00:00,0.13,0.12,0.88
KXBTC15M-26AUG211045-45,2026-08-21 14:42:00+00:00,0.15,0.14,0.86
KXBTC15M-26AUG211045-45,2026-08-21 14:43:00+00:00,0.14,0.13,0.87
KXBTC15M-26AUG211045-45,2026-08-21 14:44:00+00:00,0.63,0.62,0.38
KXBTC15M-26AUG211045-45,2026-08-21 14:45:00+00:00,1.0,0.999,0.001
KXBTC15M-26AUG211100-00,2026-08-21 14:46:00+00:00,0.64,0.63,0.37
KXBTC15M-26AUG211100-00,2026-08-21 14:47:00+00:00,0.74,0.73,0.27
KXBTC15M-26AUG211100-00,2026-08-21 14:48:00+00:00,0.78,0.77,0.2299999999999999
KXBTC15M-26AUG211100-00,2026-08-21 14:49:00+00:00,0.77,0.76,0.24
KXBTC15M-26AUG211100-00,2026-08-21 14:50:00+00:00,0.83,0.82,0.18
KXBTC15M-26AUG211100-00,2026-08-21 14:51:00+00:00,0.911,0.91,0.0899999999999999
KXBTC15M-26AUG211100-00,2026-08-21 14:52:00+00:00,0.924,0.923,0.0769999999999999
KXBTC15M-26AUG211100-00,2026-08-21 14:53:00+00:00,0.925,0.924,0.0759999999999999
KXBTC15M-26AUG211100-00,2026-08-21 14:54:00+00:00,0.91,0.909,0.0909999999999999
KXBTC15M-26AUG211100-00,2026-08-21 14:55:00+00:00,0.89,0.88,0.12
KXBTC15M-26AUG211100-00,2026-08-21 14:56:00+00:00,0.907,0.906,0.0939999999999999
KXBTC15M-26AUG211100-00,2026-08-21 14:57:00+00:00,0.992,0.99,0.01
KXBTC15M-26AUG211100-00,2026-08-21 14:58:00+00:00,0.998,0.997,0.003
KXBTC15M-26AUG211100-00,2026-08-21 14:59:00+00:00,0.999,0.998,0.002
KXBTC15M-26AUG211100-00,2026-08-21 15:00:00+00:00,1.0,0.999,0.001
KXBTC15M-26AUG211115-15,2026-08-21 15:01:00+00:00,0.46,0.45,0.55
KXBTC15M-26AUG211115-15,2026-08-21 15:02:00+00:00,0.44,0.43,0.5700000000000001
KXBTC15M-26AUG211115-15,2026-08-21 15:03:00+00:00,0.58,0.57,0.43
KXBTC15M-26AUG211115-15,2026-08-21 15:04:00+00:00,0.57,0.56,0.4399999999999999
KXBTC15M-26AUG211115-15,2026-08-21 15:05:00+00:00,0.69,0.68,0.3199999999999999
KXBTC15M-26AUG211115-15,2026-08-21 15:06:00+00:00,0.85,0.84,0.16
KXBTC15M-26AUG211115-15,2026-08-21 15:07:00+00:00,0.88,0.87,0.13
KXBTC15M-26AUG211115-15,2026-08-21 15:08:00+00:00,0.82,0.81,0.1899999999999999
KXBTC15M-26AUG211115-15,2026-08-21 15:09:00+00:00,0.9,0.89,0.1099999999999999
KXBTC15M-26AUG211115-15,2026-08-21 15:10:00+00:00,0.968,0.966,0.034
KXBTC15M-26AUG211115-15,2026-08-21 15:11:00+00:00,0.964,0.963,0.037
KXBTC15M-26AUG211115-15,2026-08-21 15:12:00+00:00,0.988,0.987,0.013
KXBTC15M-26AUG211115-15,2026-08-21 15:13:00+00:00,0.994,0.993,0.007
KXBTC15M-26AUG211115-15,2026-08-21 15:14:00+00:00,1.0,0.999,0.001
KXBTC15M-26AUG211115-15,2026-08-21 15:15:00+00:00,1.0,0.999,0.001
KXBTC15M-26AUG211130-30,2026-08-21 15:16:00+00:00,0.56,0.55,0.4499999999999999
KXBTC15M-26AUG211130-30,2026-08-21 15:17:00+00:00,0.49,0.48,0.52
KXBTC15M-26AUG211130-30,2026-08-21 15:18:00+00:00,0.38,0.37,0.63
KXBTC15M-26AUG211130-30,2026-08-21 15:19:00+00:00,0.33,0.32,0.6799999999999999
KXBTC15M-26AUG211130-30,2026-08-21 15:20:00+00:00,0.4,0.39,0.61
KXBTC15M-26AUG211130-30,2026-08-21 15:21:00+00:00,0.35,0.34,0.6599999999999999
KXBTC15M-26AUG211130-30,2026-08-21 15:22:00+00:00,0.24,0.23,0.77
KXBTC15M-26AUG211130-30,2026-08-21 15:23:00+00:00,0.48,0.47,0.53
KXBTC15M-26AUG211130-30,2026-08-21 15:24:00+00:00,0.38,0.37,0.63
KXBTC15M-26AUG211130-30,2026-08-21 15:25:00+00:00,0.29,0.28,0.72
KXBTC15M-26AUG211130-30,2026-08-21 15:26:00+00:00,0.58,0.57,0.43
KXBTC15M-26AUG211130-30,2026-08-21 15:27:00+00:00,0.73,0.72,0.28
KXBTC15M-26AUG211130-30,2026-08-21 15:28:00+00:00,0.54,0.53,0.47
KXBTC15M-26AUG211130-30,2026-08-21 15:29:00+00:00,0.29,0.28,0.72
KXBTC15M-26AUG211130-30,2026-08-21 15:30:00+00:00,0.001,0.0,1.0
KXBTC15M-26AUG211145-45,2026-08-21 15:31:00+00:00,0.58,0.57,0.43
KXBTC15M-26AUG211145-45,2026-08-21 15:32:00+00:00,0.57,0.56,0.4399999999999999
KXBTC15M-26AUG211145-45,2026-08-21 15:33:00+00:00,0.66,0.65,0.35
KXBTC15M-26AUG211145-45,2026-08-21 15:34:00+00:00,0.5,0.49,0.51
KXBTC15M-26AUG211145-45,2026-08-21 15:35:00+00:00,0.36,0.35,0.65
KXBTC15M-26AUG211145-45,2026-08-21 15:36:00+00:00,0.25,0.24,0.76
KXBTC15M-26AUG211145-45,2026-08-21 15:37:00+00:00,0.41,0.4,0.6
KXBTC15M-26AUG211145-45,2026-08-21 15:38:00+00:00,0.29,0.28,0.72
KXBTC15M-26AUG211145-45,2026-08-21 15:39:00+00:00,0.54,0.53,0.47
KXBTC15M-26AUG211145-45,2026-08-21 15:40:00+00:00,0.41,0.4,0.6
KXBTC15M-26AUG211145-45,2026-08-21 15:41:00+00:00,0.34,0.33,0.6699999999999999
KXBTC15M-26AUG211145-45,2026-08-21 15:42:00+00:00,0.47,0.46,0.54
KXBTC15M-26AUG211145-45,2026-08-21 15:43:00+00:00,0.51,0.5,0.5
KXBTC15M-26AUG211145-45,2026-08-21 15:44:00+00:00,0.002,0.001,0.999
KXBTC15M-26AUG211145-45,2026-08-21 15:45:00+00:00,0.001,0.0,1.0
KXBTC15M-26AUG211200-00,2026-08-21 15:46:00+00:00,0.47,0.46,0.54
KXBTC15M-26AUG211200-00,2026-08-21 15:47:00+00:00,0.48,0.47,0.53
KXBTC15M-26AUG211200-00,2026-08-21 15:48:00+00:00,0.34,0.33,0.6699999999999999
KXBTC15M-26AUG211200-00,2026-08-21 15:49:00+00:00,0.28,0.27,0.73
KXBTC15M-26AUG211200-00,2026-08-21 15:50:00+00:00,0.23,0.22,0.78
KXBTC15M-26AUG211200-00,2026-08-21 15:51:00+00:00,0.37,0.36,0.64
KXBTC15M-26AUG211200-00,2026-08-21 15:52:00+00:00,0.37,0.35,0.65
KXBTC15M-26AUG211200-00,2026-08-21 15:53:00+00:00,0.25,0.24,0.76
KXBTC15M-26AUG211200-00,2026-08-21 15:54:00+00:00,0.12,0.11,0.89
KXBTC15M-26AUG211200-00,2026-08-21 15:55:00+00:00,0.052,0.051,0.949
KXBTC15M-26AUG211200-00,2026-08-21 15:56:00+00:00,0.021,0.02,0.98
KXBTC15M-26AUG211200-00,2026-08-21 15:57:00+00:00,0.01,0.008,0.992
KXBTC15M-26AUG211200-00,2026-08-21 15:58:00+00:00,0.003,0.002,0.998
KXBTC15M-26AUG211200-00,2026-08-21 15:59:00+00:00,0.001,0.0,1.0
KXBTC15M-26AUG211200-00,2026-08-21 16:00:00+00:00,0.001,0.0,1.0
KXBTC15M-26AUG211215-15,2026-08-21 16:01:00+00:00,0.66,0.65,0.35
KXBTC15M-26AUG211215-15,2026-08-21 16:02:00+00:00,0.46,0.45,0.55
KXBTC15M-26AUG211215-15,2026-08-21 16:03:00+00:00,0.5,0.49,0.51
KXBTC15M-26AUG211215-15,2026-08-21 16:04:00+00:00,0.36,0.35,0.65
KXBTC15M-26AUG211215-15,2026-08-21 16:05:00+00:00,0.28,0.27,0.73
KXBTC15M-26AUG211215-15,2026-08-21 16:06:00+00:00,0.23,0.22,0.78
KXBTC15M-26AUG211215-15,2026-08-21 16:07:00+00:00,0.14,0.13,0.87
KXBTC15M-26AUG211215-15,2026-08-21 16:08:00+00:00,0.063,0.062,0.938
KXBTC15M-26AUG211215-15,2026-08-21 16:09:00+00:00,0.056,0.055,0.945
KXBTC15M-26AUG211215-15,2026-08-21 16:10:00+00:00,0.053,0.052,0.948
KXBTC15M-26AUG211215-15,2026-08-21 16:11:00+00:00,0.15,0.14,0.86
KXBTC15M-26AUG211215-15,2026-08-21 16:12:00+00:00,0.016,0.015,0.985
KXBTC15M-26AUG211215-15,2026-08-21 16:13:00+00:00,0.012,0.011,0.989
KXBTC15M-26AUG211215-15,2026-08-21 16:14:00+00:00,0.001,0.0,1.0
KXBTC15M-26AUG211215-15,2026-08-21 16:15:00+00:00,0.001,0.0,1.0
KXBTC15M-26AUG211230-30,2026-08-21 16:16:00+00:00,0.65,0.64,0.36
KXBTC15M-26AUG211230-30,2026-08-21 16:17:00+00:00,0.72,0.71,0.29
KXBTC15M-26AUG211230-30,2026-08-21 16:18:00+00:00,0.85,0.84,0.16
KXBTC15M-26AUG211230-30,2026-08-21 16:19:00+00:00,0.86,0.85,0.15
KXBTC15M-26AUG211230-30,2026-08-21 16:20:00+00:00,0.89,0.88,0.12
KXBTC15M-26AUG211230-30,2026-08-21 16:21:00+00:00,0.88,0.87,0.13
KXBTC15M-26AUG211230-30,2026-08-21 16:22:00+00:00,0.89,0.88,0.12
KXBTC15M-26AUG211230-30,2026-08-21 16:23:00+00:00,0.89,0.88,0.12
KXBTC15M-26AUG211230-30,2026-08-21 16:24:00+00:00,0.965,0.964,0.036
KXBTC15M-26AUG211230-30,2026-08-21 16:25:00+00:00,0.976,0.975,0.025
KXBTC15M-26AUG211230-30,2026-08-21 16:26:00+00:00,0.976,0.974,0.026
KXBTC15M-26AUG211230-30,2026-08-21 16:27:00+00:00,0.99,0.989,0.011
KXBTC15M-26AUG211230-30,2026-08-21 16:28:00+00:00,1.0,0.999,0.001
KXBTC15M-26AUG211230-30,2026-08-21 16:29:00+00:00,1.0,0.999,0.001
KXBTC15M-26AUG211230-30,2026-08-21 16:30:00+00:00,1.0,0.999,0.001
KXBTC15M-26AUG211245-45,2026-08-21 16:31:00+00:00,0.47,0.46,0.54
KXBTC15M-26AUG211245-45,2026-08-21 16:32:00+00:00,0.39,0.38,0.62
KXBTC15M-26AUG211245-45,2026-08-21 16:33:00+00:00,0.45,0.44,0.56
KXBTC15M-26AUG211245-45,2026-08-21 16:34:00+00:00,0.44,0.43,0.5700000000000001
KXBTC15M-26AUG211245-45,2026-08-21 16:35:00+00:00,0.46,0.45,0.55
KXBTC15M-26AUG211245-45,2026-08-21 16:36:00+00:00,0.41,0.4,0.6
KXBTC15M-26AUG211245-45,2026-08-21 16:37:00+00:00,0.34,0.33,0.6699999999999999
KXBTC15M-26AUG211245-45,2026-08-21 16:38:00+00:00,0.34,0.33,0.6699999999999999
KXBTC15M-26AUG211245-45,2026-08-21 16:39:00+00:00,0.2,0.19,0.81
KXBTC15M-26AUG211245-45,2026-08-21 16:40:00+00:00,0.32,0.31,0.69
KXBTC15M-26AUG211245-45,2026-08-21 16:41:00+00:00,0.24,0.23,0.77
KXBTC15M-26AUG211245-45,2026-08-21 16:42:00+00:00,0.36,0.35,0.65
KXBTC15M-26AUG211245-45,2026-08-21 16:43:00+00:00,0.082,0.081,0.919
KXBTC15M-26AUG211245-45,2026-08-21 16:44:00+00:00,0.19,0.18,0.8200000000000001
KXBTC15M-26AUG211245-45,2026-08-21 16:45:00+00:00,0.001,0.0,1.0
KXBTC15M-26AUG211300-00,2026-08-21 16:46:00+00:00,0.48,0.47,0.53
KXBTC15M-26AUG211300-00,2026-08-21 16:47:00+00:00,0.65,0.64,0.36
KXBTC15M-26AUG211300-00,2026-08-21 16:48:00+00:00,0.7,0.69,0.31
KXBTC15M-26AUG211300-00,2026-08-21 16:49:00+00:00,0.74,0.73,0.27
KXBTC15M-26AUG211300-00,2026-08-21 16:50:00+00:00,0.86,0.85,0.15
KXBTC15M-26AUG211300-00,2026-08-21 16:51:00+00:00,0.89,0.88,0.12
KXBTC15M-26AUG211300-00,2026-08-21 16:52:00+00:00,0.89,0.88,0.12
KXBTC15M-26AUG211300-00,2026-08-21 16:53:00+00:00,0.87,0.86,0.14
KXBTC15M-26AUG211300-00,2026-08-21 16:54:00+00:00,0.88,0.87,0.13
KXBTC15M-26AUG211300-00,2026-08-21 16:55:00+00:00,0.89,0.88,0.12
KXBTC15M-26AUG211300-00,2026-08-21 16:56:00+00:00,0.925,0.924,0.0759999999999999
KXBTC15M-26AUG211300-00,2026-08-21 16:57:00+00:00,0.987,0.986,0.014
KXBTC15M-26AUG211300-00,2026-08-21 16:58:00+00:00,0.998,0.997,0.003
KXBTC15M-26AUG211300-00,2026-08-21 16:59:00+00:00,1.0,0.999,0.001
KXBTC15M-26AUG211300-00,2026-08-21 17:00:00+00:00,1.0,0.999,0.001
KXBTC15M-26AUG211315-15,2026-08-21 17:01:00+00:00,0.59,0.58,0.42
KXBTC15M-26AUG211315-15,2026-08-21 17:02:00+00:00,0.53,0.52,0.48
KXBTC15M-26AUG211315-15,2026-08-21 17:03:00+00:00,0.66,0.65,0.35
KXBTC15M-26AUG211315-15,2026-08-21 17:04:00+00:00,0.58,0.57,0.43
KXBTC15M-26AUG211315-15,2026-08-21 17:05:00+00:00,0.58,0.57,0.43
KXBTC15M-26AUG211315-15,2026-08-21 17:06:00+00:00,0.7,0.69,0.31
KXBTC15M-26AUG211315-15,2026-08-21 17:07:00+00:00,0.82,0.81,0.1899999999999999
KXBTC15M-26AUG211315-15,2026-08-21 17:08:00+00:00,0.85,0.84,0.16
KXBTC15M-26AUG211315-15,2026-08-21 17:09:00+00:00,0.922,0.921,0.0789999999999999
KXBTC15M-26AUG211315-15,2026-08-21 17:10:00+00:00,0.9,0.89,0.1099999999999999
KXBTC15M-26AUG211315-15,2026-08-21 17:11:00+00:00,0.905,0.904,0.0959999999999999
KXBTC15M-26AUG211315-15,2026-08-21 17:12:00+00:00,0.955,0.954,0.046
KXBTC15M-26AUG211315-15,2026-08-21 17:13:00+00:00,0.88,0.87,0.13
KXBTC15M-26AUG211315-15,2026-08-21 17:14:00+00:00,0.96,0.956,0.044
KXBTC15M-26AUG211315-15,2026-08-21 17:15:00+00:00,1.0,0.999,0.001
KXBTC15M-26AUG211330-30,2026-08-21 17:16:00+00:00,0.39,0.38,0.62
KXBTC15M-26AUG211330-30,2026-08-21 17:17:00+00:00,0.25,0.24,0.76
KXBTC15M-26AUG211330-30,2026-08-21 17:18:00+00:00,0.27,0.26,0.74
KXBTC15M-26AUG211330-30,2026-08-21 17:19:00+00:00,0.36,0.35,0.65
KXBTC15M-26AUG211330-30,2026-08-21 17:20:00+00:00,0.17,0.16,0.84
KXBTC15M-26AUG211330-30,2026-08-21 17:21:00+00:00,0.11,0.1,0.9
KXBTC15M-26AUG211330-30,2026-08-21 17:22:00+00:00,0.072,0.071,0.929
KXBTC15M-26AUG211330-30,2026-08-21 17:23:00+00:00,0.032,0.031,0.969
KXBTC15M-26AUG211330-30,2026-08-21 17:24:00+00:00,0.027,0.026,0.974
KXBTC15M-26AUG211330-30,2026-08-21 17:25:00+00:00,0.017,0.016,0.984
KXBTC15M-26AUG211330-30,2026-08-21 17:26:00+00:00,0.016,0.015,0.985
KXBTC15M-26AUG211330-30,2026-08-21 17:27:00+00:00,0.028,0.027,0.973
KXBTC15M-26AUG211330-30,2026-08-21 17:28:00+00:00,0.093,0.092,0.908
KXBTC15M-26AUG211330-30,2026-08-21 17:29:00+00:00,0.2,0.19,0.81
KXBTC15M-26AUG211330-30,2026-08-21 17:30:00+00:00,0.001,0.0,1.0
KXBTC15M-26AUG211345-45,2026-08-21 17:31:00+00:00,0.62,0.61,0.39
KXBTC15M-26AUG211345-45,2026-08-21 17:32:00+00:00,0.61,0.6,0.4
KXBTC15M-26AUG211345-45,2026-08-21 17:33:00+00:00,0.73,0.72,0.28
KXBTC15M-26AUG211345-45,2026-08-21 17:34:00+00:00,0.71,0.7,0.3
KXBTC15M-26AUG211345-45,2026-08-21 17:35:00+00:00,0.74,0.73,0.27
KXBTC15M-26AUG211345-45,2026-08-21 17:36:00+00:00,0.52,0.51,0.49
KXBTC15M-26AUG211345-45,2026-08-21 17:37:00+00:00,0.43,0.42,0.5800000000000001
KXBTC15M-26AUG211345-45,2026-08-21 17:38:00+00:00,0.61,0.6,0.4
KXBTC15M-26AUG211345-45,2026-08-21 17:39:00+00:00,0.54,0.53,0.47
KXBTC15M-26AUG211345-45,2026-08-21 17:40:00+00:00,0.55,0.54,0.4599999999999999
KXBTC15M-26AUG211345-45,2026-08-21 17:41:00+00:00,0.35,0.34,0.6599999999999999
KXBTC15M-26AUG211345-45,2026-08-21 17:42:00+00:00,0.18,0.17,0.83
KXBTC15M-26AUG211345-45,2026-08-21 17:43:00+00:00,0.013,0.012,0.988
KXBTC15M-26AUG211345-45,2026-08-21 17:44:00+00:00,0.002,0.001,0.999
KXBTC15M-26AUG211345-45,2026-08-21 17:45:00+00:00,0.001,0.0,1.0
KXBTC15M-26AUG211400-00,2026-08-21 17:46:00+00:00,0.4,0.39,0.61
KXBTC15M-26AUG211400-00,2026-08-21 17:47:00+00:00,0.5,0.49,0.51
KXBTC15M-26AUG211400-00,2026-08-21 17:48:00+00:00,0.69,0.68,0.3199999999999999
KXBTC15M-26AUG211400-00,2026-08-21 17:49:00+00:00,0.68,0.67,0.3299999999999999
KXBTC15M-26AUG211400-00,2026-08-21 17:50:00+00:00,0.64,0.63,0.37
KXBTC15M-26AUG211400-00,2026-08-21 17:51:00+00:00,0.74,0.73,0.27
KXBTC15M-26AUG211400-00,2026-08-21 17:52:00+00:00,0.7,0.69,0.31
KXBTC15M-26AUG211400-00,2026-08-21 17:53:00+00:00,0.7,0.69,0.31
KXBTC15M-26AUG211400-00,2026-08-21 17:54:00+00:00,0.69,0.68,0.3199999999999999
KXBTC15M-26AUG211400-00,2026-08-21 17:55:00+00:00,0.43,0.42,0.5800000000000001
KXBTC15M-26AUG211400-00,2026-08-21 17:56:00+00:00,0.6,0.59,0.41
KXBTC15M-26AUG211400-00,2026-08-21 17:57:00+00:00,0.9,0.89,0.1099999999999999
KXBTC15M-26AUG211400-00,2026-08-21 17:58:00+00:00,0.968,0.967,0.033
KXBTC15M-26AUG211400-00,2026-08-21 17:59:00+00:00,0.99,0.988,0.012
KXBTC15M-26AUG211400-00,2026-08-21 18:00:00+00:00,1.0,0.999,0.001
KXBTC15M-26AUG211415-15,2026-08-21 18:01:00+00:00,0.54,0.53,0.47
KXBTC15M-26AUG211415-15,2026-08-21 18:02:00+00:00,0.58,0.57,0.43
KXBTC15M-26AUG211415-15,2026-08-21 18:03:00+00:00,0.69,0.68,0.3199999999999999
KXBTC15M-26AUG211415-15,2026-08-21 18:04:00+00:00,0.7,0.69,0.31
KXBTC15M-26AUG211415-15,2026-08-21 18:05:00+00:00,0.64,0.63,0.37
KXBTC15M-26AUG211415-15,2026-08-21 18:06:00+00:00,0.79,0.78,0.2199999999999999
KXBTC15M-26AUG211415-15,2026-08-21 18:07:00+00:00,0.89,0.88,0.12
KXBTC15M-26AUG211415-15,2026-08-21 18:08:00+00:00,0.77,0.76,0.24
KXBTC15M-26AUG211415-15,2026-08-21 18:09:00+00:00,0.46,0.45,0.55
KXBTC15M-26AUG211415-15,2026-08-21 18:10:00+00:00,0.33,0.32,0.6799999999999999
KXBTC15M-26AUG211415-15,2026-08-21 18:11:00+00:00,0.2,0.19,0.81
KXBTC15M-26AUG211415-15,2026-08-21 18:12:00+00:00,0.094,0.093,0.907
KXBTC15M-26AUG211415-15,2026-08-21 18:13:00+00:00,0.15,0.14,0.86
KXBTC15M-26AUG211415-15,2026-08-21 18:14:00+00:00,0.061,0.06,0.94
KXBTC15M-26AUG211415-15,2026-08-21 18:15:00+00:00,0.001,0.0,1.0
KXBTC15M-26AUG211430-30,2026-08-21 18:16:00+00:00,0.54,0.53,0.47
KXBTC15M-26AUG211430-30,2026-08-21 18:17:00+00:00,0.53,0.52,0.48
KXBTC15M-26AUG211430-30,2026-08-21 18:18:00+00:00,0.35,0.34,0.6599999999999999
KXBTC15M-26AUG211430-30,2026-08-21 18:19:00+00:00,0.39,0.38,0.62
KXBTC15M-26AUG211430-30,2026-08-21 18:20:00+00:00,0.69,0.68,0.3199999999999999
KXBTC15M-26AUG211430-30,2026-08-21 18:21:00+00:00,0.8,0.79,0.2099999999999999
KXBTC15M-26AUG211430-30,2026-08-21 18:22:00+00:00,0.75,0.74,0.26
KXBTC15M-26AUG211430-30,2026-08-21 18:23:00+00:00,0.84,0.83,0.17
KXBTC15M-26AUG211430-30,2026-08-21 18:24:00+00:00,0.78,0.77,0.2299999999999999
KXBTC15M-26AUG211430-30,2026-08-21 18:25:00+00:00,0.82,0.81,0.1899999999999999
KXBTC15M-26AUG211430-30,2026-08-21 18:26:00+00:00,0.84,0.83,0.17
KXBTC15M-26AUG211430-30,2026-08-21 18:27:00+00:00,0.932,0.93,0.0699999999999999
KXBTC15M-26AUG211430-30,2026-08-21 18:28:00+00:00,0.959,0.958,0.042
KXBTC15M-26AUG211430-30,2026-08-21 18:29:00+00:00,0.995,0.994,0.006
KXBTC15M-26AUG211430-30,2026-08-21 18:30:00+00:00,1.0,0.999,0.001
KXBTC15M-26AUG211445-45,2026-08-21 18:31:00+00:00,0.39,0.38,0.62
KXBTC15M-26AUG211445-45,2026-08-21 18:32:00+00:00,0.6,0.59,0.41
KXBTC15M-26AUG211445-45,2026-08-21 18:33:00+00:00,0.35,0.34,0.6599999999999999
KXBTC15M-26AUG211445-45,2026-08-21 18:34:00+00:00,0.33,0.32,0.6799999999999999
KXBTC15M-26AUG211445-45,2026-08-21 18:35:00+00:00,0.22,0.21,0.79
KXBTC15M-26AUG211445-45,2026-08-21 18:36:00+00:00,0.086,0.085,0.915
KXBTC15M-26AUG211445-45,2026-08-21 18:37:00+00:00,0.073,0.07,0.93
KXBTC15M-26AUG211445-45,2026-08-21 18:38:00+00:00,0.055,0.054,0.946
KXBTC15M-26AUG211445-45,2026-08-21 18:39:00+00:00,0.04,0.039,0.961
KXBTC15M-26AUG211445-45,2026-08-21 18:40:00+00:00,0.052,0.051,0.949
KXBTC15M-26AUG211445-45,2026-08-21 18:41:00+00:00,0.014,0.013,0.987
KXBTC15M-26AUG211445-45,2026-08-21 18:42:00+00:00,0.005,0.004,0.996
KXBTC15M-26AUG211445-45,2026-08-21 18:43:00+00:00,0.001,0.0,1.0
KXBTC15M-26AUG211445-45,2026-08-21 18:44:00+00:00,0.001,0.0,1.0
KXBTC15M-26AUG211445-45,2026-08-21 18:45:00+00:00,0.001,0.0,1.0
KXBTC15M-26AUG211500-00,2026-08-21 18:46:00+00:00,0.25,0.24,0.76
KXBTC15M-26AUG211500-00,2026-08-21 18:47:00+00:00,0.28,0.27,0.73
KXBTC15M-26AUG211500-00,2026-08-21 18:48:00+00:00,0.21,0.2,0.8
KXBTC15M-26AUG211500-00,2026-08-21 18:49:00+00:00,0.19,0.18,0.8200000000000001
KXBTC15M-26AUG211500-00,2026-08-21 18:50:00+00:00,0.12,0.11,0.89
KXBTC15M-26AUG211500-00,2026-08-21 18:51:00+00:00,0.14,0.13,0.87
KXBTC15M-26AUG211500-00,2026-08-21 18:52:00+00:00,0.3,0.29,0.71
KXBTC15M-26AUG211500-00,2026-08-21 18:53:00+00:00,0.43,0.42,0.5800000000000001
KXBTC15M-26AUG211500-00,2026-08-21 18:54:00+00:00,0.16,0.15,0.85
KXBTC15M-26AUG211500-00,2026-08-21 18:55:00+00:00,0.18,0.17,0.83
KXBTC15M-26AUG211500-00,2026-08-21 18:56:00+00:00,0.35,0.34,0.6599999999999999
KXBTC15M-26AUG211500-00,2026-08-21 18:57:00+00:00,0.59,0.58,0.42
KXBTC15M-26AUG211500-00,2026-08-21 18:58:00+00:00,0.62,0.61,0.39
KXBTC15M-26AUG211500-00,2026-08-21 18:59:00+00:00,0.994,0.993,0.007
KXBTC15M-26AUG211500-00,2026-08-21 19:00:00+00:00,1.0,0.999,0.001
KXBTC15M-26AUG211515-15,2026-08-21 19:01:00+00:00,0.45,0.44,0.56
KXBTC15M-26AUG211515-15,2026-08-21 19:02:00+00:00,0.4,0.39,0.61
KXBTC15M-26AUG211515-15,2026-08-21 19:03:00+00:00,0.4,0.39,0.61
KXBTC15M-26AUG211515-15,2026-08-21 19:04:00+00:00,0.24,0.23,0.77
KXBTC15M-26AUG211515-15,2026-08-21 19:05:00+00:00,0.15,0.14,0.86
KXBTC15M-26AUG211515-15,2026-08-21 19:06:00+00:00,0.14,0.13,0.87
KXBTC15M-26AUG211515-15,2026-08-21 19:07:00+00:00,0.091,0.09,0.91
KXBTC15M-26AUG211515-15,2026-08-21 19:08:00+00:00,0.11,0.1,0.9
KXBTC15M-26AUG211515-15,2026-08-21 19:09:00+00:00,0.35,0.34,0.6599999999999999
KXBTC15M-26AUG211515-15,2026-08-21 19:10:00+00:00,0.3,0.29,0.71
KXBTC15M-26AUG211515-15,2026-08-21 19:11:00+00:00,0.33,0.32,0.6799999999999999
KXBTC15M-26AUG211515-15,2026-08-21 19:12:00+00:00,0.51,0.5,0.5
KXBTC15M-26AUG211515-15,2026-08-21 19:13:00+00:00,0.87,0.86,0.14
KXBTC15M-26AUG211515-15,2026-08-21 19:14:00+00:00,0.83,0.82,0.18
KXBTC15M-26AUG211515-15,2026-08-21 19:15:00+00:00,1.0,0.999,0.001
KXBTC15M-26AUG211530-30,2026-08-21 19:16:00+00:00,0.34,0.33,0.6699999999999999
KXBTC15M-26AUG211530-30,2026-08-21 19:17:00+00:00,0.28,0.27,0.73
KXBTC15M-26AUG211530-30,2026-08-21 19:18:00+00:00,0.24,0.23,0.77
KXBTC15M-26AUG211530-30,2026-08-21 19:19:00+00:00,0.32,0.31,0.69
KXBTC15M-26AUG211530-30,2026-08-21 19:20:00+00:00,0.41,0.4,0.6
KXBTC15M-26AUG211530-30,2026-08-21 19:21:00+00:00,0.43,0.42,0.5800000000000001
KXBTC15M-26AUG211530-30,2026-08-21 19:22:00+00:00,0.36,0.35,0.65
KXBTC15M-26AUG211530-30,2026-08-21 19:23:00+00:00,0.52,0.51,0.49
KXBTC15M-26AUG211530-30,2026-08-21 19:24:00+00:00,0.63,0.62,0.38
KXBTC15M-26AUG211530-30,2026-08-21 19:25:00+00:00,0.71,0.7,0.3
KXBTC15M-26AUG211530-30,2026-08-21 19:26:00+00:00,0.91,0.909,0.0909999999999999
KXBTC15M-26AUG211530-30,2026-08-21 19:27:00+00:00,0.946,0.945,0.055
KXBTC15M-26AUG211530-30,2026-08-21 19:28:00+00:00,0.996,0.995,0.005
KXBTC15M-26AUG211530-30,2026-08-21 19:29:00+00:00,1.0,0.999,0.001
KXBTC15M-26AUG211530-30,2026-08-21 19:30:00+00:00,1.0,0.999,0.001
KXBTC15M-26AUG211545-45,2026-08-21 19:31:00+00:00,0.52,0.51,0.49
KXBTC15M-26AUG211545-45,2026-08-21 19:32:00+00:00,0.44,0.43,0.5700000000000001
KXBTC15M-26AUG211545-45,2026-08-21 19:33:00+00:00,0.37,0.36,0.64
KXBTC15M-26AUG211545-45,2026-08-21 19:34:00+00:00,0.36,0.35,0.65
KXBTC15M-26AUG211545-45,2026-08-21 19:35:00+00:00,0.26,0.25,0.75
KXBTC15M-26AUG211545-45,2026-08-21 19:36:00+00:00,0.31,0.3,0.7
KXBTC15M-26AUG211545-45,2026-08-21 19:37:00+00:00,0.16,0.15,0.85
KXBTC15M-26AUG211545-45,2026-08-21 19:38:00+00:00,0.24,0.23,0.77
KXBTC15M-26AUG211545-45,2026-08-21 19:39:00+00:00,0.33,0.32,0.6799999999999999
KXBTC15M-26AUG211545-45,2026-08-21 19:40:00+00:00,0.12,0.11,0.89
KXBTC15M-26AUG211545-45,2026-08-21 19:41:00+00:00,0.035,0.034,0.966
KXBTC15M-26AUG211545-45,2026-08-21 19:42:00+00:00,0.07,0.067,0.933
KXBTC15M-26AUG211545-45,2026-08-21 19:43:00+00:00,0.01,0.009,0.991
KXBTC15M-26AUG211545-45,2026-08-21 19:44:00+00:00,0.001,0.0,1.0
KXBTC15M-26AUG211545-45,2026-08-21 19:45:00+00:00,0.001,0.0,1.0
KXBTC15M-26AUG211600-00,2026-08-21 19:46:00+00:00,0.51,0.5,0.5
KXBTC15M-26AUG211600-00,2026-08-21 19:47:00+00:00,0.43,0.42,0.5800000000000001
KXBTC15M-26AUG211600-00,2026-08-21 19:48:00+00:00,0.66,0.65,0.35
KXBTC15M-26AUG211600-00,2026-08-21 19:49:00+00:00,0.67,0.66,0.3399999999999999
KXBTC15M-26AUG211600-00,2026-08-21 19:50:00+00:00,0.64,0.63,0.37
KXBTC15M-26AUG211600-00,2026-08-21 19:51:00+00:00,0.46,0.45,0.55
KXBTC15M-26AUG211600-00,2026-08-21 19:52:00+00:00,0.62,0.61,0.39
KXBTC15M-26AUG211600-00,2026-08-21 19:53:00+00:00,0.49,0.48,0.52
KXBTC15M-26AUG211600-00,2026-08-21 19:54:00+00:00,0.37,0.36,0.64
KXBTC15M-26AUG211600-00,2026-08-21 19:55:00+00:00,0.54,0.53,0.47
KXBTC15M-26AUG211600-00,2026-08-21 19:56:00+00:00,0.38,0.37,0.63
KXBTC15M-26AUG211600-00,2026-08-21 19:57:00+00:00,0.23,0.22,0.78
KXBTC15M-26AUG211600-00,2026-08-21 19:58:00+00:00,0.055,0.052,0.948
KXBTC15M-26AUG211600-00,2026-08-21 19:59:00+00:00,0.001,0.0,1.0
KXBTC15M-26AUG211600-00,2026-08-21 20:00:00+00:00,0.001,0.0,1.0
KXBTC15M-26AUG211615-15,2026-08-21 20:01:00+00:00,0.45,0.43,0.5700000000000001
KXBTC15M-26AUG211615-15,2026-08-21 20:02:00+00:00,0.35,0.34,0.6599999999999999
KXBTC15M-26AUG211615-15,2026-08-21 20:03:00+00:00,0.55,0.54,0.4599999999999999
KXBTC15M-26AUG211615-15,2026-08-21 20:04:00+00:00,0.6,0.59,0.41
KXBTC15M-26AUG211615-15,2026-08-21 20:05:00+00:00,0.75,0.74,0.26
KXBTC15M-26AUG211615-15,2026-08-21 20:06:00+00:00,0.42,0.41,0.5900000000000001
KXBTC15M-26AUG211615-15,2026-08-21 20:07:00+00:00,0.33,0.32,0.6799999999999999
KXBTC15M-26AUG211615-15,2026-08-21 20:08:00+00:00,0.63,0.62,0.38
KXBTC15M-26AUG211615-15,2026-08-21 20:09:00+00:00,0.81,0.8,0.1999999999999999
KXBTC15M-26AUG211615-15,2026-08-21 20:10:00+00:00,0.79,0.78,0.2199999999999999
KXBTC15M-26AUG211615-15,2026-08-21 20:11:00+00:00,0.96,0.959,0.041
KXBTC15M-26AUG211615-15,2026-08-21 20:12:00+00:00,0.96,0.959,0.041
KXBTC15M-26AUG211615-15,2026-08-21 20:13:00+00:00,0.995,0.994,0.006
KXBTC15M-26AUG211615-15,2026-08-21 20:14:00+00:00,1.0,0.999,0.001
KXBTC15M-26AUG211615-15,2026-08-21 20:15:00+00:00,1.0,0.999,0.001
KXBTC15M-26AUG211630-30,2026-08-21 20:16:00+00:00,0.71,0.7,0.3
KXBTC15M-26AUG211630-30,2026-08-21 20:17:00+00:00,0.75,0.74,0.26
KXBTC15M-26AUG211630-30,2026-08-21 20:18:00+00:00,0.83,0.82,0.18
KXBTC15M-26AUG211630-30,2026-08-21 20:19:00+00:00,0.76,0.75,0.25
KXBTC15M-26AUG211630-30,2026-08-21 20:20:00+00:00,0.8,0.79,0.2099999999999999
KXBTC15M-26AUG211630-30,2026-08-21 20:21:00+00:00,0.76,0.75,0.25
KXBTC15M-26AUG211630-30,2026-08-21 20:22:00+00:00,0.89,0.88,0.12
KXBTC15M-26AUG211630-30,2026-08-21 20:23:00+00:00,0.9,0.89,0.1099999999999999
KXBTC15M-26AUG211630-30,2026-08-21 20:24:00+00:00,0.9,0.89,0.1099999999999999
KXBTC15M-26AUG211630-30,2026-08-21 20:25:00+00:00,0.982,0.981,0.019
KXBTC15M-26AUG211630-30,2026-08-21 20:26:00+00:00,0.967,0.966,0.034
KXBTC15M-26AUG211630-30,2026-08-21 20:27:00+00:00,0.989,0.988,0.012
KXBTC15M-26AUG211630-30,2026-08-21 20:28:00+00:00,0.997,0.996,0.004
KXBTC15M-26AUG211630-30,2026-08-21 20:29:00+00:00,1.0,0.999,0.001
KXBTC15M-26AUG211630-30,2026-08-21 20:30:00+00:00,1.0,0.999,0.001
KXBTC15M-26AUG211645-45,2026-08-21 20:31:00+00:00,0.62,0.61,0.39
KXBTC15M-26AUG211645-45,2026-08-21 20:32:00+00:00,0.64,0.63,0.37
KXBTC15M-26AUG211645-45,2026-08-21 20:33:00+00:00,0.64,0.63,0.37
KXBTC15M-26AUG211645-45,2026-08-21 20:34:00+00:00,0.63,0.62,0.38
KXBTC15M-26AUG211645-45,2026-08-21 20:35:00+00:00,0.65,0.64,0.36
KXBTC15M-26AUG211645-45,2026-08-21 20:36:00+00:00,0.61,0.6,0.4
KXBTC15M-26AUG211645-45,2026-08-21 20:37:00+00:00,0.73,0.72,0.28
KXBTC15M-26AUG211645-45,2026-08-21 20:38:00+00:00,0.55,0.54,0.4599999999999999
KXBTC15M-26AUG211645-45,2026-08-21 20:39:00+00:00,0.19,0.18,0.8200000000000001
KXBTC15M-26AUG211645-45,2026-08-21 20:40:00+00:00,0.24,0.23,0.77
KXBTC15M-26AUG211645-45,2026-08-21 20:41:00+00:00,0.51,0.5,0.5
KXBTC15M-26AUG211645-45,2026-08-21 20:42:00+00:00,0.59,0.58,0.42
KXBTC15M-26AUG211645-45,2026-08-21 20:43:00+00:00,0.86,0.85,0.15
KXBTC15M-26AUG211645-45,2026-08-21 20:44:00+00:00,0.967,0.962,0.038
KXBTC15M-26AUG211645-45,2026-08-21 20:45:00+00:00,1.0,0.999,0.001
KXBTC15M-26AUG211700-00,2026-08-21 20:46:00+00:00,0.4,0.39,0.61
KXBTC15M-26AUG211700-00,2026-08-21 20:47:00+00:00,0.26,0.25,0.75
KXBTC15M-26AUG211700-00,2026-08-21 20:48:00+00:00,0.24,0.23,0.77
KXBTC15M-26AUG211700-00,2026-08-21 20:49:00+00:00,0.3,0.29,0.71
KXBTC15M-26AUG211700-00,2026-08-21 20:50:00+00:00,0.32,0.31,0.69
KXBTC15M-26AUG211700-00,2026-08-21 20:51:00+00:00,0.4,0.39,0.61
KXBTC15M-26AUG211700-00,2026-08-21 20:52:00+00:00,0.62,0.61,0.39
KXBTC15M-26AUG211700-00,2026-08-21 20:53:00+00:00,0.5,0.49,0.51
KXBTC15M-26AUG211700-00,2026-08-21 20:54:00+00:00,0.64,0.63,0.37
KXBTC15M-26AUG211700-00,2026-08-21 20:55:00+00:00,0.53,0.52,0.48
KXBTC15M-26AUG211700-00,2026-08-21 20:56:00+00:00,0.63,0.62,0.38
KXBTC15M-26AUG211700-00,2026-08-21 20:57:00+00:00,0.59,0.58,0.42
KXBTC15M-26AUG211700-00,2026-08-21 20:58:00+00:00,0.56,0.55,0.4499999999999999
KXBTC15M-26AUG211700-00,2026-08-21 20:59:00+00:00,0.9,0.89,0.1099999999999999
KXBTC15M-26AUG211700-00,2026-08-21 21:00:00+00:00,1.0,0.999,0.001
KXBTC15M-26AUG211715-15,2026-08-21 21:01:00+00:00,0.39,0.38,0.62
KXBTC15M-26AUG211715-15,2026-08-21 21:02:00+00:00,0.49,0.48,0.52
KXBTC15M-26AUG211715-15,2026-08-21 21:03:00+00:00,0.4,0.39,0.61
KXBTC15M-26AUG211715-15,2026-08-21 21:04:00+00:00,0.39,0.38,0.62
KXBTC15M-26AUG211715-15,2026-08-21 21:05:00+00:00,0.42,0.41,0.5900000000000001
KXBTC15M-26AUG211715-15,2026-08-21 21:06:00+00:00,0.36,0.35,0.65
KXBTC15M-26AUG211715-15,2026-08-21 21:07:00+00:00,0.23,0.22,0.78
KXBTC15M-26AUG211715-15,2026-08-21 21:08:00+00:00,0.32,0.31,0.69
KXBTC15M-26AUG211715-15,2026-08-21 21:09:00+00:00,0.18,0.17,0.83
KXBTC15M-26AUG211715-15,2026-08-21 21:10:00+00:00,0.16,0.15,0.85
KXBTC15M-26AUG211715-15,2026-08-21 21:11:00+00:00,0.85,0.84,0.16
KXBTC15M-26AUG211715-15,2026-08-21 21:12:00+00:00,0.968,0.967,0.033
KXBTC15M-26AUG211715-15,2026-08-21 21:13:00+00:00,0.927,0.926,0.0739999999999999
KXBTC15M-26AUG211715-15,2026-08-21 21:14:00+00:00,1.0,0.999,0.001
KXBTC15M-26AUG211715-15,2026-08-21 21:15:00+00:00,1.0,0.999,0.001
KXBTC15M-26AUG211730-30,2026-08-21 21:16:00+00:00,0.37,0.36,0.64
KXBTC15M-26AUG211730-30,2026-08-21 21:17:00+00:00,0.36,0.35,0.65
KXBTC15M-26AUG211730-30,2026-08-21 21:18:00+00:00,0.31,0.3,0.7
KXBTC15M-26AUG211730-30,2026-08-21 21:19:00+00:00,0.33,0.31,0.69
KXBTC15M-26AUG211730-30,2026-08-21 21:20:00+00:00,0.44,0.43,0.5700000000000001
KXBTC15M-26AUG211730-30,2026-08-21 21:21:00+00:00,0.32,0.31,0.69
KXBTC15M-26AUG211730-30,2026-08-21 21:22:00+00:00,0.44,0.43,0.5700000000000001
KXBTC15M-26AUG211730-30,2026-08-21 21:23:00+00:00,0.6,0.59,0.41
KXBTC15M-26AUG211730-30,2026-08-21 21:24:00+00:00,0.85,0.84,0.16
KXBTC15M-26AUG211730-30,2026-08-21 21:25:00+00:00,0.968,0.966,0.034
KXBTC15M-26AUG211730-30,2026-08-21 21:26:00+00:00,0.951,0.949,0.051
KXBTC15M-26AUG211730-30,2026-08-21 21:27:00+00:00,0.992,0.991,0.009
KXBTC15M-26AUG211730-30,2026-08-21 21:28:00+00:00,1.0,0.999,0.001
KXBTC15M-26AUG211730-30,2026-08-21 21:29:00+00:00,1.0,0.999,0.001
KXBTC15M-26AUG211730-30,2026-08-21 21:30:00+00:00,1.0,0.999,0.001
KXBTC15M-26AUG211745-45,2026-08-21 21:31:00+00:00,0.6,0.59,0.41
KXBTC15M-26AUG211745-45,2026-08-21 21:32:00+00:00,0.62,0.61,0.39
KXBTC15M-26AUG211745-45,2026-08-21 21:33:00+00:00,0.79,0.78,0.2199999999999999
KXBTC15M-26AUG211745-45,2026-08-21 21:34:00+00:00,0.84,0.83,0.17
KXBTC15M-26AUG211745-45,2026-08-21 21:35:00+00:00,0.9,0.88,0.12
KXBTC15M-26AUG211745-45,2026-08-21 21:36:00+00:00,0.77,0.76,0.24
KXBTC15M-26AUG211745-45,2026-08-21 21:37:00+00:00,0.62,0.61,0.39
KXBTC15M-26AUG211745-45,2026-08-21 21:38:00+00:00,0.63,0.62,0.38
KXBTC15M-26AUG211745-45,2026-08-21 21:39:00+00:00,0.48,0.47,0.53
KXBTC15M-26AUG211745-45,2026-08-21 21:40:00+00:00,0.33,0.31,0.69
KXBTC15M-26AUG211745-45,2026-08-21 21:41:00+00:00,0.61,0.6,0.4
KXBTC15M-26AUG211745-45,2026-08-21 21:42:00+00:00,0.77,0.76,0.24
KXBTC15M-26AUG211745-45,2026-08-21 21:43:00+00:00,0.967,0.959,0.041
KXBTC15M-26AUG211745-45,2026-08-21 21:44:00+00:00,1.0,0.999,0.001
KXBTC15M-26AUG211745-45,2026-08-21 21:45:00+00:00,1.0,0.999,0.001
KXBTC15M-26AUG211800-00,2026-08-21 21:46:00+00:00,0.76,0.75,0.25
KXBTC15M-26AUG211800-00,2026-08-21 21:47:00+00:00,0.57,0.56,0.4399999999999999
KXBTC15M-26AUG211800-00,2026-08-21 21:48:00+00:00,0.55,0.54,0.4599999999999999
KXBTC15M-26AUG211800-00,2026-08-21 21:49:00+00:00,0.76,0.75,0.25
KXBTC15M-26AUG211800-00,2026-08-21 21:50:00+00:00,0.75,0.74,0.26
KXBTC15M-26AUG211800-00,2026-08-21 21:51:00+00:00,0.78,0.77,0.2299999999999999
KXBTC15M-26AUG211800-00,2026-08-21 21:52:00+00:00,0.72,0.71,0.29
KXBTC15M-26AUG211800-00,2026-08-21 21:53:00+00:00,0.926,0.925,0.0749999999999999
KXBTC15M-26AUG211800-00,2026-08-21 21:54:00+00:00,0.919,0.918,0.0819999999999999
KXBTC15M-26AUG211800-00,2026-08-21 21:55:00+00:00,0.988,0.987,0.013
KXBTC15M-26AUG211800-00,2026-08-21 21:56:00+00:00,0.984,0.983,0.017
KXBTC15M-26AUG211800-00,2026-08-21 21:57:00+00:00,0.96,0.957,0.043
KXBTC15M-26AUG211800-00,2026-08-21 21:58:00+00:00,0.994,0.993,0.007
KXBTC15M-26AUG211800-00,2026-08-21 21:59:00+00:00,1.0,0.999,0.001
KXBTC15M-26AUG211800-00,2026-08-21 22:00:00+00:00,1.0,0.999,0.001
KXBTC15M-26AUG211815-15,2026-08-21 22:01:00+00:00,0.45,0.44,0.56
KXBTC15M-26AUG211815-15,2026-08-21 22:02:00+00:00,0.17,0.16,0.84
KXBTC15M-26AUG211815-15,2026-08-21 22:03:00+00:00,0.33,0.32,0.6799999999999999
KXBTC15M-26AUG211815-15,2026-08-21 22:04:00+00:00,0.45,0.44,0.56
KXBTC15M-26AUG211815-15,2026-08-21 22:05:00+00:00,0.34,0.33,0.6699999999999999
KXBTC15M-26AUG211815-15,2026-08-21 22:06:00+00:00,0.57,0.56,0.4399999999999999
KXBTC15M-26AUG211815-15,2026-08-21 22:07:00+00:00,0.71,0.7,0.3
KXBTC15M-26AUG211815-15,2026-08-21 22:08:00+00:00,0.86,0.85,0.15
KXBTC15M-26AUG211815-15,2026-08-21 22:09:00+00:00,0.73,0.72,0.28
KXBTC15M-26AUG211815-15,2026-08-21 22:10:00+00:00,0.94,0.939,0.061
KXBTC15M-26AUG211815-15,2026-08-21 22:11:00+00:00,0.89,0.88,0.12
KXBTC15M-26AUG211815-15,2026-08-21 22:12:00+00:00,0.943,0.941,0.059
KXBTC15M-26AUG211815-15,2026-08-21 22:13:00+00:00,0.985,0.983,0.017
KXBTC15M-26AUG211815-15,2026-08-21 22:14:00+00:00,0.999,0.998,0.002
KXBTC15M-26AUG211815-15,2026-08-21 22:15:00+00:00,1.0,0.999,0.001
KXBTC15M-26AUG211830-30,2026-08-21 22:16:00+00:00,0.42,0.41,0.5900000000000001
KXBTC15M-26AUG211830-30,2026-08-21 22:17:00+00:00,0.4,0.39,0.61
KXBTC15M-26AUG211830-30,2026-08-21 22:18:00+00:00,0.32,0.31,0.69
KXBTC15M-26AUG211830-30,2026-08-21 22:19:00+00:00,0.39,0.38,0.62
KXBTC15M-26AUG211830-30,2026-08-21 22:20:00+00:00,0.37,0.36,0.64
KXBTC15M-26AUG211830-30,2026-08-21 22:21:00+00:00,0.2,0.19,0.81
KXBTC15M-26AUG211830-30,2026-08-21 22:22:00+00:00,0.18,0.17,0.83
KXBTC15M-26AUG211830-30,2026-08-21 22:23:00+00:00,0.43,0.42,0.5800000000000001
KXBTC15M-26AUG211830-30,2026-08-21 22:24:00+00:00,0.15,0.14,0.86
KXBTC15M-26AUG211830-30,2026-08-21 22:25:00+00:00,0.14,0.13,0.87
KXBTC15M-26AUG211830-30,2026-08-21 22:26:00+00:00,0.31,0.3,0.7
KXBTC15M-26AUG211830-30,2026-08-21 22:27:00+00:00,0.2,0.19,0.81
KXBTC15M-26AUG211830-30,2026-08-21 22:28:00+00:00,0.014,0.011,0.989
KXBTC15M-26AUG211830-30,2026-08-21 22:29:00+00:00,0.003,0.002,0.998
KXBTC15M-26AUG211830-30,2026-08-21 22:30:00+00:00,0.001,0.0,1.0
KXBTC15M-26AUG211845-45,2026-08-21 22:31:00+00:00,0.27,0.26,0.74
KXBTC15M-26AUG211845-45,2026-08-21 22:32:00+00:00,0.27,0.26,0.74
KXBTC15M-26AUG211845-45,2026-08-21 22:33:00+00:00,0.28,0.27,0.73
KXBTC15M-26AUG211845-45,2026-08-21 22:34:00+00:00,0.32,0.31,0.69
KXBTC15M-26AUG211845-45,2026-08-21 22:35:00+00:00,0.24,0.23,0.77
KXBTC15M-26AUG211845-45,2026-08-21 22:36:00+00:00,0.22,0.21,0.79
KXBTC15M-26AUG211845-45,2026-08-21 22:37:00+00:00,0.35,0.34,0.6599999999999999
KXBTC15M-26AUG211845-45,2026-08-21 22:38:00+00:00,0.35,0.34,0.6599999999999999
KXBTC15M-26AUG211845-45,2026-08-21 22:39:00+00:00,0.48,0.47,0.53
KXBTC15M-26AUG211845-45,2026-08-21 22:40:00+00:00,0.41,0.4,0.6
KXBTC15M-26AUG211845-45,2026-08-21 22:41:00+00:00,0.57,0.56,0.4399999999999999
KXBTC15M-26AUG211845-45,2026-08-21 22:42:00+00:00,0.56,0.55,0.4499999999999999
KXBTC15M-26AUG211845-45,2026-08-21 22:43:00+00:00,0.73,0.72,0.28
KXBTC15M-26AUG211845-45,2026-08-21 22:44:00+00:00,0.53,0.52,0.48
KXBTC15M-26AUG211845-45,2026-08-21 22:45:00+00:00,1.0,0.999,0.001
KXBTC15M-26AUG211900-00,2026-08-21 22:46:00+00:00,0.26,0.25,0.75
KXBTC15M-26AUG211900-00,2026-08-21 22:47:00+00:00,0.34,0.33,0.6699999999999999
KXBTC15M-26AUG211900-00,2026-08-21 22:48:00+00:00,0.33,0.32,0.6799999999999999
KXBTC15M-26AUG211900-00,2026-08-21 22:49:00+00:00,0.27,0.26,0.74
KXBTC15M-26AUG211900-00,2026-08-21 22:50:00+00:00,0.17,0.16,0.84
KXBTC15M-26AUG211900-00,2026-08-21 22:51:00+00:00,0.14,0.13,0.87
KXBTC15M-26AUG211900-00,2026-08-21 22:52:00+00:00,0.33,0.32,0.6799999999999999
KXBTC15M-26AUG211900-00,2026-08-21 22:53:00+00:00,0.49,0.48,0.52
KXBTC15M-26AUG211900-00,2026-08-21 22:54:00+00:00,0.58,0.57,0.43
KXBTC15M-26AUG211900-00,2026-08-21 22:55:00+00:00,0.61,0.6,0.4
KXBTC15M-26AUG211900-00,2026-08-21 22:56:00+00:00,0.62,0.61,0.39
KXBTC15M-26AUG211900-00,2026-08-21 22:57:00+00:00,0.66,0.65,0.35
KXBTC15M-26AUG211900-00,2026-08-21 22:58:00+00:00,0.3,0.28,0.72
KXBTC15M-26AUG211900-00,2026-08-21 22:59:00+00:00,0.042,0.04,0.96
KXBTC15M-26AUG211900-00,2026-08-21 23:00:00+00:00,0.001,0.0,1.0
KXBTC15M-26AUG211915-15,2026-08-21 23:01:00+00:00,0.34,0.33,0.6699999999999999
KXBTC15M-26AUG211915-15,2026-08-21 23:02:00+00:00,0.43,0.42,0.5800000000000001
KXBTC15M-26AUG211915-15,2026-08-21 23:03:00+00:00,0.4,0.39,0.61
KXBTC15M-26AUG211915-15,2026-08-21 23:04:00+00:00,0.38,0.37,0.63
KXBTC15M-26AUG211915-15,2026-08-21 23:05:00+00:00,0.35,0.34,0.6599999999999999
KXBTC15M-26AUG211915-15,2026-08-21 23:06:00+00:00,0.46,0.45,0.55
KXBTC15M-26AUG211915-15,2026-08-21 23:07:00+00:00,0.51,0.5,0.5
KXBTC15M-26AUG211915-15,2026-08-21 23:08:00+00:00,0.65,0.64,0.36
KXBTC15M-26AUG211915-15,2026-08-21 23:09:00+00:00,0.67,0.66,0.3399999999999999
KXBTC15M-26AUG211915-15,2026-08-21 23:10:00+00:00,0.71,0.7,0.3
KXBTC15M-26AUG211915-15,2026-08-21 23:11:00+00:00,0.66,0.65,0.35
KXBTC15M-26AUG211915-15,2026-08-21 23:12:00+00:00,0.912,0.911,0.0889999999999999
KXBTC15M-26AUG211915-15,2026-08-21 23:13:00+00:00,0.938,0.937,0.0629999999999999
KXBTC15M-26AUG211915-15,2026-08-21 23:14:00+00:00,0.85,0.84,0.16
KXBTC15M-26AUG211915-15,2026-08-21 23:15:00+00:00,1.0,0.999,0.001
KXBTC15M-26AUG211930-30,2026-08-21 23:16:00+00:00,0.67,0.66,0.3399999999999999
KXBTC15M-26AUG211930-30,2026-08-21 23:17:00+00:00,0.7,0.69,0.31
KXBTC15M-26AUG211930-30,2026-08-21 23:18:00+00:00,0.76,0.75,0.25
KXBTC15M-26AUG211930-30,2026-08-21 23:19:00+00:00,0.79,0.78,0.2199999999999999
KXBTC15M-26AUG211930-30,2026-08-21 23:20:00+00:00,0.76,0.75,0.25
KXBTC15M-26AUG211930-30,2026-08-21 23:21:00+00:00,0.79,0.78,0.2199999999999999
KXBTC15M-26AUG211930-30,2026-08-21 23:22:00+00:00,0.79,0.78,0.2199999999999999
KXBTC15M-26AUG211930-30,2026-08-21 23:23:00+00:00,0.88,0.87,0.13
KXBTC15M-26AUG211930-30,2026-08-21 23:24:00+00:00,0.88,0.87,0.13
KXBTC15M-26AUG211930-30,2026-08-21 23:25:00+00:00,0.946,0.945,0.055
KXBTC15M-26AUG211930-30,2026-08-21 23:26:00+00:00,0.901,0.9,0.0999999999999999
KXBTC15M-26AUG211930-30,2026-08-21 23:27:00+00:00,0.86,0.85,0.15
KXBTC15M-26AUG211930-30,2026-08-21 23:28:00+00:00,0.15,0.14,0.86
KXBTC15M-26AUG211930-30,2026-08-21 23:29:00+00:00,0.01,0.009,0.991
KXBTC15M-26AUG211930-30,2026-08-21 23:30:00+00:00,0.001,0.0,1.0
KXBTC15M-26AUG211945-45,2026-08-21 23:31:00+00:00,0.56,0.55,0.4499999999999999
KXBTC15M-26AUG211945-45,2026-08-21 23:32:00+00:00,0.63,0.62,0.38
KXBTC15M-26AUG211945-45,2026-08-21 23:33:00+00:00,0.59,0.58,0.42
KXBTC15M-26AUG211945-45,2026-08-21 23:34:00+00:00,0.54,0.53,0.47
KXBTC15M-26AUG211945-45,2026-08-21 23:35:00+00:00,0.49,0.48,0.52
KXBTC15M-26AUG211945-45,2026-08-21 23:36:00+00:00,0.45,0.44,0.56
KXBTC15M-26AUG211945-45,2026-08-21 23:37:00+00:00,0.33,0.32,0.6799999999999999
KXBTC15M-26AUG211945-45,2026-08-21 23:38:00+00:00,0.23,0.22,0.78
KXBTC15M-26AUG211945-45,2026-08-21 23:39:00+00:00,0.16,0.15,0.85
KXBTC15M-26AUG211945-45,2026-08-21 23:40:00+00:00,0.072,0.071,0.929
KXBTC15M-26AUG211945-45,2026-08-21 23:41:00+00:00,0.056,0.055,0.945
KXBTC15M-26AUG211945-45,2026-08-21 23:42:00+00:00,0.011,0.01,0.99
KXBTC15M-26AUG211945-45,2026-08-21 23:43:00+00:00,0.002,0.001,0.999
KXBTC15M-26AUG211945-45,2026-08-21 23:44:00+00:00,0.009,0.008,0.992
KXBTC15M-26AUG211945-45,2026-08-21 23:45:00+00:00,0.001,0.0,1.0
KXBTC15M-26AUG212000-00,2026-08-21 23:46:00+00:00,0.49,0.48,0.52
KXBTC15M-26AUG212000-00,2026-08-21 23:47:00+00:00,0.44,0.43,0.5700000000000001
KXBTC15M-26AUG212000-00,2026-08-21 23:48:00+00:00,0.31,0.3,0.7
KXBTC15M-26AUG212000-00,2026-08-21 23:49:00+00:00,0.32,0.31,0.69
KXBTC15M-26AUG212000-00,2026-08-21 23:50:00+00:00,0.31,0.3,0.7
KXBTC15M-26AUG212000-00,2026-08-21 23:51:00+00:00,0.16,0.15,0.85
KXBTC15M-26AUG212000-00,2026-08-21 23:52:00+00:00,0.23,0.22,0.78
KXBTC15M-26AUG212000-00,2026-08-21 23:53:00+00:00,0.3,0.29,0.71
KXBTC15M-26AUG212000-00,2026-08-21 23:54:00+00:00,0.4,0.39,0.61
KXBTC15M-26AUG212000-00,2026-08-21 23:55:00+00:00,0.36,0.35,0.65
KXBTC15M-26AUG212000-00,2026-08-21 23:56:00+00:00,0.18,0.17,0.83
KXBTC15M-26AUG212000-00,2026-08-21 23:57:00+00:00,0.15,0.14,0.86
KXBTC15M-26AUG212000-00,2026-08-21 23:58:00+00:00,0.31,0.3,0.7
KXBTC15M-26AUG212000-00,2026-08-21 23:59:00+00:00,0.56,0.54,0.4599999999999999
KXBTC15M-26AUG212000-00,2026-08-22 00:00:00+00:00,0.001,0.0,1.0
KXBTC15M-26AUG212015-15,2026-08-22 00:01:00+00:00,0.43,0.42,0.5800000000000001
KXBTC15M-26AUG212015-15,2026-08-22 00:02:00+00:00,0.74,0.73,0.27
KXBTC15M-26AUG212015-15,2026-08-22 00:03:00+00:00,0.73,0.72,0.28
KXBTC15M-26AUG212015-15,2026-08-22 00:04:00+00:00,0.27,0.26,0.74
KXBTC15M-26AUG212015-15,2026-08-22 00:05:00+00:00,0.24,0.23,0.77
KXBTC15M-26AUG212015-15,2026-08-22 00:06:00+00:00,0.11,0.1,0.9
KXBTC15M-26AUG212015-15,2026-08-22 00:07:00+00:00,0.061,0.06,0.94
KXBTC15M-26AUG212015-15,2026-08-22 00:08:00+00:00,0.029,0.028,0.972
KXBTC15M-26AUG212015-15,2026-08-22 00:09:00+00:00,0.028,0.025,0.975
KXBTC15M-26AUG212015-15,2026-08-22 00:10:00+00:00,0.018,0.017,0.983
KXBTC15M-26AUG212015-15,2026-08-22 00:11:00+00:00,0.03,0.029,0.971
KXBTC15M-26AUG212015-15,2026-08-22 00:12:00+00:00,0.011,0.01,0.99
KXBTC15M-26AUG212015-15,2026-08-22 00:13:00+00:00,0.003,0.002,0.998
KXBTC15M-26AUG212015-15,2026-08-22 00:14:00+00:00,0.001,0.0,1.0
KXBTC15M-26AUG212015-15,2026-08-22 00:15:00+00:00,0.001,0.0,1.0
KXBTC15M-26AUG212030-30,2026-08-22 00:16:00+00:00,0.67,0.66,0.3399999999999999
KXBTC15M-26AUG212030-30,2026-08-22 00:17:00+00:00,0.76,0.75,0.25
KXBTC15M-26AUG212030-30,2026-08-22 00:18:00+00:00,0.65,0.64,0.36
KXBTC15M-26AUG212030-30,2026-08-22 00:19:00+00:00,0.73,0.72,0.28
KXBTC15M-26AUG212030-30,2026-08-22 00:20:00+00:00,0.81,0.8,0.1999999999999999
KXBTC15M-26AUG212030-30,2026-08-22 00:21:00+00:00,0.83,0.82,0.18
KXBTC15M-26AUG212030-30,2026-08-22 00:22:00+00:00,0.86,0.85,0.15
KXBTC15M-26AUG212030-30,2026-08-22 00:23:00+00:00,0.88,0.87,0.13
KXBTC15M-26AUG212030-30,2026-08-22 00:24:00+00:00,0.914,0.913,0.0869999999999999
KXBTC15M-26AUG212030-30,2026-08-22 00:25:00+00:00,0.945,0.944,0.056
KXBTC15M-26AUG212030-30,2026-08-22 00:26:00+00:00,0.969,0.968,0.032
KXBTC15M-26AUG212030-30,2026-08-22 00:27:00+00:00,0.74,0.73,0.27
KXBTC15M-26AUG212030-30,2026-08-22 00:28:00+00:00,0.989,0.988,0.012
KXBTC15M-26AUG212030-30,2026-08-22 00:29:00+00:00,1.0,0.999,0.001
KXBTC15M-26AUG212030-30,2026-08-22 00:30:00+00:00,1.0,0.999,0.001
KXBTC15M-26AUG212045-45,2026-08-22 00:31:00+00:00,0.54,0.53,0.47
KXBTC15M-26AUG212045-45,2026-08-22 00:32:00+00:00,0.66,0.65,0.35
KXBTC15M-26AUG212045-45,2026-08-22 00:33:00+00:00,0.4,0.39,0.61
KXBTC15M-26AUG212045-45,2026-08-22 00:34:00+00:00,0.58,0.57,0.43
KXBTC15M-26AUG212045-45,2026-08-22 00:35:00+00:00,0.38,0.37,0.63
KXBTC15M-26AUG212045-45,2026-08-22 00:36:00+00:00,0.45,0.44,0.56
KXBTC15M-26AUG212045-45,2026-08-22 00:37:00+00:00,0.5,0.49,0.51
KXBTC15M-26AUG212045-45,2026-08-22 00:38:00+00:00,0.41,0.4,0.6
KXBTC15M-26AUG212045-45,2026-08-22 00:39:00+00:00,0.5,0.49,0.51
KXBTC15M-26AUG212045-45,2026-08-22 00:40:00+00:00,0.31,0.3,0.7
KXBTC15M-26AUG212045-45,2026-08-22 00:41:00+00:00,0.21,0.2,0.8
KXBTC15M-26AUG212045-45,2026-08-22 00:42:00+00:00,0.019,0.018,0.982
KXBTC15M-26AUG212045-45,2026-08-22 00:43:00+00:00,0.009,0.008,0.992
KXBTC15M-26AUG212045-45,2026-08-22 00:44:00+00:00,0.001,0.0,1.0
KXBTC15M-26AUG212045-45,2026-08-22 00:45:00+00:00,0.001,0.0,1.0
KXBTC15M-26AUG212100-00,2026-08-22 00:46:00+00:00,0.36,0.35,0.65
KXBTC15M-26AUG212100-00,2026-08-22 00:47:00+00:00,0.5,0.49,0.51
KXBTC15M-26AUG212100-00,2026-08-22 00:48:00+00:00,0.55,0.54,0.4599999999999999
KXBTC15M-26AUG212100-00,2026-08-22 00:49:00+00:00,0.31,0.3,0.7
KXBTC15M-26AUG212100-00,2026-08-22 00:50:00+00:00,0.49,0.48,0.52
KXBTC15M-26AUG212100-00,2026-08-22 00:51:00+00:00,0.47,0.46,0.54
KXBTC15M-26AUG212100-00,2026-08-22 00:52:00+00:00,0.33,0.32,0.6799999999999999
KXBTC15M-26AUG212100-00,2026-08-22 00:53:00+00:00,0.51,0.5,0.5
KXBTC15M-26AUG212100-00,2026-08-22 00:54:00+00:00,0.6,0.59,0.41
KXBTC15M-26AUG212100-00,2026-08-22 00:55:00+00:00,0.58,0.57,0.43
KXBTC15M-26AUG212100-00,2026-08-22 00:56:00+00:00,0.89,0.88,0.12
KXBTC15M-26AUG212100-00,2026-08-22 00:57:00+00:00,0.961,0.96,0.04
KXBTC15M-26AUG212100-00,2026-08-22 00:58:00+00:00,0.992,0.991,0.009
KXBTC15M-26AUG212100-00,2026-08-22 00:59:00+00:00,0.992,0.991,0.009
KXBTC15M-26AUG212100-00,2026-08-22 01:00:00+00:00,1.0,0.999,0.001
KXBTC15M-26AUG212115-15,2026-08-22 01:01:00+00:00,0.53,0.52,0.48
KXBTC15M-26AUG212115-15,2026-08-22 01:02:00+00:00,0.65,0.64,0.36
KXBTC15M-26AUG212115-15,2026-08-22 01:03:00+00:00,0.61,0.6,0.4
KXBTC15M-26AUG212115-15,2026-08-22 01:04:00+00:00,0.7,0.69,0.31
KXBTC15M-26AUG212115-15,2026-08-22 01:05:00+00:00,0.82,0.81,0.1899999999999999
KXBTC15M-26AUG212115-15,2026-08-22 01:06:00+00:00,0.9,0.89,0.1099999999999999
KXBTC15M-26AUG212115-15,2026-08-22 01:07:00+00:00,0.83,0.82,0.18
KXBTC15M-26AUG212115-15,2026-08-22 01:08:00+00:00,0.911,0.91,0.0899999999999999
KXBTC15M-26AUG212115-15,2026-08-22 01:09:00+00:00,0.932,0.931,0.0689999999999999
KXBTC15M-26AUG212115-15,2026-08-22 01:10:00+00:00,0.93,0.929,0.0709999999999999
KXBTC15M-26AUG212115-15,2026-08-22 01:11:00+00:00,0.986,0.985,0.015
KXBTC15M-26AUG212115-15,2026-08-22 01:12:00+00:00,0.983,0.982,0.018
KXBTC15M-26AUG212115-15,2026-08-22 01:13:00+00:00,0.987,0.986,0.014
KXBTC15M-26AUG212115-15,2026-08-22 01:14:00+00:00,1.0,0.999,0.001
KXBTC15M-26AUG212115-15,2026-08-22 01:15:00+00:00,1.0,0.999,0.001
KXBTC15M-26AUG212130-30,2026-08-22 01:16:00+00:00,0.58,0.57,0.43
KXBTC15M-26AUG212130-30,2026-08-22 01:17:00+00:00,0.56,0.55,0.4499999999999999
KXBTC15M-26AUG212130-30,2026-08-22 01:18:00+00:00,0.37,0.36,0.64
KXBTC15M-26AUG212130-30,2026-08-22 01:19:00+00:00,0.3,0.29,0.71
KXBTC15M-26AUG212130-30,2026-08-22 01:20:00+00:00,0.26,0.25,0.75
KXBTC15M-26AUG212130-30,2026-08-22 01:21:00+00:00,0.17,0.16,0.84
KXBTC15M-26AUG212130-30,2026-08-22 01:22:00+00:00,0.14,0.13,0.87
KXBTC15M-26AUG212130-30,2026-08-22 01:23:00+00:00,0.088,0.087,0.913
KXBTC15M-26AUG212130-30,2026-08-22 01:24:00+00:00,0.055,0.054,0.946
KXBTC15M-26AUG212130-30,2026-08-22 01:25:00+00:00,0.1,0.099,0.901
KXBTC15M-26AUG212130-30,2026-08-22 01:26:00+00:00,0.14,0.13,0.87
KXBTC15M-26AUG212130-30,2026-08-22 01:27:00+00:00,0.086,0.085,0.915
KXBTC15M-26AUG212130-30,2026-08-22 01:28:00+00:00,0.042,0.041,0.959
KXBTC15M-26AUG212130-30,2026-08-22 01:29:00+00:00,0.001,0.0,1.0
KXBTC15M-26AUG212130-30,2026-08-22 01:30:00+00:00,0.001,0.0,1.0
KXBTC15M-26AUG212145-45,2026-08-22 01:31:00+00:00,0.6,0.59,0.41
KXBTC15M-26AUG212145-45,2026-08-22 01:32:00+00:00,0.61,0.6,0.4
KXBTC15M-26AUG212145-45,2026-08-22 01:33:00+00:00,0.84,0.83,0.17
KXBTC15M-26AUG212145-45,2026-08-22 01:34:00+00:00,0.88,0.87,0.13
KXBTC15M-26AUG212145-45,2026-08-22 01:35:00+00:00,0.8,0.79,0.2099999999999999
KXBTC15M-26AUG212145-45,2026-08-22 01:36:00+00:00,0.82,0.81,0.1899999999999999
KXBTC15M-26AUG212145-45,2026-08-22 01:37:00+00:00,0.87,0.86,0.14
KXBTC15M-26AUG212145-45,2026-08-22 01:38:00+00:00,0.71,0.7,0.3
KXBTC15M-26AUG212145-45,2026-08-22 01:39:00+00:00,0.67,0.66,0.3399999999999999
KXBTC15M-26AUG212145-45,2026-08-22 01:40:00+00:00,0.54,0.53,0.47
KXBTC15M-26AUG212145-45,2026-08-22 01:41:00+00:00,0.73,0.72,0.28
KXBTC15M-26AUG212145-45,2026-08-22 01:42:00+00:00,0.41,0.4,0.6
KXBTC15M-26AUG212145-45,2026-08-22 01:43:00+00:00,0.5,0.49,0.51
KXBTC15M-26AUG212145-45,2026-08-22 01:44:00+00:00,0.012,0.011,0.989
KXBTC15M-26AUG212145-45,2026-08-22 01:45:00+00:00,0.001,0.0,1.0
KXBTC15M-26AUG212200-00,2026-08-22 01:46:00+00:00,0.59,0.58,0.42
KXBTC15M-26AUG212200-00,2026-08-22 01:47:00+00:00,0.59,0.58,0.42
KXBTC15M-26AUG212200-00,2026-08-22 01:48:00+00:00,0.56,0.55,0.4499999999999999
KXBTC15M-26AUG212200-00,2026-08-22 01:49:00+00:00,0.35,0.34,0.6599999999999999
KXBTC15M-26AUG212200-00,2026-08-22 01:50:00+00:00,0.3,0.29,0.71
KXBTC15M-26AUG212200-00,2026-08-22 01:51:00+00:00,0.36,0.35,0.65
KXBTC15M-26AUG212200-00,2026-08-22 01:52:00+00:00,0.35,0.34,0.6599999999999999
KXBTC15M-26AUG212200-00,2026-08-22 01:53:00+00:00,0.23,0.22,0.78
KXBTC15M-26AUG212200-00,2026-08-22 01:54:00+00:00,0.3,0.29,0.71
KXBTC15M-26AUG212200-00,2026-08-22 01:55:00+00:00,0.32,0.31,0.69
KXBTC15M-26AUG212200-00,2026-08-22 01:56:00+00:00,0.56,0.55,0.4499999999999999
KXBTC15M-26AUG212200-00,2026-08-22 01:57:00+00:00,0.82,0.81,0.1899999999999999
KXBTC15M-26AUG212200-00,2026-08-22 01:58:00+00:00,0.9,0.89,0.1099999999999999
KXBTC15M-26AUG212200-00,2026-08-22 01:59:00+00:00,0.991,0.989,0.011
KXBTC15M-26AUG212200-00,2026-08-22 02:00:00+00:00,1.0,0.999,0.001
KXBTC15M-26AUG212215-15,2026-08-22 02:01:00+00:00,0.45,0.44,0.56
KXBTC15M-26AUG212215-15,2026-08-22 02:02:00+00:00,0.42,0.41,0.5900000000000001
KXBTC15M-26AUG212215-15,2026-08-22 02:03:00+00:00,0.42,0.41,0.5900000000000001
KXBTC15M-26AUG212215-15,2026-08-22 02:04:00+00:00,0.57,0.56,0.4399999999999999
KXBTC15M-26AUG212215-15,2026-08-22 02:05:00+00:00,0.54,0.53,0.47
KXBTC15M-26AUG212215-15,2026-08-22 02:06:00+00:00,0.7,0.69,0.31
KXBTC15M-26AUG212215-15,2026-08-22 02:07:00+00:00,0.53,0.52,0.48
KXBTC15M-26AUG212215-15,2026-08-22 02:08:00+00:00,0.68,0.67,0.3299999999999999
KXBTC15M-26AUG212215-15,2026-08-22 02:09:00+00:00,0.74,0.73,0.27
KXBTC15M-26AUG212215-15,2026-08-22 02:10:00+00:00,0.8,0.79,0.2099999999999999
KXBTC15M-26AUG212215-15,2026-08-22 02:11:00+00:00,0.89,0.88,0.12
KXBTC15M-26AUG212215-15,2026-08-22 02:12:00+00:00,0.976,0.975,0.025
KXBTC15M-26AUG212215-15,2026-08-22 02:13:00+00:00,0.989,0.988,0.012
KXBTC15M-26AUG212215-15,2026-08-22 02:14:00+00:00,1.0,0.999,0.001
KXBTC15M-26AUG212215-15,2026-08-22 02:15:00+00:00,1.0,0.999,0.001
KXBTC15M-26AUG212230-30,2026-08-22 02:16:00+00:00,0.68,0.67,0.3299999999999999
KXBTC15M-26AUG212230-30,2026-08-22 02:17:00+00:00,0.71,0.7,0.3
KXBTC15M-26AUG212230-30,2026-08-22 02:18:00+00:00,0.78,0.77,0.2299999999999999
KXBTC15M-26AUG212230-30,2026-08-22 02:19:00+00:00,0.72,0.71,0.29
KXBTC15M-26AUG212230-30,2026-08-22 02:20:00+00:00,0.63,0.62,0.38
KXBTC15M-26AUG212230-30,2026-08-22 02:21:00+00:00,0.77,0.76,0.24
KXBTC15M-26AUG212230-30,2026-08-22 02:22:00+00:00,0.77,0.76,0.24
KXBTC15M-26AUG212230-30,2026-08-22 02:23:00+00:00,0.86,0.85,0.15
KXBTC15M-26AUG212230-30,2026-08-22 02:24:00+00:00,0.84,0.83,0.17
KXBTC15M-26AUG212230-30,2026-08-22 02:25:00+00:00,0.905,0.904,0.0959999999999999
KXBTC15M-26AUG212230-30,2026-08-22 02:26:00+00:00,0.975,0.974,0.026
KXBTC15M-26AUG212230-30,2026-08-22 02:27:00+00:00,0.994,0.993,0.007
KXBTC15M-26AUG212230-30,2026-08-22 02:28:00+00:00,0.999,0.998,0.002
KXBTC15M-26AUG212230-30,2026-08-22 02:29:00+00:00,1.0,0.999,0.001
KXBTC15M-26AUG212230-30,2026-08-22 02:30:00+00:00,1.0,0.999,0.001
KXBTC15M-26AUG212245-45,2026-08-22 02:31:00+00:00,0.55,0.54,0.4599999999999999
KXBTC15M-26AUG212245-45,2026-08-22 02:32:00+00:00,0.61,0.6,0.4
KXBTC15M-26AUG212245-45,2026-08-22 02:33:00+00:00,0.38,0.37,0.63
KXBTC15M-26AUG212245-45,2026-08-22 02:34:00+00:00,0.24,0.23,0.77
KXBTC15M-26AUG212245-45,2026-08-22 02:35:00+00:00,0.2,0.19,0.81
KXBTC15M-26AUG212245-45,2026-08-22 02:36:00+00:00,0.2,0.19,0.81
KXBTC15M-26AUG212245-45,2026-08-22 02:37:00+00:00,0.21,0.2,0.8
KXBTC15M-26AUG212245-45,2026-08-22 02:38:00+00:00,0.2,0.19,0.81
KXBTC15M-26AUG212245-45,2026-08-22 02:39:00+00:00,0.29,0.28,0.72
KXBTC15M-26AUG212245-45,2026-08-22 02:40:00+00:00,0.4,0.39,0.61
KXBTC15M-26AUG212245-45,2026-08-22 02:41:00+00:00,0.42,0.41,0.5900000000000001
KXBTC15M-26AUG212245-45,2026-08-22 02:42:00+00:00,0.38,0.37,0.63
KXBTC15M-26AUG212245-45,2026-08-22 02:43:00+00:00,0.17,0.16,0.84
KXBTC15M-26AUG212245-45,2026-08-22 02:44:00+00:00,0.67,0.66,0.3399999999999999
KXBTC15M-26AUG212245-45,2026-08-22 02:45:00+00:00,1.0,0.999,0.001
KXBTC15M-26AUG212300-00,2026-08-22 02:46:00+00:00,0.43,0.42,0.5800000000000001
KXBTC15M-26AUG212300-00,2026-08-22 02:47:00+00:00,0.33,0.32,0.6799999999999999
KXBTC15M-26AUG212300-00,2026-08-22 02:48:00+00:00,0.24,0.23,0.77
KXBTC15M-26AUG212300-00,2026-08-22 02:49:00+00:00,0.23,0.22,0.78
KXBTC15M-26AUG212300-00,2026-08-22 02:50:00+00:00,0.27,0.26,0.74
KXBTC15M-26AUG212300-00,2026-08-22 02:51:00+00:00,0.37,0.35,0.65
KXBTC15M-26AUG212300-00,2026-08-22 02:52:00+00:00,0.36,0.35,0.65
KXBTC15M-26AUG212300-00,2026-08-22 02:53:00+00:00,0.38,0.37,0.63
KXBTC15M-26AUG212300-00,2026-08-22 02:54:00+00:00,0.51,0.5,0.5
KXBTC15M-26AUG212300-00,2026-08-22 02:55:00+00:00,0.31,0.3,0.7
KXBTC15M-26AUG212300-00,2026-08-22 02:56:00+00:00,0.39,0.38,0.62
KXBTC15M-26AUG212300-00,2026-08-22 02:57:00+00:00,0.66,0.65,0.35
KXBTC15M-26AUG212300-00,2026-08-22 02:58:00+00:00,0.67,0.66,0.3399999999999999
KXBTC15M-26AUG212300-00,2026-08-22 02:59:00+00:00,0.11,0.1,0.9
KXBTC15M-26AUG212300-00,2026-08-22 03:00:00+00:00,0.001,0.0,1.0
KXBTC15M-26AUG212315-15,2026-08-22 03:01:00+00:00,0.49,0.48,0.52
KXBTC15M-26AUG212315-15,2026-08-22 03:02:00+00:00,0.64,0.63,0.37
KXBTC15M-26AUG212315-15,2026-08-22 03:03:00+00:00,0.67,0.66,0.3399999999999999
KXBTC15M-26AUG212315-15,2026-08-22 03:04:00+00:00,0.72,0.71,0.29
KXBTC15M-26AUG212315-15,2026-08-22 03:05:00+00:00,0.73,0.72,0.28
KXBTC15M-26AUG212315-15,2026-08-22 03:06:00+00:00,0.75,0.74,0.26
KXBTC15M-26AUG212315-15,2026-08-22 03:07:00+00:00,0.84,0.83,0.17
KXBTC15M-26AUG212315-15,2026-08-22 03:08:00+00:00,0.83,0.82,0.18
KXBTC15M-26AUG212315-15,2026-08-22 03:09:00+00:00,0.83,0.82,0.18
KXBTC15M-26AUG212315-15,2026-08-22 03:10:00+00:00,0.84,0.83,0.17
KXBTC15M-26AUG212315-15,2026-08-22 03:11:00+00:00,0.71,0.7,0.3
KXBTC15M-26AUG212315-15,2026-08-22 03:12:00+00:00,0.54,0.53,0.47
KXBTC15M-26AUG212315-15,2026-08-22 03:13:00+00:00,0.3,0.29,0.71
KXBTC15M-26AUG212315-15,2026-08-22 03:14:00+00:00,0.12,0.11,0.89
KXBTC15M-26AUG212315-15,2026-08-22 03:15:00+00:00,0.001,0.0,1.0
KXBTC15M-26AUG212330-30,2026-08-22 03:16:00+00:00,0.57,0.56,0.4399999999999999
KXBTC15M-26AUG212330-30,2026-08-22 03:17:00+00:00,0.65,0.64,0.36
KXBTC15M-26AUG212330-30,2026-08-22 03:18:00+00:00,0.74,0.73,0.27
KXBTC15M-26AUG212330-30,2026-08-22 03:19:00+00:00,0.77,0.76,0.24
KXBTC15M-26AUG212330-30,2026-08-22 03:20:00+00:00,0.83,0.82,0.18
KXBTC15M-26AUG212330-30,2026-08-22 03:21:00+00:00,0.69,0.68,0.3199999999999999
KXBTC15M-26AUG212330-30,2026-08-22 03:22:00+00:00,0.84,0.83,0.17
KXBTC15M-26AUG212330-30,2026-08-22 03:23:00+00:00,0.87,0.86,0.14
KXBTC15M-26AUG212330-30,2026-08-22 03:24:00+00:00,0.87,0.86,0.14
KXBTC15M-26AUG212330-30,2026-08-22 03:25:00+00:00,0.89,0.88,0.12
KXBTC15M-26AUG212330-30,2026-08-22 03:26:00+00:00,0.975,0.974,0.026
KXBTC15M-26AUG212330-30,2026-08-22 03:27:00+00:00,0.988,0.987,0.013
KXBTC15M-26AUG212330-30,2026-08-22 03:28:00+00:00,0.996,0.995,0.005
KXBTC15M-26AUG212330-30,2026-08-22 03:29:00+00:00,1.0,0.999,0.001
KXBTC15M-26AUG212330-30,2026-08-22 03:30:00+00:00,1.0,0.999,0.001
KXBTC15M-26AUG212345-45,2026-08-22 03:31:00+00:00,0.54,0.53,0.47
KXBTC15M-26AUG212345-45,2026-08-22 03:32:00+00:00,0.54,0.53,0.47
KXBTC15M-26AUG212345-45,2026-08-22 03:33:00+00:00,0.38,0.37,0.63
KXBTC15M-26AUG212345-45,2026-08-22 03:34:00+00:00,0.35,0.34,0.6599999999999999
KXBTC15M-26AUG212345-45,2026-08-22 03:35:00+00:00,0.33,0.32,0.6799999999999999
KXBTC15M-26AUG212345-45,2026-08-22 03:36:00+00:00,0.48,0.47,0.53
KXBTC15M-26AUG212345-45,2026-08-22 03:37:00+00:00,0.43,0.42,0.5800000000000001
KXBTC15M-26AUG212345-45,2026-08-22 03:38:00+00:00,0.44,0.43,0.5700000000000001
KXBTC15M-26AUG212345-45,2026-08-22 03:39:00+00:00,0.34,0.33,0.6699999999999999
KXBTC15M-26AUG212345-45,2026-08-22 03:40:00+00:00,0.26,0.25,0.75
KXBTC15M-26AUG212345-45,2026-08-22 03:41:00+00:00,0.14,0.13,0.87
KXBTC15M-26AUG212345-45,2026-08-22 03:42:00+00:00,0.028,0.025,0.975
KXBTC15M-26AUG212345-45,2026-08-22 03:43:00+00:00,0.052,0.051,0.949
KXBTC15M-26AUG212345-45,2026-08-22 03:44:00+00:00,0.001,0.0,1.0
KXBTC15M-26AUG212345-45,2026-08-22 03:45:00+00:00,0.001,0.0,1.0
KXBTC15M-26AUG220000-00,2026-08-22 03:46:00+00:00,0.47,0.46,0.54
KXBTC15M-26AUG220000-00,2026-08-22 03:47:00+00:00,0.48,0.47,0.53
KXBTC15M-26AUG220000-00,2026-08-22 03:48:00+00:00,0.5,0.49,0.51
KXBTC15M-26AUG220000-00,2026-08-22 03:49:00+00:00,0.46,0.45,0.55
KXBTC15M-26AUG220000-00,2026-08-22 03:50:00+00:00,0.37,0.36,0.64
KXBTC15M-26AUG220000-00,2026-08-22 03:51:00+00:00,0.6,0.59,0.41
KXBTC15M-26AUG220000-00,2026-08-22 03:52:00+00:00,0.7,0.69,0.31
KXBTC15M-26AUG220000-00,2026-08-22 03:53:00+00:00,0.39,0.38,0.62
KXBTC15M-26AUG220000-00,2026-08-22 03:54:00+00:00,0.54,0.53,0.47
KXBTC15M-26AUG220000-00,2026-08-22 03:55:00+00:00,0.23,0.22,0.78
KXBTC15M-26AUG220000-00,2026-08-22 03:56:00+00:00,0.096,0.091,0.909
KXBTC15M-26AUG220000-00,2026-08-22 03:57:00+00:00,0.024,0.023,0.977
KXBTC15M-26AUG220000-00,2026-08-22 03:58:00+00:00,0.018,0.017,0.983
KXBTC15M-26AUG220000-00,2026-08-22 03:59:00+00:00,0.001,0.0,1.0
KXBTC15M-26AUG220000-00,2026-08-22 04:00:00+00:00,0.001,0.0,1.0
KXBTC15M-26AUG220015-15,2026-08-22 04:01:00+00:00,0.64,0.63,0.37
KXBTC15M-26AUG220015-15,2026-08-22 04:02:00+00:00,0.46,0.45,0.55
KXBTC15M-26AUG220015-15,2026-08-22 04:03:00+00:00,0.32,0.31,0.69
KXBTC15M-26AUG220015-15,2026-08-22 04:04:00+00:00,0.35,0.34,0.6599999999999999
KXBTC15M-26AUG220015-15,2026-08-22 04:05:00+00:00,0.47,0.46,0.54
KXBTC15M-26AUG220015-15,2026-08-22 04:06:00+00:00,0.49,0.48,0.52
KXBTC15M-26AUG220015-15,2026-08-22 04:07:00+00:00,0.29,0.28,0.72
KXBTC15M-26AUG220015-15,2026-08-22 04:08:00+00:00,0.23,0.22,0.78
KXBTC15M-26AUG220015-15,2026-08-22 04:09:00+00:00,0.28,0.27,0.73
KXBTC15M-26AUG220015-15,2026-08-22 04:10:00+00:00,0.27,0.26,0.74
KXBTC15M-26AUG220015-15,2026-08-22 04:11:00+00:00,0.36,0.35,0.65
KXBTC15M-26AUG220015-15,2026-08-22 04:12:00+00:00,0.4,0.39,0.61
KXBTC15M-26AUG220015-15,2026-08-22 04:13:00+00:00,0.31,0.3,0.7
KXBTC15M-26AUG220015-15,2026-08-22 04:14:00+00:00,0.071,0.066,0.934
KXBTC15M-26AUG220015-15,2026-08-22 04:15:00+00:00,0.001,0.0,1.0
KXBTC15M-26AUG220030-30,2026-08-22 04:16:00+00:00,0.44,0.43,0.5700000000000001
KXBTC15M-26AUG220030-30,2026-08-22 04:17:00+00:00,0.41,0.4,0.6
KXBTC15M-26AUG220030-30,2026-08-22 04:18:00+00:00,0.33,0.32,0.6799999999999999
KXBTC15M-26AUG220030-30,2026-08-22 04:19:00+00:00,0.28,0.27,0.73
KXBTC15M-26AUG220030-30,2026-08-22 04:20:00+00:00,0.32,0.31,0.69
KXBTC15M-26AUG220030-30,2026-08-22 04:21:00+00:00,0.42,0.41,0.5900000000000001
KXBTC15M-26AUG220030-30,2026-08-22 04:22:00+00:00,0.53,0.52,0.48
KXBTC15M-26AUG220030-30,2026-08-22 04:23:00+00:00,0.72,0.71,0.29
KXBTC15M-26AUG220030-30,2026-08-22 04:24:00+00:00,0.85,0.84,0.16
KXBTC15M-26AUG220030-30,2026-08-22 04:25:00+00:00,0.83,0.82,0.18
KXBTC15M-26AUG220030-30,2026-08-22 04:26:00+00:00,0.92,0.918,0.0819999999999999
KXBTC15M-26AUG220030-30,2026-08-22 04:27:00+00:00,0.978,0.977,0.023
KXBTC15M-26AUG220030-30,2026-08-22 04:28:00+00:00,0.975,0.972,0.028
KXBTC15M-26AUG220030-30,2026-08-22 04:29:00+00:00,1.0,0.999,0.001
KXBTC15M-26AUG220030-30,2026-08-22 04:30:00+00:00,1.0,0.999,0.001
KXBTC15M-26AUG220045-45,2026-08-22 04:31:00+00:00,0.45,0.44,0.56
KXBTC15M-26AUG220045-45,2026-08-22 04:32:00+00:00,0.58,0.56,0.4399999999999999
KXBTC15M-26AUG220045-45,2026-08-22 04:33:00+00:00,0.7,0.69,0.31
KXBTC15M-26AUG220045-45,2026-08-22 04:34:00+00:00,0.64,0.63,0.37
KXBTC15M-26AUG220045-45,2026-08-22 04:35:00+00:00,0.77,0.75,0.25
KXBTC15M-26AUG220045-45,2026-08-22 04:36:00+00:00,0.76,0.75,0.25
KXBTC15M-26AUG220045-45,2026-08-22 04:37:00+00:00,0.77,0.76,0.24
KXBTC15M-26AUG220045-45,2026-08-22 04:38:00+00:00,0.85,0.84,0.16
KXBTC15M-26AUG220045-45,2026-08-22 04:39:00+00:00,0.915,0.912,0.0879999999999999
KXBTC15M-26AUG220045-45,2026-08-22 04:40:00+00:00,0.89,0.88,0.12
KXBTC15M-26AUG220045-45,2026-08-22 04:41:00+00:00,0.927,0.926,0.0739999999999999
KXBTC15M-26AUG220045-45,2026-08-22 04:42:00+00:00,0.987,0.986,0.014
KXBTC15M-26AUG220045-45,2026-08-22 04:43:00+00:00,0.993,0.992,0.008
KXBTC15M-26AUG220045-45,2026-08-22 04:44:00+00:00,1.0,0.999,0.001
KXBTC15M-26AUG220045-45,2026-08-22 04:45:00+00:00,1.0,0.999,0.001
KXBTC15M-26AUG220100-00,2026-08-22 04:46:00+00:00,0.49,0.48,0.52
KXBTC15M-26AUG220100-00,2026-08-22 04:47:00+00:00,0.46,0.45,0.55
KXBTC15M-26AUG220100-00,2026-08-22 04:48:00+00:00,0.4,0.39,0.61
KXBTC15M-26AUG220100-00,2026-08-22 04:49:00+00:00,0.27,0.26,0.74
KXBTC15M-26AUG220100-00,2026-08-22 04:50:00+00:00,0.33,0.32,0.6799999999999999
KXBTC15M-26AUG220100-00,2026-08-22 04:51:00+00:00,0.27,0.26,0.74
KXBTC15M-26AUG220100-00,2026-08-22 04:52:00+00:00,0.19,0.18,0.8200000000000001
KXBTC15M-26AUG220100-00,2026-08-22 04:53:00+00:00,0.14,0.13,0.87
KXBTC15M-26AUG220100-00,2026-08-22 04:54:00+00:00,0.14,0.13,0.87
KXBTC15M-26AUG220100-00,2026-08-22 04:55:00+00:00,0.078,0.077,0.923
KXBTC15M-26AUG220100-00,2026-08-22 04:56:00+00:00,0.054,0.053,0.947
KXBTC15M-26AUG220100-00,2026-08-22 04:57:00+00:00,0.022,0.02,0.98
KXBTC15M-26AUG220100-00,2026-08-22 04:58:00+00:00,0.009,0.008,0.992
KXBTC15M-26AUG220100-00,2026-08-22 04:59:00+00:00,0.001,0.0,1.0
KXBTC15M-26AUG220100-00,2026-08-22 05:00:00+00:00,0.001,0.0,1.0
KXBTC15M-26AUG220115-15,2026-08-22 05:01:00+00:00,0.63,0.62,0.38
KXBTC15M-26AUG220115-15,2026-08-22 05:02:00+00:00,0.65,0.64,0.36
KXBTC15M-26AUG220115-15,2026-08-22 05:03:00+00:00,0.67,0.66,0.3399999999999999
KXBTC15M-26AUG220115-15,2026-08-22 05:04:00+00:00,0.64,0.63,0.37
KXBTC15M-26AUG220115-15,2026-08-22 05:05:00+00:00,0.58,0.57,0.43
KXBTC15M-26AUG220115-15,2026-08-22 05:06:00+00:00,0.62,0.61,0.39
KXBTC15M-26AUG220115-15,2026-08-22 05:07:00+00:00,0.62,0.61,0.39
KXBTC15M-26AUG220115-15,2026-08-22 05:08:00+00:00,0.15,0.14,0.86
KXBTC15M-26AUG220115-15,2026-08-22 05:09:00+00:00,0.058,0.056,0.944
KXBTC15M-26AUG220115-15,2026-08-22 05:10:00+00:00,0.025,0.024,0.976
KXBTC15M-26AUG220115-15,2026-08-22 05:11:00+00:00,0.013,0.012,0.988
KXBTC15M-26AUG220115-15,2026-08-22 05:12:00+00:00,0.001,0.0,1.0
KXBTC15M-26AUG220115-15,2026-08-22 05:13:00+00:00,0.021,0.02,0.98
KXBTC15M-26AUG220115-15,2026-08-22 05:14:00+00:00,0.001,0.0,1.0
KXBTC15M-26AUG220115-15,2026-08-22 05:15:00+00:00,0.001,0.0,1.0
KXBTC15M-26AUG220130-30,2026-08-22 05:16:00+00:00,0.67,0.66,0.3399999999999999
KXBTC15M-26AUG220130-30,2026-08-22 05:17:00+00:00,0.27,0.26,0.74
KXBTC15M-26AUG220130-30,2026-08-22 05:18:00+00:00,0.45,0.44,0.56
KXBTC15M-26AUG220130-30,2026-08-22 05:19:00+00:00,0.37,0.36,0.64
KXBTC15M-26AUG220130-30,2026-08-22 05:20:00+00:00,0.23,0.22,0.78
KXBTC15M-26AUG220130-30,2026-08-22 05:21:00+00:00,0.37,0.36,0.64
KXBTC15M-26AUG220130-30,2026-08-22 05:22:00+00:00,0.2,0.19,0.81
KXBTC15M-26AUG220130-30,2026-08-22 05:23:00+00:00,0.13,0.12,0.88
KXBTC15M-26AUG220130-30,2026-08-22 05:24:00+00:00,0.19,0.18,0.8200000000000001
KXBTC15M-26AUG220130-30,2026-08-22 05:25:00+00:00,0.14,0.13,0.87
KXBTC15M-26AUG220130-30,2026-08-22 05:26:00+00:00,0.17,0.16,0.84
KXBTC15M-26AUG220130-30,2026-08-22 05:27:00+00:00,0.27,0.26,0.74
KXBTC15M-26AUG220130-30,2026-08-22 05:28:00+00:00,0.17,0.16,0.84
KXBTC15M-26AUG220130-30,2026-08-22 05:29:00+00:00,0.084,0.083,0.917
KXBTC15M-26AUG220130-30,2026-08-22 05:30:00+00:00,0.001,0.0,1.0
KXBTC15M-26AUG220145-45,2026-08-22 05:31:00+00:00,0.32,0.31,0.69
KXBTC15M-26AUG220145-45,2026-08-22 05:32:00+00:00,0.29,0.28,0.72
KXBTC15M-26AUG220145-45,2026-08-22 05:33:00+00:00,0.46,0.45,0.55
KXBTC15M-26AUG220145-45,2026-08-22 05:34:00+00:00,0.51,0.5,0.5
KXBTC15M-26AUG220145-45,2026-08-22 05:35:00+00:00,0.58,0.57,0.43
KXBTC15M-26AUG220145-45,2026-08-22 05:36:00+00:00,0.75,0.74,0.26
KXBTC15M-26AUG220145-45,2026-08-22 05:37:00+00:00,0.67,0.66,0.3399999999999999
KXBTC15M-26AUG220145-45,2026-08-22 05:38:00+00:00,0.35,0.34,0.6599999999999999
KXBTC15M-26AUG220145-45,2026-08-22 05:39:00+00:00,0.4,0.39,0.61
KXBTC15M-26AUG220145-45,2026-08-22 05:40:00+00:00,0.18,0.17,0.83
KXBTC15M-26AUG220145-45,2026-08-22 05:41:00+00:00,0.14,0.13,0.87
KXBTC15M-26AUG220145-45,2026-08-22 05:42:00+00:00,0.038,0.037,0.963
KXBTC15M-26AUG220145-45,2026-08-22 05:43:00+00:00,0.01,0.009,0.991
KXBTC15M-26AUG220145-45,2026-08-22 05:44:00+00:00,0.001,0.0,1.0
KXBTC15M-26AUG220145-45,2026-08-22 05:45:00+00:00,0.001,0.0,1.0
KXBTC15M-26AUG220200-00,2026-08-22 05:46:00+00:00,0.53,0.52,0.48
KXBTC15M-26AUG220200-00,2026-08-22 05:47:00+00:00,0.68,0.67,0.3299999999999999
KXBTC15M-26AUG220200-00,2026-08-22 05:48:00+00:00,0.77,0.76,0.24
KXBTC15M-26AUG220200-00,2026-08-22 05:49:00+00:00,0.82,0.81,0.1899999999999999
KXBTC15M-26AUG220200-00,2026-08-22 05:50:00+00:00,0.84,0.83,0.17
KXBTC15M-26AUG220200-00,2026-08-22 05:51:00+00:00,0.85,0.84,0.16
KXBTC15M-26AUG220200-00,2026-08-22 05:52:00+00:00,0.927,0.925,0.0749999999999999
KXBTC15M-26AUG220200-00,2026-08-22 05:53:00+00:00,0.89,0.88,0.12
KXBTC15M-26AUG220200-00,2026-08-22 05:54:00+00:00,0.923,0.921,0.0789999999999999
KXBTC15M-26AUG220200-00,2026-08-22 05:55:00+00:00,0.934,0.933,0.0669999999999999
KXBTC15M-26AUG220200-00,2026-08-22 05:56:00+00:00,0.977,0.975,0.025
KXBTC15M-26AUG220200-00,2026-08-22 05:57:00+00:00,0.986,0.985,0.015
KXBTC15M-26AUG220200-00,2026-08-22 05:58:00+00:00,1.0,0.999,0.001
KXBTC15M-26AUG220200-00,2026-08-22 05:59:00+00:00,1.0,0.999,0.001
KXBTC15M-26AUG220200-00,2026-08-22 06:00:00+00:00,1.0,0.999,0.001
KXBTC15M-26AUG220215-15,2026-08-22 06:01:00+00:00,0.56,0.55,0.4499999999999999
KXBTC15M-26AUG220215-15,2026-08-22 06:02:00+00:00,0.51,0.5,0.5
KXBTC15M-26AUG220215-15,2026-08-22 06:03:00+00:00,0.45,0.44,0.56
KXBTC15M-26AUG220215-15,2026-08-22 06:04:00+00:00,0.38,0.37,0.63
KXBTC15M-26AUG220215-15,2026-08-22 06:05:00+00:00,0.37,0.36,0.64
KXBTC15M-26AUG220215-15,2026-08-22 06:06:00+00:00,0.21,0.2,0.8
KXBTC15M-26AUG220215-15,2026-08-22 06:07:00+00:00,0.13,0.12,0.88
KXBTC15M-26AUG220215-15,2026-08-22 06:08:00+00:00,0.18,0.17,0.83
KXBTC15M-26AUG220215-15,2026-08-22 06:09:00+00:00,0.3,0.29,0.71
KXBTC15M-26AUG220215-15,2026-08-22 06:10:00+00:00,0.3,0.29,0.71
KXBTC15M-26AUG220215-15,2026-08-22 06:11:00+00:00,0.066,0.065,0.935
KXBTC15M-26AUG220215-15,2026-08-22 06:12:00+00:00,0.097,0.096,0.904
KXBTC15M-26AUG220215-15,2026-08-22 06:13:00+00:00,0.007,0.006,0.994
KXBTC15M-26AUG220215-15,2026-08-22 06:14:00+00:00,0.001,0.0,1.0
KXBTC15M-26AUG220215-15,2026-08-22 06:15:00+00:00,0.001,0.0,1.0
KXBTC15M-26AUG220230-30,2026-08-22 06:16:00+00:00,0.6,0.59,0.41
KXBTC15M-26AUG220230-30,2026-08-22 06:17:00+00:00,0.69,0.68,0.3199999999999999
KXBTC15M-26AUG220230-30,2026-08-22 06:18:00+00:00,0.62,0.61,0.39
KXBTC15M-26AUG220230-30,2026-08-22 06:19:00+00:00,0.59,0.58,0.42
KXBTC15M-26AUG220230-30,2026-08-22 06:20:00+00:00,0.6,0.59,0.41
KXBTC15M-26AUG220230-30,2026-08-22 06:21:00+00:00,0.76,0.75,0.25
KXBTC15M-26AUG220230-30,2026-08-22 06:22:00+00:00,0.7,0.69,0.31
KXBTC15M-26AUG220230-30,2026-08-22 06:23:00+00:00,0.78,0.77,0.2299999999999999
KXBTC15M-26AUG220230-30,2026-08-22 06:24:00+00:00,0.912,0.911,0.0889999999999999
KXBTC15M-26AUG220230-30,2026-08-22 06:25:00+00:00,0.956,0.955,0.045
KXBTC15M-26AUG220230-30,2026-08-22 06:26:00+00:00,0.98,0.979,0.021
KXBTC15M-26AUG220230-30,2026-08-22 06:27:00+00:00,0.946,0.945,0.055
KXBTC15M-26AUG220230-30,2026-08-22 06:28:00+00:00,0.959,0.958,0.042
KXBTC15M-26AUG220230-30,2026-08-22 06:29:00+00:00,0.973,0.971,0.029
KXBTC15M-26AUG220230-30,2026-08-22 06:30:00+00:00,1.0,0.999,0.001
KXBTC15M-26AUG220245-45,2026-08-22 06:31:00+00:00,0.46,0.45,0.55
KXBTC15M-26AUG220245-45,2026-08-22 06:32:00+00:00,0.32,0.31,0.69
KXBTC15M-26AUG220245-45,2026-08-22 06:33:00+00:00,0.28,0.27,0.73
KXBTC15M-26AUG220245-45,2026-08-22 06:34:00+00:00,0.27,0.26,0.74
KXBTC15M-26AUG220245-45,2026-08-22 06:35:00+00:00,0.24,0.23,0.77
KXBTC15M-26AUG220245-45,2026-08-22 06:36:00+00:00,0.3,0.29,0.71
KXBTC15M-26AUG220245-45,2026-08-22 06:37:00+00:00,0.49,0.48,0.52
KXBTC15M-26AUG220245-45,2026-08-22 06:38:00+00:00,0.86,0.85,0.15
KXBTC15M-26AUG220245-45,2026-08-22 06:39:00+00:00,0.95,0.949,0.051
KXBTC15M-26AUG220245-45,2026-08-22 06:40:00+00:00,0.965,0.962,0.038
KXBTC15M-26AUG220245-45,2026-08-22 06:41:00+00:00,0.98,0.979,0.021
KXBTC15M-26AUG220245-45,2026-08-22 06:42:00+00:00,0.986,0.985,0.015
KXBTC15M-26AUG220245-45,2026-08-22 06:43:00+00:00,0.991,0.99,0.01
KXBTC15M-26AUG220245-45,2026-08-22 06:44:00+00:00,1.0,0.999,0.001
KXBTC15M-26AUG220245-45,2026-08-22 06:45:00+00:00,1.0,0.999,0.001
KXBTC15M-26AUG220300-00,2026-08-22 06:46:00+00:00,0.62,0.61,0.39
KXBTC15M-26AUG220300-00,2026-08-22 06:47:00+00:00,0.54,0.53,0.47
KXBTC15M-26AUG220300-00,2026-08-22 06:48:00+00:00,0.57,0.56,0.4399999999999999
KXBTC15M-26AUG220300-00,2026-08-22 06:49:00+00:00,0.6,0.59,0.41
KXBTC15M-26AUG220300-00,2026-08-22 06:50:00+00:00,0.57,0.56,0.4399999999999999
KXBTC15M-26AUG220300-00,2026-08-22 06:51:00+00:00,0.74,0.73,0.27
KXBTC15M-26AUG220300-00,2026-08-22 06:52:00+00:00,0.78,0.77,0.2299999999999999
KXBTC15M-26AUG220300-00,2026-08-22 06:53:00+00:00,0.66,0.65,0.35
KXBTC15M-26AUG220300-00,2026-08-22 06:54:00+00:00,0.75,0.74,0.26
KXBTC15M-26AUG220300-00,2026-08-22 06:55:00+00:00,0.69,0.68,0.3199999999999999
KXBTC15M-26AUG220300-00,2026-08-22 06:56:00+00:00,0.64,0.63,0.37
KXBTC15M-26AUG220300-00,2026-08-22 06:57:00+00:00,0.75,0.74,0.26
KXBTC15M-26AUG220300-00,2026-08-22 06:58:00+00:00,0.81,0.8,0.1999999999999999
KXBTC15M-26AUG220300-00,2026-08-22 06:59:00+00:00,0.984,0.983,0.017
KXBTC15M-26AUG220300-00,2026-08-22 07:00:00+00:00,1.0,0.999,0.001
KXBTC15M-26AUG220315-15,2026-08-22 07:01:00+00:00,0.51,0.5,0.5
KXBTC15M-26AUG220315-15,2026-08-22 07:02:00+00:00,0.58,0.57,0.43
KXBTC15M-26AUG220315-15,2026-08-22 07:03:00+00:00,0.72,0.71,0.29
KXBTC15M-26AUG220315-15,2026-08-22 07:04:00+00:00,0.8,0.79,0.2099999999999999
KXBTC15M-26AUG220315-15,2026-08-22 07:05:00+00:00,0.79,0.78,0.2199999999999999
KXBTC15M-26AUG220315-15,2026-08-22 07:06:00+00:00,0.67,0.66,0.3399999999999999
KXBTC15M-26AUG220315-15,2026-08-22 07:07:00+00:00,0.79,0.78,0.2199999999999999
KXBTC15M-26AUG220315-15,2026-08-22 07:08:00+00:00,0.9,0.89,0.1099999999999999
KXBTC15M-26AUG220315-15,2026-08-22 07:09:00+00:00,0.73,0.72,0.28
KXBTC15M-26AUG220315-15,2026-08-22 07:10:00+00:00,0.24,0.23,0.77
KXBTC15M-26AUG220315-15,2026-08-22 07:11:00+00:00,0.15,0.14,0.86
KXBTC15M-26AUG220315-15,2026-08-22 07:12:00+00:00,0.067,0.065,0.935
KXBTC15M-26AUG220315-15,2026-08-22 07:13:00+00:00,0.016,0.015,0.985
KXBTC15M-26AUG220315-15,2026-08-22 07:14:00+00:00,0.001,0.0,1.0
KXBTC15M-26AUG220315-15,2026-08-22 07:15:00+00:00,0.001,0.0,1.0
KXBTC15M-26AUG220330-30,2026-08-22 07:16:00+00:00,0.46,0.45,0.55
KXBTC15M-26AUG220330-30,2026-08-22 07:17:00+00:00,0.38,0.37,0.63
KXBTC15M-26AUG220330-30,2026-08-22 07:18:00+00:00,0.3,0.29,0.71
KXBTC15M-26AUG220330-30,2026-08-22 07:19:00+00:00,0.33,0.32,0.6799999999999999
KXBTC15M-26AUG220330-30,2026-08-22 07:20:00+00:00,0.36,0.35,0.65
KXBTC15M-26AUG220330-30,2026-08-22 07:21:00+00:00,0.65,0.64,0.36
KXBTC15M-26AUG220330-30,2026-08-22 07:22:00+00:00,0.68,0.67,0.3299999999999999
KXBTC15M-26AUG220330-30,2026-08-22 07:23:00+00:00,0.58,0.57,0.43
KXBTC15M-26AUG220330-30,2026-08-22 07:24:00+00:00,0.77,0.76,0.24
KXBTC15M-26AUG220330-30,2026-08-22 07:25:00+00:00,0.79,0.78,0.2199999999999999
KXBTC15M-26AUG220330-30,2026-08-22 07:26:00+00:00,0.79,0.78,0.2199999999999999
KXBTC15M-26AUG220330-30,2026-08-22 07:27:00+00:00,0.73,0.72,0.28
KXBTC15M-26AUG220330-30,2026-08-22 07:28:00+00:00,0.978,0.977,0.023
KXBTC15M-26AUG220330-30,2026-08-22 07:29:00+00:00,1.0,0.999,0.001
KXBTC15M-26AUG220330-30,2026-08-22 07:30:00+00:00,1.0,0.999,0.001
KXBTC15M-26AUG220345-45,2026-08-22 07:31:00+00:00,0.5,0.49,0.51
KXBTC15M-26AUG220345-45,2026-08-22 07:32:00+00:00,0.54,0.53,0.47
KXBTC15M-26AUG220345-45,2026-08-22 07:33:00+00:00,0.52,0.51,0.49
KXBTC15M-26AUG220345-45,2026-08-22 07:34:00+00:00,0.56,0.55,0.4499999999999999
KXBTC15M-26AUG220345-45,2026-08-22 07:35:00+00:00,0.5,0.49,0.51
KXBTC15M-26AUG220345-45,2026-08-22 07:36:00+00:00,0.46,0.45,0.55
KXBTC15M-26AUG220345-45,2026-08-22 07:37:00+00:00,0.41,0.4,0.6
KXBTC15M-26AUG220345-45,2026-08-22 07:38:00+00:00,0.47,0.46,0.54
KXBTC15M-26AUG220345-45,2026-08-22 07:39:00+00:00,0.33,0.32,0.6799999999999999
KXBTC15M-26AUG220345-45,2026-08-22 07:40:00+00:00,0.28,0.27,0.73
KXBTC15M-26AUG220345-45,2026-08-22 07:41:00+00:00,0.091,0.09,0.91
KXBTC15M-26AUG220345-45,2026-08-22 07:42:00+00:00,0.098,0.097,0.903
KXBTC15M-26AUG220345-45,2026-08-22 07:43:00+00:00,0.21,0.2,0.8
KXBTC15M-26AUG220345-45,2026-08-22 07:44:00+00:00,0.064,0.063,0.937
KXBTC15M-26AUG220345-45,2026-08-22 07:45:00+00:00,0.001,0.0,1.0
KXBTC15M-26AUG220400-00,2026-08-22 07:46:00+00:00,0.5,0.49,0.51
KXBTC15M-26AUG220400-00,2026-08-22 07:47:00+00:00,0.52,0.51,0.49
KXBTC15M-26AUG220400-00,2026-08-22 07:48:00+00:00,0.37,0.36,0.64
KXBTC15M-26AUG220400-00,2026-08-22 07:49:00+00:00,0.34,0.33,0.6699999999999999
KXBTC15M-26AUG220400-00,2026-08-22 07:50:00+00:00,0.3,0.29,0.71
KXBTC15M-26AUG220400-00,2026-08-22 07:51:00+00:00,0.33,0.32,0.6799999999999999
KXBTC15M-26AUG220400-00,2026-08-22 07:52:00+00:00,0.2,0.19,0.81
KXBTC15M-26AUG220400-00,2026-08-22 07:53:00+00:00,0.19,0.18,0.8200000000000001
KXBTC15M-26AUG220400-00,2026-08-22 07:54:00+00:00,0.16,0.15,0.85
KXBTC15M-26AUG220400-00,2026-08-22 07:55:00+00:00,0.2,0.19,0.81
KXBTC15M-26AUG220400-00,2026-08-22 07:56:00+00:00,0.21,0.2,0.8
KXBTC15M-26AUG220400-00,2026-08-22 07:57:00+00:00,0.064,0.062,0.938
KXBTC15M-26AUG220400-00,2026-08-22 07:58:00+00:00,0.013,0.012,0.988
KXBTC15M-26AUG220400-00,2026-08-22 07:59:00+00:00,0.003,0.002,0.998
KXBTC15M-26AUG220400-00,2026-08-22 08:00:00+00:00,0.001,0.0,1.0
KXBTC15M-26AUG220415-15,2026-08-22 08:01:00+00:00,0.66,0.65,0.35
KXBTC15M-26AUG220415-15,2026-08-22 08:02:00+00:00,0.66,0.65,0.35
KXBTC15M-26AUG220415-15,2026-08-22 08:03:00+00:00,0.75,0.74,0.26
KXBTC15M-26AUG220415-15,2026-08-22 08:04:00+00:00,0.69,0.68,0.3199999999999999
KXBTC15M-26AUG220415-15,2026-08-22 08:05:00+00:00,0.39,0.38,0.62
KXBTC15M-26AUG220415-15,2026-08-22 08:06:00+00:00,0.36,0.35,0.65
KXBTC15M-26AUG220415-15,2026-08-22 08:07:00+00:00,0.57,0.56,0.4399999999999999
KXBTC15M-26AUG220415-15,2026-08-22 08:08:00+00:00,0.55,0.54,0.4599999999999999
KXBTC15M-26AUG220415-15,2026-08-22 08:09:00+00:00,0.74,0.73,0.27
KXBTC15M-26AUG220415-15,2026-08-22 08:10:00+00:00,0.75,0.74,0.26
KXBTC15M-26AUG220415-15,2026-08-22 08:11:00+00:00,0.88,0.87,0.13
KXBTC15M-26AUG220415-15,2026-08-22 08:12:00+00:00,0.93,0.928,0.0719999999999999
KXBTC15M-26AUG220415-15,2026-08-22 08:13:00+00:00,0.99,0.989,0.011
KXBTC15M-26AUG220415-15,2026-08-22 08:14:00+00:00,0.993,0.992,0.008
KXBTC15M-26AUG220415-15,2026-08-22 08:15:00+00:00,1.0,0.999,0.001
KXBTC15M-26AUG220430-30,2026-08-22 08:16:00+00:00,0.55,0.54,0.4599999999999999
KXBTC15M-26AUG220430-30,2026-08-22 08:17:00+00:00,0.4,0.39,0.61
KXBTC15M-26AUG220430-30,2026-08-22 08:18:00+00:00,0.36,0.35,0.65
KXBTC15M-26AUG220430-30,2026-08-22 08:19:00+00:00,0.31,0.3,0.7
KXBTC15M-26AUG220430-30,2026-08-22 08:20:00+00:00,0.24,0.23,0.77
KXBTC15M-26AUG220430-30,2026-08-22 08:21:00+00:00,0.2,0.19,0.81
KXBTC15M-26AUG220430-30,2026-08-22 08:22:00+00:00,0.2,0.19,0.81
KXBTC15M-26AUG220430-30,2026-08-22 08:23:00+00:00,0.14,0.13,0.87
KXBTC15M-26AUG220430-30,2026-08-22 08:24:00+00:00,0.087,0.086,0.914
KXBTC15M-26AUG220430-30,2026-08-22 08:25:00+00:00,0.041,0.04,0.96
KXBTC15M-26AUG220430-30,2026-08-22 08:26:00+00:00,0.032,0.031,0.969
KXBTC15M-26AUG220430-30,2026-08-22 08:27:00+00:00,0.011,0.01,0.99
KXBTC15M-26AUG220430-30,2026-08-22 08:28:00+00:00,0.004,0.003,0.997
KXBTC15M-26AUG220430-30,2026-08-22 08:29:00+00:00,0.003,0.002,0.998
KXBTC15M-26AUG220430-30,2026-08-22 08:30:00+00:00,0.001,0.0,1.0
KXBTC15M-26AUG220445-45,2026-08-22 08:31:00+00:00,0.36,0.35,0.65
KXBTC15M-26AUG220445-45,2026-08-22 08:32:00+00:00,0.3,0.29,0.71
KXBTC15M-26AUG220445-45,2026-08-22 08:33:00+00:00,0.26,0.25,0.75
KXBTC15M-26AUG220445-45,2026-08-22 08:34:00+00:00,0.19,0.18,0.8200000000000001
KXBTC15M-26AUG220445-45,2026-08-22 08:35:00+00:00,0.23,0.22,0.78
KXBTC15M-26AUG220445-45,2026-08-22 08:36:00+00:00,0.25,0.24,0.76
KXBTC15M-26AUG220445-45,2026-08-22 08:37:00+00:00,0.13,0.12,0.88
KXBTC15M-26AUG220445-45,2026-08-22 08:38:00+00:00,0.18,0.17,0.83
KXBTC15M-26AUG220445-45,2026-08-22 08:39:00+00:00,0.097,0.096,0.904
KXBTC15M-26AUG220445-45,2026-08-22 08:40:00+00:00,0.096,0.095,0.905
KXBTC15M-26AUG220445-45,2026-08-22 08:41:00+00:00,0.06,0.058,0.942
KXBTC15M-26AUG220445-45,2026-08-22 08:42:00+00:00,0.034,0.033,0.967
KXBTC15M-26AUG220445-45,2026-08-22 08:43:00+00:00,0.005,0.004,0.996
KXBTC15M-26AUG220445-45,2026-08-22 08:44:00+00:00,0.86,0.84,0.16
KXBTC15M-26AUG220445-45,2026-08-22 08:45:00+00:00,1.0,0.999,0.001
KXBTC15M-26AUG220500-00,2026-08-22 08:46:00+00:00,0.22,0.21,0.79
KXBTC15M-26AUG220500-00,2026-08-22 08:47:00+00:00,0.26,0.25,0.75
KXBTC15M-26AUG220500-00,2026-08-22 08:48:00+00:00,0.25,0.24,0.76
KXBTC15M-26AUG220500-00,2026-08-22 08:49:00+00:00,0.26,0.25,0.75
KXBTC15M-26AUG220500-00,2026-08-22 08:50:00+00:00,0.29,0.28,0.72
KXBTC15M-26AUG220500-00,2026-08-22 08:51:00+00:00,0.28,0.27,0.73
KXBTC15M-26AUG220500-00,2026-08-22 08:52:00+00:00,0.26,0.25,0.75
KXBTC15M-26AUG220500-00,2026-08-22 08:53:00+00:00,0.15,0.14,0.86
KXBTC15M-26AUG220500-00,2026-08-22 08:54:00+00:00,0.12,0.11,0.89
KXBTC15M-26AUG220500-00,2026-08-22 08:55:00+00:00,0.084,0.083,0.917
KXBTC15M-26AUG220500-00,2026-08-22 08:56:00+00:00,0.035,0.034,0.966
KXBTC15M-26AUG220500-00,2026-08-22 08:57:00+00:00,0.041,0.04,0.96
KXBTC15M-26AUG220500-00,2026-08-22 08:58:00+00:00,0.024,0.023,0.977
KXBTC15M-26AUG220500-00,2026-08-22 08:59:00+00:00,0.006,0.005,0.995
KXBTC15M-26AUG220500-00,2026-08-22 09:00:00+00:00,0.001,0.0,1.0
KXBTC15M-26AUG220515-15,2026-08-22 09:01:00+00:00,0.45,0.44,0.56
KXBTC15M-26AUG220515-15,2026-08-22 09:02:00+00:00,0.4,0.38,0.62
KXBTC15M-26AUG220515-15,2026-08-22 09:03:00+00:00,0.39,0.38,0.62
KXBTC15M-26AUG220515-15,2026-08-22 09:04:00+00:00,0.24,0.23,0.77
KXBTC15M-26AUG220515-15,2026-08-22 09:05:00+00:00,0.32,0.31,0.69
KXBTC15M-26AUG220515-15,2026-08-22 09:06:00+00:00,0.35,0.34,0.6599999999999999
KXBTC15M-26AUG220515-15,2026-08-22 09:07:00+00:00,0.3,0.29,0.71
KXBTC15M-26AUG220515-15,2026-08-22 09:08:00+00:00,0.19,0.18,0.8200000000000001
KXBTC15M-26AUG220515-15,2026-08-22 09:09:00+00:00,0.31,0.3,0.7
KXBTC15M-26AUG220515-15,2026-08-22 09:10:00+00:00,0.72,0.71,0.29
KXBTC15M-26AUG220515-15,2026-08-22 09:11:00+00:00,0.63,0.62,0.38
KXBTC15M-26AUG220515-15,2026-08-22 09:12:00+00:00,0.931,0.93,0.0699999999999999
KXBTC15M-26AUG220515-15,2026-08-22 09:13:00+00:00,0.989,0.988,0.012
KXBTC15M-26AUG220515-15,2026-08-22 09:14:00+00:00,0.996,0.995,0.005
KXBTC15M-26AUG220515-15,2026-08-22 09:15:00+00:00,1.0,0.999,0.001
KXBTC15M-26AUG220530-30,2026-08-22 09:16:00+00:00,0.49,0.48,0.52
KXBTC15M-26AUG220530-30,2026-08-22 09:17:00+00:00,0.46,0.45,0.55
KXBTC15M-26AUG220530-30,2026-08-22 09:18:00+00:00,0.47,0.46,0.54
KXBTC15M-26AUG220530-30,2026-08-22 09:19:00+00:00,0.4,0.39,0.61
KXBTC15M-26AUG220530-30,2026-08-22 09:20:00+00:00,0.25,0.24,0.76
KXBTC15M-26AUG220530-30,2026-08-22 09:21:00+00:00,0.27,0.26,0.74
KXBTC15M-26AUG220530-30,2026-08-22 09:22:00+00:00,0.49,0.48,0.52
KXBTC15M-26AUG220530-30,2026-08-22 09:23:00+00:00,0.28,0.27,0.73
KXBTC15M-26AUG220530-30,2026-08-22 09:24:00+00:00,0.17,0.16,0.84
KXBTC15M-26AUG220530-30,2026-08-22 09:25:00+00:00,0.069,0.068,0.932
KXBTC15M-26AUG220530-30,2026-08-22 09:26:00+00:00,0.071,0.07,0.93
KXBTC15M-26AUG220530-30,2026-08-22 09:27:00+00:00,0.024,0.023,0.977
KXBTC15M-26AUG220530-30,2026-08-22 09:28:00+00:00,0.007,0.006,0.994
KXBTC15M-26AUG220530-30,2026-08-22 09:29:00+00:00,0.01,0.009,0.991
KXBTC15M-26AUG220530-30,2026-08-22 09:30:00+00:00,0.001,0.0,1.0
KXBTC15M-26AUG220545-45,2026-08-22 09:31:00+00:00,0.48,0.47,0.53
KXBTC15M-26AUG220545-45,2026-08-22 09:32:00+00:00,0.56,0.55,0.4499999999999999
KXBTC15M-26AUG220545-45,2026-08-22 09:33:00+00:00,0.49,0.48,0.52
KXBTC15M-26AUG220545-45,2026-08-22 09:34:00+00:00,0.54,0.53,0.47
KXBTC15M-26AUG220545-45,2026-08-22 09:35:00+00:00,0.43,0.42,0.5800000000000001
KXBTC15M-26AUG220545-45,2026-08-22 09:36:00+00:00,0.5,0.49,0.51
KXBTC15M-26AUG220545-45,2026-08-22 09:37:00+00:00,0.53,0.52,0.48
KXBTC15M-26AUG220545-45,2026-08-22 09:38:00+00:00,0.42,0.41,0.5900000000000001
KXBTC15M-26AUG220545-45,2026-08-22 09:39:00+00:00,0.3,0.29,0.71
KXBTC15M-26AUG220545-45,2026-08-22 09:40:00+00:00,0.24,0.23,0.77
KXBTC15M-26AUG220545-45,2026-08-22 09:41:00+00:00,0.32,0.31,0.69
KXBTC15M-26AUG220545-45,2026-08-22 09:42:00+00:00,0.21,0.19,0.81
KXBTC15M-26AUG220545-45,2026-08-22 09:43:00+00:00,0.12,0.1,0.9
KXBTC15M-26AUG220545-45,2026-08-22 09:44:00+00:00,0.068,0.067,0.933
KXBTC15M-26AUG220545-45,2026-08-22 09:45:00+00:00,0.001,0.0,1.0
KXBTC15M-26AUG220600-00,2026-08-22 09:46:00+00:00,0.25,0.24,0.76
KXBTC15M-26AUG220600-00,2026-08-22 09:47:00+00:00,0.19,0.18,0.8200000000000001
KXBTC15M-26AUG220600-00,2026-08-22 09:48:00+00:00,0.13,0.12,0.88
KXBTC15M-26AUG220600-00,2026-08-22 09:49:00+00:00,0.17,0.16,0.84
KXBTC15M-26AUG220600-00,2026-08-22 09:50:00+00:00,0.13,0.12,0.88
KXBTC15M-26AUG220600-00,2026-08-22 09:51:00+00:00,0.14,0.13,0.87
KXBTC15M-26AUG220600-00,2026-08-22 09:52:00+00:00,0.067,0.066,0.934
KXBTC15M-26AUG220600-00,2026-08-22 09:53:00+00:00,0.059,0.058,0.942
KXBTC15M-26AUG220600-00,2026-08-22 09:54:00+00:00,0.074,0.073,0.927
KXBTC15M-26AUG220600-00,2026-08-22 09:55:00+00:00,0.027,0.026,0.974
KXBTC15M-26AUG220600-00,2026-08-22 09:56:00+00:00,0.029,0.028,0.972
KXBTC15M-26AUG220600-00,2026-08-22 09:57:00+00:00,0.015,0.014,0.986
KXBTC15M-26AUG220600-00,2026-08-22 09:58:00+00:00,0.012,0.011,0.989
KXBTC15M-26AUG220600-00,2026-08-22 09:59:00+00:00,0.008,0.006,0.994
KXBTC15M-26AUG220600-00,2026-08-22 10:00:00+00:00,0.001,0.0,1.0
KXBTC15M-26AUG220615-15,2026-08-22 10:01:00+00:00,0.41,0.4,0.6
KXBTC15M-26AUG220615-15,2026-08-22 10:02:00+00:00,0.36,0.35,0.65
KXBTC15M-26AUG220615-15,2026-08-22 10:03:00+00:00,0.22,0.21,0.79
KXBTC15M-26AUG220615-15,2026-08-22 10:04:00+00:00,0.18,0.17,0.83
KXBTC15M-26AUG220615-15,2026-08-22 10:05:00+00:00,0.26,0.25,0.75
KXBTC15M-26AUG220615-15,2026-08-22 10:06:00+00:00,0.17,0.16,0.84
KXBTC15M-26AUG220615-15,2026-08-22 10:07:00+00:00,0.16,0.15,0.85
KXBTC15M-26AUG220615-15,2026-08-22 10:08:00+00:00,0.11,0.1,0.9
KXBTC15M-26AUG220615-15,2026-08-22 10:09:00+00:00,0.052,0.051,0.949
KXBTC15M-26AUG220615-15,2026-08-22 10:10:00+00:00,0.039,0.038,0.962
KXBTC15M-26AUG220615-15,2026-08-22 10:11:00+00:00,0.041,0.04,0.96
KXBTC15M-26AUG220615-15,2026-08-22 10:12:00+00:00,0.014,0.012,0.988
KXBTC15M-26AUG220615-15,2026-08-22 10:13:00+00:00,0.008,0.007,0.993
KXBTC15M-26AUG220615-15,2026-08-22 10:14:00+00:00,0.003,0.002,0.998
KXBTC15M-26AUG220615-15,2026-08-22 10:15:00+00:00,0.001,0.0,1.0
KXBTC15M-26AUG220630-30,2026-08-22 10:16:00+00:00,0.63,0.62,0.38
KXBTC15M-26AUG220630-30,2026-08-22 10:17:00+00:00,0.69,0.68,0.3199999999999999
KXBTC15M-26AUG220630-30,2026-08-22 10:18:00+00:00,0.77,0.76,0.24
KXBTC15M-26AUG220630-30,2026-08-22 10:19:00+00:00,0.53,0.52,0.48
KXBTC15M-26AUG220630-30,2026-08-22 10:20:00+00:00,0.41,0.4,0.6
KXBTC15M-26AUG220630-30,2026-08-22 10:21:00+00:00,0.47,0.46,0.54
KXBTC15M-26AUG220630-30,2026-08-22 10:22:00+00:00,0.64,0.63,0.37
KXBTC15M-26AUG220630-30,2026-08-22 10:23:00+00:00,0.32,0.31,0.69
KXBTC15M-26AUG220630-30,2026-08-22 10:24:00+00:00,0.34,0.33,0.6699999999999999
KXBTC15M-26AUG220630-30,2026-08-22 10:25:00+00:00,0.19,0.18,0.8200000000000001
KXBTC15M-26AUG220630-30,2026-08-22 10:26:00+00:00,0.17,0.16,0.84
KXBTC15M-26AUG220630-30,2026-08-22 10:27:00+00:00,0.28,0.27,0.73
KXBTC15M-26AUG220630-30,2026-08-22 10:28:00+00:00,0.946,0.945,0.055
KXBTC15M-26AUG220630-30,2026-08-22 10:29:00+00:00,0.999,0.998,0.002
KXBTC15M-26AUG220630-30,2026-08-22 10:30:00+00:00,1.0,0.999,0.001
KXBTC15M-26AUG220645-45,2026-08-22 10:31:00+00:00,0.46,0.45,0.55
KXBTC15M-26AUG220645-45,2026-08-22 10:32:00+00:00,0.47,0.46,0.54
KXBTC15M-26AUG220645-45,2026-08-22 10:33:00+00:00,0.54,0.53,0.47
KXBTC15M-26AUG220645-45,2026-08-22 10:34:00+00:00,0.45,0.44,0.56
KXBTC15M-26AUG220645-45,2026-08-22 10:35:00+00:00,0.51,0.5,0.5
KXBTC15M-26AUG220645-45,2026-08-22 10:36:00+00:00,0.63,0.62,0.38
KXBTC15M-26AUG220645-45,2026-08-22 10:37:00+00:00,0.67,0.66,0.3399999999999999
KXBTC15M-26AUG220645-45,2026-08-22 10:38:00+00:00,0.72,0.71,0.29
KXBTC15M-26AUG220645-45,2026-08-22 10:39:00+00:00,0.88,0.87,0.13
KXBTC15M-26AUG220645-45,2026-08-22 10:40:00+00:00,0.914,0.913,0.0869999999999999
KXBTC15M-26AUG220645-45,2026-08-22 10:41:00+00:00,0.977,0.976,0.024
KXBTC15M-26AUG220645-45,2026-08-22 10:42:00+00:00,0.991,0.99,0.01
KXBTC15M-26AUG220645-45,2026-08-22 10:43:00+00:00,0.991,0.99,0.01
KXBTC15M-26AUG220645-45,2026-08-22 10:44:00+00:00,0.999,0.998,0.002
KXBTC15M-26AUG220645-45,2026-08-22 10:45:00+00:00,1.0,0.999,0.001
KXBTC15M-26AUG220700-00,2026-08-22 10:46:00+00:00,0.43,0.42,0.5800000000000001
KXBTC15M-26AUG220700-00,2026-08-22 10:47:00+00:00,0.3,0.29,0.71
KXBTC15M-26AUG220700-00,2026-08-22 10:48:00+00:00,0.41,0.4,0.6
KXBTC15M-26AUG220700-00,2026-08-22 10:49:00+00:00,0.26,0.25,0.75
KXBTC15M-26AUG220700-00,2026-08-22 10:50:00+00:00,0.24,0.23,0.77
KXBTC15M-26AUG220700-00,2026-08-22 10:51:00+00:00,0.27,0.26,0.74
KXBTC15M-26AUG220700-00,2026-08-22 10:52:00+00:00,0.18,0.17,0.83
KXBTC15M-26AUG220700-00,2026-08-22 10:53:00+00:00,0.17,0.16,0.84
KXBTC15M-26AUG220700-00,2026-08-22 10:54:00+00:00,0.14,0.13,0.87
KXBTC15M-26AUG220700-00,2026-08-22 10:55:00+00:00,0.038,0.037,0.963
KXBTC15M-26AUG220700-00,2026-08-22 10:56:00+00:00,0.018,0.017,0.983
KXBTC15M-26AUG220700-00,2026-08-22 10:57:00+00:00,0.009,0.008,0.992
KXBTC15M-26AUG220700-00,2026-08-22 10:58:00+00:00,0.004,0.003,0.997
KXBTC15M-26AUG220700-00,2026-08-22 10:59:00+00:00,0.006,0.005,0.995
KXBTC15M-26AUG220700-00,2026-08-22 11:00:00+00:00,0.001,0.0,1.0
KXBTC15M-26AUG220715-15,2026-08-22 11:01:00+00:00,0.36,0.35,0.65
KXBTC15M-26AUG220715-15,2026-08-22 11:02:00+00:00,0.29,0.28,0.72
KXBTC15M-26AUG220715-15,2026-08-22 11:03:00+00:00,0.21,0.2,0.8
KXBTC15M-26AUG220715-15,2026-08-22 11:04:00+00:00,0.19,0.18,0.8200000000000001
KXBTC15M-26AUG220715-15,2026-08-22 11:05:00+00:00,0.42,0.41,0.5900000000000001
KXBTC15M-26AUG220715-15,2026-08-22 11:06:00+00:00,0.66,0.65,0.35
KXBTC15M-26AUG220715-15,2026-08-22 11:07:00+00:00,0.49,0.48,0.52
KXBTC15M-26AUG220715-15,2026-08-22 11:08:00+00:00,0.57,0.56,0.4399999999999999
KXBTC15M-26AUG220715-15,2026-08-22 11:09:00+00:00,0.23,0.22,0.78
KXBTC15M-26AUG220715-15,2026-08-22 11:10:00+00:00,0.15,0.13,0.87
KXBTC15M-26AUG220715-15,2026-08-22 11:11:00+00:00,0.32,0.31,0.69
KXBTC15M-26AUG220715-15,2026-08-22 11:12:00+00:00,0.084,0.083,0.917
KXBTC15M-26AUG220715-15,2026-08-22 11:13:00+00:00,0.04,0.039,0.961
KXBTC15M-26AUG220715-15,2026-08-22 11:14:00+00:00,0.006,0.005,0.995
KXBTC15M-26AUG220715-15,2026-08-22 11:15:00+00:00,0.001,0.0,1.0
KXBTC15M-26AUG220730-30,2026-08-22 11:16:00+00:00,0.49,0.48,0.52
KXBTC15M-26AUG220730-30,2026-08-22 11:17:00+00:00,0.4,0.39,0.61
KXBTC15M-26AUG220730-30,2026-08-22 11:18:00+00:00,0.36,0.35,0.65
KXBTC15M-26AUG220730-30,2026-08-22 11:19:00+00:00,0.39,0.38,0.62
KXBTC15M-26AUG220730-30,2026-08-22 11:20:00+00:00,0.3,0.29,0.71
KXBTC15M-26AUG220730-30,2026-08-22 11:21:00+00:00,0.48,0.47,0.53
KXBTC15M-26AUG220730-30,2026-08-22 11:22:00+00:00,0.61,0.6,0.4
KXBTC15M-26AUG220730-30,2026-08-22 11:23:00+00:00,0.3,0.29,0.71
KXBTC15M-26AUG220730-30,2026-08-22 11:24:00+00:00,0.43,0.42,0.5800000000000001
KXBTC15M-26AUG220730-30,2026-08-22 11:25:00+00:00,0.17,0.16,0.84
KXBTC15M-26AUG220730-30,2026-08-22 11:26:00+00:00,0.66,0.65,0.35
KXBTC15M-26AUG220730-30,2026-08-22 11:27:00+00:00,0.58,0.57,0.43
KXBTC15M-26AUG220730-30,2026-08-22 11:28:00+00:00,0.81,0.8,0.1999999999999999
KXBTC15M-26AUG220730-30,2026-08-22 11:29:00+00:00,0.98,0.979,0.021
KXBTC15M-26AUG220730-30,2026-08-22 11:30:00+00:00,1.0,0.999,0.001
KXBTC15M-26AUG220745-45,2026-08-22 11:31:00+00:00,0.45,0.44,0.56
KXBTC15M-26AUG220745-45,2026-08-22 11:32:00+00:00,0.75,0.74,0.26
KXBTC15M-26AUG220745-45,2026-08-22 11:33:00+00:00,0.69,0.68,0.3199999999999999
KXBTC15M-26AUG220745-45,2026-08-22 11:34:00+00:00,0.73,0.72,0.28
KXBTC15M-26AUG220745-45,2026-08-22 11:35:00+00:00,0.83,0.82,0.18
KXBTC15M-26AUG220745-45,2026-08-22 11:36:00+00:00,0.85,0.84,0.16
KXBTC15M-26AUG220745-45,2026-08-22 11:37:00+00:00,0.922,0.921,0.0789999999999999
KXBTC15M-26AUG220745-45,2026-08-22 11:38:00+00:00,0.942,0.941,0.059
KXBTC15M-26AUG220745-45,2026-08-22 11:39:00+00:00,0.942,0.941,0.059
KXBTC15M-26AUG220745-45,2026-08-22 11:40:00+00:00,0.959,0.958,0.042
KXBTC15M-26AUG220745-45,2026-08-22 11:41:00+00:00,0.986,0.985,0.015
KXBTC15M-26AUG220745-45,2026-08-22 11:42:00+00:00,0.991,0.99,0.01
KXBTC15M-26AUG220745-45,2026-08-22 11:43:00+00:00,0.995,0.994,0.006
KXBTC15M-26AUG220745-45,2026-08-22 11:44:00+00:00,0.999,0.998,0.002
KXBTC15M-26AUG220745-45,2026-08-22 11:45:00+00:00,1.0,0.999,0.001
KXBTC15M-26AUG220800-00,2026-08-22 11:46:00+00:00,0.64,0.62,0.38
KXBTC15M-26AUG220800-00,2026-08-22 11:47:00+00:00,0.59,0.58,0.42
KXBTC15M-26AUG220800-00,2026-08-22 11:48:00+00:00,0.51,0.5,0.5
KXBTC15M-26AUG220800-00,2026-08-22 11:49:00+00:00,0.42,0.41,0.5900000000000001
KXBTC15M-26AUG220800-00,2026-08-22 11:50:00+00:00,0.33,0.32,0.6799999999999999
KXBTC15M-26AUG220800-00,2026-08-22 11:51:00+00:00,0.25,0.24,0.76
KXBTC15M-26AUG220800-00,2026-08-22 11:52:00+00:00,0.29,0.28,0.72
KXBTC15M-26AUG220800-00,2026-08-22 11:53:00+00:00,0.17,0.16,0.84
KXBTC15M-26AUG220800-00,2026-08-22 11:54:00+00:00,0.25,0.24,0.76
KXBTC15M-26AUG220800-00,2026-08-22 11:55:00+00:00,0.2,0.19,0.81
KXBTC15M-26AUG220800-00,2026-08-22 11:56:00+00:00,0.11,0.1,0.9
KXBTC15M-26AUG220800-00,2026-08-22 11:57:00+00:00,0.63,0.62,0.38
KXBTC15M-26AUG220800-00,2026-08-22 11:58:00+00:00,0.14,0.13,0.87
KXBTC15M-26AUG220800-00,2026-08-22 11:59:00+00:00,0.27,0.26,0.74
KXBTC15M-26AUG220800-00,2026-08-22 12:00:00+00:00,0.001,0.0,1.0
KXBTC15M-26AUG220815-15,2026-08-22 12:01:00+00:00,0.4,0.39,0.61
KXBTC15M-26AUG220815-15,2026-08-22 12:02:00+00:00,0.69,0.68,0.3199999999999999
KXBTC15M-26AUG220815-15,2026-08-22 12:03:00+00:00,0.66,0.65,0.35
KXBTC15M-26AUG220815-15,2026-08-22 12:04:00+00:00,0.52,0.51,0.49
KXBTC15M-26AUG220815-15,2026-08-22 12:05:00+00:00,0.51,0.5,0.5
KXBTC15M-26AUG220815-15,2026-08-22 12:06:00+00:00,0.62,0.61,0.39
KXBTC15M-26AUG220815-15,2026-08-22 12:07:00+00:00,0.8,0.79,0.2099999999999999
KXBTC15M-26AUG220815-15,2026-08-22 12:08:00+00:00,0.86,0.85,0.15
KXBTC15M-26AUG220815-15,2026-08-22 12:09:00+00:00,0.919,0.918,0.0819999999999999
KXBTC15M-26AUG220815-15,2026-08-22 12:10:00+00:00,0.907,0.906,0.0939999999999999
KXBTC15M-26AUG220815-15,2026-08-22 12:11:00+00:00,0.949,0.948,0.052
KXBTC15M-26AUG220815-15,2026-08-22 12:12:00+00:00,0.981,0.98,0.02
KXBTC15M-26AUG220815-15,2026-08-22 12:13:00+00:00,0.983,0.981,0.019
KXBTC15M-26AUG220815-15,2026-08-22 12:14:00+00:00,0.997,0.996,0.004
KXBTC15M-26AUG220815-15,2026-08-22 12:15:00+00:00,1.0,0.999,0.001
KXBTC15M-26AUG220830-30,2026-08-22 12:16:00+00:00,0.5,0.49,0.51
KXBTC15M-26AUG220830-30,2026-08-22 12:17:00+00:00,0.56,0.55,0.4499999999999999
KXBTC15M-26AUG220830-30,2026-08-22 12:18:00+00:00,0.44,0.43,0.5700000000000001
KXBTC15M-26AUG220830-30,2026-08-22 12:19:00+00:00,0.38,0.37,0.63
KXBTC15M-26AUG220830-30,2026-08-22 12:20:00+00:00,0.54,0.53,0.47
KXBTC15M-26AUG220830-30,2026-08-22 12:21:00+00:00,0.53,0.52,0.48
KXBTC15M-26AUG220830-30,2026-08-22 12:22:00+00:00,0.75,0.74,0.26
KXBTC15M-26AUG220830-30,2026-08-22 12:23:00+00:00,0.63,0.62,0.38
KXBTC15M-26AUG220830-30,2026-08-22 12:24:00+00:00,0.68,0.67,0.3299999999999999
KXBTC15M-26AUG220830-30,2026-08-22 12:25:00+00:00,0.72,0.71,0.29
KXBTC15M-26AUG220830-30,2026-08-22 12:26:00+00:00,0.81,0.8,0.1999999999999999
KXBTC15M-26AUG220830-30,2026-08-22 12:27:00+00:00,0.905,0.904,0.0959999999999999
KXBTC15M-26AUG220830-30,2026-08-22 12:28:00+00:00,0.983,0.982,0.018
KXBTC15M-26AUG220830-30,2026-08-22 12:29:00+00:00,0.998,0.997,0.003
KXBTC15M-26AUG220830-30,2026-08-22 12:30:00+00:00,1.0,0.999,0.001
KXBTC15M-26AUG220845-45,2026-08-22 12:31:00+00:00,0.45,0.44,0.56
KXBTC15M-26AUG220845-45,2026-08-22 12:32:00+00:00,0.33,0.32,0.6799999999999999
KXBTC15M-26AUG220845-45,2026-08-22 12:33:00+00:00,0.27,0.26,0.74
KXBTC15M-26AUG220845-45,2026-08-22 12:34:00+00:00,0.25,0.24,0.76
KXBTC15M-26AUG220845-45,2026-08-22 12:35:00+00:00,0.2,0.19,0.81
KXBTC15M-26AUG220845-45,2026-08-22 12:36:00+00:00,0.2,0.19,0.81
KXBTC15M-26AUG220845-45,2026-08-22 12:37:00+00:00,0.21,0.2,0.8
KXBTC15M-26AUG220845-45,2026-08-22 12:38:00+00:00,0.26,0.25,0.75
KXBTC15M-26AUG220845-45,2026-08-22 12:39:00+00:00,0.18,0.17,0.83
KXBTC15M-26AUG220845-45,2026-08-22 12:40:00+00:00,0.15,0.14,0.86
KXBTC15M-26AUG220845-45,2026-08-22 12:41:00+00:00,0.25,0.24,0.76
KXBTC15M-26AUG220845-45,2026-08-22 12:42:00+00:00,0.16,0.15,0.85
KXBTC15M-26AUG220845-45,2026-08-22 12:43:00+00:00,0.12,0.11,0.89
KXBTC15M-26AUG220845-45,2026-08-22 12:44:00+00:00,0.26,0.25,0.75
KXBTC15M-26AUG220845-45,2026-08-22 12:45:00+00:00,1.0,0.999,0.001
KXBTC15M-26AUG220900-00,2026-08-22 12:46:00+00:00,0.59,0.58,0.42
KXBTC15M-26AUG220900-00,2026-08-22 12:47:00+00:00,0.48,0.47,0.53
KXBTC15M-26AUG220900-00,2026-08-22 12:48:00+00:00,0.6,0.59,0.41
KXBTC15M-26AUG220900-00,2026-08-22 12:49:00+00:00,0.59,0.58,0.42
KXBTC15M-26AUG220900-00,2026-08-22 12:50:00+00:00,0.56,0.55,0.4499999999999999
KXBTC15M-26AUG220900-00,2026-08-22 12:51:00+00:00,0.33,0.32,0.6799999999999999
KXBTC15M-26AUG220900-00,2026-08-22 12:52:00+00:00,0.21,0.2,0.8
KXBTC15M-26AUG220900-00,2026-08-22 12:53:00+00:00,0.26,0.25,0.75
KXBTC15M-26AUG220900-00,2026-08-22 12:54:00+00:00,0.36,0.35,0.65
KXBTC15M-26AUG220900-00,2026-08-22 12:55:00+00:00,0.41,0.4,0.6
KXBTC15M-26AUG220900-00,2026-08-22 12:56:00+00:00,0.32,0.31,0.69
KXBTC15M-26AUG220900-00,2026-08-22 12:57:00+00:00,0.34,0.33,0.6699999999999999
KXBTC15M-26AUG220900-00,2026-08-22 12:58:00+00:00,0.62,0.61,0.39
KXBTC15M-26AUG220900-00,2026-08-22 12:59:00+00:00,0.1,0.097,0.903
KXBTC15M-26AUG220900-00,2026-08-22 13:00:00+00:00,0.001,0.0,1.0
KXBTC15M-26AUG220915-15,2026-08-22 13:01:00+00:00,0.47,0.46,0.54
KXBTC15M-26AUG220915-15,2026-08-22 13:02:00+00:00,0.35,0.34,0.6599999999999999
KXBTC15M-26AUG220915-15,2026-08-22 13:03:00+00:00,0.35,0.34,0.6599999999999999
KXBTC15M-26AUG220915-15,2026-08-22 13:04:00+00:00,0.23,0.22,0.78
KXBTC15M-26AUG220915-15,2026-08-22 13:05:00+00:00,0.26,0.25,0.75
KXBTC15M-26AUG220915-15,2026-08-22 13:06:00+00:00,0.21,0.2,0.8
KXBTC15M-26AUG220915-15,2026-08-22 13:07:00+00:00,0.17,0.16,0.84
KXBTC15M-26AUG220915-15,2026-08-22 13:08:00+00:00,0.2,0.19,0.81
KXBTC15M-26AUG220915-15,2026-08-22 13:09:00+00:00,0.15,0.14,0.86
KXBTC15M-26AUG220915-15,2026-08-22 13:10:00+00:00,0.23,0.22,0.78
KXBTC15M-26AUG220915-15,2026-08-22 13:11:00+00:00,0.15,0.14,0.86
KXBTC15M-26AUG220915-15,2026-08-22 13:12:00+00:00,0.064,0.06,0.94
KXBTC15M-26AUG220915-15,2026-08-22 13:13:00+00:00,0.027,0.026,0.974
KXBTC15M-26AUG220915-15,2026-08-22 13:14:00+00:00,0.002,0.001,0.999
KXBTC15M-26AUG220915-15,2026-08-22 13:15:00+00:00,0.001,0.0,1.0
KXBTC15M-26AUG220930-30,2026-08-22 13:16:00+00:00,0.51,0.5,0.5
KXBTC15M-26AUG220930-30,2026-08-22 13:17:00+00:00,0.55,0.54,0.4599999999999999
KXBTC15M-26AUG220930-30,2026-08-22 13:18:00+00:00,0.3,0.29,0.71
KXBTC15M-26AUG220930-30,2026-08-22 13:19:00+00:00,0.29,0.28,0.72
KXBTC15M-26AUG220930-30,2026-08-22 13:20:00+00:00,0.24,0.23,0.77
KXBTC15M-26AUG220930-30,2026-08-22 13:21:00+00:00,0.19,0.18,0.8200000000000001
KXBTC15M-26AUG220930-30,2026-08-22 13:22:00+00:00,0.28,0.27,0.73
KXBTC15M-26AUG220930-30,2026-08-22 13:23:00+00:00,0.15,0.14,0.86
KXBTC15M-26AUG220930-30,2026-08-22 13:24:00+00:00,0.15,0.14,0.86
KXBTC15M-26AUG220930-30,2026-08-22 13:25:00+00:00,0.25,0.24,0.76
KXBTC15M-26AUG220930-30,2026-08-22 13:26:00+00:00,0.44,0.43,0.5700000000000001
KXBTC15M-26AUG220930-30,2026-08-22 13:27:00+00:00,0.53,0.52,0.48
KXBTC15M-26AUG220930-30,2026-08-22 13:28:00+00:00,0.16,0.15,0.85
KXBTC15M-26AUG220930-30,2026-08-22 13:29:00+00:00,0.017,0.016,0.984
KXBTC15M-26AUG220930-30,2026-08-22 13:30:00+00:00,0.001,0.0,1.0
