timestamp_utc,contract,elapsed_min,time_left_min,btc_price,kalshi_target,target_gap_dollars,early_bias,raw_model_confidence,preferred_kalshi_ask,model_edge_vs_ask,opportunity_status,price_zone,ladder_status,ladder_direction,ladder_confidence,checkpoints,expected_final_outcome,final_status,final_side,final_confidence,strict_distance_pct,directional_agreement,confidence_change,strict_model_ready,brti_kalshi_gate_ready
2026-09-02T04:24:10.158039+00:00,KXBTC15M-26SEP020030-30,9.16715155,5.83284845,77358.8,77346.26,12.540000000008149,DOWN,0.5226344262646897,0.43,0.0926344262646897,WATCH,ACCEPTABLE PRICE,RAW FORECAST,DOWN,0.5226344262646897,9,UP,PASS,NONE,,0.0005015519268556368,0,-0.00691763283510638,False,False
2026-09-02T04:25:25.525936+00:00,KXBTC15M-26SEP020030-30,10.422991883333333,4.577008116666667,77378.86,77346.26,32.60000000000582,DOWN,0.5425581662235698,0.22,0.3225581662235698,WATCH,DEEP VALUE PRICE,RAW FORECAST,DOWN,0.5425581662235698,9,UP,PASS,NONE,,0.0007611225089081408,0,0.013006107123773702,False,False
2026-09-02T04:26:40.806468+00:00,KXBTC15M-26SEP020030-30,11.678033066666668,3.321966933333332,77371.26,77346.26,25.0,DOWN,0.5333601765410391,0.35,0.1833601765410391,WATCH,ATTRACTIVE PRICE,RAW FORECAST,DOWN,0.5333601765410391,"9,11",UP,PASS,NONE,,0.0005795395008356685,1,0.0038081174412429863,False,False
2026-09-02T04:29:22.002896+00:00,KXBTC15M-26SEP020030-30,14.363992166666666,0.6360078333333341,77396.53,77346.26,50.270000000004075,DOWN,0.5236547512336935,0.004,0.5196547512336935,WATCH,DEEP VALUE PRICE,RAW FORECAST,DOWN,0.5236547512336935,"9,11",UP,PASS,NONE,,0.0010150024553801096,0,-0.005897307866102541,False,False
2026-09-02T04:30:37.722310+00:00,KXBTC15M-26SEP020045-45,0.6264402166666667,14.373559783333333,77395.32,77389.57,5.75,DOWN,0.5277903983504981,0.43,0.09779039835049813,WATCH,ACCEPTABLE PRICE,RAW FORECAST,DOWN,0.5277903983504981,,DOWN,PASS,NONE,,,0,-0.0017616607492979552,False,False
2026-09-02T04:31:53.484528+00:00,KXBTC15M-26SEP020045-45,1.8887840166666665,13.111215983333334,77423.25,77389.57,33.679999999993015,DOWN,0.5562405145325325,0.29,0.26624051453253256,WATCH,DEEP VALUE PRICE,RAW FORECAST,DOWN,0.5562405145325325,,UP,PASS,NONE,,0.0003381341404105065,1,0.03605054557301468,False,False
2026-09-02T04:33:09.041028+00:00,KXBTC15M-26SEP020045-45,3.1485916833333336,11.851408316666667,77457.49,77389.57,67.91999999999825,DOWN,0.5197980418025026,0.26,0.25979804180250254,WATCH,DEEP VALUE PRICE,RAW FORECAST,DOWN,0.5197980418025026,,UP,PASS,NONE,,0.0006394443488313417,0,-0.0003919271570153038,False,False
2026-09-02T04:34:24.400110+00:00,KXBTC15M-26SEP020045-45,4.404515633333333,10.595484366666668,77443.67,77389.57,54.09999999999127,DOWN,0.544076355552353,0.33,0.214076355552353,WATCH,ATTRACTIVE PRICE,RAW FORECAST,DOWN,0.544076355552353,,UP,PASS,NONE,,0.0006247147760354288,1,0.02388638659283515,False,False
2026-09-02T04:35:40.060655+00:00,KXBTC15M-26SEP020045-45,5.6646028,9.3353972,77466.84,77389.57,77.26999999998952,DOWN,0.5336217022207725,0.25,0.28362170222077254,WATCH,DEEP VALUE PRICE,RAW FORECAST,DOWN,0.5336217022207725,,UP,PASS,NONE,,0.0009273170522454688,0,0.013431733261254686,False,False
2026-09-02T04:36:55.305310+00:00,KXBTC15M-26SEP020045-45,6.91898965,8.08101035,77437.46,77389.57,47.88999999999942,DOWN,0.5311734032622749,0.2,0.3311734032622749,WATCH,DEEP VALUE PRICE,RAW FORECAST,DOWN,0.5311734032622749,,UP,PASS,NONE,,0.0005444773663316749,0,0.010983434302757056,False,False
2026-09-02T04:38:11.098306+00:00,KXBTC15M-26SEP020045-45,8.18294935,6.8170506500000005,77462.73,77389.57,73.15999999998894,DOWN,0.5193558613219904,0.18,0.3393558613219904,WATCH,DEEP VALUE PRICE,RAW FORECAST,DOWN,0.5193558613219904,8,UP,PASS,NONE,,0.0009327437369597291,0,-0.0008341076375274481,False,False
2026-09-02T04:39:26.540085+00:00,KXBTC15M-26SEP020045-45,9.44027585,5.559724149999999,77457.25,77389.57,67.67999999999302,DOWN,0.52689417616917,0.09,0.43689417616917003,WATCH,DEEP VALUE PRICE,RAW FORECAST,DOWN,0.52689417616917,"8,9",UP,PASS,NONE,,0.0008373891341233453,0,0.0067042072096521466,False,False
2026-09-02T04:40:42.390282+00:00,KXBTC15M-26SEP020045-45,10.704466566666667,4.295533433333333,77489.09,77389.57,99.51999999998952,DOWN,0.5453874988733919,0.022,0.5233874988733919,WATCH,DEEP VALUE PRICE,RAW FORECAST,DOWN,0.5453874988733919,"8,9",UP,PASS,NONE,,0.00131920121268303,0,0.02519752991387403,False,False
2026-09-02T04:41:59.168842+00:00,KXBTC15M-26SEP020045-45,11.9841557,3.0158442999999995,77478.22,77389.57,88.64999999999418,DOWN,0.5237925979015998,0.028,0.4957925979015998,WATCH,DEEP VALUE PRICE,RAW FORECAST,DOWN,0.5237925979015998,"8,9,11",UP,PASS,NONE,,0.0009828759671772769,1,0.0036026289420819646,False,False
2026-09-02T04:43:19.276230+00:00,KXBTC15M-26SEP020045-45,13.319113183333334,1.680886816666666,77523.17,77389.57,133.59999999999127,DOWN,0.5382099913146334,0.002,0.5362099913146334,WATCH,DEEP VALUE PRICE,RAW FORECAST,DOWN,0.5382099913146334,"8,9,11",UP,PASS,NONE,,0.001651908668379276,0,0.018020022355115572,False,False
2026-09-02T04:44:36.556368+00:00,KXBTC15M-26SEP020045-45,14.60645085,0.3935491500000001,77516.79,77389.57,127.21999999998661,DOWN,0.5323426188927197,0.001,0.5313426188927197,WATCH,DEEP VALUE PRICE,RAW FORECAST,DOWN,0.5323426188927197,"8,9,11",UP,PASS,NONE,,0.0015694747434338296,0,0.012152649933201864,False,False
2026-09-02T04:45:53.664117+00:00,KXBTC15M-26SEP020100-00,0.8923880000000001,14.107612,77558.73,77538.22,20.50999999999476,DOWN,0.584022644180659,0.47,0.114022644180659,WATCH,ACCEPTABLE PRICE,RAW FORECAST,DOWN,0.584022644180659,,UP,PASS,NONE,,3.14600911981433e-05,0,0.05721355394903249,False,False
2026-09-02T04:47:10.405721+00:00,KXBTC15M-26SEP020100-00,2.17116755,12.82883245,77573.02,77538.22,34.80000000000291,DOWN,0.6416445260820953,0.4,0.2416445260820953,WATCH,ATTRACTIVE PRICE,RAW FORECAST,DOWN,0.6416445260820953,,UP,PASS,NONE,,0.00011191540639354791,1,0.057621881901436356,False,False
2026-09-02T04:48:27.128591+00:00,KXBTC15M-26SEP020100-00,3.44896775,11.55103225,77532.8,77538.22,-5.419999999998254,DOWN,0.5657878056747256,0.49,0.07578780567472565,WATCH,ACCEPTABLE PRICE,RAW FORECAST,DOWN,0.5657878056747256,,UP,PASS,NONE,,0.00033239391438055765,2,-0.018234838505933326,False,False
2026-09-02T04:49:44.154108+00:00,KXBTC15M-26SEP020100-00,4.733848766666667,10.266151233333332,77545.31,77538.22,7.0899999999965075,DOWN,0.5765434321790426,0.35,0.2265434321790426,WATCH,ATTRACTIVE PRICE,RAW FORECAST,DOWN,0.5765434321790426,,UP,PASS,NONE,,0.0001912103083888672,1,-0.0074792120016163866,False,False
2026-09-02T04:51:01.267817+00:00,KXBTC15M-26SEP020100-00,6.01912235,8.98087765,77544.47,77538.22,6.25,DOWN,0.5788192798833864,0.45,0.12881927988338643,WATCH,ACCEPTABLE PRICE,RAW FORECAST,DOWN,0.5788192798833864,,UP,PASS,NONE,,0.0001817980679894582,1,-0.005203364297272528,False,False
2026-09-02T04:52:18.297423+00:00,KXBTC15M-26SEP020100-00,7.30256645,7.69743355,77530.41,77538.22,-7.809999999997672,DOWN,0.569584609769898,0.54,0.029584609769897963,WATCH,EXPENSIVE / WAIT,RAW FORECAST,DOWN,0.569584609769898,7,DOWN,PASS,NONE,,0.0003905435091773324,3,-0.01443803441076097,False,False
2026-09-02T04:53:35.337012+00:00,KXBTC15M-26SEP020100-00,8.586764366666667,6.413235633333333,77536.13,77538.22,-2.0899999999965075,DOWN,0.5728523627237098,0.56,0.01285236272370971,WATCH,EXPENSIVE / WAIT,RAW FORECAST,DOWN,0.5728523627237098,"7,8",UP,PASS,NONE,,0.00029667897478258265,1,-0.011170281456949205,False,False
2026-09-02T04:54:52.744561+00:00,KXBTC15M-26SEP020100-00,9.8763889,5.1236111,77534.46,77538.22,-3.7599999999947613,DOWN,0.5666532453664309,0.73,-0.16334675463356907,WATCH,EXPENSIVE / WAIT,RAW FORECAST,DOWN,0.5666532453664309,"7,8,9",DOWN,PASS,NONE,,0.0003109907375817844,2,-0.017369398814228054,False,False
2026-09-02T04:56:09.761324+00:00,KXBTC15M-26SEP020100-00,11.160492416666667,3.839507583333333,77501.19,77538.22,-37.029999999998836,DOWN,0.5649881873114427,0.89,-0.3250118126885573,WATCH,EXPENSIVE / WAIT,RAW FORECAST,DOWN,0.5649881873114427,"7,8,9,11",DOWN,PASS,NONE,,0.0007399568171567728,3,-0.019034456869216232,False,True
2026-09-02T04:57:26.763839+00:00,KXBTC15M-26SEP020100-00,12.443846166666667,2.556153833333333,77496.75,77538.22,-41.470000000001164,DOWN,0.5563301583480005,0.77,-0.21366984165199954,WATCH,EXPENSIVE / WAIT,RAW FORECAST,DOWN,0.5563301583480005,"7,8,9,11",DOWN,PASS,NONE,,0.0007972038683534688,2,-0.027692485832658487,False,True
2026-09-02T04:58:43.931855+00:00,KXBTC15M-26SEP020100-00,13.729811266666667,1.2701887333333328,77520.65,77538.22,-17.570000000006985,DOWN,0.562566500690856,0.973,-0.41043349930914397,WATCH,EXPENSIVE / WAIT,RAW FORECAST,DOWN,0.562566500690856,"7,8,9,11",DOWN,PASS,NONE,,0.0004890496963715352,1,-0.02145614348980296,False,True
2026-09-02T05:00:01.155851+00:00,,,,77510.76,,,DOWN,0.5728850333502005,,,WATCH,NO LIVE ASK,RAW FORECAST,DOWN,0.5728850333502005,,DOWN,PASS,NONE,,,0,,False,False
2026-09-02T05:01:18.833920+00:00,KXBTC15M-26SEP020115-15,1.31147735,13.68852265,77528.26,77519.68,8.580000000001746,DOWN,0.5532841906028196,0.44,0.11328419060281963,WATCH,ACCEPTABLE PRICE,RAW FORECAST,DOWN,0.5532841906028196,,UP,PASS,NONE,,0.00017867108446489866,0,-0.02967443677614201,False,False
2026-09-02T05:02:36.774544+00:00,KXBTC15M-26SEP020115-15,2.6091423000000002,12.3908577,77500.0,77519.68,-19.679999999993015,DOWN,0.5025401258821819,0.82,-0.31745987411781806,WATCH,EXPENSIVE / WAIT,RAW FORECAST,DOWN,0.5025401258821819,,DOWN,PASS,NONE,,0.0005271119502703314,3,-0.08041850149677976,False,True
2026-09-02T05:03:54.319109+00:00,KXBTC15M-26SEP020115-15,3.9029460333333335,11.097053966666667,77430.16,77519.68,-89.51999999998952,UP,0.5666431843402628,0.21,0.3566431843402629,WATCH,DEEP VALUE PRICE,RAW FORECAST,UP,0.5666431843402628,,DOWN,PASS,NONE,,0.0011041486006765355,1,-0.016315443038698807,False,False
2026-09-02T05:05:11.533493+00:00,KXBTC15M-26SEP020115-15,5.1899128,9.8100872,77478.47,77519.68,-41.20999999999185,DOWN,0.5140282101593392,0.83,-0.31597178984066077,WATCH,EXPENSIVE / WAIT,RAW FORECAST,DOWN,0.5140282101593392,,DOWN,PASS,NONE,,0.0008689735920267561,3,-0.06893041721962245,False,True
2026-09-02T05:06:28.952679+00:00,KXBTC15M-26SEP020115-15,6.479879583333333,8.520120416666668,77405.85,77519.68,-113.8299999999872,UP,0.5615613898479943,0.15,0.4115613898479943,WATCH,DEEP VALUE PRICE,RAW FORECAST,UP,0.5615613898479943,,DOWN,PASS,NONE,,0.0012060620712378567,0,-0.02139723753096734,False,False
2026-09-02T05:07:45.852673+00:00,KXBTC15M-26SEP020115-15,7.76202425,7.23797575,77397.36,77519.68,-122.31999999999243,UP,0.5612640963192345,0.064,0.49726409631923446,WATCH,DEEP VALUE PRICE,RAW FORECAST,UP,0.5612640963192345,7,DOWN,PASS,NONE,,0.0015400544450141496,0,-0.021694531059727185,False,False
2026-09-02T05:09:02.605993+00:00,KXBTC15M-26SEP020115-15,9.041198566666667,5.958801433333333,77411.48,77519.68,-108.19999999999709,UP,0.5547133444242696,0.085,0.46971334442426954,WATCH,DEEP VALUE PRICE,RAW FORECAST,UP,0.5547133444242696,"7,9",DOWN,PASS,NONE,,0.0013580292463279964,1,-0.028245282954692086,False,False
2026-09-02T05:10:19.462705+00:00,KXBTC15M-26SEP020115-15,10.32234245,4.677657549999999,77447.52,77519.68,-72.15999999998894,DOWN,0.5041670890354494,0.917,-0.41283291096455066,WATCH,EXPENSIVE / WAIT,RAW FORECAST,DOWN,0.5041670890354494,"7,9",DOWN,PASS,NONE,,0.0010460966237745284,1,-0.07879153834351227,False,True
2026-09-02T05:11:36.947793+00:00,KXBTC15M-26SEP020115-15,11.61338695,3.3866130499999993,77455.31,77519.68,-64.36999999999534,DOWN,0.5088386208048825,0.911,-0.4021613791951175,WATCH,EXPENSIVE / WAIT,RAW FORECAST,DOWN,0.5088386208048825,"7,9,11",DOWN,PASS,NONE,,0.0007924739869092923,0,-0.07412000657407913,False,True
2026-09-02T05:12:53.958394+00:00,KXBTC15M-26SEP020115-15,12.897174283333333,2.1028257166666666,77496.53,77519.68,-23.14999999999418,DOWN,0.5460037238829455,0.77,-0.22399627611705453,WATCH,EXPENSIVE / WAIT,RAW FORECAST,DOWN,0.5460037238829455,"7,9,11",DOWN,PASS,NONE,,0.0001780260624996144,0,-0.036954903496016156,False,True
2026-09-02T05:14:10.847771+00:00,KXBTC15M-26SEP020115-15,14.1783325,0.8216675000000002,77516.38,77519.68,-3.2999999999883585,DOWN,0.5351539075426057,0.19,0.3451539075426057,WATCH,DEEP VALUE PRICE,RAW FORECAST,DOWN,0.5351539075426057,"7,9,11",DOWN,PASS,NONE,,0.0001152009230520612,0,-0.047804719836355924,False,False
2026-09-02T05:15:27.881078+00:00,,,,77556.12,,,DOWN,0.6079626072160857,,,WATCH,NO LIVE ASK,RAW FORECAST,DOWN,0.6079626072160857,,DOWN,PASS,NONE,,,0,,False,False
2026-09-02T05:16:44.839228+00:00,KXBTC15M-26SEP020130-30,1.7439402333333334,13.256059766666667,77604.18,77560.22,43.95999999999185,DOWN,0.5669917296050883,0.29,0.2769917296050883,WATCH,DEEP VALUE PRICE,RAW FORECAST,DOWN,0.5669917296050883,,UP,PASS,NONE,,0.00044273327589228195,0,-0.027348255568825697,False,False
2026-09-02T05:18:01.354631+00:00,KXBTC15M-26SEP020130-30,3.020219533333333,11.979780466666668,77627.8,77560.22,67.58000000000175,DOWN,0.6031815908730087,0.27,0.3331815908730087,WATCH,DEEP VALUE PRICE,RAW FORECAST,DOWN,0.6031815908730087,,UP,PASS,NONE,,0.000631997238911941,1,0.008841605699094757,False,False
2026-09-02T05:19:18.234877+00:00,KXBTC15M-26SEP020130-30,4.3017581,10.6982419,77617.39,77560.22,57.169999999998254,DOWN,0.5812562703431148,0.38,0.20125627034311477,WATCH,ATTRACTIVE PRICE,RAW FORECAST,DOWN,0.5812562703431148,,UP,PASS,NONE,,0.0006931083550369976,1,-0.013083714830799176,False,False
2026-09-02T05:20:34.986913+00:00,KXBTC15M-26SEP020130-30,5.5807113500000005,9.419288649999999,77615.76,77560.22,55.5399999999936,DOWN,0.5789443790319371,0.3,0.2789443790319371,WATCH,DEEP VALUE PRICE,RAW FORECAST,DOWN,0.5789443790319371,,UP,PASS,NONE,,0.0006720933509685167,1,-0.01539560614197688,False,False
2026-09-02T05:21:52.313623+00:00,KXBTC15M-26SEP020130-30,6.86962315,8.130376850000001,77639.83,77560.22,79.61000000000058,DOWN,0.5912605612572566,0.16,0.43126056125725654,WATCH,DEEP VALUE PRICE,RAW FORECAST,DOWN,0.5912605612572566,,UP,PASS,NONE,,0.0010782115277481186,1,-0.0030794239166573867,False,False
2026-09-02T05:23:09.164294+00:00,KXBTC15M-26SEP020130-30,8.150608666666667,6.849391333333333,77629.04,77560.22,68.81999999999243,DOWN,0.5977153962437242,0.17,0.4277153962437241,WATCH,DEEP VALUE PRICE,RAW FORECAST,DOWN,0.5977153962437242,8,UP,PASS,NONE,,0.0008433076172427167,1,0.003375411069810208,False,False
2026-09-02T05:24:25.857896+00:00,KXBTC15M-26SEP020130-30,9.428922966666667,5.571077033333333,77630.98,77560.22,70.75999999999476,DOWN,0.5949082324317828,0.13,0.4649082324317828,WATCH,DEEP VALUE PRICE,RAW FORECAST,DOWN,0.5949082324317828,"8,9",UP,PASS,NONE,,0.000868319339875967,2,0.0005682472578688591,False,False
2026-09-02T05:25:42.861756+00:00,KXBTC15M-26SEP020130-30,10.712311133333333,4.287688866666667,77705.82,77560.22,145.60000000000582,DOWN,0.584523638613377,0.051,0.5335236386133769,WATCH,DEEP VALUE PRICE,RAW FORECAST,DOWN,0.584523638613377,"8,9",UP,PASS,NONE,,0.0018332045573421496,0,-0.009816346560536982,False,False
2026-09-02T05:26:58.952516+00:00,KXBTC15M-26SEP020130-30,11.980464983333333,3.0195350166666675,77672.61,77560.22,112.38999999999942,DOWN,0.5837802607686396,0.041,0.5427802607686396,WATCH,DEEP VALUE PRICE,RAW FORECAST,DOWN,0.5837802607686396,"8,9,11",UP,PASS,NONE,,0.00133683789683392,0,-0.010559724405274307,False,False
2026-09-02T05:28:15.516003+00:00,KXBTC15M-26SEP020130-30,13.256245766666666,1.743754233333334,77681.95,77560.22,121.72999999999593,DOWN,0.5826870659818358,0.003,0.5796870659818358,WATCH,DEEP VALUE PRICE,RAW FORECAST,DOWN,0.5826870659818358,"8,9,11",UP,PASS,NONE,,0.0015254572278269318,1,-0.011652919192078115,False,False
2026-09-02T05:29:32.413608+00:00,KXBTC15M-26SEP020130-30,14.537584283333333,0.46241571666666736,77694.86,77560.22,134.63999999999942,DOWN,0.5914633503164567,0.001,0.5904633503164567,WATCH,DEEP VALUE PRICE,RAW FORECAST,DOWN,0.5914633503164567,"8,9,11",UP,PASS,NONE,,0.0018317863668835255,0,-0.002876634857457261,False,False
2026-09-02T05:30:49.771915+00:00,KXBTC15M-26SEP020145-45,0.82727985,14.17272015,77694.87,77711.23,-16.360000000000582,DOWN,0.5983928671045236,0.57,0.0283928671045236,WATCH,EXPENSIVE / WAIT,RAW FORECAST,DOWN,0.5983928671045236,,DOWN,PASS,NONE,,3.796912788134321e-05,0,0.0016284824264638509,False,False
2026-09-02T05:32:07.108036+00:00,KXBTC15M-26SEP020145-45,2.1161257333333334,12.883874266666666,77686.23,77711.23,-25.0,DOWN,0.5863739200528774,0.68,-0.09362607994712269,WATCH,EXPENSIVE / WAIT,RAW FORECAST,DOWN,0.5863739200528774,,DOWN,PASS,NONE,,0.00010901644513716668,1,-0.01201894705164619,False,True
2026-09-02T05:33:24.493123+00:00,KXBTC15M-26SEP020145-45,3.4042514333333336,11.595748566666666,77663.27,77711.23,-47.95999999999185,DOWN,0.5961763384509156,0.68,-0.0838236615490845,WATCH,EXPENSIVE / WAIT,RAW FORECAST,DOWN,0.5961763384509156,,DOWN,PASS,NONE,,6.049318679390847e-05,1,-0.0022165286536079964,False,True
2026-09-02T05:34:41.236491+00:00,KXBTC15M-26SEP020145-45,4.684974366666666,10.315025633333335,77637.54,77711.23,-73.69000000000233,UP,0.5491499428163003,0.25,0.29914994281630025,WATCH,DEEP VALUE PRICE,RAW FORECAST,UP,0.5491499428163003,,DOWN,PASS,NONE,,0.0007355714096327626,0,-0.0492429242882233,False,False
2026-09-02T05:35:58.648941+00:00,KXBTC15M-26SEP020145-45,5.974825933333333,9.025174066666667,77642.52,77711.23,-68.70999999999185,DOWN,0.5501578443195232,0.76,-0.20984215568047682,WATCH,EXPENSIVE / WAIT,RAW FORECAST,DOWN,0.5501578443195232,,DOWN,PASS,NONE,,0.0006716030823208374,2,-0.04823502278500036,False,True
2026-09-02T05:37:16.186991+00:00,KXBTC15M-26SEP020145-45,7.267503633333333,7.732496366666667,77656.92,77711.23,-54.30999999999767,DOWN,0.575583225876285,0.8,-0.22441677412371508,WATCH,EXPENSIVE / WAIT,RAW FORECAST,DOWN,0.575583225876285,7,DOWN,PASS,NONE,,0.0006024863986860973,2,-0.022809641228238586,False,True
2026-09-02T05:38:33.575001+00:00,KXBTC15M-26SEP020145-45,8.556998083333333,6.443001916666667,77665.47,77711.23,-45.75999999999476,DOWN,0.6005963797952325,0.86,-0.2594036202047675,WATCH,EXPENSIVE / WAIT,RAW FORECAST,DOWN,0.6005963797952325,"7,8",DOWN,PASS,NONE,,0.0004295016262370055,0,0.002203512690708953,False,True
2026-09-02T05:39:50.614042+00:00,KXBTC15M-26SEP020145-45,9.8407779,5.159222099999999,77635.8,77711.23,-75.42999999999302,DOWN,0.5351946667991256,0.88,-0.34480533320087436,WATCH,EXPENSIVE / WAIT,RAW FORECAST,DOWN,0.5351946667991256,"7,8,9",DOWN,PASS,NONE,,0.0006246243308745125,1,-0.06319820030539791,False,True
2026-09-02T05:41:07.989544+00:00,KXBTC15M-26SEP020145-45,11.1309513,3.8690487000000005,77647.27,77711.23,-63.95999999999185,DOWN,0.5573873411898113,0.88,-0.32261265881018875,WATCH,EXPENSIVE / WAIT,RAW FORECAST,DOWN,0.5573873411898113,"7,8,9,11",DOWN,PASS,NONE,,0.0006104663509864938,1,-0.04100552591471229,False,True
2026-09-02T05:42:25.166774+00:00,KXBTC15M-26SEP020145-45,12.417325799999999,2.5826742000000014,77661.2,77711.23,-50.029999999998836,DOWN,0.5984398559890367,0.89,-0.2915601440109633,WATCH,EXPENSIVE / WAIT,RAW FORECAST,DOWN,0.5984398559890367,"7,8,9,11",DOWN,PASS,NONE,,0.00043117484204202583,0,4.698888451315497e-05,False,True
2026-09-02T05:43:42.561496+00:00,KXBTC15M-26SEP020145-45,13.707209083333334,1.2927909166666662,77672.75,77711.23,-38.479999999995925,DOWN,0.6035087674333568,0.969,-0.3654912325666432,WATCH,EXPENSIVE / WAIT,RAW FORECAST,DOWN,0.6035087674333568,"7,8,9,11",DOWN,PASS,NONE,,0.0002503388262005135,0,0.005115900328833245,False,True
2026-09-02T05:44:59.859066+00:00,KXBTC15M-26SEP020145-45,14.995534233333332,0.004465766666667648,77666.86,77711.23,-44.36999999999534,DOWN,0.6061477967030062,1.0,-0.3938522032969938,WATCH,EXPENSIVE / WAIT,RAW FORECAST,DOWN,0.6061477967030062,"7,8,9,11",DOWN,PASS,NONE,,0.0004890938506745268,2,0.007754929598482674,False,True
2026-09-02T05:46:16.739332+00:00,KXBTC15M-26SEP020200-00,1.2767115333333334,13.723288466666666,77669.54,77663.63,5.9099999999889405,DOWN,0.5748333754366978,0.45,0.12483337543669776,WATCH,ACCEPTABLE PRICE,RAW FORECAST,DOWN,0.5748333754366978,,UP,PASS,NONE,,0.00012361585651476936,1,-0.019186618950764345,False,False
2026-09-02T05:47:33.430193+00:00,KXBTC15M-26SEP020200-00,2.5545389,12.4454611,77694.98,77663.63,31.34999999999127,DOWN,0.6144639663070173,0.32,0.29446396630701727,WATCH,ATTRACTIVE PRICE,RAW FORECAST,DOWN,0.6144639663070173,,UP,PASS,NONE,,0.0004081898595336142,0,0.02044397191955516,False,False
2026-09-02T05:48:50.433329+00:00,KXBTC15M-26SEP020200-00,3.8382319333333332,11.161768066666667,77704.27,77663.63,40.63999999999942,DOWN,0.6127266027570049,0.35,0.2627266027570049,WATCH,ATTRACTIVE PRICE,RAW FORECAST,DOWN,0.6127266027570049,,UP,PASS,NONE,,0.0004985839546103321,1,0.018706608369542743,False,False
2026-09-02T05:50:07.776076+00:00,KXBTC15M-26SEP020200-00,5.127426600000001,9.8725734,77710.63,77663.63,47.0,DOWN,0.6301516455725754,0.24,0.3901516455725754,WATCH,DEEP VALUE PRICE,RAW FORECAST,DOWN,0.6301516455725754,,UP,PASS,NONE,,0.0006527174757025023,0,0.0361316511851133,False,False
2026-09-02T05:51:24.688643+00:00,KXBTC15M-26SEP020200-00,6.409403866666667,8.590596133333333,77668.44,77663.63,4.809999999997672,DOWN,0.6003460142761605,0.42,0.18034601427616054,WATCH,ACCEPTABLE PRICE,RAW FORECAST,DOWN,0.6003460142761605,,UP,PASS,NONE,,0.00010945153962271803,3,0.006326019888698409,False,False
2026-09-02T05:52:41.837952+00:00,KXBTC15M-26SEP020200-00,7.695096466666667,7.304903533333333,77670.86,77663.63,7.2299999999959255,DOWN,0.6078581211755117,0.42,0.18785812117551176,WATCH,ACCEPTABLE PRICE,RAW FORECAST,DOWN,0.6078581211755117,7,UP,PASS,NONE,,7.172295008195384e-05,3,0.013838126788049632,False,False
2026-09-02T05:53:59.004716+00:00,KXBTC15M-26SEP020200-00,8.981124849999999,6.018875150000001,77678.39,77663.63,14.759999999994761,DOWN,0.6004039659539264,0.36,0.24040396595392644,WATCH,ATTRACTIVE PRICE,RAW FORECAST,DOWN,0.6004039659539264,"7,8",UP,PASS,NONE,,0.00013996920419967473,2,0.006383971566464308,False,False
2026-09-02T05:55:16.227444+00:00,KXBTC15M-26SEP020200-00,10.268186266666667,4.7318137333333326,77664.53,77663.63,0.8999999999941792,DOWN,0.5548271904005955,0.37,0.18482719040059548,WATCH,ATTRACTIVE PRICE,RAW FORECAST,DOWN,0.5548271904005955,"7,8,9",UP,PASS,NONE,,5.910383139617892e-05,3,-0.03919280398686664,False,False
2026-09-02T05:56:33.605049+00:00,KXBTC15M-26SEP020200-00,11.5572888,3.4427111999999997,77588.39,77663.63,-75.24000000000524,DOWN,0.5420386194129438,0.67,-0.1279613805870562,WATCH,EXPENSIVE / WAIT,RAW FORECAST,DOWN,0.5420386194129438,"7,8,9,11",DOWN,PASS,NONE,,5.1377840364130734e-05,3,-0.05198137497451827,False,True
2026-09-02T05:57:50.065254+00:00,KXBTC15M-26SEP020200-00,12.831342466666666,2.1686575333333344,77598.59,77663.63,-65.04000000000815,DOWN,0.5344385674694988,0.957,-0.42256143253050116,WATCH,EXPENSIVE / WAIT,RAW FORECAST,DOWN,0.5344385674694988,"7,8,9,11",DOWN,PASS,NONE,,0.0009155299373139192,3,-0.05958142691796331,False,True
2026-09-02T05:59:07.063243+00:00,KXBTC15M-26SEP020200-00,14.11558925,0.8844107500000007,77598.58,77663.63,-65.05000000000291,DOWN,0.5344385674694988,0.96,-0.42556143253050116,WATCH,EXPENSIVE / WAIT,RAW FORECAST,DOWN,0.5344385674694988,"7,8,9,11",DOWN,PASS,NONE,,0.0007901113495580869,2,-0.05958142691796331,False,True
2026-09-02T06:00:23.817145+00:00,,,,77598.94,,,DOWN,0.5336649699019168,,,WATCH,NO LIVE ASK,RAW FORECAST,DOWN,0.5336649699019168,,DOWN,PASS,NONE,,,0,,False,False
2026-09-02T06:01:40.792701+00:00,KXBTC15M-26SEP020215-15,1.6775726833333333,13.322427316666667,77623.74,77605.67,18.070000000006985,DOWN,0.5468828067607372,0.43,0.1168828067607372,WATCH,ACCEPTABLE PRICE,RAW FORECAST,DOWN,0.5468828067607372,,UP,PASS,NONE,,0.0002244662258863439,1,-0.008927391392632433,False,False
2026-09-02T06:02:57.731432+00:00,KXBTC15M-26SEP020215-15,2.9599503833333336,12.040049616666666,77642.16,77605.67,36.49000000000524,DOWN,0.5732388399324497,0.39,0.18323883993244972,WATCH,ATTRACTIVE PRICE,RAW FORECAST,DOWN,0.5732388399324497,,UP,PASS,NONE,,0.0004616891431408199,1,0.0174286417790801,False,False
2026-09-02T06:04:14.791429+00:00,KXBTC15M-26SEP020215-15,4.24400215,10.75599785,77617.5,77605.67,11.830000000001746,DOWN,0.5632707960973095,0.37,0.19327079609730946,WATCH,ATTRACTIVE PRICE,RAW FORECAST,DOWN,0.5632707960973095,,UP,PASS,NONE,,0.00024044430396341632,1,0.0074605979439398284,False,False
2026-09-02T06:05:32.031402+00:00,KXBTC15M-26SEP020215-15,5.531296616666666,9.468703383333335,77672.15,77605.67,66.47999999999593,DOWN,0.6035522219248736,0.27,0.33355222192487355,WATCH,DEEP VALUE PRICE,RAW FORECAST,DOWN,0.6035522219248736,,UP,PASS,NONE,,0.0006915672986984589,0,0.04774202377150394,False,False
2026-09-02T06:06:49.093469+00:00,KXBTC15M-26SEP020215-15,6.815880983333333,8.184119016666667,77658.82,77605.67,53.15000000000873,DOWN,0.5739593288863636,0.42,0.1539593288863636,WATCH,ACCEPTABLE PRICE,RAW FORECAST,DOWN,0.5739593288863636,,UP,PASS,NONE,,0.0006763623534318253,0,0.018149130732993957,False,False
2026-09-02T06:08:06.081411+00:00,KXBTC15M-26SEP020215-15,8.098684066666667,6.901315933333333,77635.0,77605.67,29.330000000001746,DOWN,0.5727423212782254,0.22,0.35274232127822547,WATCH,DEEP VALUE PRICE,RAW FORECAST,DOWN,0.5727423212782254,8,UP,PASS,NONE,,0.00036942862779354435,1,0.016932123124855814,False,False
2026-09-02T06:09:22.699385+00:00,KXBTC15M-26SEP020215-15,9.375281233333334,5.624718766666666,77645.47,77605.67,39.80000000000291,DOWN,0.57196282982903,0.25,0.32196282982903,WATCH,DEEP VALUE PRICE,RAW FORECAST,DOWN,0.57196282982903,"8,9",UP,PASS,NONE,,0.0004500921509880129,2,0.01615263167566039,False,False
2026-09-02T06:10:40.158473+00:00,KXBTC15M-26SEP020215-15,10.666055133333334,4.333944866666666,77646.98,77605.67,41.30999999999767,DOWN,0.568146768585834,0.15,0.418146768585834,WATCH,DEEP VALUE PRICE,RAW FORECAST,DOWN,0.568146768585834,"8,9",UP,PASS,NONE,,0.0004981552406873035,1,0.012336570432464389,False,False
2026-09-02T06:11:57.123412+00:00,KXBTC15M-26SEP020215-15,11.949769250000001,3.050230749999999,77665.88,77605.67,60.2100000000064,DOWN,0.5940665817001842,0.13,0.4640665817001842,WATCH,DEEP VALUE PRICE,RAW FORECAST,DOWN,0.5940665817001842,"8,9,11",UP,PASS,NONE,,0.0007673343140952582,0,0.0382563835468146,False,False
2026-09-02T06:13:14.243969+00:00,KXBTC15M-26SEP020215-15,13.234084450000001,1.765915549999999,77647.78,77605.67,42.11000000000058,DOWN,0.5650532475094183,0.021,0.5440532475094183,WATCH,DEEP VALUE PRICE,RAW FORECAST,DOWN,0.5650532475094183,"8,9,11",UP,PASS,NONE,,0.0005339770608918659,2,0.009243049356048694,False,False
2026-09-02T06:14:31.313863+00:00,KXBTC15M-26SEP020215-15,14.5189954,0.48100460000000034,77571.63,77605.67,-34.0399999999936,DOWN,0.5657344706462467,0.976,-0.41026552935375327,WATCH,EXPENSIVE / WAIT,RAW FORECAST,DOWN,0.5657344706462467,"8,9,11",UP,PASS,NONE,,0.0007273891189030213,3,0.009924272492877084,False,False
2026-09-02T06:15:48.508180+00:00,KXBTC15M-26SEP020230-30,0.80608555,14.19391445,77541.63,77545.63,-4.0,UP,0.5211696699607732,0.59,-0.06883033003922678,WATCH,EXPENSIVE / WAIT,RAW FORECAST,UP,0.5211696699607732,,DOWN,PASS,NONE,,,0,-0.031743728716395636,False,False
2026-09-02T06:17:05.775656+00:00,KXBTC15M-26SEP020230-30,2.0941283,12.9058717,77591.27,77545.63,45.63999999999942,DOWN,0.5376917052403992,0.3,0.23769170524039923,WATCH,DEEP VALUE PRICE,RAW FORECAST,DOWN,0.5376917052403992,,UP,PASS,NONE,,0.0006401722532787257,1,0.016522035279626035,False,False
2026-09-02T06:18:22.867248+00:00,KXBTC15M-26SEP020230-30,3.3790598666666667,11.620940133333333,77595.16,77545.63,49.529999999998836,DOWN,0.5408730843938367,0.41,0.13087308439383677,WATCH,ACCEPTABLE PRICE,RAW FORECAST,DOWN,0.5408730843938367,,UP,PASS,NONE,,0.000739989603004032,2,0.01970341443306356,False,False
2026-09-02T06:19:39.909930+00:00,KXBTC15M-26SEP020230-30,4.662772566666666,10.337227433333334,77578.58,77545.63,32.94999999999709,DOWN,0.5055537115080341,0.33,0.17555371150803406,WATCH,ATTRACTIVE PRICE,RAW FORECAST,DOWN,0.5055537115080341,,UP,PASS,NONE,,0.0005504140163159477,0,-0.01561595845273911,False,False
2026-09-02T06:20:57.266172+00:00,KXBTC15M-26SEP020230-30,5.952458066666667,9.047541933333333,77547.28,77545.63,1.6499999999941792,DOWN,0.5055491533199513,0.41,0.09554915331995134,WATCH,ACCEPTABLE PRICE,RAW FORECAST,DOWN,0.5055491533199513,,UP,PASS,NONE,,0.00013373461455468139,2,-0.015620516640821869,False,False
2026-09-02T06:22:14.333440+00:00,KXBTC15M-26SEP020230-30,7.236676366666667,7.763323633333333,77568.03,77545.63,22.39999999999418,DOWN,0.5178021878479246,0.44,0.07780218784792464,WATCH,ACCEPTABLE PRICE,RAW FORECAST,DOWN,0.5178021878479246,7,UP,PASS,NONE,,0.00034046227813355756,3,-0.003367482112848541,False,False
2026-09-02T06:23:31.456880+00:00,KXBTC15M-26SEP020230-30,8.521972366666667,6.478027633333333,77530.41,77545.63,-15.220000000001164,DOWN,0.5449479331966003,0.55,-0.005052066803399757,WATCH,EXPENSIVE / WAIT,RAW FORECAST,DOWN,0.5449479331966003,"7,8",UP,PASS,NONE,,0.00014482543119109792,3,0.023778263235827102,False,False
2026-09-02T06:24:48.404007+00:00,KXBTC15M-26SEP020230-30,9.803990483333333,5.196009516666667,77543.38,77545.63,-2.25,DOWN,0.5231358817839517,0.49,0.03313588178395166,WATCH,ACCEPTABLE PRICE,RAW FORECAST,DOWN,0.5231358817839517,"7,8,9",UP,PASS,NONE,,2.256852222481953e-05,2,0.0019662118231784653,False,False
2026-09-02T06:26:05.659220+00:00,KXBTC15M-26SEP020230-30,11.091486699999999,3.908513300000001,77552.37,77545.63,6.739999999990687,DOWN,0.5265205680417145,0.2,0.32652056804171453,WATCH,DEEP VALUE PRICE,RAW FORECAST,DOWN,0.5265205680417145,"7,8,9,11",UP,PASS,NONE,,0.00020363255195943175,1,0.0053508980809413575,False,False
2026-09-02T06:27:22.659656+00:00,KXBTC15M-26SEP020230-30,12.375563666666666,2.6244363333333336,77593.1,77545.63,47.470000000001164,DOWN,0.5065898713848912,0.11,0.3965898713848912,WATCH,DEEP VALUE PRICE,RAW FORECAST,DOWN,0.5065898713848912,"7,8,9,11",UP,PASS,NONE,,0.0005878132817171977,0,-0.014579798575881986,False,False
2026-09-02T06:28:39.741094+00:00,KXBTC15M-26SEP020230-30,13.660145133333334,1.3398548666666663,77565.94,77545.63,20.30999999999767,DOWN,0.5071319288942108,0.16,0.34713192889421074,WATCH,DEEP VALUE PRICE,RAW FORECAST,DOWN,0.5071319288942108,"7,8,9,11",UP,PASS,NONE,,0.00020492218180101496,1,-0.014037741066562415,False,False
2026-09-02T06:29:57.011322+00:00,KXBTC15M-26SEP020230-30,14.947478566666666,0.052521433333334144,77562.72,77545.63,17.089999999996508,DOWN,0.5169733773819838,0.068,0.4489733773819838,WATCH,DEEP VALUE PRICE,RAW FORECAST,DOWN,0.5169733773819838,"7,8,9,11",UP,PASS,NONE,,0.0002719829335544599,2,-0.004196292578789396,False,False
2026-09-02T06:31:14.148156+00:00,KXBTC15M-26SEP020245-45,1.2330983833333333,13.766901616666667,77478.71,77538.77,-60.05999999999767,DOWN,0.5811235464898467,0.6,-0.018876453510153324,WATCH,EXPENSIVE / WAIT,RAW FORECAST,DOWN,0.5811235464898467,,DOWN,PASS,NONE,,0.00017147278608176109,3,0.039935128885785987,False,True
2026-09-02T06:32:31.369280+00:00,KXBTC15M-26SEP020245-45,2.519763466666667,12.480236533333333,77462.19,77538.77,-76.58000000000175,DOWN,0.5011563670313111,0.66,-0.15884363296868897,WATCH,EXPENSIVE / WAIT,RAW FORECAST,DOWN,0.5011563670313111,,DOWN,PASS,NONE,,0.0005686084035082528,3,-0.04003205057274961,False,True
2026-09-02T06:33:48.171309+00:00,KXBTC15M-26SEP020245-45,3.8001789,11.1998211,77449.98,77538.77,-88.79000000000815,DOWN,0.5440215194082046,0.73,-0.18597848059179534,WATCH,EXPENSIVE / WAIT,RAW FORECAST,DOWN,0.5440215194082046,,DOWN,PASS,NONE,,0.0007100186168610412,3,0.002833101804143978,False,True
2026-09-02T06:35:05.016448+00:00,KXBTC15M-26SEP020245-45,5.0812926,9.918707399999999,77436.68,77538.77,-102.09000000001106,DOWN,0.529732577548273,0.67,-0.14026742245172708,WATCH,EXPENSIVE / WAIT,RAW FORECAST,DOWN,0.529732577548273,,DOWN,PASS,NONE,,0.001043674466979616,3,-0.011455840055787703,False,True
2026-09-02T06:36:22.264562+00:00,KXBTC15M-26SEP020245-45,6.368602800000001,8.631397199999999,77464.77,77538.77,-74.0,DOWN,0.5642961151165726,0.63,-0.06570388488342738,WATCH,EXPENSIVE / WAIT,RAW FORECAST,DOWN,0.5642961151165726,,DOWN,PASS,NONE,,0.00048706528777942015,2,0.02310769751251196,False,True
2026-09-02T06:37:38.906460+00:00,KXBTC15M-26SEP020245-45,7.6461912000000005,7.3538087999999995,77508.59,77538.77,-30.180000000007567,DOWN,0.5334367269236231,0.72,-0.18656327307637688,WATCH,EXPENSIVE / WAIT,RAW FORECAST,DOWN,0.5334367269236231,7,DOWN,PASS,NONE,,3.948131869146998e-05,0,-0.007751690680437573,False,True
2026-09-02T06:38:56.023643+00:00,KXBTC15M-26SEP020245-45,8.931472966666666,6.068527033333334,77486.74,77538.77,-52.029999999998836,DOWN,0.5713874120184164,0.76,-0.18861258798158365,WATCH,EXPENSIVE / WAIT,RAW FORECAST,DOWN,0.5713874120184164,"7,8",DOWN,PASS,NONE,,0.0001957292825328638,0,0.030198994414355695,False,True
2026-09-02T06:40:12.971746+00:00,KXBTC15M-26SEP020245-45,10.214150966666667,4.785849033333333,77478.23,77538.77,-60.54000000000815,DOWN,0.5798090078134126,0.64,-0.06019099218658741,WATCH,EXPENSIVE / WAIT,RAW FORECAST,DOWN,0.5798090078134126,"7,8,9",DOWN,PASS,NONE,,0.0003131410472689833,2,0.038620590209351935,False,True
2026-09-02T06:41:29.504278+00:00,KXBTC15M-26SEP020245-45,11.489475983333334,3.5105240166666665,77568.74,77538.77,29.970000000001164,DOWN,0.5555609279822172,0.069,0.48656092798221723,WATCH,DEEP VALUE PRICE,RAW FORECAST,DOWN,0.5555609279822172,"7,8,9,11",UP,PASS,NONE,,0.0013329460895497025,0,0.014372510378156567,False,False
2026-09-02T06:42:46.216030+00:00,KXBTC15M-26SEP020245-45,12.767706366666665,2.2322936333333345,77598.58,77538.77,59.80999999999767,DOWN,0.5447979831526191,0.051,0.4937979831526191,WATCH,DEEP VALUE PRICE,RAW FORECAST,DOWN,0.5447979831526191,"7,8,9,11",UP,PASS,NONE,,0.0011441840985506602,1,0.003609565548558402,False,False
2026-09-02T06:44:03.003259+00:00,KXBTC15M-26SEP020245-45,14.047456066666665,0.9525439333333345,77619.12,77538.77,80.34999999999127,DOWN,0.5255145510763602,0.009,0.5165145510763602,WATCH,DEEP VALUE PRICE,RAW FORECAST,DOWN,0.5255145510763602,"7,8,9,11",UP,PASS,NONE,,0.0016624731743148935,0,-0.01567386652770042,False,False
2026-09-02T06:45:20.068983+00:00,,,,77580.22,,,DOWN,0.5554710807016573,,,WATCH,NO LIVE ASK,RAW FORECAST,DOWN,0.5554710807016573,,DOWN,PASS,NONE,,,0,,False,False
2026-09-02T06:46:37.421016+00:00,KXBTC15M-26SEP020300-00,1.6208430833333334,13.379156916666666,77571.16,77585.82,-14.660000000003492,UP,0.5202605240319905,0.48,0.04026052403199054,WATCH,ACCEPTABLE PRICE,RAW FORECAST,UP,0.5202605240319905,,DOWN,PASS,NONE,,0.00014900225204783624,0,-0.029533923527165995,False,False
2026-09-02T06:47:54.565969+00:00,KXBTC15M-26SEP020300-00,2.9063692333333337,12.093630766666667,77541.4,77585.82,-44.420000000012806,UP,0.5286465079403703,0.43,0.09864650794037028,WATCH,ACCEPTABLE PRICE,RAW FORECAST,UP,0.5286465079403703,,DOWN,PASS,NONE,,0.00043592181351737036,1,-0.02114793961878625,False,False
2026-09-02T06:49:11.515316+00:00,KXBTC15M-26SEP020300-00,4.1896681000000005,10.8103319,77580.68,77585.82,-5.14000000001397,DOWN,0.5121089695137487,0.52,-0.007891030486251283,WATCH,EXPENSIVE / WAIT,RAW FORECAST,DOWN,0.5121089695137487,,DOWN,PASS,NONE,,4.897997904707019e-06,1,-0.03768547804540778,False,False
2026-09-02T06:50:29.010074+00:00,KXBTC15M-26SEP020300-00,5.4812419,9.5187581,77571.57,77585.82,-14.25,DOWN,0.5206762403587366,0.6,-0.07932375964126337,WATCH,EXPENSIVE / WAIT,RAW FORECAST,DOWN,0.5206762403587366,,DOWN,PASS,NONE,,0.000143717570098012,2,-0.02911820720041991,False,False
2026-09-02T06:51:45.849543+00:00,KXBTC15M-26SEP020300-00,6.7613785166666664,8.238621483333333,77551.05,77585.82,-34.770000000004075,UP,0.5213719049272201,0.37,0.15137190492722008,WATCH,ATTRACTIVE PRICE,RAW FORECAST,UP,0.5213719049272201,,DOWN,PASS,NONE,,0.0004082094569511918,1,-0.028422542631936443,False,False
2026-09-02T06:53:02.736223+00:00,KXBTC15M-26SEP020300-00,8.043147866666667,6.956852133333333,77522.8,77585.82,-63.020000000004075,DOWN,0.5030119864204565,0.83,-0.32698801357954344,WATCH,EXPENSIVE / WAIT,RAW FORECAST,DOWN,0.5030119864204565,8,DOWN,PASS,NONE,,0.0009169567656303057,3,-0.04678246113869999,False,True
2026-09-02T06:54:19.492723+00:00,KXBTC15M-26SEP020300-00,9.321556366666666,5.678443633333334,77486.29,77585.82,-99.53000000001339,UP,0.5221459247623002,0.13,0.39214592476230015,WATCH,DEEP VALUE PRICE,RAW FORECAST,UP,0.5221459247623002,"8,9",DOWN,PASS,NONE,,0.0012429314156555682,0,-0.027648522796856367,False,False
2026-09-02T06:55:36.256349+00:00,KXBTC15M-26SEP020300-00,10.602074883333334,4.397925116666666,77487.6,77585.82,-98.22000000000116,UP,0.5180062180689017,0.096,0.4220062180689017,WATCH,DEEP VALUE PRICE,RAW FORECAST,UP,0.5180062180689017,"8,9",DOWN,PASS,NONE,,0.0012260462123523386,0,-0.03178822949025484,False,False
2026-09-02T06:56:53.025856+00:00,KXBTC15M-26SEP020300-00,11.88129365,3.11870635,77468.74,77585.82,-117.08000000000175,UP,0.5632443011222437,0.083,0.48024430112224364,WATCH,DEEP VALUE PRICE,RAW FORECAST,UP,0.5632443011222437,"8,9,11",DOWN,PASS,NONE,,0.0013103433341857817,1,0.013449853563087144,False,False
2026-09-02T06:58:10.073464+00:00,KXBTC15M-26SEP020300-00,13.165597666666667,1.8344023333333332,77543.93,77585.82,-41.89000000001397,DOWN,0.5282512793776974,0.88,-0.35174872062230256,WATCH,EXPENSIVE / WAIT,RAW FORECAST,DOWN,0.5282512793776974,"8,9,11",DOWN,PASS,NONE,,0.0004479090189155599,0,-0.02154316818145907,False,True
2026-09-02T06:59:27.221777+00:00,KXBTC15M-26SEP020300-00,14.451186333333334,0.5488136666666659,77549.87,77585.82,-35.95000000001164,DOWN,0.5128962299985683,0.902,-0.3891037700014317,WATCH,EXPENSIVE / WAIT,RAW FORECAST,DOWN,0.5128962299985683,"8,9,11",DOWN,PASS,NONE,,0.0004234190293921358,0,-0.0368982175605882,False,True
2026-09-02T07:00:44.188311+00:00,KXBTC15M-26SEP020315-15,0.7338950000000001,14.266105,77573.68,77560.66,13.019999999989523,DOWN,0.5120101907591161,0.47,0.04201019075911616,WATCH,ACCEPTABLE PRICE,RAW FORECAST,DOWN,0.5120101907591161,,UP,PASS,NONE,,,0,-0.04017212369294976,False,False
2026-09-02T07:02:01.071498+00:00,KXBTC15M-26SEP020315-15,2.015083683333333,12.984916316666666,77586.24,77560.66,25.580000000001746,DOWN,0.5742368896055053,0.39,0.18423688960550533,WATCH,ATTRACTIVE PRICE,RAW FORECAST,DOWN,0.5742368896055053,,UP,PASS,NONE,,0.0002451862222876411,1,0.06264823880740278,False,False
2026-09-02T07:03:18.043245+00:00,KXBTC15M-26SEP020315-15,3.2978387,11.7021613,77601.77,77560.66,41.11000000000058,DOWN,0.5416364988499526,0.39,0.15163649884995256,WATCH,ATTRACTIVE PRICE,RAW FORECAST,DOWN,0.5416364988499526,,UP,PASS,NONE,,0.00036197839757279304,0,0.030047848051850012,False,False
2026-09-02T07:04:34.961962+00:00,KXBTC15M-26SEP020315-15,4.580694183333334,10.419305816666666,77615.39,77560.66,54.729999999995925,DOWN,0.519273235513784,0.39,0.129273235513784,WATCH,ATTRACTIVE PRICE,RAW FORECAST,DOWN,0.519273235513784,,UP,PASS,NONE,,0.0005244046016115167,0,0.007684584715681453,False,False
2026-09-02T07:05:52.213084+00:00,KXBTC15M-26SEP020315-15,5.86728445,9.13271555,77592.48,77560.66,31.819999999992433,DOWN,0.5351065957006799,0.4,0.13510659570067984,WATCH,ATTRACTIVE PRICE,RAW FORECAST,DOWN,0.5351065957006799,,UP,PASS,NONE,,0.00010970214256911248,3,0.023517944902577304,False,False
2026-09-02T07:07:09.423840+00:00,KXBTC15M-26SEP020315-15,7.15479795,7.84520205,77582.37,77560.66,21.70999999999185,DOWN,0.5760842143743331,0.5,0.0760842143743331,WATCH,ACCEPTABLE PRICE,RAW FORECAST,DOWN,0.5760842143743331,7,UP,PASS,NONE,,3.145396332193684e-05,3,0.06449556357623054,False,False
2026-09-02T07:08:26.562958+00:00,KXBTC15M-26SEP020315-15,8.43968605,6.560313949999999,77574.01,77560.66,13.349999999991269,DOWN,0.5327084013637957,0.46,0.0727084013637957,WATCH,ACCEPTABLE PRICE,RAW FORECAST,DOWN,0.5327084013637957,"7,8",UP,PASS,NONE,,4.125109943853289e-06,2,0.02111975056569315,False,False
2026-09-02T07:09:43.611545+00:00,KXBTC15M-26SEP020315-15,9.7245891,5.275410900000001,77565.17,77560.66,4.509999999994761,DOWN,0.5503743578283717,0.38,0.17037435782837174,WATCH,ATTRACTIVE PRICE,RAW FORECAST,DOWN,0.5503743578283717,"7,8,9",UP,PASS,NONE,,9.926045802410854e-06,2,0.03878570703026918,False,False
2026-09-02T07:11:00.412410+00:00,KXBTC15M-26SEP020315-15,11.004387150000001,3.9956128499999988,77613.72,77560.66,53.05999999999767,DOWN,0.5367007917119986,0.093,0.4437007917119986,WATCH,DEEP VALUE PRICE,RAW FORECAST,DOWN,0.5367007917119986,"7,8,9,11",UP,PASS,NONE,,0.0005719722756516443,0,0.02511214091389602,False,False
2026-09-02T07:12:17.460771+00:00,KXBTC15M-26SEP020315-15,12.288713316666668,2.7112866833333324,77657.52,77560.66,96.86000000000058,DOWN,0.5276938130667895,0.044,0.48369381306678955,WATCH,DEEP VALUE PRICE,RAW FORECAST,DOWN,0.5276938130667895,"7,8,9,11",UP,PASS,NONE,,0.0010806498956024146,0,0.016105162268686968,False,False
2026-09-02T07:13:34.430159+00:00,KXBTC15M-26SEP020315-15,13.571146166666667,1.4288538333333332,77686.22,77560.66,125.55999999999767,DOWN,0.550397632448022,0.015,0.535397632448022,WATCH,DEEP VALUE PRICE,RAW FORECAST,DOWN,0.550397632448022,"7,8,9,11",UP,PASS,NONE,,0.0014372140863736504,0,0.038808981649919416,False,False
2026-09-02T07:14:51.649165+00:00,KXBTC15M-26SEP020315-15,14.85846265,0.14153735000000012,77705.73,77560.66,145.06999999999243,DOWN,0.5615193397075858,0.006,0.5555193397075858,WATCH,DEEP VALUE PRICE,RAW FORECAST,DOWN,0.5615193397075858,"7,8,9,11",UP,PASS,NONE,,0.0013254493888326113,1,0.04993068890948327,False,False
2026-09-02T07:16:08.956249+00:00,KXBTC15M-26SEP020330-30,1.1471749,13.8528251,77626.67,77651.8,-25.130000000004657,UP,0.510013487193236,0.34,0.170013487193236,WATCH,ATTRACTIVE PRICE,RAW FORECAST,UP,0.510013487193236,,DOWN,PASS,NONE,,0.00029289954318478806,0,-0.03504403823573532,False,False
2026-09-02T07:17:26.503302+00:00,KXBTC15M-26SEP020330-30,2.439397216666667,12.560602783333334,77618.05,77651.8,-33.75,UP,0.5091602568626635,0.35,0.15916025686266355,WATCH,ATTRACTIVE PRICE,RAW FORECAST,UP,0.5091602568626635,,DOWN,PASS,NONE,,0.0002510383507771108,1,-0.035897268566307816,False,False
2026-09-02T07:18:43.630108+00:00,KXBTC15M-26SEP020330-30,3.7249585333333335,11.275041466666666,77586.36,77651.8,-65.44000000000233,DOWN,0.5030701155259013,0.76,-0.2569298844740987,WATCH,EXPENSIVE / WAIT,RAW FORECAST,DOWN,0.5030701155259013,,DOWN,PASS,NONE,,0.000878054611209933,3,-0.04198740990307004,False,True
2026-09-02T07:20:00.700352+00:00,KXBTC15M-26SEP020330-30,5.00944735,9.99055265,77594.59,77651.8,-57.2100000000064,UP,0.5051245163957884,0.3,0.20512451639578838,WATCH,DEEP VALUE PRICE,RAW FORECAST,UP,0.5051245163957884,,DOWN,PASS,NONE,,0.0005019478978852687,2,-0.039933009033182976,False,False
2026-09-02T07:21:17.999544+00:00,KXBTC15M-26SEP020330-30,6.296419333333334,8.703580666666667,77613.51,77651.8,-38.29000000000815,DOWN,0.5192737635632426,0.68,-0.16072623643675743,WATCH,EXPENSIVE / WAIT,RAW FORECAST,DOWN,0.5192737635632426,,DOWN,PASS,NONE,,0.00030951521647903935,0,-0.025783761865728727,False,True
2026-09-02T07:22:34.635993+00:00,KXBTC15M-26SEP020330-30,7.574772749999999,7.425227250000001,77649.98,77651.8,-1.820000000006985,DOWN,0.5937314969187307,0.67,-0.07626850308126931,WATCH,EXPENSIVE / WAIT,RAW FORECAST,DOWN,0.5937314969187307,7,DOWN,PASS,NONE,,0.00019243268140645142,0,0.04867397148975938,False,True
2026-09-02T07:23:51.379317+00:00,KXBTC15M-26SEP020330-30,8.854239100000001,6.145760899999999,77608.04,77651.8,-43.76000000000931,DOWN,0.5148051269552709,0.71,-0.19519487304472904,WATCH,EXPENSIVE / WAIT,RAW FORECAST,DOWN,0.5148051269552709,"7,8",DOWN,PASS,NONE,,0.0006272738677706169,2,-0.030252398473700426,False,True
2026-09-02T07:25:08.218715+00:00,KXBTC15M-26SEP020330-30,10.134636666666667,4.865363333333333,77594.61,77651.8,-57.19000000000233,DOWN,0.5211345597936213,0.77,-0.24886544020637869,WATCH,EXPENSIVE / WAIT,RAW FORECAST,DOWN,0.5211345597936213,"7,8,9",DOWN,PASS,NONE,,0.0005529541507882652,3,-0.023922965635350013,False,True
2026-09-02T07:26:25.536870+00:00,KXBTC15M-26SEP020330-30,11.423402466666666,3.5765975333333344,77566.88,77651.8,-84.91999999999825,DOWN,0.5011866017534047,0.928,-0.42681339824659537,WATCH,EXPENSIVE / WAIT,RAW FORECAST,DOWN,0.5011866017534047,"7,8,9,11",DOWN,PASS,NONE,,0.0010188370213686238,3,-0.043870923675566664,False,True
2026-09-02T07:27:42.546394+00:00,KXBTC15M-26SEP020330-30,12.706399066666668,2.293600933333332,77562.93,77651.8,-88.8700000000099,DOWN,0.5057644367976097,0.907,-0.4012355632023903,WATCH,EXPENSIVE / WAIT,RAW FORECAST,DOWN,0.5057644367976097,"7,8,9,11",DOWN,PASS,NONE,,0.0008616965452536984,2,-0.039293088631361606,False,True
2026-09-02T07:28:59.466189+00:00,KXBTC15M-26SEP020330-30,13.988983483333334,1.0110165166666665,77569.36,77651.8,-82.44000000000233,DOWN,0.5135499675367442,0.988,-0.4744500324632558,WATCH,EXPENSIVE / WAIT,RAW FORECAST,DOWN,0.5135499675367442,"7,8,9,11",DOWN,PASS,NONE,,0.000878054611209933,2,-0.031507557892227145,False,True
2026-09-02T07:30:16.577721+00:00,,,,77559.63,,,UP,0.5025382153193788,,,WATCH,NO LIVE ASK,RAW FORECAST,UP,0.5025382153193788,,UP,PASS,NONE,,,0,,False,False
2026-09-02T07:31:33.777107+00:00,KXBTC15M-26SEP020345-45,1.5607232666666666,13.439276733333333,77560.99,77567.63,-6.639999999999418,DOWN,0.5650323068663874,0.48,0.08503230686638741,WATCH,ACCEPTABLE PRICE,RAW FORECAST,DOWN,0.5650323068663874,,DOWN,PASS,NONE,,8.161462348388326e-05,1,0.055898953123552086,False,False
2026-09-02T07:32:51.000144+00:00,KXBTC15M-26SEP020345-45,2.8475576833333336,12.152442316666667,77594.23,77567.63,26.59999999999127,DOWN,0.5306360991316407,0.4,0.13063609913164065,WATCH,ATTRACTIVE PRICE,RAW FORECAST,DOWN,0.5306360991316407,,UP,PASS,NONE,,0.0002809451257050899,1,0.021502745388805367,False,False
2026-09-02T07:34:07.727501+00:00,KXBTC15M-26SEP020345-45,4.12641175,10.873588250000001,77535.41,77567.63,-32.220000000001164,UP,0.5194308679331369,0.33,0.18943086793313685,WATCH,ATTRACTIVE PRICE,RAW FORECAST,UP,0.5194308679331369,,DOWN,PASS,NONE,,0.00031227585794313395,0,0.01029751419030156,False,False
2026-09-02T07:35:24.695320+00:00,KXBTC15M-26SEP020345-45,5.409421750000001,9.59057825,77534.7,77567.63,-32.93000000000757,UP,0.51420001390789,0.41,0.10420001390789008,WATCH,ACCEPTABLE PRICE,RAW FORECAST,UP,0.51420001390789,,DOWN,PASS,NONE,,0.00032130117175643846,1,0.005066660165054748,False,False
2026-09-02T07:36:41.646978+00:00,KXBTC15M-26SEP020345-45,6.691973783333333,8.308026216666667,77560.45,77567.63,-7.180000000007567,DOWN,0.5513533611854724,0.67,-0.11864663881452764,WATCH,EXPENSIVE / WAIT,RAW FORECAST,DOWN,0.5513533611854724,,DOWN,PASS,NONE,,4.834989542890078e-05,2,0.0422200074426371,False,True
2026-09-02T07:37:58.505651+00:00,KXBTC15M-26SEP020345-45,7.972735233333333,7.027264766666667,77536.89,77567.63,-30.74000000000524,UP,0.5231330098877316,0.51,0.013133009887731584,WATCH,EXPENSIVE / WAIT,RAW FORECAST,UP,0.5231330098877316,7,DOWN,PASS,NONE,,0.00029319376588055057,1,0.013999656144896289,False,False
2026-09-02T07:39:20.437510+00:00,KXBTC15M-26SEP020345-45,9.3376806,5.6623193999999994,77564.6,77567.63,-3.029999999998836,DOWN,0.5453710885836603,0.57,-0.024628911416339605,WATCH,EXPENSIVE / WAIT,RAW FORECAST,DOWN,0.5453710885836603,"7,9",UP,PASS,NONE,,6.407972807509488e-05,0,0.03623773484082504,False,False
2026-09-02T07:40:38.193763+00:00,KXBTC15M-26SEP020345-45,10.634336466666667,4.365663533333333,77560.54,77567.63,-7.0900000000110595,DOWN,0.5478695671443709,0.58,-0.03213043285562911,WATCH,EXPENSIVE / WAIT,RAW FORECAST,DOWN,0.5478695671443709,"7,9",DOWN,PASS,NONE,,1.1732907957195948e-05,1,0.038736213401535546,False,False
2026-09-02T07:41:55.323921+00:00,KXBTC15M-26SEP020345-45,11.91975185,3.080248149999999,77580.4,77567.63,12.769999999989523,DOWN,0.5822113321863012,0.36,0.22221133218630118,WATCH,ATTRACTIVE PRICE,RAW FORECAST,DOWN,0.5822113321863012,"7,9,11",UP,PASS,NONE,,0.0002677939541484431,0,0.07307797844346586,False,False
2026-09-02T07:43:12.461326+00:00,KXBTC15M-26SEP020345-45,13.2054624,1.7945376,77596.8,77567.63,29.169999999998254,DOWN,0.5343251334380773,0.15,0.3843251334380773,WATCH,DEEP VALUE PRICE,RAW FORECAST,DOWN,0.5343251334380773,"7,9,11",UP,PASS,NONE,,0.00040343152745814237,1,0.025191779695242,False,False
2026-09-02T07:44:29.815293+00:00,KXBTC15M-26SEP020345-45,14.494187683333333,0.5058123166666668,77565.95,77567.63,-1.680000000007567,DOWN,0.5389972956250121,0.77,-0.23100270437498793,WATCH,EXPENSIVE / WAIT,RAW FORECAST,DOWN,0.5389972956250121,"7,9,11",UP,PASS,NONE,,8.14856904294281e-05,2,0.02986394188217678,False,False
2026-09-02T07:45:46.454983+00:00,KXBTC15M-26SEP020400-00,0.7705392666666667,14.229460733333333,77519.27,77555.86,-36.58999999999651,UP,0.5198130958408688,0.33,0.18981309584086875,WATCH,ATTRACTIVE PRICE,RAW FORECAST,UP,0.5198130958408688,,DOWN,PASS,NONE,,,0,0.009588646305402904,False,False
2026-09-02T07:47:03.107527+00:00,KXBTC15M-26SEP020400-00,2.0489533333333334,12.951046666666667,77520.67,77555.86,-35.19000000000233,UP,0.5071175198464092,0.42,0.0871175198464092,WATCH,ACCEPTABLE PRICE,RAW FORECAST,UP,0.5071175198464092,,DOWN,PASS,NONE,,8.178612644149652e-05,0,-0.012695575994459585,False,False
2026-09-02T07:48:19.538488+00:00,KXBTC15M-26SEP020400-00,3.3232949,11.6767051,77539.9,77555.86,-15.960000000006403,DOWN,0.5147574768335655,0.5,0.014757476833565542,WATCH,ACCEPTABLE PRICE,RAW FORECAST,DOWN,0.5147574768335655,,DOWN,PASS,NONE,,0.000266385411831882,1,-0.005055619007303225,False,True
2026-09-02T07:49:36.135504+00:00,KXBTC15M-26SEP020400-00,4.599995616666666,10.400004383333334,77554.94,77555.86,-0.9199999999982538,UP,0.505367647928985,0.43,0.07536764792898504,WATCH,ACCEPTABLE PRICE,RAW FORECAST,UP,0.505367647928985,,DOWN,PASS,NONE,,0.00046027271158166627,2,-0.014445447911883735,False,False
2026-09-02T07:50:53.057745+00:00,KXBTC15M-26SEP020400-00,5.8821418,9.1178582,77521.39,77555.86,-34.470000000001164,UP,0.5109922132685641,0.46,0.050992213268564124,WATCH,ACCEPTABLE PRICE,RAW FORECAST,UP,0.5109922132685641,,DOWN,PASS,NONE,,4.515006980199132e-05,1,-0.008820882572304622,False,False
2026-09-02T07:52:10.035554+00:00,KXBTC15M-26SEP020400-00,7.165062000000001,7.834937999999999,77549.88,77555.86,-5.9799999999959255,DOWN,0.5113766495337168,0.54,-0.02862335046628328,WATCH,EXPENSIVE / WAIT,RAW FORECAST,DOWN,0.5113766495337168,7,DOWN,PASS,NONE,,0.0003949986106679404,0,-0.008436446307152012,False,True
2026-09-02T07:53:26.651495+00:00,KXBTC15M-26SEP020400-00,8.442004483333333,6.557995516666667,77537.07,77555.86,-18.789999999993597,DOWN,0.5014678731101192,0.79,-0.28853212688988084,WATCH,EXPENSIVE / WAIT,RAW FORECAST,DOWN,0.5014678731101192,"7,8",DOWN,PASS,NONE,,0.00022974935519259887,2,-0.018345222730749566,False,False
2026-09-02T07:54:43.003455+00:00,KXBTC15M-26SEP020400-00,9.7145209,5.2854791,77491.44,77555.86,-64.41999999999825,DOWN,0.521727524138298,0.86,-0.33827247586170195,WATCH,EXPENSIVE / WAIT,RAW FORECAST,DOWN,0.521727524138298,"7,8,9",DOWN,PASS,NONE,,0.0003588785548261919,3,0.0019144282974292715,False,True
2026-09-02T07:55:59.995030+00:00,KXBTC15M-26SEP020400-00,10.997697816666665,4.0023021833333345,77469.47,77555.86,-86.38999999999942,DOWN,0.5029647298381189,0.91,-0.4070352701618811,WATCH,EXPENSIVE / WAIT,RAW FORECAST,DOWN,0.5029647298381189,"7,8,9",DOWN,PASS,NONE,,0.0006422919929833792,2,-0.01684836600274986,False,True
2026-09-02T07:57:17.413827+00:00,KXBTC15M-26SEP020400-00,12.287772666666665,2.7122273333333347,77479.13,77555.86,-76.72999999999593,DOWN,0.5518297247704271,0.925,-0.3731702752295729,WATCH,EXPENSIVE / WAIT,RAW FORECAST,DOWN,0.5518297247704271,"7,8,9,11",DOWN,PASS,NONE,,0.0005176778003297411,3,0.032016628929558366,False,True
2026-09-02T07:58:33.013110+00:00,KXBTC15M-26SEP020400-00,13.547626366666666,1.452373633333334,77465.96,77555.86,-89.89999999999418,UP,0.5093638033512917,0.015,0.4943638033512917,WATCH,DEEP VALUE PRICE,RAW FORECAST,UP,0.5093638033512917,"7,8,9,11",DOWN,PASS,NONE,,0.0008392752975195927,0,-0.010449292489577044,False,False
2026-09-02T07:59:48.151107+00:00,KXBTC15M-26SEP020400-00,14.799427666666666,0.20057233333333357,77438.95,77555.86,-116.91000000000349,UP,0.5449527067354506,0.002,0.5429527067354506,WATCH,DEEP VALUE PRICE,RAW FORECAST,UP,0.5449527067354506,"7,8,9,11",DOWN,PASS,NONE,,0.0010854076780402178,0,0.025139610894581832,False,False
2026-09-02T08:01:03.265202+00:00,KXBTC15M-26SEP020415-15,1.0522672833333333,13.947732716666668,77463.77,77443.13,20.639999999999418,UP,0.6004960317879454,0.55,0.05049603178794537,WATCH,EXPENSIVE / WAIT,RAW FORECAST,UP,0.6004960317879454,,UP,PASS,NONE,,0.0002584061416204264,2,0.053198940846748144,False,True
2026-09-02T08:02:18.662950+00:00,KXBTC15M-26SEP020415-15,2.3088634166666666,12.691136583333334,77425.5,77443.13,-17.630000000004657,UP,0.5091017272260226,0.32,0.18910172722602264,WATCH,ATTRACTIVE PRICE,RAW FORECAST,UP,0.5091017272260226,,DOWN,PASS,NONE,,0.0002934026755431196,0,-0.038195363715174624,False,False
2026-09-02T08:03:34.551849+00:00,KXBTC15M-26SEP020415-15,3.5738146,11.4261854,77359.65,77443.13,-83.48000000001048,UP,0.5494830534288203,0.22,0.32948305342882034,WATCH,DEEP VALUE PRICE,RAW FORECAST,UP,0.5494830534288203,,DOWN,PASS,NONE,,0.0009890717834442064,0,0.002185962487623039,False,False
2026-09-02T08:04:50.031727+00:00,KXBTC15M-26SEP020415-15,4.8317817666666665,10.168218233333334,77413.51,77443.13,-29.620000000009895,UP,0.5412711486332035,0.5,0.04127114863320347,WATCH,ACCEPTABLE PRICE,RAW FORECAST,UP,0.5412711486332035,,DOWN,PASS,NONE,,8.394002601375128e-05,3,-0.0060259423079938035,False,False
2026-09-02T08:06:05.526543+00:00,KXBTC15M-26SEP020415-15,6.089609716666667,8.910390283333333,77423.26,77443.13,-19.870000000009895,UP,0.5169756237111461,0.57,-0.053024376288853814,WATCH,EXPENSIVE / WAIT,RAW FORECAST,UP,0.5169756237111461,,UP,PASS,NONE,,0.0001676217750243847,1,-0.030321467230051136,False,False
2026-09-02T08:07:20.907549+00:00,KXBTC15M-26SEP020415-15,7.34470455,7.65529545,77473.77,77443.13,30.639999999999418,UP,0.5030353058916694,0.7,-0.1969646941083305,WATCH,EXPENSIVE / WAIT,RAW FORECAST,UP,0.5030353058916694,7,UP,PASS,NONE,,0.00032258797689554974,3,-0.044261785049527824,False,True
2026-09-02T08:08:36.083670+00:00,KXBTC15M-26SEP020415-15,8.5993342,6.4006658000000005,77510.91,77443.13,67.77999999999884,UP,0.5231571113384446,0.81,-0.2868428886615555,WATCH,EXPENSIVE / WAIT,RAW FORECAST,UP,0.5231571113384446,"7,8",UP,PASS,NONE,,0.000964277191144669,3,-0.024139979602752715,False,True
2026-09-02T08:09:51.178388+00:00,KXBTC15M-26SEP020415-15,9.850923083333333,5.149076916666667,77477.42,77443.13,34.2899999999936,UP,0.5115438933604934,0.74,-0.22845610663950655,WATCH,EXPENSIVE / WAIT,RAW FORECAST,UP,0.5115438933604934,"7,8,9",UP,PASS,NONE,,0.0002678332522343396,1,-0.03575319758070383,False,True
2026-09-02T08:11:06.579667+00:00,KXBTC15M-26SEP020415-15,11.106951766666667,3.8930482333333334,77459.56,77443.13,16.429999999993015,UP,0.519266066288073,0.87,-0.35073393371192696,WATCH,EXPENSIVE / WAIT,RAW FORECAST,UP,0.519266066288073,"7,8,9,11",UP,PASS,NONE,,0.00030115098563654463,0,-0.028031024653124237,False,True
2026-09-02T08:12:21.840640+00:00,KXBTC15M-26SEP020415-15,12.361966800000001,2.638033199999999,77415.0,77443.13,-28.130000000004657,UP,0.525951816572547,0.22,0.305951816572547,WATCH,DEEP VALUE PRICE,RAW FORECAST,UP,0.525951816572547,"7,8,9,11",DOWN,PASS,NONE,,0.00030631652569912404,0,-0.021345274368650302,False,False
2026-09-02T08:13:37.377110+00:00,KXBTC15M-26SEP020415-15,13.61985385,1.3801461499999998,77372.01,77443.13,-71.1200000000099,UP,0.5427300750429881,0.044,0.4987300750429881,WATCH,DEEP VALUE PRICE,RAW FORECAST,UP,0.5427300750429881,"7,8,9,11",DOWN,PASS,NONE,,0.0006708745156016604,1,-0.004567015898209181,False,False
2026-09-02T08:14:53.169457+00:00,KXBTC15M-26SEP020415-15,14.884162400000001,0.11583759999999899,77410.26,77443.13,-32.870000000009895,UP,0.5491708214498445,0.019,0.5301708214498445,WATCH,DEEP VALUE PRICE,RAW FORECAST,UP,0.5491708214498445,"7,8,9,11",DOWN,PASS,NONE,,0.0002934026755431196,2,0.0018737305086472533,False,False
2026-09-02T08:16:08.503254+00:00,KXBTC15M-26SEP020430-30,1.13978665,13.86021335,77420.44,77398.01,22.430000000007567,UP,0.6073129493153593,0.61,-0.0026870506846407016,WATCH,EXPENSIVE / WAIT,RAW FORECAST,UP,0.6073129493153593,,UP,PASS,NONE,,0.0005046421912404675,2,0.07034859473265798,False,False
2026-09-02T08:17:23.977831+00:00,KXBTC15M-26SEP020430-30,2.39709845,12.60290155,77430.67,77398.01,32.66000000000349,UP,0.528153747499185,0.68,-0.15184625250081507,WATCH,EXPENSIVE / WAIT,RAW FORECAST,UP,0.528153747499185,,UP,PASS,NONE,,0.0006346473242462292,3,-0.00881060708351633,False,True
2026-09-02T08:18:39.508044+00:00,KXBTC15M-26SEP020430-30,3.6564408333333334,11.343559166666667,77388.73,77398.01,-9.279999999998836,UP,0.5344524628222611,0.5,0.03445246282226111,WATCH,ACCEPTABLE PRICE,RAW FORECAST,UP,0.5344524628222611,,UP,PASS,NONE,,9.265773396149868e-05,2,-0.002511891760440199,False,True
2026-09-02T08:19:54.696767+00:00,KXBTC15M-26SEP020430-30,4.909046316666666,10.090953683333334,77365.89,77398.01,-32.11999999999534,UP,0.5687592182876127,0.35,0.2187592182876127,WATCH,ATTRACTIVE PRICE,RAW FORECAST,UP,0.5687592182876127,,DOWN,PASS,NONE,,0.00020250302526847452,0,0.03179486370491136,False,False
2026-09-02T08:21:10.107456+00:00,KXBTC15M-26SEP020430-30,6.165614333333334,8.834385666666666,77324.74,77398.01,-73.26999999998952,UP,0.5601669854091408,0.2,0.36016698540914077,WATCH,DEEP VALUE PRICE,RAW FORECAST,UP,0.5601669854091408,,DOWN,PASS,NONE,,0.0008965960365752146,0,0.023202630826439474,False,False
2026-09-02T08:22:26.987781+00:00,KXBTC15M-26SEP020430-30,7.447820133333334,7.552179866666666,77273.62,77398.01,-124.38999999999942,UP,0.5366465385454234,0.15,0.3866465385454234,WATCH,DEEP VALUE PRICE,RAW FORECAST,UP,0.5366465385454234,7,DOWN,PASS,NONE,,0.0013949059698460387,0,-0.0003178160372778738,False,False
2026-09-02T08:23:42.757035+00:00,KXBTC15M-26SEP020430-30,8.710639316666667,6.289360683333333,77253.05,77398.01,-144.95999999999185,UP,0.5732788460807815,0.12,0.4532788460807815,WATCH,DEEP VALUE PRICE,RAW FORECAST,UP,0.5732788460807815,"7,8",DOWN,PASS,NONE,,0.0016408301926195135,0,0.03631449149808019,False,False
2026-09-02T08:24:58.197732+00:00,KXBTC15M-26SEP020430-30,9.96793355,5.03206645,77264.09,77398.01,-133.91999999999825,UP,0.5530104628174125,0.13,0.4230104628174125,WATCH,DEEP VALUE PRICE,RAW FORECAST,UP,0.5530104628174125,"7,8,9",DOWN,PASS,NONE,,0.0014803268375567225,1,0.0160461082347112,False,False
2026-09-02T08:26:13.919703+00:00,KXBTC15M-26SEP020430-30,11.229767483333335,3.770232516666665,77264.11,77398.01,-133.89999999999418,UP,0.5530104628174125,0.079,0.4740104628174125,WATCH,DEEP VALUE PRICE,RAW FORECAST,UP,0.5530104628174125,"7,8,9,11",DOWN,PASS,NONE,,0.0015178034663555495,1,0.0160461082347112,False,False
2026-09-02T08:27:29.339530+00:00,KXBTC15M-26SEP020430-30,12.486964316666667,2.5130356833333334,77264.11,77398.01,-133.89999999999418,UP,0.5530104628174125,0.027,0.5260104628174125,WATCH,DEEP VALUE PRICE,RAW FORECAST,UP,0.5530104628174125,"7,8,9,11",DOWN,PASS,NONE,,0.0015178034663555495,1,0.0160461082347112,False,False
2026-09-02T08:28:44.917858+00:00,KXBTC15M-26SEP020430-30,13.745565516666666,1.254434483333334,77288.63,77398.01,-109.3799999999901,UP,0.548820815794717,0.006,0.542820815794717,WATCH,DEEP VALUE PRICE,RAW FORECAST,UP,0.548820815794717,"7,8,9,11",DOWN,PASS,NONE,,0.0012009321083730207,3,0.011856461212015668,False,False
2026-09-02T08:30:00.315947+00:00,,,,77291.51,,,UP,0.563279272915852,,,WATCH,NO LIVE ASK,RAW FORECAST,UP,0.563279272915852,,UP,PASS,NONE,,,0,,False,False
2026-09-02T08:31:15.359274+00:00,KXBTC15M-26SEP020445-45,1.2539780333333332,13.746021966666667,77182.35,77270.53,-88.17999999999302,UP,0.5197740445718515,0.25,0.2697740445718515,WATCH,DEEP VALUE PRICE,RAW FORECAST,UP,0.5197740445718515,,DOWN,PASS,NONE,,0.0003541006316694073,0,-0.08555788983113433,False,False
2026-09-02T08:32:30.710889+00:00,KXBTC15M-26SEP020445-45,2.5096190666666667,12.490380933333334,77119.73,77270.53,-150.8000000000029,UP,0.5665493273576729,0.27,0.2965493273576729,WATCH,DEEP VALUE PRICE,RAW FORECAST,UP,0.5665493273576729,,DOWN,PASS,NONE,,0.001098955325426143,0,-0.03878260704531289,False,False
2026-09-02T08:33:46.395830+00:00,KXBTC15M-26SEP020445-45,3.7705585499999996,11.22944145,77094.43,77270.53,-176.10000000000582,UP,0.5566536426265394,0.19,0.3666536426265394,WATCH,DEEP VALUE PRICE,RAW FORECAST,UP,0.5566536426265394,,DOWN,PASS,NONE,,0.0014928178056408115,0,-0.04867829177644645,False,False
2026-09-02T08:35:01.694553+00:00,KXBTC15M-26SEP020445-45,5.0256118333333335,9.974388166666667,77094.06,77270.53,-176.47000000000116,UP,0.5552897966376934,0.15,0.4052897966376934,WATCH,DEEP VALUE PRICE,RAW FORECAST,UP,0.5552897966376934,,DOWN,PASS,NONE,,0.0018416082230093833,0,-0.05004213776529243,False,False
2026-09-02T08:36:17.483204+00:00,KXBTC15M-26SEP020445-45,6.288694416666667,8.711305583333333,77047.96,77270.53,-222.56999999999243,DOWN,0.5023578760956489,0.89,-0.38764212390435115,WATCH,EXPENSIVE / WAIT,RAW FORECAST,DOWN,0.5023578760956489,,DOWN,PASS,NONE,,0.002003375483051517,3,-0.10297405830733697,False,True
2026-09-02T08:37:32.656455+00:00,KXBTC15M-26SEP020445-45,7.542124916666666,7.457875083333334,77100.49,77270.53,-170.0399999999936,UP,0.589095354935006,0.13,0.459095354935006,WATCH,DEEP VALUE PRICE,RAW FORECAST,UP,0.589095354935006,7,DOWN,PASS,NONE,,0.0017554791373984857,0,-0.01623657946797985,False,False
2026-09-02T08:38:48.084178+00:00,KXBTC15M-26SEP020445-45,8.799423116666667,6.2005768833333335,77108.96,77270.53,-161.56999999999243,UP,0.5930674715026907,0.095,0.4980674715026907,WATCH,DEEP VALUE PRICE,RAW FORECAST,UP,0.5930674715026907,"7,8",DOWN,PASS,NONE,,0.0015040858213523078,2,-0.012264462900295148,False,False
2026-09-02T08:40:03.678366+00:00,KXBTC15M-26SEP020445-45,10.058760699999999,4.941239300000001,77041.11,77270.53,-229.41999999999825,UP,0.5367295939176064,0.058,0.47872959391760644,WATCH,DEEP VALUE PRICE,RAW FORECAST,UP,0.5367295939176064,"7,8,9",DOWN,PASS,NONE,,0.0022975095483481756,1,-0.06860234048537939,False,False
2026-09-02T08:41:19.528793+00:00,KXBTC15M-26SEP020445-45,11.32247705,3.67752295,77040.11,77270.53,-230.41999999999825,UP,0.5243520713458354,0.034,0.49035207134583536,WATCH,DEEP VALUE PRICE,RAW FORECAST,UP,0.5243520713458354,"7,8,9,11",DOWN,PASS,NONE,,0.002156853628087374,0,-0.08097986305715044,False,False
2026-09-02T08:42:42.089252+00:00,KXBTC15M-26SEP020445-45,12.699503633333334,2.300496366666666,77012.2,77270.53,-258.33000000000175,DOWN,0.5055949263790606,0.994,-0.48840507362093943,WATCH,EXPENSIVE / WAIT,RAW FORECAST,DOWN,0.5055949263790606,"7,8,9,11",DOWN,PASS,NONE,,0.0024375178814990406,3,-0.09973700802392527,False,True
2026-09-02T08:43:57.349333+00:00,KXBTC15M-26SEP020445-45,13.953209333333332,1.0467906666666682,76993.02,77270.53,-277.50999999999476,UP,0.5089026274151147,0.002,0.5069026274151147,WATCH,DEEP VALUE PRICE,RAW FORECAST,UP,0.5089026274151147,"7,8,9,11",DOWN,PASS,NONE,,0.0028062539818511922,1,-0.09642930698787111,False,False
2026-09-02T08:45:12.787986+00:00,,,,76937.39,,,DOWN,0.5255408885796203,,,WATCH,NO LIVE ASK,RAW FORECAST,DOWN,0.5255408885796203,,DOWN,PASS,NONE,,,0,,False,False
2026-09-02T08:46:28.522813+00:00,KXBTC15M-26SEP020500-00,1.4733691,13.5266309,76911.9,76939.33,-27.430000000007567,UP,0.5125640214826458,0.57,-0.05743597851735416,WATCH,EXPENSIVE / WAIT,RAW FORECAST,UP,0.5125640214826458,,DOWN,PASS,NONE,,0.00035572340892753296,1,-0.0012249700608873981,False,False
2026-09-02T08:47:43.902232+00:00,KXBTC15M-26SEP020500-00,2.7296040833333333,12.270395916666667,76943.63,76939.33,4.30000000000291,DOWN,0.533601628292249,0.53,0.0036016282922489706,WATCH,EXPENSIVE / WAIT,RAW FORECAST,DOWN,0.533601628292249,,UP,PASS,NONE,,0.00021426614689779022,3,0.019812636748715806,False,False
2026-09-02T08:48:59.746532+00:00,KXBTC15M-26SEP020500-00,3.9937386166666666,11.006261383333333,76832.01,76939.33,-107.32000000000698,UP,0.5228853537342614,0.32,0.20288535373426136,WATCH,ATTRACTIVE PRICE,RAW FORECAST,UP,0.5228853537342614,,DOWN,PASS,NONE,,0.0008289811605711739,0,0.00909636219072818,False,False
2026-09-02T08:50:15.250704+00:00,KXBTC15M-26SEP020500-00,5.251840166666667,9.748159833333332,76839.62,76939.33,-99.7100000000064,UP,0.5096736895918189,0.26,0.2496736895918189,WATCH,DEEP VALUE PRICE,RAW FORECAST,UP,0.5096736895918189,,DOWN,PASS,NONE,,0.0009630275182481718,1,-0.004115301951714279,False,False
2026-09-02T08:51:30.719359+00:00,KXBTC15M-26SEP020500-00,6.5099464000000005,8.4900536,76799.15,76939.33,-140.18000000000757,UP,0.5092489864223005,0.19,0.31924898642230054,WATCH,DEEP VALUE PRICE,RAW FORECAST,UP,0.5092489864223005,,DOWN,PASS,NONE,,0.0015681213578493391,0,-0.004540005121232649,False,False
2026-09-02T08:52:46.253706+00:00,KXBTC15M-26SEP020500-00,7.76850095,7.23149905,76769.7,76939.33,-169.63000000000466,UP,0.5196362915480521,0.11,0.40963629154805214,WATCH,DEEP VALUE PRICE,RAW FORECAST,UP,0.5196362915480521,7,DOWN,PASS,NONE,,0.0018720984521741757,0,0.0058473000045189405,False,False
2026-09-02T08:54:01.882031+00:00,KXBTC15M-26SEP020500-00,9.028656833333335,5.971343166666665,76744.59,76939.33,-194.74000000000524,UP,0.505417025204942,0.17,0.335417025204942,WATCH,DEEP VALUE PRICE,RAW FORECAST,UP,0.505417025204942,"7,9",DOWN,PASS,NONE,,0.002050350204235385,0,-0.008371966338591164,False,False
2026-09-02T08:55:17.789141+00:00,KXBTC15M-26SEP020500-00,10.293522516666666,4.706477483333334,76780.09,76939.33,-159.24000000000524,DOWN,0.5042477415738932,0.926,-0.42175225842610686,WATCH,EXPENSIVE / WAIT,RAW FORECAST,DOWN,0.5042477415738932,"7,9",DOWN,PASS,NONE,,0.0017370119675704787,1,-0.009541249969640009,False,True
2026-09-02T08:56:32.950517+00:00,KXBTC15M-26SEP020500-00,11.546848716666666,3.4531512833333338,76721.93,76939.33,-217.40000000000873,UP,0.5010732754028573,0.034,0.46707327540285726,WATCH,DEEP VALUE PRICE,RAW FORECAST,UP,0.5010732754028573,"7,9,11",DOWN,PASS,NONE,,0.0026199497124634874,0,-0.012715716140675903,False,False
2026-09-02T08:57:48.536551+00:00,KXBTC15M-26SEP020500-00,12.806833983333332,2.1931660166666678,76808.4,76939.33,-130.93000000000757,UP,0.5119552336544175,0.03,0.4819552336544175,WATCH,DEEP VALUE PRICE,RAW FORECAST,UP,0.5119552336544175,"7,9,11",DOWN,PASS,NONE,,0.0013493046556470878,3,-0.0018337578891156614,False,False
2026-09-02T08:59:03.794159+00:00,KXBTC15M-26SEP020500-00,14.06093035,0.9390696500000004,76781.86,76939.33,-157.47000000000116,DOWN,0.5047348539615673,0.996,-0.49126514603843274,WATCH,EXPENSIVE / WAIT,RAW FORECAST,DOWN,0.5047348539615673,"7,9,11",DOWN,PASS,NONE,,0.0017139991593174697,1,-0.009054137581965938,False,True
2026-09-02T09:00:19.131102+00:00,,,,76807.55,,,UP,0.5118038295030135,,,WATCH,NO LIVE ASK,RAW FORECAST,UP,0.5118038295030135,,UP,PASS,NONE,,,0,,False,False
2026-09-02T09:01:34.243962+00:00,KXBTC15M-26SEP020515-15,1.5687319333333332,13.431268066666666,76880.62,76804.96,75.65999999998894,UP,0.5734131598466226,0.83,-0.2565868401533774,WATCH,EXPENSIVE / WAIT,RAW FORECAST,UP,0.5734131598466226,,UP,PASS,NONE,,0.0010037299066851801,3,0.06177415149807297,False,True
2026-09-02T09:02:49.796081+00:00,KXBTC15M-26SEP020515-15,2.827218283333333,12.172781716666666,76911.91,76804.96,106.94999999999709,UP,0.5794458247828554,0.87,-0.29055417521714455,WATCH,EXPENSIVE / WAIT,RAW FORECAST,UP,0.5794458247828554,,UP,PASS,NONE,,0.0014201170180589973,3,0.06780681643430586,False,True
2026-09-02T09:04:04.999304+00:00,KXBTC15M-26SEP020515-15,4.081277483333333,10.918722516666666,76982.58,76804.96,177.61999999999534,UP,0.6512481942370694,0.902,-0.25075180576293066,WATCH,EXPENSIVE / WAIT,RAW FORECAST,UP,0.6512481942370694,,UP,PASS,NONE,,0.0023312730547671023,2,0.13960918588851978,False,True
2026-09-02T09:05:20.870622+00:00,KXBTC15M-26SEP020515-15,5.3455927,9.654407299999999,76946.95,76804.96,141.9899999999907,UP,0.5641461750215349,0.9,-0.33585382497846517,WATCH,EXPENSIVE / WAIT,RAW FORECAST,UP,0.5641461750215349,,UP,PASS,NONE,,0.0018674922884405198,2,0.05250716667298527,False,True
2026-09-02T09:06:36.222421+00:00,KXBTC15M-26SEP020515-15,6.601718866666667,8.398281133333333,76985.11,76804.96,180.14999999999418,UP,0.574133965305278,0.913,-0.338866034694722,WATCH,EXPENSIVE / WAIT,RAW FORECAST,UP,0.574133965305278,,UP,PASS,NONE,,0.0023642142490065687,2,0.062494956956728465,False,True
2026-09-02T09:07:52.015756+00:00,KXBTC15M-26SEP020515-15,7.864903183333333,7.135096816666667,76961.53,76804.96,156.56999999999243,UP,0.5523216137233845,0.94,-0.38767838627661544,WATCH,EXPENSIVE / WAIT,RAW FORECAST,UP,0.5523216137233845,7,UP,PASS,NONE,,0.002433351696204511,3,0.040682605374834924,False,True
2026-09-02T09:09:07.408984+00:00,KXBTC15M-26SEP020515-15,9.121467233333334,5.878532766666666,76997.58,76804.96,192.61999999999534,UP,0.6610874568846516,0.971,-0.3099125431153483,WATCH,EXPENSIVE / WAIT,RAW FORECAST,UP,0.6610874568846516,"7,9",UP,PASS,NONE,,0.0025265765779256544,3,0.14944844853610206,False,True
2026-09-02T09:10:22.412383+00:00,KXBTC15M-26SEP020515-15,10.371485866666665,4.628514133333335,76957.38,76804.96,152.41999999999825,UP,0.5583688936947485,0.974,-0.41563110630525146,WATCH,EXPENSIVE / WAIT,RAW FORECAST,UP,0.5583688936947485,"7,9",UP,PASS,NONE,,0.002023214297572018,1,0.04672988534619893,False,True
2026-09-02T09:11:37.885057+00:00,KXBTC15M-26SEP020515-15,11.629455983333335,3.370544016666665,76972.75,76804.96,167.7899999999936,UP,0.554480553507207,0.992,-0.43751944649279295,WATCH,EXPENSIVE / WAIT,RAW FORECAST,UP,0.554480553507207,"7,9,11",UP,PASS,NONE,,0.002203284145924078,0,0.04284154515865746,False,True
2026-09-02T09:12:53.413678+00:00,KXBTC15M-26SEP020515-15,12.887672433333334,2.112327566666666,76988.93,76804.96,183.9699999999866,UP,0.5970303922551274,0.996,-0.39896960774487256,WATCH,EXPENSIVE / WAIT,RAW FORECAST,UP,0.5970303922551274,"7,9,11",UP,PASS,NONE,,0.0020712589642690737,0,0.08539138390657786,False,True
2026-09-02T09:14:09.053345+00:00,KXBTC15M-26SEP020515-15,14.148594050000002,0.8514059499999984,76955.84,76804.96,150.8799999999901,UP,0.5574332516535735,0.999,-0.4415667483464265,WATCH,EXPENSIVE / WAIT,RAW FORECAST,UP,0.5574332516535735,"7,9,11",UP,PASS,NONE,,0.00198298177180134,0,0.04579424330502391,False,True
2026-09-02T09:15:24.451888+00:00,,,,76948.52,,,UP,0.5690431787210961,,,WATCH,NO LIVE ASK,RAW FORECAST,UP,0.5690431787210961,,UP,PASS,NONE,,,0,,False,False
2026-09-02T09:16:39.752717+00:00,KXBTC15M-26SEP020530-30,1.6603926166666667,13.339607383333334,76865.05,76951.01,-85.95999999999185,UP,0.5207892640174007,0.44,0.08078926401740066,WATCH,ACCEPTABLE PRICE,RAW FORECAST,UP,0.5207892640174007,,DOWN,PASS,NONE,,0.000580557902491674,0,-0.06001330231625179,False,False
2026-09-02T09:17:55.128633+00:00,KXBTC15M-26SEP020530-30,2.9167796999999998,12.0832203,76840.92,76951.01,-110.08999999999651,UP,0.5606574939799345,0.29,0.2706574939799345,WATCH,DEEP VALUE PRICE,RAW FORECAST,UP,0.5606574939799345,,DOWN,PASS,NONE,,0.0008823439924544596,0,-0.020145072353717985,False,False
2026-09-02T09:19:10.357502+00:00,KXBTC15M-26SEP020530-30,4.1701665,10.8298335,76865.43,76951.01,-85.58000000000175,UP,0.527905588758779,0.28,0.247905588758779,WATCH,DEEP VALUE PRICE,RAW FORECAST,UP,0.527905588758779,,DOWN,PASS,NONE,,0.0004298598937598763,1,-0.05289697757487344,False,False
2026-09-02T09:20:25.787500+00:00,KXBTC15M-26SEP020530-30,5.427568333333334,9.572431666666667,76878.43,76951.01,-72.58000000000175,UP,0.5029998426866371,0.18,0.3229998426866371,WATCH,DEEP VALUE PRICE,RAW FORECAST,UP,0.5029998426866371,,DOWN,PASS,NONE,,0.0003946233446948666,1,-0.07780272364701535,False,False
2026-09-02T09:21:41.031987+00:00,KXBTC15M-26SEP020530-30,6.6818825833333335,8.318117416666666,76870.19,76951.01,-80.81999999999243,UP,0.5236884354641643,0.13,0.3936884354641643,WATCH,DEEP VALUE PRICE,RAW FORECAST,UP,0.5236884354641643,,DOWN,PASS,NONE,,0.0007503694636684655,0,-0.05711413086948813,False,False
2026-09-02T09:22:56.670048+00:00,KXBTC15M-26SEP020530-30,7.942410199999999,7.057589800000001,76812.8,76951.01,-138.20999999999185,UP,0.5498338599714422,0.087,0.4628338599714422,WATCH,DEEP VALUE PRICE,RAW FORECAST,UP,0.5498338599714422,7,DOWN,PASS,NONE,,0.001247971948066251,0,-0.030968706362210274,False,False
2026-09-02T09:24:12.040720+00:00,KXBTC15M-26SEP020530-30,9.198701083333333,5.801298916666667,76741.29,76951.01,-209.72000000000116,UP,0.6039892509909676,0.021,0.5829892509909675,WATCH,DEEP VALUE PRICE,RAW FORECAST,UP,0.6039892509909676,"7,9",DOWN,PASS,NONE,,0.0023940049497599425,0,0.023186684657315104,False,False
2026-09-02T09:25:27.413328+00:00,KXBTC15M-26SEP020530-30,10.454860166666666,4.545139833333334,76690.24,76951.01,-260.7699999999895,UP,0.5443340923261304,0.038,0.5063340923261304,WATCH,DEEP VALUE PRICE,RAW FORECAST,UP,0.5443340923261304,"7,9",DOWN,PASS,NONE,,0.0027286871537943735,1,-0.03646847400752207,False,False
2026-09-02T09:26:42.901593+00:00,KXBTC15M-26SEP020530-30,11.712903299999999,3.287096700000001,76769.92,76951.01,-181.0899999999965,UP,0.5862248306716319,0.015,0.5712248306716319,WATCH,DEEP VALUE PRICE,RAW FORECAST,UP,0.5862248306716319,"7,9,11",DOWN,PASS,NONE,,0.001673541044338367,2,0.005422264337979432,False,False
2026-09-02T09:27:58.178178+00:00,KXBTC15M-26SEP020530-30,12.96715925,2.03284075,76772.75,76951.01,-178.25999999999476,UP,0.5966100746185307,0.01,0.5866100746185307,WATCH,DEEP VALUE PRICE,RAW FORECAST,UP,0.5966100746185307,"7,9,11",DOWN,PASS,NONE,,0.0015428667572154886,3,0.015807508284878202,False,False
2026-09-02T09:29:13.551491+00:00,KXBTC15M-26SEP020530-30,14.2239205,0.7760794999999998,76794.59,76951.01,-156.41999999999825,UP,0.5539987847510547,0.002,0.5519987847510547,WATCH,DEEP VALUE PRICE,RAW FORECAST,UP,0.5539987847510547,"7,9,11",DOWN,PASS,NONE,,0.0013842372743396725,3,-0.026803781582597774,False,False
2026-09-02T09:30:28.756324+00:00,KXBTC15M-26SEP020545-45,0.47725218333333336,14.522747816666667,76810.37,76821.33,-10.960000000006403,UP,0.5292248144347512,0.43,0.09922481443475123,WATCH,ACCEPTABLE PRICE,RAW FORECAST,UP,0.5292248144347512,,UP,PASS,NONE,,,3,-0.051577751898901236,False,False
2026-09-02T09:31:44.158493+00:00,KXBTC15M-26SEP020545-45,1.7335914499999998,13.26640855,76729.01,76821.33,-92.32000000000698,UP,0.550263317186816,0.3,0.250263317186816,WATCH,DEEP VALUE PRICE,RAW FORECAST,UP,0.550263317186816,,DOWN,PASS,NONE,,0.0016795887486160677,0,0.05011365855202499,False,False
2026-09-02T09:32:59.653272+00:00,KXBTC15M-26SEP020545-45,2.992238266666667,12.007761733333332,76686.56,76821.33,-134.77000000000407,UP,0.5735915658714004,0.2,0.37359156587140036,WATCH,DEEP VALUE PRICE,RAW FORECAST,UP,0.5735915658714004,,DOWN,PASS,NONE,,0.0027544266642034465,0,0.07344190723660937,False,False
2026-09-02T09:34:15.218108+00:00,KXBTC15M-26SEP020545-45,4.251199233333334,10.748800766666665,76609.33,76821.33,-212.0,UP,0.534900403079735,0.27,0.26490040307973495,WATCH,DEEP VALUE PRICE,RAW FORECAST,UP,0.534900403079735,,DOWN,PASS,NONE,,0.003236744077722453,0,0.03475074444494397,False,False
2026-09-02T09:35:30.834013+00:00,KXBTC15M-26SEP020545-45,5.511858933333333,9.488141066666667,76680.08,76821.33,-141.25,UP,0.5787926831016647,0.17,0.4087926831016646,WATCH,DEEP VALUE PRICE,RAW FORECAST,UP,0.5787926831016647,,DOWN,PASS,NONE,,0.0023470525552934385,0,0.07864302446687366,False,False
2026-09-02T09:36:46.432007+00:00,KXBTC15M-26SEP020545-45,6.77024605,8.22975395,76651.36,76821.33,-169.97000000000116,UP,0.5867568192407044,0.058,0.5287568192407044,WATCH,DEEP VALUE PRICE,RAW FORECAST,UP,0.5867568192407044,,DOWN,PASS,NONE,,0.0026898921519007413,1,0.08660716060591345,False,False
2026-09-02T09:38:02.041325+00:00,KXBTC15M-26SEP020545-45,8.031702750000001,6.968297249999999,76557.0,76821.33,-264.33000000000175,UP,0.5472899149013938,0.056,0.4912899149013938,WATCH,DEEP VALUE PRICE,RAW FORECAST,UP,0.5472899149013938,8,DOWN,PASS,NONE,,0.004367529251959268,0,0.04714025626660279,False,False
2026-09-02T09:39:17.765186+00:00,KXBTC15M-26SEP020545-45,9.293672899999999,5.706327100000001,76557.0,76821.33,-264.33000000000175,UP,0.5757322943764555,0.025,0.5507322943764554,WATCH,DEEP VALUE PRICE,RAW FORECAST,UP,0.5757322943764555,"8,9",DOWN,PASS,NONE,,0.004032886579293571,0,0.07558263574166446,False,False
2026-09-02T09:40:33.031661+00:00,KXBTC15M-26SEP020545-45,10.54837185,4.4516281499999995,76549.73,76821.33,-271.6000000000058,UP,0.5874795039324447,0.023,0.5644795039324447,WATCH,DEEP VALUE PRICE,RAW FORECAST,UP,0.5874795039324447,"8,9",DOWN,PASS,NONE,,0.00407894548525134,0,0.08732984529765375,False,False
2026-09-02T09:41:48.466796+00:00,KXBTC15M-26SEP020545-45,11.8057628,3.1942372,76591.08,76821.33,-230.25,UP,0.5666885062640695,0.018,0.5486885062640695,WATCH,DEEP VALUE PRICE,RAW FORECAST,UP,0.5666885062640695,"8,9,11",DOWN,PASS,NONE,,0.0034159054153044544,3,0.06653884762927853,False,False
2026-09-02T09:43:04.142514+00:00,KXBTC15M-26SEP020545-45,13.066796483333333,1.9332035166666675,76554.4,76821.33,-266.93000000000757,UP,0.5839402572040667,0.002,0.5819402572040667,WATCH,DEEP VALUE PRICE,RAW FORECAST,UP,0.5839402572040667,"8,9,11",DOWN,PASS,NONE,,0.003951437779492473,1,0.08379059856927573,False,False
2026-09-02T09:44:19.683863+00:00,KXBTC15M-26SEP020545-45,14.326055366666667,0.673944633333333,76536.11,76821.33,-285.22000000000116,UP,0.5762961185865818,0.002,0.5742961185865818,WATCH,DEEP VALUE PRICE,RAW FORECAST,UP,0.5762961185865818,"8,9,11",DOWN,PASS,NONE,,0.004445334974452986,0,0.07614645995179081,False,False
2026-09-02T09:45:35.377964+00:00,KXBTC15M-26SEP020600-00,0.5871364833333333,14.412863516666667,76518.9,76511.09,7.809999999997672,UP,0.5802515486618498,0.56,0.02025154866184975,WATCH,EXPENSIVE / WAIT,RAW FORECAST,UP,0.5802515486618498,,DOWN,PASS,NONE,,,1,0.08010189002705881,False,False
2026-09-02T09:46:50.547790+00:00,KXBTC15M-26SEP020600-00,1.8404597333333332,13.159540266666667,76483.92,76511.09,-27.169999999998254,UP,0.5273796423282031,0.45,0.0773796423282031,WATCH,ACCEPTABLE PRICE,RAW FORECAST,UP,0.5273796423282031,,DOWN,PASS,NONE,,0.0006236208824130784,0,-0.03731307176617649,False,False
2026-09-02T09:48:05.828326+00:00,KXBTC15M-26SEP020600-00,3.0950516833333332,11.904948316666667,76590.58,76511.09,79.49000000000524,UP,0.5371459416785623,0.68,-0.14285405832143772,WATCH,EXPENSIVE / WAIT,RAW FORECAST,UP,0.5371459416785623,,UP,PASS,NONE,,0.0009112549063423625,3,-0.027546772415817267,False,True
2026-09-02T09:49:20.910422+00:00,KXBTC15M-26SEP020600-00,4.345937500000001,10.654062499999998,76598.54,76511.09,87.44999999999709,UP,0.5311982053728622,0.82,-0.28880179462713773,WATCH,EXPENSIVE / WAIT,RAW FORECAST,UP,0.5311982053728622,,UP,PASS,NONE,,0.0011127686114307256,3,-0.03349450872151738,False,True
2026-09-02T09:50:36.325237+00:00,KXBTC15M-26SEP020600-00,5.6033616,9.3966384,76661.1,76511.09,150.0100000000093,UP,0.5555688322131633,0.9,-0.3444311677868367,WATCH,EXPENSIVE / WAIT,RAW FORECAST,UP,0.5555688322131633,,UP,PASS,NONE,,0.0018328337962789654,3,-0.009123881881216267,False,True
2026-09-02T09:51:52.030275+00:00,KXBTC15M-26SEP020600-00,6.865069933333333,8.134930066666666,76662.92,76511.09,151.83000000000175,UP,0.5454334219385297,0.89,-0.3445665780614703,WATCH,EXPENSIVE / WAIT,RAW FORECAST,UP,0.5454334219385297,,UP,PASS,NONE,,0.0018905958310708737,3,-0.019259292155849872,False,True
2026-09-02T09:53:07.591243+00:00,KXBTC15M-26SEP020600-00,8.124561116666666,6.875438883333334,76665.32,76511.09,154.23000000001048,UP,0.551541106708802,0.958,-0.406458893291198,WATCH,EXPENSIVE / WAIT,RAW FORECAST,UP,0.551541106708802,8,UP,PASS,NONE,,0.00190562441478348,3,-0.013151607385577635,False,True
2026-09-02T09:54:22.852233+00:00,KXBTC15M-26SEP020600-00,9.378918633333335,5.621081366666665,76669.45,76511.09,158.36000000000058,UP,0.53132833987476,0.969,-0.43767166012523995,WATCH,EXPENSIVE / WAIT,RAW FORECAST,UP,0.53132833987476,"8,9",UP,PASS,NONE,,0.002102825569762823,2,-0.033364374219619575,False,True
2026-09-02T09:55:38.595879+00:00,KXBTC15M-26SEP020600-00,10.640702533333332,4.359297466666668,76638.2,76511.09,127.11000000000058,UP,0.5104728896346231,0.962,-0.45152711036537685,WATCH,EXPENSIVE / WAIT,RAW FORECAST,UP,0.5104728896346231,"8,9",UP,PASS,NONE,,0.001590024156814751,1,-0.05421982445975648,False,True
2026-09-02T09:56:54.163860+00:00,KXBTC15M-26SEP020600-00,11.899646766666667,3.1003532333333332,76656.11,76511.09,145.02000000000407,UP,0.5381192661348454,0.992,-0.4538807338651546,WATCH,EXPENSIVE / WAIT,RAW FORECAST,UP,0.5381192661348454,"8,9,11",UP,PASS,NONE,,0.0017676228112990522,2,-0.026573447959534202,False,True
2026-09-02T09:58:09.662313+00:00,KXBTC15M-26SEP020600-00,13.158387816666668,1.841612183333332,76661.49,76511.09,150.40000000000873,UP,0.535765163835297,0.995,-0.45923483616470295,WATCH,EXPENSIVE / WAIT,RAW FORECAST,UP,0.535765163835297,"8,9,11",UP,PASS,NONE,,0.0019912220002782366,1,-0.028927550259082557,False,True
2026-09-02T09:59:25.013911+00:00,KXBTC15M-26SEP020600-00,14.4149293,0.5850706999999993,76680.63,76511.09,169.54000000000815,UP,0.5562283667139535,0.999,-0.4427716332860465,WATCH,EXPENSIVE / WAIT,RAW FORECAST,UP,0.5562283667139535,"8,9,11",UP,PASS,NONE,,0.0020880583527234098,1,-0.008464347380426118,False,True
2026-09-02T10:00:40.739593+00:00,KXBTC15M-26SEP020615-15,0.6769033333333333,14.323096666666666,76711.07,76698.09,12.980000000010477,UP,0.5576813217060312,0.57,-0.01231867829396871,WATCH,EXPENSIVE / WAIT,RAW FORECAST,UP,0.5576813217060312,,UP,PASS,NONE,,,3,-0.020781409699982323,False,False
2026-09-02T10:01:56.324943+00:00,KXBTC15M-26SEP020615-15,1.93652385,13.06347615,76665.89,76698.09,-32.19999999999709,UP,0.5879969993187818,0.39,0.19799699931878179,WATCH,ATTRACTIVE PRICE,RAW FORECAST,UP,0.5879969993187818,,DOWN,PASS,NONE,,0.0006139768505960541,1,0.030315677612750558,False,False
2026-09-02T10:03:11.728710+00:00,KXBTC15M-26SEP020615-15,3.19334965,11.80665035,76591.89,76698.09,-106.19999999999709,UP,0.5966610232452587,0.19,0.4066610232452587,WATCH,DEEP VALUE PRICE,RAW FORECAST,UP,0.5966610232452587,,DOWN,PASS,NONE,,0.001636880533531615,0,0.038979701539227474,False,False
2026-09-02T10:04:27.214208+00:00,KXBTC15M-26SEP020615-15,4.4515524,10.5484476,76592.97,76698.09,-105.11999999999534,UP,0.5793934537325892,0.24,0.3393934537325892,WATCH,DEEP VALUE PRICE,RAW FORECAST,UP,0.5793934537325892,,DOWN,PASS,NONE,,0.0015645329428563004,1,0.021712132026557973,False,False
2026-09-02T10:05:42.899031+00:00,KXBTC15M-26SEP020615-15,5.712435350000001,9.28756465,76570.01,76698.09,-128.08000000000175,UP,0.5461925785921999,0.15,0.3961925785921999,WATCH,DEEP VALUE PRICE,RAW FORECAST,UP,0.5461925785921999,,DOWN,PASS,NONE,,0.0018985050641358026,0,-0.011488743113831301,False,False
2026-09-02T10:06:58.394677+00:00,KXBTC15M-26SEP020615-15,6.97069455,8.029305449999999,76587.05,76698.09,-111.0399999999936,UP,0.5809141719023989,0.079,0.501914171902399,WATCH,DEEP VALUE PRICE,RAW FORECAST,UP,0.5809141719023989,,DOWN,PASS,NONE,,0.0019528635241569114,0,0.02323285019636767,False,False
2026-09-02T10:08:14.355621+00:00,KXBTC15M-26SEP020615-15,8.236542316666666,6.763457683333334,76539.15,76698.09,-158.94000000000233,UP,0.5720003185842887,0.092,0.4800003185842887,WATCH,DEEP VALUE PRICE,RAW FORECAST,UP,0.5720003185842887,8,DOWN,PASS,NONE,,0.0022661090383780946,0,0.01431899687825744,False,False
2026-09-02T10:09:29.768718+00:00,KXBTC15M-26SEP020615-15,9.494111333333333,5.505888666666667,76584.88,76698.09,-113.20999999999185,UP,0.5972413725532282,0.11,0.4872413725532282,WATCH,DEEP VALUE PRICE,RAW FORECAST,UP,0.5972413725532282,"8,9",DOWN,PASS,NONE,,0.0012404678790385315,3,0.03956005084719694,False,False
2026-09-02T10:10:45.397361+00:00,KXBTC15M-26SEP020615-15,10.754596666666666,4.245403333333334,76565.0,76698.09,-133.0899999999965,UP,0.558508329276119,0.043,0.515508329276119,WATCH,DEEP VALUE PRICE,RAW FORECAST,UP,0.558508329276119,"8,9",DOWN,PASS,NONE,,0.0018704785200004403,2,0.000827007570087801,False,False
2026-09-02T10:12:00.431632+00:00,KXBTC15M-26SEP020615-15,12.00516485,2.99483515,76527.75,76698.09,-170.3399999999965,UP,0.5415299226814329,0.08,0.46152992268143284,WATCH,DEEP VALUE PRICE,RAW FORECAST,UP,0.5415299226814329,"8,9,11",DOWN,PASS,NONE,,0.002377172366766045,0,-0.01615139902459839,False,False
2026-09-02T10:13:15.565504+00:00,KXBTC15M-26SEP020615-15,13.257049499999999,1.742950500000001,76579.18,76698.09,-118.91000000000349,UP,0.5853190200442577,0.011,0.5743190200442577,WATCH,DEEP VALUE PRICE,RAW FORECAST,UP,0.5853190200442577,"8,9,11",DOWN,PASS,NONE,,0.0017442938933811547,2,0.02763769833822649,False,False
2026-09-02T10:14:30.565263+00:00,KXBTC15M-26SEP020615-15,14.507425616666666,0.49257438333333425,76579.38,76698.09,-118.70999999999185,UP,0.5847879242500824,0.003,0.5817879242500824,WATCH,DEEP VALUE PRICE,RAW FORECAST,UP,0.5847879242500824,"8,9,11",DOWN,PASS,NONE,,0.0015484991524904457,2,0.027106602544051173,False,False
2026-09-02T10:15:45.937376+00:00,KXBTC15M-26SEP020630-30,0.7634693666666668,14.236530633333333,76595.89,76598.5,-2.610000000000582,UP,0.5660273089574676,0.55,0.016027308957467512,WATCH,EXPENSIVE / WAIT,RAW FORECAST,UP,0.5660273089574676,,UP,PASS,NONE,,,1,-0.0036690434033987973,False,False
2026-09-02T10:17:01.581701+00:00,KXBTC15M-26SEP020630-30,2.02440625,12.97559375,76577.29,76598.5,-21.210000000006403,UP,0.5168711842806967,0.41,0.1068711842806967,WATCH,ACCEPTABLE PRICE,RAW FORECAST,UP,0.5168711842806967,,DOWN,PASS,NONE,,9.974425520742347e-05,0,-0.049156124676770885,False,False
2026-09-02T10:18:16.855779+00:00,KXBTC15M-26SEP020630-30,3.2786707500000003,11.72132925,76584.99,76598.5,-13.509999999994761,DOWN,0.540883730159535,0.44,0.10088373015953495,WATCH,ACCEPTABLE PRICE,RAW FORECAST,DOWN,0.540883730159535,,DOWN,PASS,NONE,,0.00014230528557068745,1,-0.02514357879793261,False,True
2026-09-02T10:19:32.258078+00:00,KXBTC15M-26SEP020630-30,4.535661583333334,10.464338416666667,76620.11,76598.5,21.610000000000582,DOWN,0.5490991890088301,0.35,0.19909918900883017,WATCH,ATTRACTIVE PRICE,RAW FORECAST,DOWN,0.5490991890088301,,UP,PASS,NONE,,0.0004128158834630913,0,-0.01692811994863741,False,False
2026-09-02T10:20:47.737302+00:00,KXBTC15M-26SEP020630-30,5.7935946000000005,9.2064054,76651.88,76598.5,53.38000000000466,DOWN,0.530459404988353,0.25,0.280459404988353,WATCH,DEEP VALUE PRICE,RAW FORECAST,DOWN,0.530459404988353,,UP,PASS,NONE,,0.0007309791687257761,0,-0.03556790396911458,False,False
2026-09-02T10:22:03.262553+00:00,KXBTC15M-26SEP020630-30,7.052383766666667,7.947616233333333,76625.16,76598.5,26.660000000003492,DOWN,0.5321387186497362,0.23,0.3021387186497362,WATCH,DEEP VALUE PRICE,RAW FORECAST,DOWN,0.5321387186497362,7,UP,PASS,NONE,,0.0007347652726537035,0,-0.03388859030773139,False,False
2026-09-02T10:23:18.947140+00:00,KXBTC15M-26SEP020630-30,8.313750116666666,6.686249883333334,76638.14,76598.5,39.63999999999942,DOWN,0.5132939823413261,0.31,0.20329398234132606,WATCH,ATTRACTIVE PRICE,RAW FORECAST,DOWN,0.5132939823413261,"7,8",UP,PASS,NONE,,0.0004918018447204187,2,-0.052733326616141496,False,False
2026-09-02T10:24:34.681697+00:00,KXBTC15M-26SEP020630-30,9.575058583333334,5.424941416666666,76630.76,76598.5,32.25999999999476,DOWN,0.5364117220651293,0.27,0.2664117220651293,WATCH,DEEP VALUE PRICE,RAW FORECAST,DOWN,0.5364117220651293,"7,8,9",UP,PASS,NONE,,0.00045524635851856843,2,-0.02961558689233823,False,False
2026-09-02T10:25:50.295659+00:00,KXBTC15M-26SEP020630-30,10.836349033333333,4.163650966666667,76612.6,76598.5,14.10000000000582,DOWN,0.5507016586551576,0.41,0.14070165865515766,WATCH,ACCEPTABLE PRICE,RAW FORECAST,DOWN,0.5507016586551576,"7,8,9",UP,PASS,NONE,,0.00026541894088571993,2,-0.015325650302309923,False,False
2026-09-02T10:27:05.969400+00:00,KXBTC15M-26SEP020630-30,12.096184816666666,2.903815183333334,76600.0,76598.5,1.5,DOWN,0.5230288177371347,0.6,-0.07697118226286526,WATCH,EXPENSIVE / WAIT,RAW FORECAST,DOWN,0.5230288177371347,"7,8,9,11",UP,PASS,NONE,,5.365823153180571e-05,3,-0.042998491220332835,False,False
2026-09-02T10:28:21.672791+00:00,KXBTC15M-26SEP020630-30,13.359222583333333,1.6407774166666673,76618.25,76598.5,19.75,DOWN,0.5480702260531897,0.55,-0.0019297739468103758,WATCH,EXPENSIVE / WAIT,RAW FORECAST,DOWN,0.5480702260531897,"7,8,9,11",UP,PASS,NONE,,4.647768959920029e-05,3,-0.017957082904277888,False,False
2026-09-02T10:29:37.266341+00:00,KXBTC15M-26SEP020630-30,14.61912235,0.3808776500000004,76553.9,76598.5,-44.60000000000582,DOWN,0.5135002906457115,0.948,-0.4344997093542885,WATCH,EXPENSIVE / WAIT,RAW FORECAST,DOWN,0.5135002906457115,"7,8,9,11",DOWN,PASS,NONE,,0.0005482017377173021,3,-0.0525270183117561,False,True
2026-09-02T10:30:52.727853+00:00,KXBTC15M-26SEP020645-45,0.87666355,14.12333645,76529.24,76545.97,-16.729999999995925,UP,0.5225360215929103,0.55,-0.027463978407089695,WATCH,EXPENSIVE / WAIT,RAW FORECAST,UP,0.5225360215929103,,UP,PASS,NONE,,0.00026302369055564156,1,-0.06288072139040646,False,False
2026-09-02T10:32:07.977023+00:00,KXBTC15M-26SEP020645-45,2.129694983333333,12.870305016666666,76514.88,76545.97,-31.089999999996508,UP,0.5868288194054361,0.39,0.19682881940543606,WATCH,ATTRACTIVE PRICE,RAW FORECAST,UP,0.5868288194054361,,DOWN,PASS,NONE,,0.0005870667867192703,0,0.06429279781252573,False,False
2026-09-02T10:33:23.453175+00:00,KXBTC15M-26SEP020645-45,3.38884365,11.61115635,76478.49,76545.97,-67.47999999999593,UP,0.5639764743279957,0.29,0.2739764743279957,WATCH,DEEP VALUE PRICE,RAW FORECAST,UP,0.5639764743279957,,DOWN,PASS,NONE,,0.0006692535236093589,1,0.04144045273508534,False,False
2026-09-02T10:34:38.800816+00:00,KXBTC15M-26SEP020645-45,4.6439314,10.3560686,76475.87,76545.97,-70.10000000000582,UP,0.593473965497601,0.4,0.19347396549760099,WATCH,ATTRACTIVE PRICE,RAW FORECAST,UP,0.593473965497601,,DOWN,PASS,NONE,,0.0003923796039435601,1,0.07093794390469066,False,False
2026-09-02T10:35:54.088896+00:00,KXBTC15M-26SEP020645-45,5.8994436,9.1005564,76453.55,76545.97,-92.41999999999825,UP,0.5865770452980783,0.44,0.1465770452980783,WATCH,ACCEPTABLE PRICE,RAW FORECAST,UP,0.5865770452980783,,DOWN,PASS,NONE,,0.00010270075547769153,2,0.06404102370516795,False,False
2026-09-02T10:37:09.268980+00:00,KXBTC15M-26SEP020645-45,7.1522274333333336,7.8477725666666664,76508.22,76545.97,-37.75,UP,0.5733592051416632,0.37,0.20335920514166317,WATCH,ATTRACTIVE PRICE,RAW FORECAST,UP,0.5733592051416632,7,DOWN,PASS,NONE,,0.00031071551720873725,2,0.050823183548752815,False,False
2026-09-02T10:38:24.466174+00:00,KXBTC15M-26SEP020645-45,8.4055716,6.5944284,76521.41,76545.97,-24.55999999999767,UP,0.5883414149659401,0.4,0.18834141496594003,WATCH,ATTRACTIVE PRICE,RAW FORECAST,UP,0.5883414149659401,"7,8",DOWN,PASS,NONE,,0.0001518298700573517,2,0.06580539337302971,False,False
2026-09-02T10:39:40.005396+00:00,KXBTC15M-26SEP020645-45,9.663262183333334,5.336737816666666,76501.92,76545.97,-44.05000000000291,UP,0.5794885241294824,0.11,0.4694885241294824,WATCH,DEEP VALUE PRICE,RAW FORECAST,UP,0.5794885241294824,"7,8,9",DOWN,PASS,NONE,,0.00038401720146186147,1,0.056952502536572025,False,False
2026-09-02T10:40:55.590247+00:00,KXBTC15M-26SEP020645-45,10.923958566666666,4.076041433333334,76475.88,76545.97,-70.08999999999651,UP,0.593473965497601,0.19,0.403473965497601,WATCH,DEEP VALUE PRICE,RAW FORECAST,UP,0.593473965497601,"7,8,9",DOWN,PASS,NONE,,0.0007467364091032769,1,0.07093794390469066,False,False
2026-09-02T10:42:10.946255+00:00,KXBTC15M-26SEP020645-45,12.180409883333335,2.8195901166666655,76452.17,76545.97,-93.80000000000291,UP,0.5847561988003468,0.08,0.5047561988003468,WATCH,DEEP VALUE PRICE,RAW FORECAST,UP,0.5847561988003468,"7,8,9,11",DOWN,PASS,NONE,,0.001000091071789444,1,0.062220177207436445,False,False
2026-09-02T10:43:26.278322+00:00,KXBTC15M-26SEP020645-45,13.436042250000002,1.5639577499999984,76516.09,76545.97,-29.880000000004657,UP,0.584985873851247,0.22,0.36498587385124703,WATCH,DEEP VALUE PRICE,RAW FORECAST,UP,0.584985873851247,"7,8,9,11",DOWN,PASS,NONE,,0.0002213423406861592,2,0.06244985225833666,False,False
2026-09-02T10:44:42.329725+00:00,KXBTC15M-26SEP020645-45,14.702425799999999,0.29757420000000145,76534.91,76545.97,-11.059999999997672,UP,0.6029178313986421,0.91,-0.30708216860135795,WATCH,EXPENSIVE / WAIT,RAW FORECAST,UP,0.6029178313986421,"7,8,9,11",DOWN,PASS,NONE,,2.456455728983009e-05,3,0.08038180980573173,False,False
2026-09-02T10:45:58.128951+00:00,KXBTC15M-26SEP020700-00,0.9662455333333334,14.033754466666666,76540.22,76562.94,-22.720000000001164,DOWN,0.549638814407931,0.57,-0.020361185592068898,WATCH,EXPENSIVE / WAIT,RAW FORECAST,DOWN,0.549638814407931,,DOWN,PASS,NONE,,1.3062248127582166e-07,0,0.011790851606848896,False,True
2026-09-02T10:47:13.464470+00:00,KXBTC15M-26SEP020700-00,2.2223887,12.7776113,76464.2,76562.94,-98.74000000000524,DOWN,0.5259782939054324,0.65,-0.12402170609456764,WATCH,EXPENSIVE / WAIT,RAW FORECAST,DOWN,0.5259782939054324,,DOWN,PASS,NONE,,0.0012056455036476565,2,-0.011869668895649776,False,True
2026-09-02T10:48:28.894744+00:00,KXBTC15M-26SEP020700-00,3.479328633333333,11.520671366666667,76484.62,76562.94,-78.32000000000698,UP,0.572458653844505,0.24,0.332458653844505,WATCH,DEEP VALUE PRICE,RAW FORECAST,UP,0.572458653844505,,DOWN,PASS,NONE,,0.0011665893816984463,0,0.03461069104342285,False,False
2026-09-02T10:49:44.314497+00:00,KXBTC15M-26SEP020700-00,4.736537033333334,10.263462966666665,76444.29,76562.94,-118.65000000000873,UP,0.5993219070916502,0.17,0.4293219070916502,WATCH,DEEP VALUE PRICE,RAW FORECAST,UP,0.5993219070916502,,DOWN,PASS,NONE,,0.001456179423040438,0,0.06147394429056807,False,False
2026-09-02T10:50:59.869554+00:00,KXBTC15M-26SEP020700-00,5.995578383333334,9.004421616666665,76378.44,76562.94,-184.5,UP,0.5477204851890913,0.11,0.43772048518909135,WATCH,DEEP VALUE PRICE,RAW FORECAST,UP,0.5477204851890913,,DOWN,PASS,NONE,,0.00298015191394585,0,0.009872522388009175,False,False
2026-09-02T10:52:15.234807+00:00,KXBTC15M-26SEP020700-00,7.25152115,7.74847885,76220.0,76562.94,-342.9400000000023,UP,0.5041392111311003,0.074,0.43013921113110026,WATCH,DEEP VALUE PRICE,RAW FORECAST,UP,0.5041392111311003,7,DOWN,PASS,NONE,,0.004395446500297218,0,-0.033708751669981885,False,False
2026-09-02T10:53:30.415120+00:00,KXBTC15M-26SEP020700-00,8.504840466666668,6.495159533333332,76352.95,76562.94,-209.99000000000524,UP,0.5569141933390582,0.068,0.4889141933390582,WATCH,DEEP VALUE PRICE,RAW FORECAST,UP,0.5569141933390582,"7,8",DOWN,PASS,NONE,,0.002712245204522179,1,0.01906623053797607,False,False
2026-09-02T10:54:45.756022+00:00,KXBTC15M-26SEP020700-00,9.759468316666666,5.240531683333334,76415.04,76562.94,-147.90000000000873,UP,0.5630784040929037,0.12,0.44307840409290367,WATCH,DEEP VALUE PRICE,RAW FORECAST,UP,0.5630784040929037,"7,8,9",DOWN,PASS,NONE,,0.0018477856223835243,2,0.025230441291821504,False,False
2026-09-02T10:56:01.673593+00:00,KXBTC15M-26SEP020700-00,11.025405733333335,3.9745942666666654,76486.02,76562.94,-76.91999999999825,UP,0.5146323579625784,0.3,0.21463235796257846,WATCH,DEEP VALUE PRICE,RAW FORECAST,UP,0.5146323579625784,"7,8,9,11",DOWN,PASS,NONE,,0.000817827356266343,3,-0.02321560483850371,False,False
2026-09-02T10:57:16.774973+00:00,KXBTC15M-26SEP020700-00,12.277230633333334,2.7227693666666664,76498.44,76562.94,-64.5,UP,0.5040366488388001,0.28,0.22403664883880003,WATCH,DEEP VALUE PRICE,RAW FORECAST,UP,0.5040366488388001,"7,8,9,11",DOWN,PASS,NONE,,0.0007583941272132355,2,-0.0338113139622821,False,False
2026-09-02T10:58:32.065954+00:00,KXBTC15M-26SEP020700-00,13.532396816666667,1.467603183333333,76542.59,76562.94,-20.35000000000582,DOWN,0.5098221989928383,0.28,0.2298221989928383,WATCH,DEEP VALUE PRICE,RAW FORECAST,DOWN,0.5098221989928383,"7,8,9,11",DOWN,PASS,NONE,,3.683553976485676e-05,0,-0.028025763808243842,False,True
2026-09-02T10:59:47.448329+00:00,KXBTC15M-26SEP020700-00,14.788699016666667,0.21130098333333258,76601.28,76562.94,38.33999999999651,DOWN,0.5052024041797897,0.002,0.5032024041797897,WATCH,DEEP VALUE PRICE,RAW FORECAST,DOWN,0.5052024041797897,"7,8,9,11",UP,PASS,NONE,,0.0006623866033583781,0,-0.03264555862129248,False,False
2026-09-02T11:01:03.019089+00:00,KXBTC15M-26SEP020715-15,1.0480188,13.9519812,76617.85,76624.35,-6.5,UP,0.5024787846076477,0.56,-0.05752121539235233,WATCH,EXPENSIVE / WAIT,RAW FORECAST,UP,0.5024787846076477,,UP,PASS,NONE,,0.0002823710188164519,3,-0.002813056879955811,False,True
2026-09-02T11:02:18.623010+00:00,KXBTC15M-26SEP020715-15,2.3083769666666667,12.691623033333332,76602.01,76624.35,-22.34000000001106,UP,0.5352773437949808,0.35,0.18527734379498084,WATCH,ATTRACTIVE PRICE,RAW FORECAST,UP,0.5352773437949808,,DOWN,PASS,NONE,,0.0005797478912207277,2,0.029985502307377288,False,False
2026-09-02T11:03:33.965632+00:00,KXBTC15M-26SEP020715-15,3.5639486999999996,11.4360513,76587.42,76624.35,-36.93000000000757,UP,0.5357073280858619,0.39,0.14570732808586184,WATCH,ATTRACTIVE PRICE,RAW FORECAST,UP,0.5357073280858619,,DOWN,PASS,NONE,,0.00037958285292849503,2,0.030415486598258323,False,False
2026-09-02T11:04:49.319932+00:00,KXBTC15M-26SEP020715-15,4.819907916666667,10.180092083333333,76580.82,76624.35,-43.529999999998836,UP,0.5483817112145746,0.31,0.23838171121457458,WATCH,ATTRACTIVE PRICE,RAW FORECAST,UP,0.5483817112145746,,DOWN,PASS,NONE,,0.0010014776198784547,0,0.04308986972697104,False,False
2026-09-02T11:06:04.890457+00:00,KXBTC15M-26SEP020715-15,6.079489,8.920511000000001,76518.46,76624.35,-105.88999999999942,UP,0.5557522493541726,0.26,0.29575224935417255,WATCH,DEEP VALUE PRICE,RAW FORECAST,UP,0.5557522493541726,,DOWN,PASS,NONE,,0.0015436456342881044,0,0.050460407866569024,False,False
2026-09-02T11:07:20.078317+00:00,KXBTC15M-26SEP020715-15,7.332604366666667,7.667395633333333,76480.62,76624.35,-143.73000000001048,UP,0.5314721471422998,0.11,0.42147214714229986,WATCH,DEEP VALUE PRICE,RAW FORECAST,UP,0.5314721471422998,7,DOWN,PASS,NONE,,0.002120914297525034,0,0.026180305654696312,False,False
2026-09-02T11:08:35.617234+00:00,KXBTC15M-26SEP020715-15,8.591459350000001,6.408540649999999,76519.52,76624.35,-104.83000000000175,UP,0.5477278476822189,0.22,0.32772784768221896,WATCH,DEEP VALUE PRICE,RAW FORECAST,UP,0.5477278476822189,"7,8",DOWN,PASS,NONE,,0.001529814151850717,1,0.042436006194615405,False,False
2026-09-02T11:09:51.069330+00:00,KXBTC15M-26SEP020715-15,9.849099233333334,5.150900766666666,76583.87,76624.35,-40.48000000001048,UP,0.5269473739474709,0.49,0.03694737394747094,WATCH,ACCEPTABLE PRICE,RAW FORECAST,UP,0.5269473739474709,"7,8,9",DOWN,PASS,NONE,,0.00034917968870284977,3,0.0216555324598674,False,False
2026-09-02T11:11:06.656146+00:00,KXBTC15M-26SEP020715-15,11.108904516666666,3.891095483333334,76615.78,76624.35,-8.570000000006985,DOWN,0.5053089737961235,0.49,0.015308973796123504,WATCH,ACCEPTABLE PRICE,RAW FORECAST,DOWN,0.5053089737961235,"7,8,9,11",UP,PASS,NONE,,0.0002737589637139548,1,1.7132308519962614e-05,False,False
2026-09-02T11:12:21.987181+00:00,KXBTC15M-26SEP020715-15,12.3643207,2.6356792999999996,76615.45,76624.35,-8.900000000008731,DOWN,0.5018163963188567,0.61,-0.10818360368114333,WATCH,EXPENSIVE / WAIT,RAW FORECAST,DOWN,0.5018163963188567,"7,8,9,11",DOWN,PASS,NONE,,0.00017772150075234805,1,-0.0034754451687468713,False,True
2026-09-02T11:13:37.924189+00:00,KXBTC15M-26SEP020715-15,13.630090216666668,1.3699097833333322,76582.67,76624.35,-41.68000000000757,UP,0.5187991759508059,0.41,0.10879917595080596,WATCH,ACCEPTABLE PRICE,RAW FORECAST,UP,0.5187991759508059,"7,8,9,11",DOWN,PASS,NONE,,0.00037932188156164504,2,0.013507334463202403,False,False
2026-09-02T11:14:53.668160+00:00,KXBTC15M-26SEP020715-15,14.892441116666667,0.10755888333333274,76617.83,76624.35,-6.5200000000040745,DOWN,0.50137104060194,0.906,-0.40462895939806,WATCH,EXPENSIVE / WAIT,RAW FORECAST,DOWN,0.50137104060194,"7,8,9,11",DOWN,PASS,NONE,,0.0005165928204688974,3,-0.003920800885663489,False,True
2026-09-02T11:16:08.995375+00:00,KXBTC15M-26SEP020730-30,1.1476272666666667,13.852372733333333,76698.41,76632.17,66.24000000000524,DOWN,0.500747890827584,0.39,0.11074789082758396,WATCH,ATTRACTIVE PRICE,RAW FORECAST,DOWN,0.500747890827584,,UP,PASS,NONE,,0.00035234854913102076,1,-0.028319688042298008,False,False
2026-09-02T11:17:24.799830+00:00,KXBTC15M-26SEP020730-30,2.4111706333333336,12.588829366666666,76583.94,76632.17,-48.229999999995925,UP,0.5474204384459527,0.43,0.11742043844595268,WATCH,ACCEPTABLE PRICE,RAW FORECAST,UP,0.5474204384459527,,DOWN,PASS,NONE,,0.0013234587065624748,0,0.01835285957607069,False,False
2026-09-02T11:18:40.706480+00:00,KXBTC15M-26SEP020730-30,3.67637035,11.32362965,76546.28,76632.17,-85.88999999999942,UP,0.570327387976277,0.28,0.290327387976277,WATCH,DEEP VALUE PRICE,RAW FORECAST,UP,0.570327387976277,,DOWN,PASS,NONE,,0.0018849734558440412,0,0.04125980910639504,False,False
2026-09-02T11:19:56.151112+00:00,KXBTC15M-26SEP020730-30,4.933836266666666,10.066163733333333,76506.32,76632.17,-125.84999999999127,UP,0.5558249725263676,0.21,0.3458249725263677,WATCH,DEEP VALUE PRICE,RAW FORECAST,UP,0.5558249725263676,,DOWN,PASS,NONE,,0.0023356457673900932,0,0.026757393656485662,False,False
2026-09-02T11:21:11.202552+00:00,KXBTC15M-26SEP020730-30,6.184673983333334,8.815326016666667,76496.17,76632.17,-136.0,UP,0.569906379246792,0.19,0.379906379246792,WATCH,DEEP VALUE PRICE,RAW FORECAST,UP,0.569906379246792,,DOWN,PASS,NONE,,0.0024308398609746984,0,0.04083880037691001,False,False
2026-09-02T11:22:26.864313+00:00,KXBTC15M-26SEP020730-30,7.445702716666667,7.554297283333333,76452.64,76632.17,-179.52999999999884,UP,0.5566628254831268,0.12,0.43666282548312685,WATCH,DEEP VALUE PRICE,RAW FORECAST,UP,0.5566628254831268,7,DOWN,PASS,NONE,,0.0030356483624072172,0,0.02759524661324486,False,False
2026-09-02T11:23:42.706486+00:00,KXBTC15M-26SEP020730-30,8.709434716666667,6.290565283333333,76404.92,76632.17,-227.25,UP,0.6119261876446332,0.045,0.5669261876446332,WATCH,DEEP VALUE PRICE,RAW FORECAST,UP,0.6119261876446332,"7,8",DOWN,PASS,NONE,,0.003562736754556761,0,0.08285860877475126,False,False
2026-09-02T11:24:58.031012+00:00,KXBTC15M-26SEP020730-30,9.9649682,5.0350318000000005,76395.24,76632.17,-236.92999999999302,UP,0.5997826046827428,0.057,0.5427826046827428,WATCH,DEEP VALUE PRICE,RAW FORECAST,UP,0.5997826046827428,"7,8,9",DOWN,PASS,NONE,,0.003979243514706687,0,0.07071502581286082,False,False
2026-09-02T11:26:13.285447+00:00,KXBTC15M-26SEP020730-30,11.219039316666668,3.7809606833333316,76384.63,76632.17,-247.5399999999936,UP,0.5930528434959091,0.035,0.5580528434959091,WATCH,DEEP VALUE PRICE,RAW FORECAST,UP,0.5930528434959091,"7,8,9,11",DOWN,PASS,NONE,,0.004139899847989237,0,0.06398526462602716,False,False
2026-09-02T11:27:28.921775+00:00,KXBTC15M-26SEP020730-30,12.480059766666667,2.519940233333333,76319.39,76632.17,-312.77999999999884,UP,0.5859158361290749,0.012,0.5739158361290749,WATCH,DEEP VALUE PRICE,RAW FORECAST,UP,0.5859158361290749,"7,8,9,11",DOWN,PASS,NONE,,0.004773266577497104,0,0.05684825725919296,False,False
2026-09-02T11:28:44.537346+00:00,KXBTC15M-26SEP020730-30,13.740146683333334,1.259853316666666,76430.63,76632.17,-201.5399999999936,UP,0.5746651378600388,0.011,0.5636651378600388,WATCH,DEEP VALUE PRICE,RAW FORECAST,UP,0.5746651378600388,"7,8,9,11",DOWN,PASS,NONE,,0.003322665074708353,3,0.04559755899015683,False,False
2026-09-02T11:29:59.977742+00:00,KXBTC15M-26SEP020730-30,14.997337283333334,0.002662716666666398,76437.7,76632.17,-194.47000000000116,UP,0.5572806410821629,0.001,0.5562806410821629,WATCH,DEEP VALUE PRICE,RAW FORECAST,UP,0.5572806410821629,"7,8,9,11",DOWN,PASS,NONE,,0.0033899529545572404,3,0.028213062212280926,False,False
2026-09-02T11:31:15.146890+00:00,KXBTC15M-26SEP020745-45,1.2505204833333332,13.749479516666668,76470.03,76443.1,26.929999999993015,UP,0.5680168291036458,0.61,-0.04198317089635417,WATCH,EXPENSIVE / WAIT,RAW FORECAST,UP,0.5680168291036458,,UP,PASS,NONE,,0.00018873699245047781,3,0.03356978178861103,False,True
2026-09-02T11:32:30.891536+00:00,KXBTC15M-26SEP020745-45,2.5123166333333335,12.487683366666666,76444.07,76443.1,0.9700000000011642,UP,0.5904312924170617,0.62,-0.02956870758293828,WATCH,EXPENSIVE / WAIT,RAW FORECAST,UP,0.5904312924170617,,UP,PASS,NONE,,0.00017317240332959116,2,0.05598424510202693,False,True
2026-09-02T11:33:46.227059+00:00,KXBTC15M-26SEP020745-45,3.7684483666666666,11.231551633333334,76529.46,76443.1,86.36000000000058,UP,0.524433604359026,0.75,-0.22556639564097403,WATCH,EXPENSIVE / WAIT,RAW FORECAST,UP,0.524433604359026,,UP,PASS,NONE,,0.0009660508844349103,3,-0.010013442956008811,False,True
2026-09-02T11:35:01.446246+00:00,KXBTC15M-26SEP020745-45,5.02165585,9.97834415,76549.0,76443.1,105.89999999999418,UP,0.5213068329318279,0.84,-0.3186931670681721,WATCH,EXPENSIVE / WAIT,RAW FORECAST,UP,0.5213068329318279,,UP,PASS,NONE,,0.0012575926420039796,2,-0.013140214383206894,False,True
2026-09-02T11:36:17.081046+00:00,KXBTC15M-26SEP020745-45,6.282429416666667,8.717570583333334,76615.01,76443.1,171.90999999998894,UP,0.5095687928867737,0.936,-0.42643120711322635,WATCH,EXPENSIVE / WAIT,RAW FORECAST,UP,0.5095687928867737,,UP,PASS,NONE,,0.0020850009678818893,3,-0.024878254428261082,False,True
2026-09-02T11:37:32.879009+00:00,KXBTC15M-26SEP020745-45,7.5458826,7.4541174,76599.12,76443.1,156.01999999998952,UP,0.5287104475434502,0.943,-0.41428955245654975,WATCH,EXPENSIVE / WAIT,RAW FORECAST,UP,0.5287104475434502,7,UP,PASS,NONE,,0.0021150837871914963,3,-0.005736599771584583,False,True
2026-09-02T11:38:48.427952+00:00,KXBTC15M-26SEP020745-45,8.804855683333333,6.195144316666667,76587.42,76443.1,144.31999999999243,UP,0.5449681141417301,0.97,-0.4250318858582699,WATCH,EXPENSIVE / WAIT,RAW FORECAST,UP,0.5449681141417301,"7,8",UP,PASS,NONE,,0.0017241379310344307,1,0.010521066826695291,False,True
2026-09-02T11:40:03.823848+00:00,KXBTC15M-26SEP020745-45,10.0604985,4.9395015,76655.26,76443.1,212.15999999998894,UP,0.5204658102277633,0.982,-0.4615341897722367,WATCH,EXPENSIVE / WAIT,RAW FORECAST,UP,0.5204658102277633,"7,8,9",UP,PASS,NONE,,0.0026114503057983462,3,-0.013981237087271503,False,True
2026-09-02T11:41:19.627605+00:00,KXBTC15M-26SEP020745-45,11.324546183333332,3.6754538166666677,76652.63,76443.1,209.52999999999884,UP,0.5300004223087104,0.981,-0.4509995776912896,WATCH,EXPENSIVE / WAIT,RAW FORECAST,UP,0.5300004223087104,"7,8,9,11",UP,PASS,NONE,,0.002254772704680885,2,-0.004446625006324423,False,True
2026-09-02T11:42:35.561121+00:00,KXBTC15M-26SEP020745-45,12.590723083333334,2.4092769166666663,76637.49,76443.1,194.38999999999942,UP,0.5212972112315849,0.995,-0.4737027887684151,WATCH,EXPENSIVE / WAIT,RAW FORECAST,UP,0.5212972112315849,"7,8,9,11",UP,PASS,NONE,,0.0023790278279158805,2,-0.013149836083449884,False,True
2026-09-02T11:43:51.027674+00:00,KXBTC15M-26SEP020745-45,13.848499533333333,1.1515004666666666,76634.88,76443.1,191.77999999999884,UP,0.5326542999747965,0.995,-0.4623457000252035,WATCH,EXPENSIVE / WAIT,RAW FORECAST,UP,0.5326542999747965,"7,8,9,11",UP,PASS,NONE,,0.0023957695708358706,2,-0.0017927473402382654,False,True
2026-09-02T11:45:06.532785+00:00,,,,76598.06,,,UP,0.5351937094989752,,,WATCH,NO LIVE ASK,RAW FORECAST,UP,0.5351937094989752,,UP,PASS,NONE,,,0,,False,False
2026-09-02T11:46:22.397925+00:00,KXBTC15M-26SEP020800-00,1.3711306,13.6288694,76577.27,76596.91,-19.639999999999418,UP,0.5249291210586875,0.51,0.014929121058687489,WATCH,EXPENSIVE / WAIT,RAW FORECAST,UP,0.5249291210586875,,DOWN,PASS,NONE,,1.5666193111663063e-06,1,-0.007226587438910026,False,False
2026-09-02T11:47:38.161288+00:00,KXBTC15M-26SEP020800-00,2.63398115,12.36601885,76564.5,76596.91,-32.41000000000349,UP,0.5405456701358066,0.46,0.08054567013580655,WATCH,ACCEPTABLE PRICE,RAW FORECAST,UP,0.5405456701358066,,DOWN,PASS,NONE,,0.0004381312007117888,0,0.008389961638209043,False,False
2026-09-02T11:48:53.532816+00:00,KXBTC15M-26SEP020800-00,3.8902343166666666,11.109765683333332,76576.46,76596.91,-20.44999999999709,UP,0.5244104515538219,0.58,-0.05558954844617803,WATCH,EXPENSIVE / WAIT,RAW FORECAST,UP,0.5244104515538219,,DOWN,PASS,NONE,,0.00026253928624297984,1,-0.007745256943775591,False,False
2026-09-02T11:50:09.170617+00:00,KXBTC15M-26SEP020800-00,5.150419583333333,9.849580416666667,76577.28,76596.91,-19.630000000004657,UP,0.5313994870747145,0.44,0.09139948707471451,WATCH,ACCEPTABLE PRICE,RAW FORECAST,UP,0.5313994870747145,,DOWN,PASS,NONE,,0.0002712862440641395,1,-0.0007562214228830078,False,False
2026-09-02T11:51:24.706335+00:00,KXBTC15M-26SEP020800-00,6.409605866666666,8.590394133333334,76566.26,76596.91,-30.65000000000873,UP,0.5479041156127096,0.44,0.10790411561270957,WATCH,ACCEPTABLE PRICE,RAW FORECAST,UP,0.5479041156127096,,DOWN,PASS,NONE,,0.0004151541174802764,0,0.01574840711511205,False,False
2026-09-02T11:52:40.157881+00:00,KXBTC15M-26SEP020800-00,7.6672632,7.3327368,76588.36,76596.91,-8.55000000000291,UP,0.5101522728255184,0.49,0.020152272825518458,WATCH,ACCEPTABLE PRICE,RAW FORECAST,UP,0.5101522728255184,7,DOWN,PASS,NONE,,0.0001314654705353302,2,-0.022003435672079075,False,False
2026-09-02T11:53:55.791325+00:00,KXBTC15M-26SEP020800-00,8.926701966666666,6.073298033333334,76621.96,76596.91,25.05000000000291,UP,0.510532443161161,0.6,-0.089467556838839,WATCH,EXPENSIVE / WAIT,RAW FORECAST,UP,0.510532443161161,"7,8",UP,PASS,NONE,,0.0003120183461566839,2,-0.021623265336436548,False,True
2026-09-02T11:55:11.333269+00:00,KXBTC15M-26SEP020800-00,10.18689745,4.81310255,76619.19,76596.91,22.279999999998836,UP,0.5387525751636586,0.83,-0.29124742483634136,WATCH,EXPENSIVE / WAIT,RAW FORECAST,UP,0.5387525751636586,"7,8,9",UP,PASS,NONE,,0.0009201277421386767,3,0.006596866666061074,False,True
2026-09-02T11:56:26.650629+00:00,KXBTC15M-26SEP020800-00,11.439991483333333,3.5600085166666666,76673.32,76596.91,76.41000000000349,UP,0.5295795840093109,0.934,-0.4044204159906891,WATCH,EXPENSIVE / WAIT,RAW FORECAST,UP,0.5295795840093109,"7,8,9,11",UP,PASS,NONE,,0.0009825314113700578,3,-0.002576124488286591,False,True
2026-09-02T11:57:42.470399+00:00,KXBTC15M-26SEP020800-00,12.705194500000001,2.294805499999999,76678.66,76596.91,81.75,UP,0.5284805485909971,0.995,-0.46651945140900286,WATCH,EXPENSIVE / WAIT,RAW FORECAST,UP,0.5284805485909971,"7,8,9,11",UP,PASS,NONE,,0.001069217679925627,3,-0.0036751599066003893,False,True
2026-09-02T11:58:57.693343+00:00,KXBTC15M-26SEP020800-00,13.959476766666667,1.0405232333333334,76745.34,76596.91,148.42999999999302,UP,0.5472251545137987,0.999,-0.4517748454862013,WATCH,EXPENSIVE / WAIT,RAW FORECAST,UP,0.5472251545137987,"7,8,9,11",UP,PASS,NONE,,0.001772368647456668,2,0.015069446016201193,False,True
2026-09-02T12:00:13.095076+00:00,,,,76715.08,,,UP,0.5194506494524476,,,WATCH,NO LIVE ASK,RAW FORECAST,UP,0.5194506494524476,,UP,PASS,NONE,,,0,,False,False
2026-09-02T12:01:28.566154+00:00,KXBTC15M-26SEP020815-15,1.4740592333333333,13.525940766666666,76724.5,76750.18,-25.679999999993015,DOWN,0.6053716934056512,0.54,0.06537169340565119,WATCH,EXPENSIVE / WAIT,RAW FORECAST,DOWN,0.6053716934056512,,UP,PASS,NONE,,0.0005013122816039939,1,0.06483814592389492,False,False
2026-09-02T12:02:44.522698+00:00,KXBTC15M-26SEP020815-15,2.7400599,12.2599401,76740.0,76750.18,-10.179999999993015,DOWN,0.5794528810532817,0.46,0.11945288105328172,WATCH,ACCEPTABLE PRICE,RAW FORECAST,DOWN,0.5794528810532817,,UP,PASS,NONE,,1.9536721808322e-05,0,0.03891933357152544,False,False
2026-09-02T12:03:59.983826+00:00,KXBTC15M-26SEP020815-15,3.99764885,11.002351149999999,76715.86,76750.18,-34.31999999999243,DOWN,0.5716386733785586,0.58,-0.0083613266214414,WATCH,EXPENSIVE / WAIT,RAW FORECAST,DOWN,0.5716386733785586,,DOWN,PASS,NONE,,0.000902857037172855,3,0.031105125896802255,False,True
2026-09-02T12:05:15.562103+00:00,KXBTC15M-26SEP020815-15,5.256075116666667,9.743924883333333,76696.37,76750.18,-53.80999999999767,DOWN,0.5861166355665031,0.73,-0.14388336443349692,WATCH,EXPENSIVE / WAIT,RAW FORECAST,DOWN,0.5861166355665031,,DOWN,PASS,NONE,,0.0010695703966047132,3,0.04558308808474676,False,True
2026-09-02T12:06:31.442202+00:00,KXBTC15M-26SEP020815-15,6.521469616666667,8.478530383333332,76657.72,76750.18,-92.45999999999185,DOWN,0.57741024086572,0.69,-0.11258975913427993,WATCH,EXPENSIVE / WAIT,RAW FORECAST,DOWN,0.57741024086572,,DOWN,PASS,NONE,,0.0014231850613368735,3,0.03687669338396371,False,True
2026-09-02T12:07:47.212491+00:00,KXBTC15M-26SEP020815-15,7.784879,7.215121,76687.33,76750.18,-62.84999999999127,DOWN,0.5770096433379023,0.76,-0.18299035666209773,WATCH,EXPENSIVE / WAIT,RAW FORECAST,DOWN,0.5770096433379023,7,DOWN,PASS,NONE,,0.0011873117067032757,2,0.036476095856145974,False,True
2026-09-02T12:09:03.038789+00:00,KXBTC15M-26SEP020815-15,9.048651183333334,5.951348816666666,76700.68,76750.18,-49.5,DOWN,0.5744523824916034,0.39,0.18445238249160334,WATCH,ATTRACTIVE PRICE,RAW FORECAST,DOWN,0.5744523824916034,"7,9",DOWN,PASS,NONE,,0.00045416365963968364,0,0.03391883500984705,False,True
2026-09-02T12:10:18.335739+00:00,KXBTC15M-26SEP020815-15,10.303439433333333,4.696560566666667,76693.05,76750.18,-57.129999999990105,DOWN,0.5744739517704776,0.51,0.06447395177047754,WATCH,EXPENSIVE / WAIT,RAW FORECAST,DOWN,0.5744739517704776,"7,9",DOWN,PASS,NONE,,0.000417564867451925,0,0.03394040428872125,False,True
2026-09-02T12:11:34.486659+00:00,KXBTC15M-26SEP020815-15,11.56947555,3.43052445,76708.41,76750.18,-41.76999999998952,DOWN,0.5621665943015588,0.52,0.04216659430155878,WATCH,EXPENSIVE / WAIT,RAW FORECAST,DOWN,0.5621665943015588,"7,9,11",DOWN,PASS,NONE,,0.0007306733956347067,1,0.021633046819802493,False,True
2026-09-02T12:12:50.134004+00:00,KXBTC15M-26SEP020815-15,12.8335861,2.1664139000000002,76769.95,76750.18,19.770000000004075,DOWN,0.575063994806705,0.28,0.295063994806705,WATCH,DEEP VALUE PRICE,RAW FORECAST,DOWN,0.575063994806705,"7,9,11",UP,PASS,NONE,,0.00011122906949601052,0,0.0345304473249487,False,False
2026-09-02T12:14:05.581481+00:00,KXBTC15M-26SEP020815-15,14.090636933333334,0.9093630666666659,76771.03,76750.18,20.85000000000582,DOWN,0.5734497689584189,0.089,0.48444976895841896,WATCH,DEEP VALUE PRICE,RAW FORECAST,DOWN,0.5734497689584189,"7,9,11",UP,PASS,NONE,,9.71626297938677e-05,0,0.03291622147666262,False,False
2026-09-02T12:15:21.585763+00:00,,,,76746.23,,,DOWN,0.5611042193973885,,,WATCH,NO LIVE ASK,RAW FORECAST,DOWN,0.5611042193973885,,DOWN,PASS,NONE,,,0,,False,False
2026-09-02T12:16:37.036662+00:00,KXBTC15M-26SEP020830-30,1.6150948166666665,13.384905183333334,76840.91,76764.25,76.66000000000349,UP,0.5106356334814885,0.65,-0.13936436651851147,WATCH,EXPENSIVE / WAIT,RAW FORECAST,UP,0.5106356334814885,,UP,PASS,NONE,,0.0007426036893938281,3,-0.021909808745547377,False,True
2026-09-02T12:17:52.863652+00:00,KXBTC15M-26SEP020830-30,2.8791200666666668,12.120879933333333,76831.31,76764.25,67.05999999999767,DOWN,0.5055943637532365,0.27,0.2355943637532365,WATCH,DEEP VALUE PRICE,RAW FORECAST,DOWN,0.5055943637532365,,UP,PASS,NONE,,0.0009900514287568551,0,-0.026951078473799406,False,False
2026-09-02T12:19:08.432367+00:00,KXBTC15M-26SEP020830-30,4.1385628,10.861437200000001,76871.01,76764.25,106.75999999999476,DOWN,0.5126366200453768,0.23,0.2826366200453768,WATCH,DEEP VALUE PRICE,RAW FORECAST,DOWN,0.5126366200453768,,UP,PASS,NONE,,0.0012602904072716026,0,-0.019908822181659125,False,False
2026-09-02T12:20:24.001800+00:00,KXBTC15M-26SEP020830-30,5.397933983333333,9.602066016666667,76839.93,76764.25,75.67999999999302,DOWN,0.5008645865851249,0.33,0.17086458658512488,WATCH,ATTRACTIVE PRICE,RAW FORECAST,DOWN,0.5008645865851249,,UP,PASS,NONE,,0.0006052050762210825,2,-0.03168085564191103,False,False
2026-09-02T12:21:39.626929+00:00,KXBTC15M-26SEP020830-30,6.6580673,8.341932700000001,76892.71,76764.25,128.4600000000064,UP,0.5098410473290067,0.87,-0.3601589526709933,WATCH,EXPENSIVE / WAIT,RAW FORECAST,UP,0.5098410473290067,,UP,PASS,NONE,,0.001772637463405502,3,-0.022704394898029223,False,True
2026-09-02T12:22:55.422748+00:00,KXBTC15M-26SEP020830-30,7.9216203499999995,7.0783796500000005,76976.33,76764.25,212.08000000000175,UP,0.5541178100082687,0.912,-0.3578821899917314,WATCH,EXPENSIVE / WAIT,RAW FORECAST,UP,0.5541178100082687,7,UP,PASS,NONE,,0.0025062548927907713,3,0.021572367781232726,False,True
2026-09-02T12:24:11.282872+00:00,KXBTC15M-26SEP020830-30,9.185290616666666,5.814709383333334,76921.28,76764.25,157.02999999999884,UP,0.5077774751395645,0.94,-0.43222252486043544,WATCH,EXPENSIVE / WAIT,RAW FORECAST,UP,0.5077774751395645,"7,9",UP,PASS,NONE,,0.0016855098120192036,1,-0.02476796708747142,False,True
2026-09-02T12:25:27.241110+00:00,KXBTC15M-26SEP020830-30,10.451022566666667,4.548977433333333,76944.72,76764.25,180.47000000000116,UP,0.5591020174210898,0.959,-0.3998979825789102,WATCH,EXPENSIVE / WAIT,RAW FORECAST,UP,0.5591020174210898,"7,9",UP,PASS,NONE,,0.002094579995882029,1,0.026556575194053855,False,True
2026-09-02T12:26:42.742784+00:00,KXBTC15M-26SEP020830-30,11.71002745,3.28997255,76975.82,76764.25,211.57000000000698,UP,0.5573545824950411,0.985,-0.4276454175049589,WATCH,EXPENSIVE / WAIT,RAW FORECAST,UP,0.5573545824950411,"7,9,11",UP,PASS,NONE,,0.00222820177513805,3,0.02480914026800518,False,True
2026-09-02T12:27:58.253135+00:00,KXBTC15M-26SEP020830-30,12.968741533333334,2.0312584666666655,76972.57,76764.25,208.32000000000698,UP,0.5553425179727873,0.995,-0.43965748202721266,WATCH,EXPENSIVE / WAIT,RAW FORECAST,UP,0.5553425179727873,"7,9,11",UP,PASS,NONE,,0.0023887823344193038,3,0.022797075745751405,False,True
2026-09-02T12:29:14.952948+00:00,KXBTC15M-26SEP020830-30,14.245867283333332,0.7541327166666676,76980.42,76764.25,216.16999999999825,UP,0.5531304522908438,0.999,-0.4458695477091562,WATCH,EXPENSIVE / WAIT,RAW FORECAST,UP,0.5531304522908438,"7,9,11",UP,PASS,NONE,,0.002337860194371544,3,0.020585010063807863,False,True
2026-09-02T12:30:30.520446+00:00,,,,76966.33,,,UP,0.5560552190123631,,,WATCH,NO LIVE ASK,RAW FORECAST,UP,0.5560552190123631,,UP,PASS,NONE,,,0,,False,False
2026-09-02T12:31:46.635657+00:00,KXBTC15M-26SEP020845-45,1.7729411833333333,13.227058816666666,76933.71,76965.13,-31.419999999998254,UP,0.5057799892438406,0.39,0.11577998924384059,WATCH,ATTRACTIVE PRICE,RAW FORECAST,UP,0.5057799892438406,,DOWN,PASS,NONE,,0.0001971438700602013,0,-0.06267436111120961,False,False
2026-09-02T12:33:02.454002+00:00,KXBTC15M-26SEP020845-45,3.0384040833333334,11.961595916666667,76926.18,76965.13,-38.95000000001164,UP,0.5466662656391454,0.31,0.23666626563914545,WATCH,ATTRACTIVE PRICE,RAW FORECAST,UP,0.5466662656391454,,DOWN,PASS,NONE,,0.00013801370468302654,1,-0.021788084715904765,False,False
2026-09-02T12:34:17.998984+00:00,KXBTC15M-26SEP020845-45,4.297868533333333,10.702131466666668,76868.96,76965.13,-96.16999999999825,UP,0.6029843266582811,0.26,0.34298432665828105,WATCH,DEEP VALUE PRICE,RAW FORECAST,UP,0.6029843266582811,,DOWN,PASS,NONE,,0.0010386116081221308,0,0.03452997630323085,False,False
2026-09-02T12:35:34.252641+00:00,KXBTC15M-26SEP020845-45,5.56869625,9.43130375,76871.34,76965.13,-93.79000000000815,DOWN,0.502067458544638,0.8,-0.2979325414553621,WATCH,EXPENSIVE / WAIT,RAW FORECAST,DOWN,0.502067458544638,,DOWN,PASS,NONE,,0.001003393421710741,2,-0.06638689181041224,False,True
2026-09-02T12:36:49.668799+00:00,KXBTC15M-26SEP020845-45,6.8257867333333335,8.174213266666666,76875.84,76965.13,-89.29000000000815,DOWN,0.5001898069314585,0.86,-0.35981019306854145,WATCH,EXPENSIVE / WAIT,RAW FORECAST,DOWN,0.5001898069314585,,DOWN,PASS,NONE,,0.0014872211265453128,3,-0.06826454342359167,False,True
2026-09-02T12:38:05.383646+00:00,KXBTC15M-26SEP020845-45,8.087249116666666,6.912750883333334,76824.03,76965.13,-141.10000000000582,UP,0.5964461644772889,0.079,0.517446164477289,WATCH,DEEP VALUE PRICE,RAW FORECAST,UP,0.5964461644772889,8,DOWN,PASS,NONE,,0.0016225057466724424,0,0.027991814122238723,False,False
2026-09-02T12:39:20.706562+00:00,KXBTC15M-26SEP020845-45,9.343126666666667,5.656873333333333,76770.23,76965.13,-194.90000000000873,DOWN,0.5022896154288293,0.979,-0.47671038457117065,WATCH,EXPENSIVE / WAIT,RAW FORECAST,DOWN,0.5022896154288293,"8,9",DOWN,PASS,NONE,,0.0024084820987647637,3,-0.06616473492622088,False,True
2026-09-02T12:40:36.178814+00:00,KXBTC15M-26SEP020845-45,10.600965216666667,4.399034783333333,76775.23,76965.13,-189.90000000000873,UP,0.541486232010809,0.027,0.514486232010809,WATCH,DEEP VALUE PRICE,RAW FORECAST,UP,0.541486232010809,"8,9",DOWN,PASS,NONE,,0.0022566930148951725,1,-0.026968118344241176,False,False
2026-09-02T12:41:51.951040+00:00,KXBTC15M-26SEP020845-45,11.863833699999999,3.136166300000001,76811.02,76965.13,-154.11000000000058,UP,0.5661317062813084,0.019,0.5471317062813084,WATCH,DEEP VALUE PRICE,RAW FORECAST,UP,0.5661317062813084,"8,9,11",DOWN,PASS,NONE,,0.0018322553882526016,1,-0.002322644073741831,False,False
2026-09-02T12:43:07.739685+00:00,KXBTC15M-26SEP020845-45,13.1267897,1.8732103000000002,76796.85,76965.13,-168.27999999999884,UP,0.5856993061607445,0.005,0.5806993061607445,WATCH,DEEP VALUE PRICE,RAW FORECAST,UP,0.5856993061607445,"8,9,11",DOWN,PASS,NONE,,0.0019757272620472,3,0.017244955805694295,False,False
2026-09-02T12:44:23.516165+00:00,KXBTC15M-26SEP020845-45,14.389408433333333,0.6105915666666668,76761.79,76965.13,-203.34000000001106,UP,0.5216358621970986,0.002,0.5196358621970986,WATCH,DEEP VALUE PRICE,RAW FORECAST,UP,0.5216358621970986,"8,9,11",DOWN,PASS,NONE,,0.0023866494223179213,1,-0.04681848815795164,False,False
2026-09-02T12:45:39.286526+00:00,KXBTC15M-26SEP020900-00,0.6525205,14.3474795,76780.07,76773.29,6.780000000013388,UP,0.5486738560205203,0.46,0.0886738560205203,WATCH,ACCEPTABLE PRICE,RAW FORECAST,UP,0.5486738560205203,,UP,PASS,NONE,,,2,-0.025958060031635144,False,False
2026-09-02T12:46:55.067395+00:00,KXBTC15M-26SEP020900-00,1.9151076833333331,13.084892316666666,76737.02,76773.29,-36.26999999998952,DOWN,0.5063694834955357,0.62,-0.11363051650446432,WATCH,EXPENSIVE / WAIT,RAW FORECAST,DOWN,0.5063694834955357,,DOWN,PASS,NONE,,0.0005608225466813277,3,-0.042304372524984646,False,True
2026-09-02T12:48:10.553075+00:00,KXBTC15M-26SEP020900-00,3.1736716333333335,11.826328366666667,76758.61,76773.29,-14.679999999993015,UP,0.5132636355455937,0.48,0.03326363554559375,WATCH,ACCEPTABLE PRICE,RAW FORECAST,UP,0.5132636355455937,,DOWN,PASS,NONE,,0.00019119542464673955,1,-0.03541022047492659,False,False
2026-09-02T12:49:26.183532+00:00,KXBTC15M-26SEP020900-00,4.4343578,10.5656422,76723.91,76773.29,-49.379999999990105,UP,0.5084297675647248,0.29,0.21842976756472482,WATCH,DEEP VALUE PRICE,RAW FORECAST,UP,0.5084297675647248,,DOWN,PASS,NONE,,0.0007315699592914671,0,-0.040244088455795524,False,False
2026-09-02T12:50:44.281247+00:00,KXBTC15M-26SEP020900-00,5.736068833333333,9.263931166666666,76723.29,76773.29,-50.0,UP,0.51138281183833,0.22,0.29138281183833004,WATCH,DEEP VALUE PRICE,RAW FORECAST,UP,0.51138281183833,,DOWN,PASS,NONE,,0.000909220203990424,1,-0.037291044182190314,False,False
2026-09-02T12:51:59.780158+00:00,KXBTC15M-26SEP020900-00,6.994113183333334,8.005886816666667,76708.87,76773.29,-64.41999999999825,UP,0.5036582488552812,0.26,0.2436582488552812,WATCH,DEEP VALUE PRICE,RAW FORECAST,UP,0.5036582488552812,,DOWN,PASS,NONE,,0.0009274541000739989,1,-0.04501560716523911,False,False
2026-09-02T12:53:15.679835+00:00,KXBTC15M-26SEP020900-00,8.259072333333332,6.740927666666668,76692.11,76773.29,-81.17999999999302,DOWN,0.5029967552044722,0.86,-0.3570032447955278,WATCH,EXPENSIVE / WAIT,RAW FORECAST,DOWN,0.5029967552044722,8,DOWN,PASS,NONE,,0.0011457398846159705,3,-0.045677100816048144,False,True
2026-09-02T12:54:31.012251+00:00,KXBTC15M-26SEP020900-00,9.514502616666666,5.485497383333334,76685.37,76773.29,-87.91999999999825,UP,0.5041416807539479,0.096,0.40814168075394797,WATCH,DEEP VALUE PRICE,RAW FORECAST,UP,0.5041416807539479,"8,9",DOWN,PASS,NONE,,0.0011824681610127508,1,-0.04453217526657238,False,False
2026-09-02T12:55:46.580962+00:00,KXBTC15M-26SEP020900-00,10.773555766666668,4.226444233333332,76690.42,76773.29,-82.86999999999534,DOWN,0.5024839847803846,0.909,-0.40651601521961545,WATCH,EXPENSIVE / WAIT,RAW FORECAST,DOWN,0.5024839847803846,"8,9",DOWN,PASS,NONE,,0.00116775080203102,3,-0.04618987124013574,False,True
2026-09-02T12:57:02.025442+00:00,KXBTC15M-26SEP020900-00,12.031439916666667,2.968560083333333,76650.01,76773.29,-123.27999999999884,DOWN,0.5519073115308539,0.991,-0.43909268846914606,WATCH,EXPENSIVE / WAIT,RAW FORECAST,DOWN,0.5519073115308539,"8,9,11",DOWN,PASS,NONE,,0.0019307091110091212,3,0.003233455510333605,False,True
2026-09-02T12:58:17.734541+00:00,KXBTC15M-26SEP020900-00,13.292467816666667,1.707532183333333,76620.69,76773.29,-152.59999999999127,UP,0.5167849476802322,0.002,0.5147849476802322,WATCH,DEEP VALUE PRICE,RAW FORECAST,UP,0.5167849476802322,"8,9,11",DOWN,PASS,NONE,,0.002075929069102256,0,-0.031888908340288125,False,False
2026-09-02T12:59:33.474645+00:00,KXBTC15M-26SEP020900-00,14.555187499999999,0.44481250000000117,76603.33,76773.29,-169.95999999999185,DOWN,0.512080049204172,1.0,-0.48791995079582795,WATCH,EXPENSIVE / WAIT,RAW FORECAST,DOWN,0.512080049204172,"8,9,11",DOWN,PASS,NONE,,0.0023147931077955874,3,-0.03659380681634827,False,True
2026-09-02T13:00:49.484430+00:00,KXBTC15M-26SEP020915-15,0.8227502333333334,14.177249766666666,76563.52,76585.69,-22.169999999998254,UP,0.5236258749581453,0.67,-0.14637412504185476,WATCH,EXPENSIVE / WAIT,RAW FORECAST,UP,0.5236258749581453,,DOWN,PASS,NONE,,0.000249204843246531,1,-0.027149727882646135,False,False
2026-09-02T13:02:05.058234+00:00,KXBTC15M-26SEP020915-15,2.0822738833333334,12.917726116666667,76620.93,76585.69,35.23999999999069,DOWN,0.5012311927310148,0.33,0.17123119273101478,WATCH,ATTRACTIVE PRICE,RAW FORECAST,DOWN,0.5012311927310148,,UP,PASS,NONE,,0.0008245441170937617,1,-0.02239468222713048,False,False
2026-09-02T13:03:20.683185+00:00,KXBTC15M-26SEP020915-15,3.342709,11.657291,76733.05,76585.69,147.36000000000058,UP,0.5079908687892947,0.87,-0.3620091312107053,WATCH,EXPENSIVE / WAIT,RAW FORECAST,UP,0.5079908687892947,,UP,PASS,NONE,,0.002059205219404614,3,-0.015635006168850607,False,True
2026-09-02T13:04:36.565730+00:00,KXBTC15M-26SEP020915-15,4.607386166666667,10.392613833333332,76739.33,76585.69,153.63999999999942,DOWN,0.5125388998446635,0.12,0.3925388998446635,WATCH,DEEP VALUE PRICE,RAW FORECAST,DOWN,0.5125388998446635,,UP,PASS,NONE,,0.0022962632857004284,0,-0.011086975113481778,False,False
2026-09-02T13:05:52.332354+00:00,KXBTC15M-26SEP020915-15,5.8699548833333335,9.130045116666667,76745.0,76585.69,159.30999999999767,DOWN,0.5827389842375039,0.057,0.5257389842375039,WATCH,DEEP VALUE PRICE,RAW FORECAST,DOWN,0.5827389842375039,,UP,PASS,NONE,,0.002583737006866871,0,0.059113109279358644,False,False
2026-09-02T13:07:08.201369+00:00,KXBTC15M-26SEP020915-15,7.134264716666666,7.865735283333334,76803.97,76585.69,218.27999999999884,DOWN,0.588864444795866,0.049,0.5398644447958659,WATCH,DEEP VALUE PRICE,RAW FORECAST,DOWN,0.588864444795866,7,UP,PASS,NONE,,0.0034871698688878627,0,0.0652385698377207,False,False
2026-09-02T13:08:23.648342+00:00,KXBTC15M-26SEP020915-15,8.392100833333334,6.607899166666666,76776.79,76585.69,191.09999999999127,DOWN,0.6199544697084283,0.03,0.5899544697084282,WATCH,DEEP VALUE PRICE,RAW FORECAST,DOWN,0.6199544697084283,"7,8",UP,PASS,NONE,,0.002792452593611161,1,0.09632859475028299,False,False
2026-09-02T13:09:39.211386+00:00,KXBTC15M-26SEP020915-15,9.651091533333332,5.348908466666668,76741.45,76585.69,155.75999999999476,DOWN,0.5372783295406449,0.077,0.4602783295406449,WATCH,DEEP VALUE PRICE,RAW FORECAST,DOWN,0.5372783295406449,"7,8,9",UP,PASS,NONE,,0.0017710784457138917,3,0.01365245458249964,False,False
2026-09-02T13:10:54.731790+00:00,KXBTC15M-26SEP020915-15,10.909990183333333,4.090009816666667,76727.32,76585.69,141.63000000000466,DOWN,0.5268825465094064,0.015,0.5118825465094063,WATCH,DEEP VALUE PRICE,RAW FORECAST,DOWN,0.5268825465094064,"7,8,9",UP,PASS,NONE,,0.002139400069380404,3,0.003256671551261081,False,False
2026-09-02T13:12:10.694783+00:00,KXBTC15M-26SEP020915-15,12.17623555,2.8237644500000005,76745.24,76585.69,159.5500000000029,DOWN,0.5700769577323125,0.006,0.5640769577323125,WATCH,DEEP VALUE PRICE,RAW FORECAST,DOWN,0.5700769577323125,"7,8,9,11",UP,PASS,NONE,,0.002373323483559675,1,0.04645108277416721,False,False
2026-09-02T13:13:26.339722+00:00,KXBTC15M-26SEP020915-15,13.436241383333334,1.5637586166666662,76736.42,76585.69,150.72999999999593,DOWN,0.5377862758750088,0.003,0.5347862758750088,WATCH,DEEP VALUE PRICE,RAW FORECAST,DOWN,0.5377862758750088,"7,8,9,11",UP,PASS,NONE,,0.002258255628790229,2,0.014160400916863547,False,False
2026-09-02T13:14:41.940501+00:00,KXBTC15M-26SEP020915-15,14.696993833333332,0.3030061666666679,76734.59,76585.69,148.89999999999418,DOWN,0.5388847446966629,0.002,0.5368847446966629,WATCH,DEEP VALUE PRICE,RAW FORECAST,DOWN,0.5388847446966629,"7,8,9,11",UP,PASS,NONE,,0.0021041352330717356,2,0.015258869738517644,False,False
2026-09-02T13:16:00.158968+00:00,KXBTC15M-26SEP020930-30,1.0006393333333332,13.999360666666666,76700.01,76717.4,-17.389999999999418,UP,0.5022732805024419,0.47,0.03227328050244194,WATCH,ACCEPTABLE PRICE,RAW FORECAST,UP,0.5022732805024419,,DOWN,PASS,NONE,,0.00018097581691089992,1,-0.07388917154133245,False,False
2026-09-02T13:17:16.122304+00:00,KXBTC15M-26SEP020930-30,2.26663585,12.73336415,76732.81,76717.4,15.410000000003492,DOWN,0.563098388397048,0.36,0.20309838839704797,WATCH,ATTRACTIVE PRICE,RAW FORECAST,DOWN,0.563098388397048,,UP,PASS,NONE,,0.0004886868600735284,1,-0.01306406364672641,False,False
2026-09-02T13:18:31.701039+00:00,KXBTC15M-26SEP020930-30,3.5259316833333334,11.474068316666667,76752.25,76717.4,34.85000000000582,DOWN,0.5665598450267423,0.27,0.29655984502674226,WATCH,DEEP VALUE PRICE,RAW FORECAST,DOWN,0.5665598450267423,,UP,PASS,NONE,,0.000961727395918377,0,-0.009602607017032083,False,False
2026-09-02T13:19:47.436400+00:00,KXBTC15M-26SEP020930-30,4.788461333333333,10.211538666666666,76778.0,76717.4,60.60000000000582,DOWN,0.5923977124267427,0.19,0.40239771242674266,WATCH,DEEP VALUE PRICE,RAW FORECAST,DOWN,0.5923977124267427,,UP,PASS,NONE,,0.0010779013533157578,0,0.016235260382968297,False,False
2026-09-02T13:21:03.518497+00:00,KXBTC15M-26SEP020930-30,6.0566912,8.9433088,76783.53,76717.4,66.13000000000466,DOWN,0.5670761062317026,0.26,0.30707610623170256,WATCH,DEEP VALUE PRICE,RAW FORECAST,DOWN,0.5670761062317026,,UP,PASS,NONE,,0.0012085481606247672,0,-0.009086345812071794,False,False
2026-09-02T13:22:18.903019+00:00,KXBTC15M-26SEP020930-30,7.312836816666667,7.687163183333333,76689.22,76717.4,-28.179999999993015,DOWN,0.5066047995227301,0.58,-0.07339520047726988,WATCH,EXPENSIVE / WAIT,RAW FORECAST,DOWN,0.5066047995227301,7,DOWN,PASS,NONE,,0.0005148944531564448,3,-0.06955765252104429,False,True
2026-09-02T13:23:34.800110+00:00,KXBTC15M-26SEP020930-30,8.577545683333334,6.422454316666666,76703.32,76717.4,-14.079999999987194,UP,0.5057536186919458,0.51,-0.0042463813080542145,WATCH,EXPENSIVE / WAIT,RAW FORECAST,UP,0.5057536186919458,"7,8",DOWN,PASS,NONE,,0.00010417844215560024,1,-0.07040883335182857,False,False
2026-09-02T13:24:50.702081+00:00,KXBTC15M-26SEP020930-30,9.842475333333335,5.157524666666665,76698.96,76717.4,-18.439999999987776,UP,0.5220981284063588,0.51,0.012098128406358821,WATCH,EXPENSIVE / WAIT,RAW FORECAST,UP,0.5220981284063588,"7,8,9",DOWN,PASS,NONE,,0.00013025564920332577,2,-0.054064323637415534,False,False
2026-09-02T13:26:06.503237+00:00,KXBTC15M-26SEP020930-30,11.105460849999998,3.8945391500000017,76758.26,76717.4,40.86000000000058,DOWN,0.5713796629895437,0.31,0.2613796629895437,WATCH,ATTRACTIVE PRICE,RAW FORECAST,DOWN,0.5713796629895437,"7,8,9,11",UP,PASS,NONE,,0.0008205193197550198,0,-0.004782789054230685,False,False
2026-09-02T13:27:22.350888+00:00,KXBTC15M-26SEP020930-30,12.370121366666666,2.629878633333334,76728.36,76717.4,10.960000000006403,DOWN,0.5816688096217062,0.12,0.4616688096217062,WATCH,DEEP VALUE PRICE,RAW FORECAST,DOWN,0.5816688096217062,"7,8,9,11",UP,PASS,NONE,,0.0006108585750916884,0,0.005506357577931831,False,False
2026-09-02T13:28:38.032847+00:00,KXBTC15M-26SEP020930-30,13.6312523,1.3687477000000001,76840.0,76717.4,122.60000000000582,DOWN,0.5476318674952865,0.002,0.5456318674952865,WATCH,DEEP VALUE PRICE,RAW FORECAST,DOWN,0.5476318674952865,"7,8,9,11",UP,PASS,NONE,,0.002114339947425714,0,-0.02853058454848789,False,False
2026-09-02T13:29:53.989462+00:00,KXBTC15M-26SEP020930-30,14.897783883333334,0.10221611666666597,76906.02,76717.4,188.6200000000099,DOWN,0.5252278600333854,0.001,0.5242278600333854,WATCH,DEEP VALUE PRICE,RAW FORECAST,DOWN,0.5252278600333854,"7,8,9,11",UP,PASS,NONE,,0.0024272664319979764,1,-0.05093459201038897,False,False
2026-09-02T13:31:09.682686+00:00,KXBTC15M-26SEP020945-45,1.1575027333333334,13.842497266666667,76769.95,76865.2,-95.25,DOWN,0.5561716153026286,0.62,-0.0638283846973714,WATCH,EXPENSIVE / WAIT,RAW FORECAST,DOWN,0.5561716153026286,,DOWN,PASS,NONE,,0.0008525280123784507,2,0.012893231578860465,False,True
2026-09-02T13:32:24.612489+00:00,KXBTC15M-26SEP020945-45,2.4083311666666662,12.591668833333333,76703.51,76865.2,-161.69000000000233,UP,0.5988055048191797,0.26,0.3388055048191797,WATCH,DEEP VALUE PRICE,RAW FORECAST,UP,0.5988055048191797,,DOWN,PASS,NONE,,0.001650520263354549,0,0.05552712109541158,False,False
2026-09-02T13:33:40.396398+00:00,KXBTC15M-26SEP020945-45,3.671091066666667,11.328908933333333,76684.17,76865.2,-181.02999999999884,UP,0.5793249884031665,0.23,0.3493249884031665,WATCH,DEEP VALUE PRICE,RAW FORECAST,UP,0.5793249884031665,,DOWN,PASS,NONE,,0.0017722170101596157,0,0.03604660467939835,False,False
2026-09-02T13:34:55.823849+00:00,KXBTC15M-26SEP020945-45,4.928349016666667,10.071650983333333,76723.57,76865.2,-141.6299999999901,DOWN,0.5168597519139043,0.73,-0.21314024808609566,WATCH,EXPENSIVE / WAIT,RAW FORECAST,DOWN,0.5168597519139043,,DOWN,PASS,NONE,,0.001389425424754176,2,-0.026418631809863813,False,True
2026-09-02T13:36:11.423912+00:00,KXBTC15M-26SEP020945-45,6.18825205,8.81174795,76707.19,76865.2,-158.00999999999476,UP,0.5997136041307192,0.14,0.45971360413071916,WATCH,DEEP VALUE PRICE,RAW FORECAST,UP,0.5997136041307192,,DOWN,PASS,NONE,,0.0017441031092932935,1,0.05643522040695104,False,False
2026-09-02T13:37:26.897556+00:00,KXBTC15M-26SEP020945-45,7.4455586,7.5544414,76694.89,76865.2,-170.30999999999767,UP,0.5730566615593963,0.041,0.5320566615593962,WATCH,DEEP VALUE PRICE,RAW FORECAST,UP,0.5730566615593963,7,DOWN,PASS,NONE,,0.0017627155529224003,2,0.029778277835628142,False,False
2026-09-02T13:38:43.187915+00:00,KXBTC15M-26SEP020945-45,8.717090966666666,6.282909033333334,76588.36,76865.2,-276.8399999999965,DOWN,0.5061851799882826,0.97,-0.46381482001171737,WATCH,EXPENSIVE / WAIT,RAW FORECAST,DOWN,0.5061851799882826,"7,8",DOWN,PASS,NONE,,0.0033551858172660154,3,-0.037093203735485525,False,True
2026-09-02T13:39:59.430510+00:00,KXBTC15M-26SEP020945-45,9.988571666666667,5.011428333333333,76580.33,76865.2,-284.86999999999534,DOWN,0.5120020897671412,0.969,-0.45699791023285874,WATCH,EXPENSIVE / WAIT,RAW FORECAST,DOWN,0.5120020897671412,"7,8,9",DOWN,PASS,NONE,,0.0029639340302110018,2,-0.0312762939566269,False,True
2026-09-02T13:41:15.674699+00:00,KXBTC15M-26SEP020945-45,11.2585189,3.7414810999999997,76688.81,76865.2,-176.38999999999942,UP,0.5439299151056871,0.11,0.4339299151056871,WATCH,DEEP VALUE PRICE,RAW FORECAST,UP,0.5439299151056871,"7,8,9,11",DOWN,PASS,NONE,,0.0018418509775829373,3,0.0006515313819189794,False,False
2026-09-02T13:42:31.777773+00:00,KXBTC15M-26SEP020945-45,12.527087116666667,2.4729128833333327,76816.31,76865.2,-48.88999999999942,DOWN,0.5650966187635046,0.35,0.2150966187635046,WATCH,ATTRACTIVE PRICE,RAW FORECAST,DOWN,0.5650966187635046,"7,8,9,11",DOWN,PASS,NONE,,9.228127645455331e-05,0,0.021818235039736456,False,True
2026-09-02T13:43:48.544015+00:00,KXBTC15M-26SEP020945-45,13.80693885,1.1930611500000001,77133.37,76865.2,268.16999999999825,DOWN,0.5275466762361812,0.017,0.5105466762361812,WATCH,DEEP VALUE PRICE,RAW FORECAST,DOWN,0.5275466762361812,"7,8,9,11",UP,PASS,NONE,,0.0036844828968560783,1,-0.0157317074875869,False,False
2026-09-02T13:45:04.230868+00:00,,,,77241.03,,,DOWN,0.5405218731352825,,,WATCH,NO LIVE ASK,RAW FORECAST,DOWN,0.5405218731352825,,DOWN,PASS,NONE,,,0,,False,False
2026-09-02T13:46:26.911546+00:00,KXBTC15M-26SEP021000-00,1.44518615,13.55481385,77240.0,77278.39,-38.38999999999942,UP,0.5150850590022745,0.57,-0.054914940997725425,WATCH,EXPENSIVE / WAIT,RAW FORECAST,UP,0.5150850590022745,,UP,PASS,NONE,,7.899975705316642e-05,3,-0.1013161402790631,False,True
2026-09-02T13:47:43.687096+00:00,KXBTC15M-26SEP021000-00,2.725786933333333,12.274213066666666,77215.54,77278.39,-62.85000000000582,UP,0.5167824873929024,0.36,0.15678248739290246,WATCH,ATTRACTIVE PRICE,RAW FORECAST,UP,0.5167824873929024,,UP,PASS,NONE,,0.0017399340927394258,1,-0.09961871188843519,False,False
2026-09-02T13:48:59.402939+00:00,KXBTC15M-26SEP021000-00,3.98809695,11.01190305,77159.18,77278.39,-119.2100000000064,UP,0.5648851800022348,0.34,0.22488518000223473,WATCH,ATTRACTIVE PRICE,RAW FORECAST,UP,0.5648851800022348,,DOWN,PASS,NONE,,0.002192857413454763,1,-0.051516019279102876,False,False
2026-09-02T13:50:14.867049+00:00,KXBTC15M-26SEP021000-00,5.2458291,9.7541709,77091.75,77278.39,-186.63999999999942,UP,0.5205032192509165,0.19,0.33050321925091647,WATCH,DEEP VALUE PRICE,RAW FORECAST,UP,0.5205032192509165,,DOWN,PASS,NONE,,0.003235757643226478,0,-0.09589798003042116,False,False
2026-09-02T13:51:30.605310+00:00,KXBTC15M-26SEP021000-00,6.50776855,8.49223145,77060.39,77278.39,-218.0,UP,0.5424944147567232,0.18,0.3624944147567232,WATCH,DEEP VALUE PRICE,RAW FORECAST,UP,0.5424944147567232,,DOWN,PASS,NONE,,0.003337254876101592,1,-0.07390678452461441,False,False
2026-09-02T13:52:50.085114+00:00,KXBTC15M-26SEP021000-00,7.830961149999999,7.169038850000001,77087.64,77278.39,-190.75,UP,0.545183698305613,0.32,0.22518369830561297,WATCH,ATTRACTIVE PRICE,RAW FORECAST,UP,0.545183698305613,7,DOWN,PASS,NONE,,0.0032888982326680916,1,-0.07121750097572466,False,False
2026-09-02T13:54:11.763331+00:00,KXBTC15M-26SEP021000-00,9.19263695,5.807363049999999,77213.09,77278.39,-65.30000000000291,UP,0.5602004045318776,0.16,0.40020040453187755,WATCH,DEEP VALUE PRICE,RAW FORECAST,UP,0.5602004045318776,"7,9",DOWN,PASS,NONE,,0.0016668819442370308,3,-0.05620079474946005,False,False
