fair_min,dist_min,persist,max_det,dist_strength,train_n,train_coverage,train_accuracy
0.9,0,0,0.0,False,12,0.22641509433962265,0.9166666666666666
0.9,0,0,0.0,True,12,0.22641509433962265,0.9166666666666666
0.9,0,0,-0.01,False,12,0.22641509433962265,0.9166666666666666
0.9,0,0,-0.01,True,12,0.22641509433962265,0.9166666666666666
0.9,0,0,-0.02,False,12,0.22641509433962265,0.9166666666666666
0.9,0,0,-0.02,True,12,0.22641509433962265,0.9166666666666666
0.9,0,0,-0.03,False,12,0.22641509433962265,0.9166666666666666
0.9,0,0,-0.03,True,12,0.22641509433962265,0.9166666666666666
0.9,0,0,-0.05,False,12,0.22641509433962265,0.9166666666666666
0.9,0,0,-0.05,True,12,0.22641509433962265,0.9166666666666666
0.9,0,1,0.0,False,12,0.22641509433962265,0.9166666666666666
0.9,0,1,0.0,True,12,0.22641509433962265,0.9166666666666666
0.9,0,1,-0.01,False,12,0.22641509433962265,0.9166666666666666
0.9,0,1,-0.01,True,12,0.22641509433962265,0.9166666666666666
0.9,0,1,-0.02,False,12,0.22641509433962265,0.9166666666666666
0.9,0,1,-0.02,True,12,0.22641509433962265,0.9166666666666666
0.9,0,1,-0.03,False,12,0.22641509433962265,0.9166666666666666
0.9,0,1,-0.03,True,12,0.22641509433962265,0.9166666666666666
0.9,0,1,-0.05,False,12,0.22641509433962265,0.9166666666666666
0.9,0,1,-0.05,True,12,0.22641509433962265,0.9166666666666666
0.9,0,2,0.0,False,12,0.22641509433962265,0.9166666666666666
0.9,0,2,0.0,True,12,0.22641509433962265,0.9166666666666666
0.9,0,2,-0.01,False,12,0.22641509433962265,0.9166666666666666
0.9,0,2,-0.01,True,12,0.22641509433962265,0.9166666666666666
0.9,0,2,-0.02,False,12,0.22641509433962265,0.9166666666666666
0.9,0,2,-0.02,True,12,0.22641509433962265,0.9166666666666666
0.9,0,2,-0.03,False,12,0.22641509433962265,0.9166666666666666
0.9,0,2,-0.03,True,12,0.22641509433962265,0.9166666666666666
0.9,0,2,-0.05,False,12,0.22641509433962265,0.9166666666666666
0.9,0,2,-0.05,True,12,0.22641509433962265,0.9166666666666666
0.9,0,3,0.0,False,12,0.22641509433962265,0.9166666666666666
0.9,0,3,0.0,True,12,0.22641509433962265,0.9166666666666666
0.9,0,3,-0.01,False,12,0.22641509433962265,0.9166666666666666
0.9,0,3,-0.01,True,12,0.22641509433962265,0.9166666666666666
0.9,0,3,-0.02,False,12,0.22641509433962265,0.9166666666666666
0.9,0,3,-0.02,True,12,0.22641509433962265,0.9166666666666666
0.9,0,3,-0.03,False,12,0.22641509433962265,0.9166666666666666
0.9,0,3,-0.03,True,12,0.22641509433962265,0.9166666666666666
0.9,0,3,-0.05,False,12,0.22641509433962265,0.9166666666666666
0.9,0,3,-0.05,True,12,0.22641509433962265,0.9166666666666666
0.9,10,0,0.0,False,12,0.22641509433962265,0.9166666666666666
0.9,10,0,0.0,True,12,0.22641509433962265,0.9166666666666666
0.9,10,0,-0.01,False,12,0.22641509433962265,0.9166666666666666
0.9,10,0,-0.01,True,12,0.22641509433962265,0.9166666666666666
0.9,10,0,-0.02,False,12,0.22641509433962265,0.9166666666666666
0.9,10,0,-0.02,True,12,0.22641509433962265,0.9166666666666666
0.9,10,0,-0.03,False,12,0.22641509433962265,0.9166666666666666
0.9,10,0,-0.03,True,12,0.22641509433962265,0.9166666666666666
0.9,10,0,-0.05,False,12,0.22641509433962265,0.9166666666666666
0.9,10,0,-0.05,True,12,0.22641509433962265,0.9166666666666666
0.9,10,1,0.0,False,12,0.22641509433962265,0.9166666666666666
0.9,10,1,0.0,True,12,0.22641509433962265,0.9166666666666666
0.9,10,1,-0.01,False,12,0.22641509433962265,0.9166666666666666
0.9,10,1,-0.01,True,12,0.22641509433962265,0.9166666666666666
0.9,10,1,-0.02,False,12,0.22641509433962265,0.9166666666666666
0.9,10,1,-0.02,True,12,0.22641509433962265,0.9166666666666666
0.9,10,1,-0.03,False,12,0.22641509433962265,0.9166666666666666
0.9,10,1,-0.03,True,12,0.22641509433962265,0.9166666666666666
0.9,10,1,-0.05,False,12,0.22641509433962265,0.9166666666666666
0.9,10,1,-0.05,True,12,0.22641509433962265,0.9166666666666666
0.9,10,2,0.0,False,12,0.22641509433962265,0.9166666666666666
0.9,10,2,0.0,True,12,0.22641509433962265,0.9166666666666666
0.9,10,2,-0.01,False,12,0.22641509433962265,0.9166666666666666
0.9,10,2,-0.01,True,12,0.22641509433962265,0.9166666666666666
0.9,10,2,-0.02,False,12,0.22641509433962265,0.9166666666666666
0.9,10,2,-0.02,True,12,0.22641509433962265,0.9166666666666666
0.9,10,2,-0.03,False,12,0.22641509433962265,0.9166666666666666
0.9,10,2,-0.03,True,12,0.22641509433962265,0.9166666666666666
0.9,10,2,-0.05,False,12,0.22641509433962265,0.9166666666666666
0.9,10,2,-0.05,True,12,0.22641509433962265,0.9166666666666666
0.9,10,3,0.0,False,12,0.22641509433962265,0.9166666666666666
0.9,10,3,0.0,True,12,0.22641509433962265,0.9166666666666666
0.9,10,3,-0.01,False,12,0.22641509433962265,0.9166666666666666
0.9,10,3,-0.01,True,12,0.22641509433962265,0.9166666666666666
0.9,10,3,-0.02,False,12,0.22641509433962265,0.9166666666666666
0.9,10,3,-0.02,True,12,0.22641509433962265,0.9166666666666666
0.9,10,3,-0.03,False,12,0.22641509433962265,0.9166666666666666
0.9,10,3,-0.03,True,12,0.22641509433962265,0.9166666666666666
0.9,10,3,-0.05,False,12,0.22641509433962265,0.9166666666666666
0.9,10,3,-0.05,True,12,0.22641509433962265,0.9166666666666666
0.9,20,0,0.0,False,12,0.22641509433962265,0.9166666666666666
0.9,20,0,0.0,True,12,0.22641509433962265,0.9166666666666666
0.9,20,0,-0.01,False,12,0.22641509433962265,0.9166666666666666
0.9,20,0,-0.01,True,12,0.22641509433962265,0.9166666666666666
0.9,20,0,-0.02,False,12,0.22641509433962265,0.9166666666666666
0.9,20,0,-0.02,True,12,0.22641509433962265,0.9166666666666666
0.9,20,0,-0.03,False,12,0.22641509433962265,0.9166666666666666
0.9,20,0,-0.03,True,12,0.22641509433962265,0.9166666666666666
0.9,20,0,-0.05,False,12,0.22641509433962265,0.9166666666666666
0.9,20,0,-0.05,True,12,0.22641509433962265,0.9166666666666666
0.9,20,1,0.0,False,12,0.22641509433962265,0.9166666666666666
0.9,20,1,0.0,True,12,0.22641509433962265,0.9166666666666666
0.9,20,1,-0.01,False,12,0.22641509433962265,0.9166666666666666
0.9,20,1,-0.01,True,12,0.22641509433962265,0.9166666666666666
0.9,20,1,-0.02,False,12,0.22641509433962265,0.9166666666666666
0.9,20,1,-0.02,True,12,0.22641509433962265,0.9166666666666666
0.9,20,1,-0.03,False,12,0.22641509433962265,0.9166666666666666
0.9,20,1,-0.03,True,12,0.22641509433962265,0.9166666666666666
0.9,20,1,-0.05,False,12,0.22641509433962265,0.9166666666666666
0.9,20,1,-0.05,True,12,0.22641509433962265,0.9166666666666666
0.9,20,2,0.0,False,12,0.22641509433962265,0.9166666666666666
0.9,20,2,0.0,True,12,0.22641509433962265,0.9166666666666666
0.9,20,2,-0.01,False,12,0.22641509433962265,0.9166666666666666
0.9,20,2,-0.01,True,12,0.22641509433962265,0.9166666666666666
0.9,20,2,-0.02,False,12,0.22641509433962265,0.9166666666666666
0.9,20,2,-0.02,True,12,0.22641509433962265,0.9166666666666666
0.9,20,2,-0.03,False,12,0.22641509433962265,0.9166666666666666
0.9,20,2,-0.03,True,12,0.22641509433962265,0.9166666666666666
0.9,20,2,-0.05,False,12,0.22641509433962265,0.9166666666666666
0.9,20,2,-0.05,True,12,0.22641509433962265,0.9166666666666666
0.9,20,3,0.0,False,12,0.22641509433962265,0.9166666666666666
0.9,20,3,0.0,True,12,0.22641509433962265,0.9166666666666666
0.9,20,3,-0.01,False,12,0.22641509433962265,0.9166666666666666
0.9,20,3,-0.01,True,12,0.22641509433962265,0.9166666666666666
0.9,20,3,-0.02,False,12,0.22641509433962265,0.9166666666666666
0.9,20,3,-0.02,True,12,0.22641509433962265,0.9166666666666666
0.9,20,3,-0.03,False,12,0.22641509433962265,0.9166666666666666
0.9,20,3,-0.03,True,12,0.22641509433962265,0.9166666666666666
0.9,20,3,-0.05,False,12,0.22641509433962265,0.9166666666666666
0.9,20,3,-0.05,True,12,0.22641509433962265,0.9166666666666666
0.9,30,0,0.0,False,12,0.22641509433962265,0.9166666666666666
0.9,30,0,0.0,True,12,0.22641509433962265,0.9166666666666666
0.9,30,0,-0.01,False,12,0.22641509433962265,0.9166666666666666
0.9,30,0,-0.01,True,12,0.22641509433962265,0.9166666666666666
0.9,30,0,-0.02,False,12,0.22641509433962265,0.9166666666666666
0.9,30,0,-0.02,True,12,0.22641509433962265,0.9166666666666666
0.9,30,0,-0.03,False,12,0.22641509433962265,0.9166666666666666
0.9,30,0,-0.03,True,12,0.22641509433962265,0.9166666666666666
0.9,30,0,-0.05,False,12,0.22641509433962265,0.9166666666666666
0.9,30,0,-0.05,True,12,0.22641509433962265,0.9166666666666666
0.9,30,1,0.0,False,12,0.22641509433962265,0.9166666666666666
0.9,30,1,0.0,True,12,0.22641509433962265,0.9166666666666666
0.9,30,1,-0.01,False,12,0.22641509433962265,0.9166666666666666
0.9,30,1,-0.01,True,12,0.22641509433962265,0.9166666666666666
0.9,30,1,-0.02,False,12,0.22641509433962265,0.9166666666666666
0.9,30,1,-0.02,True,12,0.22641509433962265,0.9166666666666666
0.9,30,1,-0.03,False,12,0.22641509433962265,0.9166666666666666
0.9,30,1,-0.03,True,12,0.22641509433962265,0.9166666666666666
0.9,30,1,-0.05,False,12,0.22641509433962265,0.9166666666666666
0.9,30,1,-0.05,True,12,0.22641509433962265,0.9166666666666666
0.9,30,2,0.0,False,12,0.22641509433962265,0.9166666666666666
0.9,30,2,0.0,True,12,0.22641509433962265,0.9166666666666666
0.9,30,2,-0.01,False,12,0.22641509433962265,0.9166666666666666
0.9,30,2,-0.01,True,12,0.22641509433962265,0.9166666666666666
0.9,30,2,-0.02,False,12,0.22641509433962265,0.9166666666666666
0.9,30,2,-0.02,True,12,0.22641509433962265,0.9166666666666666
0.9,30,2,-0.03,False,12,0.22641509433962265,0.9166666666666666
0.9,30,2,-0.03,True,12,0.22641509433962265,0.9166666666666666
0.9,30,2,-0.05,False,12,0.22641509433962265,0.9166666666666666
0.9,30,2,-0.05,True,12,0.22641509433962265,0.9166666666666666
0.9,30,3,0.0,False,12,0.22641509433962265,0.9166666666666666
0.9,30,3,0.0,True,12,0.22641509433962265,0.9166666666666666
0.9,30,3,-0.01,False,12,0.22641509433962265,0.9166666666666666
0.9,30,3,-0.01,True,12,0.22641509433962265,0.9166666666666666
0.9,30,3,-0.02,False,12,0.22641509433962265,0.9166666666666666
0.9,30,3,-0.02,True,12,0.22641509433962265,0.9166666666666666
0.9,30,3,-0.03,False,12,0.22641509433962265,0.9166666666666666
0.9,30,3,-0.03,True,12,0.22641509433962265,0.9166666666666666
0.9,30,3,-0.05,False,12,0.22641509433962265,0.9166666666666666
0.9,30,3,-0.05,True,12,0.22641509433962265,0.9166666666666666
0.9,50,0,0.0,False,12,0.22641509433962265,0.9166666666666666
0.9,50,0,0.0,True,12,0.22641509433962265,0.9166666666666666
0.9,50,0,-0.01,False,12,0.22641509433962265,0.9166666666666666
0.9,50,0,-0.01,True,12,0.22641509433962265,0.9166666666666666
0.9,50,0,-0.02,False,12,0.22641509433962265,0.9166666666666666
0.9,50,0,-0.02,True,12,0.22641509433962265,0.9166666666666666
0.9,50,0,-0.03,False,12,0.22641509433962265,0.9166666666666666
0.9,50,0,-0.03,True,12,0.22641509433962265,0.9166666666666666
0.9,50,0,-0.05,False,12,0.22641509433962265,0.9166666666666666
0.9,50,0,-0.05,True,12,0.22641509433962265,0.9166666666666666
0.9,50,1,0.0,False,12,0.22641509433962265,0.9166666666666666
0.9,50,1,0.0,True,12,0.22641509433962265,0.9166666666666666
0.9,50,1,-0.01,False,12,0.22641509433962265,0.9166666666666666
0.9,50,1,-0.01,True,12,0.22641509433962265,0.9166666666666666
0.9,50,1,-0.02,False,12,0.22641509433962265,0.9166666666666666
0.9,50,1,-0.02,True,12,0.22641509433962265,0.9166666666666666
0.9,50,1,-0.03,False,12,0.22641509433962265,0.9166666666666666
0.9,50,1,-0.03,True,12,0.22641509433962265,0.9166666666666666
0.9,50,1,-0.05,False,12,0.22641509433962265,0.9166666666666666
0.9,50,1,-0.05,True,12,0.22641509433962265,0.9166666666666666
0.9,50,2,0.0,False,12,0.22641509433962265,0.9166666666666666
0.9,50,2,0.0,True,12,0.22641509433962265,0.9166666666666666
0.9,50,2,-0.01,False,12,0.22641509433962265,0.9166666666666666
0.9,50,2,-0.01,True,12,0.22641509433962265,0.9166666666666666
0.9,50,2,-0.02,False,12,0.22641509433962265,0.9166666666666666
0.9,50,2,-0.02,True,12,0.22641509433962265,0.9166666666666666
0.9,50,2,-0.03,False,12,0.22641509433962265,0.9166666666666666
0.9,50,2,-0.03,True,12,0.22641509433962265,0.9166666666666666
0.9,50,2,-0.05,False,12,0.22641509433962265,0.9166666666666666
0.9,50,2,-0.05,True,12,0.22641509433962265,0.9166666666666666
0.9,50,3,0.0,False,12,0.22641509433962265,0.9166666666666666
0.9,50,3,0.0,True,12,0.22641509433962265,0.9166666666666666
0.9,50,3,-0.01,False,12,0.22641509433962265,0.9166666666666666
0.9,50,3,-0.01,True,12,0.22641509433962265,0.9166666666666666
0.9,50,3,-0.02,False,12,0.22641509433962265,0.9166666666666666
0.9,50,3,-0.02,True,12,0.22641509433962265,0.9166666666666666
0.9,50,3,-0.03,False,12,0.22641509433962265,0.9166666666666666
0.9,50,3,-0.03,True,12,0.22641509433962265,0.9166666666666666
0.9,50,3,-0.05,False,12,0.22641509433962265,0.9166666666666666
0.9,50,3,-0.05,True,12,0.22641509433962265,0.9166666666666666
0.9,75,0,0.0,False,12,0.22641509433962265,0.9166666666666666
0.9,75,0,0.0,True,12,0.22641509433962265,0.9166666666666666
0.9,75,0,-0.01,False,12,0.22641509433962265,0.9166666666666666
0.9,75,0,-0.01,True,12,0.22641509433962265,0.9166666666666666
0.9,75,0,-0.02,False,12,0.22641509433962265,0.9166666666666666
0.9,75,0,-0.02,True,12,0.22641509433962265,0.9166666666666666
0.9,75,0,-0.03,False,12,0.22641509433962265,0.9166666666666666
0.9,75,0,-0.03,True,12,0.22641509433962265,0.9166666666666666
0.9,75,0,-0.05,False,12,0.22641509433962265,0.9166666666666666
0.9,75,0,-0.05,True,12,0.22641509433962265,0.9166666666666666
0.9,75,1,0.0,False,12,0.22641509433962265,0.9166666666666666
0.9,75,1,0.0,True,12,0.22641509433962265,0.9166666666666666
0.9,75,1,-0.01,False,12,0.22641509433962265,0.9166666666666666
0.9,75,1,-0.01,True,12,0.22641509433962265,0.9166666666666666
0.9,75,1,-0.02,False,12,0.22641509433962265,0.9166666666666666
0.9,75,1,-0.02,True,12,0.22641509433962265,0.9166666666666666
0.9,75,1,-0.03,False,12,0.22641509433962265,0.9166666666666666
0.9,75,1,-0.03,True,12,0.22641509433962265,0.9166666666666666
0.9,75,1,-0.05,False,12,0.22641509433962265,0.9166666666666666
0.9,75,1,-0.05,True,12,0.22641509433962265,0.9166666666666666
0.9,75,2,0.0,False,12,0.22641509433962265,0.9166666666666666
0.9,75,2,0.0,True,12,0.22641509433962265,0.9166666666666666
0.9,75,2,-0.01,False,12,0.22641509433962265,0.9166666666666666
0.9,75,2,-0.01,True,12,0.22641509433962265,0.9166666666666666
0.9,75,2,-0.02,False,12,0.22641509433962265,0.9166666666666666
0.9,75,2,-0.02,True,12,0.22641509433962265,0.9166666666666666
0.9,75,2,-0.03,False,12,0.22641509433962265,0.9166666666666666
0.9,75,2,-0.03,True,12,0.22641509433962265,0.9166666666666666
0.9,75,2,-0.05,False,12,0.22641509433962265,0.9166666666666666
0.9,75,2,-0.05,True,12,0.22641509433962265,0.9166666666666666
0.9,75,3,0.0,False,12,0.22641509433962265,0.9166666666666666
0.9,75,3,0.0,True,12,0.22641509433962265,0.9166666666666666
0.9,75,3,-0.01,False,12,0.22641509433962265,0.9166666666666666
0.9,75,3,-0.01,True,12,0.22641509433962265,0.9166666666666666
0.9,75,3,-0.02,False,12,0.22641509433962265,0.9166666666666666
0.9,75,3,-0.02,True,12,0.22641509433962265,0.9166666666666666
0.9,75,3,-0.03,False,12,0.22641509433962265,0.9166666666666666
0.9,75,3,-0.03,True,12,0.22641509433962265,0.9166666666666666
0.9,75,3,-0.05,False,12,0.22641509433962265,0.9166666666666666
0.9,75,3,-0.05,True,12,0.22641509433962265,0.9166666666666666
0.88,0,3,0.0,False,21,0.39622641509433965,0.9047619047619048
0.88,0,3,0.0,True,21,0.39622641509433965,0.9047619047619048
0.88,0,3,-0.01,False,21,0.39622641509433965,0.9047619047619048
0.88,0,3,-0.01,True,21,0.39622641509433965,0.9047619047619048
0.88,0,3,-0.02,False,21,0.39622641509433965,0.9047619047619048
0.88,0,3,-0.02,True,21,0.39622641509433965,0.9047619047619048
0.88,0,3,-0.03,False,21,0.39622641509433965,0.9047619047619048
0.88,0,3,-0.03,True,21,0.39622641509433965,0.9047619047619048
0.88,0,3,-0.05,False,21,0.39622641509433965,0.9047619047619048
0.88,0,3,-0.05,True,21,0.39622641509433965,0.9047619047619048
0.88,10,3,0.0,False,21,0.39622641509433965,0.9047619047619048
0.88,10,3,0.0,True,21,0.39622641509433965,0.9047619047619048
0.88,10,3,-0.01,False,21,0.39622641509433965,0.9047619047619048
0.88,10,3,-0.01,True,21,0.39622641509433965,0.9047619047619048
0.88,10,3,-0.02,False,21,0.39622641509433965,0.9047619047619048
0.88,10,3,-0.02,True,21,0.39622641509433965,0.9047619047619048
0.88,10,3,-0.03,False,21,0.39622641509433965,0.9047619047619048
0.88,10,3,-0.03,True,21,0.39622641509433965,0.9047619047619048
0.88,10,3,-0.05,False,21,0.39622641509433965,0.9047619047619048
0.88,10,3,-0.05,True,21,0.39622641509433965,0.9047619047619048
0.88,20,3,0.0,False,21,0.39622641509433965,0.9047619047619048
0.88,20,3,0.0,True,21,0.39622641509433965,0.9047619047619048
0.88,20,3,-0.01,False,21,0.39622641509433965,0.9047619047619048
0.88,20,3,-0.01,True,21,0.39622641509433965,0.9047619047619048
0.88,20,3,-0.02,False,21,0.39622641509433965,0.9047619047619048
0.88,20,3,-0.02,True,21,0.39622641509433965,0.9047619047619048
0.88,20,3,-0.03,False,21,0.39622641509433965,0.9047619047619048
0.88,20,3,-0.03,True,21,0.39622641509433965,0.9047619047619048
0.88,20,3,-0.05,False,21,0.39622641509433965,0.9047619047619048
0.88,20,3,-0.05,True,21,0.39622641509433965,0.9047619047619048
0.88,30,3,0.0,False,21,0.39622641509433965,0.9047619047619048
0.88,30,3,0.0,True,21,0.39622641509433965,0.9047619047619048
0.88,30,3,-0.01,False,21,0.39622641509433965,0.9047619047619048
0.88,30,3,-0.01,True,21,0.39622641509433965,0.9047619047619048
0.88,30,3,-0.02,False,21,0.39622641509433965,0.9047619047619048
0.88,30,3,-0.02,True,21,0.39622641509433965,0.9047619047619048
0.88,30,3,-0.03,False,21,0.39622641509433965,0.9047619047619048
0.88,30,3,-0.03,True,21,0.39622641509433965,0.9047619047619048
0.88,30,3,-0.05,False,21,0.39622641509433965,0.9047619047619048
0.88,30,3,-0.05,True,21,0.39622641509433965,0.9047619047619048
0.88,50,3,0.0,False,21,0.39622641509433965,0.9047619047619048
0.88,50,3,0.0,True,21,0.39622641509433965,0.9047619047619048
0.88,50,3,-0.01,False,21,0.39622641509433965,0.9047619047619048
0.88,50,3,-0.01,True,21,0.39622641509433965,0.9047619047619048
0.88,50,3,-0.02,False,21,0.39622641509433965,0.9047619047619048
0.88,50,3,-0.02,True,21,0.39622641509433965,0.9047619047619048
0.88,50,3,-0.03,False,21,0.39622641509433965,0.9047619047619048
0.88,50,3,-0.03,True,21,0.39622641509433965,0.9047619047619048
0.88,50,3,-0.05,False,21,0.39622641509433965,0.9047619047619048
0.88,50,3,-0.05,True,21,0.39622641509433965,0.9047619047619048
0.88,75,3,0.0,False,21,0.39622641509433965,0.9047619047619048
0.88,75,3,0.0,True,21,0.39622641509433965,0.9047619047619048
0.88,75,3,-0.01,False,21,0.39622641509433965,0.9047619047619048
0.88,75,3,-0.01,True,21,0.39622641509433965,0.9047619047619048
0.88,75,3,-0.02,False,21,0.39622641509433965,0.9047619047619048
0.88,75,3,-0.02,True,21,0.39622641509433965,0.9047619047619048
0.88,75,3,-0.03,False,21,0.39622641509433965,0.9047619047619048
0.88,75,3,-0.03,True,21,0.39622641509433965,0.9047619047619048
0.88,75,3,-0.05,False,21,0.39622641509433965,0.9047619047619048
0.88,75,3,-0.05,True,21,0.39622641509433965,0.9047619047619048
0.75,50,3,0.0,False,27,0.5094339622641509,0.8888888888888888
0.75,50,3,0.0,True,27,0.5094339622641509,0.8888888888888888
0.75,50,3,-0.01,False,27,0.5094339622641509,0.8888888888888888
0.75,50,3,-0.01,True,27,0.5094339622641509,0.8888888888888888
0.75,50,3,-0.02,False,27,0.5094339622641509,0.8888888888888888
0.75,50,3,-0.02,True,27,0.5094339622641509,0.8888888888888888
0.75,50,3,-0.03,False,27,0.5094339622641509,0.8888888888888888
0.75,50,3,-0.03,True,27,0.5094339622641509,0.8888888888888888
0.75,50,3,-0.05,True,27,0.5094339622641509,0.8888888888888888
0.75,75,3,0.0,False,26,0.49056603773584906,0.8846153846153846
0.75,75,3,0.0,True,26,0.49056603773584906,0.8846153846153846
0.75,75,3,-0.01,False,26,0.49056603773584906,0.8846153846153846
0.75,75,3,-0.01,True,26,0.49056603773584906,0.8846153846153846
0.75,75,3,-0.02,False,26,0.49056603773584906,0.8846153846153846
0.75,75,3,-0.02,True,26,0.49056603773584906,0.8846153846153846
0.75,75,3,-0.03,False,26,0.49056603773584906,0.8846153846153846
0.75,75,3,-0.03,True,26,0.49056603773584906,0.8846153846153846
0.75,75,3,-0.05,True,26,0.49056603773584906,0.8846153846153846
0.78,0,3,0.0,False,26,0.49056603773584906,0.8846153846153846
0.78,0,3,0.0,True,26,0.49056603773584906,0.8846153846153846
0.78,0,3,-0.01,False,26,0.49056603773584906,0.8846153846153846
0.78,0,3,-0.01,True,26,0.49056603773584906,0.8846153846153846
0.78,0,3,-0.02,False,26,0.49056603773584906,0.8846153846153846
0.78,0,3,-0.02,True,26,0.49056603773584906,0.8846153846153846
0.78,0,3,-0.03,False,26,0.49056603773584906,0.8846153846153846
0.78,0,3,-0.03,True,26,0.49056603773584906,0.8846153846153846
0.78,0,3,-0.05,True,26,0.49056603773584906,0.8846153846153846
0.78,10,3,0.0,False,26,0.49056603773584906,0.8846153846153846
0.78,10,3,0.0,True,26,0.49056603773584906,0.8846153846153846
0.78,10,3,-0.01,False,26,0.49056603773584906,0.8846153846153846
0.78,10,3,-0.01,True,26,0.49056603773584906,0.8846153846153846
0.78,10,3,-0.02,False,26,0.49056603773584906,0.8846153846153846
0.78,10,3,-0.02,True,26,0.49056603773584906,0.8846153846153846
0.78,10,3,-0.03,False,26,0.49056603773584906,0.8846153846153846
0.78,10,3,-0.03,True,26,0.49056603773584906,0.8846153846153846
0.78,10,3,-0.05,True,26,0.49056603773584906,0.8846153846153846
0.78,20,3,0.0,False,26,0.49056603773584906,0.8846153846153846
0.78,20,3,0.0,True,26,0.49056603773584906,0.8846153846153846
0.78,20,3,-0.01,False,26,0.49056603773584906,0.8846153846153846
0.78,20,3,-0.01,True,26,0.49056603773584906,0.8846153846153846
0.78,20,3,-0.02,False,26,0.49056603773584906,0.8846153846153846
0.78,20,3,-0.02,True,26,0.49056603773584906,0.8846153846153846
0.78,20,3,-0.03,False,26,0.49056603773584906,0.8846153846153846
0.78,20,3,-0.03,True,26,0.49056603773584906,0.8846153846153846
0.78,20,3,-0.05,True,26,0.49056603773584906,0.8846153846153846
0.78,30,3,0.0,False,26,0.49056603773584906,0.8846153846153846
0.78,30,3,0.0,True,26,0.49056603773584906,0.8846153846153846
0.78,30,3,-0.01,False,26,0.49056603773584906,0.8846153846153846
0.78,30,3,-0.01,True,26,0.49056603773584906,0.8846153846153846
0.78,30,3,-0.02,False,26,0.49056603773584906,0.8846153846153846
0.78,30,3,-0.02,True,26,0.49056603773584906,0.8846153846153846
0.78,30,3,-0.03,False,26,0.49056603773584906,0.8846153846153846
0.78,30,3,-0.03,True,26,0.49056603773584906,0.8846153846153846
0.78,30,3,-0.05,True,26,0.49056603773584906,0.8846153846153846
0.8,0,3,0.0,False,26,0.49056603773584906,0.8846153846153846
0.8,0,3,0.0,True,26,0.49056603773584906,0.8846153846153846
0.8,0,3,-0.01,False,26,0.49056603773584906,0.8846153846153846
0.8,0,3,-0.01,True,26,0.49056603773584906,0.8846153846153846
0.8,0,3,-0.02,False,26,0.49056603773584906,0.8846153846153846
0.8,0,3,-0.02,True,26,0.49056603773584906,0.8846153846153846
0.8,0,3,-0.03,False,26,0.49056603773584906,0.8846153846153846
0.8,0,3,-0.03,True,26,0.49056603773584906,0.8846153846153846
0.8,0,3,-0.05,True,26,0.49056603773584906,0.8846153846153846
0.8,10,3,0.0,False,26,0.49056603773584906,0.8846153846153846
0.8,10,3,0.0,True,26,0.49056603773584906,0.8846153846153846
0.8,10,3,-0.01,False,26,0.49056603773584906,0.8846153846153846
0.8,10,3,-0.01,True,26,0.49056603773584906,0.8846153846153846
0.8,10,3,-0.02,False,26,0.49056603773584906,0.8846153846153846
0.8,10,3,-0.02,True,26,0.49056603773584906,0.8846153846153846
0.8,10,3,-0.03,False,26,0.49056603773584906,0.8846153846153846
0.8,10,3,-0.03,True,26,0.49056603773584906,0.8846153846153846
0.8,10,3,-0.05,True,26,0.49056603773584906,0.8846153846153846
0.8,20,3,0.0,False,26,0.49056603773584906,0.8846153846153846
0.8,20,3,0.0,True,26,0.49056603773584906,0.8846153846153846
0.8,20,3,-0.01,False,26,0.49056603773584906,0.8846153846153846
0.8,20,3,-0.01,True,26,0.49056603773584906,0.8846153846153846
0.8,20,3,-0.02,False,26,0.49056603773584906,0.8846153846153846
0.8,20,3,-0.02,True,26,0.49056603773584906,0.8846153846153846
0.8,20,3,-0.03,False,26,0.49056603773584906,0.8846153846153846
0.8,20,3,-0.03,True,26,0.49056603773584906,0.8846153846153846
0.8,20,3,-0.05,True,26,0.49056603773584906,0.8846153846153846
0.8,30,3,0.0,False,26,0.49056603773584906,0.8846153846153846
0.8,30,3,0.0,True,26,0.49056603773584906,0.8846153846153846
0.8,30,3,-0.01,False,26,0.49056603773584906,0.8846153846153846
0.8,30,3,-0.01,True,26,0.49056603773584906,0.8846153846153846
0.8,30,3,-0.02,False,26,0.49056603773584906,0.8846153846153846
0.8,30,3,-0.02,True,26,0.49056603773584906,0.8846153846153846
0.8,30,3,-0.03,False,26,0.49056603773584906,0.8846153846153846
0.8,30,3,-0.03,True,26,0.49056603773584906,0.8846153846153846
0.8,30,3,-0.05,True,26,0.49056603773584906,0.8846153846153846
0.78,50,3,0.0,False,25,0.4716981132075472,0.88
0.78,50,3,0.0,True,25,0.4716981132075472,0.88
0.78,50,3,-0.01,False,25,0.4716981132075472,0.88
0.78,50,3,-0.01,True,25,0.4716981132075472,0.88
0.78,50,3,-0.02,False,25,0.4716981132075472,0.88
0.78,50,3,-0.02,True,25,0.4716981132075472,0.88
0.78,50,3,-0.03,False,25,0.4716981132075472,0.88
0.78,50,3,-0.03,True,25,0.4716981132075472,0.88
0.78,50,3,-0.05,True,25,0.4716981132075472,0.88
0.78,75,3,0.0,False,25,0.4716981132075472,0.88
0.78,75,3,0.0,True,25,0.4716981132075472,0.88
0.78,75,3,-0.01,False,25,0.4716981132075472,0.88
0.78,75,3,-0.01,True,25,0.4716981132075472,0.88
0.78,75,3,-0.02,False,25,0.4716981132075472,0.88
0.78,75,3,-0.02,True,25,0.4716981132075472,0.88
0.78,75,3,-0.03,False,25,0.4716981132075472,0.88
0.78,75,3,-0.03,True,25,0.4716981132075472,0.88
0.78,75,3,-0.05,True,25,0.4716981132075472,0.88
0.8,50,3,0.0,False,25,0.4716981132075472,0.88
0.8,50,3,0.0,True,25,0.4716981132075472,0.88
0.8,50,3,-0.01,False,25,0.4716981132075472,0.88
0.8,50,3,-0.01,True,25,0.4716981132075472,0.88
0.8,50,3,-0.02,False,25,0.4716981132075472,0.88
0.8,50,3,-0.02,True,25,0.4716981132075472,0.88
0.8,50,3,-0.03,False,25,0.4716981132075472,0.88
0.8,50,3,-0.03,True,25,0.4716981132075472,0.88
0.8,50,3,-0.05,True,25,0.4716981132075472,0.88
0.8,75,3,0.0,False,25,0.4716981132075472,0.88
0.8,75,3,0.0,True,25,0.4716981132075472,0.88
0.8,75,3,-0.01,False,25,0.4716981132075472,0.88
0.8,75,3,-0.01,True,25,0.4716981132075472,0.88
0.8,75,3,-0.02,False,25,0.4716981132075472,0.88
0.8,75,3,-0.02,True,25,0.4716981132075472,0.88
0.8,75,3,-0.03,False,25,0.4716981132075472,0.88
0.8,75,3,-0.03,True,25,0.4716981132075472,0.88
0.8,75,3,-0.05,True,25,0.4716981132075472,0.88
0.82,0,3,0.0,False,24,0.4528301886792453,0.875
0.82,0,3,0.0,True,24,0.4528301886792453,0.875
0.82,0,3,-0.01,False,24,0.4528301886792453,0.875
0.82,0,3,-0.01,True,24,0.4528301886792453,0.875
0.82,0,3,-0.02,False,24,0.4528301886792453,0.875
0.82,0,3,-0.02,True,24,0.4528301886792453,0.875
0.82,0,3,-0.03,False,24,0.4528301886792453,0.875
0.82,0,3,-0.03,True,24,0.4528301886792453,0.875
0.82,0,3,-0.05,True,24,0.4528301886792453,0.875
0.82,10,3,0.0,False,24,0.4528301886792453,0.875
0.82,10,3,0.0,True,24,0.4528301886792453,0.875
0.82,10,3,-0.01,False,24,0.4528301886792453,0.875
0.82,10,3,-0.01,True,24,0.4528301886792453,0.875
0.82,10,3,-0.02,False,24,0.4528301886792453,0.875
0.82,10,3,-0.02,True,24,0.4528301886792453,0.875
0.82,10,3,-0.03,False,24,0.4528301886792453,0.875
0.82,10,3,-0.03,True,24,0.4528301886792453,0.875
0.82,10,3,-0.05,True,24,0.4528301886792453,0.875
0.82,20,3,0.0,False,24,0.4528301886792453,0.875
0.82,20,3,0.0,True,24,0.4528301886792453,0.875
0.82,20,3,-0.01,False,24,0.4528301886792453,0.875
0.82,20,3,-0.01,True,24,0.4528301886792453,0.875
0.82,20,3,-0.02,False,24,0.4528301886792453,0.875
0.82,20,3,-0.02,True,24,0.4528301886792453,0.875
0.82,20,3,-0.03,False,24,0.4528301886792453,0.875
0.82,20,3,-0.03,True,24,0.4528301886792453,0.875
0.82,20,3,-0.05,True,24,0.4528301886792453,0.875
0.82,30,3,0.0,False,24,0.4528301886792453,0.875
0.82,30,3,0.0,True,24,0.4528301886792453,0.875
0.82,30,3,-0.01,False,24,0.4528301886792453,0.875
0.82,30,3,-0.01,True,24,0.4528301886792453,0.875
0.82,30,3,-0.02,False,24,0.4528301886792453,0.875
0.82,30,3,-0.02,True,24,0.4528301886792453,0.875
0.82,30,3,-0.03,False,24,0.4528301886792453,0.875
0.82,30,3,-0.03,True,24,0.4528301886792453,0.875
0.82,30,3,-0.05,True,24,0.4528301886792453,0.875
0.82,50,3,0.0,False,24,0.4528301886792453,0.875
0.82,50,3,0.0,True,24,0.4528301886792453,0.875
0.82,50,3,-0.01,False,24,0.4528301886792453,0.875
0.82,50,3,-0.01,True,24,0.4528301886792453,0.875
0.82,50,3,-0.02,False,24,0.4528301886792453,0.875
0.82,50,3,-0.02,True,24,0.4528301886792453,0.875
0.82,50,3,-0.03,False,24,0.4528301886792453,0.875
0.82,50,3,-0.03,True,24,0.4528301886792453,0.875
0.82,50,3,-0.05,True,24,0.4528301886792453,0.875
0.82,75,3,0.0,False,24,0.4528301886792453,0.875
0.82,75,3,0.0,True,24,0.4528301886792453,0.875
0.82,75,3,-0.01,False,24,0.4528301886792453,0.875
0.82,75,3,-0.01,True,24,0.4528301886792453,0.875
0.82,75,3,-0.02,False,24,0.4528301886792453,0.875
0.82,75,3,-0.02,True,24,0.4528301886792453,0.875
0.82,75,3,-0.03,False,24,0.4528301886792453,0.875
0.82,75,3,-0.03,True,24,0.4528301886792453,0.875
0.82,75,3,-0.05,True,24,0.4528301886792453,0.875
0.84,0,3,0.0,False,24,0.4528301886792453,0.875
0.84,0,3,0.0,True,24,0.4528301886792453,0.875
0.84,0,3,-0.01,False,24,0.4528301886792453,0.875
0.84,0,3,-0.01,True,24,0.4528301886792453,0.875
0.84,0,3,-0.02,False,24,0.4528301886792453,0.875
0.84,0,3,-0.02,True,24,0.4528301886792453,0.875
0.84,0,3,-0.03,False,24,0.4528301886792453,0.875
0.84,0,3,-0.03,True,24,0.4528301886792453,0.875
0.84,0,3,-0.05,True,24,0.4528301886792453,0.875
0.84,10,3,0.0,False,24,0.4528301886792453,0.875
0.84,10,3,0.0,True,24,0.4528301886792453,0.875
0.84,10,3,-0.01,False,24,0.4528301886792453,0.875
0.84,10,3,-0.01,True,24,0.4528301886792453,0.875
0.84,10,3,-0.02,False,24,0.4528301886792453,0.875
0.84,10,3,-0.02,True,24,0.4528301886792453,0.875
0.84,10,3,-0.03,False,24,0.4528301886792453,0.875
0.84,10,3,-0.03,True,24,0.4528301886792453,0.875
0.84,10,3,-0.05,True,24,0.4528301886792453,0.875
0.84,20,3,0.0,False,24,0.4528301886792453,0.875
0.84,20,3,0.0,True,24,0.4528301886792453,0.875
0.84,20,3,-0.01,False,24,0.4528301886792453,0.875
0.84,20,3,-0.01,True,24,0.4528301886792453,0.875
0.84,20,3,-0.02,False,24,0.4528301886792453,0.875
0.84,20,3,-0.02,True,24,0.4528301886792453,0.875
0.84,20,3,-0.03,False,24,0.4528301886792453,0.875
0.84,20,3,-0.03,True,24,0.4528301886792453,0.875
0.84,20,3,-0.05,True,24,0.4528301886792453,0.875
0.84,30,3,0.0,False,24,0.4528301886792453,0.875
0.84,30,3,0.0,True,24,0.4528301886792453,0.875
0.84,30,3,-0.01,False,24,0.4528301886792453,0.875
0.84,30,3,-0.01,True,24,0.4528301886792453,0.875
0.84,30,3,-0.02,False,24,0.4528301886792453,0.875
0.84,30,3,-0.02,True,24,0.4528301886792453,0.875
0.84,30,3,-0.03,False,24,0.4528301886792453,0.875
0.84,30,3,-0.03,True,24,0.4528301886792453,0.875
0.84,30,3,-0.05,True,24,0.4528301886792453,0.875
0.84,50,3,0.0,False,24,0.4528301886792453,0.875
0.84,50,3,0.0,True,24,0.4528301886792453,0.875
0.84,50,3,-0.01,False,24,0.4528301886792453,0.875
0.84,50,3,-0.01,True,24,0.4528301886792453,0.875
0.84,50,3,-0.02,False,24,0.4528301886792453,0.875
0.84,50,3,-0.02,True,24,0.4528301886792453,0.875
0.84,50,3,-0.03,False,24,0.4528301886792453,0.875
0.84,50,3,-0.03,True,24,0.4528301886792453,0.875
0.84,50,3,-0.05,True,24,0.4528301886792453,0.875
0.84,75,3,0.0,False,24,0.4528301886792453,0.875
0.84,75,3,0.0,True,24,0.4528301886792453,0.875
0.84,75,3,-0.01,False,24,0.4528301886792453,0.875
0.84,75,3,-0.01,True,24,0.4528301886792453,0.875
0.84,75,3,-0.02,False,24,0.4528301886792453,0.875
0.84,75,3,-0.02,True,24,0.4528301886792453,0.875
0.84,75,3,-0.03,False,24,0.4528301886792453,0.875
0.84,75,3,-0.03,True,24,0.4528301886792453,0.875
0.84,75,3,-0.05,True,24,0.4528301886792453,0.875
0.85,0,3,0.0,False,24,0.4528301886792453,0.875
0.85,0,3,0.0,True,24,0.4528301886792453,0.875
0.85,0,3,-0.01,False,24,0.4528301886792453,0.875
0.85,0,3,-0.01,True,24,0.4528301886792453,0.875
0.85,0,3,-0.02,False,24,0.4528301886792453,0.875
0.85,0,3,-0.02,True,24,0.4528301886792453,0.875
0.85,0,3,-0.03,False,24,0.4528301886792453,0.875
0.85,0,3,-0.03,True,24,0.4528301886792453,0.875
0.85,0,3,-0.05,False,24,0.4528301886792453,0.875
0.85,0,3,-0.05,True,24,0.4528301886792453,0.875
0.85,10,3,0.0,False,24,0.4528301886792453,0.875
0.85,10,3,0.0,True,24,0.4528301886792453,0.875
0.85,10,3,-0.01,False,24,0.4528301886792453,0.875
0.85,10,3,-0.01,True,24,0.4528301886792453,0.875
0.85,10,3,-0.02,False,24,0.4528301886792453,0.875
0.85,10,3,-0.02,True,24,0.4528301886792453,0.875
0.85,10,3,-0.03,False,24,0.4528301886792453,0.875
0.85,10,3,-0.03,True,24,0.4528301886792453,0.875
0.85,10,3,-0.05,False,24,0.4528301886792453,0.875
0.85,10,3,-0.05,True,24,0.4528301886792453,0.875
0.85,20,3,0.0,False,24,0.4528301886792453,0.875
0.85,20,3,0.0,True,24,0.4528301886792453,0.875
0.85,20,3,-0.01,False,24,0.4528301886792453,0.875
0.85,20,3,-0.01,True,24,0.4528301886792453,0.875
0.85,20,3,-0.02,False,24,0.4528301886792453,0.875
0.85,20,3,-0.02,True,24,0.4528301886792453,0.875
0.85,20,3,-0.03,False,24,0.4528301886792453,0.875
0.85,20,3,-0.03,True,24,0.4528301886792453,0.875
0.85,20,3,-0.05,False,24,0.4528301886792453,0.875
0.85,20,3,-0.05,True,24,0.4528301886792453,0.875
0.85,30,3,0.0,False,24,0.4528301886792453,0.875
0.85,30,3,0.0,True,24,0.4528301886792453,0.875
0.85,30,3,-0.01,False,24,0.4528301886792453,0.875
0.85,30,3,-0.01,True,24,0.4528301886792453,0.875
0.85,30,3,-0.02,False,24,0.4528301886792453,0.875
0.85,30,3,-0.02,True,24,0.4528301886792453,0.875
0.85,30,3,-0.03,False,24,0.4528301886792453,0.875
0.85,30,3,-0.03,True,24,0.4528301886792453,0.875
0.85,30,3,-0.05,False,24,0.4528301886792453,0.875
0.85,30,3,-0.05,True,24,0.4528301886792453,0.875
0.85,50,3,0.0,False,24,0.4528301886792453,0.875
0.85,50,3,0.0,True,24,0.4528301886792453,0.875
0.85,50,3,-0.01,False,24,0.4528301886792453,0.875
0.85,50,3,-0.01,True,24,0.4528301886792453,0.875
0.85,50,3,-0.02,False,24,0.4528301886792453,0.875
0.85,50,3,-0.02,True,24,0.4528301886792453,0.875
0.85,50,3,-0.03,False,24,0.4528301886792453,0.875
0.85,50,3,-0.03,True,24,0.4528301886792453,0.875
0.85,50,3,-0.05,False,24,0.4528301886792453,0.875
0.85,50,3,-0.05,True,24,0.4528301886792453,0.875
0.85,75,3,0.0,False,24,0.4528301886792453,0.875
0.85,75,3,0.0,True,24,0.4528301886792453,0.875
0.85,75,3,-0.01,False,24,0.4528301886792453,0.875
0.85,75,3,-0.01,True,24,0.4528301886792453,0.875
0.85,75,3,-0.02,False,24,0.4528301886792453,0.875
0.85,75,3,-0.02,True,24,0.4528301886792453,0.875
0.85,75,3,-0.03,False,24,0.4528301886792453,0.875
0.85,75,3,-0.03,True,24,0.4528301886792453,0.875
0.85,75,3,-0.05,False,24,0.4528301886792453,0.875
0.85,75,3,-0.05,True,24,0.4528301886792453,0.875
0.86,0,3,0.0,False,24,0.4528301886792453,0.875
0.86,0,3,0.0,True,24,0.4528301886792453,0.875
0.86,0,3,-0.01,False,24,0.4528301886792453,0.875
0.86,0,3,-0.01,True,24,0.4528301886792453,0.875
0.86,0,3,-0.02,False,24,0.4528301886792453,0.875
0.86,0,3,-0.02,True,24,0.4528301886792453,0.875
0.86,0,3,-0.03,False,24,0.4528301886792453,0.875
0.86,0,3,-0.03,True,24,0.4528301886792453,0.875
0.86,0,3,-0.05,False,24,0.4528301886792453,0.875
0.86,0,3,-0.05,True,24,0.4528301886792453,0.875
0.86,10,3,0.0,False,24,0.4528301886792453,0.875
0.86,10,3,0.0,True,24,0.4528301886792453,0.875
0.86,10,3,-0.01,False,24,0.4528301886792453,0.875
0.86,10,3,-0.01,True,24,0.4528301886792453,0.875
0.86,10,3,-0.02,False,24,0.4528301886792453,0.875
0.86,10,3,-0.02,True,24,0.4528301886792453,0.875
0.86,10,3,-0.03,False,24,0.4528301886792453,0.875
0.86,10,3,-0.03,True,24,0.4528301886792453,0.875
0.86,10,3,-0.05,False,24,0.4528301886792453,0.875
0.86,10,3,-0.05,True,24,0.4528301886792453,0.875
0.86,20,3,0.0,False,24,0.4528301886792453,0.875
0.86,20,3,0.0,True,24,0.4528301886792453,0.875
0.86,20,3,-0.01,False,24,0.4528301886792453,0.875
0.86,20,3,-0.01,True,24,0.4528301886792453,0.875
0.86,20,3,-0.02,False,24,0.4528301886792453,0.875
0.86,20,3,-0.02,True,24,0.4528301886792453,0.875
0.86,20,3,-0.03,False,24,0.4528301886792453,0.875
0.86,20,3,-0.03,True,24,0.4528301886792453,0.875
0.86,20,3,-0.05,False,24,0.4528301886792453,0.875
0.86,20,3,-0.05,True,24,0.4528301886792453,0.875
0.86,30,3,0.0,False,24,0.4528301886792453,0.875
0.86,30,3,0.0,True,24,0.4528301886792453,0.875
0.86,30,3,-0.01,False,24,0.4528301886792453,0.875
0.86,30,3,-0.01,True,24,0.4528301886792453,0.875
0.86,30,3,-0.02,False,24,0.4528301886792453,0.875
0.86,30,3,-0.02,True,24,0.4528301886792453,0.875
0.86,30,3,-0.03,False,24,0.4528301886792453,0.875
0.86,30,3,-0.03,True,24,0.4528301886792453,0.875
0.86,30,3,-0.05,False,24,0.4528301886792453,0.875
0.86,30,3,-0.05,True,24,0.4528301886792453,0.875
0.86,50,3,0.0,False,24,0.4528301886792453,0.875
0.86,50,3,0.0,True,24,0.4528301886792453,0.875
0.86,50,3,-0.01,False,24,0.4528301886792453,0.875
0.86,50,3,-0.01,True,24,0.4528301886792453,0.875
0.86,50,3,-0.02,False,24,0.4528301886792453,0.875
0.86,50,3,-0.02,True,24,0.4528301886792453,0.875
0.86,50,3,-0.03,False,24,0.4528301886792453,0.875
0.86,50,3,-0.03,True,24,0.4528301886792453,0.875
0.86,50,3,-0.05,False,24,0.4528301886792453,0.875
0.86,50,3,-0.05,True,24,0.4528301886792453,0.875
0.86,75,3,0.0,False,24,0.4528301886792453,0.875
0.86,75,3,0.0,True,24,0.4528301886792453,0.875
0.86,75,3,-0.01,False,24,0.4528301886792453,0.875
0.86,75,3,-0.01,True,24,0.4528301886792453,0.875
0.86,75,3,-0.02,False,24,0.4528301886792453,0.875
0.86,75,3,-0.02,True,24,0.4528301886792453,0.875
0.86,75,3,-0.03,False,24,0.4528301886792453,0.875
0.86,75,3,-0.03,True,24,0.4528301886792453,0.875
0.86,75,3,-0.05,False,24,0.4528301886792453,0.875
0.86,75,3,-0.05,True,24,0.4528301886792453,0.875
0.88,0,0,0.0,False,22,0.41509433962264153,0.8636363636363636
0.88,0,0,0.0,True,22,0.41509433962264153,0.8636363636363636
0.88,0,0,-0.01,False,22,0.41509433962264153,0.8636363636363636
0.88,0,0,-0.01,True,22,0.41509433962264153,0.8636363636363636
0.88,0,0,-0.02,False,22,0.41509433962264153,0.8636363636363636
0.88,0,0,-0.02,True,22,0.41509433962264153,0.8636363636363636
0.88,0,0,-0.03,False,22,0.41509433962264153,0.8636363636363636
0.88,0,0,-0.03,True,22,0.41509433962264153,0.8636363636363636
0.88,0,0,-0.05,False,22,0.41509433962264153,0.8636363636363636
0.88,0,0,-0.05,True,22,0.41509433962264153,0.8636363636363636
0.88,0,1,0.0,False,22,0.41509433962264153,0.8636363636363636
0.88,0,1,0.0,True,22,0.41509433962264153,0.8636363636363636
0.88,0,1,-0.01,False,22,0.41509433962264153,0.8636363636363636
0.88,0,1,-0.01,True,22,0.41509433962264153,0.8636363636363636
0.88,0,1,-0.02,False,22,0.41509433962264153,0.8636363636363636
0.88,0,1,-0.02,True,22,0.41509433962264153,0.8636363636363636
0.88,0,1,-0.03,False,22,0.41509433962264153,0.8636363636363636
0.88,0,1,-0.03,True,22,0.41509433962264153,0.8636363636363636
0.88,0,1,-0.05,False,22,0.41509433962264153,0.8636363636363636
0.88,0,1,-0.05,True,22,0.41509433962264153,0.8636363636363636
0.88,0,2,0.0,False,22,0.41509433962264153,0.8636363636363636
0.88,0,2,0.0,True,22,0.41509433962264153,0.8636363636363636
0.88,0,2,-0.01,False,22,0.41509433962264153,0.8636363636363636
0.88,0,2,-0.01,True,22,0.41509433962264153,0.8636363636363636
0.88,0,2,-0.02,False,22,0.41509433962264153,0.8636363636363636
0.88,0,2,-0.02,True,22,0.41509433962264153,0.8636363636363636
0.88,0,2,-0.03,False,22,0.41509433962264153,0.8636363636363636
0.88,0,2,-0.03,True,22,0.41509433962264153,0.8636363636363636
0.88,0,2,-0.05,False,22,0.41509433962264153,0.8636363636363636
0.88,0,2,-0.05,True,22,0.41509433962264153,0.8636363636363636
0.88,10,0,0.0,False,22,0.41509433962264153,0.8636363636363636
0.88,10,0,0.0,True,22,0.41509433962264153,0.8636363636363636
0.88,10,0,-0.01,False,22,0.41509433962264153,0.8636363636363636
0.88,10,0,-0.01,True,22,0.41509433962264153,0.8636363636363636
0.88,10,0,-0.02,False,22,0.41509433962264153,0.8636363636363636
0.88,10,0,-0.02,True,22,0.41509433962264153,0.8636363636363636
0.88,10,0,-0.03,False,22,0.41509433962264153,0.8636363636363636
0.88,10,0,-0.03,True,22,0.41509433962264153,0.8636363636363636
0.88,10,0,-0.05,False,22,0.41509433962264153,0.8636363636363636
0.88,10,0,-0.05,True,22,0.41509433962264153,0.8636363636363636
0.88,10,1,0.0,False,22,0.41509433962264153,0.8636363636363636
0.88,10,1,0.0,True,22,0.41509433962264153,0.8636363636363636
0.88,10,1,-0.01,False,22,0.41509433962264153,0.8636363636363636
0.88,10,1,-0.01,True,22,0.41509433962264153,0.8636363636363636
0.88,10,1,-0.02,False,22,0.41509433962264153,0.8636363636363636
0.88,10,1,-0.02,True,22,0.41509433962264153,0.8636363636363636
0.88,10,1,-0.03,False,22,0.41509433962264153,0.8636363636363636
0.88,10,1,-0.03,True,22,0.41509433962264153,0.8636363636363636
0.88,10,1,-0.05,False,22,0.41509433962264153,0.8636363636363636
0.88,10,1,-0.05,True,22,0.41509433962264153,0.8636363636363636
0.88,10,2,0.0,False,22,0.41509433962264153,0.8636363636363636
0.88,10,2,0.0,True,22,0.41509433962264153,0.8636363636363636
0.88,10,2,-0.01,False,22,0.41509433962264153,0.8636363636363636
0.88,10,2,-0.01,True,22,0.41509433962264153,0.8636363636363636
0.88,10,2,-0.02,False,22,0.41509433962264153,0.8636363636363636
0.88,10,2,-0.02,True,22,0.41509433962264153,0.8636363636363636
0.88,10,2,-0.03,False,22,0.41509433962264153,0.8636363636363636
0.88,10,2,-0.03,True,22,0.41509433962264153,0.8636363636363636
0.88,10,2,-0.05,False,22,0.41509433962264153,0.8636363636363636
0.88,10,2,-0.05,True,22,0.41509433962264153,0.8636363636363636
0.88,20,0,0.0,False,22,0.41509433962264153,0.8636363636363636
0.88,20,0,0.0,True,22,0.41509433962264153,0.8636363636363636
0.88,20,0,-0.01,False,22,0.41509433962264153,0.8636363636363636
0.88,20,0,-0.01,True,22,0.41509433962264153,0.8636363636363636
0.88,20,0,-0.02,False,22,0.41509433962264153,0.8636363636363636
0.88,20,0,-0.02,True,22,0.41509433962264153,0.8636363636363636
0.88,20,0,-0.03,False,22,0.41509433962264153,0.8636363636363636
0.88,20,0,-0.03,True,22,0.41509433962264153,0.8636363636363636
0.88,20,0,-0.05,False,22,0.41509433962264153,0.8636363636363636
0.88,20,0,-0.05,True,22,0.41509433962264153,0.8636363636363636
0.88,20,1,0.0,False,22,0.41509433962264153,0.8636363636363636
0.88,20,1,0.0,True,22,0.41509433962264153,0.8636363636363636
0.88,20,1,-0.01,False,22,0.41509433962264153,0.8636363636363636
0.88,20,1,-0.01,True,22,0.41509433962264153,0.8636363636363636
0.88,20,1,-0.02,False,22,0.41509433962264153,0.8636363636363636
0.88,20,1,-0.02,True,22,0.41509433962264153,0.8636363636363636
0.88,20,1,-0.03,False,22,0.41509433962264153,0.8636363636363636
0.88,20,1,-0.03,True,22,0.41509433962264153,0.8636363636363636
0.88,20,1,-0.05,False,22,0.41509433962264153,0.8636363636363636
0.88,20,1,-0.05,True,22,0.41509433962264153,0.8636363636363636
0.88,20,2,0.0,False,22,0.41509433962264153,0.8636363636363636
0.88,20,2,0.0,True,22,0.41509433962264153,0.8636363636363636
0.88,20,2,-0.01,False,22,0.41509433962264153,0.8636363636363636
0.88,20,2,-0.01,True,22,0.41509433962264153,0.8636363636363636
0.88,20,2,-0.02,False,22,0.41509433962264153,0.8636363636363636
0.88,20,2,-0.02,True,22,0.41509433962264153,0.8636363636363636
0.88,20,2,-0.03,False,22,0.41509433962264153,0.8636363636363636
0.88,20,2,-0.03,True,22,0.41509433962264153,0.8636363636363636
0.88,20,2,-0.05,False,22,0.41509433962264153,0.8636363636363636
0.88,20,2,-0.05,True,22,0.41509433962264153,0.8636363636363636
0.88,30,0,0.0,False,22,0.41509433962264153,0.8636363636363636
0.88,30,0,0.0,True,22,0.41509433962264153,0.8636363636363636
0.88,30,0,-0.01,False,22,0.41509433962264153,0.8636363636363636
0.88,30,0,-0.01,True,22,0.41509433962264153,0.8636363636363636
0.88,30,0,-0.02,False,22,0.41509433962264153,0.8636363636363636
0.88,30,0,-0.02,True,22,0.41509433962264153,0.8636363636363636
0.88,30,0,-0.03,False,22,0.41509433962264153,0.8636363636363636
0.88,30,0,-0.03,True,22,0.41509433962264153,0.8636363636363636
0.88,30,0,-0.05,False,22,0.41509433962264153,0.8636363636363636
0.88,30,0,-0.05,True,22,0.41509433962264153,0.8636363636363636
0.88,30,1,0.0,False,22,0.41509433962264153,0.8636363636363636
0.88,30,1,0.0,True,22,0.41509433962264153,0.8636363636363636
0.88,30,1,-0.01,False,22,0.41509433962264153,0.8636363636363636
0.88,30,1,-0.01,True,22,0.41509433962264153,0.8636363636363636
0.88,30,1,-0.02,False,22,0.41509433962264153,0.8636363636363636
0.88,30,1,-0.02,True,22,0.41509433962264153,0.8636363636363636
0.88,30,1,-0.03,False,22,0.41509433962264153,0.8636363636363636
0.88,30,1,-0.03,True,22,0.41509433962264153,0.8636363636363636
0.88,30,1,-0.05,False,22,0.41509433962264153,0.8636363636363636
0.88,30,1,-0.05,True,22,0.41509433962264153,0.8636363636363636
0.88,30,2,0.0,False,22,0.41509433962264153,0.8636363636363636
0.88,30,2,0.0,True,22,0.41509433962264153,0.8636363636363636
0.88,30,2,-0.01,False,22,0.41509433962264153,0.8636363636363636
0.88,30,2,-0.01,True,22,0.41509433962264153,0.8636363636363636
0.88,30,2,-0.02,False,22,0.41509433962264153,0.8636363636363636
0.88,30,2,-0.02,True,22,0.41509433962264153,0.8636363636363636
0.88,30,2,-0.03,False,22,0.41509433962264153,0.8636363636363636
0.88,30,2,-0.03,True,22,0.41509433962264153,0.8636363636363636
0.88,30,2,-0.05,False,22,0.41509433962264153,0.8636363636363636
0.88,30,2,-0.05,True,22,0.41509433962264153,0.8636363636363636
0.88,50,0,0.0,False,22,0.41509433962264153,0.8636363636363636
0.88,50,0,0.0,True,22,0.41509433962264153,0.8636363636363636
0.88,50,0,-0.01,False,22,0.41509433962264153,0.8636363636363636
0.88,50,0,-0.01,True,22,0.41509433962264153,0.8636363636363636
0.88,50,0,-0.02,False,22,0.41509433962264153,0.8636363636363636
0.88,50,0,-0.02,True,22,0.41509433962264153,0.8636363636363636
0.88,50,0,-0.03,False,22,0.41509433962264153,0.8636363636363636
0.88,50,0,-0.03,True,22,0.41509433962264153,0.8636363636363636
0.88,50,0,-0.05,False,22,0.41509433962264153,0.8636363636363636
0.88,50,0,-0.05,True,22,0.41509433962264153,0.8636363636363636
0.88,50,1,0.0,False,22,0.41509433962264153,0.8636363636363636
0.88,50,1,0.0,True,22,0.41509433962264153,0.8636363636363636
0.88,50,1,-0.01,False,22,0.41509433962264153,0.8636363636363636
0.88,50,1,-0.01,True,22,0.41509433962264153,0.8636363636363636
0.88,50,1,-0.02,False,22,0.41509433962264153,0.8636363636363636
0.88,50,1,-0.02,True,22,0.41509433962264153,0.8636363636363636
0.88,50,1,-0.03,False,22,0.41509433962264153,0.8636363636363636
0.88,50,1,-0.03,True,22,0.41509433962264153,0.8636363636363636
0.88,50,1,-0.05,False,22,0.41509433962264153,0.8636363636363636
0.88,50,1,-0.05,True,22,0.41509433962264153,0.8636363636363636
0.88,50,2,0.0,False,22,0.41509433962264153,0.8636363636363636
0.88,50,2,0.0,True,22,0.41509433962264153,0.8636363636363636
0.88,50,2,-0.01,False,22,0.41509433962264153,0.8636363636363636
0.88,50,2,-0.01,True,22,0.41509433962264153,0.8636363636363636
0.88,50,2,-0.02,False,22,0.41509433962264153,0.8636363636363636
0.88,50,2,-0.02,True,22,0.41509433962264153,0.8636363636363636
0.88,50,2,-0.03,False,22,0.41509433962264153,0.8636363636363636
0.88,50,2,-0.03,True,22,0.41509433962264153,0.8636363636363636
0.88,50,2,-0.05,False,22,0.41509433962264153,0.8636363636363636
0.88,50,2,-0.05,True,22,0.41509433962264153,0.8636363636363636
0.88,75,0,0.0,False,22,0.41509433962264153,0.8636363636363636
0.88,75,0,0.0,True,22,0.41509433962264153,0.8636363636363636
0.88,75,0,-0.01,False,22,0.41509433962264153,0.8636363636363636
0.88,75,0,-0.01,True,22,0.41509433962264153,0.8636363636363636
0.88,75,0,-0.02,False,22,0.41509433962264153,0.8636363636363636
0.88,75,0,-0.02,True,22,0.41509433962264153,0.8636363636363636
0.88,75,0,-0.03,False,22,0.41509433962264153,0.8636363636363636
0.88,75,0,-0.03,True,22,0.41509433962264153,0.8636363636363636
0.88,75,0,-0.05,False,22,0.41509433962264153,0.8636363636363636
0.88,75,0,-0.05,True,22,0.41509433962264153,0.8636363636363636
0.88,75,1,0.0,False,22,0.41509433962264153,0.8636363636363636
0.88,75,1,0.0,True,22,0.41509433962264153,0.8636363636363636
0.88,75,1,-0.01,False,22,0.41509433962264153,0.8636363636363636
0.88,75,1,-0.01,True,22,0.41509433962264153,0.8636363636363636
0.88,75,1,-0.02,False,22,0.41509433962264153,0.8636363636363636
0.88,75,1,-0.02,True,22,0.41509433962264153,0.8636363636363636
0.88,75,1,-0.03,False,22,0.41509433962264153,0.8636363636363636
0.88,75,1,-0.03,True,22,0.41509433962264153,0.8636363636363636
0.88,75,1,-0.05,False,22,0.41509433962264153,0.8636363636363636
0.88,75,1,-0.05,True,22,0.41509433962264153,0.8636363636363636
0.88,75,2,0.0,False,22,0.41509433962264153,0.8636363636363636
0.88,75,2,0.0,True,22,0.41509433962264153,0.8636363636363636
0.88,75,2,-0.01,False,22,0.41509433962264153,0.8636363636363636
0.88,75,2,-0.01,True,22,0.41509433962264153,0.8636363636363636
0.88,75,2,-0.02,False,22,0.41509433962264153,0.8636363636363636
0.88,75,2,-0.02,True,22,0.41509433962264153,0.8636363636363636
0.88,75,2,-0.03,False,22,0.41509433962264153,0.8636363636363636
0.88,75,2,-0.03,True,22,0.41509433962264153,0.8636363636363636
0.88,75,2,-0.05,False,22,0.41509433962264153,0.8636363636363636
0.88,75,2,-0.05,True,22,0.41509433962264153,0.8636363636363636
0.75,0,3,0.0,False,29,0.5471698113207547,0.8620689655172413
0.75,0,3,0.0,True,29,0.5471698113207547,0.8620689655172413
0.75,0,3,-0.01,False,29,0.5471698113207547,0.8620689655172413
0.75,0,3,-0.01,True,29,0.5471698113207547,0.8620689655172413
0.75,0,3,-0.02,False,29,0.5471698113207547,0.8620689655172413
0.75,0,3,-0.02,True,29,0.5471698113207547,0.8620689655172413
0.75,0,3,-0.03,False,29,0.5471698113207547,0.8620689655172413
0.75,0,3,-0.03,True,29,0.5471698113207547,0.8620689655172413
0.75,0,3,-0.05,True,29,0.5471698113207547,0.8620689655172413
0.75,10,3,0.0,False,29,0.5471698113207547,0.8620689655172413
0.75,10,3,0.0,True,29,0.5471698113207547,0.8620689655172413
0.75,10,3,-0.01,False,29,0.5471698113207547,0.8620689655172413
0.75,10,3,-0.01,True,29,0.5471698113207547,0.8620689655172413
0.75,10,3,-0.02,False,29,0.5471698113207547,0.8620689655172413
0.75,10,3,-0.02,True,29,0.5471698113207547,0.8620689655172413
0.75,10,3,-0.03,False,29,0.5471698113207547,0.8620689655172413
0.75,10,3,-0.03,True,29,0.5471698113207547,0.8620689655172413
0.75,10,3,-0.05,True,29,0.5471698113207547,0.8620689655172413
0.75,20,3,0.0,False,29,0.5471698113207547,0.8620689655172413
0.75,20,3,0.0,True,29,0.5471698113207547,0.8620689655172413
0.75,20,3,-0.01,False,29,0.5471698113207547,0.8620689655172413
0.75,20,3,-0.01,True,29,0.5471698113207547,0.8620689655172413
0.75,20,3,-0.02,False,29,0.5471698113207547,0.8620689655172413
0.75,20,3,-0.02,True,29,0.5471698113207547,0.8620689655172413
0.75,20,3,-0.03,False,29,0.5471698113207547,0.8620689655172413
0.75,20,3,-0.03,True,29,0.5471698113207547,0.8620689655172413
0.75,20,3,-0.05,True,29,0.5471698113207547,0.8620689655172413
0.75,30,3,0.0,False,29,0.5471698113207547,0.8620689655172413
0.75,30,3,0.0,True,29,0.5471698113207547,0.8620689655172413
0.75,30,3,-0.01,False,29,0.5471698113207547,0.8620689655172413
0.75,30,3,-0.01,True,29,0.5471698113207547,0.8620689655172413
0.75,30,3,-0.02,False,29,0.5471698113207547,0.8620689655172413
0.75,30,3,-0.02,True,29,0.5471698113207547,0.8620689655172413
0.75,30,3,-0.03,False,29,0.5471698113207547,0.8620689655172413
0.75,30,3,-0.03,True,29,0.5471698113207547,0.8620689655172413
0.75,30,3,-0.05,True,29,0.5471698113207547,0.8620689655172413
0.75,50,0,0.0,False,29,0.5471698113207547,0.8620689655172413
0.75,50,0,0.0,True,29,0.5471698113207547,0.8620689655172413
0.75,50,0,-0.01,False,29,0.5471698113207547,0.8620689655172413
0.75,50,0,-0.01,True,29,0.5471698113207547,0.8620689655172413
0.75,50,0,-0.02,False,29,0.5471698113207547,0.8620689655172413
0.75,50,0,-0.02,True,29,0.5471698113207547,0.8620689655172413
0.75,50,0,-0.03,False,29,0.5471698113207547,0.8620689655172413
0.75,50,0,-0.03,True,29,0.5471698113207547,0.8620689655172413
0.75,50,0,-0.05,False,29,0.5471698113207547,0.8620689655172413
0.75,50,0,-0.05,True,29,0.5471698113207547,0.8620689655172413
0.75,50,1,0.0,False,28,0.5283018867924528,0.8571428571428571
0.75,50,1,0.0,True,28,0.5283018867924528,0.8571428571428571
0.75,50,1,-0.01,False,28,0.5283018867924528,0.8571428571428571
0.75,50,1,-0.01,True,28,0.5283018867924528,0.8571428571428571
0.75,50,1,-0.02,False,28,0.5283018867924528,0.8571428571428571
0.75,50,1,-0.02,True,28,0.5283018867924528,0.8571428571428571
0.75,50,1,-0.03,False,28,0.5283018867924528,0.8571428571428571
0.75,50,1,-0.03,True,28,0.5283018867924528,0.8571428571428571
0.75,50,1,-0.05,False,28,0.5283018867924528,0.8571428571428571
0.75,50,1,-0.05,True,28,0.5283018867924528,0.8571428571428571
0.75,50,2,0.0,False,28,0.5283018867924528,0.8571428571428571
0.75,50,2,0.0,True,28,0.5283018867924528,0.8571428571428571
0.75,50,2,-0.01,False,28,0.5283018867924528,0.8571428571428571
0.75,50,2,-0.01,True,28,0.5283018867924528,0.8571428571428571
0.75,50,2,-0.02,False,28,0.5283018867924528,0.8571428571428571
0.75,50,2,-0.02,True,28,0.5283018867924528,0.8571428571428571
0.75,50,2,-0.03,False,28,0.5283018867924528,0.8571428571428571
0.75,50,2,-0.03,True,28,0.5283018867924528,0.8571428571428571
0.75,50,2,-0.05,False,28,0.5283018867924528,0.8571428571428571
0.75,50,2,-0.05,True,28,0.5283018867924528,0.8571428571428571
0.75,50,3,-0.05,False,28,0.5283018867924528,0.8571428571428571
0.75,75,0,0.0,False,28,0.5283018867924528,0.8571428571428571
0.75,75,0,0.0,True,28,0.5283018867924528,0.8571428571428571
0.75,75,0,-0.01,False,28,0.5283018867924528,0.8571428571428571
0.75,75,0,-0.01,True,28,0.5283018867924528,0.8571428571428571
0.75,75,0,-0.02,False,28,0.5283018867924528,0.8571428571428571
0.75,75,0,-0.02,True,28,0.5283018867924528,0.8571428571428571
0.75,75,0,-0.03,False,28,0.5283018867924528,0.8571428571428571
0.75,75,0,-0.03,True,28,0.5283018867924528,0.8571428571428571
0.75,75,0,-0.05,False,28,0.5283018867924528,0.8571428571428571
0.75,75,0,-0.05,True,28,0.5283018867924528,0.8571428571428571
0.78,0,0,0.0,False,28,0.5283018867924528,0.8571428571428571
0.78,0,0,0.0,True,28,0.5283018867924528,0.8571428571428571
0.78,0,0,-0.01,False,28,0.5283018867924528,0.8571428571428571
0.78,0,0,-0.01,True,28,0.5283018867924528,0.8571428571428571
0.78,0,0,-0.02,False,28,0.5283018867924528,0.8571428571428571
0.78,0,0,-0.02,True,28,0.5283018867924528,0.8571428571428571
0.78,0,0,-0.03,False,28,0.5283018867924528,0.8571428571428571
0.78,0,0,-0.03,True,28,0.5283018867924528,0.8571428571428571
0.78,0,0,-0.05,False,28,0.5283018867924528,0.8571428571428571
0.78,0,0,-0.05,True,28,0.5283018867924528,0.8571428571428571
0.78,10,0,0.0,False,28,0.5283018867924528,0.8571428571428571
0.78,10,0,0.0,True,28,0.5283018867924528,0.8571428571428571
0.78,10,0,-0.01,False,28,0.5283018867924528,0.8571428571428571
0.78,10,0,-0.01,True,28,0.5283018867924528,0.8571428571428571
0.78,10,0,-0.02,False,28,0.5283018867924528,0.8571428571428571
0.78,10,0,-0.02,True,28,0.5283018867924528,0.8571428571428571
0.78,10,0,-0.03,False,28,0.5283018867924528,0.8571428571428571
0.78,10,0,-0.03,True,28,0.5283018867924528,0.8571428571428571
0.78,10,0,-0.05,False,28,0.5283018867924528,0.8571428571428571
0.78,10,0,-0.05,True,28,0.5283018867924528,0.8571428571428571
0.78,20,0,0.0,False,28,0.5283018867924528,0.8571428571428571
0.78,20,0,0.0,True,28,0.5283018867924528,0.8571428571428571
0.78,20,0,-0.01,False,28,0.5283018867924528,0.8571428571428571
0.78,20,0,-0.01,True,28,0.5283018867924528,0.8571428571428571
0.78,20,0,-0.02,False,28,0.5283018867924528,0.8571428571428571
0.78,20,0,-0.02,True,28,0.5283018867924528,0.8571428571428571
0.78,20,0,-0.03,False,28,0.5283018867924528,0.8571428571428571
0.78,20,0,-0.03,True,28,0.5283018867924528,0.8571428571428571
0.78,20,0,-0.05,False,28,0.5283018867924528,0.8571428571428571
0.78,20,0,-0.05,True,28,0.5283018867924528,0.8571428571428571
0.78,30,0,0.0,False,28,0.5283018867924528,0.8571428571428571
0.78,30,0,0.0,True,28,0.5283018867924528,0.8571428571428571
0.78,30,0,-0.01,False,28,0.5283018867924528,0.8571428571428571
0.78,30,0,-0.01,True,28,0.5283018867924528,0.8571428571428571
0.78,30,0,-0.02,False,28,0.5283018867924528,0.8571428571428571
0.78,30,0,-0.02,True,28,0.5283018867924528,0.8571428571428571
0.78,30,0,-0.03,False,28,0.5283018867924528,0.8571428571428571
0.78,30,0,-0.03,True,28,0.5283018867924528,0.8571428571428571
0.78,30,0,-0.05,False,28,0.5283018867924528,0.8571428571428571
0.78,30,0,-0.05,True,28,0.5283018867924528,0.8571428571428571
0.8,0,0,0.0,False,28,0.5283018867924528,0.8571428571428571
0.8,0,0,0.0,True,28,0.5283018867924528,0.8571428571428571
0.8,0,0,-0.01,False,28,0.5283018867924528,0.8571428571428571
0.8,0,0,-0.01,True,28,0.5283018867924528,0.8571428571428571
0.8,0,0,-0.02,False,28,0.5283018867924528,0.8571428571428571
0.8,0,0,-0.02,True,28,0.5283018867924528,0.8571428571428571
0.8,0,0,-0.03,False,28,0.5283018867924528,0.8571428571428571
0.8,0,0,-0.03,True,28,0.5283018867924528,0.8571428571428571
0.8,0,0,-0.05,False,28,0.5283018867924528,0.8571428571428571
0.8,0,0,-0.05,True,28,0.5283018867924528,0.8571428571428571
0.8,10,0,0.0,False,28,0.5283018867924528,0.8571428571428571
0.8,10,0,0.0,True,28,0.5283018867924528,0.8571428571428571
0.8,10,0,-0.01,False,28,0.5283018867924528,0.8571428571428571
0.8,10,0,-0.01,True,28,0.5283018867924528,0.8571428571428571
0.8,10,0,-0.02,False,28,0.5283018867924528,0.8571428571428571
0.8,10,0,-0.02,True,28,0.5283018867924528,0.8571428571428571
0.8,10,0,-0.03,False,28,0.5283018867924528,0.8571428571428571
0.8,10,0,-0.03,True,28,0.5283018867924528,0.8571428571428571
0.8,10,0,-0.05,False,28,0.5283018867924528,0.8571428571428571
0.8,10,0,-0.05,True,28,0.5283018867924528,0.8571428571428571
0.8,20,0,0.0,False,28,0.5283018867924528,0.8571428571428571
0.8,20,0,0.0,True,28,0.5283018867924528,0.8571428571428571
0.8,20,0,-0.01,False,28,0.5283018867924528,0.8571428571428571
0.8,20,0,-0.01,True,28,0.5283018867924528,0.8571428571428571
0.8,20,0,-0.02,False,28,0.5283018867924528,0.8571428571428571
0.8,20,0,-0.02,True,28,0.5283018867924528,0.8571428571428571
0.8,20,0,-0.03,False,28,0.5283018867924528,0.8571428571428571
0.8,20,0,-0.03,True,28,0.5283018867924528,0.8571428571428571
0.8,20,0,-0.05,False,28,0.5283018867924528,0.8571428571428571
0.8,20,0,-0.05,True,28,0.5283018867924528,0.8571428571428571
0.8,30,0,0.0,False,28,0.5283018867924528,0.8571428571428571
0.8,30,0,0.0,True,28,0.5283018867924528,0.8571428571428571
0.8,30,0,-0.01,False,28,0.5283018867924528,0.8571428571428571
0.8,30,0,-0.01,True,28,0.5283018867924528,0.8571428571428571
0.8,30,0,-0.02,False,28,0.5283018867924528,0.8571428571428571
0.8,30,0,-0.02,True,28,0.5283018867924528,0.8571428571428571
0.8,30,0,-0.03,False,28,0.5283018867924528,0.8571428571428571
0.8,30,0,-0.03,True,28,0.5283018867924528,0.8571428571428571
0.8,30,0,-0.05,False,28,0.5283018867924528,0.8571428571428571
0.8,30,0,-0.05,True,28,0.5283018867924528,0.8571428571428571
0.75,75,1,0.0,False,27,0.5094339622641509,0.8518518518518519
0.75,75,1,0.0,True,27,0.5094339622641509,0.8518518518518519
0.75,75,1,-0.01,False,27,0.5094339622641509,0.8518518518518519
0.75,75,1,-0.01,True,27,0.5094339622641509,0.8518518518518519
0.75,75,1,-0.02,False,27,0.5094339622641509,0.8518518518518519
0.75,75,1,-0.02,True,27,0.5094339622641509,0.8518518518518519
0.75,75,1,-0.03,False,27,0.5094339622641509,0.8518518518518519
0.75,75,1,-0.03,True,27,0.5094339622641509,0.8518518518518519
0.75,75,1,-0.05,False,27,0.5094339622641509,0.8518518518518519
0.75,75,1,-0.05,True,27,0.5094339622641509,0.8518518518518519
0.75,75,2,0.0,False,27,0.5094339622641509,0.8518518518518519
0.75,75,2,0.0,True,27,0.5094339622641509,0.8518518518518519
0.75,75,2,-0.01,False,27,0.5094339622641509,0.8518518518518519
0.75,75,2,-0.01,True,27,0.5094339622641509,0.8518518518518519
0.75,75,2,-0.02,False,27,0.5094339622641509,0.8518518518518519
0.75,75,2,-0.02,True,27,0.5094339622641509,0.8518518518518519
0.75,75,2,-0.03,False,27,0.5094339622641509,0.8518518518518519
0.75,75,2,-0.03,True,27,0.5094339622641509,0.8518518518518519
0.75,75,2,-0.05,False,27,0.5094339622641509,0.8518518518518519
0.75,75,2,-0.05,True,27,0.5094339622641509,0.8518518518518519
0.75,75,3,-0.05,False,27,0.5094339622641509,0.8518518518518519
0.78,0,1,0.0,False,27,0.5094339622641509,0.8518518518518519
0.78,0,1,0.0,True,27,0.5094339622641509,0.8518518518518519
0.78,0,1,-0.01,False,27,0.5094339622641509,0.8518518518518519
0.78,0,1,-0.01,True,27,0.5094339622641509,0.8518518518518519
0.78,0,1,-0.02,False,27,0.5094339622641509,0.8518518518518519
0.78,0,1,-0.02,True,27,0.5094339622641509,0.8518518518518519
0.78,0,1,-0.03,False,27,0.5094339622641509,0.8518518518518519
0.78,0,1,-0.03,True,27,0.5094339622641509,0.8518518518518519
0.78,0,1,-0.05,False,27,0.5094339622641509,0.8518518518518519
0.78,0,1,-0.05,True,27,0.5094339622641509,0.8518518518518519
0.78,0,2,0.0,False,27,0.5094339622641509,0.8518518518518519
0.78,0,2,0.0,True,27,0.5094339622641509,0.8518518518518519
0.78,0,2,-0.01,False,27,0.5094339622641509,0.8518518518518519
0.78,0,2,-0.01,True,27,0.5094339622641509,0.8518518518518519
0.78,0,2,-0.02,False,27,0.5094339622641509,0.8518518518518519
0.78,0,2,-0.02,True,27,0.5094339622641509,0.8518518518518519
0.78,0,2,-0.03,False,27,0.5094339622641509,0.8518518518518519
0.78,0,2,-0.03,True,27,0.5094339622641509,0.8518518518518519
0.78,0,2,-0.05,False,27,0.5094339622641509,0.8518518518518519
0.78,0,2,-0.05,True,27,0.5094339622641509,0.8518518518518519
0.78,0,3,-0.05,False,27,0.5094339622641509,0.8518518518518519
0.78,10,1,0.0,False,27,0.5094339622641509,0.8518518518518519
0.78,10,1,0.0,True,27,0.5094339622641509,0.8518518518518519
0.78,10,1,-0.01,False,27,0.5094339622641509,0.8518518518518519
0.78,10,1,-0.01,True,27,0.5094339622641509,0.8518518518518519
0.78,10,1,-0.02,False,27,0.5094339622641509,0.8518518518518519
0.78,10,1,-0.02,True,27,0.5094339622641509,0.8518518518518519
0.78,10,1,-0.03,False,27,0.5094339622641509,0.8518518518518519
0.78,10,1,-0.03,True,27,0.5094339622641509,0.8518518518518519
0.78,10,1,-0.05,False,27,0.5094339622641509,0.8518518518518519
0.78,10,1,-0.05,True,27,0.5094339622641509,0.8518518518518519
0.78,10,2,0.0,False,27,0.5094339622641509,0.8518518518518519
0.78,10,2,0.0,True,27,0.5094339622641509,0.8518518518518519
0.78,10,2,-0.01,False,27,0.5094339622641509,0.8518518518518519
0.78,10,2,-0.01,True,27,0.5094339622641509,0.8518518518518519
0.78,10,2,-0.02,False,27,0.5094339622641509,0.8518518518518519
0.78,10,2,-0.02,True,27,0.5094339622641509,0.8518518518518519
0.78,10,2,-0.03,False,27,0.5094339622641509,0.8518518518518519
0.78,10,2,-0.03,True,27,0.5094339622641509,0.8518518518518519
0.78,10,2,-0.05,False,27,0.5094339622641509,0.8518518518518519
0.78,10,2,-0.05,True,27,0.5094339622641509,0.8518518518518519
0.78,10,3,-0.05,False,27,0.5094339622641509,0.8518518518518519
0.78,20,1,0.0,False,27,0.5094339622641509,0.8518518518518519
0.78,20,1,0.0,True,27,0.5094339622641509,0.8518518518518519
0.78,20,1,-0.01,False,27,0.5094339622641509,0.8518518518518519
0.78,20,1,-0.01,True,27,0.5094339622641509,0.8518518518518519
0.78,20,1,-0.02,False,27,0.5094339622641509,0.8518518518518519
0.78,20,1,-0.02,True,27,0.5094339622641509,0.8518518518518519
0.78,20,1,-0.03,False,27,0.5094339622641509,0.8518518518518519
0.78,20,1,-0.03,True,27,0.5094339622641509,0.8518518518518519
0.78,20,1,-0.05,False,27,0.5094339622641509,0.8518518518518519
0.78,20,1,-0.05,True,27,0.5094339622641509,0.8518518518518519
0.78,20,2,0.0,False,27,0.5094339622641509,0.8518518518518519
0.78,20,2,0.0,True,27,0.5094339622641509,0.8518518518518519
0.78,20,2,-0.01,False,27,0.5094339622641509,0.8518518518518519
0.78,20,2,-0.01,True,27,0.5094339622641509,0.8518518518518519
0.78,20,2,-0.02,False,27,0.5094339622641509,0.8518518518518519
0.78,20,2,-0.02,True,27,0.5094339622641509,0.8518518518518519
0.78,20,2,-0.03,False,27,0.5094339622641509,0.8518518518518519
0.78,20,2,-0.03,True,27,0.5094339622641509,0.8518518518518519
0.78,20,2,-0.05,False,27,0.5094339622641509,0.8518518518518519
0.78,20,2,-0.05,True,27,0.5094339622641509,0.8518518518518519
0.78,20,3,-0.05,False,27,0.5094339622641509,0.8518518518518519
0.78,30,1,0.0,False,27,0.5094339622641509,0.8518518518518519
0.78,30,1,0.0,True,27,0.5094339622641509,0.8518518518518519
0.78,30,1,-0.01,False,27,0.5094339622641509,0.8518518518518519
0.78,30,1,-0.01,True,27,0.5094339622641509,0.8518518518518519
0.78,30,1,-0.02,False,27,0.5094339622641509,0.8518518518518519
0.78,30,1,-0.02,True,27,0.5094339622641509,0.8518518518518519
0.78,30,1,-0.03,False,27,0.5094339622641509,0.8518518518518519
0.78,30,1,-0.03,True,27,0.5094339622641509,0.8518518518518519
0.78,30,1,-0.05,False,27,0.5094339622641509,0.8518518518518519
0.78,30,1,-0.05,True,27,0.5094339622641509,0.8518518518518519
0.78,30,2,0.0,False,27,0.5094339622641509,0.8518518518518519
0.78,30,2,0.0,True,27,0.5094339622641509,0.8518518518518519
0.78,30,2,-0.01,False,27,0.5094339622641509,0.8518518518518519
0.78,30,2,-0.01,True,27,0.5094339622641509,0.8518518518518519
0.78,30,2,-0.02,False,27,0.5094339622641509,0.8518518518518519
0.78,30,2,-0.02,True,27,0.5094339622641509,0.8518518518518519
0.78,30,2,-0.03,False,27,0.5094339622641509,0.8518518518518519
0.78,30,2,-0.03,True,27,0.5094339622641509,0.8518518518518519
0.78,30,2,-0.05,False,27,0.5094339622641509,0.8518518518518519
0.78,30,2,-0.05,True,27,0.5094339622641509,0.8518518518518519
0.78,30,3,-0.05,False,27,0.5094339622641509,0.8518518518518519
0.78,50,0,0.0,False,27,0.5094339622641509,0.8518518518518519
0.78,50,0,0.0,True,27,0.5094339622641509,0.8518518518518519
0.78,50,0,-0.01,False,27,0.5094339622641509,0.8518518518518519
0.78,50,0,-0.01,True,27,0.5094339622641509,0.8518518518518519
0.78,50,0,-0.02,False,27,0.5094339622641509,0.8518518518518519
0.78,50,0,-0.02,True,27,0.5094339622641509,0.8518518518518519
0.78,50,0,-0.03,False,27,0.5094339622641509,0.8518518518518519
0.78,50,0,-0.03,True,27,0.5094339622641509,0.8518518518518519
0.78,50,0,-0.05,False,27,0.5094339622641509,0.8518518518518519
0.78,50,0,-0.05,True,27,0.5094339622641509,0.8518518518518519
0.78,75,0,0.0,False,27,0.5094339622641509,0.8518518518518519
0.78,75,0,0.0,True,27,0.5094339622641509,0.8518518518518519
0.78,75,0,-0.01,False,27,0.5094339622641509,0.8518518518518519
0.78,75,0,-0.01,True,27,0.5094339622641509,0.8518518518518519
0.78,75,0,-0.02,False,27,0.5094339622641509,0.8518518518518519
0.78,75,0,-0.02,True,27,0.5094339622641509,0.8518518518518519
0.78,75,0,-0.03,False,27,0.5094339622641509,0.8518518518518519
0.78,75,0,-0.03,True,27,0.5094339622641509,0.8518518518518519
0.78,75,0,-0.05,False,27,0.5094339622641509,0.8518518518518519
0.78,75,0,-0.05,True,27,0.5094339622641509,0.8518518518518519
0.8,0,1,0.0,False,27,0.5094339622641509,0.8518518518518519
0.8,0,1,0.0,True,27,0.5094339622641509,0.8518518518518519
0.8,0,1,-0.01,False,27,0.5094339622641509,0.8518518518518519
0.8,0,1,-0.01,True,27,0.5094339622641509,0.8518518518518519
0.8,0,1,-0.02,False,27,0.5094339622641509,0.8518518518518519
0.8,0,1,-0.02,True,27,0.5094339622641509,0.8518518518518519
0.8,0,1,-0.03,False,27,0.5094339622641509,0.8518518518518519
0.8,0,1,-0.03,True,27,0.5094339622641509,0.8518518518518519
0.8,0,1,-0.05,False,27,0.5094339622641509,0.8518518518518519
0.8,0,1,-0.05,True,27,0.5094339622641509,0.8518518518518519
0.8,0,2,0.0,False,27,0.5094339622641509,0.8518518518518519
0.8,0,2,0.0,True,27,0.5094339622641509,0.8518518518518519
0.8,0,2,-0.01,False,27,0.5094339622641509,0.8518518518518519
0.8,0,2,-0.01,True,27,0.5094339622641509,0.8518518518518519
0.8,0,2,-0.02,False,27,0.5094339622641509,0.8518518518518519
0.8,0,2,-0.02,True,27,0.5094339622641509,0.8518518518518519
0.8,0,2,-0.03,False,27,0.5094339622641509,0.8518518518518519
0.8,0,2,-0.03,True,27,0.5094339622641509,0.8518518518518519
0.8,0,2,-0.05,False,27,0.5094339622641509,0.8518518518518519
0.8,0,2,-0.05,True,27,0.5094339622641509,0.8518518518518519
0.8,0,3,-0.05,False,27,0.5094339622641509,0.8518518518518519
0.8,10,1,0.0,False,27,0.5094339622641509,0.8518518518518519
0.8,10,1,0.0,True,27,0.5094339622641509,0.8518518518518519
0.8,10,1,-0.01,False,27,0.5094339622641509,0.8518518518518519
0.8,10,1,-0.01,True,27,0.5094339622641509,0.8518518518518519
0.8,10,1,-0.02,False,27,0.5094339622641509,0.8518518518518519
0.8,10,1,-0.02,True,27,0.5094339622641509,0.8518518518518519
0.8,10,1,-0.03,False,27,0.5094339622641509,0.8518518518518519
0.8,10,1,-0.03,True,27,0.5094339622641509,0.8518518518518519
0.8,10,1,-0.05,False,27,0.5094339622641509,0.8518518518518519
0.8,10,1,-0.05,True,27,0.5094339622641509,0.8518518518518519
0.8,10,2,0.0,False,27,0.5094339622641509,0.8518518518518519
0.8,10,2,0.0,True,27,0.5094339622641509,0.8518518518518519
0.8,10,2,-0.01,False,27,0.5094339622641509,0.8518518518518519
0.8,10,2,-0.01,True,27,0.5094339622641509,0.8518518518518519
0.8,10,2,-0.02,False,27,0.5094339622641509,0.8518518518518519
0.8,10,2,-0.02,True,27,0.5094339622641509,0.8518518518518519
0.8,10,2,-0.03,False,27,0.5094339622641509,0.8518518518518519
0.8,10,2,-0.03,True,27,0.5094339622641509,0.8518518518518519
0.8,10,2,-0.05,False,27,0.5094339622641509,0.8518518518518519
0.8,10,2,-0.05,True,27,0.5094339622641509,0.8518518518518519
0.8,10,3,-0.05,False,27,0.5094339622641509,0.8518518518518519
0.8,20,1,0.0,False,27,0.5094339622641509,0.8518518518518519
0.8,20,1,0.0,True,27,0.5094339622641509,0.8518518518518519
0.8,20,1,-0.01,False,27,0.5094339622641509,0.8518518518518519
0.8,20,1,-0.01,True,27,0.5094339622641509,0.8518518518518519
0.8,20,1,-0.02,False,27,0.5094339622641509,0.8518518518518519
0.8,20,1,-0.02,True,27,0.5094339622641509,0.8518518518518519
0.8,20,1,-0.03,False,27,0.5094339622641509,0.8518518518518519
0.8,20,1,-0.03,True,27,0.5094339622641509,0.8518518518518519
0.8,20,1,-0.05,False,27,0.5094339622641509,0.8518518518518519
0.8,20,1,-0.05,True,27,0.5094339622641509,0.8518518518518519
0.8,20,2,0.0,False,27,0.5094339622641509,0.8518518518518519
0.8,20,2,0.0,True,27,0.5094339622641509,0.8518518518518519
0.8,20,2,-0.01,False,27,0.5094339622641509,0.8518518518518519
0.8,20,2,-0.01,True,27,0.5094339622641509,0.8518518518518519
0.8,20,2,-0.02,False,27,0.5094339622641509,0.8518518518518519
0.8,20,2,-0.02,True,27,0.5094339622641509,0.8518518518518519
0.8,20,2,-0.03,False,27,0.5094339622641509,0.8518518518518519
0.8,20,2,-0.03,True,27,0.5094339622641509,0.8518518518518519
0.8,20,2,-0.05,False,27,0.5094339622641509,0.8518518518518519
0.8,20,2,-0.05,True,27,0.5094339622641509,0.8518518518518519
0.8,20,3,-0.05,False,27,0.5094339622641509,0.8518518518518519
0.8,30,1,0.0,False,27,0.5094339622641509,0.8518518518518519
0.8,30,1,0.0,True,27,0.5094339622641509,0.8518518518518519
0.8,30,1,-0.01,False,27,0.5094339622641509,0.8518518518518519
0.8,30,1,-0.01,True,27,0.5094339622641509,0.8518518518518519
0.8,30,1,-0.02,False,27,0.5094339622641509,0.8518518518518519
0.8,30,1,-0.02,True,27,0.5094339622641509,0.8518518518518519
0.8,30,1,-0.03,False,27,0.5094339622641509,0.8518518518518519
0.8,30,1,-0.03,True,27,0.5094339622641509,0.8518518518518519
0.8,30,1,-0.05,False,27,0.5094339622641509,0.8518518518518519
0.8,30,1,-0.05,True,27,0.5094339622641509,0.8518518518518519
0.8,30,2,0.0,False,27,0.5094339622641509,0.8518518518518519
0.8,30,2,0.0,True,27,0.5094339622641509,0.8518518518518519
0.8,30,2,-0.01,False,27,0.5094339622641509,0.8518518518518519
0.8,30,2,-0.01,True,27,0.5094339622641509,0.8518518518518519
0.8,30,2,-0.02,False,27,0.5094339622641509,0.8518518518518519
0.8,30,2,-0.02,True,27,0.5094339622641509,0.8518518518518519
0.8,30,2,-0.03,False,27,0.5094339622641509,0.8518518518518519
0.8,30,2,-0.03,True,27,0.5094339622641509,0.8518518518518519
0.8,30,2,-0.05,False,27,0.5094339622641509,0.8518518518518519
0.8,30,2,-0.05,True,27,0.5094339622641509,0.8518518518518519
0.8,30,3,-0.05,False,27,0.5094339622641509,0.8518518518518519
0.8,50,0,0.0,False,27,0.5094339622641509,0.8518518518518519
0.8,50,0,0.0,True,27,0.5094339622641509,0.8518518518518519
0.8,50,0,-0.01,False,27,0.5094339622641509,0.8518518518518519
0.8,50,0,-0.01,True,27,0.5094339622641509,0.8518518518518519
0.8,50,0,-0.02,False,27,0.5094339622641509,0.8518518518518519
0.8,50,0,-0.02,True,27,0.5094339622641509,0.8518518518518519
0.8,50,0,-0.03,False,27,0.5094339622641509,0.8518518518518519
0.8,50,0,-0.03,True,27,0.5094339622641509,0.8518518518518519
0.8,50,0,-0.05,False,27,0.5094339622641509,0.8518518518518519
0.8,50,0,-0.05,True,27,0.5094339622641509,0.8518518518518519
0.8,75,0,0.0,False,27,0.5094339622641509,0.8518518518518519
0.8,75,0,0.0,True,27,0.5094339622641509,0.8518518518518519
0.8,75,0,-0.01,False,27,0.5094339622641509,0.8518518518518519
0.8,75,0,-0.01,True,27,0.5094339622641509,0.8518518518518519
0.8,75,0,-0.02,False,27,0.5094339622641509,0.8518518518518519
0.8,75,0,-0.02,True,27,0.5094339622641509,0.8518518518518519
0.8,75,0,-0.03,False,27,0.5094339622641509,0.8518518518518519
0.8,75,0,-0.03,True,27,0.5094339622641509,0.8518518518518519
0.8,75,0,-0.05,False,27,0.5094339622641509,0.8518518518518519
0.8,75,0,-0.05,True,27,0.5094339622641509,0.8518518518518519
0.78,50,1,0.0,False,26,0.49056603773584906,0.8461538461538461
0.78,50,1,0.0,True,26,0.49056603773584906,0.8461538461538461
0.78,50,1,-0.01,False,26,0.49056603773584906,0.8461538461538461
0.78,50,1,-0.01,True,26,0.49056603773584906,0.8461538461538461
0.78,50,1,-0.02,False,26,0.49056603773584906,0.8461538461538461
0.78,50,1,-0.02,True,26,0.49056603773584906,0.8461538461538461
0.78,50,1,-0.03,False,26,0.49056603773584906,0.8461538461538461
0.78,50,1,-0.03,True,26,0.49056603773584906,0.8461538461538461
0.78,50,1,-0.05,False,26,0.49056603773584906,0.8461538461538461
0.78,50,1,-0.05,True,26,0.49056603773584906,0.8461538461538461
0.78,50,2,0.0,False,26,0.49056603773584906,0.8461538461538461
0.78,50,2,0.0,True,26,0.49056603773584906,0.8461538461538461
0.78,50,2,-0.01,False,26,0.49056603773584906,0.8461538461538461
0.78,50,2,-0.01,True,26,0.49056603773584906,0.8461538461538461
0.78,50,2,-0.02,False,26,0.49056603773584906,0.8461538461538461
0.78,50,2,-0.02,True,26,0.49056603773584906,0.8461538461538461
0.78,50,2,-0.03,False,26,0.49056603773584906,0.8461538461538461
0.78,50,2,-0.03,True,26,0.49056603773584906,0.8461538461538461
0.78,50,2,-0.05,False,26,0.49056603773584906,0.8461538461538461
0.78,50,2,-0.05,True,26,0.49056603773584906,0.8461538461538461
0.78,50,3,-0.05,False,26,0.49056603773584906,0.8461538461538461
0.78,75,1,0.0,False,26,0.49056603773584906,0.8461538461538461
0.78,75,1,0.0,True,26,0.49056603773584906,0.8461538461538461
0.78,75,1,-0.01,False,26,0.49056603773584906,0.8461538461538461
0.78,75,1,-0.01,True,26,0.49056603773584906,0.8461538461538461
0.78,75,1,-0.02,False,26,0.49056603773584906,0.8461538461538461
0.78,75,1,-0.02,True,26,0.49056603773584906,0.8461538461538461
0.78,75,1,-0.03,False,26,0.49056603773584906,0.8461538461538461
0.78,75,1,-0.03,True,26,0.49056603773584906,0.8461538461538461
0.78,75,1,-0.05,False,26,0.49056603773584906,0.8461538461538461
0.78,75,1,-0.05,True,26,0.49056603773584906,0.8461538461538461
0.78,75,2,0.0,False,26,0.49056603773584906,0.8461538461538461
0.78,75,2,0.0,True,26,0.49056603773584906,0.8461538461538461
0.78,75,2,-0.01,False,26,0.49056603773584906,0.8461538461538461
0.78,75,2,-0.01,True,26,0.49056603773584906,0.8461538461538461
0.78,75,2,-0.02,False,26,0.49056603773584906,0.8461538461538461
0.78,75,2,-0.02,True,26,0.49056603773584906,0.8461538461538461
0.78,75,2,-0.03,False,26,0.49056603773584906,0.8461538461538461
0.78,75,2,-0.03,True,26,0.49056603773584906,0.8461538461538461
0.78,75,2,-0.05,False,26,0.49056603773584906,0.8461538461538461
0.78,75,2,-0.05,True,26,0.49056603773584906,0.8461538461538461
0.78,75,3,-0.05,False,26,0.49056603773584906,0.8461538461538461
0.8,50,1,0.0,False,26,0.49056603773584906,0.8461538461538461
0.8,50,1,0.0,True,26,0.49056603773584906,0.8461538461538461
0.8,50,1,-0.01,False,26,0.49056603773584906,0.8461538461538461
0.8,50,1,-0.01,True,26,0.49056603773584906,0.8461538461538461
0.8,50,1,-0.02,False,26,0.49056603773584906,0.8461538461538461
0.8,50,1,-0.02,True,26,0.49056603773584906,0.8461538461538461
0.8,50,1,-0.03,False,26,0.49056603773584906,0.8461538461538461
0.8,50,1,-0.03,True,26,0.49056603773584906,0.8461538461538461
0.8,50,1,-0.05,False,26,0.49056603773584906,0.8461538461538461
0.8,50,1,-0.05,True,26,0.49056603773584906,0.8461538461538461
0.8,50,2,0.0,False,26,0.49056603773584906,0.8461538461538461
0.8,50,2,0.0,True,26,0.49056603773584906,0.8461538461538461
0.8,50,2,-0.01,False,26,0.49056603773584906,0.8461538461538461
0.8,50,2,-0.01,True,26,0.49056603773584906,0.8461538461538461
0.8,50,2,-0.02,False,26,0.49056603773584906,0.8461538461538461
0.8,50,2,-0.02,True,26,0.49056603773584906,0.8461538461538461
0.8,50,2,-0.03,False,26,0.49056603773584906,0.8461538461538461
0.8,50,2,-0.03,True,26,0.49056603773584906,0.8461538461538461
0.8,50,2,-0.05,False,26,0.49056603773584906,0.8461538461538461
0.8,50,2,-0.05,True,26,0.49056603773584906,0.8461538461538461
0.8,50,3,-0.05,False,26,0.49056603773584906,0.8461538461538461
0.8,75,1,0.0,False,26,0.49056603773584906,0.8461538461538461
0.8,75,1,0.0,True,26,0.49056603773584906,0.8461538461538461
0.8,75,1,-0.01,False,26,0.49056603773584906,0.8461538461538461
0.8,75,1,-0.01,True,26,0.49056603773584906,0.8461538461538461
0.8,75,1,-0.02,False,26,0.49056603773584906,0.8461538461538461
0.8,75,1,-0.02,True,26,0.49056603773584906,0.8461538461538461
0.8,75,1,-0.03,False,26,0.49056603773584906,0.8461538461538461
0.8,75,1,-0.03,True,26,0.49056603773584906,0.8461538461538461
0.8,75,1,-0.05,False,26,0.49056603773584906,0.8461538461538461
0.8,75,1,-0.05,True,26,0.49056603773584906,0.8461538461538461
0.8,75,2,0.0,False,26,0.49056603773584906,0.8461538461538461
0.8,75,2,0.0,True,26,0.49056603773584906,0.8461538461538461
0.8,75,2,-0.01,False,26,0.49056603773584906,0.8461538461538461
0.8,75,2,-0.01,True,26,0.49056603773584906,0.8461538461538461
0.8,75,2,-0.02,False,26,0.49056603773584906,0.8461538461538461
0.8,75,2,-0.02,True,26,0.49056603773584906,0.8461538461538461
0.8,75,2,-0.03,False,26,0.49056603773584906,0.8461538461538461
0.8,75,2,-0.03,True,26,0.49056603773584906,0.8461538461538461
0.8,75,2,-0.05,False,26,0.49056603773584906,0.8461538461538461
0.8,75,2,-0.05,True,26,0.49056603773584906,0.8461538461538461
0.8,75,3,-0.05,False,26,0.49056603773584906,0.8461538461538461
0.82,0,0,0.0,False,26,0.49056603773584906,0.8461538461538461
0.82,0,0,0.0,True,26,0.49056603773584906,0.8461538461538461
0.82,0,0,-0.01,False,26,0.49056603773584906,0.8461538461538461
0.82,0,0,-0.01,True,26,0.49056603773584906,0.8461538461538461
0.82,0,0,-0.02,False,26,0.49056603773584906,0.8461538461538461
0.82,0,0,-0.02,True,26,0.49056603773584906,0.8461538461538461
0.82,0,0,-0.03,False,26,0.49056603773584906,0.8461538461538461
0.82,0,0,-0.03,True,26,0.49056603773584906,0.8461538461538461
0.82,0,0,-0.05,False,26,0.49056603773584906,0.8461538461538461
0.82,0,0,-0.05,True,26,0.49056603773584906,0.8461538461538461
0.82,10,0,0.0,False,26,0.49056603773584906,0.8461538461538461
0.82,10,0,0.0,True,26,0.49056603773584906,0.8461538461538461
0.82,10,0,-0.01,False,26,0.49056603773584906,0.8461538461538461
0.82,10,0,-0.01,True,26,0.49056603773584906,0.8461538461538461
0.82,10,0,-0.02,False,26,0.49056603773584906,0.8461538461538461
0.82,10,0,-0.02,True,26,0.49056603773584906,0.8461538461538461
0.82,10,0,-0.03,False,26,0.49056603773584906,0.8461538461538461
0.82,10,0,-0.03,True,26,0.49056603773584906,0.8461538461538461
0.82,10,0,-0.05,False,26,0.49056603773584906,0.8461538461538461
0.82,10,0,-0.05,True,26,0.49056603773584906,0.8461538461538461
0.82,20,0,0.0,False,26,0.49056603773584906,0.8461538461538461
0.82,20,0,0.0,True,26,0.49056603773584906,0.8461538461538461
0.82,20,0,-0.01,False,26,0.49056603773584906,0.8461538461538461
0.82,20,0,-0.01,True,26,0.49056603773584906,0.8461538461538461
0.82,20,0,-0.02,False,26,0.49056603773584906,0.8461538461538461
0.82,20,0,-0.02,True,26,0.49056603773584906,0.8461538461538461
0.82,20,0,-0.03,False,26,0.49056603773584906,0.8461538461538461
0.82,20,0,-0.03,True,26,0.49056603773584906,0.8461538461538461
0.82,20,0,-0.05,False,26,0.49056603773584906,0.8461538461538461
0.82,20,0,-0.05,True,26,0.49056603773584906,0.8461538461538461
0.82,30,0,0.0,False,26,0.49056603773584906,0.8461538461538461
0.82,30,0,0.0,True,26,0.49056603773584906,0.8461538461538461
0.82,30,0,-0.01,False,26,0.49056603773584906,0.8461538461538461
0.82,30,0,-0.01,True,26,0.49056603773584906,0.8461538461538461
0.82,30,0,-0.02,False,26,0.49056603773584906,0.8461538461538461
0.82,30,0,-0.02,True,26,0.49056603773584906,0.8461538461538461
0.82,30,0,-0.03,False,26,0.49056603773584906,0.8461538461538461
0.82,30,0,-0.03,True,26,0.49056603773584906,0.8461538461538461
0.82,30,0,-0.05,False,26,0.49056603773584906,0.8461538461538461
0.82,30,0,-0.05,True,26,0.49056603773584906,0.8461538461538461
0.82,50,0,0.0,False,26,0.49056603773584906,0.8461538461538461
0.82,50,0,0.0,True,26,0.49056603773584906,0.8461538461538461
0.82,50,0,-0.01,False,26,0.49056603773584906,0.8461538461538461
0.82,50,0,-0.01,True,26,0.49056603773584906,0.8461538461538461
0.82,50,0,-0.02,False,26,0.49056603773584906,0.8461538461538461
0.82,50,0,-0.02,True,26,0.49056603773584906,0.8461538461538461
0.82,50,0,-0.03,False,26,0.49056603773584906,0.8461538461538461
0.82,50,0,-0.03,True,26,0.49056603773584906,0.8461538461538461
0.82,50,0,-0.05,False,26,0.49056603773584906,0.8461538461538461
0.82,50,0,-0.05,True,26,0.49056603773584906,0.8461538461538461
0.82,75,0,0.0,False,26,0.49056603773584906,0.8461538461538461
0.82,75,0,0.0,True,26,0.49056603773584906,0.8461538461538461
0.82,75,0,-0.01,False,26,0.49056603773584906,0.8461538461538461
0.82,75,0,-0.01,True,26,0.49056603773584906,0.8461538461538461
0.82,75,0,-0.02,False,26,0.49056603773584906,0.8461538461538461
0.82,75,0,-0.02,True,26,0.49056603773584906,0.8461538461538461
0.82,75,0,-0.03,False,26,0.49056603773584906,0.8461538461538461
0.82,75,0,-0.03,True,26,0.49056603773584906,0.8461538461538461
0.82,75,0,-0.05,False,26,0.49056603773584906,0.8461538461538461
0.82,75,0,-0.05,True,26,0.49056603773584906,0.8461538461538461
0.84,0,0,0.0,False,26,0.49056603773584906,0.8461538461538461
0.84,0,0,0.0,True,26,0.49056603773584906,0.8461538461538461
0.84,0,0,-0.01,False,26,0.49056603773584906,0.8461538461538461
0.84,0,0,-0.01,True,26,0.49056603773584906,0.8461538461538461
0.84,0,0,-0.02,False,26,0.49056603773584906,0.8461538461538461
0.84,0,0,-0.02,True,26,0.49056603773584906,0.8461538461538461
0.84,0,0,-0.03,False,26,0.49056603773584906,0.8461538461538461
0.84,0,0,-0.03,True,26,0.49056603773584906,0.8461538461538461
0.84,0,0,-0.05,False,26,0.49056603773584906,0.8461538461538461
0.84,0,0,-0.05,True,26,0.49056603773584906,0.8461538461538461
0.84,10,0,0.0,False,26,0.49056603773584906,0.8461538461538461
0.84,10,0,0.0,True,26,0.49056603773584906,0.8461538461538461
0.84,10,0,-0.01,False,26,0.49056603773584906,0.8461538461538461
0.84,10,0,-0.01,True,26,0.49056603773584906,0.8461538461538461
0.84,10,0,-0.02,False,26,0.49056603773584906,0.8461538461538461
0.84,10,0,-0.02,True,26,0.49056603773584906,0.8461538461538461
0.84,10,0,-0.03,False,26,0.49056603773584906,0.8461538461538461
0.84,10,0,-0.03,True,26,0.49056603773584906,0.8461538461538461
0.84,10,0,-0.05,False,26,0.49056603773584906,0.8461538461538461
0.84,10,0,-0.05,True,26,0.49056603773584906,0.8461538461538461
0.84,20,0,0.0,False,26,0.49056603773584906,0.8461538461538461
0.84,20,0,0.0,True,26,0.49056603773584906,0.8461538461538461
0.84,20,0,-0.01,False,26,0.49056603773584906,0.8461538461538461
0.84,20,0,-0.01,True,26,0.49056603773584906,0.8461538461538461
0.84,20,0,-0.02,False,26,0.49056603773584906,0.8461538461538461
0.84,20,0,-0.02,True,26,0.49056603773584906,0.8461538461538461
0.84,20,0,-0.03,False,26,0.49056603773584906,0.8461538461538461
0.84,20,0,-0.03,True,26,0.49056603773584906,0.8461538461538461
0.84,20,0,-0.05,False,26,0.49056603773584906,0.8461538461538461
0.84,20,0,-0.05,True,26,0.49056603773584906,0.8461538461538461
0.84,30,0,0.0,False,26,0.49056603773584906,0.8461538461538461
0.84,30,0,0.0,True,26,0.49056603773584906,0.8461538461538461
0.84,30,0,-0.01,False,26,0.49056603773584906,0.8461538461538461
0.84,30,0,-0.01,True,26,0.49056603773584906,0.8461538461538461
0.84,30,0,-0.02,False,26,0.49056603773584906,0.8461538461538461
0.84,30,0,-0.02,True,26,0.49056603773584906,0.8461538461538461
0.84,30,0,-0.03,False,26,0.49056603773584906,0.8461538461538461
0.84,30,0,-0.03,True,26,0.49056603773584906,0.8461538461538461
0.84,30,0,-0.05,False,26,0.49056603773584906,0.8461538461538461
0.84,30,0,-0.05,True,26,0.49056603773584906,0.8461538461538461
0.84,50,0,0.0,False,26,0.49056603773584906,0.8461538461538461
0.84,50,0,0.0,True,26,0.49056603773584906,0.8461538461538461
0.84,50,0,-0.01,False,26,0.49056603773584906,0.8461538461538461
0.84,50,0,-0.01,True,26,0.49056603773584906,0.8461538461538461
0.84,50,0,-0.02,False,26,0.49056603773584906,0.8461538461538461
0.84,50,0,-0.02,True,26,0.49056603773584906,0.8461538461538461
0.84,50,0,-0.03,False,26,0.49056603773584906,0.8461538461538461
0.84,50,0,-0.03,True,26,0.49056603773584906,0.8461538461538461
0.84,50,0,-0.05,False,26,0.49056603773584906,0.8461538461538461
0.84,50,0,-0.05,True,26,0.49056603773584906,0.8461538461538461
0.84,75,0,0.0,False,26,0.49056603773584906,0.8461538461538461
0.84,75,0,0.0,True,26,0.49056603773584906,0.8461538461538461
0.84,75,0,-0.01,False,26,0.49056603773584906,0.8461538461538461
0.84,75,0,-0.01,True,26,0.49056603773584906,0.8461538461538461
0.84,75,0,-0.02,False,26,0.49056603773584906,0.8461538461538461
0.84,75,0,-0.02,True,26,0.49056603773584906,0.8461538461538461
0.84,75,0,-0.03,False,26,0.49056603773584906,0.8461538461538461
0.84,75,0,-0.03,True,26,0.49056603773584906,0.8461538461538461
0.84,75,0,-0.05,False,26,0.49056603773584906,0.8461538461538461
0.84,75,0,-0.05,True,26,0.49056603773584906,0.8461538461538461
0.82,0,1,0.0,False,25,0.4716981132075472,0.84
0.82,0,1,0.0,True,25,0.4716981132075472,0.84
0.82,0,1,-0.01,False,25,0.4716981132075472,0.84
0.82,0,1,-0.01,True,25,0.4716981132075472,0.84
0.82,0,1,-0.02,False,25,0.4716981132075472,0.84
0.82,0,1,-0.02,True,25,0.4716981132075472,0.84
0.82,0,1,-0.03,False,25,0.4716981132075472,0.84
0.82,0,1,-0.03,True,25,0.4716981132075472,0.84
0.82,0,1,-0.05,False,25,0.4716981132075472,0.84
0.82,0,1,-0.05,True,25,0.4716981132075472,0.84
0.82,0,2,0.0,False,25,0.4716981132075472,0.84
0.82,0,2,0.0,True,25,0.4716981132075472,0.84
0.82,0,2,-0.01,False,25,0.4716981132075472,0.84
0.82,0,2,-0.01,True,25,0.4716981132075472,0.84
0.82,0,2,-0.02,False,25,0.4716981132075472,0.84
0.82,0,2,-0.02,True,25,0.4716981132075472,0.84
0.82,0,2,-0.03,False,25,0.4716981132075472,0.84
0.82,0,2,-0.03,True,25,0.4716981132075472,0.84
0.82,0,2,-0.05,False,25,0.4716981132075472,0.84
0.82,0,2,-0.05,True,25,0.4716981132075472,0.84
0.82,0,3,-0.05,False,25,0.4716981132075472,0.84
0.82,10,1,0.0,False,25,0.4716981132075472,0.84
0.82,10,1,0.0,True,25,0.4716981132075472,0.84
0.82,10,1,-0.01,False,25,0.4716981132075472,0.84
0.82,10,1,-0.01,True,25,0.4716981132075472,0.84
0.82,10,1,-0.02,False,25,0.4716981132075472,0.84
0.82,10,1,-0.02,True,25,0.4716981132075472,0.84
0.82,10,1,-0.03,False,25,0.4716981132075472,0.84
0.82,10,1,-0.03,True,25,0.4716981132075472,0.84
0.82,10,1,-0.05,False,25,0.4716981132075472,0.84
0.82,10,1,-0.05,True,25,0.4716981132075472,0.84
0.82,10,2,0.0,False,25,0.4716981132075472,0.84
0.82,10,2,0.0,True,25,0.4716981132075472,0.84
0.82,10,2,-0.01,False,25,0.4716981132075472,0.84
0.82,10,2,-0.01,True,25,0.4716981132075472,0.84
0.82,10,2,-0.02,False,25,0.4716981132075472,0.84
0.82,10,2,-0.02,True,25,0.4716981132075472,0.84
0.82,10,2,-0.03,False,25,0.4716981132075472,0.84
0.82,10,2,-0.03,True,25,0.4716981132075472,0.84
0.82,10,2,-0.05,False,25,0.4716981132075472,0.84
0.82,10,2,-0.05,True,25,0.4716981132075472,0.84
0.82,10,3,-0.05,False,25,0.4716981132075472,0.84
0.82,20,1,0.0,False,25,0.4716981132075472,0.84
0.82,20,1,0.0,True,25,0.4716981132075472,0.84
0.82,20,1,-0.01,False,25,0.4716981132075472,0.84
0.82,20,1,-0.01,True,25,0.4716981132075472,0.84
0.82,20,1,-0.02,False,25,0.4716981132075472,0.84
0.82,20,1,-0.02,True,25,0.4716981132075472,0.84
0.82,20,1,-0.03,False,25,0.4716981132075472,0.84
0.82,20,1,-0.03,True,25,0.4716981132075472,0.84
0.82,20,1,-0.05,False,25,0.4716981132075472,0.84
0.82,20,1,-0.05,True,25,0.4716981132075472,0.84
0.82,20,2,0.0,False,25,0.4716981132075472,0.84
0.82,20,2,0.0,True,25,0.4716981132075472,0.84
0.82,20,2,-0.01,False,25,0.4716981132075472,0.84
0.82,20,2,-0.01,True,25,0.4716981132075472,0.84
0.82,20,2,-0.02,False,25,0.4716981132075472,0.84
0.82,20,2,-0.02,True,25,0.4716981132075472,0.84
0.82,20,2,-0.03,False,25,0.4716981132075472,0.84
0.82,20,2,-0.03,True,25,0.4716981132075472,0.84
0.82,20,2,-0.05,False,25,0.4716981132075472,0.84
0.82,20,2,-0.05,True,25,0.4716981132075472,0.84
0.82,20,3,-0.05,False,25,0.4716981132075472,0.84
0.82,30,1,0.0,False,25,0.4716981132075472,0.84
0.82,30,1,0.0,True,25,0.4716981132075472,0.84
0.82,30,1,-0.01,False,25,0.4716981132075472,0.84
0.82,30,1,-0.01,True,25,0.4716981132075472,0.84
0.82,30,1,-0.02,False,25,0.4716981132075472,0.84
0.82,30,1,-0.02,True,25,0.4716981132075472,0.84
0.82,30,1,-0.03,False,25,0.4716981132075472,0.84
0.82,30,1,-0.03,True,25,0.4716981132075472,0.84
0.82,30,1,-0.05,False,25,0.4716981132075472,0.84
0.82,30,1,-0.05,True,25,0.4716981132075472,0.84
0.82,30,2,0.0,False,25,0.4716981132075472,0.84
0.82,30,2,0.0,True,25,0.4716981132075472,0.84
0.82,30,2,-0.01,False,25,0.4716981132075472,0.84
0.82,30,2,-0.01,True,25,0.4716981132075472,0.84
0.82,30,2,-0.02,False,25,0.4716981132075472,0.84
0.82,30,2,-0.02,True,25,0.4716981132075472,0.84
0.82,30,2,-0.03,False,25,0.4716981132075472,0.84
0.82,30,2,-0.03,True,25,0.4716981132075472,0.84
0.82,30,2,-0.05,False,25,0.4716981132075472,0.84
0.82,30,2,-0.05,True,25,0.4716981132075472,0.84
0.82,30,3,-0.05,False,25,0.4716981132075472,0.84
0.82,50,1,0.0,False,25,0.4716981132075472,0.84
0.82,50,1,0.0,True,25,0.4716981132075472,0.84
0.82,50,1,-0.01,False,25,0.4716981132075472,0.84
0.82,50,1,-0.01,True,25,0.4716981132075472,0.84
0.82,50,1,-0.02,False,25,0.4716981132075472,0.84
0.82,50,1,-0.02,True,25,0.4716981132075472,0.84
0.82,50,1,-0.03,False,25,0.4716981132075472,0.84
0.82,50,1,-0.03,True,25,0.4716981132075472,0.84
0.82,50,1,-0.05,False,25,0.4716981132075472,0.84
0.82,50,1,-0.05,True,25,0.4716981132075472,0.84
0.82,50,2,0.0,False,25,0.4716981132075472,0.84
0.82,50,2,0.0,True,25,0.4716981132075472,0.84
0.82,50,2,-0.01,False,25,0.4716981132075472,0.84
0.82,50,2,-0.01,True,25,0.4716981132075472,0.84
0.82,50,2,-0.02,False,25,0.4716981132075472,0.84
0.82,50,2,-0.02,True,25,0.4716981132075472,0.84
0.82,50,2,-0.03,False,25,0.4716981132075472,0.84
0.82,50,2,-0.03,True,25,0.4716981132075472,0.84
0.82,50,2,-0.05,False,25,0.4716981132075472,0.84
0.82,50,2,-0.05,True,25,0.4716981132075472,0.84
0.82,50,3,-0.05,False,25,0.4716981132075472,0.84
0.82,75,1,0.0,False,25,0.4716981132075472,0.84
0.82,75,1,0.0,True,25,0.4716981132075472,0.84
0.82,75,1,-0.01,False,25,0.4716981132075472,0.84
0.82,75,1,-0.01,True,25,0.4716981132075472,0.84
0.82,75,1,-0.02,False,25,0.4716981132075472,0.84
0.82,75,1,-0.02,True,25,0.4716981132075472,0.84
0.82,75,1,-0.03,False,25,0.4716981132075472,0.84
0.82,75,1,-0.03,True,25,0.4716981132075472,0.84
0.82,75,1,-0.05,False,25,0.4716981132075472,0.84
0.82,75,1,-0.05,True,25,0.4716981132075472,0.84
0.82,75,2,0.0,False,25,0.4716981132075472,0.84
0.82,75,2,0.0,True,25,0.4716981132075472,0.84
0.82,75,2,-0.01,False,25,0.4716981132075472,0.84
0.82,75,2,-0.01,True,25,0.4716981132075472,0.84
0.82,75,2,-0.02,False,25,0.4716981132075472,0.84
0.82,75,2,-0.02,True,25,0.4716981132075472,0.84
0.82,75,2,-0.03,False,25,0.4716981132075472,0.84
0.82,75,2,-0.03,True,25,0.4716981132075472,0.84
0.82,75,2,-0.05,False,25,0.4716981132075472,0.84
0.82,75,2,-0.05,True,25,0.4716981132075472,0.84
0.82,75,3,-0.05,False,25,0.4716981132075472,0.84
0.84,0,1,0.0,False,25,0.4716981132075472,0.84
0.84,0,1,0.0,True,25,0.4716981132075472,0.84
0.84,0,1,-0.01,False,25,0.4716981132075472,0.84
0.84,0,1,-0.01,True,25,0.4716981132075472,0.84
0.84,0,1,-0.02,False,25,0.4716981132075472,0.84
0.84,0,1,-0.02,True,25,0.4716981132075472,0.84
0.84,0,1,-0.03,False,25,0.4716981132075472,0.84
0.84,0,1,-0.03,True,25,0.4716981132075472,0.84
0.84,0,1,-0.05,False,25,0.4716981132075472,0.84
0.84,0,1,-0.05,True,25,0.4716981132075472,0.84
0.84,0,2,0.0,False,25,0.4716981132075472,0.84
0.84,0,2,0.0,True,25,0.4716981132075472,0.84
0.84,0,2,-0.01,False,25,0.4716981132075472,0.84
0.84,0,2,-0.01,True,25,0.4716981132075472,0.84
0.84,0,2,-0.02,False,25,0.4716981132075472,0.84
0.84,0,2,-0.02,True,25,0.4716981132075472,0.84
0.84,0,2,-0.03,False,25,0.4716981132075472,0.84
0.84,0,2,-0.03,True,25,0.4716981132075472,0.84
0.84,0,2,-0.05,False,25,0.4716981132075472,0.84
0.84,0,2,-0.05,True,25,0.4716981132075472,0.84
0.84,0,3,-0.05,False,25,0.4716981132075472,0.84
0.84,10,1,0.0,False,25,0.4716981132075472,0.84
0.84,10,1,0.0,True,25,0.4716981132075472,0.84
0.84,10,1,-0.01,False,25,0.4716981132075472,0.84
0.84,10,1,-0.01,True,25,0.4716981132075472,0.84
0.84,10,1,-0.02,False,25,0.4716981132075472,0.84
0.84,10,1,-0.02,True,25,0.4716981132075472,0.84
0.84,10,1,-0.03,False,25,0.4716981132075472,0.84
0.84,10,1,-0.03,True,25,0.4716981132075472,0.84
0.84,10,1,-0.05,False,25,0.4716981132075472,0.84
0.84,10,1,-0.05,True,25,0.4716981132075472,0.84
0.84,10,2,0.0,False,25,0.4716981132075472,0.84
0.84,10,2,0.0,True,25,0.4716981132075472,0.84
0.84,10,2,-0.01,False,25,0.4716981132075472,0.84
0.84,10,2,-0.01,True,25,0.4716981132075472,0.84
0.84,10,2,-0.02,False,25,0.4716981132075472,0.84
0.84,10,2,-0.02,True,25,0.4716981132075472,0.84
0.84,10,2,-0.03,False,25,0.4716981132075472,0.84
0.84,10,2,-0.03,True,25,0.4716981132075472,0.84
0.84,10,2,-0.05,False,25,0.4716981132075472,0.84
0.84,10,2,-0.05,True,25,0.4716981132075472,0.84
0.84,10,3,-0.05,False,25,0.4716981132075472,0.84
0.84,20,1,0.0,False,25,0.4716981132075472,0.84
0.84,20,1,0.0,True,25,0.4716981132075472,0.84
0.84,20,1,-0.01,False,25,0.4716981132075472,0.84
0.84,20,1,-0.01,True,25,0.4716981132075472,0.84
0.84,20,1,-0.02,False,25,0.4716981132075472,0.84
0.84,20,1,-0.02,True,25,0.4716981132075472,0.84
0.84,20,1,-0.03,False,25,0.4716981132075472,0.84
0.84,20,1,-0.03,True,25,0.4716981132075472,0.84
0.84,20,1,-0.05,False,25,0.4716981132075472,0.84
0.84,20,1,-0.05,True,25,0.4716981132075472,0.84
0.84,20,2,0.0,False,25,0.4716981132075472,0.84
0.84,20,2,0.0,True,25,0.4716981132075472,0.84
0.84,20,2,-0.01,False,25,0.4716981132075472,0.84
0.84,20,2,-0.01,True,25,0.4716981132075472,0.84
0.84,20,2,-0.02,False,25,0.4716981132075472,0.84
0.84,20,2,-0.02,True,25,0.4716981132075472,0.84
0.84,20,2,-0.03,False,25,0.4716981132075472,0.84
0.84,20,2,-0.03,True,25,0.4716981132075472,0.84
0.84,20,2,-0.05,False,25,0.4716981132075472,0.84
0.84,20,2,-0.05,True,25,0.4716981132075472,0.84
0.84,20,3,-0.05,False,25,0.4716981132075472,0.84
0.84,30,1,0.0,False,25,0.4716981132075472,0.84
0.84,30,1,0.0,True,25,0.4716981132075472,0.84
0.84,30,1,-0.01,False,25,0.4716981132075472,0.84
0.84,30,1,-0.01,True,25,0.4716981132075472,0.84
0.84,30,1,-0.02,False,25,0.4716981132075472,0.84
0.84,30,1,-0.02,True,25,0.4716981132075472,0.84
0.84,30,1,-0.03,False,25,0.4716981132075472,0.84
0.84,30,1,-0.03,True,25,0.4716981132075472,0.84
0.84,30,1,-0.05,False,25,0.4716981132075472,0.84
0.84,30,1,-0.05,True,25,0.4716981132075472,0.84
0.84,30,2,0.0,False,25,0.4716981132075472,0.84
0.84,30,2,0.0,True,25,0.4716981132075472,0.84
0.84,30,2,-0.01,False,25,0.4716981132075472,0.84
0.84,30,2,-0.01,True,25,0.4716981132075472,0.84
0.84,30,2,-0.02,False,25,0.4716981132075472,0.84
0.84,30,2,-0.02,True,25,0.4716981132075472,0.84
0.84,30,2,-0.03,False,25,0.4716981132075472,0.84
0.84,30,2,-0.03,True,25,0.4716981132075472,0.84
0.84,30,2,-0.05,False,25,0.4716981132075472,0.84
0.84,30,2,-0.05,True,25,0.4716981132075472,0.84
0.84,30,3,-0.05,False,25,0.4716981132075472,0.84
0.84,50,1,0.0,False,25,0.4716981132075472,0.84
0.84,50,1,0.0,True,25,0.4716981132075472,0.84
0.84,50,1,-0.01,False,25,0.4716981132075472,0.84
0.84,50,1,-0.01,True,25,0.4716981132075472,0.84
0.84,50,1,-0.02,False,25,0.4716981132075472,0.84
0.84,50,1,-0.02,True,25,0.4716981132075472,0.84
0.84,50,1,-0.03,False,25,0.4716981132075472,0.84
0.84,50,1,-0.03,True,25,0.4716981132075472,0.84
0.84,50,1,-0.05,False,25,0.4716981132075472,0.84
0.84,50,1,-0.05,True,25,0.4716981132075472,0.84
0.84,50,2,0.0,False,25,0.4716981132075472,0.84
0.84,50,2,0.0,True,25,0.4716981132075472,0.84
0.84,50,2,-0.01,False,25,0.4716981132075472,0.84
0.84,50,2,-0.01,True,25,0.4716981132075472,0.84
0.84,50,2,-0.02,False,25,0.4716981132075472,0.84
0.84,50,2,-0.02,True,25,0.4716981132075472,0.84
0.84,50,2,-0.03,False,25,0.4716981132075472,0.84
0.84,50,2,-0.03,True,25,0.4716981132075472,0.84
0.84,50,2,-0.05,False,25,0.4716981132075472,0.84
0.84,50,2,-0.05,True,25,0.4716981132075472,0.84
0.84,50,3,-0.05,False,25,0.4716981132075472,0.84
0.84,75,1,0.0,False,25,0.4716981132075472,0.84
0.84,75,1,0.0,True,25,0.4716981132075472,0.84
0.84,75,1,-0.01,False,25,0.4716981132075472,0.84
0.84,75,1,-0.01,True,25,0.4716981132075472,0.84
0.84,75,1,-0.02,False,25,0.4716981132075472,0.84
0.84,75,1,-0.02,True,25,0.4716981132075472,0.84
0.84,75,1,-0.03,False,25,0.4716981132075472,0.84
0.84,75,1,-0.03,True,25,0.4716981132075472,0.84
0.84,75,1,-0.05,False,25,0.4716981132075472,0.84
0.84,75,1,-0.05,True,25,0.4716981132075472,0.84
0.84,75,2,0.0,False,25,0.4716981132075472,0.84
0.84,75,2,0.0,True,25,0.4716981132075472,0.84
0.84,75,2,-0.01,False,25,0.4716981132075472,0.84
0.84,75,2,-0.01,True,25,0.4716981132075472,0.84
0.84,75,2,-0.02,False,25,0.4716981132075472,0.84
0.84,75,2,-0.02,True,25,0.4716981132075472,0.84
0.84,75,2,-0.03,False,25,0.4716981132075472,0.84
0.84,75,2,-0.03,True,25,0.4716981132075472,0.84
0.84,75,2,-0.05,False,25,0.4716981132075472,0.84
0.84,75,2,-0.05,True,25,0.4716981132075472,0.84
0.84,75,3,-0.05,False,25,0.4716981132075472,0.84
0.85,0,0,0.0,False,25,0.4716981132075472,0.84
0.85,0,0,0.0,True,25,0.4716981132075472,0.84
0.85,0,0,-0.01,False,25,0.4716981132075472,0.84
0.85,0,0,-0.01,True,25,0.4716981132075472,0.84
0.85,0,0,-0.02,False,25,0.4716981132075472,0.84
0.85,0,0,-0.02,True,25,0.4716981132075472,0.84
0.85,0,0,-0.03,False,25,0.4716981132075472,0.84
0.85,0,0,-0.03,True,25,0.4716981132075472,0.84
0.85,0,0,-0.05,False,25,0.4716981132075472,0.84
0.85,0,0,-0.05,True,25,0.4716981132075472,0.84
0.85,0,1,0.0,False,25,0.4716981132075472,0.84
0.85,0,1,0.0,True,25,0.4716981132075472,0.84
0.85,0,1,-0.01,False,25,0.4716981132075472,0.84
0.85,0,1,-0.01,True,25,0.4716981132075472,0.84
0.85,0,1,-0.02,False,25,0.4716981132075472,0.84
0.85,0,1,-0.02,True,25,0.4716981132075472,0.84
0.85,0,1,-0.03,False,25,0.4716981132075472,0.84
0.85,0,1,-0.03,True,25,0.4716981132075472,0.84
0.85,0,1,-0.05,False,25,0.4716981132075472,0.84
0.85,0,1,-0.05,True,25,0.4716981132075472,0.84
0.85,0,2,0.0,False,25,0.4716981132075472,0.84
0.85,0,2,0.0,True,25,0.4716981132075472,0.84
0.85,0,2,-0.01,False,25,0.4716981132075472,0.84
0.85,0,2,-0.01,True,25,0.4716981132075472,0.84
0.85,0,2,-0.02,False,25,0.4716981132075472,0.84
0.85,0,2,-0.02,True,25,0.4716981132075472,0.84
0.85,0,2,-0.03,False,25,0.4716981132075472,0.84
0.85,0,2,-0.03,True,25,0.4716981132075472,0.84
0.85,0,2,-0.05,False,25,0.4716981132075472,0.84
0.85,0,2,-0.05,True,25,0.4716981132075472,0.84
0.85,10,0,0.0,False,25,0.4716981132075472,0.84
0.85,10,0,0.0,True,25,0.4716981132075472,0.84
0.85,10,0,-0.01,False,25,0.4716981132075472,0.84
0.85,10,0,-0.01,True,25,0.4716981132075472,0.84
0.85,10,0,-0.02,False,25,0.4716981132075472,0.84
0.85,10,0,-0.02,True,25,0.4716981132075472,0.84
0.85,10,0,-0.03,False,25,0.4716981132075472,0.84
0.85,10,0,-0.03,True,25,0.4716981132075472,0.84
0.85,10,0,-0.05,False,25,0.4716981132075472,0.84
0.85,10,0,-0.05,True,25,0.4716981132075472,0.84
0.85,10,1,0.0,False,25,0.4716981132075472,0.84
0.85,10,1,0.0,True,25,0.4716981132075472,0.84
0.85,10,1,-0.01,False,25,0.4716981132075472,0.84
0.85,10,1,-0.01,True,25,0.4716981132075472,0.84
0.85,10,1,-0.02,False,25,0.4716981132075472,0.84
0.85,10,1,-0.02,True,25,0.4716981132075472,0.84
0.85,10,1,-0.03,False,25,0.4716981132075472,0.84
0.85,10,1,-0.03,True,25,0.4716981132075472,0.84
0.85,10,1,-0.05,False,25,0.4716981132075472,0.84
0.85,10,1,-0.05,True,25,0.4716981132075472,0.84
0.85,10,2,0.0,False,25,0.4716981132075472,0.84
0.85,10,2,0.0,True,25,0.4716981132075472,0.84
0.85,10,2,-0.01,False,25,0.4716981132075472,0.84
0.85,10,2,-0.01,True,25,0.4716981132075472,0.84
0.85,10,2,-0.02,False,25,0.4716981132075472,0.84
0.85,10,2,-0.02,True,25,0.4716981132075472,0.84
0.85,10,2,-0.03,False,25,0.4716981132075472,0.84
0.85,10,2,-0.03,True,25,0.4716981132075472,0.84
0.85,10,2,-0.05,False,25,0.4716981132075472,0.84
0.85,10,2,-0.05,True,25,0.4716981132075472,0.84
0.85,20,0,0.0,False,25,0.4716981132075472,0.84
0.85,20,0,0.0,True,25,0.4716981132075472,0.84
0.85,20,0,-0.01,False,25,0.4716981132075472,0.84
0.85,20,0,-0.01,True,25,0.4716981132075472,0.84
0.85,20,0,-0.02,False,25,0.4716981132075472,0.84
0.85,20,0,-0.02,True,25,0.4716981132075472,0.84
0.85,20,0,-0.03,False,25,0.4716981132075472,0.84
0.85,20,0,-0.03,True,25,0.4716981132075472,0.84
0.85,20,0,-0.05,False,25,0.4716981132075472,0.84
0.85,20,0,-0.05,True,25,0.4716981132075472,0.84
0.85,20,1,0.0,False,25,0.4716981132075472,0.84
0.85,20,1,0.0,True,25,0.4716981132075472,0.84
0.85,20,1,-0.01,False,25,0.4716981132075472,0.84
0.85,20,1,-0.01,True,25,0.4716981132075472,0.84
0.85,20,1,-0.02,False,25,0.4716981132075472,0.84
0.85,20,1,-0.02,True,25,0.4716981132075472,0.84
0.85,20,1,-0.03,False,25,0.4716981132075472,0.84
0.85,20,1,-0.03,True,25,0.4716981132075472,0.84
0.85,20,1,-0.05,False,25,0.4716981132075472,0.84
0.85,20,1,-0.05,True,25,0.4716981132075472,0.84
0.85,20,2,0.0,False,25,0.4716981132075472,0.84
0.85,20,2,0.0,True,25,0.4716981132075472,0.84
0.85,20,2,-0.01,False,25,0.4716981132075472,0.84
0.85,20,2,-0.01,True,25,0.4716981132075472,0.84
0.85,20,2,-0.02,False,25,0.4716981132075472,0.84
0.85,20,2,-0.02,True,25,0.4716981132075472,0.84
0.85,20,2,-0.03,False,25,0.4716981132075472,0.84
0.85,20,2,-0.03,True,25,0.4716981132075472,0.84
0.85,20,2,-0.05,False,25,0.4716981132075472,0.84
0.85,20,2,-0.05,True,25,0.4716981132075472,0.84
0.85,30,0,0.0,False,25,0.4716981132075472,0.84
0.85,30,0,0.0,True,25,0.4716981132075472,0.84
0.85,30,0,-0.01,False,25,0.4716981132075472,0.84
0.85,30,0,-0.01,True,25,0.4716981132075472,0.84
0.85,30,0,-0.02,False,25,0.4716981132075472,0.84
0.85,30,0,-0.02,True,25,0.4716981132075472,0.84
0.85,30,0,-0.03,False,25,0.4716981132075472,0.84
0.85,30,0,-0.03,True,25,0.4716981132075472,0.84
0.85,30,0,-0.05,False,25,0.4716981132075472,0.84
0.85,30,0,-0.05,True,25,0.4716981132075472,0.84
0.85,30,1,0.0,False,25,0.4716981132075472,0.84
0.85,30,1,0.0,True,25,0.4716981132075472,0.84
0.85,30,1,-0.01,False,25,0.4716981132075472,0.84
0.85,30,1,-0.01,True,25,0.4716981132075472,0.84
0.85,30,1,-0.02,False,25,0.4716981132075472,0.84
0.85,30,1,-0.02,True,25,0.4716981132075472,0.84
0.85,30,1,-0.03,False,25,0.4716981132075472,0.84
0.85,30,1,-0.03,True,25,0.4716981132075472,0.84
0.85,30,1,-0.05,False,25,0.4716981132075472,0.84
0.85,30,1,-0.05,True,25,0.4716981132075472,0.84
0.85,30,2,0.0,False,25,0.4716981132075472,0.84
0.85,30,2,0.0,True,25,0.4716981132075472,0.84
0.85,30,2,-0.01,False,25,0.4716981132075472,0.84
0.85,30,2,-0.01,True,25,0.4716981132075472,0.84
0.85,30,2,-0.02,False,25,0.4716981132075472,0.84
0.85,30,2,-0.02,True,25,0.4716981132075472,0.84
0.85,30,2,-0.03,False,25,0.4716981132075472,0.84
0.85,30,2,-0.03,True,25,0.4716981132075472,0.84
0.85,30,2,-0.05,False,25,0.4716981132075472,0.84
0.85,30,2,-0.05,True,25,0.4716981132075472,0.84
0.85,50,0,0.0,False,25,0.4716981132075472,0.84
0.85,50,0,0.0,True,25,0.4716981132075472,0.84
0.85,50,0,-0.01,False,25,0.4716981132075472,0.84
0.85,50,0,-0.01,True,25,0.4716981132075472,0.84
0.85,50,0,-0.02,False,25,0.4716981132075472,0.84
0.85,50,0,-0.02,True,25,0.4716981132075472,0.84
0.85,50,0,-0.03,False,25,0.4716981132075472,0.84
0.85,50,0,-0.03,True,25,0.4716981132075472,0.84
0.85,50,0,-0.05,False,25,0.4716981132075472,0.84
0.85,50,0,-0.05,True,25,0.4716981132075472,0.84
0.85,50,1,0.0,False,25,0.4716981132075472,0.84
0.85,50,1,0.0,True,25,0.4716981132075472,0.84
0.85,50,1,-0.01,False,25,0.4716981132075472,0.84
0.85,50,1,-0.01,True,25,0.4716981132075472,0.84
0.85,50,1,-0.02,False,25,0.4716981132075472,0.84
0.85,50,1,-0.02,True,25,0.4716981132075472,0.84
0.85,50,1,-0.03,False,25,0.4716981132075472,0.84
0.85,50,1,-0.03,True,25,0.4716981132075472,0.84
0.85,50,1,-0.05,False,25,0.4716981132075472,0.84
0.85,50,1,-0.05,True,25,0.4716981132075472,0.84
0.85,50,2,0.0,False,25,0.4716981132075472,0.84
0.85,50,2,0.0,True,25,0.4716981132075472,0.84
0.85,50,2,-0.01,False,25,0.4716981132075472,0.84
0.85,50,2,-0.01,True,25,0.4716981132075472,0.84
0.85,50,2,-0.02,False,25,0.4716981132075472,0.84
0.85,50,2,-0.02,True,25,0.4716981132075472,0.84
0.85,50,2,-0.03,False,25,0.4716981132075472,0.84
0.85,50,2,-0.03,True,25,0.4716981132075472,0.84
0.85,50,2,-0.05,False,25,0.4716981132075472,0.84
0.85,50,2,-0.05,True,25,0.4716981132075472,0.84
0.85,75,0,0.0,False,25,0.4716981132075472,0.84
0.85,75,0,0.0,True,25,0.4716981132075472,0.84
0.85,75,0,-0.01,False,25,0.4716981132075472,0.84
0.85,75,0,-0.01,True,25,0.4716981132075472,0.84
0.85,75,0,-0.02,False,25,0.4716981132075472,0.84
0.85,75,0,-0.02,True,25,0.4716981132075472,0.84
0.85,75,0,-0.03,False,25,0.4716981132075472,0.84
0.85,75,0,-0.03,True,25,0.4716981132075472,0.84
0.85,75,0,-0.05,False,25,0.4716981132075472,0.84
0.85,75,0,-0.05,True,25,0.4716981132075472,0.84
0.85,75,1,0.0,False,25,0.4716981132075472,0.84
0.85,75,1,0.0,True,25,0.4716981132075472,0.84
0.85,75,1,-0.01,False,25,0.4716981132075472,0.84
0.85,75,1,-0.01,True,25,0.4716981132075472,0.84
0.85,75,1,-0.02,False,25,0.4716981132075472,0.84
0.85,75,1,-0.02,True,25,0.4716981132075472,0.84
0.85,75,1,-0.03,False,25,0.4716981132075472,0.84
0.85,75,1,-0.03,True,25,0.4716981132075472,0.84
0.85,75,1,-0.05,False,25,0.4716981132075472,0.84
0.85,75,1,-0.05,True,25,0.4716981132075472,0.84
0.85,75,2,0.0,False,25,0.4716981132075472,0.84
0.85,75,2,0.0,True,25,0.4716981132075472,0.84
0.85,75,2,-0.01,False,25,0.4716981132075472,0.84
0.85,75,2,-0.01,True,25,0.4716981132075472,0.84
0.85,75,2,-0.02,False,25,0.4716981132075472,0.84
0.85,75,2,-0.02,True,25,0.4716981132075472,0.84
0.85,75,2,-0.03,False,25,0.4716981132075472,0.84
0.85,75,2,-0.03,True,25,0.4716981132075472,0.84
0.85,75,2,-0.05,False,25,0.4716981132075472,0.84
0.85,75,2,-0.05,True,25,0.4716981132075472,0.84
0.86,0,0,0.0,False,25,0.4716981132075472,0.84
0.86,0,0,0.0,True,25,0.4716981132075472,0.84
0.86,0,0,-0.01,False,25,0.4716981132075472,0.84
0.86,0,0,-0.01,True,25,0.4716981132075472,0.84
0.86,0,0,-0.02,False,25,0.4716981132075472,0.84
0.86,0,0,-0.02,True,25,0.4716981132075472,0.84
0.86,0,0,-0.03,False,25,0.4716981132075472,0.84
0.86,0,0,-0.03,True,25,0.4716981132075472,0.84
0.86,0,0,-0.05,False,25,0.4716981132075472,0.84
0.86,0,0,-0.05,True,25,0.4716981132075472,0.84
0.86,0,1,0.0,False,25,0.4716981132075472,0.84
0.86,0,1,0.0,True,25,0.4716981132075472,0.84
0.86,0,1,-0.01,False,25,0.4716981132075472,0.84
0.86,0,1,-0.01,True,25,0.4716981132075472,0.84
0.86,0,1,-0.02,False,25,0.4716981132075472,0.84
0.86,0,1,-0.02,True,25,0.4716981132075472,0.84
0.86,0,1,-0.03,False,25,0.4716981132075472,0.84
0.86,0,1,-0.03,True,25,0.4716981132075472,0.84
0.86,0,1,-0.05,False,25,0.4716981132075472,0.84
0.86,0,1,-0.05,True,25,0.4716981132075472,0.84
0.86,0,2,0.0,False,25,0.4716981132075472,0.84
0.86,0,2,0.0,True,25,0.4716981132075472,0.84
0.86,0,2,-0.01,False,25,0.4716981132075472,0.84
0.86,0,2,-0.01,True,25,0.4716981132075472,0.84
0.86,0,2,-0.02,False,25,0.4716981132075472,0.84
0.86,0,2,-0.02,True,25,0.4716981132075472,0.84
0.86,0,2,-0.03,False,25,0.4716981132075472,0.84
0.86,0,2,-0.03,True,25,0.4716981132075472,0.84
0.86,0,2,-0.05,False,25,0.4716981132075472,0.84
0.86,0,2,-0.05,True,25,0.4716981132075472,0.84
0.86,10,0,0.0,False,25,0.4716981132075472,0.84
0.86,10,0,0.0,True,25,0.4716981132075472,0.84
0.86,10,0,-0.01,False,25,0.4716981132075472,0.84
0.86,10,0,-0.01,True,25,0.4716981132075472,0.84
0.86,10,0,-0.02,False,25,0.4716981132075472,0.84
0.86,10,0,-0.02,True,25,0.4716981132075472,0.84
0.86,10,0,-0.03,False,25,0.4716981132075472,0.84
0.86,10,0,-0.03,True,25,0.4716981132075472,0.84
0.86,10,0,-0.05,False,25,0.4716981132075472,0.84
0.86,10,0,-0.05,True,25,0.4716981132075472,0.84
0.86,10,1,0.0,False,25,0.4716981132075472,0.84
0.86,10,1,0.0,True,25,0.4716981132075472,0.84
0.86,10,1,-0.01,False,25,0.4716981132075472,0.84
0.86,10,1,-0.01,True,25,0.4716981132075472,0.84
0.86,10,1,-0.02,False,25,0.4716981132075472,0.84
0.86,10,1,-0.02,True,25,0.4716981132075472,0.84
0.86,10,1,-0.03,False,25,0.4716981132075472,0.84
0.86,10,1,-0.03,True,25,0.4716981132075472,0.84
0.86,10,1,-0.05,False,25,0.4716981132075472,0.84
0.86,10,1,-0.05,True,25,0.4716981132075472,0.84
0.86,10,2,0.0,False,25,0.4716981132075472,0.84
0.86,10,2,0.0,True,25,0.4716981132075472,0.84
0.86,10,2,-0.01,False,25,0.4716981132075472,0.84
0.86,10,2,-0.01,True,25,0.4716981132075472,0.84
0.86,10,2,-0.02,False,25,0.4716981132075472,0.84
0.86,10,2,-0.02,True,25,0.4716981132075472,0.84
0.86,10,2,-0.03,False,25,0.4716981132075472,0.84
0.86,10,2,-0.03,True,25,0.4716981132075472,0.84
0.86,10,2,-0.05,False,25,0.4716981132075472,0.84
0.86,10,2,-0.05,True,25,0.4716981132075472,0.84
0.86,20,0,0.0,False,25,0.4716981132075472,0.84
0.86,20,0,0.0,True,25,0.4716981132075472,0.84
0.86,20,0,-0.01,False,25,0.4716981132075472,0.84
0.86,20,0,-0.01,True,25,0.4716981132075472,0.84
0.86,20,0,-0.02,False,25,0.4716981132075472,0.84
0.86,20,0,-0.02,True,25,0.4716981132075472,0.84
0.86,20,0,-0.03,False,25,0.4716981132075472,0.84
0.86,20,0,-0.03,True,25,0.4716981132075472,0.84
0.86,20,0,-0.05,False,25,0.4716981132075472,0.84
0.86,20,0,-0.05,True,25,0.4716981132075472,0.84
0.86,20,1,0.0,False,25,0.4716981132075472,0.84
0.86,20,1,0.0,True,25,0.4716981132075472,0.84
0.86,20,1,-0.01,False,25,0.4716981132075472,0.84
0.86,20,1,-0.01,True,25,0.4716981132075472,0.84
0.86,20,1,-0.02,False,25,0.4716981132075472,0.84
0.86,20,1,-0.02,True,25,0.4716981132075472,0.84
0.86,20,1,-0.03,False,25,0.4716981132075472,0.84
0.86,20,1,-0.03,True,25,0.4716981132075472,0.84
0.86,20,1,-0.05,False,25,0.4716981132075472,0.84
0.86,20,1,-0.05,True,25,0.4716981132075472,0.84
0.86,20,2,0.0,False,25,0.4716981132075472,0.84
0.86,20,2,0.0,True,25,0.4716981132075472,0.84
0.86,20,2,-0.01,False,25,0.4716981132075472,0.84
0.86,20,2,-0.01,True,25,0.4716981132075472,0.84
0.86,20,2,-0.02,False,25,0.4716981132075472,0.84
0.86,20,2,-0.02,True,25,0.4716981132075472,0.84
0.86,20,2,-0.03,False,25,0.4716981132075472,0.84
0.86,20,2,-0.03,True,25,0.4716981132075472,0.84
0.86,20,2,-0.05,False,25,0.4716981132075472,0.84
0.86,20,2,-0.05,True,25,0.4716981132075472,0.84
0.86,30,0,0.0,False,25,0.4716981132075472,0.84
0.86,30,0,0.0,True,25,0.4716981132075472,0.84
0.86,30,0,-0.01,False,25,0.4716981132075472,0.84
0.86,30,0,-0.01,True,25,0.4716981132075472,0.84
0.86,30,0,-0.02,False,25,0.4716981132075472,0.84
0.86,30,0,-0.02,True,25,0.4716981132075472,0.84
0.86,30,0,-0.03,False,25,0.4716981132075472,0.84
0.86,30,0,-0.03,True,25,0.4716981132075472,0.84
0.86,30,0,-0.05,False,25,0.4716981132075472,0.84
0.86,30,0,-0.05,True,25,0.4716981132075472,0.84
0.86,30,1,0.0,False,25,0.4716981132075472,0.84
0.86,30,1,0.0,True,25,0.4716981132075472,0.84
0.86,30,1,-0.01,False,25,0.4716981132075472,0.84
0.86,30,1,-0.01,True,25,0.4716981132075472,0.84
0.86,30,1,-0.02,False,25,0.4716981132075472,0.84
0.86,30,1,-0.02,True,25,0.4716981132075472,0.84
0.86,30,1,-0.03,False,25,0.4716981132075472,0.84
0.86,30,1,-0.03,True,25,0.4716981132075472,0.84
0.86,30,1,-0.05,False,25,0.4716981132075472,0.84
0.86,30,1,-0.05,True,25,0.4716981132075472,0.84
0.86,30,2,0.0,False,25,0.4716981132075472,0.84
0.86,30,2,0.0,True,25,0.4716981132075472,0.84
0.86,30,2,-0.01,False,25,0.4716981132075472,0.84
0.86,30,2,-0.01,True,25,0.4716981132075472,0.84
0.86,30,2,-0.02,False,25,0.4716981132075472,0.84
0.86,30,2,-0.02,True,25,0.4716981132075472,0.84
0.86,30,2,-0.03,False,25,0.4716981132075472,0.84
0.86,30,2,-0.03,True,25,0.4716981132075472,0.84
0.86,30,2,-0.05,False,25,0.4716981132075472,0.84
0.86,30,2,-0.05,True,25,0.4716981132075472,0.84
0.86,50,0,0.0,False,25,0.4716981132075472,0.84
0.86,50,0,0.0,True,25,0.4716981132075472,0.84
0.86,50,0,-0.01,False,25,0.4716981132075472,0.84
0.86,50,0,-0.01,True,25,0.4716981132075472,0.84
0.86,50,0,-0.02,False,25,0.4716981132075472,0.84
0.86,50,0,-0.02,True,25,0.4716981132075472,0.84
0.86,50,0,-0.03,False,25,0.4716981132075472,0.84
0.86,50,0,-0.03,True,25,0.4716981132075472,0.84
0.86,50,0,-0.05,False,25,0.4716981132075472,0.84
0.86,50,0,-0.05,True,25,0.4716981132075472,0.84
0.86,50,1,0.0,False,25,0.4716981132075472,0.84
0.86,50,1,0.0,True,25,0.4716981132075472,0.84
0.86,50,1,-0.01,False,25,0.4716981132075472,0.84
0.86,50,1,-0.01,True,25,0.4716981132075472,0.84
0.86,50,1,-0.02,False,25,0.4716981132075472,0.84
0.86,50,1,-0.02,True,25,0.4716981132075472,0.84
0.86,50,1,-0.03,False,25,0.4716981132075472,0.84
0.86,50,1,-0.03,True,25,0.4716981132075472,0.84
0.86,50,1,-0.05,False,25,0.4716981132075472,0.84
0.86,50,1,-0.05,True,25,0.4716981132075472,0.84
0.86,50,2,0.0,False,25,0.4716981132075472,0.84
0.86,50,2,0.0,True,25,0.4716981132075472,0.84
0.86,50,2,-0.01,False,25,0.4716981132075472,0.84
0.86,50,2,-0.01,True,25,0.4716981132075472,0.84
0.86,50,2,-0.02,False,25,0.4716981132075472,0.84
0.86,50,2,-0.02,True,25,0.4716981132075472,0.84
0.86,50,2,-0.03,False,25,0.4716981132075472,0.84
0.86,50,2,-0.03,True,25,0.4716981132075472,0.84
0.86,50,2,-0.05,False,25,0.4716981132075472,0.84
0.86,50,2,-0.05,True,25,0.4716981132075472,0.84
0.86,75,0,0.0,False,25,0.4716981132075472,0.84
0.86,75,0,0.0,True,25,0.4716981132075472,0.84
0.86,75,0,-0.01,False,25,0.4716981132075472,0.84
0.86,75,0,-0.01,True,25,0.4716981132075472,0.84
0.86,75,0,-0.02,False,25,0.4716981132075472,0.84
0.86,75,0,-0.02,True,25,0.4716981132075472,0.84
0.86,75,0,-0.03,False,25,0.4716981132075472,0.84
0.86,75,0,-0.03,True,25,0.4716981132075472,0.84
0.86,75,0,-0.05,False,25,0.4716981132075472,0.84
0.86,75,0,-0.05,True,25,0.4716981132075472,0.84
0.86,75,1,0.0,False,25,0.4716981132075472,0.84
0.86,75,1,0.0,True,25,0.4716981132075472,0.84
0.86,75,1,-0.01,False,25,0.4716981132075472,0.84
0.86,75,1,-0.01,True,25,0.4716981132075472,0.84
0.86,75,1,-0.02,False,25,0.4716981132075472,0.84
0.86,75,1,-0.02,True,25,0.4716981132075472,0.84
0.86,75,1,-0.03,False,25,0.4716981132075472,0.84
0.86,75,1,-0.03,True,25,0.4716981132075472,0.84
0.86,75,1,-0.05,False,25,0.4716981132075472,0.84
0.86,75,1,-0.05,True,25,0.4716981132075472,0.84
0.86,75,2,0.0,False,25,0.4716981132075472,0.84
0.86,75,2,0.0,True,25,0.4716981132075472,0.84
0.86,75,2,-0.01,False,25,0.4716981132075472,0.84
0.86,75,2,-0.01,True,25,0.4716981132075472,0.84
0.86,75,2,-0.02,False,25,0.4716981132075472,0.84
0.86,75,2,-0.02,True,25,0.4716981132075472,0.84
0.86,75,2,-0.03,False,25,0.4716981132075472,0.84
0.86,75,2,-0.03,True,25,0.4716981132075472,0.84
0.86,75,2,-0.05,False,25,0.4716981132075472,0.84
0.86,75,2,-0.05,True,25,0.4716981132075472,0.84
0.75,0,0,0.0,False,31,0.5849056603773585,0.8387096774193549
0.75,0,0,0.0,True,31,0.5849056603773585,0.8387096774193549
0.75,0,0,-0.01,False,31,0.5849056603773585,0.8387096774193549
0.75,0,0,-0.01,True,31,0.5849056603773585,0.8387096774193549
0.75,0,0,-0.02,False,31,0.5849056603773585,0.8387096774193549
0.75,0,0,-0.02,True,31,0.5849056603773585,0.8387096774193549
0.75,0,0,-0.03,False,31,0.5849056603773585,0.8387096774193549
0.75,0,0,-0.03,True,31,0.5849056603773585,0.8387096774193549
0.75,0,0,-0.05,False,31,0.5849056603773585,0.8387096774193549
0.75,0,0,-0.05,True,31,0.5849056603773585,0.8387096774193549
0.75,10,0,0.0,False,31,0.5849056603773585,0.8387096774193549
0.75,10,0,0.0,True,31,0.5849056603773585,0.8387096774193549
0.75,10,0,-0.01,False,31,0.5849056603773585,0.8387096774193549
0.75,10,0,-0.01,True,31,0.5849056603773585,0.8387096774193549
0.75,10,0,-0.02,False,31,0.5849056603773585,0.8387096774193549
0.75,10,0,-0.02,True,31,0.5849056603773585,0.8387096774193549
0.75,10,0,-0.03,False,31,0.5849056603773585,0.8387096774193549
0.75,10,0,-0.03,True,31,0.5849056603773585,0.8387096774193549
0.75,10,0,-0.05,False,31,0.5849056603773585,0.8387096774193549
0.75,10,0,-0.05,True,31,0.5849056603773585,0.8387096774193549
0.75,20,0,0.0,False,31,0.5849056603773585,0.8387096774193549
0.75,20,0,0.0,True,31,0.5849056603773585,0.8387096774193549
0.75,20,0,-0.01,False,31,0.5849056603773585,0.8387096774193549
0.75,20,0,-0.01,True,31,0.5849056603773585,0.8387096774193549
0.75,20,0,-0.02,False,31,0.5849056603773585,0.8387096774193549
0.75,20,0,-0.02,True,31,0.5849056603773585,0.8387096774193549
0.75,20,0,-0.03,False,31,0.5849056603773585,0.8387096774193549
0.75,20,0,-0.03,True,31,0.5849056603773585,0.8387096774193549
0.75,20,0,-0.05,False,31,0.5849056603773585,0.8387096774193549
0.75,20,0,-0.05,True,31,0.5849056603773585,0.8387096774193549
0.75,30,0,0.0,False,31,0.5849056603773585,0.8387096774193549
0.75,30,0,0.0,True,31,0.5849056603773585,0.8387096774193549
0.75,30,0,-0.01,False,31,0.5849056603773585,0.8387096774193549
0.75,30,0,-0.01,True,31,0.5849056603773585,0.8387096774193549
0.75,30,0,-0.02,False,31,0.5849056603773585,0.8387096774193549
0.75,30,0,-0.02,True,31,0.5849056603773585,0.8387096774193549
0.75,30,0,-0.03,False,31,0.5849056603773585,0.8387096774193549
0.75,30,0,-0.03,True,31,0.5849056603773585,0.8387096774193549
0.75,30,0,-0.05,False,31,0.5849056603773585,0.8387096774193549
0.75,30,0,-0.05,True,31,0.5849056603773585,0.8387096774193549
0.75,0,1,0.0,False,30,0.5660377358490566,0.8333333333333334
0.75,0,1,0.0,True,30,0.5660377358490566,0.8333333333333334
0.75,0,1,-0.01,False,30,0.5660377358490566,0.8333333333333334
0.75,0,1,-0.01,True,30,0.5660377358490566,0.8333333333333334
0.75,0,1,-0.02,False,30,0.5660377358490566,0.8333333333333334
0.75,0,1,-0.02,True,30,0.5660377358490566,0.8333333333333334
0.75,0,1,-0.03,False,30,0.5660377358490566,0.8333333333333334
0.75,0,1,-0.03,True,30,0.5660377358490566,0.8333333333333334
0.75,0,1,-0.05,False,30,0.5660377358490566,0.8333333333333334
0.75,0,1,-0.05,True,30,0.5660377358490566,0.8333333333333334
0.75,0,2,0.0,False,30,0.5660377358490566,0.8333333333333334
0.75,0,2,0.0,True,30,0.5660377358490566,0.8333333333333334
0.75,0,2,-0.01,False,30,0.5660377358490566,0.8333333333333334
0.75,0,2,-0.01,True,30,0.5660377358490566,0.8333333333333334
0.75,0,2,-0.02,False,30,0.5660377358490566,0.8333333333333334
0.75,0,2,-0.02,True,30,0.5660377358490566,0.8333333333333334
0.75,0,2,-0.03,False,30,0.5660377358490566,0.8333333333333334
0.75,0,2,-0.03,True,30,0.5660377358490566,0.8333333333333334
0.75,0,2,-0.05,False,30,0.5660377358490566,0.8333333333333334
0.75,0,2,-0.05,True,30,0.5660377358490566,0.8333333333333334
0.75,0,3,-0.05,False,30,0.5660377358490566,0.8333333333333334
0.75,10,1,0.0,False,30,0.5660377358490566,0.8333333333333334
0.75,10,1,0.0,True,30,0.5660377358490566,0.8333333333333334
0.75,10,1,-0.01,False,30,0.5660377358490566,0.8333333333333334
0.75,10,1,-0.01,True,30,0.5660377358490566,0.8333333333333334
0.75,10,1,-0.02,False,30,0.5660377358490566,0.8333333333333334
0.75,10,1,-0.02,True,30,0.5660377358490566,0.8333333333333334
0.75,10,1,-0.03,False,30,0.5660377358490566,0.8333333333333334
0.75,10,1,-0.03,True,30,0.5660377358490566,0.8333333333333334
0.75,10,1,-0.05,False,30,0.5660377358490566,0.8333333333333334
0.75,10,1,-0.05,True,30,0.5660377358490566,0.8333333333333334
0.75,10,2,0.0,False,30,0.5660377358490566,0.8333333333333334
0.75,10,2,0.0,True,30,0.5660377358490566,0.8333333333333334
0.75,10,2,-0.01,False,30,0.5660377358490566,0.8333333333333334
0.75,10,2,-0.01,True,30,0.5660377358490566,0.8333333333333334
0.75,10,2,-0.02,False,30,0.5660377358490566,0.8333333333333334
0.75,10,2,-0.02,True,30,0.5660377358490566,0.8333333333333334
0.75,10,2,-0.03,False,30,0.5660377358490566,0.8333333333333334
0.75,10,2,-0.03,True,30,0.5660377358490566,0.8333333333333334
0.75,10,2,-0.05,False,30,0.5660377358490566,0.8333333333333334
0.75,10,2,-0.05,True,30,0.5660377358490566,0.8333333333333334
0.75,10,3,-0.05,False,30,0.5660377358490566,0.8333333333333334
0.75,20,1,0.0,False,30,0.5660377358490566,0.8333333333333334
0.75,20,1,0.0,True,30,0.5660377358490566,0.8333333333333334
0.75,20,1,-0.01,False,30,0.5660377358490566,0.8333333333333334
0.75,20,1,-0.01,True,30,0.5660377358490566,0.8333333333333334
0.75,20,1,-0.02,False,30,0.5660377358490566,0.8333333333333334
0.75,20,1,-0.02,True,30,0.5660377358490566,0.8333333333333334
0.75,20,1,-0.03,False,30,0.5660377358490566,0.8333333333333334
0.75,20,1,-0.03,True,30,0.5660377358490566,0.8333333333333334
0.75,20,1,-0.05,False,30,0.5660377358490566,0.8333333333333334
0.75,20,1,-0.05,True,30,0.5660377358490566,0.8333333333333334
0.75,20,2,0.0,False,30,0.5660377358490566,0.8333333333333334
0.75,20,2,0.0,True,30,0.5660377358490566,0.8333333333333334
0.75,20,2,-0.01,False,30,0.5660377358490566,0.8333333333333334
0.75,20,2,-0.01,True,30,0.5660377358490566,0.8333333333333334
0.75,20,2,-0.02,False,30,0.5660377358490566,0.8333333333333334
0.75,20,2,-0.02,True,30,0.5660377358490566,0.8333333333333334
0.75,20,2,-0.03,False,30,0.5660377358490566,0.8333333333333334
0.75,20,2,-0.03,True,30,0.5660377358490566,0.8333333333333334
0.75,20,2,-0.05,False,30,0.5660377358490566,0.8333333333333334
0.75,20,2,-0.05,True,30,0.5660377358490566,0.8333333333333334
0.75,20,3,-0.05,False,30,0.5660377358490566,0.8333333333333334
0.75,30,1,0.0,False,30,0.5660377358490566,0.8333333333333334
0.75,30,1,0.0,True,30,0.5660377358490566,0.8333333333333334
0.75,30,1,-0.01,False,30,0.5660377358490566,0.8333333333333334
0.75,30,1,-0.01,True,30,0.5660377358490566,0.8333333333333334
0.75,30,1,-0.02,False,30,0.5660377358490566,0.8333333333333334
0.75,30,1,-0.02,True,30,0.5660377358490566,0.8333333333333334
0.75,30,1,-0.03,False,30,0.5660377358490566,0.8333333333333334
0.75,30,1,-0.03,True,30,0.5660377358490566,0.8333333333333334
0.75,30,1,-0.05,False,30,0.5660377358490566,0.8333333333333334
0.75,30,1,-0.05,True,30,0.5660377358490566,0.8333333333333334
0.75,30,2,0.0,False,30,0.5660377358490566,0.8333333333333334
0.75,30,2,0.0,True,30,0.5660377358490566,0.8333333333333334
0.75,30,2,-0.01,False,30,0.5660377358490566,0.8333333333333334
0.75,30,2,-0.01,True,30,0.5660377358490566,0.8333333333333334
0.75,30,2,-0.02,False,30,0.5660377358490566,0.8333333333333334
0.75,30,2,-0.02,True,30,0.5660377358490566,0.8333333333333334
0.75,30,2,-0.03,False,30,0.5660377358490566,0.8333333333333334
0.75,30,2,-0.03,True,30,0.5660377358490566,0.8333333333333334
0.75,30,2,-0.05,False,30,0.5660377358490566,0.8333333333333334
0.75,30,2,-0.05,True,30,0.5660377358490566,0.8333333333333334
0.75,30,3,-0.05,False,30,0.5660377358490566,0.8333333333333334
