timestamp_utc,mid_price,price_change_30s,trade_count,aggressive_buy_notional,aggressive_sell_notional,total_notional,flow_imbalance,largest_trade_notional,largest_trade_side,trades_ge_250k,trades_ge_500k,trades_ge_1m,notional_zscore,buy_notional_zscore,sell_notional_zscore,bid_depth_25,ask_depth_25,book_imbalance,flow_label,absorption_label,ticker,target,elapsed_min,remaining_min,coinbase_close,distance_target,current_side,flip_prob,stay_prob,fair_up,fair_down,preferred_side,fair_preferred,up_bid,up_ask,down_bid,down_ask,preferred_ask,edge,signal_status,entry_status,raw_flip_prob,probability_sanity,official_side,correct,flow_side,flow_agrees_model,flow_agrees_winner,abnormal_flow,absorption_event,million_plus,strong_imbalance,high_notional
2026-08-24 15:38:25.623427+00:00,79611.005,0.0,1000,308747.0039943335,1200964.488415755,1509711.492410089,-0.5909854226499225,79696.0,SELL,0,0,0,0.0,0.0,0.0,487473.2314728378,439490.9355975897,0.051762837852612,SELL_IMBALANCE,SELL_FLOW_ABSORBED_OR_REVERSED,KXBTC15M-26AUG241145-45,79898.14,8.717337983333334,6.2826620166666665,79596.71,-301.429999999993,DOWN,0.109375,0.890625,0.109375,0.890625,DOWN,0.890625,0.054,0.055,0.945,0.946,0.946,-0.0553749999999999,STRONG,NO VALUE,,OLD_SCHEMA,DOWN,True,DOWN,True,True,True,True,False,True,False
2026-08-24 15:38:55.553012+00:00,79549.125,-61.88000000000466,768,291280.8333103856,832988.7225781333,1124269.555888519,-0.4818309687658773,79609.0,BUY,0,0,0,0.0,0.0,0.0,164713.15214534738,547155.9707504644,-0.537237543116603,NORMAL_OR_MIXED,NONE,KXBTC15M-26AUG241145-45,79898.14,8.717337983333334,6.2826620166666665,79596.71,-301.429999999993,DOWN,0.109375,0.890625,0.109375,0.890625,DOWN,0.890625,0.054,0.055,0.945,0.946,0.946,-0.0553749999999999,STRONG,NO VALUE,,OLD_SCHEMA,DOWN,True,DOWN,True,True,False,False,False,False,False
2026-08-24 15:39:25.529530+00:00,79515.805,-33.320000000006985,647,638771.1839098698,429704.4599526078,1068475.6438624775,0.1956682168266352,70722.89370562641,SELL,0,0,0,0.0,0.0,0.0,324905.4203844634,435271.8021482544,-0.1451850680241092,NORMAL_OR_MIXED,NONE,KXBTC15M-26AUG241145-45,79898.14,9.7107973,5.289202700000001,79520.55,-377.5899999999965,DOWN,0.0698924731182795,0.9301075268817204,0.0698924731182795,0.9301075268817204,DOWN,0.9301075268817204,0.02,0.021,0.979,0.98,0.98,-0.0498924731182794,90%+ LOCK CANDIDATE,NO VALUE,,OLD_SCHEMA,DOWN,True,UP,False,False,False,False,False,False,False
2026-08-24 15:39:56.099763+00:00,79525.32500000001,9.520000000018626,581,110966.9693830552,170303.9263805434,281270.8957635986,-0.2109601735949227,22867.5159020392,SELL,0,0,0,0.0,0.0,0.0,516710.2144099855,361887.14610484993,0.1762161773561591,NORMAL_OR_MIXED,NONE,KXBTC15M-26AUG241145-45,79898.14,9.7107973,5.289202700000001,79520.55,-377.5899999999965,DOWN,0.0698924731182795,0.9301075268817204,0.0698924731182795,0.9301075268817204,DOWN,0.9301075268817204,0.02,0.021,0.979,0.98,0.98,-0.0498924731182794,90%+ LOCK CANDIDATE,NO VALUE,,OLD_SCHEMA,DOWN,True,DOWN,True,True,False,False,False,False,False
2026-08-24 15:40:25.522282+00:00,79534.845,9.519999999989524,777,414903.9699885234,167873.0916153387,582777.0616038621,0.4238857268907092,39784.53,BUY,0,0,0,0.0,0.0,0.0,258346.6262421561,259125.530802226,-0.0015052105692384,NORMAL_OR_MIXED,NONE,KXBTC15M-26AUG241145-45,79898.14,10.696382966666668,4.3036170333333335,79504.82,-393.3199999999924,DOWN,0.0512820512820512,0.9487179487179488,0.0512820512820512,0.9487179487179488,DOWN,0.9487179487179488,0.024,0.025,0.975,0.976,0.976,-0.0272820512820513,LOCK,NO VALUE,,OLD_SCHEMA,DOWN,True,UP,False,False,False,False,False,False,False
2026-08-24 15:40:55.581862+00:00,79568.155,33.30999999999767,696,201048.0204260321,96256.0843688771,297304.1047949092,0.3524738958092898,17470.7118439865,BUY,0,0,0,0.0,0.0,0.0,456452.1892316653,73388.56532377872,0.7229787829916766,NORMAL_OR_MIXED,NONE,KXBTC15M-26AUG241145-45,79898.14,10.696382966666668,4.3036170333333335,79504.82,-393.3199999999924,DOWN,0.0512820512820512,0.9487179487179488,0.0512820512820512,0.9487179487179488,DOWN,0.9487179487179488,0.024,0.025,0.975,0.976,0.976,-0.0272820512820513,LOCK,NO VALUE,,OLD_SCHEMA,DOWN,True,UP,False,False,False,False,False,False,False
2026-08-24 15:41:25.551340+00:00,79589.125,20.970000000001164,730,302068.8332408486,219008.2666046081,521077.0998454567,0.1594016829004287,68256.0838791932,SELL,0,0,0,0.0,0.0,0.0,249522.19938616676,308619.2537900928,-0.1058818585640213,NORMAL_OR_MIXED,NONE,KXBTC15M-26AUG241145-45,79898.14,11.680414583333334,3.319585416666667,79584.46,-313.679999999993,DOWN,0.0698924731182795,0.9301075268817204,0.0698924731182795,0.9301075268817204,DOWN,0.9301075268817204,0.015,0.016,0.984,0.985,0.985,-0.0548924731182794,LOCK,NO VALUE,,OLD_SCHEMA,DOWN,True,UP,False,False,False,False,False,False,False
2026-08-24 15:41:55.655474+00:00,79577.66500000001,-11.459999999991853,578,118870.4151355612,186082.49277995696,304952.9079155181,-0.2204014977388433,42987.5578094855,SELL,0,0,0,0.0,0.0,0.0,487131.91779453895,94940.5593477168,0.6737844063205422,NORMAL_OR_MIXED,NONE,KXBTC15M-26AUG241145-45,79898.14,11.680414583333334,3.319585416666667,79584.46,-313.679999999993,DOWN,0.0698924731182795,0.9301075268817204,0.0698924731182795,0.9301075268817204,DOWN,0.9301075268817204,0.015,0.016,0.984,0.985,0.985,-0.0548924731182794,LOCK,NO VALUE,,OLD_SCHEMA,DOWN,True,DOWN,True,True,False,False,False,False,False
2026-08-24 15:42:25.557248+00:00,79558.64499999999,-19.020000000018623,582,95031.15961309832,164706.9870864612,259738.1466995595,-0.2682541180751446,39735.4982883529,BUY,0,0,0,-1.0393142838803873,-1.2655854026715183,-0.6675034269657291,137228.97249176432,261598.0649073465,-0.3118371643673811,NORMAL_OR_MIXED,NONE,KXBTC15M-26AUG241145-45,79898.14,12.669061316666667,2.3309386833333336,79545.12,-353.0200000000041,DOWN,0.0119047619047619,0.988095238095238,0.0119047619047619,0.988095238095238,DOWN,0.988095238095238,0.001,0.002,0.998,0.999,0.999,-0.0109047619047618,LOCK,NO VALUE,,OLD_SCHEMA,DOWN,True,DOWN,True,True,False,False,False,False,False
2026-08-24 15:42:55.620131+00:00,79567.92499999999,9.279999999998836,530,117178.8154710126,114585.3169928803,231764.1324638929,0.011190249546212,22553.812224651498,BUY,0,0,0,-0.9904247416946328,-0.964644084029019,-0.753871010805106,223351.74223922024,54109.9642458195,0.6099644528875771,NORMAL_OR_MIXED,NONE,KXBTC15M-26AUG241145-45,79898.14,12.669061316666667,2.3309386833333336,79545.12,-353.0200000000041,DOWN,0.0119047619047619,0.988095238095238,0.0119047619047619,0.988095238095238,DOWN,0.988095238095238,0.001,0.002,0.998,0.999,0.999,-0.0109047619047618,LOCK,NO VALUE,,OLD_SCHEMA,DOWN,True,UP,False,False,False,False,False,False,False
2026-08-24 15:43:25.544164+00:00,79479.725,-88.19999999998254,709,207985.34563322295,403333.3114125212,611318.6570457441,-0.3195517812646777,71653.7816274,SELL,0,0,0,-0.0158166293371456,-0.3183452821655401,0.1287266232255424,456919.8481619666,246631.5520507389,0.2988954268979508,NORMAL_OR_MIXED,NONE,KXBTC15M-26AUG241145-45,79898.14,13.656392416666668,1.3436075833333334,79391.85,-506.2899999999936,DOWN,0.0698924731182795,0.9301075268817204,0.0698924731182795,0.9301075268817204,DOWN,0.9301075268817204,0.0,0.001,0.999,1.0,1.0,-0.0698924731182795,LOCK,NO VALUE,,OLD_SCHEMA,DOWN,True,DOWN,True,True,False,False,False,False,False
2026-08-24 15:43:55.568855+00:00,79124.37,-355.3550000000105,1000,569194.2625162081,1192989.399763222,1762183.6622794303,-0.3539898539520669,70672.6348531765,SELL,0,0,0,2.7860632228883198,2.010897178468534,2.485486482735167,609170.5496431052,301732.60173864226,0.3375089299428933,NORMAL_OR_MIXED,NONE,KXBTC15M-26AUG241145-45,79898.14,13.656392416666668,1.3436075833333334,79391.85,-506.2899999999936,DOWN,0.0698924731182795,0.9301075268817204,0.0698924731182795,0.9301075268817204,DOWN,0.9301075268817204,0.0,0.001,0.999,1.0,1.0,-0.0698924731182795,LOCK,NO VALUE,,OLD_SCHEMA,DOWN,True,DOWN,True,True,False,False,False,False,True
2026-08-24 15:44:25.562590+00:00,79147.285,22.91500000000815,1000,825245.4422826928,965894.5861453492,1791140.028428042,-0.0785249291682093,77850.101384055,SELL,0,0,0,2.135958512915585,3.146173113145899,1.356816326087249,293685.6812548719,156378.96217849493,0.3050822166987342,NORMAL_OR_MIXED,NONE,KXBTC15M-26AUG241145-45,79898.14,14.644190366666669,0.3558096333333333,79234.96,-663.179999999993,DOWN,0.0698924731182795,0.9301075268817204,0.0698924731182795,0.9301075268817204,DOWN,0.9301075268817204,0.0,0.001,0.999,1.0,1.0,-0.0698924731182795,LOCK,NO VALUE,,OLD_SCHEMA,DOWN,True,DOWN,True,True,False,False,False,False,True
2026-08-24 15:44:55.626580+00:00,79220.07500000001,72.79000000000815,869,396574.3608286541,583123.6446600921,979698.005488746,-0.1904150899423066,39997.70291356,SELL,0,0,0,0.3261456916804155,0.3329595974658019,0.2732250957719747,285826.9005537076,115423.3978382824,0.4246813108882835,NORMAL_OR_MIXED,NONE,KXBTC15M-26AUG241145-45,79898.14,14.644190366666669,0.3558096333333333,79234.96,-663.179999999993,DOWN,0.0698924731182795,0.9301075268817204,0.0698924731182795,0.9301075268817204,DOWN,0.9301075268817204,0.0,0.001,0.999,1.0,1.0,-0.0698924731182795,LOCK,NO VALUE,,OLD_SCHEMA,DOWN,True,DOWN,True,True,False,False,False,False,False
2026-08-24 15:45:25.565726+00:00,79230.195,10.119999999995343,1000,822836.8007970672,1269354.2762439302,2092191.077040997,-0.2134209825989585,96221.97991453232,SELL,0,0,0,2.353359965503812,2.318359380306388,2.019468576252193,691337.508645528,187842.8717216969,0.5726863885583142,NORMAL_OR_MIXED,NONE,KXBTC15M-26AUG241200-00,79171.65,0.6310689333333334,14.368931066666669,79221.37,49.72000000000117,UP,0.4336734693877551,0.5663265306122449,0.5663265306122449,0.4336734693877551,UP,0.5663265306122449,0.51,0.52,0.48,0.49,0.52,0.0463265306122449,RAW,SMALL EDGE,,OLD_SCHEMA,DOWN,False,DOWN,False,True,False,False,False,False,True
2026-08-24 15:45:55.635304+00:00,79387.275,157.0799999999872,866,714006.9207157958,516437.8151500677,1230444.7358658635,0.1605672321615475,70536.40230918,SELL,0,0,0,0.5449667776392901,1.4685290823646324,-0.0392575568271186,478372.232337978,42783.304370576,0.8358136818778471,NORMAL_OR_MIXED,NONE,KXBTC15M-26AUG241200-00,79171.65,0.6310689333333334,14.368931066666669,79221.37,49.72000000000117,UP,0.4336734693877551,0.5663265306122449,0.5663265306122449,0.4336734693877551,UP,0.5663265306122449,0.51,0.52,0.48,0.49,0.52,0.0463265306122449,RAW,SMALL EDGE,,OLD_SCHEMA,DOWN,False,UP,True,False,False,False,False,False,False
2026-08-24 15:46:25.640823+00:00,79412.905,25.630000000004657,956,1104217.9901844517,113194.0878598391,1217412.078044291,0.8140414574468826,12015.837224426,BUY,0,0,0,0.5011952277925236,2.910306006045531,-1.0165779243748754,131615.84461532082,150991.0703366108,-0.0685589229994089,BUY_IMBALANCE,NONE,KXBTC15M-26AUG241200-00,79171.65,1.6228667666666667,13.377133233333332,79347.39,175.74000000000524,UP,0.2738853503184713,0.7261146496815287,0.7261146496815287,0.2738853503184713,UP,0.7261146496815287,0.79,0.8,0.2,0.21,0.8,-0.0738853503184713,LEAN,NO VALUE,,OLD_SCHEMA,DOWN,False,UP,True,False,True,False,False,True,False
2026-08-24 15:46:55.626163+00:00,79459.16500000001,46.26000000000931,1000,1039705.4782751956,480174.60406727577,1519880.0823424717,0.3681414610984038,41136.10709072,BUY,0,0,0,0.9965009877456577,2.08731523131188,-0.0662652626165253,447205.8425039011,61700.083124491895,0.7575187082040551,NORMAL_OR_MIXED,NONE,KXBTC15M-26AUG241200-00,79171.65,1.6228667666666667,13.377133233333332,79347.39,175.74000000000524,UP,0.2738853503184713,0.7261146496815287,0.7261146496815287,0.2738853503184713,UP,0.7261146496815287,0.79,0.8,0.2,0.21,0.8,-0.0738853503184713,LEAN,NO VALUE,,OLD_SCHEMA,DOWN,False,UP,True,False,False,False,False,False,False
2026-08-24 15:47:25.554281+00:00,79499.455,40.2899999999936,1000,853294.0153010695,276608.7512300572,1129902.7665311266,0.5103848589038088,15132.696134047,BUY,0,0,0,0.2791408721326338,1.2349339708915474,-0.5730617203160354,268390.4674594953,220382.5969914316,0.0982211868037252,BUY_IMBALANCE,NONE,KXBTC15M-26AUG241200-00,79171.65,2.6084602166666664,12.391539783333334,79483.97,312.320000000007,UP,0.1981132075471698,0.8018867924528301,0.8018867924528301,0.1981132075471698,UP,0.8018867924528301,0.81,0.82,0.18,0.19,0.82,-0.0181132075471698,STRONG,NO VALUE,,OLD_SCHEMA,DOWN,False,UP,True,False,True,False,False,True,False
2026-08-24 15:47:55.725624+00:00,79501.685,2.229999999995925,974,1018169.5730277672,291972.3657984201,1310141.9388261873,0.5542889558057948,39737.5,SELL,0,0,0,0.5856155629728401,1.668130187253724,-0.5139123988019442,244921.5643637053,289270.57360389526,-0.0830207075097008,BUY_IMBALANCE,BUY_FLOW_WEAK_FOLLOW_THROUGH,KXBTC15M-26AUG241200-00,79171.65,2.6084602166666664,12.391539783333334,79483.97,312.320000000007,UP,0.1981132075471698,0.8018867924528301,0.8018867924528301,0.1981132075471698,UP,0.8018867924528301,0.81,0.82,0.18,0.19,0.82,-0.0181132075471698,STRONG,NO VALUE,,OLD_SCHEMA,DOWN,False,UP,True,False,True,True,False,True,False
2026-08-24 15:48:25.566040+00:00,79415.05,-86.63499999999476,906,818972.5487935544,455664.8781527255,1274637.42694628,0.2850282464333605,20730.74560461,SELL,0,0,0,0.5029374179561406,0.929141138999386,-0.0729369667117568,159068.13306417168,273031.40077340987,-0.2637430933958724,NORMAL_OR_MIXED,NONE,KXBTC15M-26AUG241200-00,79171.65,3.5897788333333334,11.410221166666668,79377.77,206.1200000000099,UP,0.2406015037593984,0.7593984962406015,0.7593984962406015,0.2406015037593984,UP,0.7593984962406015,0.83,0.84,0.16,0.17,0.84,-0.0806015037593984,LEAN,NO VALUE,,OLD_SCHEMA,DOWN,False,UP,True,False,False,False,False,False,False
2026-08-24 15:48:55.661848+00:00,79330.155,-84.89500000000407,883,830930.7996946095,289482.16349432047,1120412.96318893,0.4832580967817552,55233.83025314,BUY,0,0,0,0.2090622890150547,0.9244911948560116,-0.5129101347510705,311368.31998808094,63552.40224066171,0.6609821838447874,NORMAL_OR_MIXED,NONE,KXBTC15M-26AUG241200-00,79171.65,3.5897788333333334,11.410221166666668,79377.77,206.1200000000099,UP,0.2406015037593984,0.7593984962406015,0.7593984962406015,0.2406015037593984,UP,0.7593984962406015,0.83,0.84,0.16,0.17,0.84,-0.0806015037593984,LEAN,NO VALUE,,OLD_SCHEMA,DOWN,False,UP,True,False,False,False,False,False,False
2026-08-24 15:49:25.598069+00:00,79237.175,-92.97999999999593,798,602142.4504657807,245612.5504663971,847755.0009321778,0.4205577078369918,57273.9377525,SELL,0,0,0,-0.2999894355505889,0.1978911399544408,-0.6167972092034193,517010.8527054614,351458.8504213448,0.190624959843814,NORMAL_OR_MIXED,NONE,KXBTC15M-26AUG241200-00,79171.65,4.576868483333333,10.423131516666666,79252.44,80.79000000000815,UP,0.4336734693877551,0.5663265306122449,0.5663265306122449,0.4336734693877551,UP,0.5663265306122449,0.69,0.7,0.3,0.31,0.7,-0.133673469387755,RAW,NO VALUE,,OLD_SCHEMA,DOWN,False,UP,True,False,False,False,False,False,False
2026-08-24 15:49:55.637665+00:00,79267.065,29.889999999999414,738,752604.7987878683,321495.84729595337,1074100.6460838218,0.4013673700539527,79270.0,BUY,0,0,0,0.1341746898879383,0.6558126902579771,-0.3901801701976906,314860.5248377115,319346.21704854624,-0.0070729178902977,NORMAL_OR_MIXED,NONE,KXBTC15M-26AUG241200-00,79171.65,4.576868483333333,10.423131516666666,79252.44,80.79000000000815,UP,0.4336734693877551,0.5663265306122449,0.5663265306122449,0.4336734693877551,UP,0.5663265306122449,0.69,0.7,0.3,0.31,0.7,-0.133673469387755,RAW,NO VALUE,,OLD_SCHEMA,DOWN,False,UP,True,False,False,False,False,False,False
2026-08-24 15:50:25.618891+00:00,79244.445,-22.619999999995343,1000,1099611.4494975084,697589.5674129103,1797201.0169104186,0.2236933310752944,70914.59872074,BUY,0,0,0,1.524235844486621,1.716135609105509,0.6696442489818947,269958.61585837486,246046.48011709945,0.0463408906768083,NORMAL_OR_MIXED,NONE,KXBTC15M-26AUG241200-00,79171.65,5.555724683333334,9.444275316666667,79249.21,77.56000000001222,UP,0.4336734693877551,0.5663265306122449,0.5663265306122449,0.4336734693877551,UP,0.5663265306122449,0.55,0.56,0.44,0.45,0.56,0.0063265306122448,RAW,SMALL EDGE,,OLD_SCHEMA,DOWN,False,UP,True,False,False,False,False,False,False
2026-08-24 15:51:00.086760+00:00,79249.815,5.369999999995343,638,494949.3072208622,154868.36549176922,649817.6727126314,0.5233482498397467,118817.565,BUY,0,0,0,-0.7292518973911828,-0.2259708807353891,-0.8830398677147584,384642.14878908574,179915.2991899044,0.3626324483576739,BUY_IMBALANCE,NONE,KXBTC15M-26AUG241200-00,79171.65,5.555724683333334,9.444275316666667,79249.21,77.56000000001222,UP,0.4336734693877551,0.5663265306122449,0.5663265306122449,0.4336734693877551,UP,0.5663265306122449,0.55,0.56,0.44,0.45,0.56,0.0063265306122448,RAW,SMALL EDGE,,OLD_SCHEMA,DOWN,False,UP,True,False,True,False,False,True,False
2026-08-24 15:51:25.543181+00:00,79191.595,-58.22000000000117,697,329750.9281656375,218033.049722867,547783.9778885045,0.2039451370472713,66598.2781498194,SELL,0,0,0,-0.9016025812017222,-0.7269412091865834,-0.6738684369364191,254090.17548233888,254329.39428729264,-0.000470514549749,NORMAL_OR_MIXED,NONE,KXBTC15M-26AUG241200-00,79171.65,6.531182933333333,8.468817066666666,79190.18,18.52999999999884,UP,0.4285714285714285,0.5714285714285714,0.5714285714285714,0.4285714285714285,UP,0.5714285714285714,0.62,0.63,0.37,0.38,0.63,-0.0585714285714286,RAW,NO VALUE,,OLD_SCHEMA,DOWN,False,UP,True,False,False,False,False,False,False
2026-08-24 15:51:55.654298+00:00,79239.565,47.97000000000117,698,597661.0404621761,89369.8639472365,687030.9044094125,0.7398374268940322,39603.122377728,BUY,0,0,0,-0.606287545657897,0.121004577585412,-1.0249206330275786,345441.95397678635,185812.04643865905,0.3004775632998439,BUY_IMBALANCE,NONE,KXBTC15M-26AUG241200-00,79171.65,6.531182933333333,8.468817066666666,79190.18,18.52999999999884,UP,0.4285714285714285,0.5714285714285714,0.5714285714285714,0.4285714285714285,UP,0.5714285714285714,0.62,0.63,0.37,0.38,0.63,-0.0585714285714286,RAW,NO VALUE,,OLD_SCHEMA,DOWN,False,UP,True,False,True,False,False,True,False
2026-08-24 15:52:25.559496+00:00,79158.805,-80.76000000000931,715,471068.6260938913,298422.7027068293,769491.3288007206,0.2243637022604747,42428.59681352,SELL,0,0,0,-0.4324605580234901,-0.2792756380461458,-0.3884443347616787,124297.54952724214,267924.2994661755,-0.3661875296022678,NORMAL_OR_MIXED,NONE,KXBTC15M-26AUG241200-00,79171.65,7.508802116666667,7.491197883333333,79175.64,3.990000000005239,UP,0.4285714285714285,0.5714285714285714,0.5714285714285714,0.4285714285714285,UP,0.5714285714285714,0.59,0.6,0.4,0.41,0.6,-0.0285714285714285,RAW,NO VALUE,,OLD_SCHEMA,DOWN,False,UP,True,False,False,False,False,False,False
2026-08-24 15:52:55.640113+00:00,79160.89499999999,2.0899999999965075,756,666013.4659838268,467648.055360652,1133661.5213444787,0.1749776338778095,39905.10055694629,SELL,0,0,0,0.2888965037267809,0.348965498910662,0.1120156859793848,288222.71346481907,176980.70916462378,0.2391255070124558,NORMAL_OR_MIXED,NONE,KXBTC15M-26AUG241200-00,79171.65,7.508802116666667,7.491197883333333,79175.64,3.990000000005239,UP,0.4285714285714285,0.5714285714285714,0.5714285714285714,0.4285714285714285,UP,0.5714285714285714,0.59,0.6,0.4,0.41,0.6,-0.0285714285714285,RAW,NO VALUE,,OLD_SCHEMA,DOWN,False,UP,True,False,False,False,False,False,False
2026-08-24 15:53:25.544939+00:00,79173.035,12.14000000001397,748,309188.571956742,148416.9276085133,457605.4995652553,0.3513324129648105,22875.306529457,SELL,0,0,0,-1.0597503802234416,-0.815102740736536,-0.8350521226171009,240023.4541339984,97299.2223485704,0.4231089153972229,NORMAL_OR_MIXED,NONE,KXBTC15M-26AUG241200-00,79171.65,8.495316583333333,6.5046834166666665,79170.48,-1.1699999999982538,DOWN,0.3934426229508196,0.6065573770491803,0.3934426229508196,0.6065573770491803,DOWN,0.6065573770491803,0.44,0.45,0.55,0.56,0.56,0.0465573770491802,RAW,SMALL EDGE,,OLD_SCHEMA,DOWN,True,UP,False,False,False,False,False,False,False
2026-08-24 15:53:55.592263+00:00,79210.125,37.08999999999651,639,337336.3970886832,219704.04964902432,557040.4467377076,0.2111737991892143,86180.75304206941,SELL,0,0,0,-0.8268195205406804,-0.701551759962767,-0.6002082648643364,252639.544870173,81402.2469419357,0.5126223787727572,NORMAL_OR_MIXED,NONE,KXBTC15M-26AUG241200-00,79171.65,8.495316583333333,6.5046834166666665,79170.48,-1.1699999999982538,DOWN,0.3934426229508196,0.6065573770491803,0.3934426229508196,0.6065573770491803,DOWN,0.6065573770491803,0.44,0.45,0.55,0.56,0.56,0.0465573770491802,RAW,SMALL EDGE,,OLD_SCHEMA,DOWN,True,UP,False,False,False,False,False,False,False
2026-08-24 15:54:25.561116+00:00,79292.08499999999,81.95999999999185,665,295614.1534156368,90324.3043986626,385938.4578142994,0.531923794740748,12882.72883816,SELL,0,0,0,-1.1465710327685452,-0.8225095594606742,-0.976521480618742,242909.3540717949,303309.6293941597,-0.1105788651633882,BUY_IMBALANCE,NONE,KXBTC15M-26AUG241200-00,79171.65,9.481132666666667,5.518867333333334,79306.71,135.06000000001222,UP,0.1981132075471698,0.8018867924528301,0.8018867924528301,0.1981132075471698,UP,0.8018867924528301,0.77,0.78,0.22,0.23,0.78,0.02188679245283,STRONG,SMALL EDGE,,OLD_SCHEMA,DOWN,False,UP,True,False,True,False,False,True,False
2026-08-24 15:54:56.014282+00:00,79147.975,-144.10999999998603,666,188903.8063011663,41051.2708548,229955.0771559663,0.6429626919960796,9360.7657042302,BUY,0,0,0,-1.4171077445050586,-1.1546702081213247,-1.0963525751150844,182868.28943688312,778080.4913774793,-0.6194005485247398,BUY_IMBALANCE,BUY_FLOW_ABSORBED_OR_REVERSED,KXBTC15M-26AUG241200-00,79171.65,9.481132666666667,5.518867333333334,79306.71,135.06000000001222,UP,0.1981132075471698,0.8018867924528301,0.8018867924528301,0.1981132075471698,UP,0.8018867924528301,0.77,0.78,0.22,0.23,0.78,0.02188679245283,STRONG,SMALL EDGE,,OLD_SCHEMA,DOWN,False,UP,True,False,True,True,False,True,False
2026-08-24 15:55:25.584739+00:00,79049.79000000001,-98.18499999999769,1000,1060219.1220083684,262580.4934578095,1322799.615466178,0.6029927883441794,100271.696955379,BUY,0,0,0,0.7847738071094913,1.7532016123915888,-0.3962057596637948,468167.81742467446,408248.1565606613,0.0683689739149092,BUY_IMBALANCE,BUY_FLOW_ABSORBED_OR_REVERSED,KXBTC15M-26AUG241200-00,79171.65,10.45496445,4.54503555,79076.95,-94.69999999999708,DOWN,0.2406015037593984,0.7593984962406015,0.2406015037593984,0.7593984962406015,DOWN,0.7593984962406015,0.55,0.56,0.44,0.45,0.45,0.3093984962406015,LEAN,IDEAL <=50c / LARGE EDGE,,OLD_SCHEMA,DOWN,True,UP,False,False,True,True,False,True,False
2026-08-24 15:55:55.791197+00:00,79113.025,63.23499999998603,1000,834347.4047366041,143743.7048552837,978091.1095918878,0.7060729753176852,47222.654497308,BUY,0,0,0,0.0874085827067613,0.9332415412688406,-0.7509270894785415,460957.0299860362,196016.9902821745,0.4032732368864441,BUY_IMBALANCE,NONE,KXBTC15M-26AUG241200-00,79171.65,10.45496445,4.54503555,79076.95,-94.69999999999708,DOWN,0.2406015037593984,0.7593984962406015,0.2406015037593984,0.7593984962406015,DOWN,0.7593984962406015,0.55,0.56,0.44,0.45,0.45,0.3093984962406015,LEAN,IDEAL <=50c / LARGE EDGE,,OLD_SCHEMA,DOWN,True,UP,False,False,True,False,False,True,False
2026-08-24 15:56:25.667577+00:00,79077.88500000001,-35.139999999984866,1000,1044858.00064464,266678.012814309,1311536.013458949,0.5933348225627568,131594.5695038625,SELL,0,0,0,0.7525857991493836,1.585005517809022,-0.3585722445337191,302432.9253250616,312663.4950098079,-0.016632465003091,BUY_IMBALANCE,BUY_FLOW_ABSORBED_OR_REVERSED,KXBTC15M-26AUG241200-00,79171.65,11.437398366666669,3.5626016333333337,79130.3,-41.34999999999127,DOWN,0.2406015037593984,0.7593984962406015,0.2406015037593984,0.7593984962406015,DOWN,0.7593984962406015,0.31,0.32,0.68,0.69,0.69,0.0693984962406015,LEAN,SMALL EDGE,,OLD_SCHEMA,DOWN,True,UP,False,False,True,True,False,True,False
2026-08-24 15:56:55.574177+00:00,79063.1,-14.785000000003492,1000,1406043.9157531783,675979.9989010787,2082023.914654257,0.3506510716392682,118561.3327409959,BUY,0,0,0,2.286020767595509,2.650358139105393,0.9142613079250194,325078.8294980868,242962.1791322963,0.1445611304785614,NORMAL_OR_MIXED,NONE,KXBTC15M-26AUG241200-00,79171.65,12.412188383333334,2.587811616666667,78944.39,-227.2599999999948,DOWN,0.1071428571428571,0.8928571428571429,0.1071428571428571,0.8928571428571429,DOWN,0.8928571428571429,0.15,0.16,0.84,0.85,0.85,0.0428571428571429,STRONG,SMALL EDGE,,OLD_SCHEMA,DOWN,True,UP,False,False,False,False,False,False,True
2026-08-24 15:57:25.638442+00:00,78995.005,-68.09500000000116,899,339075.0514073023,507972.68923996383,847047.7406472662,-0.1993956535479328,80536.39358,SELL,0,0,0,-0.2445978977144093,-0.7256914447842059,0.3709019606982641,467884.5285712247,129495.2126478767,0.566455961885786,NORMAL_OR_MIXED,NONE,KXBTC15M-26AUG241200-00,79171.65,12.412188383333334,2.587811616666667,78944.39,-227.2599999999948,DOWN,0.1071428571428571,0.8928571428571429,0.1071428571428571,0.8928571428571429,DOWN,0.8928571428571429,0.15,0.16,0.84,0.85,0.85,0.0428571428571429,STRONG,SMALL EDGE,,OLD_SCHEMA,DOWN,True,DOWN,True,True,False,False,False,False,False
2026-08-24 15:57:55.651770+00:00,78877.185,-117.82000000000698,1000,832787.7894489779,908126.261910028,1740914.0513590055,-0.0432752394652905,127249.9663008,SELL,0,0,0,1.4875978647800745,0.7451190446826056,1.62155598271654,717959.2218916409,461248.5355534951,0.2176975895191985,NORMAL_OR_MIXED,NONE,KXBTC15M-26AUG241200-00,79171.65,13.387158233333334,1.6128417666666666,78920.97,-250.67999999999304,DOWN,0.1071428571428571,0.8928571428571429,0.1071428571428571,0.8928571428571429,DOWN,0.8928571428571429,0.013,0.014,0.986,0.987,0.987,-0.094142857142857,STRONG,NO VALUE,,OLD_SCHEMA,DOWN,True,DOWN,True,True,False,False,False,False,False
2026-08-24 15:58:25.687362+00:00,78932.92499999999,55.73999999999069,952,1078473.4238843103,250002.5393873696,1328475.96327168,0.6236250465959801,41535.57229190179,BUY,0,0,0,0.6434540606661547,1.4597597284238994,-0.4756288953906821,267191.9570619782,427010.0535530922,-0.2302184292861864,BUY_IMBALANCE,NONE,KXBTC15M-26AUG241200-00,79171.65,13.387158233333334,1.6128417666666666,78920.97,-250.67999999999304,DOWN,0.1071428571428571,0.8928571428571429,0.1071428571428571,0.8928571428571429,DOWN,0.8928571428571429,0.013,0.014,0.986,0.987,0.987,-0.094142857142857,STRONG,NO VALUE,,OLD_SCHEMA,DOWN,True,UP,False,False,True,False,False,True,False
2026-08-24 15:58:55.798302+00:00,78925.565,-7.35999999998603,827,491967.9151147458,365494.2780222123,857462.1931369582,0.1474976250904306,78923.58,SELL,0,0,0,-0.2477686891627367,-0.3323446075948855,-0.0507377836096796,476270.0612314381,481732.816336954,-0.0057022324602839,NORMAL_OR_MIXED,NONE,KXBTC15M-26AUG241200-00,79171.65,14.364971516666666,0.6350284833333333,78956.49,-215.1599999999889,DOWN,0.0698924731182795,0.9301075268817204,0.0698924731182795,0.9301075268817204,DOWN,0.9301075268817204,0.001,0.002,0.998,0.999,0.999,-0.0688924731182795,LOCK,NO VALUE,,OLD_SCHEMA,DOWN,True,UP,False,False,False,False,False,False,False
2026-08-24 15:59:26.001397+00:00,78978.85500000001,53.29000000000815,780,471209.3190028175,505178.4135841146,976387.732586932,-0.0347905790369735,78974.0,SELL,0,0,0,-0.0065760355481231,-0.4114319045740646,0.4688095922251477,292503.4180213922,289502.3376677467,0.0051564444583404,NORMAL_OR_MIXED,NONE,KXBTC15M-26AUG241200-00,79171.65,14.364971516666666,0.6350284833333333,78956.49,-215.1599999999889,DOWN,0.0698924731182795,0.9301075268817204,0.0698924731182795,0.9301075268817204,DOWN,0.9301075268817204,0.001,0.002,0.998,0.999,0.999,-0.0688924731182795,LOCK,NO VALUE,,OLD_SCHEMA,DOWN,True,DOWN,True,True,False,False,False,False,False
2026-08-24 15:59:55.561204+00:00,79035.035,56.179999999993015,547,157946.8400026224,96154.0156325938,254100.8556352162,0.2431822758548186,16208.548489494902,BUY,0,0,0,-1.3900133950254918,-1.3197263595124284,-0.9437085408940832,343569.59577234817,131590.33515967496,0.446121919827872,NORMAL_OR_MIXED,NONE,KXBTC15M-26AUG241200-00,79171.65,14.364971516666666,0.6350284833333333,78956.49,-215.1599999999889,DOWN,0.0698924731182795,0.9301075268817204,0.0698924731182795,0.9301075268817204,DOWN,0.9301075268817204,0.001,0.002,0.998,0.999,0.999,-0.0688924731182795,LOCK,NO VALUE,,OLD_SCHEMA,DOWN,True,UP,False,False,False,False,False,False,False
2026-08-24 16:00:25.618390+00:00,79171.14499999999,136.10999999998603,653,453660.0817163852,136866.0509074745,590526.1326238597,0.536460646375315,46737.851263422,BUY,0,0,0,-0.7409571733697485,-0.4555754845951076,-0.793395438448084,233432.9843553882,277963.7830459878,-0.0870768091024107,BUY_IMBALANCE,NONE,KXBTC15M-26AUG241215-15,79017.58,0.8959620666666667,14.104037933333332,79163.56,145.97999999999593,UP,0.3934426229508196,0.6065573770491803,0.6065573770491803,0.3934426229508196,UP,0.6065573770491803,0.67,0.68,0.32,0.33,0.68,-0.0734426229508197,RAW,NO VALUE,,OLD_SCHEMA,UP,True,UP,True,True,True,False,False,True,False
2026-08-24 16:00:55.647394+00:00,79158.805,-12.339999999996508,812,324736.9378771318,252309.4248113196,577046.3626884514,0.1255142008492582,50088.1879463812,SELL,0,0,0,-0.767397363069049,-0.8407225772577674,-0.3954570081922674,288338.41151117947,437592.4575121119,-0.205603663337457,NORMAL_OR_MIXED,NONE,KXBTC15M-26AUG241215-15,79017.58,0.8959620666666667,14.104037933333332,79163.56,145.97999999999593,UP,0.3934426229508196,0.6065573770491803,0.6065573770491803,0.3934426229508196,UP,0.6065573770491803,0.67,0.68,0.32,0.33,0.68,-0.0734426229508197,RAW,NO VALUE,,OLD_SCHEMA,UP,True,UP,True,True,False,False,False,False,False
2026-08-24 16:01:25.630657+00:00,79168.305,9.5,576,775775.7391273082,234957.6082735496,1010733.3474008578,0.5350749851526069,79147.0,BUY,0,0,0,0.0519899903335699,0.489811507449412,-0.4721628936628453,250240.01852970288,454477.394292017,-0.2898145725455237,BUY_IMBALANCE,NONE,KXBTC15M-26AUG241215-15,79017.58,1.8847842333333331,13.115215766666669,79205.41,187.83000000000172,UP,0.2738853503184713,0.7261146496815287,0.7261146496815287,0.2738853503184713,UP,0.7261146496815287,0.68,0.69,0.31,0.32,0.69,0.0361146496815287,LEAN,SMALL EDGE,,OLD_SCHEMA,UP,True,UP,True,True,True,False,False,True,False
2026-08-24 16:01:55.668504+00:00,79177.64499999999,9.339999999996508,985,1287544.804776538,516393.2976819456,1803938.1024584835,0.4274822434559336,48024.9595145936,BUY,0,0,0,1.588354352223466,2.000451791981151,0.4953557868820414,275077.6099978467,243269.986210385,0.0613635020595019,NORMAL_OR_MIXED,NONE,KXBTC15M-26AUG241215-15,79017.58,1.8847842333333331,13.115215766666669,79205.41,187.83000000000172,UP,0.2738853503184713,0.7261146496815287,0.7261146496815287,0.2738853503184713,UP,0.7261146496815287,0.68,0.69,0.31,0.32,0.69,0.0361146496815287,LEAN,SMALL EDGE,,OLD_SCHEMA,UP,True,UP,True,True,False,False,False,False,False
2026-08-24 16:02:25.578876+00:00,79170.265,-7.379999999990105,592,194228.7263912608,187185.8390869349,381414.56547819567,0.0184651765867827,51462.5581248049,BUY,0,0,0,-1.2755551601424449,-1.3590448364119003,-0.6684846722834905,531110.9154673285,145994.37886083743,0.5687690523652005,NORMAL_OR_MIXED,NONE,KXBTC15M-26AUG241215-15,79017.58,2.8686015166666667,12.131398483333331,79246.21,228.63000000000463,UP,0.2406015037593984,0.7593984962406015,0.7593984962406015,0.2406015037593984,UP,0.7593984962406015,0.73,0.74,0.26,0.27,0.74,0.0193984962406015,LEAN,SMALL EDGE,,OLD_SCHEMA,UP,True,UP,True,True,False,False,False,False,False
2026-08-24 16:02:55.780493+00:00,79263.0,92.73500000000058,927,792249.7027986144,368188.780388818,1160438.4831874324,0.3654316265391404,41609.50221494,SELL,0,0,0,0.243848870562934,0.4100393165257602,-0.0455851476083495,300808.344241113,237439.37046070604,0.1177319885426961,NORMAL_OR_MIXED,NONE,KXBTC15M-26AUG241215-15,79017.58,2.8686015166666667,12.131398483333331,79246.21,228.63000000000463,UP,0.2406015037593984,0.7593984962406015,0.7593984962406015,0.2406015037593984,UP,0.7593984962406015,0.73,0.74,0.26,0.27,0.74,0.0193984962406015,LEAN,SMALL EDGE,,OLD_SCHEMA,UP,True,UP,True,True,False,False,False,False,False
2026-08-24 16:03:25.605507+00:00,79288.565,25.56500000000233,609,144955.8517976574,416200.8159256043,561156.6677232618,-0.4833676221445402,57831.4121649768,SELL,0,0,0,-1.016499837893269,-1.6325864492191415,0.0995690648093506,136834.17693239392,268216.2955247608,-0.324359870006729,NORMAL_OR_MIXED,NONE,KXBTC15M-26AUG241215-15,79017.58,3.855674583333333,11.144325416666668,79323.91,306.33000000000175,UP,0.0119047619047619,0.988095238095238,0.988095238095238,0.0119047619047619,UP,0.988095238095238,0.82,0.83,0.17,0.18,0.83,0.1580952380952381,EARLY 90%+ / NOT YET VALIDATED LOCK,POSITIVE EDGE,,OLD_SCHEMA,UP,True,DOWN,False,False,False,False,False,False,False
2026-08-24 16:03:55.684435+00:00,79289.575,1.0099999999947613,769,293612.3719417913,245331.2127803394,538943.5847221308,0.0895848109711608,26970.126,SELL,0,0,0,-1.0566090276943738,-1.158835788698841,-0.4987568900753929,236756.7770352116,145464.4100025234,0.2388469559738857,NORMAL_OR_MIXED,NONE,KXBTC15M-26AUG241215-15,79017.58,3.855674583333333,11.144325416666668,79323.91,306.33000000000175,UP,0.0119047619047619,0.988095238095238,0.988095238095238,0.0119047619047619,UP,0.988095238095238,0.82,0.83,0.17,0.18,0.83,0.1580952380952381,EARLY 90%+ / NOT YET VALIDATED LOCK,POSITIVE EDGE,,OLD_SCHEMA,UP,True,UP,True,True,False,False,False,False,False
2026-08-24 16:04:25.608621+00:00,79292.065,2.4900000000052387,619,81600.1813998968,333002.6099941756,414602.7913940724,-0.606369358365765,79277.0,SELL,0,0,0,-1.264430734426077,-1.7623589861987288,-0.1223567637682258,540113.0549930537,162718.7315839483,0.5369625145258825,SELL_IMBALANCE,SELL_FLOW_ABSORBED_OR_REVERSED,KXBTC15M-26AUG241215-15,79017.58,4.83718485,10.16281515,79292.76,275.179999999993,UP,0.0119047619047619,0.988095238095238,0.988095238095238,0.0119047619047619,UP,0.988095238095238,0.84,0.85,0.15,0.16,0.85,0.1380952380952381,EARLY 90%+ / NOT YET VALIDATED LOCK,POSITIVE EDGE,,OLD_SCHEMA,UP,True,DOWN,False,False,True,True,False,True,False
2026-08-24 16:04:56.107094+00:00,79284.63500000001,-7.429999999993015,556,197051.7995128304,45388.257446464,242440.0569592944,0.6255713019067252,129081.54096661322,BUY,0,0,0,-1.569538442332695,-1.3123986783116486,-1.277080762046319,214804.4443102397,92678.28917143653,0.3971805302884789,BUY_IMBALANCE,BUY_FLOW_ABSORBED_OR_REVERSED,KXBTC15M-26AUG241215-15,79017.58,4.83718485,10.16281515,79292.76,275.179999999993,UP,0.0119047619047619,0.988095238095238,0.988095238095238,0.0119047619047619,UP,0.988095238095238,0.84,0.85,0.15,0.16,0.85,0.1380952380952381,EARLY 90%+ / NOT YET VALIDATED LOCK,POSITIVE EDGE,,OLD_SCHEMA,UP,True,UP,True,True,True,True,False,True,False
2026-08-24 16:05:25.611598+00:00,79325.38500000001,40.75,550,84208.4535096726,60678.7953868026,144887.2488964752,0.1623997853647038,13811.379062,SELL,0,0,0,-1.684950444087569,-1.6046674217143626,-1.148503341661674,188087.48115567007,137624.1141722539,0.1549326695987289,NORMAL_OR_MIXED,NONE,KXBTC15M-26AUG241215-15,79017.58,5.824079583333333,9.175920416666663,79381.89,364.3099999999977,UP,0.0,1.0,1.0,0.0,UP,1.0,0.86,0.87,0.13,0.14,0.87,0.13,EARLY 90%+ / NOT YET VALIDATED LOCK,POSITIVE EDGE,,OLD_SCHEMA,UP,True,UP,True,True,False,False,False,False,False
2026-08-24 16:05:55.638920+00:00,79395.565,70.17999999999302,822,482245.78671005584,396128.89371104754,878374.6804211034,0.0980411832428079,115169.300618,BUY,0,0,0,-0.1013738734375687,-0.3920941996599701,0.4794873167925094,168675.93345145276,310944.1992135284,-0.2966269680373307,NORMAL_OR_MIXED,NONE,KXBTC15M-26AUG241215-15,79017.58,5.824079583333333,9.175920416666663,79381.89,364.3099999999977,UP,0.0,1.0,1.0,0.0,UP,1.0,0.86,0.87,0.13,0.14,0.87,0.13,EARLY 90%+ / NOT YET VALIDATED LOCK,POSITIVE EDGE,,OLD_SCHEMA,UP,True,UP,True,True,False,False,False,False,False
2026-08-24 16:06:25.606783+00:00,79446.305,50.73999999999069,600,77798.59953087699,114314.5511991591,192113.15073003608,-0.1900752318595595,14692.8750125157,SELL,0,0,0,-1.5324723870959764,-1.5109859411191524,-0.998027777003321,231149.84134053945,394618.562585615,-0.2612287872309484,NORMAL_OR_MIXED,NONE,KXBTC15M-26AUG241215-15,79017.58,6.80952045,8.19047955,79436.29,418.7099999999919,UP,0.0,1.0,1.0,0.0,UP,1.0,0.941,0.942,0.058,0.059,0.942,0.058,EARLY 90%+ / NOT YET VALIDATED LOCK,SMALL EDGE,,OLD_SCHEMA,UP,True,DOWN,False,False,False,False,False,False,False
2026-08-24 16:06:55.601992+00:00,79425.84,-20.464999999996508,655,351574.1549137458,295533.6276990354,647107.7826127813,0.0866015348918221,86094.81054969439,BUY,0,0,0,-0.5060908374723064,-0.6686464960208528,-0.033791186295501,129071.4191459622,345581.2901895246,-0.4561437589741685,NORMAL_OR_MIXED,NONE,KXBTC15M-26AUG241215-15,79017.58,6.80952045,8.19047955,79436.29,418.7099999999919,UP,0.0,1.0,1.0,0.0,UP,1.0,0.941,0.942,0.058,0.059,0.942,0.058,EARLY 90%+ / NOT YET VALIDATED LOCK,SMALL EDGE,,OLD_SCHEMA,UP,True,UP,True,True,False,False,False,False,False
2026-08-24 16:07:25.577668+00:00,79435.89499999999,10.054999999993017,695,178510.7235375882,227102.9486023865,405613.6721399747,-0.1197992779889072,39682.0,SELL,0,0,0,-0.9782868237378628,-1.122564392115541,-0.377830470096202,143213.0666855559,190879.7134320333,-0.1426748783068595,NORMAL_OR_MIXED,NONE,KXBTC15M-26AUG241215-15,79017.58,7.791009683333333,7.208990316666667,79520.67,503.0899999999965,UP,0.0,1.0,1.0,0.0,UP,1.0,0.964,0.965,0.035,0.036,0.965,0.035,EARLY 90%+ / NOT YET VALIDATED LOCK,SMALL EDGE,,OLD_SCHEMA,UP,True,DOWN,False,False,False,False,False,False,False
2026-08-24 16:07:55.616104+00:00,79463.475,27.580000000016295,775,454554.6453456279,324062.9452960034,778617.5906416313,0.1675940816365205,69011.10584928001,SELL,0,0,0,-0.1538789079367822,-0.2873698111069128,0.1507223383256981,288562.80750620074,130746.52259340417,0.3763719850338367,NORMAL_OR_MIXED,NONE,KXBTC15M-26AUG241215-15,79017.58,7.791009683333333,7.208990316666667,79520.67,503.0899999999965,UP,0.0,1.0,1.0,0.0,UP,1.0,0.964,0.965,0.035,0.036,0.965,0.035,EARLY 90%+ / NOT YET VALIDATED LOCK,SMALL EDGE,,OLD_SCHEMA,UP,True,UP,True,True,False,False,False,False,False
2026-08-24 16:08:25.594363+00:00,79444.39499999999,-19.080000000016295,552,40098.8212920995,30158.3920319097,70257.21332400921,0.1414862444706844,6133.896138552,SELL,0,0,0,-1.6249318202834426,-1.4496932072578783,-1.433345532362546,315312.8431336968,126068.3938641154,0.4287550838290832,NORMAL_OR_MIXED,NONE,KXBTC15M-26AUG241215-15,79017.58,8.7778633,6.222136699999999,79458.68,441.09999999999127,UP,0.0,1.0,1.0,0.0,UP,1.0,0.974,0.975,0.025,0.026,0.975,0.025,90%+ LOCK CANDIDATE,SMALL EDGE,,OLD_SCHEMA,UP,True,UP,True,True,False,False,False,False,False
2026-08-24 16:08:55.601624+00:00,79449.16500000001,4.7700000000186265,605,242613.7940764437,173930.7559798843,416544.550056328,0.1648876166721461,35277.3749046392,BUY,0,0,0,-0.8129013474553104,-0.7955186320918033,-0.5945876739436249,119625.2361937878,145391.3891838637,-0.0972246663897363,NORMAL_OR_MIXED,NONE,KXBTC15M-26AUG241215-15,79017.58,8.7778633,6.222136699999999,79458.68,441.09999999999127,UP,0.0,1.0,1.0,0.0,UP,1.0,0.974,0.975,0.025,0.026,0.975,0.025,90%+ LOCK CANDIDATE,SMALL EDGE,,OLD_SCHEMA,UP,True,UP,True,True,False,False,False,False,False
2026-08-24 16:09:25.656677+00:00,79418.405,-30.760000000009317,541,70896.9222560729,28320.0400440751,99216.962300148,0.4291290644758461,5928.9627942131,SELL,0,0,0,-1.4305339053827109,-1.244672834814381,-1.3447325868432056,59760.094025440194,154295.54807895378,-0.4416396275479115,NORMAL_OR_MIXED,NONE,KXBTC15M-26AUG241215-15,79017.58,9.760507116666668,5.239492883333333,79403.0,385.4199999999983,UP,0.0,1.0,1.0,0.0,UP,1.0,0.986,0.987,0.013,0.014,0.987,0.013,90%+ LOCK CANDIDATE,SMALL EDGE,,OLD_SCHEMA,UP,True,UP,True,True,False,False,False,False,False
2026-08-24 16:09:55.970677+00:00,79337.795,-80.61000000000058,653,151160.47075754649,489552.7576446732,640713.2284022197,-0.5281493683702978,37286.6764671781,SELL,0,0,0,-0.2660565565270663,-0.9613650432151796,1.0928934600643585,162607.9557632876,102994.53676588552,0.2244460073764341,SELL_IMBALANCE,NONE,KXBTC15M-26AUG241215-15,79017.58,9.760507116666668,5.239492883333333,79403.0,385.4199999999983,UP,0.0,1.0,1.0,0.0,UP,1.0,0.986,0.987,0.013,0.014,0.987,0.013,90%+ LOCK CANDIDATE,SMALL EDGE,,OLD_SCHEMA,UP,True,DOWN,False,False,True,False,False,True,False
2026-08-24 16:10:26.132577+00:00,79331.205,-6.589999999996508,536,74043.5151074359,42785.8479093187,116829.3630167546,0.2675497528274165,11982.702776666,BUY,0,0,0,-1.3065558585471788,-1.1304108995985782,-1.218414967301237,45748.8725258463,184519.2723522457,-0.6026469701220153,NORMAL_OR_MIXED,NONE,KXBTC15M-26AUG241215-15,79017.58,10.73381445,4.26618555,79339.67,322.0899999999965,UP,0.0,1.0,1.0,0.0,UP,1.0,0.982,0.983,0.017,0.018,0.983,0.017,LOCK,SMALL EDGE,,OLD_SCHEMA,UP,True,UP,True,True,False,False,False,False,False
2026-08-24 16:10:55.626439+00:00,79372.17,40.96499999999651,730,107846.7397912127,637055.7612788706,744902.5010700834,-0.7104406559615886,79293.0,SELL,0,0,0,0.0530422452591584,-0.988662214802326,1.9732341739654216,108149.9556780732,164352.3225714828,-0.2062454936319461,SELL_IMBALANCE,SELL_FLOW_ABSORBED_OR_REVERSED,KXBTC15M-26AUG241215-15,79017.58,10.73381445,4.26618555,79339.67,322.0899999999965,UP,0.0,1.0,1.0,0.0,UP,1.0,0.982,0.983,0.017,0.018,0.983,0.017,LOCK,SMALL EDGE,,OLD_SCHEMA,UP,True,DOWN,False,False,True,True,False,True,False
2026-08-24 16:11:25.618703+00:00,79339.685,-32.48500000000058,653,136721.52458168622,139600.06209151642,276321.58667320263,-0.0104173457618226,12004.9629514368,SELL,0,0,0,-0.9390576976736252,-0.8684828466324811,-0.704921930642111,1393958.1020968915,156278.1290888914,0.7983815292855676,NORMAL_OR_MIXED,NONE,KXBTC15M-26AUG241215-15,79017.58,11.714219333333334,3.2857806666666667,79367.25,349.66999999999825,UP,0.0,1.0,1.0,0.0,UP,1.0,0.991,0.992,0.008,0.009,0.992,0.008,LOCK,SMALL EDGE,,OLD_SCHEMA,UP,True,DOWN,False,False,False,False,False,False,False
2026-08-24 16:11:55.645591+00:00,79380.015,40.33000000000175,683,714890.4746328057,454131.9203837206,1169022.3950165263,0.2230569365999175,145648.66670293172,BUY,0,0,0,0.947082361586273,0.7713102412172086,0.9053965330557624,510546.7376387127,417790.6923660879,0.0999163044326944,NORMAL_OR_MIXED,NONE,KXBTC15M-26AUG241215-15,79017.58,11.714219333333334,3.2857806666666667,79367.25,349.66999999999825,UP,0.0,1.0,1.0,0.0,UP,1.0,0.991,0.992,0.008,0.009,0.992,0.008,LOCK,SMALL EDGE,,OLD_SCHEMA,UP,True,UP,True,True,False,False,False,False,False
2026-08-24 16:12:25.597439+00:00,79380.94,0.9250000000029104,638,176225.54264967202,395307.6853405429,571533.227990215,-0.3833235443917562,51598.69,BUY,0,0,0,-0.3217931473610397,-0.7419762099215658,0.5615885611204536,478016.3517576396,117650.41771866832,0.6049790797559415,NORMAL_OR_MIXED,NONE,KXBTC15M-26AUG241215-15,79017.58,12.697816216666666,2.302183783333333,79396.81,379.2299999999959,UP,0.0,1.0,1.0,0.0,UP,1.0,0.996,0.997,0.003,0.004,0.997,0.003,LOCK,SMALL EDGE,,OLD_SCHEMA,UP,True,DOWN,False,False,False,False,False,False,False
2026-08-24 16:12:55.624999+00:00,79380.08499999999,-0.8550000000104774,528,48841.1430508072,89455.3137634874,138296.4568142946,-0.2936747017836992,12009.0485997531,SELL,0,0,0,-1.2048706315464608,-1.0694430934741044,-1.0028722487475168,446154.1883396305,129142.32413240758,0.5510408238788534,NORMAL_OR_MIXED,NONE,KXBTC15M-26AUG241215-15,79017.58,12.697816216666666,2.302183783333333,79396.81,379.2299999999959,UP,0.0,1.0,1.0,0.0,UP,1.0,0.996,0.997,0.003,0.004,0.997,0.003,LOCK,SMALL EDGE,,OLD_SCHEMA,UP,True,DOWN,False,False,False,False,False,False,False
2026-08-24 16:13:25.870416+00:00,79448.63500000001,68.55000000001746,705,154162.10991285302,150800.2645404046,304962.37445325765,0.0110238037675158,12761.1567430152,SELL,0,0,0,-0.8034830228967476,-0.729086658368165,-0.6434251099777726,179759.6271005249,74698.8406256818,0.412879899079982,NORMAL_OR_MIXED,NONE,KXBTC15M-26AUG241215-15,79017.58,13.684631566666669,1.3153684333333333,79444.4,426.8199999999924,UP,0.0,1.0,1.0,0.0,UP,1.0,0.999,1.0,0.0,0.001,1.0,0.0,LOCK,NO VALUE,,OLD_SCHEMA,UP,True,UP,True,True,False,False,False,False,False
2026-08-24 16:13:55.586420+00:00,79407.305,-41.3300000000163,492,114015.4022538995,25020.8782348871,139036.2804887866,0.6400813061608757,9378.4449643346,BUY,0,0,0,-1.1296223253810669,-0.8242284358047258,-1.280800099210326,134396.60439567978,312290.9806003147,-0.3982523405172098,BUY_IMBALANCE,BUY_FLOW_ABSORBED_OR_REVERSED,KXBTC15M-26AUG241215-15,79017.58,13.684631566666669,1.3153684333333333,79444.4,426.8199999999924,UP,0.0,1.0,1.0,0.0,UP,1.0,0.999,1.0,0.0,0.001,1.0,0.0,LOCK,NO VALUE,,OLD_SCHEMA,UP,True,UP,True,True,True,True,False,True,False
2026-08-24 16:14:25.580671+00:00,79409.065,1.7600000000093132,557,645227.2027177308,184574.3138800773,829801.5165978081,0.5551362339349938,478973.06614053,BUY,1,0,0,0.2941357942001792,0.637075263995641,-0.4398455658285836,207313.8819586062,107562.3446491012,0.3167960261216599,BUY_IMBALANCE,BUY_FLOW_WEAK_FOLLOW_THROUGH,KXBTC15M-26AUG241215-15,79017.58,14.660818716666666,0.3391812833333333,79430.12,412.5399999999936,UP,0.0,1.0,1.0,0.0,UP,1.0,0.999,1.0,0.0,0.001,1.0,0.0,LOCK,NO VALUE,,OLD_SCHEMA,UP,True,UP,True,True,True,True,False,True,False
2026-08-24 16:14:55.854941+00:00,79477.13500000001,68.07000000000698,641,464950.8250970884,13930.3012226242,478881.1263197126,0.9418214648395896,51660.198705227696,BUY,0,0,0,-0.4340627402231122,0.1243126484748579,-1.3101117228945476,559495.0557285359,368433.6825790893,0.2059009116345595,BUY_IMBALANCE,NONE,KXBTC15M-26AUG241215-15,79017.58,14.660818716666666,0.3391812833333333,79430.12,412.5399999999936,UP,0.0,1.0,1.0,0.0,UP,1.0,0.999,1.0,0.0,0.001,1.0,0.0,LOCK,NO VALUE,,OLD_SCHEMA,UP,True,UP,True,True,True,False,False,True,False
2026-08-24 16:15:25.611800+00:00,79563.405,86.26999999998952,692,547836.059048402,116772.6964366681,664608.7554850702,0.6485971769919263,37159.470783117,BUY,0,0,0,-0.0730942037003353,0.3311223529686982,-0.7881659960437009,765575.6962217882,156215.71486614126,0.661060597903011,BUY_IMBALANCE,NONE,KXBTC15M-26AUG241230-30,79444.91,0.6466111,14.3533889,79548.47,103.55999999999769,UP,0.4336734693877551,0.5663265306122449,0.5663265306122449,0.4336734693877551,UP,0.5663265306122449,0.64,0.65,0.35,0.36,0.65,-0.0836734693877551,RAW,NO VALUE,,OLD_SCHEMA,UP,True,UP,True,True,True,False,False,True,False
2026-08-24 16:15:55.599537+00:00,79603.70999999999,40.304999999993015,527,348104.3765182531,102952.0221645959,451056.398682849,0.5435070981578759,79600.0,BUY,0,0,0,-0.4836315022151082,-0.1829151298127532,-0.8326650818331051,595990.0494990912,373660.9153723873,0.2292877975490617,BUY_IMBALANCE,NONE,KXBTC15M-26AUG241230-30,79444.91,0.6466111,14.3533889,79548.47,103.55999999999769,UP,0.4336734693877551,0.5663265306122449,0.5663265306122449,0.4336734693877551,UP,0.5663265306122449,0.64,0.65,0.35,0.36,0.65,-0.0836734693877551,RAW,NO VALUE,,OLD_SCHEMA,UP,True,UP,True,True,True,False,False,True,False
2026-08-24 16:16:25.592986+00:00,79604.905,1.195000000006985,769,705819.2059254096,745459.4692894493,1451278.6752148587,-0.0273140259283221,114703.105684,SELL,0,0,0,1.622662347392331,0.875093589131352,2.3452717262134524,241407.41316627283,257387.48530781383,-0.0320373608279219,NORMAL_OR_MIXED,NONE,KXBTC15M-26AUG241230-30,79444.91,1.6321963,13.3678037,79600.11,155.1999999999971,UP,0.3652173913043478,0.6347826086956522,0.6347826086956522,0.3652173913043478,UP,0.6347826086956522,0.74,0.75,0.25,0.26,0.75,-0.1152173913043478,RAW,NO VALUE,,OLD_SCHEMA,UP,True,DOWN,False,False,False,False,False,False,False
2026-08-24 16:16:55.725166+00:00,79630.035,25.130000000004657,1000,1501973.252359029,1146774.27079367,2648747.5231526988,0.1341007319348353,266683.50269600004,SELL,1,0,0,4.062216507896294,3.296023358457428,4.006134169310876,349408.9718776168,194288.86416121508,0.2853057294591158,NORMAL_OR_MIXED,NONE,KXBTC15M-26AUG241230-30,79444.91,1.6321963,13.3678037,79600.11,155.1999999999971,UP,0.3652173913043478,0.6347826086956522,0.6347826086956522,0.3652173913043478,UP,0.6347826086956522,0.74,0.75,0.25,0.26,0.75,-0.1152173913043478,RAW,NO VALUE,,OLD_SCHEMA,UP,True,UP,True,True,False,False,False,False,True
2026-08-24 16:17:25.643069+00:00,79675.97,45.93499999999767,965,458165.9524156993,482567.2856080702,940733.2380237696,-0.0259386319161334,53496.45544781999,BUY,0,0,0,0.4731639895838733,0.1841990952915658,0.7625204172164517,357506.81817539653,221712.1489588592,0.2344444448847992,NORMAL_OR_MIXED,NONE,KXBTC15M-26AUG241230-30,79444.91,2.6177769166666667,12.382223083333336,79709.07,264.1600000000035,UP,0.1071428571428571,0.8928571428571429,0.8928571428571429,0.1071428571428571,UP,0.8928571428571429,0.8,0.81,0.19,0.2,0.81,0.0828571428571428,STRONG,SMALL EDGE,,OLD_SCHEMA,UP,True,DOWN,False,False,False,False,False,False,False
2026-08-24 16:17:56.211909+00:00,79720.475,44.50500000000466,915,901536.0969836484,510431.9675266815,1411968.06451033,0.2769921921659055,79700.0,BUY,0,0,0,1.3508662246284706,1.4638889900489491,0.8795038127440612,2272839.2202293403,472817.5464636073,0.6555887449594798,NORMAL_OR_MIXED,NONE,KXBTC15M-26AUG241230-30,79444.91,2.6177769166666667,12.382223083333336,79709.07,264.1600000000035,UP,0.1071428571428571,0.8928571428571429,0.8928571428571429,0.1071428571428571,UP,0.8928571428571429,0.8,0.81,0.19,0.2,0.81,0.0828571428571428,STRONG,SMALL EDGE,,OLD_SCHEMA,UP,True,UP,True,True,False,False,False,False,False
2026-08-24 16:18:25.803713+00:00,79758.155,37.679999999993015,1000,693820.9109994598,373743.1273533506,1067564.0383528103,0.2998206872348105,119905.6952775,BUY,0,0,0,0.7402740773360621,0.849555350475789,0.394424519424269,218990.70845580148,314130.94549297664,-0.1784587745263788,NORMAL_OR_MIXED,NONE,KXBTC15M-26AUG241230-30,79444.91,3.59708185,11.40291815,79753.66,308.75,UP,0.0698924731182795,0.9301075268817204,0.9301075268817204,0.0698924731182795,UP,0.9301075268817204,0.903,0.905,0.095,0.097,0.905,0.0251075268817204,EARLY 90%+ / NOT YET VALIDATED LOCK,SMALL EDGE,,OLD_SCHEMA,UP,True,UP,True,True,False,False,False,False,False
2026-08-24 16:18:55.729903+00:00,79839.475,81.32000000000698,901,3953961.845165373,252638.9569381558,4206600.802103528,0.8798845106425014,129383.0310294624,BUY,0,0,0,6.877715934672404,10.717532800035189,-0.1466804214311599,232007.94117683705,869170.414254937,-0.5786187768177367,ABNORMAL_BUY_PRESSURE,NONE,KXBTC15M-26AUG241230-30,79444.91,3.59708185,11.40291815,79753.66,308.75,UP,0.0698924731182795,0.9301075268817204,0.9301075268817204,0.0698924731182795,UP,0.9301075268817204,0.903,0.905,0.095,0.097,0.905,0.0251075268817204,EARLY 90%+ / NOT YET VALIDATED LOCK,SMALL EDGE,,OLD_SCHEMA,UP,True,UP,True,True,True,False,False,True,True
2026-08-24 16:19:25.580526+00:00,79806.155,-33.320000000006985,539,93437.8729114695,195585.2331422132,289023.1060536827,-0.3534228166926246,62313.645593827605,SELL,0,0,0,-0.6252470056010219,-0.5906512704746851,-0.3831810850370487,181698.531462174,449524.8380695797,-0.4242971973710056,NORMAL_OR_MIXED,NONE,KXBTC15M-26AUG241230-30,79444.91,4.584948916666666,10.415051083333331,79791.89,346.9799999999959,UP,0.0,1.0,1.0,0.0,UP,1.0,0.937,0.938,0.062,0.063,0.938,0.062,EARLY 90%+ / NOT YET VALIDATED LOCK,SMALL EDGE,,OLD_SCHEMA,UP,True,DOWN,False,False,False,False,False,False,False
2026-08-24 16:19:55.688810+00:00,79798.14499999999,-8.010000000009313,1000,2001792.332219664,1220199.433559551,3221991.7657792144,0.2425806629804004,308783.541612,SELL,1,0,0,3.280028856556385,2.357134977342381,4.158633577961552,151331.0487649243,395451.8702565472,-0.4464675340050931,NORMAL_OR_MIXED,NONE,KXBTC15M-26AUG241230-30,79444.91,4.584948916666666,10.415051083333331,79791.89,346.9799999999959,UP,0.0,1.0,1.0,0.0,UP,1.0,0.937,0.938,0.062,0.063,0.938,0.062,EARLY 90%+ / NOT YET VALIDATED LOCK,SMALL EDGE,,OLD_SCHEMA,UP,True,UP,True,True,False,False,False,False,True
2026-08-24 16:20:25.621734+00:00,79810.805,12.660000000003492,812,778282.2555556017,166927.57543220482,945209.8309878064,0.6467925534423304,52487.27265892,BUY,0,0,0,0.1518454941600758,0.3834672481817521,-0.5094377028484494,136158.61277156003,133469.2307440245,0.0099744224946118,BUY_IMBALANCE,NONE,KXBTC15M-26AUG241230-30,79444.91,5.583866716666666,9.416133283333332,79808.4,363.4899999999907,UP,0.0,1.0,1.0,0.0,UP,1.0,0.958,0.959,0.041,0.042,0.959,0.041,EARLY 90%+ / NOT YET VALIDATED LOCK,SMALL EDGE,,OLD_SCHEMA,UP,True,UP,True,True,True,False,False,True,False
2026-08-24 16:20:55.697115+00:00,79734.95999999999,-75.84500000000116,1000,909978.2118575164,4097396.834065281,5007375.045922797,-0.6365448149930545,1004918.693982,SELL,2,2,1,4.953654118503326,0.561204425885597,14.130271748219112,241482.6910234971,371452.2050334687,-0.2120445659825711,ABNORMAL_SELL_PRESSURE,NONE,KXBTC15M-26AUG241230-30,79444.91,5.583866716666666,9.416133283333332,79808.4,363.4899999999907,UP,0.0,1.0,1.0,0.0,UP,1.0,0.958,0.959,0.041,0.042,0.959,0.041,EARLY 90%+ / NOT YET VALIDATED LOCK,SMALL EDGE,,OLD_SCHEMA,UP,True,DOWN,False,False,True,False,True,True,True
2026-08-24 16:21:25.644923+00:00,79763.77,28.810000000012224,1000,286759.196406543,326319.3032997948,613078.4997063377,-0.0645269845740812,12005.6952443965,SELL,0,0,0,-0.303526683739123,-0.3585124279573572,-0.1145482501753516,460970.5012684543,516048.0989762773,-0.0563731311707133,NORMAL_OR_MIXED,NONE,KXBTC15M-26AUG241230-30,79444.91,6.558690383333333,8.441309616666667,79774.97,330.0599999999977,UP,0.0,1.0,1.0,0.0,UP,1.0,0.922,0.923,0.077,0.078,0.923,0.0769999999999999,EARLY 90%+ / NOT YET VALIDATED LOCK,SMALL EDGE,,OLD_SCHEMA,UP,True,DOWN,False,False,False,False,False,False,False
2026-08-24 16:21:55.684931+00:00,79773.225,9.455000000001746,628,300846.2091659802,110725.112760804,411571.3219267842,0.461939611134999,13996.856475028,SELL,0,0,0,-0.4827634183135721,-0.3206477363421917,-0.4500951960299851,260251.9572129075,140216.3523226236,0.2997380867152832,NORMAL_OR_MIXED,NONE,KXBTC15M-26AUG241230-30,79444.91,6.558690383333333,8.441309616666667,79774.97,330.0599999999977,UP,0.0,1.0,1.0,0.0,UP,1.0,0.922,0.923,0.077,0.078,0.923,0.0769999999999999,EARLY 90%+ / NOT YET VALIDATED LOCK,SMALL EDGE,,OLD_SCHEMA,UP,True,UP,True,True,False,False,False,False,False
2026-08-24 16:22:25.614498+00:00,79820.435,47.20999999999185,689,296274.2768957251,489574.7279960171,785849.0048917423,-0.2459765806115907,73766.630028,SELL,0,0,0,-0.0999358053770186,-0.2960318922497472,0.148541831634906,235098.5683188525,133206.60668455553,0.2766509094892683,NORMAL_OR_MIXED,NONE,KXBTC15M-26AUG241230-30,79444.91,7.54504215,7.454957849999999,79821.62,376.7099999999919,UP,0.0,1.0,1.0,0.0,UP,1.0,0.971,0.972,0.028,0.029,0.972,0.028,EARLY 90%+ / NOT YET VALIDATED LOCK,SMALL EDGE,,OLD_SCHEMA,UP,True,DOWN,False,False,False,False,False,False,False
2026-08-24 16:22:55.869539+00:00,79747.83499999999,-72.60000000000582,645,256644.4299296951,71637.6820852209,328282.112014916,0.5635602461216898,12011.3986372856,BUY,0,0,0,-0.5425051315630144,-0.3581503268342185,-0.5058055787249678,223100.9092004508,153093.01052329948,0.1860952423913711,BUY_IMBALANCE,BUY_FLOW_ABSORBED_OR_REVERSED,KXBTC15M-26AUG241230-30,79444.91,7.54504215,7.454957849999999,79821.62,376.7099999999919,UP,0.0,1.0,1.0,0.0,UP,1.0,0.971,0.972,0.028,0.029,0.972,0.028,EARLY 90%+ / NOT YET VALIDATED LOCK,SMALL EDGE,,OLD_SCHEMA,UP,True,UP,True,True,True,True,False,True,False
2026-08-24 16:23:25.645141+00:00,79753.785,5.9500000000116415,650,338883.5797179814,77202.6999149028,416086.2796328842,0.6289101386230794,12001.9267607045,SELL,0,0,0,-0.4385942400737833,-0.2184398261916357,-0.4843413226437617,320625.83969339024,188171.40834383047,0.2603285136869885,BUY_IMBALANCE,NONE,KXBTC15M-26AUG241230-30,79444.91,8.533737449999999,6.46626255,79789.07,344.1600000000035,UP,0.0119047619047619,0.988095238095238,0.988095238095238,0.0119047619047619,UP,0.988095238095238,0.968,0.969,0.031,0.032,0.969,0.0190952380952381,90%+ LOCK CANDIDATE,SMALL EDGE,,OLD_SCHEMA,UP,True,UP,True,True,True,False,False,True,False
2026-08-24 16:23:55.698324+00:00,79777.595,23.80999999999767,685,694892.3681147363,69874.1550202474,764766.5231349837,0.8172667006034352,79773.0,BUY,0,0,0,-0.1061895014517011,0.2964783551598907,-0.481222393465767,338163.2130574373,64148.8880029603,0.6810988889775906,BUY_IMBALANCE,NONE,KXBTC15M-26AUG241230-30,79444.91,8.533737449999999,6.46626255,79789.07,344.1600000000035,UP,0.0119047619047619,0.988095238095238,0.988095238095238,0.0119047619047619,UP,0.988095238095238,0.968,0.969,0.031,0.032,0.969,0.0190952380952381,90%+ LOCK CANDIDATE,SMALL EDGE,,OLD_SCHEMA,UP,True,UP,True,True,True,False,False,True,False
2026-08-24 16:24:25.621940+00:00,79800.725,23.130000000004657,674,357555.5614407569,58249.47768982,415805.0391305769,0.7198231276291595,39902.31,BUY,0,0,0,-0.440713661587423,-0.2134572505797846,-0.4911595867695212,90992.2595179264,194943.23944521951,-0.3635469548350529,BUY_IMBALANCE,NONE,KXBTC15M-26AUG241230-30,79444.91,9.517965816666669,5.482034183333334,79793.01,348.09999999999127,UP,0.0,1.0,1.0,0.0,UP,1.0,0.99,0.991,0.009,0.01,0.991,0.009,90%+ LOCK CANDIDATE,SMALL EDGE,,OLD_SCHEMA,UP,True,UP,True,True,True,False,False,True,False
2026-08-24 16:24:55.673015+00:00,79737.16500000001,-63.55999999999767,625,144332.3565294925,100606.86960635448,244939.22613584696,0.1785156571813744,12007.7747673732,BUY,0,0,0,-0.6018798359869613,-0.538913546110484,-0.4148594812422682,571007.0300900976,403902.2591323042,0.1714054556717558,NORMAL_OR_MIXED,NONE,KXBTC15M-26AUG241230-30,79444.91,9.517965816666669,5.482034183333334,79793.01,348.09999999999127,UP,0.0,1.0,1.0,0.0,UP,1.0,0.99,0.991,0.009,0.01,0.991,0.009,90%+ LOCK CANDIDATE,SMALL EDGE,,OLD_SCHEMA,UP,True,UP,True,True,False,False,False,False,False
2026-08-24 16:25:25.645789+00:00,79721.10500000001,-16.05999999999767,671,276864.1657521833,619812.6510393872,896676.8167915705,-0.3824661002325447,79742.0,SELL,0,0,0,0.0126725797630708,-0.3412394433422226,0.3732263661858706,361058.72200215387,158449.91244711803,0.3900008510345939,NORMAL_OR_MIXED,NONE,KXBTC15M-26AUG241230-30,79444.91,10.50533325,4.49466675,79714.06,269.1499999999942,UP,0.0,1.0,1.0,0.0,UP,1.0,0.986,0.987,0.013,0.014,0.987,0.013,LOCK,SMALL EDGE,,OLD_SCHEMA,UP,True,DOWN,False,False,False,False,False,False,False
2026-08-24 16:25:55.690892+00:00,79675.005,-46.10000000000582,612,169346.9089952064,67038.3286882143,236385.2376834207,0.4328044395226111,17632.224682527,SELL,0,0,0,-0.6316905756879444,-0.5084582779577543,-0.4904191788326367,150158.6999983233,335799.75691732776,-0.3820101374451985,NORMAL_OR_MIXED,NONE,KXBTC15M-26AUG241230-30,79444.91,10.50533325,4.49466675,79714.06,269.1499999999942,UP,0.0,1.0,1.0,0.0,UP,1.0,0.986,0.987,0.013,0.014,0.987,0.013,LOCK,SMALL EDGE,,OLD_SCHEMA,UP,True,UP,True,True,False,False,False,False,False
2026-08-24 16:26:25.611756+00:00,79681.23999999999,6.23499999998603,650,195360.108375467,356900.4295303374,552260.5379058043,-0.2925074490519243,79653.0,SELL,0,0,0,-0.3151689459260636,-0.4570154909278812,-0.0358071315719601,663671.0390465573,91280.55906260289,0.7581816919356876,NORMAL_OR_MIXED,NONE,KXBTC15M-26AUG241230-30,79444.91,11.48782225,3.51217775,79668.13,223.2200000000012,UP,0.0119047619047619,0.988095238095238,0.988095238095238,0.0119047619047619,UP,0.988095238095238,0.991,0.992,0.008,0.009,0.992,-0.0039047619047618,LOCK,NO VALUE,,OLD_SCHEMA,UP,True,DOWN,False,False,False,False,False,False,False
2026-08-24 16:26:55.641226+00:00,79667.45999999999,-13.779999999998836,736,351717.82135941373,393884.3480202699,745602.1693796837,-0.0565536533992883,79636.0,SELL,0,0,0,-0.1416708984323975,-0.2315114499011547,0.0112225203008162,691859.1783398835,345062.5656907678,0.3344482017524983,NORMAL_OR_MIXED,NONE,KXBTC15M-26AUG241230-30,79444.91,11.48782225,3.51217775,79668.13,223.2200000000012,UP,0.0119047619047619,0.988095238095238,0.988095238095238,0.0119047619047619,UP,0.988095238095238,0.991,0.992,0.008,0.009,0.992,-0.0039047619047618,LOCK,NO VALUE,,OLD_SCHEMA,UP,True,DOWN,False,False,False,False,False,False,False
2026-08-24 16:27:25.651534+00:00,79689.16500000001,21.705000000016295,1000,523590.9131834102,275466.917241695,799057.8304251052,0.3105206988707078,19614.3817432123,BUY,0,0,0,-0.0933524058995527,0.0223271379609151,-0.1729693642646829,622946.0294341588,379163.26741466735,0.2432696341467706,NORMAL_OR_MIXED,NONE,KXBTC15M-26AUG241230-30,79444.91,12.475080433333334,2.5249195666666666,79708.22,263.3099999999977,UP,0.0,1.0,1.0,0.0,UP,1.0,0.982,0.983,0.017,0.018,0.983,0.017,LOCK,SMALL EDGE,,OLD_SCHEMA,UP,True,UP,True,True,False,False,False,False,False
2026-08-24 16:27:55.617387+00:00,79672.435,-16.730000000010477,469,114471.411893372,55551.1115392471,170022.5234326191,0.3465440881865005,12003.3144043155,SELL,0,0,0,-0.7013642118973409,-0.596472551255013,-0.5101239883314054,298529.1316346352,79956.6068252768,0.5774921023411531,NORMAL_OR_MIXED,NONE,KXBTC15M-26AUG241230-30,79444.91,12.475080433333334,2.5249195666666666,79708.22,263.3099999999977,UP,0.0,1.0,1.0,0.0,UP,1.0,0.982,0.983,0.017,0.018,0.983,0.017,LOCK,SMALL EDGE,,OLD_SCHEMA,UP,True,UP,True,True,False,False,False,False,False
2026-08-24 16:28:25.643732+00:00,79734.88500000001,62.45000000001164,625,152416.2159160002,89727.7149389662,242143.9308549664,0.2588894165370664,12012.891323349,BUY,0,0,0,-0.6146909166967588,-0.5254302028529718,-0.4464213744814461,121034.5418805644,123928.78625127782,-0.0118150108131928,NORMAL_OR_MIXED,NONE,KXBTC15M-26AUG241230-30,79444.91,13.46264775,1.53735225,79735.24,290.33000000000175,UP,0.0119047619047619,0.988095238095238,0.988095238095238,0.0119047619047619,UP,0.988095238095238,0.998,0.999,0.001,0.002,0.999,-0.0109047619047618,LOCK,NO VALUE,,OLD_SCHEMA,UP,True,UP,True,True,False,False,False,False,False
2026-08-24 16:28:55.607143+00:00,79723.095,-11.790000000008147,467,69646.4943772226,42263.5631722515,111910.05754947408,0.2446869549045261,11452.0746147,SELL,0,0,0,-0.7440419155439645,-0.6533257704630682,-0.5214005154710389,464082.4447707814,109458.53780090807,0.6183061328586877,NORMAL_OR_MIXED,NONE,KXBTC15M-26AUG241230-30,79444.91,13.46264775,1.53735225,79735.24,290.33000000000175,UP,0.0119047619047619,0.988095238095238,0.988095238095238,0.0119047619047619,UP,0.988095238095238,0.998,0.999,0.001,0.002,0.999,-0.0109047619047618,LOCK,NO VALUE,,OLD_SCHEMA,UP,True,UP,True,True,False,False,False,False,False
2026-08-24 16:29:25.657897+00:00,79731.23,8.134999999994761,584,96469.8586892154,159029.0914365479,255498.9501257633,-0.2448512321343754,24925.63461447,SELL,0,0,0,-0.5980584238612678,-0.6052432157243752,-0.338030732050993,270952.0002906937,175069.90492474622,0.2149717183052567,NORMAL_OR_MIXED,NONE,KXBTC15M-26AUG241230-30,79444.91,14.439804566666668,0.5601954333333333,79730.01,285.09999999999127,UP,0.0,1.0,1.0,0.0,UP,1.0,0.999,1.0,0.0,0.001,1.0,0.0,LOCK,NO VALUE,,OLD_SCHEMA,UP,True,DOWN,False,False,False,False,False,False,False
2026-08-24 16:29:55.608514+00:00,79678.57,-52.65999999998894,552,92795.9427476429,18437.9156440777,111233.8583917206,0.6684837528669224,9941.3303536821,BUY,0,0,0,-0.7398367993553439,-0.6119612198883808,-0.557666004203148,69790.63041350328,163263.67638498836,-0.4010783892198384,BUY_IMBALANCE,BUY_FLOW_ABSORBED_OR_REVERSED,KXBTC15M-26AUG241230-30,79444.91,14.439804566666668,0.5601954333333333,79730.01,285.09999999999127,UP,0.0,1.0,1.0,0.0,UP,1.0,0.999,1.0,0.0,0.001,1.0,0.0,LOCK,NO VALUE,,OLD_SCHEMA,UP,True,UP,True,True,True,True,False,True,False
2026-08-24 16:30:25.678573+00:00,79711.245,32.67499999998836,536,98863.96983173,27082.3517561369,125946.3215878669,0.5699381861304652,7999.9998048805,BUY,0,0,0,-0.7090961999452542,-0.6001267610609994,-0.5248048854798275,480390.4398613916,117908.12465509029,0.6058552313245867,BUY_IMBALANCE,NONE,KXBTC15M-26AUG241245-45,79727.54,0.9647127333333334,14.035287266666668,79699.93,-27.610000000000586,DOWN,0.4336734693877551,0.5663265306122449,0.4336734693877551,0.5663265306122449,DOWN,0.5663265306122449,0.47,0.48,0.52,0.53,0.53,0.0363265306122448,RAW,SMALL EDGE,,OLD_SCHEMA,DOWN,True,UP,False,False,True,False,False,True,False
2026-08-24 16:30:55.891884+00:00,79703.215,-8.029999999998836,670,137798.1620978233,117134.6387264771,254932.8008243004,0.0810547850434809,20000.4316252539,BUY,0,0,0,-0.5880116177521252,-0.5439958233272971,-0.3875328358591111,260222.15732889323,212469.26769660396,0.1010233888412794,NORMAL_OR_MIXED,NONE,KXBTC15M-26AUG241245-45,79727.54,0.9647127333333334,14.035287266666668,79699.93,-27.610000000000586,DOWN,0.4336734693877551,0.5663265306122449,0.4336734693877551,0.5663265306122449,DOWN,0.5663265306122449,0.47,0.48,0.52,0.53,0.53,0.0363265306122448,RAW,SMALL EDGE,,OLD_SCHEMA,DOWN,True,UP,False,False,False,False,False,False,False
2026-08-24 16:31:25.890829+00:00,79725.245,22.02999999999884,589,250671.1271463824,66022.2045267616,316693.331673144,0.5830527647806462,51024.5056,BUY,0,0,0,-0.5162614932130267,-0.3789725595566633,-0.4454573252585926,399717.2849886991,237370.86134054803,0.2548256855563129,BUY_IMBALANCE,NONE,KXBTC15M-26AUG241245-45,79727.54,0.9647127333333334,14.035287266666668,79699.93,-27.610000000000586,DOWN,0.4336734693877551,0.5663265306122449,0.4336734693877551,0.5663265306122449,DOWN,0.5663265306122449,0.47,0.48,0.52,0.53,0.53,0.0363265306122448,RAW,SMALL EDGE,,OLD_SCHEMA,DOWN,True,UP,False,False,True,False,False,True,False
2026-08-24 16:31:55.812088+00:00,79688.595,-36.64999999999418,524,124461.3236799218,29922.9860723055,154384.3097522273,0.6123571609015299,19999.736872764,BUY,0,0,0,-0.6697037801406159,-0.5704273340989703,-0.4968731547613551,407994.7220615166,126294.31267333085,0.5272434788559449,BUY_IMBALANCE,BUY_FLOW_ABSORBED_OR_REVERSED,KXBTC15M-26AUG241245-45,79727.54,1.94815125,13.05184875,79688.2,-39.33999999999651,DOWN,0.4336734693877551,0.5663265306122449,0.4336734693877551,0.5663265306122449,DOWN,0.5663265306122449,0.52,0.53,0.47,0.48,0.48,0.0863265306122449,RAW,SMALL EDGE,,OLD_SCHEMA,DOWN,True,UP,False,False,True,True,False,True,False
2026-08-24 16:32:25.657836+00:00,79687.16500000001,-1.429999999993015,568,90180.0426212499,33945.2217768288,124125.2643980787,0.4530489511311086,12005.19915404,BUY,0,0,0,-0.6713925636486691,-0.5976682474383034,-0.4734425591538632,241967.48795334817,172707.55747023714,0.1670221809763423,NORMAL_OR_MIXED,NONE,KXBTC15M-26AUG241245-45,79727.54,1.94815125,13.05184875,79688.2,-39.33999999999651,DOWN,0.4336734693877551,0.5663265306122449,0.4336734693877551,0.5663265306122449,DOWN,0.5663265306122449,0.52,0.53,0.47,0.48,0.48,0.0863265306122449,RAW,SMALL EDGE,,OLD_SCHEMA,DOWN,True,UP,False,False,False,False,False,False,False
2026-08-24 16:32:55.644971+00:00,79685.405,-1.7600000000093132,530,201196.8750548543,28431.322566479,229628.1976213333,0.7523708075838014,19994.5461117424,BUY,0,0,0,-0.5597513404361447,-0.43016002668811,-0.4668920485519101,684459.8057229378,100230.9129598743,0.74453396587098,BUY_IMBALANCE,BUY_FLOW_ABSORBED_OR_REVERSED,KXBTC15M-26AUG241245-45,79727.54,2.916696133333333,12.083303866666666,79685.41,-42.129999999990105,DOWN,0.4285714285714285,0.5714285714285714,0.4285714285714285,0.5714285714285714,DOWN,0.5714285714285714,0.46,0.47,0.53,0.54,0.54,0.0314285714285713,RAW,SMALL EDGE,,OLD_SCHEMA,DOWN,True,UP,False,False,True,True,False,True,False
2026-08-24 16:33:25.621501+00:00,79663.33499999999,-22.070000000006985,582,172247.1456702581,66834.0045182137,239081.15018847177,0.4409094613646681,28931.28379682,SELL,0,0,0,-0.5537968687084505,-0.4798248564579291,-0.4063367902848574,369857.9427944718,208153.7837668441,0.2797593052127706,NORMAL_OR_MIXED,NONE,KXBTC15M-26AUG241245-45,79727.54,3.8934700666666666,11.106529933333332,79644.56,-82.97999999999593,DOWN,0.3652173913043478,0.6347826086956522,0.3652173913043478,0.6347826086956522,DOWN,0.6347826086956522,0.34,0.35,0.65,0.66,0.66,-0.0252173913043478,RAW,NO VALUE,,OLD_SCHEMA,DOWN,True,UP,False,False,False,False,False,False,False
2026-08-24 16:33:55.622984+00:00,79661.38500000001,-1.9499999999825377,693,345560.0409011609,96316.4012967382,441876.4421978991,0.564057315127916,12633.2317496436,BUY,0,0,0,-0.3632409997646299,-0.2247923699092699,-0.3584093928032853,406692.7779630466,183970.61719294297,0.3770712094174796,BUY_IMBALANCE,BUY_FLOW_ABSORBED_OR_REVERSED,KXBTC15M-26AUG241245-45,79727.54,3.8934700666666666,11.106529933333332,79644.56,-82.97999999999593,DOWN,0.3652173913043478,0.6347826086956522,0.3652173913043478,0.6347826086956522,DOWN,0.6347826086956522,0.34,0.35,0.65,0.66,0.66,-0.0252173913043478,RAW,NO VALUE,,OLD_SCHEMA,DOWN,True,UP,False,False,True,True,False,True,False
2026-08-24 16:34:25.683531+00:00,79672.875,11.489999999990689,655,138260.5118677812,87092.191946049,225352.70381383025,0.227058824037912,19910.5882868536,BUY,0,0,0,-0.5736826642178013,-0.5412228260388077,-0.3753762388769504,159507.21028250657,260499.5869443337,-0.2404541481915172,NORMAL_OR_MIXED,NONE,KXBTC15M-26AUG241245-45,79727.54,4.864466083333334,10.135533916666668,79671.11,-56.429999999993015,DOWN,0.4285714285714285,0.5714285714285714,0.4285714285714285,0.5714285714285714,DOWN,0.5714285714285714,0.32,0.33,0.67,0.68,0.68,-0.1085714285714286,RAW,NO VALUE,,OLD_SCHEMA,DOWN,True,UP,False,False,False,False,False,False,False
2026-08-24 16:34:55.681407+00:00,79685.285,12.410000000003492,507,153004.6815816788,91023.7954774682,244028.477059147,0.2539903819880326,12001.5999896765,BUY,0,0,0,-0.5399881114684731,-0.4991437156409987,-0.3653868375866739,369106.8631629079,436450.0764303038,-0.0835983280106838,NORMAL_OR_MIXED,NONE,KXBTC15M-26AUG241245-45,79727.54,4.864466083333334,10.135533916666668,79671.11,-56.429999999993015,DOWN,0.4285714285714285,0.5714285714285714,0.4285714285714285,0.5714285714285714,DOWN,0.5714285714285714,0.32,0.33,0.67,0.68,0.68,-0.1085714285714286,RAW,NO VALUE,,OLD_SCHEMA,DOWN,True,UP,False,False,False,False,False,False,False
2026-08-24 16:35:25.890197+00:00,79763.29500000001,78.01000000000931,751,251021.8089945928,297319.226497499,548341.0354920918,-0.0844317942780955,21418.4725575804,SELL,0,0,0,-0.251077589412764,-0.3418175939024209,-0.0581450097760656,379224.6133463956,98199.2066379694,0.5886287925843947,NORMAL_OR_MIXED,NONE,KXBTC15M-26AUG241245-45,79727.54,5.845804566666667,9.154195433333332,79771.14,43.60000000000582,UP,0.3934426229508196,0.6065573770491803,0.6065573770491803,0.3934426229508196,UP,0.6065573770491803,0.58,0.59,0.41,0.42,0.59,0.0165573770491803,RAW,SMALL EDGE,,OLD_SCHEMA,DOWN,False,DOWN,False,True,False,False,False,False,False
2026-08-24 16:35:55.893370+00:00,79766.985,3.689999999987776,582,122038.6785401614,51087.1743479479,173125.8528881093,0.4098261640800073,22139.347567350003,BUY,0,0,0,-0.5960284664711903,-0.5201576746922616,-0.4362485069924066,235174.630521212,179518.9271987953,0.1342092306145597,NORMAL_OR_MIXED,NONE,KXBTC15M-26AUG241245-45,79727.54,5.845804566666667,9.154195433333332,79771.14,43.60000000000582,UP,0.3934426229508196,0.6065573770491803,0.6065573770491803,0.3934426229508196,UP,0.6065573770491803,0.58,0.59,0.41,0.42,0.59,0.0165573770491803,RAW,SMALL EDGE,,OLD_SCHEMA,DOWN,False,UP,True,False,False,False,False,False,False
2026-08-24 16:36:25.880505+00:00,79745.715,-21.270000000004075,513,106085.54886811448,79888.1068685195,185973.655736634,0.1408664140941253,12010.7324866375,BUY,0,0,0,-0.5759614294893225,-0.5337583322841649,-0.3905709489088303,457896.66860499047,136914.06182560843,0.5396382249980838,NORMAL_OR_MIXED,NONE,KXBTC15M-26AUG241245-45,79727.54,6.829808533333334,8.170191466666667,79730.41,2.8700000000098957,UP,0.4336734693877551,0.5663265306122449,0.5663265306122449,0.4336734693877551,UP,0.5663265306122449,0.54,0.55,0.45,0.46,0.55,0.0163265306122448,RAW,SMALL EDGE,,OLD_SCHEMA,DOWN,False,UP,True,False,False,False,False,False,False
2026-08-24 16:36:55.727356+00:00,79743.42499999999,-2.290000000008149,564,117715.6097487876,95968.7780208121,213684.3877695997,0.1017708029817486,15526.7175800184,SELL,0,0,0,-0.5214765106256566,-0.4938165919520633,-0.3423399072077445,187056.71490829776,198176.18961304985,-0.0288642911190776,NORMAL_OR_MIXED,NONE,KXBTC15M-26AUG241245-45,79727.54,6.829808533333334,8.170191466666667,79730.41,2.8700000000098957,UP,0.4336734693877551,0.5663265306122449,0.5663265306122449,0.4336734693877551,UP,0.5663265306122449,0.54,0.55,0.45,0.46,0.55,0.0163265306122448,RAW,SMALL EDGE,,OLD_SCHEMA,DOWN,False,UP,True,False,False,False,False,False,False
2026-08-24 16:37:25.766195+00:00,79655.01999999999,-88.40499999999884,825,411632.1758904993,357224.2667555582,768856.4426460576,0.0707647177250588,108423.5003141248,SELL,0,0,0,0.0500272545855162,-0.0133143096757938,0.0939188725307154,663475.64816374,154782.23230866462,0.6216786027913249,NORMAL_OR_MIXED,NONE,KXBTC15M-26AUG241245-45,79727.54,7.80809425,7.19190575,79644.51,-83.02999999999884,DOWN,0.3652173913043478,0.6347826086956522,0.3652173913043478,0.6347826086956522,DOWN,0.6347826086956522,0.35,0.36,0.64,0.65,0.65,-0.0152173913043478,RAW,NO VALUE,,OLD_SCHEMA,DOWN,True,UP,False,False,False,False,False,False,False
2026-08-24 16:37:55.963102+00:00,79640.07500000001,-14.94499999997788,500,201833.5887181957,104221.7598825912,306055.3486007869,0.3189352163975008,34700.2122104,SELL,0,0,0,-0.3901466165102284,-0.3275070172099665,-0.2912043381202684,551090.7294873246,163246.92569515988,0.5429418440682456,NORMAL_OR_MIXED,NONE,KXBTC15M-26AUG241245-45,79727.54,7.80809425,7.19190575,79644.51,-83.02999999999884,DOWN,0.3652173913043478,0.6347826086956522,0.3652173913043478,0.6347826086956522,DOWN,0.6347826086956522,0.35,0.36,0.64,0.65,0.65,-0.0152173913043478,RAW,NO VALUE,,OLD_SCHEMA,DOWN,True,UP,False,False,False,False,False,False,False
2026-08-24 16:38:25.987080+00:00,79685.85500000001,45.77999999999884,619,110386.9778848439,18393.3292801764,128780.3071650203,0.7143456218564999,9261.84125,BUY,0,0,0,-0.5359967083730647,-0.4413551988880148,-0.4080560272899809,224476.99731356237,162321.4106253786,0.1606924573950042,BUY_IMBALANCE,NONE,KXBTC15M-26AUG241245-45,79727.54,8.789822783333333,6.210177216666667,79665.92,-61.61999999999534,DOWN,0.2738853503184713,0.7261146496815287,0.2738853503184713,0.7261146496815287,DOWN,0.7261146496815287,0.32,0.33,0.67,0.68,0.68,0.0461146496815286,LEAN,SMALL EDGE,,OLD_SCHEMA,DOWN,True,UP,False,False,True,False,False,True,False
2026-08-24 16:38:56.056304+00:00,79657.975,-27.880000000004657,585,164150.5053800766,113125.3612079754,277275.866588052,0.1840230265979444,13985.020036648,BUY,0,0,0,-0.3696138503612144,-0.3379297003935695,-0.2478107912181855,683394.9683720317,500580.11487810046,0.1544076865132042,NORMAL_OR_MIXED,NONE,KXBTC15M-26AUG241245-45,79727.54,8.789822783333333,6.210177216666667,79665.92,-61.61999999999534,DOWN,0.2738853503184713,0.7261146496815287,0.2738853503184713,0.7261146496815287,DOWN,0.7261146496815287,0.32,0.33,0.67,0.68,0.68,0.0461146496815286,LEAN,SMALL EDGE,,OLD_SCHEMA,DOWN,True,UP,False,False,False,False,False,False,False
2026-08-24 16:39:25.641917+00:00,79662.58499999999,4.60999999998603,551,78776.92058438569,31650.1051434036,110427.0257277893,0.4267688559968385,10723.281820398,BUY,0,0,0,-0.5194467898949635,-0.6443141560219104,-0.3676153842763992,157610.4420270879,202387.14294539145,-0.1243805591688248,NORMAL_OR_MIXED,NONE,KXBTC15M-26AUG241245-45,79727.54,9.770536583333334,5.2294634166666665,79644.13,-83.40999999998894,DOWN,0.2406015037593984,0.7593984962406015,0.2406015037593984,0.7593984962406015,DOWN,0.7593984962406015,0.34,0.35,0.65,0.66,0.66,0.0993984962406014,LEAN,SMALL EDGE,,OLD_SCHEMA,DOWN,True,UP,False,False,False,False,False,False,False
2026-08-24 16:39:55.690477+00:00,79639.745,-22.839999999996508,581,242018.1085976686,58746.5760304615,300764.6846281301,0.6093519017826402,29831.908199388898,BUY,0,0,0,-0.2952691567712869,-0.1509491484724139,-0.3191412071373077,411396.9309369799,218596.8118898717,0.3060349745411641,BUY_IMBALANCE,BUY_FLOW_ABSORBED_OR_REVERSED,KXBTC15M-26AUG241245-45,79727.54,9.770536583333334,5.2294634166666665,79644.13,-83.40999999998894,DOWN,0.2406015037593984,0.7593984962406015,0.2406015037593984,0.7593984962406015,DOWN,0.7593984962406015,0.34,0.35,0.65,0.66,0.66,0.0993984962406014,LEAN,SMALL EDGE,,OLD_SCHEMA,DOWN,True,UP,False,False,True,True,False,True,False
2026-08-24 16:40:25.634922+00:00,79424.405,-215.3399999999965,869,276494.0596515417,1113907.8783107423,1390401.937962284,-0.6022818264238612,39980.112494320005,SELL,0,0,0,1.1865083673188617,0.1511618809185791,1.3836960289141682,246185.71025701717,188523.173007688,0.1326463283112091,SELL_IMBALANCE,NONE,KXBTC15M-26AUG241245-45,79727.54,10.75999695,4.24000305,79430.1,-297.4399999999878,DOWN,0.0698924731182795,0.9301075268817204,0.0698924731182795,0.9301075268817204,DOWN,0.9301075268817204,0.046,0.047,0.953,0.954,0.954,-0.0238924731182794,LOCK,NO VALUE,,OLD_SCHEMA,DOWN,True,DOWN,True,True,True,False,False,True,False
2026-08-24 16:40:55.649191+00:00,79494.565,70.16000000000349,571,152527.3982457477,257525.2266601763,410052.624905924,-0.2560593983236119,41410.3971144976,SELL,0,0,0,-0.1121874679441784,-0.4958504507462799,-0.0055577265477477,358280.0253281563,146266.08757393688,0.4202072562500557,NORMAL_OR_MIXED,NONE,KXBTC15M-26AUG241245-45,79727.54,10.75999695,4.24000305,79430.1,-297.4399999999878,DOWN,0.0698924731182795,0.9301075268817204,0.0698924731182795,0.9301075268817204,DOWN,0.9301075268817204,0.046,0.047,0.953,0.954,0.954,-0.0238924731182794,LOCK,NO VALUE,,OLD_SCHEMA,DOWN,True,DOWN,True,True,False,False,False,False,False
2026-08-24 16:41:25.627289+00:00,79392.045,-102.52000000000407,665,191489.7088468399,234590.768289762,426080.4771366019,-0.1011570859396682,39754.0,SELL,0,0,0,0.1618519327194367,-0.1958383622093604,0.3365540536917037,551190.5117505349,166962.3205922561,0.535022872366641,NORMAL_OR_MIXED,NONE,KXBTC15M-26AUG241245-45,79727.54,11.7441384,3.2558616,79449.16,-278.3799999999901,DOWN,0.0698924731182795,0.9301075268817204,0.0698924731182795,0.9301075268817204,DOWN,0.9301075268817204,0.008,0.009,0.991,0.992,0.992,-0.0618924731182795,LOCK,NO VALUE,,OLD_SCHEMA,DOWN,True,DOWN,True,True,False,False,False,False,False
2026-08-24 16:41:55.637929+00:00,79434.875,42.83000000000175,484,121628.3887207574,34754.6698307392,156383.0585514966,0.5555187351794305,9812.85738,BUY,0,0,0,-0.813419218458987,-0.7236593635655173,-0.624504646818465,543457.1977280597,98645.7094963538,0.6927417447064218,BUY_IMBALANCE,NONE,KXBTC15M-26AUG241245-45,79727.54,11.7441384,3.2558616,79449.16,-278.3799999999901,DOWN,0.0698924731182795,0.9301075268817204,0.0698924731182795,0.9301075268817204,DOWN,0.9301075268817204,0.008,0.009,0.991,0.992,0.992,-0.0618924731182795,LOCK,NO VALUE,,OLD_SCHEMA,DOWN,True,UP,False,False,True,False,False,True,False
2026-08-24 16:42:25.627775+00:00,79492.005,57.13000000000466,618,201303.4009080634,118102.5851820091,319405.9860900725,0.2604860877672833,27046.3302,SELL,0,0,0,-0.1876517467159441,-0.0662253587498082,-0.2080167529077018,122605.730186788,205486.54601812613,-0.2526143461529521,NORMAL_OR_MIXED,NONE,KXBTC15M-26AUG241245-45,79727.54,12.722181933333331,2.2778180666666668,79496.76,-230.77999999999884,DOWN,0.0119047619047619,0.988095238095238,0.0119047619047619,0.988095238095238,DOWN,0.988095238095238,0.017,0.018,0.982,0.983,0.983,0.0050952380952381,LOCK,SMALL EDGE,,OLD_SCHEMA,DOWN,True,UP,False,False,False,False,False,False,False
2026-08-24 16:42:55.642739+00:00,79452.91500000001,-39.08999999999651,587,96671.9781657471,148041.3713257776,244713.3494915247,-0.2099165953421336,14359.231788001,SELL,0,0,0,-0.430964913085369,-0.8699625932301572,-0.0181192951954436,574265.2657478587,132767.47643306348,0.6244375443673874,NORMAL_OR_MIXED,NONE,KXBTC15M-26AUG241245-45,79727.54,12.722181933333331,2.2778180666666668,79496.76,-230.77999999999884,DOWN,0.0119047619047619,0.988095238095238,0.0119047619047619,0.988095238095238,DOWN,0.988095238095238,0.017,0.018,0.982,0.983,0.983,0.0050952380952381,LOCK,SMALL EDGE,,OLD_SCHEMA,DOWN,True,DOWN,True,True,False,False,False,False,False
2026-08-24 16:43:25.643778+00:00,79407.13500000001,-45.77999999999884,604,117860.892721563,138855.8025402921,256716.6952618551,-0.0817824091935818,25314.907611532,SELL,0,0,0,-0.3770507246044533,-0.6673606007030675,-0.0739866481008182,337299.7710282453,175615.18728250923,0.3152268833769864,NORMAL_OR_MIXED,NONE,KXBTC15M-26AUG241245-45,79727.54,13.712342816666668,1.2876571833333337,79421.28,-306.2599999999948,DOWN,0.0119047619047619,0.988095238095238,0.0119047619047619,0.988095238095238,DOWN,0.988095238095238,0.001,0.002,0.998,0.999,0.999,-0.0109047619047618,LOCK,NO VALUE,,OLD_SCHEMA,DOWN,True,DOWN,True,True,False,False,False,False,False
2026-08-24 16:43:55.700769+00:00,79451.215,44.0799999999872,556,235069.201174584,32321.983097275803,267391.1842718598,0.7582419690814215,22689.777871848502,BUY,0,0,0,-0.3215825021856756,0.2928283466971778,-0.618906477272009,264804.7976181132,420496.19148569234,-0.2271868804263404,BUY_IMBALANCE,NONE,KXBTC15M-26AUG241245-45,79727.54,13.712342816666668,1.2876571833333337,79421.28,-306.2599999999948,DOWN,0.0119047619047619,0.988095238095238,0.0119047619047619,0.988095238095238,DOWN,0.988095238095238,0.001,0.002,0.998,0.999,0.999,-0.0109047619047618,LOCK,NO VALUE,,OLD_SCHEMA,DOWN,True,UP,False,False,True,False,False,True,False
2026-08-24 16:44:25.636252+00:00,79411.92499999999,-39.29000000000815,625,297151.3541811606,143352.6723700547,440504.0265512153,0.3491425107171511,20307.6430316604,SELL,0,0,0,0.3872179613682966,1.1158694328786036,-0.054355967751988,151751.2378350583,186299.684856902,-0.1021989431258704,NORMAL_OR_MIXED,NONE,KXBTC15M-26AUG241245-45,79727.54,14.694912133333334,0.3050878666666666,79374.6,-352.9399999999878,DOWN,0.0119047619047619,0.988095238095238,0.0119047619047619,0.988095238095238,DOWN,0.988095238095238,0.0,0.001,0.999,1.0,1.0,-0.0119047619047618,LOCK,NO VALUE,,OLD_SCHEMA,DOWN,True,UP,False,False,False,False,False,False,False
2026-08-24 16:44:55.681926+00:00,79363.36499999999,-48.55999999999767,553,92067.95273191512,93735.788240017,185803.74097193213,-0.0089763289984233,20730.74560461,SELL,0,0,0,-0.6013904180925126,-0.9559942197013656,-0.3154729246434062,237978.8153516241,203643.33523967283,0.0777485460500085,NORMAL_OR_MIXED,NONE,KXBTC15M-26AUG241245-45,79727.54,14.694912133333334,0.3050878666666666,79374.6,-352.9399999999878,DOWN,0.0119047619047619,0.988095238095238,0.0119047619047619,0.988095238095238,DOWN,0.988095238095238,0.0,0.001,0.999,1.0,1.0,-0.0119047619047618,LOCK,NO VALUE,,OLD_SCHEMA,DOWN,True,DOWN,True,True,False,False,False,False,False
2026-08-24 16:45:25.670675+00:00,79364.61499999999,1.25,609,101258.5195686202,52833.3940107983,154091.9135794185,0.3142613030946866,7999.99946856,BUY,0,0,0,-0.7164374628868246,-0.8402115994376502,-0.5207508337916052,228398.61192549183,197936.3301798917,0.0714515249328785,NORMAL_OR_MIXED,NONE,KXBTC15M-26AUG241300-00,79403.23,0.6951495,14.3048505,79353.83,-49.39999999999418,DOWN,0.4285714285714285,0.5714285714285714,0.4285714285714285,0.5714285714285714,DOWN,0.5714285714285714,0.45,0.46,0.54,0.55,0.55,0.0214285714285713,RAW,SMALL EDGE,,OLD_SCHEMA,DOWN,True,UP,False,False,False,False,False,False,False
2026-08-24 16:45:55.633585+00:00,79320.655,-43.95999999999185,563,114160.7434736241,79207.1828149869,193367.926288611,0.1807619357021356,16692.767619163602,SELL,0,0,0,-0.5221281176209807,-0.6660443111086275,-0.3400941058845754,241749.8545244577,173421.80247780573,0.16457783399766,NORMAL_OR_MIXED,NONE,KXBTC15M-26AUG241300-00,79403.23,0.6951495,14.3048505,79353.83,-49.39999999999418,DOWN,0.4285714285714285,0.5714285714285714,0.4285714285714285,0.5714285714285714,DOWN,0.5714285714285714,0.45,0.46,0.54,0.55,0.55,0.0214285714285713,RAW,SMALL EDGE,,OLD_SCHEMA,DOWN,True,UP,False,False,False,False,False,False,False
2026-08-24 16:46:25.986324+00:00,79301.595,-19.05999999999767,639,119174.7696295919,111634.6588102523,230809.4284398442,0.0326681230931811,11980.7883893548,SELL,0,0,0,-0.3640231810929507,-0.597381040263846,-0.1660568869229372,474031.77207340585,138937.82555466308,0.5466730288344047,NORMAL_OR_MIXED,NONE,KXBTC15M-26AUG241300-00,79403.23,1.683365,13.316635,79347.33,-55.89999999999418,DOWN,0.3934426229508196,0.6065573770491803,0.3934426229508196,0.6065573770491803,DOWN,0.6065573770491803,0.37,0.38,0.62,0.63,0.63,-0.0234426229508196,RAW,NO VALUE,,OLD_SCHEMA,DOWN,True,UP,False,False,False,False,False,False,False
2026-08-24 16:46:55.859525+00:00,79339.685,38.08999999999651,503,101457.95270857152,115199.0781329103,216657.0308414818,-0.0634233995129036,13310.118350464,SELL,0,0,0,-0.3929594158138367,-0.755580395994411,-0.1154602112159108,162101.6665665992,319593.4847881223,-0.3269532976999922,NORMAL_OR_MIXED,NONE,KXBTC15M-26AUG241300-00,79403.23,1.683365,13.316635,79347.33,-55.89999999999418,DOWN,0.3934426229508196,0.6065573770491803,0.3934426229508196,0.6065573770491803,DOWN,0.6065573770491803,0.37,0.38,0.62,0.63,0.63,-0.0234426229508196,RAW,NO VALUE,,OLD_SCHEMA,DOWN,True,DOWN,True,True,False,False,False,False,False
2026-08-24 16:47:25.662630+00:00,79368.735,29.05000000000291,636,434966.8221604314,44641.6605596387,479608.4827200701,0.8138412385600178,79358.0,BUY,0,0,0,0.7764187113164916,2.791751571603613,-0.4790302996790711,272358.42934902146,465477.468121638,-0.2617371144920419,BUY_IMBALANCE,NONE,KXBTC15M-26AUG241300-00,79403.23,2.66570695,12.33429305,79339.68,-63.55000000000291,DOWN,0.4336734693877551,0.5663265306122449,0.4336734693877551,0.5663265306122449,DOWN,0.5663265306122449,0.39,0.4,0.6,0.61,0.61,-0.043673469387755,RAW,NO VALUE,,OLD_SCHEMA,DOWN,True,UP,False,False,True,False,False,True,False
2026-08-24 16:47:55.660592+00:00,79370.095,1.360000000000582,531,115115.8544647903,102327.7448371818,217443.5993019721,0.0588111568639423,15691.409768301,SELL,0,0,0,-0.3323086040976049,-0.5978436665595999,-0.1200812813460594,140441.57155010567,105063.5221504686,0.1441031176436007,NORMAL_OR_MIXED,NONE,KXBTC15M-26AUG241300-00,79403.23,2.66570695,12.33429305,79339.68,-63.55000000000291,DOWN,0.4336734693877551,0.5663265306122449,0.4336734693877551,0.5663265306122449,DOWN,0.5663265306122449,0.39,0.4,0.6,0.61,0.61,-0.043673469387755,RAW,NO VALUE,,OLD_SCHEMA,DOWN,True,UP,False,False,False,False,False,False,False
2026-08-24 16:48:26.007568+00:00,79357.345,-12.75,539,175062.1548594244,37953.9110647805,213016.0659242049,0.6436521264242556,21834.470843793,BUY,0,0,0,-0.3585878955529387,0.0871152145680957,-0.4948109081798993,473793.2793132658,162868.28571436045,0.4883677776047523,BUY_IMBALANCE,BUY_FLOW_ABSORBED_OR_REVERSED,KXBTC15M-26AUG241300-00,79403.23,3.652505316666667,11.347494683333334,79341.76,-61.47000000000117,DOWN,0.4285714285714285,0.5714285714285714,0.4285714285714285,0.5714285714285714,DOWN,0.5714285714285714,0.46,0.47,0.53,0.54,0.54,0.0314285714285713,RAW,SMALL EDGE,,OLD_SCHEMA,DOWN,True,UP,False,False,True,True,False,True,False
2026-08-24 16:48:55.720695+00:00,79340.745,-16.60000000000582,669,345783.337685699,81947.4733680907,427730.8110537897,0.6168268862081796,43736.1729861321,BUY,0,0,0,0.6190691201204213,2.032651920049213,-0.2354325876320411,103758.7149931943,138409.39849629934,-0.1430852435682386,BUY_IMBALANCE,BUY_FLOW_ABSORBED_OR_REVERSED,KXBTC15M-26AUG241300-00,79403.23,3.652505316666667,11.347494683333334,79341.76,-61.47000000000117,DOWN,0.4285714285714285,0.5714285714285714,0.4285714285714285,0.5714285714285714,DOWN,0.5714285714285714,0.46,0.47,0.53,0.54,0.54,0.0314285714285713,RAW,SMALL EDGE,,OLD_SCHEMA,DOWN,True,UP,False,False,True,True,False,True,False
2026-08-24 16:49:26.074927+00:00,79348.695,7.9500000000116415,480,125452.8794480969,16786.0128437624,142238.8922918593,0.7639743592867799,11984.2241589648,BUY,0,0,0,-0.7147772826241734,-0.5478427836771849,-0.613708004269601,138391.18677731682,87575.7165624456,0.22488014600291,BUY_IMBALANCE,NONE,KXBTC15M-26AUG241300-00,79403.23,4.637745600000001,10.3622544,79331.94,-71.2899999999936,DOWN,0.4285714285714285,0.5714285714285714,0.4285714285714285,0.5714285714285714,DOWN,0.5714285714285714,0.35,0.36,0.64,0.65,0.65,-0.0785714285714286,RAW,NO VALUE,,OLD_SCHEMA,DOWN,True,UP,False,False,True,False,False,True,False
2026-08-24 16:49:55.912197+00:00,79278.275,-70.4200000000128,675,44950.5650129409,546213.0414258072,591163.6064387481,-0.8479251275844623,79312.0,SELL,0,0,0,1.3352938048841776,-1.4559454590545011,2.420501904291956,413626.5225801474,199003.185860712,0.350331258445907,SELL_IMBALANCE,NONE,KXBTC15M-26AUG241300-00,79403.23,4.637745600000001,10.3622544,79331.94,-71.2899999999936,DOWN,0.4285714285714285,0.5714285714285714,0.4285714285714285,0.5714285714285714,DOWN,0.5714285714285714,0.35,0.36,0.64,0.65,0.65,-0.0785714285714286,RAW,NO VALUE,,OLD_SCHEMA,DOWN,True,DOWN,True,True,True,False,False,True,False
2026-08-24 16:50:26.105747+00:00,79296.83499999999,18.55999999999767,466,84124.11121571511,48106.8005472121,132230.9117629272,0.2723819278587245,11976.3347258032,SELL,0,0,0,-0.7880787724356717,-0.99069589878716,-0.4585198214382574,327588.5647549458,59321.3429826685,0.6933583669152371,NORMAL_OR_MIXED,NONE,KXBTC15M-26AUG241300-00,79403.23,5.627956833333333,9.372043166666666,79287.33,-115.89999999999418,DOWN,0.2738853503184713,0.7261146496815287,0.2738853503184713,0.7261146496815287,DOWN,0.7261146496815287,0.26,0.27,0.73,0.74,0.74,-0.0138853503184712,LEAN,NO VALUE,,OLD_SCHEMA,DOWN,True,UP,False,False,False,False,False,False,False
2026-08-24 16:50:55.709229+00:00,79270.975,-25.85999999998603,722,135063.6317177702,304484.2880816503,439547.91979942046,-0.3854429715904288,70061.21149638238,SELL,0,0,0,0.5869104114823247,-0.4263173000098605,0.9104499532942528,154104.11326677332,82652.8966625065,0.3017913455893431,NORMAL_OR_MIXED,NONE,KXBTC15M-26AUG241300-00,79403.23,5.627956833333333,9.372043166666666,79287.33,-115.89999999999418,DOWN,0.2738853503184713,0.7261146496815287,0.2738853503184713,0.7261146496815287,DOWN,0.7261146496815287,0.26,0.27,0.73,0.74,0.74,-0.0138853503184712,LEAN,NO VALUE,,OLD_SCHEMA,DOWN,True,DOWN,True,True,False,False,False,False,False
2026-08-24 16:51:25.659424+00:00,79185.725,-85.25,787,204213.9917012339,972293.2854123126,1176507.2771135466,-0.6528470402626758,96939.163728,SELL,0,0,0,3.853303116563937,0.3300966509329002,4.41663124760326,379391.0279826257,383852.4881071382,-0.0058453953822881,ABNORMAL_SELL_PRESSURE,NONE,KXBTC15M-26AUG241300-00,79403.23,6.620255583333333,8.379744416666666,79157.46,-245.76999999998952,DOWN,0.0698924731182795,0.9301075268817204,0.0698924731182795,0.9301075268817204,DOWN,0.9301075268817204,0.13,0.14,0.86,0.87,0.87,0.0601075268817205,EARLY 90%+ / NOT YET VALIDATED LOCK,SMALL EDGE,,OLD_SCHEMA,DOWN,True,DOWN,True,True,True,False,False,True,True
2026-08-24 16:51:55.725509+00:00,79172.41500000001,-13.309999999997672,614,386104.2852553,51257.0789308691,437361.3641861691,0.7656076502036389,61520.759085287405,BUY,0,0,0,0.3930044086688739,2.3477690249985272,-0.4831630112092882,222335.8634752512,120258.7573986606,0.2979530321176845,BUY_IMBALANCE,BUY_FLOW_ABSORBED_OR_REVERSED,KXBTC15M-26AUG241300-00,79403.23,6.620255583333333,8.379744416666666,79157.46,-245.76999999998952,DOWN,0.0698924731182795,0.9301075268817204,0.0698924731182795,0.9301075268817204,DOWN,0.9301075268817204,0.13,0.14,0.86,0.87,0.87,0.0601075268817205,EARLY 90%+ / NOT YET VALIDATED LOCK,SMALL EDGE,,OLD_SCHEMA,DOWN,True,UP,False,False,True,True,False,True,False
2026-08-24 16:52:25.653233+00:00,79129.475,-42.94000000000233,604,79184.9142673138,86674.8234759447,165859.73774325848,-0.0451580914725962,12001.632558408,SELL,0,0,0,-0.6752542211027187,-1.039714740769223,-0.3310311388770214,286110.18715252075,197466.9658144,0.1833072981100586,NORMAL_OR_MIXED,NONE,KXBTC15M-26AUG241300-00,79403.23,7.601561233333333,7.398438766666667,79125.08,-278.1499999999942,DOWN,0.0512820512820512,0.9487179487179488,0.0512820512820512,0.9487179487179488,DOWN,0.9487179487179488,0.051,0.052,0.948,0.949,0.949,-0.0002820512820512,EARLY 90%+ / NOT YET VALIDATED LOCK,NO VALUE,,OLD_SCHEMA,DOWN,True,DOWN,True,True,False,False,False,False,False
2026-08-24 16:52:55.733078+00:00,79134.185,4.709999999991851,513,71073.00789379531,62374.4043628795,133447.4122566748,0.0651837557867722,11996.5150350545,SELL,0,0,0,-0.806205586751625,-1.1179130565639803,-0.444348980699648,269685.76981316647,437360.3493336808,-0.2371480091324704,NORMAL_OR_MIXED,NONE,KXBTC15M-26AUG241300-00,79403.23,7.601561233333333,7.398438766666667,79125.08,-278.1499999999942,DOWN,0.0512820512820512,0.9487179487179488,0.0512820512820512,0.9487179487179488,DOWN,0.9487179487179488,0.051,0.052,0.948,0.949,0.949,-0.0002820512820512,EARLY 90%+ / NOT YET VALIDATED LOCK,NO VALUE,,OLD_SCHEMA,DOWN,True,UP,False,False,False,False,False,False,False
2026-08-24 16:53:26.047758+00:00,79149.275,15.089999999996508,528,104116.4662673188,11853.0106431321,115969.4769104509,0.7955839595226468,7532.728311693999,BUY,0,0,0,-0.8593853865259099,-0.7318575759195669,-0.6711462627530254,133609.09471289438,472499.6311932808,-0.5591249919289997,BUY_IMBALANCE,NONE,KXBTC15M-26AUG241300-00,79403.23,8.59350755,6.40649245,79130.25,-272.9799999999959,DOWN,0.0119047619047619,0.988095238095238,0.0119047619047619,0.988095238095238,DOWN,0.988095238095238,0.041,0.042,0.958,0.959,0.959,0.0290952380952381,90%+ LOCK CANDIDATE,SMALL EDGE,,OLD_SCHEMA,DOWN,True,UP,False,False,True,False,False,True,False
2026-08-24 16:53:55.737549+00:00,79117.495,-31.77999999999884,593,58948.2218795811,34103.3018357991,93051.5237153802,0.2670017539935829,7999.9959556312,BUY,0,0,0,-0.928650822379332,-1.167687292529095,-0.5653735048768256,222485.3043331967,218028.85138957915,0.010116480675418,NORMAL_OR_MIXED,NONE,KXBTC15M-26AUG241300-00,79403.23,8.59350755,6.40649245,79130.25,-272.9799999999959,DOWN,0.0119047619047619,0.988095238095238,0.0119047619047619,0.988095238095238,DOWN,0.988095238095238,0.041,0.042,0.958,0.959,0.959,0.0290952380952381,90%+ LOCK CANDIDATE,SMALL EDGE,,OLD_SCHEMA,DOWN,True,UP,False,False,False,False,False,False,False
2026-08-24 16:54:25.903923+00:00,79011.225,-106.26999999998952,667,87627.1804837213,171506.7712056821,259133.9516894034,-0.3236920140148152,11986.8773745627,SELL,0,0,0,-0.2616857134752842,-0.8238161726962304,0.0436500104112639,374511.34491062834,395324.36196687,-0.0270356608173717,NORMAL_OR_MIXED,NONE,KXBTC15M-26AUG241300-00,79403.23,9.579971233333334,5.420028766666666,79004.78,-398.4499999999971,DOWN,0.0512820512820512,0.9487179487179488,0.0512820512820512,0.9487179487179488,DOWN,0.9487179487179488,0.013,0.014,0.986,0.987,0.987,-0.0382820512820513,90%+ LOCK CANDIDATE,NO VALUE,,OLD_SCHEMA,DOWN,True,DOWN,True,True,False,False,False,False,False
2026-08-24 16:54:55.763638+00:00,78944.595,-66.63000000000466,896,83862.705873779,931493.3655124076,1015356.0713861866,-0.8348112386637176,39731.67382,SELL,0,0,0,2.5904729729585148,-0.8436305049734266,3.360845432105061,430545.4382251473,268382.89808943414,0.232015976045254,ABNORMAL_SELL_PRESSURE,NONE,KXBTC15M-26AUG241300-00,79403.23,9.579971233333334,5.420028766666666,79004.78,-398.4499999999971,DOWN,0.0512820512820512,0.9487179487179488,0.0512820512820512,0.9487179487179488,DOWN,0.9487179487179488,0.013,0.014,0.986,0.987,0.987,-0.0382820512820513,90%+ LOCK CANDIDATE,NO VALUE,,OLD_SCHEMA,DOWN,True,DOWN,True,True,True,False,False,True,True
2026-08-24 16:55:25.645802+00:00,78919.785,-24.80999999999767,811,498701.1064543218,306162.01308683923,804863.119541161,0.2392196743680415,77119.29118124,BUY,0,0,0,1.599671740749972,3.420566382046026,0.4717041186187677,274641.28695810767,285035.797235623,-0.0185723349607741,NORMAL_OR_MIXED,NONE,KXBTC15M-26AUG241300-00,79403.23,10.57908025,4.42091975,78939.84,-463.3899999999994,DOWN,0.0512820512820512,0.9487179487179488,0.0512820512820512,0.9487179487179488,DOWN,0.9487179487179488,0.005,0.006,0.994,0.995,0.995,-0.0462820512820513,LOCK,NO VALUE,,OLD_SCHEMA,DOWN,True,UP,False,False,False,False,False,False,False
2026-08-24 16:55:55.743869+00:00,79001.66500000001,81.88000000000466,721,212917.6446793161,144339.8330574024,357257.4777367185,0.1919562665458111,28027.91080102,SELL,0,0,0,0.007561715304061,0.387729217025929,-0.1572409444513811,297696.0724071316,256838.09279181348,0.0736798238583909,NORMAL_OR_MIXED,NONE,KXBTC15M-26AUG241300-00,79403.23,10.57908025,4.42091975,78939.84,-463.3899999999994,DOWN,0.0512820512820512,0.9487179487179488,0.0512820512820512,0.9487179487179488,DOWN,0.9487179487179488,0.005,0.006,0.994,0.995,0.995,-0.0462820512820513,LOCK,NO VALUE,,OLD_SCHEMA,DOWN,True,UP,False,False,False,False,False,False,False
2026-08-24 16:56:25.657454+00:00,79023.005,21.339999999996508,570,104210.9175349568,90091.7593042709,194302.6768392277,0.0726657937006629,13403.8050352647,SELL,0,0,0,-0.5682822019086974,-0.6196115472322641,-0.3779541378589784,560768.1104974662,346168.9815266953,0.2366196408306716,NORMAL_OR_MIXED,NONE,KXBTC15M-26AUG241300-00,79403.23,11.570325333333331,3.429674666666666,79028.0,-375.2299999999959,DOWN,0.0344827586206896,0.9655172413793104,0.0344827586206896,0.9655172413793104,DOWN,0.9655172413793104,0.002,0.003,0.997,0.998,0.998,-0.0324827586206896,LOCK,NO VALUE,,OLD_SCHEMA,DOWN,True,UP,False,False,False,False,False,False,False
2026-08-24 16:56:55.730524+00:00,79064.57500000001,41.570000000006985,566,84639.4924028827,63611.9753613849,148251.46776426758,0.1418368219796199,8079.667013922,SELL,0,0,0,-0.7275752159447411,-0.7966756871862041,-0.4822048048553116,114957.80095024088,394026.91404494096,-0.5482858421344575,NORMAL_OR_MIXED,NONE,KXBTC15M-26AUG241300-00,79403.23,11.570325333333331,3.429674666666666,79028.0,-375.2299999999959,DOWN,0.0344827586206896,0.9655172413793104,0.0344827586206896,0.9655172413793104,DOWN,0.9655172413793104,0.002,0.003,0.997,0.998,0.998,-0.0324827586206896,LOCK,NO VALUE,,OLD_SCHEMA,DOWN,True,UP,False,False,False,False,False,False,False
2026-08-24 16:57:25.691941+00:00,79111.195,46.61999999999534,667,239672.01058758225,103124.7192261613,342796.7298137435,0.3983331213095675,24106.466958,BUY,0,0,0,-0.0528557315852097,0.6151053504567574,-0.3247720842606022,366746.169421788,107274.1217572394,0.5473859505447869,NORMAL_OR_MIXED,NONE,KXBTC15M-26AUG241300-00,79403.23,12.557715116666666,2.442284883333333,79126.89,-276.3399999999965,DOWN,0.0119047619047619,0.988095238095238,0.0119047619047619,0.988095238095238,DOWN,0.988095238095238,0.001,0.002,0.998,0.999,0.999,-0.0109047619047618,LOCK,NO VALUE,,OLD_SCHEMA,DOWN,True,UP,False,False,False,False,False,False,False
2026-08-24 16:57:55.789729+00:00,79130.255,19.05999999999767,594,144032.342750603,115741.6243419071,259773.9670925101,0.1089051328943253,12036.0709165299,BUY,0,0,0,-0.3087789743289606,-0.2225781237209752,-0.2521393466770426,276630.92947600025,163910.4166428132,0.2558681808785014,NORMAL_OR_MIXED,NONE,KXBTC15M-26AUG241300-00,79403.23,12.557715116666666,2.442284883333333,79126.89,-276.3399999999965,DOWN,0.0119047619047619,0.988095238095238,0.0119047619047619,0.988095238095238,DOWN,0.988095238095238,0.001,0.002,0.998,0.999,0.999,-0.0109047619047618,LOCK,NO VALUE,,OLD_SCHEMA,DOWN,True,UP,False,False,False,False,False,False,False
2026-08-24 16:58:25.641985+00:00,79116.23000000001,-14.02499999999418,577,228891.5648205466,137570.850997773,366462.4158183196,0.2491953059329486,39043.326532,SELL,0,0,0,0.0704471293048347,0.6041622505391817,-0.1680451560600995,175476.4317279198,245300.7709728791,-0.1659413551798554,NORMAL_OR_MIXED,NONE,KXBTC15M-26AUG241300-00,79403.23,13.54448645,1.45551355,79122.98,-280.25,DOWN,0.0,1.0,0.0,1.0,DOWN,1.0,0.001,0.002,0.998,0.999,0.999,0.001,LOCK,SMALL EDGE,,OLD_SCHEMA,DOWN,True,UP,False,False,False,False,False,False,False
2026-08-24 16:58:55.694932+00:00,79084.95000000001,-31.27999999999884,657,284107.4526909693,91972.62678894548,376080.07947991474,0.5108880698167506,19922.77889316,SELL,0,0,0,0.0839917676201833,1.1041327439867925,-0.3595688168609358,223158.8854788216,150901.9985893315,0.193168786064049,BUY_IMBALANCE,BUY_FLOW_ABSORBED_OR_REVERSED,KXBTC15M-26AUG241300-00,79403.23,13.54448645,1.45551355,79122.98,-280.25,DOWN,0.0,1.0,0.0,1.0,DOWN,1.0,0.001,0.002,0.998,0.999,0.999,0.001,LOCK,SMALL EDGE,,OLD_SCHEMA,DOWN,True,UP,False,False,True,True,False,True,False
2026-08-24 16:59:25.712564+00:00,79065.485,-19.46500000001106,629,323998.610591718,226063.5757498181,550062.1863415361,0.178043569024924,56245.4449034608,SELL,0,0,0,0.6917709466308498,1.4362899710439312,0.1688549551830366,147918.3053377427,85997.02695353903,0.2647166296354467,NORMAL_OR_MIXED,NONE,KXBTC15M-26AUG241300-00,79403.23,14.539380966666666,0.4606190333333333,79065.75,-337.4799999999959,DOWN,0.0119047619047619,0.988095238095238,0.0119047619047619,0.988095238095238,DOWN,0.988095238095238,0.0,0.001,0.999,1.0,1.0,-0.0119047619047618,LOCK,NO VALUE,,OLD_SCHEMA,DOWN,True,UP,False,False,False,False,False,False,False
2026-08-24 16:59:55.701811+00:00,79049.32500000001,-16.15999999998894,506,96767.69076501248,34154.9088482448,130922.59961325728,0.4782427335060912,8416.1634464168,BUY,0,0,0,-0.835762598001614,-0.7550498083071077,-0.6057487664637736,232688.49174032183,341738.1963255042,-0.1898409437631941,NORMAL_OR_MIXED,NONE,KXBTC15M-26AUG241300-00,79403.23,14.539380966666666,0.4606190333333333,79065.75,-337.4799999999959,DOWN,0.0119047619047619,0.988095238095238,0.0119047619047619,0.988095238095238,DOWN,0.988095238095238,0.0,0.001,0.999,1.0,1.0,-0.0119047619047618,LOCK,NO VALUE,,OLD_SCHEMA,DOWN,True,UP,False,False,False,False,False,False,False
2026-08-24 17:00:25.669359+00:00,78987.955,-61.370000000009895,647,128987.5342185319,47070.5299250635,176058.0641435954,0.4652840225861835,7999.9996828955,BUY,0,0,0,-0.6548769709119548,-0.4206363620341489,-0.5516925783217959,235129.0665317028,253106.6224550202,-0.0368214703038767,NORMAL_OR_MIXED,NONE,KXBTC15M-26AUG241315-15,79060.44,0.5172297833333334,14.482770216666667,78949.36,-111.08000000000176,DOWN,0.3934426229508196,0.6065573770491803,0.3934426229508196,0.6065573770491803,DOWN,0.6065573770491803,0.46,0.47,0.53,0.54,0.54,0.0665573770491803,RAW,SMALL EDGE,,OLD_SCHEMA,UP,False,UP,False,True,False,False,False,False,False
2026-08-24 17:00:55.772202+00:00,78860.17499999999,-127.7800000000134,941,467587.3495378141,700701.8218133826,1168289.1713511967,-0.1995349079594374,63647.303691,SELL,0,0,0,3.6114834263792472,2.78391726198487,2.6077347375282383,482514.2185099753,127795.42740331238,0.5812111826871914,NORMAL_OR_MIXED,NONE,KXBTC15M-26AUG241315-15,79060.44,0.5172297833333334,14.482770216666667,78949.36,-111.08000000000176,DOWN,0.3934426229508196,0.6065573770491803,0.3934426229508196,0.6065573770491803,DOWN,0.6065573770491803,0.46,0.47,0.53,0.54,0.54,0.0665573770491803,RAW,SMALL EDGE,,OLD_SCHEMA,UP,False,DOWN,True,False,False,False,False,False,True
2026-08-24 17:01:25.636762+00:00,78812.775,-47.39999999999418,873,443244.7879782169,2088328.6604915408,2531573.4484697576,-0.6498266418095496,118750.3866149391,SELL,0,0,0,8.202530304514951,2.277457311043346,8.58598325512452,383252.8348501887,233587.7614314941,0.2426316852698674,ABNORMAL_SELL_PRESSURE,NONE,KXBTC15M-26AUG241315-15,79060.44,1.4951503,13.5048497,78806.35,-254.0899999999965,DOWN,0.1981132075471698,0.8018867924528301,0.1981132075471698,0.8018867924528301,DOWN,0.8018867924528301,0.21,0.22,0.78,0.79,0.79,0.01188679245283,STRONG,SMALL EDGE,,OLD_SCHEMA,UP,False,DOWN,True,False,True,False,False,True,True
2026-08-24 17:01:56.094313+00:00,78862.305,49.52999999999884,744,433385.2950542473,345436.4787170457,778821.773771293,0.1129254719103789,57467.52083217,SELL,0,0,0,0.8700588717288444,2.0149255196097835,0.3412256091214785,483886.523547053,148621.0653121646,0.5300576058535025,NORMAL_OR_MIXED,NONE,KXBTC15M-26AUG241315-15,79060.44,1.4951503,13.5048497,78806.35,-254.0899999999965,DOWN,0.1981132075471698,0.8018867924528301,0.1981132075471698,0.8018867924528301,DOWN,0.8018867924528301,0.21,0.22,0.78,0.79,0.79,0.01188679245283,STRONG,SMALL EDGE,,OLD_SCHEMA,UP,False,UP,False,True,False,False,False,False,False
2026-08-24 17:02:25.637328+00:00,78631.41500000001,-230.88999999998487,1000,400187.8130948649,1040864.7646638618,1441052.577758727,-0.4445895739386857,45758.0015413565,SELL,0,0,0,2.355216205247836,1.6110197038638818,2.186753425334846,263325.3861158698,348618.9170431136,-0.1393811993786703,NORMAL_OR_MIXED,NONE,KXBTC15M-26AUG241315-15,79060.44,2.4832309166666664,12.516769083333331,78616.05,-444.3899999999994,DOWN,0.109375,0.890625,0.109375,0.890625,DOWN,0.890625,0.22,0.23,0.77,0.78,0.78,0.1106249999999999,STRONG,POSITIVE EDGE,,OLD_SCHEMA,UP,False,DOWN,True,False,False,False,False,False,True
2026-08-24 17:02:55.662594+00:00,78649.09,17.67499999998836,900,434206.5637452103,808686.8673403857,1242893.431085596,-0.3012971942961259,73928.1067946835,SELL,0,0,0,1.7231053326130623,1.7809276387640298,1.4232656603251377,233854.9188959876,366347.47245740745,-0.2207464606441548,NORMAL_OR_MIXED,NONE,KXBTC15M-26AUG241315-15,79060.44,2.4832309166666664,12.516769083333331,78616.05,-444.3899999999994,DOWN,0.109375,0.890625,0.109375,0.890625,DOWN,0.890625,0.22,0.23,0.77,0.78,0.78,0.1106249999999999,STRONG,POSITIVE EDGE,,OLD_SCHEMA,UP,False,DOWN,True,False,False,False,False,False,False
2026-08-24 17:03:25.692959+00:00,78706.595,57.50500000000466,719,201339.8189012245,303657.7896565332,504997.6085577577,-0.2026108025491894,19278.3082778468,SELL,0,0,0,0.0704603528707163,-0.0339368696691284,0.0951023508754907,362678.5313395361,128369.87181908407,0.4771600070650566,NORMAL_OR_MIXED,NONE,KXBTC15M-26AUG241315-15,79060.44,3.4607906833333333,11.539209316666668,78692.32,-368.11999999999534,DOWN,0.1071428571428571,0.8928571428571429,0.1071428571428571,0.8928571428571429,DOWN,0.8928571428571429,0.12,0.13,0.87,0.88,0.88,0.0128571428571429,STRONG,SMALL EDGE,,OLD_SCHEMA,UP,False,DOWN,True,False,False,False,False,False,False
2026-08-24 17:03:55.671370+00:00,78777.525,70.92999999999302,640,167544.3170825499,155711.0685240889,323255.38560663885,0.036606500882434,23610.90749535,BUY,0,0,0,-0.324082908777216,-0.2976794351482004,-0.2830153050542733,438436.1962990204,140736.68925779633,0.5140080180981121,NORMAL_OR_MIXED,NONE,KXBTC15M-26AUG241315-15,79060.44,3.4607906833333333,11.539209316666668,78692.32,-368.11999999999534,DOWN,0.1071428571428571,0.8928571428571429,0.1071428571428571,0.8928571428571429,DOWN,0.8928571428571429,0.12,0.13,0.87,0.88,0.88,0.0128571428571429,STRONG,SMALL EDGE,,OLD_SCHEMA,UP,False,UP,False,True,False,False,False,False,False
2026-08-24 17:04:25.713450+00:00,78820.83499999999,43.30999999999767,723,416527.7021816888,114644.8895142977,531172.5916959865,0.5683328119463136,12023.858886788,SELL,0,0,0,0.1097672908664612,1.542706320489536,-0.3941638998696233,209414.21037166408,87975.92026124032,0.4083467391872733,BUY_IMBALANCE,NONE,KXBTC15M-26AUG241315-15,79060.44,4.444291616666666,10.555708383333332,78789.1,-271.3399999999965,DOWN,0.109375,0.890625,0.109375,0.890625,DOWN,0.890625,0.18,0.19,0.81,0.82,0.82,0.070625,STRONG,SMALL EDGE,,OLD_SCHEMA,UP,False,UP,False,True,True,False,False,True,False
2026-08-24 17:04:55.659463+00:00,78840.465,19.630000000004657,623,266494.9657458182,98841.2602469937,365336.2259928119,0.4589024946628839,17719.5944193597,BUY,0,0,0,-0.2436606899920891,0.4096787898087337,-0.4315377421503321,130317.773316177,265394.2829136147,-0.3413505034049257,NORMAL_OR_MIXED,NONE,KXBTC15M-26AUG241315-15,79060.44,4.444291616666666,10.555708383333332,78789.1,-271.3399999999965,DOWN,0.109375,0.890625,0.109375,0.890625,DOWN,0.890625,0.18,0.19,0.81,0.82,0.82,0.070625,STRONG,SMALL EDGE,,OLD_SCHEMA,UP,False,UP,False,True,False,False,False,False,False
2026-08-24 17:05:25.682354+00:00,78858.92499999999,18.45999999999185,684,1272144.0283001156,203491.6569113672,1475635.685211483,0.7241979725067389,149344.5728548539,BUY,0,0,0,2.0898459043269644,7.645820683001754,-0.1708704580313599,455181.57600616687,262487.264919769,0.2685003167168074,BUY_IMBALANCE,NONE,KXBTC15M-26AUG241315-15,79060.44,5.434371216666666,9.565628783333333,78890.89,-169.5500000000029,DOWN,0.2406015037593984,0.7593984962406015,0.2406015037593984,0.7593984962406015,DOWN,0.7593984962406015,0.22,0.23,0.77,0.78,0.78,-0.0206015037593985,LEAN,NO VALUE,,OLD_SCHEMA,UP,False,UP,False,True,True,False,False,True,True
2026-08-24 17:05:55.702362+00:00,78896.985,38.060000000012224,686,282916.7765364676,188456.9512047584,471373.727741226,0.2003926391577886,25251.9442851082,SELL,0,0,0,-0.095727102104987,0.186117213995546,-0.2185166360870578,260976.94684628776,191238.3432904082,0.1542154922156633,NORMAL_OR_MIXED,NONE,KXBTC15M-26AUG241315-15,79060.44,6.41323285,8.586767149999998,78944.6,-115.83999999999652,DOWN,0.2406015037593984,0.7593984962406015,0.2406015037593984,0.7593984962406015,DOWN,0.7593984962406015,0.24,0.25,0.75,0.76,0.76,-0.0006015037593984,LEAN,NO VALUE,,OLD_SCHEMA,UP,False,UP,False,True,False,False,False,False,False
2026-08-24 17:06:25.806548+00:00,78952.19,55.20500000000175,649,255261.7772463026,173539.789888933,428801.5671352357,0.1905822963832501,45872.5497261148,SELL,0,0,0,-0.1968343024820766,0.0376591460719128,-0.263337407288343,128088.37742842214,273207.62797911966,-0.3616264517841875,NORMAL_OR_MIXED,NONE,KXBTC15M-26AUG241315-15,79060.44,6.41323285,8.586767149999998,78944.6,-115.83999999999652,DOWN,0.2406015037593984,0.7593984962406015,0.2406015037593984,0.7593984962406015,DOWN,0.7593984962406015,0.24,0.25,0.75,0.76,0.76,-0.0006015037593984,LEAN,NO VALUE,,OLD_SCHEMA,UP,False,UP,False,True,False,False,False,False,False
2026-08-24 17:06:55.662121+00:00,78982.685,30.494999999995343,511,243895.0354784913,16815.9255745668,260710.9610530581,0.870999473849168,19486.5686387792,BUY,0,0,0,-0.550540974571524,-0.0316463502417741,-0.6613502003280798,560877.762902201,127120.60411069184,0.6304624830357785,BUY_IMBALANCE,NONE,KXBTC15M-26AUG241315-15,79060.44,7.390569416666667,7.609430583333333,78987.44,-73.0,DOWN,0.3652173913043478,0.6347826086956522,0.3652173913043478,0.6347826086956522,DOWN,0.6347826086956522,0.34,0.35,0.65,0.66,0.66,-0.0252173913043478,RAW,NO VALUE,,OLD_SCHEMA,UP,False,UP,False,True,True,False,False,True,False
2026-08-24 17:07:25.755363+00:00,78983.255,0.5700000000069849,766,513281.7738479784,257086.8456297256,770368.6194777039,0.3325614799729879,71531.3663461448,SELL,0,0,0,0.4872791916361205,1.2266573376806604,-0.0513140109651289,267176.32524472865,303122.91519081144,-0.0630311026166372,NORMAL_OR_MIXED,NONE,KXBTC15M-26AUG241315-15,79060.44,7.390569416666667,7.609430583333333,78987.44,-73.0,DOWN,0.3652173913043478,0.6347826086956522,0.3652173913043478,0.6347826086956522,DOWN,0.6347826086956522,0.34,0.35,0.65,0.66,0.66,-0.0252173913043478,RAW,NO VALUE,,OLD_SCHEMA,UP,False,UP,False,True,False,False,False,False,False
2026-08-24 17:07:55.647113+00:00,78973.17499999999,-10.080000000016298,547,317774.2289976627,176364.50374685982,494138.7327445225,0.2861741366951575,39496.0,BUY,0,0,0,-0.0914262804366023,0.2890288717149689,-0.2679217037711306,138852.9554996785,186911.0836701941,-0.1475243501185077,NORMAL_OR_MIXED,NONE,KXBTC15M-26AUG241315-15,79060.44,8.365460933333333,6.634539066666666,79057.3,-3.139999999999418,DOWN,0.4336734693877551,0.5663265306122449,0.4336734693877551,0.5663265306122449,DOWN,0.5663265306122449,0.32,0.33,0.67,0.68,0.68,-0.1136734693877551,RAW,NO VALUE,,OLD_SCHEMA,UP,False,UP,False,True,False,False,False,False,False
2026-08-24 17:08:25.661423+00:00,79054.08499999999,80.91000000000349,669,367652.8648752306,82618.7539472487,450271.6188224793,0.6330270419294567,26189.27301275,BUY,0,0,0,-0.1959086819997654,0.5015397473646698,-0.5092215956274457,276514.9580343451,170036.4482270891,0.2384462534755024,BUY_IMBALANCE,NONE,KXBTC15M-26AUG241315-15,79060.44,8.365460933333333,6.634539066666666,79057.3,-3.139999999999418,DOWN,0.4336734693877551,0.5663265306122449,0.4336734693877551,0.5663265306122449,DOWN,0.5663265306122449,0.32,0.33,0.67,0.68,0.68,-0.1136734693877551,RAW,NO VALUE,,OLD_SCHEMA,UP,False,UP,False,True,True,False,False,True,False
2026-08-24 17:08:55.748150+00:00,79035.045,-19.0399999999936,674,149563.98603352762,118021.1470360616,267585.1330695892,0.1178796394090506,23481.6462268076,SELL,0,0,0,-0.5853025425942036,-0.5482607026033183,-0.4235182347226778,198117.6255147497,241976.68883079552,-0.0996583275138823,NORMAL_OR_MIXED,NONE,KXBTC15M-26AUG241315-15,79060.44,9.352753816666668,5.647246183333333,79154.05,93.61000000000058,UP,0.2738853503184713,0.7261146496815287,0.7261146496815287,0.2738853503184713,UP,0.7261146496815287,0.48,0.49,0.51,0.52,0.49,0.2361146496815287,LEAN,IDEAL <=50c / LARGE EDGE,,OLD_SCHEMA,UP,True,UP,True,True,False,False,False,False,False
2026-08-24 17:09:25.725602+00:00,79168.305,133.25999999999476,728,443914.8608016979,157708.7542402121,601623.61504191,0.4757228596180491,12674.664643531,SELL,0,0,0,0.1102810681626255,0.8590950959693151,-0.3259944470546896,153160.03776404238,426722.9117159028,-0.4717553330326388,NORMAL_OR_MIXED,NONE,KXBTC15M-26AUG241315-15,79060.44,9.352753816666668,5.647246183333333,79154.05,93.61000000000058,UP,0.2738853503184713,0.7261146496815287,0.7261146496815287,0.2738853503184713,UP,0.7261146496815287,0.48,0.49,0.51,0.52,0.49,0.2361146496815287,LEAN,IDEAL <=50c / LARGE EDGE,,OLD_SCHEMA,UP,True,UP,True,True,False,False,False,False,False
2026-08-24 17:09:55.730402+00:00,79139.765,-28.5399999999936,641,249558.07123470865,112527.5958994714,362085.66713418,0.3784476652163563,15271.717510000002,BUY,0,0,0,-0.4083629556763574,-0.0914231092975633,-0.4510731122158232,124171.4425020005,171908.5302405588,-0.1612303841302551,NORMAL_OR_MIXED,NONE,KXBTC15M-26AUG241315-15,79060.44,10.335829566666666,4.664170433333334,79100.55,40.11000000000058,UP,0.3934426229508196,0.6065573770491803,0.6065573770491803,0.3934426229508196,UP,0.6065573770491803,0.73,0.74,0.26,0.27,0.74,-0.1334426229508196,RAW,NO VALUE,,OLD_SCHEMA,UP,True,UP,True,True,False,False,False,False,False
2026-08-24 17:10:25.714354+00:00,79106.625,-33.13999999999942,620,423097.6088835093,75047.0992416966,498144.7081252059,0.6986935803287349,30066.5963762424,BUY,0,0,0,-0.114636411252051,0.7073479687246617,-0.5202909090155676,402481.3950228407,271665.9315966362,0.1940458090699266,BUY_IMBALANCE,BUY_FLOW_ABSORBED_OR_REVERSED,KXBTC15M-26AUG241315-15,79060.44,10.335829566666666,4.664170433333334,79100.55,40.11000000000058,UP,0.3934426229508196,0.6065573770491803,0.6065573770491803,0.3934426229508196,UP,0.6065573770491803,0.73,0.74,0.26,0.27,0.74,-0.1334426229508196,RAW,NO VALUE,,OLD_SCHEMA,UP,True,UP,True,True,True,True,False,True,False
2026-08-24 17:10:55.655524+00:00,79096.275,-10.35000000000582,493,142969.9259896705,26397.0448340473,169366.9708237178,0.6882858008776442,11627.7052448505,BUY,0,0,0,-0.8206113484204707,-0.6667844741829064,-0.6464627141992317,451639.1174408417,292862.1396615477,0.2132662319433233,BUY_IMBALANCE,BUY_FLOW_ABSORBED_OR_REVERSED,KXBTC15M-26AUG241315-15,79060.44,11.3214358,3.6785642,79113.07,52.63000000000466,UP,0.2738853503184713,0.7261146496815287,0.7261146496815287,0.2738853503184713,UP,0.7261146496815287,0.74,0.75,0.25,0.26,0.75,-0.0238853503184712,LEAN,NO VALUE,,OLD_SCHEMA,UP,True,UP,True,True,True,True,False,True,False
2026-08-24 17:11:25.696921+00:00,79131.535,35.26000000000931,651,275379.9390119834,71539.0467019413,346918.9857139247,0.587574911446711,18980.58405222,BUY,0,0,0,-0.4329387726325486,-0.0357505675227173,-0.5111685162759162,122766.99497114812,293861.4961510945,-0.4106644284433867,BUY_IMBALANCE,NONE,KXBTC15M-26AUG241315-15,79060.44,11.3214358,3.6785642,79113.07,52.63000000000466,UP,0.2738853503184713,0.7261146496815287,0.7261146496815287,0.2738853503184713,UP,0.7261146496815287,0.74,0.75,0.25,0.26,0.75,-0.0238853503184712,LEAN,NO VALUE,,OLD_SCHEMA,UP,True,UP,True,True,True,False,False,True,False
2026-08-24 17:11:55.680985+00:00,79170.565,39.02999999999884,608,170896.0747883292,73189.8711404838,244085.945928813,0.4002942622363892,14340.5073708624,BUY,0,0,0,-0.6148322727784167,-0.5442504067416574,-0.4678434195523183,118630.38809319132,82379.93239581383,0.1803412661060869,NORMAL_OR_MIXED,NONE,KXBTC15M-26AUG241315-15,79060.44,12.3055118,2.6944882000000003,79175.02,114.58000000000176,UP,0.0512820512820512,0.9487179487179488,0.9487179487179488,0.0512820512820512,UP,0.9487179487179488,0.925,0.926,0.074,0.075,0.926,0.0227179487179486,LOCK,SMALL EDGE,,OLD_SCHEMA,UP,True,UP,True,True,False,False,False,False,False
2026-08-24 17:12:25.722381+00:00,79168.32500000001,-2.2399999999906868,529,115905.0858648794,37087.4404725666,152992.526337446,0.5151731740050468,15950.353829372,BUY,0,0,0,-0.7936846568679174,-0.7812904552526915,-0.564877955387886,413326.3590636184,166446.4485018992,0.4258218173397523,BUY_IMBALANCE,BUY_FLOW_ABSORBED_OR_REVERSED,KXBTC15M-26AUG241315-15,79060.44,12.3055118,2.6944882000000003,79175.02,114.58000000000176,UP,0.0512820512820512,0.9487179487179488,0.9487179487179488,0.0512820512820512,UP,0.9487179487179488,0.925,0.926,0.074,0.075,0.926,0.0227179487179486,LOCK,SMALL EDGE,,OLD_SCHEMA,UP,True,UP,True,True,True,True,False,True,False
2026-08-24 17:12:55.660420+00:00,79151.61499999999,-16.710000000020955,617,140063.6404623107,108409.8541980066,248473.4946603173,0.1273930094941405,12003.1628813346,SELL,0,0,0,-0.5919291057817676,-0.6727172063386686,-0.3728267662218308,86396.6904483818,237380.13411908687,-0.4663194898906148,NORMAL_OR_MIXED,NONE,KXBTC15M-26AUG241315-15,79060.44,13.291829533333331,1.7081704666666666,79169.5,109.05999999999769,UP,0.0119047619047619,0.988095238095238,0.988095238095238,0.0119047619047619,UP,0.988095238095238,0.988,0.989,0.011,0.012,0.989,-0.0009047619047618,LOCK,NO VALUE,,OLD_SCHEMA,UP,True,UP,True,True,False,False,False,False,False
2026-08-24 17:13:25.698437+00:00,79135.045,-16.569999999992433,484,114709.4978534191,58907.2721976616,173616.7700510807,0.3214103432481761,13007.027803919998,BUY,0,0,0,-0.758578906075197,-0.8083839762470398,-0.5069204378015967,107680.24294507942,154560.43997711592,-0.1787678269810846,NORMAL_OR_MIXED,NONE,KXBTC15M-26AUG241315-15,79060.44,13.291829533333331,1.7081704666666666,79169.5,109.05999999999769,UP,0.0119047619047619,0.988095238095238,0.988095238095238,0.0119047619047619,UP,0.988095238095238,0.988,0.989,0.011,0.012,0.989,-0.0009047619047618,LOCK,NO VALUE,,OLD_SCHEMA,UP,True,UP,True,True,False,False,False,False,False
2026-08-24 17:13:55.703208+00:00,79126.295,-8.75,741,149603.3291017666,258076.3269755061,407679.6560772727,-0.2660741007227969,14162.56592,BUY,0,0,0,-0.2682470609879988,-0.6416419887843329,0.0153224388928339,465051.8538826934,237084.1780341967,0.3246773637668557,NORMAL_OR_MIXED,NONE,KXBTC15M-26AUG241315-15,79060.44,14.275796,0.7242040000000001,79122.64,62.19999999999709,UP,0.0698924731182795,0.9301075268817204,0.9301075268817204,0.0698924731182795,UP,0.9301075268817204,0.989,0.99,0.01,0.011,0.99,-0.0598924731182795,LOCK,NO VALUE,,OLD_SCHEMA,UP,True,DOWN,False,False,False,False,False,False,False
2026-08-24 17:14:25.687335+00:00,79134.995,8.69999999999709,508,204124.7911193205,31701.3499098772,235826.1410291977,0.7311464304039793,44784.38776,BUY,0,0,0,-0.6552178019277894,-0.3924714513896676,-0.6001698865347708,475210.0850885241,63207.57699171901,0.7652098679396633,BUY_IMBALANCE,NONE,KXBTC15M-26AUG241315-15,79060.44,14.275796,0.7242040000000001,79122.64,62.19999999999709,UP,0.0698924731182795,0.9301075268817204,0.9301075268817204,0.0698924731182795,UP,0.9301075268817204,0.989,0.99,0.01,0.011,0.99,-0.0598924731182795,LOCK,NO VALUE,,OLD_SCHEMA,UP,True,UP,True,True,True,False,False,True,False
2026-08-24 17:14:55.657327+00:00,79085.935,-49.05999999999767,553,141815.7178455029,66205.659269651,208021.37711515388,0.3634725412571257,14072.036649786,BUY,0,0,0,-0.7128547868823477,-0.7182217115063303,-0.4974478440864566,462445.1547845529,140571.0667969825,0.5337735146550265,NORMAL_OR_MIXED,NONE,KXBTC15M-26AUG241315-15,79060.44,14.275796,0.7242040000000001,79122.64,62.19999999999709,UP,0.0698924731182795,0.9301075268817204,0.9301075268817204,0.0698924731182795,UP,0.9301075268817204,0.989,0.99,0.01,0.011,0.99,-0.0598924731182795,LOCK,NO VALUE,,OLD_SCHEMA,UP,True,UP,True,True,False,False,False,False,False
2026-08-24 17:15:25.710565+00:00,78945.58499999999,-140.35000000000582,879,610075.4123340542,685447.4014114373,1295522.8137454917,-0.0581788203786815,115777.97593283108,SELL,0,0,0,1.6656477402037848,1.5954094150166378,1.2457608687554431,741080.6040842098,262427.9817642844,0.4769791001989399,NORMAL_OR_MIXED,NONE,KXBTC15M-26AUG241330-30,79121.71,0.8059435166666666,14.194056483333332,78935.09,-186.6200000000099,DOWN,0.2406015037593984,0.7593984962406015,0.2406015037593984,0.7593984962406015,DOWN,0.7593984962406015,0.29,0.3,0.7,0.71,0.71,0.0493984962406015,LEAN,SMALL EDGE,,OLD_SCHEMA,DOWN,True,DOWN,True,True,False,False,False,False,False
2026-08-24 17:15:55.698567+00:00,78920.805,-24.77999999999884,531,247108.0572042662,237344.201039214,484452.2582434802,0.0201544238857587,43214.7229180704,SELL,0,0,0,-0.1032127497456597,-0.2169589063584542,-0.013206173845924,265636.60124593246,323024.8918181384,-0.09748945913464,NORMAL_OR_MIXED,NONE,KXBTC15M-26AUG241330-30,79121.71,0.8059435166666666,14.194056483333332,78935.09,-186.6200000000099,DOWN,0.2406015037593984,0.7593984962406015,0.2406015037593984,0.7593984962406015,DOWN,0.7593984962406015,0.29,0.3,0.7,0.71,0.71,0.0493984962406015,LEAN,SMALL EDGE,,OLD_SCHEMA,DOWN,True,UP,False,False,False,False,False,False,False
2026-08-24 17:16:25.674569+00:00,78818.93,-101.875,867,274585.0364016052,930407.8802619564,1204992.9166635617,-0.5442545219902396,105653.1184852527,SELL,0,0,0,1.398945792941303,-0.0872017573157588,1.8549583698175236,393772.64086169546,555148.3320573638,-0.1700623084546718,SELL_IMBALANCE,NONE,KXBTC15M-26AUG241330-30,79121.71,1.7794220833333334,13.220577916666668,78906.52,-215.19000000000236,DOWN,0.2406015037593984,0.7593984962406015,0.2406015037593984,0.7593984962406015,DOWN,0.7593984962406015,0.26,0.27,0.73,0.74,0.74,0.0193984962406015,LEAN,SMALL EDGE,,OLD_SCHEMA,DOWN,True,DOWN,True,True,True,False,False,True,False
2026-08-24 17:16:55.691361+00:00,78959.32500000001,140.39500000001863,618,377855.8730075312,122850.6978780526,500706.5708855838,0.5092906503672582,27521.6488758904,BUY,0,0,0,-0.1268210092630056,0.4007067336343752,-0.3716839973361835,505048.1392285456,109776.8509410193,0.6429004913715575,BUY_IMBALANCE,NONE,KXBTC15M-26AUG241330-30,79121.71,1.7794220833333334,13.220577916666668,78906.52,-215.19000000000236,DOWN,0.2406015037593984,0.7593984962406015,0.2406015037593984,0.7593984962406015,DOWN,0.7593984962406015,0.26,0.27,0.73,0.74,0.74,0.0193984962406015,LEAN,SMALL EDGE,,OLD_SCHEMA,DOWN,True,UP,False,False,True,False,False,True,False
2026-08-24 17:17:25.672629+00:00,79015.995,56.6699999999837,677,277042.3582332293,49478.04134402989,326520.3995772592,0.6969375180963375,15055.260849499702,BUY,0,0,0,-0.5084714206820569,-0.1349157640769167,-0.5676206856260537,171342.27757256725,149205.4491635654,0.0690593835570212,BUY_IMBALANCE,NONE,KXBTC15M-26AUG241330-30,79121.71,2.771761816666667,12.228238183333334,79087.37,-34.34000000001106,DOWN,0.4336734693877551,0.5663265306122449,0.4336734693877551,0.5663265306122449,DOWN,0.5663265306122449,0.34,0.35,0.65,0.66,0.66,-0.0936734693877551,RAW,NO VALUE,,OLD_SCHEMA,DOWN,True,UP,False,False,True,False,False,True,False
2026-08-24 17:17:55.705963+00:00,79068.35500000001,52.360000000015134,583,151671.1448850624,104203.8304714448,255874.97535650723,0.1855097957409943,10354.979303961602,BUY,0,0,0,-0.6542385124016346,-0.76720652730977,-0.4206160303935728,267075.61225320166,243918.2257021195,0.0453183283848266,NORMAL_OR_MIXED,NONE,KXBTC15M-26AUG241330-30,79121.71,2.771761816666667,12.228238183333334,79087.37,-34.34000000001106,DOWN,0.4336734693877551,0.5663265306122449,0.4336734693877551,0.5663265306122449,DOWN,0.5663265306122449,0.34,0.35,0.65,0.66,0.66,-0.0936734693877551,RAW,NO VALUE,,OLD_SCHEMA,DOWN,True,UP,False,False,False,False,False,False,False
2026-08-24 17:18:25.701913+00:00,79079.765,11.40999999998894,770,939563.6390388164,228986.7969424829,1168550.4359812993,0.6080840160738301,50282.444410401,BUY,0,0,0,1.2426337038196065,3.1775444913119126,-0.0948477599962726,18778.9747782473,197277.8133708366,-0.8261663061908576,BUY_IMBALANCE,NONE,KXBTC15M-26AUG241330-30,79121.71,3.7656514,11.2343486,79082.64,-39.070000000006985,DOWN,0.4336734693877551,0.5663265306122449,0.4336734693877551,0.5663265306122449,DOWN,0.5663265306122449,0.48,0.49,0.51,0.52,0.52,0.0463265306122449,RAW,SMALL EDGE,,OLD_SCHEMA,DOWN,True,UP,False,False,True,False,False,True,False
2026-08-24 17:18:55.696232+00:00,79006.33499999999,-73.43000000000757,549,248064.0929388895,56510.9527017483,304575.0456406378,0.628919351663337,21876.145503252203,BUY,0,0,0,-0.5850250327696073,-0.3365804271286073,-0.5505730415168747,167925.4390180558,176335.1870094482,-0.0244284340281206,BUY_IMBALANCE,BUY_FLOW_ABSORBED_OR_REVERSED,KXBTC15M-26AUG241330-30,79121.71,3.7656514,11.2343486,79082.64,-39.070000000006985,DOWN,0.4336734693877551,0.5663265306122449,0.4336734693877551,0.5663265306122449,DOWN,0.5663265306122449,0.48,0.49,0.51,0.52,0.52,0.0463265306122449,RAW,SMALL EDGE,,OLD_SCHEMA,DOWN,True,UP,False,False,True,True,False,True,False
2026-08-24 17:19:25.659832+00:00,79063.61499999999,57.27999999999884,670,566029.7744119946,93028.44877102492,659058.2231830196,0.7176927758469344,50402.91036,BUY,0,0,0,0.1433566034890708,1.096034732536081,-0.4525347044885501,137918.13476638627,151326.0414710985,-0.0463549755058979,BUY_IMBALANCE,NONE,KXBTC15M-26AUG241330-30,79121.71,4.7513271,10.2486729,79039.81,-81.90000000000873,DOWN,0.3934426229508196,0.6065573770491803,0.3934426229508196,0.6065573770491803,DOWN,0.6065573770491803,0.42,0.43,0.57,0.58,0.58,0.0265573770491803,RAW,SMALL EDGE,,OLD_SCHEMA,DOWN,True,UP,False,False,True,False,False,True,False
2026-08-24 17:19:55.672205+00:00,79009.015,-54.59999999999127,537,59156.90129898831,89496.0952540153,148652.9965530036,-0.2040940624039776,10319.4879375,SELL,0,0,0,-0.9040033461105113,-1.190579196107424,-0.4519971680151103,201731.13276819576,122252.89400917292,0.2453153001077973,NORMAL_OR_MIXED,NONE,KXBTC15M-26AUG241330-30,79121.71,4.7513271,10.2486729,79039.81,-81.90000000000873,DOWN,0.3934426229508196,0.6065573770491803,0.3934426229508196,0.6065573770491803,DOWN,0.6065573770491803,0.42,0.43,0.57,0.58,0.58,0.0265573770491803,RAW,SMALL EDGE,,OLD_SCHEMA,DOWN,True,DOWN,True,True,False,False,False,False,False
2026-08-24 17:20:25.664729+00:00,78904.17499999999,-104.84000000001106,676,201568.9658091258,376529.38274082687,578098.3485499527,-0.3026481867152107,24436.4384338272,SELL,0,0,0,-0.0284020372397421,-0.5533643007114714,0.2906117798203784,106943.36168501207,186488.81639378867,-0.2710863383477144,NORMAL_OR_MIXED,NONE,KXBTC15M-26AUG241330-30,79121.71,5.734841283333334,9.265158716666669,78908.89,-212.82000000000696,DOWN,0.1981132075471698,0.8018867924528301,0.1981132075471698,0.8018867924528301,DOWN,0.8018867924528301,0.19,0.2,0.8,0.81,0.81,-0.0081132075471699,STRONG,NO VALUE,,OLD_SCHEMA,DOWN,True,DOWN,True,True,False,False,False,False,False
2026-08-24 17:20:55.721516+00:00,78846.205,-57.96999999998661,828,365180.8714724056,594058.2490322891,959239.1205046948,-0.238603047631608,46414.806773121,SELL,0,0,0,0.7364784019156109,0.1606241986904479,0.8380189149473578,615101.9594377296,424159.9844932399,0.1837284392635977,NORMAL_OR_MIXED,NONE,KXBTC15M-26AUG241330-30,79121.71,5.734841283333334,9.265158716666669,78908.89,-212.82000000000696,DOWN,0.1981132075471698,0.8018867924528301,0.1981132075471698,0.8018867924528301,DOWN,0.8018867924528301,0.19,0.2,0.8,0.81,0.81,-0.0081132075471699,STRONG,NO VALUE,,OLD_SCHEMA,DOWN,True,DOWN,True,True,False,False,False,False,False
2026-08-24 17:21:26.130780+00:00,78743.33499999999,-102.8700000000099,667,243117.7582925015,475815.9671469816,718933.7254394831,-0.3236712935009858,48863.2071492,SELL,0,0,0,0.2544095121181583,-0.3707482589383803,0.5399412814648559,310420.93918276933,383998.65935508686,-0.1059557079426329,NORMAL_OR_MIXED,NONE,KXBTC15M-26AUG241330-30,79121.71,6.72080145,8.27919855,78759.34,-362.3700000000099,DOWN,0.0698924731182795,0.9301075268817204,0.0698924731182795,0.9301075268817204,DOWN,0.9301075268817204,0.081,0.082,0.918,0.919,0.919,0.0111075268817204,EARLY 90%+ / NOT YET VALIDATED LOCK,SMALL EDGE,,OLD_SCHEMA,DOWN,True,DOWN,True,True,False,False,False,False,False
2026-08-24 17:21:56.091141+00:00,78729.42499999999,-13.910000000003492,642,174553.1113824131,119425.4286572771,293978.5400396902,0.1875228127797804,19479.7237743108,BUY,0,0,0,-0.7006492266038542,-0.6550146200509063,-0.4464502626550783,278656.01413051545,282613.6027682375,-0.0070511364210116,NORMAL_OR_MIXED,NONE,KXBTC15M-26AUG241330-30,79121.71,6.72080145,8.27919855,78759.34,-362.3700000000099,DOWN,0.0698924731182795,0.9301075268817204,0.0698924731182795,0.9301075268817204,DOWN,0.9301075268817204,0.081,0.082,0.918,0.919,0.919,0.0111075268817204,EARLY 90%+ / NOT YET VALIDATED LOCK,SMALL EDGE,,OLD_SCHEMA,DOWN,True,UP,False,False,False,False,False,False,False
2026-08-24 17:22:25.815969+00:00,78697.08499999999,-32.33999999999651,800,309423.7393631278,716112.610984603,1025536.3503477308,-0.3965621223309912,39796.5190818384,SELL,0,0,0,1.3215515883439224,-0.0244305997843848,1.9835989101890328,86744.321204987,319149.4557693632,-0.5725762446933564,NORMAL_OR_MIXED,NONE,KXBTC15M-26AUG241330-30,79121.71,7.707558166666667,7.292441833333333,78582.48,-539.2300000000105,DOWN,0.1071428571428571,0.8928571428571429,0.1071428571428571,0.8928571428571429,DOWN,0.8928571428571429,0.063,0.064,0.936,0.937,0.937,-0.0441428571428571,STRONG,NO VALUE,,OLD_SCHEMA,DOWN,True,DOWN,True,True,False,False,False,False,False
2026-08-24 17:22:55.808393+00:00,78618.255,-78.8299999999872,1000,540913.0262942325,1236181.960446308,1777094.9867405407,-0.3912390386218484,351683.69778,SELL,1,0,0,3.591028736806457,1.0183741296007318,4.527235305767152,453146.70858424174,273826.3723592416,0.2466670925315059,NORMAL_OR_MIXED,NONE,KXBTC15M-26AUG241330-30,79121.71,7.707558166666667,7.292441833333333,78582.48,-539.2300000000105,DOWN,0.1071428571428571,0.8928571428571429,0.1071428571428571,0.8928571428571429,DOWN,0.8928571428571429,0.063,0.064,0.936,0.937,0.937,-0.0441428571428571,STRONG,NO VALUE,,OLD_SCHEMA,DOWN,True,DOWN,True,True,False,False,False,False,True
2026-08-24 17:23:25.719929+00:00,78503.935,-114.32000000000698,807,261008.0598677527,381729.1034619208,642737.1633296735,-0.187823344411544,32337.8269295368,SELL,0,0,0,0.2619718536086848,-0.2400451755926289,0.5937899720024306,572741.2831963304,308151.1818226232,0.3003659491718029,NORMAL_OR_MIXED,NONE,KXBTC15M-26AUG241330-30,79121.71,8.703047633333334,6.296952366666667,78627.0,-494.7100000000064,DOWN,0.1071428571428571,0.8928571428571429,0.1071428571428571,0.8928571428571429,DOWN,0.8928571428571429,0.018,0.02,0.98,0.982,0.982,-0.089142857142857,STRONG,NO VALUE,,OLD_SCHEMA,DOWN,True,DOWN,True,True,False,False,False,False,False
2026-08-24 17:23:55.765640+00:00,78606.025,102.08999999999652,783,629316.1179663136,284022.6048953947,913338.7228617084,0.3780563600643492,78381.731610208,BUY,0,0,0,0.9585292579020404,1.384961623978522,0.2105280891179241,307631.63308216183,137184.4201630286,0.3831858397996704,NORMAL_OR_MIXED,NONE,KXBTC15M-26AUG241330-30,79121.71,8.703047633333334,6.296952366666667,78627.0,-494.7100000000064,DOWN,0.1071428571428571,0.8928571428571429,0.1071428571428571,0.8928571428571429,DOWN,0.8928571428571429,0.018,0.02,0.98,0.982,0.982,-0.089142857142857,STRONG,NO VALUE,,OLD_SCHEMA,DOWN,True,UP,False,False,False,False,False,False,False
2026-08-24 17:24:25.706842+00:00,78651.055,45.02999999999884,793,458438.0646574783,308853.284053711,767291.3487111893,0.1949517362016699,38314.0074848862,BUY,0,0,0,0.5356803275834244,0.5668620461902384,0.2934097038658012,148086.06304519932,197754.363930264,-0.1436162374637264,NORMAL_OR_MIXED,NONE,KXBTC15M-26AUG241330-30,79121.71,9.6810391,5.3189609,78544.05,-577.6600000000035,DOWN,0.0698924731182795,0.9301075268817204,0.0698924731182795,0.9301075268817204,DOWN,0.9301075268817204,0.021,0.022,0.978,0.979,0.979,-0.0488924731182794,90%+ LOCK CANDIDATE,NO VALUE,,OLD_SCHEMA,DOWN,True,UP,False,False,False,False,False,False,False
2026-08-24 17:24:55.754346+00:00,78599.995,-51.05999999999767,835,300904.9789568953,874562.4828184982,1175467.4617753937,-0.4880249964513407,53262.21135411,SELL,0,0,0,1.5726740600675937,-0.1238622057129494,2.4444191223489904,418655.7746248539,85462.7981031275,0.6609416802850364,NORMAL_OR_MIXED,NONE,KXBTC15M-26AUG241330-30,79121.71,9.6810391,5.3189609,78544.05,-577.6600000000035,DOWN,0.0698924731182795,0.9301075268817204,0.0698924731182795,0.9301075268817204,DOWN,0.9301075268817204,0.021,0.022,0.978,0.979,0.979,-0.0488924731182794,90%+ LOCK CANDIDATE,NO VALUE,,OLD_SCHEMA,DOWN,True,DOWN,True,True,False,False,False,False,False
2026-08-24 17:25:25.724599+00:00,78482.875,-117.11999999999534,752,194898.0290377253,447908.5186711421,642806.5477088674,-0.393602850710238,39250.0,SELL,0,0,0,0.141214332759099,-0.5889586022229935,0.6885090070402831,396156.0398423552,162951.2242836755,0.4171021028017122,NORMAL_OR_MIXED,NONE,KXBTC15M-26AUG241330-30,79121.71,10.660652583333333,4.339347416666667,78520.96,-600.75,DOWN,0.0512820512820512,0.9487179487179488,0.0512820512820512,0.9487179487179488,DOWN,0.9487179487179488,0.005,0.006,0.994,0.995,0.995,-0.0462820512820513,LOCK,NO VALUE,,OLD_SCHEMA,DOWN,True,DOWN,True,True,False,False,False,False,False
2026-08-24 17:25:55.710896+00:00,78516.195,33.320000000006985,571,135978.0806855005,74651.3974743406,210629.4781598411,0.2911590711183394,11999.9597835605,SELL,0,0,0,-0.9573610876452726,-0.9602368055407212,-0.6722797373960828,142351.8700214264,141402.3924944805,0.0033461260406358,NORMAL_OR_MIXED,NONE,KXBTC15M-26AUG241330-30,79121.71,10.660652583333333,4.339347416666667,78520.96,-600.75,DOWN,0.0512820512820512,0.9487179487179488,0.0512820512820512,0.9487179487179488,DOWN,0.9487179487179488,0.005,0.006,0.994,0.995,0.995,-0.0462820512820513,LOCK,NO VALUE,,OLD_SCHEMA,DOWN,True,UP,False,False,False,False,False,False,False
2026-08-24 17:26:25.709468+00:00,78648.66500000001,132.47000000000116,722,358576.5472487212,206770.1422464056,565346.6894951267,0.2685191367050963,20051.129575878294,BUY,0,0,0,0.015941737344777,0.3344364467005896,-0.1885487934949906,315794.55082889146,308205.7330880438,0.0121615613589333,NORMAL_OR_MIXED,NONE,KXBTC15M-26AUG241330-30,79121.71,11.649356883333333,3.350643116666667,78667.78,-453.9300000000076,DOWN,0.0698924731182795,0.9301075268817204,0.0698924731182795,0.9301075268817204,DOWN,0.9301075268817204,0.003,0.004,0.996,0.997,0.997,-0.0668924731182795,LOCK,NO VALUE,,OLD_SCHEMA,DOWN,True,UP,False,False,False,False,False,False,False
2026-08-24 17:26:55.766108+00:00,78657.565,8.89999999999418,596,86339.9984495289,157514.3045616911,243854.30301122,-0.2918722582840271,17820.9134732984,SELL,0,0,0,-0.8519057410092482,-1.2246345647393448,-0.367168399614126,570726.2319502179,171473.0594017734,0.5379325704032463,NORMAL_OR_MIXED,NONE,KXBTC15M-26AUG241330-30,79121.71,11.649356883333333,3.350643116666667,78667.78,-453.9300000000076,DOWN,0.0698924731182795,0.9301075268817204,0.0698924731182795,0.9301075268817204,DOWN,0.9301075268817204,0.003,0.004,0.996,0.997,0.997,-0.0668924731182795,LOCK,NO VALUE,,OLD_SCHEMA,DOWN,True,DOWN,True,True,False,False,False,False,False
2026-08-24 17:27:25.709559+00:00,78720.875,63.30999999999767,577,51530.7170882081,91942.134334458,143472.8514226661,-0.2816659517499882,7999.999269422999,SELL,0,0,0,-1.1178713970801386,-1.3763696924994462,-0.6182203165057086,198618.54189226736,192206.7424024527,0.0164057949868452,NORMAL_OR_MIXED,NONE,KXBTC15M-26AUG241330-30,79121.71,12.638219116666669,2.361780883333333,78715.86,-405.8500000000058,DOWN,0.0119047619047619,0.988095238095238,0.0119047619047619,0.988095238095238,DOWN,0.988095238095238,0.001,0.002,0.998,0.999,0.999,-0.0109047619047618,LOCK,NO VALUE,,OLD_SCHEMA,DOWN,True,DOWN,True,True,False,False,False,False,False
2026-08-24 17:27:55.768754+00:00,78775.995,55.11999999999534,619,135471.3914792294,69342.6269019804,204814.0183812098,0.3228722579631582,12029.44134112,BUY,0,0,0,-0.902568673056216,-0.8407342572864153,-0.6813935106413138,193092.81741193132,146885.7089593518,0.1359118440384019,NORMAL_OR_MIXED,NONE,KXBTC15M-26AUG241330-30,79121.71,12.638219116666669,2.361780883333333,78715.86,-405.8500000000058,DOWN,0.0119047619047619,0.988095238095238,0.0119047619047619,0.988095238095238,DOWN,0.988095238095238,0.001,0.002,0.998,0.999,0.999,-0.0109047619047618,LOCK,NO VALUE,,OLD_SCHEMA,DOWN,True,UP,False,False,False,False,False,False,False
2026-08-24 17:28:25.707874+00:00,78689.86499999999,-86.13000000000466,706,436719.9553066622,264297.68845705583,701017.643763718,0.2459599531958745,52555.6601413515,BUY,0,0,0,0.4224285872060855,0.8519008485627705,0.0250250915928977,222656.8770137973,198334.1406133516,0.0577749533411355,NORMAL_OR_MIXED,NONE,KXBTC15M-26AUG241330-30,79121.71,13.63092145,1.36907855,78706.07,-415.6399999999994,DOWN,0.0119047619047619,0.988095238095238,0.0119047619047619,0.988095238095238,DOWN,0.988095238095238,0.002,0.003,0.997,0.998,0.998,-0.0099047619047618,LOCK,NO VALUE,,OLD_SCHEMA,DOWN,True,UP,False,False,False,False,False,False,False
2026-08-24 17:28:55.812294+00:00,78639.965,-49.89999999999418,565,107260.0528754031,21884.474548928298,129144.5274243314,0.6610855297488175,12001.395538022,BUY,0,0,0,-1.0876750052779136,-0.9678579744657242,-0.8580346283517273,122515.10446749842,245780.7004385948,-0.3346918274090203,BUY_IMBALANCE,BUY_FLOW_ABSORBED_OR_REVERSED,KXBTC15M-26AUG241330-30,79121.71,13.63092145,1.36907855,78706.07,-415.6399999999994,DOWN,0.0119047619047619,0.988095238095238,0.0119047619047619,0.988095238095238,DOWN,0.988095238095238,0.002,0.003,0.997,0.998,0.998,-0.0099047619047618,LOCK,NO VALUE,,OLD_SCHEMA,DOWN,True,UP,False,False,True,True,False,True,False
2026-08-24 17:29:25.705166+00:00,78543.625,-96.33999999999652,695,195957.4851553176,674061.2257945848,870018.7109499024,-0.549532710758904,51534.1451207898,SELL,0,0,0,0.8488619468886526,-0.4737890008091028,1.4743218274154304,516556.03354283946,293497.8600600985,0.275362139783846,SELL_IMBALANCE,NONE,KXBTC15M-26AUG241330-30,79121.71,14.617673633333334,0.3823263666666667,78570.2,-551.5100000000093,DOWN,0.0119047619047619,0.988095238095238,0.0119047619047619,0.988095238095238,DOWN,0.988095238095238,0.0,0.001,0.999,1.0,1.0,-0.0119047619047618,LOCK,NO VALUE,,OLD_SCHEMA,DOWN,True,DOWN,True,True,True,False,False,True,False
2026-08-24 17:29:55.768733+00:00,78537.015,-6.610000000000582,603,206157.3285168096,247976.2003844742,454133.5289012838,-0.0920849688611186,25133.1632054839,SELL,0,0,0,-0.2435524926943425,-0.3872607426891398,-0.0844850231156642,433896.8584464186,179209.3005514285,0.4154053162853391,NORMAL_OR_MIXED,NONE,KXBTC15M-26AUG241330-30,79121.71,14.617673633333334,0.3823263666666667,78570.2,-551.5100000000093,DOWN,0.0119047619047619,0.988095238095238,0.0119047619047619,0.988095238095238,DOWN,0.988095238095238,0.0,0.001,0.999,1.0,1.0,-0.0119047619047618,LOCK,NO VALUE,,OLD_SCHEMA,DOWN,True,DOWN,True,True,False,False,False,False,False
2026-08-24 17:30:25.738524+00:00,78588.225,51.2100000000064,660,188245.3407679564,108744.9880323753,296990.3288003317,0.2676866720095442,22101.6433968,SELL,0,0,0,-0.6544235018161199,-0.478931672457295,-0.5818175819218814,382236.5136495721,182356.39458961025,0.3540252031916867,NORMAL_OR_MIXED,NONE,KXBTC15M-26AUG241345-45,78559.15,0.6055296499999999,14.39447035,78644.73,85.58000000000175,UP,0.4336734693877551,0.5663265306122449,0.5663265306122449,0.4336734693877551,UP,0.5663265306122449,0.54,0.55,0.45,0.46,0.55,0.0163265306122448,RAW,SMALL EDGE,,OLD_SCHEMA,UP,True,UP,True,True,False,False,False,False,False
2026-08-24 17:30:55.779940+00:00,78582.16500000001,-6.059999999997672,598,79822.1747421255,88422.0112273019,168244.1859694274,-0.0511152075515948,6936.686773212001,SELL,0,0,0,-0.9679586331679276,-1.047467044856963,-0.656816112995527,144073.0556385065,178955.7534133378,-0.1079863368137942,NORMAL_OR_MIXED,NONE,KXBTC15M-26AUG241345-45,78559.15,0.6055296499999999,14.39447035,78644.73,85.58000000000175,UP,0.4336734693877551,0.5663265306122449,0.5663265306122449,0.4336734693877551,UP,0.5663265306122449,0.54,0.55,0.45,0.46,0.55,0.0163265306122448,RAW,SMALL EDGE,,OLD_SCHEMA,UP,True,DOWN,False,False,False,False,False,False,False
2026-08-24 17:31:25.715165+00:00,78543.82500000001,-38.33999999999651,707,113322.80627792,372177.6334131298,485500.43969104975,-0.5331711487221992,72235.9770876,SELL,0,0,0,-0.1554696048090787,-0.8475656929703477,0.3298730342452085,302274.83535129874,277480.3861417224,0.0427670994419406,SELL_IMBALANCE,NONE,KXBTC15M-26AUG241345-45,78559.15,1.588690816666667,13.411309183333334,78535.49,-23.65999999998894,DOWN,0.4336734693877551,0.5663265306122449,0.4336734693877551,0.5663265306122449,DOWN,0.5663265306122449,0.45,0.46,0.54,0.55,0.55,0.0163265306122448,RAW,SMALL EDGE,,OLD_SCHEMA,UP,False,DOWN,True,False,True,False,False,True,False
2026-08-24 17:31:55.759856+00:00,78654.225,110.39999999999418,669,229384.7975700862,105327.2895082562,334712.0870783424,0.3706394625443963,11643.26025755,BUY,0,0,0,-0.5520961666635277,-0.1882960634645152,-0.6356132264014174,171704.31359011505,239245.28762191228,-0.1643534239541695,NORMAL_OR_MIXED,NONE,KXBTC15M-26AUG241345-45,78559.15,1.588690816666667,13.411309183333334,78535.49,-23.65999999998894,DOWN,0.4336734693877551,0.5663265306122449,0.4336734693877551,0.5663265306122449,DOWN,0.5663265306122449,0.45,0.46,0.54,0.55,0.55,0.0163265306122448,RAW,SMALL EDGE,,OLD_SCHEMA,UP,False,UP,False,True,False,False,False,False,False
2026-08-24 17:32:25.733995+00:00,78623.69,-30.53500000000349,641,468524.7246989286,99590.0185936118,568114.7432925404,0.6494017457937024,150704.30956896,BUY,0,0,0,0.0416834660262813,1.104908089055435,-0.6599718172248266,424056.0011082914,196875.03933498892,0.3658714848771593,BUY_IMBALANCE,BUY_FLOW_ABSORBED_OR_REVERSED,KXBTC15M-26AUG241345-45,78559.15,2.57121775,12.42878225,78633.83,74.68000000000757,UP,0.3934426229508196,0.6065573770491803,0.6065573770491803,0.3934426229508196,UP,0.6065573770491803,0.61,0.62,0.38,0.39,0.62,-0.0134426229508196,RAW,NO VALUE,,OLD_SCHEMA,UP,True,UP,True,True,True,True,False,True,False
2026-08-24 17:32:55.906558+00:00,78588.265,-35.42500000000291,649,179973.544870916,180337.1406692934,360310.6855402094,-0.0010091174449413,16499.6015989,SELL,0,0,0,-0.5280749245980901,-0.5107602761811249,-0.3818747781316453,306597.76300688606,267170.8599349332,0.0687156834575647,NORMAL_OR_MIXED,NONE,KXBTC15M-26AUG241345-45,78559.15,2.57121775,12.42878225,78633.83,74.68000000000757,UP,0.3934426229508196,0.6065573770491803,0.6065573770491803,0.3934426229508196,UP,0.6065573770491803,0.61,0.62,0.38,0.39,0.62,-0.0134426229508196,RAW,NO VALUE,,OLD_SCHEMA,UP,True,DOWN,False,False,False,False,False,False,False
2026-08-24 17:33:26.020259+00:00,78543.39499999999,-44.870000000009895,505,202050.8451616506,229698.7043697706,431749.5495314212,-0.064036799200199,21325.00134249,BUY,0,0,0,-0.3503802511055153,-0.3980192455672185,-0.2138294424697399,298654.4189752027,162803.31740116162,0.294395544521202,NORMAL_OR_MIXED,NONE,KXBTC15M-26AUG241345-45,78559.15,3.5570066,11.4429934,78508.41,-50.73999999999069,DOWN,0.4336734693877551,0.5663265306122449,0.4336734693877551,0.5663265306122449,DOWN,0.5663265306122449,0.5,0.51,0.49,0.5,0.5,0.0663265306122449,RAW,SMALL EDGE,,OLD_SCHEMA,UP,False,DOWN,True,False,False,False,False,False,False
2026-08-24 17:33:55.795885+00:00,78487.595,-55.79999999998836,811,363587.0176513787,865170.6276631075,1228757.6453144862,-0.4082038568991807,65452.12279985999,SELL,0,0,0,1.7472702622502532,0.4708709477518522,2.0493456057409483,313152.0397820731,159551.8555302826,0.3249395356691397,NORMAL_OR_MIXED,NONE,KXBTC15M-26AUG241345-45,78559.15,3.5570066,11.4429934,78508.41,-50.73999999999069,DOWN,0.4336734693877551,0.5663265306122449,0.4336734693877551,0.5663265306122449,DOWN,0.5663265306122449,0.5,0.51,0.49,0.5,0.5,0.0663265306122449,RAW,SMALL EDGE,,OLD_SCHEMA,UP,False,DOWN,True,False,False,False,False,False,False
2026-08-24 17:34:25.720099+00:00,78566.92499999999,79.3299999999872,494,307763.9026665476,170661.8474198583,478425.7500864059,0.2865691389352016,14280.1937887044,BUY,0,0,0,-0.2923731018302187,0.1366621522982913,-0.4736922963455978,452113.15101122897,148062.84190539128,0.5066019179278937,NORMAL_OR_MIXED,NONE,KXBTC15M-26AUG241345-45,78559.15,4.544752533333334,10.455247466666666,78567.56,8.410000000003492,UP,0.4336734693877551,0.5663265306122449,0.5663265306122449,0.4336734693877551,UP,0.5663265306122449,0.51,0.52,0.48,0.49,0.52,0.0463265306122449,RAW,SMALL EDGE,,OLD_SCHEMA,UP,True,UP,True,True,False,False,False,False,False
2026-08-24 17:34:55.998875+00:00,78545.655,-21.269999999989523,639,165045.9490868232,187512.3932719381,352558.3423587613,-0.0637240464508798,31817.4457299454,SELL,0,0,0,-0.6378199611352547,-0.6629326783695467,-0.4316537991186361,273137.4760736034,226483.8658973296,0.0933779369636856,NORMAL_OR_MIXED,NONE,KXBTC15M-26AUG241345-45,78559.15,4.544752533333334,10.455247466666666,78567.56,8.410000000003492,UP,0.4336734693877551,0.5663265306122449,0.5663265306122449,0.4336734693877551,UP,0.5663265306122449,0.51,0.52,0.48,0.49,0.52,0.0463265306122449,RAW,SMALL EDGE,,OLD_SCHEMA,UP,True,DOWN,False,False,False,False,False,False,False
2026-08-24 17:35:25.914810+00:00,78573.93,28.27499999999418,711,725102.0839951508,121909.0247813644,847011.1087765151,0.7121430320850014,59415.1934091464,BUY,0,0,0,0.6418572523069761,2.422518963861923,-0.6728887583153839,337486.0396184146,353565.4891363174,-0.0232680905096582,BUY_IMBALANCE,NONE,KXBTC15M-26AUG241345-45,78559.15,5.5254243,9.4745757,78563.15,4.0,UP,0.4285714285714285,0.5714285714285714,0.5714285714285714,0.4285714285714285,UP,0.5714285714285714,0.53,0.54,0.46,0.47,0.54,0.0314285714285713,RAW,SMALL EDGE,,OLD_SCHEMA,UP,True,UP,True,True,True,False,False,True,False
2026-08-24 17:35:55.924790+00:00,78563.795,-10.13499999999476,586,204588.2459766245,151046.21530735,355634.46128397447,0.1505535500580218,14590.1702533672,SELL,0,0,0,-0.6386544301120001,-0.4506183255863309,-0.5314625753446696,217567.9395028888,127995.5025020128,0.2592069244396676,NORMAL_OR_MIXED,NONE,KXBTC15M-26AUG241345-45,78559.15,5.5254243,9.4745757,78563.15,4.0,UP,0.4285714285714285,0.5714285714285714,0.5714285714285714,0.4285714285714285,UP,0.5714285714285714,0.53,0.54,0.46,0.47,0.54,0.0314285714285713,RAW,SMALL EDGE,,OLD_SCHEMA,UP,True,UP,True,True,False,False,False,False,False
2026-08-24 17:36:25.713929+00:00,78603.395,39.60000000000582,632,220081.5197730105,272277.21231140103,492358.7320844116,-0.1060115097734103,44173.911146595005,SELL,0,0,0,-0.2571899800351361,-0.361476989143206,-0.0957301672025609,361926.51475021936,238970.514933526,0.204620748219384,NORMAL_OR_MIXED,NONE,KXBTC15M-26AUG241345-45,78559.15,6.507102883333333,8.492897116666667,78642.74,83.59000000001106,UP,0.2433873913842733,0.7566126086157267,0.7566126086157267,0.2433873913842733,UP,0.7566126086157267,0.58,0.59,0.41,0.42,0.59,0.1666126086157267,LEAN,POSITIVE EDGE,,OLD_SCHEMA,UP,True,DOWN,False,False,False,False,False,False,False
2026-08-24 17:36:55.885452+00:00,78744.67499999999,141.27999999998428,667,243543.367162514,196576.9551136545,440120.3222761685,0.1067126639505386,23735.9514700624,SELL,0,0,0,-0.3634549826760651,-0.2287444425249496,-0.3254880563042207,506553.5254888242,108134.99876511822,0.6481632745743434,NORMAL_OR_MIXED,NONE,KXBTC15M-26AUG241345-45,78559.15,6.507102883333333,8.492897116666667,78642.74,83.59000000001106,UP,0.2433873913842733,0.7566126086157267,0.7566126086157267,0.2433873913842733,UP,0.7566126086157267,0.58,0.59,0.41,0.42,0.59,0.1666126086157267,LEAN,POSITIVE EDGE,,OLD_SCHEMA,UP,True,UP,True,True,False,False,False,False,False
2026-08-24 17:37:25.846273+00:00,78692.32500000001,-52.34999999997672,656,671646.6981535133,127213.5645035067,798860.26265702,0.6815123484039807,78755.0,BUY,0,0,0,0.6475696277607269,2.0736481533768587,-0.5955206953273492,220560.3508531644,207007.72738187655,0.0316969955456724,BUY_IMBALANCE,BUY_FLOW_ABSORBED_OR_REVERSED,KXBTC15M-26AUG241345-45,78559.15,7.491026433333333,7.508973566666667,78706.61,147.4600000000064,UP,0.2406015037593984,0.7593984962406015,0.7593984962406015,0.2406015037593984,UP,0.7593984962406015,0.84,0.85,0.15,0.16,0.85,-0.0906015037593984,LEAN,NO VALUE,,OLD_SCHEMA,UP,True,UP,True,True,True,True,False,True,False
2026-08-24 17:37:55.791428+00:00,78763.39499999999,71.06999999997788,592,284435.3777912336,84698.3876205425,369133.7654117761,0.5410965045364531,11826.9444110415,BUY,0,0,0,-0.5916568973365657,-0.0435553803452913,-0.7676711425148383,134440.02185454688,181431.5505471362,-0.1487678309741397,BUY_IMBALANCE,NONE,KXBTC15M-26AUG241345-45,78559.15,7.491026433333333,7.508973566666667,78706.61,147.4600000000064,UP,0.2406015037593984,0.7593984962406015,0.7593984962406015,0.2406015037593984,UP,0.7593984962406015,0.84,0.85,0.15,0.16,0.85,-0.0906015037593984,LEAN,NO VALUE,,OLD_SCHEMA,UP,True,UP,True,True,True,False,False,True,False
2026-08-24 17:38:25.706302+00:00,78783.185,19.79000000000815,602,192738.6739346938,190913.8321330778,383652.5060677716,0.0047564964981451,73131.5125361721,SELL,0,0,0,-0.5622208700213294,-0.5295626781061475,-0.3619036001436463,193847.05981192825,204575.7908009023,-0.0269280011738076,NORMAL_OR_MIXED,NONE,KXBTC15M-26AUG241345-45,78559.15,8.478145366666666,6.521854633333334,78781.46,222.31000000001225,UP,0.0,1.0,1.0,0.0,UP,1.0,0.84,0.85,0.15,0.16,0.85,0.15,90%+ LOCK CANDIDATE,POSITIVE EDGE,,OLD_SCHEMA,UP,True,UP,True,True,False,False,False,False,False
2026-08-24 17:38:55.736676+00:00,78701.845,-81.33999999999651,517,53015.7966611879,33422.692074668405,86438.48873585631,0.2266710683292165,7999.9984477935,SELL,0,0,0,-1.391488457894134,-1.3462944202361924,-0.9546762366038092,173630.39769409236,208870.26647869172,-0.0921302159325944,NORMAL_OR_MIXED,NONE,KXBTC15M-26AUG241345-45,78559.15,8.478145366666666,6.521854633333334,78781.46,222.31000000001225,UP,0.0,1.0,1.0,0.0,UP,1.0,0.84,0.85,0.15,0.16,0.85,0.15,90%+ LOCK CANDIDATE,POSITIVE EDGE,,OLD_SCHEMA,UP,True,UP,True,True,False,False,False,False,False
2026-08-24 17:39:25.692018+00:00,78773.555,71.70999999999185,569,84099.6025361713,229892.717605895,313992.32014206634,-0.464320640083679,38258.996322,SELL,0,0,0,-0.6994289293089515,-1.1068747600082445,-0.2076254188011898,235117.2213405352,159031.08471324787,0.1930393596995571,NORMAL_OR_MIXED,NONE,KXBTC15M-26AUG241345-45,78559.15,9.47078725,5.52921275,78758.64,199.49000000000524,UP,0.0,1.0,1.0,0.0,UP,1.0,0.87,0.88,0.12,0.13,0.88,0.12,90%+ LOCK CANDIDATE,POSITIVE EDGE,,OLD_SCHEMA,UP,True,DOWN,False,False,False,False,False,False,False
2026-08-24 17:39:55.707538+00:00,78782.725,9.170000000012806,683,576866.5451037432,70395.38325789411,647261.9283616373,0.7824825463284073,57269.8315189057,BUY,0,0,0,0.2809453317990981,1.9010300152292896,-0.8288089274195575,141654.11932373323,262326.4702639259,-0.2987082895823344,BUY_IMBALANCE,NONE,KXBTC15M-26AUG241345-45,78559.15,9.47078725,5.52921275,78758.64,199.49000000000524,UP,0.0,1.0,1.0,0.0,UP,1.0,0.87,0.88,0.12,0.13,0.88,0.12,90%+ LOCK CANDIDATE,POSITIVE EDGE,,OLD_SCHEMA,UP,True,UP,True,True,True,False,False,True,False
2026-08-24 17:40:25.800140+00:00,78821.025,38.29999999998836,557,282017.3231227992,16023.2544305045,298040.57755330374,0.8924760208019742,31213.57306656,BUY,0,0,0,-0.7650346916143902,0.0489915916679887,-1.032392449549213,135301.8559725536,222483.19970780623,-0.2436696065168781,BUY_IMBALANCE,NONE,KXBTC15M-26AUG241345-45,78559.15,10.44762945,4.55237055,78820.69,261.5400000000081,UP,0.0,1.0,1.0,0.0,UP,1.0,0.957,0.958,0.042,0.043,0.958,0.042,LOCK,SMALL EDGE,,OLD_SCHEMA,UP,True,UP,True,True,True,False,False,True,False
2026-08-24 17:40:55.698744+00:00,78825.595,4.570000000006985,577,123736.8164421052,81090.6816082618,204827.498050367,0.2082051249942853,17757.2535441488,BUY,0,0,0,-1.0083391260329009,-0.8948248039366864,-0.742570185905104,340390.7876112279,146450.3585375839,0.3983649093915381,NORMAL_OR_MIXED,NONE,KXBTC15M-26AUG241345-45,78559.15,10.44762945,4.55237055,78820.69,261.5400000000081,UP,0.0,1.0,1.0,0.0,UP,1.0,0.957,0.958,0.042,0.043,0.958,0.042,LOCK,SMALL EDGE,,OLD_SCHEMA,UP,True,UP,True,True,False,False,False,False,False
2026-08-24 17:41:25.719137+00:00,78797.765,-27.830000000001743,555,133241.4737985144,31342.5650965079,164584.0388950223,0.6191299556514186,13996.9961820108,BUY,0,0,0,-1.0762899242978674,-0.7986057089043603,-0.8919021704115855,133066.10778187308,366659.93693845486,-0.4674437756937658,BUY_IMBALANCE,BUY_FLOW_ABSORBED_OR_REVERSED,KXBTC15M-26AUG241345-45,78559.15,11.4400565,3.5599435,78801.8,242.65000000000876,UP,0.0,1.0,1.0,0.0,UP,1.0,0.984,0.985,0.015,0.016,0.985,0.015,LOCK,SMALL EDGE,,OLD_SCHEMA,UP,True,UP,True,True,True,True,False,True,False
2026-08-24 17:41:55.709323+00:00,78777.995,-19.770000000004075,531,107801.8399315112,106504.5674263761,214306.4073578873,0.0060533537990242,24960.065966817903,BUY,0,0,0,-0.8829225372248918,-0.9245109822944292,-0.5632400583129241,459522.4929137314,160311.34172594312,0.4827280062272293,NORMAL_OR_MIXED,NONE,KXBTC15M-26AUG241345-45,78559.15,12.396194216666666,2.6038057833333337,78844.1,284.95000000001164,UP,0.0,1.0,1.0,0.0,UP,1.0,0.993,0.994,0.006,0.007,0.994,0.006,LOCK,SMALL EDGE,,OLD_SCHEMA,UP,True,UP,True,True,False,False,False,False,False
2026-08-24 17:42:25.777999+00:00,78845.305,67.30999999999767,697,450570.7887057841,91949.3323629084,542520.1210686925,0.6610288584991818,89970.15311110401,BUY,0,0,0,0.0652401233072607,1.0694105836753365,-0.6168911179926208,161934.3160435536,117386.4024429975,0.159486606800709,BUY_IMBALANCE,NONE,KXBTC15M-26AUG241345-45,78559.15,12.396194216666666,2.6038057833333337,78844.1,284.95000000001164,UP,0.0,1.0,1.0,0.0,UP,1.0,0.993,0.994,0.006,0.007,0.994,0.006,LOCK,SMALL EDGE,,OLD_SCHEMA,UP,True,UP,True,True,True,False,False,True,False
2026-08-24 17:42:55.712493+00:00,78755.985,-89.31999999999243,570,65637.6930604427,322773.8120563734,388411.5051168161,-0.662019831051596,43654.403073237605,SELL,0,0,0,-0.3504307791378492,-1.1568443054869972,0.3304046893687533,103339.4114846784,239017.5407847144,-0.3963060437378647,SELL_IMBALANCE,NONE,KXBTC15M-26AUG241345-45,78559.15,13.373775083333332,1.6262249166666665,78754.99,195.84000000001103,UP,0.0,1.0,1.0,0.0,UP,1.0,0.998,0.999,0.001,0.002,0.999,0.001,LOCK,SMALL EDGE,,OLD_SCHEMA,UP,True,DOWN,False,False,True,False,False,True,False
2026-08-24 17:43:25.738394+00:00,78713.03,-42.95500000000175,641,78424.6267351797,310887.4500756266,389312.0768108063,-0.5971117701889754,26058.3970935114,SELL,0,0,0,-0.3060808164772329,-1.0325762434793355,0.4785964933175893,81621.5376798827,245111.84887068684,-0.5003783449154812,SELL_IMBALANCE,NONE,KXBTC15M-26AUG241345-45,78559.15,13.373775083333332,1.6262249166666665,78754.99,195.84000000001103,UP,0.0,1.0,1.0,0.0,UP,1.0,0.998,0.999,0.001,0.002,0.999,0.001,LOCK,SMALL EDGE,,OLD_SCHEMA,UP,True,DOWN,False,False,True,False,False,True,False
2026-08-24 17:43:55.717076+00:00,78722.245,9.214999999996508,565,106415.013199156,262292.728931195,368707.742130351,-0.4227676772703372,19833.2152927296,SELL,0,0,0,-0.3597370492180725,-0.8334700227663219,0.2437976021150038,157977.61144907214,245424.51797682783,-0.2167735372448465,NORMAL_OR_MIXED,NONE,KXBTC15M-26AUG241345-45,78559.15,14.341351366666666,0.6586486333333333,78694.47,135.32000000000698,UP,0.0512820512820512,0.9487179487179488,0.9487179487179488,0.0512820512820512,UP,0.9487179487179488,0.999,1.0,0.0,0.001,1.0,-0.0512820512820513,LOCK,NO VALUE,,OLD_SCHEMA,UP,True,DOWN,False,False,False,False,False,False,False
2026-08-24 17:44:25.754477+00:00,78658.995,-63.25,588,96001.2996220402,215246.0335362273,311247.3331582675,-0.3831188935956339,16769.9487916544,SELL,0,0,0,-0.5391799360948041,-0.864542247263275,0.007775005467027,423584.4889427944,106469.628882889,0.5982688359459053,NORMAL_OR_MIXED,NONE,KXBTC15M-26AUG241345-45,78559.15,14.341351366666666,0.6586486333333333,78694.47,135.32000000000698,UP,0.0512820512820512,0.9487179487179488,0.9487179487179488,0.0512820512820512,UP,0.9487179487179488,0.999,1.0,0.0,0.001,1.0,-0.0512820512820513,LOCK,NO VALUE,,OLD_SCHEMA,UP,True,DOWN,False,False,False,False,False,False,False
2026-08-24 17:44:55.721386+00:00,78659.005,0.0100000000093132,577,78791.8654784231,107548.0321453609,186339.89762378405,-0.1543210393138448,12965.1620256246,SELL,0,0,0,-0.9861208308226976,-0.9268149121835736,-0.5289974576475405,18912.002202629803,439436.94033500325,-0.9174777098953292,NORMAL_OR_MIXED,NONE,KXBTC15M-26AUG241345-45,78559.15,14.341351366666666,0.6586486333333333,78694.47,135.32000000000698,UP,0.0512820512820512,0.9487179487179488,0.9487179487179488,0.0512820512820512,UP,0.9487179487179488,0.999,1.0,0.0,0.001,1.0,-0.0512820512820513,LOCK,NO VALUE,,OLD_SCHEMA,UP,True,DOWN,False,False,False,False,False,False,False
2026-08-24 17:45:25.714004+00:00,78616.16500000001,-42.83999999999651,681,46019.92593306941,324564.4171248757,370584.34305794514,-0.7516358864309942,23770.5469087476,SELL,0,0,0,-0.1980457888624475,-1.0849973305192473,0.7992211977766358,69051.9734888015,167716.93271361027,-0.4167141742018309,SELL_IMBALANCE,NONE,KXBTC15M-26AUG241400-00,78677.36,0.8655722666666666,14.134427733333332,78587.2,-90.16000000000348,DOWN,0.3934426229508196,0.6065573770491803,0.3934426229508196,0.6065573770491803,DOWN,0.6065573770491803,0.41,0.42,0.58,0.59,0.59,0.0165573770491803,RAW,SMALL EDGE,,OLD_SCHEMA,UP,False,DOWN,True,False,True,False,False,True,False
2026-08-24 17:45:55.737806+00:00,78622.13,5.964999999996508,711,168745.5215521513,564572.4065541741,733317.9281063254,-0.5397752732217819,81170.1247027244,SELL,0,0,0,1.400754572960359,-0.3125270047059419,2.31856791113754,449799.7564307234,22242.0268613525,0.9057624657451552,SELL_IMBALANCE,SELL_FLOW_ABSORBED_OR_REVERSED,KXBTC15M-26AUG241400-00,78677.36,0.8655722666666666,14.134427733333332,78587.2,-90.16000000000348,DOWN,0.3934426229508196,0.6065573770491803,0.3934426229508196,0.6065573770491803,DOWN,0.6065573770491803,0.41,0.42,0.58,0.59,0.59,0.0165573770491803,RAW,SMALL EDGE,,OLD_SCHEMA,UP,False,DOWN,True,False,True,True,False,True,False
2026-08-24 17:46:25.983433+00:00,78689.945,67.81500000000233,605,134925.3802288877,143304.7322693253,278230.1124982129,-0.0301166252825758,22423.0674389672,SELL,0,0,0,-0.6193144973241002,-0.5211063581177392,-0.3393650237853414,144894.12166452222,629121.6565817514,-0.6256042170281952,NORMAL_OR_MIXED,NONE,KXBTC15M-26AUG241400-00,78677.36,1.8527419833333332,13.147258016666663,78690.05,12.690000000002328,UP,0.4285714285714285,0.5714285714285714,0.5714285714285714,0.4285714285714285,UP,0.5714285714285714,0.52,0.53,0.47,0.48,0.53,0.0414285714285713,RAW,SMALL EDGE,,OLD_SCHEMA,UP,True,DOWN,False,False,False,False,False,False,False
2026-08-24 17:46:55.783842+00:00,78670.985,-18.960000000006403,482,27104.6227795399,36328.6860300749,63433.3088096148,-0.1454135599046172,5019.3722973672,SELL,0,0,0,-1.5073565061586576,-1.141215464801169,-0.9540587530889278,230007.5433367967,397869.3551818538,-0.2673482847371727,NORMAL_OR_MIXED,NONE,KXBTC15M-26AUG241400-00,78677.36,1.8527419833333332,13.147258016666663,78690.05,12.690000000002328,UP,0.4285714285714285,0.5714285714285714,0.5714285714285714,0.4285714285714285,UP,0.5714285714285714,0.52,0.53,0.47,0.48,0.53,0.0414285714285713,RAW,SMALL EDGE,,OLD_SCHEMA,UP,True,DOWN,False,False,False,False,False,False,False
2026-08-24 17:47:25.721492+00:00,78684.565,13.580000000001746,658,97294.5880460192,232538.0365502407,329832.6245962599,-0.4100366016544595,14822.988012090002,SELL,0,0,0,-0.3415944740117844,-0.7025443341805925,0.2067560889191075,190659.0495619999,157657.24966584923,0.0947466425467581,NORMAL_OR_MIXED,NONE,KXBTC15M-26AUG241400-00,78677.36,2.826398466666667,12.173601533333336,78701.84,24.479999999995925,UP,0.4285714285714285,0.5714285714285714,0.5714285714285714,0.4285714285714285,UP,0.5714285714285714,0.53,0.54,0.46,0.47,0.54,0.0314285714285713,RAW,SMALL EDGE,,OLD_SCHEMA,UP,True,DOWN,False,False,False,False,False,False,False
2026-08-24 17:47:56.063980+00:00,78705.995,21.42999999999301,596,61409.9055570568,149537.5320474956,210947.4376045524,-0.417770547446256,12034.3394102534,BUY,0,0,0,-0.8716392358897004,-0.9295804075024,-0.2942914350759657,263651.85759297083,148123.3578247486,0.2805620528934117,NORMAL_OR_MIXED,NONE,KXBTC15M-26AUG241400-00,78677.36,2.826398466666667,12.173601533333336,78701.84,24.479999999995925,UP,0.4285714285714285,0.5714285714285714,0.5714285714285714,0.4285714285714285,UP,0.5714285714285714,0.53,0.54,0.46,0.47,0.54,0.0314285714285713,RAW,SMALL EDGE,,OLD_SCHEMA,UP,True,DOWN,False,False,False,False,False,False,False
2026-08-24 17:48:25.812608+00:00,78740.035,34.04000000000815,743,253522.5526524348,258256.3415263177,511778.8941787525,-0.0092496758419066,35254.5237411892,BUY,0,0,0,0.4063072702751039,0.2364092321534518,0.3268579838368393,142908.82860076262,309070.23538716586,-0.367630759974407,NORMAL_OR_MIXED,NONE,KXBTC15M-26AUG241400-00,78677.36,3.814062733333333,11.185937266666668,78725.68,48.31999999999243,UP,0.4285714285714285,0.5714285714285714,0.5714285714285714,0.4285714285714285,UP,0.5714285714285714,0.59,0.6,0.4,0.41,0.6,-0.0285714285714285,RAW,NO VALUE,,OLD_SCHEMA,UP,True,DOWN,False,False,False,False,False,False,False
2026-08-24 17:48:55.840294+00:00,78708.705,-31.330000000001743,485,119037.3855039763,50809.0656742009,169846.4511781772,0.4017058899758851,9999.841267869,BUY,0,0,0,-1.0447851961472558,-0.5518635021485983,-0.8835949632330232,182996.47667097265,208717.2321886956,-0.0656621275589245,NORMAL_OR_MIXED,NONE,KXBTC15M-26AUG241400-00,78677.36,3.814062733333333,11.185937266666668,78725.68,48.31999999999243,UP,0.4285714285714285,0.5714285714285714,0.5714285714285714,0.4285714285714285,UP,0.5714285714285714,0.59,0.6,0.4,0.41,0.6,-0.0285714285714285,RAW,NO VALUE,,OLD_SCHEMA,UP,True,UP,True,True,False,False,False,False,False
2026-08-24 17:49:25.698366+00:00,78716.13500000001,7.430000000007567,572,210578.2774672325,44345.7503296317,254924.0277968642,0.6520865395633201,85696.624827408,BUY,0,0,0,-0.6847638427576453,0.0055772126414992,-0.9293770104321896,98737.06068904688,191576.4226103924,-0.3197900451133638,BUY_IMBALANCE,NONE,KXBTC15M-26AUG241400-00,78677.36,4.795229083333334,10.204770916666666,78725.65,48.2899999999936,UP,0.3934426229508196,0.6065573770491803,0.6065573770491803,0.3934426229508196,UP,0.6065573770491803,0.59,0.6,0.4,0.41,0.6,0.0065573770491803,RAW,SMALL EDGE,,OLD_SCHEMA,UP,True,UP,True,True,True,False,False,True,False
2026-08-24 17:49:55.774172+00:00,78717.935,1.7999999999883585,604,357101.3527421765,95855.6171155613,452956.9698577378,0.576756188802362,137864.1715286276,BUY,0,0,0,0.2545291929595095,0.8994980289244913,-0.5900414111475988,203678.9220253364,153194.81839100335,0.1414620856537013,BUY_IMBALANCE,BUY_FLOW_WEAK_FOLLOW_THROUGH,KXBTC15M-26AUG241400-00,78677.36,4.795229083333334,10.204770916666666,78725.65,48.2899999999936,UP,0.3934426229508196,0.6065573770491803,0.6065573770491803,0.3934426229508196,UP,0.6065573770491803,0.59,0.6,0.4,0.41,0.6,0.0065573770491803,RAW,SMALL EDGE,,OLD_SCHEMA,UP,True,UP,True,True,True,True,False,True,False
2026-08-24 17:50:25.732391+00:00,78739.91500000001,21.98000000001048,573,204430.5213784235,7809.453269347799,212239.9746477713,0.9264092140765828,104302.45991165689,BUY,0,0,0,-0.8428322429956642,-0.0567822448240721,-1.1324372929928197,282822.0242212985,222098.3271710085,0.1202639126801795,BUY_IMBALANCE,NONE,KXBTC15M-26AUG241400-00,78677.36,5.785527816666667,9.214472183333331,78783.72,106.36000000000058,UP,0.109375,0.890625,0.890625,0.109375,UP,0.890625,0.63,0.64,0.36,0.37,0.64,0.250625,STRONG,LARGE EDGE / PRICE ABOVE 50c,,OLD_SCHEMA,UP,True,UP,True,True,True,False,False,True,False
2026-08-24 17:50:55.874419+00:00,78763.725,23.80999999999767,544,540614.8502616977,33399.9693751947,574014.8196368924,0.8836268046308535,157527.44,BUY,0,0,0,0.8112354914876703,1.9774973020693147,-0.9388811512457802,131514.87165084522,266200.2239463256,-0.3386478255074773,BUY_IMBALANCE,NONE,KXBTC15M-26AUG241400-00,78677.36,5.785527816666667,9.214472183333331,78783.72,106.36000000000058,UP,0.109375,0.890625,0.890625,0.109375,UP,0.890625,0.63,0.64,0.36,0.37,0.64,0.250625,STRONG,LARGE EDGE / PRICE ABOVE 50c,,OLD_SCHEMA,UP,True,UP,True,True,True,False,False,True,False
2026-08-24 17:51:25.728520+00:00,78768.285,4.559999999997672,600,288634.19419925,56915.18878218701,345549.382981437,0.6705814474844859,83089.90044495101,BUY,0,0,0,-0.2715883944733805,0.3673408727583217,-0.7751644446588599,158076.0369289521,324645.43182291946,-0.3450631589364577,BUY_IMBALANCE,BUY_FLOW_WEAK_FOLLOW_THROUGH,KXBTC15M-26AUG241400-00,78677.36,6.76421185,8.23578815,78697.09,19.729999999995925,UP,0.4285714285714285,0.5714285714285714,0.5714285714285714,0.4285714285714285,UP,0.5714285714285714,0.7,0.71,0.29,0.3,0.71,-0.1385714285714285,RAW,NO VALUE,,OLD_SCHEMA,UP,True,UP,True,True,True,True,False,True,False
2026-08-24 17:51:55.746521+00:00,78695.32500000001,-72.95999999999185,626,317932.4263783816,222598.3051556468,540530.7315340284,0.1763713248128856,32096.549022662395,BUY,0,0,0,0.6337875662859908,0.5149167382951026,0.3273768494123344,152361.3175162778,253138.92587324508,-0.2485266285282114,NORMAL_OR_MIXED,NONE,KXBTC15M-26AUG241400-00,78677.36,6.76421185,8.23578815,78697.09,19.729999999995925,UP,0.4285714285714285,0.5714285714285714,0.5714285714285714,0.4285714285714285,UP,0.5714285714285714,0.7,0.71,0.29,0.3,0.71,-0.1385714285714285,RAW,NO VALUE,,OLD_SCHEMA,UP,True,UP,True,True,False,False,False,False,False
2026-08-24 17:52:25.726564+00:00,78729.755,34.429999999993015,516,223925.9334495529,64141.9695692637,288067.9030188166,0.5546746520727514,18971.72967,BUY,0,0,0,-0.5396871999853152,-0.0490961667128904,-0.7076469605820322,116527.11623574248,337479.7777823867,-0.486672481096336,BUY_IMBALANCE,NONE,KXBTC15M-26AUG241400-00,78677.36,7.751527116666667,7.248472883333333,78726.75,49.38999999999942,UP,0.3934426229508196,0.6065573770491803,0.6065573770491803,0.3934426229508196,UP,0.6065573770491803,0.64,0.65,0.35,0.36,0.65,-0.0434426229508196,RAW,NO VALUE,,OLD_SCHEMA,UP,True,UP,True,True,True,False,False,True,False
2026-08-24 17:52:55.926125+00:00,78714.485,-15.270000000004076,627,123157.4659301053,168651.6427013087,291809.108631414,-0.1559038954766398,17945.85492,BUY,0,0,0,-0.4926195827350197,-0.6175733740542125,-0.0313781278895693,331189.12036667165,276381.49353105936,0.0902078303030596,NORMAL_OR_MIXED,NONE,KXBTC15M-26AUG241400-00,78677.36,7.751527116666667,7.248472883333333,78726.75,49.38999999999942,UP,0.3934426229508196,0.6065573770491803,0.6065573770491803,0.3934426229508196,UP,0.6065573770491803,0.64,0.65,0.35,0.36,0.65,-0.0434426229508196,RAW,NO VALUE,,OLD_SCHEMA,UP,True,DOWN,False,False,False,False,False,False,False
2026-08-24 17:53:25.728001+00:00,78758.845,44.36000000000058,482,104561.31247519732,42085.616159721794,146646.9286349191,0.4260279904737056,18003.6750444048,BUY,0,0,0,-1.1442012463288955,-0.717800764637138,-0.8387858904491423,221281.4115535401,85606.1109899834,0.4421010650386247,NORMAL_OR_MIXED,NONE,KXBTC15M-26AUG241400-00,78677.36,8.738289666666667,6.261710333333334,78730.39,53.02999999999884,UP,0.3652173913043478,0.6347826086956522,0.6347826086956522,0.3652173913043478,UP,0.6347826086956522,0.63,0.64,0.36,0.37,0.64,-0.0052173913043478,RAW,NO VALUE,,OLD_SCHEMA,UP,True,UP,True,True,False,False,False,False,False
2026-08-24 17:53:55.825679+00:00,78735.14499999999,-23.70000000001164,587,168893.6111857879,52425.9078351032,221319.51902089108,0.5262423480131047,20002.388613508,BUY,0,0,0,-0.7601923237495252,-0.3172395460901958,-0.7377395653606307,229217.2985274245,139298.8887582247,0.2440012484431275,BUY_IMBALANCE,BUY_FLOW_ABSORBED_OR_REVERSED,KXBTC15M-26AUG241400-00,78677.36,8.738289666666667,6.261710333333334,78730.39,53.02999999999884,UP,0.3652173913043478,0.6347826086956522,0.6347826086956522,0.3652173913043478,UP,0.6347826086956522,0.63,0.64,0.36,0.37,0.64,-0.0052173913043478,RAW,NO VALUE,,OLD_SCHEMA,UP,True,UP,True,True,True,True,False,True,False
2026-08-24 17:54:25.708157+00:00,78701.845,-33.29999999998836,486,148697.2465931751,33028.198258254204,181725.4448514293,0.6365044170313452,16061.970599999995,BUY,0,0,0,-1.0236457277447186,-0.4114839734373495,-1.0273185734018857,129941.4560965991,237929.6820578098,-0.2935490577026027,BUY_IMBALANCE,BUY_FLOW_ABSORBED_OR_REVERSED,KXBTC15M-26AUG241400-00,78677.36,9.7200178,5.2799822,78686.8,9.440000000002328,UP,0.3934426229508196,0.6065573770491803,0.6065573770491803,0.3934426229508196,UP,0.6065573770491803,0.72,0.73,0.27,0.28,0.73,-0.1234426229508196,RAW,NO VALUE,,OLD_SCHEMA,UP,True,UP,True,True,True,True,False,True,False
2026-08-24 17:54:55.766426+00:00,78677.315,-24.52999999999884,688,221723.7457690186,150819.1339502967,372542.8797193153,0.1903260421247173,15225.4331273153,SELL,0,0,0,0.0785057988422299,0.0492239063442219,0.0528678008655951,92468.5586411845,245529.3316587006,-0.4528453502526733,NORMAL_OR_MIXED,NONE,KXBTC15M-26AUG241400-00,78677.36,9.7200178,5.2799822,78686.8,9.440000000002328,UP,0.3934426229508196,0.6065573770491803,0.6065573770491803,0.3934426229508196,UP,0.6065573770491803,0.72,0.73,0.27,0.28,0.73,-0.1234426229508196,RAW,NO VALUE,,OLD_SCHEMA,UP,True,UP,True,True,False,False,False,False,False
2026-08-24 17:55:25.713150+00:00,78613.055,-64.26000000000931,500,159389.9821785258,82094.4264884157,241484.4086669415,0.3200850776114376,16803.470017359898,BUY,0,0,0,-0.6479656178609652,-0.3331671470367912,-0.5453687968796718,320869.80035822553,259857.89511849565,0.1050611254034389,NORMAL_OR_MIXED,NONE,KXBTC15M-26AUG241400-00,78677.36,10.735173266666669,4.264826733333333,78615.01,-62.35000000000582,DOWN,0.2406015037593984,0.7593984962406015,0.2406015037593984,0.7593984962406015,DOWN,0.7593984962406015,0.47,0.48,0.52,0.53,0.53,0.2293984962406015,LEAN,LARGE EDGE / PRICE ABOVE 50c,,OLD_SCHEMA,UP,False,UP,False,True,False,False,False,False,False
2026-08-24 17:55:55.788517+00:00,78663.765,50.7100000000064,752,308912.2055890155,620417.3413006102,929329.5468896256,-0.3351934055622912,57443.4795794164,SELL,0,0,0,3.567293588933278,0.7433871153939712,4.200104155949182,93739.2805642357,318925.0443981117,-0.5456875000145035,NORMAL_OR_MIXED,NONE,KXBTC15M-26AUG241400-00,78677.36,10.735173266666669,4.264826733333333,78615.01,-62.35000000000582,DOWN,0.2406015037593984,0.7593984962406015,0.2406015037593984,0.7593984962406015,DOWN,0.7593984962406015,0.47,0.48,0.52,0.53,0.53,0.2293984962406015,LEAN,LARGE EDGE / PRICE ABOVE 50c,,OLD_SCHEMA,UP,False,DOWN,True,False,False,False,False,False,True
2026-08-24 17:56:25.747279+00:00,78582.845,-80.91999999999825,745,960181.9851633277,950123.303675406,1910305.288838734,0.0052654837667523,264742.242912,BUY,1,0,0,8.259960748941312,5.168255878047177,5.850623163473547,361459.3020232616,981182.8416398644,-0.4615701529566272,NORMAL_OR_MIXED,NONE,KXBTC15M-26AUG241400-00,78677.36,11.7815901,3.2184099,78623.54,-53.820000000006985,DOWN,0.109375,0.890625,0.109375,0.890625,DOWN,0.890625,0.16,0.17,0.83,0.84,0.84,0.050625,STRONG,SMALL EDGE,,OLD_SCHEMA,UP,False,UP,False,True,False,False,False,False,True
2026-08-24 17:56:55.806730+00:00,78655.13500000001,72.29000000000815,721,1988011.9188554373,67227.32407083051,2055239.242926268,0.9345795636179934,1509771.64902,BUY,1,1,1,5.424451060778145,9.38537053517119,-0.5686959075787013,112217.3635579214,305420.5839972698,-0.4626093523597168,ABNORMAL_BUY_PRESSURE,NONE,KXBTC15M-26AUG241400-00,78677.36,11.7815901,3.2184099,78623.54,-53.820000000006985,DOWN,0.109375,0.890625,0.109375,0.890625,DOWN,0.890625,0.16,0.17,0.83,0.84,0.84,0.050625,STRONG,SMALL EDGE,,OLD_SCHEMA,UP,False,UP,False,True,True,False,True,True,True
2026-08-24 17:57:25.855211+00:00,78669.745,14.60999999998603,524,272596.6271457065,478028.4067329581,750625.0338786646,-0.2736809596207242,157310.818582545,BUY,0,0,0,0.7889676833749296,0.021236374188567,1.6814491625845025,243717.3466324525,124466.90049473938,0.3238879638881378,NORMAL_OR_MIXED,NONE,KXBTC15M-26AUG241400-00,78677.36,12.78120365,2.21879635,78722.13,44.77000000000408,UP,0.1981132075471698,0.8018867924528301,0.8018867924528301,0.1981132075471698,UP,0.8018867924528301,0.59,0.6,0.4,0.41,0.6,0.2018867924528301,STRONG,LARGE EDGE / PRICE ABOVE 50c,,OLD_SCHEMA,UP,True,DOWN,False,False,False,False,False,False,False
2026-08-24 17:57:55.764958+00:00,78701.845,32.10000000000582,486,232667.5714449935,37207.4718868445,269875.043331838,0.7242614846672263,57232.52975,BUY,0,0,0,-0.4064640173275137,-0.0698094140407623,-0.7353930736132798,105416.4674619858,422238.4168309919,-0.6004340314096142,BUY_IMBALANCE,NONE,KXBTC15M-26AUG241400-00,78677.36,12.78120365,2.21879635,78722.13,44.77000000000408,UP,0.1981132075471698,0.8018867924528301,0.8018867924528301,0.1981132075471698,UP,0.8018867924528301,0.59,0.6,0.4,0.41,0.6,0.2018867924528301,STRONG,LARGE EDGE / PRICE ABOVE 50c,,OLD_SCHEMA,UP,True,UP,True,True,True,False,False,True,False
2026-08-24 17:58:25.779868+00:00,78725.64499999999,23.79999999998836,710,825585.5789597771,132535.3109265622,958120.8898863392,0.7233432391975407,47041.320348476096,BUY,0,0,0,1.3160532398322569,1.7446719123122645,-0.2272464394172264,181967.31885665347,201856.1708584184,-0.0518177040611277,BUY_IMBALANCE,NONE,KXBTC15M-26AUG241400-00,78677.36,13.731246733333334,1.2687532666666668,78736.62,59.25999999999476,UP,0.1071428571428571,0.8928571428571429,0.8928571428571429,0.1071428571428571,UP,0.8928571428571429,0.74,0.75,0.25,0.26,0.75,0.1428571428571429,STRONG,POSITIVE EDGE,,OLD_SCHEMA,UP,True,UP,True,True,True,False,False,True,False
2026-08-24 17:58:55.742934+00:00,78719.58499999999,-6.059999999997672,475,92575.9400586379,52701.3731229148,145277.3131815527,0.2744720841986661,12011.810885521498,BUY,0,0,0,-0.7308914144799706,-0.5232240176780043,-0.6372890091981324,140314.8317381227,174993.96306169778,-0.1099846623231418,NORMAL_OR_MIXED,NONE,KXBTC15M-26AUG241400-00,78677.36,13.731246733333334,1.2687532666666668,78736.62,59.25999999999476,UP,0.1071428571428571,0.8928571428571429,0.8928571428571429,0.1071428571428571,UP,0.8928571428571429,0.74,0.75,0.25,0.26,0.75,0.1428571428571429,STRONG,POSITIVE EDGE,,OLD_SCHEMA,UP,True,UP,True,True,False,False,False,False,False
2026-08-24 17:59:25.765851+00:00,78723.125,3.540000000008149,701,211162.4626305009,62623.9700518547,273786.43268235563,0.5425341611100909,12998.835441368,BUY,0,0,0,-0.4218376934240607,-0.1768407250082678,-0.5889067449263993,227076.95448084667,332697.5345509638,-0.1886841614608038,BUY_IMBALANCE,BUY_FLOW_WEAK_FOLLOW_THROUGH,KXBTC15M-26AUG241400-00,78677.36,14.682338033333334,0.3176619666666667,78765.19,87.83000000000175,UP,0.0119047619047619,0.988095238095238,0.988095238095238,0.0119047619047619,UP,0.988095238095238,0.998,0.999,0.001,0.002,0.999,-0.0109047619047618,LOCK,NO VALUE,,OLD_SCHEMA,UP,True,UP,True,True,True,True,False,True,False
2026-08-24 17:59:55.820188+00:00,78740.41,17.285000000003492,582,170985.0995121151,156501.0318761936,327486.1313883087,0.0442280336407509,22726.688887787703,SELL,0,0,0,-0.287577256995026,-0.30592960599181,-0.0746038640882072,147141.6789588123,229954.1056430237,-0.2196058138694139,NORMAL_OR_MIXED,NONE,KXBTC15M-26AUG241400-00,78677.36,14.682338033333334,0.3176619666666667,78765.19,87.83000000000175,UP,0.0119047619047619,0.988095238095238,0.988095238095238,0.0119047619047619,UP,0.988095238095238,0.998,0.999,0.001,0.002,0.999,-0.0109047619047618,LOCK,NO VALUE,,OLD_SCHEMA,UP,True,UP,True,True,False,False,False,False,False
2026-08-24 18:00:25.807463+00:00,78834.965,94.55499999999302,636,338672.3967044707,162441.7671329742,501114.16383744485,0.3516776062004575,24003.450669888003,BUY,0,0,0,0.1572438646383586,0.2231507477822079,-0.0549943521288052,124888.1115515914,199160.3779213971,-0.229201088055054,NORMAL_OR_MIXED,NONE,KXBTC15M-26AUG241415-15,78744.99,0.6300552666666667,14.369944733333334,78840.66,95.66999999999824,UP,0.4336734693877551,0.5663265306122449,0.5663265306122449,0.4336734693877551,UP,0.5663265306122449,0.63,0.64,0.36,0.37,0.64,-0.0736734693877551,RAW,NO VALUE,,OLD_SCHEMA,UP,True,UP,True,True,False,False,False,False,False
2026-08-24 18:00:55.793242+00:00,78841.375,6.4100000000034925,455,58868.2635207005,39106.0852875304,97974.3488082309,0.2017076762801597,7999.9996872680995,BUY,0,0,0,-0.8450130857530433,-0.6177413588475135,-0.7273290880796435,125821.94853643276,70336.1313497878,0.282862766697293,NORMAL_OR_MIXED,NONE,KXBTC15M-26AUG241415-15,78744.99,0.6300552666666667,14.369944733333334,78840.66,95.66999999999824,UP,0.4336734693877551,0.5663265306122449,0.5663265306122449,0.4336734693877551,UP,0.5663265306122449,0.63,0.64,0.36,0.37,0.64,-0.0736734693877551,RAW,NO VALUE,,OLD_SCHEMA,UP,True,UP,True,True,False,False,False,False,False
2026-08-24 18:01:25.789739+00:00,78755.32500000001,-86.04999999998836,655,88086.0863635084,142738.2065839199,230824.2929474283,-0.236769360462674,11796.3620104512,SELL,0,0,0,-0.5098453854194573,-0.5242247541873537,-0.1729371741266542,94905.09337827662,489732.4496403105,-0.6753369860982076,NORMAL_OR_MIXED,NONE,KXBTC15M-26AUG241415-15,78744.99,1.5792067833333334,13.420793216666668,78806.55,61.55999999999767,UP,0.4336734693877551,0.5663265306122449,0.5663265306122449,0.4336734693877551,UP,0.5663265306122449,0.65,0.66,0.34,0.35,0.66,-0.0936734693877551,RAW,NO VALUE,,OLD_SCHEMA,UP,True,DOWN,False,False,False,False,False,False,False
2026-08-24 18:01:55.791298+00:00,78861.275,105.94999999998254,583,195628.2052321642,60271.8978258636,255900.1030580278,0.5289419808307279,19173.1453091976,BUY,0,0,0,-0.4536900614184357,-0.1998391042839033,-0.626794968258594,106626.0274693036,182822.38604910424,-0.2632467652995267,BUY_IMBALANCE,NONE,KXBTC15M-26AUG241415-15,78744.99,1.5792067833333334,13.420793216666668,78806.55,61.55999999999767,UP,0.4336734693877551,0.5663265306122449,0.5663265306122449,0.4336734693877551,UP,0.5663265306122449,0.65,0.66,0.34,0.35,0.66,-0.0936734693877551,RAW,NO VALUE,,OLD_SCHEMA,UP,True,UP,True,True,True,False,False,True,False
2026-08-24 18:02:25.764303+00:00,78862.445,1.1700000000128057,579,215983.2850809301,84132.649931215,300115.9350121451,0.4393323371662334,20921.169312992,BUY,0,0,0,-0.3483495884923553,-0.1460859438103013,-0.4924576518569005,171347.80944140212,128105.87323059372,0.1444027531235042,NORMAL_OR_MIXED,NONE,KXBTC15M-26AUG241415-15,78744.99,2.533155433333333,12.466844566666667,78909.88,164.88999999999942,UP,0.2406015037593984,0.7593984962406015,0.7593984962406015,0.2406015037593984,UP,0.7593984962406015,0.69,0.7,0.3,0.31,0.7,0.0593984962406015,LEAN,SMALL EDGE,,OLD_SCHEMA,UP,True,UP,True,True,False,False,False,False,False
2026-08-24 18:02:56.336976+00:00,78906.875,44.429999999993015,745,146768.2207392141,101404.4125278648,248172.6332670789,0.1827913401012657,11950.905530526,BUY,0,0,0,-0.4606195269777218,-0.336388727067032,-0.3998045683003061,301261.37853196834,380032.06652520766,-0.1156193246312955,NORMAL_OR_MIXED,NONE,KXBTC15M-26AUG241415-15,78744.99,2.533155433333333,12.466844566666667,78909.88,164.88999999999942,UP,0.2406015037593984,0.7593984962406015,0.7593984962406015,0.2406015037593984,UP,0.7593984962406015,0.69,0.7,0.3,0.31,0.7,0.0593984962406015,LEAN,SMALL EDGE,,OLD_SCHEMA,UP,True,UP,True,True,False,False,False,False,False
2026-08-24 18:03:27.029564+00:00,78887.495,-19.380000000004657,565,191970.1805297444,58079.2377422923,250049.4182720367,0.5354579255280965,17069.051154645,BUY,0,0,0,-0.4463323927062864,-0.2076511121196841,-0.6032951899896059,161670.082688102,372198.0616848887,-0.3943445234853717,BUY_IMBALANCE,BUY_FLOW_ABSORBED_OR_REVERSED,KXBTC15M-26AUG241415-15,78744.99,3.4851876,11.5148124,78887.49,142.5,UP,0.2738853503184713,0.7261146496815287,0.7261146496815287,0.2738853503184713,UP,0.7261146496815287,0.78,0.79,0.21,0.22,0.79,-0.0638853503184713,LEAN,NO VALUE,,OLD_SCHEMA,UP,True,UP,True,True,True,True,False,True,False
2026-08-24 18:03:55.746817+00:00,78885.63500000001,-1.8599999999860304,598,127659.99513961,69883.8977919032,197543.8929315132,0.2924722019512761,12002.88540178,SELL,0,0,0,-0.5649295640133223,-0.4106917649705507,-0.5083113638956349,109685.1728843766,58425.46947120359,0.3049164686715713,NORMAL_OR_MIXED,NONE,KXBTC15M-26AUG241415-15,78744.99,3.4851876,11.5148124,78887.49,142.5,UP,0.2738853503184713,0.7261146496815287,0.7261146496815287,0.2738853503184713,UP,0.7261146496815287,0.78,0.79,0.21,0.22,0.79,-0.0638853503184713,LEAN,NO VALUE,,OLD_SCHEMA,UP,True,UP,True,True,False,False,False,False,False
2026-08-24 18:04:25.758225+00:00,78873.215,-12.420000000012806,543,135963.2233914283,69565.0330536448,205528.25644507312,0.3230611278772183,11299.143309022802,BUY,0,0,0,-0.5330553069070924,-0.3875449028036085,-0.4845629234913603,182546.225939196,165802.42368537563,0.0480662183472386,NORMAL_OR_MIXED,NONE,KXBTC15M-26AUG241415-15,78744.99,4.432183216666667,10.567816783333337,78879.36,134.36999999999534,UP,0.2406015037593984,0.7593984962406015,0.7593984962406015,0.2406015037593984,UP,0.7593984962406015,0.68,0.69,0.31,0.32,0.69,0.0693984962406015,LEAN,SMALL EDGE,,OLD_SCHEMA,UP,True,UP,True,True,False,False,False,False,False
2026-08-24 18:04:55.758680+00:00,78902.92499999999,29.70999999999185,539,92648.4683754828,64001.1168844816,156649.5852599644,0.1828753739977039,9313.062483,SELL,0,0,0,-0.6438087399957897,-0.5218911683500376,-0.4940014546961644,132075.03217383684,103778.52111220131,0.1199749194675821,NORMAL_OR_MIXED,NONE,KXBTC15M-26AUG241415-15,78744.99,5.384989683333333,9.615010316666666,78906.46,161.47000000000116,UP,0.1981132075471698,0.8018867924528301,0.8018867924528301,0.1981132075471698,UP,0.8018867924528301,0.8,0.81,0.19,0.2,0.81,-0.0081132075471699,STRONG,NO VALUE,,OLD_SCHEMA,UP,True,UP,True,True,False,False,False,False,False
2026-08-24 18:05:25.795211+00:00,78906.455,3.530000000013388,525,350707.1316334241,103331.7081815359,454038.83981496,0.5448331767227318,93641.55634528,BUY,0,0,0,0.0790818633158545,0.2565042969848728,-0.2779187297643652,254290.2968448858,108609.8310247963,0.4014340437829869,BUY_IMBALANCE,BUY_FLOW_WEAK_FOLLOW_THROUGH,KXBTC15M-26AUG241415-15,78744.99,5.384989683333333,9.615010316666666,78906.46,161.47000000000116,UP,0.1981132075471698,0.8018867924528301,0.8018867924528301,0.1981132075471698,UP,0.8018867924528301,0.8,0.81,0.19,0.2,0.81,-0.0081132075471699,STRONG,NO VALUE,,OLD_SCHEMA,UP,True,UP,True,True,True,True,False,True,False
2026-08-24 18:05:55.755998+00:00,78951.44,44.98500000000058,879,2443699.781382987,646177.8471267953,3089877.6285097823,0.5817453473466905,133198.30492796577,BUY,0,0,0,6.459837287735847,6.590327166155862,2.6648031317909857,598260.2822067563,465752.4680700363,0.1245359269447188,ABNORMAL_BUY_PRESSURE,NONE,KXBTC15M-26AUG241415-15,78744.99,6.339018633333334,8.660981366666666,78935.09,190.09999999999127,UP,0.0698924731182795,0.9301075268817204,0.9301075268817204,0.0698924731182795,UP,0.9301075268817204,0.81,0.82,0.18,0.19,0.82,0.1101075268817205,EARLY 90%+ / NOT YET VALIDATED LOCK,POSITIVE EDGE,,OLD_SCHEMA,UP,True,UP,True,True,True,False,False,True,True
2026-08-24 18:06:25.792124+00:00,78912.725,-38.71499999999651,862,513720.4084070375,1067079.2238043237,1580799.632211361,-0.3500499393608786,48882.581691285,BUY,0,0,0,1.877559001499804,0.3886715411671402,4.788208598145844,254469.34504303677,222390.0374235009,0.0672720487402528,NORMAL_OR_MIXED,NONE,KXBTC15M-26AUG241415-15,78744.99,6.339018633333334,8.660981366666666,78935.09,190.09999999999127,UP,0.0698924731182795,0.9301075268817204,0.9301075268817204,0.0698924731182795,UP,0.9301075268817204,0.81,0.82,0.18,0.19,0.82,0.1101075268817205,EARLY 90%+ / NOT YET VALIDATED LOCK,POSITIVE EDGE,,OLD_SCHEMA,UP,True,DOWN,False,False,False,False,False,False,False
2026-08-24 18:06:56.244337+00:00,78894.36499999999,-18.36000000001513,662,185188.4340514849,514509.9192619858,699698.3533134707,-0.4706620840980629,41986.7963261556,SELL,0,0,0,0.3035869749722441,-0.3277369693981758,1.4223984652520565,154021.95252498667,88499.35734348612,0.270172527177243,NORMAL_OR_MIXED,NONE,KXBTC15M-26AUG241415-15,78744.99,7.289560483333333,7.710439516666667,78887.48,142.4899999999907,UP,0.109375,0.890625,0.890625,0.109375,UP,0.890625,0.82,0.83,0.17,0.18,0.83,0.060625,STRONG,SMALL EDGE,,OLD_SCHEMA,UP,True,DOWN,False,False,False,False,False,False,False
2026-08-24 18:07:25.786183+00:00,78858.91500000001,-35.44999999998254,574,125297.2322858374,137141.0177119793,262438.2499978167,-0.0451297988240679,19391.3872605706,SELL,0,0,0,-0.4438088782280499,-0.4650392450432412,-0.2055343735722108,190201.2941280166,113664.52879318588,0.2518768468235335,NORMAL_OR_MIXED,NONE,KXBTC15M-26AUG241415-15,78744.99,7.289560483333333,7.710439516666667,78887.48,142.4899999999907,UP,0.109375,0.890625,0.890625,0.109375,UP,0.890625,0.82,0.83,0.17,0.18,0.83,0.060625,STRONG,SMALL EDGE,,OLD_SCHEMA,UP,True,DOWN,False,False,False,False,False,False,False
2026-08-24 18:07:55.749503+00:00,78845.505,-13.410000000003492,621,132103.0007697115,103460.33791311392,235563.33868282544,0.1215921926423515,18233.8866710869,SELL,0,0,0,-0.4849354532680988,-0.4523745135951684,-0.3341820211342051,94405.4647938304,213902.38263160436,-0.3875896083594649,NORMAL_OR_MIXED,NONE,KXBTC15M-26AUG241415-15,78744.99,8.24675945,6.75324055,78778.9,33.90999999998894,UP,0.4336734693877551,0.5663265306122449,0.5663265306122449,0.4336734693877551,UP,0.5663265306122449,0.81,0.82,0.18,0.19,0.82,-0.253673469387755,RAW,NO VALUE,,OLD_SCHEMA,UP,True,UP,True,True,False,False,False,False,False
2026-08-24 18:08:25.795643+00:00,78844.155,-1.3500000000058208,686,293020.6634741562,216970.1987250789,509990.8621992351,0.14912123017484,18621.7147495764,SELL,0,0,0,-0.032724146640122,-0.1135205000884001,0.1370385953908056,115527.17142753192,107558.07883138092,0.0357221850700665,NORMAL_OR_MIXED,NONE,KXBTC15M-26AUG241415-15,78744.99,8.24675945,6.75324055,78778.9,33.90999999998894,UP,0.4336734693877551,0.5663265306122449,0.5663265306122449,0.4336734693877551,UP,0.5663265306122449,0.81,0.82,0.18,0.19,0.82,-0.253673469387755,RAW,NO VALUE,,OLD_SCHEMA,UP,True,UP,True,True,False,False,False,False,False
2026-08-24 18:08:55.729395+00:00,78844.60500000001,0.4500000000116415,548,77670.2165120841,87638.8381820708,165309.05469415488,-0.0603029379632595,21908.090586188897,SELL,0,0,0,-0.6022182672667257,-0.5755551449586854,-0.3901784672583492,179690.39850603076,159149.5535899072,0.0606210831664492,NORMAL_OR_MIXED,NONE,KXBTC15M-26AUG241415-15,78744.99,9.203706216666664,5.796293783333334,78776.54,31.54999999998836,UP,0.4336734693877551,0.5663265306122449,0.5663265306122449,0.4336734693877551,UP,0.5663265306122449,0.8,0.81,0.19,0.2,0.81,-0.2436734693877551,RAW,NO VALUE,,OLD_SCHEMA,UP,True,DOWN,False,False,False,False,False,False,False
2026-08-24 18:09:25.804613+00:00,78750.68,-93.92500000001746,693,140382.7105400237,331454.2026501855,471836.9131902092,-0.4049524036139498,44103.2327904,SELL,0,0,0,-0.0954993886820453,-0.4389081829995888,0.6092690674728328,138143.34402693692,115979.72676372502,0.0872160768176359,NORMAL_OR_MIXED,NONE,KXBTC15M-26AUG241415-15,78744.99,9.203706216666664,5.796293783333334,78776.54,31.54999999998836,UP,0.4336734693877551,0.5663265306122449,0.5663265306122449,0.4336734693877551,UP,0.5663265306122449,0.8,0.81,0.19,0.2,0.81,-0.2436734693877551,RAW,NO VALUE,,OLD_SCHEMA,UP,True,DOWN,False,False,False,False,False,False,False
2026-08-24 18:09:55.723633+00:00,78811.32500000001,60.64500000001863,531,309133.402018754,61289.966681141,370423.368699895,0.6690815328619499,33203.046930996,BUY,0,0,0,-0.2727039126636578,-0.0751115061137296,-0.5326575057802653,105444.6127342819,187884.46862034072,-0.2810490371610733,BUY_IMBALANCE,NONE,KXBTC15M-26AUG241415-15,78744.99,10.1602372,4.8397628,78811.88,66.88999999999942,UP,0.2738853503184713,0.7261146496815287,0.7261146496815287,0.2738853503184713,UP,0.7261146496815287,0.81,0.82,0.18,0.19,0.82,-0.0938853503184712,LEAN,NO VALUE,,OLD_SCHEMA,UP,True,UP,True,True,True,False,False,True,False
2026-08-24 18:10:25.988623+00:00,78881.975,70.64999999999418,786,298646.9393854852,101712.086736202,400359.0261216872,0.4918956231785462,20008.4511517328,SELL,0,0,0,-0.2195484784778887,-0.0948892797494323,-0.3620829810390226,120133.7915149609,85887.64218937559,0.1662261479780415,NORMAL_OR_MIXED,NONE,KXBTC15M-26AUG241415-15,78744.99,10.1602372,4.8397628,78811.88,66.88999999999942,UP,0.2738853503184713,0.7261146496815287,0.7261146496815287,0.2738853503184713,UP,0.7261146496815287,0.81,0.82,0.18,0.19,0.82,-0.0938853503184712,LEAN,NO VALUE,,OLD_SCHEMA,UP,True,UP,True,True,False,False,False,False,False
2026-08-24 18:10:55.755357+00:00,78878.195,-3.779999999998836,466,144084.0384358181,66204.4435621998,210288.4819980179,0.370346459937603,22574.370098519,SELL,0,0,0,-0.5435565659801465,-0.4295561298117335,-0.5205050377136906,83664.24554138382,255252.4917786629,-0.5062843682318481,NORMAL_OR_MIXED,NONE,KXBTC15M-26AUG241415-15,78744.99,11.103806,3.896194,78868.45,123.45999999999184,UP,0.0698924731182795,0.9301075268817204,0.9301075268817204,0.0698924731182795,UP,0.9301075268817204,0.937,0.938,0.062,0.063,0.938,-0.0078924731182794,LOCK,NO VALUE,,OLD_SCHEMA,UP,True,UP,True,True,False,False,False,False,False
2026-08-24 18:11:25.815755+00:00,78884.235,6.039999999993597,667,95683.4258891757,193794.4052743576,289477.83116353326,-0.3389239825061302,23123.487673754094,SELL,0,0,0,-0.3955970707238999,-0.5116571966720252,0.0034222553843126,150147.45178292692,150075.15988916118,0.0002407943004795,NORMAL_OR_MIXED,NONE,KXBTC15M-26AUG241415-15,78744.99,11.103806,3.896194,78868.45,123.45999999999184,UP,0.0698924731182795,0.9301075268817204,0.9301075268817204,0.0698924731182795,UP,0.9301075268817204,0.937,0.938,0.062,0.063,0.938,-0.0078924731182794,LOCK,NO VALUE,,OLD_SCHEMA,UP,True,DOWN,False,False,False,False,False,False,False
2026-08-24 18:11:55.730838+00:00,78892.245,8.009999999994761,949,48275.4964230732,242088.2450422334,290363.7414653066,-0.6674826121233096,26184.0675912416,SELL,0,0,0,-0.3914965804836924,-0.6006046039930681,0.1900173661369798,177585.82536299314,342104.0327776076,-0.3165699788778724,SELL_IMBALANCE,SELL_FLOW_ABSORBED_OR_REVERSED,KXBTC15M-26AUG241415-15,78744.99,12.048399333333332,2.9516006666666663,78902.24,157.25,UP,0.0119047619047619,0.988095238095238,0.988095238095238,0.0119047619047619,UP,0.988095238095238,0.96,0.961,0.039,0.04,0.961,0.0270952380952381,LOCK,SMALL EDGE,,OLD_SCHEMA,UP,True,DOWN,False,False,True,True,False,True,False
2026-08-24 18:12:25.839221+00:00,78906.905,14.660000000003492,1000,314685.9107198675,90917.2430999919,405603.1538198594,0.551693608672624,46787.7113949221,BUY,0,0,0,-0.1903146076468574,-0.0198658153328539,-0.4404583758186178,80556.52390032899,413930.8623031127,-0.6741816833030946,BUY_IMBALANCE,NONE,KXBTC15M-26AUG241415-15,78744.99,12.048399333333332,2.9516006666666663,78902.24,157.25,UP,0.0119047619047619,0.988095238095238,0.988095238095238,0.0119047619047619,UP,0.988095238095238,0.96,0.961,0.039,0.04,0.961,0.0270952380952381,LOCK,SMALL EDGE,,OLD_SCHEMA,UP,True,UP,True,True,True,False,False,True,False
2026-08-24 18:12:55.739899+00:00,78935.57500000001,28.67000000001281,537,69743.6480900524,93506.7655740968,163250.4136641492,-0.1455623722518194,21876.101235252005,SELL,0,0,0,-0.5958679405824447,-0.543387629917328,-0.4330765874112802,194533.41448537368,78493.638462632,0.4250120080402431,NORMAL_OR_MIXED,NONE,KXBTC15M-26AUG241415-15,78744.99,12.998399816666668,2.001600183333333,78941.24,196.25,UP,0.0119047619047619,0.988095238095238,0.988095238095238,0.0119047619047619,UP,0.988095238095238,0.998,0.999,0.001,0.002,0.999,-0.0109047619047618,LOCK,NO VALUE,,OLD_SCHEMA,UP,True,DOWN,False,False,False,False,False,False,False
2026-08-24 18:13:25.813083+00:00,78953.745,18.169999999983705,617,123734.5956053634,122805.8873606697,246540.4829660331,0.0037669604339245,20683.9187169769,BUY,0,0,0,-0.451773661139054,-0.4256412378944238,-0.3026511368246489,572169.9859012085,123634.8374984778,0.6446278228012251,NORMAL_OR_MIXED,NONE,KXBTC15M-26AUG241415-15,78744.99,12.998399816666668,2.001600183333333,78941.24,196.25,UP,0.0119047619047619,0.988095238095238,0.988095238095238,0.0119047619047619,UP,0.988095238095238,0.998,0.999,0.001,0.002,0.999,-0.0109047619047618,LOCK,NO VALUE,,OLD_SCHEMA,UP,True,UP,True,True,False,False,False,False,False
2026-08-24 18:13:55.825969+00:00,78977.91500000001,24.17000000001281,512,87377.9421226937,40442.8162729369,127820.7583956306,0.367194862860094,17839.333805524,BUY,0,0,0,-0.6529826258222748,-0.5037686605764701,-0.6557626231884166,110640.7960366252,252586.3648104992,-0.3907900731950392,NORMAL_OR_MIXED,NONE,KXBTC15M-26AUG241415-15,78744.99,13.954012616666668,1.0459873833333333,78977.91,232.91999999999825,UP,0.0119047619047619,0.988095238095238,0.988095238095238,0.0119047619047619,UP,0.988095238095238,0.999,1.0,0.0,0.001,1.0,-0.0119047619047618,LOCK,NO VALUE,,OLD_SCHEMA,UP,True,UP,True,True,False,False,False,False,False
2026-08-24 18:14:25.774375+00:00,79013.405,35.48999999999069,796,733221.5474075525,416466.4222099397,1149687.969617492,0.2755139947258899,182789.87531,BUY,0,0,0,1.036356846565084,0.8654194568957683,0.9129267635701744,222033.57315748988,131783.22633266938,0.2550764886089888,NORMAL_OR_MIXED,NONE,KXBTC15M-26AUG241415-15,78744.99,13.954012616666668,1.0459873833333333,78977.91,232.91999999999825,UP,0.0119047619047619,0.988095238095238,0.988095238095238,0.0119047619047619,UP,0.988095238095238,0.999,1.0,0.0,0.001,1.0,-0.0119047619047618,LOCK,NO VALUE,,OLD_SCHEMA,UP,True,UP,True,True,False,False,False,False,False
2026-08-24 18:14:55.821247+00:00,78985.275,-28.130000000004657,589,101724.181114295,156943.3456564123,258667.5267707073,-0.2134754417436621,22252.3535829084,SELL,0,0,0,-0.4678672621930764,-0.4955814483245919,-0.2076968478043845,227015.101737025,202549.70300261333,0.0569539181619878,NORMAL_OR_MIXED,NONE,KXBTC15M-26AUG241415-15,78744.99,14.912584483333337,0.0874155166666666,78977.93,232.93999999998775,UP,0.0,1.0,1.0,0.0,UP,1.0,0.999,1.0,0.0,0.001,1.0,0.0,LOCK,NO VALUE,,OLD_SCHEMA,UP,True,DOWN,False,False,False,False,False,False,False
2026-08-24 18:15:26.598055+00:00,79001.725,16.45000000001164,621,146100.883713934,89901.6313686291,236002.5150825631,0.2381298874109208,23356.9617726928,BUY,0,0,0,-0.499381853327033,-0.3953249741057153,-0.4867262264158041,118854.04280898855,235671.4672182571,-0.3295035790239495,NORMAL_OR_MIXED,NONE,KXBTC15M-26AUG241430-30,78993.94,0.8677560166666667,14.132243983333332,79000.73,6.789999999993597,UP,0.4336734693877551,0.5663265306122449,0.5663265306122449,0.4336734693877551,UP,0.5663265306122449,0.48,0.49,0.51,0.52,0.49,0.0763265306122449,RAW,SMALL EDGE,,OLD_SCHEMA,UP,True,UP,True,True,False,False,False,False,False
2026-08-24 18:15:55.818965+00:00,79001.14499999999,-0.5800000000162981,617,177817.4250442791,96074.1786178582,273891.6036621373,0.2984510855150434,29642.09402,BUY,0,0,0,-0.4373132732841471,-0.3281883806542257,-0.4620960775486005,116300.3930673915,156831.09571212868,-0.1483926398448139,NORMAL_OR_MIXED,NONE,KXBTC15M-26AUG241430-30,78993.94,0.8677560166666667,14.132243983333332,79000.73,6.789999999993597,UP,0.4336734693877551,0.5663265306122449,0.5663265306122449,0.4336734693877551,UP,0.5663265306122449,0.48,0.49,0.51,0.52,0.49,0.0763265306122449,RAW,SMALL EDGE,,OLD_SCHEMA,UP,True,UP,True,True,False,False,False,False,False
2026-08-24 18:16:25.755818+00:00,78996.965,-4.179999999993015,681,80206.0348773116,247324.6906829522,327530.7255602638,-0.5102381021498752,24439.872373087,SELL,0,0,0,-0.3240740752270575,-0.5248189552012634,0.228923841777522,30861.6221641681,312779.4118992319,-0.8203845344123002,SELL_IMBALANCE,SELL_FLOW_WEAK_FOLLOW_THROUGH,KXBTC15M-26AUG241430-30,78993.94,1.8217717833333331,13.178228216666668,79000.06,6.119999999995343,UP,0.4336734693877551,0.5663265306122449,0.5663265306122449,0.4336734693877551,UP,0.5663265306122449,0.49,0.5,0.5,0.51,0.5,0.0663265306122449,RAW,SMALL EDGE,,OLD_SCHEMA,UP,True,DOWN,False,False,True,True,False,True,False
2026-08-24 18:16:55.792234+00:00,78975.735,-21.229999999995925,812,346837.0792481839,319009.2796206083,665846.3588687922,0.0417931242799799,18381.8896081275,SELL,0,0,0,0.315176533386211,0.0796357037446627,0.7180980636923573,455884.304926043,244733.4527302164,0.3013781050913964,NORMAL_OR_MIXED,NONE,KXBTC15M-26AUG241430-30,78993.94,1.8217717833333331,13.178228216666668,79000.06,6.119999999995343,UP,0.4336734693877551,0.5663265306122449,0.5663265306122449,0.4336734693877551,UP,0.5663265306122449,0.49,0.5,0.5,0.51,0.5,0.0663265306122449,RAW,SMALL EDGE,,OLD_SCHEMA,UP,True,UP,True,True,False,False,False,False,False
2026-08-24 18:17:26.239242+00:00,79019.445,43.7100000000064,764,88055.0630676859,260101.0931602284,348156.15622791427,-0.4941634005745273,13435.5435284914,SELL,0,0,0,-0.2011187216203338,-0.4683622960410266,0.3883881899563477,208206.8779047256,103500.0212893345,0.3359144660773244,NORMAL_OR_MIXED,NONE,KXBTC15M-26AUG241430-30,78993.94,2.7754407333333333,12.224559266666668,79044.89,50.94999999999709,UP,0.3652173913043478,0.6347826086956522,0.6347826086956522,0.3652173913043478,UP,0.6347826086956522,0.45,0.46,0.54,0.55,0.46,0.1747826086956521,RAW,ATTRACTIVE <=50c,,OLD_SCHEMA,UP,True,DOWN,False,False,False,False,False,False,False
2026-08-24 18:17:55.777440+00:00,78994.005,-25.44000000000233,547,111164.6801089399,158287.1098036296,269451.7899125695,-0.1748826003715907,20003.4912395388,SELL,0,0,0,-0.3362145357900833,-0.3953194515447132,-0.0992675056795027,86452.7557659761,123872.30650529862,-0.1779129426385679,NORMAL_OR_MIXED,NONE,KXBTC15M-26AUG241430-30,78993.94,2.7754407333333333,12.224559266666668,79044.89,50.94999999999709,UP,0.3652173913043478,0.6347826086956522,0.6347826086956522,0.3652173913043478,UP,0.6347826086956522,0.45,0.46,0.54,0.55,0.46,0.1747826086956521,RAW,ATTRACTIVE <=50c,,OLD_SCHEMA,UP,True,DOWN,False,False,False,False,False,False,False
2026-08-24 18:18:26.027945+00:00,79041.92499999999,47.9199999999837,506,41727.4672715252,71657.3826454209,113384.84991694611,-0.2639675000303764,11389.3849271367,SELL,0,0,0,-0.641533717437665,-0.5662406449300483,-0.5665123947488877,124012.16619457417,122110.0906418418,0.0077281737018873,NORMAL_OR_MIXED,NONE,KXBTC15M-26AUG241430-30,78993.94,3.7335374666666663,11.266462533333334,79041.93,47.98999999999069,UP,0.3652173913043478,0.6347826086956522,0.6347826086956522,0.3652173913043478,UP,0.6347826086956522,0.58,0.59,0.41,0.42,0.59,0.0447826086956522,RAW,SMALL EDGE,,OLD_SCHEMA,UP,True,DOWN,False,False,False,False,False,False,False
2026-08-24 18:18:55.829392+00:00,79034.445,-7.479999999981373,538,85157.3715952889,153285.87533289028,238443.2469281792,-0.2857220936859754,17264.600956831997,SELL,0,0,0,-0.3585989281325539,-0.413322912366045,-0.1333599195522722,446450.9637269843,195521.8498668297,0.3908718695663042,NORMAL_OR_MIXED,NONE,KXBTC15M-26AUG241430-30,78993.94,3.7335374666666663,11.266462533333334,79041.93,47.98999999999069,UP,0.3652173913043478,0.6347826086956522,0.6347826086956522,0.3652173913043478,UP,0.6347826086956522,0.58,0.59,0.41,0.42,0.59,0.0447826086956522,RAW,SMALL EDGE,,OLD_SCHEMA,UP,True,DOWN,False,False,False,False,False,False,False
2026-08-24 18:19:25.745478+00:00,78958.88500000001,-75.55999999999767,613,136535.4301813987,360562.6727466732,497098.1029280719,-0.4506700815104304,30641.929433316505,SELL,0,0,0,0.1475178564624928,-0.2766652708239668,0.9337502710656712,221461.5554799882,170104.11376733895,0.1311592045629771,NORMAL_OR_MIXED,NONE,KXBTC15M-26AUG241430-30,78993.94,4.687751566666666,10.312248433333334,78992.2,-1.7400000000052387,DOWN,1.0,0.0,1.0,0.0,UP,1.0,0.41,0.42,0.58,0.59,0.42,0.5800000000000001,EARLY 90%+ / NOT YET VALIDATED LOCK,IDEAL <=50c / LARGE EDGE,,OLD_SCHEMA,UP,True,DOWN,False,False,False,False,False,False,False
2026-08-24 18:19:55.776314+00:00,78987.495,28.60999999998603,698,534408.4639778028,91438.5068866906,625846.9708644934,0.7077927635876067,20571.120181157698,BUY,0,0,0,0.391410427962491,0.7814416668309276,-0.5058525172880146,309227.88081245153,184889.33606429177,0.2516377501154261,BUY_IMBALANCE,NONE,KXBTC15M-26AUG241430-30,78993.94,4.687751566666666,10.312248433333334,78992.2,-1.7400000000052387,DOWN,1.0,0.0,1.0,0.0,UP,1.0,0.41,0.42,0.58,0.59,0.42,0.5800000000000001,EARLY 90%+ / NOT YET VALIDATED LOCK,IDEAL <=50c / LARGE EDGE,,OLD_SCHEMA,UP,True,UP,True,True,True,False,False,True,False
2026-08-24 18:20:25.810847+00:00,78949.36499999999,-38.13000000000466,551,56457.3091424772,162243.3413725503,218700.6505150275,-0.4837024123200047,12732.7307399325,SELL,0,0,0,-0.4285942068806203,-0.5039668208268074,-0.1297674712702554,323289.8844746009,278978.7039674516,0.0735737864426458,NORMAL_OR_MIXED,NONE,KXBTC15M-26AUG241430-30,78993.94,5.6489316333333335,9.351068366666668,78930.33,-63.61000000000058,DOWN,0.3934426229508196,0.6065573770491803,0.3934426229508196,0.6065573770491803,DOWN,0.6065573770491803,0.39,0.4,0.6,0.61,0.61,-0.0034426229508196,RAW,NO VALUE,,OLD_SCHEMA,UP,False,DOWN,True,False,False,False,False,False,False
2026-08-24 18:20:55.803697+00:00,79022.705,73.34000000001106,546,301731.4335642326,73676.3302058811,375407.7637701137,0.60748637979156,16194.9056839804,SELL,0,0,0,-0.1046898851670019,0.158847946801985,-0.5878757331021186,568420.9496005464,143808.07256188898,0.5961746345992309,BUY_IMBALANCE,NONE,KXBTC15M-26AUG241430-30,78993.94,5.6489316333333335,9.351068366666668,78930.33,-63.61000000000058,DOWN,0.3934426229508196,0.6065573770491803,0.3934426229508196,0.6065573770491803,DOWN,0.6065573770491803,0.39,0.4,0.6,0.61,0.61,-0.0034426229508196,RAW,NO VALUE,,OLD_SCHEMA,UP,False,UP,False,True,True,False,False,True,False
2026-08-24 18:21:25.747550+00:00,79015.045,-7.660000000003492,552,96883.6654358094,46771.4043787516,143655.069814561,0.3488374000426567,9332.162796,BUY,0,0,0,-0.5785939657957868,-0.3952830838774343,-0.7337509896589983,521707.5165659987,156720.33231932254,0.5379896843066831,NORMAL_OR_MIXED,NONE,KXBTC15M-26AUG241430-30,78993.94,6.605455416666667,8.394544583333333,79020.76,26.819999999992437,UP,0.4090909090909091,0.5909090909090908,0.5909090909090908,0.4090909090909091,UP,0.5909090909090908,0.58,0.59,0.41,0.42,0.59,0.0009090909090908,RAW,SMALL EDGE,,OLD_SCHEMA,UP,True,UP,True,True,False,False,False,False,False
2026-08-24 18:21:56.176615+00:00,79045.215,30.169999999998254,509,57358.0403982573,27529.8651755648,84887.9055738221,0.3513830977576972,7999.99671504,BUY,0,0,0,-0.6893563730516845,-0.499901201983697,-0.8162896709704346,539668.9721483189,93067.5894491205,0.7058251566365716,NORMAL_OR_MIXED,NONE,KXBTC15M-26AUG241430-30,78993.94,6.605455416666667,8.394544583333333,79020.76,26.819999999992437,UP,0.4090909090909091,0.5909090909090908,0.5909090909090908,0.4090909090909091,UP,0.5909090909090908,0.58,0.59,0.41,0.42,0.59,0.0009090909090908,RAW,SMALL EDGE,,OLD_SCHEMA,UP,True,UP,True,True,False,False,False,False,False
2026-08-24 18:22:25.951422+00:00,79039.805,-5.4100000000034925,518,60899.3692301429,408273.9219553075,469173.2911854504,-0.7403971181894445,73722.909119969,SELL,0,0,0,0.0792343845480412,-0.4801306850700776,1.1482371258670072,370255.6846760415,201473.2592957204,0.2952140645666828,SELL_IMBALANCE,NONE,KXBTC15M-26AUG241430-30,78993.94,7.555198433333333,7.444801566666666,79049.33,55.38999999999942,UP,0.3652173913043478,0.6347826086956522,0.6347826086956522,0.3652173913043478,UP,0.6347826086956522,0.68,0.69,0.31,0.32,0.69,-0.0552173913043477,RAW,NO VALUE,,OLD_SCHEMA,UP,True,DOWN,False,False,True,False,False,True,False
2026-08-24 18:22:55.825848+00:00,79030.285,-9.519999999989524,678,224698.18230080625,184013.9650064349,408712.1473072411,0.0995424715473107,27291.23897016,SELL,0,0,0,-0.0482596915747591,-0.0403079077278585,-0.0460327136187057,344394.0308797171,164938.0512946553,0.3523359039527852,NORMAL_OR_MIXED,NONE,KXBTC15M-26AUG241430-30,78993.94,7.555198433333333,7.444801566666666,79049.33,55.38999999999942,UP,0.3652173913043478,0.6347826086956522,0.6347826086956522,0.3652173913043478,UP,0.6347826086956522,0.68,0.69,0.31,0.32,0.69,-0.0552173913043477,RAW,NO VALUE,,OLD_SCHEMA,UP,True,UP,True,True,False,False,False,False,False
2026-08-24 18:23:25.766133+00:00,79035.035,4.75,567,200170.9679138629,51151.4247029695,251322.3926168324,0.5929417655914548,7999.9998145353,BUY,0,0,0,-0.3671355529854683,-0.1096267694334026,-0.7335064793661795,232210.87055349423,106356.34602654916,0.3717268488019447,BUY_IMBALANCE,BUY_FLOW_WEAK_FOLLOW_THROUGH,KXBTC15M-26AUG241430-30,78993.94,8.51617575,6.48382425,79019.77,25.830000000001743,UP,0.3934426229508196,0.6065573770491803,0.6065573770491803,0.3934426229508196,UP,0.6065573770491803,0.58,0.59,0.41,0.42,0.59,0.0165573770491803,RAW,SMALL EDGE,,OLD_SCHEMA,UP,True,UP,True,True,True,True,False,True,False
2026-08-24 18:23:55.764228+00:00,79020.755,-14.279999999998836,568,270187.58344588743,40612.151821758,310799.73526764545,0.7386603190843465,18071.826187605,BUY,0,0,0,-0.2497276494965661,0.0730823235899416,-0.785817344365658,248019.4445312228,140262.76233681414,0.2775215559414786,BUY_IMBALANCE,BUY_FLOW_ABSORBED_OR_REVERSED,KXBTC15M-26AUG241430-30,78993.94,8.51617575,6.48382425,79019.77,25.830000000001743,UP,0.3934426229508196,0.6065573770491803,0.6065573770491803,0.3934426229508196,UP,0.6065573770491803,0.58,0.59,0.41,0.42,0.59,0.0165573770491803,RAW,SMALL EDGE,,OLD_SCHEMA,UP,True,UP,True,True,True,True,False,True,False
2026-08-24 18:24:25.758586+00:00,79011.245,-9.510000000009311,548,96635.1749730969,62927.9537214965,159563.1286945934,0.2112469310884258,12016.2395708586,SELL,0,0,0,-0.5551742612711398,-0.390908785500115,-0.6667227894467022,86595.8215209181,258007.87607641,-0.4974179202098641,NORMAL_OR_MIXED,NONE,KXBTC15M-26AUG241430-30,78993.94,9.465877516666666,5.534122483333333,79014.58,20.639999999999414,UP,0.3934426229508196,0.6065573770491803,0.6065573770491803,0.3934426229508196,UP,0.6065573770491803,0.58,0.59,0.41,0.42,0.59,0.0165573770491803,RAW,SMALL EDGE,,OLD_SCHEMA,UP,True,UP,True,True,False,False,False,False,False
2026-08-24 18:24:55.791562+00:00,78989.715,-21.52999999999884,573,97815.5007372525,43512.9655505082,141328.4662877607,0.3842292824163124,9331.228625,BUY,0,0,0,-0.588310409434851,-0.3849048899163221,-0.7640433080448833,80076.59002723519,166462.8210115656,-0.3503952192484746,NORMAL_OR_MIXED,NONE,KXBTC15M-26AUG241430-30,78993.94,9.465877516666666,5.534122483333333,79014.58,20.639999999999414,UP,0.3934426229508196,0.6065573770491803,0.6065573770491803,0.3934426229508196,UP,0.6065573770491803,0.58,0.59,0.41,0.42,0.59,0.0165573770491803,RAW,SMALL EDGE,,OLD_SCHEMA,UP,True,UP,True,True,False,False,False,False,False
2026-08-24 18:25:25.771245+00:00,78992.125,2.4100000000034925,636,470385.4090352967,233357.8822824714,703743.2913177682,0.3368096430574681,66051.05181741469,SELL,0,0,0,0.5240831007935156,0.5901798837088789,0.2016078161413833,148895.0387397102,151920.06001463608,-0.0100560819169392,NORMAL_OR_MIXED,NONE,KXBTC15M-26AUG241430-30,78993.94,10.41549505,4.58450495,78985.82,-8.119999999995343,DOWN,0.4336734693877551,0.5663265306122449,0.4336734693877551,0.5663265306122449,DOWN,0.5663265306122449,0.52,0.53,0.47,0.48,0.48,0.0863265306122449,RAW,SMALL EDGE,,OLD_SCHEMA,UP,False,UP,False,True,False,False,False,False,False
2026-08-24 18:25:55.755383+00:00,79021.57500000001,29.45000000001164,628,419858.5220294296,194278.9737383353,614137.495767765,0.3673111474965157,32125.2180525666,BUY,0,0,0,0.3335640763505713,0.4485482523484301,-0.0128390144903839,598157.7288317415,156460.5180539469,0.5853253782302247,NORMAL_OR_MIXED,NONE,KXBTC15M-26AUG241430-30,78993.94,11.361024383333334,3.638975616666667,79072.63,78.69000000000233,UP,0.1071428571428571,0.8928571428571429,0.8928571428571429,0.1071428571428571,UP,0.8928571428571429,0.63,0.64,0.36,0.37,0.64,0.2528571428571429,STRONG,LARGE EDGE / PRICE ABOVE 50c,,OLD_SCHEMA,UP,True,UP,True,True,False,False,False,False,False
2026-08-24 18:26:25.766439+00:00,79049.995,28.419999999983705,622,175077.9210596455,97964.9029308133,273042.8239904588,0.2824209660662125,20762.0717371367,BUY,0,0,0,-0.3888875847881922,-0.1424006536677322,-0.4774381230651656,92119.6263356114,244092.7455877807,-0.4520152497148357,NORMAL_OR_MIXED,NONE,KXBTC15M-26AUG241430-30,78993.94,11.361024383333334,3.638975616666667,79072.63,78.69000000000233,UP,0.1071428571428571,0.8928571428571429,0.8928571428571429,0.1071428571428571,UP,0.8928571428571429,0.63,0.64,0.36,0.37,0.64,0.2528571428571429,STRONG,LARGE EDGE / PRICE ABOVE 50c,,OLD_SCHEMA,UP,True,UP,True,True,False,False,False,False,False
2026-08-24 18:26:55.813920+00:00,79049.32500000001,-0.6699999999837019,526,163375.4137902724,93988.0825733526,257363.496363625,0.2696082863238829,13092.8104189496,BUY,0,0,0,-0.4469578071359039,-0.1723292526926506,-0.5728835102727939,175444.3533650034,262625.2305881534,-0.1990114822317185,NORMAL_OR_MIXED,NONE,KXBTC15M-26AUG241430-30,78993.94,12.323415016666669,2.676584983333333,79051.79,57.84999999999127,UP,0.1071428571428571,0.8928571428571429,0.8928571428571429,0.1071428571428571,UP,0.8928571428571429,0.81,0.82,0.18,0.19,0.82,0.0728571428571429,STRONG,SMALL EDGE,,OLD_SCHEMA,UP,True,UP,True,True,False,False,False,False,False
2026-08-24 18:27:25.880747+00:00,79054.08499999999,4.759999999980209,600,125536.8120533396,125210.5188164145,250747.33086975408,0.0013012829918998,16975.9067287316,BUY,0,0,0,-0.440973359205826,-0.4239285795484338,-0.2472990337189536,275337.0320944722,334421.18479575776,-0.0968976736428662,NORMAL_OR_MIXED,NONE,KXBTC15M-26AUG241430-30,78993.94,12.323415016666669,2.676584983333333,79051.79,57.84999999999127,UP,0.1071428571428571,0.8928571428571429,0.8928571428571429,0.1071428571428571,UP,0.8928571428571429,0.81,0.82,0.18,0.19,0.82,0.0728571428571429,STRONG,SMALL EDGE,,OLD_SCHEMA,UP,True,UP,True,True,False,False,False,False,False
2026-08-24 18:27:56.156293+00:00,79031.935,-22.14999999999418,504,68995.9489201452,29235.3130217384,98231.2619418836,0.4047656022369977,8613.2615593769,BUY,0,0,0,-1.199773447546961,-0.8055292359761339,-1.1723949357119303,517243.69321699743,76751.76111996952,0.7415745842511814,NORMAL_OR_MIXED,NONE,KXBTC15M-26AUG241430-30,78993.94,13.270445733333334,1.7295542666666668,79033.88,39.94000000000233,UP,0.109375,0.890625,0.890625,0.109375,UP,0.890625,0.82,0.83,0.17,0.18,0.83,0.060625,STRONG,SMALL EDGE,,OLD_SCHEMA,UP,True,UP,True,True,False,False,False,False,False
2026-08-24 18:28:25.899720+00:00,79029.32500000001,-2.60999999998603,489,66377.9403030453,38335.0602857527,104713.000588798,0.2678070522247318,8631.114895588,SELL,0,0,0,-1.1339714932625848,-0.8075163968600544,-1.0513818377315518,539235.0619550666,155237.59473799236,0.5529338895005513,NORMAL_OR_MIXED,NONE,KXBTC15M-26AUG241430-30,78993.94,13.270445733333334,1.7295542666666668,79033.88,39.94000000000233,UP,0.109375,0.890625,0.890625,0.109375,UP,0.890625,0.82,0.83,0.17,0.18,0.83,0.060625,STRONG,SMALL EDGE,,OLD_SCHEMA,UP,True,UP,True,True,False,False,False,False,False
2026-08-24 18:28:55.765706+00:00,79033.445,4.119999999995343,499,81080.764326384,41828.4882102462,122909.2525366302,0.3193598147091455,12020.856825824,BUY,0,0,0,-0.989171478743236,-0.6701868973859196,-0.9681672768366412,468223.15469247696,163788.36339409297,0.4816918403956744,NORMAL_OR_MIXED,NONE,KXBTC15M-26AUG241430-30,78993.94,14.230711383333333,0.7692886166666667,79054.08,60.13999999999942,UP,0.0512820512820512,0.9487179487179488,0.9487179487179488,0.0512820512820512,UP,0.9487179487179488,0.994,0.995,0.005,0.006,0.995,-0.0462820512820513,LOCK,NO VALUE,,OLD_SCHEMA,UP,True,UP,True,True,False,False,False,False,False
2026-08-24 18:29:25.791453+00:00,78973.185,-60.26000000000931,510,251316.1550158242,47924.661666389904,299240.8166822141,0.6796916797798701,26875.075307668,BUY,0,0,0,-0.121499871857383,0.4698673154082527,-0.8924626806109615,174388.45704376738,159921.4027579342,0.0432743871042703,BUY_IMBALANCE,BUY_FLOW_ABSORBED_OR_REVERSED,KXBTC15M-26AUG241430-30,78993.94,14.230711383333333,0.7692886166666667,79054.08,60.13999999999942,UP,0.0512820512820512,0.9487179487179488,0.9487179487179488,0.0512820512820512,UP,0.9487179487179488,0.994,0.995,0.005,0.006,0.995,-0.0462820512820513,LOCK,NO VALUE,,OLD_SCHEMA,UP,True,UP,True,True,True,True,False,True,False
2026-08-24 18:29:55.769276+00:00,79006.475,33.29000000000815,600,210530.7168378024,72217.9758695966,282748.692707399,0.4891719910137233,24262.140388842603,SELL,0,0,0,-0.1819374396904481,0.1776511629462117,-0.617587879706159,168447.6511255321,106970.46790672682,0.2232140116083091,NORMAL_OR_MIXED,NONE,KXBTC15M-26AUG241430-30,78993.94,14.230711383333333,0.7692886166666667,79054.08,60.13999999999942,UP,0.0512820512820512,0.9487179487179488,0.9487179487179488,0.0512820512820512,UP,0.9487179487179488,0.994,0.995,0.005,0.006,0.995,-0.0462820512820513,LOCK,NO VALUE,,OLD_SCHEMA,UP,True,UP,True,True,False,False,False,False,False
2026-08-24 18:30:25.749494+00:00,79043.975,37.5,498,183168.1167886366,22603.6029678975,205771.7197565341,0.7803040865417102,7999.9999028024995,BUY,0,0,0,-0.548445514277472,0.0111626180164539,-1.1032387910614707,177496.8931587973,112422.64463710033,0.2244562371215873,BUY_IMBALANCE,NONE,KXBTC15M-26AUG241445-45,79005.41,0.7176152333333333,14.282384766666668,79066.1,60.69000000000233,UP,0.4285714285714285,0.5714285714285714,0.5714285714285714,0.4285714285714285,UP,0.5714285714285714,0.53,0.54,0.46,0.47,0.54,0.0314285714285713,RAW,SMALL EDGE,,OLD_SCHEMA,DOWN,False,UP,True,False,True,False,False,True,False
2026-08-24 18:30:55.780071+00:00,79054.235,10.25999999999476,598,335658.5837533891,16546.281009494,352204.86476288305,0.9060417236392602,12018.8849523666,BUY,0,0,0,0.1926121899021291,1.0682960576574176,-1.1275997196630527,419124.17371301405,198231.2468956138,0.3578051142721483,BUY_IMBALANCE,NONE,KXBTC15M-26AUG241445-45,79005.41,0.7176152333333333,14.282384766666668,79066.1,60.69000000000233,UP,0.4285714285714285,0.5714285714285714,0.5714285714285714,0.4285714285714285,UP,0.5714285714285714,0.53,0.54,0.46,0.47,0.54,0.0314285714285713,RAW,SMALL EDGE,,OLD_SCHEMA,DOWN,False,UP,True,False,True,False,False,True,False
2026-08-24 18:31:25.803044+00:00,79058.875,4.639999999999418,669,264078.1628858421,180590.01010283025,444668.1729886723,0.1877538305066387,26186.21356944,SELL,0,0,0,0.6294482754660597,0.5417262194588961,0.451620712523139,137186.15341245788,156314.4725945413,-0.0651730098239288,NORMAL_OR_MIXED,NONE,KXBTC15M-26AUG241445-45,79005.41,1.6646970833333334,13.335302916666668,79082.11,76.69999999999709,UP,0.3652173913043478,0.6347826086956522,0.6347826086956522,0.3652173913043478,UP,0.6347826086956522,0.61,0.62,0.38,0.39,0.62,0.0147826086956521,RAW,SMALL EDGE,,OLD_SCHEMA,DOWN,False,UP,True,False,False,False,False,False,False
2026-08-24 18:31:55.812312+00:00,79051.66500000001,-7.209999999991851,635,288496.5280967234,154663.5037843384,443160.03188106185,0.3019970545274805,24591.8851365729,SELL,0,0,0,0.6002839002438091,0.6781737015482687,0.2092049965618838,417998.8419660189,137762.2998253168,0.5042391795105367,NORMAL_OR_MIXED,NONE,KXBTC15M-26AUG241445-45,79005.41,1.6646970833333334,13.335302916666668,79082.11,76.69999999999709,UP,0.3652173913043478,0.6347826086956522,0.6347826086956522,0.3652173913043478,UP,0.6347826086956522,0.61,0.62,0.38,0.39,0.62,0.0147826086956521,RAW,SMALL EDGE,,OLD_SCHEMA,DOWN,False,UP,True,False,False,False,False,False,False
2026-08-24 18:32:25.747578+00:00,79064.63500000001,12.970000000001164,708,384481.3131259041,172037.40243258222,556518.7155584863,0.3817372259980994,39937.72770960101,SELL,0,0,0,1.1307497548711467,1.2909432808627568,0.4003173181928578,413144.2330279422,117508.319801439,0.5571176688969174,NORMAL_OR_MIXED,NONE,KXBTC15M-26AUG241445-45,79005.41,2.61639795,12.38360205,79076.79,71.3799999999901,UP,0.3934426229508196,0.6065573770491803,0.6065573770491803,0.3934426229508196,UP,0.6065573770491803,0.59,0.6,0.4,0.41,0.6,0.0065573770491803,RAW,SMALL EDGE,,OLD_SCHEMA,DOWN,False,UP,True,False,False,False,False,False,False
2026-08-24 18:32:55.811954+00:00,79075.805,11.169999999983702,584,359502.8030082248,49369.1314255832,408871.934433808,0.7585105395216333,26797.3240904334,BUY,0,0,0,0.3887679472053318,1.0966860741355748,-0.8001310719108162,96690.4241782552,201433.49707019495,-0.3513407191657361,BUY_IMBALANCE,NONE,KXBTC15M-26AUG241445-45,79005.41,2.61639795,12.38360205,79076.79,71.3799999999901,UP,0.3934426229508196,0.6065573770491803,0.6065573770491803,0.3934426229508196,UP,0.6065573770491803,0.59,0.6,0.4,0.41,0.6,0.0065573770491803,RAW,SMALL EDGE,,OLD_SCHEMA,DOWN,False,UP,True,False,True,False,False,True,False
2026-08-24 18:33:25.824191+00:00,79052.955,-22.84999999999127,521,212411.6079459139,51396.6769711632,263808.2849170771,0.610348272516773,33931.5327923256,BUY,0,0,0,-0.3389966651437474,0.0650946888801983,-0.7652694920555566,262225.3236362356,180621.6723571206,0.1842705313966706,BUY_IMBALANCE,BUY_FLOW_ABSORBED_OR_REVERSED,KXBTC15M-26AUG241445-45,79005.41,3.56669615,11.43330385,79062.22,56.80999999999767,UP,0.4285714285714285,0.5714285714285714,0.5714285714285714,0.4285714285714285,UP,0.5714285714285714,0.66,0.67,0.33,0.34,0.67,-0.0985714285714286,RAW,NO VALUE,,OLD_SCHEMA,DOWN,False,UP,True,False,True,True,False,True,False
2026-08-24 18:33:55.799726+00:00,79040.61,-12.345000000001164,586,198271.0445532333,46355.470281595,244626.51483482835,0.6210102546496712,10731.3196603376,BUY,0,0,0,-0.4340673689617155,-0.0438107316353553,-0.7908349024334334,346800.02578430035,129280.98272457132,0.4568950224269986,BUY_IMBALANCE,BUY_FLOW_ABSORBED_OR_REVERSED,KXBTC15M-26AUG241445-45,79005.41,3.56669615,11.43330385,79062.22,56.80999999999767,UP,0.4285714285714285,0.5714285714285714,0.5714285714285714,0.4285714285714285,UP,0.5714285714285714,0.66,0.67,0.33,0.34,0.67,-0.0985714285714286,RAW,NO VALUE,,OLD_SCHEMA,DOWN,False,UP,True,False,True,True,False,True,False
2026-08-24 18:34:25.766120+00:00,78987.445,-53.1649999999936,582,120338.5449544419,176360.971605784,296699.51656022586,-0.1888187325036316,19888.4484631476,SELL,0,0,0,-0.1985273185407451,-0.586867651478773,0.4434324467525732,195622.62496531403,165963.9668377183,0.0820236668060737,NORMAL_OR_MIXED,NONE,KXBTC15M-26AUG241445-45,79005.41,4.523848533333333,10.476151466666666,78973.16,-32.25,DOWN,0.4285714285714285,0.5714285714285714,0.4285714285714285,0.5714285714285714,DOWN,0.5714285714285714,0.5,0.51,0.49,0.5,0.5,0.0714285714285714,RAW,SMALL EDGE,,OLD_SCHEMA,DOWN,True,DOWN,True,True,False,False,False,False,False
2026-08-24 18:34:55.864519+00:00,78982.525,-4.920000000012806,693,233110.2278773552,159475.8988194192,392586.1266967744,0.1875622291533742,15749.0283323112,BUY,0,0,0,0.4840146571974105,0.3315198091425029,0.3763665512533791,105056.1280673669,181119.3274677104,-0.2657921842323065,NORMAL_OR_MIXED,NONE,KXBTC15M-26AUG241445-45,79005.41,4.523848533333333,10.476151466666666,78973.16,-32.25,DOWN,0.4285714285714285,0.5714285714285714,0.4285714285714285,0.5714285714285714,DOWN,0.5714285714285714,0.5,0.51,0.49,0.5,0.5,0.0714285714285714,RAW,SMALL EDGE,,OLD_SCHEMA,DOWN,True,UP,False,False,False,False,False,False,False
2026-08-24 18:35:25.753142+00:00,78986.51000000001,3.985000000015134,569,388627.7212746331,75425.4005516859,464053.12182631897,0.6749277313129882,12318.646980868798,BUY,0,0,0,0.9137012630628872,1.576890078983071,-0.5093653727520223,253964.30827090255,46825.70698867311,0.6886485281217631,BUY_IMBALANCE,BUY_FLOW_WEAK_FOLLOW_THROUGH,KXBTC15M-26AUG241445-45,79005.41,5.475405783333333,9.524594216666666,78949.37,-56.04000000000815,DOWN,0.3652173913043478,0.6347826086956522,0.3652173913043478,0.6347826086956522,DOWN,0.6347826086956522,0.4,0.41,0.59,0.6,0.6,0.0347826086956521,RAW,SMALL EDGE,,OLD_SCHEMA,DOWN,True,UP,False,False,True,True,False,True,False
2026-08-24 18:35:55.817498+00:00,78953.91500000001,-32.595000000001164,667,228843.73780872975,128232.6984183182,357076.436227048,0.2817633122294236,12631.1888,BUY,0,0,0,0.200828928000586,0.2163026641187601,0.0503746363378535,246821.54494395928,192302.20270392863,0.1241548482222989,NORMAL_OR_MIXED,NONE,KXBTC15M-26AUG241445-45,79005.41,5.475405783333333,9.524594216666666,78949.37,-56.04000000000815,DOWN,0.3652173913043478,0.6347826086956522,0.3652173913043478,0.6347826086956522,DOWN,0.6347826086956522,0.4,0.41,0.59,0.6,0.6,0.0347826086956521,RAW,SMALL EDGE,,OLD_SCHEMA,DOWN,True,UP,False,False,False,False,False,False,False
2026-08-24 18:36:25.766101+00:00,78936.785,-17.130000000004657,685,273177.8780971327,178416.2715653388,451594.1496624715,0.2098379852852837,47061.2281584981,BUY,0,0,0,0.7816376923038112,0.5585675685315146,0.5700363899453628,165244.4689355362,228274.53011886057,-0.1601703128305925,NORMAL_OR_MIXED,NONE,KXBTC15M-26AUG241445-45,79005.41,6.4193548,8.5806452,78944.53,-60.88000000000466,DOWN,0.3652173913043478,0.6347826086956522,0.3652173913043478,0.6347826086956522,DOWN,0.6347826086956522,0.31,0.32,0.68,0.69,0.69,-0.0552173913043477,RAW,NO VALUE,,OLD_SCHEMA,DOWN,True,UP,False,False,False,False,False,False,False
2026-08-24 18:36:55.773188+00:00,78949.51999999999,12.73499999998603,644,219621.5072200552,262466.4486314492,482087.9558515044,-0.088873702176852,33540.496843770896,SELL,0,0,0,0.94667318005454,0.0953197568904797,1.498402962624917,144270.6975919418,156326.68379068316,-0.0401067572288512,NORMAL_OR_MIXED,NONE,KXBTC15M-26AUG241445-45,79005.41,7.368141083333333,7.631858916666667,78931.42,-73.99000000000524,DOWN,0.2738853503184713,0.7261146496815287,0.2738853503184713,0.7261146496815287,DOWN,0.7261146496815287,0.27,0.28,0.72,0.73,0.73,-0.0038853503184712,LEAN,NO VALUE,,OLD_SCHEMA,DOWN,True,DOWN,True,True,False,False,False,False,False
2026-08-24 18:37:25.801949+00:00,78929.51000000001,-20.00999999998021,683,426141.5296587663,131725.3587545133,557866.8884132796,0.5277534426566348,23641.1540599,BUY,0,0,0,1.5159379254136551,1.8057260528461812,0.1169250282986895,134222.6055997694,162511.3482439323,-0.0953336895819593,BUY_IMBALANCE,BUY_FLOW_ABSORBED_OR_REVERSED,KXBTC15M-26AUG241445-45,79005.41,7.368141083333333,7.631858916666667,78931.42,-73.99000000000524,DOWN,0.2738853503184713,0.7261146496815287,0.2738853503184713,0.7261146496815287,DOWN,0.7261146496815287,0.27,0.28,0.72,0.73,0.73,-0.0038853503184712,LEAN,NO VALUE,,OLD_SCHEMA,DOWN,True,UP,False,False,True,True,False,True,False
2026-08-24 18:37:55.784581+00:00,78820.845,-108.66500000000816,740,306986.834990703,292426.8300431816,599413.6650338846,0.0242904121091371,17227.3356261148,SELL,0,0,0,1.7060446077072773,0.7458855538211095,1.981895833299403,138141.1308005333,219379.93035794524,-0.2272280108315106,NORMAL_OR_MIXED,NONE,KXBTC15M-26AUG241445-45,79005.41,8.322296283333333,6.677703716666667,78788.66,-216.75,DOWN,0.1071428571428571,0.8928571428571429,0.1071428571428571,0.8928571428571429,DOWN,0.8928571428571429,0.061,0.062,0.938,0.939,0.939,-0.046142857142857,STRONG,NO VALUE,,OLD_SCHEMA,DOWN,True,UP,False,False,False,False,False,False,False
2026-08-24 18:38:25.804896+00:00,78806.625,-14.220000000001164,646,313456.1602380353,149975.6643750365,463431.8246130718,0.3527606158672677,25219.6256,BUY,0,0,0,0.7647205872442855,0.759872423170589,0.3122061458594163,169321.78773823398,184926.42433846,-0.0440500080684884,NORMAL_OR_MIXED,NONE,KXBTC15M-26AUG241445-45,79005.41,8.322296283333333,6.677703716666667,78788.66,-216.75,DOWN,0.1071428571428571,0.8928571428571429,0.1071428571428571,0.8928571428571429,DOWN,0.8928571428571429,0.061,0.062,0.938,0.939,0.939,-0.046142857142857,STRONG,NO VALUE,,OLD_SCHEMA,DOWN,True,UP,False,False,False,False,False,False,False
2026-08-24 18:38:55.807983+00:00,78797.045,-9.580000000001746,598,188767.5410385597,71349.9110009166,260117.4520394763,0.451402353502307,11206.290767553,BUY,0,0,0,-0.5503440396651733,-0.2912377542341007,-0.5651855937836893,270659.97487614385,215938.3894602243,0.1124573969551867,NORMAL_OR_MIXED,NONE,KXBTC15M-26AUG241445-45,79005.41,9.272862483333334,5.727137516666667,78731.3,-274.1100000000006,DOWN,0.0698924731182795,0.9301075268817204,0.0698924731182795,0.9301075268817204,DOWN,0.9301075268817204,0.098,0.099,0.901,0.902,0.902,0.0281075268817204,90%+ LOCK CANDIDATE,SMALL EDGE,,OLD_SCHEMA,DOWN,True,UP,False,False,False,False,False,False,False
2026-08-24 18:39:25.789249+00:00,78722.435,-74.61000000000058,612,148454.5501070762,137363.5988250269,285818.14893210307,0.0388042233269239,13111.8677697126,SELL,0,0,0,-0.3934541517912173,-0.648920383282449,0.176147933676583,57842.899491806005,219543.29749271332,-0.5829432025052481,NORMAL_OR_MIXED,NONE,KXBTC15M-26AUG241445-45,79005.41,9.272862483333334,5.727137516666667,78731.3,-274.1100000000006,DOWN,0.0698924731182795,0.9301075268817204,0.0698924731182795,0.9301075268817204,DOWN,0.9301075268817204,0.098,0.099,0.901,0.902,0.902,0.0281075268817204,90%+ LOCK CANDIDATE,SMALL EDGE,,OLD_SCHEMA,DOWN,True,UP,False,False,False,False,False,False,False
2026-08-24 18:39:56.064371+00:00,78818.515,96.08000000000176,644,172827.20453454,195918.1176185044,368745.3221530444,-0.0626202196929313,19741.699908652503,SELL,0,0,0,0.1622438460649698,-0.4515198765195118,0.9600250832819172,79993.94417657869,149608.20867447744,-0.3031951731874997,NORMAL_OR_MIXED,NONE,KXBTC15M-26AUG241445-45,79005.41,10.220540983333333,4.779459016666666,78854.04,-151.3700000000099,DOWN,0.109375,0.890625,0.109375,0.890625,DOWN,0.890625,0.04,0.041,0.959,0.96,0.96,-0.0693749999999999,STRONG,NO VALUE,,OLD_SCHEMA,DOWN,True,DOWN,True,True,False,False,False,False,False
2026-08-24 18:40:25.799415+00:00,78889.125,70.61000000000058,498,43877.5542045379,31079.6455358409,74957.1997403788,0.1707362163077561,9984.501661788,BUY,0,0,0,-1.73242139598271,-1.5719299154211506,-1.0307728870968915,171265.6422039195,265695.7918763055,-0.2161063707399149,NORMAL_OR_MIXED,NONE,KXBTC15M-26AUG241445-45,79005.41,10.220540983333333,4.779459016666666,78854.04,-151.3700000000099,DOWN,0.109375,0.890625,0.109375,0.890625,DOWN,0.890625,0.04,0.041,0.959,0.96,0.96,-0.0693749999999999,STRONG,NO VALUE,,OLD_SCHEMA,DOWN,True,UP,False,False,False,False,False,False,False
2026-08-24 18:40:55.908002+00:00,78892.225,3.1000000000058208,525,63280.161042143096,60513.3189438386,123793.4799859817,0.0223504670732078,10014.166787458598,BUY,0,0,0,-1.3461690711367778,-1.3885475752249592,-0.6379019747346105,166964.81901389017,137392.52617017366,0.097163066085467,NORMAL_OR_MIXED,NONE,KXBTC15M-26AUG241445-45,79005.41,11.176819733333334,3.8231802666666663,78916.34,-89.07000000000698,DOWN,0.109375,0.890625,0.109375,0.890625,DOWN,0.890625,0.067,0.068,0.932,0.933,0.933,-0.042375,STRONG,NO VALUE,,OLD_SCHEMA,DOWN,True,UP,False,False,False,False,False,False,False
2026-08-24 19:04:43.800573+00:00,78918.45,0.0,1000,377489.5971745131,235156.1863094607,612645.7834839738,0.232325782209151,17018.6905920668,SELL,0,0,0,0.0,0.0,0.0,548232.7214788812,179372.83004421962,0.5069503533370864,NORMAL_OR_MIXED,NONE,KXBTC15M-26AUG241515-15,78921.73,4.765173216666667,10.234826783333334,78915.62,-6.110000000000582,DOWN,0.4285714285714285,0.5714285714285714,0.4285714285714285,0.5714285714285714,DOWN,0.5714285714285714,0.46,0.47,0.53,0.54,0.54,0.0314285714285713,RAW,SMALL EDGE,,OLD_SCHEMA,UP,False,UP,False,True,False,False,False,False,False
2026-08-24 19:05:14.072135+00:00,78888.67499999999,-29.77500000000873,492,54660.6845183389,47166.9289067922,101827.6134251311,0.0735925684544938,9316.049232,SELL,0,0,0,0.0,0.0,0.0,285058.3029467863,103488.0345935216,0.4673066010677003,NORMAL_OR_MIXED,NONE,KXBTC15M-26AUG241515-15,78921.73,4.765173216666667,10.234826783333334,78915.62,-6.110000000000582,DOWN,0.4285714285714285,0.5714285714285714,0.4285714285714285,0.5714285714285714,DOWN,0.5714285714285714,0.46,0.47,0.53,0.54,0.54,0.0314285714285713,RAW,SMALL EDGE,,OLD_SCHEMA,UP,False,UP,False,True,False,False,False,False,False
2026-08-24 19:05:43.877720+00:00,78906.295,17.620000000009895,751,466365.989454504,309682.2862063806,776048.2756608846,0.2018994283760133,42604.2650642427,SELL,0,0,0,0.0,0.0,0.0,656820.9650829828,438933.5279515687,0.1988469483962624,NORMAL_OR_MIXED,NONE,KXBTC15M-26AUG241515-15,78921.73,5.723828433333334,9.276171566666669,78841.86,-79.86999999999534,DOWN,0.2738853503184713,0.7261146496815287,0.2738853503184713,0.7261146496815287,DOWN,0.7261146496815287,0.38,0.39,0.61,0.62,0.62,0.1061146496815287,LEAN,POSITIVE EDGE,,OLD_SCHEMA,UP,False,UP,False,True,False,False,False,False,False
2026-08-24 19:06:13.681842+00:00,78816.07500000001,-90.2199999999866,772,224012.7156157174,899875.75182302,1123888.4674387374,-0.6013613056707904,134892.7319297741,SELL,0,0,0,0.0,0.0,0.0,370791.3088270278,106075.67048684105,0.5551142138654009,SELL_IMBALANCE,NONE,KXBTC15M-26AUG241515-15,78921.73,6.670814783333333,8.329185216666666,78820.84,-100.88999999999942,DOWN,0.3652173913043478,0.6347826086956522,0.3652173913043478,0.6347826086956522,DOWN,0.6347826086956522,0.29,0.3,0.7,0.71,0.71,-0.0752173913043477,RAW,NO VALUE,,OLD_SCHEMA,UP,False,DOWN,True,False,True,False,False,True,False
2026-08-24 19:06:43.673660+00:00,78825.13500000001,9.059999999997672,965,540736.0010032711,1145751.6905253455,1686487.6915286165,-0.3587430211089735,102440.3641892647,SELL,0,0,0,0.0,0.0,0.0,322329.97952221613,192390.4595839976,0.2524467848291628,NORMAL_OR_MIXED,NONE,KXBTC15M-26AUG241515-15,78921.73,6.670814783333333,8.329185216666666,78820.84,-100.88999999999942,DOWN,0.3652173913043478,0.6347826086956522,0.3652173913043478,0.6347826086956522,DOWN,0.6347826086956522,0.29,0.3,0.7,0.71,0.71,-0.0752173913043477,RAW,NO VALUE,,OLD_SCHEMA,UP,False,DOWN,True,False,False,False,False,False,False
2026-08-24 19:07:13.656845+00:00,78790.935,-34.20000000001164,540,76057.2120371561,95173.4759248672,171230.6879620233,-0.1116404081256207,8000.000314520499,BUY,0,0,0,0.0,0.0,0.0,161277.56386165,280772.00085815345,-0.270319092096032,NORMAL_OR_MIXED,NONE,KXBTC15M-26AUG241515-15,78921.73,7.621868,7.378132,78783.68,-138.0500000000029,DOWN,0.1981132075471698,0.8018867924528301,0.1981132075471698,0.8018867924528301,DOWN,0.8018867924528301,0.2,0.21,0.79,0.8,0.8,0.00188679245283,STRONG,SMALL EDGE,,OLD_SCHEMA,UP,False,DOWN,True,False,False,False,False,False,False
2026-08-24 19:07:43.682149+00:00,78793.82500000001,2.89000000001397,514,80172.2816511875,91712.0355315223,171884.3171827098,-0.0671367467927179,12848.005288855,SELL,0,0,0,0.0,0.0,0.0,223155.06169389968,251763.22487481707,-0.0602380746119743,NORMAL_OR_MIXED,NONE,KXBTC15M-26AUG241515-15,78921.73,7.621868,7.378132,78783.68,-138.0500000000029,DOWN,0.1981132075471698,0.8018867924528301,0.1981132075471698,0.8018867924528301,DOWN,0.8018867924528301,0.2,0.21,0.79,0.8,0.8,0.00188679245283,STRONG,SMALL EDGE,,OLD_SCHEMA,UP,False,DOWN,True,False,False,False,False,False,False
2026-08-24 19:08:13.659196+00:00,78829.88500000001,36.05999999999767,593,143064.8896286871,123127.7973617549,266192.686990442,0.0748972201014975,19709.9328141018,BUY,0,0,0,0.0,0.0,0.0,197721.97733692324,252838.81711678623,-0.1223294180459939,NORMAL_OR_MIXED,NONE,KXBTC15M-26AUG241515-15,78921.73,8.577973250000001,6.42202675,78809.58,-112.14999999999418,DOWN,0.1981132075471698,0.8018867924528301,0.1981132075471698,0.8018867924528301,DOWN,0.8018867924528301,0.17,0.18,0.82,0.83,0.83,-0.0281132075471698,STRONG,NO VALUE,,OLD_SCHEMA,UP,False,UP,False,True,False,False,False,False,False
2026-08-24 19:08:44.227360+00:00,78835.11499999999,5.2299999999813735,530,80825.046161929,71242.3345316296,152067.3806935586,0.0630162207476314,11369.341673551198,BUY,0,0,0,-0.8781949867972719,-0.9181468049629058,-0.7603064254705824,214188.7305326684,166828.86920734693,0.1242983561852186,NORMAL_OR_MIXED,NONE,KXBTC15M-26AUG241515-15,78921.73,8.577973250000001,6.42202675,78809.58,-112.14999999999418,DOWN,0.1981132075471698,0.8018867924528301,0.1981132075471698,0.8018867924528301,DOWN,0.8018867924528301,0.17,0.18,0.82,0.83,0.83,-0.0281132075471698,STRONG,NO VALUE,,OLD_SCHEMA,UP,False,UP,False,True,False,False,False,False,False
2026-08-24 19:09:13.667222+00:00,79010.32500000001,175.21000000002095,719,676266.39321312,97701.4194804834,773967.8126936035,0.7475310526403991,52716.2433137934,BUY,0,0,0,0.4094890858185424,2.543058273453876,-0.6252648005160861,327102.2838140191,209147.80301066863,0.2199617001496401,BUY_IMBALANCE,NONE,KXBTC15M-26AUG241515-15,78921.73,9.521269416666666,5.478730583333333,78991.58,69.85000000000582,UP,0.2738853503184713,0.7261146496815287,0.7261146496815287,0.2738853503184713,UP,0.7261146496815287,0.43,0.44,0.56,0.57,0.44,0.2861146496815287,LEAN,IDEAL <=50c / LARGE EDGE,,OLD_SCHEMA,UP,True,UP,True,True,True,False,False,True,False
2026-08-24 19:09:43.738173+00:00,78952.785,-57.54000000000815,779,488373.1216230387,202526.3546590043,690899.476282043,0.4137313412108368,19991.466550295503,SELL,0,0,0,0.217127175737355,1.0063212622152629,-0.2968140583430252,212281.20561580936,324164.0254657674,-0.2085633599992692,NORMAL_OR_MIXED,NONE,KXBTC15M-26AUG241515-15,78921.73,9.521269416666666,5.478730583333333,78991.58,69.85000000000582,UP,0.2738853503184713,0.7261146496815287,0.7261146496815287,0.2738853503184713,UP,0.7261146496815287,0.43,0.44,0.56,0.57,0.44,0.2861146496815287,LEAN,IDEAL <=50c / LARGE EDGE,,OLD_SCHEMA,UP,True,UP,True,True,False,False,False,False,False
2026-08-24 19:10:14.025391+00:00,78879.955,-72.83000000000175,549,92623.3030236675,158854.6775511381,251477.9805748056,-0.2633684840958438,42517.941328025496,SELL,0,0,0,-0.7242337590955367,-0.92880013247964,-0.4059523197073415,382062.401468388,225081.5142998013,0.258556304513019,NORMAL_OR_MIXED,NONE,KXBTC15M-26AUG241515-15,78921.73,10.474095983333331,4.525904016666667,78905.66,-16.069999999992433,DOWN,0.4285714285714285,0.5714285714285714,0.4285714285714285,0.5714285714285714,DOWN,0.5714285714285714,0.39,0.4,0.6,0.61,0.61,-0.0385714285714285,RAW,NO VALUE,,OLD_SCHEMA,UP,False,DOWN,True,False,False,False,False,False,False
2026-08-24 19:10:43.980082+00:00,78937.405,57.44999999999709,572,195509.3685516085,116983.3423765571,312492.7109281656,0.2512891450869796,19979.6876700135,SELL,0,0,0,-0.5465903616372362,-0.3745120649121637,-0.5094360909239116,90302.00603903893,187418.73860909717,-0.3496920357645671,NORMAL_OR_MIXED,NONE,KXBTC15M-26AUG241515-15,78921.73,10.474095983333331,4.525904016666667,78905.66,-16.069999999992433,DOWN,0.4285714285714285,0.5714285714285714,0.4285714285714285,0.5714285714285714,DOWN,0.5714285714285714,0.39,0.4,0.6,0.61,0.61,-0.0385714285714285,RAW,NO VALUE,,OLD_SCHEMA,UP,False,UP,False,True,False,False,False,False,False
2026-08-24 19:11:14.028757+00:00,78982.795,45.38999999999942,452,59685.6282774199,39294.3012654103,98979.9295428302,0.2060147658842891,5661.9092542539,BUY,0,0,0,-0.9950505822272826,-1.0199302381946274,-0.7206166130395452,209718.4083353888,175636.7659818359,0.0884421557695158,NORMAL_OR_MIXED,NONE,KXBTC15M-26AUG241515-15,78921.73,11.424460783333334,3.575539216666667,78975.39,53.66000000000349,UP,0.2738853503184713,0.7261146496815287,0.7261146496815287,0.2738853503184713,UP,0.7261146496815287,0.65,0.66,0.34,0.35,0.66,0.0661146496815286,LEAN,SMALL EDGE,,OLD_SCHEMA,UP,True,UP,True,True,False,False,False,False,False
2026-08-24 19:11:44.264632+00:00,79010.66500000001,27.87000000000989,651,170932.775908169,61330.242642667,232263.018550836,0.4718897306568544,32816.794547353595,BUY,0,0,0,-0.6287525220821932,-0.4053270106863347,-0.6136654260064964,423214.591137537,212869.6606895421,0.3306872161098206,NORMAL_OR_MIXED,NONE,KXBTC15M-26AUG241515-15,78921.73,11.424460783333334,3.575539216666667,78975.39,53.66000000000349,UP,0.2738853503184713,0.7261146496815287,0.7261146496815287,0.2738853503184713,UP,0.7261146496815287,0.65,0.66,0.34,0.35,0.66,0.0661146496815286,LEAN,SMALL EDGE,,OLD_SCHEMA,UP,True,UP,True,True,False,False,False,False,False
2026-08-24 19:12:13.909979+00:00,79063.595,52.929999999993015,753,432029.1576562355,121253.285880776,553282.4435370115,0.561694800559256,122527.5,BUY,0,0,0,0.1334965541902902,0.9222961576031072,-0.3959297752246092,861438.7053913202,394452.4261290648,0.3718365927920206,BUY_IMBALANCE,NONE,KXBTC15M-26AUG241515-15,78921.73,12.375671316666669,2.624328683333333,79050.76,129.02999999999884,UP,0.0698924731182795,0.9301075268817204,0.9301075268817204,0.0698924731182795,UP,0.9301075268817204,0.944,0.945,0.055,0.056,0.945,-0.0148924731182794,LOCK,NO VALUE,,OLD_SCHEMA,UP,True,UP,True,True,True,False,False,True,False
2026-08-24 19:12:44.109988+00:00,79066.91500000001,3.320000000006985,836,421817.3818826004,390637.0906838111,812454.4725664115,0.038377893471736,37544.0522649031,SELL,0,0,0,0.7401001692549338,0.8185457618549732,0.4946294780927205,473326.8350187444,350170.4641638749,0.1495528533938254,NORMAL_OR_MIXED,NONE,KXBTC15M-26AUG241515-15,78921.73,12.375671316666669,2.624328683333333,79050.76,129.02999999999884,UP,0.0698924731182795,0.9301075268817204,0.9301075268817204,0.0698924731182795,UP,0.9301075268817204,0.944,0.945,0.055,0.056,0.945,-0.0148924731182794,LOCK,NO VALUE,,OLD_SCHEMA,UP,True,UP,True,True,False,False,False,False,False
2026-08-24 19:13:13.671571+00:00,79096.91500000001,30.0,609,331475.0812500588,250748.93981805712,582224.021068116,0.1386513412550481,54925.5353984694,SELL,0,0,0,0.1561112397027883,0.3170784707070092,0.0108202869098874,833538.8843164345,190228.7215143804,0.6283751889961302,NORMAL_OR_MIXED,NONE,KXBTC15M-26AUG241515-15,78921.73,13.323840583333332,1.676159416666667,79096.92,175.19000000000233,UP,0.0119047619047619,0.988095238095238,0.988095238095238,0.0119047619047619,UP,0.988095238095238,0.995,0.996,0.004,0.005,0.996,-0.0079047619047618,LOCK,NO VALUE,,OLD_SCHEMA,UP,True,UP,True,True,False,False,False,False,False
2026-08-24 19:13:44.160074+00:00,79039.805,-57.110000000015134,687,373776.8362028242,295169.1247103531,668945.9609131773,0.1175098080944592,42703.1946,BUY,0,0,0,0.3648742736622621,0.529183341369903,0.1626562130459348,98673.4325378536,319506.27003250644,-0.5280811960439352,NORMAL_OR_MIXED,NONE,KXBTC15M-26AUG241515-15,78921.73,13.323840583333332,1.676159416666667,79096.92,175.19000000000233,UP,0.0119047619047619,0.988095238095238,0.988095238095238,0.0119047619047619,UP,0.988095238095238,0.995,0.996,0.004,0.005,0.996,-0.0079047619047618,LOCK,NO VALUE,,OLD_SCHEMA,UP,True,UP,True,True,False,False,False,False,False
2026-08-24 19:14:13.722703+00:00,79035.625,-4.179999999993015,682,363489.2552483931,246307.9683306591,609797.2235790521,0.1921643496996719,15999.8292877264,SELL,0,0,0,0.2049829593722247,0.4562764565358463,-0.0136097263828815,238566.2921982117,183893.59224404336,0.1294151278442661,NORMAL_OR_MIXED,NONE,KXBTC15M-26AUG241515-15,78921.73,14.276272933333331,0.7237270666666666,79035.63,113.90000000000872,UP,0.0698924731182795,0.9301075268817204,0.9301075268817204,0.0698924731182795,UP,0.9301075268817204,0.996,0.997,0.003,0.004,0.997,-0.0668924731182795,LOCK,NO VALUE,,OLD_SCHEMA,UP,True,UP,True,True,False,False,False,False,False
2026-08-24 19:14:43.690703+00:00,79021.91500000001,-13.709999999991853,526,174058.4436126222,102175.8228333934,276234.2664460156,0.2602234027807582,12878.5883969252,SELL,0,0,0,-0.661159258147225,-0.5919854674578331,-0.5332620255497562,780076.4562591092,261579.21206035404,0.4977626100141743,NORMAL_OR_MIXED,NONE,KXBTC15M-26AUG241515-15,78921.73,14.276272933333331,0.7237270666666666,79035.63,113.90000000000872,UP,0.0698924731182795,0.9301075268817204,0.9301075268817204,0.0698924731182795,UP,0.9301075268817204,0.996,0.997,0.003,0.004,0.997,-0.0668924731182795,LOCK,NO VALUE,,OLD_SCHEMA,UP,True,UP,True,True,False,False,False,False,False
2026-08-24 19:15:13.787582+00:00,79019.695,-2.220000000001164,544,92571.0264446152,128419.711764134,220990.7382087492,-0.1622180441139389,19018.6049570609,SELL,0,0,0,-0.7831894976872156,-1.02516159392233,-0.4205522597703962,197422.26806974225,151598.34197924362,0.1312928943768309,NORMAL_OR_MIXED,NONE,KXBTC15M-26AUG241530-30,79029.99,0.7634178333333334,14.236582166666668,79020.03,-9.960000000006405,DOWN,0.4336734693877551,0.5663265306122449,0.4336734693877551,0.5663265306122449,DOWN,0.5663265306122449,0.49,0.5,0.5,0.51,0.51,0.0563265306122449,RAW,SMALL EDGE,,OLD_SCHEMA,DOWN,True,DOWN,True,True,False,False,False,False,False
2026-08-24 19:15:43.649412+00:00,79020.025,0.3299999999871943,459,147514.9290972816,16454.454325027,163969.3834223086,0.7992984546066382,28437.040763586,BUY,0,0,0,-0.9053888306988692,-0.6736104825429517,-0.8283823643694628,356057.50684334594,177549.2814474827,0.3345313989869482,BUY_IMBALANCE,BUY_FLOW_WEAK_FOLLOW_THROUGH,KXBTC15M-26AUG241530-30,79029.99,0.7634178333333334,14.236582166666668,79020.03,-9.960000000006405,DOWN,0.4336734693877551,0.5663265306122449,0.4336734693877551,0.5663265306122449,DOWN,0.5663265306122449,0.49,0.5,0.5,0.51,0.51,0.0563265306122449,RAW,SMALL EDGE,,OLD_SCHEMA,DOWN,True,UP,False,False,True,True,False,True,False
2026-08-24 19:16:13.920542+00:00,78954.125,-65.89999999999418,512,75308.1605264208,21555.0977929655,96863.25831938632,0.5549375858926389,4858.7341185518,BUY,0,0,0,-1.0482559284197066,-1.058095944954246,-0.7791133726129309,37287.95903141119,477382.4707814361,-0.8550996642843054,BUY_IMBALANCE,BUY_FLOW_ABSORBED_OR_REVERSED,KXBTC15M-26AUG241530-30,79029.99,0.7634178333333334,14.236582166666668,79020.03,-9.960000000006405,DOWN,0.4336734693877551,0.5663265306122449,0.4336734693877551,0.5663265306122449,DOWN,0.5663265306122449,0.49,0.5,0.5,0.51,0.51,0.0563265306122449,RAW,SMALL EDGE,,OLD_SCHEMA,DOWN,True,UP,False,False,True,True,False,True,False
2026-08-24 19:16:43.964105+00:00,78879.655,-74.47000000000116,627,173671.3918355236,205731.9272173908,379403.3190529144,-0.0845025169044338,12554.6066562072,SELL,0,0,0,-0.2542744988274,-0.460652659837018,-0.0524361747272855,297040.92163781106,182558.31081506427,0.2387047415343719,NORMAL_OR_MIXED,NONE,KXBTC15M-26AUG241530-30,79029.99,1.7134161166666668,13.286583883333332,78863.69,-166.3000000000029,DOWN,0.2738853503184713,0.7261146496815287,0.2738853503184713,0.7261146496815287,DOWN,0.7261146496815287,0.26,0.27,0.73,0.74,0.74,-0.0138853503184712,LEAN,NO VALUE,,OLD_SCHEMA,DOWN,True,DOWN,True,True,False,False,False,False,False
2026-08-24 19:17:13.680934+00:00,78893.245,13.589999999996508,681,224874.656021179,65089.2424998602,289963.8985210392,0.5510527839372565,11980.986423,BUY,0,0,0,-0.4905550903184503,-0.1575042279947286,-0.5975352714653908,239931.0844186405,231180.1564598263,0.0185750778149479,BUY_IMBALANCE,NONE,KXBTC15M-26AUG241530-30,79029.99,2.6625982833333333,12.337401716666667,78939.23,-90.76000000000931,DOWN,0.3934426229508196,0.6065573770491803,0.3934426229508196,0.6065573770491803,DOWN,0.6065573770491803,0.27,0.28,0.72,0.73,0.73,-0.1234426229508196,RAW,NO VALUE,,OLD_SCHEMA,DOWN,True,UP,False,False,True,False,False,True,False
2026-08-24 19:17:43.694096+00:00,78916.275,23.02999999999884,783,697150.5539738502,41788.7386838676,738939.2926577178,0.886895340120384,27378.589571904096,BUY,0,0,0,0.7530304527279227,2.590349410206331,-0.6735975476284435,121371.33571682258,188530.5928717625,-0.2167113236784602,BUY_IMBALANCE,NONE,KXBTC15M-26AUG241530-30,79029.99,2.6625982833333333,12.337401716666667,78939.23,-90.76000000000931,DOWN,0.3934426229508196,0.6065573770491803,0.3934426229508196,0.6065573770491803,DOWN,0.6065573770491803,0.27,0.28,0.72,0.73,0.73,-0.1234426229508196,RAW,NO VALUE,,OLD_SCHEMA,DOWN,True,UP,False,False,True,False,False,True,False
2026-08-24 19:18:13.659348+00:00,78915.41500000001,-0.8599999999860302,574,105218.3960570382,101676.5912296905,206894.9872867287,0.0171188527754867,11986.7825829843,SELL,0,0,0,-0.7408778374885004,-0.8624998523214976,-0.4174676518168345,147134.34662237318,170065.64489699298,-0.0722928716510377,NORMAL_OR_MIXED,NONE,KXBTC15M-26AUG241530-30,79029.99,3.6145952,11.3854048,78883.31,-146.68000000000757,DOWN,0.1981132075471698,0.8018867924528301,0.1981132075471698,0.8018867924528301,DOWN,0.8018867924528301,0.27,0.28,0.72,0.73,0.73,0.0718867924528301,STRONG,SMALL EDGE,,OLD_SCHEMA,DOWN,True,UP,False,False,False,False,False,False,False
2026-08-24 19:18:43.681675+00:00,78855.36499999999,-60.05000000001746,598,90136.5548246827,229692.3463279481,319828.9011526308,-0.4363451551761598,9999.9995739352,SELL,0,0,0,-0.4053459101430075,-0.916271273810302,0.10791754243994,346685.2371558922,169676.4962574419,0.3427998812544837,NORMAL_OR_MIXED,NONE,KXBTC15M-26AUG241530-30,79029.99,3.6145952,11.3854048,78883.31,-146.68000000000757,DOWN,0.1981132075471698,0.8018867924528301,0.1981132075471698,0.8018867924528301,DOWN,0.8018867924528301,0.27,0.28,0.72,0.73,0.73,0.0718867924528301,STRONG,SMALL EDGE,,OLD_SCHEMA,DOWN,True,DOWN,True,True,False,False,False,False,False
2026-08-24 19:19:13.664216+00:00,78802.0,-53.36499999999069,681,212262.4814194273,507199.2294149407,719461.710834368,-0.4099408537717342,58072.22808777599,SELL,0,0,0,0.7345827008953904,-0.2348470796162079,1.2454592556721331,322572.0307098051,195857.8406625685,0.2444191529932528,NORMAL_OR_MIXED,NONE,KXBTC15M-26AUG241530-30,79029.99,4.56878035,10.43121965,78729.4,-300.59000000001106,DOWN,0.0698924731182795,0.9301075268817204,0.0698924731182795,0.9301075268817204,DOWN,0.9301075268817204,0.1,0.11,0.89,0.9,0.9,0.0301075268817204,EARLY 90%+ / NOT YET VALIDATED LOCK,SMALL EDGE,,OLD_SCHEMA,DOWN,True,DOWN,True,True,False,False,False,False,False
2026-08-24 19:19:43.688304+00:00,78744.775,-57.22500000000582,805,662336.6675938762,509119.12044053,1171455.7880344065,0.1307924282916652,47718.030383544,BUY,0,0,0,2.0061976286729206,2.2137204533107533,1.2018635203406904,155269.48632449243,338313.00538028165,-0.370846863760461,NORMAL_OR_MIXED,NONE,KXBTC15M-26AUG241530-30,79029.99,4.56878035,10.43121965,78729.4,-300.59000000001106,DOWN,0.0698924731182795,0.9301075268817204,0.0698924731182795,0.9301075268817204,DOWN,0.9301075268817204,0.1,0.11,0.89,0.9,0.9,0.0301075268817204,EARLY 90%+ / NOT YET VALIDATED LOCK,SMALL EDGE,,OLD_SCHEMA,DOWN,True,UP,False,False,False,False,False,False,True
2026-08-24 19:20:13.678011+00:00,78709.63500000001,-35.139999999984866,579,175976.0140829003,55845.864574143605,231821.8786570439,0.5182002242613029,26831.154977960603,BUY,0,0,0,-0.708671192303095,-0.4715229165437219,-0.6783991949830479,164030.49050279512,167408.6306091913,-0.0101923396823599,BUY_IMBALANCE,BUY_FLOW_ABSORBED_OR_REVERSED,KXBTC15M-26AUG241530-30,79029.99,5.518742883333333,9.481257116666663,78733.93,-296.0600000000122,DOWN,0.0698924731182795,0.9301075268817204,0.0698924731182795,0.9301075268817204,DOWN,0.9301075268817204,0.08,0.081,0.919,0.92,0.92,0.0101075268817204,EARLY 90%+ / NOT YET VALIDATED LOCK,SMALL EDGE,,OLD_SCHEMA,DOWN,True,UP,False,False,True,True,False,True,False
2026-08-24 19:20:43.738476+00:00,78762.13500000001,52.5,619,134376.7829536676,120255.8373568571,254632.6203105247,0.0554561531809632,16430.581580225,BUY,0,0,0,-0.6293167739498339,-0.6785737247335433,-0.4000533193924802,391139.0836490266,347627.710673712,0.0588973046835483,NORMAL_OR_MIXED,NONE,KXBTC15M-26AUG241530-30,79029.99,5.518742883333333,9.481257116666663,78733.93,-296.0600000000122,DOWN,0.0698924731182795,0.9301075268817204,0.0698924731182795,0.9301075268817204,DOWN,0.9301075268817204,0.08,0.081,0.919,0.92,0.92,0.0101075268817204,EARLY 90%+ / NOT YET VALIDATED LOCK,SMALL EDGE,,OLD_SCHEMA,DOWN,True,UP,False,False,False,False,False,False,False
2026-08-24 19:21:13.690519+00:00,78749.445,-12.690000000002328,525,105669.1931332926,26294.6816773886,131963.8748106812,0.6014866687551933,7798.578805012501,BUY,0,0,0,-0.956848980484322,-0.8139831080221441,-0.7815337271853862,179637.95942042535,262703.68974949425,-0.187786364871919,BUY_IMBALANCE,BUY_FLOW_ABSORBED_OR_REVERSED,KXBTC15M-26AUG241530-30,79029.99,6.4697155833333335,8.530284416666667,78749.45,-280.5400000000081,DOWN,0.0512820512820512,0.9487179487179488,0.0512820512820512,0.9487179487179488,DOWN,0.9487179487179488,0.083,0.084,0.916,0.917,0.917,0.0317179487179486,EARLY 90%+ / NOT YET VALIDATED LOCK,SMALL EDGE,,OLD_SCHEMA,DOWN,True,UP,False,False,True,True,False,True,False
2026-08-24 19:21:43.825936+00:00,78796.985,47.5399999999936,508,93521.3985626989,25774.1535540124,119295.5521167113,0.5678941402811635,9414.2007757552,SELL,0,0,0,-0.965486913093734,-0.8581945587853129,-0.7652961182565519,162631.6791365078,97667.1528370983,0.2495767107629465,BUY_IMBALANCE,NONE,KXBTC15M-26AUG241530-30,79029.99,6.4697155833333335,8.530284416666667,78749.45,-280.5400000000081,DOWN,0.0512820512820512,0.9487179487179488,0.0512820512820512,0.9487179487179488,DOWN,0.9487179487179488,0.083,0.084,0.916,0.917,0.917,0.0317179487179486,EARLY 90%+ / NOT YET VALIDATED LOCK,SMALL EDGE,,OLD_SCHEMA,DOWN,True,UP,False,False,True,False,False,True,False
2026-08-24 19:22:13.648222+00:00,78748.255,-48.729999999995925,550,81255.9286664535,46792.6980413993,128048.6267078528,0.2691417433447624,7999.999056784601,SELL,0,0,0,-0.9147772357530738,-0.9019406323983888,-0.6600685059922521,154099.20106507442,208501.2377536245,-0.1500330139306622,NORMAL_OR_MIXED,NONE,KXBTC15M-26AUG241530-30,79029.99,7.416342083333333,7.583657916666667,78750.38,-279.6100000000006,DOWN,0.0119047619047619,0.988095238095238,0.0119047619047619,0.988095238095238,DOWN,0.988095238095238,0.053,0.054,0.946,0.947,0.947,0.0410952380952381,EARLY 90%+ / NOT YET VALIDATED LOCK,SMALL EDGE,,OLD_SCHEMA,DOWN,True,UP,False,False,False,False,False,False,False
2026-08-24 19:22:43.747800+00:00,78744.685,-3.570000000006985,512,53850.6056531071,120553.4755574962,174404.0812106033,-0.3824616341623418,12001.690483002,SELL,0,0,0,-0.7621616095944591,-1.02477868009994,-0.3356719386405415,193217.05730791984,235961.83325203328,-0.0995966411310304,NORMAL_OR_MIXED,NONE,KXBTC15M-26AUG241530-30,79029.99,7.416342083333333,7.583657916666667,78750.38,-279.6100000000006,DOWN,0.0119047619047619,0.988095238095238,0.0119047619047619,0.988095238095238,DOWN,0.988095238095238,0.053,0.054,0.946,0.947,0.947,0.0410952380952381,EARLY 90%+ / NOT YET VALIDATED LOCK,SMALL EDGE,,OLD_SCHEMA,DOWN,True,DOWN,True,True,False,False,False,False,False
2026-08-24 19:23:13.855309+00:00,78745.755,1.070000000006985,504,66920.6432906735,17304.1705199206,84224.8138105941,0.5890956658251698,5156.3152107122,BUY,0,0,0,-0.9994128426408808,-0.9274967116628104,-0.7716400060201823,125832.36722479809,224677.5631457613,-0.2820039815033599,BUY_IMBALANCE,BUY_FLOW_WEAK_FOLLOW_THROUGH,KXBTC15M-26AUG241530-30,79029.99,8.3710299,6.6289701,78766.56,-263.4300000000076,DOWN,0.0119047619047619,0.988095238095238,0.0119047619047619,0.988095238095238,DOWN,0.988095238095238,0.036,0.037,0.963,0.964,0.964,0.0240952380952381,90%+ LOCK CANDIDATE,SMALL EDGE,,OLD_SCHEMA,DOWN,True,UP,False,False,True,True,False,True,False
2026-08-24 19:23:43.720613+00:00,78787.205,41.44999999999709,847,797093.514310796,125621.3993396496,922714.9136504456,0.7277135169677358,13639.3108252596,BUY,0,0,0,1.3840133798250804,2.974340169698272,-0.2902568007384091,177519.6732333418,218879.1357337923,-0.1043380090071856,BUY_IMBALANCE,NONE,KXBTC15M-26AUG241530-30,79029.99,8.3710299,6.6289701,78766.56,-263.4300000000076,DOWN,0.0119047619047619,0.988095238095238,0.0119047619047619,0.988095238095238,DOWN,0.988095238095238,0.036,0.037,0.963,0.964,0.964,0.0240952380952381,90%+ LOCK CANDIDATE,SMALL EDGE,,OLD_SCHEMA,DOWN,True,UP,False,False,True,False,False,True,False
2026-08-24 19:24:13.919430+00:00,78752.625,-34.580000000001746,505,125175.8930358944,34232.9689837884,159408.8620196828,0.5705010555867148,6724.195142392001,SELL,0,0,0,-0.7888522517159161,-0.6144350056182173,-0.6834553184561635,590726.6747422762,228809.3405925855,0.4416124824017789,BUY_IMBALANCE,BUY_FLOW_ABSORBED_OR_REVERSED,KXBTC15M-26AUG241530-30,79029.99,9.315063216666664,5.684936783333333,78772.08,-257.9100000000035,DOWN,0.0119047619047619,0.988095238095238,0.0119047619047619,0.988095238095238,DOWN,0.988095238095238,0.045,0.046,0.954,0.955,0.955,0.0330952380952381,90%+ LOCK CANDIDATE,SMALL EDGE,,OLD_SCHEMA,DOWN,True,UP,False,False,True,True,False,True,False
2026-08-24 19:24:44.064139+00:00,78776.345,23.720000000001164,1000,647100.3404324993,473633.7669750742,1120734.1074075736,0.1547794185176351,102488.3806592052,BUY,0,0,0,1.913606777131653,1.9526453559242205,1.2521986947945911,94449.8095617601,404220.3192455501,-0.6211932333398048,NORMAL_OR_MIXED,NONE,KXBTC15M-26AUG241530-30,79029.99,9.315063216666664,5.684936783333333,78772.08,-257.9100000000035,DOWN,0.0119047619047619,0.988095238095238,0.0119047619047619,0.988095238095238,DOWN,0.988095238095238,0.045,0.046,0.954,0.955,0.955,0.0330952380952381,90%+ LOCK CANDIDATE,SMALL EDGE,,OLD_SCHEMA,DOWN,True,UP,False,False,False,False,False,False,False
2026-08-24 19:25:13.675789+00:00,78778.535,2.1900000000023283,547,78017.9210435224,192908.4381620443,270926.3592055667,-0.4240654820572411,13920.557305314,SELL,0,0,0,-0.4771089905832321,-0.8334714479607502,-0.0025151631510227,109948.08327443528,80817.238244087,0.1527051394795559,NORMAL_OR_MIXED,NONE,KXBTC15M-26AUG241530-30,79029.99,10.266910066666666,4.733089933333333,78776.45,-253.54000000000812,DOWN,0.0119047619047619,0.988095238095238,0.0119047619047619,0.988095238095238,DOWN,0.988095238095238,0.034,0.035,0.965,0.966,0.966,0.0220952380952381,LOCK,SMALL EDGE,,OLD_SCHEMA,DOWN,True,DOWN,True,True,False,False,False,False,False
2026-08-24 19:25:43.703828+00:00,78789.64499999999,11.10999999998603,634,72056.3550142093,142925.7297615166,214982.0847757259,-0.3296524676520827,12013.955500562,SELL,0,0,0,-0.6438108248756278,-0.8663822140101605,-0.2341397024387836,189687.79061634783,151609.9254134286,0.1115678875495233,NORMAL_OR_MIXED,NONE,KXBTC15M-26AUG241530-30,79029.99,10.266910066666666,4.733089933333333,78776.45,-253.54000000000812,DOWN,0.0119047619047619,0.988095238095238,0.0119047619047619,0.988095238095238,DOWN,0.988095238095238,0.034,0.035,0.965,0.966,0.966,0.0220952380952381,LOCK,SMALL EDGE,,OLD_SCHEMA,DOWN,True,DOWN,True,True,False,False,False,False,False
2026-08-24 19:26:14.073682+00:00,78818.70999999999,29.06500000000233,539,94412.1295520833,64607.7526835951,159019.88223567838,0.187425474409018,9305.0320592116,SELL,0,0,0,-0.7611679334475057,-0.7173677771074007,-0.5557416827016639,272182.3330029917,103472.81258057852,0.4491074391123471,NORMAL_OR_MIXED,NONE,KXBTC15M-26AUG241530-30,79029.99,11.210110783333333,3.7898892166666656,78814.97,-215.02000000000407,DOWN,0.0119047619047619,0.988095238095238,0.0119047619047619,0.988095238095238,DOWN,0.988095238095238,0.019,0.02,0.98,0.981,0.981,0.0070952380952381,LOCK,SMALL EDGE,,OLD_SCHEMA,DOWN,True,UP,False,False,False,False,False,False,False
2026-08-24 19:26:43.876540+00:00,78804.745,-13.964999999996508,558,86482.480207192,123535.3901107843,210017.87031797628,-0.1764274147123412,14972.0050520004,SELL,0,0,0,-0.5794982285717031,-0.735042932085691,-0.2402738482169864,97524.94194651788,151804.13060174655,-0.2177010009320973,NORMAL_OR_MIXED,NONE,KXBTC15M-26AUG241530-30,79029.99,12.163842816666666,2.836157183333333,78809.73,-220.2600000000093,DOWN,0.0119047619047619,0.988095238095238,0.0119047619047619,0.988095238095238,DOWN,0.988095238095238,0.008,0.009,0.991,0.992,0.992,-0.0039047619047618,LOCK,NO VALUE,,OLD_SCHEMA,DOWN,True,DOWN,True,True,False,False,False,False,False
2026-08-24 19:27:13.728636+00:00,78825.595,20.85000000000582,551,62047.9215533828,89601.5969209053,151649.5184742881,-0.181693127975175,9306.802002,SELL,0,0,0,-0.7800576578926995,-0.8123888805616826,-0.4427125275879384,348020.2217121697,202415.7610486199,0.2645256945835009,NORMAL_OR_MIXED,NONE,KXBTC15M-26AUG241530-30,79029.99,12.163842816666666,2.836157183333333,78809.73,-220.2600000000093,DOWN,0.0119047619047619,0.988095238095238,0.0119047619047619,0.988095238095238,DOWN,0.988095238095238,0.008,0.009,0.991,0.992,0.992,-0.0039047619047618,LOCK,NO VALUE,,OLD_SCHEMA,DOWN,True,DOWN,True,True,False,False,False,False,False
2026-08-24 19:27:43.687940+00:00,78862.67499999999,37.0799999999872,541,91836.9272356521,58348.604211115904,150185.531446768,0.2229796885354821,12021.9579626932,BUY,0,0,0,-0.7824339785088267,-0.6668766117516192,-0.6843559141861206,291173.82700353616,206552.3363364244,0.1700161592857898,NORMAL_OR_MIXED,NONE,KXBTC15M-26AUG241530-30,79029.99,13.1111459,1.8888541,78868.51,-161.48000000001048,DOWN,0.0119047619047619,0.988095238095238,0.0119047619047619,0.988095238095238,DOWN,0.988095238095238,0.005,0.006,0.994,0.995,0.995,-0.0069047619047618,LOCK,NO VALUE,,OLD_SCHEMA,DOWN,True,UP,False,False,False,False,False,False,False
2026-08-24 19:28:14.053398+00:00,78859.155,-3.5199999999895226,527,62887.35501193461,82365.002464301,145252.3574762356,-0.1340952242758131,7999.999713323799,SELL,0,0,0,-0.7964492992967624,-0.8078101964467813,-0.4894478191615412,352757.35422066745,171842.12137586242,0.3448635411598222,NORMAL_OR_MIXED,NONE,KXBTC15M-26AUG241530-30,79029.99,13.1111459,1.8888541,78868.51,-161.48000000001048,DOWN,0.0119047619047619,0.988095238095238,0.0119047619047619,0.988095238095238,DOWN,0.988095238095238,0.005,0.006,0.994,0.995,0.995,-0.0069047619047618,LOCK,NO VALUE,,OLD_SCHEMA,DOWN,True,DOWN,True,True,False,False,False,False,False
2026-08-24 19:28:43.955542+00:00,78863.225,4.070000000006985,520,78602.6347234655,26050.9355066041,104653.5702300696,0.502149129755747,4842.0595468609,BUY,0,0,0,-0.9201171004288156,-0.7185924289283829,-0.9153599639384,111086.3798320698,147474.89703093274,-0.140734597385761,BUY_IMBALANCE,BUY_FLOW_WEAK_FOLLOW_THROUGH,KXBTC15M-26AUG241530-30,79029.99,14.057255,0.942745,78863.24,-166.75,DOWN,0.0,1.0,0.0,1.0,DOWN,1.0,0.002,0.003,0.997,0.998,0.998,0.002,LOCK,SMALL EDGE,,OLD_SCHEMA,DOWN,True,UP,False,False,True,True,False,True,False
2026-08-24 19:29:13.784631+00:00,78865.195,1.970000000001164,535,86234.6327163618,79833.0935017681,166067.72621812992,0.0385477621713521,9313.978939,SELL,0,0,0,-0.7037312434348025,-0.6817972863000004,-0.4880194081476933,100012.10398023138,244151.4228603596,-0.4188105584671393,NORMAL_OR_MIXED,NONE,KXBTC15M-26AUG241530-30,79029.99,14.057255,0.942745,78863.24,-166.75,DOWN,0.0,1.0,0.0,1.0,DOWN,1.0,0.002,0.003,0.997,0.998,0.998,0.002,LOCK,SMALL EDGE,,OLD_SCHEMA,DOWN,True,UP,False,False,False,False,False,False,False
2026-08-24 19:29:43.704142+00:00,78877.965,12.769999999989524,577,238083.2792532469,66118.6890180729,304201.9682713198,0.5652974279305044,23725.4816471156,BUY,0,0,0,-0.1847746223824056,0.1192144441157578,-0.589021329377173,164581.77993418262,327377.0826307849,-0.3309124300512092,BUY_IMBALANCE,NONE,KXBTC15M-26AUG241530-30,79029.99,14.057255,0.942745,78863.24,-166.75,DOWN,0.0,1.0,0.0,1.0,DOWN,1.0,0.002,0.003,0.997,0.998,0.998,0.002,LOCK,SMALL EDGE,,OLD_SCHEMA,DOWN,True,UP,False,False,True,False,False,True,False
2026-08-24 19:30:13.924705+00:00,78844.09,-33.875,564,134107.4417184172,217210.4356156466,351317.87733406376,-0.2365464420081526,25264.7030358602,SELL,0,0,0,0.012590916225875,-0.3832772777353416,0.5944404461589249,108781.80313672048,203378.2899458677,-0.3030383732750868,NORMAL_OR_MIXED,NONE,KXBTC15M-26AUG241545-45,78862.69,0.5356594833333334,14.464340516666663,78844.65,-18.04000000000815,DOWN,0.4336734693877551,0.5663265306122449,0.4336734693877551,0.5663265306122449,DOWN,0.5663265306122449,0.49,0.5,0.5,0.51,0.51,0.0563265306122449,RAW,SMALL EDGE,,OLD_SCHEMA,DOWN,True,DOWN,True,True,False,False,False,False,False
2026-08-24 19:30:44.074367+00:00,78828.64499999999,-15.445000000006983,588,157571.01100039209,113780.8938168641,271351.9048172562,0.1613775927352297,19554.106357422,BUY,0,0,0,-0.2790928772870097,-0.2679780299315096,-0.2075892379903945,103220.0360567863,314487.95118388283,-0.5057789689938851,NORMAL_OR_MIXED,NONE,KXBTC15M-26AUG241545-45,78862.69,0.5356594833333334,14.464340516666663,78844.65,-18.04000000000815,DOWN,0.4336734693877551,0.5663265306122449,0.4336734693877551,0.5663265306122449,DOWN,0.5663265306122449,0.49,0.5,0.5,0.51,0.51,0.0563265306122449,RAW,SMALL EDGE,,OLD_SCHEMA,DOWN,True,UP,False,False,False,False,False,False,False
2026-08-24 19:31:13.923458+00:00,78820.845,-7.7999999999883585,534,211185.5386882192,75893.5535575305,287079.0922457497,0.4712707709653548,16400.86864,BUY,0,0,0,-0.2196575490130176,0.015007047011224,-0.4957543990907881,104570.7035973828,347860.68708206527,-0.5377389555559282,NORMAL_OR_MIXED,NONE,KXBTC15M-26AUG241545-45,78862.69,1.4823091,13.5176909,78836.49,-26.19999999999709,DOWN,0.4336734693877551,0.5663265306122449,0.4336734693877551,0.5663265306122449,DOWN,0.5663265306122449,0.45,0.46,0.54,0.55,0.55,0.0163265306122448,RAW,SMALL EDGE,,OLD_SCHEMA,DOWN,True,UP,False,False,False,False,False,False,False
2026-08-24 19:31:43.765560+00:00,78835.565,14.720000000001164,615,167198.8704252014,121653.2811255004,288852.1515507018,0.1576778606466652,17300.086707554,BUY,0,0,0,-0.2321854906913828,-0.2343646557167076,-0.1546110203312235,689010.5111092421,238597.91625042225,0.4855632846511215,NORMAL_OR_MIXED,NONE,KXBTC15M-26AUG241545-45,78862.69,1.4823091,13.5176909,78836.49,-26.19999999999709,DOWN,0.4336734693877551,0.5663265306122449,0.4336734693877551,0.5663265306122449,DOWN,0.5663265306122449,0.45,0.46,0.54,0.55,0.55,0.0163265306122448,RAW,SMALL EDGE,,OLD_SCHEMA,DOWN,True,UP,False,False,False,False,False,False,False
2026-08-24 19:32:13.671049+00:00,78841.545,5.9799999999959255,527,215292.3816463824,86872.3531351689,302164.7347815513,0.4250000537092927,60746.7401683824,BUY,0,0,0,-0.1900540613885227,0.0172757519520164,-0.4344357841821323,114241.904102935,109746.43031841176,0.0200701246166987,NORMAL_OR_MIXED,NONE,KXBTC15M-26AUG241545-45,78862.69,2.440393616666667,12.559606383333334,78861.3,-1.389999999999418,DOWN,0.4336734693877551,0.5663265306122449,0.4336734693877551,0.5663265306122449,DOWN,0.5663265306122449,0.51,0.52,0.48,0.49,0.49,0.0763265306122449,RAW,SMALL EDGE,,OLD_SCHEMA,DOWN,True,UP,False,False,False,False,False,False,False
2026-08-24 19:32:43.766588+00:00,78884.455,42.91000000000349,621,164904.105259804,298892.0687684986,463796.1740283026,-0.2888940681527014,92496.5581300488,SELL,0,0,0,0.412602249995111,-0.2213130921299045,1.200581058838726,393563.7876969858,341870.6317951078,0.0702892800932249,NORMAL_OR_MIXED,NONE,KXBTC15M-26AUG241545-45,78862.69,2.440393616666667,12.559606383333334,78861.3,-1.389999999999418,DOWN,0.4336734693877551,0.5663265306122449,0.4336734693877551,0.5663265306122449,DOWN,0.5663265306122449,0.51,0.52,0.48,0.49,0.49,0.0763265306122449,RAW,SMALL EDGE,,OLD_SCHEMA,DOWN,True,DOWN,True,True,False,False,False,False,False
2026-08-24 19:33:13.708497+00:00,78898.58499999999,14.129999999990105,633,448155.0142298517,124789.2270627079,572944.2412925597,0.5643931186700333,70840.2351075688,BUY,0,0,0,0.8655727041785045,1.339522287147251,-0.1217003615086617,210508.370270328,192884.77919307395,0.0436883747299554,BUY_IMBALANCE,NONE,KXBTC15M-26AUG241545-45,78862.69,3.389949233333333,11.610050766666664,78868.44,5.75,UP,0.4285714285714285,0.5714285714285714,0.5714285714285714,0.4285714285714285,UP,0.5714285714285714,0.59,0.6,0.4,0.41,0.6,-0.0285714285714285,RAW,NO VALUE,,OLD_SCHEMA,DOWN,False,UP,True,False,True,False,False,True,False
2026-08-24 19:33:43.777517+00:00,78882.725,-15.85999999998603,577,87322.5985215048,79158.5569810402,166481.155502545,0.0490388327484896,10980.672835108398,BUY,0,0,0,-0.6466207187331887,-0.6153222254949712,-0.4616395483459624,82047.41294512371,266509.6662242741,-0.5292167748212688,NORMAL_OR_MIXED,NONE,KXBTC15M-26AUG241545-45,78862.69,3.389949233333333,11.610050766666664,78868.44,5.75,UP,0.4285714285714285,0.5714285714285714,0.5714285714285714,0.4285714285714285,UP,0.5714285714285714,0.59,0.6,0.4,0.41,0.6,-0.0285714285714285,RAW,NO VALUE,,OLD_SCHEMA,DOWN,False,UP,True,False,False,False,False,False,False
2026-08-24 19:34:13.675336+00:00,78882.715,-0.0100000000093132,545,126368.9753328031,55854.9961289484,182223.9714617515,0.3869632443975981,10759.9422082912,BUY,0,0,0,-0.5492984718058727,-0.3720033977575381,-0.6156675814236086,227144.97006078548,299473.0326270925,-0.1373444549885152,NORMAL_OR_MIXED,NONE,KXBTC15M-26AUG241545-45,78862.69,4.346807066666667,10.653192933333337,78886.56,23.869999999995343,UP,0.3934426229508196,0.6065573770491803,0.6065573770491803,0.3934426229508196,UP,0.6065573770491803,0.51,0.52,0.48,0.49,0.52,0.0865573770491803,RAW,SMALL EDGE,,OLD_SCHEMA,DOWN,False,UP,True,False,False,False,False,False,False
2026-08-24 19:34:43.772724+00:00,78886.83499999999,4.119999999995343,506,93230.8570081364,53928.9443539992,147159.8013621356,0.2670696228885345,7999.9991194634,SELL,0,0,0,-0.648783967562293,-0.5222140566938167,-0.5967404049054321,480765.8398535022,106887.8000484366,0.6362217714969897,NORMAL_OR_MIXED,NONE,KXBTC15M-26AUG241545-45,78862.69,4.346807066666667,10.653192933333337,78886.56,23.869999999995343,UP,0.3934426229508196,0.6065573770491803,0.6065573770491803,0.3934426229508196,UP,0.6065573770491803,0.51,0.52,0.48,0.49,0.52,0.0865573770491803,RAW,SMALL EDGE,,OLD_SCHEMA,DOWN,False,UP,True,False,False,False,False,False,False
2026-08-24 19:35:13.690351+00:00,78867.995,-18.839999999996508,595,108755.4727403113,138271.4734070631,247026.9461473744,-0.1194849433516567,29718.97451232,SELL,0,0,0,-0.2534100906852886,-0.4261161774216239,0.1025517653616358,361912.957845358,245371.26087328495,0.1919063485923831,NORMAL_OR_MIXED,NONE,KXBTC15M-26AUG241545-45,78862.69,5.293912016666667,9.706087983333331,78866.95,4.259999999994761,UP,0.4285714285714285,0.5714285714285714,0.5714285714285714,0.4285714285714285,UP,0.5714285714285714,0.48,0.49,0.51,0.52,0.49,0.0814285714285714,RAW,SMALL EDGE,,OLD_SCHEMA,DOWN,False,DOWN,False,True,False,False,False,False,False
2026-08-24 19:35:43.686727+00:00,78894.705,26.710000000006403,537,156185.3056680476,39262.1828513081,195447.4885193557,0.5982329253883468,13074.946092276,BUY,0,0,0,-0.4524651004343593,-0.1732673707390419,-0.7060173106626018,193276.82116693968,214222.67102685297,-0.0514009226052045,BUY_IMBALANCE,NONE,KXBTC15M-26AUG241545-45,78862.69,5.293912016666667,9.706087983333331,78866.95,4.259999999994761,UP,0.4285714285714285,0.5714285714285714,0.5714285714285714,0.4285714285714285,UP,0.5714285714285714,0.48,0.49,0.51,0.52,0.49,0.0814285714285714,RAW,SMALL EDGE,,OLD_SCHEMA,DOWN,False,UP,True,False,True,False,False,True,False
2026-08-24 19:36:13.705261+00:00,78902.375,7.669999999998254,524,220514.7424380638,120519.526907001,341034.2693450648,0.2932116344879282,35456.172016592594,SELL,0,0,0,0.099003938025263,0.1720945055172939,-0.0489055079048205,83164.25577811542,196563.21740147367,-0.4053908625219465,NORMAL_OR_MIXED,NONE,KXBTC15M-26AUG241545-45,78862.69,6.240804983333334,8.759195016666666,78902.38,39.69000000000233,UP,0.2738853503184713,0.7261146496815287,0.7261146496815287,0.2738853503184713,UP,0.7261146496815287,0.59,0.6,0.4,0.41,0.6,0.1261146496815287,LEAN,POSITIVE EDGE,,OLD_SCHEMA,DOWN,False,UP,True,False,False,False,False,False,False
2026-08-24 19:36:43.730153+00:00,78905.205,2.8300000000017462,525,102474.5224551184,52106.169707981,154580.69216309942,0.325838576877333,12793.682033546402,BUY,0,0,0,-0.6409472349918092,-0.485572636047751,-0.6345099278460238,56317.07588369749,165894.68481594647,-0.493122454847749,NORMAL_OR_MIXED,NONE,KXBTC15M-26AUG241545-45,78862.69,7.189074116666666,7.810925883333334,78926.22,63.52999999999884,UP,0.0698924731182795,0.9301075268817204,0.9301075268817204,0.0698924731182795,UP,0.9301075268817204,0.65,0.66,0.34,0.35,0.66,0.2701075268817204,EARLY 90%+ / NOT YET VALIDATED LOCK,LARGE EDGE / PRICE ABOVE 50c,,OLD_SCHEMA,DOWN,False,UP,True,False,False,False,False,False,False
2026-08-24 19:37:13.740839+00:00,78916.045,10.839999999996508,525,179593.3295708593,4179.690261780201,183773.0198326395,0.9545124712475574,14989.5000492675,BUY,0,0,0,-0.5048572078785385,-0.0584351579425298,-0.9989031077005688,79408.08129115411,117678.28330331032,-0.1941798565867458,BUY_IMBALANCE,NONE,KXBTC15M-26AUG241545-45,78862.69,7.189074116666666,7.810925883333334,78926.22,63.52999999999884,UP,0.0698924731182795,0.9301075268817204,0.9301075268817204,0.0698924731182795,UP,0.9301075268817204,0.65,0.66,0.34,0.35,0.66,0.2701075268817204,EARLY 90%+ / NOT YET VALIDATED LOCK,LARGE EDGE / PRICE ABOVE 50c,,OLD_SCHEMA,DOWN,False,UP,True,False,True,False,False,True,False
2026-08-24 19:37:43.727676+00:00,78900.755,-15.289999999993595,560,86780.5265695912,95789.0082892772,182569.5348588684,-0.0493427434464891,12031.463936192798,SELL,0,0,0,-0.4977991515144629,-0.5534378775026355,-0.2276590872591825,114856.7027193501,224309.73380505483,-0.3227118585415481,NORMAL_OR_MIXED,NONE,KXBTC15M-26AUG241545-45,78862.69,8.135353916666666,6.864646083333333,78900.76,38.06999999999243,UP,0.2738853503184713,0.7261146496815287,0.7261146496815287,0.2738853503184713,UP,0.7261146496815287,0.63,0.64,0.36,0.37,0.64,0.0861146496815287,LEAN,SMALL EDGE,,OLD_SCHEMA,DOWN,False,DOWN,False,True,False,False,False,False,False
2026-08-24 19:38:13.786631+00:00,78911.035,10.279999999998836,474,88604.76109656678,53643.2435228639,142248.0046194307,0.2457786150831337,11006.9623019655,SELL,0,0,0,-0.6184225792521229,-0.5115296046679969,-0.5865173180484559,276729.7582745042,85571.4581753163,0.5276225732067443,NORMAL_OR_MIXED,NONE,KXBTC15M-26AUG241545-45,78862.69,8.135353916666666,6.864646083333333,78900.76,38.06999999999243,UP,0.2738853503184713,0.7261146496815287,0.7261146496815287,0.2738853503184713,UP,0.7261146496815287,0.63,0.64,0.36,0.37,0.64,0.0861146496815287,LEAN,SMALL EDGE,,OLD_SCHEMA,DOWN,False,UP,True,False,False,False,False,False,False
2026-08-24 19:38:43.690393+00:00,78920.805,9.769999999989524,503,123105.4522838997,120810.51958670512,243915.9718706048,0.009408702019776,16341.195299346,SELL,0,0,0,-0.2102673538011559,-0.3021050308124636,-0.0241691396861386,131367.3568952205,213877.04281861745,-0.2389892087801759,NORMAL_OR_MIXED,NONE,KXBTC15M-26AUG241545-45,78862.69,9.099616916666667,5.900383083333334,78927.0,64.30999999999767,UP,0.0698924731182795,0.9301075268817204,0.9301075268817204,0.0698924731182795,UP,0.9301075268817204,0.71,0.72,0.28,0.29,0.72,0.2101075268817205,90%+ LOCK CANDIDATE,LARGE EDGE / PRICE ABOVE 50c,,OLD_SCHEMA,DOWN,False,UP,True,False,False,False,False,False,False
2026-08-24 19:39:13.709257+00:00,78939.685,18.880000000004657,585,244949.2978320398,173097.3704722347,418046.6683042745,0.171875373750157,26840.324200000003,SELL,0,0,0,0.4818885567981464,0.4225779083497327,0.4306951636042176,153380.63478512416,126238.27918574752,0.0970690974152203,NORMAL_OR_MIXED,NONE,KXBTC15M-26AUG241545-45,78862.69,9.099616916666667,5.900383083333334,78927.0,64.30999999999767,UP,0.0698924731182795,0.9301075268817204,0.9301075268817204,0.0698924731182795,UP,0.9301075268817204,0.71,0.72,0.28,0.29,0.72,0.2101075268817205,90%+ LOCK CANDIDATE,LARGE EDGE / PRICE ABOVE 50c,,OLD_SCHEMA,DOWN,False,UP,True,False,False,False,False,False,False
2026-08-24 19:39:43.698193+00:00,78921.82,-17.864999999990687,542,102550.998634596,74600.2269482503,177151.22558284632,0.157779160682545,12035.568857697595,SELL,0,0,0,-0.4503545889268385,-0.4350437636432379,-0.365130292147433,143081.88905319237,169735.5234619916,-0.0852050855944775,NORMAL_OR_MIXED,NONE,KXBTC15M-26AUG241545-45,78862.69,10.043787833333331,4.956212166666666,78882.73,20.0399999999936,UP,0.2738853503184713,0.7261146496815287,0.7261146496815287,0.2738853503184713,UP,0.7261146496815287,0.82,0.83,0.17,0.18,0.83,-0.1038853503184712,LEAN,NO VALUE,,OLD_SCHEMA,DOWN,False,UP,True,False,False,False,False,False,False
2026-08-24 19:40:13.749063+00:00,78878.195,-43.625,542,122064.0823667003,67104.7207341435,189168.8031008438,0.290530789071275,12034.310848692598,BUY,0,0,0,-0.3664133217685537,-0.264661719695027,-0.4188926417516264,155450.8334082541,189809.6186489472,-0.0995155542315072,NORMAL_OR_MIXED,NONE,KXBTC15M-26AUG241545-45,78862.69,10.043787833333331,4.956212166666666,78882.73,20.0399999999936,UP,0.2738853503184713,0.7261146496815287,0.7261146496815287,0.2738853503184713,UP,0.7261146496815287,0.82,0.83,0.17,0.18,0.83,-0.1038853503184712,LEAN,NO VALUE,,OLD_SCHEMA,DOWN,False,UP,True,False,False,False,False,False,False
2026-08-24 19:40:43.696238+00:00,78858.92499999999,-19.270000000018623,491,52769.1078075703,41368.8161458823,94137.9239534526,0.1211020084458733,9315.514239,SELL,0,0,0,-0.8310809356744527,-0.7229307100366495,-0.7340239654491507,99148.9742639285,170396.82228094176,-0.2643255763224373,NORMAL_OR_MIXED,NONE,KXBTC15M-26AUG241545-45,78862.69,10.999073283333331,4.000926716666666,78858.94,-3.75,DOWN,0.4336734693877551,0.5663265306122449,0.4336734693877551,0.5663265306122449,DOWN,0.5663265306122449,0.67,0.68,0.32,0.33,0.33,0.2363265306122449,RAW,IDEAL <=50c / LARGE EDGE,,OLD_SCHEMA,DOWN,True,UP,False,False,False,False,False,False,False
2026-08-24 19:41:13.719358+00:00,78849.405,-9.519999999989524,521,124235.8788708381,83444.26469227059,207680.1435631087,0.196415571940184,36194.3067016753,SELL,0,0,0,-0.2470618460774146,-0.2255959430270521,-0.2005141795011466,98329.61703481108,119073.0395934952,-0.0954147611643458,NORMAL_OR_MIXED,NONE,KXBTC15M-26AUG241545-45,78862.69,10.999073283333331,4.000926716666666,78858.94,-3.75,DOWN,0.4336734693877551,0.5663265306122449,0.4336734693877551,0.5663265306122449,DOWN,0.5663265306122449,0.67,0.68,0.32,0.33,0.33,0.2363265306122449,RAW,IDEAL <=50c / LARGE EDGE,,OLD_SCHEMA,DOWN,True,UP,False,False,False,False,False,False,False
2026-08-24 19:41:43.720812+00:00,78799.995,-49.41000000000349,553,100126.1229079733,144840.2052500356,244966.3281580089,-0.1825315449608269,49773.87422,SELL,0,0,0,-0.0736061249307309,-0.3907577863798659,0.5250238300982887,227171.1170269657,157946.0944764259,0.1797505291448916,NORMAL_OR_MIXED,NONE,KXBTC15M-26AUG241545-45,78862.69,11.950818433333334,3.049181566666667,78786.93,-75.76000000000931,DOWN,0.0698924731182795,0.9301075268817204,0.0698924731182795,0.9301075268817204,DOWN,0.9301075268817204,0.14,0.15,0.85,0.86,0.86,0.0701075268817205,LOCK,SMALL EDGE,,OLD_SCHEMA,DOWN,True,DOWN,True,True,False,False,False,False,False
2026-08-24 19:42:13.751139+00:00,78777.995,-22.0,703,246502.9412005969,505023.6186949415,751526.5598955384,-0.3439940665972987,33866.0490141162,SELL,0,0,0,2.42264688504857,0.5909940246168781,4.896533740926634,197915.1199393982,290529.28413939034,-0.1896104519298638,NORMAL_OR_MIXED,NONE,KXBTC15M-26AUG241545-45,78862.69,11.950818433333334,3.049181566666667,78786.93,-75.76000000000931,DOWN,0.0698924731182795,0.9301075268817204,0.0698924731182795,0.9301075268817204,DOWN,0.9301075268817204,0.14,0.15,0.85,0.86,0.86,0.0701075268817205,LOCK,SMALL EDGE,,OLD_SCHEMA,DOWN,True,DOWN,True,True,False,False,False,False,True
2026-08-24 19:42:43.697056+00:00,78749.445,-28.54999999998836,544,142638.6168058691,62611.7539950123,205250.3708008814,0.3898987490185481,16676.4557655836,BUY,0,0,0,-0.3424081926820864,-0.134201213774842,-0.5213320122876199,520326.2430600237,142159.82344556352,0.5708292426573937,NORMAL_OR_MIXED,NONE,KXBTC15M-26AUG241545-45,78862.69,12.905059233333333,2.0949407666666664,78750.6,-112.08999999999652,DOWN,0.0698924731182795,0.9301075268817204,0.0698924731182795,0.9301075268817204,DOWN,0.9301075268817204,0.016,0.017,0.983,0.984,0.984,-0.0538924731182794,LOCK,NO VALUE,,OLD_SCHEMA,DOWN,True,UP,False,False,False,False,False,False,False
2026-08-24 19:43:13.763405+00:00,78782.295,32.84999999999127,496,105743.0438732168,25755.6004053505,131498.6442785673,0.6082758031970319,19490.3792784302,BUY,0,0,0,-0.69120028148607,-0.3993544005973707,-0.8643034212352217,220322.49790908195,72770.54961304541,0.5034303936701089,BUY_IMBALANCE,NONE,KXBTC15M-26AUG241545-45,78862.69,12.905059233333333,2.0949407666666664,78750.6,-112.08999999999652,DOWN,0.0698924731182795,0.9301075268817204,0.0698924731182795,0.9301075268817204,DOWN,0.9301075268817204,0.016,0.017,0.983,0.984,0.984,-0.0538924731182794,LOCK,NO VALUE,,OLD_SCHEMA,DOWN,True,UP,False,False,True,False,False,True,False
2026-08-24 19:43:43.701122+00:00,78831.755,49.4600000000064,584,330101.9445325186,40778.707358874606,370880.6518913933,0.7800979525304759,15791.027929668,BUY,0,0,0,0.4239012046781826,1.1137780992722408,-0.7214666873421013,273009.6079937448,127621.47726045546,0.3628977782416474,BUY_IMBALANCE,NONE,KXBTC15M-26AUG241545-45,78862.69,13.8503137,1.1496863,78831.76,-30.930000000007567,DOWN,0.1071428571428571,0.8928571428571429,0.1071428571428571,0.8928571428571429,DOWN,0.8928571428571429,0.018,0.019,0.981,0.982,0.982,-0.089142857142857,STRONG,NO VALUE,,OLD_SCHEMA,DOWN,True,UP,False,False,True,False,False,True,False
2026-08-24 19:44:13.754497+00:00,78837.39499999999,5.639999999984866,564,181376.07412446648,87100.1684012726,268476.2425257391,0.3511517623916222,16133.9183667909,BUY,0,0,0,0.0090327348228116,0.2451876336564693,-0.2475117744643589,138470.1882274824,99976.00245666136,0.1614376210430306,NORMAL_OR_MIXED,NONE,KXBTC15M-26AUG241545-45,78862.69,13.8503137,1.1496863,78831.76,-30.930000000007567,DOWN,0.1071428571428571,0.8928571428571429,0.1071428571428571,0.8928571428571429,DOWN,0.8928571428571429,0.018,0.019,0.981,0.982,0.982,-0.089142857142857,STRONG,NO VALUE,,OLD_SCHEMA,DOWN,True,UP,False,False,False,False,False,False,False
2026-08-24 19:44:43.708218+00:00,78875.955,38.560000000012224,551,138635.8602488501,60038.5178568589,198674.378105709,0.3956088507304741,26804.712600000003,SELL,0,0,0,-0.3797896572797155,-0.1523840643425357,-0.5260829466295224,108011.6432404016,111865.46378294913,-0.0175271568501138,NORMAL_OR_MIXED,NONE,KXBTC15M-26AUG241545-45,78862.69,14.8059423,0.1940577,78875.96,13.270000000004076,UP,0.2406015037593984,0.7593984962406015,0.7593984962406015,0.2406015037593984,UP,0.7593984962406015,0.003,0.004,0.996,0.997,0.004,0.7553984962406015,LEAN,IDEAL <=50c / LARGE EDGE,,OLD_SCHEMA,DOWN,False,UP,True,False,False,False,False,False,False
2026-08-24 19:45:13.713171+00:00,78849.88500000001,-26.069999999992437,566,74795.2760262733,109539.3884760645,184334.6645023378,-0.1884838781874939,23074.724577615,BUY,0,0,0,-0.4870840875758047,-0.8690063616557504,0.0696246113146468,223187.5208441703,272882.2147424762,-0.1001768306617969,NORMAL_OR_MIXED,NONE,KXBTC15M-26AUG241545-45,78862.69,14.8059423,0.1940577,78875.96,13.270000000004076,UP,0.2406015037593984,0.7593984962406015,0.7593984962406015,0.2406015037593984,UP,0.7593984962406015,0.003,0.004,0.996,0.997,0.004,0.7553984962406015,LEAN,IDEAL <=50c / LARGE EDGE,,OLD_SCHEMA,DOWN,False,DOWN,False,True,False,False,False,False,False
2026-08-24 19:45:43.785924+00:00,78855.535,5.649999999994179,553,121287.8183077526,92778.9970730203,214066.8153807729,0.133177210040809,11246.565258334998,BUY,0,0,0,-0.2364414822950335,-0.2740006127508096,-0.1043805846127526,87671.7067692678,194700.86654493876,-0.3790352530327922,NORMAL_OR_MIXED,NONE,KXBTC15M-26AUG241600-00,78849.12,0.7512545833333333,14.248745416666669,78853.16,4.040000000008149,UP,0.4336734693877551,0.5663265306122449,0.5663265306122449,0.4336734693877551,UP,0.5663265306122449,0.5,0.51,0.49,0.5,0.51,0.0563265306122449,RAW,SMALL EDGE,,OLD_SCHEMA,DOWN,False,UP,True,False,False,False,False,False,False
2026-08-24 19:46:13.698124+00:00,78755.82500000001,-99.70999999999184,539,93815.5998120908,175689.4892319655,269505.0890440563,-0.3037934820091307,27019.799169862203,BUY,0,0,0,0.1973647909687417,-0.646313242338171,0.9019402767785668,95955.20327597922,162564.5971150002,-0.2576568361041686,NORMAL_OR_MIXED,NONE,KXBTC15M-26AUG241600-00,78849.12,1.6946917833333333,13.305308216666669,78754.02,-95.09999999999128,DOWN,0.4285714285714285,0.5714285714285714,0.4285714285714285,0.5714285714285714,DOWN,0.5714285714285714,0.32,0.33,0.67,0.68,0.68,-0.1085714285714286,RAW,NO VALUE,,OLD_SCHEMA,DOWN,True,DOWN,True,True,False,False,False,False,False
2026-08-24 19:46:43.742679+00:00,78756.025,0.1999999999825377,453,56143.179746239104,54106.6417092222,110249.8214554613,0.0184720302503131,6004.06440969,SELL,0,0,0,-1.0755953184692475,-1.1312247397860329,-0.5812031017213795,222367.5086672388,145267.36222044274,0.2097193507803872,NORMAL_OR_MIXED,NONE,KXBTC15M-26AUG241600-00,78849.12,1.6946917833333333,13.305308216666669,78754.02,-95.09999999999128,DOWN,0.4285714285714285,0.5714285714285714,0.4285714285714285,0.5714285714285714,DOWN,0.5714285714285714,0.32,0.33,0.67,0.68,0.68,-0.1085714285714286,RAW,NO VALUE,,OLD_SCHEMA,DOWN,True,UP,False,False,False,False,False,False,False
2026-08-24 19:47:13.730414+00:00,78745.38500000001,-10.639999999984866,595,189707.6964904343,72566.3788843322,262274.0753747665,0.4466370434772003,16066.5445545093,BUY,0,0,0,0.1376461076539401,0.5933501744683821,-0.3403000139846912,63719.64165280349,150438.9384661157,-0.404930294014642,NORMAL_OR_MIXED,NONE,KXBTC15M-26AUG241600-00,78849.12,2.6477051833333336,12.352294816666667,78770.46,-78.65999999998894,DOWN,0.4285714285714285,0.5714285714285714,0.4285714285714285,0.5714285714285714,DOWN,0.5714285714285714,0.31,0.32,0.68,0.69,0.69,-0.1185714285714285,RAW,NO VALUE,,OLD_SCHEMA,DOWN,True,UP,False,False,False,False,False,False,False
2026-08-24 19:47:43.704464+00:00,78778.025,32.639999999984866,674,583598.4834882958,70155.5881776015,653754.0716658973,0.7853762103574181,7999.9996190688,SELL,0,0,0,3.175365510536611,5.6357879060094405,-0.3633574934451565,50631.0584678937,409021.7817570942,-0.7796987028597011,ABNORMAL_BUY_PRESSURE,NONE,KXBTC15M-26AUG241600-00,78849.12,2.6477051833333336,12.352294816666667,78770.46,-78.65999999998894,DOWN,0.4285714285714285,0.5714285714285714,0.4285714285714285,0.5714285714285714,DOWN,0.5714285714285714,0.31,0.32,0.68,0.69,0.69,-0.1185714285714285,RAW,NO VALUE,,OLD_SCHEMA,DOWN,True,UP,False,False,True,False,False,True,True
2026-08-24 19:48:13.687667+00:00,78758.795,-19.229999999995925,590,132624.9452438614,204647.7024923477,337272.6477362091,-0.2135446136290821,12737.818652754298,SELL,0,0,0,0.545512918566218,-0.2536669770228528,1.224816586798328,125516.48273296078,348121.60264360986,-0.4699899074494076,NORMAL_OR_MIXED,NONE,KXBTC15M-26AUG241600-00,78849.12,3.602868033333333,11.397131966666668,78806.56,-42.55999999999767,DOWN,0.4336734693877551,0.5663265306122449,0.4336734693877551,0.5663265306122449,DOWN,0.5663265306122449,0.34,0.35,0.65,0.66,0.66,-0.0936734693877551,RAW,NO VALUE,,OLD_SCHEMA,DOWN,True,DOWN,True,True,False,False,False,False,False
2026-08-24 19:48:43.722638+00:00,78819.815,61.02000000000408,558,104492.6844265825,66900.1587410056,171392.84316758811,0.2193354459311868,39379.3894868847,SELL,0,0,0,-0.6611045463262388,-0.5498877735054303,-0.4346066742053069,118524.3758506544,227295.25053753043,-0.3145306581436763,NORMAL_OR_MIXED,NONE,KXBTC15M-26AUG241600-00,78849.12,3.602868033333333,11.397131966666668,78806.56,-42.55999999999767,DOWN,0.4336734693877551,0.5663265306122449,0.4336734693877551,0.5663265306122449,DOWN,0.5663265306122449,0.34,0.35,0.65,0.66,0.66,-0.0936734693877551,RAW,NO VALUE,,OLD_SCHEMA,DOWN,True,UP,False,False,False,False,False,False,False
2026-08-24 19:49:13.734067+00:00,78854.435,34.61999999999534,496,112703.3551882423,84315.3340373461,197018.6892255884,0.1440879607030155,11257.495576188998,BUY,0,0,0,-0.4966854700255947,-0.4776318706404693,-0.2458174306064628,355286.7860389341,184271.5374289927,0.3169541478125434,NORMAL_OR_MIXED,NONE,KXBTC15M-26AUG241600-00,78849.12,4.56218765,10.43781235,78801.83,-47.2899999999936,DOWN,0.4285714285714285,0.5714285714285714,0.4285714285714285,0.5714285714285714,DOWN,0.5714285714285714,0.42,0.43,0.57,0.58,0.58,-0.0085714285714285,RAW,NO VALUE,,OLD_SCHEMA,DOWN,True,UP,False,False,False,False,False,False,False
2026-08-24 19:49:43.738976+00:00,78806.535,-47.89999999999418,597,102921.3890927078,138535.7229297214,241457.1120224292,-0.1474975557303333,26792.6154,SELL,0,0,0,-0.1845612168334787,-0.5830441912379692,0.3891259006188916,412472.4454489285,273212.10814129846,0.2030967980516207,NORMAL_OR_MIXED,NONE,KXBTC15M-26AUG241600-00,78849.12,4.56218765,10.43781235,78801.83,-47.2899999999936,DOWN,0.4285714285714285,0.5714285714285714,0.4285714285714285,0.5714285714285714,DOWN,0.5714285714285714,0.42,0.43,0.57,0.58,0.58,-0.0085714285714285,RAW,NO VALUE,,OLD_SCHEMA,DOWN,True,DOWN,True,True,False,False,False,False,False
2026-08-24 19:50:13.732575+00:00,78792.295,-14.24000000000524,709,237449.8242667814,160476.2256632402,397926.0499300216,0.1934369429120752,84098.21886755519,BUY,0,0,0,0.9517360962080604,0.7862970165329191,0.6259966462046659,78615.4835258843,248166.07665707357,-0.51884994072573,NORMAL_OR_MIXED,NONE,KXBTC15M-26AUG241600-00,78849.12,5.5177597333333335,9.482240266666668,78778.01,-71.11000000000058,DOWN,0.3652173913043478,0.6347826086956522,0.3652173913043478,0.6347826086956522,DOWN,0.6347826086956522,0.37,0.38,0.62,0.63,0.63,0.0047826086956521,RAW,SMALL EDGE,,OLD_SCHEMA,DOWN,True,UP,False,False,False,False,False,False,False
2026-08-24 19:50:43.733489+00:00,78783.14499999999,-9.150000000008731,453,51068.2703582704,71335.0706889724,122403.3410472428,-0.1655739145460075,7999.9990180366,SELL,0,0,0,-1.031115842007824,-1.0855804390465396,-0.4112466064600129,60538.50091834209,116519.3843460001,-0.3161727778691144,NORMAL_OR_MIXED,NONE,KXBTC15M-26AUG241600-00,78849.12,5.5177597333333335,9.482240266666668,78778.01,-71.11000000000058,DOWN,0.3652173913043478,0.6347826086956522,0.3652173913043478,0.6347826086956522,DOWN,0.6347826086956522,0.37,0.38,0.62,0.63,0.63,0.0047826086956521,RAW,SMALL EDGE,,OLD_SCHEMA,DOWN,True,DOWN,True,True,False,False,False,False,False
2026-08-24 19:51:13.706404+00:00,78749.315,-33.829999999987194,867,418779.2861786166,429463.9577921526,848243.2439707692,-0.0125962354424649,19652.0243856342,SELL,0,0,0,4.12797298257167,2.536940429024032,3.8707825510874887,354723.3438212815,224982.7503490435,0.223804087583248,NORMAL_OR_MIXED,NONE,KXBTC15M-26AUG241600-00,78849.12,6.481132533333334,8.518867466666666,78737.96,-111.15999999998894,DOWN,0.2406015037593984,0.7593984962406015,0.2406015037593984,0.7593984962406015,DOWN,0.7593984962406015,0.29,0.3,0.7,0.71,0.71,0.0493984962406015,LEAN,SMALL EDGE,,OLD_SCHEMA,DOWN,True,DOWN,True,True,False,False,False,False,True
2026-08-24 19:51:43.846264+00:00,78713.08499999999,-36.23000000001048,921,703081.1238223492,346264.1833660631,1049345.3071884124,0.3400376768371241,53922.37187935,SELL,0,0,0,4.5787171467332906,4.896989213811475,2.378016712007385,278439.6352025428,339627.47176342754,-0.098998694270028,NORMAL_OR_MIXED,NONE,KXBTC15M-26AUG241600-00,78849.12,6.481132533333334,8.518867466666666,78737.96,-111.15999999998894,DOWN,0.2406015037593984,0.7593984962406015,0.2406015037593984,0.7593984962406015,DOWN,0.7593984962406015,0.29,0.3,0.7,0.71,0.71,0.0493984962406015,LEAN,SMALL EDGE,,OLD_SCHEMA,DOWN,True,UP,False,False,False,False,False,False,True
2026-08-24 19:52:13.706389+00:00,78707.495,-5.589999999996508,629,113193.5140100902,150427.9465025145,263621.4605126047,-0.1412420385655362,8001.8885016016,SELL,0,0,0,-0.156397861314677,-0.4591768774222517,0.2994762700583441,175464.16272970437,390475.1394129382,-0.3799187931801231,NORMAL_OR_MIXED,NONE,KXBTC15M-26AUG241600-00,78849.12,7.434130866666666,7.565869133333334,78639.91,-209.20999999999185,DOWN,0.0512820512820512,0.9487179487179488,0.0512820512820512,0.9487179487179488,DOWN,0.9487179487179488,0.2,0.21,0.79,0.8,0.8,0.1487179487179486,EARLY 90%+ / NOT YET VALIDATED LOCK,POSITIVE EDGE,,OLD_SCHEMA,DOWN,True,DOWN,True,True,False,False,False,False,False
2026-08-24 19:52:43.748129+00:00,78622.755,-84.73999999999069,739,259000.25920106831,425927.1638500652,684927.4230511335,-0.2437147338989446,60700.41497871,SELL,0,0,0,1.8795030539676685,0.6094631025502735,2.923931421682772,162687.83428692387,239703.626045728,-0.1913951943590855,NORMAL_OR_MIXED,NONE,KXBTC15M-26AUG241600-00,78849.12,7.434130866666666,7.565869133333334,78639.91,-209.20999999999185,DOWN,0.0512820512820512,0.9487179487179488,0.0512820512820512,0.9487179487179488,DOWN,0.9487179487179488,0.2,0.21,0.79,0.8,0.8,0.1487179487179486,EARLY 90%+ / NOT YET VALIDATED LOCK,POSITIVE EDGE,,OLD_SCHEMA,DOWN,True,DOWN,True,True,False,False,False,False,False
2026-08-24 19:53:13.743543+00:00,78609.45999999999,-13.295000000012806,732,154272.6814285245,235960.736352562,390233.4177810865,-0.209331264832534,36605.1841152974,SELL,0,0,0,0.4174845132482644,-0.1606295795466585,1.0053306495951724,114892.32018333698,411980.7147900641,-0.5638709421174409,NORMAL_OR_MIXED,NONE,KXBTC15M-26AUG241600-00,78849.12,8.3908233,6.609176700000001,78608.88,-240.2399999999907,DOWN,0.0512820512820512,0.9487179487179488,0.0512820512820512,0.9487179487179488,DOWN,0.9487179487179488,0.071,0.072,0.928,0.929,0.929,0.0197179487179486,90%+ LOCK CANDIDATE,SMALL EDGE,,OLD_SCHEMA,DOWN,True,DOWN,True,True,False,False,False,False,False
2026-08-24 19:53:43.749374+00:00,78640.755,31.29500000001281,583,119964.5648442616,161788.736559028,281753.3014032896,-0.1484425258070041,12005.3358966951,SELL,0,0,0,-0.0678391012395329,-0.3723193771984501,0.3109828684803249,119683.7305043738,201509.2982350644,-0.2547551173567658,NORMAL_OR_MIXED,NONE,KXBTC15M-26AUG241600-00,78849.12,8.3908233,6.609176700000001,78608.88,-240.2399999999907,DOWN,0.0512820512820512,0.9487179487179488,0.0512820512820512,0.9487179487179488,DOWN,0.9487179487179488,0.071,0.072,0.928,0.929,0.929,0.0197179487179486,90%+ LOCK CANDIDATE,SMALL EDGE,,OLD_SCHEMA,DOWN,True,DOWN,True,True,False,False,False,False,False
2026-08-24 19:54:13.718767+00:00,78671.57500000001,30.820000000006985,537,77087.8323010905,95355.1846364443,172443.0169375348,-0.1059326881410971,9287.7497934438,SELL,0,0,0,-0.6031306678883473,-0.7039565599569789,-0.2966238960063707,226243.08399921076,120291.34675764048,0.3057466382493813,NORMAL_OR_MIXED,NONE,KXBTC15M-26AUG241600-00,78849.12,9.341349033333334,5.658650966666666,78686.97,-162.14999999999418,DOWN,0.0698924731182795,0.9301075268817204,0.0698924731182795,0.9301075268817204,DOWN,0.9301075268817204,0.096,0.097,0.903,0.904,0.904,0.0261075268817204,90%+ LOCK CANDIDATE,SMALL EDGE,,OLD_SCHEMA,DOWN,True,DOWN,True,True,False,False,False,False,False
2026-08-24 19:54:43.762233+00:00,78675.41,3.834999999991851,528,90417.0857850816,189953.7319431227,280370.8177282043,-0.355017854442089,25932.077991558595,SELL,0,0,0,-0.087273002987733,-0.5909976276015542,0.5364772389863853,356701.8503189734,122185.97584158418,0.4897094093153303,NORMAL_OR_MIXED,NONE,KXBTC15M-26AUG241600-00,78849.12,9.341349033333334,5.658650966666666,78686.97,-162.14999999999418,DOWN,0.0698924731182795,0.9301075268817204,0.0698924731182795,0.9301075268817204,DOWN,0.9301075268817204,0.096,0.097,0.903,0.904,0.904,0.0261075268817204,90%+ LOCK CANDIDATE,SMALL EDGE,,OLD_SCHEMA,DOWN,True,DOWN,True,True,False,False,False,False,False
2026-08-24 19:55:13.695505+00:00,78710.205,34.794999999998254,706,406960.2768086223,216357.9417215527,623318.218530175,0.3057865620172667,12021.253405390498,SELL,0,0,0,1.5411566135130297,1.7919341248928906,0.7434210031348577,145745.4356871773,286054.58143682795,-0.3249401115918816,NORMAL_OR_MIXED,NONE,KXBTC15M-26AUG241600-00,78849.12,10.27294285,4.727057149999999,78715.16,-133.95999999999185,DOWN,0.0698924731182795,0.9301075268817204,0.0698924731182795,0.9301075268817204,DOWN,0.9301075268817204,0.11,0.12,0.88,0.89,0.89,0.0401075268817204,LOCK,SMALL EDGE,,OLD_SCHEMA,DOWN,True,UP,False,False,False,False,False,False,False
2026-08-24 19:55:43.734858+00:00,78732.305,22.09999999999127,706,140868.5774321329,205030.174651201,345898.7520833339,-0.1854924217928669,9999.0155234028,SELL,0,0,0,0.1609499309337162,-0.2575934194938408,0.6205897369630103,174858.80404128786,150121.5084883148,0.0761193666176923,NORMAL_OR_MIXED,NONE,KXBTC15M-26AUG241600-00,78849.12,10.27294285,4.727057149999999,78715.16,-133.95999999999185,DOWN,0.0698924731182795,0.9301075268817204,0.0698924731182795,0.9301075268817204,DOWN,0.9301075268817204,0.11,0.12,0.88,0.89,0.89,0.0401075268817204,LOCK,SMALL EDGE,,OLD_SCHEMA,DOWN,True,DOWN,True,True,False,False,False,False,False
2026-08-24 19:56:13.726607+00:00,78715.275,-17.029999999998836,491,38277.4800632072,186322.323197445,224599.80326065217,-0.6591494782496717,7999.9992540312,SELL,0,0,0,-0.4243868597740414,-0.9999424874686478,0.4198129794700193,262425.94718990696,119262.21079334505,0.3750803722939808,SELL_IMBALANCE,NONE,KXBTC15M-26AUG241600-00,78849.12,11.2164937,3.7835063,78715.05,-134.06999999999243,DOWN,0.0698924731182795,0.9301075268817204,0.0698924731182795,0.9301075268817204,DOWN,0.9301075268817204,0.081,0.082,0.918,0.919,0.919,0.0111075268817204,LOCK,SMALL EDGE,,OLD_SCHEMA,DOWN,True,DOWN,True,True,True,False,False,True,False
2026-08-24 19:56:43.713121+00:00,78729.61,14.335000000006405,628,64605.5127814587,237775.3483071946,302380.8610886533,-0.5726878179468019,49981.60029874,SELL,0,0,0,-0.0462571301843787,-0.7674632166406485,0.8626104485284871,208626.1986856254,236680.8898032638,-0.0630007737196359,SELL_IMBALANCE,SELL_FLOW_ABSORBED_OR_REVERSED,KXBTC15M-26AUG241600-00,78849.12,12.167759216666669,2.8322407833333334,78714.71,-134.40999999998894,DOWN,0.0119047619047619,0.988095238095238,0.0119047619047619,0.988095238095238,DOWN,0.988095238095238,0.044,0.045,0.955,0.956,0.956,0.0320952380952381,LOCK,SMALL EDGE,,OLD_SCHEMA,DOWN,True,DOWN,True,True,True,True,False,True,False
2026-08-24 19:57:13.712613+00:00,78714.685,-14.92500000000291,615,115648.120187526,154845.04633496932,270493.16652249533,-0.1449091178581901,15072.985235501195,BUY,0,0,0,-0.2141188880112905,-0.3920692596010405,0.0827491054258551,345259.0055128817,156153.065849448,0.3771467630398994,NORMAL_OR_MIXED,NONE,KXBTC15M-26AUG241600-00,78849.12,12.167759216666669,2.8322407833333334,78714.71,-134.40999999998894,DOWN,0.0119047619047619,0.988095238095238,0.0119047619047619,0.988095238095238,DOWN,0.988095238095238,0.044,0.045,0.955,0.956,0.956,0.0320952380952381,LOCK,SMALL EDGE,,OLD_SCHEMA,DOWN,True,DOWN,True,True,False,False,False,False,False
2026-08-24 19:57:43.759296+00:00,78706.775,-7.910000000003492,684,200475.5805659286,151310.817739995,351786.3983059236,0.139757429686575,12019.2030299658,BUY,0,0,0,0.1591253223724291,0.2261539080727005,0.0181490756001471,92696.64369896798,154950.3678890355,-0.2513808819693555,NORMAL_OR_MIXED,NONE,KXBTC15M-26AUG241600-00,78849.12,13.118681583333334,1.8813184166666663,78722.05,-127.06999999999243,DOWN,0.0,1.0,0.0,1.0,DOWN,1.0,0.013,0.014,0.986,0.987,0.987,0.013,LOCK,SMALL EDGE,,OLD_SCHEMA,DOWN,True,UP,False,False,False,False,False,False,False
2026-08-24 19:58:13.748897+00:00,78713.005,6.230000000010477,570,146451.8665160429,170597.0258697565,317048.89238579944,-0.0761559492355288,12016.5099084102,SELL,0,0,0,-0.0252775172528435,-0.1808568808466847,0.1813064867439475,459621.0049683648,99377.60180059489,0.6444441878844656,NORMAL_OR_MIXED,NONE,KXBTC15M-26AUG241600-00,78849.12,13.118681583333334,1.8813184166666663,78722.05,-127.06999999999243,DOWN,0.0,1.0,0.0,1.0,DOWN,1.0,0.013,0.014,0.986,0.987,0.987,0.013,LOCK,SMALL EDGE,,OLD_SCHEMA,DOWN,True,DOWN,True,True,False,False,False,False,False
2026-08-24 19:58:43.722774+00:00,78741.305,28.29999999998836,991,882625.1446924546,217821.5346856259,1100446.6793780804,0.6041216012233721,40270.2974757909,BUY,0,0,0,3.712250557532483,5.110098806498705,0.5907811417118486,425874.49006247136,138774.79267175082,0.5084566759750176,ABNORMAL_BUY_PRESSURE,NONE,KXBTC15M-26AUG241600-00,78849.12,14.068970083333332,0.9310299166666668,78756.25,-92.86999999999534,DOWN,0.0,1.0,0.0,1.0,DOWN,1.0,0.005,0.006,0.994,0.995,0.995,0.005,LOCK,SMALL EDGE,,OLD_SCHEMA,DOWN,True,UP,False,False,True,False,False,True,True
2026-08-24 19:59:13.770217+00:00,78761.34,20.03500000000349,555,205274.9749866942,115995.0265200417,321270.0015067359,0.2778969341922221,14002.946953683802,SELL,0,0,0,-0.1118329499117897,0.0743015894902041,-0.3675254851603771,182694.4891886204,426620.3587847587,-0.400328123313344,NORMAL_OR_MIXED,NONE,KXBTC15M-26AUG241600-00,78849.12,14.068970083333332,0.9310299166666668,78756.25,-92.86999999999534,DOWN,0.0,1.0,0.0,1.0,DOWN,1.0,0.005,0.006,0.994,0.995,0.995,0.005,LOCK,SMALL EDGE,,OLD_SCHEMA,DOWN,True,UP,False,False,False,False,False,False,False
2026-08-24 19:59:43.738538+00:00,78727.25,-34.08999999999651,997,523178.9348640377,218088.194615733,741267.1294797708,0.411580020366505,14004.1811556596,SELL,0,0,0,1.6471395325043443,1.8747681976033024,0.5815705879631242,64974.570628582296,396353.0074586249,-0.7183148213337475,NORMAL_OR_MIXED,NONE,KXBTC15M-26AUG241600-00,78849.12,14.068970083333332,0.9310299166666668,78756.25,-92.86999999999534,DOWN,0.0,1.0,0.0,1.0,DOWN,1.0,0.005,0.006,0.994,0.995,0.995,0.005,LOCK,SMALL EDGE,,OLD_SCHEMA,DOWN,True,UP,False,False,False,False,False,False,False
2026-08-24 20:00:13.714992+00:00,78811.70000000001,84.45000000001164,743,528862.4452221491,146487.88160924512,675350.3268313942,0.5661869824020481,20724.67878,BUY,0,0,0,1.28099245631846,1.7793152149821625,-0.1077435210027102,150845.266141538,405802.3229979963,-0.4580223858520089,BUY_IMBALANCE,NONE,KXBTC15M-26AUG241615-15,78750.21,0.5525969166666667,14.447403083333334,78730.4,-19.810000000012224,DOWN,0.4336734693877551,0.5663265306122449,0.4336734693877551,0.5663265306122449,DOWN,0.5663265306122449,0.57,0.6,0.4,0.43,0.43,0.1363265306122449,RAW,POSITIVE EDGE,,OLD_SCHEMA,DOWN,True,UP,False,False,True,False,False,True,False
2026-08-24 20:00:43.746479+00:00,78727.475,-84.22500000000582,805,365056.9451617582,576693.0633936215,941750.0085553796,-0.2247264309097354,77002.69541895001,BUY,0,0,0,2.2830754518845158,0.8050952590784247,3.862337005858871,647455.4114696231,79050.64833653663,0.7823813104666236,NORMAL_OR_MIXED,NONE,KXBTC15M-26AUG241615-15,78750.21,0.5525969166666667,14.447403083333334,78730.4,-19.810000000012224,DOWN,0.4336734693877551,0.5663265306122449,0.4336734693877551,0.5663265306122449,DOWN,0.5663265306122449,0.57,0.6,0.4,0.43,0.43,0.1363265306122449,RAW,POSITIVE EDGE,,OLD_SCHEMA,DOWN,True,DOWN,True,True,False,False,False,False,True
2026-08-24 20:01:13.695818+00:00,78739.255,11.779999999998836,504,159393.9325774936,23773.6522645996,183167.5848420932,0.7404163811506865,13109.070659817598,BUY,0,0,0,-0.8052607729176033,-0.316734633260281,-1.205853558817355,409110.4034235554,131710.06089957908,0.512925010837298,BUY_IMBALANCE,NONE,KXBTC15M-26AUG241615-15,78750.21,1.4984091333333334,13.501590866666668,78695.45,-54.76000000000931,DOWN,0.4336734693877551,0.5663265306122449,0.4336734693877551,0.5663265306122449,DOWN,0.5663265306122449,0.45,0.46,0.54,0.55,0.55,0.0163265306122448,RAW,SMALL EDGE,,OLD_SCHEMA,DOWN,True,UP,False,False,True,False,False,True,False
2026-08-24 20:01:43.762024+00:00,78635.205,-104.05000000000292,498,11388.9052629839,80940.4868774127,92329.3921403966,-0.75329838096051,20730.7456588827,SELL,0,0,0,-1.149175549928823,-1.10207221778187,-0.7253671715704547,289710.93294435565,415818.1961782653,-0.1787413985170727,SELL_IMBALANCE,NONE,KXBTC15M-26AUG241615-15,78750.21,1.4984091333333334,13.501590866666668,78695.45,-54.76000000000931,DOWN,0.4336734693877551,0.5663265306122449,0.4336734693877551,0.5663265306122449,DOWN,0.5663265306122449,0.45,0.46,0.54,0.55,0.55,0.0163265306122448,RAW,SMALL EDGE,,OLD_SCHEMA,DOWN,True,DOWN,True,True,True,False,False,True,False
2026-08-24 20:02:13.727960+00:00,78620.935,-14.270000000004076,460,58882.900761338,46441.431265833904,105324.33202717191,0.1181253111797035,10264.8464424942,SELL,0,0,0,-1.0716122836495217,-0.8317048048746043,-0.981427729260638,145147.02831260566,273542.1674605438,-0.3066597859322457,NORMAL_OR_MIXED,NONE,KXBTC15M-26AUG241615-15,78750.21,2.4487689833333333,12.551231016666666,78632.02,-118.19000000000231,DOWN,0.3934426229508196,0.6065573770491803,0.3934426229508196,0.6065573770491803,DOWN,0.6065573770491803,0.27,0.28,0.72,0.73,0.73,-0.1234426229508196,RAW,NO VALUE,,OLD_SCHEMA,DOWN,True,UP,False,False,False,False,False,False,False
2026-08-24 20:02:43.782004+00:00,78590.13500000001,-30.79999999998836,542,46550.0327701251,62101.8099307291,108651.8427008542,-0.14313403964461,11983.9886145936,BUY,0,0,0,-1.0091411724089885,-0.8646313673735365,-0.8363134713873562,296974.6469773633,136336.93672174463,0.3707210153125417,NORMAL_OR_MIXED,NONE,KXBTC15M-26AUG241615-15,78750.21,2.4487689833333333,12.551231016666666,78632.02,-118.19000000000231,DOWN,0.3934426229508196,0.6065573770491803,0.3934426229508196,0.6065573770491803,DOWN,0.6065573770491803,0.27,0.28,0.72,0.73,0.73,-0.1234426229508196,RAW,NO VALUE,,OLD_SCHEMA,DOWN,True,DOWN,True,True,False,False,False,False,False
2026-08-24 20:03:13.728645+00:00,78611.39499999999,21.25999999998021,509,58041.1198685307,24371.6394061106,82412.7592746413,0.408546938104769,9282.687163,BUY,0,0,0,-1.091993285753881,-0.78676603007833,-1.1616601746492972,139860.05160337235,111637.2293970781,0.1122191941559944,NORMAL_OR_MIXED,NONE,KXBTC15M-26AUG241615-15,78750.21,3.38045265,11.61954735,78602.67,-147.54000000000815,DOWN,0.2738853503184713,0.7261146496815287,0.2738853503184713,0.7261146496815287,DOWN,0.7261146496815287,0.19,0.2,0.8,0.81,0.81,-0.0838853503184713,LEAN,NO VALUE,,OLD_SCHEMA,DOWN,True,UP,False,False,False,False,False,False,False
2026-08-24 20:03:43.809097+00:00,78570.045,-41.34999999999127,632,98948.2316970633,428879.0565528776,527827.2882499408,-0.6250734514877581,63587.0660076756,SELL,0,0,0,0.6001031268074105,-0.568162445606526,2.327898743410947,485629.18397079455,213704.5515212553,0.3888338552096498,SELL_IMBALANCE,NONE,KXBTC15M-26AUG241615-15,78750.21,3.38045265,11.61954735,78602.67,-147.54000000000815,DOWN,0.2738853503184713,0.7261146496815287,0.2738853503184713,0.7261146496815287,DOWN,0.7261146496815287,0.19,0.2,0.8,0.81,0.81,-0.0838853503184713,LEAN,NO VALUE,,OLD_SCHEMA,DOWN,True,DOWN,True,True,True,False,False,True,False
2026-08-24 20:04:13.712190+00:00,78568.285,-1.7599999999947613,541,20285.8031053343,713666.8171728931,733952.6202782274,-0.9447217639262756,80668.7645349894,SELL,0,0,0,1.3579137177617249,-0.9421889427391248,4.476679144458179,188791.7398057269,131885.12637254703,0.1774578070173099,SELL_IMBALANCE,SELL_FLOW_WEAK_FOLLOW_THROUGH,KXBTC15M-26AUG241615-15,78750.21,4.328537600000001,10.6714624,78560.2,-190.0100000000093,DOWN,0.0698924731182795,0.9301075268817204,0.0698924731182795,0.9301075268817204,DOWN,0.9301075268817204,0.13,0.14,0.86,0.87,0.87,0.0601075268817205,EARLY 90%+ / NOT YET VALIDATED LOCK,SMALL EDGE,,OLD_SCHEMA,DOWN,True,DOWN,True,True,True,True,False,True,False
2026-08-24 20:04:43.741741+00:00,78555.205,-13.080000000001746,528,34519.9393009675,64054.9079327194,98574.84723368689,-0.2996197251184646,9277.198805568,SELL,0,0,0,-1.0542928025737766,-0.8396872747717303,-0.8140600539303611,690706.5555934696,365570.9735207493,0.3078126468764084,NORMAL_OR_MIXED,NONE,KXBTC15M-26AUG241615-15,78750.21,4.328537600000001,10.6714624,78560.2,-190.0100000000093,DOWN,0.0698924731182795,0.9301075268817204,0.0698924731182795,0.9301075268817204,DOWN,0.9301075268817204,0.13,0.14,0.86,0.87,0.87,0.0601075268817205,EARLY 90%+ / NOT YET VALIDATED LOCK,SMALL EDGE,,OLD_SCHEMA,DOWN,True,DOWN,True,True,False,False,False,False,False
2026-08-24 20:05:13.731875+00:00,78576.965,21.75999999999476,575,140200.9634823916,495614.9974322334,635815.9609146251,-0.5589888518032429,74464.419859709,SELL,0,0,0,0.9284290811776176,-0.2886332546525054,2.1070627421302466,156550.44680367078,86130.15065422613,0.2901768698738348,SELL_IMBALANCE,SELL_FLOW_ABSORBED_OR_REVERSED,KXBTC15M-26AUG241615-15,78750.21,5.26105145,9.73894855,78575.98,-174.23000000001048,DOWN,0.0698924731182795,0.9301075268817204,0.0698924731182795,0.9301075268817204,DOWN,0.9301075268817204,0.11,0.12,0.88,0.89,0.89,0.0401075268817204,EARLY 90%+ / NOT YET VALIDATED LOCK,SMALL EDGE,,OLD_SCHEMA,DOWN,True,DOWN,True,True,True,True,False,True,False
2026-08-24 20:05:43.740664+00:00,78570.295,-6.669999999998254,529,75780.262456013,94511.4384302503,170291.7008862633,-0.1099946496320905,12001.8145086777,SELL,0,0,0,-0.813018637773755,-0.6233350305985699,-0.6428561639530839,214259.36986913625,149174.70371733038,0.1790824550640852,NORMAL_OR_MIXED,NONE,KXBTC15M-26AUG241615-15,78750.21,5.26105145,9.73894855,78575.98,-174.23000000001048,DOWN,0.0698924731182795,0.9301075268817204,0.0698924731182795,0.9301075268817204,DOWN,0.9301075268817204,0.11,0.12,0.88,0.89,0.89,0.0401075268817204,EARLY 90%+ / NOT YET VALIDATED LOCK,SMALL EDGE,,OLD_SCHEMA,DOWN,True,DOWN,True,True,False,False,False,False,False
2026-08-24 20:06:13.743966+00:00,78614.08499999999,43.7899999999936,552,287748.0463670871,32136.363711569,319884.4100786561,0.7990751490285694,37940.9629847464,BUY,0,0,0,-0.2628901148825832,0.4516270940924236,-1.0459824556563284,196732.37298006317,405127.1223718873,-0.3462514939138092,BUY_IMBALANCE,NONE,KXBTC15M-26AUG241615-15,78750.21,6.215379916666667,8.784620083333333,78614.08,-136.13000000000466,DOWN,0.0698924731182795,0.9301075268817204,0.0698924731182795,0.9301075268817204,DOWN,0.9301075268817204,0.099,0.1,0.9,0.901,0.901,0.0291075268817204,EARLY 90%+ / NOT YET VALIDATED LOCK,SMALL EDGE,,OLD_SCHEMA,DOWN,True,UP,False,False,True,False,False,True,False
2026-08-24 20:06:43.724618+00:00,78654.85500000001,40.77000000001863,626,842714.6264223509,89368.5677454607,932083.1941678117,0.8082390749996275,79849.2592357857,BUY,0,0,0,1.9611585301225625,3.2257721986968093,-0.6448109662348043,232085.0800424674,692180.6875551866,-0.4977957895255571,BUY_IMBALANCE,NONE,KXBTC15M-26AUG241615-15,78750.21,7.15906475,7.84093525,78658.41,-91.80000000000292,DOWN,0.2406015037593984,0.7593984962406015,0.2406015037593984,0.7593984962406015,DOWN,0.7593984962406015,0.2,0.21,0.79,0.8,0.8,-0.0406015037593985,LEAN,NO VALUE,,OLD_SCHEMA,DOWN,True,UP,False,False,True,False,False,True,False
2026-08-24 20:07:14.127834+00:00,78699.995,45.13999999998487,492,51007.8932630114,51413.8014019454,102421.6946649568,-0.0039631070376428,6294.3336,BUY,0,0,0,-1.0998789256787116,-0.7778768471191883,-0.8961422339051516,116129.04603785693,108243.8383502723,0.0351433182716698,NORMAL_OR_MIXED,NONE,KXBTC15M-26AUG241615-15,78750.21,7.15906475,7.84093525,78658.41,-91.80000000000292,DOWN,0.2406015037593984,0.7593984962406015,0.2406015037593984,0.7593984962406015,DOWN,0.7593984962406015,0.2,0.21,0.79,0.8,0.8,-0.0406015037593985,LEAN,NO VALUE,,OLD_SCHEMA,DOWN,True,DOWN,True,True,False,False,False,False,False
2026-08-24 20:07:43.722944+00:00,78711.535,11.540000000008147,476,15927.9060374579,41947.7463336487,57875.6523711066,-0.4495818056502936,10008.67123719,SELL,0,0,0,-1.2290402527185715,-0.9146761369682572,-0.950685944490255,95952.6916310813,149811.34836043138,-0.2191478327391186,NORMAL_OR_MIXED,NONE,KXBTC15M-26AUG241615-15,78750.21,8.099124283333333,6.9008757166666665,78744.68,-5.530000000013388,DOWN,0.4336734693877551,0.5663265306122449,0.4336734693877551,0.5663265306122449,DOWN,0.5663265306122449,0.3,0.31,0.69,0.7,0.7,-0.133673469387755,RAW,NO VALUE,,OLD_SCHEMA,DOWN,True,DOWN,True,True,False,False,False,False,False
2026-08-24 20:08:13.743471+00:00,78732.795,21.25999999999476,496,68497.8636396276,47770.6683435333,116268.53198316092,0.1782700352585186,8000.000083020699,BUY,0,0,0,-0.9650886683440584,-0.6302428488711026,-0.9055291932469088,85188.7498899925,163423.13787339028,-0.3146848233494676,NORMAL_OR_MIXED,NONE,KXBTC15M-26AUG241615-15,78750.21,8.099124283333333,6.9008757166666665,78744.68,-5.530000000013388,DOWN,0.4336734693877551,0.5663265306122449,0.4336734693877551,0.5663265306122449,DOWN,0.5663265306122449,0.3,0.31,0.69,0.7,0.7,-0.133673469387755,RAW,NO VALUE,,OLD_SCHEMA,DOWN,True,UP,False,False,False,False,False,False,False
2026-08-24 20:08:43.756419+00:00,78720.875,-11.919999999998254,500,8658.1546243851,40664.829121618,49322.9837460031,-0.6489200787619944,10014.102292889998,SELL,0,0,0,-1.1649671792284404,-0.8961175839213354,-0.916800681005058,346761.8543615858,171415.82128644607,0.3383897865840174,SELL_IMBALANCE,NONE,KXBTC15M-26AUG241615-15,78750.21,9.057407583333331,5.942592416666667,78706.62,-43.59000000001106,DOWN,0.3934426229508196,0.6065573770491803,0.3934426229508196,0.6065573770491803,DOWN,0.6065573770491803,0.28,0.29,0.71,0.72,0.72,-0.1134426229508196,RAW,NO VALUE,,OLD_SCHEMA,DOWN,True,DOWN,True,True,True,False,False,True,False
2026-08-24 20:09:13.739911+00:00,78696.095,-24.77999999999884,508,125370.5052801597,30291.4150799462,155661.9203601059,0.6108050702462041,13151.2004737059,BUY,0,0,0,-0.7827115197077467,-0.3452522728242741,-0.9746410871719494,245862.93799474428,122383.51081530984,0.3353173603667977,BUY_IMBALANCE,BUY_FLOW_ABSORBED_OR_REVERSED,KXBTC15M-26AUG241615-15,78750.21,9.057407583333331,5.942592416666667,78706.62,-43.59000000001106,DOWN,0.3934426229508196,0.6065573770491803,0.3934426229508196,0.6065573770491803,DOWN,0.6065573770491803,0.28,0.29,0.71,0.72,0.72,-0.1134426229508196,RAW,NO VALUE,,OLD_SCHEMA,DOWN,True,UP,False,False,True,True,False,True,False
2026-08-24 20:09:43.709676+00:00,78752.455,56.36000000000058,499,23704.0619589631,43801.302558073,67505.3645170361,-0.2977132372055857,10009.24907814,SELL,0,0,0,-1.075395545287944,-0.8117480385001307,-0.8754735425756514,200103.5979278737,46193.75725412509,0.6248944109043257,NORMAL_OR_MIXED,NONE,KXBTC15M-26AUG241615-15,78750.21,10.00558455,4.99441545,78778.0,27.7899999999936,UP,0.4285714285714285,0.5714285714285714,0.5714285714285714,0.4285714285714285,UP,0.5714285714285714,0.47,0.48,0.52,0.53,0.48,0.0914285714285714,RAW,SMALL EDGE,,OLD_SCHEMA,DOWN,False,DOWN,False,True,False,False,False,False,False
2026-08-24 20:10:13.722817+00:00,78777.64,25.18499999999767,508,230997.9573019543,132628.1566787183,363626.1139806726,0.2705245768692633,78777.0,BUY,0,0,0,-0.0586190980272802,0.1443232912881501,-0.3045296859114541,225015.20689152388,472963.4702949656,-0.3552375903557776,NORMAL_OR_MIXED,NONE,KXBTC15M-26AUG241615-15,78750.21,10.00558455,4.99441545,78778.0,27.7899999999936,UP,0.4285714285714285,0.5714285714285714,0.5714285714285714,0.4285714285714285,UP,0.5714285714285714,0.47,0.48,0.52,0.53,0.48,0.0914285714285714,RAW,SMALL EDGE,,OLD_SCHEMA,DOWN,False,UP,True,False,False,False,False,False,False
2026-08-24 20:10:43.714212+00:00,78789.10500000001,11.46500000001106,604,27447.948139023,594960.8520374259,622408.8001764489,-0.9118008995655532,98309.4626373123,SELL,0,0,0,0.8095935949358044,-0.7805155536251934,2.554849976392126,161297.0242006229,173341.8251398089,-0.0359934328095083,SELL_IMBALANCE,SELL_FLOW_ABSORBED_OR_REVERSED,KXBTC15M-26AUG241615-15,78750.21,10.958179966666668,4.041820033333333,78776.39,26.17999999999301,UP,0.4285714285714285,0.5714285714285714,0.5714285714285714,0.4285714285714285,UP,0.5714285714285714,0.63,0.64,0.36,0.37,0.64,-0.0685714285714286,RAW,NO VALUE,,OLD_SCHEMA,DOWN,False,DOWN,False,True,True,True,False,True,False
2026-08-24 20:11:13.760071+00:00,78747.845,-41.26000000000931,488,26806.3063215293,60014.9177896807,86821.22411121,-0.3824941632430133,12007.517314232,BUY,0,0,0,-1.0251895067309111,-0.7792315922897249,-0.7748243393676703,65810.79661379801,196583.5483111688,-0.4983825079567398,NORMAL_OR_MIXED,NONE,KXBTC15M-26AUG241615-15,78750.21,10.958179966666668,4.041820033333333,78776.39,26.17999999999301,UP,0.4285714285714285,0.5714285714285714,0.5714285714285714,0.4285714285714285,UP,0.5714285714285714,0.63,0.64,0.36,0.37,0.64,-0.0685714285714286,RAW,NO VALUE,,OLD_SCHEMA,DOWN,False,DOWN,False,True,False,False,False,False,False
2026-08-24 20:11:43.738473+00:00,78717.215,-30.630000000004657,506,12166.3043285545,57863.1938772836,70029.4982058381,-0.6525377265222146,7999.9990333614,SELL,0,0,0,-1.0365038321910185,-0.8059628238289002,-0.7466979996620698,172220.28678979853,148549.0091819854,0.0737953348561619,SELL_IMBALANCE,NONE,KXBTC15M-26AUG241615-15,78750.21,11.911712933333332,3.088287066666666,78717.22,-32.99000000000524,DOWN,0.2406015037593984,0.7593984962406015,0.2406015037593984,0.7593984962406015,DOWN,0.7593984962406015,0.33,0.34,0.66,0.67,0.67,0.0893984962406014,LEAN,SMALL EDGE,,OLD_SCHEMA,DOWN,True,DOWN,True,True,True,False,False,True,False
2026-08-24 20:12:13.779385+00:00,78684.09,-33.125,459,17258.901483019,217786.7449034126,235045.6463864316,-0.8531442573103937,78713.0,SELL,0,0,0,-0.4139178744815682,-0.7536798598100273,0.2356636470829785,33069.39624071789,228417.62256402988,-0.7470666315148072,SELL_IMBALANCE,NONE,KXBTC15M-26AUG241615-15,78750.21,11.911712933333332,3.088287066666666,78717.22,-32.99000000000524,DOWN,0.2406015037593984,0.7593984962406015,0.2406015037593984,0.7593984962406015,DOWN,0.7593984962406015,0.33,0.34,0.66,0.67,0.67,0.0893984962406014,LEAN,SMALL EDGE,,OLD_SCHEMA,DOWN,True,DOWN,True,True,True,False,False,True,False
2026-08-24 20:12:43.764219+00:00,78619.035,-65.05499999999302,709,59376.2333207378,327598.3404368874,386974.5737576252,-0.6931259191311776,28028.609926,SELL,0,0,0,0.1390395156682441,-0.5328654076027082,0.873421467250784,110211.5192335811,199661.9095353316,-0.288667507430777,SELL_IMBALANCE,NONE,KXBTC15M-26AUG241615-15,78750.21,12.862198516666666,2.1378014833333334,78625.68,-124.5300000000134,DOWN,0.0698924731182795,0.9301075268817204,0.0698924731182795,0.9301075268817204,DOWN,0.9301075268817204,0.026,0.027,0.973,0.974,0.974,-0.0438924731182794,LOCK,NO VALUE,,OLD_SCHEMA,DOWN,True,DOWN,True,True,True,False,False,True,False
2026-08-24 20:13:13.756121+00:00,78641.505,22.470000000001164,437,30767.810594944905,37526.3825426417,68294.19313758661,-0.0989626150803315,3986.159229,SELL,0,0,0,-1.0065797995276673,-0.6470733214133048,-0.8375198160568589,187365.4990904496,174938.29162174975,0.0343005173759596,NORMAL_OR_MIXED,NONE,KXBTC15M-26AUG241615-15,78750.21,12.862198516666666,2.1378014833333334,78625.68,-124.5300000000134,DOWN,0.0698924731182795,0.9301075268817204,0.0698924731182795,0.9301075268817204,DOWN,0.9301075268817204,0.026,0.027,0.973,0.974,0.974,-0.0438924731182794,LOCK,NO VALUE,,OLD_SCHEMA,DOWN,True,DOWN,True,True,False,False,False,False,False
2026-08-24 20:13:43.720487+00:00,78650.475,8.970000000001164,501,48221.8071127376,34591.2471796596,82813.0542923972,0.1645943390150915,8483.3011513,SELL,0,0,0,-0.9125994533793916,-0.5445733575254689,-0.8198357981303193,602568.86451453,123814.14627973802,0.6590940469701991,NORMAL_OR_MIXED,NONE,KXBTC15M-26AUG241615-15,78750.21,13.81566745,1.18433255,78650.48,-99.73000000001048,DOWN,0.0512820512820512,0.9487179487179488,0.0512820512820512,0.9487179487179488,DOWN,0.9487179487179488,0.002,0.003,0.997,0.998,0.998,-0.0492820512820513,LOCK,NO VALUE,,OLD_SCHEMA,DOWN,True,UP,False,False,False,False,False,False,False
2026-08-24 20:14:13.718935+00:00,78664.36499999999,13.889999999984866,511,87924.0300401238,53144.737969916096,141068.7680100399,0.2465414036063068,13977.7006672548,BUY,0,0,0,-0.6754308250160013,-0.3430331751243713,-0.6846982950757041,323023.62901656854,154339.0888221946,0.3533676466358435,NORMAL_OR_MIXED,NONE,KXBTC15M-26AUG241615-15,78750.21,13.81566745,1.18433255,78650.48,-99.73000000001048,DOWN,0.0512820512820512,0.9487179487179488,0.0512820512820512,0.9487179487179488,DOWN,0.9487179487179488,0.002,0.003,0.997,0.998,0.998,-0.0492820512820513,LOCK,NO VALUE,,OLD_SCHEMA,DOWN,True,UP,False,False,False,False,False,False,False
2026-08-24 20:14:43.729428+00:00,78670.67499999999,6.309999999997672,480,30888.220732813297,52909.7696892639,83797.9904220772,-0.2627932823392488,16053.871347056798,BUY,0,0,0,-0.8778930440978184,-0.6192841838314139,-0.6774978569217734,322827.980102374,218685.16159778883,0.1923181738075884,NORMAL_OR_MIXED,NONE,KXBTC15M-26AUG241615-15,78750.21,14.76442925,0.23557075,78670.68,-79.53000000001339,DOWN,0.0119047619047619,0.988095238095238,0.0119047619047619,0.988095238095238,DOWN,0.988095238095238,0.001,0.002,0.998,0.999,0.999,-0.0109047619047618,LOCK,NO VALUE,,OLD_SCHEMA,DOWN,True,DOWN,True,True,False,False,False,False,False
2026-08-24 20:15:13.709668+00:00,78644.725,-25.949999999982538,488,8223.1132708561,16917.5430041985,25140.6562750546,-0.3458314547647391,3147.4186365524,SELL,0,0,0,-1.0620025956946515,-0.718877410494719,-0.8648157104931226,134818.41247251577,238471.6544374145,-0.2776747927501344,NORMAL_OR_MIXED,NONE,KXBTC15M-26AUG241615-15,78750.21,14.76442925,0.23557075,78670.68,-79.53000000001339,DOWN,0.0119047619047619,0.988095238095238,0.0119047619047619,0.988095238095238,DOWN,0.988095238095238,0.001,0.002,0.998,0.999,0.999,-0.0109047619047618,LOCK,NO VALUE,,OLD_SCHEMA,DOWN,True,DOWN,True,True,False,False,False,False,False
2026-08-24 20:15:43.763640+00:00,78611.405,-33.320000000006985,486,4305.8518416916,54920.7197425073,59226.5715841989,-0.8545972955544042,10444.1258367936,SELL,0,0,0,-0.8883768580528306,-0.6986503710461053,-0.6081194584946075,111217.3716736007,241730.1126247164,-0.3697794905964087,SELL_IMBALANCE,NONE,KXBTC15M-26AUG241630-30,78661.58,0.7178734999999999,14.2821265,78614.64,-46.94000000000233,DOWN,0.4285714285714285,0.5714285714285714,0.4285714285714285,0.5714285714285714,DOWN,0.5714285714285714,0.45,0.46,0.54,0.55,0.55,0.0214285714285713,RAW,SMALL EDGE,,OLD_SCHEMA,UP,False,DOWN,True,False,True,False,False,True,False
2026-08-24 20:16:13.749216+00:00,78673.275,61.86999999999534,529,66857.184031919,28037.1118186308,94894.2958505498,0.40908752064957,7255.518215569199,BUY,0,0,0,-0.7283279576025566,-0.3756399287591451,-0.740076179298116,583929.257456561,150109.43402968542,0.5910040280690081,NORMAL_OR_MIXED,NONE,KXBTC15M-26AUG241630-30,78661.58,1.6653763499999998,13.33462365,78681.22,19.639999999999414,UP,0.3934426229508196,0.6065573770491803,0.6065573770491803,0.3934426229508196,UP,0.6065573770491803,0.56,0.57,0.43,0.44,0.57,0.0365573770491803,RAW,SMALL EDGE,,OLD_SCHEMA,UP,True,UP,True,True,False,False,False,False,False
2026-08-24 20:16:43.915393+00:00,78690.985,17.710000000006403,473,57494.6844624961,23284.1437456454,80778.8282081415,0.4235087519306538,9292.983121,BUY,0,0,0,-0.7625780938636039,-0.4250101930353553,-0.740122081818891,469617.9013924428,154965.57972692154,0.5037794485080016,NORMAL_OR_MIXED,NONE,KXBTC15M-26AUG241630-30,78661.58,1.6653763499999998,13.33462365,78681.22,19.639999999999414,UP,0.3934426229508196,0.6065573770491803,0.6065573770491803,0.3934426229508196,UP,0.6065573770491803,0.56,0.57,0.43,0.44,0.57,0.0365573770491803,RAW,SMALL EDGE,,OLD_SCHEMA,UP,True,UP,True,True,False,False,False,False,False
2026-08-24 20:17:13.740869+00:00,78692.805,1.819999999992433,490,84539.5357278584,33225.201112045695,117764.7368399041,0.4357359935816122,17948.795953583,BUY,0,0,0,-0.6083302880908673,-0.2931039477227313,-0.6498192845247966,467543.0895199993,134578.29851820006,0.5529861546467363,NORMAL_OR_MIXED,NONE,KXBTC15M-26AUG241630-30,78661.58,2.6195662166666667,12.380433783333332,78663.77,2.1900000000023283,UP,0.4336734693877551,0.5663265306122449,0.5663265306122449,0.4336734693877551,UP,0.5663265306122449,0.51,0.52,0.48,0.49,0.52,0.0463265306122449,RAW,SMALL EDGE,,OLD_SCHEMA,UP,True,UP,True,True,False,False,False,False,False
2026-08-24 20:17:43.820474+00:00,78669.255,-23.54999999998836,529,20040.7691387752,29538.7610769008,49579.530215676,-0.1915708337051272,7869.265048368,SELL,0,0,0,-0.8300185285479975,-0.6010250759678436,-0.6502228602657683,283713.1815347101,163032.99559110176,0.2701314350802438,NORMAL_OR_MIXED,NONE,KXBTC15M-26AUG241630-30,78661.58,2.6195662166666667,12.380433783333332,78663.77,2.1900000000023283,UP,0.4336734693877551,0.5663265306122449,0.5663265306122449,0.4336734693877551,UP,0.5663265306122449,0.51,0.52,0.48,0.49,0.52,0.0463265306122449,RAW,SMALL EDGE,,OLD_SCHEMA,UP,True,DOWN,False,False,False,False,False,False,False
2026-08-24 20:18:13.731391+00:00,78667.505,-1.75,452,27185.7099174096,22458.907431958403,49644.617349368,0.0952127891768586,6000.6917023452,BUY,0,0,0,-0.7973844438435693,-0.5428383412722394,-0.6698650322230113,357371.61501664,251265.01706595777,0.174334886133312,NORMAL_OR_MIXED,NONE,KXBTC15M-26AUG241630-30,78661.58,3.5715842833333338,11.428415716666668,78664.56,2.979999999995925,UP,0.4285714285714285,0.5714285714285714,0.5714285714285714,0.4285714285714285,UP,0.5714285714285714,0.54,0.55,0.45,0.46,0.55,0.0214285714285713,RAW,SMALL EDGE,,OLD_SCHEMA,UP,True,UP,True,True,False,False,False,False,False
2026-08-24 20:18:43.759779+00:00,78668.515,1.0099999999947613,441,53627.3969441928,40123.7759853385,93751.1729295313,0.1440368214806697,8487.5466228,BUY,0,0,0,-0.6170618290552108,-0.3995973034525009,-0.5456763157067356,158110.3360270858,216831.9484718044,-0.1566150708320347,NORMAL_OR_MIXED,NONE,KXBTC15M-26AUG241630-30,78661.58,3.5715842833333338,11.428415716666668,78664.56,2.979999999995925,UP,0.4285714285714285,0.5714285714285714,0.5714285714285714,0.4285714285714285,UP,0.5714285714285714,0.54,0.55,0.45,0.46,0.55,0.0214285714285713,RAW,SMALL EDGE,,OLD_SCHEMA,UP,True,UP,True,True,False,False,False,False,False
2026-08-24 20:19:13.730536+00:00,78706.3,37.78500000000349,484,46511.731320529696,19720.8916352378,66232.6229557675,0.4044961303009813,8000.000044055199,BUY,0,0,0,-0.6987510741825409,-0.4073215911783378,-0.63545546976956,523488.5211018996,122004.49148674637,0.6219804425226325,NORMAL_OR_MIXED,NONE,KXBTC15M-26AUG241630-30,78661.58,4.526531933333334,10.473468066666667,78720.88,59.30000000000291,UP,0.2406015037593984,0.7593984962406015,0.7593984962406015,0.2406015037593984,UP,0.7593984962406015,0.58,0.59,0.41,0.42,0.59,0.1693984962406015,LEAN,POSITIVE EDGE,,OLD_SCHEMA,UP,True,UP,True,True,False,False,False,False,False
2026-08-24 20:19:43.791893+00:00,78720.875,14.57499999999709,444,22989.6132700931,19060.1513344108,42049.7646045039,0.0934478937668398,4307.132163,BUY,0,0,0,-0.7634317484176025,-0.522603827841361,-0.6225749230357841,104955.80497954952,184764.24187710276,-0.2754674305884012,NORMAL_OR_MIXED,NONE,KXBTC15M-26AUG241630-30,78661.58,4.526531933333334,10.473468066666667,78720.88,59.30000000000291,UP,0.2406015037593984,0.7593984962406015,0.7593984962406015,0.2406015037593984,UP,0.7593984962406015,0.58,0.59,0.41,0.42,0.59,0.1693984962406015,LEAN,POSITIVE EDGE,,OLD_SCHEMA,UP,True,UP,True,True,False,False,False,False,False
2026-08-24 20:20:13.735759+00:00,78730.39499999999,9.519999999989524,447,12646.3944223046,20782.3663128696,33428.7607351742,-0.2433823962251828,7872.0625965303,SELL,0,0,0,-0.7610082152506608,-0.5510656749813185,-0.584106042564995,186412.6531628201,109258.4934915292,0.2609458533384964,NORMAL_OR_MIXED,NONE,KXBTC15M-26AUG241630-30,78661.58,5.477972466666667,9.522027533333333,78730.4,68.81999999999243,UP,0.1981132075471698,0.8018867924528301,0.8018867924528301,0.1981132075471698,UP,0.8018867924528301,0.74,0.75,0.25,0.26,0.75,0.0518867924528301,STRONG,SMALL EDGE,,OLD_SCHEMA,UP,True,DOWN,False,False,False,False,False,False,False
2026-08-24 20:20:43.849517+00:00,78736.11499999999,5.720000000001164,499,48286.7326513998,54633.89323598579,102920.6258873856,-0.0616704429249291,13001.7975001223,BUY,0,0,0,-0.4357583024935904,-0.2695663565465543,-0.3748615219272408,545488.1343434341,213695.14265281823,0.437039383959262,NORMAL_OR_MIXED,NONE,KXBTC15M-26AUG241630-30,78661.58,5.477972466666667,9.522027533333333,78730.4,68.81999999999243,UP,0.1981132075471698,0.8018867924528301,0.8018867924528301,0.1981132075471698,UP,0.8018867924528301,0.74,0.75,0.25,0.26,0.75,0.0518867924528301,STRONG,SMALL EDGE,,OLD_SCHEMA,UP,True,DOWN,False,False,False,False,False,False,False
2026-08-24 20:21:13.750342+00:00,78755.705,19.59000000001106,463,29687.561177910105,12962.4048729623,42649.966050872405,0.3921493462620397,9299.17038,BUY,0,0,0,-0.682753919789432,-0.3624005991001207,-0.5850513392666575,128466.54646018195,171703.78499238097,-0.1440423453009777,NORMAL_OR_MIXED,NONE,KXBTC15M-26AUG241630-30,78661.58,6.4294181833333335,8.570581816666667,78747.97,86.38999999999942,UP,0.0698924731182795,0.9301075268817204,0.9301075268817204,0.0698924731182795,UP,0.9301075268817204,0.77,0.78,0.22,0.23,0.78,0.1501075268817204,EARLY 90%+ / NOT YET VALIDATED LOCK,POSITIVE EDGE,,OLD_SCHEMA,UP,True,UP,True,True,False,False,False,False,False
2026-08-24 20:21:43.825906+00:00,78701.845,-53.86000000000058,492,6172.553199336599,60498.4391456077,66670.9923449443,-0.8148354184560245,7999.998505560001,SELL,0,0,0,-0.5497583956461253,-0.5135520912042238,-0.2922958944206776,249787.06867498625,235402.71961997155,0.0296468503707875,SELL_IMBALANCE,NONE,KXBTC15M-26AUG241630-30,78661.58,6.4294181833333335,8.570581816666667,78747.97,86.38999999999942,UP,0.0698924731182795,0.9301075268817204,0.9301075268817204,0.0698924731182795,UP,0.9301075268817204,0.77,0.78,0.22,0.23,0.78,0.1501075268817204,EARLY 90%+ / NOT YET VALIDATED LOCK,POSITIVE EDGE,,OLD_SCHEMA,UP,True,DOWN,False,False,True,False,False,True,False
2026-08-24 20:22:13.764701+00:00,78702.655,0.8099999999976717,591,182929.619746485,50738.9318364432,233668.5515829282,0.5657187799322998,16012.4243962032,BUY,0,0,0,0.2361998360163583,0.7952157271625511,-0.348579943293796,155815.6658833895,142249.6018375099,0.0455137364699013,BUY_IMBALANCE,BUY_FLOW_WEAK_FOLLOW_THROUGH,KXBTC15M-26AUG241630-30,78661.58,7.370926133333333,7.629073866666667,78691.37,29.7899999999936,UP,0.3652173913043478,0.6347826086956522,0.6347826086956522,0.3652173913043478,UP,0.6347826086956522,0.67,0.68,0.32,0.33,0.68,-0.0452173913043478,RAW,NO VALUE,,OLD_SCHEMA,UP,True,UP,True,True,True,True,False,True,False
2026-08-24 20:22:43.761661+00:00,78701.845,-0.8099999999976717,410,24069.9751344836,23909.926738012,47979.9018724956,0.0033357383034446,7869.92,SELL,0,0,0,-0.6492193062034659,-0.399917684339567,-0.5132374827734538,435174.2816408044,176349.93703876337,0.42324463479289,NORMAL_OR_MIXED,NONE,KXBTC15M-26AUG241630-30,78661.58,7.370926133333333,7.629073866666667,78691.37,29.7899999999936,UP,0.3652173913043478,0.6347826086956522,0.6347826086956522,0.3652173913043478,UP,0.6347826086956522,0.67,0.68,0.32,0.33,0.68,-0.0452173913043478,RAW,NO VALUE,,OLD_SCHEMA,UP,True,UP,True,True,False,False,False,False,False
2026-08-24 20:23:13.793977+00:00,78749.445,47.60000000000582,632,147768.9879287067,213855.9399424184,361624.92787112505,-0.1827499901701013,49874.999789172,SELL,0,0,0,0.8255164755157381,0.5118599414965387,0.651622394056414,225928.7738594653,336345.73555733403,-0.196375542281643,NORMAL_OR_MIXED,NONE,KXBTC15M-26AUG241630-30,78661.58,8.32029395,6.679706049999999,78754.21,92.63000000000466,UP,0.0344827586206896,0.9655172413793104,0.9655172413793104,0.0344827586206896,UP,0.9655172413793104,0.84,0.85,0.15,0.16,0.85,0.1155172413793104,90%+ LOCK CANDIDATE,POSITIVE EDGE,,OLD_SCHEMA,UP,True,DOWN,False,False,False,False,False,False,False
2026-08-24 20:23:43.765672+00:00,78774.465,25.019999999989523,422,99177.8119506778,5818.5713629738,104996.3833136516,0.8891662516490266,14295.3036851343,BUY,0,0,0,-0.4039909682967008,0.1386723263587886,-0.6442905519926346,235128.07309022575,180426.6496816924,0.1316347051566464,BUY_IMBALANCE,NONE,KXBTC15M-26AUG241630-30,78661.58,8.32029395,6.679706049999999,78754.21,92.63000000000466,UP,0.0344827586206896,0.9655172413793104,0.9655172413793104,0.0344827586206896,UP,0.9655172413793104,0.84,0.85,0.15,0.16,0.85,0.1155172413793104,90%+ LOCK CANDIDATE,POSITIVE EDGE,,OLD_SCHEMA,UP,True,UP,True,True,True,False,False,True,False
2026-08-24 20:24:13.780507+00:00,78744.685,-29.77999999999884,555,23501.1846198434,107650.7018577621,131151.8864776055,-0.6416188092901541,13167.1378479952,SELL,0,0,0,-0.2405173980332273,-0.4147483439022988,0.041596523842449,121737.05337063252,265517.07907088305,-0.3712808041421344,SELL_IMBALANCE,NONE,KXBTC15M-26AUG241630-30,78661.58,9.282955266666669,5.717044733333334,78755.4,93.81999999999243,UP,0.0698924731182795,0.9301075268817204,0.9301075268817204,0.0698924731182795,UP,0.9301075268817204,0.88,0.89,0.11,0.12,0.89,0.0401075268817204,90%+ LOCK CANDIDATE,SMALL EDGE,,OLD_SCHEMA,UP,True,DOWN,False,False,True,False,False,True,False
2026-08-24 20:24:43.735734+00:00,78707.155,-37.52999999999884,505,37998.4494005853,99125.3659877835,137123.8153883688,-0.4457789948016801,17227.6771489744,SELL,0,0,0,-0.1541620589763357,-0.309403955331089,0.1072504637379085,391738.4022159617,177454.16638824824,0.3764705437971323,NORMAL_OR_MIXED,NONE,KXBTC15M-26AUG241630-30,78661.58,9.282955266666669,5.717044733333334,78755.4,93.81999999999243,UP,0.0698924731182795,0.9301075268817204,0.9301075268817204,0.0698924731182795,UP,0.9301075268817204,0.88,0.89,0.11,0.12,0.89,0.0401075268817204,90%+ LOCK CANDIDATE,SMALL EDGE,,OLD_SCHEMA,UP,True,DOWN,False,False,False,False,False,False,False
2026-08-24 20:25:13.735280+00:00,78712.775,5.619999999995343,477,36711.608093665,82009.7083562146,118721.3164498796,-0.3815498481409867,15743.94,SELL,0,0,0,-0.2569394651685843,-0.319517821973562,-0.039428567076865,312340.2084250639,156473.22522568956,0.3324712391144677,NORMAL_OR_MIXED,NONE,KXBTC15M-26AUG241630-30,78661.58,10.227952583333332,4.772047416666666,78712.78,51.19999999999709,UP,0.2406015037593984,0.7593984962406015,0.7593984962406015,0.2406015037593984,UP,0.7593984962406015,0.73,0.74,0.26,0.27,0.74,0.0193984962406015,LEAN,SMALL EDGE,,OLD_SCHEMA,UP,True,DOWN,False,False,False,False,False,False,False
2026-08-24 20:25:43.828086+00:00,78702.315,-10.459999999991853,494,154323.5310892316,87468.5247080884,241792.05579732,0.2764979443211476,20530.8273869909,BUY,0,0,0,0.5046953980669232,0.560554865737188,0.105706584469107,384759.5234637798,210577.63928833252,0.2925768708444856,NORMAL_OR_MIXED,NONE,KXBTC15M-26AUG241630-30,78661.58,11.176004366666666,3.823995633333333,78666.99,5.4100000000034925,UP,0.3652173913043478,0.6347826086956522,0.6347826086956522,0.3652173913043478,UP,0.6347826086956522,0.57,0.58,0.42,0.43,0.58,0.0547826086956522,RAW,SMALL EDGE,,OLD_SCHEMA,UP,True,UP,True,True,False,False,False,False,False
2026-08-24 20:26:13.761937+00:00,78665.88500000001,-36.429999999993015,477,25544.9126073905,172211.7494890174,197756.6620964079,-0.7416530766995132,78679.0,SELL,0,0,0,0.2396288991112251,-0.3956540526313847,0.9246975725636544,305729.44405957893,149030.86846648678,0.3445739904669244,SELL_IMBALANCE,NONE,KXBTC15M-26AUG241630-30,78661.58,11.176004366666666,3.823995633333333,78666.99,5.4100000000034925,UP,0.3652173913043478,0.6347826086956522,0.6347826086956522,0.3652173913043478,UP,0.6347826086956522,0.57,0.58,0.42,0.43,0.58,0.0547826086956522,RAW,SMALL EDGE,,OLD_SCHEMA,UP,True,DOWN,False,False,True,False,False,True,False
2026-08-24 20:26:43.783889+00:00,78627.505,-38.38000000000466,500,4609.6829043042,152351.4129069563,156961.09581126051,-0.9412633700028806,29858.4841206392,SELL,0,0,0,0.0227978313274985,-0.5152160974231437,0.6939664982246205,289717.26575766393,217838.869947182,0.1416166424836221,SELL_IMBALANCE,NONE,KXBTC15M-26AUG241630-30,78661.58,12.127235233333332,2.8727647666666667,78644.71,-16.869999999995343,DOWN,0.4285714285714285,0.5714285714285714,0.4285714285714285,0.5714285714285714,DOWN,0.5714285714285714,0.29,0.3,0.7,0.71,0.71,-0.1385714285714285,RAW,NO VALUE,,OLD_SCHEMA,UP,False,DOWN,True,False,True,False,False,True,False
2026-08-24 20:27:13.966714+00:00,78644.805,17.29999999998836,478,24058.8471877692,10167.4807851834,34226.3279729526,0.4058678574448147,7162.769788850499,SELL,0,0,0,-0.8389917647267485,-0.5526871870331799,-0.677772667945102,264748.7005645044,162039.73099013726,0.2406554676288533,NORMAL_OR_MIXED,NONE,KXBTC15M-26AUG241630-30,78661.58,12.127235233333332,2.8727647666666667,78644.71,-16.869999999995343,DOWN,0.4285714285714285,0.5714285714285714,0.4285714285714285,0.5714285714285714,DOWN,0.5714285714285714,0.29,0.3,0.7,0.71,0.71,-0.1385714285714285,RAW,NO VALUE,,OLD_SCHEMA,UP,False,UP,False,True,False,False,False,False,False
2026-08-24 20:27:43.756429+00:00,78611.505,-33.29999999998836,480,35443.6745726208,107027.3675258607,142471.0420984815,-0.5024438082214523,26029.905251016706,SELL,0,0,0,0.0880332368060632,-0.3151555344551494,0.2524048547860093,93634.6152997127,185953.3680894558,-0.3301957103830221,SELL_IMBALANCE,NONE,KXBTC15M-26AUG241630-30,78661.58,13.083462566666666,1.9165374333333327,78673.3,11.720000000001164,UP,0.2738853503184713,0.7261146496815287,0.7261146496815287,0.2738853503184713,UP,0.7261146496815287,0.38,0.39,0.61,0.62,0.39,0.3361146496815287,LEAN,IDEAL <=50c / LARGE EDGE,,OLD_SCHEMA,UP,True,DOWN,False,False,True,False,False,True,False
2026-08-24 20:28:13.742692+00:00,78642.055,30.54999999998836,569,55195.418842823696,122842.5269420988,178037.94578492251,-0.3799589340409247,15999.441148800002,SELL,0,0,0,0.3699098808979119,0.0613370079030036,0.3871457677658761,289188.98211335856,194866.4736963641,0.1948588891725491,NORMAL_OR_MIXED,NONE,KXBTC15M-26AUG241630-30,78661.58,13.083462566666666,1.9165374333333327,78673.3,11.720000000001164,UP,0.2738853503184713,0.7261146496815287,0.7261146496815287,0.2738853503184713,UP,0.7261146496815287,0.38,0.39,0.61,0.62,0.39,0.3361146496815287,LEAN,IDEAL <=50c / LARGE EDGE,,OLD_SCHEMA,UP,True,DOWN,False,False,False,False,False,False,False
2026-08-24 20:28:43.720788+00:00,78635.205,-6.849999999991269,479,133807.4352976403,60738.3446941797,194545.77999182,0.3755881551711526,23605.548177002,BUY,0,0,0,0.4951386789650342,1.6126119473486602,-0.2192610815718119,171265.01581357187,224162.9752311117,-0.1337739376461145,NORMAL_OR_MIXED,NONE,KXBTC15M-26AUG241630-30,78661.58,14.038087683333334,0.9619123166666668,78674.19,12.610000000000582,UP,0.2406015037593984,0.7593984962406015,0.7593984962406015,0.2406015037593984,UP,0.7593984962406015,0.23,0.24,0.76,0.77,0.24,0.5193984962406015,LEAN,IDEAL <=50c / LARGE EDGE,,OLD_SCHEMA,UP,True,UP,True,True,False,False,False,False,False
2026-08-24 20:29:13.830650+00:00,78656.655,21.44999999999709,503,79948.9462839816,59402.7004335123,139351.6467174939,0.1474417155049662,19109.3266947618,BUY,0,0,0,0.0008916257865063,0.4825187175110222,-0.2370294362887539,190720.8244184089,136110.8584467702,0.1670889599591414,NORMAL_OR_MIXED,NONE,KXBTC15M-26AUG241630-30,78661.58,14.038087683333334,0.9619123166666668,78674.19,12.610000000000582,UP,0.2406015037593984,0.7593984962406015,0.7593984962406015,0.2406015037593984,UP,0.7593984962406015,0.23,0.24,0.76,0.77,0.24,0.5193984962406015,LEAN,IDEAL <=50c / LARGE EDGE,,OLD_SCHEMA,UP,True,UP,True,True,False,False,False,False,False
2026-08-24 20:29:43.722216+00:00,78693.125,36.47000000000117,499,64630.0192610479,85907.0788022177,150537.0980632656,-0.1413409705309171,31401.4854397242,SELL,0,0,0,0.0987122753076833,0.2140694642241224,0.007605583098908,254816.8979350232,101381.3488756685,0.4307588553093046,NORMAL_OR_MIXED,NONE,KXBTC15M-26AUG241630-30,78661.58,14.997259,0.002741,78691.56,29.979999999995925,UP,0.109375,0.890625,0.890625,0.109375,UP,0.890625,0.49,0.53,0.47,0.51,0.53,0.360625,STRONG,LARGE EDGE / PRICE ABOVE 50c,,OLD_SCHEMA,UP,True,DOWN,False,False,False,False,False,False,False
2026-08-24 20:30:13.754947+00:00,78691.735,-1.389999999999418,455,22439.8162088444,28849.0233195404,51288.8395283848,-0.1249629972062235,8271.630151313999,SELL,0,0,0,-0.759705477286504,-0.6371880537599961,-0.5463848900120223,282036.84300351155,210979.9094507792,0.1441268135393032,NORMAL_OR_MIXED,NONE,KXBTC15M-26AUG241630-30,78661.58,14.997259,0.002741,78691.56,29.979999999995925,UP,0.109375,0.890625,0.890625,0.109375,UP,0.890625,0.49,0.53,0.47,0.51,0.53,0.360625,STRONG,LARGE EDGE / PRICE ABOVE 50c,,OLD_SCHEMA,UP,True,DOWN,False,False,False,False,False,False,False
2026-08-24 20:30:43.758175+00:00,78688.85500000001,-2.8799999999901047,509,62098.9804240954,74311.3819804425,136410.3624045379,-0.0895269343257813,14702.299691992,SELL,0,0,0,0.0291906098184656,0.2965051351074416,-0.088143374302472,262030.43673792508,157035.57049051052,0.2505449366838794,NORMAL_OR_MIXED,NONE,KXBTC15M-26AUG241645-45,78672.77,0.9604422833333334,14.039557716666668,78678.05,5.279999999998836,UP,0.4336734693877551,0.5663265306122449,0.5663265306122449,0.4336734693877551,UP,0.5663265306122449,0.53,0.54,0.46,0.47,0.54,0.0263265306122448,RAW,SMALL EDGE,,OLD_SCHEMA,UP,True,DOWN,False,False,False,False,False,False,False
2026-08-24 20:31:13.797970+00:00,78694.60500000001,5.75,472,149192.8213941936,30727.1171525491,179919.9385467427,0.6584356642099867,28397.693879712,BUY,0,0,0,0.7211829572448281,2.3380741952499857,-0.6059990739152288,407598.8218898913,174391.04143350158,0.4007076328180027,BUY_IMBALANCE,NONE,KXBTC15M-26AUG241645-45,78672.77,0.9604422833333334,14.039557716666668,78678.05,5.279999999998836,UP,0.4336734693877551,0.5663265306122449,0.5663265306122449,0.4336734693877551,UP,0.5663265306122449,0.53,0.54,0.46,0.47,0.54,0.0263265306122448,RAW,SMALL EDGE,,OLD_SCHEMA,UP,True,UP,True,True,True,False,False,True,False
2026-08-24 20:31:43.753108+00:00,78635.205,-59.40000000000873,487,19811.330973032706,48827.1275830754,68638.4585561081,-0.4227338028916239,9290.0208104472,SELL,0,0,0,-0.6657460152993749,-0.751431051351809,-0.3180847925666932,180213.18616959345,200332.31904438089,-0.0528691906726761,NORMAL_OR_MIXED,NONE,KXBTC15M-26AUG241645-45,78672.77,1.9160834333333332,13.083916566666666,78634.89,-37.88000000000466,DOWN,0.4336734693877551,0.5663265306122449,0.4336734693877551,0.5663265306122449,DOWN,0.5663265306122449,0.4,0.41,0.59,0.6,0.6,-0.033673469387755,RAW,NO VALUE,,OLD_SCHEMA,UP,False,DOWN,True,False,False,False,False,False,False
2026-08-24 20:32:13.804933+00:00,78658.995,23.7899999999936,467,67768.59081269731,13041.884165419,80810.47497811631,0.6772229300978424,17056.198013940102,BUY,0,0,0,-0.5168843727755189,0.3162233382799131,-0.8562200289799867,241213.5582595765,117153.0623033064,0.3461831790064865,BUY_IMBALANCE,NONE,KXBTC15M-26AUG241645-45,78672.77,1.9160834333333332,13.083916566666666,78634.89,-37.88000000000466,DOWN,0.4336734693877551,0.5663265306122449,0.4336734693877551,0.5663265306122449,DOWN,0.5663265306122449,0.4,0.41,0.59,0.6,0.6,-0.033673469387755,RAW,NO VALUE,,OLD_SCHEMA,UP,False,UP,False,True,True,False,False,True,False
2026-08-24 20:32:43.743457+00:00,78687.555,28.55999999999767,485,32895.747324159,53286.1539789355,86181.90130309449,-0.2365973173771736,11991.9651425288,SELL,0,0,0,-0.4132434346672943,-0.4972408223868191,-0.1799007233300149,169476.2313305334,148530.205524393,0.0658666724274386,NORMAL_OR_MIXED,NONE,KXBTC15M-26AUG241645-45,78672.77,2.876271866666667,12.123728133333334,78695.36,22.589999999996508,UP,0.4285714285714285,0.5714285714285714,0.5714285714285714,0.4285714285714285,UP,0.5714285714285714,0.54,0.55,0.45,0.46,0.55,0.0214285714285713,RAW,SMALL EDGE,,OLD_SCHEMA,UP,True,DOWN,False,False,False,False,False,False,False
2026-08-24 20:33:13.854568+00:00,78706.58499999999,19.02999999999884,509,80159.7300102146,31454.411494104297,111614.14150431888,0.4363722899237249,14306.151059999998,SELL,0,0,0,-0.0037942913562401,0.5831481123408326,-0.5719691695977069,249339.5610909984,155902.52843850842,0.2305708984004401,NORMAL_OR_MIXED,NONE,KXBTC15M-26AUG241645-45,78672.77,2.876271866666667,12.123728133333334,78695.36,22.589999999996508,UP,0.4285714285714285,0.5714285714285714,0.5714285714285714,0.4285714285714285,UP,0.5714285714285714,0.54,0.55,0.45,0.46,0.55,0.0214285714285713,RAW,SMALL EDGE,,OLD_SCHEMA,UP,True,UP,True,True,False,False,False,False,False
2026-08-24 20:33:43.740160+00:00,78764.405,57.820000000006985,517,186168.6118763346,16273.0758620572,202441.6877383918,0.8392319680412235,74833.45125402,BUY,0,0,0,1.320695815823995,2.9408843000170197,-0.899067395046777,223958.6488451401,266314.3611917312,-0.0863920947706374,BUY_IMBALANCE,NONE,KXBTC15M-26AUG241645-45,78672.77,3.82371155,11.17628845,78760.08,87.30999999999767,UP,0.2406015037593984,0.7593984962406015,0.7593984962406015,0.2406015037593984,UP,0.7593984962406015,0.58,0.59,0.41,0.42,0.59,0.1693984962406015,LEAN,POSITIVE EDGE,,OLD_SCHEMA,UP,True,UP,True,True,True,False,False,True,False
2026-08-24 20:34:13.795138+00:00,78768.465,4.059999999997672,493,11636.6582915884,149547.6007920842,161184.2590836726,-0.8556104875532832,15755.3,SELL,0,0,0,0.6557246755047267,-0.9679956299982884,2.006064548740546,229998.8397080824,210912.32840476008,0.0432887907671177,SELL_IMBALANCE,SELL_FLOW_ABSORBED_OR_REVERSED,KXBTC15M-26AUG241645-45,78672.77,3.82371155,11.17628845,78760.08,87.30999999999767,UP,0.2406015037593984,0.7593984962406015,0.7593984962406015,0.2406015037593984,UP,0.7593984962406015,0.58,0.59,0.41,0.42,0.59,0.1693984962406015,LEAN,POSITIVE EDGE,,OLD_SCHEMA,UP,True,DOWN,False,False,True,True,False,True,False
2026-08-24 20:34:43.775506+00:00,78799.535,31.070000000006985,575,179478.2139931056,27149.3978513953,206627.6118445009,0.7372142318343515,23762.66910075,BUY,0,0,0,1.3023397169586364,2.489340768234107,-0.6675879620006194,166845.63553790786,121853.0493613976,0.1558461764112403,BUY_IMBALANCE,NONE,KXBTC15M-26AUG241645-45,78672.77,4.778736933333334,10.221263066666667,78799.54,126.76999999998952,UP,0.1981132075471698,0.8018867924528301,0.8018867924528301,0.1981132075471698,UP,0.8018867924528301,0.77,0.78,0.22,0.23,0.78,0.02188679245283,STRONG,SMALL EDGE,,OLD_SCHEMA,UP,True,UP,True,True,True,False,False,True,False
2026-08-24 20:35:13.736705+00:00,78796.995,-2.540000000008149,433,7016.1067909924,64262.6885444146,71278.795335407,-0.8031362130075949,15758.22,SELL,0,0,0,-0.6848490695269696,-1.0221603438105884,0.113021919026625,166521.3583108382,211545.50255694907,-0.1190904279279218,SELL_IMBALANCE,SELL_FLOW_WEAK_FOLLOW_THROUGH,KXBTC15M-26AUG241645-45,78672.77,4.778736933333334,10.221263066666667,78799.54,126.76999999998952,UP,0.1981132075471698,0.8018867924528301,0.8018867924528301,0.1981132075471698,UP,0.8018867924528301,0.77,0.78,0.22,0.23,0.78,0.02188679245283,STRONG,SMALL EDGE,,OLD_SCHEMA,UP,True,DOWN,False,False,True,True,False,True,False
2026-08-24 20:35:43.758609+00:00,78812.795,15.80000000000291,454,63714.2326680186,85969.0260236638,149683.2586916824,-0.1486792414206162,20772.7458505788,BUY,0,0,0,0.4188946080960056,0.0569589141797029,0.540536971394137,145258.7147384531,235597.2845529922,-0.2371987574899894,NORMAL_OR_MIXED,NONE,KXBTC15M-26AUG241645-45,78672.77,5.726207266666666,9.273792733333332,78801.8,129.02999999999884,UP,0.2406015037593984,0.7593984962406015,0.7593984962406015,0.2406015037593984,UP,0.7593984962406015,0.8,0.81,0.19,0.2,0.81,-0.0506015037593985,LEAN,NO VALUE,,OLD_SCHEMA,UP,True,DOWN,False,False,False,False,False,False,False
2026-08-24 20:36:13.736428+00:00,78849.405,36.61000000000058,580,451191.5045123989,189778.8121589339,640970.3166713328,0.4078389990210862,41159.631367015005,BUY,0,0,0,7.542243939674538,7.506954308695218,2.672412296844897,164793.46715052152,245466.46577140372,-0.1966387457003624,ABNORMAL_BUY_PRESSURE,NONE,KXBTC15M-26AUG241645-45,78672.77,6.675640916666667,8.324359083333333,78827.36,154.5899999999965,UP,0.2406015037593984,0.7593984962406015,0.7593984962406015,0.2406015037593984,UP,0.7593984962406015,0.89,0.9,0.1,0.11,0.9,-0.1406015037593985,LEAN,NO VALUE,,OLD_SCHEMA,UP,True,UP,True,True,True,False,False,False,True
2026-08-24 20:36:43.772677+00:00,78827.36499999999,-22.04000000000815,510,47197.3640193468,159752.3563810161,206949.7204003629,-0.5438760301000722,26822.952254492106,SELL,0,0,0,0.6642587863682102,-0.3082857634755776,1.8261314234852644,174375.30684673798,130813.55837875248,0.1427370177342469,SELL_IMBALANCE,NONE,KXBTC15M-26AUG241645-45,78672.77,6.675640916666667,8.324359083333333,78827.36,154.5899999999965,UP,0.2406015037593984,0.7593984962406015,0.7593984962406015,0.2406015037593984,UP,0.7593984962406015,0.89,0.9,0.1,0.11,0.9,-0.1406015037593985,LEAN,NO VALUE,,OLD_SCHEMA,UP,True,DOWN,False,False,True,False,False,True,False
2026-08-24 20:37:13.740415+00:00,78854.155,26.79000000000815,569,155349.9893943959,48267.882996870896,203617.8723912668,0.5258973838591084,16030.7177857456,SELL,0,0,0,0.6020628476811037,1.0486830773126623,-0.3714261140042522,189695.2802948732,241238.97953628493,-0.1196091934338355,BUY_IMBALANCE,NONE,KXBTC15M-26AUG241645-45,78672.77,7.622598366666667,7.377401633333333,78837.91,165.13999999999942,UP,0.1071428571428571,0.8928571428571429,0.8928571428571429,0.1071428571428571,UP,0.8928571428571429,0.922,0.923,0.077,0.078,0.923,-0.0301428571428571,STRONG,NO VALUE,,OLD_SCHEMA,UP,True,UP,True,True,True,False,False,True,False
2026-08-24 20:37:43.799570+00:00,78826.805,-27.35000000000582,474,39348.422374401904,97397.1044890693,136745.5268634712,-0.4245015061635184,15767.54,SELL,0,0,0,-0.0482804601594045,-0.4197136408220765,0.539634683763427,135771.4793624084,156986.1617716868,-0.0724649998104104,NORMAL_OR_MIXED,NONE,KXBTC15M-26AUG241645-45,78672.77,7.622598366666667,7.377401633333333,78837.91,165.13999999999942,UP,0.1071428571428571,0.8928571428571429,0.8928571428571429,0.1071428571428571,UP,0.8928571428571429,0.922,0.923,0.077,0.078,0.923,-0.0301428571428571,STRONG,NO VALUE,,OLD_SCHEMA,UP,True,DOWN,False,False,False,False,False,False,False
2026-08-24 20:38:13.744214+00:00,78879.985,53.18000000000757,525,110648.7449942635,34235.4120910594,144884.1570853229,0.5274098593002406,16468.5878355648,BUY,0,0,0,0.0077526689984177,0.4565839980485576,-0.6765718758952752,180173.5873370513,187707.8418800257,-0.0204801165392031,BUY_IMBALANCE,NONE,KXBTC15M-26AUG241645-45,78672.77,8.572512466666666,6.427487533333333,78913.23,240.45999999999185,UP,0.0,1.0,1.0,0.0,UP,1.0,0.969,0.97,0.03,0.031,0.97,0.03,90%+ LOCK CANDIDATE,SMALL EDGE,,OLD_SCHEMA,UP,True,UP,True,True,True,False,False,True,False
2026-08-24 20:38:43.791859+00:00,78916.045,36.05999999999767,597,121489.220673449,110057.952627569,231547.173301018,0.0493690675766489,13730.14261675,SELL,0,0,0,0.815249869129703,0.5661508620029172,0.7452088183735478,240567.2870608008,245779.17276009652,-0.0107164051347574,NORMAL_OR_MIXED,NONE,KXBTC15M-26AUG241645-45,78672.77,8.572512466666666,6.427487533333333,78913.23,240.45999999999185,UP,0.0,1.0,1.0,0.0,UP,1.0,0.969,0.97,0.03,0.031,0.97,0.03,90%+ LOCK CANDIDATE,SMALL EDGE,,OLD_SCHEMA,UP,True,UP,True,True,False,False,False,False,False
2026-08-24 20:39:13.754247+00:00,78954.125,38.08000000000175,640,191080.5486677741,237480.5555077907,428561.1041755648,-0.1082692908617491,69562.2869396475,SELL,0,0,0,2.6574910195731904,1.4052224433205829,3.108838633942118,136417.49086182495,237091.79080950792,-0.2695362736293945,NORMAL_OR_MIXED,NONE,KXBTC15M-26AUG241645-45,78672.77,9.530266666666668,5.469733333333334,78944.61,271.8399999999965,UP,0.0,1.0,1.0,0.0,UP,1.0,0.984,0.985,0.015,0.016,0.985,0.015,90%+ LOCK CANDIDATE,SMALL EDGE,,OLD_SCHEMA,UP,True,DOWN,False,False,False,False,False,False,True
2026-08-24 20:39:43.784834+00:00,78973.155,19.02999999999884,486,47680.1873150181,100202.4832530764,147882.6705680945,-0.3551619384224855,13214.143263560998,SELL,0,0,0,-0.0982876970645482,-0.4063221683433078,0.3847695021663254,279793.220139055,116464.28661286292,0.4121787745170624,NORMAL_OR_MIXED,NONE,KXBTC15M-26AUG241645-45,78672.77,9.530266666666668,5.469733333333334,78944.61,271.8399999999965,UP,0.0,1.0,1.0,0.0,UP,1.0,0.984,0.985,0.015,0.016,0.985,0.015,90%+ LOCK CANDIDATE,SMALL EDGE,,OLD_SCHEMA,UP,True,DOWN,False,False,False,False,False,False,False
2026-08-24 20:40:13.744385+00:00,78976.345,3.1900000000023283,586,177413.9729812373,145433.9162890569,322847.8892702942,0.0990561120423064,16065.3901876552,BUY,0,0,0,1.45190613789852,1.1634696992222635,1.1380404596508782,236953.3757160987,184119.4193781622,0.1254746375293829,NORMAL_OR_MIXED,NONE,KXBTC15M-26AUG241645-45,78672.77,10.4776523,4.5223477,78963.65,290.8799999999901,UP,0.0,1.0,1.0,0.0,UP,1.0,0.988,0.989,0.011,0.012,0.989,0.011,LOCK,SMALL EDGE,,OLD_SCHEMA,UP,True,UP,True,True,False,False,False,False,False
2026-08-24 20:40:43.804363+00:00,78956.245,-20.10000000000582,562,195738.1879718783,59700.8191457757,255439.007117654,0.5325630190985061,16065.4471510568,BUY,0,0,0,0.7739639294885597,1.327362509105099,-0.4012701868310285,129738.91811247292,135954.3506618966,-0.0233932631341967,BUY_IMBALANCE,BUY_FLOW_ABSORBED_OR_REVERSED,KXBTC15M-26AUG241645-45,78672.77,10.4776523,4.5223477,78963.65,290.8799999999901,UP,0.0,1.0,1.0,0.0,UP,1.0,0.988,0.989,0.011,0.012,0.989,0.011,LOCK,SMALL EDGE,,OLD_SCHEMA,UP,True,UP,True,True,True,True,False,True,False
2026-08-24 20:41:13.732037+00:00,78958.07500000001,1.830000000016298,422,43962.5057505458,79116.7215571372,123079.227307683,-0.2856226560369133,15716.326948392,SELL,0,0,0,-0.441808152386302,-0.5421480459498117,-0.0675611582297036,187080.0323869252,112791.71711538867,0.2477336241070728,NORMAL_OR_MIXED,NONE,KXBTC15M-26AUG241645-45,78672.77,11.436176716666669,3.563823283333333,78968.4,295.6299999999901,UP,0.0,1.0,1.0,0.0,UP,1.0,0.992,0.993,0.007,0.008,0.993,0.007,LOCK,SMALL EDGE,,OLD_SCHEMA,UP,True,DOWN,False,False,False,False,False,False,False
2026-08-24 20:41:43.851911+00:00,78940.83499999999,-17.24000000001979,551,177383.6350378653,56342.582981006,233726.21801887127,0.5178753718039725,27100.5907219768,BUY,0,0,0,0.5343396661488059,1.040406474955648,-0.500141050312569,218172.40709290403,184579.77548205905,0.0834076960081836,BUY_IMBALANCE,BUY_FLOW_ABSORBED_OR_REVERSED,KXBTC15M-26AUG241645-45,78672.77,11.436176716666669,3.563823283333333,78968.4,295.6299999999901,UP,0.0,1.0,1.0,0.0,UP,1.0,0.992,0.993,0.007,0.008,0.993,0.007,LOCK,SMALL EDGE,,OLD_SCHEMA,UP,True,UP,True,True,True,True,False,True,False
2026-08-24 20:42:13.769908+00:00,78944.055,3.220000000001164,492,102354.87505793612,26050.7770766783,128405.6521346144,0.5942425174653854,8000.000333406901,BUY,0,0,0,-0.4603394886649196,0.0963270120174798,-1.032232612098802,170591.1452445498,126096.683818413,0.1499706326567721,BUY_IMBALANCE,BUY_FLOW_WEAK_FOLLOW_THROUGH,KXBTC15M-26AUG241645-45,78672.77,12.379000966666666,2.6209990333333333,78944.11,271.3399999999965,UP,0.0,1.0,1.0,0.0,UP,1.0,0.996,0.997,0.003,0.004,0.997,0.003,LOCK,SMALL EDGE,,OLD_SCHEMA,UP,True,UP,True,True,True,True,False,True,False
2026-08-24 20:42:43.925346+00:00,78927.685,-16.369999999995343,569,103611.4117692897,37956.957362508,141568.3691317977,0.4637649978552663,13514.205006662,BUY,0,0,0,-0.3163984477042747,0.137221301253582,-0.8042664776310235,200946.15071768637,140846.82331201193,0.1758354675846917,NORMAL_OR_MIXED,NONE,KXBTC15M-26AUG241645-45,78672.77,12.379000966666666,2.6209990333333333,78944.11,271.3399999999965,UP,0.0,1.0,1.0,0.0,UP,1.0,0.996,0.997,0.003,0.004,0.997,0.003,LOCK,SMALL EDGE,,OLD_SCHEMA,UP,True,UP,True,True,False,False,False,False,False
2026-08-24 20:43:13.756090+00:00,78933.63500000001,5.9500000000116415,501,95131.9090028679,126906.82533164292,222038.7343345108,-0.1431052848684714,38833.205425584005,SELL,0,0,0,0.4039741789577145,0.0108803047190953,0.7493214725175624,146119.45294543216,199930.18742506992,-0.1555000445081366,NORMAL_OR_MIXED,NONE,KXBTC15M-26AUG241645-45,78672.77,13.332512416666669,1.6674875833333334,78939.84,267.06999999999243,UP,0.0,1.0,1.0,0.0,UP,1.0,0.999,1.0,0.0,0.001,1.0,0.0,LOCK,NO VALUE,,OLD_SCHEMA,UP,True,DOWN,False,False,False,False,False,False,False
2026-08-24 20:43:44.140053+00:00,78935.08499999999,1.4499999999825377,486,27260.1140121093,10360.5385190306,37620.6525311399,0.4492100576695298,7858.221165619199,SELL,0,0,0,-1.3229435199223036,-0.8043249684857492,-1.3433827452274532,101101.8478849093,207850.91869812785,-0.3455190642694168,NORMAL_OR_MIXED,NONE,KXBTC15M-26AUG241645-45,78672.77,13.332512416666669,1.6674875833333334,78939.84,267.06999999999243,UP,0.0,1.0,1.0,0.0,UP,1.0,0.999,1.0,0.0,0.001,1.0,0.0,LOCK,NO VALUE,,OLD_SCHEMA,UP,True,UP,True,True,False,False,False,False,False
2026-08-24 20:44:13.758219+00:00,78916.045,-19.0399999999936,509,48040.523587598094,89754.4535181615,137794.9771057596,-0.3027246043848708,12029.4683898664,BUY,0,0,0,-0.3370477834255852,-0.5237013136323563,0.1410566333560866,136219.10358822928,154775.1359795904,-0.0637676966352333,NORMAL_OR_MIXED,NONE,KXBTC15M-26AUG241645-45,78672.77,14.28312615,0.71687385,78916.05,243.27999999999884,UP,0.0,1.0,1.0,0.0,UP,1.0,0.999,1.0,0.0,0.001,1.0,0.0,LOCK,NO VALUE,,OLD_SCHEMA,UP,True,DOWN,False,False,False,False,False,False,False
2026-08-24 20:44:43.744862+00:00,78903.815,-12.229999999995924,471,21413.356811242404,34531.2607877581,55944.61759900051,-0.2344801794971972,9319.5086061184,SELL,0,0,0,-1.1148296778632358,-0.8591636286230516,-0.8896531811822488,129228.3228315756,203937.0683151679,-0.2242392141225937,NORMAL_OR_MIXED,NONE,KXBTC15M-26AUG241645-45,78672.77,14.28312615,0.71687385,78916.05,243.27999999999884,UP,0.0,1.0,1.0,0.0,UP,1.0,0.999,1.0,0.0,0.001,1.0,0.0,LOCK,NO VALUE,,OLD_SCHEMA,UP,True,DOWN,False,False,False,False,False,False,False
2026-08-24 20:45:13.779258+00:00,78892.235,-11.580000000001746,446,74204.4027604898,40025.7344003497,114230.1371608395,0.2992088533695403,10576.9167765129,BUY,0,0,0,-0.5356184910367695,-0.2083524255661486,-0.7497798112786986,272528.117438884,106642.77470387248,0.4374949295225864,NORMAL_OR_MIXED,NONE,KXBTC15M-26AUG241700-00,78910.16,0.7647454166666667,14.235254583333331,78911.28,1.1199999999953434,UP,0.3934426229508196,0.6065573770491803,0.6065573770491803,0.3934426229508196,UP,0.6065573770491803,0.47,0.48,0.52,0.53,0.48,0.1265573770491803,RAW,POSITIVE EDGE,,OLD_SCHEMA,UP,True,UP,True,True,False,False,False,False,False
2026-08-24 20:45:43.747767+00:00,78916.045,23.80999999999767,521,138380.9556444278,26384.9334600881,164765.8891045159,0.6797282058381471,8000.000386975999,BUY,0,0,0,-0.0619191298644763,0.5641574720311492,-0.9782461734469394,278005.36598572193,78153.04319811039,0.5611332419346502,BUY_IMBALANCE,NONE,KXBTC15M-26AUG241700-00,78910.16,0.7647454166666667,14.235254583333331,78911.28,1.1199999999953434,UP,0.3934426229508196,0.6065573770491803,0.6065573770491803,0.3934426229508196,UP,0.6065573770491803,0.47,0.48,0.52,0.53,0.48,0.1265573770491803,RAW,POSITIVE EDGE,,OLD_SCHEMA,UP,True,UP,True,True,True,False,False,True,False
2026-08-24 20:46:13.755181+00:00,78900.005,-16.039999999993597,545,20231.4092343271,92426.5994621675,112658.0086964946,-0.6408349576135085,22250.8070236048,SELL,0,0,0,-0.5339348929712966,-0.8790730735109489,0.2719034765962811,260764.1555308298,71826.0013792458,0.568081015706873,SELL_IMBALANCE,NONE,KXBTC15M-26AUG241700-00,78910.16,0.7647454166666667,14.235254583333331,78911.28,1.1199999999953434,UP,0.3934426229508196,0.6065573770491803,0.6065573770491803,0.3934426229508196,UP,0.6065573770491803,0.47,0.48,0.52,0.53,0.48,0.1265573770491803,RAW,POSITIVE EDGE,,OLD_SCHEMA,UP,True,DOWN,False,False,True,False,False,True,False
2026-08-24 20:46:43.808593+00:00,78879.64499999999,-20.36000000001513,426,6024.5512787642,49215.1838751312,55239.7351538954,-0.7818761707680142,15778.329509183995,SELL,0,0,0,-1.0510189108967114,-1.0503455580709091,-0.5032559397244021,127963.4748107331,143489.40141401312,-0.0571956606951753,SELL_IMBALANCE,NONE,KXBTC15M-26AUG241700-00,78910.16,1.7162597833333335,13.283740216666668,78879.65,-30.510000000009317,DOWN,0.4336734693877551,0.5663265306122449,0.4336734693877551,0.5663265306122449,DOWN,0.5663265306122449,0.45,0.46,0.54,0.55,0.55,0.0163265306122448,RAW,SMALL EDGE,,OLD_SCHEMA,UP,False,DOWN,True,False,True,False,False,True,False
2026-08-24 20:47:14.261230+00:00,78906.515,26.87000000000989,490,57705.0130106832,99091.56389341052,156796.5769040937,-0.2639506021106687,19109.2844833169,SELL,0,0,0,-0.0739995928323669,-0.4176093455041813,0.5097748616907631,252223.27012405093,112740.9976112913,0.3821806265535745,NORMAL_OR_MIXED,NONE,KXBTC15M-26AUG241700-00,78910.16,2.65931825,12.34068175,78902.9,-7.260000000009313,DOWN,0.4336734693877551,0.5663265306122449,0.4336734693877551,0.5663265306122449,DOWN,0.5663265306122449,0.45,0.46,0.54,0.55,0.55,0.0163265306122448,RAW,SMALL EDGE,,OLD_SCHEMA,UP,False,DOWN,True,False,False,False,False,False,False
2026-08-24 20:47:43.775747+00:00,78909.235,2.720000000001164,500,23093.6303420363,87975.59046865291,111069.2208106892,-0.5841578760798548,50201.161739253,SELL,0,0,0,-0.5354971354186822,-0.8578753832937407,0.2531016022862313,99802.8899369196,80370.3200644747,0.1078549351054716,SELL_IMBALANCE,SELL_FLOW_ABSORBED_OR_REVERSED,KXBTC15M-26AUG241700-00,78910.16,2.65931825,12.34068175,78902.9,-7.260000000009313,DOWN,0.4336734693877551,0.5663265306122449,0.4336734693877551,0.5663265306122449,DOWN,0.5663265306122449,0.45,0.46,0.54,0.55,0.55,0.0163265306122448,RAW,SMALL EDGE,,OLD_SCHEMA,UP,False,DOWN,True,False,True,True,False,True,False
2026-08-24 20:48:14.268244+00:00,78890.10500000001,-19.129999999990105,481,2539.8877538147,94483.588284737,97023.4760385517,-0.9476438516219416,15780.74,SELL,0,0,0,-0.658671207979916,-1.1044480944460708,0.393709824483493,210139.88792673327,142891.9180091204,0.1904870008506597,SELL_IMBALANCE,NONE,KXBTC15M-26AUG241700-00,78910.16,3.609320983333333,11.390679016666668,78909.24,-0.9199999999982538,DOWN,0.4336734693877551,0.5663265306122449,0.4336734693877551,0.5663265306122449,DOWN,0.5663265306122449,0.49,0.5,0.5,0.51,0.51,0.0563265306122449,RAW,SMALL EDGE,,OLD_SCHEMA,UP,False,DOWN,True,False,True,False,False,True,False
2026-08-24 20:48:43.909569+00:00,78898.07500000001,7.970000000001164,441,59024.8955094686,144548.8389763305,203573.7344857991,-0.4201128582863812,14341.1555627168,SELL,0,0,0,0.3604160769104503,-0.3883850771690004,1.4218949964543928,97688.90442679118,248488.89339701584,-0.4356142708117198,NORMAL_OR_MIXED,NONE,KXBTC15M-26AUG241700-00,78910.16,3.609320983333333,11.390679016666668,78909.24,-0.9199999999982538,DOWN,0.4336734693877551,0.5663265306122449,0.4336734693877551,0.5663265306122449,DOWN,0.5663265306122449,0.49,0.5,0.5,0.51,0.51,0.0563265306122449,RAW,SMALL EDGE,,OLD_SCHEMA,UP,False,DOWN,True,False,False,False,False,False,False
2026-08-24 20:49:13.769476+00:00,78899.295,1.2199999999866122,548,59941.1210934177,16745.4122973138,76686.53339073149,0.5632763261838177,12027.05851204,BUY,0,0,0,-0.8281974695086737,-0.3551528037940343,-1.171483224172545,176680.1810680948,184893.1497323224,-0.0227145310912352,BUY_IMBALANCE,BUY_FLOW_WEAK_FOLLOW_THROUGH,KXBTC15M-26AUG241700-00,78910.16,4.557602,10.442398,78886.48,-23.680000000007567,DOWN,0.3934426229508196,0.6065573770491803,0.3934426229508196,0.6065573770491803,DOWN,0.6065573770491803,0.47,0.48,0.52,0.53,0.53,0.0765573770491803,RAW,SMALL EDGE,,OLD_SCHEMA,UP,False,UP,False,True,True,True,False,True,False
2026-08-24 20:49:43.776633+00:00,78870.29500000001,-28.999999999985448,513,52183.7763137934,112896.2279428883,165080.0042566817,-0.3677759272085645,15779.5,SELL,0,0,0,0.0127370989184137,-0.4428886267126004,0.7339485968712798,99702.54317722308,130680.78750281692,-0.1344639138350547,NORMAL_OR_MIXED,NONE,KXBTC15M-26AUG241700-00,78910.16,4.557602,10.442398,78886.48,-23.680000000007567,DOWN,0.3934426229508196,0.6065573770491803,0.3934426229508196,0.6065573770491803,DOWN,0.6065573770491803,0.47,0.48,0.52,0.53,0.53,0.0765573770491803,RAW,SMALL EDGE,,OLD_SCHEMA,UP,False,DOWN,True,False,False,False,False,False,False
2026-08-24 20:50:13.767335+00:00,78857.82500000001,-12.470000000001164,622,171783.6979917613,343769.7223416589,515553.42033342016,-0.3335949633282819,78847.0,SELL,0,0,0,3.2614981246514287,1.0135983377979731,5.172140310325686,454002.5346521978,127958.97324179938,0.56024935839878,NORMAL_OR_MIXED,NONE,KXBTC15M-26AUG241700-00,78910.16,5.50694645,9.49305355,78846.08,-64.08000000000175,DOWN,0.2738853503184713,0.7261146496815287,0.2738853503184713,0.7261146496815287,DOWN,0.7261146496815287,0.29,0.3,0.7,0.71,0.71,0.0161146496815287,LEAN,SMALL EDGE,,OLD_SCHEMA,UP,False,DOWN,True,False,False,False,False,False,True
2026-08-24 20:50:43.795267+00:00,78846.07500000001,-11.75,498,24720.2432530255,108613.4804350014,133333.7236880269,-0.6291974367885246,28622.85878322,SELL,0,0,0,-0.3547205697313819,-0.814167586386701,0.3780094767485747,246560.3247320361,56980.7795184621,0.624559713853854,SELL_IMBALANCE,NONE,KXBTC15M-26AUG241700-00,78910.16,5.50694645,9.49305355,78846.08,-64.08000000000175,DOWN,0.2738853503184713,0.7261146496815287,0.2738853503184713,0.7261146496815287,DOWN,0.7261146496815287,0.29,0.3,0.7,0.71,0.71,0.0161146496815287,LEAN,SMALL EDGE,,OLD_SCHEMA,UP,False,DOWN,True,False,True,False,False,True,False
2026-08-24 20:51:13.739852+00:00,78839.85500000001,-6.220000000001164,436,39423.704338721,34020.6658070496,73444.3701457706,0.0735664084387623,9310.5936509866,SELL,0,0,0,-0.8555931603568239,-0.6209498411433229,-0.7630934851127303,162879.13901649747,100540.56390450888,0.2366511480376337,NORMAL_OR_MIXED,NONE,KXBTC15M-26AUG241700-00,78910.16,6.45488075,8.545119249999999,78839.85,-70.30999999999767,DOWN,0.2738853503184713,0.7261146496815287,0.2738853503184713,0.7261146496815287,DOWN,0.7261146496815287,0.27,0.28,0.72,0.73,0.73,-0.0038853503184712,LEAN,NO VALUE,,OLD_SCHEMA,UP,False,UP,False,True,False,False,False,False,False
2026-08-24 20:51:43.875739+00:00,78839.85500000001,0.0,589,145814.1742444997,22098.2036765535,167912.3779210532,0.7367888663104594,14734.943046497,BUY,0,0,0,-0.0417262987569316,0.6917029035405866,-0.9454941188465112,106858.02398279768,98399.20028469508,0.0412108452128291,BUY_IMBALANCE,BUY_FLOW_ABSORBED_OR_REVERSED,KXBTC15M-26AUG241700-00,78910.16,6.45488075,8.545119249999999,78839.85,-70.30999999999767,DOWN,0.2738853503184713,0.7261146496815287,0.2738853503184713,0.7261146496815287,DOWN,0.7261146496815287,0.27,0.28,0.72,0.73,0.73,-0.0038853503184712,LEAN,NO VALUE,,OLD_SCHEMA,UP,False,UP,False,True,True,True,False,True,False
2026-08-24 20:52:13.732230+00:00,78857.60500000001,17.75,432,19089.5865242445,21641.2441114092,40730.8306356537,-0.0626468340405292,7734.3027598623,SELL,0,0,0,-1.12902944927242,-0.8745977064405414,-0.9353416364674818,293993.6824926699,78692.93073153711,0.5776991824270559,NORMAL_OR_MIXED,NONE,KXBTC15M-26AUG241700-00,78910.16,7.40775175,7.59224825,78863.68,-46.48000000001048,DOWN,0.3934426229508196,0.6065573770491803,0.3934426229508196,0.6065573770491803,DOWN,0.6065573770491803,0.22,0.23,0.77,0.78,0.78,-0.1734426229508197,RAW,NO VALUE,,OLD_SCHEMA,UP,False,DOWN,True,False,False,False,False,False,False
2026-08-24 20:52:43.780399+00:00,78863.67499999999,6.069999999977881,483,43551.7833659339,52170.5329782708,95722.31634420472,-0.0900390832723376,29736.6177421386,SELL,0,0,0,-0.6544278515864568,-0.5597609861719129,-0.4815870508955265,98496.6079896002,111057.0540514582,-0.059939043486613,NORMAL_OR_MIXED,NONE,KXBTC15M-26AUG241700-00,78910.16,7.40775175,7.59224825,78863.68,-46.48000000001048,DOWN,0.3934426229508196,0.6065573770491803,0.3934426229508196,0.6065573770491803,DOWN,0.6065573770491803,0.22,0.23,0.77,0.78,0.78,-0.1734426229508197,RAW,NO VALUE,,OLD_SCHEMA,UP,False,DOWN,True,False,False,False,False,False,False
2026-08-24 20:53:13.753246+00:00,78825.595,-38.0799999999872,498,133219.4804477083,74191.55671083559,207411.03715854388,0.2845939374564338,20082.974525295896,SELL,0,0,0,0.272756673776587,0.5120193078617987,-0.1493110490639487,190198.5465029793,206061.239856016,-0.0400310450343445,NORMAL_OR_MIXED,NONE,KXBTC15M-26AUG241700-00,78910.16,8.350845016666666,6.649154983333333,78839.88,-70.27999999999884,DOWN,0.2738853503184713,0.7261146496815287,0.2738853503184713,0.7261146496815287,DOWN,0.7261146496815287,0.1,0.11,0.89,0.9,0.9,-0.1738853503184713,LEAN,NO VALUE,,OLD_SCHEMA,UP,False,UP,False,True,False,False,False,False,False
2026-08-24 20:53:43.825671+00:00,78841.305,15.709999999991853,419,31213.7019575205,1622.0941899792,32835.7961474997,0.9011996430546292,12422.297355552002,BUY,0,0,0,-1.2042143771192428,-0.7259232767921654,-1.2685353333501428,185709.47299176228,151040.3465926053,0.1029521751249852,BUY_IMBALANCE,NONE,KXBTC15M-26AUG241700-00,78910.16,8.350845016666666,6.649154983333333,78839.88,-70.27999999999884,DOWN,0.2738853503184713,0.7261146496815287,0.2738853503184713,0.7261146496815287,DOWN,0.7261146496815287,0.1,0.11,0.89,0.9,0.9,-0.1738853503184713,LEAN,NO VALUE,,OLD_SCHEMA,UP,False,UP,False,True,True,False,False,True,False
2026-08-24 20:54:13.753447+00:00,78837.005,-4.299999999988359,500,49394.06163993581,55572.3207554306,104966.3823953664,-0.0588594078837904,15768.22,SELL,0,0,0,-0.5571544348843335,-0.4669109088364297,-0.4410144670216054,261257.85676030265,138409.1834861709,0.3073775440636068,NORMAL_OR_MIXED,NONE,KXBTC15M-26AUG241700-00,78910.16,9.296206416666667,5.703793583333334,78837.01,-73.15000000000873,DOWN,0.1981132075471698,0.8018867924528301,0.1981132075471698,0.8018867924528301,DOWN,0.8018867924528301,0.11,0.12,0.88,0.89,0.89,-0.0881132075471698,STRONG,NO VALUE,,OLD_SCHEMA,UP,False,DOWN,True,False,False,False,False,False,False
2026-08-24 20:54:44.164941+00:00,78855.715,18.70999999999185,439,21962.9478882644,1551.9830519429,23514.9309402073,0.8680002032845248,6141.19517473,BUY,0,0,0,-1.2100346985002663,-0.8165817851374136,-1.2331018819953603,112743.9092091696,137495.7615537691,-0.0989125835609327,BUY_IMBALANCE,NONE,KXBTC15M-26AUG241700-00,78910.16,9.296206416666667,5.703793583333334,78837.01,-73.15000000000873,DOWN,0.1981132075471698,0.8018867924528301,0.1981132075471698,0.8018867924528301,DOWN,0.8018867924528301,0.11,0.12,0.88,0.89,0.89,-0.0881132075471698,STRONG,NO VALUE,,OLD_SCHEMA,UP,False,UP,False,True,True,False,False,True,False
2026-08-24 20:55:13.926327+00:00,78873.92499999999,18.20999999999185,525,141293.0627268597,17935.3133754261,159228.3761022858,0.7747221467120314,20001.399972528,BUY,0,0,0,-0.0611774739022744,0.691630039459292,-0.9639724870925732,121197.5854218832,133522.2565100641,-0.0483852023254381,BUY_IMBALANCE,NONE,KXBTC15M-26AUG241700-00,78910.16,10.2412803,4.7587197,78873.2,-36.9600000000064,DOWN,0.3934426229508196,0.6065573770491803,0.3934426229508196,0.6065573770491803,DOWN,0.6065573770491803,0.25,0.26,0.74,0.75,0.75,-0.1434426229508196,RAW,NO VALUE,,OLD_SCHEMA,UP,False,UP,False,True,True,False,False,True,False
2026-08-24 20:55:43.791269+00:00,78896.995,23.070000000006985,465,34345.1198693094,33392.3527271325,67737.47259644189,0.0140655844639078,12026.0662094056,SELL,0,0,0,-0.8215380973142778,-0.6681814382845493,-0.705809478282828,119193.10621258842,125738.2525674942,-0.0267223698406968,NORMAL_OR_MIXED,NONE,KXBTC15M-26AUG241700-00,78910.16,11.195971283333334,3.804028716666666,78895.43,-14.730000000010476,DOWN,0.4336734693877551,0.5663265306122449,0.4336734693877551,0.5663265306122449,DOWN,0.5663265306122449,0.36,0.37,0.63,0.64,0.64,-0.0736734693877551,RAW,NO VALUE,,OLD_SCHEMA,UP,False,UP,False,True,False,False,False,False,False
2026-08-24 20:56:13.790658+00:00,78895.42499999999,-1.570000000006985,442,13992.097591405902,85464.0260833928,99456.1236747987,-0.7186277310151921,25239.7963800246,SELL,0,0,0,-0.5433344440086583,-0.9068656588798336,0.0908738937677105,137895.93625568028,143984.23705417308,-0.021598896889425,SELL_IMBALANCE,SELL_FLOW_WEAK_FOLLOW_THROUGH,KXBTC15M-26AUG241700-00,78910.16,11.195971283333334,3.804028716666666,78895.43,-14.730000000010476,DOWN,0.4336734693877551,0.5663265306122449,0.4336734693877551,0.5663265306122449,DOWN,0.5663265306122449,0.36,0.37,0.63,0.64,0.64,-0.0736734693877551,RAW,NO VALUE,,OLD_SCHEMA,UP,False,DOWN,True,False,True,True,False,True,False
2026-08-24 20:56:43.754546+00:00,78895.215,-0.2099999999918509,402,4616.0146073943,2041.4134698206,6657.4280772149,0.3867260911740515,1979.9999479493,BUY,0,0,0,-1.4859197883349564,-1.2537130299233947,-1.1488592523331949,146360.99955968212,76366.24670473929,0.3142621930136252,NORMAL_OR_MIXED,NONE,KXBTC15M-26AUG241700-00,78910.16,12.139709566666664,2.860290433333333,78906.52,-3.639999999999418,DOWN,0.4336734693877551,0.5663265306122449,0.4336734693877551,0.5663265306122449,DOWN,0.5663265306122449,0.31,0.32,0.68,0.69,0.69,-0.123673469387755,RAW,NO VALUE,,OLD_SCHEMA,UP,False,UP,False,True,False,False,False,False,False
2026-08-24 20:57:13.834387+00:00,78920.07500000001,24.86000000001513,550,167408.0777916214,72525.9610348482,239934.0388264696,0.3954508381588822,20006.988841533203,BUY,0,0,0,0.9059923291824254,1.5706920315560329,-0.0041135678480469,169487.98486898668,167790.14006390868,0.0050339606383183,NORMAL_OR_MIXED,NONE,KXBTC15M-26AUG241700-00,78910.16,12.139709566666664,2.860290433333333,78906.52,-3.639999999999418,DOWN,0.4336734693877551,0.5663265306122449,0.4336734693877551,0.5663265306122449,DOWN,0.5663265306122449,0.31,0.32,0.68,0.69,0.69,-0.123673469387755,RAW,NO VALUE,,OLD_SCHEMA,UP,False,UP,False,True,False,False,False,False,False
2026-08-24 20:57:43.730989+00:00,78901.765,-18.310000000012224,426,23963.8395329149,77103.4045911608,101067.24412407567,-0.5257842490788495,15782.38,SELL,0,0,0,-0.4749121187801134,-0.8830316941652032,0.0574227890098187,149353.1038755374,330573.3641508058,-0.3776000540677019,SELL_IMBALANCE,NONE,KXBTC15M-26AUG241700-00,78910.16,13.085562033333334,1.9144379666666669,78920.08,9.919999999998254,UP,0.3652173913043478,0.6347826086956522,0.6347826086956522,0.3652173913043478,UP,0.6347826086956522,0.42,0.43,0.57,0.58,0.43,0.2047826086956521,RAW,IDEAL <=50c / LARGE EDGE,,OLD_SCHEMA,UP,True,DOWN,False,False,True,False,False,True,False
2026-08-24 20:58:14.002270+00:00,78915.92499999999,14.15999999998894,492,8766.176008493201,69839.2234368791,78605.3994453723,-0.7769574082608574,24520.7835052674,SELL,0,0,0,-0.685341582693813,-1.129165932614342,-0.0473788139182099,122878.70593275978,151631.8307485396,-0.1047432465193915,SELL_IMBALANCE,SELL_FLOW_ABSORBED_OR_REVERSED,KXBTC15M-26AUG241700-00,78910.16,13.085562033333334,1.9144379666666669,78920.08,9.919999999998254,UP,0.3652173913043478,0.6347826086956522,0.6347826086956522,0.3652173913043478,UP,0.6347826086956522,0.42,0.43,0.57,0.58,0.43,0.2047826086956521,RAW,IDEAL <=50c / LARGE EDGE,,OLD_SCHEMA,UP,True,DOWN,False,False,True,True,False,True,False
2026-08-24 20:58:43.838746+00:00,78926.315,10.39000000001397,384,12589.7931331104,4531.9447679111,17121.7379010215,0.4706209388194501,3156.9908,SELL,0,0,0,-1.2651692225301765,-1.010795343467297,-1.0800458480617865,120430.33642771278,109900.3016942798,0.0457170388589633,NORMAL_OR_MIXED,NONE,KXBTC15M-26AUG241700-00,78910.16,14.036119866666668,0.9638801333333332,78935.11,24.94999999999709,UP,0.0698924731182795,0.9301075268817204,0.9301075268817204,0.0698924731182795,UP,0.9301075268817204,0.86,0.87,0.13,0.14,0.87,0.0601075268817205,LOCK,SMALL EDGE,,OLD_SCHEMA,UP,True,UP,True,True,False,False,False,False,False
2026-08-24 20:59:13.804876+00:00,78935.10500000001,8.790000000008149,537,43710.2791208651,15993.4987316615,59703.77785252661,0.4642383009273952,6314.736,BUY,0,0,0,-0.7894741870422318,-0.4430793603460936,-0.8518878042107091,75778.1711723965,257572.61690247845,-0.5453547801100399,NORMAL_OR_MIXED,NONE,KXBTC15M-26AUG241700-00,78910.16,14.036119866666668,0.9638801333333332,78935.11,24.94999999999709,UP,0.0698924731182795,0.9301075268817204,0.9301075268817204,0.0698924731182795,UP,0.9301075268817204,0.86,0.87,0.13,0.14,0.87,0.0601075268817205,LOCK,SMALL EDGE,,OLD_SCHEMA,UP,True,UP,True,True,False,False,False,False,False
2026-08-24 20:59:43.789830+00:00,78909.455,-25.65000000000873,485,39618.824979793695,56896.0465283867,96514.8715081804,-0.1790109780867151,9318.594287,SELL,0,0,0,-0.3818687465889874,-0.4742644441064445,-0.1462903290933359,467786.4163834961,159999.33425325112,0.490274081273849,NORMAL_OR_MIXED,NONE,KXBTC15M-26AUG241700-00,78910.16,14.982211683333333,0.0177883166666666,78911.79,1.6299999999901047,UP,0.3934426229508196,0.6065573770491803,0.6065573770491803,0.3934426229508196,UP,0.6065573770491803,0.76,0.78,0.22,0.24,0.78,-0.1734426229508197,RAW,NO VALUE,,OLD_SCHEMA,UP,True,DOWN,False,False,False,False,False,False,False
2026-08-24 21:00:13.761801+00:00,78930.315,20.860000000000586,473,42476.9314224796,55613.813429184,98090.7448516636,-0.1339258054016256,14993.5304688834,SELL,0,0,0,-0.3507890116189987,-0.4198952391900741,-0.1502625635601936,168187.9928993394,106565.79228309813,0.2242815347396358,NORMAL_OR_MIXED,NONE,KXBTC15M-26AUG241700-00,78910.16,14.982211683333333,0.0177883166666666,78911.79,1.6299999999901047,UP,0.3934426229508196,0.6065573770491803,0.6065573770491803,0.3934426229508196,UP,0.6065573770491803,0.76,0.78,0.22,0.24,0.78,-0.1734426229508197,RAW,NO VALUE,,OLD_SCHEMA,UP,True,DOWN,False,False,False,False,False,False,False
2026-08-24 21:00:43.769894+00:00,78934.955,4.639999999999418,433,19624.799715236702,6524.2150792985,26149.014794535204,0.5009972551117318,5820.6840869688,BUY,0,0,0,-1.1201444963020988,-0.8002768962295221,-0.963451931043124,140757.84107935193,136991.8827286155,0.0135588194260101,BUY_IMBALANCE,BUY_FLOW_WEAK_FOLLOW_THROUGH,KXBTC15M-26AUG241715-15,78917.08,0.9387837166666666,14.061216283333332,78934.96,17.880000000004657,UP,0.4285714285714285,0.5714285714285714,0.5714285714285714,0.4285714285714285,UP,0.5714285714285714,0.52,0.53,0.47,0.48,0.53,0.0414285714285713,RAW,SMALL EDGE,,OLD_SCHEMA,UP,True,UP,True,True,True,True,False,True,False
2026-08-24 21:01:13.899568+00:00,78954.66500000001,19.710000000006403,468,165000.9963321617,2083.9018162943,167084.898148456,0.9750557729706638,20029.12414976,BUY,0,0,0,0.5440538999690194,2.1152173422964418,-1.0058927948177527,389546.0599260057,249455.315698968,0.2192338695515676,BUY_IMBALANCE,NONE,KXBTC15M-26AUG241715-15,78917.08,0.9387837166666666,14.061216283333332,78934.96,17.880000000004657,UP,0.4285714285714285,0.5714285714285714,0.5714285714285714,0.4285714285714285,UP,0.5714285714285714,0.52,0.53,0.47,0.48,0.53,0.0414285714285713,RAW,SMALL EDGE,,OLD_SCHEMA,UP,True,UP,True,True,True,False,False,True,False
2026-08-24 21:01:43.765501+00:00,78959.08499999999,4.419999999983702,378,26660.268399601104,6669.1825841543,33329.45098375541,0.5998024337451688,18999.324543744,BUY,0,0,0,-0.9966412418065368,-0.6615956031266512,-0.8850328334623625,149795.5829747016,194435.1070577773,-0.1296790942111055,BUY_IMBALANCE,BUY_FLOW_WEAK_FOLLOW_THROUGH,KXBTC15M-26AUG241715-15,78917.08,1.88620895,13.11379105,78968.4,51.31999999999243,UP,0.2738853503184713,0.7261146496815287,0.7261146496815287,0.2738853503184713,UP,0.7261146496815287,0.6,0.61,0.39,0.4,0.61,0.1161146496815287,LEAN,POSITIVE EDGE,,OLD_SCHEMA,UP,True,UP,True,True,True,True,False,True,False
2026-08-24 21:02:13.838128+00:00,78979.475,20.39000000001397,532,47518.5090409821,53240.449544991,100758.9585859731,-0.0567884045677846,15360.306427056,SELL,0,0,0,-0.1718132888665938,-0.2081962758767957,-0.0760277653506844,461842.1090428892,121662.7080993014,0.5829933034823458,NORMAL_OR_MIXED,NONE,KXBTC15M-26AUG241715-15,78917.08,1.88620895,13.11379105,78968.4,51.31999999999243,UP,0.2738853503184713,0.7261146496815287,0.7261146496815287,0.2738853503184713,UP,0.7261146496815287,0.6,0.61,0.39,0.4,0.61,0.1161146496815287,LEAN,POSITIVE EDGE,,OLD_SCHEMA,UP,True,DOWN,False,False,False,False,False,False,False
2026-08-24 21:02:43.788277+00:00,78949.265,-30.210000000006403,490,13066.4297691239,285243.1659916565,298309.5957607804,-0.91239685243245,68540.0150542578,SELL,0,0,0,2.113053929992657,-0.8813018445278215,3.811143479083861,487765.2307098234,220396.1551119643,0.3775538753607555,SELL_IMBALANCE,NONE,KXBTC15M-26AUG241715-15,78917.08,2.8381377166666666,12.161862283333331,78959.82,42.74000000000524,UP,0.3934426229508196,0.6065573770491803,0.6065573770491803,0.3934426229508196,UP,0.6065573770491803,0.62,0.63,0.37,0.38,0.63,-0.0234426229508196,RAW,NO VALUE,,OLD_SCHEMA,UP,True,DOWN,False,False,True,False,False,True,True
2026-08-24 21:03:13.815993+00:00,78989.755,40.49000000000524,533,185901.1966514317,5559.9229090319,191461.1195604636,0.9419211281977689,28578.200026851,BUY,0,0,0,0.7948637869444785,2.677855537042623,-0.8547518885962524,602707.363150007,624610.4215077369,-0.0178462812415269,BUY_IMBALANCE,NONE,KXBTC15M-26AUG241715-15,78917.08,2.8381377166666666,12.161862283333331,78959.82,42.74000000000524,UP,0.3934426229508196,0.6065573770491803,0.6065573770491803,0.3934426229508196,UP,0.6065573770491803,0.62,0.63,0.37,0.38,0.63,-0.0234426229508196,RAW,NO VALUE,,OLD_SCHEMA,UP,True,UP,True,True,True,False,False,True,False
2026-08-24 21:03:43.785431+00:00,79000.995,11.239999999990689,491,530492.9982846772,13002.8269329755,543495.8252176527,0.952151143285164,70801.21489,BUY,0,0,0,4.697333364703503,8.951891395083953,-0.7045779652486017,108008.43293200828,120146.07665136522,-0.0531992277580712,ABNORMAL_BUY_PRESSURE,NONE,KXBTC15M-26AUG241715-15,78917.08,3.785676333333333,11.214323666666669,79001.0,83.91999999999825,UP,0.2738853503184713,0.7261146496815287,0.7261146496815287,0.2738853503184713,UP,0.7261146496815287,0.72,0.73,0.27,0.28,0.73,-0.0038853503184712,LEAN,NO VALUE,,OLD_SCHEMA,UP,True,UP,True,True,True,False,False,True,True
2026-08-24 21:04:13.752254+00:00,78993.455,-7.539999999993597,439,38755.4676481748,7656.079000784,46411.5466489588,0.67007869577405,9033.6975487593,BUY,0,0,0,-0.7575527624041939,-0.3342864252118666,-0.7835840783644339,538072.3279014563,205433.28347265825,0.4473927827041266,BUY_IMBALANCE,BUY_FLOW_ABSORBED_OR_REVERSED,KXBTC15M-26AUG241715-15,78917.08,3.785676333333333,11.214323666666669,79001.0,83.91999999999825,UP,0.2738853503184713,0.7261146496815287,0.7261146496815287,0.2738853503184713,UP,0.7261146496815287,0.72,0.73,0.27,0.28,0.73,-0.0038853503184712,LEAN,NO VALUE,,OLD_SCHEMA,UP,True,UP,True,True,True,True,False,True,False
2026-08-24 21:04:43.779745+00:00,78994.555,1.0999999999912689,492,43357.6014996652,68148.2193231583,111505.82082282349,-0.2223257731350545,18560.9552184,BUY,0,0,0,-0.1514707589513794,-0.2808282125505804,0.1230416233908979,545797.227436349,228212.0529655572,0.4103118431679332,NORMAL_OR_MIXED,NONE,KXBTC15M-26AUG241715-15,78917.08,4.730480766666667,10.269519233333334,78992.2,75.11999999999534,UP,0.1981132075471698,0.8018867924528301,0.8018867924528301,0.1981132075471698,UP,0.8018867924528301,0.66,0.67,0.33,0.34,0.67,0.13188679245283,STRONG,POSITIVE EDGE,,OLD_SCHEMA,UP,True,DOWN,False,False,False,False,False,False,False
2026-08-24 21:05:13.771011+00:00,79005.91500000001,11.360000000015134,412,41385.581889947294,7262.2323312871,48647.8142212344,0.7014364387159991,13139.7544239,BUY,0,0,0,-0.728104793105881,-0.3093331398698927,-0.7689378400205756,169704.87356482775,134889.31805908246,0.1143014425853953,BUY_IMBALANCE,NONE,KXBTC15M-26AUG241715-15,78917.08,5.677451633333334,9.322548366666666,78981.9,64.81999999999243,UP,0.2406015037593984,0.7593984962406015,0.7593984962406015,0.2406015037593984,UP,0.7593984962406015,0.75,0.76,0.24,0.25,0.76,-0.0006015037593984,LEAN,NO VALUE,,OLD_SCHEMA,UP,True,UP,True,True,True,False,False,True,False
2026-08-24 21:05:43.814255+00:00,78981.905,-24.010000000009317,509,14702.5459915229,38010.1186361505,52712.6646276734,-0.4421626720875624,15668.7601028875,SELL,0,0,0,-0.6727673152343376,-0.5940720896689263,-0.3107521979459919,467478.13644382847,184840.82238331257,0.4332808516997471,NORMAL_OR_MIXED,NONE,KXBTC15M-26AUG241715-15,78917.08,5.677451633333334,9.322548366666666,78981.9,64.81999999999243,UP,0.2406015037593984,0.7593984962406015,0.7593984962406015,0.2406015037593984,UP,0.7593984962406015,0.75,0.76,0.24,0.25,0.76,-0.0006015037593984,LEAN,NO VALUE,,OLD_SCHEMA,UP,True,DOWN,False,False,False,False,False,False,False
2026-08-24 21:06:13.757397+00:00,78993.185,11.279999999998836,395,19636.9253649692,8597.128796098299,28234.0541610675,0.3910099664005709,9172.64172744,BUY,0,0,0,-0.8623979473668466,-0.5074098429677043,-0.7386488862034049,366887.75117570313,290341.3071234709,0.1164684413837769,NORMAL_OR_MIXED,NONE,KXBTC15M-26AUG241715-15,78917.08,6.6246730000000005,8.375327,78982.78,65.69999999999709,UP,0.109375,0.890625,0.890625,0.109375,UP,0.890625,0.76,0.77,0.23,0.24,0.77,0.1206249999999999,STRONG,POSITIVE EDGE,,OLD_SCHEMA,UP,True,UP,True,True,False,False,False,False,False
2026-08-24 21:06:43.818672+00:00,78982.775,-10.410000000003492,481,10120.3708032207,23843.7630610949,33964.133864315605,-0.4040554165961722,5236.5639445826,SELL,0,0,0,-0.7858251774271681,-0.6124724209053203,-0.4873560539300721,269517.39064864954,162423.1599157575,0.2479374316510788,NORMAL_OR_MIXED,NONE,KXBTC15M-26AUG241715-15,78917.08,6.6246730000000005,8.375327,78982.78,65.69999999999709,UP,0.109375,0.890625,0.890625,0.109375,UP,0.890625,0.76,0.77,0.23,0.24,0.77,0.1206249999999999,STRONG,POSITIVE EDGE,,OLD_SCHEMA,UP,True,DOWN,False,False,False,False,False,False,False
2026-08-24 21:07:13.785838+00:00,78999.16500000001,16.39000000001397,490,89763.8108126712,2432.6652813927,92196.47609406392,0.947228671106458,19998.680959088,BUY,0,0,0,-0.2682140291598157,0.2675773958342551,-0.7830764279510657,212902.7706490044,89545.5082302597,0.4078623388959284,BUY_IMBALANCE,NONE,KXBTC15M-26AUG241715-15,78917.08,7.567798933333333,7.432201066666667,78975.35,58.27000000000408,UP,0.1981132075471698,0.8018867924528301,0.8018867924528301,0.1981132075471698,UP,0.8018867924528301,0.78,0.79,0.21,0.22,0.79,0.01188679245283,STRONG,SMALL EDGE,,OLD_SCHEMA,UP,True,UP,True,True,True,False,False,True,False
2026-08-24 21:07:43.814966+00:00,78963.655,-35.51000000000931,444,41122.870394933896,16065.6627747794,57188.53316971329,0.4381509059831008,12152.6913264306,BUY,0,0,0,-0.5610885928946129,-0.2795201861717003,-0.5521894880042172,351716.9274528174,240679.57957533147,0.1874375465758945,NORMAL_OR_MIXED,NONE,KXBTC15M-26AUG241715-15,78917.08,7.567798933333333,7.432201066666667,78975.35,58.27000000000408,UP,0.1981132075471698,0.8018867924528301,0.8018867924528301,0.1981132075471698,UP,0.8018867924528301,0.78,0.79,0.21,0.22,0.79,0.01188679245283,STRONG,SMALL EDGE,,OLD_SCHEMA,UP,True,UP,True,True,False,False,False,False,False
2026-08-24 21:08:13.791419+00:00,78999.995,36.33999999999651,519,18412.2196571333,69879.87263821499,88292.0922953483,-0.5829248310133577,43428.7132818864,SELL,0,0,0,-0.2755242159270138,-0.536736249395092,0.2406894870091229,537252.3395916757,154872.5838124058,0.552472166294214,SELL_IMBALANCE,SELL_FLOW_ABSORBED_OR_REVERSED,KXBTC15M-26AUG241715-15,78917.08,8.519457033333333,6.4805429666666665,78992.71,75.63000000000466,UP,0.0512820512820512,0.9487179487179488,0.9487179487179488,0.0512820512820512,UP,0.9487179487179488,0.81,0.82,0.18,0.19,0.82,0.1287179487179487,90%+ LOCK CANDIDATE,POSITIVE EDGE,,OLD_SCHEMA,UP,True,DOWN,False,False,True,True,False,True,False
2026-08-24 21:08:43.828614+00:00,78994.08499999999,-5.9100000000034925,469,58058.9560523968,15891.4594402678,73950.4154926646,0.5702131128162727,10137.7874440641,BUY,0,0,0,-0.3987152526225311,-0.1020364345706871,-0.5218372784109979,66538.8244948593,226912.7946374572,-0.5465090655038634,BUY_IMBALANCE,BUY_FLOW_ABSORBED_OR_REVERSED,KXBTC15M-26AUG241715-15,78917.08,8.519457033333333,6.4805429666666665,78992.71,75.63000000000466,UP,0.0512820512820512,0.9487179487179488,0.9487179487179488,0.0512820512820512,UP,0.9487179487179488,0.81,0.82,0.18,0.19,0.82,0.1287179487179487,90%+ LOCK CANDIDATE,POSITIVE EDGE,,OLD_SCHEMA,UP,True,UP,True,True,True,True,False,True,False
2026-08-24 21:09:13.822709+00:00,78996.955,2.8700000000098957,459,11101.4964612893,53486.5597292832,64588.0561905725,-0.6562368612384494,9372.0267646896,SELL,0,0,0,-0.4545039157943631,-0.6235915681100207,0.0631412581704291,455187.9492099751,196244.7420616512,0.397498023384204,SELL_IMBALANCE,SELL_FLOW_ABSORBED_OR_REVERSED,KXBTC15M-26AUG241715-15,78917.08,9.471222866666666,5.5287771333333335,78996.96,79.88000000000466,UP,0.0119047619047619,0.988095238095238,0.988095238095238,0.0119047619047619,UP,0.988095238095238,0.86,0.87,0.13,0.14,0.87,0.1180952380952381,90%+ LOCK CANDIDATE,POSITIVE EDGE,,OLD_SCHEMA,UP,True,DOWN,False,False,True,True,False,True,False
2026-08-24 21:09:43.814599+00:00,78958.88500000001,-38.06999999999243,437,4071.4085396494,278024.0855902878,282095.4941299372,-0.9711345368900218,78979.5,SELL,0,0,0,1.4555407483004046,-0.6849436773476323,3.3349701289848213,224787.0733856884,278382.81974527834,-0.1065162027602472,SELL_IMBALANCE,NONE,KXBTC15M-26AUG241715-15,78917.08,9.471222866666666,5.5287771333333335,78996.96,79.88000000000466,UP,0.0119047619047619,0.988095238095238,0.988095238095238,0.0119047619047619,UP,0.988095238095238,0.86,0.87,0.13,0.14,0.87,0.1180952380952381,90%+ LOCK CANDIDATE,POSITIVE EDGE,,OLD_SCHEMA,UP,True,DOWN,False,False,True,False,False,True,False
2026-08-24 21:10:13.746375+00:00,78965.965,7.079999999987194,433,38129.6350932125,9016.9032279396,47146.5383211521,0.6174945797072783,7100.508054112001,BUY,0,0,0,-0.6154245707658891,-0.2933164939974738,-0.5905539241073201,139589.71451608097,131375.0000550047,0.0303165468392424,BUY_IMBALANCE,NONE,KXBTC15M-26AUG241715-15,78917.08,10.4260194,4.5739806,78985.52,68.44000000000233,UP,0.0119047619047619,0.988095238095238,0.988095238095238,0.0119047619047619,UP,0.988095238095238,0.76,0.77,0.23,0.24,0.77,0.2180952380952381,LOCK,LARGE EDGE / PRICE ABOVE 50c,,OLD_SCHEMA,UP,True,UP,True,True,True,False,False,True,False
2026-08-24 21:10:43.821204+00:00,78985.515,19.55000000000291,470,54112.48575181711,7356.6226896124,61469.108441429504,0.7606400067890324,11481.317222287202,BUY,0,0,0,-0.4654264214545952,-0.0821351663192413,-0.6292191556890426,139201.53507105328,75889.8871763394,0.294347618483337,BUY_IMBALANCE,NONE,KXBTC15M-26AUG241715-15,78917.08,10.4260194,4.5739806,78985.52,68.44000000000233,UP,0.0119047619047619,0.988095238095238,0.988095238095238,0.0119047619047619,UP,0.988095238095238,0.76,0.77,0.23,0.24,0.77,0.2180952380952381,LOCK,LARGE EDGE / PRICE ABOVE 50c,,OLD_SCHEMA,UP,True,UP,True,True,True,False,False,True,False
2026-08-24 21:11:13.880588+00:00,79004.42499999999,18.90999999998894,467,129882.4838916338,11976.3227532401,141858.8066448739,0.8311515085105524,75267.84724,BUY,0,0,0,0.368808647486547,0.7592114326896855,-0.5170002429036121,573565.5632149047,61271.0814742894,0.8069705585307327,BUY_IMBALANCE,NONE,KXBTC15M-26AUG241715-15,78917.08,11.371947383333332,3.6280526166666665,79015.2,98.11999999999534,UP,0.0,1.0,1.0,0.0,UP,1.0,0.88,0.89,0.11,0.12,0.89,0.1099999999999999,LOCK,POSITIVE EDGE,,OLD_SCHEMA,UP,True,UP,True,True,True,False,False,True,False
2026-08-24 21:11:43.820351+00:00,79015.195,10.770000000018626,478,63557.4012122208,8601.4725368485,72158.8737490693,0.7615962641889366,12004.792943178,BUY,0,0,0,-0.355290341594354,-0.0099237810328031,-0.5619121434288737,108640.605505529,88795.5405597972,0.1005138387332865,BUY_IMBALANCE,NONE,KXBTC15M-26AUG241715-15,78917.08,11.371947383333332,3.6280526166666665,79015.2,98.11999999999534,UP,0.0,1.0,1.0,0.0,UP,1.0,0.88,0.89,0.11,0.12,0.89,0.1099999999999999,LOCK,POSITIVE EDGE,,OLD_SCHEMA,UP,True,UP,True,True,True,False,False,True,False
2026-08-24 21:12:13.775526+00:00,79036.845,21.64999999999418,437,112502.1988653113,66052.1138918681,178554.31275717937,0.2601454104142075,34830.9616762058,SELL,0,0,0,0.7502968771449009,0.564598415107133,0.3879146001816434,402610.2004923754,116395.733868542,0.5514666551477222,NORMAL_OR_MIXED,NONE,KXBTC15M-26AUG241715-15,78917.08,12.324901966666664,2.6750980333333336,79036.85,119.77000000000407,UP,0.0,1.0,1.0,0.0,UP,1.0,0.981,0.982,0.018,0.019,0.982,0.018,LOCK,SMALL EDGE,,OLD_SCHEMA,UP,True,UP,True,True,False,False,False,False,False
2026-08-24 21:12:43.800481+00:00,79032.435,-4.4100000000034925,474,56510.4616120753,27381.3051110102,83891.7667230855,0.3472230665640431,14211.240110179,SELL,0,0,0,-0.2475790131871183,-0.0925086633555716,-0.2649144943278763,116049.7608482513,83974.35312028031,0.160357704336674,NORMAL_OR_MIXED,NONE,KXBTC15M-26AUG241715-15,78917.08,12.324901966666664,2.6750980333333336,79036.85,119.77000000000407,UP,0.0,1.0,1.0,0.0,UP,1.0,0.981,0.982,0.018,0.019,0.982,0.018,LOCK,SMALL EDGE,,OLD_SCHEMA,UP,True,UP,True,True,False,False,False,False,False
2026-08-24 21:13:13.760158+00:00,79033.805,1.3699999999953434,494,196967.4404089471,51959.1807753966,248926.6211843437,0.5825341578318535,24247.0903128696,BUY,0,0,0,1.4318279948867323,1.4862251458780564,0.1484424100917636,638939.2744749804,216979.8400537895,0.4929898482913337,BUY_IMBALANCE,BUY_FLOW_WEAK_FOLLOW_THROUGH,KXBTC15M-26AUG241715-15,78917.08,13.274929216666669,1.7250707833333334,79032.43,115.34999999999128,UP,0.0,1.0,1.0,0.0,UP,1.0,0.994,0.996,0.004,0.006,0.996,0.004,LOCK,SMALL EDGE,,OLD_SCHEMA,UP,True,UP,True,True,True,True,False,True,False
2026-08-24 21:13:43.769041+00:00,78995.89499999999,-37.91000000000349,450,21305.3745418205,13782.7404802265,35088.115022047,0.2143926528075756,7247.388598279201,BUY,0,0,0,-0.7412393058277612,-0.500847521460219,-0.4699207614180797,104301.6297616513,146903.15572980198,-0.1695888312191413,NORMAL_OR_MIXED,NONE,KXBTC15M-26AUG241715-15,78917.08,13.274929216666669,1.7250707833333334,79032.43,115.34999999999128,UP,0.0,1.0,1.0,0.0,UP,1.0,0.994,0.996,0.004,0.006,0.996,0.004,LOCK,SMALL EDGE,,OLD_SCHEMA,UP,True,UP,True,True,False,False,False,False,False
2026-08-24 21:14:13.752987+00:00,79001.92,6.025000000008731,456,20690.8093550473,40707.6032921934,61398.4126472407,-0.3260148442623569,12041.4065069672,SELL,0,0,0,-0.4781331659951275,-0.5042867589901875,-0.03212858019729,339387.2457885013,116988.4534752199,0.4873151499347604,NORMAL_OR_MIXED,NONE,KXBTC15M-26AUG241715-15,78917.08,14.2235265,0.7764735,78997.64,80.55999999999767,UP,0.0,1.0,1.0,0.0,UP,1.0,0.996,0.997,0.003,0.004,0.997,0.003,LOCK,SMALL EDGE,,OLD_SCHEMA,UP,True,DOWN,False,False,False,False,False,False,False
2026-08-24 21:14:43.750017+00:00,79012.005,10.085000000006405,477,77016.7463198811,34634.853609496895,111651.599929378,0.3795905543421828,15636.707806760998,SELL,0,0,0,0.0369123464024465,0.1247571449248665,-0.1262480857832336,98332.7184005623,63965.617063460304,0.2117526420640358,NORMAL_OR_MIXED,NONE,KXBTC15M-26AUG241715-15,78917.08,14.2235265,0.7764735,78997.64,80.55999999999767,UP,0.0,1.0,1.0,0.0,UP,1.0,0.996,0.997,0.003,0.004,0.997,0.003,LOCK,SMALL EDGE,,OLD_SCHEMA,UP,True,UP,True,True,False,False,False,False,False
2026-08-24 21:15:13.752893+00:00,79023.315,11.309999999997672,446,42024.847141695805,35553.21268343781,77578.05982513362,0.0834209372191766,19755.815775802403,SELL,0,0,0,-0.3290941083792407,-0.2762023713592817,-0.1254386776608995,199139.56189161653,76003.11917218458,0.4475366825798961,NORMAL_OR_MIXED,NONE,KXBTC15M-26AUG241730-30,79011.3,0.70373045,14.29626955,79009.7,-1.6000000000058208,DOWN,1.0,0.0,1.0,0.0,UP,1.0,0.53,0.54,0.46,0.47,0.54,0.4599999999999999,EARLY 90%+ / NOT YET VALIDATED LOCK,LARGE EDGE / PRICE ABOVE 50c,,OLD_SCHEMA,DOWN,False,UP,True,False,False,False,False,False,False
2026-08-24 21:15:44.251104+00:00,79005.625,-17.69000000000233,488,42527.4862587045,128994.3889800996,171521.8752388041,-0.5041158895972316,12372.149874441,SELL,0,0,0,0.6414647177097851,-0.245193532895402,1.4210461160841092,214640.355373587,99136.05721442442,0.3681102005293807,SELL_IMBALANCE,NONE,KXBTC15M-26AUG241730-30,79011.3,0.70373045,14.29626955,79009.7,-1.6000000000058208,DOWN,1.0,0.0,1.0,0.0,UP,1.0,0.53,0.54,0.46,0.47,0.54,0.4599999999999999,EARLY 90%+ / NOT YET VALIDATED LOCK,LARGE EDGE / PRICE ABOVE 50c,,OLD_SCHEMA,DOWN,False,DOWN,False,True,True,False,False,True,False
2026-08-24 21:16:14.071923+00:00,78956.155,-49.47000000000117,615,3218.8437378268,1729831.8065474017,1733050.6502852286,-0.9962853437234542,89999.99743412789,SELL,0,0,0,16.37072326162557,-0.6851096435616946,27.354208823304543,500183.2923702116,175995.99586427445,0.479439849972919,ABNORMAL_SELL_PRESSURE,NONE,KXBTC15M-26AUG241730-30,79011.3,1.6515683833333334,13.348431616666666,78955.49,-55.80999999999767,DOWN,0.4336734693877551,0.5663265306122449,0.4336734693877551,0.5663265306122449,DOWN,0.5663265306122449,0.29,0.3,0.7,0.71,0.71,-0.143673469387755,RAW,NO VALUE,,OLD_SCHEMA,DOWN,True,DOWN,True,True,True,False,False,True,True
2026-08-24 21:16:43.884142+00:00,78945.91500000001,-10.239999999990689,511,43398.01841264581,86769.5418003579,130167.5602130037,-0.3331976363138386,37502.81390944,SELL,0,0,0,-0.0786643508734073,-0.2345092507505751,-0.0010398150314832,383824.2318185724,139771.51835917367,0.4661090419021729,NORMAL_OR_MIXED,NONE,KXBTC15M-26AUG241730-30,79011.3,1.6515683833333334,13.348431616666666,78955.49,-55.80999999999767,DOWN,0.4336734693877551,0.5663265306122449,0.4336734693877551,0.5663265306122449,DOWN,0.5663265306122449,0.29,0.3,0.7,0.71,0.71,-0.143673469387755,RAW,NO VALUE,,OLD_SCHEMA,DOWN,True,DOWN,True,True,False,False,False,False,False
2026-08-24 21:17:13.811914+00:00,78920.295,-25.62000000000989,446,15969.870926215,19359.5963406912,35329.4672669062,-0.0959461230724932,7999.999456848001,SELL,0,0,0,-0.440331831304401,-0.5526826443592154,-0.2587959889026529,468247.3837179505,139369.005334569,0.5412598875027297,NORMAL_OR_MIXED,NONE,KXBTC15M-26AUG241730-30,79011.3,2.60195485,12.39804515,78941.87,-69.43000000000757,DOWN,0.4285714285714285,0.5714285714285714,0.4285714285714285,0.5714285714285714,DOWN,0.5714285714285714,0.21,0.22,0.78,0.79,0.79,-0.2185714285714286,RAW,NO VALUE,,OLD_SCHEMA,DOWN,True,DOWN,True,True,False,False,False,False,False
2026-08-24 21:17:43.787307+00:00,78940.31,20.014999999999414,473,182701.6731589569,15831.846457686,198533.5196166429,0.8405121060840868,27096.4164601072,BUY,0,0,0,0.1806552696569988,1.369151974408182,-0.2667393065343724,445068.2707232506,159225.8873410088,0.4730186111642764,BUY_IMBALANCE,NONE,KXBTC15M-26AUG241730-30,79011.3,2.60195485,12.39804515,78941.87,-69.43000000000757,DOWN,0.4285714285714285,0.5714285714285714,0.4285714285714285,0.5714285714285714,DOWN,0.5714285714285714,0.21,0.22,0.78,0.79,0.79,-0.2185714285714286,RAW,NO VALUE,,OLD_SCHEMA,DOWN,True,UP,False,False,True,False,False,True,False
2026-08-24 21:18:14.129277+00:00,78919.70000000001,-20.60999999998603,494,6490.2360679556,66660.3165975143,73150.5526654699,-0.822551277291463,15787.9,SELL,0,0,0,-0.2905880029075585,-0.6563882911363855,-0.0727179796945964,397770.9219091372,123824.1320880906,0.525209715317781,SELL_IMBALANCE,NONE,KXBTC15M-26AUG241730-30,79011.3,3.5561477,11.4438523,78929.26,-82.04000000000815,DOWN,0.3934426229508196,0.6065573770491803,0.3934426229508196,0.6065573770491803,DOWN,0.6065573770491803,0.22,0.23,0.77,0.78,0.78,-0.1734426229508197,RAW,NO VALUE,,OLD_SCHEMA,DOWN,True,DOWN,True,True,True,False,False,True,False
2026-08-24 21:18:44.114281+00:00,78928.17499999999,8.474999999976717,442,10260.5961628388,7315.1167096655,17575.7128725043,0.1675880503135238,3806.9305825575,SELL,0,0,0,-0.4949103583785269,-0.6136827318318515,-0.2920644818752,343490.49851458427,203521.83709552715,0.2558784369331319,NORMAL_OR_MIXED,NONE,KXBTC15M-26AUG241730-30,79011.3,3.5561477,11.4438523,78929.26,-82.04000000000815,DOWN,0.3934426229508196,0.6065573770491803,0.3934426229508196,0.6065573770491803,DOWN,0.6065573770491803,0.22,0.23,0.77,0.78,0.78,-0.1734426229508197,RAW,NO VALUE,,OLD_SCHEMA,DOWN,True,UP,False,False,False,False,False,False,False
2026-08-24 21:19:13.747902+00:00,78962.135,33.9600000000064,470,244466.7962590495,8771.387183414401,253238.1834424639,0.9307261877795988,46113.2682822312,BUY,0,0,0,0.3737801172692449,1.9832253120532048,-0.286954183226637,129391.30806721302,242685.63275231727,-0.3044916581918894,BUY_IMBALANCE,NONE,KXBTC15M-26AUG241730-30,79011.3,4.506175216666667,10.493824783333334,78961.74,-49.55999999999767,DOWN,0.3934426229508196,0.6065573770491803,0.3934426229508196,0.6065573770491803,DOWN,0.6065573770491803,0.32,0.33,0.67,0.68,0.68,-0.0734426229508197,RAW,NO VALUE,,OLD_SCHEMA,DOWN,True,UP,False,False,True,False,False,True,False
2026-08-24 21:19:43.809345+00:00,78873.205,-88.92999999999302,553,195433.521762998,472863.4375564481,668296.9593194461,-0.4151296993419934,39982.82477156,SELL,0,0,0,1.8857366815080407,1.323432503758273,1.4312318387114698,605203.2161205219,101163.42860917098,0.7135668017056965,NORMAL_OR_MIXED,NONE,KXBTC15M-26AUG241730-30,79011.3,4.506175216666667,10.493824783333334,78961.74,-49.55999999999767,DOWN,0.3934426229508196,0.6065573770491803,0.3934426229508196,0.6065573770491803,DOWN,0.6065573770491803,0.32,0.33,0.67,0.68,0.68,-0.0734426229508197,RAW,NO VALUE,,OLD_SCHEMA,DOWN,True,DOWN,True,True,False,False,False,False,False
2026-08-24 21:20:13.757961+00:00,78843.445,-29.75999999999476,485,159644.0425771707,45024.7989792528,204668.84155642352,0.5600229264322065,25231.0176,BUY,0,0,0,0.1192277036332706,0.8855558458382069,-0.1860123822278344,132346.4171480344,150112.43839032995,-0.0628977314534312,BUY_IMBALANCE,BUY_FLOW_ABSORBED_OR_REVERSED,KXBTC15M-26AUG241730-30,79011.3,5.455839066666667,9.544160933333334,78850.89,-160.4100000000035,DOWN,0.0698924731182795,0.9301075268817204,0.0698924731182795,0.9301075268817204,DOWN,0.9301075268817204,0.12,0.13,0.87,0.88,0.88,0.0501075268817204,EARLY 90%+ / NOT YET VALIDATED LOCK,SMALL EDGE,,OLD_SCHEMA,DOWN,True,UP,False,False,True,True,False,True,False
2026-08-24 21:20:43.825365+00:00,78860.315,16.869999999995343,481,63977.1566254534,4969.6582188485,68946.8148443019,0.8558408178805313,31081.6877236005,BUY,0,0,0,-0.3707396345252359,-0.1383317375660841,-0.3297020637683089,520644.10552019527,246457.66470508627,0.3574316361368664,BUY_IMBALANCE,NONE,KXBTC15M-26AUG241730-30,79011.3,5.455839066666667,9.544160933333334,78850.89,-160.4100000000035,DOWN,0.0698924731182795,0.9301075268817204,0.0698924731182795,0.9301075268817204,DOWN,0.9301075268817204,0.12,0.13,0.87,0.88,0.88,0.0501075268817204,EARLY 90%+ / NOT YET VALIDATED LOCK,SMALL EDGE,,OLD_SCHEMA,DOWN,True,UP,False,False,True,False,False,True,False
2026-08-24 21:21:13.772518+00:00,78860.315,0.0,426,10545.821043912,36011.3691368278,46557.1901807398,-0.5469734748608308,10814.310878353,SELL,0,0,0,-0.4545870525185884,-0.7038683143498661,-0.2174319458826961,163921.14817161745,447112.7464660259,-0.4634629940820997,SELL_IMBALANCE,SELL_FLOW_ABSORBED_OR_REVERSED,KXBTC15M-26AUG241730-30,79011.3,6.406003916666666,8.593996083333334,78860.32,-150.97999999999593,DOWN,0.0698924731182795,0.9301075268817204,0.0698924731182795,0.9301075268817204,DOWN,0.9301075268817204,0.1,0.11,0.89,0.9,0.9,0.0301075268817204,EARLY 90%+ / NOT YET VALIDATED LOCK,SMALL EDGE,,OLD_SCHEMA,DOWN,True,DOWN,True,True,True,True,False,True,False
2026-08-24 21:21:43.826760+00:00,78867.995,7.679999999993015,454,219935.0368290656,34789.9213130236,254724.9581420892,0.7268432464036972,206327.46236292963,BUY,0,0,0,0.293776916732601,1.5120814017550652,-0.2251002554551835,470850.0319279014,72768.11773892581,0.7322822360382046,BUY_IMBALANCE,NONE,KXBTC15M-26AUG241730-30,79011.3,6.406003916666666,8.593996083333334,78860.32,-150.97999999999593,DOWN,0.0698924731182795,0.9301075268817204,0.0698924731182795,0.9301075268817204,DOWN,0.9301075268817204,0.1,0.11,0.89,0.9,0.9,0.0301075268817204,EARLY 90%+ / NOT YET VALIDATED LOCK,SMALL EDGE,,OLD_SCHEMA,DOWN,True,UP,False,False,True,False,False,True,False
2026-08-24 21:22:13.774328+00:00,78858.92499999999,-9.070000000006983,442,3920.7780725364,45867.7140276766,49788.492100213,-0.8425026383749579,15773.74,SELL,0,0,0,-0.4518905424383783,-0.7678417934498107,-0.187729337400285,400329.51068412734,115067.0291270566,0.553481561326696,SELL_IMBALANCE,NONE,KXBTC15M-26AUG241730-30,79011.3,7.354095333333333,7.645904666666667,78877.16,-134.13999999999942,DOWN,0.0512820512820512,0.9487179487179488,0.0512820512820512,0.9487179487179488,DOWN,0.9487179487179488,0.093,0.095,0.905,0.907,0.907,0.0417179487179486,EARLY 90%+ / NOT YET VALIDATED LOCK,SMALL EDGE,,OLD_SCHEMA,DOWN,True,DOWN,True,True,True,False,False,True,False
2026-08-24 21:22:43.859249+00:00,78894.625,35.70000000001164,484,45835.4850229054,31664.3113580303,77499.7963809357,0.1828543341613357,12617.6672,BUY,0,0,0,-0.3485482332595346,-0.3287928212002324,-0.2384142341618219,396479.4634897775,89234.4620411477,0.632563707356724,NORMAL_OR_MIXED,NONE,KXBTC15M-26AUG241730-30,79011.3,7.354095333333333,7.645904666666667,78877.16,-134.13999999999942,DOWN,0.0512820512820512,0.9487179487179488,0.0512820512820512,0.9487179487179488,DOWN,0.9487179487179488,0.093,0.095,0.905,0.907,0.907,0.0417179487179486,EARLY 90%+ / NOT YET VALIDATED LOCK,SMALL EDGE,,OLD_SCHEMA,DOWN,True,UP,False,False,False,False,False,False,False
2026-08-24 21:23:13.753461+00:00,78925.565,30.94000000000233,446,246442.8499380908,52437.935675054105,298880.7856131449,0.6491046718344288,36461.8857942672,BUY,0,0,0,0.4551583682831095,1.696748168426463,-0.141098291325621,49738.0637666457,132763.2987207645,-0.454929397909817,BUY_IMBALANCE,NONE,KXBTC15M-26AUG241730-30,79011.3,8.299245583333335,6.700754416666666,78925.57,-85.72999999999593,DOWN,0.2738853503184713,0.7261146496815287,0.2738853503184713,0.7261146496815287,DOWN,0.7261146496815287,0.13,0.14,0.86,0.87,0.87,-0.1438853503184712,LEAN,NO VALUE,,OLD_SCHEMA,DOWN,True,UP,False,False,True,False,False,True,False
2026-08-24 21:23:43.803058+00:00,78941.735,16.169999999998254,469,36323.5899430507,27827.6589096681,64151.2488527188,0.1324359413935639,9322.875412,BUY,0,0,0,-0.3852085467831415,-0.4410628783948572,-0.235080258901986,70799.1070387941,120727.3953831316,-0.2606860550000926,NORMAL_OR_MIXED,NONE,KXBTC15M-26AUG241730-30,79011.3,8.299245583333335,6.700754416666666,78925.57,-85.72999999999593,DOWN,0.2738853503184713,0.7261146496815287,0.2738853503184713,0.7261146496815287,DOWN,0.7261146496815287,0.13,0.14,0.86,0.87,0.87,-0.1438853503184712,LEAN,NO VALUE,,OLD_SCHEMA,DOWN,True,UP,False,False,False,False,False,False,False
2026-08-24 21:24:13.817904+00:00,78937.955,-3.779999999998836,441,4490.2091623031,33550.2417273043,38040.45088960741,-0.7639245036640815,15787.46,SELL,0,0,0,-0.4443371618686502,-0.9062050875658364,-0.2156761788924649,89672.1343569037,107980.48387206632,-0.0926289248238207,SELL_IMBALANCE,SELL_FLOW_WEAK_FOLLOW_THROUGH,KXBTC15M-26AUG241730-30,79011.3,9.22978595,5.770214050000001,78937.96,-73.33999999999651,DOWN,0.2406015037593984,0.7593984962406015,0.2406015037593984,0.7593984962406015,DOWN,0.7593984962406015,0.21,0.22,0.78,0.79,0.79,-0.0306015037593985,LEAN,NO VALUE,,OLD_SCHEMA,DOWN,True,DOWN,True,True,True,True,False,True,False
2026-08-24 21:24:43.762180+00:00,78941.745,3.789999999993597,385,14566.3713946647,36185.9161145041,50752.2875091688,-0.4259816804500419,12009.2287366098,SELL,0,0,0,-0.397568570186598,-0.7451526140733993,-0.2085661774725763,267610.9570257961,105620.5777739636,0.4340211481292463,NORMAL_OR_MIXED,NONE,KXBTC15M-26AUG241730-30,79011.3,10.167728016666668,4.832271983333333,78936.38,-74.91999999999825,DOWN,0.109375,0.890625,0.109375,0.890625,DOWN,0.890625,0.16,0.17,0.83,0.84,0.84,0.050625,STRONG,SMALL EDGE,,OLD_SCHEMA,DOWN,True,DOWN,True,True,False,False,False,False,False
2026-08-24 21:25:13.789878+00:00,78941.745,0.0,485,14074.1419928193,56394.0399553856,70468.1819482049,-0.6005532822412252,15788.020000000002,SELL,0,0,0,-0.3204443706692282,-0.7379417719399088,-0.1319704634444344,101720.5871210468,102901.0677714119,-0.0057690895471718,SELL_IMBALANCE,SELL_FLOW_ABSORBED_OR_REVERSED,KXBTC15M-26AUG241730-30,79011.3,10.167728016666668,4.832271983333333,78936.38,-74.91999999999825,DOWN,0.109375,0.890625,0.109375,0.890625,DOWN,0.890625,0.16,0.17,0.83,0.84,0.84,0.050625,STRONG,SMALL EDGE,,OLD_SCHEMA,DOWN,True,DOWN,True,True,True,True,False,True,False
2026-08-24 21:25:43.812167+00:00,78920.805,-20.94000000000233,488,39180.5293742539,44837.8077844881,84018.337158742,-0.067333853555629,13520.663509771,SELL,0,0,0,-0.2737855926556036,-0.3749307672120374,-0.1787089145942679,78007.83512778401,122488.3875581042,-0.2218523213776781,NORMAL_OR_MIXED,NONE,KXBTC15M-26AUG241730-30,79011.3,11.10750425,3.89249575,78906.54,-104.76000000000931,DOWN,0.0119047619047619,0.988095238095238,0.0119047619047619,0.988095238095238,DOWN,0.988095238095238,0.042,0.045,0.955,0.958,0.958,0.0300952380952381,LOCK,SMALL EDGE,,OLD_SCHEMA,DOWN,True,DOWN,True,True,False,False,False,False,False
2026-08-24 21:26:13.763614+00:00,78920.795,-0.0099999999947613,408,33283.0837968941,4528.1574430111,37811.2412399052,0.7604861784737087,18137.8402936341,BUY,0,0,0,-0.4436150103188787,-0.4677969979758074,-0.3263195636681337,431241.8666378698,250359.2354599168,0.2653790180521194,BUY_IMBALANCE,BUY_FLOW_ABSORBED_OR_REVERSED,KXBTC15M-26AUG241730-30,79011.3,11.10750425,3.89249575,78906.54,-104.76000000000931,DOWN,0.0119047619047619,0.988095238095238,0.0119047619047619,0.988095238095238,DOWN,0.988095238095238,0.042,0.045,0.955,0.958,0.958,0.0300952380952381,LOCK,SMALL EDGE,,OLD_SCHEMA,DOWN,True,UP,False,False,True,True,False,True,False
2026-08-24 21:26:43.762833+00:00,78906.955,-13.839999999996508,410,28294.4669705156,40293.4335154292,68587.9004859448,-0.1749429047966332,11971.8688404404,BUY,0,0,0,-0.3335476438553811,-0.5438564075413045,-0.1955271194867981,59064.6023912637,84800.3204926372,-0.178888067956233,NORMAL_OR_MIXED,NONE,KXBTC15M-26AUG241730-30,79011.3,12.052073916666666,2.9479260833333334,78909.91,-101.38999999999942,DOWN,0.0,1.0,0.0,1.0,DOWN,1.0,0.028,0.029,0.971,0.972,0.972,0.028,LOCK,SMALL EDGE,,OLD_SCHEMA,DOWN,True,DOWN,True,True,False,False,False,False,False
2026-08-24 21:27:14.253098+00:00,78896.33499999999,-10.620000000009895,392,6540.6376372826,16186.9729708685,22727.6106081511,-0.424432444743061,5935.683781688,SELL,0,0,0,-0.5028607764806423,-0.8591996215927201,-0.2850035928244203,49157.213427635,93402.0940228665,-0.3103612200879548,NORMAL_OR_MIXED,NONE,KXBTC15M-26AUG241730-30,79011.3,12.052073916666666,2.9479260833333334,78909.91,-101.38999999999942,DOWN,0.0,1.0,0.0,1.0,DOWN,1.0,0.028,0.029,0.971,0.972,0.972,0.028,LOCK,SMALL EDGE,,OLD_SCHEMA,DOWN,True,DOWN,True,True,False,False,False,False,False
2026-08-24 21:27:43.766978+00:00,78896.33499999999,0.0,453,5531.9207950654,30591.9111139449,36123.8319090103,-0.6937245855312717,6001.4950719895005,SELL,0,0,0,-0.447111426650061,-0.8377770968870064,-0.2338173594895071,521539.0598980253,53930.57189388911,0.8125684869731232,SELL_IMBALANCE,SELL_FLOW_ABSORBED_OR_REVERSED,KXBTC15M-26AUG241730-30,79011.3,12.998768483333333,2.0012315166666665,78898.13,-113.16999999999824,DOWN,0.0,1.0,0.0,1.0,DOWN,1.0,0.007,0.008,0.992,0.993,0.993,0.007,LOCK,SMALL EDGE,,OLD_SCHEMA,DOWN,True,DOWN,True,True,True,True,False,True,False
2026-08-24 21:28:13.877414+00:00,78889.695,-6.639999999984866,505,2710.5400862072,12367.3140143156,15077.8541005228,-0.6404607621036449,3962.4932054771,SELL,0,0,0,-0.5207047385884754,-0.8585926421885789,-0.3017331590859241,70237.7804947368,68763.6704699282,0.0106049973908785,SELL_IMBALANCE,NONE,KXBTC15M-26AUG241730-30,79011.3,12.998768483333333,2.0012315166666665,78898.13,-113.16999999999824,DOWN,0.0,1.0,0.0,1.0,DOWN,1.0,0.007,0.008,0.992,0.993,0.993,0.007,LOCK,SMALL EDGE,,OLD_SCHEMA,DOWN,True,DOWN,True,True,True,False,False,True,False
2026-08-24 21:28:43.783953+00:00,78897.38500000001,7.690000000002328,422,27587.8856119,7075.9528162965,34663.8384281965,0.5917386453924428,8000.0001704268,BUY,0,0,0,-0.4424096419975197,-0.5056001349846234,-0.3154752021784845,38840.5436159387,64096.5305802383,-0.2453536508738033,BUY_IMBALANCE,NONE,KXBTC15M-26AUG241730-30,79011.3,13.948847783333331,1.0511522166666667,78908.63,-102.66999999999824,DOWN,0.0,1.0,0.0,1.0,DOWN,1.0,0.001,0.002,0.998,0.999,0.999,0.001,LOCK,SMALL EDGE,,OLD_SCHEMA,DOWN,True,UP,False,False,True,False,False,True,False
2026-08-24 21:29:13.869346+00:00,78908.625,11.239999999990689,431,29534.385594606298,25343.627758873,54878.0133534793,0.0763649698603312,12005.324733074398,SELL,0,0,0,-0.3657467115892803,-0.4667188867613929,-0.2480131645541261,93944.58499128131,154417.73295363862,-0.243487613027386,NORMAL_OR_MIXED,NONE,KXBTC15M-26AUG241730-30,79011.3,13.948847783333331,1.0511522166666667,78908.63,-102.66999999999824,DOWN,0.0,1.0,0.0,1.0,DOWN,1.0,0.001,0.002,0.998,0.999,0.999,0.001,LOCK,SMALL EDGE,,OLD_SCHEMA,DOWN,True,UP,False,False,False,False,False,False,False
2026-08-24 21:29:43.763901+00:00,78907.055,-1.570000000006985,388,3000.7268192210004,5566.3655566343,8567.0923758553,-0.2994760211345518,3030.000263087,SELL,0,0,0,-0.53095156022845,-0.8421572192117953,-0.317374933506462,101175.65880898052,114986.9704552944,-0.0638931516207111,NORMAL_OR_MIXED,NONE,KXBTC15M-26AUG241730-30,79011.3,14.8885586,0.1114414,78913.83,-97.47000000000116,DOWN,0.0,1.0,0.0,1.0,DOWN,1.0,0.0,0.001,0.999,1.0,1.0,0.0,LOCK,NO VALUE,,OLD_SCHEMA,DOWN,True,DOWN,True,True,False,False,False,False,False
2026-08-24 21:30:13.813073+00:00,78938.015,30.960000000006403,460,19557.535739778697,1603.790496991,21161.3262367697,0.8484224968656008,3180.2868674283,BUY,0,0,0,-0.4609027337602376,-0.6124179726770246,-0.3084643279953495,175174.15350678403,246782.24802598465,-0.1697049606525275,BUY_IMBALANCE,NONE,KXBTC15M-26AUG241730-30,79011.3,14.8885586,0.1114414,78913.83,-97.47000000000116,DOWN,0.0,1.0,0.0,1.0,DOWN,1.0,0.0,0.001,0.999,1.0,1.0,0.0,LOCK,NO VALUE,,OLD_SCHEMA,DOWN,True,UP,False,False,True,False,False,True,False
2026-08-24 21:30:43.775334+00:00,78949.995,11.979999999995924,361,55938.0029462223,5072.6466396744,61010.6495858967,0.8337127477217683,18040.97280339,BUY,0,0,0,-0.3153682256064961,-0.102254860111913,-0.2950294339664544,155340.67763724012,249775.51588153216,-0.2331055626881923,BUY_IMBALANCE,NONE,KXBTC15M-26AUG241745-45,78906.99,0.83776635,14.16223365,78950.0,43.00999999999476,UP,0.3652173913043478,0.6347826086956522,0.6347826086956522,0.3652173913043478,UP,0.6347826086956522,0.62,0.63,0.37,0.38,0.63,0.0047826086956521,RAW,SMALL EDGE,,OLD_SCHEMA,UP,True,UP,True,True,True,False,False,True,False
2026-08-24 21:31:13.848811+00:00,79013.89499999999,63.89999999999418,608,54120.7787870857,200987.51845088825,255108.29723797392,-0.5757035002542473,18314.029180300004,SELL,0,0,0,0.3800421261644489,-0.1279626636783697,0.4221466139837643,131213.41810377032,176977.38828723496,-0.1484923275920286,SELL_IMBALANCE,SELL_FLOW_ABSORBED_OR_REVERSED,KXBTC15M-26AUG241745-45,78906.99,0.83776635,14.16223365,78950.0,43.00999999999476,UP,0.3652173913043478,0.6347826086956522,0.6347826086956522,0.3652173913043478,UP,0.6347826086956522,0.62,0.63,0.37,0.38,0.63,0.0047826086956521,RAW,SMALL EDGE,,OLD_SCHEMA,UP,True,DOWN,False,False,True,True,False,True,False
2026-08-24 21:31:43.839616+00:00,78965.845,-48.04999999998836,543,65691.8018300475,188796.6505665835,254488.452396631,-0.4837345175280169,18675.87714945,SELL,0,0,0,0.3670382534646471,0.0584297151712237,0.3598213567449959,101058.14334237232,85685.11817161202,0.0823217129556724,NORMAL_OR_MIXED,NONE,KXBTC15M-26AUG241745-45,78906.99,1.7825819,13.2174181,78965.84,58.84999999999127,UP,0.3934426229508196,0.6065573770491803,0.6065573770491803,0.3934426229508196,UP,0.6065573770491803,0.73,0.74,0.26,0.27,0.74,-0.1334426229508196,RAW,NO VALUE,,OLD_SCHEMA,UP,True,DOWN,False,False,False,False,False,False,False
2026-08-24 21:32:13.779304+00:00,78920.725,-45.11999999999534,439,38218.987553637,23164.6783600396,61383.6659136766,0.2452494319053567,13033.090173,SELL,0,0,0,-0.3396852670664164,-0.3254276746189348,-0.2619701551063231,82923.3717366494,188443.7534552491,-0.3888473286658451,NORMAL_OR_MIXED,NONE,KXBTC15M-26AUG241745-45,78906.99,1.7825819,13.2174181,78965.84,58.84999999999127,UP,0.3934426229508196,0.6065573770491803,0.6065573770491803,0.3934426229508196,UP,0.6065573770491803,0.73,0.74,0.26,0.27,0.74,-0.1334426229508196,RAW,NO VALUE,,OLD_SCHEMA,UP,True,UP,True,True,False,False,False,False,False
2026-08-24 21:32:43.837587+00:00,78914.945,-5.779999999998836,524,6800.6261649836,141450.3379717085,148250.9641366921,-0.9082552183780308,11999.464586704798,SELL,0,0,0,-0.0186917961001797,-0.7416196557991312,0.1740253162823427,124334.2078681394,93126.90983104832,0.1435074847737143,SELL_IMBALANCE,NONE,KXBTC15M-26AUG241745-45,78906.99,2.7277281833333333,12.272271816666668,78914.95,7.959999999991851,UP,0.4336734693877551,0.5663265306122449,0.5663265306122449,0.4336734693877551,UP,0.5663265306122449,0.54,0.55,0.45,0.46,0.55,0.0163265306122448,RAW,SMALL EDGE,,OLD_SCHEMA,UP,True,DOWN,False,False,True,False,False,True,False
2026-08-24 21:33:13.782559+00:00,78930.32500000001,15.380000000004657,491,51569.9667919001,92245.020899746,143814.9876916461,-0.2828290344470726,15789.86,SELL,0,0,0,-0.0403022612376289,-0.0958942362706749,-0.0160562559242183,165045.33631764408,120628.9251724912,0.1554792192809664,NORMAL_OR_MIXED,NONE,KXBTC15M-26AUG241745-45,78906.99,3.6719981666666666,11.328001833333332,78919.41,12.419999999998254,UP,0.4336734693877551,0.5663265306122449,0.5663265306122449,0.4336734693877551,UP,0.5663265306122449,0.57,0.58,0.42,0.43,0.58,-0.013673469387755,RAW,NO VALUE,,OLD_SCHEMA,UP,True,DOWN,False,False,False,False,False,False,False
2026-08-24 21:33:43.789529+00:00,78919.405,-10.920000000012806,432,6876.5602970204,50278.0341462298,57154.5944432502,-0.7593698157075279,8001.166538400001,SELL,0,0,0,-0.3409988406106394,-0.7020250377729347,-0.173089681780666,106692.52142721538,128163.89234599331,-0.0914233959968066,SELL_IMBALANCE,NONE,KXBTC15M-26AUG241745-45,78906.99,3.6719981666666666,11.328001833333332,78919.41,12.419999999998254,UP,0.4336734693877551,0.5663265306122449,0.5663265306122449,0.4336734693877551,UP,0.5663265306122449,0.57,0.58,0.42,0.43,0.58,-0.013673469387755,RAW,NO VALUE,,OLD_SCHEMA,UP,True,DOWN,False,False,True,False,False,True,False
2026-08-24 21:34:13.811528+00:00,78921.375,1.970000000001164,488,22929.270558884,13842.4982447447,36771.7688036287,0.2471127337568434,10895.3151212226,BUY,0,0,0,-0.4162084904536295,-0.4602485035234319,-0.3098089106031421,130801.20991976628,129345.84192342432,0.0055944051106111,NORMAL_OR_MIXED,NONE,KXBTC15M-26AUG241745-45,78906.99,4.6251635,10.3748365,78907.0,0.0099999999947613,UP,0.4285714285714285,0.5714285714285714,0.5714285714285714,0.4285714285714285,UP,0.5714285714285714,0.56,0.57,0.43,0.44,0.57,0.0014285714285714,RAW,SMALL EDGE,,OLD_SCHEMA,UP,True,UP,True,True,False,False,False,False,False
2026-08-24 21:34:43.798168+00:00,78921.695,0.3200000000069849,1000,292686.4887756874,1248994.733803603,1541681.2225792906,-0.620302194138407,136913.0617864,SELL,0,0,0,4.970023864813429,3.477909339316099,4.2068660853357525,164494.4977628518,177090.4965645281,-0.0368751526292285,ABNORMAL_SELL_PRESSURE,SELL_FLOW_ABSORBED_OR_REVERSED,KXBTC15M-26AUG241745-45,78906.99,4.6251635,10.3748365,78907.0,0.0099999999947613,UP,0.4285714285714285,0.5714285714285714,0.5714285714285714,0.4285714285714285,UP,0.5714285714285714,0.56,0.57,0.43,0.44,0.57,0.0014285714285714,RAW,SMALL EDGE,,OLD_SCHEMA,UP,True,DOWN,False,False,True,True,False,True,True
2026-08-24 21:35:13.787802+00:00,78930.875,9.179999999993017,654,167459.2660796248,165855.7395326948,333315.0056123196,0.0048108441562185,50025.0585025671,SELL,0,0,0,0.4104588149580041,1.380906831060858,0.1149848329165035,152151.6093062008,291717.0169723977,-0.3144295392902974,NORMAL_OR_MIXED,NONE,KXBTC15M-26AUG241745-45,78906.99,5.581278016666667,9.418721983333334,78938.87,31.879999999990105,UP,0.4285714285714285,0.5714285714285714,0.5714285714285714,0.4285714285714285,UP,0.5714285714285714,0.6,0.61,0.39,0.4,0.61,-0.0385714285714285,RAW,NO VALUE,,OLD_SCHEMA,UP,True,UP,True,True,False,False,False,False,False
2026-08-24 21:35:43.796796+00:00,78937.265,6.389999999999418,445,59058.779137222096,12148.0636524971,71206.8427897192,0.6587950489991102,14575.1171395638,BUY,0,0,0,-0.3485137865261308,-0.0500531241996838,-0.3652516773929788,129639.54186313107,277170.2045931937,-0.3626527240686489,BUY_IMBALANCE,NONE,KXBTC15M-26AUG241745-45,78906.99,5.581278016666667,9.418721983333334,78938.87,31.879999999990105,UP,0.4285714285714285,0.5714285714285714,0.5714285714285714,0.4285714285714285,UP,0.5714285714285714,0.6,0.61,0.39,0.4,0.61,-0.0385714285714285,RAW,NO VALUE,,OLD_SCHEMA,UP,True,UP,True,True,True,False,False,True,False
2026-08-24 21:36:13.771712+00:00,78935.08499999999,-2.180000000007567,459,16232.6919479435,12153.7290096386,28386.4209575821,0.1436941608242935,7774.4761505848,SELL,0,0,0,-0.4617562157253096,-0.5936903453685799,-0.3557168764831765,144117.9097390689,253195.05191399984,-0.2745370846224151,NORMAL_OR_MIXED,NONE,KXBTC15M-26AUG241745-45,78906.99,6.530446983333333,8.469553016666667,78944.58,37.58999999999651,UP,0.2738853503184713,0.7261146496815287,0.7261146496815287,0.2738853503184713,UP,0.7261146496815287,0.57,0.58,0.42,0.43,0.58,0.1461146496815287,LEAN,POSITIVE EDGE,,OLD_SCHEMA,UP,True,UP,True,True,False,False,False,False,False
2026-08-24 21:36:43.789020+00:00,78952.045,16.960000000006403,428,14748.9753113149,6284.555221788801,21033.5305331037,0.4024250743927339,4227.8103885786,SELL,0,0,0,-0.5032138552969652,-0.6181489458630843,-0.3894198143960813,138482.5461008972,303590.72847881704,-0.3734860075739496,NORMAL_OR_MIXED,NONE,KXBTC15M-26AUG241745-45,78906.99,6.530446983333333,8.469553016666667,78944.58,37.58999999999651,UP,0.2738853503184713,0.7261146496815287,0.7261146496815287,0.2738853503184713,UP,0.7261146496815287,0.57,0.58,0.42,0.43,0.58,0.1461146496815287,LEAN,POSITIVE EDGE,,OLD_SCHEMA,UP,True,UP,True,True,False,False,False,False,False
2026-08-24 21:37:13.774950+00:00,78942.505,-9.539999999993595,477,36208.1267789696,28421.7072604008,64629.8340393704,0.1204771702465701,12577.1389013673,BUY,0,0,0,-0.3206765523466647,-0.3372726142660527,-0.2704165452003302,155139.813200395,119995.7356196084,0.1277336852017556,NORMAL_OR_MIXED,NONE,KXBTC15M-26AUG241745-45,78906.99,7.478086516666666,7.521913483333334,78937.06,30.069999999992437,UP,0.2738853503184713,0.7261146496815287,0.7261146496815287,0.2738853503184713,UP,0.7261146496815287,0.61,0.62,0.38,0.39,0.62,0.1061146496815287,LEAN,POSITIVE EDGE,,OLD_SCHEMA,UP,True,UP,True,True,False,False,False,False,False
2026-08-24 21:37:43.847672+00:00,78930.32500000001,-12.179999999993017,464,137921.5159384585,69835.4986085504,207757.0145470089,0.3277194634239527,77044.2425439986,BUY,0,0,0,0.2359944580926759,0.9364533161571146,-0.0686986084718906,180602.47766660215,184002.7060240521,-0.0093257817210158,NORMAL_OR_MIXED,NONE,KXBTC15M-26AUG241745-45,78906.99,7.478086516666666,7.521913483333334,78937.06,30.069999999992437,UP,0.2738853503184713,0.7261146496815287,0.7261146496815287,0.2738853503184713,UP,0.7261146496815287,0.61,0.62,0.38,0.39,0.62,0.1061146496815287,LEAN,POSITIVE EDGE,,OLD_SCHEMA,UP,True,UP,True,True,False,False,False,False,False
2026-08-24 21:38:13.783718+00:00,78945.495,15.169999999983702,472,20771.595511605403,30168.1427706918,50939.7382822972,-0.1844639877616317,8360.2584389688,SELL,0,0,0,-0.3782715042630932,-0.5342919338648563,-0.2700378351077084,178521.5719815347,182871.6832963168,-0.0120370572810982,NORMAL_OR_MIXED,NONE,KXBTC15M-26AUG241745-45,78906.99,8.4235791,6.5764209000000005,78944.41,37.419999999998254,UP,0.1981132075471698,0.8018867924528301,0.8018867924528301,0.1981132075471698,UP,0.8018867924528301,0.68,0.69,0.31,0.32,0.69,0.1118867924528301,STRONG,POSITIVE EDGE,,OLD_SCHEMA,UP,True,DOWN,False,False,False,False,False,False,False
2026-08-24 21:38:43.874331+00:00,78916.705,-28.7899999999936,418,3073.4840822452,47025.2787319627,50098.76281420791,-0.8773029947408774,8641.46610743,SELL,0,0,0,-0.3791142232253742,-0.7679462532700415,-0.1827088964926267,194309.6287762128,171748.1777239335,0.0616335744017803,SELL_IMBALANCE,NONE,KXBTC15M-26AUG241745-45,78906.99,8.4235791,6.5764209000000005,78944.41,37.419999999998254,UP,0.1981132075471698,0.8018867924528301,0.8018867924528301,0.1981132075471698,UP,0.8018867924528301,0.68,0.69,0.31,0.32,0.69,0.1118867924528301,STRONG,POSITIVE EDGE,,OLD_SCHEMA,UP,True,DOWN,False,False,True,False,False,True,False
2026-08-24 21:39:13.818756+00:00,78935.805,19.09999999999127,435,6239.53877659,2897.1674756919,9136.7062522819,0.3658179664103068,1973.063,SELL,0,0,0,-0.5431472354607206,-0.7237308412845089,-0.4044679208804621,189898.97749510323,298648.9636578578,-0.2225983920966022,NORMAL_OR_MIXED,NONE,KXBTC15M-26AUG241745-45,78906.99,9.376371683333334,5.623628316666667,78935.81,28.819999999992437,UP,0.2406015037593984,0.7593984962406015,0.7593984962406015,0.2406015037593984,UP,0.7593984962406015,0.67,0.68,0.32,0.33,0.68,0.0793984962406014,LEAN,SMALL EDGE,,OLD_SCHEMA,UP,True,UP,True,True,False,False,False,False,False
2026-08-24 21:39:43.866013+00:00,78955.295,19.49000000000524,435,18329.4158873797,1348.4245530068,19677.8404403865,0.862949945438188,4858.9000994148,BUY,0,0,0,-0.4773983860961373,-0.5272857369960114,-0.4112345481670475,206252.80641232297,292856.83457585727,-0.1735170412498307,BUY_IMBALANCE,NONE,KXBTC15M-26AUG241745-45,78906.99,9.376371683333334,5.623628316666667,78935.81,28.819999999992437,UP,0.2406015037593984,0.7593984962406015,0.7593984962406015,0.2406015037593984,UP,0.7593984962406015,0.67,0.68,0.32,0.33,0.68,0.0793984962406014,LEAN,SMALL EDGE,,OLD_SCHEMA,UP,True,UP,True,True,True,False,False,True,False
2026-08-24 21:40:13.780413+00:00,78986.495,31.19999999999709,425,6303.2060675085,63413.5405913028,69716.7466588113,-0.8191767008763065,19193.67585312,SELL,0,0,0,-0.2307807064891876,-0.6614748443108611,-0.0511224854865294,191999.8193740799,210597.417433116,-0.0461940529113529,SELL_IMBALANCE,SELL_FLOW_ABSORBED_OR_REVERSED,KXBTC15M-26AUG241745-45,78906.99,10.324368183333332,4.675631816666667,78982.67,75.67999999999302,UP,0.0698924731182795,0.9301075268817204,0.9301075268817204,0.0698924731182795,UP,0.9301075268817204,0.8,0.81,0.19,0.2,0.81,0.1201075268817204,LOCK,POSITIVE EDGE,,OLD_SCHEMA,UP,True,DOWN,False,False,True,True,False,True,False
2026-08-24 21:40:43.821802+00:00,78989.515,3.0200000000040745,500,10858.9578617213,51951.660846062,62810.6187077833,-0.6542317816596926,21803.964924,SELL,0,0,0,-0.2455562326668161,-0.5552852216381989,-0.1124711018043588,193804.3487670769,147384.41831241618,0.1360535132853463,SELL_IMBALANCE,SELL_FLOW_ABSORBED_OR_REVERSED,KXBTC15M-26AUG241745-45,78906.99,10.324368183333332,4.675631816666667,78982.67,75.67999999999302,UP,0.0698924731182795,0.9301075268817204,0.9301075268817204,0.0698924731182795,UP,0.9301075268817204,0.8,0.81,0.19,0.2,0.81,0.1201075268817204,LOCK,POSITIVE EDGE,,OLD_SCHEMA,UP,True,DOWN,False,False,True,True,False,True,False
2026-08-24 21:41:13.780289+00:00,78989.995,0.4799999999959254,447,3226.8478362169003,39568.8234523345,42795.6712885514,-0.8491974660493228,12010.3007443056,SELL,0,0,0,-0.3275948856300242,-0.6465643848862073,-0.1824846306619553,201830.54329656143,194603.2085006526,0.0182308765667506,SELL_IMBALANCE,SELL_FLOW_ABSORBED_OR_REVERSED,KXBTC15M-26AUG241745-45,78906.99,11.272537916666666,3.7274620833333336,78989.99,83.0,UP,0.0119047619047619,0.988095238095238,0.988095238095238,0.0119047619047619,UP,0.988095238095238,0.913,0.914,0.086,0.087,0.914,0.0740952380952381,LOCK,SMALL EDGE,,OLD_SCHEMA,UP,True,DOWN,False,False,True,True,False,True,False
2026-08-24 21:41:43.800177+00:00,78980.005,-9.989999999990689,454,5484.9210896386,35564.828706592205,41049.7497962308,-0.7327671366151798,15797.22,SELL,0,0,0,-0.3343795173012335,-0.6096064272353497,-0.2035907868502713,199331.8472218182,157411.57430446325,0.1175081876436695,SELL_IMBALANCE,NONE,KXBTC15M-26AUG241745-45,78906.99,11.272537916666666,3.7274620833333336,78989.99,83.0,UP,0.0119047619047619,0.988095238095238,0.988095238095238,0.0119047619047619,UP,0.988095238095238,0.913,0.914,0.086,0.087,0.914,0.0740952380952381,LOCK,SMALL EDGE,,OLD_SCHEMA,UP,True,DOWN,False,False,True,False,False,True,False
2026-08-24 21:42:13.817279+00:00,78989.285,9.279999999998836,472,37680.1309526282,63356.9378589507,101037.06881157892,-0.2541325397533694,15795.94,SELL,0,0,0,-0.0646185543356901,-0.0619641904663224,-0.06048430727297,149541.1906743947,181712.3658043085,-0.0971194859668839,NORMAL_OR_MIXED,NONE,KXBTC15M-26AUG241745-45,78906.99,12.218995783333334,2.781004216666666,78989.28,82.2899999999936,UP,0.0,1.0,1.0,0.0,UP,1.0,0.968,0.969,0.031,0.032,0.969,0.031,LOCK,SMALL EDGE,,OLD_SCHEMA,UP,True,DOWN,False,False,False,False,False,False,False
2026-08-24 21:42:43.820614+00:00,79006.465,17.179999999993015,459,12468.2015164554,2449.3569306421,14917.5584470975,0.671614233746318,10304.37764,BUY,0,0,0,-0.4270823832884324,-0.4824086468218944,-0.3766796854306368,160439.7898563319,187086.76421308552,-0.0766760814237837,BUY_IMBALANCE,NONE,KXBTC15M-26AUG241745-45,78906.99,13.16808275,1.83191725,79005.47,98.47999999999593,UP,0.0,1.0,1.0,0.0,UP,1.0,0.995,0.996,0.004,0.005,0.996,0.004,LOCK,SMALL EDGE,,OLD_SCHEMA,UP,True,UP,True,True,True,False,False,True,False
2026-08-24 21:43:14.353288+00:00,79006.36499999999,-0.1000000000058207,458,8983.1199372619,29446.3061797631,38429.426117025,-0.5324874272175405,15800.420000000002,SELL,0,0,0,-0.3224891221160674,-0.523701219021188,-0.2335055614264217,190732.0546432704,215057.8265932306,-0.059946718917278,SELL_IMBALANCE,SELL_FLOW_WEAK_FOLLOW_THROUGH,KXBTC15M-26AUG241745-45,78906.99,13.16808275,1.83191725,79005.47,98.47999999999593,UP,0.0,1.0,1.0,0.0,UP,1.0,0.995,0.996,0.004,0.005,0.996,0.004,LOCK,SMALL EDGE,,OLD_SCHEMA,UP,True,DOWN,False,False,True,True,False,True,False
2026-08-24 21:43:44.201903+00:00,78978.955,-27.40999999998894,447,22721.3577889748,23565.4102120424,46286.7680010172,-0.0182352853638226,14013.5685183254,SELL,0,0,0,-0.2646684608687791,-0.2432582919015636,-0.2606899790080804,103444.65188562252,264691.8911140207,-0.4380093264160261,NORMAL_OR_MIXED,NONE,KXBTC15M-26AUG241745-45,78906.99,14.120524466666666,0.8794755333333334,78959.98,52.98999999999069,UP,0.0119047619047619,0.988095238095238,0.988095238095238,0.0119047619047619,UP,0.988095238095238,0.997,0.998,0.002,0.003,0.998,-0.0099047619047618,LOCK,NO VALUE,,OLD_SCHEMA,UP,True,DOWN,False,False,False,False,False,False,False
2026-08-24 21:44:13.955887+00:00,78968.315,-10.639999999999418,461,28517.5914360249,93199.3381131312,121716.9295491561,-0.5314112582094358,12829.937852548,SELL,0,0,0,0.0512959576506789,-0.1273869257755428,0.0981619539417133,134527.9290606291,240091.39958734796,-0.2817886383697914,SELL_IMBALANCE,NONE,KXBTC15M-26AUG241745-45,78906.99,14.120524466666666,0.8794755333333334,78959.98,52.98999999999069,UP,0.0119047619047619,0.988095238095238,0.988095238095238,0.0119047619047619,UP,0.988095238095238,0.997,0.998,0.002,0.003,0.998,-0.0099047619047618,LOCK,NO VALUE,,OLD_SCHEMA,UP,True,DOWN,False,False,True,False,False,True,False
2026-08-24 21:44:43.801537+00:00,78972.775,4.459999999991851,490,6124.129517641701,28436.8691102164,34560.998627858105,-0.6456045970439459,7094.875241103599,SELL,0,0,0,-0.3205722273859004,-0.563230266953401,-0.2428249054297607,160463.1040127639,127715.37912117738,0.1136369535138605,SELL_IMBALANCE,SELL_FLOW_ABSORBED_OR_REVERSED,KXBTC15M-26AUG241745-45,78906.99,14.120524466666666,0.8794755333333334,78959.98,52.98999999999069,UP,0.0119047619047619,0.988095238095238,0.988095238095238,0.0119047619047619,UP,0.988095238095238,0.997,0.998,0.002,0.003,0.998,-0.0099047619047618,LOCK,NO VALUE,,OLD_SCHEMA,UP,True,DOWN,False,False,True,True,False,True,False
2026-08-24 21:45:13.902052+00:00,78972.775,0.0,452,20821.6243815738,9533.962386963602,30355.586768537403,0.3718479264024473,6383.515888452201,SELL,0,0,0,-0.336248524175436,-0.2804452027207182,-0.3390525554180887,164745.59647019868,201976.9131396464,-0.1015244924808624,NORMAL_OR_MIXED,NONE,KXBTC15M-26AUG241800-00,78966.33,0.6075041833333333,14.392495816666669,78972.16,5.830000000001746,UP,0.4285714285714285,0.5714285714285714,0.5714285714285714,0.4285714285714285,UP,0.5714285714285714,0.49,0.5,0.5,0.51,0.5,0.0714285714285714,RAW,SMALL EDGE,,OLD_SCHEMA,UP,True,UP,True,True,False,False,False,False,False
2026-08-24 21:45:43.926375+00:00,78998.07500000001,25.300000000017462,483,148758.4103884055,31632.8016280457,180391.2120164512,0.6492866667455964,20097.898988700003,SELL,0,0,0,0.2925687697574218,2.1361565128201683,-0.2190140489607122,237901.6896916165,306531.57293559454,-0.1260574765634237,BUY_IMBALANCE,NONE,KXBTC15M-26AUG241800-00,78966.33,0.6075041833333333,14.392495816666669,78972.16,5.830000000001746,UP,0.4285714285714285,0.5714285714285714,0.5714285714285714,0.4285714285714285,UP,0.5714285714285714,0.49,0.5,0.5,0.51,0.5,0.0714285714285714,RAW,SMALL EDGE,,OLD_SCHEMA,UP,True,UP,True,True,True,False,False,True,False
2026-08-24 21:46:13.807696+00:00,78949.36499999999,-48.71000000002096,583,60627.775495596696,31523.3958583634,92151.17135396008,0.315832986272535,12008.8485227916,BUY,0,0,0,-0.0845464104421202,0.3957795473187859,-0.2178115780299498,125203.36852825424,205654.5484079361,-0.2431593012029928,NORMAL_OR_MIXED,NONE,KXBTC15M-26AUG241800-00,78966.33,1.5592815166666665,13.440718483333336,78982.44,16.110000000000582,UP,0.4285714285714285,0.5714285714285714,0.5714285714285714,0.4285714285714285,UP,0.5714285714285714,0.45,0.46,0.54,0.55,0.46,0.1114285714285713,RAW,POSITIVE EDGE,,OLD_SCHEMA,UP,True,UP,True,True,False,False,False,False,False
2026-08-24 21:46:44.035186+00:00,78983.705,34.34000000001106,497,27164.333257218,45367.3914545445,72531.72471176251,-0.2509668461582094,7999.988411304999,SELL,0,0,0,-0.1719535062992476,-0.2165787900526516,-0.1503001192875605,237638.06596024084,178146.6556318766,0.1430822424175676,NORMAL_OR_MIXED,NONE,KXBTC15M-26AUG241800-00,78966.33,1.5592815166666665,13.440718483333336,78982.44,16.110000000000582,UP,0.4285714285714285,0.5714285714285714,0.5714285714285714,0.4285714285714285,UP,0.5714285714285714,0.45,0.46,0.54,0.55,0.46,0.1114285714285713,RAW,POSITIVE EDGE,,OLD_SCHEMA,UP,True,DOWN,False,False,False,False,False,False,False
2026-08-24 21:47:13.788742+00:00,78983.705,0.0,386,26035.459066550306,10146.3280160825,36181.7870826328,0.4391472155363647,11893.6719289206,BUY,0,0,0,-0.3236781223522369,-0.2362690179956909,-0.3321331795954912,160552.55351475114,167043.0305733194,-0.0198124680973214,NORMAL_OR_MIXED,NONE,KXBTC15M-26AUG241800-00,78966.33,2.509496533333333,12.490503466666668,78989.85,23.520000000004075,UP,0.3934426229508196,0.6065573770491803,0.6065573770491803,0.3934426229508196,UP,0.6065573770491803,0.55,0.56,0.44,0.45,0.56,0.0465573770491802,RAW,SMALL EDGE,,OLD_SCHEMA,UP,True,UP,True,True,False,False,False,False,False
2026-08-24 21:47:44.203893+00:00,78986.985,3.279999999998836,533,60441.01992974871,9928.5858731202,70369.6058028689,0.7178160724408829,14012.1635813678,BUY,0,0,0,-0.1828664061465073,0.3725804096237986,-0.3323947606332275,178929.0809036826,166692.92384384613,0.0354032928799622,BUY_IMBALANCE,BUY_FLOW_WEAK_FOLLOW_THROUGH,KXBTC15M-26AUG241800-00,78966.33,2.509496533333333,12.490503466666668,78989.85,23.520000000004075,UP,0.3934426229508196,0.6065573770491803,0.6065573770491803,0.3934426229508196,UP,0.6065573770491803,0.55,0.56,0.44,0.45,0.56,0.0465573770491802,RAW,SMALL EDGE,,OLD_SCHEMA,UP,True,UP,True,True,True,True,False,True,False
2026-08-24 21:48:13.904003+00:00,79020.39499999999,33.40999999998894,384,9750.8415051704,5416.3582303663,15167.199735536698,0.285780061605467,3474.583996779,SELL,0,0,0,-0.4166978676408964,-0.5651596436039136,-0.3526815799307753,172683.4441003131,150556.2245849373,0.068454529746848,NORMAL_OR_MIXED,NONE,KXBTC15M-26AUG241800-00,78966.33,3.455211466666667,11.544788533333334,79022.18,55.84999999999127,UP,0.2406015037593984,0.7593984962406015,0.7593984962406015,0.2406015037593984,UP,0.7593984962406015,0.65,0.66,0.34,0.35,0.66,0.0993984962406014,LEAN,SMALL EDGE,,OLD_SCHEMA,UP,True,UP,True,True,False,False,False,False,False
2026-08-24 21:48:43.844682+00:00,79021.955,1.5600000000122236,512,23616.8342327655,37376.732882215,60993.5671149805,-0.2255958997038224,12016.657448804,BUY,0,0,0,-0.225693686495555,-0.3188949175209425,-0.1875015003924416,174515.6536149136,157988.45165814782,0.0497052568514701,NORMAL_OR_MIXED,NONE,KXBTC15M-26AUG241800-00,78966.33,3.455211466666667,11.544788533333334,79022.18,55.84999999999127,UP,0.2406015037593984,0.7593984962406015,0.7593984962406015,0.2406015037593984,UP,0.7593984962406015,0.65,0.66,0.34,0.35,0.66,0.0993984962406014,LEAN,SMALL EDGE,,OLD_SCHEMA,UP,True,DOWN,False,False,False,False,False,False,False
2026-08-24 21:49:13.955881+00:00,79023.935,1.9799999999959252,439,3616.7860343376,1554.1262725542,5170.9123068918,0.3988966819325643,989.9997583936,BUY,0,0,0,-0.4614765111187507,-0.6781888566569434,-0.375806617650417,250741.80316009797,134143.35785974766,0.3029434675823685,NORMAL_OR_MIXED,NONE,KXBTC15M-26AUG241800-00,78966.33,4.409738816666667,10.590261183333332,79024.88,58.55000000000291,UP,0.1071428571428571,0.8928571428571429,0.8928571428571429,0.1071428571428571,UP,0.8928571428571429,0.73,0.74,0.26,0.27,0.74,0.1528571428571429,STRONG,POSITIVE EDGE,,OLD_SCHEMA,UP,True,UP,True,True,False,False,False,False,False
2026-08-24 21:49:43.884257+00:00,79036.275,12.339999999996508,463,23990.7162332626,39767.0454380349,63757.7616712975,-0.2474417042133161,12018.6521584992,SELL,0,0,0,-0.2115106902107638,-0.2969646246421399,-0.1760734302760083,288642.06849438255,208854.46714824895,0.1603782049317579,NORMAL_OR_MIXED,NONE,KXBTC15M-26AUG241800-00,78966.33,4.409738816666667,10.590261183333332,79024.88,58.55000000000291,UP,0.1071428571428571,0.8928571428571429,0.8928571428571429,0.1071428571428571,UP,0.8928571428571429,0.73,0.74,0.26,0.27,0.74,0.1528571428571429,STRONG,POSITIVE EDGE,,OLD_SCHEMA,UP,True,DOWN,False,False,False,False,False,False,False
2026-08-24 21:50:13.777102+00:00,79008.10500000001,-28.169999999983705,659,1355.4216084262,398439.5409026051,399794.9625110313,-0.9932194162732164,27956.067955200004,SELL,0,0,0,1.1841796340666229,-0.7164809495877208,1.6641556787006109,219220.6600674681,167941.3787749715,0.1324491457008917,SELL_IMBALANCE,NONE,KXBTC15M-26AUG241800-00,78966.33,5.350052033333333,9.649947966666668,79008.11,41.77999999999884,UP,0.2738853503184713,0.7261146496815287,0.7261146496815287,0.2738853503184713,UP,0.7261146496815287,0.76,0.77,0.23,0.24,0.77,-0.0438853503184712,LEAN,NO VALUE,,OLD_SCHEMA,UP,True,DOWN,False,False,True,False,False,True,False
2026-08-24 21:50:43.870258+00:00,79001.755,-6.350000000005821,545,41617.8733954122,80528.9170685932,122146.7904640054,-0.3185596897418883,18422.9229036825,SELL,0,0,0,-0.0133784120284084,0.0185536134106887,-0.0213826526361439,168109.87690191247,247386.43336311288,-0.1907996641670143,NORMAL_OR_MIXED,NONE,KXBTC15M-26AUG241800-00,78966.33,5.350052033333333,9.649947966666668,79008.11,41.77999999999884,UP,0.2738853503184713,0.7261146496815287,0.7261146496815287,0.2738853503184713,UP,0.7261146496815287,0.76,0.77,0.23,0.24,0.77,-0.0438853503184712,LEAN,NO VALUE,,OLD_SCHEMA,UP,True,DOWN,False,False,False,False,False,False,False
2026-08-24 21:51:13.793720+00:00,78986.995,-14.760000000009311,439,35371.0740364883,76955.92406370261,112326.99810019092,-0.3702124220405354,30438.6798496175,SELL,0,0,0,-0.0600881951533586,-0.0873724354231702,-0.0487156041977255,298300.5441276011,164709.9533561438,0.2885260517795222,NORMAL_OR_MIXED,NONE,KXBTC15M-26AUG241800-00,78966.33,6.3041516,8.6958484,78987.0,20.669999999998254,UP,0.2738853503184713,0.7261146496815287,0.7261146496815287,0.2738853503184713,UP,0.7261146496815287,0.61,0.62,0.38,0.39,0.62,0.1061146496815287,LEAN,POSITIVE EDGE,,OLD_SCHEMA,UP,True,DOWN,False,False,False,False,False,False,False
2026-08-24 21:51:43.799172+00:00,79005.525,18.52999999999884,454,45113.6088777896,12126.0768476382,57239.6857254278,0.5763052611502586,15802.46,BUY,0,0,0,-0.2730522261897706,0.0964059548092747,-0.3587775638472819,116247.1534899814,207636.86200972783,-0.2821680112207589,BUY_IMBALANCE,NONE,KXBTC15M-26AUG241800-00,78966.33,6.3041516,8.6958484,78987.0,20.669999999998254,UP,0.2738853503184713,0.7261146496815287,0.7261146496815287,0.2738853503184713,UP,0.7261146496815287,0.61,0.62,0.38,0.39,0.62,0.1061146496815287,LEAN,POSITIVE EDGE,,OLD_SCHEMA,UP,True,UP,True,True,True,False,False,True,False
2026-08-24 21:52:14.241719+00:00,78988.42499999999,-17.10000000000582,483,3482.1283188856,84183.9709711796,87666.0992900652,-0.9205592960771732,15799.98,SELL,0,0,0,-0.1274130000047088,-0.645569434458046,0.0251509909228983,244357.17307419755,184769.9930026595,0.1388566951290749,SELL_IMBALANCE,NONE,KXBTC15M-26AUG241800-00,78966.33,7.249134216666667,7.750865783333333,78988.43,22.09999999999127,UP,0.2550773936210507,0.7449226063789492,0.7449226063789492,0.2550773936210507,UP,0.7449226063789492,0.65,0.66,0.34,0.35,0.66,0.0849226063789492,LEAN,SMALL EDGE,,OLD_SCHEMA,UP,True,DOWN,False,False,True,False,False,True,False
2026-08-24 21:52:43.817052+00:00,78963.63500000001,-24.789999999979045,467,49866.481793751496,98433.4776828797,148299.9594766312,-0.3274916329075686,15796.38,SELL,0,0,0,0.1210619146313223,0.206377053251873,0.089247521227076,236008.7030011385,172163.0005623364,0.1564187372162446,NORMAL_OR_MIXED,NONE,KXBTC15M-26AUG241800-00,78966.33,8.203821783333334,6.796178216666666,78935.09,-31.24000000000524,DOWN,0.3934426229508196,0.6065573770491803,0.3934426229508196,0.6065573770491803,DOWN,0.6065573770491803,0.34,0.35,0.65,0.66,0.66,-0.0534426229508196,RAW,NO VALUE,,OLD_SCHEMA,UP,False,DOWN,True,False,False,False,False,False,False
2026-08-24 21:53:13.973209+00:00,78935.08499999999,-28.550000000017462,383,979.0156131476,19861.1882889941,20840.2039021417,-0.9060454861435412,7894.258000000001,SELL,0,0,0,-0.4071247276738948,-0.6935640086391531,-0.3013097716549112,107661.1100616702,119207.5432524298,-0.0508947931857891,SELL_IMBALANCE,NONE,KXBTC15M-26AUG241800-00,78966.33,8.203821783333334,6.796178216666666,78935.09,-31.24000000000524,DOWN,0.3934426229508196,0.6065573770491803,0.3934426229508196,0.6065573770491803,DOWN,0.6065573770491803,0.34,0.35,0.65,0.66,0.66,-0.0534426229508196,RAW,NO VALUE,,OLD_SCHEMA,UP,False,DOWN,True,False,True,False,False,True,False
2026-08-24 21:53:43.828430+00:00,78929.705,-5.379999999990105,646,457071.10261512944,25828.382594104,482899.4852092334,0.8930279141510664,15786.066,BUY,0,0,0,1.5175271139859283,7.512574293832043,-0.2618348434078986,83897.58571182757,321484.17407911667,-0.5860811016504855,BUY_IMBALANCE,BUY_FLOW_ABSORBED_OR_REVERSED,KXBTC15M-26AUG241800-00,78966.33,9.153412216666668,5.846587783333334,78908.91,-57.419999999998254,DOWN,0.3652173913043478,0.6347826086956522,0.3652173913043478,0.6347826086956522,DOWN,0.6347826086956522,0.18,0.19,0.81,0.82,0.82,-0.1852173913043477,RAW,NO VALUE,,OLD_SCHEMA,UP,False,UP,False,True,True,True,False,True,False
2026-08-24 21:54:13.820505+00:00,78922.16500000001,-7.539999999993597,523,103293.29529171513,264054.7751914052,367348.07048312033,-0.437627124836299,45264.07506721129,SELL,0,0,0,0.9696479426199508,0.6283693355206137,0.9402941815117788,165797.95778570155,127971.72415776148,0.1287615297048245,NORMAL_OR_MIXED,NONE,KXBTC15M-26AUG241800-00,78966.33,9.153412216666668,5.846587783333334,78908.91,-57.419999999998254,DOWN,0.3652173913043478,0.6347826086956522,0.3652173913043478,0.6347826086956522,DOWN,0.6347826086956522,0.18,0.19,0.81,0.82,0.82,-0.1852173913043477,RAW,NO VALUE,,OLD_SCHEMA,UP,False,DOWN,True,False,False,False,False,False,False
2026-08-24 21:54:43.786408+00:00,78919.16500000001,-3.0,402,8329.7849869346,13920.3610664244,22250.146053359,-0.2512601969480474,5884.178009533201,SELL,0,0,0,-0.4496238075165191,-0.5014460549726084,-0.3468018113443851,143357.53683247912,168956.11894986423,-0.0819643382331805,NORMAL_OR_MIXED,NONE,KXBTC15M-26AUG241800-00,78966.33,10.108743966666667,4.891256033333334,78925.55,-40.77999999999884,DOWN,0.3652173913043478,0.6347826086956522,0.3652173913043478,0.6347826086956522,DOWN,0.6347826086956522,0.25,0.26,0.74,0.75,0.75,-0.1152173913043478,RAW,NO VALUE,,OLD_SCHEMA,UP,False,DOWN,True,False,False,False,False,False,False
2026-08-24 21:55:13.821487+00:00,78930.315,11.14999999999418,458,21257.582246454094,4192.6248866807,25450.2071331348,0.6705233191424892,10132.716345312,BUY,0,0,0,-0.6473398941815952,-0.2996249104630442,-0.6572133304118496,203204.59861283135,73148.46813702819,0.4706158393875296,BUY_IMBALANCE,NONE,KXBTC15M-26AUG241800-00,78966.33,10.108743966666667,4.891256033333334,78925.55,-40.77999999999884,DOWN,0.3652173913043478,0.6347826086956522,0.3652173913043478,0.6347826086956522,DOWN,0.6347826086956522,0.25,0.26,0.74,0.75,0.75,-0.1152173913043478,RAW,NO VALUE,,OLD_SCHEMA,UP,False,UP,False,True,True,False,False,True,False
2026-08-24 21:55:43.827250+00:00,78950.035,19.720000000001164,528,9538.8164453675,236602.0047974652,246140.8212428327,-0.9224930151999704,25863.225552864,SELL,0,0,0,1.5052080938842582,-0.4178418519208314,2.6217629163333096,163451.5988809253,82187.09272463238,0.3308294211515588,SELL_IMBALANCE,SELL_FLOW_ABSORBED_OR_REVERSED,KXBTC15M-26AUG241800-00,78966.33,11.070191766666666,3.929808233333333,78950.98,-15.35000000000582,DOWN,0.4285714285714285,0.5714285714285714,0.4285714285714285,0.5714285714285714,DOWN,0.5714285714285714,0.37,0.38,0.62,0.63,0.63,-0.0585714285714286,RAW,NO VALUE,,OLD_SCHEMA,UP,False,DOWN,True,False,True,True,False,True,False
2026-08-24 21:56:13.863721+00:00,78950.975,0.9400000000023284,439,9003.401491496199,32561.4562873164,41564.8577788126,-0.5667781884683546,7999.999434397299,SELL,0,0,0,-0.4863063207400857,-0.4078932253207485,-0.279689913164087,44924.1693473853,95509.54713896388,-0.3602082110850902,SELL_IMBALANCE,SELL_FLOW_ABSORBED_OR_REVERSED,KXBTC15M-26AUG241800-00,78966.33,11.070191766666666,3.929808233333333,78950.98,-15.35000000000582,DOWN,0.4285714285714285,0.5714285714285714,0.4285714285714285,0.5714285714285714,DOWN,0.5714285714285714,0.37,0.38,0.62,0.63,0.63,-0.0585714285714286,RAW,NO VALUE,,OLD_SCHEMA,UP,False,DOWN,True,False,True,True,False,True,False
2026-08-24 21:56:43.782583+00:00,78949.805,-1.1700000000128057,408,46061.5223284743,190694.1279844304,236755.6503129047,-0.6108939975236262,157901.94,SELL,0,0,0,1.336679143052353,0.0909195761337108,1.7661439439603528,117157.9358300328,113574.3914866766,0.0155311758219181,SELL_IMBALANCE,SELL_FLOW_WEAK_FOLLOW_THROUGH,KXBTC15M-26AUG241800-00,78966.33,12.024957833333334,2.975042166666667,78957.05,-9.279999999998836,DOWN,0.4336734693877551,0.5663265306122449,0.4336734693877551,0.5663265306122449,DOWN,0.5663265306122449,0.29,0.3,0.7,0.71,0.71,-0.143673469387755,RAW,NO VALUE,,OLD_SCHEMA,UP,False,DOWN,True,False,True,True,False,True,False
2026-08-24 21:57:13.848963+00:00,78955.305,5.5,446,6169.4411716434,22135.3222150268,28304.7633866702,-0.5640704649346175,7999.999255712001,SELL,0,0,0,-0.654893836664248,-0.4541227732394671,-0.4674727568967155,112947.732404395,88966.0296137429,0.1187720071725365,SELL_IMBALANCE,SELL_FLOW_ABSORBED_OR_REVERSED,KXBTC15M-26AUG241800-00,78966.33,12.024957833333334,2.975042166666667,78957.05,-9.279999999998836,DOWN,0.4336734693877551,0.5663265306122449,0.4336734693877551,0.5663265306122449,DOWN,0.5663265306122449,0.29,0.3,0.7,0.71,0.71,-0.143673469387755,RAW,NO VALUE,,OLD_SCHEMA,UP,False,DOWN,True,False,True,True,False,True,False
2026-08-24 21:57:43.786137+00:00,78971.11499999999,15.809999999997672,408,33854.364711515096,13970.9069298934,47825.2716414085,0.415752113876255,12008.749680489598,BUY,0,0,0,-0.4646639721033994,-0.0728186490357288,-0.5677610300588924,91009.0135818095,145454.5959750845,-0.2302493076854398,NORMAL_OR_MIXED,NONE,KXBTC15M-26AUG241800-00,78966.33,12.980856466666667,2.019143533333333,78971.12,4.789999999993597,UP,0.3934426229508196,0.6065573770491803,0.6065573770491803,0.3934426229508196,UP,0.6065573770491803,0.32,0.33,0.67,0.68,0.33,0.2765573770491803,RAW,IDEAL <=50c / LARGE EDGE,,OLD_SCHEMA,UP,True,UP,True,True,False,False,False,False,False
2026-08-24 21:58:13.832999+00:00,78977.91500000001,6.800000000017462,466,54018.9591750005,1176.764313104,55195.7234881045,0.9573603084174588,6949.6102135152005,BUY,0,0,0,-0.3641362065702746,0.2368923376582914,-0.7084922596350501,153442.0924642738,209525.32503592988,-0.1545131322197112,BUY_IMBALANCE,NONE,KXBTC15M-26AUG241800-00,78966.33,12.980856466666667,2.019143533333333,78971.12,4.789999999993597,UP,0.3934426229508196,0.6065573770491803,0.6065573770491803,0.3934426229508196,UP,0.6065573770491803,0.32,0.33,0.67,0.68,0.33,0.2765573770491803,RAW,IDEAL <=50c / LARGE EDGE,,OLD_SCHEMA,UP,True,UP,True,True,True,False,False,True,False
2026-08-24 21:58:43.835647+00:00,78976.08499999999,-1.830000000016298,481,3146.7409063631,43754.4760204607,46901.2169268238,-0.865814104087205,13127.5210225533,SELL,0,0,0,-0.4422785706403309,-0.4702676994399142,-0.1652046759758289,58938.7706439038,161235.58945767215,-0.4646173095113091,SELL_IMBALANCE,SELL_FLOW_WEAK_FOLLOW_THROUGH,KXBTC15M-26AUG241800-00,78966.33,13.9317294,1.0682706000000002,78976.09,9.75999999999476,UP,0.2738853503184713,0.7261146496815287,0.7261146496815287,0.2738853503184713,UP,0.7261146496815287,0.67,0.68,0.32,0.33,0.68,0.0461146496815286,LEAN,SMALL EDGE,,OLD_SCHEMA,UP,True,DOWN,False,False,True,True,False,True,False
2026-08-24 21:59:13.843189+00:00,78976.08499999999,0.0,400,2591.5774902839,11421.8452812888,14013.4227715727,-0.6301292649871217,7322.136946668,SELL,0,0,0,-0.7466692853906649,-0.477891377810454,-0.5672661807052136,88701.61917414589,170751.00158486102,-0.3162403300097202,SELL_IMBALANCE,SELL_FLOW_ABSORBED_OR_REVERSED,KXBTC15M-26AUG241800-00,78966.33,13.9317294,1.0682706000000002,78976.09,9.75999999999476,UP,0.2738853503184713,0.7261146496815287,0.7261146496815287,0.2738853503184713,UP,0.7261146496815287,0.67,0.68,0.32,0.33,0.68,0.0461146496815286,LEAN,SMALL EDGE,,OLD_SCHEMA,UP,True,DOWN,False,False,True,True,False,True,False
2026-08-24 21:59:43.815107+00:00,78970.305,-5.779999999998836,502,103015.9622129879,100656.243321359,203672.2055343469,0.0115858660509814,35237.9532552994,BUY,0,0,0,1.0135434373417214,0.8963753017952998,0.5435002618345636,105228.6843486254,334387.7615404517,-0.5212704832467691,NORMAL_OR_MIXED,NONE,KXBTC15M-26AUG241800-00,78966.33,14.886935133333331,0.1130648666666666,78970.31,3.9799999999959255,UP,0.2406015037593984,0.7593984962406015,0.7593984962406015,0.2406015037593984,UP,0.7593984962406015,0.977,0.98,0.02,0.023,0.98,-0.2206015037593984,LEAN,NO VALUE,,OLD_SCHEMA,UP,True,UP,True,True,False,False,False,False,False
2026-08-24 22:00:13.880485+00:00,78920.805,-49.5,476,214650.3040341307,87883.85156950771,302534.1556036384,0.4190153412982056,30948.4218450326,BUY,0,0,0,1.878267782600229,2.3726977167125693,0.3540054724185671,137719.59393727788,297355.952667049,-0.3669164125074353,NORMAL_OR_MIXED,NONE,KXBTC15M-26AUG241800-00,78966.33,14.886935133333331,0.1130648666666666,78970.31,3.9799999999959255,UP,0.2406015037593984,0.7593984962406015,0.7593984962406015,0.2406015037593984,UP,0.7593984962406015,0.977,0.98,0.02,0.023,0.98,-0.2206015037593984,LEAN,NO VALUE,,OLD_SCHEMA,UP,True,UP,True,True,False,False,False,False,False
2026-08-24 22:00:43.832088+00:00,78830.775,-90.02999999999884,548,39714.9563074461,114685.4260147443,154400.3823221904,-0.4855588346332964,21462.943191,SELL,0,0,0,0.4383830358365419,-0.064382415967958,0.6809773161196844,431754.6463437295,226746.30755610293,0.3113258038177592,NORMAL_OR_MIXED,NONE,KXBTC15M-26AUG241815-15,78968.57,0.84142805,14.15857195,78835.58,-132.99000000000524,DOWN,0.2738853503184713,0.7261146496815287,0.2738853503184713,0.7261146496815287,DOWN,0.7261146496815287,0.25,0.26,0.74,0.75,0.75,-0.0238853503184712,LEAN,NO VALUE,,OLD_SCHEMA,DOWN,True,DOWN,True,True,False,False,False,False,False
2026-08-24 22:01:13.869937+00:00,78878.545,47.77000000000408,542,251085.6459570276,5398.441607795,256484.0875648226,0.9579042765650668,19716.2979687096,BUY,0,0,0,1.32330597508015,2.626242566228415,-0.7014466446648933,278076.11118097254,289494.3980990366,-0.0201178298226747,BUY_IMBALANCE,NONE,KXBTC15M-26AUG241815-15,78968.57,0.84142805,14.15857195,78835.58,-132.99000000000524,DOWN,0.2738853503184713,0.7261146496815287,0.2738853503184713,0.7261146496815287,DOWN,0.7261146496815287,0.25,0.26,0.74,0.75,0.75,-0.0238853503184712,LEAN,NO VALUE,,OLD_SCHEMA,DOWN,True,UP,False,False,True,False,False,True,False
2026-08-24 22:01:43.801692+00:00,78866.08499999999,-12.460000000006405,550,230784.6245475702,100911.0766014579,331695.7011490281,0.391544260285005,51260.792151744,BUY,0,0,0,1.9113943410931071,2.125169967604526,0.4945522022245768,304204.6774142152,156449.95591209357,0.3207494526543886,NORMAL_OR_MIXED,NONE,KXBTC15M-26AUG241815-15,78968.57,1.7947830166666667,13.205216983333337,78865.8,-102.77000000000407,DOWN,0.3652173913043478,0.6347826086956522,0.3652173913043478,0.6347826086956522,DOWN,0.6347826086956522,0.23,0.24,0.76,0.77,0.77,-0.1352173913043478,RAW,NO VALUE,,OLD_SCHEMA,DOWN,True,UP,False,False,False,False,False,False,False
2026-08-24 22:02:13.861734+00:00,78948.82500000001,82.74000000001979,475,111533.7784976893,17947.0144430119,129480.7929407012,0.722784916041854,12634.01201283,BUY,0,0,0,0.0805772027692007,0.6131266874039063,-0.5513480741328375,416907.0788829487,176245.94293143658,0.405731956342999,BUY_IMBALANCE,NONE,KXBTC15M-26AUG241815-15,78968.57,1.7947830166666667,13.205216983333337,78865.8,-102.77000000000407,DOWN,0.3652173913043478,0.6347826086956522,0.3652173913043478,0.6347826086956522,DOWN,0.6347826086956522,0.23,0.24,0.76,0.77,0.77,-0.1352173913043478,RAW,NO VALUE,,OLD_SCHEMA,DOWN,True,UP,False,False,True,False,False,True,False
2026-08-24 22:02:44.079226+00:00,78954.125,5.299999999988359,539,172024.3910020082,145714.0405894362,317738.4315914444,0.0828050616376255,23924.6102313501,BUY,0,0,0,1.6573672991062045,1.2714225902748562,1.037250126464139,340403.4508147565,456321.2137233152,-0.1454928761064099,NORMAL_OR_MIXED,NONE,KXBTC15M-26AUG241815-15,78968.57,2.7434359666666666,12.256564033333332,78969.78,1.209999999991851,UP,0.4285714285714285,0.5714285714285714,0.5714285714285714,0.4285714285714285,UP,0.5714285714285714,0.45,0.46,0.54,0.55,0.46,0.1114285714285713,RAW,POSITIVE EDGE,,OLD_SCHEMA,DOWN,False,UP,True,False,False,False,False,False,False
2026-08-24 22:03:14.326524+00:00,78939.845,-14.279999999998836,459,117125.4310834363,60295.1301300568,177420.5612134931,0.3203140637403048,15790.3,SELL,0,0,0,0.4050279372439037,0.5986778037779477,-0.0578564714577915,532945.8879197551,199792.6628920334,0.4546686190574072,NORMAL_OR_MIXED,NONE,KXBTC15M-26AUG241815-15,78968.57,3.689145433333333,11.310854566666666,78926.49,-42.08000000000175,DOWN,0.3652173913043478,0.6347826086956522,0.3652173913043478,0.6347826086956522,DOWN,0.6347826086956522,0.37,0.38,0.62,0.63,0.63,0.0047826086956521,RAW,SMALL EDGE,,OLD_SCHEMA,DOWN,True,UP,False,False,False,False,False,False,False
2026-08-24 22:03:43.852274+00:00,78926.485,-13.360000000000582,539,140027.8846063481,80908.8823402693,220936.7669466174,0.267583359180607,25257.7056,BUY,0,0,0,0.7381860896379134,0.8231250319790056,0.1853866511523729,213780.67268349952,204764.0891817124,0.0215426982328137,NORMAL_OR_MIXED,NONE,KXBTC15M-26AUG241815-15,78968.57,3.689145433333333,11.310854566666666,78926.49,-42.08000000000175,DOWN,0.3652173913043478,0.6347826086956522,0.3652173913043478,0.6347826086956522,DOWN,0.6347826086956522,0.37,0.38,0.62,0.63,0.63,0.0047826086956521,RAW,SMALL EDGE,,OLD_SCHEMA,DOWN,True,UP,False,False,False,False,False,False,False
2026-08-24 22:04:13.982596+00:00,78854.16500000001,-72.31999999999243,443,44268.516290165,13631.709576337898,57900.22586650289,0.5291310397383348,26739.303676983,BUY,0,0,0,-0.6458838288802572,-0.2707440748035652,-0.6594262368128283,81382.2551180259,294320.7157585549,-0.5667734278057646,BUY_IMBALANCE,BUY_FLOW_ABSORBED_OR_REVERSED,KXBTC15M-26AUG241815-15,78968.57,4.646932366666666,10.353067633333334,78840.03,-128.54000000000815,DOWN,0.2406015037593984,0.7593984962406015,0.2406015037593984,0.7593984962406015,DOWN,0.7593984962406015,0.26,0.27,0.73,0.74,0.74,0.0193984962406015,LEAN,SMALL EDGE,,OLD_SCHEMA,DOWN,True,UP,False,False,True,True,False,True,False
2026-08-24 22:04:43.931193+00:00,78869.795,15.629999999990105,583,179119.0181369708,66736.9599917274,245855.9781286982,0.4571052491813511,15099.732398585,BUY,0,0,0,0.916832386600818,1.215784148912797,0.0183602477299253,316465.5818449323,230645.27224045937,0.1568609157790138,NORMAL_OR_MIXED,NONE,KXBTC15M-26AUG241815-15,78968.57,4.646932366666666,10.353067633333334,78840.03,-128.54000000000815,DOWN,0.2406015037593984,0.7593984962406015,0.2406015037593984,0.7593984962406015,DOWN,0.7593984962406015,0.26,0.27,0.73,0.74,0.74,0.0193984962406015,LEAN,SMALL EDGE,,OLD_SCHEMA,DOWN,True,UP,False,False,False,False,False,False,False
2026-08-24 22:05:13.799226+00:00,78929.07500000001,59.28000000001339,475,242911.0292800226,9225.9520691535,252136.9813491761,0.9268179382509798,62692.502047672206,BUY,0,0,0,0.9240098390594864,1.8526953125863608,-0.7000774471949368,582980.9749344114,151573.6510467151,0.5873046178308062,BUY_IMBALANCE,NONE,KXBTC15M-26AUG241815-15,78968.57,5.5971279166666665,9.402872083333332,78938.24,-30.330000000001743,DOWN,0.3652173913043478,0.6347826086956522,0.3652173913043478,0.6347826086956522,DOWN,0.6347826086956522,0.3,0.31,0.69,0.7,0.7,-0.0652173913043477,RAW,NO VALUE,,OLD_SCHEMA,DOWN,True,UP,False,False,True,False,False,True,False
2026-08-24 22:05:43.884446+00:00,78930.345,1.2699999999895226,473,27584.9497552668,33279.6421144584,60864.591869725205,-0.09356330477629,7999.9993109295,SELL,0,0,0,-0.6938114671202935,-0.5432609203933485,-0.4043742020044023,167089.88854119266,270287.3364420967,-0.235946094140697,NORMAL_OR_MIXED,NONE,KXBTC15M-26AUG241815-15,78968.57,5.5971279166666665,9.402872083333332,78938.24,-30.330000000001743,DOWN,0.3652173913043478,0.6347826086956522,0.3652173913043478,0.6347826086956522,DOWN,0.6347826086956522,0.3,0.31,0.69,0.7,0.7,-0.0652173913043477,RAW,NO VALUE,,OLD_SCHEMA,DOWN,True,DOWN,True,True,False,False,False,False,False
2026-08-24 22:06:13.806362+00:00,78954.11499999999,23.769999999989523,412,10746.4837741863,15815.3021072374,26561.785881423704,-0.1908312323455644,6771.229400608201,SELL,0,0,0,-0.9468701337379836,-0.69148558536384,-0.6196051275465003,678423.8486360123,194661.97685145307,0.5540828377490414,NORMAL_OR_MIXED,NONE,KXBTC15M-26AUG241815-15,78968.57,6.552123416666666,8.447876583333333,78954.11,-14.460000000006405,DOWN,0.4336734693877551,0.5663265306122449,0.4336734693877551,0.5663265306122449,DOWN,0.5663265306122449,0.36,0.37,0.63,0.64,0.64,-0.0736734693877551,RAW,NO VALUE,,OLD_SCHEMA,DOWN,True,DOWN,True,True,False,False,False,False,False
2026-08-24 22:06:43.875016+00:00,78951.41500000001,-2.6999999999825377,504,39747.1747989306,48041.0841522369,87788.2589511675,-0.0944762938962009,22002.422801328,SELL,0,0,0,-0.4285304142755622,-0.3690568589645558,-0.2181702022770131,442665.76746582246,166921.3357681195,0.4523462360585411,NORMAL_OR_MIXED,NONE,KXBTC15M-26AUG241815-15,78968.57,6.552123416666666,8.447876583333333,78954.11,-14.460000000006405,DOWN,0.4336734693877551,0.5663265306122449,0.4336734693877551,0.5663265306122449,DOWN,0.5663265306122449,0.36,0.37,0.63,0.64,0.64,-0.0736734693877551,RAW,NO VALUE,,OLD_SCHEMA,DOWN,True,DOWN,True,True,False,False,False,False,False
2026-08-24 22:07:13.832357+00:00,78949.215,-2.200000000011641,437,16728.648586673702,6840.387820865501,23569.036407539203,0.4195445496721779,5870.3703081016,BUY,0,0,0,-0.9539691996997912,-0.6157309529193635,-0.724225810653086,136847.55521795226,125952.74860225029,0.0414565982509509,NORMAL_OR_MIXED,NONE,KXBTC15M-26AUG241815-15,78968.57,7.499895816666666,7.500104183333334,78919.3,-49.27000000000408,DOWN,0.2406015037593984,0.7593984962406015,0.2406015037593984,0.7593984962406015,DOWN,0.7593984962406015,0.39,0.4,0.6,0.61,0.61,0.1493984962406015,LEAN,POSITIVE EDGE,,OLD_SCHEMA,DOWN,True,UP,False,False,False,False,False,False,False
2026-08-24 22:07:43.876935+00:00,78912.77,-36.44499999999243,555,154494.7693304768,47734.7160911723,202229.4854216491,0.5279153681111804,16899.3924987552,BUY,0,0,0,0.4987950705351199,0.8388413849078341,-0.2216170962324124,623090.764066973,213216.5456540807,0.4901000070770682,BUY_IMBALANCE,BUY_FLOW_ABSORBED_OR_REVERSED,KXBTC15M-26AUG241815-15,78968.57,7.499895816666666,7.500104183333334,78919.3,-49.27000000000408,DOWN,0.2406015037593984,0.7593984962406015,0.2406015037593984,0.7593984962406015,DOWN,0.7593984962406015,0.39,0.4,0.6,0.61,0.61,0.1493984962406015,LEAN,POSITIVE EDGE,,OLD_SCHEMA,DOWN,True,UP,False,False,True,True,False,True,False
2026-08-24 22:08:13.821331+00:00,78897.005,-15.764999999999418,425,4517.8256923543,9680.3618193732,14198.1875117275,-0.3636052927709765,7874.7590774749,SELL,0,0,0,-1.053262543299885,-0.7596255104113121,-0.7032283942867246,355049.7264037294,135409.3387784945,0.4478261351813943,NORMAL_OR_MIXED,NONE,KXBTC15M-26AUG241815-15,78968.57,8.450186683333333,6.5498133166666666,78888.43,-80.14000000001397,DOWN,0.2738853503184713,0.7261146496815287,0.2738853503184713,0.7261146496815287,DOWN,0.7261146496815287,0.29,0.3,0.7,0.71,0.71,0.0161146496815287,LEAN,SMALL EDGE,,OLD_SCHEMA,DOWN,True,DOWN,True,True,False,False,False,False,False
2026-08-24 22:08:43.916268+00:00,78917.125,20.119999999995343,552,147015.1094541759,45467.0066989375,192482.1161531134,0.5275716247553103,14355.099118835102,BUY,0,0,0,0.3937067977927092,0.7299596958847903,-0.2639493975471253,244674.76319391,305487.6793611064,-0.1105362915810362,BUY_IMBALANCE,NONE,KXBTC15M-26AUG241815-15,78968.57,8.450186683333333,6.5498133166666666,78888.43,-80.14000000001397,DOWN,0.2738853503184713,0.7261146496815287,0.2738853503184713,0.7261146496815287,DOWN,0.7261146496815287,0.29,0.3,0.7,0.71,0.71,0.0161146496815287,LEAN,SMALL EDGE,,OLD_SCHEMA,DOWN,True,UP,False,False,True,False,False,True,False
2026-08-24 22:09:13.826351+00:00,78923.595,6.470000000001164,419,23486.2877276026,213124.2095877367,236610.4973153393,-0.8014772125997301,73757.445053475,SELL,0,0,0,0.728061190712525,-0.5903752943882675,1.8022773205570723,453406.5307206176,106100.3885912642,0.6207360984141058,SELL_IMBALANCE,SELL_FLOW_ABSORBED_OR_REVERSED,KXBTC15M-26AUG241815-15,78968.57,9.627412583333331,5.372587416666667,78920.8,-47.77000000000408,DOWN,0.2406015037593984,0.7593984962406015,0.2406015037593984,0.7593984962406015,DOWN,0.7593984962406015,0.22,0.23,0.77,0.78,0.78,-0.0206015037593985,LEAN,NO VALUE,,OLD_SCHEMA,DOWN,True,DOWN,True,True,True,True,False,True,False
2026-08-24 22:09:43.863421+00:00,78923.035,-0.5599999999976717,512,37713.8380726177,14728.2303611545,52442.0684337722,0.438304750326375,9748.8376494,BUY,0,0,0,-0.828880473326453,-0.448987691127641,-0.6906288556304158,158851.4899586866,182907.6383776696,-0.0703891905860292,NORMAL_OR_MIXED,NONE,KXBTC15M-26AUG241815-15,78968.57,9.627412583333331,5.372587416666667,78920.8,-47.77000000000408,DOWN,0.2406015037593984,0.7593984962406015,0.2406015037593984,0.7593984962406015,DOWN,0.7593984962406015,0.22,0.23,0.77,0.78,0.78,-0.0206015037593985,LEAN,NO VALUE,,OLD_SCHEMA,DOWN,True,UP,False,False,False,False,False,False,False
2026-08-24 22:10:13.801928+00:00,78873.205,-49.83000000000175,438,5389.1429029636,37360.4351085557,42749.5780115193,-0.7478738666607918,7892.2842154,SELL,0,0,0,-0.9047714282781056,-0.7919448233784383,-0.4102888024262224,416666.4187129702,317282.03595564223,0.1354105756680166,SELL_IMBALANCE,NONE,KXBTC15M-26AUG241815-15,78968.57,10.5752914,4.4247086,78877.58,-90.99000000000524,DOWN,0.0698924731182795,0.9301075268817204,0.0698924731182795,0.9301075268817204,DOWN,0.9301075268817204,0.086,0.089,0.911,0.914,0.914,0.0161075268817204,LOCK,SMALL EDGE,,OLD_SCHEMA,DOWN,True,DOWN,True,True,True,False,False,True,False
2026-08-24 22:10:43.873258+00:00,78904.86499999999,31.65999999998894,535,40371.211206773696,30497.3851151759,70868.59632194959,0.1393258312432477,7999.9988678688,SELL,0,0,0,-0.6284028859852171,-0.4270180353753339,-0.4912323067322346,540991.808038046,357043.4846133101,0.2048341807164923,NORMAL_OR_MIXED,NONE,KXBTC15M-26AUG241815-15,78968.57,10.5752914,4.4247086,78877.58,-90.99000000000524,DOWN,0.0698924731182795,0.9301075268817204,0.0698924731182795,0.9301075268817204,DOWN,0.9301075268817204,0.086,0.089,0.911,0.914,0.914,0.0161075268817204,LOCK,SMALL EDGE,,OLD_SCHEMA,DOWN,True,UP,False,False,False,False,False,False,False
2026-08-24 22:11:13.799896+00:00,78880.655,-24.20999999999185,432,22742.7889743816,17465.091341428,40207.8803158096,0.1312602801117676,7889.171000000001,SELL,0,0,0,-0.8775735277724458,-0.6113800112709366,-0.6696080907453708,514671.5817354587,165849.24584470838,0.5125814255106809,NORMAL_OR_MIXED,NONE,KXBTC15M-26AUG241815-15,78968.57,11.550779116666666,3.449220883333333,78862.92,-105.65000000000872,DOWN,0.0512820512820512,0.9487179487179488,0.0512820512820512,0.9487179487179488,DOWN,0.9487179487179488,0.049,0.05,0.95,0.951,0.951,-0.0022820512820512,LOCK,NO VALUE,,OLD_SCHEMA,DOWN,True,UP,False,False,False,False,False,False,False
2026-08-24 22:11:43.857958+00:00,78877.36499999999,-3.290000000008149,487,64225.1759144257,17396.863258686,81622.0391731117,0.5737214253667666,18535.971336764,BUY,0,0,0,-0.5026205725032876,-0.1730218755568542,-0.6450160397376433,480247.153998492,238662.52222269453,0.3360430938218018,BUY_IMBALANCE,BUY_FLOW_ABSORBED_OR_REVERSED,KXBTC15M-26AUG241815-15,78968.57,11.550779116666666,3.449220883333333,78862.92,-105.65000000000872,DOWN,0.0512820512820512,0.9487179487179488,0.0512820512820512,0.9487179487179488,DOWN,0.9487179487179488,0.049,0.05,0.95,0.951,0.951,-0.0022820512820512,LOCK,NO VALUE,,OLD_SCHEMA,DOWN,True,UP,False,False,True,True,False,True,False
2026-08-24 22:12:13.842857+00:00,78873.205,-4.1599999999889405,519,130101.3454095099,22712.905512865495,152814.2509223754,0.702738384989985,13568.94928,BUY,0,0,0,0.0978011530304485,0.5118341706144869,-0.5672543120920073,141905.2240721078,260930.95547106597,-0.2954693184061478,BUY_IMBALANCE,BUY_FLOW_ABSORBED_OR_REVERSED,KXBTC15M-26AUG241815-15,78968.57,12.535875583333333,2.4641244166666665,78849.41,-119.16000000000348,DOWN,0.0344827586206896,0.9655172413793104,0.0344827586206896,0.9655172413793104,DOWN,0.9655172413793104,0.013,0.015,0.985,0.987,0.987,-0.0214827586206896,LOCK,NO VALUE,,OLD_SCHEMA,DOWN,True,UP,False,False,True,True,False,True,False
2026-08-24 22:12:43.849147+00:00,78851.83499999999,-21.37000000000989,498,42567.2786310879,125753.1357150652,168320.4143461531,-0.4942113373895606,11990.3665329684,SELL,0,0,0,0.2167287870163595,-0.4407702346557111,1.0170901235929437,371474.0583242963,194835.51937226413,0.3119116220327789,NORMAL_OR_MIXED,NONE,KXBTC15M-26AUG241815-15,78968.57,12.535875583333333,2.4641244166666665,78849.41,-119.16000000000348,DOWN,0.0344827586206896,0.9655172413793104,0.0344827586206896,0.9655172413793104,DOWN,0.9655172413793104,0.013,0.015,0.985,0.987,0.987,-0.0214827586206896,LOCK,NO VALUE,,OLD_SCHEMA,DOWN,True,DOWN,True,True,False,False,False,False,False
2026-08-24 22:13:13.845135+00:00,78849.39499999999,-2.4400000000023283,514,66854.9327355895,52678.0357072098,119532.96844279928,0.1186024007691554,19995.964654017294,BUY,0,0,0,-0.2046425121784656,-0.1828472875426698,-0.0986980538360289,422138.5620801307,160654.78387651712,0.4486732390096035,NORMAL_OR_MIXED,NONE,KXBTC15M-26AUG241815-15,78968.57,13.537468483333331,1.4625315166666666,78830.37,-138.20000000001164,DOWN,0.0344827586206896,0.9655172413793104,0.0344827586206896,0.9655172413793104,DOWN,0.9655172413793104,0.001,0.002,0.998,0.999,0.999,-0.0334827586206896,LOCK,NO VALUE,,OLD_SCHEMA,DOWN,True,UP,False,False,False,False,False,False,False
2026-08-24 22:13:43.886271+00:00,78837.82500000001,-11.56999999997788,450,8753.431207634301,53281.138335376,62034.56954301031,-0.7177886048982639,15766.98,SELL,0,0,0,-0.7269853288403478,-0.819467197266105,-0.1024049366961707,290776.3498643461,223444.54611710605,0.1309394547623921,SELL_IMBALANCE,NONE,KXBTC15M-26AUG241815-15,78968.57,13.537468483333331,1.4625315166666666,78830.37,-138.20000000001164,DOWN,0.0344827586206896,0.9655172413793104,0.0344827586206896,0.9655172413793104,DOWN,0.9655172413793104,0.001,0.002,0.998,0.999,0.999,-0.0334827586206896,LOCK,NO VALUE,,OLD_SCHEMA,DOWN,True,DOWN,True,True,True,False,False,True,False
2026-08-24 22:14:13.797982+00:00,78854.155,16.329999999987194,464,22554.9166601813,27677.1147327044,50232.03139288571,-0.1019707531328018,15763.21506723,SELL,0,0,0,-0.8294441399255146,-0.7068481488528163,-0.5004867415414654,149612.07502182707,241718.67764749515,-0.2353676576588882,NORMAL_OR_MIXED,NONE,KXBTC15M-26AUG241815-15,78968.57,14.518096816666668,0.4819031833333333,78863.7,-104.8700000000099,DOWN,0.0119047619047619,0.988095238095238,0.0119047619047619,0.988095238095238,DOWN,0.988095238095238,0.0,0.001,0.999,1.0,1.0,-0.0119047619047618,LOCK,NO VALUE,,OLD_SCHEMA,DOWN,True,DOWN,True,True,False,False,False,False,False
2026-08-24 22:14:43.834419+00:00,78867.495,13.339999999996508,455,49091.7124844418,24037.247625563297,73128.9601100051,0.3426066064824391,11801.423273351498,BUY,0,0,0,-0.5630569983570267,-0.3182380269160967,-0.5340877591378218,162191.111434983,172694.85289650838,-0.0313651289700756,NORMAL_OR_MIXED,NONE,KXBTC15M-26AUG241815-15,78968.57,14.518096816666668,0.4819031833333333,78863.7,-104.8700000000099,DOWN,0.0119047619047619,0.988095238095238,0.0119047619047619,0.988095238095238,DOWN,0.988095238095238,0.0,0.001,0.999,1.0,1.0,-0.0119047619047618,LOCK,NO VALUE,,OLD_SCHEMA,DOWN,True,UP,False,False,False,False,False,False,False
2026-08-24 22:15:13.812578+00:00,78862.595,-4.899999999994179,504,203834.2100742094,152381.7640759334,356215.9741501428,0.1444417143869834,31533.404784467504,BUY,0,0,0,2.381943841195528,1.7734413392090431,1.6908748158825448,536717.5332925431,229707.77619109149,0.4005736153315369,NORMAL_OR_MIXED,NONE,KXBTC15M-26AUG241815-15,78968.57,14.518096816666668,0.4819031833333333,78863.7,-104.8700000000099,DOWN,0.0119047619047619,0.988095238095238,0.0119047619047619,0.988095238095238,DOWN,0.988095238095238,0.0,0.001,0.999,1.0,1.0,-0.0119047619047618,LOCK,NO VALUE,,OLD_SCHEMA,DOWN,True,UP,False,False,False,False,False,False,True
2026-08-24 22:15:43.809354+00:00,78892.235,29.639999999999414,541,68936.2668830071,30260.347203005094,99196.6140860122,0.3898915304353692,8736.796095126,SELL,0,0,0,-0.3769575358090611,-0.1228555434306747,-0.4847385513340119,882818.1523428474,139698.8625970167,0.7267549379503819,NORMAL_OR_MIXED,NONE,KXBTC15M-26AUG241830-30,78856.4,1.0416221333333333,13.958377866666666,78892.25,35.85000000000582,UP,0.4336734693877551,0.5663265306122449,0.5663265306122449,0.4336734693877551,UP,0.5663265306122449,0.56,0.57,0.43,0.44,0.57,-0.003673469387755,RAW,NO VALUE,,OLD_SCHEMA,DOWN,False,UP,True,False,False,False,False,False,False
2026-08-24 22:16:13.851991+00:00,78876.345,-15.889999999999418,558,34313.0011967542,68769.4522951443,103082.45349189852,-0.3342610689907387,15780.22,SELL,0,0,0,-0.3058567723881104,-0.6065050767152046,0.2925590375070391,493866.6314375205,203766.9907485131,0.4158338008136429,NORMAL_OR_MIXED,NONE,KXBTC15M-26AUG241830-30,78856.4,1.0416221333333333,13.958377866666666,78892.25,35.85000000000582,UP,0.4336734693877551,0.5663265306122449,0.5663265306122449,0.4336734693877551,UP,0.5663265306122449,0.56,0.57,0.43,0.44,0.57,-0.003673469387755,RAW,NO VALUE,,OLD_SCHEMA,DOWN,False,DOWN,False,True,False,False,False,False,False
2026-08-24 22:16:43.811929+00:00,78877.955,1.610000000000582,411,15910.3701270278,6092.6300910016,22003.0002180294,0.4462000608435881,6746.651395969599,BUY,0,0,0,-1.151602289068948,-0.8665254456325293,-0.9386777789869318,102946.11547321553,192880.2578027052,-0.304009887061716,NORMAL_OR_MIXED,NONE,KXBTC15M-26AUG241830-30,78856.4,2.0211570666666665,12.978842933333334,78916.9,60.5,UP,0.2738853503184713,0.7261146496815287,0.7261146496815287,0.2738853503184713,UP,0.7261146496815287,0.54,0.55,0.45,0.46,0.55,0.1761146496815286,LEAN,POSITIVE EDGE,,OLD_SCHEMA,DOWN,False,UP,True,False,False,False,False,False,False
2026-08-24 22:17:13.868706+00:00,78920.305,42.34999999999127,559,195733.4068742347,21432.9749215684,217166.38179580308,0.8026124048820654,14327.0700209065,BUY,0,0,0,0.8925049330789117,1.551499794609975,-0.6023709998058915,360944.9289643292,66142.9958581657,0.6902605200760202,BUY_IMBALANCE,NONE,KXBTC15M-26AUG241830-30,78856.4,2.0211570666666665,12.978842933333334,78916.9,60.5,UP,0.2738853503184713,0.7261146496815287,0.7261146496815287,0.2738853503184713,UP,0.7261146496815287,0.54,0.55,0.45,0.46,0.55,0.1761146496815286,LEAN,POSITIVE EDGE,,OLD_SCHEMA,DOWN,False,UP,True,False,True,False,False,True,False
2026-08-24 22:17:43.839741+00:00,78908.215,-12.089999999996508,474,67792.0095025897,11237.4214784614,79029.4309810511,0.7156142632190835,7892.441000000001,SELL,0,0,0,-0.564952679530425,-0.2174923565325879,-0.8172714382347401,125498.6843433565,179061.0047874899,-0.1758680559367188,BUY_IMBALANCE,BUY_FLOW_ABSORBED_OR_REVERSED,KXBTC15M-26AUG241830-30,78856.4,2.99617445,12.003825549999998,78909.73,53.33000000000175,UP,0.3934426229508196,0.6065573770491803,0.6065573770491803,0.3934426229508196,UP,0.6065573770491803,0.65,0.66,0.34,0.35,0.66,-0.0534426229508196,RAW,NO VALUE,,OLD_SCHEMA,DOWN,False,UP,True,False,True,True,False,True,False
2026-08-24 22:18:13.857364+00:00,78911.705,3.4900000000052387,429,24376.0652673369,55834.966823511,80211.0320908479,-0.3922016801946071,15780.98,SELL,0,0,0,-0.5641349374502413,-0.8035497340269305,0.1262536025136532,405039.9706040199,256738.09442155625,0.2240960890366351,NORMAL_OR_MIXED,NONE,KXBTC15M-26AUG241830-30,78856.4,2.99617445,12.003825549999998,78909.73,53.33000000000175,UP,0.3934426229508196,0.6065573770491803,0.6065573770491803,0.3934426229508196,UP,0.6065573770491803,0.65,0.66,0.34,0.35,0.66,-0.0534426229508196,RAW,NO VALUE,,OLD_SCHEMA,DOWN,False,DOWN,False,True,False,False,False,False,False
2026-08-24 22:18:43.847129+00:00,78900.37,-11.335000000006405,530,74065.6937848282,86244.5060099669,160310.1997947951,-0.0759702891065458,15784.46,SELL,0,0,0,0.2548196219998636,-0.1362913417959989,0.7492714057208231,479741.1214623016,224684.01985846608,0.3620783624014528,NORMAL_OR_MIXED,NONE,KXBTC15M-26AUG241830-30,78856.4,3.9722695666666663,11.027730433333334,78912.66,56.26000000000931,UP,0.2738853503184713,0.7261146496815287,0.7261146496815287,0.2738853503184713,UP,0.7261146496815287,0.71,0.72,0.28,0.29,0.72,0.0061146496815287,LEAN,SMALL EDGE,,OLD_SCHEMA,DOWN,False,DOWN,False,True,False,False,False,False,False
2026-08-24 22:19:13.867784+00:00,78909.505,9.135000000009311,456,1157.8240523768,166864.7328275485,168022.55687992528,-0.98621823076762,124522.16110518,SELL,0,0,0,0.3083759603520445,-1.133772663709142,2.435541296365266,106676.98858816129,149114.33657670976,-0.1659061266491166,SELL_IMBALANCE,SELL_FLOW_ABSORBED_OR_REVERSED,KXBTC15M-26AUG241830-30,78856.4,3.9722695666666663,11.027730433333334,78912.66,56.26000000000931,UP,0.2738853503184713,0.7261146496815287,0.7261146496815287,0.2738853503184713,UP,0.7261146496815287,0.71,0.72,0.28,0.29,0.72,0.0061146496815287,LEAN,SMALL EDGE,,OLD_SCHEMA,DOWN,False,DOWN,False,True,True,True,False,True,False
2026-08-24 22:19:43.818580+00:00,78849.405,-60.10000000000582,573,22377.3386272788,852091.2622395632,874468.600866842,-0.948820715563494,90394.8617338224,SELL,0,0,0,7.809403317038235,-0.8499840284876868,15.96719025409549,191084.9750705456,286213.7834959493,-0.1993066328333029,ABNORMAL_SELL_PRESSURE,NONE,KXBTC15M-26AUG241830-30,78856.4,4.95428655,10.04571345,78856.64,0.2400000000052387,UP,0.4285714285714285,0.5714285714285714,0.5714285714285714,0.4285714285714285,UP,0.5714285714285714,0.66,0.67,0.33,0.34,0.67,-0.0985714285714286,RAW,NO VALUE,,OLD_SCHEMA,DOWN,False,DOWN,False,True,True,False,False,True,True
2026-08-24 22:20:13.903472+00:00,78831.13500000001,-18.269999999989523,525,42184.7511068004,155316.0360967645,197500.7872035649,-0.5728143497137518,20061.8947355762,SELL,0,0,0,0.2599079119636522,-0.5547928340877578,0.6003304559611784,462504.263543262,142316.2973264121,0.5293933224698085,SELL_IMBALANCE,NONE,KXBTC15M-26AUG241830-30,78856.4,4.95428655,10.04571345,78856.64,0.2400000000052387,UP,0.4285714285714285,0.5714285714285714,0.5714285714285714,0.4285714285714285,UP,0.5714285714285714,0.66,0.67,0.33,0.34,0.67,-0.0985714285714286,RAW,NO VALUE,,OLD_SCHEMA,DOWN,False,DOWN,False,True,True,False,False,True,False
2026-08-24 22:20:43.882448+00:00,78839.88500000001,8.75,508,68866.6042090914,59683.6619768479,128550.2661859393,0.0714346419085666,20439.566329032,BUY,0,0,0,-0.1912927082352091,-0.1505112721343245,-0.1261162989939003,421124.24919360055,218182.92870298284,0.317439452437129,NORMAL_OR_MIXED,NONE,KXBTC15M-26AUG241830-30,78856.4,5.93480685,9.06519315,78815.38,-41.01999999998952,DOWN,0.3934426229508196,0.6065573770491803,0.3934426229508196,0.6065573770491803,DOWN,0.6065573770491803,0.53,0.54,0.46,0.47,0.47,0.1365573770491803,RAW,POSITIVE EDGE,,OLD_SCHEMA,DOWN,True,UP,False,False,False,False,False,False,False
2026-08-24 22:21:13.962923+00:00,78871.545,31.65999999998894,540,85878.5039221372,180058.6363524087,265937.1402745459,-0.3541443377673485,78799.806316,SELL,0,0,0,0.7535047271940412,0.0729025764496386,0.7801572527297101,479302.9954332761,217944.75687510188,0.3748427122108254,NORMAL_OR_MIXED,NONE,KXBTC15M-26AUG241830-30,78856.4,5.93480685,9.06519315,78815.38,-41.01999999998952,DOWN,0.3934426229508196,0.6065573770491803,0.3934426229508196,0.6065573770491803,DOWN,0.6065573770491803,0.53,0.54,0.46,0.47,0.47,0.1365573770491803,RAW,POSITIVE EDGE,,OLD_SCHEMA,DOWN,True,DOWN,True,True,False,False,False,False,False
2026-08-24 22:21:43.837010+00:00,78869.055,-2.4900000000052387,474,29926.5839402288,60666.2920597413,90592.8759999701,-0.339317057552325,15774.78,SELL,0,0,0,-0.4476648968870969,-0.690180334154609,-0.1406599544257199,422840.0710269146,242256.97609664383,0.2715139026872312,NORMAL_OR_MIXED,NONE,KXBTC15M-26AUG241830-30,78856.4,6.918175733333333,8.081824266666667,78863.15,6.75,UP,0.4285714285714285,0.5714285714285714,0.5714285714285714,0.4285714285714285,UP,0.5714285714285714,0.54,0.55,0.45,0.46,0.55,0.0214285714285713,RAW,SMALL EDGE,,OLD_SCHEMA,DOWN,False,DOWN,False,True,False,False,False,False,False
2026-08-24 22:22:13.903142+00:00,78849.405,-19.64999999999418,482,7746.581994581799,122812.9685271763,130559.5505217581,-0.8813325878708382,15770.681863695,SELL,0,0,0,-0.1354767435084417,-1.0098053516726764,0.3277890679752667,569914.2279014582,227796.92857037115,0.4288736550259953,SELL_IMBALANCE,NONE,KXBTC15M-26AUG241830-30,78856.4,6.918175733333333,8.081824266666667,78863.15,6.75,UP,0.4285714285714285,0.5714285714285714,0.5714285714285714,0.4285714285714285,UP,0.5714285714285714,0.54,0.55,0.45,0.46,0.55,0.0214285714285713,RAW,SMALL EDGE,,OLD_SCHEMA,DOWN,False,DOWN,False,True,True,False,False,True,False
2026-08-24 22:22:43.853009+00:00,78863.005,13.60000000000582,439,17892.2040559593,67445.6998401356,85337.9038960949,-0.5806739270806474,20062.453291749905,SELL,0,0,0,-0.4500026438003972,-0.8023030600658516,-0.1025090826906273,305849.6544910101,165775.12848711186,0.2970041674217873,SELL_IMBALANCE,SELL_FLOW_ABSORBED_OR_REVERSED,KXBTC15M-26AUG241830-30,78856.4,7.902653333333333,7.097346666666667,78851.36,-5.039999999993597,DOWN,0.4285714285714285,0.5714285714285714,0.4285714285714285,0.5714285714285714,DOWN,0.5714285714285714,0.48,0.49,0.51,0.52,0.52,0.0514285714285713,RAW,SMALL EDGE,,OLD_SCHEMA,DOWN,True,DOWN,True,True,True,True,False,True,False
2026-08-24 22:23:14.258970+00:00,78839.10500000001,-23.89999999999418,460,45359.359532152,138763.5150363794,184122.8745685314,-0.5072925117159297,20057.534298100003,SELL,0,0,0,0.2813625979383287,-0.3176357812307774,0.4430461586485001,462455.8333929886,232433.2598087431,0.3310205554161262,SELL_IMBALANCE,NONE,KXBTC15M-26AUG241830-30,78856.4,7.902653333333333,7.097346666666667,78851.36,-5.039999999993597,DOWN,0.4285714285714285,0.5714285714285714,0.4285714285714285,0.5714285714285714,DOWN,0.5714285714285714,0.48,0.49,0.51,0.52,0.52,0.0514285714285713,RAW,SMALL EDGE,,OLD_SCHEMA,DOWN,True,DOWN,True,True,True,False,False,True,False
2026-08-24 22:23:44.147850+00:00,78829.11499999999,-9.99000000001979,459,11910.8830216947,41625.5849272472,53536.46794894191,-0.5550366515380062,15765.1,SELL,0,0,0,-0.6415074018802361,-0.8369107032135428,-0.2945649794437929,408485.22443426144,164945.1075874635,0.4247074199722856,SELL_IMBALANCE,NONE,KXBTC15M-26AUG241830-30,78856.4,8.896740566666667,6.103259433333333,78816.09,-40.30999999999767,DOWN,0.3934426229508196,0.6065573770491803,0.3934426229508196,0.6065573770491803,DOWN,0.6065573770491803,0.33,0.34,0.66,0.67,0.67,-0.0634426229508197,RAW,NO VALUE,,OLD_SCHEMA,DOWN,True,DOWN,True,True,True,False,False,True,False
2026-08-24 22:24:14.132602+00:00,78837.13,8.01500000001397,501,28772.5539304255,100477.1206115854,129249.67454201092,-0.5547756072519414,15765.7,SELL,0,0,0,-0.0775503776553096,-0.515776411113841,0.1500664516755671,477911.9081675706,187972.08205407992,0.435420929728284,SELL_IMBALANCE,SELL_FLOW_ABSORBED_OR_REVERSED,KXBTC15M-26AUG241830-30,78856.4,8.896740566666667,6.103259433333333,78816.09,-40.30999999999767,DOWN,0.3934426229508196,0.6065573770491803,0.3934426229508196,0.6065573770491803,DOWN,0.6065573770491803,0.33,0.34,0.66,0.67,0.67,-0.0634426229508197,RAW,NO VALUE,,OLD_SCHEMA,DOWN,True,DOWN,True,True,True,True,False,True,False
2026-08-24 22:24:43.860102+00:00,78835.67499999999,-1.455000000016298,472,8512.836545422899,96378.2001637054,104891.0367091283,-0.8376822879722372,10296.121850777,SELL,0,0,0,-0.2629630745599245,-0.8421300589383325,0.1038079027711811,395615.0136315129,205181.2034972701,0.316969056570179,SELL_IMBALANCE,SELL_FLOW_WEAK_FOLLOW_THROUGH,KXBTC15M-26AUG241830-30,78856.4,9.872165533333334,5.127834466666667,78835.68,-20.720000000001164,DOWN,0.3934426229508196,0.6065573770491803,0.3934426229508196,0.6065573770491803,DOWN,0.6065573770491803,0.42,0.43,0.57,0.58,0.58,0.0265573770491803,RAW,SMALL EDGE,,OLD_SCHEMA,DOWN,True,DOWN,True,True,True,True,False,True,False
2026-08-24 22:25:14.366450+00:00,78826.39499999999,-9.279999999998836,515,78253.315246603,163431.4359983872,241684.7512449902,-0.3524348156555442,71091.02046815999,SELL,0,0,0,0.735035299125677,0.3949519230592062,0.5977074492657156,502910.01212201983,216959.28968468195,0.3972258876988769,NORMAL_OR_MIXED,NONE,KXBTC15M-26AUG241830-30,78856.4,9.872165533333334,5.127834466666667,78835.68,-20.720000000001164,DOWN,0.3934426229508196,0.6065573770491803,0.3934426229508196,0.6065573770491803,DOWN,0.6065573770491803,0.42,0.43,0.57,0.58,0.58,0.0265573770491803,RAW,SMALL EDGE,,OLD_SCHEMA,DOWN,True,DOWN,True,True,False,False,False,False,False
2026-08-24 22:25:44.078192+00:00,78820.565,-5.829999999987194,657,24382.5102328433,47124.8411659291,71507.3513987724,-0.3180418584693409,15450.26464696,SELL,0,0,0,-0.4761569454053971,-0.5381402473124556,-0.297181216533864,166506.13472163244,132419.69517323576,0.1140297563458629,NORMAL_OR_MIXED,NONE,KXBTC15M-26AUG241830-30,78856.4,10.849519666666668,4.150480333333333,78817.71,-38.689999999987776,DOWN,0.2738853503184713,0.7261146496815287,0.2738853503184713,0.7261146496815287,DOWN,0.7261146496815287,0.23,0.24,0.76,0.77,0.77,-0.0438853503184712,LEAN,NO VALUE,,OLD_SCHEMA,DOWN,True,DOWN,True,True,False,False,False,False,False
2026-08-24 22:26:13.871517+00:00,78809.39499999999,-11.170000000012806,549,16548.1428787226,48081.6379648805,64629.78084360311,-0.4879096706588787,7881.794000000001,SELL,0,0,0,-0.5276388012870742,-0.6931113242952689,-0.2928984910044138,208871.41492955247,195604.10485696007,0.0328012683674776,NORMAL_OR_MIXED,NONE,KXBTC15M-26AUG241830-30,78856.4,10.849519666666668,4.150480333333333,78817.71,-38.689999999987776,DOWN,0.2738853503184713,0.7261146496815287,0.2738853503184713,0.7261146496815287,DOWN,0.7261146496815287,0.23,0.24,0.76,0.77,0.77,-0.0438853503184712,LEAN,NO VALUE,,OLD_SCHEMA,DOWN,True,DOWN,True,True,False,False,False,False,False
2026-08-24 22:26:43.833607+00:00,78775.495,-33.89999999999418,667,68159.6676037412,216317.5353663903,284477.20297013153,-0.5208075241734039,18122.6980848931,SELL,0,0,0,1.0403105310144498,0.3390916893190275,0.9573156185590668,182874.711924303,153532.87687332812,0.0872210854572181,SELL_IMBALANCE,NONE,KXBTC15M-26AUG241830-30,78856.4,11.82721795,3.1727820500000004,78768.93,-87.47000000000116,DOWN,0.0119047619047619,0.988095238095238,0.0119047619047619,0.988095238095238,DOWN,0.988095238095238,0.08,0.081,0.919,0.92,0.92,0.0680952380952381,LOCK,SMALL EDGE,,OLD_SCHEMA,DOWN,True,DOWN,True,True,True,False,False,True,False
2026-08-24 22:27:13.963417+00:00,78746.035,-29.45999999999185,604,13752.4175150968,87518.862505271,101271.2800203678,-0.7284043904188652,16673.0172964,SELL,0,0,0,-0.305881372122594,-0.7674559052617572,-0.0360840285793701,292113.3409463997,191125.29948570367,0.2089817183708536,SELL_IMBALANCE,NONE,KXBTC15M-26AUG241830-30,78856.4,11.82721795,3.1727820500000004,78768.93,-87.47000000000116,DOWN,0.0119047619047619,0.988095238095238,0.0119047619047619,0.988095238095238,DOWN,0.988095238095238,0.08,0.081,0.919,0.92,0.92,0.0680952380952381,LOCK,SMALL EDGE,,OLD_SCHEMA,DOWN,True,DOWN,True,True,True,False,False,True,False
2026-08-24 22:27:43.832713+00:00,78771.245,25.20999999999185,677,58821.7656293836,18731.9028438522,77553.6684732358,0.5169305794911124,7490.9326553325,SELL,0,0,0,-0.4919477760578308,0.1385192760739107,-0.5628483368702744,109052.3532797142,173987.80098411444,-0.2294213267134963,BUY_IMBALANCE,NONE,KXBTC15M-26AUG241830-30,78856.4,12.807573016666668,2.192426983333333,78771.25,-85.14999999999418,DOWN,0.0,1.0,0.0,1.0,DOWN,1.0,0.019,0.02,0.98,0.981,0.981,0.019,LOCK,SMALL EDGE,,OLD_SCHEMA,DOWN,True,UP,False,False,True,False,False,True,False
2026-08-24 22:28:13.910137+00:00,78746.045,-25.19999999999709,583,11784.6354460294,157701.0650914569,169485.7005374863,-0.8609365225661275,17934.7078427558,SELL,0,0,0,0.1878206228378268,-0.8009248252116316,0.4749203546386796,260825.91926445,244245.51964490095,0.0328278305646279,SELL_IMBALANCE,NONE,KXBTC15M-26AUG241830-30,78856.4,12.807573016666668,2.192426983333333,78771.25,-85.14999999999418,DOWN,0.0,1.0,0.0,1.0,DOWN,1.0,0.019,0.02,0.98,0.981,0.981,0.019,LOCK,SMALL EDGE,,OLD_SCHEMA,DOWN,True,DOWN,True,True,True,False,False,True,False
2026-08-24 22:28:43.845285+00:00,78757.565,11.520000000004076,685,19887.05419029,76074.46900695491,95961.52319724493,-0.5855202475389435,15753.54,SELL,0,0,0,-0.3693874732387889,-0.6349723396112799,-0.158510195158148,90172.7102803537,245188.2892692228,-0.4622349623154469,SELL_IMBALANCE,SELL_FLOW_ABSORBED_OR_REVERSED,KXBTC15M-26AUG241830-30,78856.4,13.78371625,1.21628375,78757.57,-98.8299999999872,DOWN,0.0,1.0,0.0,1.0,DOWN,1.0,0.001,0.002,0.998,0.999,0.999,0.001,LOCK,SMALL EDGE,,OLD_SCHEMA,DOWN,True,DOWN,True,True,True,True,False,True,False
2026-08-24 22:29:14.371139+00:00,78755.305,-2.260000000009313,540,22886.3877348331,36462.7996382102,59349.1873730433,-0.228754807004208,18700.0601194033,BUY,0,0,0,-0.6163330706362358,-0.5311966254980133,-0.459514415737897,166475.9250267009,199577.07206941067,-0.0904271985349123,NORMAL_OR_MIXED,NONE,KXBTC15M-26AUG241830-30,78856.4,13.78371625,1.21628375,78757.57,-98.8299999999872,DOWN,0.0,1.0,0.0,1.0,DOWN,1.0,0.001,0.002,0.998,0.999,0.999,0.001,LOCK,SMALL EDGE,,OLD_SCHEMA,DOWN,True,DOWN,True,True,False,False,False,False,False
2026-08-24 22:29:44.155130+00:00,78767.16500000001,11.860000000015134,563,6739.6723923902,55714.8697484354,62454.5421408256,-0.7841735072785178,21975.9424773902,SELL,0,0,0,-0.562612036975476,-0.8935480714015771,-0.2852374400348408,167871.9827342299,129615.9465558318,0.1285969359149932,SELL_IMBALANCE,SELL_FLOW_ABSORBED_OR_REVERSED,KXBTC15M-26AUG241830-30,78856.4,14.761372966666666,0.2386270333333333,78767.16,-89.23999999999069,DOWN,0.0,1.0,0.0,1.0,DOWN,1.0,0.0,0.001,0.999,1.0,1.0,0.0,LOCK,NO VALUE,,OLD_SCHEMA,DOWN,True,DOWN,True,True,True,True,False,True,False
2026-08-24 22:30:14.013277+00:00,78772.215,5.049999999988359,600,30718.2124804374,40764.6292103955,71482.8416908329,-0.1405430519034118,7876.688431494,SELL,0,0,0,-0.4996700607413459,-0.3342952111737836,-0.4064660113096849,250315.30325834415,63737.1900331728,0.5940984937571617,NORMAL_OR_MIXED,NONE,KXBTC15M-26AUG241830-30,78856.4,14.761372966666666,0.2386270333333333,78767.16,-89.23999999999069,DOWN,0.0,1.0,0.0,1.0,DOWN,1.0,0.0,0.001,0.999,1.0,1.0,0.0,LOCK,NO VALUE,,OLD_SCHEMA,DOWN,True,DOWN,True,True,False,False,False,False,False
2026-08-24 22:30:44.108850+00:00,78797.13500000001,24.92000000001281,572,21813.4329361707,16276.1208194023,38089.553755573,0.1453761352076281,6810.5328052616,SELL,0,0,0,-0.7490082140774752,-0.5514864202781958,-0.5916053097268046,123080.78616617646,216845.22290775008,-0.2758377830429029,NORMAL_OR_MIXED,NONE,KXBTC15M-26AUG241845-45,78763.73,0.7339894,14.2660106,78804.31,40.58000000000175,UP,0.4285714285714285,0.5714285714285714,0.5714285714285714,0.4285714285714285,UP,0.5714285714285714,0.55,0.56,0.44,0.45,0.56,0.0114285714285713,RAW,SMALL EDGE,,OLD_SCHEMA,UP,True,UP,True,True,False,False,False,False,False
2026-08-24 22:31:13.816934+00:00,78778.015,-19.12000000000989,640,44277.3631408213,72361.7566895834,116639.1198304047,-0.2407802252760248,15762.3,SELL,0,0,0,-0.1719049136549784,-0.0364192955423684,-0.1663858184661006,164219.93296605127,376259.50357029046,-0.3923175541387719,NORMAL_OR_MIXED,NONE,KXBTC15M-26AUG241845-45,78763.73,1.67305205,13.32694795,78729.91,-33.81999999999243,DOWN,0.4336734693877551,0.5663265306122449,0.4336734693877551,0.5663265306122449,DOWN,0.5663265306122449,0.4,0.41,0.59,0.6,0.6,-0.033673469387755,RAW,NO VALUE,,OLD_SCHEMA,UP,False,DOWN,True,False,False,False,False,False,False
2026-08-24 22:31:43.905478+00:00,78729.91500000001,-48.09999999999127,541,39825.5380278379,16595.9789294156,56421.5169572535,0.411714543513987,7999.97077908,SELL,0,0,0,-0.6254233023776871,-0.1486102455602038,-0.5983358779218129,176186.04609120442,194505.5198936948,-0.049419721092971,NORMAL_OR_MIXED,NONE,KXBTC15M-26AUG241845-45,78763.73,1.67305205,13.32694795,78729.91,-33.81999999999243,DOWN,0.4336734693877551,0.5663265306122449,0.4336734693877551,0.5663265306122449,DOWN,0.5663265306122449,0.4,0.41,0.59,0.6,0.6,-0.033673469387755,RAW,NO VALUE,,OLD_SCHEMA,UP,False,UP,False,True,False,False,False,False,False
2026-08-24 22:32:13.862521+00:00,78771.765,41.84999999999127,530,71477.0298823748,64515.8355410898,135992.8654234646,0.0511879378348909,21467.4696312296,BUY,0,0,0,-0.0412876026757958,0.5769398755723965,-0.2364490676140384,215970.396332586,224031.41187164804,-0.0183204145727518,NORMAL_OR_MIXED,NONE,KXBTC15M-26AUG241845-45,78763.73,2.6259064166666666,12.374093583333332,78771.77,8.040000000008149,UP,0.4336734693877551,0.5663265306122449,0.5663265306122449,0.4336734693877551,UP,0.5663265306122449,0.54,0.55,0.45,0.46,0.55,0.0163265306122448,RAW,SMALL EDGE,,OLD_SCHEMA,UP,True,UP,True,True,False,False,False,False,False
2026-08-24 22:32:43.876499+00:00,78796.485,24.720000000001164,496,19894.962502377,1177.3764364606,21072.3389388376,0.8882538440675303,5010.4792988635,BUY,0,0,0,-0.8731208274038172,-0.5748418264494254,-0.7246722997901283,325183.3867437513,148764.23829607858,0.3722334264948511,BUY_IMBALANCE,NONE,KXBTC15M-26AUG241845-45,78763.73,2.6259064166666666,12.374093583333332,78771.77,8.040000000008149,UP,0.4336734693877551,0.5663265306122449,0.5663265306122449,0.4336734693877551,UP,0.5663265306122449,0.54,0.55,0.45,0.46,0.55,0.0163265306122448,RAW,SMALL EDGE,,OLD_SCHEMA,UP,True,UP,True,True,True,False,False,True,False
2026-08-24 22:33:13.856600+00:00,78818.065,21.580000000001743,518,21637.3154631073,127990.2070555715,149627.5225186788,-0.7107842848844043,39842.029655008,SELL,0,0,0,0.0868117545222164,-0.5185210936263482,0.2576046277866297,262935.7266259409,223859.36952535252,0.0802727007924574,SELL_IMBALANCE,SELL_FLOW_ABSORBED_OR_REVERSED,KXBTC15M-26AUG241845-45,78763.73,3.5644095166666667,11.435590483333334,78833.5,69.77000000000407,UP,0.3652173913043478,0.6347826086956522,0.6347826086956522,0.3652173913043478,UP,0.6347826086956522,0.68,0.69,0.31,0.32,0.69,-0.0552173913043477,RAW,NO VALUE,,OLD_SCHEMA,UP,True,DOWN,False,False,True,True,False,True,False
2026-08-24 22:33:44.328615+00:00,78827.285,9.220000000001164,465,7912.0645258695,11789.5494068125,19701.613932682,-0.1968105198991255,4138.338102225,SELL,0,0,0,-0.8545222473093372,-0.8136919512867623,-0.6317110457725656,143383.40500578773,170093.37777706413,-0.0852055853520055,NORMAL_OR_MIXED,NONE,KXBTC15M-26AUG241845-45,78763.73,3.5644095166666667,11.435590483333334,78833.5,69.77000000000407,UP,0.3652173913043478,0.6347826086956522,0.6347826086956522,0.3652173913043478,UP,0.6347826086956522,0.68,0.69,0.31,0.32,0.69,-0.0552173913043477,RAW,NO VALUE,,OLD_SCHEMA,UP,True,DOWN,False,False,False,False,False,False,False
2026-08-24 22:34:13.865560+00:00,78861.095,33.80999999999767,526,24215.7037242462,8728.169414719101,32943.8731389653,0.4701188061342058,8642.061928,BUY,0,0,0,-0.7475387945955154,-0.4313584102982734,-0.6445865932371343,247807.08322189667,164220.20226236634,0.2028673437519779,NORMAL_OR_MIXED,NONE,KXBTC15M-26AUG241845-45,78763.73,4.518711833333333,10.481288166666667,78892.4,128.66999999999825,UP,0.1981132075471698,0.8018867924528301,0.8018867924528301,0.1981132075471698,UP,0.8018867924528301,0.75,0.76,0.24,0.25,0.76,0.0418867924528301,STRONG,SMALL EDGE,,OLD_SCHEMA,UP,True,UP,True,True,False,False,False,False,False
2026-08-24 22:34:44.250060+00:00,78863.775,2.679999999993015,591,57363.9325043465,172966.1784840251,230330.1109883716,-0.5018981039153619,25038.263165725,SELL,0,0,0,0.668513032860371,0.3435184295835843,0.5903218749321016,273599.2740778975,237281.7971120425,0.0710879283142447,SELL_IMBALANCE,SELL_FLOW_ABSORBED_OR_REVERSED,KXBTC15M-26AUG241845-45,78763.73,4.518711833333333,10.481288166666667,78892.4,128.66999999999825,UP,0.1981132075471698,0.8018867924528301,0.8018867924528301,0.1981132075471698,UP,0.8018867924528301,0.75,0.76,0.24,0.25,0.76,0.0418867924528301,STRONG,SMALL EDGE,,OLD_SCHEMA,UP,True,DOWN,False,False,True,True,False,True,False
2026-08-24 22:35:14.292359+00:00,78861.08499999999,-2.6900000000023283,462,62078.6698990007,53872.3471319549,115951.0170309556,0.0707740473277172,13063.230199909,SELL,0,0,0,-0.1769807197358311,0.4485241697019682,-0.3293403272714265,293548.0187588713,126497.16716165532,0.3976973363737641,NORMAL_OR_MIXED,NONE,KXBTC15M-26AUG241845-45,78763.73,5.470017866666667,9.529982133333334,78885.55,121.82000000000698,UP,0.2406015037593984,0.7593984962406015,0.7593984962406015,0.2406015037593984,UP,0.7593984962406015,0.83,0.84,0.16,0.17,0.84,-0.0806015037593984,LEAN,NO VALUE,,OLD_SCHEMA,UP,True,UP,True,True,False,False,False,False,False
2026-08-24 22:35:43.880883+00:00,78865.67499999999,4.589999999996508,535,107091.2365833784,80817.8252434588,187909.0618268372,0.1398198207393062,19999.2262504813,BUY,0,0,0,0.3909785897917746,1.973607132659472,-0.1093011823288099,310161.9283193622,244014.6614865929,0.1193613516874301,NORMAL_OR_MIXED,NONE,KXBTC15M-26AUG241845-45,78763.73,5.470017866666667,9.529982133333334,78885.55,121.82000000000698,UP,0.2406015037593984,0.7593984962406015,0.7593984962406015,0.2406015037593984,UP,0.7593984962406015,0.83,0.84,0.16,0.17,0.84,-0.0806015037593984,LEAN,NO VALUE,,OLD_SCHEMA,UP,True,UP,True,True,False,False,False,False,False
2026-08-24 22:36:13.856575+00:00,78851.445,-14.229999999981374,407,33383.0497848368,45138.1478649119,78521.1976497487,-0.1497060466717515,14322.592035172798,BUY,0,0,0,-0.4296248650021662,-0.1943103636941018,-0.3872071696572716,389223.1222818312,106502.0718763041,0.570318099094515,NORMAL_OR_MIXED,NONE,KXBTC15M-26AUG241845-45,78763.73,6.41901485,8.58098515,78860.99,97.26000000000931,UP,0.2406015037593984,0.7593984962406015,0.7593984962406015,0.2406015037593984,UP,0.7593984962406015,0.83,0.84,0.16,0.17,0.84,-0.0806015037593984,LEAN,NO VALUE,,OLD_SCHEMA,UP,True,DOWN,False,False,False,False,False,False,False
2026-08-24 22:36:43.931221+00:00,78849.405,-2.040000000008149,559,25219.412639309,30312.7774562372,55532.19009554621,-0.0917191417836174,7999.999960344,SELL,0,0,0,-0.5931675326888155,-0.42269384322914,-0.4935159244790157,210820.38637837453,213267.49723889303,-0.0057702918547113,NORMAL_OR_MIXED,NONE,KXBTC15M-26AUG241845-45,78763.73,6.41901485,8.58098515,78860.99,97.26000000000931,UP,0.2406015037593984,0.7593984962406015,0.7593984962406015,0.2406015037593984,UP,0.7593984962406015,0.83,0.84,0.16,0.17,0.84,-0.0806015037593984,LEAN,NO VALUE,,OLD_SCHEMA,UP,True,DOWN,False,False,False,False,False,False,False
2026-08-24 22:37:13.854768+00:00,78873.195,23.79000000000815,457,8645.8605177443,5978.375015250999,14624.2355329953,0.1824017054754693,3524.9652706076995,BUY,0,0,0,-0.9035208530077864,-0.8975191899844543,-0.6824876134083695,277420.0359429035,207620.3441082292,0.1439049091692449,NORMAL_OR_MIXED,NONE,KXBTC15M-26AUG241845-45,78763.73,7.361037366666666,7.638962633333334,78906.32,142.59000000001106,UP,0.109375,0.890625,0.890625,0.109375,UP,0.890625,0.82,0.83,0.17,0.18,0.83,0.060625,STRONG,SMALL EDGE,,OLD_SCHEMA,UP,True,UP,True,True,False,False,False,False,False
2026-08-24 22:37:43.866606+00:00,78896.995,23.79999999998836,605,102854.8884457222,108529.3114697714,211384.1999154936,-0.026844120924448,15781.852,BUY,0,0,0,0.581127667677595,2.6042522301668427,0.0918589236275485,250754.4091215324,198299.6913362392,0.1168115773396126,NORMAL_OR_MIXED,NONE,KXBTC15M-26AUG241845-45,78763.73,7.361037366666666,7.638962633333334,78906.32,142.59000000001106,UP,0.109375,0.890625,0.890625,0.109375,UP,0.890625,0.82,0.83,0.17,0.18,0.83,0.060625,STRONG,SMALL EDGE,,OLD_SCHEMA,UP,True,DOWN,False,False,False,False,False,False,False
2026-08-24 22:38:13.879955+00:00,78906.315,9.320000000006983,528,49394.1485689752,28878.0284641983,78272.1770331735,0.2621125524090343,21946.28783872,BUY,0,0,0,-0.4184286395702169,0.4634954387023871,-0.5273624304631939,225685.3230269852,111022.577681957,0.3405407033918851,NORMAL_OR_MIXED,NONE,KXBTC15M-26AUG241845-45,78763.73,8.308998433333333,6.691001566666667,78905.47,141.74000000000524,UP,0.0119047619047619,0.988095238095238,0.988095238095238,0.0119047619047619,UP,0.988095238095238,0.9,0.901,0.099,0.1,0.901,0.0870952380952381,90%+ LOCK CANDIDATE,SMALL EDGE,,OLD_SCHEMA,UP,True,UP,True,True,False,False,False,False,False
2026-08-24 22:38:43.898353+00:00,78887.475,-18.839999999996508,483,41715.1935336351,49682.6341040838,91397.8276377189,-0.087173194116056,15360.228845696,BUY,0,0,0,-0.3219684822841284,0.1599099314183467,-0.3644242572866184,256828.4311957117,156980.66467485172,0.2412894436522769,NORMAL_OR_MIXED,NONE,KXBTC15M-26AUG241845-45,78763.73,8.308998433333333,6.691001566666667,78905.47,141.74000000000524,UP,0.0119047619047619,0.988095238095238,0.988095238095238,0.0119047619047619,UP,0.988095238095238,0.9,0.901,0.099,0.1,0.901,0.0870952380952381,90%+ LOCK CANDIDATE,SMALL EDGE,,OLD_SCHEMA,UP,True,DOWN,False,False,False,False,False,False,False
2026-08-24 22:39:13.824451+00:00,78894.11499999999,6.639999999984866,451,27017.7942565088,6182.4142164594,33200.2084729682,0.6275677472632042,22853.62406852,BUY,0,0,0,-0.7346240172656568,-0.3560729223871149,-0.6841925558215641,277641.6591914854,226087.2676707918,0.1023455052339864,BUY_IMBALANCE,NONE,KXBTC15M-26AUG241845-45,78763.73,9.261258483333334,5.738741516666667,78894.12,130.38999999999942,UP,0.0,1.0,1.0,0.0,UP,1.0,0.942,0.943,0.057,0.058,0.943,0.057,90%+ LOCK CANDIDATE,SMALL EDGE,,OLD_SCHEMA,UP,True,UP,True,True,True,False,False,True,False
2026-08-24 22:39:43.852445+00:00,78854.315,-39.79999999998836,460,42957.85808457231,47819.0300852802,90776.88816985252,-0.0535507671469434,24503.038643895903,BUY,0,0,0,-0.2873906037766264,0.2208352414492705,-0.3401269779537007,155588.92892039442,489782.2286017655,-0.517831167051955,NORMAL_OR_MIXED,NONE,KXBTC15M-26AUG241845-45,78763.73,9.261258483333334,5.738741516666667,78894.12,130.38999999999942,UP,0.0,1.0,1.0,0.0,UP,1.0,0.942,0.943,0.057,0.058,0.943,0.057,90%+ LOCK CANDIDATE,SMALL EDGE,,OLD_SCHEMA,UP,True,DOWN,False,False,False,False,False,False,False
2026-08-24 22:40:13.897612+00:00,78806.815,-47.5,503,22419.8010562584,65837.9929814933,88257.7940377517,-0.4919473956788797,14090.29843,SELL,0,0,0,-0.326547080849586,-0.5858463807067892,-0.1313253236742237,149340.1570459741,349415.66920148174,-0.4011492229791836,NORMAL_OR_MIXED,NONE,KXBTC15M-26AUG241845-45,78763.73,10.207675166666666,4.792324833333334,78811.53,47.80000000000291,UP,0.2738853503184713,0.7261146496815287,0.7261146496815287,0.2738853503184713,UP,0.7261146496815287,0.94,0.941,0.059,0.06,0.941,-0.2148853503184712,LEAN,NO VALUE,,OLD_SCHEMA,UP,True,DOWN,False,False,False,False,False,False,False
2026-08-24 22:40:43.835909+00:00,78808.905,2.0899999999965075,390,19355.465289696906,5646.9199376206,25002.3852273175,0.5482895022791027,11984.834405358,BUY,0,0,0,-1.2307680846841156,-0.6818822777832512,-1.2272064956603963,97236.4228112554,220208.9584879444,-0.387381713267973,BUY_IMBALANCE,BUY_FLOW_WEAK_FOLLOW_THROUGH,KXBTC15M-26AUG241845-45,78763.73,11.161352933333337,3.8386470666666663,78827.74,64.01000000000931,UP,0.109375,0.890625,0.890625,0.109375,UP,0.890625,0.89,0.9,0.1,0.11,0.9,-0.009375,STRONG,NO VALUE,,OLD_SCHEMA,UP,True,UP,True,True,True,True,False,True,False
2026-08-24 22:41:14.328776+00:00,78819.725,10.820000000006983,545,113777.5252872137,51881.1946110336,165658.7198982473,0.3736376250776219,25626.309141007,BUY,0,0,0,0.879018414608854,3.014848249827958,-0.3248767483232129,267781.3325488264,190352.340360502,0.1690096073851546,NORMAL_OR_MIXED,NONE,KXBTC15M-26AUG241845-45,78763.73,11.161352933333337,3.8386470666666663,78827.74,64.01000000000931,UP,0.109375,0.890625,0.890625,0.109375,UP,0.890625,0.89,0.9,0.1,0.11,0.9,-0.009375,STRONG,NO VALUE,,OLD_SCHEMA,UP,True,UP,True,True,False,False,False,False,False
2026-08-24 22:41:44.105332+00:00,78793.785,-25.94000000000233,471,53763.993343287,45257.9041022038,99021.8974454908,0.0859010931977505,11333.236668271402,BUY,0,0,0,-0.0600561514501564,0.6225772020516288,-0.4104691493480324,200451.0293233425,251315.06019943487,-0.1125893068464313,NORMAL_OR_MIXED,NONE,KXBTC15M-26AUG241845-45,78763.73,12.107705316666664,2.892294683333333,78793.78,30.05000000000291,UP,0.2738853503184713,0.7261146496815287,0.7261146496815287,0.2738853503184713,UP,0.7261146496815287,0.73,0.74,0.26,0.27,0.74,-0.0138853503184712,LEAN,NO VALUE,,OLD_SCHEMA,UP,True,UP,True,True,False,False,False,False,False
2026-08-24 22:42:14.308495+00:00,78797.985,4.19999999999709,432,94076.9949404424,19175.9939701585,113252.98891060088,0.6613600373002861,23638.137,BUY,0,0,0,0.1578945073765909,2.060288204163916,-0.9117284735797628,285055.3502136567,151271.14535841864,0.3066149001101371,BUY_IMBALANCE,BUY_FLOW_WEAK_FOLLOW_THROUGH,KXBTC15M-26AUG241845-45,78763.73,12.107705316666664,2.892294683333333,78793.78,30.05000000000291,UP,0.2738853503184713,0.7261146496815287,0.7261146496815287,0.2738853503184713,UP,0.7261146496815287,0.73,0.74,0.26,0.27,0.74,-0.0138853503184712,LEAN,NO VALUE,,OLD_SCHEMA,UP,True,UP,True,True,True,True,False,True,False
2026-08-24 22:42:43.990984+00:00,78765.905,-32.080000000001746,542,170673.8036236511,183617.1417098454,354290.9453334965,-0.0365330761530206,15919.869711303902,SELL,0,0,0,3.919863571869224,4.598086483069092,2.3668015472923525,97626.93928003752,203240.15070961104,-0.3510294576691893,NORMAL_OR_MIXED,NONE,KXBTC15M-26AUG241845-45,78763.73,13.065735566666666,1.9342644333333328,78741.77,-21.95999999999185,DOWN,0.2406015037593984,0.7593984962406015,0.2406015037593984,0.7593984962406015,DOWN,0.7593984962406015,0.53,0.54,0.46,0.47,0.47,0.2893984962406015,LEAN,IDEAL <=50c / LARGE EDGE,,OLD_SCHEMA,UP,False,DOWN,True,False,False,False,False,False,True
2026-08-24 22:43:13.881892+00:00,78732.025,-33.88000000000466,596,240331.2184526265,100226.617331699,340557.8357843255,0.4113973792388539,39294.8951224396,BUY,0,0,0,3.075194425252279,5.644114387209797,0.6284107001790186,349077.47374150093,423481.7909561944,-0.0963088796091365,ABNORMAL_BUY_PRESSURE,NONE,KXBTC15M-26AUG241845-45,78763.73,13.065735566666666,1.9342644333333328,78741.77,-21.95999999999185,DOWN,0.2406015037593984,0.7593984962406015,0.2406015037593984,0.7593984962406015,DOWN,0.7593984962406015,0.53,0.54,0.46,0.47,0.47,0.2893984962406015,LEAN,IDEAL <=50c / LARGE EDGE,,OLD_SCHEMA,UP,False,UP,False,True,True,False,False,False,True
2026-08-24 22:43:43.851196+00:00,78720.88500000001,-11.139999999984866,480,78164.7940270384,72150.56937393869,150315.3634009771,0.0400107115934405,24070.1776365054,BUY,0,0,0,0.4478372826251798,0.6457133453854632,0.1306769420595891,148780.23902738633,268058.2206040748,-0.286149175587458,NORMAL_OR_MIXED,NONE,KXBTC15M-26AUG241845-45,78763.73,14.01454295,0.98545705,78778.36,14.630000000004657,UP,0.2406015037593984,0.7593984962406015,0.7593984962406015,0.2406015037593984,UP,0.7593984962406015,0.65,0.68,0.32,0.35,0.68,0.0793984962406014,LEAN,SMALL EDGE,,OLD_SCHEMA,UP,True,UP,True,True,False,False,False,False,False
2026-08-24 22:44:13.868480+00:00,78783.455,62.56999999999243,711,462114.7416624986,152191.1443589243,614305.8860214229,0.5045102193482259,65741.95247697001,BUY,0,0,0,6.059170084775645,8.884974745492762,1.6231455971914577,293847.5156280069,290435.0234337854,0.0058404829274909,ABNORMAL_BUY_PRESSURE,NONE,KXBTC15M-26AUG241845-45,78763.73,14.01454295,0.98545705,78778.36,14.630000000004657,UP,0.2406015037593984,0.7593984962406015,0.7593984962406015,0.2406015037593984,UP,0.7593984962406015,0.65,0.68,0.32,0.35,0.68,0.0793984962406014,LEAN,SMALL EDGE,,OLD_SCHEMA,UP,True,UP,True,True,True,False,False,True,True
2026-08-24 22:44:43.850516+00:00,78778.36499999999,-5.09000000001106,425,3104.1159084907,37092.4458302826,40196.5617387733,-0.8455531630459582,14329.429478936,SELL,0,0,0,-0.7736785230071698,-0.7257134917905864,-0.5526603754976412,180496.87430029144,141756.7898691012,0.1202161177314853,SELL_IMBALANCE,NONE,KXBTC15M-26AUG241845-45,78763.73,14.964096916666668,0.0359030833333333,78762.18,-1.5500000000029104,DOWN,0.4285714285714285,0.5714285714285714,0.4285714285714285,0.5714285714285714,DOWN,0.5714285714285714,0.977,0.981,0.019,0.023,0.023,0.5484285714285714,RAW,IDEAL <=50c / LARGE EDGE,,OLD_SCHEMA,UP,False,DOWN,True,False,True,False,False,True,False
2026-08-24 22:45:14.051150+00:00,78773.235,-5.129999999990105,452,41737.9084226368,56560.8788946149,98298.7873172517,-0.150795049222104,15755.660000000002,SELL,0,0,0,-0.2448541144190541,-0.2360714046675839,-0.1687122695135918,287512.7395102951,312853.38549615006,-0.0422086539036207,NORMAL_OR_MIXED,NONE,KXBTC15M-26AUG241845-45,78763.73,14.964096916666668,0.0359030833333333,78762.18,-1.5500000000029104,DOWN,0.4285714285714285,0.5714285714285714,0.4285714285714285,0.5714285714285714,DOWN,0.5714285714285714,0.977,0.981,0.019,0.023,0.023,0.5484285714285714,RAW,IDEAL <=50c / LARGE EDGE,,OLD_SCHEMA,UP,False,DOWN,True,False,False,False,False,False,False
2026-08-24 22:45:44.071343+00:00,78801.795,28.55999999999767,495,156846.657237252,7202.6521925524,164049.3094298044,0.912189179977812,37371.5828564748,BUY,0,0,0,0.3676559522982325,1.226692670149881,-1.0691073329972596,375545.0066850592,16756.645031262604,0.9145726511323508,BUY_IMBALANCE,NONE,KXBTC15M-26AUG241900-00,78779.89,0.9199982666666668,14.080001733333336,78795.12,15.229999999995924,UP,0.4285714285714285,0.5714285714285714,0.5714285714285714,0.4285714285714285,UP,0.5714285714285714,0.53,0.54,0.46,0.47,0.54,0.0314285714285713,RAW,SMALL EDGE,,OLD_SCHEMA,DOWN,False,UP,True,False,True,False,False,True,False
2026-08-24 22:46:13.886193+00:00,78772.505,-29.2899999999936,571,143895.9324435867,76111.2212065929,220007.1536501796,0.3081023053676439,19218.4562771093,BUY,0,0,0,0.8449041558456416,1.0062042760249528,0.264695522483294,85806.21788461042,189019.69059016707,-0.3755594706422273,NORMAL_OR_MIXED,NONE,KXBTC15M-26AUG241900-00,78779.89,0.9199982666666668,14.080001733333336,78795.12,15.229999999995924,UP,0.4285714285714285,0.5714285714285714,0.5714285714285714,0.4285714285714285,UP,0.5714285714285714,0.53,0.54,0.46,0.47,0.54,0.0314285714285713,RAW,SMALL EDGE,,OLD_SCHEMA,DOWN,False,UP,True,False,False,False,False,False,False
2026-08-24 22:46:43.848681+00:00,78781.305,8.799999999988358,442,8877.0699080898,43690.0763231604,52567.1462312502,-0.6622578722824963,15756.54,SELL,0,0,0,-0.6748113473964871,-0.7044144819081143,-0.3608646147727453,91801.4431477193,125479.71423729512,-0.1549985810775995,SELL_IMBALANCE,SELL_FLOW_ABSORBED_OR_REVERSED,KXBTC15M-26AUG241900-00,78779.89,1.8710400333333328,13.128959966666669,78781.31,1.4199999999982538,UP,0.4285714285714285,0.5714285714285714,0.5714285714285714,0.4285714285714285,UP,0.5714285714285714,0.51,0.52,0.48,0.49,0.52,0.0514285714285713,RAW,SMALL EDGE,,OLD_SCHEMA,DOWN,False,DOWN,False,True,True,True,False,True,False
2026-08-24 22:47:13.916513+00:00,78777.975,-3.3299999999871943,497,44717.6816509652,70302.2360480084,115019.9176989736,-0.2224358607524157,37594.141339573,SELL,0,0,0,-0.0723966924615682,-0.2430671646139881,0.2517799998190513,283483.0957855808,104197.3698826672,0.4624574663411975,NORMAL_OR_MIXED,NONE,KXBTC15M-26AUG241900-00,78779.89,1.8710400333333328,13.128959966666669,78781.31,1.4199999999982538,UP,0.4285714285714285,0.5714285714285714,0.5714285714285714,0.4285714285714285,UP,0.5714285714285714,0.51,0.52,0.48,0.49,0.52,0.0514285714285713,RAW,SMALL EDGE,,OLD_SCHEMA,DOWN,False,DOWN,False,True,False,False,False,False,False
2026-08-24 22:47:43.887515+00:00,78799.965,21.989999999990687,451,18849.0778220461,537.1608095331001,19386.2386315792,0.9445832871717476,3341.9233396359,BUY,0,0,0,-0.9388252356097344,-0.5717720999113765,-1.2298916429259874,299054.6029347034,128489.3680349049,0.3989419720104603,BUY_IMBALANCE,NONE,KXBTC15M-26AUG241900-00,78779.89,2.8233861166666667,12.176613883333332,78799.97,20.080000000001743,UP,0.4285714285714285,0.5714285714285714,0.5714285714285714,0.4285714285714285,UP,0.5714285714285714,0.58,0.59,0.41,0.42,0.59,-0.0185714285714285,RAW,NO VALUE,,OLD_SCHEMA,DOWN,False,UP,True,False,True,False,False,True,False
2026-08-24 22:48:13.920810+00:00,78803.63500000001,3.6700000000128057,521,53670.790855516105,29678.4981637722,83349.2890192883,0.2878523977114156,15076.255340950102,BUY,0,0,0,-0.3452747504505728,-0.1306812098415905,-0.5910936114117319,322913.4080917537,87946.61046459709,0.5718901499658335,NORMAL_OR_MIXED,NONE,KXBTC15M-26AUG241900-00,78779.89,2.8233861166666667,12.176613883333332,78799.97,20.080000000001743,UP,0.4285714285714285,0.5714285714285714,0.5714285714285714,0.4285714285714285,UP,0.5714285714285714,0.58,0.59,0.41,0.42,0.59,-0.0185714285714285,RAW,NO VALUE,,OLD_SCHEMA,DOWN,False,UP,True,False,False,False,False,False,False
2026-08-24 22:48:44.037375+00:00,78792.285,-11.35000000000582,429,13349.9603570524,53393.4480384856,66743.408395538,-0.5999616837684638,15759.820000000002,SELL,0,0,0,-0.4750624775423058,-0.6407398179991489,-0.0224496557815029,82196.15163183461,171386.4242784781,-0.3517208243763104,SELL_IMBALANCE,NONE,KXBTC15M-26AUG241900-00,78779.89,3.768442466666667,11.231557533333334,78800.12,20.229999999995925,UP,0.4285714285714285,0.5714285714285714,0.5714285714285714,0.4285714285714285,UP,0.5714285714285714,0.59,0.6,0.4,0.41,0.6,-0.0285714285714285,RAW,NO VALUE,,OLD_SCHEMA,DOWN,False,DOWN,False,True,True,False,False,True,False
2026-08-24 22:49:13.895845+00:00,78787.525,-4.760000000009313,501,80928.4239354464,20120.1503890364,101048.5743244828,0.6017727014252088,14004.6536736535,BUY,0,0,0,-0.1608770327019785,0.1931815881585745,-0.7580477929238127,191371.5407105413,329530.0911418889,-0.265229636428721,BUY_IMBALANCE,BUY_FLOW_ABSORBED_OR_REVERSED,KXBTC15M-26AUG241900-00,78779.89,3.768442466666667,11.231557533333334,78800.12,20.229999999995925,UP,0.4285714285714285,0.5714285714285714,0.5714285714285714,0.4285714285714285,UP,0.5714285714285714,0.59,0.6,0.4,0.41,0.6,-0.0285714285714285,RAW,NO VALUE,,OLD_SCHEMA,DOWN,False,UP,True,False,True,True,False,True,False
2026-08-24 22:49:43.894607+00:00,78796.155,8.630000000004657,515,88131.2931917375,134759.1586095071,222890.4518012446,-0.2091963340778209,24907.3300793134,BUY,0,0,0,0.9217891366993076,0.264739599090075,1.81975125946616,156639.1107077951,213528.65602794744,-0.1536858431025005,NORMAL_OR_MIXED,NONE,KXBTC15M-26AUG241900-00,78779.89,4.72012825,10.279871750000002,78796.16,16.270000000004075,UP,0.3934426229508196,0.6065573770491803,0.6065573770491803,0.3934426229508196,UP,0.6065573770491803,0.43,0.44,0.56,0.57,0.44,0.1665573770491803,RAW,ATTRACTIVE <=50c,,OLD_SCHEMA,DOWN,False,DOWN,False,True,False,False,False,False,False
2026-08-24 22:50:13.986498+00:00,78810.305,14.14999999999418,569,63490.0223714639,15818.0947369677,79308.1171084316,0.601097710708706,14002.9298500845,BUY,0,0,0,-0.3990257402180872,-0.0647694907132589,-0.8516994561764019,218688.33089617072,132368.05687615855,0.2458872050947936,BUY_IMBALANCE,NONE,KXBTC15M-26AUG241900-00,78779.89,5.6647814,9.3352186,78810.98,31.089999999996508,UP,0.2406015037593984,0.7593984962406015,0.7593984962406015,0.2406015037593984,UP,0.7593984962406015,0.64,0.65,0.35,0.36,0.65,0.1093984962406015,LEAN,POSITIVE EDGE,,OLD_SCHEMA,DOWN,False,UP,True,False,True,False,False,True,False
2026-08-24 22:50:44.321742+00:00,78810.975,0.6700000000128057,496,13554.2216067757,4635.0690944655,18189.2907012412,0.4903518591685147,3751.530543726,BUY,0,0,0,-0.9459310252445384,-0.6968379343416842,-1.0706833221238177,94750.0036072392,152874.8632951255,-0.2347294939114665,NORMAL_OR_MIXED,NONE,KXBTC15M-26AUG241900-00,78779.89,5.6647814,9.3352186,78810.98,31.089999999996508,UP,0.2406015037593984,0.7593984962406015,0.7593984962406015,0.2406015037593984,UP,0.7593984962406015,0.64,0.65,0.35,0.36,0.65,0.1093984962406015,LEAN,POSITIVE EDGE,,OLD_SCHEMA,DOWN,False,UP,True,False,False,False,False,False,False
2026-08-24 22:51:13.836808+00:00,78785.965,-25.010000000009317,459,25131.9772471973,34203.090048352205,59335.06729554951,-0.1528794558531712,7999.9988868360015,SELL,0,0,0,-0.5725248989731982,-0.5492186171425978,-0.4305161670889294,173470.75886905528,220588.46287514645,-0.1195701087708004,NORMAL_OR_MIXED,NONE,KXBTC15M-26AUG241900-00,78779.89,6.615864516666666,8.384135483333333,78793.8,13.910000000003492,UP,0.4285714285714285,0.5714285714285714,0.5714285714285714,0.4285714285714285,UP,0.5714285714285714,0.58,0.59,0.41,0.42,0.59,-0.0185714285714285,RAW,NO VALUE,,OLD_SCHEMA,DOWN,False,DOWN,False,True,False,False,False,False,False
2026-08-24 22:51:43.944313+00:00,78789.655,3.690000000002328,394,4313.1782543381,107934.0907875614,112247.26904189948,-0.9231486290730496,45804.733731484,SELL,0,0,0,-0.0895273814572291,-0.7999991991704,1.154781267189214,132544.02670575937,140946.11770443208,-0.0307217322832332,SELL_IMBALANCE,SELL_FLOW_ABSORBED_OR_REVERSED,KXBTC15M-26AUG241900-00,78779.89,6.615864516666666,8.384135483333333,78793.8,13.910000000003492,UP,0.4285714285714285,0.5714285714285714,0.5714285714285714,0.4285714285714285,UP,0.5714285714285714,0.58,0.59,0.41,0.42,0.59,-0.0185714285714285,RAW,NO VALUE,,OLD_SCHEMA,DOWN,False,DOWN,False,True,True,True,False,True,False
2026-08-24 22:52:13.869949+00:00,78739.92499999999,-49.73000000001048,491,23372.180447585,66028.3734556223,89400.5539032073,-0.4771356680208106,8385.7851460755,SELL,0,0,0,-0.3052721377131906,-0.5492432535648613,0.2152053969872925,110898.7515714226,252538.65965774827,-0.3897229721268638,NORMAL_OR_MIXED,NONE,KXBTC15M-26AUG241900-00,78779.89,7.5614412,7.4385588,78757.65,-22.24000000000524,DOWN,0.4090909090909091,0.5909090909090908,0.4090909090909091,0.5909090909090908,DOWN,0.5909090909090908,0.41,0.42,0.58,0.59,0.59,0.0009090909090908,RAW,SMALL EDGE,,OLD_SCHEMA,DOWN,True,DOWN,True,True,False,False,False,False,False
2026-08-24 22:52:43.890180+00:00,78763.725,23.800000000017462,493,14055.3943197197,11061.958983485902,25117.3533032056,0.1191779762819103,3150.3584000000005,SELL,0,0,0,-0.8651682129816599,-0.6468615404237468,-0.9430745640450467,125706.854636591,172402.73707262691,-0.1566399865509327,NORMAL_OR_MIXED,NONE,KXBTC15M-26AUG241900-00,78779.89,7.5614412,7.4385588,78757.65,-22.24000000000524,DOWN,0.4090909090909091,0.5909090909090908,0.4090909090909091,0.5909090909090908,DOWN,0.5909090909090908,0.41,0.42,0.58,0.59,0.59,0.0009090909090908,RAW,SMALL EDGE,,OLD_SCHEMA,DOWN,True,UP,False,False,False,False,False,False,False
2026-08-24 22:53:13.860128+00:00,78806.10500000001,42.38000000000466,502,8523.1319970481,3310.8317596874,11833.9637567355,0.4404526111882023,3150.708,BUY,0,0,0,-0.9847399998265152,-0.71220238280565,-1.117618429614844,185320.0509224484,152405.68901041284,0.0974588490607166,NORMAL_OR_MIXED,NONE,KXBTC15M-26AUG241900-00,78779.89,8.512021516666668,6.487978483333333,78832.41,52.52000000000408,UP,0.3652173913043478,0.6347826086956522,0.6347826086956522,0.3652173913043478,UP,0.6347826086956522,0.6,0.61,0.39,0.4,0.61,0.0247826086956521,RAW,SMALL EDGE,,OLD_SCHEMA,DOWN,False,UP,True,False,False,False,False,False,False
2026-08-24 22:53:43.864274+00:00,78830.955,24.84999999999127,652,13357.0565527447,80081.7039594355,93438.7605121802,-0.7141003052795516,47340.7074671286,SELL,0,0,0,-0.2268383469822001,-0.6472714530460585,0.5830027792427225,69144.3899486073,143412.49026326742,-0.3494034172906111,SELL_IMBALANCE,SELL_FLOW_ABSORBED_OR_REVERSED,KXBTC15M-26AUG241900-00,78779.89,8.512021516666668,6.487978483333333,78832.41,52.52000000000408,UP,0.3652173913043478,0.6347826086956522,0.6347826086956522,0.3652173913043478,UP,0.6347826086956522,0.6,0.61,0.39,0.4,0.61,0.0247826086956521,RAW,SMALL EDGE,,OLD_SCHEMA,DOWN,False,DOWN,False,True,True,True,False,True,False
2026-08-24 22:54:13.853696+00:00,78783.985,-46.97000000000117,518,67237.22077155,13589.7543994379,80826.97517098789,0.6637322039903377,5563.5915246096,BUY,0,0,0,-0.3570991565179404,0.0100919717469588,-0.8895338396018825,133561.5864377479,148513.28944801338,-0.0530061493896423,BUY_IMBALANCE,BUY_FLOW_ABSORBED_OR_REVERSED,KXBTC15M-26AUG241900-00,78779.89,9.461361883333332,5.538638116666666,78783.99,4.100000000005821,UP,0.3934426229508196,0.6065573770491803,0.6065573770491803,0.3934426229508196,UP,0.6065573770491803,0.55,0.56,0.44,0.45,0.56,0.0465573770491802,RAW,SMALL EDGE,,OLD_SCHEMA,DOWN,False,UP,True,False,True,True,False,True,False
2026-08-24 22:54:43.934666+00:00,78793.225,9.24000000000524,399,13970.3086559397,11811.4195343588,25781.728190298498,0.0837371764082625,3272.8268112306005,BUY,0,0,0,-0.8610869274030887,-0.6575892820807915,-0.9329761653575824,67966.97929193049,162893.49171792628,-0.411185648243535,NORMAL_OR_MIXED,NONE,KXBTC15M-26AUG241900-00,78779.89,9.461361883333332,5.538638116666666,78783.99,4.100000000005821,UP,0.3934426229508196,0.6065573770491803,0.6065573770491803,0.3934426229508196,UP,0.6065573770491803,0.55,0.56,0.44,0.45,0.56,0.0465573770491802,RAW,SMALL EDGE,,OLD_SCHEMA,DOWN,False,UP,True,False,False,False,False,False,False
2026-08-24 22:55:13.910228+00:00,78759.255,-33.970000000001164,555,13527.8268392736,20434.5437456616,33962.3705849352,-0.2033638049239012,3914.7897022594,BUY,0,0,0,-0.745002434611391,-0.6463934616970601,-0.7142710629035345,221412.7532588893,259172.3254800612,-0.0785700053781373,NORMAL_OR_MIXED,NONE,KXBTC15M-26AUG241900-00,78779.89,10.413247166666668,4.586752833333334,78749.45,-30.44000000000233,DOWN,0.3934426229508196,0.6065573770491803,0.3934426229508196,0.6065573770491803,DOWN,0.6065573770491803,0.36,0.37,0.63,0.64,0.64,-0.0334426229508196,RAW,NO VALUE,,OLD_SCHEMA,DOWN,True,DOWN,True,True,False,False,False,False,False
2026-08-24 22:55:43.952613+00:00,78726.67499999999,-32.5800000000163,457,19350.0208220871,16887.6254768817,36237.6462989688,0.0679513046981605,4040.608604972801,SELL,0,0,0,-0.7015517875608513,-0.5575567488877038,-0.7733696015192647,379448.5210738275,181987.1808475316,0.3517078439268091,NORMAL_OR_MIXED,NONE,KXBTC15M-26AUG241900-00,78779.89,10.413247166666668,4.586752833333334,78749.45,-30.44000000000233,DOWN,0.3934426229508196,0.6065573770491803,0.3934426229508196,0.6065573770491803,DOWN,0.6065573770491803,0.36,0.37,0.63,0.64,0.64,-0.0334426229508196,RAW,NO VALUE,,OLD_SCHEMA,DOWN,True,UP,False,False,False,False,False,False,False
2026-08-24 22:56:13.990184+00:00,78725.64499999999,-1.0299999999988358,648,36117.4206153313,128145.7475064958,164263.16812182713,-0.5602493117806601,20334.783758261703,SELL,0,0,0,0.4704424482461861,-0.3268402165427986,1.8666431807146056,229649.98223653965,243908.74700673783,-0.0301098129750093,SELL_IMBALANCE,SELL_FLOW_WEAK_FOLLOW_THROUGH,KXBTC15M-26AUG241900-00,78779.89,11.367519883333332,3.632480116666666,78711.83,-68.05999999999767,DOWN,0.1981132075471698,0.8018867924528301,0.1981132075471698,0.8018867924528301,DOWN,0.8018867924528301,0.14,0.15,0.85,0.86,0.86,-0.0581132075471698,STRONG,NO VALUE,,OLD_SCHEMA,DOWN,True,DOWN,True,True,True,True,False,True,False
2026-08-24 22:56:43.968478+00:00,78727.205,1.5600000000122236,485,39389.3832595233,4470.8066316048,43860.1898911281,0.7961337311715954,9897.1483503954,BUY,0,0,0,-0.6179583321760055,-0.2879677710669137,-1.0319970027003045,201208.9798490341,240261.4413998176,-0.0884599730154289,BUY_IMBALANCE,BUY_FLOW_WEAK_FOLLOW_THROUGH,KXBTC15M-26AUG241900-00,78779.89,11.367519883333332,3.632480116666666,78711.83,-68.05999999999767,DOWN,0.1981132075471698,0.8018867924528301,0.1981132075471698,0.8018867924528301,DOWN,0.8018867924528301,0.14,0.15,0.85,0.86,0.86,-0.0581132075471698,STRONG,NO VALUE,,OLD_SCHEMA,DOWN,True,UP,False,False,True,True,False,True,False
2026-08-24 22:57:13.889587+00:00,78738.495,11.289999999993595,511,44651.841168782696,21671.1787298881,66323.0198986708,0.3464960201451134,6297.503199999999,BUY,0,0,0,-0.4153876940706164,-0.2286395043431337,-0.6245442799703854,235876.7178843365,93114.60289350552,0.4339388487614054,NORMAL_OR_MIXED,NONE,KXBTC15M-26AUG241900-00,78779.89,12.31480165,2.68519835,78738.5,-41.38999999999942,DOWN,0.109375,0.890625,0.109375,0.890625,DOWN,0.890625,0.12,0.13,0.87,0.88,0.88,0.0106249999999999,STRONG,SMALL EDGE,,OLD_SCHEMA,DOWN,True,UP,False,False,False,False,False,False,False
2026-08-24 22:57:43.895937+00:00,78731.64499999999,-6.850000000005821,428,16595.3579116499,22459.8371854978,39055.1950971477,-0.1501587499245701,3865.2111208052,BUY,0,0,0,-0.6735458448371009,-0.5843288270049515,-0.6200942969589829,153044.58676126043,73513.14418883501,0.3510427220421979,NORMAL_OR_MIXED,NONE,KXBTC15M-26AUG241900-00,78779.89,12.31480165,2.68519835,78738.5,-41.38999999999942,DOWN,0.109375,0.890625,0.109375,0.890625,DOWN,0.890625,0.12,0.13,0.87,0.88,0.88,0.0106249999999999,STRONG,SMALL EDGE,,OLD_SCHEMA,DOWN,True,DOWN,True,True,False,False,False,False,False
2026-08-24 22:58:13.854865+00:00,78725.64499999999,-6.0,470,4517.1710622462,7384.182479530501,11901.353541776702,-0.2408979287288946,1968.6665000000005,SELL,0,0,0,-0.8814574804559923,-0.705008809403906,-0.925873480742878,150867.21019492403,193677.3958892648,-0.1242515045610093,NORMAL_OR_MIXED,NONE,KXBTC15M-26AUG241900-00,78779.89,13.26293795,1.73706205,78730.93,-48.9600000000064,DOWN,0.0119047619047619,0.988095238095238,0.0119047619047619,0.988095238095238,DOWN,0.988095238095238,0.088,0.089,0.911,0.912,0.912,0.0760952380952381,LOCK,SMALL EDGE,,OLD_SCHEMA,DOWN,True,DOWN,True,True,False,False,False,False,False
2026-08-24 22:58:43.905418+00:00,78735.155,9.510000000009311,493,46748.1915963917,9776.934669838,56525.126266229694,0.6540676574948541,6298.668000000001,BUY,0,0,0,-0.4623812657045866,-0.1737919650542639,-0.8520889752469762,159671.2278598577,92495.7828559083,0.2663926768742453,BUY_IMBALANCE,NONE,KXBTC15M-26AUG241900-00,78779.89,13.26293795,1.73706205,78730.93,-48.9600000000064,DOWN,0.0119047619047619,0.988095238095238,0.0119047619047619,0.988095238095238,DOWN,0.988095238095238,0.088,0.089,0.911,0.912,0.912,0.0760952380952381,LOCK,SMALL EDGE,,OLD_SCHEMA,DOWN,True,UP,False,False,True,False,False,True,False
2026-08-24 22:59:13.896618+00:00,78728.745,-6.4100000000034925,407,6820.0279886219,5660.4079411022,12480.4359297241,0.0929150274917788,4323.833574481,SELL,0,0,0,-0.8443484900630868,-0.6610389074809521,-0.9145784811874108,66582.370803561,124292.5875538374,-0.3023456677969173,NORMAL_OR_MIXED,NONE,KXBTC15M-26AUG241900-00,78779.89,14.211119016666666,0.7888809833333333,78728.75,-51.13999999999942,DOWN,0.0119047619047619,0.988095238095238,0.0119047619047619,0.988095238095238,DOWN,0.988095238095238,0.023,0.024,0.976,0.977,0.977,0.0110952380952381,LOCK,SMALL EDGE,,OLD_SCHEMA,DOWN,True,UP,False,False,False,False,False,False,False
2026-08-24 22:59:43.878552+00:00,78734.61499999999,5.869999999995343,453,8348.3005172826,5515.2364254965,13863.5369427791,0.2043536294871502,2108.9155535604,BUY,0,0,0,-0.8246429229024985,-0.6342270041473951,-0.9172951499155534,223618.69248548464,83667.00496879319,0.4554448471768373,NORMAL_OR_MIXED,NONE,KXBTC15M-26AUG241900-00,78779.89,14.211119016666666,0.7888809833333333,78728.75,-51.13999999999942,DOWN,0.0119047619047619,0.988095238095238,0.0119047619047619,0.988095238095238,DOWN,0.988095238095238,0.023,0.024,0.976,0.977,0.977,0.0110952380952381,LOCK,SMALL EDGE,,OLD_SCHEMA,DOWN,True,UP,False,False,False,False,False,False,False
2026-08-24 23:00:13.855650+00:00,78758.955,24.34000000001106,397,28219.974941462497,6702.9537245292,34922.9286659917,0.616128773812913,6298.7696,BUY,0,0,0,-0.6164625234911227,-0.3811484268751874,-0.8582675646199254,132629.18786862522,136736.49883064197,-0.0152480852789626,BUY_IMBALANCE,NONE,KXBTC15M-26AUG241915-15,78730.67,0.6854081666666667,14.314591833333331,78757.19,26.520000000004075,UP,0.4336734693877551,0.5663265306122449,0.5663265306122449,0.4336734693877551,UP,0.5663265306122449,0.59,0.6,0.4,0.41,0.6,-0.033673469387755,RAW,NO VALUE,,OLD_SCHEMA,DOWN,False,UP,True,False,True,False,False,True,False
2026-08-24 23:00:43.922778+00:00,78757.185,-1.7700000000040743,637,10839.5740505454,15583.1797015054,26422.7537520508,-0.1795273004272624,3150.3188,SELL,0,0,0,-0.6763517710784296,-0.5931245566811917,-0.6247666092411975,94304.6362238192,134131.32184485014,-0.1743450810360546,NORMAL_OR_MIXED,NONE,KXBTC15M-26AUG241915-15,78730.67,0.6854081666666667,14.314591833333331,78757.19,26.520000000004075,UP,0.4336734693877551,0.5663265306122449,0.5663265306122449,0.4336734693877551,UP,0.5663265306122449,0.59,0.6,0.4,0.41,0.6,-0.033673469387755,RAW,NO VALUE,,OLD_SCHEMA,DOWN,False,DOWN,False,True,False,False,False,False,False
2026-08-24 23:01:14.278813+00:00,78696.08499999999,-61.10000000000582,503,31600.924897403,41147.7856837472,72748.7105811502,-0.1312306528882708,8991.3406927462,SELL,0,0,0,-0.2721567622297429,-0.339295536454434,-0.0670560868063056,86300.86985864991,173023.12902601314,-0.3344166353301293,NORMAL_OR_MIXED,NONE,KXBTC15M-26AUG241915-15,78730.67,1.637216716666667,13.362783283333332,78712.61,-18.05999999999767,DOWN,0.4336734693877551,0.5663265306122449,0.4336734693877551,0.5663265306122449,DOWN,0.5663265306122449,0.39,0.4,0.6,0.61,0.61,-0.043673469387755,RAW,NO VALUE,,OLD_SCHEMA,DOWN,True,DOWN,True,True,False,False,False,False,False
2026-08-24 23:01:44.344239+00:00,78693.64499999999,-2.4400000000023283,519,104621.7628811795,182345.1961379208,286966.9590191003,-0.2708445373725694,24611.5807783527,SELL,0,0,0,1.6240314925708927,0.56869906225382,3.0645726358197654,252098.9592893381,142902.02700545563,0.2764472395579983,NORMAL_OR_MIXED,NONE,KXBTC15M-26AUG241915-15,78730.67,1.637216716666667,13.362783283333332,78712.61,-18.05999999999767,DOWN,0.4336734693877551,0.5663265306122449,0.4336734693877551,0.5663265306122449,DOWN,0.5663265306122449,0.39,0.4,0.6,0.61,0.61,-0.043673469387755,RAW,NO VALUE,,OLD_SCHEMA,DOWN,True,DOWN,True,True,False,False,False,False,False
2026-08-24 23:02:14.282561+00:00,78678.725,-14.919999999983702,462,9979.3709117811,25466.7568448532,35446.1277566343,-0.4369274421004532,8624.087528,SELL,0,0,0,-0.6015355027699085,-0.5908533995324006,-0.4367091584038886,293637.5228043779,99989.49080942207,0.4919581870591586,NORMAL_OR_MIXED,NONE,KXBTC15M-26AUG241915-15,78730.67,2.59211325,12.40788675,78662.59,-68.08000000000175,DOWN,0.3934426229508196,0.6065573770491803,0.3934426229508196,0.6065573770491803,DOWN,0.6065573770491803,0.36,0.37,0.63,0.64,0.64,-0.0334426229508196,RAW,NO VALUE,,OLD_SCHEMA,DOWN,True,DOWN,True,True,False,False,False,False,False
2026-08-24 23:02:43.950437+00:00,78644.725,-34.0,479,10789.769734189,99436.2040886604,110225.9738228494,-0.8042245514377605,34130.41465034,SELL,0,0,0,0.0497917902224145,-0.5547102348246197,1.0388402966739343,99265.8531506626,120993.7403956428,-0.0986467236007694,SELL_IMBALANCE,NONE,KXBTC15M-26AUG241915-15,78730.67,2.59211325,12.40788675,78662.59,-68.08000000000175,DOWN,0.3934426229508196,0.6065573770491803,0.3934426229508196,0.6065573770491803,DOWN,0.6065573770491803,0.36,0.37,0.63,0.64,0.64,-0.0334426229508196,RAW,NO VALUE,,OLD_SCHEMA,DOWN,True,DOWN,True,True,True,False,False,True,False
2026-08-24 23:03:13.890244+00:00,78627.755,-16.970000000001164,462,51112.1738997744,128937.9335740493,180050.1074738237,-0.4322450053832345,22679.708440374703,BUY,0,0,0,0.7350331499158761,-0.0213329039128321,1.8232631468781388,272025.5548927219,130260.9064577124,0.3523972642756112,NORMAL_OR_MIXED,NONE,KXBTC15M-26AUG241915-15,78730.67,3.540338683333333,11.459661316666669,78678.32,-52.34999999999127,DOWN,0.4285714285714285,0.5714285714285714,0.4285714285714285,0.5714285714285714,DOWN,0.5714285714285714,0.27,0.28,0.72,0.73,0.73,-0.1585714285714285,RAW,NO VALUE,,OLD_SCHEMA,DOWN,True,DOWN,True,True,False,False,False,False,False
2026-08-24 23:03:43.926130+00:00,78682.795,55.0399999999936,555,83208.1579174004,40391.700165336,123599.8580827364,0.3464118682353464,11622.527032341,BUY,0,0,0,0.279179760721377,0.4646190683462853,-0.1218945518874157,426730.9259368163,70333.0432716915,0.7170060691235165,NORMAL_OR_MIXED,NONE,KXBTC15M-26AUG241915-15,78730.67,3.540338683333333,11.459661316666669,78678.32,-52.34999999999127,DOWN,0.4285714285714285,0.5714285714285714,0.4285714285714285,0.5714285714285714,DOWN,0.5714285714285714,0.27,0.28,0.72,0.73,0.73,-0.1585714285714285,RAW,NO VALUE,,OLD_SCHEMA,DOWN,True,UP,False,False,False,False,False,False,False
2026-08-24 23:04:13.856190+00:00,78741.015,58.22000000000117,549,49900.2485123328,3235.2191485581,53135.4676608909,0.8782275082547432,11875.3857424491,BUY,0,0,0,-0.3851213938695778,0.0219438872718878,-0.900831876589638,436942.3770993897,68852.9713480058,0.7277437542304058,BUY_IMBALANCE,NONE,KXBTC15M-26AUG241915-15,78730.67,4.487577849999999,10.51242215,78718.16,-12.50999999999476,DOWN,0.4336734693877551,0.5663265306122449,0.4336734693877551,0.5663265306122449,DOWN,0.5663265306122449,0.53,0.54,0.46,0.47,0.47,0.0963265306122449,RAW,SMALL EDGE,,OLD_SCHEMA,DOWN,True,UP,False,False,True,False,False,True,False
2026-08-24 23:04:43.901414+00:00,78750.535,9.520000000004076,546,36177.742390955405,280069.4314175844,316247.1738085398,-0.7712059086235005,52360.3134313035,SELL,0,0,0,3.7062380592107926,-0.0483189145424851,5.43310654995974,571776.9435662611,75778.7753503029,0.7659544248112282,ABNORMAL_SELL_PRESSURE,SELL_FLOW_ABSORBED_OR_REVERSED,KXBTC15M-26AUG241915-15,78730.67,4.487577849999999,10.51242215,78718.16,-12.50999999999476,DOWN,0.4336734693877551,0.5663265306122449,0.4336734693877551,0.5663265306122449,DOWN,0.5663265306122449,0.53,0.54,0.46,0.47,0.47,0.0963265306122449,RAW,SMALL EDGE,,OLD_SCHEMA,DOWN,True,DOWN,True,True,True,True,False,True,True
2026-08-24 23:05:14.368146+00:00,78708.705,-41.83000000000175,452,6731.0909293121,17418.240309167802,24149.331238479903,-0.4425443203506455,6001.342706480001,SELL,0,0,0,-0.8479505086054981,-0.89060013294461,-0.5256258363125325,90687.25361048042,126072.05995657555,-0.1632446872237793,NORMAL_OR_MIXED,NONE,KXBTC15M-26AUG241915-15,78730.67,5.4398078,9.5601922,78708.46,-22.20999999999185,DOWN,0.4285714285714285,0.5714285714285714,0.4285714285714285,0.5714285714285714,DOWN,0.5714285714285714,0.45,0.46,0.54,0.55,0.55,0.0214285714285713,RAW,SMALL EDGE,,OLD_SCHEMA,DOWN,True,DOWN,True,True,False,False,False,False,False
2026-08-24 23:05:44.111834+00:00,78738.515,29.80999999999767,457,46821.3098785404,27213.642377912503,74034.9522564529,0.2648433868466348,11524.353061344002,SELL,0,0,0,-0.1423028992120182,0.2460436073225101,-0.3373753357177638,753105.5670920783,42805.4847105275,0.8924365113071865,NORMAL_OR_MIXED,NONE,KXBTC15M-26AUG241915-15,78730.67,5.4398078,9.5601922,78708.46,-22.20999999999185,DOWN,0.4285714285714285,0.5714285714285714,0.4285714285714285,0.5714285714285714,DOWN,0.5714285714285714,0.45,0.46,0.54,0.55,0.55,0.0214285714285713,RAW,SMALL EDGE,,OLD_SCHEMA,DOWN,True,UP,False,False,False,False,False,False,False
2026-08-24 23:06:13.896813+00:00,78720.785,-17.729999999995925,491,33593.0810460334,95465.2211275179,129058.30217355127,-0.4794123201642764,44739.8785301591,SELL,0,0,0,0.6405153061507193,-0.0498678677601246,0.8402792823947439,731433.1558725369,30422.28238197759,0.920136338590224,NORMAL_OR_MIXED,NONE,KXBTC15M-26AUG241915-15,78730.67,6.390528383333334,8.609471616666667,78730.49,-0.179999999993015,DOWN,0.4336734693877551,0.5663265306122449,0.4336734693877551,0.5663265306122449,DOWN,0.5663265306122449,0.49,0.5,0.5,0.51,0.51,0.0563265306122449,RAW,SMALL EDGE,,OLD_SCHEMA,DOWN,True,DOWN,True,True,False,False,False,False,False
2026-08-24 23:06:43.897397+00:00,78722.705,1.9199999999982535,407,4539.1093019515,72909.0635714801,77448.1728734316,-0.882783308281024,16552.234902,SELL,0,0,0,-0.037158425790833,-1.0872690296997594,0.4368325408262639,408806.2941695328,102175.1819939439,0.6000826379809695,SELL_IMBALANCE,SELL_FLOW_ABSORBED_OR_REVERSED,KXBTC15M-26AUG241915-15,78730.67,6.390528383333334,8.609471616666667,78730.49,-0.179999999993015,DOWN,0.4336734693877551,0.5663265306122449,0.4336734693877551,0.5663265306122449,DOWN,0.5663265306122449,0.49,0.5,0.5,0.51,0.51,0.0563265306122449,RAW,SMALL EDGE,,OLD_SCHEMA,DOWN,True,DOWN,True,True,True,True,False,True,False
2026-08-24 23:07:13.871348+00:00,78719.485,-3.220000000001164,476,6846.3216795404005,13593.3790331911,20439.7007127315,-0.3300957019125082,3809.8465336826,SELL,0,0,0,-0.8621785919687638,-0.9887487760357728,-0.6010599141478195,325505.5583724686,74301.86691970812,0.6283117209971336,NORMAL_OR_MIXED,NONE,KXBTC15M-26AUG241915-15,78730.67,7.340875550000001,7.659124449999999,78719.48,-11.190000000002328,DOWN,0.4336734693877551,0.5663265306122449,0.4336734693877551,0.5663265306122449,DOWN,0.5663265306122449,0.45,0.46,0.54,0.55,0.55,0.0163265306122448,RAW,SMALL EDGE,,OLD_SCHEMA,DOWN,True,DOWN,True,True,False,False,False,False,False
2026-08-24 23:07:43.942573+00:00,78723.195,3.710000000006403,497,60835.839356244,34035.7911198113,94871.6304760553,0.2824874844245117,10377.561198216,SELL,0,0,0,0.2357788627600787,1.1379026683881437,-0.2230246112499497,71936.16584089692,137293.62037359155,-0.3123716547016614,NORMAL_OR_MIXED,NONE,KXBTC15M-26AUG241915-15,78730.67,7.340875550000001,7.659124449999999,78719.48,-11.190000000002328,DOWN,0.4336734693877551,0.5663265306122449,0.4336734693877551,0.5663265306122449,DOWN,0.5663265306122449,0.45,0.46,0.54,0.55,0.55,0.0163265306122448,RAW,SMALL EDGE,,OLD_SCHEMA,DOWN,True,UP,False,False,False,False,False,False,False
2026-08-24 23:08:13.899023+00:00,78720.275,-2.9200000000128057,441,93942.1036663863,11114.1865013192,105056.2901677055,0.7884146397407107,12595.1248,BUY,0,0,0,0.3569136805678416,2.344876619348445,-0.6371047740692126,750243.5002805869,70417.4834726726,0.8283883726246588,BUY_IMBALANCE,BUY_FLOW_ABSORBED_OR_REVERSED,KXBTC15M-26AUG241915-15,78730.67,8.288578466666667,6.711421533333334,78720.28,-10.389999999999418,DOWN,0.4336734693877551,0.5663265306122449,0.4336734693877551,0.5663265306122449,DOWN,0.5663265306122449,0.42,0.43,0.57,0.58,0.58,-0.013673469387755,RAW,NO VALUE,,OLD_SCHEMA,DOWN,True,UP,False,False,True,True,False,True,False
2026-08-24 23:08:44.388602+00:00,78765.945,45.670000000012806,556,38244.2111206339,16819.3327199594,55063.5438405933,0.3890937071304137,5287.9025589296,BUY,0,0,0,-0.3679823254200698,0.1750537853708568,-0.52801980853426,742476.8015654228,65529.21106422869,0.8378001895036296,NORMAL_OR_MIXED,NONE,KXBTC15M-26AUG241915-15,78730.67,8.288578466666667,6.711421533333334,78720.28,-10.389999999999418,DOWN,0.4336734693877551,0.5663265306122449,0.4336734693877551,0.5663265306122449,DOWN,0.5663265306122449,0.42,0.43,0.57,0.58,0.58,-0.013673469387755,RAW,NO VALUE,,OLD_SCHEMA,DOWN,True,UP,False,False,False,False,False,False,False
2026-08-24 23:09:14.252274+00:00,78794.36499999999,28.419999999983705,606,7953.9730927429,118301.88885507772,126255.86194782062,-0.8740023160900023,69651.05482132001,SELL,0,0,0,0.6558632004804584,-0.9436791272150586,1.23860272921586,625843.4071584796,102526.65784795691,0.7184764647156363,SELL_IMBALANCE,SELL_FLOW_ABSORBED_OR_REVERSED,KXBTC15M-26AUG241915-15,78730.67,9.23975705,5.76024295,78796.69,66.02000000000407,UP,0.1071428571428571,0.8928571428571429,0.8928571428571429,0.1071428571428571,UP,0.8928571428571429,0.61,0.62,0.38,0.39,0.62,0.2728571428571429,STRONG,LARGE EDGE / PRICE ABOVE 50c,,OLD_SCHEMA,DOWN,False,DOWN,False,True,True,True,False,True,False
2026-08-24 23:09:44.107536+00:00,78811.315,16.95000000001164,662,68657.6446625361,222089.62362750623,290747.2682900423,-0.5277159777539515,74456.31613626001,SELL,0,0,0,2.9891246333813237,1.3589434492060124,2.939379089550441,416942.5654885746,82044.6727564627,0.6711552261536072,ABNORMAL_SELL_PRESSURE,SELL_FLOW_ABSORBED_OR_REVERSED,KXBTC15M-26AUG241915-15,78730.67,10.186333683333334,4.813666316666667,78782.56,51.88999999999942,UP,0.1981132075471698,0.8018867924528301,0.8018867924528301,0.1981132075471698,UP,0.8018867924528301,0.74,0.75,0.25,0.26,0.75,0.0518867924528301,STRONG,SMALL EDGE,,OLD_SCHEMA,DOWN,False,DOWN,False,True,True,True,False,True,True
2026-08-24 23:10:13.909467+00:00,78797.035,-14.279999999998836,547,36182.9131235891,21330.5411421374,57513.454265726505,0.2582416961573902,4637.874078523801,BUY,0,0,0,-0.3401488765015347,0.1728082767407738,-0.4684572611646523,770804.351052249,56649.7048235569,0.8630746821016015,NORMAL_OR_MIXED,NONE,KXBTC15M-26AUG241915-15,78730.67,10.186333683333334,4.813666316666667,78782.56,51.88999999999942,UP,0.1981132075471698,0.8018867924528301,0.8018867924528301,0.1981132075471698,UP,0.8018867924528301,0.74,0.75,0.25,0.26,0.75,0.0518867924528301,STRONG,SMALL EDGE,,OLD_SCHEMA,DOWN,False,UP,True,False,False,False,False,False,False
2026-08-24 23:10:43.897488+00:00,78787.655,-9.380000000004657,587,15071.9436070416,40793.5316106776,55865.4752177192,-0.4604201056805425,12018.8220424949,SELL,0,0,0,-0.3545115071525048,-0.6250750714450466,-0.1643206936596736,230982.25815850167,128246.2908635445,0.2859905416054562,NORMAL_OR_MIXED,NONE,KXBTC15M-26AUG241915-15,78730.67,11.1398527,3.8601473,78782.77,52.10000000000582,UP,0.109375,0.890625,0.890625,0.109375,UP,0.890625,0.84,0.85,0.15,0.16,0.85,0.040625,STRONG,SMALL EDGE,,OLD_SCHEMA,DOWN,False,DOWN,False,True,False,False,False,False,False
2026-08-24 23:11:13.945760+00:00,78806.555,18.89999999999418,432,32126.249402850703,127095.2167860777,159221.4661889284,-0.5964583146756046,104158.5835622332,SELL,0,0,0,1.0308536997383797,0.0423550121525864,1.1897276871091909,794827.0609124039,48070.52637340939,0.8859398173669004,SELL_IMBALANCE,SELL_FLOW_ABSORBED_OR_REVERSED,KXBTC15M-26AUG241915-15,78730.67,11.1398527,3.8601473,78782.77,52.10000000000582,UP,0.109375,0.890625,0.890625,0.109375,UP,0.890625,0.84,0.85,0.15,0.16,0.85,0.040625,STRONG,SMALL EDGE,,OLD_SCHEMA,DOWN,False,DOWN,False,True,True,True,False,True,False
2026-08-24 23:11:43.856349+00:00,78800.045,-6.509999999994761,464,44014.820544994094,7469.0855022019,51483.906047196,0.7098477533792836,12608.1216,BUY,0,0,0,-0.4581100776613361,0.502560050237977,-0.7337523328181744,141540.58681415976,55941.23034105101,0.4334543691474743,BUY_IMBALANCE,BUY_FLOW_ABSORBED_OR_REVERSED,KXBTC15M-26AUG241915-15,78730.67,12.097664866666666,2.902335133333333,78788.06,57.38999999999942,UP,0.0698924731182795,0.9301075268817204,0.9301075268817204,0.0698924731182795,UP,0.9301075268817204,0.904,0.905,0.095,0.096,0.905,0.0251075268817204,LOCK,SMALL EDGE,,OLD_SCHEMA,DOWN,False,UP,True,False,True,True,False,True,False
2026-08-24 23:12:13.879536+00:00,78794.345,-5.69999999999709,540,37270.6910767396,70055.62743845,107326.3185151896,-0.3054696817637553,12015.3286035846,SELL,0,0,0,0.3104108655168362,0.2009620522521618,0.2838946049624019,75957.9853916385,60387.6341867675,0.1141976636507726,NORMAL_OR_MIXED,NONE,KXBTC15M-26AUG241915-15,78730.67,12.097664866666666,2.902335133333333,78788.06,57.38999999999942,UP,0.0698924731182795,0.9301075268817204,0.9301075268817204,0.0698924731182795,UP,0.9301075268817204,0.904,0.905,0.095,0.096,0.905,0.0251075268817204,LOCK,SMALL EDGE,,OLD_SCHEMA,DOWN,False,DOWN,False,True,False,False,False,False,False
2026-08-24 23:12:43.888645+00:00,78805.61,11.264999999999418,480,3772.7159621614,7584.7655865144,11357.4815486758,-0.3356421586964812,1970.13225,SELL,0,0,0,-0.9796307650283028,-1.1456247531358077,-0.6959381547177533,199849.78071560667,76682.7361622383,0.4453980528003365,NORMAL_OR_MIXED,NONE,KXBTC15M-26AUG241915-15,78730.67,13.0431646,1.9568354,78809.82,79.15000000000873,UP,0.0,1.0,1.0,0.0,UP,1.0,0.952,0.953,0.047,0.048,0.953,0.047,LOCK,SMALL EDGE,,OLD_SCHEMA,DOWN,False,DOWN,False,True,False,False,False,False,False
2026-08-24 23:13:13.921522+00:00,78788.285,-17.32499999999709,451,13990.2993656219,58616.6900945553,72606.9894601772,-0.6146294049749806,23906.7642581586,SELL,0,0,0,-0.1551129321633536,-0.7219268922181737,0.1043655670805789,744264.4652897579,74838.49430797673,0.8172671861795489,SELL_IMBALANCE,NONE,KXBTC15M-26AUG241915-15,78730.67,13.0431646,1.9568354,78809.82,79.15000000000873,UP,0.0,1.0,1.0,0.0,UP,1.0,0.952,0.953,0.047,0.048,0.953,0.047,LOCK,SMALL EDGE,,OLD_SCHEMA,DOWN,False,DOWN,False,True,True,False,False,True,False
2026-08-24 23:13:43.908438+00:00,78724.965,-63.320000000006985,494,21512.5957710229,68052.586614336,89565.1823853589,-0.5196214600788993,12006.769927789,SELL,0,0,0,0.0511580537469978,-0.4327492153410894,0.232053587089531,677481.4764521355,103698.20656472527,0.734508695453394,SELL_IMBALANCE,NONE,KXBTC15M-26AUG241915-15,78730.67,13.997680633333331,1.0023193666666663,78724.94,-5.7299999999959255,DOWN,0.4336734693877551,0.5663265306122449,0.4336734693877551,0.5663265306122449,DOWN,0.5663265306122449,0.48,0.49,0.51,0.52,0.52,0.0463265306122449,RAW,SMALL EDGE,,OLD_SCHEMA,DOWN,True,DOWN,True,True,True,False,False,True,False
2026-08-24 23:14:13.882954+00:00,78720.88500000001,-4.079999999987194,449,64619.4632755539,29052.583681517805,93672.0469570717,0.3796957656998335,8627.808448000002,SELL,0,0,0,0.1078285050175379,1.2721739568791712,-0.3784136209824122,448847.2162829385,121617.55680614249,0.5736193975744361,NORMAL_OR_MIXED,NONE,KXBTC15M-26AUG241915-15,78730.67,13.997680633333331,1.0023193666666663,78724.94,-5.7299999999959255,DOWN,0.4336734693877551,0.5663265306122449,0.4336734693877551,0.5663265306122449,DOWN,0.5663265306122449,0.48,0.49,0.51,0.52,0.52,0.0463265306122449,RAW,SMALL EDGE,,OLD_SCHEMA,DOWN,True,UP,False,False,False,False,False,False,False
2026-08-24 23:14:43.853102+00:00,78715.83499999999,-5.050000000017462,429,2791.4867379793,20440.148000443503,23231.634738422803,-0.7596822806995619,10636.6802870496,SELL,0,0,0,-0.8459556511547753,-1.1893528033738237,-0.5220604374842278,193833.6503907412,60596.51329060911,0.5236687945026792,SELL_IMBALANCE,NONE,KXBTC15M-26AUG241915-15,78730.67,14.945868716666666,0.0541312833333333,78725.64,-5.029999999998836,DOWN,0.3652173913043478,0.6347826086956522,0.3652173913043478,0.6347826086956522,DOWN,0.6347826086956522,0.0,0.001,0.999,1.0,1.0,-0.3652173913043478,RAW,NO VALUE,,OLD_SCHEMA,DOWN,True,DOWN,True,True,True,False,False,True,False
2026-08-24 23:15:13.926216+00:00,78730.665,14.830000000001746,564,97084.7734937716,10616.0315072925,107700.8050010641,0.8028606841483198,12003.0108386272,BUY,0,0,0,0.2932316271066095,2.559287401722287,-0.6823998163708688,311701.5637889372,56380.79275222453,0.6936512073980943,BUY_IMBALANCE,NONE,KXBTC15M-26AUG241915-15,78730.67,14.945868716666666,0.0541312833333333,78725.64,-5.029999999998836,DOWN,0.3652173913043478,0.6347826086956522,0.3652173913043478,0.6347826086956522,DOWN,0.6347826086956522,0.0,0.001,0.999,1.0,1.0,-0.3652173913043478,RAW,NO VALUE,,OLD_SCHEMA,DOWN,True,UP,False,False,True,False,False,True,False
2026-08-24 23:15:43.880057+00:00,78750.265,19.60000000000582,596,29465.500678895,16471.4911567137,45936.9918356087,0.282865921405607,5045.810308654401,BUY,0,0,0,-0.5665472674397685,-0.1819419658876269,-0.5842402634960526,263266.65161071444,68708.5498248045,0.586062154476017,NORMAL_OR_MIXED,NONE,KXBTC15M-26AUG241930-30,78720.57,0.9034497,14.0965503,78751.39,30.819999999992437,UP,0.4336734693877551,0.5663265306122449,0.5663265306122449,0.4336734693877551,UP,0.5663265306122449,0.61,0.62,0.38,0.39,0.62,-0.053673469387755,RAW,NO VALUE,,OLD_SCHEMA,UP,True,UP,True,True,False,False,False,False,False
2026-08-24 23:16:13.963136+00:00,78769.695,19.430000000007567,461,29544.4621260454,32727.607454309506,62272.0695803549,-0.0511167422203082,12010.310311374302,SELL,0,0,0,-0.3493510290105119,-0.1890290151132772,-0.3267465692667803,61569.7224156468,88698.93662264041,-0.1805380734786573,NORMAL_OR_MIXED,NONE,KXBTC15M-26AUG241930-30,78720.57,0.9034497,14.0965503,78751.39,30.819999999992437,UP,0.4336734693877551,0.5663265306122449,0.5663265306122449,0.4336734693877551,UP,0.5663265306122449,0.61,0.62,0.38,0.39,0.62,-0.053673469387755,RAW,NO VALUE,,OLD_SCHEMA,UP,True,DOWN,False,False,False,False,False,False,False
2026-08-24 23:16:43.905190+00:00,78767.315,-2.3800000000046566,484,3729.0471589036,19336.6170783508,23065.6642372544,-0.6766581598911298,3610.0423518637,SELL,0,0,0,-0.8575356289435629,-1.1396691292147043,-0.509600000858049,227307.6200570805,85619.0823087032,0.4527850665257575,SELL_IMBALANCE,SELL_FLOW_WEAK_FOLLOW_THROUGH,KXBTC15M-26AUG241930-30,78720.57,1.8486536666666664,13.151346333333333,78767.32,46.75,UP,0.4285714285714285,0.5714285714285714,0.5714285714285714,0.4285714285714285,UP,0.5714285714285714,0.66,0.67,0.33,0.34,0.67,-0.0985714285714286,RAW,NO VALUE,,OLD_SCHEMA,UP,True,DOWN,False,False,True,True,False,True,False
2026-08-24 23:17:13.986118+00:00,78789.995,22.67999999999301,505,10718.0857901994,6723.6052490179,17441.6910392173,0.2290191089957957,2362.7694,BUY,0,0,0,-0.9230013240922402,-0.8349320174456144,-0.7213923846965788,507253.36001476896,26551.77938373669,0.9005188319705749,NORMAL_OR_MIXED,NONE,KXBTC15M-26AUG241930-30,78720.57,1.8486536666666664,13.151346333333333,78767.32,46.75,UP,0.4285714285714285,0.5714285714285714,0.5714285714285714,0.4285714285714285,UP,0.5714285714285714,0.66,0.67,0.33,0.34,0.67,-0.0985714285714286,RAW,NO VALUE,,OLD_SCHEMA,UP,True,UP,True,True,False,False,False,False,False
2026-08-24 23:17:43.908234+00:00,78786.295,-3.6999999999970896,536,12315.0540744446,11616.9271635402,23931.9812379848,0.0291712960979734,3013.421524982,BUY,0,0,0,-0.8097338693230145,-0.7410779327365801,-0.6339848305186566,625051.300183917,52615.0706923581,0.8447168903355121,NORMAL_OR_MIXED,NONE,KXBTC15M-26AUG241930-30,78720.57,2.8031597833333333,12.196840216666669,78786.34,65.76999999998952,UP,0.2738853503184713,0.7261146496815287,0.7261146496815287,0.2738853503184713,UP,0.7261146496815287,0.72,0.73,0.27,0.28,0.73,-0.0038853503184712,LEAN,NO VALUE,,OLD_SCHEMA,UP,True,UP,True,True,False,False,False,False,False
2026-08-24 23:18:13.897493+00:00,78788.715,2.4199999999982538,471,22315.6320385237,13583.5748371453,35899.206875669,0.2432381648881671,4007.2406863057,SELL,0,0,0,-0.6402425530921342,-0.3733592613150747,-0.5965332047418835,497778.6030699069,56334.8291599822,0.796666798228381,NORMAL_OR_MIXED,NONE,KXBTC15M-26AUG241930-30,78720.57,2.8031597833333333,12.196840216666669,78786.34,65.76999999998952,UP,0.2738853503184713,0.7261146496815287,0.7261146496815287,0.2738853503184713,UP,0.7261146496815287,0.72,0.73,0.27,0.28,0.73,-0.0038853503184712,LEAN,NO VALUE,,OLD_SCHEMA,UP,True,UP,True,True,False,False,False,False,False
2026-08-24 23:18:43.914797+00:00,78749.405,-39.30999999999767,523,77441.0825664182,36316.3233406766,113757.4059070948,0.3615128078722894,16598.6999627562,BUY,0,0,0,0.4049163640960722,1.6241914610107535,-0.2341882475507617,97670.59772994791,75860.56861140368,0.1256836427621417,NORMAL_OR_MIXED,NONE,KXBTC15M-26AUG241930-30,78720.57,3.7493521,11.2506479,78749.41,28.839999999996508,UP,0.4285714285714285,0.5714285714285714,0.5714285714285714,0.4285714285714285,UP,0.5714285714285714,0.73,0.74,0.26,0.27,0.74,-0.1685714285714286,RAW,NO VALUE,,OLD_SCHEMA,UP,True,UP,True,True,False,False,False,False,False
2026-08-24 23:19:13.939776+00:00,78750.315,0.9100000000034923,493,6430.645785094101,31497.6294802802,37928.2752653743,-0.6609049190821075,5021.630170376599,SELL,0,0,0,-0.6444038689105118,-0.9752838439377592,-0.3239753777043133,122135.00304405858,96207.2811645687,0.1187480563989877,SELL_IMBALANCE,SELL_FLOW_ABSORBED_OR_REVERSED,KXBTC15M-26AUG241930-30,78720.57,4.7007577,10.2992423,78749.42,28.84999999999127,UP,0.3934426229508196,0.6065573770491803,0.6065573770491803,0.3934426229508196,UP,0.6065573770491803,0.61,0.62,0.38,0.39,0.62,-0.0134426229508196,RAW,NO VALUE,,OLD_SCHEMA,UP,True,DOWN,False,False,True,True,False,True,False
2026-08-24 23:19:43.940955+00:00,78749.41500000001,-0.8999999999941792,420,6275.9001762563,882.1532516870001,7158.0534279433,0.7535214676539607,3082.243465336,BUY,0,0,0,-1.07861872338605,-0.9801143583775648,-0.8341694138694604,74728.66967232591,98951.71752083182,-0.1394691032186978,BUY_IMBALANCE,BUY_FLOW_ABSORBED_OR_REVERSED,KXBTC15M-26AUG241930-30,78720.57,4.7007577,10.2992423,78749.42,28.84999999999127,UP,0.3934426229508196,0.6065573770491803,0.6065573770491803,0.3934426229508196,UP,0.6065573770491803,0.61,0.62,0.38,0.39,0.62,-0.0134426229508196,RAW,NO VALUE,,OLD_SCHEMA,UP,True,UP,True,True,True,True,False,True,False
2026-08-24 23:20:13.897818+00:00,78789.995,40.5799999999872,583,126334.8539839198,15662.0692817913,141996.92326571108,0.7794026951910258,12007.2118094687,BUY,0,0,0,0.7662522020226687,3.285969513879972,-0.5910570945845872,368743.0521645576,32315.283986185896,0.8388499573586236,BUY_IMBALANCE,NONE,KXBTC15M-26AUG241930-30,78720.57,5.647452783333334,9.352547216666666,78807.48,86.90999999998894,UP,0.109375,0.890625,0.890625,0.109375,UP,0.890625,0.78,0.79,0.21,0.22,0.79,0.1006249999999999,STRONG,POSITIVE EDGE,,OLD_SCHEMA,UP,True,UP,True,True,True,False,False,True,False
2026-08-24 23:20:43.962291+00:00,78811.315,21.320000000006985,558,18924.7456483777,35059.0911777083,53983.836826086,-0.2988736347382812,12014.3176258467,SELL,0,0,0,-0.4710231386579484,-0.547213232932896,-0.2804201744252226,322274.037459927,37442.874416865096,0.7918203277043043,NORMAL_OR_MIXED,NONE,KXBTC15M-26AUG241930-30,78720.57,5.647452783333334,9.352547216666666,78807.48,86.90999999998894,UP,0.109375,0.890625,0.890625,0.109375,UP,0.890625,0.78,0.79,0.21,0.22,0.79,0.1006249999999999,STRONG,POSITIVE EDGE,,OLD_SCHEMA,UP,True,DOWN,False,False,False,False,False,False,False
2026-08-24 23:21:13.896189+00:00,78813.265,1.9499999999970896,518,12467.9569355558,33707.086817048104,46175.0437526039,-0.4599698918594871,12017.8629097692,SELL,0,0,0,-0.5906072354579116,-0.7610197812386796,-0.3114464038552164,582005.9000882971,99681.12944626942,0.7075457647644304,NORMAL_OR_MIXED,NONE,KXBTC15M-26AUG241930-30,78720.57,6.594669466666667,8.405330533333334,78820.14,99.56999999999243,UP,0.0698924731182795,0.9301075268817204,0.9301075268817204,0.0698924731182795,UP,0.9301075268817204,0.84,0.85,0.15,0.16,0.85,0.0801075268817205,EARLY 90%+ / NOT YET VALIDATED LOCK,SMALL EDGE,,OLD_SCHEMA,UP,True,DOWN,False,False,False,False,False,False,False
2026-08-24 23:21:43.892350+00:00,78808.14499999999,-5.120000000009895,361,4066.8932550062,1074.6420210622,5141.5352760684,0.581976213966988,962.7479339735,BUY,0,0,0,-1.1404196550997574,-1.0057204745696584,-0.8407926623170511,525426.5847788673,114575.72864273812,0.6419521422346465,BUY_IMBALANCE,BUY_FLOW_ABSORBED_OR_REVERSED,KXBTC15M-26AUG241930-30,78720.57,6.594669466666667,8.405330533333334,78820.14,99.56999999999243,UP,0.0698924731182795,0.9301075268817204,0.9301075268817204,0.0698924731182795,UP,0.9301075268817204,0.84,0.85,0.15,0.16,0.85,0.0801075268817205,EARLY 90%+ / NOT YET VALIDATED LOCK,SMALL EDGE,,OLD_SCHEMA,UP,True,UP,True,True,True,True,False,True,False
2026-08-24 23:22:13.899382+00:00,78823.985,15.84000000001106,556,10575.9380882873,69862.7634731003,80438.7015613876,-0.7370435404103045,43049.05480197,SELL,0,0,0,-0.0158640703495226,-0.7594368323412944,0.3751524404671744,526581.6835042463,61389.270868171305,0.7911826412116008,SELL_IMBALANCE,SELL_FLOW_ABSORBED_OR_REVERSED,KXBTC15M-26AUG241930-30,78720.57,7.536748816666667,7.463251183333333,78845.89,125.31999999999243,UP,0.0512820512820512,0.9487179487179488,0.9487179487179488,0.0512820512820512,UP,0.9487179487179488,0.85,0.86,0.14,0.15,0.86,0.0887179487179486,EARLY 90%+ / NOT YET VALIDATED LOCK,SMALL EDGE,,OLD_SCHEMA,UP,True,DOWN,False,False,True,True,False,True,False
2026-08-24 23:22:43.923833+00:00,78847.92499999999,23.939999999987776,745,247121.4567820058,49713.0238579596,296834.4806399654,0.6650454910037408,52046.8889185726,BUY,0,0,0,3.2166802550167337,7.097988367094315,0.0094056177879156,412402.38282365416,63628.38617881189,0.7326711199271984,ABNORMAL_BUY_PRESSURE,NONE,KXBTC15M-26AUG241930-30,78720.57,7.536748816666667,7.463251183333333,78845.89,125.31999999999243,UP,0.0512820512820512,0.9487179487179488,0.9487179487179488,0.0512820512820512,UP,0.9487179487179488,0.85,0.86,0.14,0.15,0.86,0.0887179487179486,EARLY 90%+ / NOT YET VALIDATED LOCK,SMALL EDGE,,OLD_SCHEMA,UP,True,UP,True,True,True,False,False,True,True
2026-08-24 23:23:13.910336+00:00,78868.435,20.510000000009317,588,67703.1931105517,8658.1749755766,76361.36808612829,0.7732315386017965,12242.98633372,BUY,0,0,0,-0.1468378863168756,0.6336469900408208,-0.68229710872537,157753.74383912852,76429.56072509201,0.3472672113213554,BUY_IMBALANCE,NONE,KXBTC15M-26AUG241930-30,78720.57,8.478937066666667,6.521062933333334,78868.45,147.8799999999901,UP,0.0698924731182795,0.9301075268817204,0.9301075268817204,0.0698924731182795,UP,0.9301075268817204,0.95,0.952,0.048,0.05,0.952,-0.0218924731182794,90%+ LOCK CANDIDATE,NO VALUE,,OLD_SCHEMA,UP,True,UP,True,True,True,False,False,True,False
2026-08-24 23:23:44.004882+00:00,78872.965,4.529999999998836,508,45078.778645070604,57245.362774169495,102324.1414192401,-0.1189023817874048,11977.222123093496,SELL,0,0,0,0.2415914551459411,0.1179441766779006,0.2187258548486442,309452.5976653725,168934.1860926058,0.293733891369074,NORMAL_OR_MIXED,NONE,KXBTC15M-26AUG241930-30,78720.57,8.478937066666667,6.521062933333334,78868.45,147.8799999999901,UP,0.0698924731182795,0.9301075268817204,0.9301075268817204,0.0698924731182795,UP,0.9301075268817204,0.95,0.952,0.048,0.05,0.952,-0.0218924731182794,90%+ LOCK CANDIDATE,NO VALUE,,OLD_SCHEMA,UP,True,DOWN,False,False,False,False,False,False,False
2026-08-24 23:24:14.022210+00:00,78914.88500000001,41.920000000012806,618,89044.7534488916,19979.3213780326,109024.0748269242,0.6334878987095319,12601.776396684802,BUY,0,0,0,0.3416974039261391,1.1317214382602112,-0.4496594062882484,307249.7507177983,70126.1857411806,0.6283483976260188,BUY_IMBALANCE,NONE,KXBTC15M-26AUG241930-30,78720.57,9.43275765,5.56724235,78901.77,181.1999999999971,UP,0.0698924731182795,0.9301075268817204,0.9301075268817204,0.0698924731182795,UP,0.9301075268817204,0.978,0.979,0.021,0.022,0.979,-0.0488924731182794,90%+ LOCK CANDIDATE,NO VALUE,,OLD_SCHEMA,UP,True,UP,True,True,True,False,False,True,False
2026-08-24 23:24:44.027200+00:00,78933.445,18.55999999999767,691,146248.03980804989,54719.2637952075,200967.3036032574,0.4554411308295964,16593.889510599998,BUY,0,0,0,1.5879999980222992,2.363718697997656,0.1596464546237917,150801.44064283,205236.90289286172,-0.1528921343399485,NORMAL_OR_MIXED,NONE,KXBTC15M-26AUG241930-30,78720.57,9.43275765,5.56724235,78901.77,181.1999999999971,UP,0.0698924731182795,0.9301075268817204,0.9301075268817204,0.0698924731182795,UP,0.9301075268817204,0.978,0.979,0.021,0.022,0.979,-0.0488924731182794,90%+ LOCK CANDIDATE,NO VALUE,,OLD_SCHEMA,UP,True,UP,True,True,False,False,False,False,False
2026-08-24 23:25:13.870649+00:00,78940.285,6.839999999996508,437,7682.3650925355,8447.0502454289,16129.4153379644,-0.0474093534620274,3090.9477372972,SELL,0,0,0,-1.0178382646544224,-0.726763555578758,-0.7572647396327769,201844.1439980113,58668.332146419605,0.5495929176620834,NORMAL_OR_MIXED,NONE,KXBTC15M-26AUG241930-30,78720.57,10.38649055,4.61350945,78973.16,252.5899999999965,UP,0.0,1.0,1.0,0.0,UP,1.0,0.98,0.981,0.019,0.02,0.981,0.019,LOCK,SMALL EDGE,,OLD_SCHEMA,UP,True,DOWN,False,False,False,False,False,False,False
2026-08-24 23:25:43.974140+00:00,78935.63500000001,-4.649999999994179,547,35537.7779387058,196930.7926673134,232468.5706060192,-0.6942573540495145,85617.92162093449,SELL,0,0,0,2.2871408480697366,-0.146876858823145,3.741199490856709,80676.32387157719,153971.1201986257,-0.3123613667196811,SELL_IMBALANCE,SELL_FLOW_WEAK_FOLLOW_THROUGH,KXBTC15M-26AUG241930-30,78720.57,10.38649055,4.61350945,78973.16,252.5899999999965,UP,0.0,1.0,1.0,0.0,UP,1.0,0.98,0.981,0.019,0.02,0.981,0.019,LOCK,SMALL EDGE,,OLD_SCHEMA,UP,True,DOWN,False,False,True,True,False,True,True
2026-08-24 23:26:13.875684+00:00,78930.32500000001,-5.309999999997672,404,5454.1309158965005,13215.227207689,18669.3581235855,-0.4157130759620331,3783.4819817413,SELL,0,0,0,-0.9736341351190289,-0.7679734726583145,-0.637107405113936,111740.25891666062,232947.74113723892,-0.3516440438936802,NORMAL_OR_MIXED,NONE,KXBTC15M-26AUG241930-30,78720.57,11.337245216666668,3.662754783333333,78927.06,206.4899999999907,UP,0.0,1.0,1.0,0.0,UP,1.0,0.991,0.992,0.008,0.009,0.992,0.008,LOCK,SMALL EDGE,,OLD_SCHEMA,UP,True,DOWN,False,False,False,False,False,False,False
2026-08-24 23:26:43.970447+00:00,78936.775,6.449999999982538,447,23803.636450319,367.8149868225,24171.4514371415,0.9695661646319408,3858.1457603192,BUY,0,0,0,-0.8495434571147099,-0.3683585343636135,-0.8679623506041569,96686.02492813888,80144.83974986592,0.0935424096262446,BUY_IMBALANCE,NONE,KXBTC15M-26AUG241930-30,78720.57,11.337245216666668,3.662754783333333,78927.06,206.4899999999907,UP,0.0,1.0,1.0,0.0,UP,1.0,0.991,0.992,0.008,0.009,0.992,0.008,LOCK,SMALL EDGE,,OLD_SCHEMA,UP,True,UP,True,True,True,False,False,True,False
2026-08-24 23:27:13.890040+00:00,78935.08499999999,-1.6900000000023283,485,4626.6674327336,7738.125035905699,12364.792468639298,-0.2516384816860986,3189.2401289447994,SELL,0,0,0,-0.990451602025586,-0.7797655091093085,-0.6744849545098851,92995.83575802488,223729.7783143993,-0.4127671926353266,NORMAL_OR_MIXED,NONE,KXBTC15M-26AUG241930-30,78720.57,12.285535383333333,2.7144646166666666,78940.96,220.38999999999945,UP,0.0,1.0,1.0,0.0,UP,1.0,0.997,0.998,0.002,0.003,0.998,0.002,LOCK,SMALL EDGE,,OLD_SCHEMA,UP,True,DOWN,False,False,False,False,False,False,False
2026-08-24 23:27:44.041227+00:00,78904.515,-30.569999999992437,430,2745.901728612,20603.5702936678,23349.4720222798,-0.7647996729012209,7999.9988048487,SELL,0,0,0,-0.8299327648287697,-0.8170537512854286,-0.4039723376053329,84899.95176477681,129136.35481258298,-0.206677099578046,SELL_IMBALANCE,NONE,KXBTC15M-26AUG241930-30,78720.57,12.285535383333333,2.7144646166666666,78940.96,220.38999999999945,UP,0.0,1.0,1.0,0.0,UP,1.0,0.997,0.998,0.002,0.003,0.998,0.002,LOCK,SMALL EDGE,,OLD_SCHEMA,UP,True,DOWN,False,False,True,False,False,True,False
2026-08-24 23:28:13.935480+00:00,78892.555,-11.960000000006405,453,6014.6126533244,24228.22701893,30242.8396722544,-0.6022455087878293,7253.297420897,SELL,0,0,0,-0.7018839282313682,-0.7145940038946508,-0.3214321161934192,60733.19895544341,114162.5907494731,-0.3054927273216556,SELL_IMBALANCE,NONE,KXBTC15M-26AUG241930-30,78720.57,13.232960016666668,1.7670399833333332,78892.56,171.9899999999907,UP,0.0,1.0,1.0,0.0,UP,1.0,0.997,0.998,0.002,0.003,0.998,0.002,LOCK,SMALL EDGE,,OLD_SCHEMA,UP,True,DOWN,False,False,True,False,False,True,False
2026-08-24 23:28:44.150783+00:00,78895.505,2.950000000011641,436,7211.0342464162995,17506.9115504046,24717.9457968209,-0.4165345044697243,10064.2086415662,SELL,0,0,0,-0.7498317264645311,-0.6508578562410486,-0.4685036630580553,254536.4740505072,122775.46248570668,0.3492097620191623,NORMAL_OR_MIXED,NONE,KXBTC15M-26AUG241930-30,78720.57,14.17475025,0.82524975,78887.33,166.75999999999476,UP,0.0,1.0,1.0,0.0,UP,1.0,0.999,1.0,0.0,0.001,1.0,0.0,LOCK,NO VALUE,,OLD_SCHEMA,UP,True,DOWN,False,False,False,False,False,False,False
2026-08-24 23:29:13.963342+00:00,78887.32500000001,-8.179999999993015,422,8772.1136362084,12581.1962869915,21353.3099231999,-0.1783837102764389,2125.140527191,SELL,0,0,0,-0.7817752243014884,-0.5989650941530517,-0.5710217897107963,407131.8675889138,91434.4102357557,0.6332106108953066,NORMAL_OR_MIXED,NONE,KXBTC15M-26AUG241930-30,78720.57,14.17475025,0.82524975,78887.33,166.75999999999476,UP,0.0,1.0,1.0,0.0,UP,1.0,0.999,1.0,0.0,0.001,1.0,0.0,LOCK,NO VALUE,,OLD_SCHEMA,UP,True,DOWN,False,False,False,False,False,False,False
2026-08-24 23:29:43.905302+00:00,78907.625,20.29999999998836,571,155595.2730028413,48178.468187257,203773.7411900983,0.5271376193430944,30102.0511123829,BUY,0,0,0,1.7817511450713743,2.45202052195868,0.2284998981961822,600729.0443489624,151750.303468317,0.5966658648944987,BUY_IMBALANCE,NONE,KXBTC15M-26AUG241930-30,78720.57,14.17475025,0.82524975,78887.33,166.75999999999476,UP,0.0,1.0,1.0,0.0,UP,1.0,0.999,1.0,0.0,0.001,1.0,0.0,LOCK,NO VALUE,,OLD_SCHEMA,UP,True,UP,True,True,True,False,False,True,False
2026-08-24 23:30:13.913827+00:00,78885.995,-21.630000000004657,424,70818.0613548578,40137.8778941574,110955.9392490152,0.2765078072282886,17240.7235050312,BUY,0,0,0,0.5692318920895846,0.6045164627007137,0.1925450739725135,491886.0654394274,167540.3486465247,0.4918603651060697,NORMAL_OR_MIXED,NONE,KXBTC15M-26AUG241945-45,78902.61,0.6576168,14.3423832,78897.27,-5.339999999996508,DOWN,0.4336734693877551,0.5663265306122449,0.4336734693877551,0.5663265306122449,DOWN,0.5663265306122449,0.48,0.49,0.51,0.52,0.52,0.0463265306122449,RAW,SMALL EDGE,,OLD_SCHEMA,UP,False,UP,False,True,False,False,False,False,False
2026-08-24 23:30:43.920826+00:00,78863.685,-22.30999999999767,473,29511.8525081633,46526.2578778683,76038.1103860316,-0.2237615490880292,7999.9986560842,SELL,0,0,0,0.0263629159742835,-0.2162316074069407,0.3558003832976791,264297.4572661506,241309.32246333043,0.0454664290995459,NORMAL_OR_MIXED,NONE,KXBTC15M-26AUG241945-45,78902.61,0.6576168,14.3423832,78897.27,-5.339999999996508,DOWN,0.4336734693877551,0.5663265306122449,0.4336734693877551,0.5663265306122449,DOWN,0.5663265306122449,0.48,0.49,0.51,0.52,0.52,0.0463265306122449,RAW,SMALL EDGE,,OLD_SCHEMA,UP,False,DOWN,True,False,False,False,False,False,False
2026-08-24 23:31:14.064814+00:00,78864.185,0.5,538,32575.9166162126,35186.7800720597,67762.6966882723,-0.0385295093531742,12024.63315785,SELL,0,0,0,-0.1047696480715182,-0.164207130369062,0.0393536715741859,454663.9351313797,133223.59260414887,0.5467718353634412,NORMAL_OR_MIXED,NONE,KXBTC15M-26AUG241945-45,78902.61,1.606578133333333,13.393421866666667,78914.16,11.55000000000291,UP,0.4285714285714285,0.5714285714285714,0.5714285714285714,0.4285714285714285,UP,0.5714285714285714,0.53,0.54,0.46,0.47,0.54,0.0314285714285713,RAW,SMALL EDGE,,OLD_SCHEMA,UP,True,DOWN,False,False,False,False,False,False,False
2026-08-24 23:31:43.945347+00:00,78910.14499999999,45.95999999999185,499,76967.49615352,46332.1938808392,123299.6900343592,0.2484621191192276,15476.1019336896,SELL,0,0,0,0.7749646690989431,0.6989629578164085,0.4490658650408943,472248.1246587976,132803.9965553557,0.5610163425628226,NORMAL_OR_MIXED,NONE,KXBTC15M-26AUG241945-45,78902.61,1.606578133333333,13.393421866666667,78914.16,11.55000000000291,UP,0.4285714285714285,0.5714285714285714,0.5714285714285714,0.4285714285714285,UP,0.5714285714285714,0.53,0.54,0.46,0.47,0.54,0.0314285714285713,RAW,SMALL EDGE,,OLD_SCHEMA,UP,True,UP,True,True,False,False,False,False,False
2026-08-24 23:32:14.001923+00:00,78915.33499999999,5.190000000002328,546,120291.0101394276,20545.4176477633,140836.42778719089,0.7082371660433168,15575.8841336418,BUY,0,0,0,1.0091684822868725,1.51658509066524,-0.3604795656158248,295874.3246808228,70251.9677800625,0.6162418857827983,BUY_IMBALANCE,NONE,KXBTC15M-26AUG241945-45,78902.61,2.5535851,12.4464149,78918.04,15.429999999993017,UP,0.4336734693877551,0.5663265306122449,0.5663265306122449,0.4336734693877551,UP,0.5663265306122449,0.45,0.46,0.54,0.55,0.46,0.1063265306122449,RAW,POSITIVE EDGE,,OLD_SCHEMA,UP,True,UP,True,True,True,False,False,True,False
2026-08-24 23:32:43.930155+00:00,78933.765,18.430000000007567,365,28504.1902280274,30629.9924838632,59134.1827118906,-0.0359487889803598,16231.590199962,BUY,0,0,0,-0.2401712073645416,-0.2902763071807906,-0.0173483307955168,657809.4658492992,50081.06468208571,0.8585061883947172,NORMAL_OR_MIXED,NONE,KXBTC15M-26AUG241945-45,78902.61,2.5535851,12.4464149,78918.04,15.429999999993017,UP,0.4336734693877551,0.5663265306122449,0.5663265306122449,0.4336734693877551,UP,0.5663265306122449,0.45,0.46,0.54,0.55,0.46,0.1063265306122449,RAW,POSITIVE EDGE,,OLD_SCHEMA,UP,True,DOWN,False,False,False,False,False,False,False
2026-08-24 23:33:13.931385+00:00,78917.86499999999,-15.900000000008731,729,211603.9288379827,203482.44410674728,415086.37294473,0.0195657705494389,144932.35272318,SELL,0,0,0,5.145263133051771,3.1632083631510968,5.325991009760646,68992.6785423436,119220.2488044615,-0.2668656769232834,NORMAL_OR_MIXED,NONE,KXBTC15M-26AUG241945-45,78902.61,3.5026221166666667,11.497377883333334,78925.07,22.460000000006403,UP,0.4285714285714285,0.5714285714285714,0.5714285714285714,0.4285714285714285,UP,0.5714285714285714,0.53,0.54,0.46,0.47,0.54,0.0314285714285713,RAW,SMALL EDGE,,OLD_SCHEMA,UP,True,UP,True,True,False,False,False,False,True
2026-08-24 23:33:43.955951+00:00,78918.16500000001,0.3000000000174623,482,77412.6509270711,16206.0029317056,93618.6538587767,0.6537868840508584,12022.746061864798,BUY,0,0,0,0.1034977210728874,0.4761726790890775,-0.4592035572867095,110702.26054414688,101352.3793038252,0.0440918493791264,BUY_IMBALANCE,BUY_FLOW_WEAK_FOLLOW_THROUGH,KXBTC15M-26AUG241945-45,78902.61,3.5026221166666667,11.497377883333334,78925.07,22.460000000006403,UP,0.4285714285714285,0.5714285714285714,0.5714285714285714,0.4285714285714285,UP,0.5714285714285714,0.53,0.54,0.46,0.47,0.54,0.0314285714285713,RAW,SMALL EDGE,,OLD_SCHEMA,UP,True,UP,True,True,True,True,False,True,False
2026-08-24 23:34:13.874640+00:00,78873.215,-44.95000000001164,473,34910.4249774934,63528.8543376201,98439.2793151135,-0.2907216464732171,12813.801182156,SELL,0,0,0,0.1593703655458756,-0.2724923184539435,0.7084215155189829,55932.11578622339,177926.8188691377,-0.5216593638498287,NORMAL_OR_MIXED,NONE,KXBTC15M-26AUG241945-45,78902.61,4.451729283333333,10.548270716666668,78873.45,-29.16000000000349,DOWN,0.4336734693877551,0.5663265306122449,0.4336734693877551,0.5663265306122449,DOWN,0.5663265306122449,0.39,0.4,0.6,0.61,0.61,-0.043673469387755,RAW,NO VALUE,,OLD_SCHEMA,UP,False,DOWN,True,False,False,False,False,False,False
2026-08-24 23:34:43.979849+00:00,78868.455,-4.759999999994761,509,65739.8400915945,3420.9754854049,69160.81557699939,0.9010718581941476,16224.2283866785,BUY,0,0,0,-0.1887007898017051,0.2659960578009119,-0.7545826952137472,98846.81588141993,100474.006232197,-0.0081636746904924,BUY_IMBALANCE,BUY_FLOW_ABSORBED_OR_REVERSED,KXBTC15M-26AUG241945-45,78902.61,4.451729283333333,10.548270716666668,78873.45,-29.16000000000349,DOWN,0.4336734693877551,0.5663265306122449,0.4336734693877551,0.5663265306122449,DOWN,0.5663265306122449,0.39,0.4,0.6,0.61,0.61,-0.043673469387755,RAW,NO VALUE,,OLD_SCHEMA,UP,False,UP,False,True,True,True,False,True,False
2026-08-24 23:35:13.909343+00:00,78855.375,-13.080000000001746,509,64699.1774693705,17951.0689179607,82650.2463873312,0.5656136623275143,16586.8815448,BUY,0,0,0,-0.0428652179016881,0.2231178574098241,-0.3945405823848305,75377.7485992103,100953.43231243118,-0.1450434550542521,BUY_IMBALANCE,BUY_FLOW_ABSORBED_OR_REVERSED,KXBTC15M-26AUG241945-45,78902.61,5.400301533333334,9.599698466666666,78855.44,-47.169999999998254,DOWN,0.3934426229508196,0.6065573770491803,0.3934426229508196,0.6065573770491803,DOWN,0.6065573770491803,0.4,0.41,0.59,0.6,0.6,0.0065573770491803,RAW,SMALL EDGE,,OLD_SCHEMA,UP,False,UP,False,True,True,True,False,True,False
2026-08-24 23:35:44.444348+00:00,78882.705,27.330000000001743,495,56932.3409943364,15822.0007032505,72754.34169758689,0.5650568657739561,8596.693396953198,BUY,0,0,0,-0.1534395746930321,0.104291824822774,-0.4505200520540988,84576.3048862306,98897.74638195,-0.0780570407462471,BUY_IMBALANCE,NONE,KXBTC15M-26AUG241945-45,78902.61,5.400301533333334,9.599698466666666,78855.44,-47.169999999998254,DOWN,0.3934426229508196,0.6065573770491803,0.3934426229508196,0.6065573770491803,DOWN,0.6065573770491803,0.4,0.41,0.59,0.6,0.6,0.0065573770491803,RAW,SMALL EDGE,,OLD_SCHEMA,UP,False,UP,False,True,True,False,False,True,False
2026-08-24 23:36:13.903339+00:00,78871.525,-11.180000000007569,507,84324.9989576308,56054.8404541754,140379.8394118062,0.201383322718617,12025.5557946677,BUY,0,0,0,0.6466322731460381,0.5674830989982501,0.5091899435273088,55434.6001224618,101315.7496384733,-0.2927020551213205,NORMAL_OR_MIXED,NONE,KXBTC15M-26AUG241945-45,78902.61,6.3482441000000005,8.651755900000001,78871.33,-31.27999999999884,DOWN,0.3934426229508196,0.6065573770491803,0.3934426229508196,0.6065573770491803,DOWN,0.6065573770491803,0.38,0.39,0.61,0.62,0.62,-0.0134426229508196,RAW,NO VALUE,,OLD_SCHEMA,UP,False,UP,False,True,False,False,False,False,False
2026-08-24 23:36:44.015957+00:00,78871.08499999999,-0.4400000000023283,466,37554.1506009523,9973.5389607654,47527.6895617177,0.580306172980947,10677.6458835446,BUY,0,0,0,-0.4848819674089887,-0.266645291184232,-0.6015293876783435,130096.07842188967,228509.4442457204,-0.274433491965626,BUY_IMBALANCE,BUY_FLOW_ABSORBED_OR_REVERSED,KXBTC15M-26AUG241945-45,78902.61,6.3482441000000005,8.651755900000001,78871.33,-31.27999999999884,DOWN,0.3934426229508196,0.6065573770491803,0.3934426229508196,0.6065573770491803,DOWN,0.6065573770491803,0.38,0.39,0.61,0.62,0.62,-0.0134426229508196,RAW,NO VALUE,,OLD_SCHEMA,UP,False,UP,False,True,True,True,False,True,False
2026-08-24 23:37:13.936964+00:00,78864.375,-6.709999999991851,486,23725.916631358003,9906.3329553797,33632.2495867377,0.41090274500781,7521.794688170401,BUY,0,0,0,-0.6606983137562131,-0.5249395073667911,-0.5959490272450111,71735.7390130728,132017.5563446522,-0.2958568951031883,NORMAL_OR_MIXED,NONE,KXBTC15M-26AUG241945-45,78902.61,7.280831866666667,7.719168133333333,78873.21,-29.39999999999418,DOWN,0.3934426229508196,0.6065573770491803,0.3934426229508196,0.6065573770491803,DOWN,0.6065573770491803,0.38,0.39,0.61,0.62,0.62,-0.0134426229508196,RAW,NO VALUE,,OLD_SCHEMA,UP,False,UP,False,True,False,False,False,False,False
2026-08-24 23:37:43.978011+00:00,78882.995,18.619999999995343,386,26933.7923318842,1442.6342111840995,28376.4265430683,0.8983216432136342,6310.1072,BUY,0,0,0,-0.7311170801250438,-0.4763740789836109,-0.7994176882356396,659871.9173671148,72638.61020731341,0.8016721740564122,BUY_IMBALANCE,NONE,KXBTC15M-26AUG241945-45,78902.61,7.280831866666667,7.719168133333333,78873.21,-29.39999999999418,DOWN,0.3934426229508196,0.6065573770491803,0.3934426229508196,0.6065573770491803,DOWN,0.6065573770491803,0.38,0.39,0.61,0.62,0.62,-0.0134426229508196,RAW,NO VALUE,,OLD_SCHEMA,UP,False,UP,False,True,True,False,False,True,False
2026-08-24 23:38:13.950806+00:00,78916.945,33.95000000001164,511,9867.5741952394,4058.3518586239,13925.9260538633,0.4171516001267231,2020.1888714212,SELL,0,0,0,-0.9068947773610506,-0.7847236142374282,-0.7283386544628645,338788.7597885416,84812.6049891299,0.5995640616802825,NORMAL_OR_MIXED,NONE,KXBTC15M-26AUG241945-45,78902.61,8.2161585,6.783841499999999,78913.29,10.679999999993017,UP,0.4285714285714285,0.5714285714285714,0.5714285714285714,0.4285714285714285,UP,0.5714285714285714,0.3,0.31,0.69,0.7,0.31,0.2614285714285714,RAW,IDEAL <=50c / LARGE EDGE,,OLD_SCHEMA,UP,True,UP,True,True,False,False,False,False,False
2026-08-24 23:38:44.051095+00:00,78930.315,13.369999999995343,453,1711.0565339949,9667.5871185999,11378.6436525948,-0.6992512313003653,2367.9084,SELL,0,0,0,-0.9262043333565771,-0.9192842116576444,-0.5881024648195254,54951.1625680258,67673.38219935248,-0.1037493729779876,SELL_IMBALANCE,SELL_FLOW_ABSORBED_OR_REVERSED,KXBTC15M-26AUG241945-45,78902.61,9.158863966666669,5.841136033333333,78900.16,-2.4499999999970896,DOWN,1.0,0.0,1.0,0.0,UP,1.0,0.61,0.62,0.38,0.39,0.62,0.38,90%+ LOCK CANDIDATE,LARGE EDGE / PRICE ABOVE 50c,,OLD_SCHEMA,UP,True,DOWN,False,False,True,True,False,True,False
2026-08-24 23:39:13.959971+00:00,78928.805,-1.5100000000093132,493,49312.8288084846,10997.3081249018,60310.1369333864,0.635308136108246,9634.3598278956,BUY,0,0,0,-0.3075910911231044,-0.051831570253766,-0.5388395998878808,194443.35562977628,87869.30296524701,0.3775036273432196,BUY_IMBALANCE,BUY_FLOW_ABSORBED_OR_REVERSED,KXBTC15M-26AUG241945-45,78902.61,9.158863966666669,5.841136033333333,78900.16,-2.4499999999970896,DOWN,1.0,0.0,1.0,0.0,UP,1.0,0.61,0.62,0.38,0.39,0.62,0.38,90%+ LOCK CANDIDATE,LARGE EDGE / PRICE ABOVE 50c,,OLD_SCHEMA,UP,True,UP,True,True,True,True,False,True,False
2026-08-24 23:39:43.918460+00:00,78932.965,4.1600000000034925,514,33143.8617129856,43012.6115376395,76156.4732506251,-0.1295851738325198,7999.931271641601,SELL,0,0,0,-0.126788987678193,-0.354362122256423,0.2233949313809578,538616.5788765405,1144979.386128398,-0.3601593374275393,NORMAL_OR_MIXED,NONE,KXBTC15M-26AUG241945-45,78902.61,10.098108816666668,4.901891183333333,78940.0,37.38999999999942,UP,0.2406015037593984,0.7593984962406015,0.7593984962406015,0.2406015037593984,UP,0.7593984962406015,0.72,0.73,0.27,0.28,0.73,0.0293984962406015,LEAN,SMALL EDGE,,OLD_SCHEMA,UP,True,DOWN,False,False,False,False,False,False,False
2026-08-24 23:40:13.969218+00:00,78932.725,-0.2399999999906867,488,57049.2075440985,30935.599657534,87984.8072016325,0.296796784775815,16735.28,BUY,0,0,0,-0.0067686745842698,0.0531240833975769,-0.0841150082818747,582272.2295541764,1242561.6060463914,-0.361835342818985,NORMAL_OR_MIXED,NONE,KXBTC15M-26AUG241945-45,78902.61,10.098108816666668,4.901891183333333,78940.0,37.38999999999942,UP,0.2406015037593984,0.7593984962406015,0.7593984962406015,0.2406015037593984,UP,0.7593984962406015,0.72,0.73,0.27,0.28,0.73,0.0293984962406015,LEAN,SMALL EDGE,,OLD_SCHEMA,UP,True,UP,True,True,False,False,False,False,False
2026-08-24 23:40:43.897533+00:00,78939.995,7.269999999989523,407,12937.7647301241,114281.2211399158,127218.9858700399,-0.7966063847837834,44374.7968949205,SELL,0,0,0,0.483722315794503,-0.7096309259737303,1.8732935818887504,596482.2234583047,826401.9867371778,-0.1615871211665815,SELL_IMBALANCE,SELL_FLOW_ABSORBED_OR_REVERSED,KXBTC15M-26AUG241945-45,78902.61,11.042293666666666,3.957706333333333,78940.0,37.38999999999942,UP,0.1981132075471698,0.8018867924528301,0.8018867924528301,0.1981132075471698,UP,0.8018867924528301,0.77,0.78,0.22,0.23,0.78,0.02188679245283,STRONG,SMALL EDGE,,OLD_SCHEMA,UP,True,DOWN,False,False,True,True,False,True,False
2026-08-24 23:41:13.992318+00:00,78952.705,12.710000000006405,530,885032.3778238785,72.8505655195,885105.2283893981,0.9998353855266404,247673.7463628,BUY,0,0,0,9.615439319856485,14.986294764134838,-0.8333835145132947,98283.93746038953,166574.59133907405,-0.2578382285374336,ABNORMAL_BUY_PRESSURE,NONE,KXBTC15M-26AUG241945-45,78902.61,11.042293666666666,3.957706333333333,78940.0,37.38999999999942,UP,0.1981132075471698,0.8018867924528301,0.8018867924528301,0.1981132075471698,UP,0.8018867924528301,0.77,0.78,0.22,0.23,0.78,0.02188679245283,STRONG,SMALL EDGE,,OLD_SCHEMA,UP,True,UP,True,True,True,False,False,True,True
2026-08-24 23:41:43.928989+00:00,78956.445,3.740000000005239,532,45867.3171286778,35410.6152166658,81277.93234534361,0.1286536407887726,8653.760632,BUY,0,0,0,-0.1927283695453325,-0.1991448600004375,-0.0139231866215273,135820.8806399842,169131.01565840415,-0.1092307849951086,NORMAL_OR_MIXED,NONE,KXBTC15M-26AUG241945-45,78902.61,11.98251825,3.01748175,78948.02,45.41000000000349,UP,0.0698924731182795,0.9301075268817204,0.9301075268817204,0.0698924731182795,UP,0.9301075268817204,0.83,0.84,0.16,0.17,0.84,0.0901075268817205,LOCK,SMALL EDGE,,OLD_SCHEMA,UP,True,UP,True,True,False,False,False,False,False
2026-08-24 23:42:13.989880+00:00,78938.375,-18.070000000006985,507,68712.1444641719,30983.3556504509,99695.5001146228,0.378440238228838,9238.8582,BUY,0,0,0,-0.0824025617794965,-0.0447866327132091,-0.1336898086285549,283210.4176559093,120212.19140744972,0.4040384018805949,NORMAL_OR_MIXED,NONE,KXBTC15M-26AUG241945-45,78902.61,11.98251825,3.01748175,78948.02,45.41000000000349,UP,0.0698924731182795,0.9301075268817204,0.9301075268817204,0.0698924731182795,UP,0.9301075268817204,0.83,0.84,0.16,0.17,0.84,0.0901075268817205,LOCK,SMALL EDGE,,OLD_SCHEMA,UP,True,UP,True,True,False,False,False,False,False
2026-08-24 23:42:43.951041+00:00,78938.375,0.0,472,14931.3340061562,40332.9010850365,55264.2350911927,-0.4596384449538591,6444.700062190501,SELL,0,0,0,-0.385706157441946,-0.4383630335871437,0.1006720681939039,63439.0873680331,222995.4809617145,-0.5570430780198212,NORMAL_OR_MIXED,NONE,KXBTC15M-26AUG241945-45,78902.61,12.924524033333334,2.0754759666666667,78925.58,22.970000000001164,UP,0.1981132075471698,0.8018867924528301,0.8018867924528301,0.1981132075471698,UP,0.8018867924528301,0.85,0.86,0.14,0.15,0.86,-0.0581132075471698,STRONG,NO VALUE,,OLD_SCHEMA,UP,True,DOWN,False,False,False,False,False,False,False
2026-08-24 23:43:14.046123+00:00,78935.86499999999,-2.510000000009313,415,40275.4156033085,20641.3271419925,60916.742745301,0.322310215163803,12035.7158922056,SELL,0,0,0,-0.3125524003519753,-0.2202358769455109,-0.3432871966254349,59842.87988204879,202400.31092325904,-0.543607750513707,NORMAL_OR_MIXED,NONE,KXBTC15M-26AUG241945-45,78902.61,12.924524033333334,2.0754759666666667,78925.58,22.970000000001164,UP,0.1981132075471698,0.8018867924528301,0.8018867924528301,0.1981132075471698,UP,0.8018867924528301,0.85,0.86,0.14,0.15,0.86,-0.0581132075471698,STRONG,NO VALUE,,OLD_SCHEMA,UP,True,UP,True,True,False,False,False,False,False
2026-08-24 23:43:43.923840+00:00,78929.455,-6.4099999999889405,483,43748.0619239976,18239.5854947294,61987.647418727,0.4115090262574132,8586.9360716832,BUY,0,0,0,-0.3023211950879699,-0.1899880541148249,-0.4062851906253234,86159.90739676339,143455.3143643135,-0.2495279125143022,NORMAL_OR_MIXED,NONE,KXBTC15M-26AUG241945-45,78902.61,13.8753118,1.1246882,78977.36,74.75,UP,0.0,1.0,1.0,0.0,UP,1.0,0.85,0.86,0.14,0.15,0.86,0.14,LOCK,POSITIVE EDGE,,OLD_SCHEMA,UP,True,UP,True,True,False,False,False,False,False
2026-08-24 23:44:14.006568+00:00,78954.125,24.669999999998254,625,308983.5837157354,54622.5146939416,363606.098409677,0.6995511630148836,78940.0,BUY,0,0,0,1.7762923187444497,1.7312468543821695,0.4496952599006478,138170.57979431062,151542.71124396974,-0.0461564307310023,BUY_IMBALANCE,NONE,KXBTC15M-26AUG241945-45,78902.61,13.8753118,1.1246882,78977.36,74.75,UP,0.0,1.0,1.0,0.0,UP,1.0,0.85,0.86,0.14,0.15,0.86,0.14,LOCK,POSITIVE EDGE,,OLD_SCHEMA,UP,True,UP,True,True,True,False,False,True,False
2026-08-24 23:44:43.912584+00:00,78954.125,0.0,475,75863.7477202349,35365.2860260674,111229.0337463023,0.3640997348456588,9044.0104065318,SELL,0,0,0,-0.0005836974989409,0.002933280736111,-0.0116295139334665,131848.51310899534,190125.5800391628,-0.1809992423935516,NORMAL_OR_MIXED,NONE,KXBTC15M-26AUG241945-45,78902.61,14.822214016666669,0.1777859833333333,78956.79,54.179999999993015,UP,0.0090425069677194,0.9909574930322804,0.9909574930322804,0.0090425069677194,UP,0.9909574930322804,0.999,1.0,0.0,0.001,1.0,-0.0090425069677194,LOCK,NO VALUE,,OLD_SCHEMA,UP,True,UP,True,True,False,False,False,False,False
2026-08-24 23:45:13.919509+00:00,78992.195,38.070000000006985,497,63126.7605940505,20446.4573702139,83573.2179642644,0.510693548285846,13081.0321113052,BUY,0,0,0,-0.1695179122964941,-0.0740566354121052,-0.3430977318871429,412983.7654973908,126127.06800895029,0.532092252019392,BUY_IMBALANCE,NONE,KXBTC15M-26AUG241945-45,78902.61,14.822214016666669,0.1777859833333333,78956.79,54.179999999993015,UP,0.0090425069677194,0.9909574930322804,0.9909574930322804,0.0090425069677194,UP,0.9909574930322804,0.999,1.0,0.0,0.001,1.0,-0.0090425069677194,LOCK,NO VALUE,,OLD_SCHEMA,UP,True,UP,True,True,True,False,False,True,False
2026-08-24 23:45:43.899776+00:00,78992.195,0.0,515,117501.3355206859,26764.2287408936,144265.5642615795,0.6289588734791176,25277.4914534016,BUY,0,0,0,0.2237364718204737,0.2984171465619859,-0.2056108844296774,450135.4003625265,66710.61447822941,0.7418549720315306,BUY_IMBALANCE,BUY_FLOW_ABSORBED_OR_REVERSED,KXBTC15M-26AUG242000-00,78951.71,0.7751568666666666,14.224843133333334,78992.2,40.48999999999069,UP,0.4285714285714285,0.5714285714285714,0.5714285714285714,0.4285714285714285,UP,0.5714285714285714,0.61,0.62,0.38,0.39,0.62,-0.0485714285714286,RAW,NO VALUE,,OLD_SCHEMA,UP,True,UP,True,True,True,True,False,True,False
2026-08-24 23:46:13.890538+00:00,78955.445,-36.75,465,9326.7143977413,70375.7644304885,79702.4788282298,-0.76596174837067,15796.646,SELL,0,0,0,-0.194171879951074,-0.4767730481466907,1.1157561052586704,571158.944782403,89685.72374907018,0.7285724527418236,SELL_IMBALANCE,NONE,KXBTC15M-26AUG242000-00,78951.71,0.7751568666666666,14.224843133333334,78992.2,40.48999999999069,UP,0.4285714285714285,0.5714285714285714,0.5714285714285714,0.4285714285714285,UP,0.5714285714285714,0.61,0.62,0.38,0.39,0.62,-0.0485714285714286,RAW,NO VALUE,,OLD_SCHEMA,UP,True,DOWN,False,False,True,False,False,True,False
2026-08-24 23:46:44.189889+00:00,78971.625,16.179999999993015,522,172961.7721797458,23004.9066650525,195966.6788447983,0.7652161397982162,34467.4745755392,BUY,0,0,0,0.5804174088977753,0.673577952880282,-0.2793447140840856,361000.71062016906,106295.91065132608,0.5450602216549343,BUY_IMBALANCE,NONE,KXBTC15M-26AUG242000-00,78951.71,1.716564166666667,13.283435833333334,78974.34,22.629999999990105,UP,0.4336734693877551,0.5663265306122449,0.5663265306122449,0.4336734693877551,UP,0.5663265306122449,0.49,0.5,0.5,0.51,0.5,0.0663265306122449,RAW,SMALL EDGE,,OLD_SCHEMA,UP,True,UP,True,True,True,False,False,True,False
2026-08-24 23:47:13.928237+00:00,78920.805,-50.820000000006985,477,49433.6796227511,34551.5391640166,83985.2187867677,0.1771995200312469,15793.13,SELL,0,0,0,-0.2054644347955878,-0.2209045110932858,0.0320946120435861,227027.9977463444,143919.8480846127,0.2240426803815556,NORMAL_OR_MIXED,NONE,KXBTC15M-26AUG242000-00,78951.71,2.663634916666666,12.336365083333334,78927.27,-24.44000000000233,DOWN,0.4336734693877551,0.5663265306122449,0.4336734693877551,0.5663265306122449,DOWN,0.5663265306122449,0.4,0.41,0.59,0.6,0.6,-0.033673469387755,RAW,NO VALUE,,OLD_SCHEMA,UP,False,UP,False,True,False,False,False,False,False
2026-08-24 23:47:43.965848+00:00,78935.07500000001,14.270000000018626,521,29594.5484757754,21610.1762136177,51204.7246893931,0.1559303816315926,6308.1553685344,BUY,0,0,0,-0.4416258779388843,-0.3689412244957259,-0.3598940130670621,405418.0766469632,96882.8286074106,0.6142438622190121,NORMAL_OR_MIXED,NONE,KXBTC15M-26AUG242000-00,78951.71,2.663634916666666,12.336365083333334,78927.27,-24.44000000000233,DOWN,0.4336734693877551,0.5663265306122449,0.4336734693877551,0.5663265306122449,DOWN,0.5663265306122449,0.4,0.41,0.59,0.6,0.6,-0.033673469387755,RAW,NO VALUE,,OLD_SCHEMA,UP,False,UP,False,True,False,False,False,False,False
2026-08-24 23:48:13.940746+00:00,78916.045,-19.030000000013388,472,24817.6071190994,20282.8031484267,45100.4102675261,0.1005490624979507,8368.095800000001,BUY,0,0,0,-0.4891079164345545,-0.4081469112286789,-0.3989750590651226,177894.75957883146,287351.2126461938,-0.23526577252005,NORMAL_OR_MIXED,NONE,KXBTC15M-26AUG242000-00,78951.71,3.607531883333333,11.392468116666668,78887.49,-64.22000000000116,DOWN,0.4285714285714285,0.5714285714285714,0.4285714285714285,0.5714285714285714,DOWN,0.5714285714285714,0.41,0.42,0.58,0.59,0.59,-0.0185714285714285,RAW,NO VALUE,,OLD_SCHEMA,UP,False,UP,False,True,False,False,False,False,False
2026-08-24 23:48:43.954833+00:00,78886.975,-29.069999999992437,475,29782.957440609,12835.2343275162,42618.1917681252,0.3976640587029377,6863.625749999999,BUY,0,0,0,-0.5092555451380262,-0.3770646393192497,-0.6101971871468819,400277.3580161448,51116.49307709361,0.773517105058947,NORMAL_OR_MIXED,NONE,KXBTC15M-26AUG242000-00,78951.71,3.607531883333333,11.392468116666668,78887.49,-64.22000000000116,DOWN,0.4285714285714285,0.5714285714285714,0.4285714285714285,0.5714285714285714,DOWN,0.5714285714285714,0.41,0.42,0.58,0.59,0.59,-0.0185714285714285,RAW,NO VALUE,,OLD_SCHEMA,UP,False,UP,False,True,False,False,False,False,False
2026-08-24 23:49:13.925390+00:00,78896.995,10.019999999989524,459,56600.8034821112,15425.8367002323,72026.6401823435,0.5716630218713502,12026.6826086879,BUY,0,0,0,-0.3121413348903003,-0.1921197679379638,-0.5312732819892847,483514.4672501605,76446.83357164629,0.7269567255470981,BUY_IMBALANCE,NONE,KXBTC15M-26AUG242000-00,78951.71,4.556678983333333,10.443321016666664,78906.53,-45.18000000000757,DOWN,0.4285714285714285,0.5714285714285714,0.4285714285714285,0.5714285714285714,DOWN,0.5714285714285714,0.27,0.28,0.72,0.73,0.73,-0.1585714285714285,RAW,NO VALUE,,OLD_SCHEMA,UP,False,UP,False,True,True,False,False,True,False
2026-08-24 23:49:43.976908+00:00,78907.725,10.730000000010476,505,56552.3345027369,17500.7153597932,74053.0498625301,0.5273465335382942,8000.0001901344,BUY,0,0,0,-0.3082583558773974,-0.2015409300922149,-0.4742368424986048,184533.2387765233,53876.950188349394,0.5480314795078862,BUY_IMBALANCE,NONE,KXBTC15M-26AUG242000-00,78951.71,4.556678983333333,10.443321016666664,78906.53,-45.18000000000757,DOWN,0.4285714285714285,0.5714285714285714,0.4285714285714285,0.5714285714285714,DOWN,0.5714285714285714,0.27,0.28,0.72,0.73,0.73,-0.1585714285714285,RAW,NO VALUE,,OLD_SCHEMA,UP,False,UP,False,True,True,False,False,True,False
2026-08-24 23:50:13.934958+00:00,78878.535,-29.19000000000233,514,42013.4917722238,29905.1504277667,71918.6421999905,0.1683616510832667,6119.4023204184,SELL,0,0,0,-0.3016436295004555,-0.2879025390350477,-0.0951734530618339,318315.20459509915,136842.25099430772,0.3987036823680999,NORMAL_OR_MIXED,NONE,KXBTC15M-26AUG242000-00,78951.71,5.5115518,9.4884482,78891.68,-60.03000000001339,DOWN,0.3934426229508196,0.6065573770491803,0.3934426229508196,0.6065573770491803,DOWN,0.6065573770491803,0.24,0.25,0.75,0.76,0.76,-0.1534426229508196,RAW,NO VALUE,,OLD_SCHEMA,UP,False,UP,False,True,False,False,False,False,False
2026-08-24 23:50:43.911542+00:00,78891.67499999999,13.139999999984866,408,58140.1423060676,571.075005078,58711.21731114559,0.980546306779792,7999.999765564799,BUY,0,0,0,-0.3854815740689558,-0.1679201216771621,-0.9319041574107793,77357.06173461501,93377.17546406122,-0.0938307043291163,BUY_IMBALANCE,NONE,KXBTC15M-26AUG242000-00,78951.71,5.5115518,9.4884482,78891.68,-60.03000000001339,DOWN,0.3934426229508196,0.6065573770491803,0.3934426229508196,0.6065573770491803,DOWN,0.6065573770491803,0.24,0.25,0.75,0.76,0.76,-0.1534426229508196,RAW,NO VALUE,,OLD_SCHEMA,UP,False,UP,False,True,True,False,False,True,False
2026-08-24 23:51:13.907518+00:00,78891.225,-0.4499999999825377,474,46548.6953076227,32496.5368062616,79045.2321138843,0.177773638277328,6617.303728437601,SELL,0,0,0,-0.2423403363898578,-0.2557289796108217,0.0196059527999521,314579.1864086861,105960.1309280365,0.4960750324175038,NORMAL_OR_MIXED,NONE,KXBTC15M-26AUG242000-00,78951.71,6.468401983333334,8.531598016666667,78885.67,-66.04000000000815,DOWN,0.2738853503184713,0.7261146496815287,0.2738853503184713,0.7261146496815287,DOWN,0.7261146496815287,0.26,0.27,0.73,0.74,0.74,-0.0138853503184712,LEAN,NO VALUE,,OLD_SCHEMA,UP,False,UP,False,True,False,False,False,False,False
2026-08-24 23:51:44.178432+00:00,78876.245,-14.980000000010476,486,43282.175629087,6921.879936275001,50204.055565362,0.7242501683050996,11140.338280984,BUY,0,0,0,-0.4427973773738676,-0.2816735786969001,-0.7083274165616181,95656.265940521,84138.8078667584,0.0640588077852902,BUY_IMBALANCE,BUY_FLOW_ABSORBED_OR_REVERSED,KXBTC15M-26AUG242000-00,78951.71,6.468401983333334,8.531598016666667,78885.67,-66.04000000000815,DOWN,0.2738853503184713,0.7261146496815287,0.2738853503184713,0.7261146496815287,DOWN,0.7261146496815287,0.26,0.27,0.73,0.74,0.74,-0.0138853503184712,LEAN,NO VALUE,,OLD_SCHEMA,UP,False,UP,False,True,True,True,False,True,False
2026-08-24 23:52:13.908835+00:00,78873.935,-2.309999999997672,514,9374.7374878503,73337.9840358287,82712.721523679,-0.7733181228919785,12026.8488702661,SELL,0,0,0,-0.2061375160673114,-0.5166494981521074,1.2107044009949586,620453.5726090247,68638.7353943905,0.8007850774208602,SELL_IMBALANCE,SELL_FLOW_WEAK_FOLLOW_THROUGH,KXBTC15M-26AUG242000-00,78951.71,7.409588883333333,7.590411116666667,78890.73,-60.98000000001048,DOWN,0.2406015037593984,0.7593984962406015,0.2406015037593984,0.7593984962406015,DOWN,0.7593984962406015,0.22,0.23,0.77,0.78,0.78,-0.0206015037593985,LEAN,NO VALUE,,OLD_SCHEMA,UP,False,DOWN,True,False,True,True,False,True,False
2026-08-24 23:52:44.501264+00:00,78897.005,23.070000000006985,460,60724.4739786186,39145.917818581,99870.3917971996,0.2160656003418489,12131.1699436872,BUY,0,0,0,-0.0784187774497364,-0.1313026517905968,0.1977482206188396,298228.7068913536,308612.0379755633,-0.0171104711937014,NORMAL_OR_MIXED,NONE,KXBTC15M-26AUG242000-00,78951.71,7.409588883333333,7.590411116666667,78890.73,-60.98000000001048,DOWN,0.2406015037593984,0.7593984962406015,0.2406015037593984,0.7593984962406015,DOWN,0.7593984962406015,0.22,0.23,0.77,0.78,0.78,-0.0206015037593985,LEAN,NO VALUE,,OLD_SCHEMA,UP,False,UP,False,True,False,False,False,False,False
2026-08-24 23:53:13.918066+00:00,78869.065,-27.94000000000233,526,199410.0599669138,58178.6507185037,257588.71068541752,0.5482826047485062,19192.4043198994,BUY,0,0,0,0.9984729106753326,0.8486897805213082,0.7238758823355531,512252.5567799772,126710.9626160353,0.6033859249560592,BUY_IMBALANCE,BUY_FLOW_ABSORBED_OR_REVERSED,KXBTC15M-26AUG242000-00,78951.71,8.361160883333334,6.638839116666667,78876.39,-75.32000000000698,DOWN,0.109375,0.890625,0.109375,0.890625,DOWN,0.890625,0.21,0.22,0.78,0.79,0.79,0.1006249999999999,STRONG,POSITIVE EDGE,,OLD_SCHEMA,UP,False,UP,False,True,True,True,False,True,False
2026-08-24 23:53:43.977943+00:00,78865.64499999999,-3.4200000000128057,479,29170.0735274931,97231.5666229086,126401.64015040173,-0.5384541926388856,8107.569187967999,BUY,0,0,0,0.1294342228318064,-0.3600643151073171,2.924081170918148,250809.6260240067,85688.58710221828,0.4907040586864848,SELL_IMBALANCE,SELL_FLOW_WEAK_FOLLOW_THROUGH,KXBTC15M-26AUG242000-00,78951.71,8.361160883333334,6.638839116666667,78876.39,-75.32000000000698,DOWN,0.109375,0.890625,0.109375,0.890625,DOWN,0.890625,0.21,0.22,0.78,0.79,0.79,0.1006249999999999,STRONG,POSITIVE EDGE,,OLD_SCHEMA,UP,False,DOWN,True,False,True,True,False,True,False
2026-08-24 23:54:13.913847+00:00,78848.195,-17.449999999982538,526,56871.0145294339,68136.6264236411,125007.640953075,-0.0901193863696383,26382.2400567488,SELL,0,0,0,0.1135313612665447,-0.1539245668022313,1.458376014349755,533222.2749551379,80701.2263348454,0.7370968006102551,NORMAL_OR_MIXED,NONE,KXBTC15M-26AUG242000-00,78951.71,9.306786466666669,5.693213533333333,78848.2,-103.51000000000931,DOWN,0.0698924731182795,0.9301075268817204,0.0698924731182795,0.9301075268817204,DOWN,0.9301075268817204,0.078,0.079,0.921,0.922,0.922,0.0081075268817204,90%+ LOCK CANDIDATE,SMALL EDGE,,OLD_SCHEMA,UP,False,DOWN,True,False,False,False,False,False,False
2026-08-24 23:54:43.906428+00:00,78864.92499999999,16.729999999981374,496,83718.0698328689,121941.8021279176,205659.8719607865,-0.1858589715661054,12299.21004,SELL,0,0,0,0.6878918767777945,0.0331241427119147,3.5273955612270305,486207.0933270499,100210.4790141592,0.6582282532425499,NORMAL_OR_MIXED,NONE,KXBTC15M-26AUG242000-00,78951.71,9.306786466666669,5.693213533333333,78848.2,-103.51000000000931,DOWN,0.0698924731182795,0.9301075268817204,0.0698924731182795,0.9301075268817204,DOWN,0.9301075268817204,0.078,0.079,0.921,0.922,0.922,0.0081075268817204,90%+ LOCK CANDIDATE,SMALL EDGE,,OLD_SCHEMA,UP,False,DOWN,True,False,False,False,False,False,False
2026-08-24 23:55:13.935237+00:00,78832.625,-32.29999999998836,553,27515.7692959033,68283.1847125467,95798.95400845,-0.4255517801692019,16578.809398997997,SELL,0,0,0,-0.1249223126703594,-0.3701616181830266,1.185632194541809,224331.3350617164,161115.67510493708,0.1640060975682419,NORMAL_OR_MIXED,NONE,KXBTC15M-26AUG242000-00,78951.71,10.250133233333337,4.749866766666667,78832.63,-119.08000000000176,DOWN,0.0119047619047619,0.988095238095238,0.0119047619047619,0.988095238095238,DOWN,0.988095238095238,0.056,0.057,0.943,0.944,0.944,0.0440952380952381,LOCK,SMALL EDGE,,OLD_SCHEMA,UP,False,DOWN,True,False,False,False,False,False,False
2026-08-24 23:55:43.958927+00:00,78833.63500000001,1.0100000000093132,525,127271.4177808506,53337.255615679096,180608.6733965297,0.4093610831349593,30492.0379527769,BUY,0,0,0,0.4791646736436103,0.3460539229873702,0.6211207895596303,360455.2202709532,157734.18397156993,0.3912103077362533,NORMAL_OR_MIXED,NONE,KXBTC15M-26AUG242000-00,78951.71,11.203369116666666,3.7966308833333335,78868.0,-83.7100000000064,DOWN,0.0512820512820512,0.9487179487179488,0.0512820512820512,0.9487179487179488,DOWN,0.9487179487179488,0.042,0.043,0.957,0.958,0.958,-0.0092820512820512,LOCK,NO VALUE,,OLD_SCHEMA,UP,False,UP,False,True,False,False,False,False,False
2026-08-24 23:56:14.021842+00:00,78867.995,34.35999999998603,606,93061.9435593376,253613.2559165459,346675.1994758835,-0.4631173865333769,17588.2149467622,SELL,0,0,0,1.644794012084994,0.0903024661439707,7.387437796852704,594442.3068071397,75330.0323374623,0.7750577981955187,NORMAL_OR_MIXED,NONE,KXBTC15M-26AUG242000-00,78951.71,11.203369116666666,3.7966308833333335,78868.0,-83.7100000000064,DOWN,0.0512820512820512,0.9487179487179488,0.0512820512820512,0.9487179487179488,DOWN,0.9487179487179488,0.042,0.043,0.957,0.958,0.958,-0.0092820512820512,LOCK,NO VALUE,,OLD_SCHEMA,UP,False,DOWN,True,False,False,False,False,False,False
2026-08-24 23:56:44.135980+00:00,78871.41500000001,3.4200000000128057,481,14570.580290574198,71435.3278920329,86005.9081826071,-0.6611725729437551,10667.750002554,SELL,0,0,0,-0.245202322244037,-0.4684750885738434,0.6798378656911334,393739.5919800054,59624.5670093006,0.7369683252323128,SELL_IMBALANCE,SELL_FLOW_ABSORBED_OR_REVERSED,KXBTC15M-26AUG242000-00,78951.71,12.14261235,2.85738765,78872.63,-79.08000000000175,DOWN,0.0119047619047619,0.988095238095238,0.0119047619047619,0.988095238095238,DOWN,0.988095238095238,0.047,0.048,0.952,0.953,0.953,0.0350952380952381,LOCK,SMALL EDGE,,OLD_SCHEMA,UP,False,DOWN,True,False,True,True,False,True,False
2026-08-24 23:57:13.921511+00:00,78872.625,1.209999999991851,423,25408.1419867494,32562.7650803365,57970.9070670859,-0.1234174770684116,7243.190012887399,SELL,0,0,0,-0.4468980033862086,-0.38685216123272,-0.219874138449788,261917.48432732897,77617.96696417511,0.5427990410489587,NORMAL_OR_MIXED,NONE,KXBTC15M-26AUG242000-00,78951.71,12.14261235,2.85738765,78872.63,-79.08000000000175,DOWN,0.0119047619047619,0.988095238095238,0.0119047619047619,0.988095238095238,DOWN,0.988095238095238,0.047,0.048,0.952,0.953,0.953,0.0350952380952381,LOCK,SMALL EDGE,,OLD_SCHEMA,UP,False,DOWN,True,False,False,False,False,False,False
2026-08-24 23:57:44.141835+00:00,78906.535,33.91000000000349,658,278888.9977282209,157914.4904435506,436803.4881717715,0.2769540778875315,78888.0,BUY,0,0,0,2.180697517277216,1.4096848411968117,2.5756167483358934,244903.0873217004,144436.36881225018,0.2580440202672011,NORMAL_OR_MIXED,NONE,KXBTC15M-26AUG242000-00,78951.71,13.092405766666667,1.9075942333333331,78897.31,-54.40000000000873,DOWN,0.0119047619047619,0.988095238095238,0.0119047619047619,0.988095238095238,DOWN,0.988095238095238,0.062,0.068,0.932,0.938,0.938,0.0500952380952381,LOCK,SMALL EDGE,,OLD_SCHEMA,UP,False,UP,False,True,False,False,False,False,True
2026-08-24 23:58:14.144395+00:00,78926.48,19.944999999992437,422,12651.0796084921,31049.0359282795,43700.1155367716,-0.4210047523628715,7999.9993728832,SELL,0,0,0,-0.5925033387258438,-0.5111199265715397,-0.3334842878513878,236544.92662186653,84400.7340339221,0.4740496951324036,NORMAL_OR_MIXED,NONE,KXBTC15M-26AUG242000-00,78951.71,13.092405766666667,1.9075942333333331,78897.31,-54.40000000000873,DOWN,0.0119047619047619,0.988095238095238,0.0119047619047619,0.988095238095238,DOWN,0.988095238095238,0.062,0.068,0.932,0.938,0.938,0.0500952380952381,LOCK,SMALL EDGE,,OLD_SCHEMA,UP,False,DOWN,True,False,False,False,False,False,False
2026-08-24 23:58:43.942763+00:00,78958.88500000001,32.40500000001339,677,456833.3842231478,106059.4525905113,562892.8368136592,0.6231628983204794,78927.0,BUY,0,0,0,2.8479786545989265,2.5704921588283107,1.2404137380633666,129804.45728717442,227604.5212419315,-0.273636281766751,ABNORMAL_BUY_PRESSURE,NONE,KXBTC15M-26AUG242000-00,78951.71,14.047630233333331,0.9523697666666668,78965.49,13.779999999998836,UP,0.2738853503184713,0.7261146496815287,0.7261146496815287,0.2738853503184713,UP,0.7261146496815287,0.78,0.79,0.21,0.22,0.79,-0.0638853503184713,LEAN,NO VALUE,,OLD_SCHEMA,UP,True,UP,True,True,True,False,False,True,True
2026-08-24 23:59:14.208093+00:00,78981.275,22.389999999984862,523,86015.5678091642,35367.595006415504,121383.16281557972,0.4172569871136029,10047.5934269019,BUY,0,0,0,-0.161446264882418,-0.0760833648833164,-0.3072921613577588,256363.6710965883,202447.25135062943,0.1175133744819719,NORMAL_OR_MIXED,NONE,KXBTC15M-26AUG242000-00,78951.71,14.047630233333331,0.9523697666666668,78965.49,13.779999999998836,UP,0.2738853503184713,0.7261146496815287,0.7261146496815287,0.2738853503184713,UP,0.7261146496815287,0.78,0.79,0.21,0.22,0.79,-0.0638853503184713,LEAN,NO VALUE,,OLD_SCHEMA,UP,True,UP,True,True,False,False,False,False,False
2026-08-24 23:59:44.021702+00:00,78984.215,2.9400000000023283,533,41710.272385686,61891.18406017,103601.456445856,-0.1947937062548045,7897.790261322999,SELL,0,0,0,-0.2805079172807124,-0.3691018313665953,0.2388496024833948,118384.2450915158,212472.62992668623,-0.2843779045848577,NORMAL_OR_MIXED,NONE,KXBTC15M-26AUG242000-00,78951.71,14.996121833333332,0.0038781666666666,78981.92,30.20999999999185,UP,0.1981132075471698,0.8018867924528301,0.8018867924528301,0.1981132075471698,UP,0.8018867924528301,0.993,0.995,0.005,0.007,0.995,-0.1931132075471698,STRONG,NO VALUE,,OLD_SCHEMA,UP,True,DOWN,False,False,False,False,False,False,False
2026-08-25 00:00:13.947007+00:00,78985.515,1.3000000000029104,506,40335.5482271458,96887.1973427989,137222.7455699447,-0.4121157092490019,7898.308000000001,SELL,0,0,0,-0.0784545435586896,-0.3796031539562953,0.9691281817753286,178589.5476966629,206336.24017749677,-0.0720832257928763,NORMAL_OR_MIXED,NONE,KXBTC15M-26AUG242000-00,78951.71,14.996121833333332,0.0038781666666666,78981.92,30.20999999999185,UP,0.1981132075471698,0.8018867924528301,0.8018867924528301,0.1981132075471698,UP,0.8018867924528301,0.993,0.995,0.005,0.007,0.995,-0.1931132075471698,STRONG,NO VALUE,,OLD_SCHEMA,UP,True,DOWN,False,False,False,False,False,False,False
2026-08-25 00:00:43.932165+00:00,78958.975,-26.5399999999936,662,168979.9741008402,342159.5187708126,511139.4928716528,-0.3388107299184135,78996.0,SELL,0,0,0,2.216767353757085,0.4564526018731837,6.0694556294383615,166993.3111051402,172664.68862584818,-0.0166973176701263,NORMAL_OR_MIXED,NONE,KXBTC15M-26AUG242015-15,78977.6,0.94841425,14.05158575,78939.84,-37.76000000000931,DOWN,0.4336734693877551,0.5663265306122449,0.4336734693877551,0.5663265306122449,DOWN,0.5663265306122449,0.41,0.42,0.58,0.59,0.59,-0.023673469387755,RAW,NO VALUE,,OLD_SCHEMA,DOWN,True,DOWN,True,True,False,False,False,False,True
2026-08-25 00:01:14.024577+00:00,78977.26000000001,18.28500000000349,547,73238.4733879158,47615.3128519023,120853.7862398181,0.2120178550729704,11999.9251430051,BUY,0,0,0,-0.2326707247188477,-0.189061000851236,-0.1659446928996256,258804.05661426755,92206.36900674552,0.4746231890770049,NORMAL_OR_MIXED,NONE,KXBTC15M-26AUG242015-15,78977.6,0.94841425,14.05158575,78939.84,-37.76000000000931,DOWN,0.4336734693877551,0.5663265306122449,0.4336734693877551,0.5663265306122449,DOWN,0.5663265306122449,0.41,0.42,0.58,0.59,0.59,-0.023673469387755,RAW,NO VALUE,,OLD_SCHEMA,DOWN,True,UP,False,False,False,False,False,False,False
2026-08-25 00:01:43.955751+00:00,78936.725,-40.53500000000349,462,94062.1051341147,155983.0658708854,250045.17100500007,-0.247639098519253,78943.5,SELL,0,0,0,0.8550439175461926,0.1331994493195488,1.4946253415430923,262255.35197369737,96569.86458178169,0.4617442692082889,NORMAL_OR_MIXED,NONE,KXBTC15M-26AUG242015-15,78977.6,1.89767415,13.10232585,78941.08,-36.52000000000408,DOWN,0.4336734693877551,0.5663265306122449,0.4336734693877551,0.5663265306122449,DOWN,0.5663265306122449,0.37,0.38,0.62,0.63,0.63,-0.063673469387755,RAW,NO VALUE,,OLD_SCHEMA,DOWN,True,DOWN,True,True,False,False,False,False,False
2026-08-25 00:02:14.045447+00:00,78946.995,10.269999999989524,601,55943.2720910786,87451.6686620675,143394.9407531461,-0.2197315777355806,11995.2526199276,BUY,0,0,0,-0.0198577649263357,-0.3050850930614807,0.3757264349368411,276966.5617049471,178612.2638911186,0.2158886504111438,NORMAL_OR_MIXED,NONE,KXBTC15M-26AUG242015-15,78977.6,1.89767415,13.10232585,78941.08,-36.52000000000408,DOWN,0.4336734693877551,0.5663265306122449,0.4336734693877551,0.5663265306122449,DOWN,0.5663265306122449,0.37,0.38,0.62,0.63,0.63,-0.063673469387755,RAW,NO VALUE,,OLD_SCHEMA,DOWN,True,DOWN,True,True,False,False,False,False,False
2026-08-25 00:02:43.951706+00:00,78946.465,-0.5299999999988358,469,33638.4440375385,70921.8457961105,104560.289833649,-0.3565732441817856,10203.151627005402,BUY,0,0,0,-0.3337413927356949,-0.54981474250742,0.1043361287385937,287748.08322733606,153375.37583758033,0.304614739090494,NORMAL_OR_MIXED,NONE,KXBTC15M-26AUG242015-15,78977.6,2.84746665,12.15253335,78939.85,-37.75,DOWN,0.4336734693877551,0.5663265306122449,0.4336734693877551,0.5663265306122449,DOWN,0.5663265306122449,0.39,0.4,0.6,0.61,0.61,-0.043673469387755,RAW,NO VALUE,,OLD_SCHEMA,DOWN,True,DOWN,True,True,False,False,False,False,False
2026-08-25 00:03:14.008884+00:00,78925.565,-20.89999999999418,539,36231.355197245895,53337.3407529654,89568.69595021129,-0.1909817417150768,7999.9995692845,SELL,0,0,0,-0.4636686147366262,-0.5279433626083433,-0.1740021656375332,256557.8611306094,111262.45509347632,0.3950173484941906,NORMAL_OR_MIXED,NONE,KXBTC15M-26AUG242015-15,78977.6,2.84746665,12.15253335,78939.85,-37.75,DOWN,0.4336734693877551,0.5663265306122449,0.4336734693877551,0.5663265306122449,DOWN,0.5663265306122449,0.39,0.4,0.6,0.61,0.61,-0.043673469387755,RAW,NO VALUE,,OLD_SCHEMA,DOWN,True,DOWN,True,True,False,False,False,False,False
2026-08-25 00:03:43.938829+00:00,78974.125,48.55999999999767,483,41429.3163962901,41405.7808852129,82835.097281503,0.0002841248679556,11994.0871483177,BUY,0,0,0,-0.524256324318042,-0.4684266079614712,-0.3694711448438528,221482.68243359905,154945.45364058795,0.176759446004583,NORMAL_OR_MIXED,NONE,KXBTC15M-26AUG242015-15,78977.6,3.797451133333333,11.202548866666666,78974.14,-3.460000000006403,DOWN,0.4336734693877551,0.5663265306122449,0.4336734693877551,0.5663265306122449,DOWN,0.5663265306122449,0.36,0.37,0.63,0.64,0.64,-0.0736734693877551,RAW,NO VALUE,,OLD_SCHEMA,DOWN,True,UP,False,False,False,False,False,False,False
2026-08-25 00:04:13.999913+00:00,78959.85500000001,-14.269999999989524,522,42179.6210347124,59467.845939904,101647.4669746164,-0.1700802333766846,7895.567,SELL,0,0,0,-0.3802111641028587,-0.4592589595936616,-0.1032021434235427,222129.45173741796,69790.01729275999,0.5218543146531602,NORMAL_OR_MIXED,NONE,KXBTC15M-26AUG242015-15,78977.6,3.797451133333333,11.202548866666666,78974.14,-3.460000000006403,DOWN,0.4336734693877551,0.5663265306122449,0.4336734693877551,0.5663265306122449,DOWN,0.5663265306122449,0.36,0.37,0.63,0.64,0.64,-0.0736734693877551,RAW,NO VALUE,,OLD_SCHEMA,DOWN,True,DOWN,True,True,False,False,False,False,False
2026-08-25 00:04:44.233291+00:00,78955.455,-4.400000000008731,461,10680.8759915149,94801.6834476952,105482.55943921008,-0.797485460187941,22341.60315,SELL,0,0,0,-0.3089313496045537,-0.8033518805513487,0.4368584712338125,149334.0549806557,127006.0234754202,0.0807991067744612,SELL_IMBALANCE,SELL_FLOW_WEAK_FOLLOW_THROUGH,KXBTC15M-26AUG242015-15,78977.6,4.746254983333333,10.253745016666668,78959.01,-18.59000000001106,DOWN,0.4336734693877551,0.5663265306122449,0.4336734693877551,0.5663265306122449,DOWN,0.5663265306122449,0.49,0.5,0.5,0.51,0.51,0.0563265306122449,RAW,SMALL EDGE,,OLD_SCHEMA,DOWN,True,DOWN,True,True,True,True,False,True,False
2026-08-25 00:05:14.313305+00:00,78924.275,-31.180000000007567,528,40358.0263591646,81629.3880682546,121987.4144274192,-0.3383247518017187,7893.909007152,SELL,0,0,0,-0.1715601208313786,-0.4186503702051077,0.2121797132298141,235119.80889235483,93388.59684482808,0.4314386164015424,NORMAL_OR_MIXED,NONE,KXBTC15M-26AUG242015-15,78977.6,5.695419966666666,9.304580033333334,78909.56,-68.04000000000815,DOWN,0.2738853503184713,0.7261146496815287,0.2738853503184713,0.7261146496815287,DOWN,0.7261146496815287,0.3,0.31,0.69,0.7,0.7,0.0261146496815287,LEAN,SMALL EDGE,,OLD_SCHEMA,DOWN,True,DOWN,True,True,False,False,False,False,False
2026-08-25 00:05:44.221455+00:00,78900.005,-24.269999999989523,509,112419.62547993228,86725.9064005028,199145.5318804351,0.1290198119777838,9202.2450057,SELL,0,0,0,0.4579029097757202,0.4584775764715423,0.2686293397307673,182033.82342527923,205120.2365903256,-0.0596310759704181,NORMAL_OR_MIXED,NONE,KXBTC15M-26AUG242015-15,78977.6,5.695419966666666,9.304580033333334,78909.56,-68.04000000000815,DOWN,0.2738853503184713,0.7261146496815287,0.2738853503184713,0.7261146496815287,DOWN,0.7261146496815287,0.3,0.31,0.69,0.7,0.7,0.0261146496815287,LEAN,SMALL EDGE,,OLD_SCHEMA,DOWN,True,UP,False,False,False,False,False,False,False
2026-08-25 00:06:13.968021+00:00,78953.86499999999,53.85999999998603,555,154259.2742833512,64905.702556397606,219164.9768397488,0.4077000486819936,14776.514484296998,BUY,0,0,0,0.6105005714606628,0.9655540251359171,-0.09200851180575,317642.7033072114,68875.70014348382,0.6436097245120196,NORMAL_OR_MIXED,NONE,KXBTC15M-26AUG242015-15,78977.6,6.649769966666667,8.350230033333334,78916.05,-61.55000000000291,DOWN,0.2738853503184713,0.7261146496815287,0.2738853503184713,0.7261146496815287,DOWN,0.7261146496815287,0.39,0.4,0.6,0.61,0.61,0.1161146496815287,LEAN,POSITIVE EDGE,,OLD_SCHEMA,DOWN,True,UP,False,False,False,False,False,False,False
2026-08-25 00:06:44.007414+00:00,78905.42499999999,-48.44000000000233,515,38425.0273586853,93911.3105533663,132336.3379120516,-0.4192822929070035,7891.6368975204,SELL,0,0,0,-0.1341422547055247,-0.475424077739258,0.360261324908592,226598.34584900623,151038.0655904917,0.200087380267409,NORMAL_OR_MIXED,NONE,KXBTC15M-26AUG242015-15,78977.6,6.649769966666667,8.350230033333334,78916.05,-61.55000000000291,DOWN,0.2738853503184713,0.7261146496815287,0.2738853503184713,0.7261146496815287,DOWN,0.7261146496815287,0.39,0.4,0.6,0.61,0.61,0.1161146496815287,LEAN,POSITIVE EDGE,,OLD_SCHEMA,DOWN,True,DOWN,True,True,False,False,False,False,False
2026-08-25 00:07:14.398023+00:00,78982.67499999999,77.25,592,136234.09443950502,70761.3495663476,206995.44400585265,0.3163004151497471,8649.197984,SELL,0,0,0,0.4950942674977994,0.7534386296051079,-0.0266627351585636,146729.38441143112,61505.007757710206,0.4092713781136413,NORMAL_OR_MIXED,NONE,KXBTC15M-26AUG242015-15,78977.6,7.603142216666667,7.396857783333333,79024.53,46.929999999993015,UP,0.2738853503184713,0.7261146496815287,0.7261146496815287,0.2738853503184713,UP,0.7261146496815287,0.66,0.67,0.33,0.34,0.67,0.0561146496815286,LEAN,SMALL EDGE,,OLD_SCHEMA,DOWN,False,UP,True,False,False,False,False,False,False
2026-08-25 00:07:44.510077+00:00,79048.445,65.77000000001863,668,134286.9249169746,65369.0773839961,199656.0023009707,0.3451829483648006,9999.99933,BUY,0,0,0,0.4093802231308087,0.6992640628610479,-0.1255083000397256,249135.6987354232,124607.799033823,0.333190812535514,NORMAL_OR_MIXED,NONE,KXBTC15M-26AUG242015-15,78977.6,7.603142216666667,7.396857783333333,79024.53,46.929999999993015,UP,0.2738853503184713,0.7261146496815287,0.7261146496815287,0.2738853503184713,UP,0.7261146496815287,0.66,0.67,0.33,0.34,0.67,0.0561146496815286,LEAN,SMALL EDGE,,OLD_SCHEMA,DOWN,False,UP,True,False,False,False,False,False,False
2026-08-25 00:08:14.389876+00:00,79011.235,-37.2100000000064,467,43920.6660769223,67404.6941554567,111325.360232379,-0.2109494910190649,8370.2228766212,SELL,0,0,0,-0.353334495218666,-0.4296273837100411,-0.1116636354523858,366773.7334797229,75211.33971506919,0.6596657024119817,NORMAL_OR_MIXED,NONE,KXBTC15M-26AUG242015-15,78977.6,8.551405616666667,6.448594383333333,79001.73,24.129999999990105,UP,0.4285714285714285,0.5714285714285714,0.5714285714285714,0.4285714285714285,UP,0.5714285714285714,0.51,0.52,0.48,0.49,0.52,0.0514285714285713,RAW,SMALL EDGE,,OLD_SCHEMA,DOWN,False,DOWN,False,True,False,False,False,False,False
2026-08-25 00:08:44.391651+00:00,78981.255,-29.979999999995925,556,56598.2442137842,68214.6202658892,124812.8644796734,-0.0930703425526845,8655.981128,BUY,0,0,0,-0.2571921955555368,-0.2825472170688825,-0.1185769337463193,224621.7191502594,145977.93668971982,0.2122068415910701,NORMAL_OR_MIXED,NONE,KXBTC15M-26AUG242015-15,78977.6,8.551405616666667,6.448594383333333,79001.73,24.129999999990105,UP,0.4285714285714285,0.5714285714285714,0.5714285714285714,0.4285714285714285,UP,0.5714285714285714,0.51,0.52,0.48,0.49,0.52,0.0514285714285713,RAW,SMALL EDGE,,OLD_SCHEMA,DOWN,False,DOWN,False,True,False,False,False,False,False
2026-08-25 00:09:13.940372+00:00,78967.265,-13.99000000000524,788,523750.22513754334,263641.96830780763,787392.193445351,0.3303414219686298,28852.606440282,BUY,0,0,0,5.341501678922039,5.413569915613214,3.015490890194672,291070.46065138065,162083.7978929762,0.2846418417709267,NORMAL_OR_MIXED,NONE,KXBTC15M-26AUG242015-15,78977.6,9.501013266666666,5.498986733333334,78955.14,-22.460000000006403,DOWN,0.4285714285714285,0.5714285714285714,0.4285714285714285,0.5714285714285714,DOWN,0.5714285714285714,0.45,0.46,0.54,0.55,0.55,0.0214285714285713,RAW,SMALL EDGE,,OLD_SCHEMA,DOWN,True,UP,False,False,False,False,False,False,True
2026-08-25 00:09:43.969681+00:00,78902.465,-64.80000000000291,546,14484.5912113004,126297.59535087273,140782.1865621731,-0.7942269321850088,9989.142382914,SELL,0,0,0,-0.2267157090441078,-0.725482320414178,0.6371972797205554,213498.2821820135,292434.5543840631,-0.156021247282178,SELL_IMBALANCE,NONE,KXBTC15M-26AUG242015-15,78977.6,9.501013266666666,5.498986733333334,78955.14,-22.460000000006403,DOWN,0.4285714285714285,0.5714285714285714,0.4285714285714285,0.5714285714285714,DOWN,0.5714285714285714,0.45,0.46,0.54,0.55,0.55,0.0214285714285713,RAW,SMALL EDGE,,OLD_SCHEMA,DOWN,True,DOWN,True,True,True,False,False,True,False
2026-08-25 00:10:13.920634+00:00,78968.39499999999,65.92999999999302,481,62376.5770153943,32278.5219771572,94655.0989925515,0.3179760557918337,11280.42252123,SELL,0,0,0,-0.5423681999242271,-0.2670256721959563,-0.8003895805574883,390868.3789844987,71793.5265491551,0.6896501497509485,NORMAL_OR_MIXED,NONE,KXBTC15M-26AUG242015-15,78977.6,10.451856366666668,4.548143633333334,78971.13,-6.470000000001164,DOWN,0.4336734693877551,0.5663265306122449,0.4336734693877551,0.5663265306122449,DOWN,0.5663265306122449,0.49,0.5,0.5,0.51,0.51,0.0563265306122449,RAW,SMALL EDGE,,OLD_SCHEMA,DOWN,True,UP,False,False,False,False,False,False,False
2026-08-25 00:10:43.998945+00:00,78974.16500000001,5.7700000000186265,634,41066.6336575456,97822.2395031235,138888.8731606691,-0.4086404083639012,7999.999263169499,BUY,0,0,0,-0.2556108189106958,-0.4705636318674089,0.1761661345828713,181025.72002885523,154274.0389139332,0.079784373240443,NORMAL_OR_MIXED,NONE,KXBTC15M-26AUG242015-15,78977.6,10.451856366666668,4.548143633333334,78971.13,-6.470000000001164,DOWN,0.4336734693877551,0.5663265306122449,0.4336734693877551,0.5663265306122449,DOWN,0.5663265306122449,0.49,0.5,0.5,0.51,0.51,0.0563265306122449,RAW,SMALL EDGE,,OLD_SCHEMA,DOWN,True,DOWN,True,True,False,False,False,False,False
2026-08-25 00:11:13.946043+00:00,78987.265,13.099999999991269,558,43957.5412882742,81129.3152467738,125086.856535048,-0.2971677040112081,11992.2373405926,SELL,0,0,0,-0.3624028091666942,-0.4390061225468696,-0.1115191099764575,314198.20853411185,154524.49264272992,0.3406570995825089,NORMAL_OR_MIXED,NONE,KXBTC15M-26AUG242015-15,78977.6,11.400303583333336,3.5996964166666667,79022.92,45.31999999999243,UP,0.2406015037593984,0.7593984962406015,0.7593984962406015,0.2406015037593984,UP,0.7593984962406015,0.48,0.49,0.51,0.52,0.49,0.2693984962406015,LEAN,IDEAL <=50c / LARGE EDGE,,OLD_SCHEMA,DOWN,False,DOWN,False,True,False,False,False,False,False
2026-08-25 00:11:44.017453+00:00,78991.985,4.720000000001164,532,170065.3880506685,66745.9682172615,236811.35626793,0.4362941940863287,48317.5871549448,BUY,0,0,0,0.3735598625860863,0.7333258797534589,-0.3524537390235226,220846.9565749756,143619.6408329573,0.2118913400878294,NORMAL_OR_MIXED,NONE,KXBTC15M-26AUG242015-15,78977.6,11.400303583333336,3.5996964166666667,79022.92,45.31999999999243,UP,0.2406015037593984,0.7593984962406015,0.7593984962406015,0.2406015037593984,UP,0.7593984962406015,0.48,0.49,0.51,0.52,0.49,0.2693984962406015,LEAN,IDEAL <=50c / LARGE EDGE,,OLD_SCHEMA,DOWN,False,UP,True,False,False,False,False,False,False
2026-08-25 00:12:14.391678+00:00,78968.39499999999,-23.59000000001106,493,13802.5627213873,98717.4745477407,112520.037269128,-0.7546648035962873,12017.9675087948,SELL,0,0,0,-0.490494597291762,-0.7450574534120391,0.1185143788255167,234102.7149495293,139666.2942521812,0.2526598470511073,SELL_IMBALANCE,NONE,KXBTC15M-26AUG242015-15,78977.6,12.34238175,2.65761825,78988.26,10.65999999998894,UP,0.3652173913043478,0.6347826086956522,0.6347826086956522,0.3652173913043478,UP,0.6347826086956522,0.54,0.55,0.45,0.46,0.55,0.0847826086956521,RAW,SMALL EDGE,,OLD_SCHEMA,DOWN,False,DOWN,False,True,True,False,False,True,False
2026-08-25 00:12:44.011507+00:00,79005.42499999999,37.02999999999884,617,137270.6302327443,100372.0614615467,237642.69169429105,0.1552691080383181,16577.534423551497,BUY,0,0,0,0.3469104529524381,0.3969673216336408,0.1346234003632126,189721.4254711314,63286.24029776111,0.4997286733946683,NORMAL_OR_MIXED,NONE,KXBTC15M-26AUG242015-15,78977.6,12.34238175,2.65761825,78988.26,10.65999999998894,UP,0.3652173913043478,0.6347826086956522,0.6347826086956522,0.3652173913043478,UP,0.6347826086956522,0.54,0.55,0.45,0.46,0.55,0.0847826086956521,RAW,SMALL EDGE,,OLD_SCHEMA,DOWN,False,UP,True,False,False,False,False,False,False
2026-08-25 00:13:13.946305+00:00,79020.765,15.34000000001106,518,23034.9277563666,55987.6477218355,79022.5754782021,-0.4170038721979988,8293.788914397799,SELL,0,0,0,-0.7483920685186728,-0.6784740044490588,-0.5910116733104818,298407.7032628567,174910.12074254078,0.2609189349245965,NORMAL_OR_MIXED,NONE,KXBTC15M-26AUG242015-15,78977.6,13.288313216666667,1.7116867833333334,79020.77,43.169999999998254,UP,0.1071428571428571,0.8928571428571429,0.8928571428571429,0.1071428571428571,UP,0.8928571428571429,0.76,0.77,0.23,0.24,0.77,0.1228571428571428,STRONG,POSITIVE EDGE,,OLD_SCHEMA,DOWN,False,DOWN,False,True,False,False,False,False,False
2026-08-25 00:13:43.960228+00:00,78954.565,-66.19999999999709,656,389072.2183526567,143609.5859049435,532681.8042576002,0.4608053635130544,24645.7915055664,BUY,0,0,0,2.3416400299702085,2.768732231906229,0.79646082919888,155723.59135250296,328678.2403830364,-0.3570478840075042,NORMAL_OR_MIXED,NONE,KXBTC15M-26AUG242015-15,78977.6,13.288313216666667,1.7116867833333334,79020.77,43.169999999998254,UP,0.1071428571428571,0.8928571428571429,0.8928571428571429,0.1071428571428571,UP,0.8928571428571429,0.76,0.77,0.23,0.24,0.77,0.1228571428571428,STRONG,POSITIVE EDGE,,OLD_SCHEMA,DOWN,False,UP,True,False,False,False,False,False,True
2026-08-25 00:14:13.985801+00:00,78936.785,-17.779999999998836,520,48521.5949397472,111008.258763118,159529.8537028652,-0.3916926040674262,15988.56590916,SELL,0,0,0,-0.2271865494755151,-0.4501550961144969,0.2603141142202857,315608.21152306884,345850.78993722977,-0.0457210172473193,NORMAL_OR_MIXED,NONE,KXBTC15M-26AUG242015-15,78977.6,14.242141133333332,0.7578588666666667,78939.84,-37.76000000000931,DOWN,0.0698924731182795,0.9301075268817204,0.0698924731182795,0.9301075268817204,DOWN,0.9301075268817204,0.14,0.15,0.85,0.86,0.86,0.0701075268817205,LOCK,SMALL EDGE,,OLD_SCHEMA,DOWN,True,DOWN,True,True,False,False,False,False,False
2026-08-25 00:14:44.013374+00:00,78935.08499999999,-1.7000000000116415,577,121565.2231306326,109769.00411815452,231334.22724878712,0.0509921041636087,16705.091032215,SELL,0,0,0,0.2232420539821739,0.1790783316172586,0.2243484775546649,366262.5605770592,321923.297522576,0.0644291982066039,NORMAL_OR_MIXED,NONE,KXBTC15M-26AUG242015-15,78977.6,14.242141133333332,0.7578588666666667,78939.84,-37.76000000000931,DOWN,0.0698924731182795,0.9301075268817204,0.0698924731182795,0.9301075268817204,DOWN,0.9301075268817204,0.14,0.15,0.85,0.86,0.86,0.0701075268817205,LOCK,SMALL EDGE,,OLD_SCHEMA,DOWN,True,UP,False,False,False,False,False,False,False
2026-08-25 00:15:13.967069+00:00,78919.995,-15.089999999996508,502,35512.161475774,63145.7407636516,98657.9022394256,-0.2800949408068265,9394.38479,SELL,0,0,0,-0.6236772486901948,-0.567786139411661,-0.5047182156104555,334132.00268210314,326389.0377641736,0.0117225106299385,NORMAL_OR_MIXED,NONE,KXBTC15M-26AUG242030-30,78946.1,0.7172630833333333,14.282736916666666,78884.11,-61.99000000000524,DOWN,0.4285714285714285,0.5714285714285714,0.4285714285714285,0.5714285714285714,DOWN,0.5714285714285714,0.45,0.46,0.54,0.55,0.55,0.0214285714285713,RAW,SMALL EDGE,,OLD_SCHEMA,DOWN,True,DOWN,True,True,False,False,False,False,False
2026-08-25 00:15:44.008481+00:00,78884.095,-35.89999999999418,505,17853.9540352495,105813.3781235526,123667.33215880208,-0.7112583618716201,16424.5397760177,SELL,0,0,0,-0.4654134981620947,-0.7218367215050392,0.1690602303915973,128343.27501816832,175301.16166329518,-0.1546476107329039,SELL_IMBALANCE,NONE,KXBTC15M-26AUG242030-30,78946.1,0.7172630833333333,14.282736916666666,78884.11,-61.99000000000524,DOWN,0.4285714285714285,0.5714285714285714,0.4285714285714285,0.5714285714285714,DOWN,0.5714285714285714,0.45,0.46,0.54,0.55,0.55,0.0214285714285713,RAW,SMALL EDGE,,OLD_SCHEMA,DOWN,True,DOWN,True,True,True,False,False,True,False
2026-08-25 00:16:14.229416+00:00,78830.33499999999,-53.76000000000931,636,106336.4291386605,420600.3051196106,526936.7342582712,-0.5963977372412943,78874.5,SELL,0,0,0,2.1004862129730317,0.0616893080794688,5.127891027569508,215580.630930376,158463.3011936618,0.1527021957350543,SELL_IMBALANCE,NONE,KXBTC15M-26AUG242030-30,78946.1,1.6654605333333334,13.334539466666666,78811.32,-134.77999999999884,DOWN,0.2738853503184713,0.7261146496815287,0.2738853503184713,0.7261146496815287,DOWN,0.7261146496815287,0.26,0.27,0.73,0.74,0.74,-0.0138853503184712,LEAN,NO VALUE,,OLD_SCHEMA,DOWN,True,DOWN,True,True,True,False,False,True,True
2026-08-25 00:16:44.011724+00:00,78788.985,-41.34999999999127,497,22629.5469233416,101441.4598305228,124071.0067538644,-0.6352161957025988,13080.711102673102,SELL,0,0,0,-0.461658558196185,-0.6564443012310478,0.011462543862032,347184.1174248422,148414.25256454048,0.401070457242545,SELL_IMBALANCE,NONE,KXBTC15M-26AUG242030-30,78946.1,1.6654605333333334,13.334539466666666,78811.32,-134.77999999999884,DOWN,0.2738853503184713,0.7261146496815287,0.2738853503184713,0.7261146496815287,DOWN,0.7261146496815287,0.26,0.27,0.73,0.74,0.74,-0.0138853503184712,LEAN,NO VALUE,,OLD_SCHEMA,DOWN,True,DOWN,True,True,True,False,False,True,False
2026-08-25 00:17:13.976043+00:00,78772.155,-16.830000000001746,632,57492.1594897467,108897.6839802442,166389.84346999088,-0.3089462879371523,18222.2971729346,SELL,0,0,0,-0.2108611782994676,-0.3606856416558552,0.0982873740124201,342827.95260591747,127756.71028640062,0.4570298594043441,NORMAL_OR_MIXED,NONE,KXBTC15M-26AUG242030-30,78946.1,2.61371975,12.38628025,78779.7,-166.40000000000873,DOWN,0.2406015037593984,0.7593984962406015,0.2406015037593984,0.7593984962406015,DOWN,0.7593984962406015,0.21,0.22,0.78,0.79,0.79,-0.0306015037593985,LEAN,NO VALUE,,OLD_SCHEMA,DOWN,True,DOWN,True,True,False,False,False,False,False
2026-08-25 00:17:44.020722+00:00,78787.525,15.369999999995343,555,40396.4293241957,60993.2489654244,101389.67828962007,-0.2031451326080135,7880.1725437816,SELL,0,0,0,-0.6296717061597268,-0.5155866913567376,-0.5520880022624732,173722.87583556297,266534.52240887954,-0.2108122360769167,NORMAL_OR_MIXED,NONE,KXBTC15M-26AUG242030-30,78946.1,2.61371975,12.38628025,78779.7,-166.40000000000873,DOWN,0.2406015037593984,0.7593984962406015,0.2406015037593984,0.7593984962406015,DOWN,0.7593984962406015,0.21,0.22,0.78,0.79,0.79,-0.0306015037593985,LEAN,NO VALUE,,OLD_SCHEMA,DOWN,True,DOWN,True,True,False,False,False,False,False
2026-08-25 00:18:13.922240+00:00,78732.92499999999,-54.60000000000582,492,147247.3894617127,39462.0503185529,186709.4397802656,0.5772891786832529,24112.8603899922,BUY,0,0,0,-0.053975241060131,0.4658255561535613,-0.8044454314891448,87991.1209874043,132313.7154054789,-0.2011875687514702,BUY_IMBALANCE,BUY_FLOW_ABSORBED_OR_REVERSED,KXBTC15M-26AUG242030-30,78946.1,3.574086666666666,11.425913333333334,78768.49,-177.61000000000058,DOWN,0.1071428571428571,0.8928571428571429,0.1071428571428571,0.8928571428571429,DOWN,0.8928571428571429,0.16,0.17,0.83,0.84,0.84,0.0528571428571429,STRONG,SMALL EDGE,,OLD_SCHEMA,DOWN,True,UP,False,False,True,True,False,True,False
2026-08-25 00:18:43.971460+00:00,78754.205,21.280000000013388,584,17795.887993832202,85225.3648629348,103021.252856767,-0.654520062601563,10548.8373076086,SELL,0,0,0,-0.6106487957057506,-0.7099265384517631,-0.2074132185468943,87038.60679814531,158501.452362074,-0.2910435299573577,SELL_IMBALANCE,SELL_FLOW_ABSORBED_OR_REVERSED,KXBTC15M-26AUG242030-30,78946.1,3.574086666666666,11.425913333333334,78768.49,-177.61000000000058,DOWN,0.1071428571428571,0.8928571428571429,0.1071428571428571,0.8928571428571429,DOWN,0.8928571428571429,0.16,0.17,0.83,0.84,0.84,0.0528571428571429,STRONG,SMALL EDGE,,OLD_SCHEMA,DOWN,True,DOWN,True,True,True,True,False,True,False
2026-08-25 00:19:13.966528+00:00,78711.525,-42.68000000000757,519,26239.071008456,74456.9085961496,100695.9796046056,-0.4788457074157927,22906.818054528,SELL,0,0,0,-0.5922203628389657,-0.6209961827416067,-0.3419961047877455,514236.13893146697,169396.0287626331,0.5044234699077779,NORMAL_OR_MIXED,NONE,KXBTC15M-26AUG242030-30,78946.1,4.521614866666667,10.478385133333337,78763.1,-183.0,DOWN,0.0698924731182795,0.9301075268817204,0.0698924731182795,0.9301075268817204,DOWN,0.9301075268817204,0.15,0.16,0.84,0.85,0.85,0.0801075268817205,EARLY 90%+ / NOT YET VALIDATED LOCK,SMALL EDGE,,OLD_SCHEMA,DOWN,True,DOWN,True,True,False,False,False,False,False
2026-08-25 00:19:43.995759+00:00,78787.525,76.0,630,99486.5335610546,188394.9697846092,287881.50334566383,-0.3088369179342545,30506.116053150403,SELL,0,0,0,0.6892036235868015,0.1437337644554387,1.151566321728571,225021.8964203808,65696.4864256072,0.5480403696355809,NORMAL_OR_MIXED,NONE,KXBTC15M-26AUG242030-30,78946.1,4.521614866666667,10.478385133333337,78763.1,-183.0,DOWN,0.0698924731182795,0.9301075268817204,0.0698924731182795,0.9301075268817204,DOWN,0.9301075268817204,0.15,0.16,0.84,0.85,0.85,0.0801075268817205,EARLY 90%+ / NOT YET VALIDATED LOCK,SMALL EDGE,,OLD_SCHEMA,DOWN,True,DOWN,True,True,False,False,False,False,False
2026-08-25 00:20:13.940406+00:00,78758.945,-28.579999999987194,488,72552.8635759112,77594.3988467607,150147.2624226719,-0.0335772706708253,12047.3839187578,SELL,0,0,0,-0.2813228572196766,-0.1458586237100552,-0.3536513113432626,261813.0454674856,108573.15786818488,0.4137300099713047,NORMAL_OR_MIXED,NONE,KXBTC15M-26AUG242030-30,78946.1,5.474535866666667,9.525464133333331,78762.49,-183.61000000000055,DOWN,0.0698924731182795,0.9301075268817204,0.0698924731182795,0.9301075268817204,DOWN,0.9301075268817204,0.15,0.16,0.84,0.85,0.85,0.0801075268817205,EARLY 90%+ / NOT YET VALIDATED LOCK,SMALL EDGE,,OLD_SCHEMA,DOWN,True,DOWN,True,True,False,False,False,False,False
2026-08-25 00:20:44.037772+00:00,78740.11499999999,-18.830000000016295,545,16367.854256920798,78832.7922246738,95200.6464815946,-0.6561398506871434,12922.8585486462,SELL,0,0,0,-0.6582644262939221,-0.7300003773036623,-0.330665952442629,122975.5067498545,89261.5441841458,0.1588505042703066,SELL_IMBALANCE,NONE,KXBTC15M-26AUG242030-30,78946.1,5.474535866666667,9.525464133333331,78762.49,-183.61000000000055,DOWN,0.0698924731182795,0.9301075268817204,0.0698924731182795,0.9301075268817204,DOWN,0.9301075268817204,0.15,0.16,0.84,0.85,0.85,0.0801075268817205,EARLY 90%+ / NOT YET VALIDATED LOCK,SMALL EDGE,,OLD_SCHEMA,DOWN,True,DOWN,True,True,True,False,False,True,False
2026-08-25 00:21:13.982551+00:00,78740.11499999999,0.0,467,6738.5098833285,45353.287729225,52091.7976125535,-0.7412832656132181,14155.4461833666,SELL,0,0,0,-0.9355052830235916,-0.7917594050303416,-0.785854446658808,257346.24462395857,178049.7360804064,0.1821250357324605,SELL_IMBALANCE,SELL_FLOW_ABSORBED_OR_REVERSED,KXBTC15M-26AUG242030-30,78946.1,6.421069849999999,8.57893015,78759.85,-186.25,DOWN,0.0119047619047619,0.988095238095238,0.0119047619047619,0.988095238095238,DOWN,0.988095238095238,0.13,0.14,0.86,0.87,0.87,0.1180952380952381,EARLY 90%+ / NOT YET VALIDATED LOCK,POSITIVE EDGE,,OLD_SCHEMA,DOWN,True,DOWN,True,True,True,True,False,True,False
2026-08-25 00:21:44.000424+00:00,78772.125,32.01000000000931,449,29718.666052058,45754.820957773605,75473.4870098316,-0.2124740162545643,7946.877090627901,SELL,0,0,0,-0.747569881572592,-0.5346183390887074,-0.7784491060737166,186293.8939359178,89061.13079971731,0.3531178093791912,NORMAL_OR_MIXED,NONE,KXBTC15M-26AUG242030-30,78946.1,6.421069849999999,8.57893015,78759.85,-186.25,DOWN,0.0119047619047619,0.988095238095238,0.0119047619047619,0.988095238095238,DOWN,0.988095238095238,0.13,0.14,0.86,0.87,0.87,0.1180952380952381,EARLY 90%+ / NOT YET VALIDATED LOCK,POSITIVE EDGE,,OLD_SCHEMA,DOWN,True,DOWN,True,True,False,False,False,False,False
2026-08-25 00:22:13.941383+00:00,78824.10500000001,51.98000000001048,594,37372.6546607671,98913.44636132068,136286.1010220878,-0.4515558904321411,30561.629658142698,SELL,0,0,0,-0.2789587656354688,-0.4387594321945135,0.0629548346228606,231218.7128850991,85838.88090705649,0.4585281501673955,NORMAL_OR_MIXED,NONE,KXBTC15M-26AUG242030-30,78946.1,7.367743966666667,7.632256033333333,78803.25,-142.85000000000582,DOWN,0.0698924731182795,0.9301075268817204,0.0698924731182795,0.9301075268817204,DOWN,0.9301075268817204,0.15,0.16,0.84,0.85,0.85,0.0801075268817205,EARLY 90%+ / NOT YET VALIDATED LOCK,SMALL EDGE,,OLD_SCHEMA,DOWN,True,DOWN,True,True,False,False,False,False,False
2026-08-25 00:22:44.081752+00:00,78826.755,2.6499999999941792,619,40236.09928030701,95843.6541092587,136079.7533895657,-0.4086394444716532,24495.8206678485,SELL,0,0,0,-0.2790738101542129,-0.4042908578972566,0.0123106894308376,231403.7787386663,109635.0994753756,0.3570521927029872,NORMAL_OR_MIXED,NONE,KXBTC15M-26AUG242030-30,78946.1,7.367743966666667,7.632256033333333,78803.25,-142.85000000000582,DOWN,0.0698924731182795,0.9301075268817204,0.0698924731182795,0.9301075268817204,DOWN,0.9301075268817204,0.15,0.16,0.84,0.85,0.85,0.0801075268817205,EARLY 90%+ / NOT YET VALIDATED LOCK,SMALL EDGE,,OLD_SCHEMA,DOWN,True,DOWN,True,True,False,False,False,False,False
2026-08-25 00:23:13.974187+00:00,78834.555,7.7999999999883585,444,95079.2878503736,64196.6206665607,159275.90851693432,0.1938941517984148,18076.623455664,BUY,0,0,0,-0.1191249814789098,0.1505736582824984,-0.4754908168655596,209970.6785984796,105430.92909377428,0.331449640569707,NORMAL_OR_MIXED,NONE,KXBTC15M-26AUG242030-30,78946.1,8.311478933333333,6.688521066666667,78833.37,-112.73000000001048,DOWN,0.109375,0.890625,0.109375,0.890625,DOWN,0.890625,0.15,0.16,0.84,0.85,0.85,0.040625,STRONG,SMALL EDGE,,OLD_SCHEMA,DOWN,True,UP,False,False,False,False,False,False,False
2026-08-25 00:23:44.224986+00:00,78830.695,-3.85999999998603,513,92705.8968154997,240661.4994216887,333367.3962371884,-0.4438214542759895,40095.28001799779,SELL,0,0,0,1.1211473061874222,0.1117988307653943,2.193043585109664,248601.42475694927,104809.89300897738,0.4068673653604062,NORMAL_OR_MIXED,NONE,KXBTC15M-26AUG242030-30,78946.1,8.311478933333333,6.688521066666667,78833.37,-112.73000000001048,DOWN,0.109375,0.890625,0.109375,0.890625,DOWN,0.890625,0.15,0.16,0.84,0.85,0.85,0.040625,STRONG,SMALL EDGE,,OLD_SCHEMA,DOWN,True,DOWN,True,True,False,False,False,False,False
2026-08-25 00:24:14.375366+00:00,78835.125,4.429999999993015,399,26501.9138425736,32946.1406137679,59448.0544563415,-0.1084009700591114,7999.9994623995,BUY,0,0,0,-0.8881972420718104,-0.5761716785276698,-0.9828820744480072,196464.1466802357,157380.492692182,0.1104542774969627,NORMAL_OR_MIXED,NONE,KXBTC15M-26AUG242030-30,78946.1,9.255566483333332,5.744433516666667,78841.83,-104.27000000000407,DOWN,0.1071428571428571,0.8928571428571429,0.1071428571428571,0.8928571428571429,DOWN,0.8928571428571429,0.17,0.18,0.82,0.83,0.83,0.0628571428571429,STRONG,SMALL EDGE,,OLD_SCHEMA,DOWN,True,DOWN,True,True,False,False,False,False,False
2026-08-25 00:24:44.095116+00:00,78816.08499999999,-19.04000000000815,593,62447.0733634307,108487.301631225,170934.3749946557,-0.26934446783588,16162.577199999998,SELL,0,0,0,-0.0845781402538806,-0.2052132979826024,0.118381400818104,425837.4344412239,155638.06435485854,0.4646788568835667,NORMAL_OR_MIXED,NONE,KXBTC15M-26AUG242030-30,78946.1,10.205318716666666,4.794681283333333,78835.11,-110.99000000000524,DOWN,0.0698924731182795,0.9301075268817204,0.0698924731182795,0.9301075268817204,DOWN,0.9301075268817204,0.072,0.074,0.926,0.928,0.928,0.0021075268817204,LOCK,SMALL EDGE,,OLD_SCHEMA,DOWN,True,DOWN,True,True,False,False,False,False,False
2026-08-25 00:25:14.024337+00:00,78835.10500000001,19.020000000018623,586,268781.35581249,372348.7904227297,641130.1462352197,-0.1615388626137735,54625.83891005,SELL,0,0,0,3.2531944966196216,1.8934872648092136,3.9009445327144303,305686.8986024337,170234.65670458533,0.284610437134892,NORMAL_OR_MIXED,NONE,KXBTC15M-26AUG242030-30,78946.1,10.205318716666666,4.794681283333333,78835.11,-110.99000000000524,DOWN,0.0698924731182795,0.9301075268817204,0.0698924731182795,0.9301075268817204,DOWN,0.9301075268817204,0.072,0.074,0.926,0.928,0.928,0.0021075268817204,LOCK,SMALL EDGE,,OLD_SCHEMA,DOWN,True,DOWN,True,True,False,False,False,False,True
2026-08-25 00:25:43.956627+00:00,78839.875,4.769999999989523,478,65709.3994628852,43644.9442034936,109354.3436663788,0.2017702682822224,11967.5978709134,BUY,0,0,0,-0.5612093987265029,-0.2354617707253663,-0.7880518072329236,309297.76518667705,114534.88399432518,0.4595277913787531,NORMAL_OR_MIXED,NONE,KXBTC15M-26AUG242030-30,78946.1,11.15061675,3.84938325,78862.75,-83.35000000000582,DOWN,0.0698924731182795,0.9301075268817204,0.0698924731182795,0.9301075268817204,DOWN,0.9301075268817204,0.084,0.085,0.915,0.916,0.916,0.0141075268817204,LOCK,SMALL EDGE,,OLD_SCHEMA,DOWN,True,UP,False,False,False,False,False,False,False
2026-08-25 00:26:14.102786+00:00,78848.045,8.169999999998254,411,84159.6469197001,157155.3647853863,241315.0117050864,-0.3024914088432055,46377.43572,SELL,0,0,0,0.2924661531575238,-0.0422322376966911,0.6141890238263698,216132.9486599585,153633.21392032958,0.1690250246358283,NORMAL_OR_MIXED,NONE,KXBTC15M-26AUG242030-30,78946.1,11.15061675,3.84938325,78862.75,-83.35000000000582,DOWN,0.0698924731182795,0.9301075268817204,0.0698924731182795,0.9301075268817204,DOWN,0.9301075268817204,0.084,0.085,0.915,0.916,0.916,0.0141075268817204,LOCK,SMALL EDGE,,OLD_SCHEMA,DOWN,True,DOWN,True,True,False,False,False,False,False
2026-08-25 00:26:43.948131+00:00,78816.10500000001,-31.939999999987776,518,174343.6679606282,117049.5478353677,291393.2157959959,0.1966213247921737,14304.8590266582,BUY,0,0,0,0.60623055401057,0.8679916800609898,0.097050252522583,188271.24210125956,203990.50431406603,-0.0400734008769822,NORMAL_OR_MIXED,NONE,KXBTC15M-26AUG242030-30,78946.1,12.10522705,2.89477295,78796.91,-149.19000000000233,DOWN,0.0119047619047619,0.988095238095238,0.0119047619047619,0.988095238095238,DOWN,0.988095238095238,0.1,0.11,0.89,0.9,0.9,0.0880952380952381,LOCK,SMALL EDGE,,OLD_SCHEMA,DOWN,True,UP,False,False,False,False,False,False,False
2026-08-25 00:27:14.369804+00:00,78792.275,-23.830000000016295,439,153809.8764336439,51143.5667681628,204953.4432018067,0.5009250299073584,12607.528,BUY,0,0,0,0.0329075183174091,0.6272447754252536,-0.7128232213914681,470945.8303974083,158792.7526983731,0.4956867596781149,BUY_IMBALANCE,BUY_FLOW_ABSORBED_OR_REVERSED,KXBTC15M-26AUG242030-30,78946.1,12.10522705,2.89477295,78796.91,-149.19000000000233,DOWN,0.0119047619047619,0.988095238095238,0.0119047619047619,0.988095238095238,DOWN,0.988095238095238,0.1,0.11,0.89,0.9,0.9,0.0880952380952381,LOCK,SMALL EDGE,,OLD_SCHEMA,DOWN,True,UP,False,False,True,True,False,True,False
2026-08-25 00:27:44.153366+00:00,78774.705,-17.569999999992433,455,32289.887404951303,75252.2401639914,107542.1275689427,-0.3994932379545677,12130.948256413798,SELL,0,0,0,-0.5829884137015097,-0.5720191651401149,-0.4117099917064881,303391.9540018799,144997.5032852371,0.3532519512723917,NORMAL_OR_MIXED,NONE,KXBTC15M-26AUG242030-30,78946.1,13.058662416666666,1.9413375833333333,78792.26,-153.84000000001106,DOWN,0.0,1.0,0.0,1.0,DOWN,1.0,0.006,0.007,0.993,0.994,0.994,0.006,LOCK,SMALL EDGE,,OLD_SCHEMA,DOWN,True,DOWN,True,True,False,False,False,False,False
2026-08-25 00:28:14.010593+00:00,78764.195,-10.50999999999476,380,31192.552499781,39291.175101229,70483.72760101,-0.114900600139825,8527.8793915876,SELL,0,0,0,-0.7995452173084586,-0.5569356878620223,-0.8524566847668889,240764.6144879792,162151.9170427999,0.1951091387253591,NORMAL_OR_MIXED,NONE,KXBTC15M-26AUG242030-30,78946.1,13.058662416666666,1.9413375833333333,78792.26,-153.84000000001106,DOWN,0.0,1.0,0.0,1.0,DOWN,1.0,0.006,0.007,0.993,0.994,0.994,0.006,LOCK,SMALL EDGE,,OLD_SCHEMA,DOWN,True,DOWN,True,True,False,False,False,False,False
2026-08-25 00:28:43.951598+00:00,78775.975,11.779999999998836,326,40995.9416945739,47221.5588475032,88217.50054207709,-0.0705712258301839,8150.104394999999,SELL,0,0,0,-0.6784838515103586,-0.4569710057054633,-0.7432191337466886,269372.3460075002,171878.21848447772,0.2209495814136118,NORMAL_OR_MIXED,NONE,KXBTC15M-26AUG242030-30,78946.1,14.0051081,0.9948919,78763.73,-182.3700000000099,DOWN,0.0,1.0,0.0,1.0,DOWN,1.0,0.0,0.001,0.999,1.0,1.0,0.0,LOCK,NO VALUE,,OLD_SCHEMA,DOWN,True,DOWN,True,True,False,False,False,False,False
2026-08-25 00:29:14.068795+00:00,78787.515,11.539999999993595,467,14916.6875112484,116481.508538893,131398.1960501414,-0.772954455089228,11959.720732331802,SELL,0,0,0,-0.4005838820235922,-0.7074952367216819,0.099858699197623,184680.0849454832,227303.4690202372,-0.1034589455439781,SELL_IMBALANCE,SELL_FLOW_ABSORBED_OR_REVERSED,KXBTC15M-26AUG242030-30,78946.1,14.0051081,0.9948919,78763.73,-182.3700000000099,DOWN,0.0,1.0,0.0,1.0,DOWN,1.0,0.0,0.001,0.999,1.0,1.0,0.0,LOCK,NO VALUE,,OLD_SCHEMA,DOWN,True,DOWN,True,True,True,True,False,True,False
2026-08-25 00:29:43.937487+00:00,78782.755,-4.759999999994761,395,63970.658541560304,35217.3552460376,99188.01378759793,0.289886874406975,11992.5543363072,BUY,0,0,0,-0.6190067280768642,-0.1405894369186379,-0.8742023244387992,298829.65564162104,83290.3584252713,0.5640617849935972,NORMAL_OR_MIXED,NONE,KXBTC15M-26AUG242030-30,78946.1,14.950922783333334,0.0490772166666666,78788.77,-157.33000000000175,DOWN,0.0,1.0,0.0,1.0,DOWN,1.0,0.0,0.001,0.999,1.0,1.0,0.0,LOCK,NO VALUE,,OLD_SCHEMA,DOWN,True,UP,False,False,False,False,False,False,False
2026-08-25 00:30:14.043314+00:00,78764.955,-17.80000000000291,353,27185.8456993181,125480.7199006446,152666.5655999627,-0.643853314018289,11963.5818663744,SELL,0,0,0,-0.1957842743831278,-0.6508416608877595,0.2909453103604851,299079.65510079736,126740.27216068412,0.4047236211993562,SELL_IMBALANCE,NONE,KXBTC15M-26AUG242030-30,78946.1,14.950922783333334,0.0490772166666666,78788.77,-157.33000000000175,DOWN,0.0,1.0,0.0,1.0,DOWN,1.0,0.0,0.001,0.999,1.0,1.0,0.0,LOCK,NO VALUE,,OLD_SCHEMA,DOWN,True,DOWN,True,True,True,False,False,True,False
2026-08-25 00:30:43.988900+00:00,78761.35500000001,-3.599999999991269,547,109551.53673751833,56277.3096426676,165828.84638018592,0.32126031301401,35807.42825765441,BUY,0,0,0,-0.1058539984452087,0.4616414354722956,-0.6097189980950863,193661.5818053243,97144.99184636788,0.3318927380044622,NORMAL_OR_MIXED,NONE,KXBTC15M-26AUG242045-45,78788.19,0.8999917,14.1000083,78767.49,-20.69999999999709,DOWN,0.4336734693877551,0.5663265306122449,0.4336734693877551,0.5663265306122449,DOWN,0.5663265306122449,0.43,0.44,0.56,0.57,0.57,-0.003673469387755,RAW,NO VALUE,,OLD_SCHEMA,UP,False,UP,False,True,False,False,False,False,False
2026-08-25 00:31:14.033749+00:00,78806.995,45.63999999998487,349,21386.7089426277,20577.1484940915,41963.857436719205,0.0192918501297695,7999.999409346,SELL,0,0,0,-1.073303120082152,-0.7362023662539284,-1.0427630277941349,161557.2200426639,136834.7840268519,0.0828522067570297,NORMAL_OR_MIXED,NONE,KXBTC15M-26AUG242045-45,78788.19,0.8999917,14.1000083,78767.49,-20.69999999999709,DOWN,0.4336734693877551,0.5663265306122449,0.4336734693877551,0.5663265306122449,DOWN,0.5663265306122449,0.43,0.44,0.56,0.57,0.57,-0.003673469387755,RAW,NO VALUE,,OLD_SCHEMA,UP,False,UP,False,True,False,False,False,False,False
2026-08-25 00:31:43.945567+00:00,78794.375,-12.619999999995343,349,6888.9392667194,50694.2810092729,57583.220275992295,-0.7607310173449419,8914.531742046,SELL,0,0,0,-0.92482449196186,-0.9179032127867096,-0.6372448697595866,244416.450314935,166092.01439561782,0.1907985891948496,SELL_IMBALANCE,NONE,KXBTC15M-26AUG242045-45,78788.19,1.8520641166666667,13.147935883333334,78778.54,-9.650000000008731,DOWN,0.4336734693877551,0.5663265306122449,0.4336734693877551,0.5663265306122449,DOWN,0.5663265306122449,0.55,0.56,0.44,0.45,0.45,0.1163265306122449,RAW,POSITIVE EDGE,,OLD_SCHEMA,UP,False,DOWN,True,False,True,False,False,True,False
2026-08-25 00:32:14.063402+00:00,78740.005,-54.36999999999534,450,17679.6138755678,51627.7557610782,69307.369636646,-0.4898200878707197,13528.319554103002,SELL,0,0,0,-0.7944556383885409,-0.7281751056911024,-0.6190208537925967,227672.7182210909,168036.2746801165,0.1507078297709126,NORMAL_OR_MIXED,NONE,KXBTC15M-26AUG242045-45,78788.19,1.8520641166666667,13.147935883333334,78778.54,-9.650000000008731,DOWN,0.4336734693877551,0.5663265306122449,0.4336734693877551,0.5663265306122449,DOWN,0.5663265306122449,0.55,0.56,0.44,0.45,0.45,0.1163265306122449,RAW,POSITIVE EDGE,,OLD_SCHEMA,UP,False,DOWN,True,False,False,False,False,False,False
2026-08-25 00:32:43.951218+00:00,78768.475,28.470000000001164,340,219679.4919485313,56097.289898890005,275776.7818474213,0.5931688699600034,14299.930376,BUY,0,0,0,0.7827456155994698,1.9813637262607933,-0.5465385229402957,181791.5903821895,162001.34873906968,0.0575644214616624,BUY_IMBALANCE,NONE,KXBTC15M-26AUG242045-45,78788.19,2.803138633333333,12.196861366666669,78769.31,-18.880000000004657,DOWN,0.4336734693877551,0.5663265306122449,0.4336734693877551,0.5663265306122449,DOWN,0.5663265306122449,0.42,0.43,0.57,0.58,0.58,-0.013673469387755,RAW,NO VALUE,,OLD_SCHEMA,UP,False,UP,False,True,True,False,False,True,False
2026-08-25 00:33:13.967905+00:00,78733.065,-35.41000000000349,441,4740.5130341938,76509.0993613451,81249.6123955389,-0.8833098917169951,7922.8132838532,SELL,0,0,0,-0.6957327493324291,-0.8971048390460392,-0.280239194547583,86659.58903785552,322464.2567783293,-0.5763650057357411,SELL_IMBALANCE,NONE,KXBTC15M-26AUG242045-45,78788.19,2.803138633333333,12.196861366666669,78769.31,-18.880000000004657,DOWN,0.4336734693877551,0.5663265306122449,0.4336734693877551,0.5663265306122449,DOWN,0.5663265306122449,0.42,0.43,0.57,0.58,0.58,-0.013673469387755,RAW,NO VALUE,,OLD_SCHEMA,UP,False,DOWN,True,False,True,False,False,True,False
2026-08-25 00:33:44.034767+00:00,78773.235,40.169999999998254,369,105623.0477247151,59295.2313242687,164918.2790489838,0.2809137754019745,26775.153214608898,BUY,0,0,0,-0.0648864262118376,0.4110744888668754,-0.4992738929499228,214119.75925571835,221199.03654468455,-0.0162622826242773,NORMAL_OR_MIXED,NONE,KXBTC15M-26AUG242045-45,78788.19,3.75171515,11.24828485,78778.14,-10.05000000000291,DOWN,0.4285714285714285,0.5714285714285714,0.4285714285714285,0.5714285714285714,DOWN,0.5714285714285714,0.46,0.47,0.53,0.54,0.54,0.0314285714285713,RAW,SMALL EDGE,,OLD_SCHEMA,UP,False,UP,False,True,False,False,False,False,False
2026-08-25 00:34:13.986885+00:00,78804.685,31.44999999999709,281,27677.9307402365,27978.4796354793,55656.4103757158,-0.0054000768862724,7948.600253882,SELL,0,0,0,-0.9103612403166204,-0.6552376377284109,-0.8597187289653172,194732.932937362,158463.25588137598,0.1026898879551607,NORMAL_OR_MIXED,NONE,KXBTC15M-26AUG242045-45,78788.19,4.7010662,10.2989338,78762.33,-25.860000000000586,DOWN,0.4285714285714285,0.5714285714285714,0.4285714285714285,0.5714285714285714,DOWN,0.5714285714285714,0.49,0.5,0.5,0.51,0.51,0.0614285714285713,RAW,SMALL EDGE,,OLD_SCHEMA,UP,False,DOWN,True,False,False,False,False,False,False
2026-08-25 00:34:44.035112+00:00,78762.705,-41.979999999995925,410,112416.4742935177,24130.3811847056,136546.8554782233,0.6465626235010012,25120.231992570003,BUY,0,0,0,-0.2088323492908021,0.7771142989342227,-0.8740990361144959,287497.16222624533,119914.55303104682,0.4113347822837281,BUY_IMBALANCE,BUY_FLOW_ABSORBED_OR_REVERSED,KXBTC15M-26AUG242045-45,78788.19,4.7010662,10.2989338,78762.33,-25.860000000000586,DOWN,0.4285714285714285,0.5714285714285714,0.4285714285714285,0.5714285714285714,DOWN,0.5714285714285714,0.49,0.5,0.5,0.51,0.51,0.0614285714285713,RAW,SMALL EDGE,,OLD_SCHEMA,UP,False,UP,False,True,True,True,False,True,False
2026-08-25 00:35:13.994377+00:00,78811.315,48.61000000000058,416,44405.8729513548,14216.3107337097,58622.183685064505,0.5149852891839077,24495.829007055,BUY,0,0,0,-0.8387140792768786,-0.3606397536160803,-0.9606448349071685,375155.7966242681,80028.8304795151,0.6483676042017635,BUY_IMBALANCE,NONE,KXBTC15M-26AUG242045-45,78788.19,5.65641055,9.34358945,78823.89,35.69999999999709,UP,0.4285714285714285,0.5714285714285714,0.5714285714285714,0.4285714285714285,UP,0.5714285714285714,0.49,0.5,0.5,0.51,0.5,0.0714285714285714,RAW,SMALL EDGE,,OLD_SCHEMA,UP,True,UP,True,True,True,False,False,True,False
2026-08-25 00:35:44.010531+00:00,78858.91500000001,47.60000000000582,234,3725.2220123237,31704.1551154219,35429.3771277456,-0.7897099912938413,7999.999294612,SELL,0,0,0,-1.0178373977765736,-1.0504841827921791,-0.7269242658817129,290747.3310941143,283365.51728357543,0.0128577749677579,SELL_IMBALANCE,SELL_FLOW_ABSORBED_OR_REVERSED,KXBTC15M-26AUG242045-45,78788.19,5.65641055,9.34358945,78823.89,35.69999999999709,UP,0.4285714285714285,0.5714285714285714,0.5714285714285714,0.4285714285714285,UP,0.5714285714285714,0.49,0.5,0.5,0.51,0.5,0.0714285714285714,RAW,SMALL EDGE,,OLD_SCHEMA,UP,True,DOWN,False,False,True,True,False,True,False
2026-08-25 00:36:13.986358+00:00,78873.17499999999,14.25999999998021,355,7986.3630489242,74148.2358781011,82134.5989270253,-0.8055298704016342,30855.392112314,SELL,0,0,0,-0.6057670069257801,-0.9673965686288214,-0.1942633275005096,200475.3909484329,243040.4101830781,-0.0959718213557487,SELL_IMBALANCE,SELL_FLOW_ABSORBED_OR_REVERSED,KXBTC15M-26AUG242045-45,78788.19,6.601341033333333,8.398658966666666,78873.16,84.97000000000116,UP,0.2406015037593984,0.7593984962406015,0.7593984962406015,0.2406015037593984,UP,0.7593984962406015,0.74,0.75,0.25,0.26,0.75,0.0093984962406015,LEAN,SMALL EDGE,,OLD_SCHEMA,UP,True,DOWN,False,False,True,True,False,True,False
2026-08-25 00:36:43.980086+00:00,78882.715,9.540000000008147,406,149489.1146478535,59871.6237658304,209360.7384136839,0.4280529938948939,87261.0761228712,BUY,0,0,0,0.5997874453177539,1.4379398254779627,-0.3365206226965225,249900.6179237718,56288.5043630137,0.6323285168158764,NORMAL_OR_MIXED,NONE,KXBTC15M-26AUG242045-45,78788.19,6.601341033333333,8.398658966666666,78873.16,84.97000000000116,UP,0.2406015037593984,0.7593984962406015,0.7593984962406015,0.2406015037593984,UP,0.7593984962406015,0.74,0.75,0.25,0.26,0.75,0.0093984962406015,LEAN,SMALL EDGE,,OLD_SCHEMA,UP,True,UP,True,True,False,False,False,False,False
2026-08-25 00:37:13.991438+00:00,78825.185,-57.52999999999884,535,52447.6125880448,66129.7184942734,118577.3310823182,-0.1153855107156212,23643.8358810512,SELL,0,0,0,-0.2654727689527585,-0.2288168782518793,-0.2243720316434408,267847.2070433948,233939.7928835069,0.0675733212794022,NORMAL_OR_MIXED,NONE,KXBTC15M-26AUG242045-45,78788.19,7.55247955,7.44752045,78860.6,72.41000000000349,UP,0.2738853503184713,0.7261146496815287,0.7261146496815287,0.2738853503184713,UP,0.7261146496815287,0.66,0.67,0.33,0.34,0.67,0.0561146496815286,LEAN,SMALL EDGE,,OLD_SCHEMA,UP,True,DOWN,False,False,False,False,False,False,False
2026-08-25 00:37:43.974576+00:00,78890.25,65.06500000000233,265,25178.2885552623,7576.0314394022,32754.3199946645,0.5374026118914211,7896.8546084372,BUY,0,0,0,-1.0510349291799268,-0.6729180779425381,-1.1094773595163303,289528.1793195873,102899.2411028143,0.4755756822902157,BUY_IMBALANCE,NONE,KXBTC15M-26AUG242045-45,78788.19,7.55247955,7.44752045,78860.6,72.41000000000349,UP,0.2738853503184713,0.7261146496815287,0.7261146496815287,0.2738853503184713,UP,0.7261146496815287,0.66,0.67,0.33,0.34,0.67,0.0561146496815286,LEAN,SMALL EDGE,,OLD_SCHEMA,UP,True,UP,True,True,True,False,False,True,False
2026-08-25 00:38:13.966545+00:00,78899.995,9.744999999995343,349,9184.7130182465,26218.5974238983,35403.3104421448,-0.4811381815123798,5039.999598928,SELL,0,0,0,-0.9990478712830724,-0.9252854452838796,-0.790906686880714,302880.00933412684,114462.97184839688,0.4514680873555324,NORMAL_OR_MIXED,NONE,KXBTC15M-26AUG242045-45,78788.19,8.506789416666667,6.493210583333333,78937.84,149.64999999999418,UP,0.109375,0.890625,0.890625,0.109375,UP,0.890625,0.84,0.85,0.15,0.16,0.85,0.040625,STRONG,SMALL EDGE,,OLD_SCHEMA,UP,True,DOWN,False,False,False,False,False,False,False
2026-08-25 00:38:43.987713+00:00,78965.985,65.99000000000524,505,1163986.0308690013,126635.0880465029,1290621.1189155043,0.8037610167840533,90000.0054181472,BUY,0,0,0,10.453010574672769,18.200970001570763,0.735592488428661,374487.8100649642,119528.8695841413,0.5160937899139709,ABNORMAL_BUY_PRESSURE,NONE,KXBTC15M-26AUG242045-45,78788.19,8.506789416666667,6.493210583333333,78937.84,149.64999999999418,UP,0.109375,0.890625,0.890625,0.109375,UP,0.890625,0.84,0.85,0.15,0.16,0.85,0.040625,STRONG,SMALL EDGE,,OLD_SCHEMA,UP,True,UP,True,True,True,False,False,True,True
2026-08-25 00:39:14.009410+00:00,78970.455,4.470000000001164,423,159064.5154948449,94646.9913350432,253711.5068298881,0.2539006802044388,42796.76243,BUY,0,0,0,0.3971538961394155,0.3733073950671753,0.234605436051842,394953.8571449532,238860.8190850792,0.2462755185606062,NORMAL_OR_MIXED,NONE,KXBTC15M-26AUG242045-45,78788.19,9.450423166666669,5.549576833333333,78920.8,132.61000000000058,UP,0.109375,0.890625,0.890625,0.109375,UP,0.890625,0.956,0.957,0.043,0.044,0.957,-0.0663749999999999,STRONG,NO VALUE,,OLD_SCHEMA,UP,True,UP,True,True,False,False,False,False,False
2026-08-25 00:39:44.051788+00:00,78958.61,-11.845000000001164,352,71339.0898372852,179894.5935142305,251233.6833515157,-0.4320897669006387,78910.5,SELL,0,0,0,0.3670306244613299,-0.1269375197981181,1.50717313028717,342081.16222482873,126504.49553536548,0.4600581838545896,NORMAL_OR_MIXED,NONE,KXBTC15M-26AUG242045-45,78788.19,9.450423166666669,5.549576833333333,78920.8,132.61000000000058,UP,0.109375,0.890625,0.890625,0.109375,UP,0.890625,0.956,0.957,0.043,0.044,0.957,-0.0663749999999999,STRONG,NO VALUE,,OLD_SCHEMA,UP,True,DOWN,False,False,False,False,False,False,False
2026-08-25 00:40:13.963592+00:00,78957.185,-1.4250000000029104,228,16989.964951328802,222343.993488205,239333.95843953383,-0.858022947833195,78964.5,SELL,0,0,0,0.3154740367687481,-0.4216130128749725,2.158752167221657,322665.12250736234,224617.7204693737,0.1791530710239284,SELL_IMBALANCE,SELL_FLOW_WEAK_FOLLOW_THROUGH,KXBTC15M-26AUG242045-45,78788.19,10.397741466666668,4.602258533333333,78965.04,176.84999999999127,UP,0.0344827586206896,0.9655172413793104,0.9655172413793104,0.0344827586206896,UP,0.9655172413793104,0.941,0.943,0.057,0.059,0.943,0.0225172413793104,LOCK,SMALL EDGE,,OLD_SCHEMA,UP,True,DOWN,False,False,True,True,False,True,False
2026-08-25 00:40:44.015880+00:00,78983.11499999999,25.92999999999301,339,202928.1381899581,50282.4724045828,253210.6105945409,0.6028407159832752,32682.4288035696,BUY,0,0,0,0.3705354213608189,0.6062355588691266,-0.467236282283108,356720.51860673004,218965.864577542,0.2392876712963594,BUY_IMBALANCE,NONE,KXBTC15M-26AUG242045-45,78788.19,10.397741466666668,4.602258533333333,78965.04,176.84999999999127,UP,0.0344827586206896,0.9655172413793104,0.9655172413793104,0.0344827586206896,UP,0.9655172413793104,0.941,0.943,0.057,0.059,0.943,0.0225172413793104,LOCK,SMALL EDGE,,OLD_SCHEMA,UP,True,UP,True,True,True,False,False,True,False
2026-08-25 00:41:14.088900+00:00,78920.805,-62.30999999999767,452,41798.7543728092,132403.7343343521,174202.4887071613,-0.520113005468321,21991.0701457584,SELL,0,0,0,-0.0239895844257619,-0.3020726787794909,0.7157890386833612,142197.73309970688,311386.84358440083,-0.3730045490557392,SELL_IMBALANCE,NONE,KXBTC15M-26AUG242045-45,78788.19,11.354186866666668,3.645813133333333,78905.58,117.38999999999942,UP,0.1071428571428571,0.8928571428571429,0.8928571428571429,0.1071428571428571,UP,0.8928571428571429,0.913,0.915,0.085,0.087,0.915,-0.0221428571428571,STRONG,NO VALUE,,OLD_SCHEMA,UP,True,DOWN,False,False,True,False,False,True,False
2026-08-25 00:41:44.033066+00:00,78906.85,-13.954999999987194,417,21923.5960242194,74392.8031440192,96316.3991682386,-0.5447588113022201,22956.42437361,SELL,0,0,0,-0.410933576875566,-0.4164033407587134,-0.1425456556074518,176771.47312756922,57680.74882968839,0.5079530631174481,SELL_IMBALANCE,NONE,KXBTC15M-26AUG242045-45,78788.19,11.354186866666668,3.645813133333333,78905.58,117.38999999999942,UP,0.1071428571428571,0.8928571428571429,0.8928571428571429,0.1071428571428571,UP,0.8928571428571429,0.913,0.915,0.085,0.087,0.915,-0.0221428571428571,STRONG,NO VALUE,,OLD_SCHEMA,UP,True,DOWN,False,False,True,False,False,True,False
2026-08-25 00:42:13.991596+00:00,78955.63500000001,48.78500000000349,244,38731.9599051568,14276.1943083098,53008.1542134666,0.4613585581260263,14003.9256021,BUY,0,0,0,-0.6211220865244667,-0.3230649591595884,-1.011939441589917,333867.6349116588,140829.2381518561,0.4066561372397622,NORMAL_OR_MIXED,NONE,KXBTC15M-26AUG242045-45,78788.19,12.2983217,2.7016783,78942.09,153.89999999999418,UP,0.0,1.0,1.0,0.0,UP,1.0,0.98,0.981,0.019,0.02,0.981,0.019,LOCK,SMALL EDGE,,OLD_SCHEMA,UP,True,UP,True,True,False,False,False,False,False
2026-08-25 00:42:43.971481+00:00,78987.435,31.79999999998836,367,10103.9356391149,24652.348147973706,34756.2837870886,-0.4185836609569664,7896.836999999999,SELL,0,0,0,-0.6956091041331982,-0.4801371275368074,-0.8238011235814058,282933.5364807788,134530.36903015964,0.3554874217664087,NORMAL_OR_MIXED,NONE,KXBTC15M-26AUG242045-45,78788.19,12.2983217,2.7016783,78942.09,153.89999999999418,UP,0.0,1.0,1.0,0.0,UP,1.0,0.98,0.981,0.019,0.02,0.981,0.019,LOCK,SMALL EDGE,,OLD_SCHEMA,UP,True,DOWN,False,False,False,False,False,False,False
2026-08-25 00:43:14.000582+00:00,79051.67499999999,64.23999999999069,368,191009.41542183948,23236.6662702406,214246.08169208007,0.7830843291347851,22475.65040752,BUY,0,0,0,0.1708192898741082,0.5144169283373312,-0.8123837096619546,213117.79335050672,82786.39668645679,0.4404513388193973,BUY_IMBALANCE,NONE,KXBTC15M-26AUG242045-45,78788.19,13.249108983333334,1.750891016666667,79020.0,231.80999999999767,UP,0.0,1.0,1.0,0.0,UP,1.0,0.999,1.0,0.0,0.001,1.0,0.0,LOCK,NO VALUE,,OLD_SCHEMA,UP,True,UP,True,True,True,False,False,True,False
2026-08-25 00:43:43.972160+00:00,79220.67499999999,169.0,1000,698258.156398548,408998.9792666855,1107257.1356652337,0.2612393885888822,46287.52835112,SELL,0,0,0,4.395655775093984,3.2657229412231583,4.572035786302955,166700.9674306174,78554.79371563751,0.3594051096007287,NORMAL_OR_MIXED,NONE,KXBTC15M-26AUG242045-45,78788.19,14.201063,0.798937,79312.06,523.8699999999953,UP,0.0,1.0,1.0,0.0,UP,1.0,0.999,1.0,0.0,0.001,1.0,0.0,LOCK,NO VALUE,,OLD_SCHEMA,UP,True,UP,True,True,False,False,False,False,True
2026-08-25 00:44:14.010066+00:00,79332.35500000001,111.68000000002212,609,141955.8856002798,99536.0802515753,241491.96585185512,0.1756572116139351,13735.7807875765,SELL,0,0,0,0.16684395501693,0.1333298958788535,0.1780629744800264,282452.15489848726,120930.44324626002,0.4004181449450325,NORMAL_OR_MIXED,NONE,KXBTC15M-26AUG242045-45,78788.19,14.201063,0.798937,79312.06,523.8699999999953,UP,0.0,1.0,1.0,0.0,UP,1.0,0.999,1.0,0.0,0.001,1.0,0.0,LOCK,NO VALUE,,OLD_SCHEMA,UP,True,UP,True,True,False,False,False,False,False
2026-08-25 00:44:43.990363+00:00,79320.63500000001,-11.720000000001164,571,378379.623940704,319317.7315289585,697697.3554696625,0.0846525960700931,237900.0,SELL,0,0,0,1.944076898967367,1.27068807249424,2.7584192614238003,432742.2261223547,91308.49713884608,0.6515280178581664,NORMAL_OR_MIXED,NONE,KXBTC15M-26AUG242045-45,78788.19,14.201063,0.798937,79312.06,523.8699999999953,UP,0.0,1.0,1.0,0.0,UP,1.0,0.999,1.0,0.0,0.001,1.0,0.0,LOCK,NO VALUE,,OLD_SCHEMA,UP,True,UP,True,True,False,False,False,False,False
2026-08-25 00:45:14.022344+00:00,79344.435,23.79999999998836,433,62489.9202208112,112410.1355205774,174900.0557413886,-0.2854213801599893,20772.7469476164,BUY,0,0,0,-0.1571871730888079,-0.3002826395033938,0.2288545441728463,354817.4343717771,165000.9736449875,0.3651591744335992,NORMAL_OR_MIXED,NONE,KXBTC15M-26AUG242100-00,79318.49,0.6853665,14.3146335,79430.13,111.63999999999942,UP,0.4336734693877551,0.5663265306122449,0.5663265306122449,0.4336734693877551,UP,0.5663265306122449,0.51,0.52,0.48,0.49,0.52,0.0463265306122449,RAW,SMALL EDGE,,OLD_SCHEMA,UP,True,DOWN,False,False,False,False,False,False,False
2026-08-25 00:45:44.028609+00:00,79436.005,91.57000000000698,539,518981.773902751,171959.7297779947,690941.5036807457,0.5022451861353232,44388.44731199,BUY,0,0,0,1.8924723888776571,1.9165925634296703,1.083449325426069,175233.96606307535,56413.2697363993,0.5129381143556281,BUY_IMBALANCE,NONE,KXBTC15M-26AUG242100-00,79318.49,0.6853665,14.3146335,79430.13,111.63999999999942,UP,0.4336734693877551,0.5663265306122449,0.5663265306122449,0.4336734693877551,UP,0.5663265306122449,0.51,0.52,0.48,0.49,0.52,0.0463265306122449,RAW,SMALL EDGE,,OLD_SCHEMA,UP,True,UP,True,True,True,False,False,True,False
2026-08-25 00:46:13.959594+00:00,79544.35500000001,108.35000000000582,720,902954.4126876032,128632.3546467337,1031586.7673343368,0.750612631491726,222445.66029,BUY,0,0,0,3.0390417632557982,3.555567833943164,0.4993897143954267,207376.92102179507,15628.5844845584,0.8598367834096979,ABNORMAL_BUY_PRESSURE,NONE,KXBTC15M-26AUG242100-00,79318.49,1.63937085,13.36062915,79637.72,319.2299999999959,UP,0.1981132075471698,0.8018867924528301,0.8018867924528301,0.1981132075471698,UP,0.8018867924528301,0.73,0.74,0.26,0.27,0.74,0.0618867924528301,STRONG,SMALL EDGE,,OLD_SCHEMA,UP,True,UP,True,True,True,False,False,True,True
2026-08-25 00:46:44.039317+00:00,79653.82500000001,109.47000000000116,574,1024287.3618091118,263103.651968462,1287391.0137775738,0.5912606983383539,79649.0,BUY,0,0,0,3.54356472922077,3.5180826108527223,2.1762672630993354,267615.2274698177,242639.64217868765,0.0489472747380828,ABNORMAL_BUY_PRESSURE,NONE,KXBTC15M-26AUG242100-00,79318.49,1.63937085,13.36062915,79637.72,319.2299999999959,UP,0.1981132075471698,0.8018867924528301,0.8018867924528301,0.1981132075471698,UP,0.8018867924528301,0.73,0.74,0.26,0.27,0.74,0.0618867924528301,STRONG,SMALL EDGE,,OLD_SCHEMA,UP,True,UP,True,True,True,False,False,True,True
2026-08-25 00:47:13.994614+00:00,79705.89499999999,52.06999999997788,375,555113.6054705814,209041.2857191558,764154.8911897372,0.4528824244160952,79620.1992,SELL,0,0,0,1.4790980685970083,1.3499230659945836,1.3854772968699856,104174.0501016161,121872.3588095566,-0.0782950226601265,NORMAL_OR_MIXED,NONE,KXBTC15M-26AUG242100-00,79318.49,2.5684072166666665,12.431592783333334,79697.85,379.3600000000006,UP,0.109375,0.890625,0.890625,0.109375,UP,0.890625,0.86,0.87,0.13,0.14,0.87,0.020625,STRONG,SMALL EDGE,,OLD_SCHEMA,UP,True,UP,True,True,False,False,False,False,False
2026-08-25 00:47:44.067471+00:00,79737.735,31.84000000001106,747,602496.8416169389,250871.1447871022,853367.9864040412,0.4120446307243516,81591.1586665525,BUY,0,0,0,1.658907446908081,1.450248765566518,1.7942384354039909,181221.281648534,57154.8411714783,0.5204650491388897,NORMAL_OR_MIXED,NONE,KXBTC15M-26AUG242100-00,79318.49,2.5684072166666665,12.431592783333334,79697.85,379.3600000000006,UP,0.109375,0.890625,0.890625,0.109375,UP,0.890625,0.86,0.87,0.13,0.14,0.87,0.020625,STRONG,SMALL EDGE,,OLD_SCHEMA,UP,True,UP,True,True,False,False,False,False,False
2026-08-25 00:48:14.009562+00:00,79677.66,-60.07499999999709,839,605387.0609505718,340747.0281214408,946134.0890720126,0.2797066883920178,79714.5,SELL,0,0,0,1.8190275501138464,1.381325249068002,2.677205890719761,63904.678299704,164062.5545982589,-0.4393520727752356,NORMAL_OR_MIXED,NONE,KXBTC15M-26AUG242100-00,79318.49,3.5158069666666667,11.484193033333334,79564.95,246.45999999999185,UP,0.1981132075471698,0.8018867924528301,0.8018867924528301,0.1981132075471698,UP,0.8018867924528301,0.87,0.88,0.12,0.13,0.88,-0.0781132075471698,STRONG,NO VALUE,,OLD_SCHEMA,UP,True,UP,True,True,False,False,False,False,False
2026-08-25 00:48:44.034540+00:00,79530.08499999999,-147.57500000001164,442,175485.0598865018,190629.165922232,366114.2258087338,-0.0413644293724926,23999.9504598495,SELL,0,0,0,0.1284647199318578,-0.1208464745470112,0.8620090251924861,35426.356176439,212370.30313834088,-0.7140691381844954,NORMAL_OR_MIXED,NONE,KXBTC15M-26AUG242100-00,79318.49,3.5158069666666667,11.484193033333334,79564.95,246.45999999999185,UP,0.1981132075471698,0.8018867924528301,0.8018867924528301,0.1981132075471698,UP,0.8018867924528301,0.87,0.88,0.12,0.13,0.88,-0.0781132075471698,STRONG,NO VALUE,,OLD_SCHEMA,UP,True,DOWN,False,False,False,False,False,False,False
2026-08-25 00:49:13.970498+00:00,79564.88500000001,34.80000000001746,605,257851.4945015858,180987.9139595351,438839.4084611209,0.1751519554991389,24001.6301009452,SELL,0,0,0,0.3081948756142209,0.1423797064974603,0.7230751900283295,312034.6062951502,240236.50167281105,0.1300051796779931,NORMAL_OR_MIXED,NONE,KXBTC15M-26AUG242100-00,79318.49,4.456093166666666,10.543906833333333,79590.41,271.91999999999825,UP,0.1071428571428571,0.8928571428571429,0.8928571428571429,0.1071428571428571,UP,0.8928571428571429,0.85,0.86,0.14,0.15,0.86,0.0328571428571429,STRONG,SMALL EDGE,,OLD_SCHEMA,UP,True,UP,True,True,False,False,False,False,False
2026-08-25 00:49:44.294615+00:00,79577.685,12.799999999988358,708,223987.6296162894,416111.4735335356,640099.103149825,-0.3001470287520097,45478.578032,SELL,0,0,0,0.8373871350183898,0.0091271070217773,3.097362631921366,86055.0469693284,357644.92415541224,-0.6121025351830138,NORMAL_OR_MIXED,NONE,KXBTC15M-26AUG242100-00,79318.49,4.456093166666666,10.543906833333333,79590.41,271.91999999999825,UP,0.1071428571428571,0.8928571428571429,0.8928571428571429,0.1071428571428571,UP,0.8928571428571429,0.85,0.86,0.14,0.15,0.86,0.0328571428571429,STRONG,SMALL EDGE,,OLD_SCHEMA,UP,True,DOWN,False,False,False,False,False,False,False
2026-08-25 00:50:13.954941+00:00,79493.405,-84.27999999999884,455,103901.8630957458,90671.700441785,194573.5635375308,0.0679956845802891,11995.973069,BUY,0,0,0,-0.4144732506118918,-0.4088267369184923,-0.2857466166437921,193317.62052078333,218954.30725542537,-0.0621839252381944,NORMAL_OR_MIXED,NONE,KXBTC15M-26AUG242100-00,79318.49,5.401392400000001,9.5986076,79506.27,187.77999999999884,UP,0.2406015037593984,0.7593984962406015,0.7593984962406015,0.2406015037593984,UP,0.7593984962406015,0.84,0.85,0.15,0.16,0.85,-0.0906015037593984,LEAN,NO VALUE,,OLD_SCHEMA,UP,True,UP,True,True,False,False,False,False,False
2026-08-25 00:50:44.045110+00:00,79615.725,122.32000000000698,656,212050.9817982759,344737.3145251051,556788.296323381,-0.2383066124108424,38862.46267344,SELL,0,0,0,0.5692728087308301,-0.0511641350999069,2.06827449546992,270669.28606899467,70092.4903678027,0.5886129535963194,NORMAL_OR_MIXED,NONE,KXBTC15M-26AUG242100-00,79318.49,5.401392400000001,9.5986076,79506.27,187.77999999999884,UP,0.2406015037593984,0.7593984962406015,0.7593984962406015,0.2406015037593984,UP,0.7593984962406015,0.84,0.85,0.15,0.16,0.85,-0.0906015037593984,LEAN,NO VALUE,,OLD_SCHEMA,UP,True,DOWN,False,False,False,False,False,False,False
2026-08-25 00:51:14.010294+00:00,79651.89499999999,36.1699999999837,607,424131.9135024338,153450.4460092246,577582.3595116584,0.4686456624507513,19117.4434731244,BUY,0,0,0,0.5989362784076756,0.6583894093708093,0.2252863457797118,271933.37845594925,235481.18032480928,0.0718390860103209,NORMAL_OR_MIXED,NONE,KXBTC15M-26AUG242100-00,79318.49,6.347368116666667,8.652631883333333,79613.62,295.1299999999901,UP,0.0512820512820512,0.9487179487179488,0.9487179487179488,0.0512820512820512,UP,0.9487179487179488,0.933,0.934,0.066,0.067,0.934,0.0147179487179486,EARLY 90%+ / NOT YET VALIDATED LOCK,SMALL EDGE,,OLD_SCHEMA,UP,True,UP,True,True,False,False,False,False,False
2026-08-25 00:51:44.106529+00:00,79629.015,-22.879999999990105,444,49069.8147033571,139134.617194834,188204.4318981911,-0.4785477237868517,14248.7741940901,SELL,0,0,0,-0.5007938784512477,-0.6469774546007436,0.0703521359032197,226176.1874380649,291453.2086223563,-0.1261076393286439,NORMAL_OR_MIXED,NONE,KXBTC15M-26AUG242100-00,79318.49,6.347368116666667,8.652631883333333,79613.62,295.1299999999901,UP,0.0512820512820512,0.9487179487179488,0.9487179487179488,0.0512820512820512,UP,0.9487179487179488,0.933,0.934,0.066,0.067,0.934,0.0147179487179486,EARLY 90%+ / NOT YET VALIDATED LOCK,SMALL EDGE,,OLD_SCHEMA,UP,True,DOWN,False,False,False,False,False,False,False
2026-08-25 00:52:14.023829+00:00,79658.595,29.580000000001743,398,144019.25661592,107907.2734077344,251926.5300236544,0.1433433120552841,18417.9342312,SELL,0,0,0,-0.3372998790854621,-0.3293550583015574,-0.229688357349012,183047.78266269152,67583.0299336491,0.4606965581482868,NORMAL_OR_MIXED,NONE,KXBTC15M-26AUG242100-00,79318.49,7.289780983333333,7.710219016666667,79651.25,332.7599999999948,UP,0.0119047619047619,0.988095238095238,0.988095238095238,0.0119047619047619,UP,0.988095238095238,0.946,0.947,0.053,0.054,0.947,0.0410952380952381,EARLY 90%+ / NOT YET VALIDATED LOCK,SMALL EDGE,,OLD_SCHEMA,UP,True,UP,True,True,False,False,False,False,False
2026-08-25 00:52:43.966352+00:00,79663.6,5.005000000004657,474,90454.9565930859,156478.6608717305,246933.6174648164,-0.2673743047078302,22375.7860381,SELL,0,0,0,-0.3663914541007018,-0.5253545958059805,0.1953881641587564,137540.36221330066,165315.07758003546,-0.0917094815456768,NORMAL_OR_MIXED,NONE,KXBTC15M-26AUG242100-00,79318.49,7.289780983333333,7.710219016666667,79651.25,332.7599999999948,UP,0.0119047619047619,0.988095238095238,0.988095238095238,0.0119047619047619,UP,0.988095238095238,0.946,0.947,0.053,0.054,0.947,0.0410952380952381,EARLY 90%+ / NOT YET VALIDATED LOCK,SMALL EDGE,,OLD_SCHEMA,UP,True,DOWN,False,False,False,False,False,False,False
2026-08-25 00:53:14.036877+00:00,79599.995,-63.60500000001048,575,20919.163286587,158191.9593873358,179111.1226739228,-0.7664113431451048,41005.790423850005,SELL,0,0,0,-0.5523279211317558,-0.7497007839645837,0.1893508494360387,162571.19545999655,103778.346583839,0.2207356859899593,SELL_IMBALANCE,NONE,KXBTC15M-26AUG242100-00,79318.49,8.234616316666667,6.765383683333334,79591.65,273.15999999998894,UP,0.0119047619047619,0.988095238095238,0.988095238095238,0.0119047619047619,UP,0.988095238095238,0.94,0.941,0.059,0.06,0.941,0.0470952380952381,90%+ LOCK CANDIDATE,SMALL EDGE,,OLD_SCHEMA,UP,True,DOWN,False,False,True,False,False,True,False
2026-08-25 00:53:43.971517+00:00,79601.475,1.4800000000104774,355,64408.0620735039,78984.86048591971,143392.9225594236,-0.1016563310952465,11998.5627230367,BUY,0,0,0,-0.661328570169287,-0.6034489711855888,-0.5518978014692006,256823.7293343449,76848.4850119476,0.5393773787097986,NORMAL_OR_MIXED,NONE,KXBTC15M-26AUG242100-00,79318.49,9.188981066666663,5.811018933333333,79678.06,359.56999999999243,UP,0.0119047619047619,0.988095238095238,0.988095238095238,0.0119047619047619,UP,0.988095238095238,0.95,0.951,0.049,0.05,0.951,0.0370952380952381,90%+ LOCK CANDIDATE,SMALL EDGE,,OLD_SCHEMA,UP,True,DOWN,False,False,False,False,False,False,False
2026-08-25 00:54:14.022004+00:00,79720.475,119.0,461,459539.2790407085,107460.3190989561,566999.5981396646,0.620950986732494,20772.7474078728,BUY,0,0,0,0.5205445226535775,0.7473496977680985,-0.297230956565285,250768.3936035909,22357.8916175621,0.8362816555758542,BUY_IMBALANCE,NONE,KXBTC15M-26AUG242100-00,79318.49,9.188981066666663,5.811018933333333,79678.06,359.56999999999243,UP,0.0119047619047619,0.988095238095238,0.988095238095238,0.0119047619047619,UP,0.988095238095238,0.95,0.951,0.049,0.05,0.951,0.0370952380952381,90%+ LOCK CANDIDATE,SMALL EDGE,,OLD_SCHEMA,UP,True,UP,True,True,True,False,False,True,False
2026-08-25 00:54:43.978721+00:00,79787.95999999999,67.48499999998603,539,341898.6000008875,368114.9180948401,710013.5180957275,-0.0369236886704147,79788.0,BUY,0,0,0,0.8898937653180569,0.3098560734782465,2.097398257238288,357489.9741337702,438288.3715842077,-0.1015337975520538,NORMAL_OR_MIXED,NONE,KXBTC15M-26AUG242100-00,79318.49,10.140884533333333,4.859115466666666,79840.0,521.5099999999948,UP,0.0,1.0,1.0,0.0,UP,1.0,0.986,0.987,0.013,0.014,0.987,0.013,LOCK,SMALL EDGE,,OLD_SCHEMA,UP,True,DOWN,False,False,False,False,False,False,False
2026-08-25 00:55:14.025344+00:00,79864.315,76.35500000001048,780,882538.3902696534,343996.5819950799,1226534.9722647332,0.4390757870362098,47073.131826,BUY,0,0,0,2.293017348491189,2.136454130754323,1.7312874961457836,252020.32417808057,120849.35475338278,0.3517877071704942,NORMAL_OR_MIXED,NONE,KXBTC15M-26AUG242100-00,79318.49,10.140884533333333,4.859115466666666,79840.0,521.5099999999948,UP,0.0,1.0,1.0,0.0,UP,1.0,0.986,0.987,0.013,0.014,0.987,0.013,LOCK,SMALL EDGE,,OLD_SCHEMA,UP,True,UP,True,True,False,False,False,False,True
2026-08-25 00:55:43.983065+00:00,79801.39499999999,-62.920000000012806,668,283854.9834666498,612164.3290004529,896019.3124671027,-0.3664087826743767,62894.36251098,SELL,0,0,0,1.2258933824575209,0.0201983139969463,3.992944348421673,255117.1090722271,109279.83249260671,0.4002154242934909,NORMAL_OR_MIXED,NONE,KXBTC15M-26AUG242100-00,79318.49,11.082929283333334,3.9170707166666663,79843.24,524.75,UP,0.0,1.0,1.0,0.0,UP,1.0,0.994,0.995,0.005,0.006,0.995,0.005,LOCK,SMALL EDGE,,OLD_SCHEMA,UP,True,DOWN,False,False,False,False,False,False,False
2026-08-25 00:56:14.003599+00:00,79856.775,55.38000000000466,722,476976.2782074728,314235.2411871192,791211.519394592,0.2056858792259211,30811.2761564,BUY,0,0,0,0.886446182226579,0.6336568832463757,1.0681192977374725,179960.74838358563,181833.39394771817,-0.005175997466586,NORMAL_OR_MIXED,NONE,KXBTC15M-26AUG242100-00,79318.49,11.082929283333334,3.9170707166666663,79843.24,524.75,UP,0.0,1.0,1.0,0.0,UP,1.0,0.994,0.995,0.005,0.006,0.995,0.005,LOCK,SMALL EDGE,,OLD_SCHEMA,UP,True,UP,True,True,False,False,False,False,False
2026-08-25 00:56:43.972536+00:00,79782.36499999999,-74.41000000000349,513,95460.1464089567,193290.0219524256,288750.1683613823,-0.3388045662402209,12042.0501166809,SELL,0,0,0,-0.4989850695972356,-0.6661365739173495,0.1056420482631879,280032.7881188871,101255.9120177452,0.468875358847714,NORMAL_OR_MIXED,NONE,KXBTC15M-26AUG242100-00,79318.49,12.034112033333336,2.9658879666666667,79739.19,420.6999999999971,UP,0.0,1.0,1.0,0.0,UP,1.0,0.997,0.998,0.002,0.003,0.998,0.002,LOCK,SMALL EDGE,,OLD_SCHEMA,UP,True,DOWN,False,False,False,False,False,False,False
2026-08-25 00:57:13.994550+00:00,79745.245,-37.11999999999534,411,56848.6269582661,122783.333034658,179631.9599929241,-0.3670544266119969,12025.8288940173,SELL,0,0,0,-0.7981815267204817,-0.7876435022936221,-0.4551059320820719,287544.7389761388,288066.66780506267,-0.0009067381618485,NORMAL_OR_MIXED,NONE,KXBTC15M-26AUG242100-00,79318.49,12.034112033333336,2.9658879666666667,79739.19,420.6999999999971,UP,0.0,1.0,1.0,0.0,UP,1.0,0.997,0.998,0.002,0.003,0.998,0.002,LOCK,SMALL EDGE,,OLD_SCHEMA,UP,True,DOWN,False,False,False,False,False,False,False
2026-08-25 00:57:43.988753+00:00,79789.89499999999,44.64999999999418,422,87455.3313316913,59363.492782519,146818.8241142103,0.1913367629706642,12026.551645033,SELL,0,0,0,-0.8933848919806147,-0.686996187930104,-0.9554182063997412,260753.5259118852,149122.79831305938,0.2723522218803778,NORMAL_OR_MIXED,NONE,KXBTC15M-26AUG242100-00,79318.49,12.988339816666668,2.0116601833333334,79811.83,493.3399999999965,UP,0.0,1.0,1.0,0.0,UP,1.0,0.999,1.0,0.0,0.001,1.0,0.0,LOCK,NO VALUE,,OLD_SCHEMA,UP,True,UP,True,True,False,False,False,False,False
2026-08-25 00:58:14.018525+00:00,79758.57500000001,-31.31999999997788,377,85470.0514753303,107228.5165052159,192698.5679805462,-0.1129145133661928,12034.61897818,SELL,0,0,0,-0.7840585394862787,-0.7015823982121027,-0.6054666158976076,108516.42039511072,263095.25015905447,-0.415968716842042,NORMAL_OR_MIXED,NONE,KXBTC15M-26AUG242100-00,79318.49,12.988339816666668,2.0116601833333334,79811.83,493.3399999999965,UP,0.0,1.0,1.0,0.0,UP,1.0,0.999,1.0,0.0,0.001,1.0,0.0,LOCK,NO VALUE,,OLD_SCHEMA,UP,True,DOWN,False,False,False,False,False,False,False
2026-08-25 00:58:44.026514+00:00,79811.01000000001,52.43499999999767,399,136605.5146219235,100896.044647247,237501.5592691705,0.1503546759211187,12031.9751300527,BUY,0,0,0,-0.6806076041548351,-0.5409352273433072,-0.6802581614249139,156194.60391278786,244518.5355898639,-0.2204168592692018,NORMAL_OR_MIXED,NONE,KXBTC15M-26AUG242100-00,79318.49,13.939810466666668,1.060189533333333,79800.6,482.1100000000006,UP,0.0,1.0,1.0,0.0,UP,1.0,0.999,1.0,0.0,0.001,1.0,0.0,LOCK,NO VALUE,,OLD_SCHEMA,UP,True,UP,True,True,False,False,False,False,False
2026-08-25 00:59:14.039734+00:00,79752.295,-58.71500000001106,357,54768.8227412725,114360.198807045,169129.0215483175,-0.3523426997935311,12032.3731839991,SELL,0,0,0,-0.8459636000424535,-0.8189011072465244,-0.567576284535808,276067.1395950013,88295.88071780911,0.5153411526668873,NORMAL_OR_MIXED,NONE,KXBTC15M-26AUG242100-00,79318.49,13.939810466666668,1.060189533333333,79800.6,482.1100000000006,UP,0.0,1.0,1.0,0.0,UP,1.0,0.999,1.0,0.0,0.001,1.0,0.0,LOCK,NO VALUE,,OLD_SCHEMA,UP,True,DOWN,False,False,False,False,False,False,False
2026-08-25 00:59:43.993137+00:00,79737.41500000001,-14.879999999990105,373,145271.0002840718,240311.18825357792,385582.1885376497,-0.2464849020385339,79750.5,SELL,0,0,0,-0.20852551164808,-0.4665821946745911,0.4179598217031524,229814.16236682152,133013.0626747316,0.2667966817567333,NORMAL_OR_MIXED,NONE,KXBTC15M-26AUG242100-00,79318.49,14.894276766666668,0.1057232333333333,79732.57,414.08000000000175,UP,0.0,1.0,1.0,0.0,UP,1.0,0.999,1.0,0.0,0.001,1.0,0.0,LOCK,NO VALUE,,OLD_SCHEMA,UP,True,DOWN,False,False,False,False,False,False,False
2026-08-25 01:00:14.071681+00:00,79730.005,-7.410000000003492,336,119602.1860331169,139369.0553452597,258971.2413783766,-0.0763284340258534,14046.5118192608,BUY,0,0,0,-0.58769906655681,-0.5716551813283046,-0.3872181739637083,162907.27276881225,186869.8824683352,-0.0685082182776528,NORMAL_OR_MIXED,NONE,KXBTC15M-26AUG242100-00,79318.49,14.894276766666668,0.1057232333333333,79732.57,414.08000000000175,UP,0.0,1.0,1.0,0.0,UP,1.0,0.999,1.0,0.0,0.001,1.0,0.0,LOCK,NO VALUE,,OLD_SCHEMA,UP,True,DOWN,False,False,False,False,False,False,False
2026-08-25 01:00:43.981761+00:00,79697.295,-32.7100000000064,416,59045.9186475032,83666.3816391515,142712.3002866547,-0.1725181567544995,13669.1094073428,BUY,0,0,0,-0.9283751613779992,-0.8142049094246093,-0.8075312816508271,63481.5118173681,210232.3585473984,-0.5361469133239828,NORMAL_OR_MIXED,NONE,KXBTC15M-26AUG242115-15,79750.78,0.8501694000000001,14.1498306,79715.71,-35.06999999999243,DOWN,0.4285714285714285,0.5714285714285714,0.4285714285714285,0.5714285714285714,DOWN,0.5714285714285714,0.41,0.42,0.58,0.59,0.59,-0.0185714285714285,RAW,NO VALUE,,OLD_SCHEMA,DOWN,True,DOWN,True,True,False,False,False,False,False
2026-08-25 01:01:14.051087+00:00,79801.405,104.11000000000058,446,166342.733428051,109397.1293045251,275739.8627325761,0.2065193025019893,23061.714295126694,BUY,0,0,0,-0.5295000576526869,-0.3927427991735597,-0.6160608333799914,245992.2298678414,132041.9688545559,0.3014284458876771,NORMAL_OR_MIXED,NONE,KXBTC15M-26AUG242115-15,79750.78,0.8501694000000001,14.1498306,79715.71,-35.06999999999243,DOWN,0.4285714285714285,0.5714285714285714,0.4285714285714285,0.5714285714285714,DOWN,0.5714285714285714,0.41,0.42,0.58,0.59,0.59,-0.0185714285714285,RAW,NO VALUE,,OLD_SCHEMA,DOWN,True,UP,False,False,False,False,False,False,False
2026-08-25 01:01:43.994325+00:00,79813.875,12.470000000001164,504,158647.55696431058,81532.723826641,240180.2807909516,0.3210706261301647,26380.54040648,BUY,0,0,0,-0.6430482654211925,-0.4364820243784992,-0.8294769113056492,292337.1164250988,126140.068472362,0.3971472136371304,NORMAL_OR_MIXED,NONE,KXBTC15M-26AUG242115-15,79750.78,1.7979918666666668,13.202008133333331,79813.53,62.75,UP,0.4285714285714285,0.5714285714285714,0.5714285714285714,0.4285714285714285,UP,0.5714285714285714,0.55,0.56,0.44,0.45,0.56,0.0114285714285713,RAW,SMALL EDGE,,OLD_SCHEMA,DOWN,False,UP,True,False,False,False,False,False,False
2026-08-25 01:02:14.084565+00:00,79815.685,1.809999999997672,579,216361.86488655448,126731.524435152,343093.3893217065,0.2612418170708596,20772.7472517608,BUY,0,0,0,-0.3572182937154841,-0.2335994890051319,-0.4755642845972699,226364.2634453521,139448.52657817112,0.2375962219953871,NORMAL_OR_MIXED,NONE,KXBTC15M-26AUG242115-15,79750.78,1.7979918666666668,13.202008133333331,79813.53,62.75,UP,0.4285714285714285,0.5714285714285714,0.5714285714285714,0.4285714285714285,UP,0.5714285714285714,0.55,0.56,0.44,0.45,0.56,0.0114285714285713,RAW,SMALL EDGE,,OLD_SCHEMA,DOWN,False,UP,True,False,False,False,False,False,False
2026-08-25 01:02:44.106047+00:00,79898.445,82.76000000000931,604,645445.801058231,227889.5709463187,873335.3720045497,0.4781167046440632,145415.931389,BUY,0,0,0,1.1991959152172886,1.3982292199493984,0.3061217243542474,187131.74994251676,1745048.7519586454,-0.8062999292681102,NORMAL_OR_MIXED,NONE,KXBTC15M-26AUG242115-15,79750.78,2.750340866666667,12.249659133333331,79891.59,140.80999999999767,UP,0.2406015037593984,0.7593984962406015,0.7593984962406015,0.2406015037593984,UP,0.7593984962406015,0.7,0.71,0.29,0.3,0.71,0.0493984962406015,LEAN,SMALL EDGE,,OLD_SCHEMA,DOWN,False,UP,True,False,False,False,False,False,False
2026-08-25 01:03:13.984057+00:00,79892.875,-5.570000000006985,908,2219977.9344981024,896654.1319514931,3116632.066449596,0.4246005862521054,686788.201099,BUY,2,1,0,7.881197637320612,7.331616471532082,5.776752059401868,278283.1477692294,217351.03138770463,0.1229376805392424,ABNORMAL_BUY_PRESSURE,NONE,KXBTC15M-26AUG242115-15,79750.78,3.7116220666666666,11.288377933333331,79928.99,178.2100000000064,UP,0.2406015037593984,0.7593984962406015,0.7593984962406015,0.2406015037593984,UP,0.7593984962406015,0.69,0.7,0.3,0.31,0.7,0.0593984962406015,LEAN,SMALL EDGE,,OLD_SCHEMA,DOWN,False,UP,True,False,True,False,False,False,True
2026-08-25 01:03:44.061825+00:00,79928.995,36.11999999999534,735,352874.8651842488,236340.57729223708,589215.4424764859,0.1977787401535428,63095.90605428,SELL,0,0,0,0.0451629708827423,0.0104521624456509,0.12163562842485,215622.5873937076,184081.3410929111,0.0789115243881133,NORMAL_OR_MIXED,NONE,KXBTC15M-26AUG242115-15,79750.78,3.7116220666666666,11.288377933333331,79928.99,178.2100000000064,UP,0.2406015037593984,0.7593984962406015,0.7593984962406015,0.2406015037593984,UP,0.7593984962406015,0.69,0.7,0.3,0.31,0.7,0.0593984962406015,LEAN,SMALL EDGE,,OLD_SCHEMA,DOWN,False,UP,True,False,False,False,False,False,False
2026-08-25 01:04:13.974352+00:00,79925.16500000001,-3.8299999999871934,724,688892.5201961152,199178.6238537633,888071.1440498786,0.5514354335499579,89145.142,BUY,0,0,0,0.6478475474348038,0.8857327467466642,-0.084182367865782,79547.59032917689,253060.3115005462,-0.5216734786421228,BUY_IMBALANCE,BUY_FLOW_ABSORBED_OR_REVERSED,KXBTC15M-26AUG242115-15,79750.78,4.661540483333334,10.338459516666669,79917.66,166.88000000000466,UP,0.2406015037593984,0.7593984962406015,0.7593984962406015,0.2406015037593984,UP,0.7593984962406015,0.78,0.79,0.21,0.22,0.79,-0.0306015037593985,LEAN,NO VALUE,,OLD_SCHEMA,DOWN,False,UP,True,False,True,True,False,True,False
2026-08-25 01:04:44.008447+00:00,79898.275,-26.89000000001397,486,37177.4389537264,51725.2242054838,88902.6631592102,-0.1636372267690641,12023.4069606114,SELL,0,0,0,-0.9262227069459876,-0.7990769499007666,-1.040786369674525,237565.7552838349,127947.9179249628,0.2999007845494565,NORMAL_OR_MIXED,NONE,KXBTC15M-26AUG242115-15,79750.78,4.661540483333334,10.338459516666669,79917.66,166.88000000000466,UP,0.2406015037593984,0.7593984962406015,0.7593984962406015,0.2406015037593984,UP,0.7593984962406015,0.78,0.79,0.21,0.22,0.79,-0.0306015037593985,LEAN,NO VALUE,,OLD_SCHEMA,DOWN,False,DOWN,False,True,False,False,False,False,False
2026-08-25 01:05:14.002372+00:00,79877.215,-21.05999999999767,599,58155.205924052105,255382.1394216277,313537.3453456798,-0.6290380920337572,45970.6382193,SELL,0,0,0,-0.4588640933135067,-0.7190794064576851,0.2982908385146572,123829.0198066629,164480.996049967,-0.141000915707068,SELL_IMBALANCE,NONE,KXBTC15M-26AUG242115-15,79750.78,5.608068533333333,9.391931466666668,79828.3,77.52000000000407,UP,0.3934426229508196,0.6065573770491803,0.6065573770491803,0.3934426229508196,UP,0.6065573770491803,0.72,0.73,0.27,0.28,0.73,-0.1234426229508196,RAW,NO VALUE,,OLD_SCHEMA,DOWN,False,DOWN,False,True,True,False,False,True,False
2026-08-25 01:05:44.009344+00:00,79858.205,-19.00999999999476,455,21791.8247591532,59351.5633431088,81143.388102262,-0.4628810733983703,8754.30548,SELL,0,0,0,-0.9135007154340052,-0.8097371831733234,-0.9691075929410284,274292.2357124466,92765.59187266158,0.4945450830842047,NORMAL_OR_MIXED,NONE,KXBTC15M-26AUG242115-15,79750.78,5.608068533333333,9.391931466666668,79828.3,77.52000000000407,UP,0.3934426229508196,0.6065573770491803,0.6065573770491803,0.3934426229508196,UP,0.6065573770491803,0.72,0.73,0.27,0.28,0.73,-0.1234426229508196,RAW,NO VALUE,,OLD_SCHEMA,DOWN,False,DOWN,False,True,False,False,False,False,False
2026-08-25 01:06:13.989488+00:00,79912.05,53.84500000000117,492,84275.8467938072,111788.5108540183,196064.3576478255,-0.1403246586492271,12015.531209220198,SELL,0,0,0,-0.6575943947618719,-0.6188265575986408,-0.611416992578891,228725.23386815935,103771.7661051546,0.3758032937832025,NORMAL_OR_MIXED,NONE,KXBTC15M-26AUG242115-15,79750.78,6.555688366666667,8.444311633333333,79906.13,155.35000000000582,UP,0.1981132075471698,0.8018867924528301,0.8018867924528301,0.1981132075471698,UP,0.8018867924528301,0.79,0.8,0.2,0.21,0.8,0.00188679245283,STRONG,SMALL EDGE,,OLD_SCHEMA,DOWN,False,DOWN,False,True,False,False,False,False,False
2026-08-25 01:06:44.038141+00:00,79891.845,-20.205000000001743,526,140943.8941740974,130971.8232930408,271915.7174671382,0.0366733889969481,12333.920167776005,BUY,0,0,0,-0.4765331917944258,-0.4362629109482119,-0.4874304668146477,251713.8239292001,233630.2124319332,0.0372593668459362,NORMAL_OR_MIXED,NONE,KXBTC15M-26AUG242115-15,79750.78,6.555688366666667,8.444311633333333,79906.13,155.35000000000582,UP,0.1981132075471698,0.8018867924528301,0.8018867924528301,0.1981132075471698,UP,0.8018867924528301,0.79,0.8,0.2,0.21,0.8,0.00188679245283,STRONG,SMALL EDGE,,OLD_SCHEMA,DOWN,False,UP,True,False,False,False,False,False,False
2026-08-25 01:07:14.027910+00:00,79934.83499999999,42.98999999999069,431,42270.9862414827,122268.8191013414,164539.80534282408,-0.486191366843911,20017.6326663,SELL,0,0,0,-0.6501364140572895,-0.6584533005067457,-0.5206606926336437,252648.26312159505,117243.7708905682,0.3660649048380812,NORMAL_OR_MIXED,NONE,KXBTC15M-26AUG242115-15,79750.78,7.502713216666667,7.497286783333333,79914.71,163.93000000000757,UP,0.109375,0.890625,0.890625,0.109375,UP,0.890625,0.82,0.83,0.17,0.18,0.83,0.060625,STRONG,SMALL EDGE,,OLD_SCHEMA,DOWN,False,DOWN,False,True,False,False,False,False,False
2026-08-25 01:07:44.137611+00:00,79810.92499999999,-123.91000000000348,549,41573.2414948016,103911.2366725905,145484.4781673921,-0.4284855399217489,9982.108392062,SELL,0,0,0,-0.6572261549129433,-0.6270975770981944,-0.6201315965912179,227084.02009383068,117773.0610603302,0.3169746686588564,NORMAL_OR_MIXED,NONE,KXBTC15M-26AUG242115-15,79750.78,7.502713216666667,7.497286783333333,79914.71,163.93000000000757,UP,0.109375,0.890625,0.890625,0.109375,UP,0.890625,0.82,0.83,0.17,0.18,0.83,0.060625,STRONG,SMALL EDGE,,OLD_SCHEMA,DOWN,False,DOWN,False,True,False,False,False,False,False
2026-08-25 01:08:14.033767+00:00,79768.08499999999,-42.83999999999651,520,30768.1537805892,140989.8728625711,171758.0266431603,-0.6417267433502568,20730.7461108958,SELL,0,0,0,-0.5720381384142634,-0.6217370777329326,-0.3641844506291151,65140.03479425152,152565.0351883544,-0.4015753992366274,SELL_IMBALANCE,NONE,KXBTC15M-26AUG242115-15,79750.78,8.450080550000001,6.54991945,79738.33,-12.44999999999709,DOWN,0.3934426229508196,0.6065573770491803,0.3934426229508196,0.6065573770491803,DOWN,0.6065573770491803,0.6,0.61,0.39,0.4,0.4,0.2065573770491803,RAW,IDEAL <=50c / LARGE EDGE,,OLD_SCHEMA,DOWN,True,DOWN,True,True,True,False,False,True,False
2026-08-25 01:08:44.070528+00:00,79768.08499999999,0.0,449,131686.219812749,88012.9549279074,219699.1747406564,0.1987866587864777,11993.7254857828,BUY,0,0,0,-0.4432636695226977,-0.3155007853926482,-0.66876279658155,292880.89207100554,130454.47808823848,0.3836825964286137,NORMAL_OR_MIXED,NONE,KXBTC15M-26AUG242115-15,79750.78,8.450080550000001,6.54991945,79738.33,-12.44999999999709,DOWN,0.3934426229508196,0.6065573770491803,0.3934426229508196,0.6065573770491803,DOWN,0.6065573770491803,0.6,0.61,0.39,0.4,0.4,0.2065573770491803,RAW,IDEAL <=50c / LARGE EDGE,,OLD_SCHEMA,DOWN,True,UP,False,False,False,False,False,False,False
2026-08-25 01:09:13.981760+00:00,79798.845,30.760000000009317,312,24870.4425173287,101230.8393939278,126101.2819112565,-0.605548141297545,20301.060638300005,SELL,0,0,0,-0.6201563435027676,-0.5995481219552251,-0.5665273337768185,260555.66332615176,85246.5494131783,0.5069635400081249,SELL_IMBALANCE,SELL_FLOW_ABSORBED_OR_REVERSED,KXBTC15M-26AUG242115-15,79750.78,9.41164985,5.58835015,79813.47,62.69000000000233,UP,0.2738853503184713,0.7261146496815287,0.7261146496815287,0.2738853503184713,UP,0.7261146496815287,0.51,0.52,0.48,0.49,0.52,0.2061146496815287,LEAN,LARGE EDGE / PRICE ABOVE 50c,,OLD_SCHEMA,DOWN,False,DOWN,False,True,True,True,False,True,False
2026-08-25 01:09:44.059184+00:00,79814.505,15.660000000003492,325,53747.3334528251,35157.3938977496,88904.7273505747,0.2090995620713225,8123.158737082399,BUY,0,0,0,-0.675089376987056,-0.5040420857309066,-0.9631860918965064,275359.5279443632,103785.57274088563,0.4525284776023294,NORMAL_OR_MIXED,NONE,KXBTC15M-26AUG242115-15,79750.78,9.41164985,5.58835015,79813.47,62.69000000000233,UP,0.2738853503184713,0.7261146496815287,0.7261146496815287,0.2738853503184713,UP,0.7261146496815287,0.51,0.52,0.48,0.49,0.52,0.2061146496815287,LEAN,LARGE EDGE / PRICE ABOVE 50c,,OLD_SCHEMA,DOWN,False,UP,True,False,False,False,False,False,False
2026-08-25 01:10:13.992970+00:00,79697.85,-116.65499999999884,464,33133.848982833,123609.2363724598,156743.0853552928,-0.5772209165370478,20949.510347458403,SELL,0,0,0,-0.5128000330416566,-0.546156385156448,-0.3587686521218262,85653.97325290089,277271.1777483084,-0.5279799539017593,SELL_IMBALANCE,NONE,KXBTC15M-26AUG242115-15,79750.78,10.35737595,4.642624049999999,79668.12,-82.66000000000349,DOWN,0.2406015037593984,0.7593984962406015,0.2406015037593984,0.7593984962406015,DOWN,0.7593984962406015,0.72,0.73,0.27,0.28,0.28,0.4793984962406015,LEAN,IDEAL <=50c / LARGE EDGE,,OLD_SCHEMA,DOWN,True,DOWN,True,True,True,False,False,True,False
2026-08-25 01:10:44.081945+00:00,79679.33499999999,-18.51500000001397,516,108938.2628197752,295673.0412771973,404611.3040969725,-0.4615164642376568,20730.7459046482,SELL,0,0,0,-0.0246540350385946,-0.3383839385114263,0.7251077282173817,204739.9171017926,189023.3256636276,0.03991381046079,NORMAL_OR_MIXED,NONE,KXBTC15M-26AUG242115-15,79750.78,10.35737595,4.642624049999999,79668.12,-82.66000000000349,DOWN,0.2406015037593984,0.7593984962406015,0.2406015037593984,0.7593984962406015,DOWN,0.7593984962406015,0.72,0.73,0.27,0.28,0.28,0.4793984962406015,LEAN,IDEAL <=50c / LARGE EDGE,,OLD_SCHEMA,DOWN,True,DOWN,True,True,False,False,False,False,False
2026-08-25 01:11:13.993099+00:00,79658.60500000001,-20.729999999981374,319,65184.7953013209,73100.2479988456,138285.0433001665,-0.0572401216257576,11999.169635683202,BUY,0,0,0,-0.5397336636564539,-0.4474484742306666,-0.6817448400871285,28114.239084523502,166299.9214101113,-0.7107799245384767,NORMAL_OR_MIXED,NONE,KXBTC15M-26AUG242115-15,79750.78,11.312786783333332,3.687213216666666,79663.37,-87.41000000000349,DOWN,0.109375,0.890625,0.109375,0.890625,DOWN,0.890625,0.26,0.27,0.73,0.74,0.74,0.150625,STRONG,POSITIVE EDGE,,OLD_SCHEMA,DOWN,True,DOWN,True,True,False,False,False,False,False
2026-08-25 01:11:44.001579+00:00,79673.765,15.15999999998894,547,630163.0202956942,161214.6646426866,791377.6849383808,0.5925721240036247,79180.058067075,BUY,0,0,0,0.7615450268189073,1.0802814969202912,-0.1063123446388997,270978.554637434,121193.19795766615,0.3819381576786192,BUY_IMBALANCE,NONE,KXBTC15M-26AUG242115-15,79750.78,11.312786783333332,3.687213216666666,79663.37,-87.41000000000349,DOWN,0.109375,0.890625,0.109375,0.890625,DOWN,0.890625,0.26,0.27,0.73,0.74,0.74,0.150625,STRONG,POSITIVE EDGE,,OLD_SCHEMA,DOWN,True,UP,False,False,True,False,False,True,False
2026-08-25 01:12:14.205366+00:00,79687.16500000001,13.400000000008731,428,102067.037189322,88598.6426892521,190665.6798785741,0.0706387982810922,13594.0018269219,SELL,0,0,0,-0.4420308406844941,-0.3604975131430039,-0.5708948753930113,135543.77348667628,155910.0511487323,-0.0698782309257153,NORMAL_OR_MIXED,NONE,KXBTC15M-26AUG242115-15,79750.78,12.279616883333334,2.7203831166666665,79691.96,-58.81999999999243,DOWN,0.1071428571428571,0.8928571428571429,0.1071428571428571,0.8928571428571429,DOWN,0.8928571428571429,0.27,0.28,0.72,0.73,0.73,0.1628571428571429,STRONG,POSITIVE EDGE,,OLD_SCHEMA,DOWN,True,UP,False,False,False,False,False,False,False
2026-08-25 01:12:44.059731+00:00,79678.13500000001,-9.029999999998836,521,303041.1768840653,74114.1902759605,377155.3671600258,0.606983239644504,40012.23729945,BUY,0,0,0,-0.0755198145104756,0.1713750778051549,-0.6587617040462416,183989.00282019583,147290.726009228,0.1107773087735887,BUY_IMBALANCE,BUY_FLOW_ABSORBED_OR_REVERSED,KXBTC15M-26AUG242115-15,79750.78,12.279616883333334,2.7203831166666665,79691.96,-58.81999999999243,DOWN,0.1071428571428571,0.8928571428571429,0.1071428571428571,0.8928571428571429,DOWN,0.8928571428571429,0.27,0.28,0.72,0.73,0.73,0.1628571428571429,STRONG,POSITIVE EDGE,,OLD_SCHEMA,DOWN,True,UP,False,False,True,True,False,True,False
