timestamp_utc,ticker,target,elapsed_min,remaining_min,coinbase_close,distance_target,current_side,flip_prob,stay_prob,fair_up,fair_down,preferred_side,fair_preferred,up_bid,up_ask,down_bid,down_ask,preferred_ask,edge,signal_status,entry_status
2026-08-23T13:23:00.337610+00:00,KXBTC15M-26AUG230930-30,77314.13,8.005626833333332,6.994373166666667,77526.9,212.76999999998952,UP,0.011904761904761904,0.9880952380952381,0.9880952380952381,0.011904761904761904,UP,0.9880952380952381,0.908,0.909,0.091,0.092,0.909,0.07909523809523811,90%+ LOCK CANDIDATE,SMALL EDGE
2026-08-23T13:27:50.368773+00:00,KXBTC15M-26AUG230930-30,77314.13,12.83947955,2.16052045,77535.42,221.2899999999936,UP,0.0,1.0,1.0,0.0,UP,1.0,0.996,0.997,0.003,0.004,0.997,0.0030000000000000027,LOCK,SMALL EDGE
2026-08-23T13:28:20.262556+00:00,KXBTC15M-26AUG230930-30,77314.13,13.337709266666668,1.6622907333333332,77492.53,178.39999999999418,UP,0.0,1.0,1.0,0.0,UP,1.0,0.998,0.999,0.001,0.002,0.999,0.0010000000000000009,LOCK,SMALL EDGE
2026-08-23T13:28:50.312123+00:00,KXBTC15M-26AUG230930-30,77314.13,13.838535383333333,1.1614646166666667,77477.42,163.2899999999936,UP,0.011904761904761904,0.9880952380952381,0.9880952380952381,0.011904761904761904,UP,0.9880952380952381,0.999,1.0,0.0,0.001,1.0,-0.011904761904761862,LOCK,NO VALUE
2026-08-23T13:29:20.234172+00:00,KXBTC15M-26AUG230930-30,77314.13,14.3372362,0.6627638,77454.31,140.17999999999302,UP,0.05128205128205128,0.9487179487179487,0.9487179487179487,0.05128205128205128,UP,0.9487179487179487,0.998,0.999,0.001,0.002,0.999,-0.05028205128205132,LOCK,NO VALUE
2026-08-23T13:29:50.157681+00:00,KXBTC15M-26AUG230930-30,77314.13,14.83596135,0.16403865,77443.95,129.81999999999243,UP,0.06989247311827956,0.9301075268817205,0.9301075268817205,0.06989247311827956,UP,0.9301075268817205,0.999,1.0,0.0,0.001,1.0,-0.06989247311827951,LOCK,NO VALUE
2026-08-23T13:30:20.203916+00:00,KXBTC15M-26AUG230945-45,77453.38,0.33673193333333334,14.663268066666665,77383.45,-69.93000000000757,DOWN,0.39344262295081966,0.6065573770491803,0.39344262295081966,0.6065573770491803,DOWN,0.6065573770491803,0.34,0.35,0.65,0.66,0.66,-0.053442622950819696,RAW,NO VALUE
2026-08-23T13:30:50.189128+00:00,KXBTC15M-26AUG230945-45,77453.38,0.8364854666666666,14.163514533333334,77377.93,-75.45000000001164,DOWN,0.39344262295081966,0.6065573770491803,0.39344262295081966,0.6065573770491803,DOWN,0.6065573770491803,0.37,0.38,0.62,0.63,0.63,-0.02344262295081967,RAW,NO VALUE
2026-08-23T13:31:20.280243+00:00,KXBTC15M-26AUG230945-45,77453.38,1.33800405,13.66199595,77377.92,-75.4600000000064,DOWN,0.39344262295081966,0.6065573770491803,0.39344262295081966,0.6065573770491803,DOWN,0.6065573770491803,0.28,0.29,0.71,0.72,0.72,-0.11344262295081964,RAW,NO VALUE
2026-08-23T13:31:50.149817+00:00,KXBTC15M-26AUG230945-45,77453.38,1.8358302833333333,13.164169716666667,77487.85,34.470000000001164,UP,0.27388535031847133,0.7261146496815287,0.7261146496815287,0.27388535031847133,UP,0.7261146496815287,0.28,0.29,0.71,0.72,0.29,0.43611464968152874,LEAN,IDEAL <=50c / LARGE EDGE
2026-08-23T13:32:20.317453+00:00,KXBTC15M-26AUG230945-45,77453.38,2.3386242166666666,12.661375783333334,77442.66,-10.720000000001164,DOWN,0.4336734693877551,0.5663265306122449,0.4336734693877551,0.5663265306122449,DOWN,0.5663265306122449,0.58,0.59,0.41,0.42,0.42,0.14632653061224493,RAW,POSITIVE EDGE
2026-08-23T13:32:50.199999+00:00,KXBTC15M-26AUG230945-45,77453.38,2.8366666499999997,12.163333349999998,77427.59,-25.79000000000815,DOWN,0.42857142857142855,0.5714285714285714,0.42857142857142855,0.5714285714285714,DOWN,0.5714285714285714,0.46,0.47,0.53,0.54,0.54,0.03142857142857136,RAW,SMALL EDGE
2026-08-23T13:33:20.256050+00:00,KXBTC15M-26AUG230945-45,77453.38,3.337600833333333,11.662399166666667,77383.09,-70.29000000000815,DOWN,0.4336734693877551,0.5663265306122449,0.4336734693877551,0.5663265306122449,DOWN,0.5663265306122449,0.41,0.42,0.58,0.59,0.59,-0.023673469387755053,RAW,NO VALUE
2026-08-23T13:33:50.243914+00:00,KXBTC15M-26AUG230945-45,77453.38,3.8373985666666663,11.162601433333332,77408.49,-44.88999999999942,DOWN,0.42857142857142855,0.5714285714285714,0.42857142857142855,0.5714285714285714,DOWN,0.5714285714285714,0.37,0.38,0.62,0.63,0.63,-0.05857142857142861,RAW,NO VALUE
2026-08-23T13:34:20.137563+00:00,KXBTC15M-26AUG230945-45,77453.38,4.33562605,10.66437395,77404.58,-48.80000000000291,DOWN,0.4336734693877551,0.5663265306122449,0.4336734693877551,0.5663265306122449,DOWN,0.5663265306122449,0.33,0.34,0.66,0.67,0.67,-0.10367346938775512,RAW,NO VALUE
2026-08-23T13:34:50.316167+00:00,KXBTC15M-26AUG230945-45,77453.38,4.838602783333333,10.161397216666668,77389.38,-64.0,DOWN,0.42857142857142855,0.5714285714285714,0.42857142857142855,0.5714285714285714,DOWN,0.5714285714285714,0.3,0.31,0.69,0.7,0.7,-0.12857142857142856,RAW,NO VALUE
2026-08-23T13:35:20.219294+00:00,KXBTC15M-26AUG230945-45,77453.38,5.336988233333333,9.663011766666667,77351.18,-102.20000000001164,DOWN,0.3652173913043478,0.6347826086956522,0.3652173913043478,0.6347826086956522,DOWN,0.6347826086956522,0.28,0.29,0.71,0.72,0.72,-0.0852173913043478,RAW,NO VALUE
2026-08-23T13:35:50.202293+00:00,KXBTC15M-26AUG230945-45,77453.38,5.836704883333334,9.163295116666665,77351.19,-102.19000000000233,DOWN,0.27388535031847133,0.7261146496815287,0.27388535031847133,0.7261146496815287,DOWN,0.7261146496815287,0.26,0.27,0.73,0.74,0.74,-0.013885350318471268,LEAN,NO VALUE
2026-08-23T13:36:20.190782+00:00,KXBTC15M-26AUG230945-45,77453.38,6.3365130333333335,8.663486966666666,77431.4,-21.980000000010477,DOWN,0.42857142857142855,0.5714285714285714,0.42857142857142855,0.5714285714285714,DOWN,0.5714285714285714,0.28,0.29,0.71,0.72,0.72,-0.14857142857142858,RAW,NO VALUE
2026-08-23T13:36:50.206941+00:00,KXBTC15M-26AUG230945-45,77453.38,6.836782349999999,8.16321765,77465.77,12.389999999999418,UP,0.39344262295081966,0.6065573770491803,0.6065573770491803,0.39344262295081966,UP,0.6065573770491803,0.49,0.5,0.5,0.51,0.5,0.10655737704918034,RAW,POSITIVE EDGE
2026-08-23T13:37:20.160031+00:00,KXBTC15M-26AUG230945-45,77453.38,7.336000516666667,7.663999483333333,77468.85,15.470000000001164,UP,0.39344262295081966,0.6065573770491803,0.6065573770491803,0.39344262295081966,UP,0.6065573770491803,0.49,0.5,0.5,0.51,0.5,0.10655737704918034,RAW,POSITIVE EDGE
2026-08-23T13:37:50.270640+00:00,KXBTC15M-26AUG230945-45,77453.38,7.8378440000000005,7.1621559999999995,77476.33,22.94999999999709,UP,0.3652173913043478,0.6347826086956522,0.6347826086956522,0.3652173913043478,UP,0.6347826086956522,0.5,0.51,0.49,0.5,0.51,0.12478260869565216,RAW,POSITIVE EDGE
2026-08-23T13:38:20.351838+00:00,KXBTC15M-26AUG230945-45,77453.38,8.3391973,6.6608027000000005,77473.43,20.04999999998836,UP,0.3652173913043478,0.6347826086956522,0.6347826086956522,0.3652173913043478,UP,0.6347826086956522,0.54,0.55,0.45,0.46,0.55,0.08478260869565213,RAW,SMALL EDGE
2026-08-23T13:38:50.203207+00:00,KXBTC15M-26AUG230945-45,77453.38,8.836720116666667,6.163279883333333,77507.8,54.419999999998254,UP,0.27388535031847133,0.7261146496815287,0.7261146496815287,0.27388535031847133,UP,0.7261146496815287,0.58,0.59,0.41,0.42,0.59,0.13611464968152875,LEAN,POSITIVE EDGE
2026-08-23T13:39:20.267707+00:00,KXBTC15M-26AUG230945-45,77453.38,9.337795116666666,5.662204883333334,77542.18,88.79999999998836,UP,0.24060150375939848,0.7593984962406015,0.7593984962406015,0.24060150375939848,UP,0.7593984962406015,0.7,0.71,0.29,0.3,0.71,0.04939849624060155,LEAN,SMALL EDGE
2026-08-23T13:39:50.130792+00:00,KXBTC15M-26AUG230945-45,77453.38,9.835513200000001,5.164486800000001,77572.74,119.36000000000058,UP,0.10714285714285714,0.8928571428571429,0.8928571428571429,0.10714285714285714,UP,0.8928571428571429,0.87,0.88,0.12,0.13,0.88,0.0128571428571429,STRONG,SMALL EDGE
2026-08-23T13:40:20.148195+00:00,KXBTC15M-26AUG230945-45,77453.38,10.33580325,4.66419675,77589.83,136.4499999999971,UP,0.06989247311827956,0.9301075268817205,0.9301075268817205,0.06989247311827956,UP,0.9301075268817205,0.89,0.9,0.1,0.11,0.9,0.03010752688172047,LOCK,SMALL EDGE
2026-08-23T13:40:50.185220+00:00,KXBTC15M-26AUG230945-45,77453.38,10.836420333333333,4.163579666666667,77551.32,97.94000000000233,UP,0.06989247311827956,0.9301075268817205,0.9301075268817205,0.06989247311827956,UP,0.9301075268817205,0.88,0.89,0.11,0.12,0.89,0.04010752688172048,LOCK,SMALL EDGE
2026-08-23T13:41:20.218330+00:00,KXBTC15M-26AUG230945-45,77453.38,11.336972166666667,3.663027833333333,77520.46,67.08000000000175,UP,0.24060150375939848,0.7593984962406015,0.7593984962406015,0.24060150375939848,UP,0.7593984962406015,0.929,0.93,0.07,0.071,0.93,-0.17060150375939853,LEAN,NO VALUE
2026-08-23T13:41:50.340079+00:00,KXBTC15M-26AUG230945-45,77453.38,11.839001316666666,3.1609986833333332,77520.46,67.08000000000175,UP,0.109375,0.890625,0.890625,0.109375,UP,0.890625,0.89,0.9,0.1,0.11,0.9,-0.009375000000000022,STRONG,NO VALUE
2026-08-23T13:42:20.343296+00:00,KXBTC15M-26AUG230945-45,77453.38,12.339054933333333,2.6609450666666663,77501.72,48.33999999999651,UP,0.19811320754716982,0.8018867924528301,0.8018867924528301,0.19811320754716982,UP,0.8018867924528301,0.86,0.87,0.13,0.14,0.87,-0.06811320754716987,STRONG,NO VALUE
2026-08-23T13:42:50.151053+00:00,KXBTC15M-26AUG230945-45,77453.38,12.835850883333334,2.1641491166666667,77499.1,45.720000000001164,UP,0.109375,0.890625,0.890625,0.109375,UP,0.890625,0.86,0.87,0.13,0.14,0.87,0.020625000000000004,STRONG,SMALL EDGE
2026-08-23T13:43:20.243514+00:00,KXBTC15M-26AUG230945-45,77453.38,13.3373919,1.6626081,77488.17,34.7899999999936,UP,0.109375,0.890625,0.890625,0.109375,UP,0.890625,0.88,0.89,0.11,0.12,0.89,0.0006249999999999867,STRONG,SMALL EDGE
2026-08-23T13:43:50.202505+00:00,KXBTC15M-26AUG230945-45,77453.38,13.836708416666665,1.1632915833333333,77485.92,32.5399999999936,UP,0.109375,0.890625,0.890625,0.109375,UP,0.890625,0.88,0.89,0.11,0.12,0.89,0.0006249999999999867,STRONG,SMALL EDGE
2026-08-23T13:44:20.244102+00:00,KXBTC15M-26AUG230945-45,77453.38,14.3374017,0.6625983000000001,77483.01,29.629999999990105,UP,0.10714285714285714,0.8928571428571429,0.8928571428571429,0.10714285714285714,UP,0.8928571428571429,0.965,0.966,0.034,0.035,0.966,-0.07314285714285707,STRONG,NO VALUE
2026-08-23T13:44:50.253341+00:00,KXBTC15M-26AUG230945-45,77453.38,14.837555683333333,0.16244431666666664,77510.29,56.90999999998894,UP,0.06989247311827956,0.9301075268817205,0.9301075268817205,0.06989247311827956,UP,0.9301075268817205,0.998,0.999,0.001,0.002,0.999,-0.0688924731182795,LOCK,NO VALUE
2026-08-23T13:45:20.398349+00:00,KXBTC15M-26AUG231000-00,77498.04,0.33997248333333335,14.660027516666666,77458.15,-39.88999999999942,DOWN,0.4336734693877551,0.5663265306122449,0.4336734693877551,0.5663265306122449,DOWN,0.5663265306122449,0.49,0.5,0.5,0.51,0.51,0.05632653061224491,RAW,SMALL EDGE
2026-08-23T13:45:50.333521+00:00,KXBTC15M-26AUG231000-00,77498.04,0.8388920166666666,14.161107983333332,77454.31,-43.729999999995925,DOWN,0.4336734693877551,0.5663265306122449,0.4336734693877551,0.5663265306122449,DOWN,0.5663265306122449,0.33,0.34,0.66,0.67,0.67,-0.10367346938775512,RAW,NO VALUE
2026-08-23T13:46:20.166116+00:00,KXBTC15M-26AUG231000-00,77498.04,1.3361019333333333,13.663898066666667,77453.82,-44.21999999998661,DOWN,0.4336734693877551,0.5663265306122449,0.4336734693877551,0.5663265306122449,DOWN,0.5663265306122449,0.38,0.39,0.61,0.62,0.62,-0.05367346938775508,RAW,NO VALUE
2026-08-23T13:46:50.300294+00:00,KXBTC15M-26AUG231000-00,77498.04,1.8383382333333331,13.161661766666667,77484.88,-13.15999999998894,DOWN,0.4336734693877551,0.5663265306122449,0.4336734693877551,0.5663265306122449,DOWN,0.5663265306122449,0.44,0.45,0.55,0.56,0.56,0.006326530612244863,RAW,SMALL EDGE
2026-08-23T14:26:13.883152+00:00,KXBTC15M-26AUG231030-30,77542.94,11.231385866666667,3.7686141333333336,77481.78,-61.16000000000349,DOWN,0.19811320754716982,0.8018867924528301,0.19811320754716982,0.8018867924528301,DOWN,0.8018867924528301,0.1,0.11,0.89,0.9,0.9,-0.0981132075471699,STRONG,NO VALUE
2026-08-23T14:26:43.773641+00:00,KXBTC15M-26AUG231030-30,77542.94,11.729560683333334,3.2704393166666668,77461.97,-80.97000000000116,DOWN,0.011904761904761904,0.9880952380952381,0.011904761904761904,0.9880952380952381,DOWN,0.9880952380952381,0.15,0.16,0.84,0.85,0.85,0.13809523809523816,LOCK,POSITIVE EDGE
2026-08-23T14:27:13.806716+00:00,KXBTC15M-26AUG231030-30,77542.94,12.230111933333335,2.7698880666666668,77473.29,-69.65000000000873,DOWN,0.06989247311827956,0.9301075268817205,0.06989247311827956,0.9301075268817205,DOWN,0.9301075268817205,0.076,0.077,0.923,0.924,0.924,0.006107526881720449,LOCK,SMALL EDGE
2026-08-23T14:27:43.674927+00:00,KXBTC15M-26AUG231030-30,77542.94,12.727915450000001,2.27208455,77473.33,-69.61000000000058,DOWN,0.011904761904761904,0.9880952380952381,0.011904761904761904,0.9880952380952381,DOWN,0.9880952380952381,0.06,0.062,0.938,0.94,0.94,0.04809523809523819,LOCK,SMALL EDGE
2026-08-23T14:28:13.742725+00:00,KXBTC15M-26AUG231030-30,77542.94,13.229045416666667,1.7709545833333336,77463.47,-79.47000000000116,DOWN,0.0,1.0,0.0,1.0,DOWN,1.0,0.02,0.022,0.978,0.98,0.98,0.020000000000000018,LOCK,SMALL EDGE
2026-08-23T14:28:43.714365+00:00,KXBTC15M-26AUG231030-30,77542.94,13.728572750000001,1.27142725,77481.04,-61.90000000000873,DOWN,0.011904761904761904,0.9880952380952381,0.011904761904761904,0.9880952380952381,DOWN,0.9880952380952381,0.019,0.02,0.98,0.981,0.981,0.007095238095238154,LOCK,SMALL EDGE
2026-08-23T14:29:13.754699+00:00,KXBTC15M-26AUG231030-30,77542.94,14.229244983333333,0.7707550166666667,77477.76,-65.18000000000757,DOWN,0.0,1.0,0.0,1.0,DOWN,1.0,0.0,0.001,0.999,1.0,1.0,0.0,LOCK,NO VALUE
2026-08-23T14:29:43.732018+00:00,KXBTC15M-26AUG231030-30,77542.94,14.728866966666667,0.27113303333333333,77439.9,-103.04000000000815,DOWN,0.011904761904761904,0.9880952380952381,0.011904761904761904,0.9880952380952381,DOWN,0.9880952380952381,0.0,0.001,0.999,1.0,1.0,-0.011904761904761862,LOCK,NO VALUE
2026-08-23T14:30:43.810893+00:00,KXBTC15M-26AUG231045-45,77459.25,0.73018155,14.26981845,77454.36,-4.889999999999418,DOWN,0.4336734693877551,0.5663265306122449,0.4336734693877551,0.5663265306122449,DOWN,0.5663265306122449,0.45,0.46,0.54,0.55,0.55,0.01632653061224487,RAW,SMALL EDGE
2026-08-23T14:31:13.749893+00:00,KXBTC15M-26AUG231045-45,77459.25,1.2291648833333333,13.770835116666666,77432.85,-26.39999999999418,DOWN,0.4336734693877551,0.5663265306122449,0.4336734693877551,0.5663265306122449,DOWN,0.5663265306122449,0.46,0.47,0.53,0.54,0.54,0.02632653061224488,RAW,SMALL EDGE
2026-08-23T14:31:43.711736+00:00,KXBTC15M-26AUG231045-45,77459.25,1.7285289333333334,13.271471066666667,77454.32,-4.929999999993015,DOWN,0.4336734693877551,0.5663265306122449,0.4336734693877551,0.5663265306122449,DOWN,0.5663265306122449,0.44,0.45,0.55,0.56,0.56,0.006326530612244863,RAW,SMALL EDGE
2026-08-23T14:32:13.675337+00:00,KXBTC15M-26AUG231045-45,77459.25,2.2279222833333336,12.772077716666667,77420.04,-39.2100000000064,DOWN,0.4336734693877551,0.5663265306122449,0.4336734693877551,0.5663265306122449,DOWN,0.5663265306122449,0.48,0.49,0.51,0.52,0.52,0.0463265306122449,RAW,SMALL EDGE
2026-08-23T14:32:43.682594+00:00,KXBTC15M-26AUG231045-45,77459.25,2.728043233333333,12.271956766666667,77436.01,-23.24000000000524,DOWN,0.4336734693877551,0.5663265306122449,0.4336734693877551,0.5663265306122449,DOWN,0.5663265306122449,0.38,0.39,0.61,0.62,0.62,-0.05367346938775508,RAW,NO VALUE
2026-08-23T14:33:13.801504+00:00,KXBTC15M-26AUG231045-45,77459.25,3.2300250666666668,11.769974933333334,77405.29,-53.9600000000064,DOWN,0.42857142857142855,0.5714285714285714,0.42857142857142855,0.5714285714285714,DOWN,0.5714285714285714,0.39,0.4,0.6,0.61,0.61,-0.03857142857142859,RAW,NO VALUE
2026-08-23T14:33:43.665840+00:00,KXBTC15M-26AUG231045-45,77459.25,3.727764,11.272236,77410.53,-48.720000000001164,DOWN,0.42857142857142855,0.5714285714285714,0.42857142857142855,0.5714285714285714,DOWN,0.5714285714285714,0.35,0.36,0.64,0.65,0.65,-0.07857142857142863,RAW,NO VALUE
2026-08-23T14:34:13.840927+00:00,KXBTC15M-26AUG231045-45,77459.25,4.230682116666666,10.769317883333335,77415.58,-43.669999999998254,DOWN,0.42857142857142855,0.5714285714285714,0.42857142857142855,0.5714285714285714,DOWN,0.5714285714285714,0.34,0.35,0.65,0.66,0.66,-0.08857142857142863,RAW,NO VALUE
2026-08-23T14:34:43.942773+00:00,KXBTC15M-26AUG231045-45,77459.25,4.73237955,10.26762045,77417.63,-41.61999999999534,DOWN,0.39344262295081966,0.6065573770491803,0.39344262295081966,0.6065573770491803,DOWN,0.6065573770491803,0.36,0.37,0.63,0.64,0.64,-0.03344262295081968,RAW,NO VALUE
2026-08-23T14:35:13.728713+00:00,KXBTC15M-26AUG231045-45,77459.25,5.228811883333334,9.771188116666668,77421.55,-37.69999999999709,DOWN,0.39344262295081966,0.6065573770491803,0.39344262295081966,0.6065573770491803,DOWN,0.6065573770491803,0.36,0.37,0.63,0.64,0.64,-0.03344262295081968,RAW,NO VALUE
2026-08-23T14:35:43.835268+00:00,KXBTC15M-26AUG231045-45,77459.25,5.7305877999999995,9.2694122,77427.01,-32.24000000000524,DOWN,0.39344262295081966,0.6065573770491803,0.39344262295081966,0.6065573770491803,DOWN,0.6065573770491803,0.35,0.36,0.64,0.65,0.65,-0.04344262295081969,RAW,NO VALUE
2026-08-23T14:36:13.689834+00:00,KXBTC15M-26AUG231045-45,77459.25,6.2281639,8.7718361,77427.69,-31.55999999999767,DOWN,0.27388535031847133,0.7261146496815287,0.27388535031847133,0.7261146496815287,DOWN,0.7261146496815287,0.4,0.41,0.59,0.6,0.6,0.12611464968152875,LEAN,POSITIVE EDGE
2026-08-23T14:36:43.672552+00:00,KXBTC15M-26AUG231045-45,77459.25,6.7278758666666665,8.272124133333334,77420.73,-38.520000000004075,DOWN,0.27388535031847133,0.7261146496815287,0.27388535031847133,0.7261146496815287,DOWN,0.7261146496815287,0.37,0.39,0.61,0.63,0.63,0.09611464968152872,LEAN,SMALL EDGE
2026-08-23T14:37:13.720940+00:00,KXBTC15M-26AUG231045-45,77459.25,7.228682333333333,7.771317666666667,77435.42,-23.830000000001746,DOWN,0.39344262295081966,0.6065573770491803,0.39344262295081966,0.6065573770491803,DOWN,0.6065573770491803,0.37,0.38,0.62,0.63,0.63,-0.02344262295081967,RAW,NO VALUE
2026-08-23T14:37:43.721364+00:00,KXBTC15M-26AUG231045-45,77459.25,7.7286893999999995,7.2713106000000005,77427.58,-31.669999999998254,DOWN,0.27388535031847133,0.7261146496815287,0.27388535031847133,0.7261146496815287,DOWN,0.7261146496815287,0.3,0.31,0.69,0.7,0.7,0.026114649681528768,LEAN,SMALL EDGE
2026-08-23T14:38:13.829072+00:00,KXBTC15M-26AUG231045-45,77459.25,8.230484533333334,6.769515466666666,77445.8,-13.44999999999709,DOWN,0.42857142857142855,0.5714285714285714,0.42857142857142855,0.5714285714285714,DOWN,0.5714285714285714,0.43,0.44,0.56,0.57,0.57,0.0014285714285714457,RAW,SMALL EDGE
2026-08-23T14:38:43.717909+00:00,KXBTC15M-26AUG231045-45,77459.25,8.728631816666667,6.271368183333333,77474.64,15.389999999999418,UP,0.42857142857142855,0.5714285714285714,0.5714285714285714,0.42857142857142855,UP,0.5714285714285714,0.55,0.56,0.44,0.45,0.56,0.011428571428571344,RAW,SMALL EDGE
2026-08-23T14:39:13.698270+00:00,KXBTC15M-26AUG231045-45,77459.25,9.2283045,5.771695500000001,77459.35,0.10000000000582077,UP,0.4336734693877551,0.5663265306122449,0.5663265306122449,0.4336734693877551,UP,0.5663265306122449,0.51,0.52,0.48,0.49,0.52,0.0463265306122449,RAW,SMALL EDGE
2026-08-23T14:39:43.778787+00:00,KXBTC15M-26AUG231045-45,77459.25,9.729646449999999,5.270353549999999,77427.75,-31.5,DOWN,0.3652173913043478,0.6347826086956522,0.3652173913043478,0.6347826086956522,DOWN,0.6347826086956522,0.32,0.34,0.66,0.68,0.68,-0.045217391304347876,RAW,NO VALUE
2026-08-23T14:40:13.749000+00:00,KXBTC15M-26AUG231045-45,77459.25,10.22915,4.770849999999999,77442.86,-16.389999999999418,DOWN,0.42857142857142855,0.5714285714285714,0.42857142857142855,0.5714285714285714,DOWN,0.5714285714285714,0.39,0.4,0.6,0.61,0.61,-0.03857142857142859,RAW,NO VALUE
2026-08-23T14:40:43.977583+00:00,KXBTC15M-26AUG231045-45,77459.25,10.732959716666667,4.267040283333333,77449.89,-9.360000000000582,DOWN,0.4336734693877551,0.5663265306122449,0.4336734693877551,0.5663265306122449,DOWN,0.5663265306122449,0.42,0.43,0.57,0.58,0.58,-0.013673469387755044,RAW,NO VALUE
2026-08-23T14:41:13.720430+00:00,KXBTC15M-26AUG231045-45,77459.25,11.228673833333334,3.771326166666667,77433.24,-26.00999999999476,DOWN,0.3333333333333333,0.6666666666666667,0.3333333333333333,0.6666666666666667,DOWN,0.6666666666666667,0.21,0.22,0.78,0.79,0.79,-0.1233333333333333,RAW,NO VALUE
2026-08-23T14:41:43.723529+00:00,KXBTC15M-26AUG231045-45,77459.25,11.728725483333333,3.2712745166666664,77417.35,-41.89999999999418,DOWN,0.109375,0.890625,0.109375,0.890625,DOWN,0.890625,0.21,0.22,0.78,0.79,0.79,0.10062499999999996,STRONG,POSITIVE EDGE
2026-08-23T14:42:13.725965+00:00,KXBTC15M-26AUG231045-45,77459.25,12.228766083333333,2.7712339166666666,77366.47,-92.77999999999884,DOWN,0.011904761904761904,0.9880952380952381,0.011904761904761904,0.9880952380952381,DOWN,0.9880952380952381,0.17,0.18,0.82,0.83,0.83,0.15809523809523818,LOCK,POSITIVE EDGE
2026-08-23T14:42:43.730834+00:00,KXBTC15M-26AUG231045-45,77459.25,12.728847233333333,2.271152766666667,77082.45,-376.8000000000029,DOWN,0.06989247311827956,0.9301075268817205,0.06989247311827956,0.9301075268817205,DOWN,0.9301075268817205,0.016,0.017,0.983,0.984,0.984,-0.053892473118279494,LOCK,NO VALUE
2026-08-23T14:43:13.832865+00:00,KXBTC15M-26AUG231045-45,77459.25,13.23054775,1.76945225,76886.22,-573.0299999999988,DOWN,0.06989247311827956,0.9301075268817205,0.06989247311827956,0.9301075268817205,DOWN,0.9301075268817205,0.001,0.002,0.998,0.999,0.999,-0.0688924731182795,LOCK,NO VALUE
2026-08-23T14:43:43.685547+00:00,KXBTC15M-26AUG231045-45,77459.25,13.72809245,1.27190755,76918.51,-540.7400000000052,DOWN,0.06989247311827956,0.9301075268817205,0.06989247311827956,0.9301075268817205,DOWN,0.9301075268817205,0.001,0.002,0.998,0.999,0.999,-0.0688924731182795,LOCK,NO VALUE
2026-08-23T14:44:13.705478+00:00,KXBTC15M-26AUG231045-45,77459.25,14.228424633333333,0.7715753666666667,77037.95,-421.3000000000029,DOWN,0.06989247311827956,0.9301075268817205,0.06989247311827956,0.9301075268817205,DOWN,0.9301075268817205,0.001,0.002,0.998,0.999,0.999,-0.0688924731182795,LOCK,NO VALUE
2026-08-23T14:44:43.745473+00:00,KXBTC15M-26AUG231045-45,77459.25,14.729091216666665,0.27090878333333335,77072.33,-386.91999999999825,DOWN,0.06989247311827956,0.9301075268817205,0.06989247311827956,0.9301075268817205,DOWN,0.9301075268817205,0.001,0.002,0.998,0.999,0.999,-0.0688924731182795,LOCK,NO VALUE
2026-08-23T14:45:13.829767+00:00,KXBTC15M-26AUG231100-00,77047.72,0.23049611666666667,14.769503883333334,77064.68,16.95999999999185,UP,0.42857142857142855,0.5714285714285714,0.5714285714285714,0.42857142857142855,UP,0.5714285714285714,0.52,0.53,0.47,0.48,0.53,0.04142857142857137,RAW,SMALL EDGE
2026-08-23T14:45:43.949898+00:00,KXBTC15M-26AUG231100-00,77047.72,0.7324982999999999,14.2675017,77137.27,89.55000000000291,UP,0.4336734693877551,0.5663265306122449,0.5663265306122449,0.4336734693877551,UP,0.5663265306122449,0.65,0.66,0.34,0.35,0.66,-0.09367346938775512,RAW,NO VALUE
2026-08-23T14:46:13.720705+00:00,KXBTC15M-26AUG231100-00,77047.72,1.2286784166666667,13.771321583333334,77089.13,41.41000000000349,UP,0.3652173913043478,0.6347826086956522,0.6347826086956522,0.3652173913043478,UP,0.6347826086956522,0.57,0.58,0.42,0.43,0.58,0.05478260869565221,RAW,SMALL EDGE
2026-08-23T14:46:43.853567+00:00,KXBTC15M-26AUG231100-00,77047.72,1.7308927833333334,13.269107216666667,77055.35,7.630000000004657,UP,0.42857142857142855,0.5714285714285714,0.5714285714285714,0.42857142857142855,UP,0.5714285714285714,0.57,0.58,0.42,0.43,0.58,-0.008571428571428563,RAW,NO VALUE
2026-08-23T14:47:13.829957+00:00,KXBTC15M-26AUG231100-00,77047.72,2.2304992833333332,12.769500716666666,77079.94,32.220000000001164,UP,0.39344262295081966,0.6065573770491803,0.6065573770491803,0.39344262295081966,UP,0.6065573770491803,0.59,0.6,0.4,0.41,0.6,0.006557377049180357,RAW,SMALL EDGE
2026-08-23T14:47:43.688123+00:00,KXBTC15M-26AUG231100-00,77047.72,2.728135383333333,12.271864616666667,77123.76,76.0399999999936,UP,0.39344262295081966,0.6065573770491803,0.6065573770491803,0.39344262295081966,UP,0.6065573770491803,0.59,0.6,0.4,0.41,0.6,0.006557377049180357,RAW,SMALL EDGE
2026-08-23T14:48:13.795262+00:00,KXBTC15M-26AUG231100-00,77047.72,3.2299210333333335,11.770078966666667,77110.33,62.61000000000058,UP,0.27388535031847133,0.7261146496815287,0.7261146496815287,0.27388535031847133,UP,0.7261146496815287,0.58,0.59,0.41,0.42,0.59,0.13611464968152875,LEAN,POSITIVE EDGE
2026-08-23T14:48:43.748554+00:00,KXBTC15M-26AUG231100-00,77047.72,3.729142566666667,11.270857433333333,77118.16,70.44000000000233,UP,0.27388535031847133,0.7261146496815287,0.7261146496815287,0.27388535031847133,UP,0.7261146496815287,0.63,0.64,0.36,0.37,0.64,0.08611464968152871,LEAN,SMALL EDGE
2026-08-23T14:49:13.779031+00:00,KXBTC15M-26AUG231100-00,77047.72,4.229650516666667,10.770349483333332,77148.72,101.0,UP,0.27388535031847133,0.7261146496815287,0.7261146496815287,0.27388535031847133,UP,0.7261146496815287,0.74,0.75,0.25,0.26,0.75,-0.023885350318471277,LEAN,NO VALUE
2026-08-23T14:49:43.735041+00:00,KXBTC15M-26AUG231100-00,77047.72,4.728917350000001,10.27108265,77167.82,120.10000000000582,UP,0.19811320754716982,0.8018867924528301,0.8018867924528301,0.19811320754716982,UP,0.8018867924528301,0.75,0.76,0.24,0.25,0.76,0.04188679245283011,STRONG,SMALL EDGE
2026-08-23T14:50:13.811418+00:00,KXBTC15M-26AUG231100-00,77047.72,5.2301903,9.7698097,77190.75,143.02999999999884,UP,0.24060150375939848,0.7593984962406015,0.7593984962406015,0.24060150375939848,UP,0.7593984962406015,0.8,0.81,0.19,0.2,0.81,-0.050601503759398536,LEAN,NO VALUE
2026-08-23T14:50:43.883338+00:00,KXBTC15M-26AUG231100-00,77047.72,5.731388966666667,9.268611033333334,77186.93,139.20999999999185,UP,0.2706141694748358,0.7293858305251641,0.7293858305251641,0.2706141694748358,UP,0.7293858305251641,0.85,0.86,0.14,0.15,0.86,-0.13061416947483584,LEAN,NO VALUE
2026-08-23T14:51:13.874586+00:00,KXBTC15M-26AUG231100-00,77047.72,6.2312431,8.7687569,77217.49,169.77000000000407,UP,0.10714285714285714,0.8928571428571429,0.8928571428571429,0.10714285714285714,UP,0.8928571428571429,0.84,0.85,0.15,0.16,0.85,0.04285714285714293,STRONG,SMALL EDGE
2026-08-23T14:51:43.681513+00:00,KXBTC15M-26AUG231100-00,77047.72,6.7280252166666665,8.271974783333333,77190.95,143.22999999999593,UP,0.24060150375939848,0.7593984962406015,0.7593984962406015,0.24060150375939848,UP,0.7593984962406015,0.88,0.89,0.11,0.12,0.89,-0.1306015037593985,LEAN,NO VALUE
2026-08-23T14:52:13.769291+00:00,KXBTC15M-26AUG231100-00,77047.72,7.229488183333333,7.770511816666667,77203.75,156.02999999999884,UP,0.109375,0.890625,0.890625,0.109375,UP,0.890625,0.8,0.81,0.19,0.2,0.81,0.08062499999999995,STRONG,SMALL EDGE
2026-08-23T14:52:43.873091+00:00,KXBTC15M-26AUG231100-00,77047.72,7.7312181833333335,7.2687818166666665,77186.94,139.22000000000116,UP,0.109375,0.890625,0.890625,0.109375,UP,0.890625,0.85,0.86,0.14,0.15,0.86,0.030625000000000013,STRONG,SMALL EDGE
2026-08-23T14:53:13.938612+00:00,KXBTC15M-26AUG231100-00,77047.72,8.232310199999999,6.7676898,77164.01,116.2899999999936,UP,0.06989247311827956,0.9301075268817205,0.9301075268817205,0.06989247311827956,UP,0.9301075268817205,0.86,0.87,0.13,0.14,0.87,0.0601075268817205,90%+ LOCK CANDIDATE,SMALL EDGE
2026-08-23T14:53:43.709887+00:00,KXBTC15M-26AUG231100-00,77047.72,8.728498116666666,6.271501883333333,77202.31,154.5899999999965,UP,0.011904761904761904,0.9880952380952381,0.9880952380952381,0.011904761904761904,UP,0.9880952380952381,0.89,0.9,0.1,0.11,0.9,0.08809523809523812,90%+ LOCK CANDIDATE,SMALL EDGE
2026-08-23T14:54:13.687465+00:00,KXBTC15M-26AUG231100-00,77047.72,9.228124416666667,5.771875583333334,77184.05,136.33000000000175,UP,0.0,1.0,1.0,0.0,UP,1.0,0.906,0.907,0.093,0.094,0.907,0.09299999999999997,90%+ LOCK CANDIDATE,SMALL EDGE
2026-08-23T14:54:43.779304+00:00,KXBTC15M-26AUG231100-00,77047.72,9.729655066666668,5.270344933333333,77238.26,190.5399999999936,UP,0.0,1.0,1.0,0.0,UP,1.0,0.906,0.907,0.093,0.094,0.907,0.09299999999999997,90%+ LOCK CANDIDATE,SMALL EDGE
2026-08-23T14:55:13.798943+00:00,KXBTC15M-26AUG231100-00,77047.72,10.229982383333333,4.770017616666666,77225.13,177.4100000000035,UP,0.0,1.0,1.0,0.0,UP,1.0,0.968,0.969,0.031,0.032,0.969,0.031000000000000028,LOCK,SMALL EDGE
2026-08-23T14:55:43.866053+00:00,KXBTC15M-26AUG231100-00,77047.72,10.731100883333333,4.268899116666666,77171.65,123.92999999999302,UP,0.06989247311827956,0.9301075268817205,0.9301075268817205,0.06989247311827956,UP,0.9301075268817205,0.94,0.941,0.059,0.06,0.941,-0.010892473118279455,LOCK,NO VALUE
2026-08-23T14:56:13.766538+00:00,KXBTC15M-26AUG231100-00,77047.72,11.229442299999999,3.7705577,77206.01,158.2899999999936,UP,0.011904761904761904,0.9880952380952381,0.9880952380952381,0.011904761904761904,UP,0.9880952380952381,0.909,0.91,0.09,0.091,0.91,0.0780952380952381,LOCK,SMALL EDGE
2026-08-23T14:56:43.696372+00:00,KXBTC15M-26AUG231100-00,77047.72,11.728272866666666,3.2717271333333335,77205.53,157.80999999999767,UP,0.011904761904761904,0.9880952380952381,0.9880952380952381,0.011904761904761904,UP,0.9880952380952381,0.964,0.965,0.035,0.036,0.965,0.02309523809523817,LOCK,SMALL EDGE
2026-08-23T14:57:13.702931+00:00,KXBTC15M-26AUG231100-00,77047.72,12.228382183333334,2.7716178166666667,77179.86,132.13999999999942,UP,0.06989247311827956,0.9301075268817205,0.9301075268817205,0.06989247311827956,UP,0.9301075268817205,0.948,0.95,0.05,0.052,0.95,-0.019892473118279463,LOCK,NO VALUE
2026-08-23T14:57:43.754771+00:00,KXBTC15M-26AUG231100-00,77047.72,12.729246183333334,2.2707538166666668,77135.33,87.61000000000058,UP,0.10714285714285714,0.8928571428571429,0.8928571428571429,0.10714285714285714,UP,0.8928571428571429,0.924,0.925,0.075,0.076,0.925,-0.03214285714285714,STRONG,NO VALUE
2026-08-23T14:58:13.765281+00:00,KXBTC15M-26AUG231100-00,77047.72,13.229421349999999,1.77057865,77174.91,127.19000000000233,UP,0.011904761904761904,0.9880952380952381,0.9880952380952381,0.011904761904761904,UP,0.9880952380952381,0.987,0.988,0.012,0.013,0.988,9.523809523814819e-05,LOCK,SMALL EDGE
2026-08-23T14:58:43.845429+00:00,KXBTC15M-26AUG231100-00,77047.72,13.730757149999999,1.2692428500000001,77148.73,101.00999999999476,UP,0.06989247311827956,0.9301075268817205,0.9301075268817205,0.06989247311827956,UP,0.9301075268817205,0.991,0.992,0.008,0.009,0.992,-0.0618924731182795,LOCK,NO VALUE
2026-08-23T14:59:13.954810+00:00,KXBTC15M-26AUG231100-00,77047.72,14.232580166666667,0.7674198333333333,77173.22,125.5,UP,0.0,1.0,1.0,0.0,UP,1.0,0.999,1.0,0.0,0.001,1.0,0.0,LOCK,NO VALUE
2026-08-23T14:59:43.715236+00:00,KXBTC15M-26AUG231100-00,77047.72,14.728587266666667,0.2714127333333333,77145.91,98.19000000000233,UP,0.011904761904761904,0.9880952380952381,0.9880952380952381,0.011904761904761904,UP,0.9880952380952381,0.999,1.0,0.0,0.001,1.0,-0.011904761904761862,LOCK,NO VALUE
2026-08-23T15:00:43.781355+00:00,KXBTC15M-26AUG231115-15,77161.21,0.72968925,14.27031075,77110.54,-50.670000000012806,DOWN,0.4336734693877551,0.5663265306122449,0.4336734693877551,0.5663265306122449,DOWN,0.5663265306122449,0.55,0.56,0.44,0.45,0.45,0.1163265306122449,RAW,POSITIVE EDGE
2026-08-23T15:01:13.767111+00:00,KXBTC15M-26AUG231115-15,77161.21,1.22945185,13.77054815,77129.63,-31.580000000001746,DOWN,0.4336734693877551,0.5663265306122449,0.4336734693877551,0.5663265306122449,DOWN,0.5663265306122449,0.34,0.35,0.65,0.66,0.66,-0.09367346938775512,RAW,NO VALUE
2026-08-23T15:01:43.827561+00:00,KXBTC15M-26AUG231115-15,77161.21,1.73045935,13.269540650000001,77197.24,36.029999999998836,UP,0.24060150375939848,0.7593984962406015,0.7593984962406015,0.24060150375939848,UP,0.7593984962406015,0.44,0.45,0.55,0.56,0.45,0.3093984962406015,LEAN,IDEAL <=50c / LARGE EDGE
2026-08-23T15:02:13.693570+00:00,KXBTC15M-26AUG231115-15,77161.21,2.2282261666666665,12.771773833333333,77263.33,102.11999999999534,UP,0.39344262295081966,0.6065573770491803,0.6065573770491803,0.39344262295081966,UP,0.6065573770491803,0.65,0.66,0.34,0.35,0.66,-0.053442622950819696,RAW,NO VALUE
2026-08-23T15:02:43.735148+00:00,KXBTC15M-26AUG231115-15,77161.21,2.7289191333333336,12.271080866666667,77160.19,-1.0200000000040745,DOWN,0.4336734693877551,0.5663265306122449,0.4336734693877551,0.5663265306122449,DOWN,0.5663265306122449,0.62,0.63,0.37,0.38,0.38,0.1863265306122449,RAW,ATTRACTIVE <=50c
2026-08-23T15:03:13.836415+00:00,KXBTC15M-26AUG231115-15,77161.21,3.2306069166666664,11.769393083333334,77206.02,44.80999999999767,UP,0.3652173913043478,0.6347826086956522,0.6347826086956522,0.3652173913043478,UP,0.6347826086956522,0.53,0.54,0.46,0.47,0.54,0.09478260869565214,RAW,SMALL EDGE
2026-08-23T15:03:43.651426+00:00,KXBTC15M-26AUG231115-15,77161.21,3.7275237666666663,11.272476233333332,77154.68,-6.530000000013388,DOWN,0.4336734693877551,0.5663265306122449,0.4336734693877551,0.5663265306122449,DOWN,0.5663265306122449,0.57,0.58,0.42,0.43,0.43,0.13632653061224492,RAW,POSITIVE EDGE
2026-08-23T15:04:13.861299+00:00,KXBTC15M-26AUG231115-15,77161.21,4.23102165,10.76897835,77198.16,36.94999999999709,UP,0.3652173913043478,0.6347826086956522,0.6347826086956522,0.3652173913043478,UP,0.6347826086956522,0.58,0.59,0.41,0.42,0.59,0.044782608695652204,RAW,SMALL EDGE
2026-08-23T15:04:43.835821+00:00,KXBTC15M-26AUG231115-15,77161.21,4.730597016666667,10.269402983333332,77231.45,70.23999999999069,UP,0.27388535031847133,0.7261146496815287,0.7261146496815287,0.27388535031847133,UP,0.7261146496815287,0.65,0.66,0.34,0.35,0.66,0.06611464968152869,LEAN,SMALL EDGE
2026-08-23T15:05:13.864486+00:00,KXBTC15M-26AUG231115-15,77161.21,5.231074766666667,9.768925233333333,77249.1,87.88999999999942,UP,0.24060150375939848,0.7593984962406015,0.7593984962406015,0.24060150375939848,UP,0.7593984962406015,0.7,0.71,0.29,0.3,0.71,0.04939849624060155,LEAN,SMALL EDGE
2026-08-23T15:05:43.900310+00:00,KXBTC15M-26AUG231115-15,77161.21,5.731671833333333,9.268328166666667,77248.04,86.8299999999872,UP,0.24060150375939848,0.7593984962406015,0.7593984962406015,0.24060150375939848,UP,0.7593984962406015,0.7,0.71,0.29,0.3,0.71,0.04939849624060155,LEAN,SMALL EDGE
2026-08-23T15:06:13.786043+00:00,KXBTC15M-26AUG231115-15,77161.21,6.229767383333334,8.770232616666668,77276.29,115.0799999999872,UP,0.24060150375939848,0.7593984962406015,0.7593984962406015,0.24060150375939848,UP,0.7593984962406015,0.78,0.79,0.21,0.22,0.79,-0.03060150375939852,LEAN,NO VALUE
2026-08-23T15:06:43.848379+00:00,KXBTC15M-26AUG231115-15,77161.21,6.730806316666667,8.269193683333333,77320.06,158.84999999999127,UP,0.109375,0.890625,0.890625,0.109375,UP,0.890625,0.78,0.79,0.21,0.22,0.79,0.10062499999999996,STRONG,POSITIVE EDGE
2026-08-23T15:07:13.810475+00:00,KXBTC15M-26AUG231115-15,77161.21,7.2301745833333335,7.7698254166666665,77280.42,119.20999999999185,UP,0.24060150375939848,0.7593984962406015,0.7593984962406015,0.24060150375939848,UP,0.7593984962406015,0.86,0.87,0.13,0.14,0.87,-0.11060150375939848,LEAN,NO VALUE
2026-08-23T15:07:43.808811+00:00,KXBTC15M-26AUG231115-15,77161.21,7.73014685,7.26985315,77316.79,155.5799999999872,UP,0.10714285714285714,0.8928571428571429,0.8928571428571429,0.10714285714285714,UP,0.8928571428571429,0.85,0.86,0.14,0.15,0.86,0.03285714285714292,STRONG,SMALL EDGE
2026-08-23T15:08:13.822543+00:00,KXBTC15M-26AUG231115-15,77161.21,8.230375716666666,6.769624283333333,77286.25,125.0399999999936,UP,0.10714285714285714,0.8928571428571429,0.8928571428571429,0.10714285714285714,UP,0.8928571428571429,0.87,0.88,0.12,0.13,0.88,0.0128571428571429,STRONG,SMALL EDGE
2026-08-23T15:08:43.754579+00:00,KXBTC15M-26AUG231115-15,77161.21,8.729242983333334,6.270757016666667,77248.05,86.83999999999651,UP,0.24060150375939848,0.7593984962406015,0.7593984962406015,0.24060150375939848,UP,0.7593984962406015,0.86,0.87,0.13,0.14,0.87,-0.11060150375939848,LEAN,NO VALUE
2026-08-23T15:09:13.772371+00:00,KXBTC15M-26AUG231115-15,77161.21,9.229539516666668,5.770460483333333,77239.8,78.58999999999651,UP,0.06989247311827956,0.9301075268817205,0.9301075268817205,0.06989247311827956,UP,0.9301075268817205,0.78,0.79,0.21,0.22,0.79,0.14010752688172046,90%+ LOCK CANDIDATE,POSITIVE EDGE
2026-08-23T15:09:43.708166+00:00,KXBTC15M-26AUG231115-15,77161.21,9.728469433333334,5.271530566666667,77255.0,93.7899999999936,UP,0.06989247311827956,0.9301075268817205,0.9301075268817205,0.06989247311827956,UP,0.9301075268817205,0.83,0.84,0.16,0.17,0.84,0.09010752688172052,90%+ LOCK CANDIDATE,SMALL EDGE
2026-08-23T15:10:13.855717+00:00,KXBTC15M-26AUG231115-15,77161.21,10.230928616666667,4.7690713833333325,77279.81,118.59999999999127,UP,0.0,1.0,1.0,0.0,UP,1.0,0.83,0.84,0.16,0.17,0.84,0.16000000000000003,LOCK,POSITIVE EDGE
2026-08-23T15:10:43.796153+00:00,KXBTC15M-26AUG231115-15,77161.21,10.729935883333333,4.270064116666666,77286.79,125.5799999999872,UP,0.0,1.0,1.0,0.0,UP,1.0,0.946,0.947,0.053,0.054,0.947,0.05300000000000005,LOCK,SMALL EDGE
2026-08-23T15:11:13.875175+00:00,KXBTC15M-26AUG231115-15,77161.21,11.231252916666667,3.768747083333333,77270.97,109.75999999999476,UP,0.0,1.0,1.0,0.0,UP,1.0,0.929,0.93,0.07,0.071,0.93,0.06999999999999995,LOCK,SMALL EDGE
2026-08-23T15:11:43.821080+00:00,KXBTC15M-26AUG231115-15,77161.21,11.730351333333335,3.269648666666667,77267.15,105.93999999998778,UP,0.0,1.0,1.0,0.0,UP,1.0,0.929,0.93,0.07,0.071,0.93,0.06999999999999995,LOCK,SMALL EDGE
2026-08-23T15:12:13.720916+00:00,KXBTC15M-26AUG231115-15,77161.21,12.228681933333332,2.771318066666667,77238.35,77.13999999999942,UP,0.011904761904761904,0.9880952380952381,0.9880952380952381,0.011904761904761904,UP,0.9880952380952381,0.942,0.945,0.055,0.058,0.945,0.043095238095238186,LOCK,SMALL EDGE
2026-08-23T15:12:43.738285+00:00,KXBTC15M-26AUG231115-15,77161.21,12.728971416666667,2.2710285833333335,77225.13,63.919999999998254,UP,0.011904761904761904,0.9880952380952381,0.9880952380952381,0.011904761904761904,UP,0.9880952380952381,0.88,0.89,0.11,0.12,0.89,0.09809523809523812,LOCK,SMALL EDGE
2026-08-23T15:13:13.723546+00:00,KXBTC15M-26AUG231115-15,77161.21,13.228725766666667,1.7712742333333333,77219.83,58.61999999999534,UP,0.011904761904761904,0.9880952380952381,0.9880952380952381,0.011904761904761904,UP,0.9880952380952381,0.8,0.81,0.19,0.2,0.81,0.17809523809523808,LOCK,POSITIVE EDGE
2026-08-23T15:13:43.750156+00:00,KXBTC15M-26AUG231115-15,77161.21,13.729169266666666,1.2708307333333333,77213.46,52.25,UP,0.06989247311827956,0.9301075268817205,0.9301075268817205,0.06989247311827956,UP,0.9301075268817205,0.89,0.9,0.1,0.11,0.9,0.03010752688172047,LOCK,SMALL EDGE
2026-08-23T15:14:13.854977+00:00,KXBTC15M-26AUG231115-15,77161.21,14.230916283333332,0.7690837166666668,77166.18,4.969999999986612,UP,0.27388535031847133,0.7261146496815287,0.7261146496815287,0.27388535031847133,UP,0.7261146496815287,0.65,0.68,0.32,0.35,0.68,0.046114649681528674,LEAN,SMALL EDGE
2026-08-23T15:14:43.680885+00:00,KXBTC15M-26AUG231115-15,77161.21,14.72801475,0.27198525,77164.26,3.0499999999883585,UP,0.27388535031847133,0.7261146496815287,0.7261146496815287,0.27388535031847133,UP,0.7261146496815287,0.979,0.98,0.02,0.021,0.98,-0.25388535031847126,LEAN,NO VALUE
2026-08-23T15:15:43.793090+00:00,KXBTC15M-26AUG231130-30,77169.46,0.7298848333333333,14.270115166666667,77165.7,-3.7600000000093132,DOWN,0.4336734693877551,0.5663265306122449,0.4336734693877551,0.5663265306122449,DOWN,0.5663265306122449,0.46,0.47,0.53,0.54,0.54,0.02632653061224488,RAW,SMALL EDGE
2026-08-23T15:16:13.800342+00:00,KXBTC15M-26AUG231130-30,77169.46,1.2300057,13.7699943,77141.09,-28.370000000009895,DOWN,0.4336734693877551,0.5663265306122449,0.4336734693877551,0.5663265306122449,DOWN,0.5663265306122449,0.42,0.43,0.57,0.58,0.58,-0.013673469387755044,RAW,NO VALUE
2026-08-23T15:16:43.795567+00:00,KXBTC15M-26AUG231130-30,77169.46,1.7299261166666668,13.270073883333334,77101.68,-67.78000000001339,DOWN,0.42857142857142855,0.5714285714285714,0.42857142857142855,0.5714285714285714,DOWN,0.5714285714285714,0.33,0.34,0.66,0.67,0.67,-0.09857142857142864,RAW,NO VALUE
2026-08-23T15:17:13.897419+00:00,KXBTC15M-26AUG231130-30,77169.46,2.2316236500000004,12.76837635,77125.8,-43.66000000000349,DOWN,0.4336734693877551,0.5663265306122449,0.4336734693877551,0.5663265306122449,DOWN,0.5663265306122449,0.36,0.37,0.63,0.64,0.64,-0.0736734693877551,RAW,NO VALUE
2026-08-23T15:17:43.955106+00:00,KXBTC15M-26AUG231130-30,77169.46,2.7325851,12.2674149,77107.38,-62.080000000001746,DOWN,0.42857142857142855,0.5714285714285714,0.42857142857142855,0.5714285714285714,DOWN,0.5714285714285714,0.36,0.37,0.63,0.64,0.64,-0.06857142857142862,RAW,NO VALUE
2026-08-23T15:18:13.752795+00:00,KXBTC15M-26AUG231130-30,77169.46,3.22921325,11.770786750000001,77099.59,-69.8700000000099,DOWN,0.42857142857142855,0.5714285714285714,0.42857142857142855,0.5714285714285714,DOWN,0.5714285714285714,0.35,0.36,0.64,0.65,0.65,-0.07857142857142863,RAW,NO VALUE
2026-08-23T15:18:43.768425+00:00,KXBTC15M-26AUG231130-30,77169.46,3.72947375,11.27052625,77083.79,-85.6700000000128,DOWN,0.39344262295081966,0.6065573770491803,0.39344262295081966,0.6065573770491803,DOWN,0.6065573770491803,0.3,0.31,0.69,0.7,0.7,-0.09344262295081962,RAW,NO VALUE
2026-08-23T15:19:14.157038+00:00,KXBTC15M-26AUG231130-30,77169.46,4.235950633333333,10.764049366666667,77060.87,-108.59000000001106,DOWN,0.24060150375939848,0.7593984962406015,0.24060150375939848,0.7593984962406015,DOWN,0.7593984962406015,0.25,0.26,0.74,0.75,0.75,0.009398496240601517,LEAN,SMALL EDGE
2026-08-23T15:19:43.688140+00:00,KXBTC15M-26AUG231130-30,77169.46,4.728135666666666,10.271864333333333,76951.72,-217.74000000000524,DOWN,0.06989247311827956,0.9301075268817205,0.06989247311827956,0.9301075268817205,DOWN,0.9301075268817205,0.1,0.11,0.89,0.9,0.9,0.03010752688172047,EARLY 90%+ / NOT YET VALIDATED LOCK,SMALL EDGE
2026-08-23T15:20:13.795215+00:00,KXBTC15M-26AUG231130-30,77169.46,5.22992025,9.77007975,76988.53,-180.93000000000757,DOWN,0.06989247311827956,0.9301075268817205,0.06989247311827956,0.9301075268817205,DOWN,0.9301075268817205,0.13,0.14,0.86,0.87,0.87,0.0601075268817205,EARLY 90%+ / NOT YET VALIDATED LOCK,SMALL EDGE
2026-08-23T15:20:43.826643+00:00,KXBTC15M-26AUG231130-30,77169.46,5.73044405,9.26955595,77033.47,-135.99000000000524,DOWN,0.27388535031847133,0.7261146496815287,0.27388535031847133,0.7261146496815287,DOWN,0.7261146496815287,0.11,0.12,0.88,0.89,0.89,-0.1638853503184713,LEAN,NO VALUE
2026-08-23T15:21:13.849764+00:00,KXBTC15M-26AUG231130-30,77169.46,6.2308294,8.769170599999999,77087.67,-81.79000000000815,DOWN,0.39344262295081966,0.6065573770491803,0.39344262295081966,0.6065573770491803,DOWN,0.6065573770491803,0.11,0.12,0.88,0.89,0.89,-0.2834426229508197,RAW,NO VALUE
2026-08-23T15:21:43.725575+00:00,KXBTC15M-26AUG231130-30,77169.46,6.728759583333333,8.271240416666666,77131.65,-37.810000000012224,DOWN,0.4336734693877551,0.5663265306122449,0.4336734693877551,0.5663265306122449,DOWN,0.5663265306122449,0.24,0.25,0.75,0.76,0.76,-0.1936734693877551,RAW,NO VALUE
2026-08-23T15:22:13.714723+00:00,KXBTC15M-26AUG231130-30,77169.46,7.228578716666666,7.771421283333334,77132.07,-37.38999999999942,DOWN,0.4336734693877551,0.5663265306122449,0.4336734693877551,0.5663265306122449,DOWN,0.5663265306122449,0.36,0.37,0.63,0.64,0.64,-0.0736734693877551,RAW,NO VALUE
2026-08-23T15:22:43.775240+00:00,KXBTC15M-26AUG231130-30,77169.46,7.729587333333333,7.270412666666667,77199.85,30.389999999999418,UP,0.42857142857142855,0.5714285714285714,0.5714285714285714,0.42857142857142855,UP,0.5714285714285714,0.43,0.44,0.56,0.57,0.44,0.1314285714285714,RAW,POSITIVE EDGE
2026-08-23T15:23:13.886942+00:00,KXBTC15M-26AUG231130-30,77169.46,8.231449033333332,6.768550966666667,77224.69,55.229999999995925,UP,0.27388535031847133,0.7261146496815287,0.7261146496815287,0.27388535031847133,UP,0.7261146496815287,0.59,0.6,0.4,0.41,0.6,0.12611464968152875,LEAN,POSITIVE EDGE
2026-08-23T15:23:43.721182+00:00,KXBTC15M-26AUG231130-30,77169.46,8.728686366666667,6.2713136333333335,77153.85,-15.610000000000582,DOWN,0.4336734693877551,0.5663265306122449,0.4336734693877551,0.5663265306122449,DOWN,0.5663265306122449,0.59,0.6,0.4,0.41,0.41,0.15632653061224494,RAW,ATTRACTIVE <=50c
2026-08-23T15:24:13.791167+00:00,KXBTC15M-26AUG231130-30,77169.46,9.229852783333333,5.770147216666667,77171.63,2.1699999999982538,UP,0.42857142857142855,0.5714285714285714,0.5714285714285714,0.42857142857142855,UP,0.5714285714285714,0.43,0.44,0.56,0.57,0.44,0.1314285714285714,RAW,POSITIVE EDGE
2026-08-23T15:24:43.790349+00:00,KXBTC15M-26AUG231130-30,77169.46,9.72983915,5.27016085,77201.19,31.729999999995925,UP,0.39344262295081966,0.6065573770491803,0.6065573770491803,0.39344262295081966,UP,0.6065573770491803,0.53,0.54,0.46,0.47,0.54,0.0665573770491803,RAW,SMALL EDGE
2026-08-23T15:25:13.851148+00:00,KXBTC15M-26AUG231130-30,77169.46,10.230852466666667,4.769147533333333,77197.63,28.169999999998254,UP,0.39344262295081966,0.6065573770491803,0.6065573770491803,0.39344262295081966,UP,0.6065573770491803,0.61,0.62,0.38,0.39,0.62,-0.01344262295081966,RAW,NO VALUE
2026-08-23T15:25:43.755485+00:00,KXBTC15M-26AUG231130-30,77169.46,10.729258083333333,4.270741916666666,77213.65,44.189999999987776,UP,0.24060150375939848,0.7593984962406015,0.7593984962406015,0.24060150375939848,UP,0.7593984962406015,0.64,0.65,0.35,0.36,0.65,0.1093984962406015,LEAN,POSITIVE EDGE
2026-08-23T15:26:13.864424+00:00,KXBTC15M-26AUG231130-30,77169.46,11.231073733333334,3.7689262666666665,77189.2,19.739999999990687,UP,0.39344262295081966,0.6065573770491803,0.6065573770491803,0.39344262295081966,UP,0.6065573770491803,0.64,0.65,0.35,0.36,0.65,-0.04344262295081969,RAW,NO VALUE
2026-08-23T15:26:43.745033+00:00,KXBTC15M-26AUG231130-30,77169.46,11.729083883333335,3.2709161166666667,77209.84,40.379999999990105,UP,0.109375,0.890625,0.890625,0.109375,UP,0.890625,0.6,0.61,0.39,0.4,0.61,0.280625,STRONG,LARGE EDGE / PRICE ABOVE 50c
2026-08-23T15:27:13.723042+00:00,KXBTC15M-26AUG231130-30,77169.46,12.228717366666666,2.7712826333333336,77208.91,39.44999999999709,UP,0.10714285714285714,0.8928571428571429,0.8928571428571429,0.10714285714285714,UP,0.8928571428571429,0.71,0.72,0.28,0.29,0.72,0.17285714285714293,STRONG,POSITIVE EDGE
2026-08-23T15:27:43.887119+00:00,KXBTC15M-26AUG231130-30,77169.46,12.731451983333333,2.2685480166666663,77199.42,29.95999999999185,UP,0.109375,0.890625,0.890625,0.109375,UP,0.890625,0.76,0.77,0.23,0.24,0.77,0.12062499999999998,STRONG,POSITIVE EDGE
2026-08-23T15:28:13.726586+00:00,KXBTC15M-26AUG231130-30,77169.46,13.228776433333334,1.7712235666666667,77176.7,7.239999999990687,UP,0.27388535031847133,0.7261146496815287,0.7261146496815287,0.27388535031847133,UP,0.7261146496815287,0.72,0.73,0.27,0.28,0.73,-0.003885350318471259,LEAN,NO VALUE
2026-08-23T15:28:43.681140+00:00,KXBTC15M-26AUG231130-30,77169.46,13.728019,1.271981,77169.6,0.13999999999941792,UP,0.42857142857142855,0.5714285714285714,0.5714285714285714,0.42857142857142855,UP,0.5714285714285714,0.57,0.58,0.42,0.43,0.58,-0.008571428571428563,RAW,NO VALUE
2026-08-23T15:29:13.857755+00:00,KXBTC15M-26AUG231130-30,77169.46,14.230962583333334,0.7690374166666667,77170.97,1.5099999999947613,UP,0.3652173913043478,0.6347826086956522,0.6347826086956522,0.3652173913043478,UP,0.6347826086956522,0.68,0.69,0.31,0.32,0.69,-0.055217391304347774,RAW,NO VALUE
2026-08-23T15:29:43.771347+00:00,KXBTC15M-26AUG231130-30,77169.46,14.72952245,0.27047755,77175.94,6.4799999999959255,UP,0.19811320754716982,0.8018867924528301,0.8018867924528301,0.19811320754716982,UP,0.8018867924528301,0.91,0.916,0.084,0.09,0.916,-0.11411320754716991,STRONG,NO VALUE
2026-08-23T15:30:43.703443+00:00,KXBTC15M-26AUG231145-45,77180.01,0.7283907166666667,14.271609283333333,77210.38,30.370000000009895,UP,0.3652173913043478,0.6347826086956522,0.6347826086956522,0.3652173913043478,UP,0.6347826086956522,0.58,0.59,0.41,0.42,0.59,0.044782608695652204,RAW,SMALL EDGE
2026-08-23T15:31:13.849690+00:00,KXBTC15M-26AUG231145-45,77180.01,1.2308281666666665,13.769171833333333,77248.04,68.02999999999884,UP,0.27388535031847133,0.7261146496815287,0.7261146496815287,0.27388535031847133,UP,0.7261146496815287,0.63,0.64,0.36,0.37,0.64,0.08611464968152871,LEAN,SMALL EDGE
2026-08-23T15:31:43.804286+00:00,KXBTC15M-26AUG231145-45,77180.01,1.7300714333333334,13.269928566666666,77248.62,68.61000000000058,UP,0.3652173913043478,0.6347826086956522,0.6347826086956522,0.3652173913043478,UP,0.6347826086956522,0.63,0.64,0.36,0.37,0.64,-0.00521739130434784,RAW,NO VALUE
2026-08-23T15:32:13.746741+00:00,KXBTC15M-26AUG231145-45,77180.01,2.22911235,12.770887649999999,77204.91,24.90000000000873,UP,0.4336734693877551,0.5663265306122449,0.5663265306122449,0.4336734693877551,UP,0.5663265306122449,0.67,0.68,0.32,0.33,0.68,-0.11367346938775513,RAW,NO VALUE
2026-08-23T15:32:43.745371+00:00,KXBTC15M-26AUG231145-45,77180.01,2.729089516666667,12.270910483333333,77178.13,-1.8799999999901047,DOWN,0.4336734693877551,0.5663265306122449,0.4336734693877551,0.5663265306122449,DOWN,0.5663265306122449,0.61,0.62,0.38,0.39,0.39,0.1763265306122449,RAW,ATTRACTIVE <=50c
2026-08-23T15:33:13.754892+00:00,KXBTC15M-26AUG231145-45,77180.01,3.2292482000000002,11.7707518,77139.58,-40.429999999993015,DOWN,0.4336734693877551,0.5663265306122449,0.4336734693877551,0.5663265306122449,DOWN,0.5663265306122449,0.5,0.51,0.49,0.5,0.5,0.06632653061224492,RAW,SMALL EDGE
2026-08-23T15:33:43.717967+00:00,KXBTC15M-26AUG231145-45,77180.01,3.728632783333333,11.271367216666667,77138.39,-41.61999999999534,DOWN,0.42857142857142855,0.5714285714285714,0.42857142857142855,0.5714285714285714,DOWN,0.5714285714285714,0.4,0.41,0.59,0.6,0.6,-0.02857142857142858,RAW,NO VALUE
2026-08-23T15:34:13.805102+00:00,KXBTC15M-26AUG231145-45,77180.01,4.230085033333333,10.769914966666667,77148.69,-31.319999999992433,DOWN,0.42857142857142855,0.5714285714285714,0.42857142857142855,0.5714285714285714,DOWN,0.5714285714285714,0.38,0.39,0.61,0.62,0.62,-0.0485714285714286,RAW,NO VALUE
2026-08-23T15:34:43.697665+00:00,KXBTC15M-26AUG231145-45,77180.01,4.7282944166666665,10.271705583333333,77159.43,-20.580000000001746,DOWN,0.42857142857142855,0.5714285714285714,0.42857142857142855,0.5714285714285714,DOWN,0.5714285714285714,0.41,0.42,0.58,0.59,0.59,-0.018571428571428572,RAW,NO VALUE
2026-08-23T15:35:13.830420+00:00,KXBTC15M-26AUG231145-45,77180.01,5.230507,9.769493,77159.08,-20.929999999993015,DOWN,0.4277521050960206,0.5722478949039794,0.4277521050960206,0.5722478949039794,DOWN,0.5722478949039794,0.4,0.41,0.59,0.6,0.6,-0.027752105096020552,RAW,NO VALUE
2026-08-23T15:35:43.887998+00:00,KXBTC15M-26AUG231145-45,77180.01,5.731466633333333,9.268533366666666,77206.55,26.54000000000815,UP,0.4336734693877551,0.5663265306122449,0.5663265306122449,0.4336734693877551,UP,0.5663265306122449,0.44,0.45,0.55,0.56,0.45,0.1163265306122449,RAW,POSITIVE EDGE
2026-08-23T15:36:13.849270+00:00,KXBTC15M-26AUG231145-45,77180.01,6.230821166666667,8.769178833333333,77200.53,20.520000000004075,UP,0.42857142857142855,0.5714285714285714,0.5714285714285714,0.42857142857142855,UP,0.5714285714285714,0.56,0.57,0.43,0.44,0.57,0.0014285714285714457,RAW,SMALL EDGE
2026-08-23T15:36:43.780528+00:00,KXBTC15M-26AUG231145-45,77180.01,6.7296754666666665,8.270324533333334,77181.56,1.5500000000029104,UP,0.42857142857142855,0.5714285714285714,0.5714285714285714,0.42857142857142855,UP,0.5714285714285714,0.52,0.53,0.47,0.48,0.53,0.04142857142857137,RAW,SMALL EDGE
2026-08-23T15:37:13.767562+00:00,KXBTC15M-26AUG231145-45,77180.01,7.229459366666666,7.770540633333334,77180.31,0.3000000000029104,UP,0.4336734693877551,0.5663265306122449,0.5663265306122449,0.4336734693877551,UP,0.5663265306122449,0.52,0.53,0.47,0.48,0.53,0.03632653061224489,RAW,SMALL EDGE
2026-08-23T15:37:43.830134+00:00,KXBTC15M-26AUG231145-45,77180.01,7.7305022333333335,7.2694977666666665,77198.38,18.370000000009895,UP,0.39344262295081966,0.6065573770491803,0.6065573770491803,0.39344262295081966,UP,0.6065573770491803,0.52,0.53,0.47,0.48,0.53,0.07655737704918031,RAW,SMALL EDGE
2026-08-23T15:38:13.739661+00:00,KXBTC15M-26AUG231145-45,77180.01,8.22899435,6.77100565,77209.85,29.84000000001106,UP,0.4090909090909091,0.5909090909090908,0.5909090909090908,0.4090909090909091,UP,0.5909090909090908,0.54,0.55,0.45,0.46,0.55,0.040909090909090784,RAW,SMALL EDGE
2026-08-23T15:38:43.802181+00:00,KXBTC15M-26AUG231145-45,77180.01,8.73003635,6.269963649999999,77218.5,38.49000000000524,UP,0.39344262295081966,0.6065573770491803,0.6065573770491803,0.39344262295081966,UP,0.6065573770491803,0.72,0.73,0.27,0.28,0.73,-0.12344262295081965,RAW,NO VALUE
2026-08-23T15:39:13.746236+00:00,KXBTC15M-26AUG231145-45,77180.01,9.229103933333333,5.770896066666666,77247.4,67.38999999999942,UP,0.19811320754716982,0.8018867924528301,0.8018867924528301,0.19811320754716982,UP,0.8018867924528301,0.68,0.69,0.31,0.32,0.69,0.11188679245283017,STRONG,POSITIVE EDGE
2026-08-23T15:39:43.695617+00:00,KXBTC15M-26AUG231145-45,77180.01,9.728260283333332,5.271739716666667,77246.87,66.86000000000058,UP,0.109375,0.890625,0.890625,0.109375,UP,0.890625,0.82,0.83,0.17,0.18,0.83,0.06062500000000004,STRONG,SMALL EDGE
2026-08-23T15:40:13.737964+00:00,KXBTC15M-26AUG231145-45,77180.01,10.228966066666667,4.771033933333333,77259.0,78.99000000000524,UP,0.06989247311827956,0.9301075268817205,0.9301075268817205,0.06989247311827956,UP,0.9301075268817205,0.83,0.84,0.16,0.17,0.84,0.09010752688172052,LOCK,SMALL EDGE
2026-08-23T15:40:43.699024+00:00,KXBTC15M-26AUG231145-45,77180.01,10.728317066666667,4.2716829333333335,77249.45,69.44000000000233,UP,0.06989247311827956,0.9301075268817205,0.9301075268817205,0.06989247311827956,UP,0.9301075268817205,0.87,0.88,0.12,0.13,0.88,0.05010752688172049,LOCK,SMALL EDGE
2026-08-23T15:41:13.961835+00:00,KXBTC15M-26AUG231145-45,77180.01,11.23269725,3.76730275,77250.71,70.70000000001164,UP,0.05128205128205128,0.9487179487179487,0.9487179487179487,0.05128205128205128,UP,0.9487179487179487,0.925,0.926,0.074,0.075,0.926,0.022717948717948633,LOCK,SMALL EDGE
2026-08-23T15:41:43.828627+00:00,KXBTC15M-26AUG231145-45,77180.01,11.730477116666666,3.269522883333333,77252.16,72.15000000000873,UP,0.011904761904761904,0.9880952380952381,0.9880952380952381,0.011904761904761904,UP,0.9880952380952381,0.924,0.925,0.075,0.076,0.925,0.0630952380952381,LOCK,SMALL EDGE
2026-08-23T15:42:13.747314+00:00,KXBTC15M-26AUG231145-45,77180.01,12.229121899999999,2.7708781,77255.63,75.6200000000099,UP,0.0,1.0,1.0,0.0,UP,1.0,0.909,0.91,0.09,0.091,0.91,0.08999999999999997,LOCK,SMALL EDGE
2026-08-23T15:42:43.804040+00:00,KXBTC15M-26AUG231145-45,77180.01,12.730067333333333,2.269932666666667,77255.63,75.6200000000099,UP,0.0,1.0,1.0,0.0,UP,1.0,0.956,0.957,0.043,0.044,0.957,0.04300000000000004,LOCK,SMALL EDGE
2026-08-23T15:43:13.722227+00:00,KXBTC15M-26AUG231145-45,77180.01,13.228703783333334,1.7712962166666666,77265.47,85.4600000000064,UP,0.0,1.0,1.0,0.0,UP,1.0,0.983,0.984,0.016,0.017,0.984,0.016000000000000014,LOCK,SMALL EDGE
2026-08-23T15:43:43.693147+00:00,KXBTC15M-26AUG231145-45,77180.01,13.728219116666667,1.2717808833333335,77273.03,93.02000000000407,UP,0.0,1.0,1.0,0.0,UP,1.0,0.995,0.996,0.004,0.005,0.996,0.0040000000000000036,LOCK,SMALL EDGE
2026-08-23T15:44:13.739796+00:00,KXBTC15M-26AUG231145-45,77180.01,14.228996599999999,0.7710034,77289.12,109.11000000000058,UP,0.0,1.0,1.0,0.0,UP,1.0,0.999,1.0,0.0,0.001,1.0,0.0,LOCK,NO VALUE
2026-08-23T15:44:43.735308+00:00,KXBTC15M-26AUG231145-45,77180.01,14.7289218,0.2710782,77263.33,83.32000000000698,UP,0.0,1.0,1.0,0.0,UP,1.0,0.999,1.0,0.0,0.001,1.0,0.0,LOCK,NO VALUE
2026-08-23T15:45:13.791574+00:00,KXBTC15M-26AUG231200-00,77273.25,0.22985956666666668,14.770140433333333,77205.23,-68.02000000000407,DOWN,0.4090909090909091,0.5909090909090908,0.4090909090909091,0.5909090909090908,DOWN,0.5909090909090908,0.4,0.41,0.59,0.6,0.6,-0.00909090909090915,RAW,NO VALUE
2026-08-23T15:45:43.730473+00:00,KXBTC15M-26AUG231200-00,77273.25,0.7288412166666667,14.271158783333334,77197.8,-75.44999999999709,DOWN,0.42857142857142855,0.5714285714285714,0.42857142857142855,0.5714285714285714,DOWN,0.5714285714285714,0.4,0.41,0.59,0.6,0.6,-0.02857142857142858,RAW,NO VALUE
2026-08-23T15:46:13.823250+00:00,KXBTC15M-26AUG231200-00,77273.25,1.2303875,13.7696125,77206.02,-67.22999999999593,DOWN,0.4090909090909091,0.5909090909090908,0.4090909090909091,0.5909090909090908,DOWN,0.5909090909090908,0.3,0.31,0.69,0.7,0.7,-0.10909090909090913,RAW,NO VALUE
2026-08-23T15:46:43.801117+00:00,KXBTC15M-26AUG231200-00,77273.25,1.7300186166666667,13.269981383333334,77216.6,-56.64999999999418,DOWN,0.4090909090909091,0.5909090909090908,0.4090909090909091,0.5909090909090908,DOWN,0.5909090909090908,0.3,0.31,0.69,0.7,0.7,-0.10909090909090913,RAW,NO VALUE
2026-08-23T15:47:13.885068+00:00,KXBTC15M-26AUG231200-00,77273.25,2.2314178,12.768582199999999,77201.68,-71.57000000000698,DOWN,0.42857142857142855,0.5714285714285714,0.42857142857142855,0.5714285714285714,DOWN,0.5714285714285714,0.3,0.31,0.69,0.7,0.7,-0.12857142857142856,RAW,NO VALUE
2026-08-23T15:47:44.008730+00:00,KXBTC15M-26AUG231200-00,77273.25,2.7334788333333337,12.266521166666667,77206.03,-67.22000000000116,DOWN,0.42857142857142855,0.5714285714285714,0.42857142857142855,0.5714285714285714,DOWN,0.5714285714285714,0.29,0.3,0.7,0.71,0.71,-0.13857142857142857,RAW,NO VALUE
2026-08-23T15:48:13.743494+00:00,KXBTC15M-26AUG231200-00,77273.25,3.2290582333333333,11.770941766666665,77166.3,-106.94999999999709,DOWN,0.3652173913043478,0.6347826086956522,0.3652173913043478,0.6347826086956522,DOWN,0.6347826086956522,0.26,0.27,0.73,0.74,0.74,-0.10521739130434782,RAW,NO VALUE
2026-08-23T15:48:43.727507+00:00,KXBTC15M-26AUG231200-00,77273.25,3.7287917833333335,11.271208216666668,77184.13,-89.11999999999534,DOWN,0.4090909090909091,0.5909090909090908,0.4090909090909091,0.5909090909090908,DOWN,0.5909090909090908,0.22,0.23,0.77,0.78,0.78,-0.1890909090909092,RAW,NO VALUE
2026-08-23T15:49:13.777998+00:00,KXBTC15M-26AUG231200-00,77273.25,4.2296333,10.7703667,77198.38,-74.86999999999534,DOWN,0.39344262295081966,0.6065573770491803,0.39344262295081966,0.6065573770491803,DOWN,0.6065573770491803,0.24,0.25,0.75,0.76,0.76,-0.15344262295081967,RAW,NO VALUE
2026-08-23T15:49:43.733002+00:00,KXBTC15M-26AUG231200-00,77273.25,4.7288833666666665,10.271116633333332,77178.96,-94.2899999999936,DOWN,0.3652173913043478,0.6347826086956522,0.3652173913043478,0.6347826086956522,DOWN,0.6347826086956522,0.2,0.21,0.79,0.8,0.8,-0.16521739130434787,RAW,NO VALUE
2026-08-23T15:50:13.947435+00:00,KXBTC15M-26AUG231200-00,77273.25,5.2324572499999995,9.767542749999999,77171.65,-101.60000000000582,DOWN,0.24060150375939848,0.7593984962406015,0.24060150375939848,0.7593984962406015,DOWN,0.7593984962406015,0.2,0.21,0.79,0.8,0.8,-0.04060150375939853,LEAN,NO VALUE
2026-08-23T15:50:43.832562+00:00,KXBTC15M-26AUG231200-00,77273.25,5.7305427,9.2694573,77168.46,-104.7899999999936,DOWN,0.19811320754716982,0.8018867924528301,0.19811320754716982,0.8018867924528301,DOWN,0.8018867924528301,0.15,0.16,0.84,0.85,0.85,-0.048113207547169856,STRONG,NO VALUE
2026-08-23T15:51:13.834580+00:00,KXBTC15M-26AUG231200-00,77273.25,6.2305763333333335,8.769423666666667,77166.19,-107.05999999999767,DOWN,0.19811320754716982,0.8018867924528301,0.19811320754716982,0.8018867924528301,DOWN,0.8018867924528301,0.099,0.1,0.9,0.901,0.901,-0.0991132075471699,STRONG,NO VALUE
2026-08-23T15:51:43.741051+00:00,KXBTC15M-26AUG231200-00,77273.25,6.7290175166666675,8.270982483333333,77190.34,-82.91000000000349,DOWN,0.24060150375939848,0.7593984962406015,0.24060150375939848,0.7593984962406015,DOWN,0.7593984962406015,0.097,0.098,0.902,0.903,0.903,-0.1436015037593985,LEAN,NO VALUE
2026-08-23T15:52:13.828962+00:00,KXBTC15M-26AUG231200-00,77273.25,7.2304827,7.7695173,77171.64,-101.61000000000058,DOWN,0.19811320754716982,0.8018867924528301,0.19811320754716982,0.8018867924528301,DOWN,0.8018867924528301,0.14,0.15,0.85,0.86,0.86,-0.058113207547169865,STRONG,NO VALUE
2026-08-23T15:52:43.835416+00:00,KXBTC15M-26AUG231200-00,77273.25,7.730590266666667,7.269409733333333,77188.89,-84.36000000000058,DOWN,0.19811320754716982,0.8018867924528301,0.19811320754716982,0.8018867924528301,DOWN,0.8018867924528301,0.12,0.13,0.87,0.88,0.88,-0.07811320754716988,STRONG,NO VALUE
2026-08-23T15:53:13.858896+00:00,KXBTC15M-26AUG231200-00,77273.25,8.2309816,6.769018399999999,77183.1,-90.14999999999418,DOWN,0.109375,0.890625,0.109375,0.890625,DOWN,0.890625,0.084,0.085,0.915,0.916,0.916,-0.025375000000000036,STRONG,NO VALUE
2026-08-23T15:53:43.890078+00:00,KXBTC15M-26AUG231200-00,77273.25,8.7315013,6.268498699999999,77165.68,-107.57000000000698,DOWN,0.06989247311827956,0.9301075268817205,0.06989247311827956,0.9301075268817205,DOWN,0.9301075268817205,0.07,0.071,0.929,0.93,0.93,0.00010752688172044333,90%+ LOCK CANDIDATE,SMALL EDGE
2026-08-23T15:54:13.771681+00:00,KXBTC15M-26AUG231200-00,77273.25,9.229528016666666,5.7704719833333336,77156.57,-116.67999999999302,DOWN,0.05128205128205128,0.9487179487179487,0.05128205128205128,0.9487179487179487,DOWN,0.9487179487179487,0.048,0.05,0.95,0.952,0.952,-0.0032820512820512793,90%+ LOCK CANDIDATE,NO VALUE
2026-08-23T15:54:43.689735+00:00,KXBTC15M-26AUG231200-00,77273.25,9.72816225,5.27183775,77166.91,-106.33999999999651,DOWN,0.06989247311827956,0.9301075268817205,0.06989247311827956,0.9301075268817205,DOWN,0.9301075268817205,0.048,0.05,0.95,0.952,0.952,-0.021892473118279465,90%+ LOCK CANDIDATE,NO VALUE
2026-08-23T15:55:13.849266+00:00,KXBTC15M-26AUG231200-00,77273.25,10.230821099999998,4.7691789,77154.05,-119.19999999999709,DOWN,0.011904761904761904,0.9880952380952381,0.011904761904761904,0.9880952380952381,DOWN,0.9880952380952381,0.044,0.045,0.955,0.956,0.956,0.03209523809523818,LOCK,SMALL EDGE
2026-08-23T15:55:43.784553+00:00,KXBTC15M-26AUG231200-00,77273.25,10.72974255,4.27025745,77154.04,-119.2100000000064,DOWN,0.011904761904761904,0.9880952380952381,0.011904761904761904,0.9880952380952381,DOWN,0.9880952380952381,0.033,0.034,0.966,0.967,0.967,0.021095238095238167,LOCK,SMALL EDGE
2026-08-23T15:56:13.793579+00:00,KXBTC15M-26AUG231200-00,77273.25,11.229892983333334,3.7701070166666666,77155.6,-117.64999999999418,DOWN,0.0,1.0,0.0,1.0,DOWN,1.0,0.02,0.021,0.979,0.98,0.98,0.020000000000000018,LOCK,SMALL EDGE
2026-08-23T15:56:43.801537+00:00,KXBTC15M-26AUG231200-00,77273.25,11.730025616666667,3.2699743833333335,77174.16,-99.08999999999651,DOWN,0.034482758620689655,0.9655172413793104,0.034482758620689655,0.9655172413793104,DOWN,0.9655172413793104,0.015,0.016,0.984,0.985,0.985,-0.0194827586206896,LOCK,NO VALUE
2026-08-23T15:57:13.724177+00:00,KXBTC15M-26AUG231200-00,77273.25,12.228736283333335,2.7712637166666667,77167.98,-105.27000000000407,DOWN,0.06989247311827956,0.9301075268817205,0.06989247311827956,0.9301075268817205,DOWN,0.9301075268817205,0.041,0.042,0.958,0.959,0.959,-0.02889247311827947,LOCK,NO VALUE
2026-08-23T15:57:44.067761+00:00,KXBTC15M-26AUG231200-00,77273.25,12.734462683333334,2.265537316666667,77167.65,-105.60000000000582,DOWN,0.06032838102308867,0.9396716189769113,0.06032838102308867,0.9396716189769113,DOWN,0.9396716189769113,0.01,0.011,0.989,0.99,0.99,-0.050328381023088675,LOCK,NO VALUE
2026-08-23T15:58:13.820149+00:00,KXBTC15M-26AUG231200-00,77273.25,13.230335816666667,1.7696641833333333,77141.07,-132.17999999999302,DOWN,0.0,1.0,0.0,1.0,DOWN,1.0,0.002,0.003,0.997,0.998,0.998,0.0020000000000000018,LOCK,SMALL EDGE
2026-08-23T15:58:43.884999+00:00,KXBTC15M-26AUG231200-00,77273.25,13.73141665,1.26858335,77126.03,-147.22000000000116,DOWN,0.0,1.0,0.0,1.0,DOWN,1.0,0.0,0.001,0.999,1.0,1.0,0.0,LOCK,NO VALUE
2026-08-23T15:59:14.007330+00:00,KXBTC15M-26AUG231200-00,77273.25,14.2334555,0.7665445,77125.8,-147.4499999999971,DOWN,0.0,1.0,0.0,1.0,DOWN,1.0,0.0,0.001,0.999,1.0,1.0,0.0,LOCK,NO VALUE
2026-08-23T15:59:43.946873+00:00,KXBTC15M-26AUG231200-00,77273.25,14.732447883333332,0.2675521166666667,77145.47,-127.77999999999884,DOWN,0.0,1.0,0.0,1.0,DOWN,1.0,0.0,0.001,0.999,1.0,1.0,0.0,LOCK,NO VALUE
2026-08-23T16:00:43.821320+00:00,KXBTC15M-26AUG231215-15,77138.38,0.7303553333333334,14.269644666666666,77171.67,33.2899999999936,UP,0.4336734693877551,0.5663265306122449,0.5663265306122449,0.4336734693877551,UP,0.5663265306122449,0.55,0.56,0.44,0.45,0.56,0.006326530612244863,RAW,SMALL EDGE
2026-08-23T16:01:13.967608+00:00,KXBTC15M-26AUG231215-15,77138.38,1.2327934666666667,13.767206533333333,77180.0,41.61999999999534,UP,0.42857142857142855,0.5714285714285714,0.5714285714285714,0.42857142857142855,UP,0.5714285714285714,0.62,0.63,0.37,0.38,0.63,-0.05857142857142861,RAW,NO VALUE
2026-08-23T16:01:43.910601+00:00,KXBTC15M-26AUG231215-15,77138.38,1.73184335,13.26815665,77198.38,60.0,UP,0.3652173913043478,0.6347826086956522,0.6347826086956522,0.3652173913043478,UP,0.6347826086956522,0.66,0.67,0.33,0.34,0.67,-0.03521739130434787,RAW,NO VALUE
2026-08-23T16:02:13.891420+00:00,KXBTC15M-26AUG231215-15,77138.38,2.231523666666667,12.768476333333332,77198.38,60.0,UP,0.27388535031847133,0.7261146496815287,0.7261146496815287,0.27388535031847133,UP,0.7261146496815287,0.71,0.72,0.28,0.29,0.72,0.00611464968152875,LEAN,SMALL EDGE
2026-08-23T16:02:43.948131+00:00,KXBTC15M-26AUG231215-15,77138.38,2.7324688499999996,12.26753115,77198.38,60.0,UP,0.27388535031847133,0.7261146496815287,0.7261146496815287,0.27388535031847133,UP,0.7261146496815287,0.71,0.72,0.28,0.29,0.72,0.00611464968152875,LEAN,SMALL EDGE
2026-08-23T16:03:13.825957+00:00,KXBTC15M-26AUG231215-15,77138.38,3.2304326166666666,11.769567383333333,77211.0,72.61999999999534,UP,0.3652173913043478,0.6347826086956522,0.6347826086956522,0.3652173913043478,UP,0.6347826086956522,0.74,0.75,0.25,0.26,0.75,-0.11521739130434783,RAW,NO VALUE
2026-08-23T16:03:43.928489+00:00,KXBTC15M-26AUG231215-15,77138.38,3.7321414833333337,11.267858516666667,77259.59,121.20999999999185,UP,0.19811320754716982,0.8018867924528301,0.8018867924528301,0.19811320754716982,UP,0.8018867924528301,0.8,0.81,0.19,0.2,0.81,-0.008113207547169932,STRONG,NO VALUE
2026-08-23T16:04:13.815972+00:00,KXBTC15M-26AUG231215-15,77138.38,4.2302662,10.769733800000001,77255.67,117.2899999999936,UP,0.19811320754716982,0.8018867924528301,0.8018867924528301,0.19811320754716982,UP,0.8018867924528301,0.84,0.85,0.15,0.16,0.85,-0.048113207547169856,STRONG,NO VALUE
2026-08-23T16:04:43.922052+00:00,KXBTC15M-26AUG231215-15,77138.38,4.7320342,10.2679658,77255.23,116.84999999999127,UP,0.19811320754716982,0.8018867924528301,0.8018867924528301,0.19811320754716982,UP,0.8018867924528301,0.87,0.88,0.12,0.13,0.88,-0.07811320754716988,STRONG,NO VALUE
2026-08-23T16:05:14.019082+00:00,KXBTC15M-26AUG231215-15,77138.38,5.233651366666667,9.766348633333333,77233.32,94.94000000000233,UP,0.19811320754716982,0.8018867924528301,0.8018867924528301,0.19811320754716982,UP,0.8018867924528301,0.88,0.89,0.11,0.12,0.89,-0.08811320754716989,STRONG,NO VALUE
2026-08-23T16:05:44.008419+00:00,KXBTC15M-26AUG231215-15,77138.38,5.73347365,9.26652635,77237.18,98.79999999998836,UP,0.10714285714285714,0.8928571428571429,0.8928571428571429,0.10714285714285714,UP,0.8928571428571429,0.88,0.89,0.11,0.12,0.89,0.0028571428571428914,STRONG,SMALL EDGE
2026-08-23T16:06:13.944132+00:00,KXBTC15M-26AUG231215-15,77138.38,6.2324022,8.7675978,77241.44,103.05999999999767,UP,0.06989247311827956,0.9301075268817205,0.9301075268817205,0.06989247311827956,UP,0.9301075268817205,0.86,0.87,0.13,0.14,0.87,0.0601075268817205,EARLY 90%+ / NOT YET VALIDATED LOCK,SMALL EDGE
2026-08-23T16:06:43.873958+00:00,KXBTC15M-26AUG231215-15,77138.38,6.731232633333334,8.268767366666667,77246.62,108.23999999999069,UP,0.011904761904761904,0.9880952380952381,0.9880952380952381,0.011904761904761904,UP,0.9880952380952381,0.89,0.9,0.1,0.11,0.9,0.08809523809523812,EARLY 90%+ / NOT YET VALIDATED LOCK,SMALL EDGE
2026-08-23T16:07:13.862642+00:00,KXBTC15M-26AUG231215-15,77138.38,7.231044033333333,7.768955966666667,77217.48,79.09999999999127,UP,0.10714285714285714,0.8928571428571429,0.8928571428571429,0.10714285714285714,UP,0.8928571428571429,0.904,0.905,0.095,0.096,0.905,-0.012142857142857122,STRONG,NO VALUE
2026-08-23T16:07:43.925603+00:00,KXBTC15M-26AUG231215-15,77138.38,7.732093383333334,7.267906616666666,77218.46,80.08000000000175,UP,0.10714285714285714,0.8928571428571429,0.8928571428571429,0.10714285714285714,UP,0.8928571428571429,0.86,0.87,0.13,0.14,0.87,0.02285714285714291,STRONG,SMALL EDGE
2026-08-23T16:08:13.947981+00:00,KXBTC15M-26AUG231215-15,77138.38,8.232466350000001,6.76753365,77220.68,82.29999999998836,UP,0.06989247311827956,0.9301075268817205,0.9301075268817205,0.06989247311827956,UP,0.9301075268817205,0.88,0.89,0.11,0.12,0.89,0.04010752688172048,90%+ LOCK CANDIDATE,SMALL EDGE
2026-08-23T16:08:43.991988+00:00,KXBTC15M-26AUG231215-15,77138.38,8.7331998,6.2668002000000005,77234.61,96.22999999999593,UP,0.034482758620689655,0.9655172413793104,0.9655172413793104,0.034482758620689655,UP,0.9655172413793104,0.932,0.933,0.067,0.068,0.933,0.032517241379310335,90%+ LOCK CANDIDATE,SMALL EDGE
2026-08-23T16:09:13.784211+00:00,KXBTC15M-26AUG231215-15,77138.38,9.22973685,5.77026315,77230.74,92.36000000000058,UP,0.011904761904761904,0.9880952380952381,0.9880952380952381,0.011904761904761904,UP,0.9880952380952381,0.961,0.962,0.038,0.039,0.962,0.02609523809523817,90%+ LOCK CANDIDATE,SMALL EDGE
2026-08-23T16:09:43.815110+00:00,KXBTC15M-26AUG231215-15,77138.38,9.730251833333334,5.269748166666667,77224.8,86.41999999999825,UP,0.011904761904761904,0.9880952380952381,0.9880952380952381,0.011904761904761904,UP,0.9880952380952381,0.942,0.943,0.057,0.058,0.943,0.04509523809523819,90%+ LOCK CANDIDATE,SMALL EDGE
2026-08-23T16:10:13.896899+00:00,KXBTC15M-26AUG231215-15,77138.38,10.231614983333333,4.768385016666667,77203.0,64.61999999999534,UP,0.06989247311827956,0.9301075268817205,0.9301075268817205,0.06989247311827956,UP,0.9301075268817205,0.907,0.908,0.092,0.093,0.908,0.022107526881720463,LOCK,SMALL EDGE
2026-08-23T16:10:43.775829+00:00,KXBTC15M-26AUG231215-15,77138.38,10.72959715,4.27040285,77229.52,91.13999999999942,UP,0.011904761904761904,0.9880952380952381,0.9880952380952381,0.011904761904761904,UP,0.9880952380952381,0.957,0.958,0.042,0.043,0.958,0.030095238095238175,LOCK,SMALL EDGE
2026-08-23T16:11:14.117481+00:00,KXBTC15M-26AUG231215-15,77138.38,11.23529135,3.76470865,77243.78,105.39999999999418,UP,0.0,1.0,1.0,0.0,UP,1.0,0.968,0.969,0.031,0.032,0.969,0.031000000000000028,LOCK,SMALL EDGE
2026-08-23T16:11:43.915750+00:00,KXBTC15M-26AUG231215-15,77138.38,11.731929166666667,3.2680708333333333,77263.32,124.94000000000233,UP,0.0,1.0,1.0,0.0,UP,1.0,0.991,0.993,0.007,0.009,0.993,0.007000000000000006,LOCK,SMALL EDGE
2026-08-23T16:12:13.833775+00:00,KXBTC15M-26AUG231215-15,77138.38,12.230562916666665,2.7694370833333335,77263.17,124.7899999999936,UP,0.0,1.0,1.0,0.0,UP,1.0,0.991,0.993,0.007,0.009,0.993,0.007000000000000006,LOCK,SMALL EDGE
2026-08-23T16:12:43.919455+00:00,KXBTC15M-26AUG231215-15,77138.38,12.731990916666666,2.2680090833333333,77248.05,109.66999999999825,UP,0.0,1.0,1.0,0.0,UP,1.0,0.992,0.993,0.007,0.008,0.993,0.007000000000000006,LOCK,SMALL EDGE
2026-08-23T16:13:13.872223+00:00,KXBTC15M-26AUG231215-15,77138.38,13.231203716666666,1.7687962833333333,77243.64,105.25999999999476,UP,0.0,1.0,1.0,0.0,UP,1.0,0.987,0.988,0.012,0.013,0.988,0.01200000000000001,LOCK,SMALL EDGE
2026-08-23T16:13:43.935120+00:00,KXBTC15M-26AUG231215-15,77138.38,13.732251999999999,1.267748,77263.6,125.22000000000116,UP,0.0,1.0,1.0,0.0,UP,1.0,0.995,0.996,0.004,0.005,0.996,0.0040000000000000036,LOCK,SMALL EDGE
2026-08-23T16:14:13.871973+00:00,KXBTC15M-26AUG231215-15,77138.38,14.231199550000001,0.7688004500000001,77255.69,117.30999999999767,UP,0.0,1.0,1.0,0.0,UP,1.0,0.999,1.0,0.0,0.001,1.0,0.0,LOCK,NO VALUE
2026-08-23T16:14:43.859903+00:00,KXBTC15M-26AUG231215-15,77138.38,14.730998383333334,0.26900161666666667,77257.76,119.3799999999901,UP,0.0,1.0,1.0,0.0,UP,1.0,0.999,1.0,0.0,0.001,1.0,0.0,LOCK,NO VALUE
2026-08-23T16:15:43.876443+00:00,KXBTC15M-26AUG231230-30,77257.64,0.73127405,14.26872595,77230.64,-27.0,DOWN,0.39344262295081966,0.6065573770491803,0.39344262295081966,0.6065573770491803,DOWN,0.6065573770491803,0.46,0.47,0.53,0.54,0.54,0.0665573770491803,RAW,SMALL EDGE
2026-08-23T16:16:13.958948+00:00,KXBTC15M-26AUG231230-30,77257.64,1.2326491333333334,13.767350866666668,77238.91,-18.729999999995925,DOWN,0.4336734693877551,0.5663265306122449,0.4336734693877551,0.5663265306122449,DOWN,0.5663265306122449,0.41,0.42,0.58,0.59,0.59,-0.023673469387755053,RAW,NO VALUE
2026-08-23T16:16:43.832060+00:00,KXBTC15M-26AUG231230-30,77257.64,1.7305343333333334,13.269465666666667,77297.7,40.05999999999767,UP,0.24060150375939848,0.7593984962406015,0.7593984962406015,0.24060150375939848,UP,0.7593984962406015,0.61,0.62,0.38,0.39,0.62,0.13939849624060152,LEAN,POSITIVE EDGE
2026-08-23T16:17:14.030523+00:00,KXBTC15M-26AUG231230-30,77257.64,2.23384205,12.76615795,77290.77,33.13000000000466,UP,0.27388535031847133,0.7261146496815287,0.7261146496815287,0.27388535031847133,UP,0.7261146496815287,0.64,0.65,0.35,0.36,0.65,0.0761146496815287,LEAN,SMALL EDGE
2026-08-23T16:17:43.982324+00:00,KXBTC15M-26AUG231230-30,77257.64,2.7330387333333332,12.266961266666668,77270.97,13.330000000001746,UP,0.4336734693877551,0.5663265306122449,0.5663265306122449,0.4336734693877551,UP,0.5663265306122449,0.64,0.65,0.35,0.36,0.65,-0.0836734693877551,RAW,NO VALUE
2026-08-23T16:18:13.859232+00:00,KXBTC15M-26AUG231230-30,77257.64,3.2309872,11.7690128,77249.92,-7.720000000001164,DOWN,0.4336734693877551,0.5663265306122449,0.4336734693877551,0.5663265306122449,DOWN,0.5663265306122449,0.52,0.53,0.47,0.48,0.48,0.08632653061224493,RAW,SMALL EDGE
2026-08-23T16:18:43.994765+00:00,KXBTC15M-26AUG231230-30,77257.64,3.7332460833333334,11.266753916666666,77228.95,-28.69000000000233,DOWN,0.4336734693877551,0.5663265306122449,0.4336734693877551,0.5663265306122449,DOWN,0.5663265306122449,0.43,0.44,0.56,0.57,0.57,-0.003673469387755035,RAW,NO VALUE
2026-08-23T16:19:13.880328+00:00,KXBTC15M-26AUG231230-30,77257.64,4.2313388,10.7686612,77262.99,5.350000000005821,UP,0.42857142857142855,0.5714285714285714,0.5714285714285714,0.42857142857142855,UP,0.5714285714285714,0.35,0.36,0.64,0.65,0.36,0.2114285714285714,RAW,IDEAL <=50c / LARGE EDGE
2026-08-23T16:19:43.848928+00:00,KXBTC15M-26AUG231230-30,77257.64,4.730815466666667,10.269184533333334,77232.77,-24.869999999995343,DOWN,0.42857142857142855,0.5714285714285714,0.42857142857142855,0.5714285714285714,DOWN,0.5714285714285714,0.48,0.49,0.51,0.52,0.52,0.05142857142857138,RAW,SMALL EDGE
2026-08-23T16:20:13.836728+00:00,KXBTC15M-26AUG231230-30,77257.64,5.2306121333333335,9.769387866666667,77205.93,-51.7100000000064,DOWN,0.39344262295081966,0.6065573770491803,0.39344262295081966,0.6065573770491803,DOWN,0.6065573770491803,0.33,0.34,0.66,0.67,0.67,-0.0634426229508197,RAW,NO VALUE
2026-08-23T16:20:43.797837+00:00,KXBTC15M-26AUG231230-30,77257.64,5.72996395,9.27003605,77257.82,0.180000000007567,UP,0.4336734693877551,0.5663265306122449,0.5663265306122449,0.4336734693877551,UP,0.5663265306122449,0.33,0.34,0.66,0.67,0.34,0.2263265306122449,RAW,IDEAL <=50c / LARGE EDGE
2026-08-23T16:21:13.976938+00:00,KXBTC15M-26AUG231230-30,77257.64,6.232948966666667,8.767051033333333,77245.14,-12.5,DOWN,0.4336734693877551,0.5663265306122449,0.4336734693877551,0.5663265306122449,DOWN,0.5663265306122449,0.49,0.5,0.5,0.51,0.51,0.05632653061224491,RAW,SMALL EDGE
2026-08-23T16:21:43.807926+00:00,KXBTC15M-26AUG231230-30,77257.64,6.7301321000000005,8.2698679,77262.61,4.970000000001164,UP,0.42857142857142855,0.5714285714285714,0.5714285714285714,0.42857142857142855,UP,0.5714285714285714,0.51,0.52,0.48,0.49,0.52,0.05142857142857138,RAW,SMALL EDGE
2026-08-23T16:22:13.913499+00:00,KXBTC15M-26AUG231230-30,77257.64,7.23189165,7.76810835,77253.76,-3.8800000000046566,DOWN,1.0,0.0,1.0,0.0,UP,1.0,0.47,0.48,0.52,0.53,0.48,0.52,EARLY 90%+ / NOT YET VALIDATED LOCK,IDEAL <=50c / LARGE EDGE
2026-08-23T16:22:43.893051+00:00,KXBTC15M-26AUG231230-30,77257.64,7.7315508500000005,7.2684491499999995,77242.05,-15.589999999996508,DOWN,0.42857142857142855,0.5714285714285714,0.42857142857142855,0.5714285714285714,DOWN,0.5714285714285714,0.47,0.48,0.52,0.53,0.53,0.04142857142857137,RAW,SMALL EDGE
2026-08-23T16:23:13.948813+00:00,KXBTC15M-26AUG231230-30,77257.64,8.232480216666666,6.767519783333333,77240.29,-17.35000000000582,DOWN,0.42857142857142855,0.5714285714285714,0.42857142857142855,0.5714285714285714,DOWN,0.5714285714285714,0.41,0.42,0.58,0.59,0.59,-0.018571428571428572,RAW,NO VALUE
2026-08-23T16:23:44.030977+00:00,KXBTC15M-26AUG231230-30,77257.64,8.733849616666667,6.266150383333334,77259.1,1.4600000000064028,UP,0.4336734693877551,0.5663265306122449,0.5663265306122449,0.4336734693877551,UP,0.5663265306122449,0.39,0.4,0.6,0.61,0.4,0.1663265306122449,RAW,ATTRACTIVE <=50c
2026-08-23T16:24:13.839519+00:00,KXBTC15M-26AUG231230-30,77257.64,9.23065865,5.76934135,77261.6,3.960000000006403,UP,0.42857142857142855,0.5714285714285714,0.5714285714285714,0.42857142857142855,UP,0.5714285714285714,0.5,0.51,0.49,0.5,0.51,0.06142857142857139,RAW,SMALL EDGE
2026-08-23T16:24:43.868154+00:00,KXBTC15M-26AUG231230-30,77257.64,9.7311359,5.2688641,77261.12,3.4799999999959255,UP,0.42857142857142855,0.5714285714285714,0.5714285714285714,0.42857142857142855,UP,0.5714285714285714,0.51,0.52,0.48,0.49,0.52,0.05142857142857138,RAW,SMALL EDGE
2026-08-23T16:25:13.850026+00:00,KXBTC15M-26AUG231230-30,77257.64,10.230833766666667,4.769166233333333,77251.06,-6.580000000001746,DOWN,0.4336734693877551,0.5663265306122449,0.4336734693877551,0.5663265306122449,DOWN,0.5663265306122449,0.45,0.46,0.54,0.55,0.55,0.01632653061224487,RAW,SMALL EDGE
2026-08-23T16:25:43.833574+00:00,KXBTC15M-26AUG231230-30,77257.64,10.730559566666667,4.269440433333333,77284.69,27.05000000000291,UP,0.27388535031847133,0.7261146496815287,0.7261146496815287,0.27388535031847133,UP,0.7261146496815287,0.58,0.59,0.41,0.42,0.59,0.13611464968152875,LEAN,POSITIVE EDGE
2026-08-23T16:26:13.923910+00:00,KXBTC15M-26AUG231230-30,77257.64,11.232065166666667,3.7679348333333333,77291.72,34.080000000001746,UP,0.24060150375939848,0.7593984962406015,0.7593984962406015,0.24060150375939848,UP,0.7593984962406015,0.78,0.79,0.21,0.22,0.79,-0.03060150375939852,LEAN,NO VALUE
2026-08-23T16:26:43.914042+00:00,KXBTC15M-26AUG231230-30,77257.64,11.7319007,3.2680993000000003,77288.78,31.139999999999418,UP,0.19811320754716982,0.8018867924528301,0.8018867924528301,0.19811320754716982,UP,0.8018867924528301,0.78,0.79,0.21,0.22,0.79,0.011886792452830086,STRONG,SMALL EDGE
2026-08-23T16:27:13.958000+00:00,KXBTC15M-26AUG231230-30,77257.64,12.232633333333332,2.7673666666666668,77272.76,15.119999999995343,UP,0.3652173913043478,0.6347826086956522,0.6347826086956522,0.3652173913043478,UP,0.6347826086956522,0.78,0.79,0.21,0.22,0.79,-0.15521739130434786,RAW,NO VALUE
2026-08-23T16:27:43.940655+00:00,KXBTC15M-26AUG231230-30,77257.64,12.73234425,2.2676557500000003,77277.06,19.419999999998254,UP,0.24060150375939848,0.7593984962406015,0.7593984962406015,0.24060150375939848,UP,0.7593984962406015,0.69,0.7,0.3,0.31,0.7,0.05939849624060156,LEAN,SMALL EDGE
2026-08-23T16:28:13.891949+00:00,KXBTC15M-26AUG231230-30,77257.64,13.231532483333332,1.7684675166666668,77288.78,31.139999999999418,UP,0.05128205128205128,0.9487179487179487,0.9487179487179487,0.05128205128205128,UP,0.9487179487179487,0.84,0.85,0.15,0.16,0.85,0.0987179487179487,LOCK,SMALL EDGE
2026-08-23T16:28:43.936003+00:00,KXBTC15M-26AUG231230-30,77257.64,13.732266716666667,1.2677332833333332,77297.7,40.05999999999767,UP,0.0,1.0,1.0,0.0,UP,1.0,0.949,0.95,0.05,0.051,0.95,0.050000000000000044,LOCK,SMALL EDGE
2026-08-23T16:29:13.969189+00:00,KXBTC15M-26AUG231230-30,77257.64,14.232819816666668,0.7671801833333334,77300.0,42.36000000000058,UP,0.0,1.0,1.0,0.0,UP,1.0,0.983,0.984,0.016,0.017,0.984,0.016000000000000014,LOCK,SMALL EDGE
2026-08-23T16:29:44.202041+00:00,KXBTC15M-26AUG231230-30,77257.64,14.736700683333334,0.26329931666666667,77290.07,32.43000000000757,UP,0.011904761904761904,0.9880952380952381,0.9880952380952381,0.011904761904761904,UP,0.9880952380952381,0.998,0.999,0.001,0.002,0.999,-0.010904761904761862,LOCK,NO VALUE
2026-08-23T16:30:43.894835+00:00,KXBTC15M-26AUG231245-45,77296.21,0.7315805833333333,14.268419416666667,77305.1,8.889999999999418,UP,0.42857142857142855,0.5714285714285714,0.5714285714285714,0.42857142857142855,UP,0.5714285714285714,0.47,0.48,0.52,0.53,0.48,0.09142857142857141,RAW,SMALL EDGE
2026-08-23T16:31:13.948803+00:00,KXBTC15M-26AUG231245-45,77296.21,1.23248005,13.76751995,77300.15,3.9399999999877764,UP,0.42857142857142855,0.5714285714285714,0.5714285714285714,0.42857142857142855,UP,0.5714285714285714,0.5,0.51,0.49,0.5,0.51,0.06142857142857139,RAW,SMALL EDGE
2026-08-23T16:31:43.908850+00:00,KXBTC15M-26AUG231245-45,77296.21,1.7318141666666667,13.268185833333332,77316.8,20.589999999996508,UP,0.39344262295081966,0.6065573770491803,0.6065573770491803,0.39344262295081966,UP,0.6065573770491803,0.55,0.56,0.44,0.45,0.56,0.04655737704918028,RAW,SMALL EDGE
2026-08-23T16:32:13.949635+00:00,KXBTC15M-26AUG231245-45,77296.21,2.232493916666667,12.767506083333334,77324.37,28.15999999998894,UP,0.19811320754716982,0.8018867924528301,0.8018867924528301,0.19811320754716982,UP,0.8018867924528301,0.6,0.61,0.39,0.4,0.61,0.19188679245283013,STRONG,POSITIVE EDGE
2026-08-23T16:32:43.835155+00:00,KXBTC15M-26AUG231245-45,77296.21,2.7305859166666666,12.269414083333334,77347.37,51.15999999998894,UP,0.24060150375939848,0.7593984962406015,0.7593984962406015,0.24060150375939848,UP,0.7593984962406015,0.69,0.7,0.3,0.31,0.7,0.05939849624060156,LEAN,SMALL EDGE
2026-08-23T16:33:13.822356+00:00,KXBTC15M-26AUG231245-45,77296.21,3.2303726000000004,11.7696274,77374.1,77.88999999999942,UP,0.24060150375939848,0.7593984962406015,0.7593984962406015,0.24060150375939848,UP,0.7593984962406015,0.69,0.7,0.3,0.31,0.7,0.05939849624060156,LEAN,SMALL EDGE
2026-08-23T16:33:43.897268+00:00,KXBTC15M-26AUG231245-45,77296.21,3.7316211333333333,11.268378866666666,77377.92,81.70999999999185,UP,0.24060150375939848,0.7593984962406015,0.7593984962406015,0.24060150375939848,UP,0.7593984962406015,0.79,0.8,0.2,0.21,0.8,-0.04060150375939853,LEAN,NO VALUE
2026-08-23T16:34:14.179148+00:00,KXBTC15M-26AUG231245-45,77296.21,4.236319133333334,10.763680866666666,77354.23,58.01999999998952,UP,0.27388535031847133,0.7261146496815287,0.7261146496815287,0.27388535031847133,UP,0.7261146496815287,0.72,0.73,0.27,0.28,0.73,-0.003885350318471259,LEAN,NO VALUE
2026-08-23T16:34:43.880218+00:00,KXBTC15M-26AUG231245-45,77296.21,4.7313369666666665,10.268663033333333,77354.22,58.00999999999476,UP,0.27388535031847133,0.7261146496815287,0.7261146496815287,0.27388535031847133,UP,0.7261146496815287,0.77,0.78,0.22,0.23,0.78,-0.0538853503184713,LEAN,NO VALUE
2026-08-23T16:35:13.851552+00:00,KXBTC15M-26AUG231245-45,77296.21,5.2308592,9.7691408,77407.71,111.5,UP,0.06989247311827956,0.9301075268817205,0.9301075268817205,0.06989247311827956,UP,0.9301075268817205,0.87,0.88,0.12,0.13,0.88,0.05010752688172049,EARLY 90%+ / NOT YET VALIDATED LOCK,SMALL EDGE
2026-08-23T16:35:43.947534+00:00,KXBTC15M-26AUG231245-45,77296.21,5.7324589,9.267541099999999,77400.08,103.86999999999534,UP,0.06989247311827956,0.9301075268817205,0.9301075268817205,0.06989247311827956,UP,0.9301075268817205,0.87,0.88,0.12,0.13,0.88,0.05010752688172049,EARLY 90%+ / NOT YET VALIDATED LOCK,SMALL EDGE
2026-08-23T16:36:13.993690+00:00,KXBTC15M-26AUG231245-45,77296.21,6.233228166666667,8.766771833333333,77393.06,96.84999999999127,UP,0.05128205128205128,0.9487179487179487,0.9487179487179487,0.05128205128205128,UP,0.9487179487179487,0.87,0.88,0.12,0.13,0.88,0.06871794871794867,EARLY 90%+ / NOT YET VALIDATED LOCK,SMALL EDGE
2026-08-23T16:36:43.923278+00:00,KXBTC15M-26AUG231245-45,77296.21,6.732054633333333,8.267945366666668,77358.82,62.61000000000058,UP,0.19811320754716982,0.8018867924528301,0.8018867924528301,0.19811320754716982,UP,0.8018867924528301,0.87,0.88,0.12,0.13,0.88,-0.07811320754716988,STRONG,NO VALUE
2026-08-23T16:37:14.046619+00:00,KXBTC15M-26AUG231245-45,77296.21,7.234110316666667,7.765889683333333,77367.39,71.17999999999302,UP,0.06989247311827956,0.9301075268817205,0.9301075268817205,0.06989247311827956,UP,0.9301075268817205,0.77,0.78,0.22,0.23,0.78,0.15010752688172047,EARLY 90%+ / NOT YET VALIDATED LOCK,POSITIVE EDGE
2026-08-23T16:37:43.891119+00:00,KXBTC15M-26AUG231245-45,77296.21,7.73151865,7.26848135,77318.74,22.529999999998836,UP,0.39344262295081966,0.6065573770491803,0.6065573770491803,0.39344262295081966,UP,0.6065573770491803,0.84,0.85,0.15,0.16,0.85,-0.24344262295081964,RAW,NO VALUE
2026-08-23T16:38:13.882786+00:00,KXBTC15M-26AUG231245-45,77296.21,8.231379766666667,6.768620233333333,77320.64,24.429999999993015,UP,0.39344262295081966,0.6065573770491803,0.6065573770491803,0.39344262295081966,UP,0.6065573770491803,0.65,0.66,0.34,0.35,0.66,-0.053442622950819696,RAW,NO VALUE
2026-08-23T16:38:43.883938+00:00,KXBTC15M-26AUG231245-45,77296.21,8.731398966666665,6.268601033333334,77335.06,38.84999999999127,UP,0.3652173913043478,0.6347826086956522,0.6347826086956522,0.3652173913043478,UP,0.6347826086956522,0.73,0.74,0.26,0.27,0.74,-0.10521739130434782,RAW,NO VALUE
2026-08-23T16:39:13.853806+00:00,KXBTC15M-26AUG231245-45,77296.21,9.230896766666666,5.769103233333333,77354.0,57.7899999999936,UP,0.24060150375939848,0.7593984962406015,0.7593984962406015,0.24060150375939848,UP,0.7593984962406015,0.8,0.81,0.19,0.2,0.81,-0.050601503759398536,LEAN,NO VALUE
2026-08-23T16:39:43.998583+00:00,KXBTC15M-26AUG231245-45,77296.21,9.733309716666668,5.266690283333333,77374.98,78.76999999998952,UP,0.06989247311827956,0.9301075268817205,0.9301075268817205,0.06989247311827956,UP,0.9301075268817205,0.84,0.85,0.15,0.16,0.85,0.08010752688172051,90%+ LOCK CANDIDATE,SMALL EDGE
2026-08-23T16:40:13.870121+00:00,KXBTC15M-26AUG231245-45,77296.21,10.231168683333333,4.768831316666667,77370.9,74.68999999998778,UP,0.06989247311827956,0.9301075268817205,0.9301075268817205,0.06989247311827956,UP,0.9301075268817205,0.917,0.918,0.082,0.083,0.918,0.012107526881720454,LOCK,SMALL EDGE
2026-08-23T16:40:43.839496+00:00,KXBTC15M-26AUG231245-45,77296.21,10.730658266666667,4.269341733333333,77364.67,68.45999999999185,UP,0.05128205128205128,0.9487179487179487,0.9487179487179487,0.05128205128205128,UP,0.9487179487179487,0.927,0.928,0.072,0.073,0.928,0.02071794871794863,LOCK,SMALL EDGE
2026-08-23T16:41:13.815817+00:00,KXBTC15M-26AUG231245-45,77296.21,11.230263616666667,3.769736383333333,77347.38,51.169999999998254,UP,0.109375,0.890625,0.890625,0.109375,UP,0.890625,0.919,0.92,0.08,0.081,0.92,-0.02937500000000004,STRONG,NO VALUE
2026-08-23T16:41:43.925686+00:00,KXBTC15M-26AUG231245-45,77296.21,11.732094766666668,3.267905233333333,77349.13,52.919999999998254,UP,0.06989247311827956,0.9301075268817205,0.9301075268817205,0.06989247311827956,UP,0.9301075268817205,0.912,0.913,0.087,0.088,0.913,0.01710752688172046,LOCK,SMALL EDGE
2026-08-23T16:42:14.169947+00:00,KXBTC15M-26AUG231245-45,77296.21,12.236165783333332,2.7638342166666665,77374.87,78.65999999998894,UP,0.0,1.0,1.0,0.0,UP,1.0,0.967,0.968,0.032,0.033,0.968,0.03200000000000003,LOCK,SMALL EDGE
2026-08-23T16:42:43.866273+00:00,KXBTC15M-26AUG231245-45,77296.21,12.73110455,2.26889545,77393.2,96.98999999999069,UP,0.0,1.0,1.0,0.0,UP,1.0,0.967,0.968,0.032,0.033,0.968,0.03200000000000003,LOCK,SMALL EDGE
2026-08-23T16:43:13.866976+00:00,KXBTC15M-26AUG231245-45,77296.21,13.231116266666668,1.7688837333333334,77415.03,118.81999999999243,UP,0.0,1.0,1.0,0.0,UP,1.0,0.991,0.992,0.008,0.009,0.992,0.008000000000000007,LOCK,SMALL EDGE
2026-08-23T16:43:43.886374+00:00,KXBTC15M-26AUG231245-45,77296.21,13.731439566666667,1.2685604333333333,77421.43,125.21999999998661,UP,0.0,1.0,1.0,0.0,UP,1.0,0.997,0.998,0.002,0.003,0.998,0.0020000000000000018,LOCK,SMALL EDGE
2026-08-23T16:44:13.846014+00:00,KXBTC15M-26AUG231245-45,77296.21,14.230766899999999,0.7692331,77381.75,85.5399999999936,UP,0.0,1.0,1.0,0.0,UP,1.0,0.999,1.0,0.0,0.001,1.0,0.0,LOCK,NO VALUE
2026-08-23T16:44:44.026209+00:00,KXBTC15M-26AUG231245-45,77296.21,14.73377015,0.26622985,77378.38,82.16999999999825,UP,0.0,1.0,1.0,0.0,UP,1.0,0.999,1.0,0.0,0.001,1.0,0.0,LOCK,NO VALUE
2026-08-23T16:45:43.764409+00:00,KXBTC15M-26AUG231300-00,77377.7,0.7294068166666666,14.270593183333334,77380.8,3.1000000000058208,UP,0.42857142857142855,0.5714285714285714,0.5714285714285714,0.42857142857142855,UP,0.5714285714285714,0.49,0.5,0.5,0.51,0.5,0.0714285714285714,RAW,SMALL EDGE
2026-08-23T16:46:13.950054+00:00,KXBTC15M-26AUG231300-00,77377.7,1.2325009,13.7674991,77385.56,7.860000000000582,UP,0.4336734693877551,0.5663265306122449,0.5663265306122449,0.4336734693877551,UP,0.5663265306122449,0.5,0.51,0.49,0.5,0.51,0.05632653061224491,RAW,SMALL EDGE
2026-08-23T16:46:43.851872+00:00,KXBTC15M-26AUG231300-00,77377.7,1.7308645333333332,13.269135466666667,77393.2,15.5,UP,0.4336734693877551,0.5663265306122449,0.5663265306122449,0.4336734693877551,UP,0.5663265306122449,0.54,0.55,0.45,0.46,0.55,0.01632653061224487,RAW,SMALL EDGE
2026-08-23T16:47:14.048222+00:00,KXBTC15M-26AUG231300-00,77377.7,2.2341370333333335,12.765862966666667,77398.42,20.720000000001164,UP,0.4090909090909091,0.5909090909090908,0.5909090909090908,0.4090909090909091,UP,0.5909090909090908,0.57,0.58,0.42,0.43,0.58,0.010909090909090868,RAW,SMALL EDGE
2026-08-23T16:47:43.865926+00:00,KXBTC15M-26AUG231300-00,77377.7,2.731098766666667,12.268901233333334,77400.52,22.820000000006985,UP,0.4090909090909091,0.5909090909090908,0.5909090909090908,0.4090909090909091,UP,0.5909090909090908,0.52,0.53,0.47,0.48,0.53,0.0609090909090908,RAW,SMALL EDGE
2026-08-23T16:48:13.970582+00:00,KXBTC15M-26AUG231300-00,77377.7,3.2328430333333333,11.767156966666667,77389.39,11.690000000002328,UP,0.4336734693877551,0.5663265306122449,0.5663265306122449,0.4336734693877551,UP,0.5663265306122449,0.57,0.58,0.42,0.43,0.58,-0.013673469387755044,RAW,NO VALUE
2026-08-23T16:48:43.871869+00:00,KXBTC15M-26AUG231300-00,77377.7,3.7311978166666666,11.268802183333333,77378.9,1.1999999999970896,UP,0.42857142857142855,0.5714285714285714,0.5714285714285714,0.42857142857142855,UP,0.5714285714285714,0.57,0.58,0.42,0.43,0.58,-0.008571428571428563,RAW,NO VALUE
2026-08-23T16:49:13.881383+00:00,KXBTC15M-26AUG231300-00,77377.7,4.231356383333333,10.768643616666667,77378.9,1.1999999999970896,UP,0.39682245295820856,0.6031775470417915,0.6031775470417915,0.39682245295820856,UP,0.6031775470417915,0.5,0.51,0.49,0.5,0.51,0.09317754704179149,RAW,SMALL EDGE
2026-08-23T16:49:43.997459+00:00,KXBTC15M-26AUG231300-00,77377.7,4.733290983333333,10.266709016666665,77374.67,-3.029999999998836,DOWN,0.4336734693877551,0.5663265306122449,0.4336734693877551,0.5663265306122449,DOWN,0.5663265306122449,0.52,0.53,0.47,0.48,0.48,0.08632653061224493,RAW,SMALL EDGE
2026-08-23T16:50:13.937183+00:00,KXBTC15M-26AUG231300-00,77377.7,5.232286383333333,9.767713616666667,77377.92,0.22000000000116415,UP,0.4336734693877551,0.5663265306122449,0.5663265306122449,0.4336734693877551,UP,0.5663265306122449,0.49,0.5,0.5,0.51,0.5,0.06632653061224492,RAW,SMALL EDGE
2026-08-23T16:50:43.891618+00:00,KXBTC15M-26AUG231300-00,77377.7,5.731526966666666,9.268473033333333,77382.75,5.05000000000291,UP,0.42857142857142855,0.5714285714285714,0.5714285714285714,0.42857142857142855,UP,0.5714285714285714,0.51,0.52,0.48,0.49,0.52,0.05142857142857138,RAW,SMALL EDGE
2026-08-23T16:51:13.961269+00:00,KXBTC15M-26AUG231300-00,77377.7,6.232687816666667,8.767312183333333,77383.7,6.0,UP,0.42857142857142855,0.5714285714285714,0.5714285714285714,0.42857142857142855,UP,0.5714285714285714,0.53,0.54,0.46,0.47,0.54,0.03142857142857136,RAW,SMALL EDGE
2026-08-23T16:51:43.830273+00:00,KXBTC15M-26AUG231300-00,77377.7,6.73050455,8.26949545,77404.97,27.270000000004075,UP,0.3652173913043478,0.6347826086956522,0.6347826086956522,0.3652173913043478,UP,0.6347826086956522,0.68,0.69,0.31,0.32,0.69,-0.055217391304347774,RAW,NO VALUE
2026-08-23T16:52:13.943316+00:00,KXBTC15M-26AUG231300-00,77377.7,7.232388599999999,7.767611400000001,77423.77,46.070000000006985,UP,0.3652173913043478,0.6347826086956522,0.6347826086956522,0.3652173913043478,UP,0.6347826086956522,0.77,0.78,0.22,0.23,0.78,-0.14521739130434785,RAW,NO VALUE
2026-08-23T16:52:43.876606+00:00,KXBTC15M-26AUG231300-00,77377.7,7.731276766666666,7.268723233333334,77418.65,40.94999999999709,UP,0.39344262295081966,0.6065573770491803,0.6065573770491803,0.39344262295081966,UP,0.6065573770491803,0.73,0.74,0.26,0.27,0.74,-0.13344262295081966,RAW,NO VALUE
2026-08-23T16:53:13.854231+00:00,KXBTC15M-26AUG231300-00,77377.7,8.23090385,6.769096149999999,77410.61,32.91000000000349,UP,0.39344262295081966,0.6065573770491803,0.6065573770491803,0.39344262295081966,UP,0.6065573770491803,0.7,0.71,0.29,0.3,0.71,-0.10344262295081963,RAW,NO VALUE
2026-08-23T16:53:43.962898+00:00,KXBTC15M-26AUG231300-00,77377.7,8.732714966666666,6.267285033333334,77411.88,34.18000000000757,UP,0.39344262295081966,0.6065573770491803,0.6065573770491803,0.39344262295081966,UP,0.6065573770491803,0.7,0.71,0.29,0.3,0.71,-0.10344262295081963,RAW,NO VALUE
2026-08-23T16:54:14.096555+00:00,KXBTC15M-26AUG231300-00,77377.7,9.234942583333332,5.765057416666666,77385.57,7.870000000009895,UP,0.4090909090909091,0.5909090909090908,0.5909090909090908,0.4090909090909091,UP,0.5909090909090908,0.74,0.75,0.25,0.26,0.75,-0.15909090909090917,RAW,NO VALUE
2026-08-23T16:54:44.145908+00:00,KXBTC15M-26AUG231300-00,77377.7,9.735765133333333,5.2642348666666665,77384.24,6.540000000008149,UP,0.39344262295081966,0.6065573770491803,0.6065573770491803,0.39344262295081966,UP,0.6065573770491803,0.56,0.57,0.43,0.44,0.57,0.036557377049180384,RAW,SMALL EDGE
2026-08-23T16:55:13.847247+00:00,KXBTC15M-26AUG231300-00,77377.7,10.230787450000001,4.769212550000001,77393.2,15.5,UP,0.3652173913043478,0.6347826086956522,0.6347826086956522,0.3652173913043478,UP,0.6347826086956522,0.54,0.55,0.45,0.46,0.55,0.08478260869565213,RAW,SMALL EDGE
2026-08-23T16:55:43.827491+00:00,KXBTC15M-26AUG231300-00,77377.7,10.730458183333333,4.269541816666666,77398.55,20.85000000000582,UP,0.3652173913043478,0.6347826086956522,0.6347826086956522,0.3652173913043478,UP,0.6347826086956522,0.65,0.66,0.34,0.35,0.66,-0.025217391304347858,RAW,NO VALUE
2026-08-23T16:56:13.876058+00:00,KXBTC15M-26AUG231300-00,77377.7,11.231267633333333,3.7687323666666668,77406.64,28.94000000000233,UP,0.27388535031847133,0.7261146496815287,0.7261146496815287,0.27388535031847133,UP,0.7261146496815287,0.66,0.67,0.33,0.34,0.67,0.05611464968152868,LEAN,SMALL EDGE
2026-08-23T16:56:43.841844+00:00,KXBTC15M-26AUG231300-00,77377.7,11.7306974,3.2693026,77400.84,23.139999999999418,UP,0.27388535031847133,0.7261146496815287,0.7261146496815287,0.27388535031847133,UP,0.7261146496815287,0.72,0.73,0.27,0.28,0.73,-0.003885350318471259,LEAN,NO VALUE
2026-08-23T16:57:14.005236+00:00,KXBTC15M-26AUG231300-00,77377.7,12.233420599999999,2.7665794,77397.03,19.330000000001746,UP,0.19811320754716982,0.8018867924528301,0.8018867924528301,0.19811320754716982,UP,0.8018867924528301,0.8,0.81,0.19,0.2,0.81,-0.008113207547169932,STRONG,NO VALUE
2026-08-23T16:57:43.849303+00:00,KXBTC15M-26AUG231300-00,77377.7,12.730821716666666,2.2691782833333334,77408.26,30.55999999999767,UP,0.05128205128205128,0.9487179487179487,0.9487179487179487,0.05128205128205128,UP,0.9487179487179487,0.84,0.85,0.15,0.16,0.85,0.0987179487179487,LOCK,SMALL EDGE
2026-08-23T16:58:13.831449+00:00,KXBTC15M-26AUG231300-00,77377.7,13.23052415,1.7694758499999999,77433.86,56.16000000000349,UP,0.011904761904761904,0.9880952380952381,0.9880952380952381,0.011904761904761904,UP,0.9880952380952381,0.972,0.973,0.027,0.028,0.973,0.015095238095238162,LOCK,SMALL EDGE
2026-08-23T16:58:43.827254+00:00,KXBTC15M-26AUG231300-00,77377.7,13.730454233333335,1.2695457666666667,77414.59,36.88999999999942,UP,0.011904761904761904,0.9880952380952381,0.9880952380952381,0.011904761904761904,UP,0.9880952380952381,0.972,0.973,0.027,0.028,0.973,0.015095238095238162,LOCK,SMALL EDGE
2026-08-23T16:59:13.871579+00:00,KXBTC15M-26AUG231300-00,77377.7,14.231192983333333,0.7688070166666667,77414.59,36.88999999999942,UP,0.011904761904761904,0.9880952380952381,0.9880952380952381,0.011904761904761904,UP,0.9880952380952381,0.969,0.97,0.03,0.031,0.97,0.018095238095238164,LOCK,SMALL EDGE
2026-08-23T16:59:44.001277+00:00,KXBTC15M-26AUG231300-00,77377.7,14.733354616666666,0.2666453833333333,77404.67,26.970000000001164,UP,0.06989247311827956,0.9301075268817205,0.9301075268817205,0.06989247311827956,UP,0.9301075268817205,0.995,0.996,0.004,0.005,0.996,-0.0658924731182795,LOCK,NO VALUE
2026-08-23T17:01:13.889481+00:00,KXBTC15M-26AUG231315-15,77413.88,1.23149135,13.76850865,77409.31,-4.570000000006985,DOWN,0.4336734693877551,0.5663265306122449,0.4336734693877551,0.5663265306122449,DOWN,0.5663265306122449,0.55,0.56,0.44,0.45,0.45,0.1163265306122449,RAW,POSITIVE EDGE
2026-08-23T17:01:43.906126+00:00,KXBTC15M-26AUG231315-15,77413.88,1.7317687666666666,13.268231233333333,77397.89,-15.990000000005239,DOWN,0.42857142857142855,0.5714285714285714,0.42857142857142855,0.5714285714285714,DOWN,0.5714285714285714,0.5,0.51,0.49,0.5,0.5,0.0714285714285714,RAW,SMALL EDGE
2026-08-23T17:02:13.870925+00:00,KXBTC15M-26AUG231315-15,77413.88,2.231182083333333,12.768817916666666,77351.2,-62.68000000000757,DOWN,0.39344262295081966,0.6065573770491803,0.39344262295081966,0.6065573770491803,DOWN,0.6065573770491803,0.28,0.29,0.71,0.72,0.72,-0.11344262295081964,RAW,NO VALUE
2026-08-23T17:02:43.873068+00:00,KXBTC15M-26AUG231315-15,77413.88,2.7312178,12.2687822,77339.73,-74.15000000000873,DOWN,0.39344262295081966,0.6065573770491803,0.39344262295081966,0.6065573770491803,DOWN,0.6065573770491803,0.25,0.26,0.74,0.75,0.75,-0.14344262295081966,RAW,NO VALUE
2026-08-23T17:03:13.925271+00:00,KXBTC15M-26AUG231315-15,77413.88,3.23208785,11.76791215,77263.33,-150.5500000000029,DOWN,0.19811320754716982,0.8018867924528301,0.19811320754716982,0.8018867924528301,DOWN,0.8018867924528301,0.18,0.19,0.81,0.82,0.82,-0.01811320754716983,STRONG,NO VALUE
2026-08-23T17:03:43.859512+00:00,KXBTC15M-26AUG231315-15,77413.88,3.7309918666666664,11.269008133333333,77221.31,-192.57000000000698,DOWN,0.109375,0.890625,0.109375,0.890625,DOWN,0.890625,0.07,0.071,0.929,0.93,0.93,-0.03937500000000005,STRONG,NO VALUE
2026-08-23T17:04:13.843532+00:00,KXBTC15M-26AUG231315-15,77413.88,4.230725533333334,10.769274466666667,77218.56,-195.32000000000698,DOWN,0.109375,0.890625,0.109375,0.890625,DOWN,0.890625,0.081,0.082,0.918,0.919,0.919,-0.02837500000000004,STRONG,NO VALUE
2026-08-23T17:04:43.923221+00:00,KXBTC15M-26AUG231315-15,77413.88,4.7320536833333335,10.267946316666666,77217.48,-196.40000000000873,DOWN,0.10714285714285714,0.8928571428571429,0.10714285714285714,0.8928571428571429,DOWN,0.8928571428571429,0.09,0.091,0.909,0.91,0.91,-0.017142857142857126,STRONG,NO VALUE
2026-08-23T17:05:13.890867+00:00,KXBTC15M-26AUG231315-15,77413.88,5.231514450000001,9.768485550000001,77236.58,-177.3000000000029,DOWN,0.19811320754716982,0.8018867924528301,0.19811320754716982,0.8018867924528301,DOWN,0.8018867924528301,0.072,0.073,0.927,0.928,0.928,-0.12611320754716993,STRONG,NO VALUE
2026-08-23T17:05:43.989857+00:00,KXBTC15M-26AUG231315-15,77413.88,5.733164283333333,9.266835716666666,77279.09,-134.79000000000815,DOWN,0.27388535031847133,0.7261146496815287,0.27388535031847133,0.7261146496815287,DOWN,0.7261146496815287,0.072,0.073,0.927,0.928,0.928,-0.20188535031847132,LEAN,NO VALUE
2026-08-23T17:06:13.881742+00:00,KXBTC15M-26AUG231315-15,77413.88,6.231362366666667,8.768637633333332,77290.11,-123.77000000000407,DOWN,0.27388535031847133,0.7261146496815287,0.27388535031847133,0.7261146496815287,DOWN,0.7261146496815287,0.12,0.13,0.87,0.88,0.88,-0.15388535031847128,LEAN,NO VALUE
2026-08-23T17:06:43.965295+00:00,KXBTC15M-26AUG231315-15,77413.88,6.732754916666667,8.267245083333332,77309.72,-104.16000000000349,DOWN,0.3652173913043478,0.6347826086956522,0.3652173913043478,0.6347826086956522,DOWN,0.6347826086956522,0.13,0.14,0.86,0.87,0.87,-0.23521739130434782,RAW,NO VALUE
2026-08-23T17:07:13.929440+00:00,KXBTC15M-26AUG231315-15,77413.88,7.232157333333333,7.767842666666667,77332.08,-81.80000000000291,DOWN,0.39344262295081966,0.6065573770491803,0.39344262295081966,0.6065573770491803,DOWN,0.6065573770491803,0.17,0.18,0.82,0.83,0.83,-0.22344262295081962,RAW,NO VALUE
2026-08-23T17:07:43.933173+00:00,KXBTC15M-26AUG231315-15,77413.88,7.73221955,7.26778045,77320.25,-93.63000000000466,DOWN,0.3652173913043478,0.6347826086956522,0.3652173913043478,0.6347826086956522,DOWN,0.6347826086956522,0.22,0.23,0.77,0.78,0.78,-0.14521739130434785,RAW,NO VALUE
2026-08-23T17:08:13.911891+00:00,KXBTC15M-26AUG231315-15,77413.88,8.231864850000001,6.76813515,77274.27,-139.61000000000058,DOWN,0.10714285714285714,0.8928571428571429,0.10714285714285714,0.8928571428571429,DOWN,0.8928571428571429,0.11,0.12,0.88,0.89,0.89,0.0028571428571428914,STRONG,SMALL EDGE
2026-08-23T17:08:43.953274+00:00,KXBTC15M-26AUG231315-15,77413.88,8.732554566666666,6.267445433333333,77306.33,-107.55000000000291,DOWN,0.24060150375939848,0.7593984962406015,0.24060150375939848,0.7593984962406015,DOWN,0.7593984962406015,0.088,0.089,0.911,0.912,0.912,-0.15260150375939852,LEAN,NO VALUE
2026-08-23T17:09:14.019933+00:00,KXBTC15M-26AUG231315-15,77413.88,9.233665550000001,5.7663344500000004,77323.75,-90.13000000000466,DOWN,0.24060150375939848,0.7593984962406015,0.24060150375939848,0.7593984962406015,DOWN,0.7593984962406015,0.099,0.1,0.9,0.901,0.901,-0.1416015037593985,LEAN,NO VALUE
2026-08-23T17:09:43.971067+00:00,KXBTC15M-26AUG231315-15,77413.88,9.732851116666666,5.267148883333333,77322.07,-91.80999999999767,DOWN,0.19811320754716982,0.8018867924528301,0.19811320754716982,0.8018867924528301,DOWN,0.8018867924528301,0.098,0.099,0.901,0.902,0.902,-0.1001132075471699,STRONG,NO VALUE
2026-08-23T17:10:13.973027+00:00,KXBTC15M-26AUG231315-15,77413.88,10.232883783333333,4.7671162166666665,77325.42,-88.4600000000064,DOWN,0.10714285714285714,0.8928571428571429,0.10714285714285714,0.8928571428571429,DOWN,0.8928571428571429,0.098,0.099,0.901,0.902,0.902,-0.00914285714285712,STRONG,NO VALUE
2026-08-23T17:10:44.056679+00:00,KXBTC15M-26AUG231315-15,77413.88,10.734277983333333,4.2657220166666665,77265.14,-148.74000000000524,DOWN,0.011904761904761904,0.9880952380952381,0.011904761904761904,0.9880952380952381,DOWN,0.9880952380952381,0.027,0.028,0.972,0.973,0.973,0.015095238095238162,LOCK,SMALL EDGE
2026-08-23T17:11:13.883038+00:00,KXBTC15M-26AUG231315-15,77413.88,11.231383966666668,3.768616033333333,77255.69,-158.19000000000233,DOWN,0.0,1.0,0.0,1.0,DOWN,1.0,0.022,0.023,0.977,0.978,0.978,0.02200000000000002,LOCK,SMALL EDGE
2026-08-23T17:11:43.881174+00:00,KXBTC15M-26AUG231315-15,77413.88,11.7313529,3.2686471000000004,77282.42,-131.4600000000064,DOWN,0.0,1.0,0.0,1.0,DOWN,1.0,0.026,0.027,0.973,0.974,0.974,0.026000000000000023,LOCK,SMALL EDGE
2026-08-23T17:12:14.020470+00:00,KXBTC15M-26AUG231315-15,77413.88,12.233674500000001,2.7663255,77266.97,-146.9100000000035,DOWN,0.011904761904761904,0.9880952380952381,0.011904761904761904,0.9880952380952381,DOWN,0.9880952380952381,0.026,0.027,0.973,0.974,0.974,0.01409523809523816,LOCK,SMALL EDGE
2026-08-23T17:12:44.046759+00:00,KXBTC15M-26AUG231315-15,77413.88,12.734112649999998,2.26588735,77299.63,-114.25,DOWN,0.0,1.0,0.0,1.0,DOWN,1.0,0.009,0.01,0.99,0.991,0.991,0.009000000000000008,LOCK,SMALL EDGE
2026-08-23T17:13:14.263644+00:00,KXBTC15M-26AUG231315-15,77413.88,13.2377274,1.7622726,77309.15,-104.73000000001048,DOWN,0.0,1.0,0.0,1.0,DOWN,1.0,0.02,0.021,0.979,0.98,0.98,0.020000000000000018,LOCK,SMALL EDGE
2026-08-23T17:13:43.918312+00:00,KXBTC15M-26AUG231315-15,77413.88,13.731971866666667,1.2680281333333334,77306.99,-106.88999999999942,DOWN,0.0,1.0,0.0,1.0,DOWN,1.0,0.004,0.005,0.995,0.996,0.996,0.0040000000000000036,LOCK,SMALL EDGE
2026-08-23T17:14:13.837270+00:00,KXBTC15M-26AUG231315-15,77413.88,14.230621166666667,0.7693788333333333,77284.3,-129.58000000000175,DOWN,0.0,1.0,0.0,1.0,DOWN,1.0,0.0,0.001,0.999,1.0,1.0,0.0,LOCK,NO VALUE
2026-08-23T17:14:44.007311+00:00,KXBTC15M-26AUG231315-15,77413.88,14.733455183333332,0.2665448166666667,77278.6,-135.27999999999884,DOWN,0.0,1.0,0.0,1.0,DOWN,1.0,0.0,0.001,0.999,1.0,1.0,0.0,LOCK,NO VALUE
2026-08-23T17:15:13.857077+00:00,KXBTC15M-26AUG231330-30,77284.88,0.23095128333333334,14.769048716666667,77214.28,-70.60000000000582,DOWN,0.39344262295081966,0.6065573770491803,0.39344262295081966,0.6065573770491803,DOWN,0.6065573770491803,0.5,0.51,0.49,0.5,0.5,0.10655737704918034,RAW,POSITIVE EDGE
2026-08-23T17:15:43.962260+00:00,KXBTC15M-26AUG231330-30,77284.88,0.7327043333333333,14.267295666666666,77183.11,-101.77000000000407,DOWN,0.39344262295081966,0.6065573770491803,0.39344262295081966,0.6065573770491803,DOWN,0.6065573770491803,0.34,0.35,0.65,0.66,0.66,-0.053442622950819696,RAW,NO VALUE
2026-08-23T17:16:13.945454+00:00,KXBTC15M-26AUG231330-30,77284.88,1.2324242333333333,13.767575766666665,77217.48,-67.40000000000873,DOWN,0.4090909090909091,0.5909090909090908,0.4090909090909091,0.5909090909090908,DOWN,0.5909090909090908,0.32,0.33,0.67,0.68,0.68,-0.08909090909090922,RAW,NO VALUE
2026-08-23T17:16:43.936877+00:00,KXBTC15M-26AUG231330-30,77284.88,1.7322812833333332,13.267718716666668,77198.37,-86.51000000000931,DOWN,0.42857142857142855,0.5714285714285714,0.42857142857142855,0.5714285714285714,DOWN,0.5714285714285714,0.32,0.33,0.67,0.68,0.68,-0.10857142857142865,RAW,NO VALUE
2026-08-23T17:17:13.901331+00:00,KXBTC15M-26AUG231330-30,77284.88,2.23168885,12.768311149999999,77221.31,-63.570000000006985,DOWN,0.4090909090909091,0.5909090909090908,0.4090909090909091,0.5909090909090908,DOWN,0.5909090909090908,0.28,0.29,0.71,0.72,0.72,-0.12909090909090915,RAW,NO VALUE
2026-08-23T17:17:43.866152+00:00,KXBTC15M-26AUG231330-30,77284.88,2.7311025333333334,12.268897466666665,77252.98,-31.90000000000873,DOWN,0.39344262295081966,0.6065573770491803,0.39344262295081966,0.6065573770491803,DOWN,0.6065573770491803,0.33,0.34,0.66,0.67,0.67,-0.0634426229508197,RAW,NO VALUE
2026-08-23T17:18:13.857814+00:00,KXBTC15M-26AUG231330-30,77284.88,3.2309635666666665,11.769036433333333,77270.97,-13.910000000003492,DOWN,0.4336734693877551,0.5663265306122449,0.4336734693877551,0.5663265306122449,DOWN,0.5663265306122449,0.42,0.43,0.57,0.58,0.58,-0.013673469387755044,RAW,NO VALUE
2026-08-23T17:18:43.975017+00:00,KXBTC15M-26AUG231330-30,77284.88,3.7329169500000003,11.26708305,77324.44,39.55999999999767,UP,0.39344262295081966,0.6065573770491803,0.6065573770491803,0.39344262295081966,UP,0.6065573770491803,0.46,0.47,0.53,0.54,0.47,0.13655737704918036,RAW,POSITIVE EDGE
2026-08-23T17:19:13.913674+00:00,KXBTC15M-26AUG231330-30,77284.88,4.231894566666666,10.768105433333334,77332.09,47.20999999999185,UP,0.39344262295081966,0.6065573770491803,0.6065573770491803,0.39344262295081966,UP,0.6065573770491803,0.66,0.67,0.33,0.34,0.67,-0.0634426229508197,RAW,NO VALUE
2026-08-23T17:19:43.919898+00:00,KXBTC15M-26AUG231330-30,77284.88,4.7319983,10.268001700000001,77349.58,64.69999999999709,UP,0.3333333333333333,0.6666666666666667,0.6666666666666667,0.3333333333333333,UP,0.6666666666666667,0.67,0.68,0.32,0.33,0.68,-0.013333333333333308,RAW,NO VALUE
2026-08-23T17:20:13.902368+00:00,KXBTC15M-26AUG231330-30,77284.88,5.231706133333334,9.768293866666665,77351.19,66.30999999999767,UP,0.27388535031847133,0.7261146496815287,0.7261146496815287,0.27388535031847133,UP,0.7261146496815287,0.72,0.73,0.27,0.28,0.73,-0.003885350318471259,LEAN,NO VALUE
2026-08-23T17:20:44.041867+00:00,KXBTC15M-26AUG231330-30,77284.88,5.734031116666667,9.265968883333333,77355.0,70.11999999999534,UP,0.27388535031847133,0.7261146496815287,0.7261146496815287,0.27388535031847133,UP,0.7261146496815287,0.76,0.77,0.23,0.24,0.77,-0.043885350318471295,LEAN,NO VALUE
2026-08-23T17:21:13.849099+00:00,KXBTC15M-26AUG231330-30,77284.88,6.230818316666667,8.769181683333333,77343.55,58.669999999998254,UP,0.27388535031847133,0.7261146496815287,0.7261146496815287,0.27388535031847133,UP,0.7261146496815287,0.75,0.76,0.24,0.25,0.76,-0.033885350318471286,LEAN,NO VALUE
2026-08-23T17:21:43.867012+00:00,KXBTC15M-26AUG231330-30,77284.88,6.7311168666666665,8.268883133333334,77336.7,51.81999999999243,UP,0.3652173913043478,0.6347826086956522,0.6347826086956522,0.3652173913043478,UP,0.6347826086956522,0.75,0.76,0.24,0.25,0.76,-0.12521739130434784,RAW,NO VALUE
2026-08-23T17:22:13.875003+00:00,KXBTC15M-26AUG231330-30,77284.88,7.23125005,7.76874995,77332.29,47.40999999998894,UP,0.27388535031847133,0.7261146496815287,0.7261146496815287,0.27388535031847133,UP,0.7261146496815287,0.69,0.7,0.3,0.31,0.7,0.026114649681528768,LEAN,SMALL EDGE
2026-08-23T17:22:43.922277+00:00,KXBTC15M-26AUG231330-30,77284.88,7.7320379500000005,7.2679620499999995,77355.0,70.11999999999534,UP,0.109375,0.890625,0.890625,0.109375,UP,0.890625,0.69,0.7,0.3,0.31,0.7,0.19062500000000004,STRONG,POSITIVE EDGE
2026-08-23T17:23:13.963596+00:00,KXBTC15M-26AUG231330-30,77284.88,8.2327266,6.7672734,77359.63,74.75,UP,0.06989247311827956,0.9301075268817205,0.9301075268817205,0.06989247311827956,UP,0.9301075268817205,0.79,0.8,0.2,0.21,0.8,0.13010752688172045,90%+ LOCK CANDIDATE,POSITIVE EDGE
2026-08-23T17:23:43.817464+00:00,KXBTC15M-26AUG231330-30,77284.88,8.730291066666666,6.269708933333334,77359.51,74.6299999999901,UP,0.06989247311827956,0.9301075268817205,0.9301075268817205,0.06989247311827956,UP,0.9301075268817205,0.83,0.84,0.16,0.17,0.84,0.09010752688172052,90%+ LOCK CANDIDATE,SMALL EDGE
2026-08-23T17:24:13.918987+00:00,KXBTC15M-26AUG231330-30,77284.88,9.231983116666667,5.768016883333333,77314.84,29.95999999999185,UP,0.24060150375939848,0.7593984962406015,0.7593984962406015,0.24060150375939848,UP,0.7593984962406015,0.83,0.84,0.16,0.17,0.84,-0.08060150375939845,LEAN,NO VALUE
2026-08-23T17:24:44.026082+00:00,KXBTC15M-26AUG231330-30,77284.88,9.733768033333332,5.266231966666667,77293.17,8.289999999993597,UP,0.27388535031847133,0.7261146496815287,0.7261146496815287,0.27388535031847133,UP,0.7261146496815287,0.66,0.67,0.33,0.34,0.67,0.05611464968152868,LEAN,SMALL EDGE
2026-08-23T17:25:13.965569+00:00,KXBTC15M-26AUG231330-30,77284.88,10.232759483333332,4.767240516666666,77286.24,1.360000000000582,UP,0.3652173913043478,0.6347826086956522,0.6347826086956522,0.3652173913043478,UP,0.6347826086956522,0.58,0.59,0.41,0.42,0.59,0.044782608695652204,RAW,SMALL EDGE
2026-08-23T17:25:43.943566+00:00,KXBTC15M-26AUG231330-30,77284.88,10.732392766666667,4.267607233333334,77284.61,-0.27000000000407454,DOWN,0.4336734693877551,0.5663265306122449,0.4336734693877551,0.5663265306122449,DOWN,0.5663265306122449,0.44,0.45,0.55,0.56,0.56,0.006326530612244863,RAW,SMALL EDGE
2026-08-23T17:26:13.815834+00:00,KXBTC15M-26AUG231330-30,77284.88,11.2302639,3.7697361000000003,77281.5,-3.3800000000046566,DOWN,0.4336734693877551,0.5663265306122449,0.4336734693877551,0.5663265306122449,DOWN,0.5663265306122449,0.5,0.51,0.49,0.5,0.5,0.06632653061224492,RAW,SMALL EDGE
2026-08-23T17:26:43.961521+00:00,KXBTC15M-26AUG231330-30,77284.88,11.732692016666666,3.267307983333333,77255.68,-29.20000000001164,DOWN,0.27388535031847133,0.7261146496815287,0.27388535031847133,0.7261146496815287,DOWN,0.7261146496815287,0.42,0.43,0.57,0.58,0.58,0.14611464968152876,LEAN,POSITIVE EDGE
2026-08-23T17:27:13.843973+00:00,KXBTC15M-26AUG231330-30,77284.88,12.230732883333333,2.7692671166666667,77253.81,-31.070000000006985,DOWN,0.19811320754716982,0.8018867924528301,0.19811320754716982,0.8018867924528301,DOWN,0.8018867924528301,0.27,0.28,0.72,0.73,0.73,0.07188679245283014,STRONG,SMALL EDGE
2026-08-23T17:27:43.798992+00:00,KXBTC15M-26AUG231330-30,77284.88,12.7299832,2.2700168,77259.5,-25.380000000004657,DOWN,0.19811320754716982,0.8018867924528301,0.19811320754716982,0.8018867924528301,DOWN,0.8018867924528301,0.3,0.31,0.69,0.7,0.7,0.10188679245283017,STRONG,POSITIVE EDGE
2026-08-23T17:28:13.957778+00:00,KXBTC15M-26AUG231330-30,77284.88,13.232629633333334,1.7673703666666667,77232.76,-52.120000000009895,DOWN,0.05128205128205128,0.9487179487179487,0.05128205128205128,0.9487179487179487,DOWN,0.9487179487179487,0.032,0.035,0.965,0.968,0.968,-0.019282051282051293,LOCK,NO VALUE
2026-08-23T17:28:43.842172+00:00,KXBTC15M-26AUG231330-30,77284.88,13.730702866666666,1.2692971333333332,77233.05,-51.830000000001746,DOWN,0.05128205128205128,0.9487179487179487,0.05128205128205128,0.9487179487179487,DOWN,0.9487179487179487,0.032,0.035,0.965,0.968,0.968,-0.019282051282051293,LOCK,NO VALUE
2026-08-23T17:29:13.873312+00:00,KXBTC15M-26AUG231330-30,77284.88,14.231221866666667,0.7687781333333333,77219.79,-65.09000000001106,DOWN,0.011904761904761904,0.9880952380952381,0.011904761904761904,0.9880952380952381,DOWN,0.9880952380952381,0.014,0.015,0.985,0.986,0.986,0.00209523809523815,LOCK,SMALL EDGE
2026-08-23T17:29:43.914517+00:00,KXBTC15M-26AUG231330-30,77284.88,14.731908616666667,0.2680913833333333,77219.79,-65.09000000001106,DOWN,0.011904761904761904,0.9880952380952381,0.011904761904761904,0.9880952380952381,DOWN,0.9880952380952381,0.0,0.001,0.999,1.0,1.0,-0.011904761904761862,LOCK,NO VALUE
2026-08-23T17:30:43.976281+00:00,KXBTC15M-26AUG231345-45,77231.62,0.7329380166666667,14.267061983333333,77229.15,-2.470000000001164,DOWN,0.4336734693877551,0.5663265306122449,0.4336734693877551,0.5663265306122449,DOWN,0.5663265306122449,0.52,0.53,0.47,0.48,0.48,0.08632653061224493,RAW,SMALL EDGE
2026-08-23T17:31:13.972973+00:00,KXBTC15M-26AUG231345-45,77231.62,1.2328828833333332,13.767117116666666,77203.22,-28.39999999999418,DOWN,0.42857142857142855,0.5714285714285714,0.42857142857142855,0.5714285714285714,DOWN,0.5714285714285714,0.52,0.53,0.47,0.48,0.48,0.09142857142857141,RAW,SMALL EDGE
2026-08-23T17:31:44.046363+00:00,KXBTC15M-26AUG231345-45,77231.62,1.73410605,13.265893949999999,77152.96,-78.65999999998894,DOWN,0.3652173913043478,0.6347826086956522,0.3652173913043478,0.6347826086956522,DOWN,0.6347826086956522,0.28,0.29,0.71,0.72,0.72,-0.0852173913043478,RAW,NO VALUE
2026-08-23T17:32:13.849010+00:00,KXBTC15M-26AUG231345-45,77231.62,2.2308168333333334,12.769183166666666,77153.66,-77.95999999999185,DOWN,0.3652173913043478,0.6347826086956522,0.3652173913043478,0.6347826086956522,DOWN,0.6347826086956522,0.31,0.32,0.68,0.69,0.69,-0.055217391304347774,RAW,NO VALUE
2026-08-23T17:32:43.822488+00:00,KXBTC15M-26AUG231345-45,77231.62,2.7303748,12.2696252,77194.57,-37.04999999998836,DOWN,0.4336734693877551,0.5663265306122449,0.4336734693877551,0.5663265306122449,DOWN,0.5663265306122449,0.41,0.43,0.57,0.59,0.59,-0.023673469387755053,RAW,NO VALUE
2026-08-23T17:33:13.871771+00:00,KXBTC15M-26AUG231345-45,77231.62,3.231196183333333,11.768803816666667,77237.19,5.570000000006985,UP,0.4336734693877551,0.5663265306122449,0.5663265306122449,0.4336734693877551,UP,0.5663265306122449,0.55,0.56,0.44,0.45,0.56,0.006326530612244863,RAW,SMALL EDGE
2026-08-23T17:33:43.866758+00:00,KXBTC15M-26AUG231345-45,77231.62,3.7311126333333333,11.268887366666666,77213.75,-17.869999999995343,DOWN,0.4336734693877551,0.5663265306122449,0.4336734693877551,0.5663265306122449,DOWN,0.5663265306122449,0.55,0.56,0.44,0.45,0.45,0.1163265306122449,RAW,POSITIVE EDGE
2026-08-23T17:34:13.943529+00:00,KXBTC15M-26AUG231345-45,77231.62,4.23239215,10.76760785,77225.11,-6.509999999994761,DOWN,0.4336734693877551,0.5663265306122449,0.4336734693877551,0.5663265306122449,DOWN,0.5663265306122449,0.43,0.44,0.56,0.57,0.57,-0.003673469387755035,RAW,NO VALUE
2026-08-23T17:34:43.893907+00:00,KXBTC15M-26AUG231345-45,77231.62,4.731565116666667,10.268434883333333,77240.41,8.790000000008149,UP,0.42857142857142855,0.5714285714285714,0.5714285714285714,0.42857142857142855,UP,0.5714285714285714,0.49,0.5,0.5,0.51,0.5,0.0714285714285714,RAW,SMALL EDGE
2026-08-23T17:35:13.856845+00:00,KXBTC15M-26AUG231345-45,77231.62,5.230947416666667,9.769052583333332,77245.27,13.650000000008731,UP,0.4336734693877551,0.5663265306122449,0.5663265306122449,0.4336734693877551,UP,0.5663265306122449,0.54,0.55,0.45,0.46,0.55,0.01632653061224487,RAW,SMALL EDGE
2026-08-23T17:35:43.844681+00:00,KXBTC15M-26AUG231345-45,77231.62,5.730744683333333,9.269255316666666,77249.67,18.05000000000291,UP,0.4336734693877551,0.5663265306122449,0.5663265306122449,0.4336734693877551,UP,0.5663265306122449,0.58,0.59,0.41,0.42,0.59,-0.023673469387755053,RAW,NO VALUE
2026-08-23T17:36:13.899097+00:00,KXBTC15M-26AUG231345-45,77231.62,6.2316516166666664,8.768348383333334,77262.21,30.59000000001106,UP,0.39344262295081966,0.6065573770491803,0.6065573770491803,0.39344262295081966,UP,0.6065573770491803,0.6,0.61,0.39,0.4,0.61,-0.0034426229508196515,RAW,NO VALUE
2026-08-23T17:36:44.045036+00:00,KXBTC15M-26AUG231345-45,77231.62,6.734083933333333,8.265916066666668,77248.05,16.430000000007567,UP,0.42857142857142855,0.5714285714285714,0.5714285714285714,0.42857142857142855,UP,0.5714285714285714,0.62,0.63,0.37,0.38,0.63,-0.05857142857142861,RAW,NO VALUE
2026-08-23T17:37:14.064009+00:00,KXBTC15M-26AUG231345-45,77231.62,7.23440015,7.76559985,77270.68,39.05999999999767,UP,0.19811320754716982,0.8018867924528301,0.8018867924528301,0.19811320754716982,UP,0.8018867924528301,0.62,0.63,0.37,0.38,0.63,0.17188679245283012,STRONG,POSITIVE EDGE
2026-08-23T17:37:44.209904+00:00,KXBTC15M-26AUG231345-45,77231.62,7.736831733333333,7.263168266666667,77284.53,52.91000000000349,UP,0.19811320754716982,0.8018867924528301,0.8018867924528301,0.19811320754716982,UP,0.8018867924528301,0.77,0.78,0.22,0.23,0.78,0.021886792452830095,STRONG,SMALL EDGE
2026-08-23T17:38:14.003367+00:00,KXBTC15M-26AUG231345-45,77231.62,8.23338945,6.766610549999999,77280.43,48.80999999999767,UP,0.24060150375939848,0.7593984962406015,0.7593984962406015,0.24060150375939848,UP,0.7593984962406015,0.78,0.79,0.21,0.22,0.79,-0.03060150375939852,LEAN,NO VALUE
2026-08-23T17:38:43.906780+00:00,KXBTC15M-26AUG231345-45,77231.62,8.731779666666666,6.268220333333333,77276.16,44.54000000000815,UP,0.24060150375939848,0.7593984962406015,0.7593984962406015,0.24060150375939848,UP,0.7593984962406015,0.78,0.79,0.21,0.22,0.79,-0.03060150375939852,LEAN,NO VALUE
2026-08-23T17:39:13.983802+00:00,KXBTC15M-26AUG231345-45,77231.62,9.233063366666666,5.766936633333333,77270.97,39.35000000000582,UP,0.19811320754716982,0.8018867924528301,0.8018867924528301,0.19811320754716982,UP,0.8018867924528301,0.78,0.79,0.21,0.22,0.79,0.011886792452830086,STRONG,SMALL EDGE
2026-08-23T17:39:43.837590+00:00,KXBTC15M-26AUG231345-45,77231.62,9.7306265,5.2693735,77256.89,25.270000000004075,UP,0.27388535031847133,0.7261146496815287,0.7261146496815287,0.27388535031847133,UP,0.7261146496815287,0.76,0.77,0.23,0.24,0.77,-0.043885350318471295,LEAN,NO VALUE
2026-08-23T17:40:13.857447+00:00,KXBTC15M-26AUG231345-45,77231.62,10.23095745,4.76904255,77240.4,8.779999999998836,UP,0.3652173913043478,0.6347826086956522,0.6347826086956522,0.3652173913043478,UP,0.6347826086956522,0.7,0.71,0.29,0.3,0.71,-0.07521739130434779,RAW,NO VALUE
2026-08-23T17:40:43.894078+00:00,KXBTC15M-26AUG231345-45,77231.62,10.731567966666667,4.268432033333334,77247.57,15.950000000011642,UP,0.27388535031847133,0.7261146496815287,0.7261146496815287,0.27388535031847133,UP,0.7261146496815287,0.63,0.64,0.36,0.37,0.64,0.08611464968152871,LEAN,SMALL EDGE
2026-08-23T17:41:13.942919+00:00,KXBTC15M-26AUG231345-45,77231.62,11.232381983333333,3.767618016666667,77242.33,10.710000000006403,UP,0.27388535031847133,0.7261146496815287,0.7261146496815287,0.27388535031847133,UP,0.7261146496815287,0.54,0.55,0.45,0.46,0.55,0.17611464968152868,LEAN,POSITIVE EDGE
2026-08-23T17:41:43.970166+00:00,KXBTC15M-26AUG231345-45,77231.62,11.732836099999998,3.2671639,77229.41,-2.209999999991851,DOWN,1.0,0.0,1.0,0.0,UP,1.0,0.56,0.57,0.43,0.44,0.57,0.43000000000000005,LOCK,LARGE EDGE / PRICE ABOVE 50c
2026-08-23T17:42:13.955519+00:00,KXBTC15M-26AUG231345-45,77231.62,12.232591983333332,2.7674080166666664,77236.05,4.430000000007567,UP,0.39344262295081966,0.6065573770491803,0.6065573770491803,0.39344262295081966,UP,0.6065573770491803,0.44,0.45,0.55,0.56,0.45,0.15655737704918032,RAW,ATTRACTIVE <=50c
2026-08-23T17:42:46.818036+00:00,KXBTC15M-26AUG231345-45,77231.62,12.7803006,2.2196994,77225.12,-6.5,DOWN,0.4336734693877551,0.5663265306122449,0.4336734693877551,0.5663265306122449,DOWN,0.5663265306122449,0.33,0.34,0.66,0.67,0.67,-0.10367346938775512,RAW,NO VALUE
2026-08-23T17:43:16.666195+00:00,KXBTC15M-26AUG231345-45,77231.62,13.277769916666667,1.7222300833333333,77233.71,2.0900000000110595,UP,0.39344262295081966,0.6065573770491803,0.6065573770491803,0.39344262295081966,UP,0.6065573770491803,0.49,0.5,0.5,0.51,0.5,0.10655737704918034,RAW,POSITIVE EDGE
2026-08-23T17:43:47.352941+00:00,KXBTC15M-26AUG231345-45,77231.62,13.789215683333333,1.2107843166666667,77256.12,24.5,UP,0.109375,0.890625,0.890625,0.109375,UP,0.890625,0.79,0.8,0.2,0.21,0.8,0.09062499999999996,STRONG,SMALL EDGE
2026-08-23T17:44:16.947742+00:00,KXBTC15M-26AUG231345-45,77231.62,14.282462366666666,0.7175376333333333,77245.88,14.260000000009313,UP,0.109375,0.890625,0.890625,0.109375,UP,0.890625,0.89,0.902,0.098,0.11,0.902,-0.011375000000000024,STRONG,NO VALUE
2026-08-23T17:44:46.725088+00:00,KXBTC15M-26AUG231345-45,77231.62,14.778751466666668,0.22124853333333333,77232.86,1.2400000000052387,UP,0.3652173913043478,0.6347826086956522,0.6347826086956522,0.3652173913043478,UP,0.6347826086956522,0.99,0.991,0.009,0.01,0.991,-0.3562173913043478,RAW,NO VALUE
2026-08-23T17:45:16.696957+00:00,KXBTC15M-26AUG231400-00,77239.95,0.2782826166666667,14.721717383333333,77262.36,22.410000000003492,UP,0.4336734693877551,0.5663265306122449,0.5663265306122449,0.4336734693877551,UP,0.5663265306122449,0.57,0.58,0.42,0.43,0.58,-0.013673469387755044,RAW,NO VALUE
2026-08-23T17:45:46.596770+00:00,KXBTC15M-26AUG231400-00,77239.95,0.7766128333333333,14.223387166666667,77290.06,50.11000000000058,UP,0.4336734693877551,0.5663265306122449,0.5663265306122449,0.4336734693877551,UP,0.5663265306122449,0.73,0.74,0.26,0.27,0.74,-0.17367346938775508,RAW,NO VALUE
2026-08-23T17:46:16.681214+00:00,KXBTC15M-26AUG231400-00,77239.95,1.2780202333333333,13.721979766666667,77294.13,54.18000000000757,UP,0.4336734693877551,0.5663265306122449,0.5663265306122449,0.4336734693877551,UP,0.5663265306122449,0.73,0.74,0.26,0.27,0.74,-0.17367346938775508,RAW,NO VALUE
2026-08-23T17:46:46.642341+00:00,KXBTC15M-26AUG231400-00,77239.95,1.77737235,13.22262765,77297.26,57.30999999999767,UP,0.4336734693877551,0.5663265306122449,0.5663265306122449,0.4336734693877551,UP,0.5663265306122449,0.66,0.67,0.33,0.34,0.67,-0.10367346938775512,RAW,NO VALUE
2026-08-23T17:47:16.601090+00:00,KXBTC15M-26AUG231400-00,77239.95,2.2766848333333334,12.723315166666668,77278.68,38.729999999995925,UP,0.42857142857142855,0.5714285714285714,0.5714285714285714,0.42857142857142855,UP,0.5714285714285714,0.65,0.66,0.34,0.35,0.66,-0.08857142857142863,RAW,NO VALUE
2026-08-23T17:47:46.563177+00:00,KXBTC15M-26AUG231400-00,77239.95,2.77605295,12.22394705,77236.59,-3.360000000000582,DOWN,0.4336734693877551,0.5663265306122449,0.4336734693877551,0.5663265306122449,DOWN,0.5663265306122449,0.54,0.55,0.45,0.46,0.46,0.1063265306122449,RAW,POSITIVE EDGE
2026-08-23T17:48:16.563418+00:00,KXBTC15M-26AUG231400-00,77239.95,3.276056966666667,11.723943033333335,77217.49,-22.45999999999185,DOWN,0.4336734693877551,0.5663265306122449,0.4336734693877551,0.5663265306122449,DOWN,0.5663265306122449,0.48,0.49,0.51,0.52,0.52,0.0463265306122449,RAW,SMALL EDGE
2026-08-23T17:48:46.728748+00:00,KXBTC15M-26AUG231400-00,77239.95,3.7788124666666665,11.221187533333334,77237.37,-2.5800000000017462,DOWN,0.42857142857142855,0.5714285714285714,0.42857142857142855,0.5714285714285714,DOWN,0.5714285714285714,0.52,0.53,0.47,0.48,0.48,0.09142857142857141,RAW,SMALL EDGE
2026-08-23T17:49:16.628224+00:00,KXBTC15M-26AUG231400-00,77239.95,4.277137066666667,10.722862933333333,77238.16,-1.7899999999935972,DOWN,0.4336734693877551,0.5663265306122449,0.4336734693877551,0.5663265306122449,DOWN,0.5663265306122449,0.5,0.51,0.49,0.5,0.5,0.06632653061224492,RAW,SMALL EDGE
2026-08-23T17:49:46.631809+00:00,KXBTC15M-26AUG231400-00,77239.95,4.777196816666666,10.222803183333333,77238.42,-1.5299999999988358,DOWN,0.4336734693877551,0.5663265306122449,0.4336734693877551,0.5663265306122449,DOWN,0.5663265306122449,0.5,0.51,0.49,0.5,0.5,0.06632653061224492,RAW,SMALL EDGE
2026-08-23T17:50:16.744942+00:00,KXBTC15M-26AUG231400-00,77239.95,5.279082366666667,9.720917633333332,77238.42,-1.5299999999988358,DOWN,0.4336734693877551,0.5663265306122449,0.4336734693877551,0.5663265306122449,DOWN,0.5663265306122449,0.5,0.51,0.49,0.5,0.5,0.06632653061224492,RAW,SMALL EDGE
2026-08-23T17:50:46.652080+00:00,KXBTC15M-26AUG231400-00,77239.95,5.777534666666667,9.222465333333334,77225.13,-14.819999999992433,DOWN,0.42857142857142855,0.5714285714285714,0.42857142857142855,0.5714285714285714,DOWN,0.5714285714285714,0.46,0.47,0.53,0.54,0.54,0.03142857142857136,RAW,SMALL EDGE
2026-08-23T17:51:16.830427+00:00,KXBTC15M-26AUG231400-00,77239.95,6.280507116666667,8.719492883333334,77226.26,-13.690000000002328,DOWN,0.42857142857142855,0.5714285714285714,0.42857142857142855,0.5714285714285714,DOWN,0.5714285714285714,0.46,0.47,0.53,0.54,0.54,0.03142857142857136,RAW,SMALL EDGE
2026-08-23T17:51:46.570155+00:00,KXBTC15M-26AUG231400-00,77239.95,6.77616925,8.22383075,77239.86,-0.08999999999650754,DOWN,0.42857142857142855,0.5714285714285714,0.42857142857142855,0.5714285714285714,DOWN,0.5714285714285714,0.51,0.52,0.48,0.49,0.49,0.0814285714285714,RAW,SMALL EDGE
2026-08-23T17:52:16.528756+00:00,KXBTC15M-26AUG231400-00,77239.95,7.275479266666666,7.724520733333334,77248.33,8.380000000004657,UP,0.42857142857142855,0.5714285714285714,0.5714285714285714,0.42857142857142855,UP,0.5714285714285714,0.53,0.54,0.46,0.47,0.54,0.03142857142857136,RAW,SMALL EDGE
2026-08-23T17:52:46.651223+00:00,KXBTC15M-26AUG231400-00,77239.95,7.777520383333334,7.222479616666666,77232.78,-7.169999999998254,DOWN,0.42857142857142855,0.5714285714285714,0.42857142857142855,0.5714285714285714,DOWN,0.5714285714285714,0.56,0.57,0.43,0.44,0.44,0.1314285714285714,RAW,POSITIVE EDGE
2026-08-23T17:53:16.634138+00:00,KXBTC15M-26AUG231400-00,77239.95,8.277235633333333,6.7227643666666665,77246.19,6.240000000005239,UP,0.42857142857142855,0.5714285714285714,0.5714285714285714,0.42857142857142855,UP,0.5714285714285714,0.5,0.51,0.49,0.5,0.51,0.06142857142857139,RAW,SMALL EDGE
2026-08-23T17:53:46.634879+00:00,KXBTC15M-26AUG231400-00,77239.95,8.777247983333332,6.222752016666666,77256.35,16.40000000000873,UP,0.27388535031847133,0.7261146496815287,0.7261146496815287,0.27388535031847133,UP,0.7261146496815287,0.6,0.61,0.39,0.4,0.61,0.11611464968152874,LEAN,POSITIVE EDGE
2026-08-23T17:54:18.299981+00:00,KXBTC15M-26AUG231400-00,77239.95,9.304999683333333,5.6950003166666665,77270.96,31.010000000009313,UP,0.24060150375939848,0.7593984962406015,0.7593984962406015,0.24060150375939848,UP,0.7593984962406015,0.67,0.68,0.32,0.33,0.68,0.07939849624060147,LEAN,SMALL EDGE
2026-08-23T17:54:46.630751+00:00,KXBTC15M-26AUG231400-00,77239.95,9.777179183333335,5.222820816666667,77225.13,-14.819999999992433,DOWN,0.39344262295081966,0.6065573770491803,0.39344262295081966,0.6065573770491803,DOWN,0.6065573770491803,0.48,0.5,0.5,0.52,0.52,0.08655737704918032,RAW,SMALL EDGE
2026-08-23T17:55:16.583155+00:00,KXBTC15M-26AUG231400-00,77239.95,10.276385916666667,4.7236140833333335,77227.52,-12.429999999993015,DOWN,0.39344262295081966,0.6065573770491803,0.39344262295081966,0.6065573770491803,DOWN,0.6065573770491803,0.44,0.45,0.55,0.56,0.56,0.04655737704918028,RAW,SMALL EDGE
2026-08-23T17:55:50.562939+00:00,KXBTC15M-26AUG231400-00,77239.95,10.84271565,4.15728435,77183.11,-56.83999999999651,DOWN,0.19811320754716982,0.8018867924528301,0.19811320754716982,0.8018867924528301,DOWN,0.8018867924528301,0.27,0.28,0.72,0.73,0.73,0.07188679245283014,STRONG,SMALL EDGE
2026-08-23T17:56:21.288093+00:00,KXBTC15M-26AUG231400-00,77239.95,11.35480155,3.64519845,77198.38,-41.56999999999243,DOWN,0.24060150375939848,0.7593984962406015,0.24060150375939848,0.7593984962406015,DOWN,0.7593984962406015,0.14,0.15,0.85,0.86,0.86,-0.10060150375939847,LEAN,NO VALUE
2026-08-23T17:56:47.349938+00:00,KXBTC15M-26AUG231400-00,77239.95,11.789165633333333,3.2108343666666666,77213.65,-26.30000000000291,DOWN,0.3652173913043478,0.6347826086956522,0.3652173913043478,0.6347826086956522,DOWN,0.6347826086956522,0.21,0.22,0.78,0.79,0.79,-0.15521739130434786,RAW,NO VALUE
2026-08-23T17:57:10.282751+00:00,KXBTC15M-26AUG231400-00,77239.95,12.171379183333332,2.8286208166666666,77198.39,-41.55999999999767,DOWN,0.10714285714285714,0.8928571428571429,0.10714285714285714,0.8928571428571429,DOWN,0.8928571428571429,0.21,0.22,0.78,0.79,0.79,0.10285714285714287,STRONG,POSITIVE EDGE
2026-08-23T17:57:37.083284+00:00,KXBTC15M-26AUG231400-00,77239.95,12.618054733333334,2.381945266666667,77204.37,-35.580000000001746,DOWN,0.06989247311827956,0.9301075268817205,0.06989247311827956,0.9301075268817205,DOWN,0.9301075268817205,0.16,0.17,0.83,0.84,0.84,0.09010752688172052,LOCK,SMALL EDGE
2026-08-23T17:57:59.825413+00:00,KXBTC15M-26AUG231400-00,77239.95,12.997090216666667,2.0029097833333336,77200.23,-39.720000000001164,DOWN,0.034482758620689655,0.9655172413793104,0.034482758620689655,0.9655172413793104,DOWN,0.9655172413793104,0.16,0.17,0.83,0.84,0.84,0.12551724137931042,LOCK,POSITIVE EDGE
2026-08-23T17:58:26.663938+00:00,KXBTC15M-26AUG231400-00,77239.95,13.444398966666666,1.5556010333333332,77195.39,-44.55999999999767,DOWN,0.011904761904761904,0.9880952380952381,0.011904761904761904,0.9880952380952381,DOWN,0.9880952380952381,0.059,0.06,0.94,0.941,0.941,0.04709523809523819,LOCK,SMALL EDGE
2026-08-23T17:58:49.229095+00:00,KXBTC15M-26AUG231400-00,77239.95,13.820484916666667,1.1795150833333332,77196.51,-43.44000000000233,DOWN,0.011904761904761904,0.9880952380952381,0.011904761904761904,0.9880952380952381,DOWN,0.9880952380952381,0.034,0.039,0.961,0.966,0.966,0.022095238095238168,LOCK,SMALL EDGE
2026-08-23T17:59:16.331887+00:00,KXBTC15M-26AUG231400-00,77239.95,14.272198116666667,0.7278018833333333,77209.24,-30.70999999999185,DOWN,0.011904761904761904,0.9880952380952381,0.011904761904761904,0.9880952380952381,DOWN,0.9880952380952381,0.027,0.028,0.972,0.973,0.973,0.015095238095238162,LOCK,SMALL EDGE
2026-08-23T17:59:37.646554+00:00,KXBTC15M-26AUG231400-00,77239.95,14.627442566666668,0.37255743333333335,77208.85,-31.09999999999127,DOWN,0.011904761904761904,0.9880952380952381,0.011904761904761904,0.9880952380952381,DOWN,0.9880952380952381,0.0,0.001,0.999,1.0,1.0,-0.011904761904761862,LOCK,NO VALUE
2026-08-23T18:00:49.775563+00:00,KXBTC15M-26AUG231415-15,77200.6,0.8295927166666667,14.170407283333333,77174.66,-25.94000000000233,DOWN,0.4336734693877551,0.5663265306122449,0.4336734693877551,0.5663265306122449,DOWN,0.5663265306122449,0.4,0.41,0.59,0.6,0.6,-0.03367346938775506,RAW,NO VALUE
2026-08-23T18:01:05.597814+00:00,KXBTC15M-26AUG231415-15,77200.6,1.0932969,13.9067031,77174.65,-25.95000000001164,DOWN,0.4336734693877551,0.5663265306122449,0.4336734693877551,0.5663265306122449,DOWN,0.5663265306122449,0.4,0.41,0.59,0.6,0.6,-0.03367346938775506,RAW,NO VALUE
2026-08-23T18:01:26.943478+00:00,KXBTC15M-26AUG231415-15,77200.6,1.4490579666666668,13.550942033333333,77159.26,-41.34000000001106,DOWN,0.42857142857142855,0.5714285714285714,0.42857142857142855,0.5714285714285714,DOWN,0.5714285714285714,0.38,0.39,0.61,0.62,0.62,-0.0485714285714286,RAW,NO VALUE
2026-08-23T18:01:55.061174+00:00,KXBTC15M-26AUG231415-15,77200.6,1.9176862333333333,13.082313766666665,77167.92,-32.68000000000757,DOWN,0.4336734693877551,0.5663265306122449,0.4336734693877551,0.5663265306122449,DOWN,0.5663265306122449,0.38,0.39,0.61,0.62,0.62,-0.05367346938775508,RAW,NO VALUE
2026-08-23T18:02:17.815581+00:00,KXBTC15M-26AUG231415-15,77200.6,2.29692635,12.70307365,77198.37,-2.2300000000104774,DOWN,1.0,0.0,1.0,0.0,UP,1.0,0.41,0.42,0.58,0.59,0.42,0.5800000000000001,EARLY 90%+ / NOT YET VALIDATED LOCK,IDEAL <=50c / LARGE EDGE
2026-08-23T18:02:43.853009+00:00,KXBTC15M-26AUG231415-15,77200.6,2.7308834833333333,12.269116516666665,77190.73,-9.870000000009895,DOWN,0.4336734693877551,0.5663265306122449,0.4336734693877551,0.5663265306122449,DOWN,0.5663265306122449,0.47,0.48,0.52,0.53,0.53,0.03632653061224489,RAW,SMALL EDGE
2026-08-23T18:03:07.313696+00:00,KXBTC15M-26AUG231415-15,77200.6,3.121894933333333,11.878105066666667,77185.33,-15.270000000004075,DOWN,0.4336734693877551,0.5663265306122449,0.4336734693877551,0.5663265306122449,DOWN,0.5663265306122449,0.44,0.45,0.55,0.56,0.56,0.006326530612244863,RAW,SMALL EDGE
2026-08-23T18:03:32.222631+00:00,KXBTC15M-26AUG231415-15,77200.6,3.5370438500000003,11.46295615,77183.1,-17.5,DOWN,0.4336734693877551,0.5663265306122449,0.4336734693877551,0.5663265306122449,DOWN,0.5663265306122449,0.44,0.45,0.55,0.56,0.56,0.006326530612244863,RAW,SMALL EDGE
2026-08-23T18:03:55.695214+00:00,KXBTC15M-26AUG231415-15,77200.6,3.9282535666666667,11.071746433333335,77167.83,-32.770000000004075,DOWN,0.4090909090909091,0.5909090909090908,0.4090909090909091,0.5909090909090908,DOWN,0.5909090909090908,0.48,0.49,0.51,0.52,0.52,0.07090909090909081,RAW,SMALL EDGE
2026-08-23T18:04:20.065665+00:00,KXBTC15M-26AUG231415-15,77200.6,4.334427750000001,10.66557225,77185.26,-15.34000000001106,DOWN,0.4090909090909091,0.5909090909090908,0.4090909090909091,0.5909090909090908,DOWN,0.5909090909090908,0.4,0.41,0.59,0.6,0.6,-0.00909090909090915,RAW,NO VALUE
2026-08-23T18:04:44.375789+00:00,KXBTC15M-26AUG231415-15,77200.6,4.739596483333333,10.260403516666665,77175.47,-25.130000000004657,DOWN,0.39344262295081966,0.6065573770491803,0.39344262295081966,0.6065573770491803,DOWN,0.6065573770491803,0.41,0.42,0.58,0.59,0.59,0.016557377049180366,RAW,SMALL EDGE
2026-08-23T18:05:08.520249+00:00,KXBTC15M-26AUG231415-15,77200.6,5.14200415,9.85799585,77170.75,-29.85000000000582,DOWN,0.27388535031847133,0.7261146496815287,0.27388535031847133,0.7261146496815287,DOWN,0.7261146496815287,0.41,0.42,0.58,0.59,0.59,0.13611464968152875,LEAN,POSITIVE EDGE
2026-08-23T18:05:34.589924+00:00,KXBTC15M-26AUG231415-15,77200.6,5.576498733333334,9.423501266666667,77151.77,-48.830000000001746,DOWN,0.24060150375939848,0.7593984962406015,0.24060150375939848,0.7593984962406015,DOWN,0.7593984962406015,0.39,0.4,0.6,0.61,0.61,0.14939849624060153,LEAN,POSITIVE EDGE
2026-08-23T18:05:55.831183+00:00,KXBTC15M-26AUG231415-15,77200.6,5.930519716666667,9.069480283333332,77159.08,-41.520000000004075,DOWN,0.27388535031847133,0.7261146496815287,0.27388535031847133,0.7261146496815287,DOWN,0.7261146496815287,0.29,0.3,0.7,0.71,0.71,0.01611464968152876,LEAN,SMALL EDGE
2026-08-23T18:06:22.383113+00:00,KXBTC15M-26AUG231415-15,77200.6,6.373051883333333,8.626948116666666,77171.91,-28.69000000000233,DOWN,0.3652173913043478,0.6347826086956522,0.3652173913043478,0.6347826086956522,DOWN,0.6347826086956522,0.33,0.34,0.66,0.67,0.67,-0.03521739130434787,RAW,NO VALUE
2026-08-23T18:06:45.430144+00:00,KXBTC15M-26AUG231415-15,77200.6,6.757169066666666,8.242830933333334,77156.31,-44.29000000000815,DOWN,0.24060150375939848,0.7593984962406015,0.24060150375939848,0.7593984962406015,DOWN,0.7593984962406015,0.33,0.34,0.66,0.67,0.67,0.08939849624060148,LEAN,SMALL EDGE
2026-08-23T18:07:10.228022+00:00,KXBTC15M-26AUG231415-15,77200.6,7.170467033333334,7.829532966666666,77130.91,-69.69000000000233,DOWN,0.24060150375939848,0.7593984962406015,0.24060150375939848,0.7593984962406015,DOWN,0.7593984962406015,0.26,0.27,0.73,0.74,0.74,0.019398496240601526,LEAN,SMALL EDGE
2026-08-23T18:07:34.329969+00:00,KXBTC15M-26AUG231415-15,77200.6,7.57216615,7.42783385,77136.52,-64.08000000000175,DOWN,0.24060150375939848,0.7593984962406015,0.24060150375939848,0.7593984962406015,DOWN,0.7593984962406015,0.21,0.22,0.78,0.79,0.79,-0.03060150375939852,LEAN,NO VALUE
2026-08-23T18:07:59.830566+00:00,KXBTC15M-26AUG231415-15,77200.6,7.9971761,7.0028239,77106.71,-93.88999999999942,DOWN,0.27388535031847133,0.7261146496815287,0.27388535031847133,0.7261146496815287,DOWN,0.7261146496815287,0.21,0.22,0.78,0.79,0.79,-0.06388535031847131,LEAN,NO VALUE
2026-08-23T18:08:22.254497+00:00,KXBTC15M-26AUG231415-15,77200.6,8.370908283333334,6.629091716666666,77121.98,-78.6200000000099,DOWN,0.27388535031847133,0.7261146496815287,0.27388535031847133,0.7261146496815287,DOWN,0.7261146496815287,0.15,0.16,0.84,0.85,0.85,-0.12388535031847125,LEAN,NO VALUE
2026-08-23T18:08:48.476454+00:00,KXBTC15M-26AUG231415-15,77200.6,8.8079409,6.1920591,77110.53,-90.07000000000698,DOWN,0.24060150375939848,0.7593984962406015,0.24060150375939848,0.7593984962406015,DOWN,0.7593984962406015,0.16,0.17,0.83,0.84,0.84,-0.08060150375939845,LEAN,NO VALUE
2026-08-23T18:09:11.935456+00:00,KXBTC15M-26AUG231415-15,77200.6,9.198924266666667,5.801075733333334,77179.27,-21.330000000001746,DOWN,0.42857142857142855,0.5714285714285714,0.42857142857142855,0.5714285714285714,DOWN,0.5714285714285714,0.25,0.26,0.74,0.75,0.75,-0.1785714285714286,RAW,NO VALUE
2026-08-23T18:09:36.350827+00:00,KXBTC15M-26AUG231415-15,77200.6,9.605847116666666,5.394152883333334,77186.92,-13.680000000007567,DOWN,0.4336734693877551,0.5663265306122449,0.4336734693877551,0.5663265306122449,DOWN,0.5663265306122449,0.39,0.4,0.6,0.61,0.61,-0.04367346938775507,RAW,NO VALUE
2026-08-23T18:09:59.680074+00:00,KXBTC15M-26AUG231415-15,77200.6,9.9946679,5.0053321,77213.66,13.059999999997672,UP,0.42857142857142855,0.5714285714285714,0.5714285714285714,0.42857142857142855,UP,0.5714285714285714,0.39,0.4,0.6,0.61,0.4,0.17142857142857137,RAW,ATTRACTIVE <=50c
2026-08-23T18:10:24.776179+00:00,KXBTC15M-26AUG231415-15,77200.6,10.412936316666666,4.587063683333333,77221.31,20.70999999999185,UP,0.4090909090909091,0.5909090909090908,0.5909090909090908,0.4090909090909091,UP,0.5909090909090908,0.66,0.67,0.33,0.34,0.67,-0.07909090909090921,RAW,NO VALUE
2026-08-23T18:10:50.408664+00:00,KXBTC15M-26AUG231415-15,77200.6,10.840144400000002,4.1598556,77225.16,24.55999999999767,UP,0.39344262295081966,0.6065573770491803,0.6065573770491803,0.39344262295081966,UP,0.6065573770491803,0.61,0.62,0.38,0.39,0.62,-0.01344262295081966,RAW,NO VALUE
2026-08-23T18:11:12.707754+00:00,KXBTC15M-26AUG231415-15,77200.6,11.2117959,3.7882041,77251.61,51.00999999999476,UP,0.19811320754716982,0.8018867924528301,0.8018867924528301,0.19811320754716982,UP,0.8018867924528301,0.82,0.83,0.17,0.18,0.83,-0.02811320754716984,STRONG,NO VALUE
2026-08-23T18:11:39.984764+00:00,KXBTC15M-26AUG231415-15,77200.6,11.666412733333335,3.3335872666666666,77305.35,104.75,UP,0.06989247311827956,0.9301075268817205,0.9301075268817205,0.06989247311827956,UP,0.9301075268817205,0.82,0.83,0.17,0.18,0.83,0.10010752688172053,LOCK,POSITIVE EDGE
2026-08-23T18:12:01.802412+00:00,KXBTC15M-26AUG231415-15,77200.6,12.0300402,2.9699598,77274.79,74.18999999998778,UP,0.06989247311827956,0.9301075268817205,0.9301075268817205,0.06989247311827956,UP,0.9301075268817205,0.944,0.948,0.052,0.056,0.948,-0.01789247311827946,LOCK,NO VALUE
2026-08-23T18:12:28.500221+00:00,KXBTC15M-26AUG231415-15,77200.6,12.475003683333334,2.5249963166666665,77346.49,145.88999999999942,UP,0.05128205128205128,0.9487179487179487,0.9487179487179487,0.05128205128205128,UP,0.9487179487179487,0.958,0.96,0.04,0.042,0.96,-0.011282051282051286,LOCK,NO VALUE
2026-08-23T18:12:50.991338+00:00,KXBTC15M-26AUG231415-15,77200.6,12.849855633333334,2.1501443666666664,77381.74,181.13999999999942,UP,0.011904761904761904,0.9880952380952381,0.9880952380952381,0.011904761904761904,UP,0.9880952380952381,0.993,0.994,0.006,0.007,0.994,-0.005904761904761857,LOCK,NO VALUE
2026-08-23T18:13:17.033464+00:00,KXBTC15M-26AUG231415-15,77200.6,13.283891066666666,1.7161089333333335,77381.73,181.1299999999901,UP,0.0,1.0,1.0,0.0,UP,1.0,0.993,0.994,0.006,0.007,0.994,0.006000000000000005,LOCK,SMALL EDGE
2026-08-23T18:13:40.381026+00:00,KXBTC15M-26AUG231415-15,77200.6,13.673017100000001,1.3269829,77347.37,146.76999999998952,UP,0.034482758620689655,0.9655172413793104,0.9655172413793104,0.034482758620689655,UP,0.9655172413793104,0.998,0.999,0.001,0.002,0.999,-0.03348275862068961,LOCK,NO VALUE
2026-08-23T18:14:05.964694+00:00,KXBTC15M-26AUG231415-15,77200.6,14.099411566666667,0.9005884333333333,77343.55,142.9499999999971,UP,0.011904761904761904,0.9880952380952381,0.9880952380952381,0.011904761904761904,UP,0.9880952380952381,0.999,1.0,0.0,0.001,1.0,-0.011904761904761862,LOCK,NO VALUE
2026-08-23T18:14:30.066156+00:00,KXBTC15M-26AUG231415-15,77200.6,14.5011026,0.4988974,77322.26,121.65999999998894,UP,0.06989247311827956,0.9301075268817205,0.9301075268817205,0.06989247311827956,UP,0.9301075268817205,0.999,1.0,0.0,0.001,1.0,-0.06989247311827951,LOCK,NO VALUE
2026-08-23T18:14:55.182832+00:00,KXBTC15M-26AUG231415-15,77200.6,14.919713866666665,0.08028613333333333,77343.87,143.26999999998952,UP,0.011904761904761904,0.9880952380952381,0.9880952380952381,0.011904761904761904,UP,0.9880952380952381,0.999,1.0,0.0,0.001,1.0,-0.011904761904761862,LOCK,NO VALUE
2026-08-23T18:15:46.442297+00:00,KXBTC15M-26AUG231430-30,77340.63,0.7740382833333334,14.225961716666665,77370.88,30.25,UP,0.4336734693877551,0.5663265306122449,0.5663265306122449,0.4336734693877551,UP,0.5663265306122449,0.59,0.6,0.4,0.41,0.6,-0.03367346938775506,RAW,NO VALUE
2026-08-23T18:16:06.110646+00:00,KXBTC15M-26AUG231430-30,77340.63,1.1018441,13.8981559,77381.74,41.11000000000058,UP,0.4336734693877551,0.5663265306122449,0.5663265306122449,0.4336734693877551,UP,0.5663265306122449,0.59,0.6,0.4,0.41,0.6,-0.03367346938775506,RAW,NO VALUE
2026-08-23T18:16:21.611088+00:00,KXBTC15M-26AUG231430-30,77340.63,1.3601847999999999,13.6398152,77396.62,55.98999999999069,UP,0.4336734693877551,0.5663265306122449,0.5663265306122449,0.4336734693877551,UP,0.5663265306122449,0.57,0.58,0.42,0.43,0.58,-0.013673469387755044,RAW,NO VALUE
2026-08-23T18:16:54.957894+00:00,KXBTC15M-26AUG231430-30,77340.63,1.9159648999999999,13.0840351,77342.65,2.0199999999895226,UP,0.42857142857142855,0.5714285714285714,0.5714285714285714,0.42857142857142855,UP,0.5714285714285714,0.56,0.57,0.43,0.44,0.57,0.0014285714285714457,RAW,SMALL EDGE
2026-08-23T18:17:44.010015+00:00,KXBTC15M-26AUG231430-30,77340.63,2.73350025,12.266499750000001,77362.63,22.0,UP,0.42857142857142855,0.5714285714285714,0.5714285714285714,0.42857142857142855,UP,0.5714285714285714,0.58,0.59,0.41,0.42,0.59,-0.018571428571428572,RAW,NO VALUE
2026-08-23T18:18:19.035375+00:00,KXBTC15M-26AUG231430-30,77340.63,3.31725625,11.682743749999998,77332.09,-8.540000000008149,DOWN,0.42857142857142855,0.5714285714285714,0.42857142857142855,0.5714285714285714,DOWN,0.5714285714285714,0.58,0.59,0.41,0.42,0.42,0.1514285714285714,RAW,ATTRACTIVE <=50c
2026-08-23T18:18:48.990422+00:00,KXBTC15M-26AUG231430-30,77340.63,3.816507033333333,11.183492966666668,77328.27,-12.360000000000582,DOWN,0.4336734693877551,0.5663265306122449,0.4336734693877551,0.5663265306122449,DOWN,0.5663265306122449,0.43,0.44,0.56,0.57,0.57,-0.003673469387755035,RAW,NO VALUE
2026-08-23T18:19:19.044647+00:00,KXBTC15M-26AUG231430-30,77340.63,4.317410783333333,10.682589216666665,77336.37,-4.260000000009313,DOWN,0.4336734693877551,0.5663265306122449,0.4336734693877551,0.5663265306122449,DOWN,0.5663265306122449,0.41,0.42,0.58,0.59,0.59,-0.023673469387755053,RAW,NO VALUE
2026-08-23T18:19:49.148731+00:00,KXBTC15M-26AUG231430-30,77340.63,4.819145516666667,10.180854483333333,77316.81,-23.820000000006985,DOWN,0.42857142857142855,0.5714285714285714,0.42857142857142855,0.5714285714285714,DOWN,0.5714285714285714,0.45,0.46,0.54,0.55,0.55,0.021428571428571352,RAW,SMALL EDGE
2026-08-23T18:20:19.027528+00:00,KXBTC15M-26AUG231430-30,77340.63,5.317125466666667,9.682874533333335,77320.13,-20.5,DOWN,0.42857142857142855,0.5714285714285714,0.42857142857142855,0.5714285714285714,DOWN,0.5714285714285714,0.37,0.38,0.62,0.63,0.63,-0.05857142857142861,RAW,NO VALUE
2026-08-23T18:20:49.085763+00:00,KXBTC15M-26AUG231430-30,77340.63,5.818096049999999,9.181903949999999,77320.12,-20.510000000009313,DOWN,0.39344262295081966,0.6065573770491803,0.39344262295081966,0.6065573770491803,DOWN,0.6065573770491803,0.38,0.39,0.61,0.62,0.62,-0.01344262295081966,RAW,NO VALUE
2026-08-23T18:21:18.937159+00:00,KXBTC15M-26AUG231430-30,77340.63,6.315619316666667,8.684380683333334,77310.61,-30.020000000004075,DOWN,0.39344262295081966,0.6065573770491803,0.39344262295081966,0.6065573770491803,DOWN,0.6065573770491803,0.44,0.45,0.55,0.56,0.56,0.04655737704918028,RAW,SMALL EDGE
2026-08-23T18:21:48.999632+00:00,KXBTC15M-26AUG231430-30,77340.63,6.816660533333334,8.183339466666666,77325.0,-15.630000000004657,DOWN,0.42857142857142855,0.5714285714285714,0.42857142857142855,0.5714285714285714,DOWN,0.5714285714285714,0.4,0.41,0.59,0.6,0.6,-0.02857142857142858,RAW,NO VALUE
2026-08-23T18:22:19.043962+00:00,KXBTC15M-26AUG231430-30,77340.63,7.317399366666667,7.682600633333333,77306.33,-34.30000000000291,DOWN,0.3652173913043478,0.6347826086956522,0.3652173913043478,0.6347826086956522,DOWN,0.6347826086956522,0.4,0.41,0.59,0.6,0.6,0.034782608695652195,RAW,SMALL EDGE
2026-08-23T18:22:48.888022+00:00,KXBTC15M-26AUG231430-30,77340.63,7.814800366666666,7.185199633333334,77303.04,-37.59000000001106,DOWN,0.27388535031847133,0.7261146496815287,0.27388535031847133,0.7261146496815287,DOWN,0.7261146496815287,0.26,0.27,0.73,0.74,0.74,-0.013885350318471268,LEAN,NO VALUE
2026-08-23T18:23:18.921273+00:00,KXBTC15M-26AUG231430-30,77340.63,8.31535455,6.6846454500000005,77288.01,-52.620000000009895,DOWN,0.24060150375939848,0.7593984962406015,0.24060150375939848,0.7593984962406015,DOWN,0.7593984962406015,0.26,0.27,0.73,0.74,0.74,0.019398496240601526,LEAN,SMALL EDGE
2026-08-23T18:23:48.836013+00:00,KXBTC15M-26AUG231430-30,77340.63,8.81393355,6.18606645,77286.24,-54.38999999999942,DOWN,0.3652173913043478,0.6347826086956522,0.3652173913043478,0.6347826086956522,DOWN,0.6347826086956522,0.2,0.22,0.78,0.8,0.8,-0.16521739130434787,RAW,NO VALUE
2026-08-23T18:24:18.804077+00:00,KXBTC15M-26AUG231430-30,77340.63,9.313401283333333,5.6865987166666665,77316.53,-24.10000000000582,DOWN,0.39344262295081966,0.6065573770491803,0.39344262295081966,0.6065573770491803,DOWN,0.6065573770491803,0.35,0.36,0.64,0.65,0.65,-0.04344262295081969,RAW,NO VALUE
2026-08-23T18:24:48.997021+00:00,KXBTC15M-26AUG231430-30,77340.63,9.816617016666667,5.183382983333333,77314.56,-26.070000000006985,DOWN,0.39344262295081966,0.6065573770491803,0.39344262295081966,0.6065573770491803,DOWN,0.6065573770491803,0.35,0.36,0.64,0.65,0.65,-0.04344262295081969,RAW,NO VALUE
2026-08-23T18:25:19.176054+00:00,KXBTC15M-26AUG231430-30,77340.63,10.319600900000001,4.6803991,77320.68,-19.95000000001164,DOWN,0.39344262295081966,0.6065573770491803,0.39344262295081966,0.6065573770491803,DOWN,0.6065573770491803,0.28,0.29,0.71,0.72,0.72,-0.11344262295081964,RAW,NO VALUE
2026-08-23T18:25:49.055808+00:00,KXBTC15M-26AUG231430-30,77340.63,10.817596799999999,4.1824031999999995,77335.65,-4.980000000010477,DOWN,0.42857142857142855,0.5714285714285714,0.42857142857142855,0.5714285714285714,DOWN,0.5714285714285714,0.32,0.33,0.67,0.68,0.68,-0.10857142857142865,RAW,NO VALUE
2026-08-23T18:26:18.920037+00:00,KXBTC15M-26AUG231430-30,77340.63,11.31533395,3.6846660499999997,77347.95,7.319999999992433,UP,0.4336734693877551,0.5663265306122449,0.5663265306122449,0.4336734693877551,UP,0.5663265306122449,0.44,0.45,0.55,0.56,0.45,0.1163265306122449,RAW,POSITIVE EDGE
2026-08-23T18:26:48.841730+00:00,KXBTC15M-26AUG231430-30,77340.63,11.814028833333333,3.1859711666666666,77347.94,7.309999999997672,UP,0.42857142857142855,0.5714285714285714,0.5714285714285714,0.42857142857142855,UP,0.5714285714285714,0.57,0.58,0.42,0.43,0.58,-0.008571428571428563,RAW,NO VALUE
2026-08-23T18:27:18.867756+00:00,KXBTC15M-26AUG231430-30,77340.63,12.3144626,2.6855374,77366.45,25.819999999992433,UP,0.3652173913043478,0.6347826086956522,0.6347826086956522,0.3652173913043478,UP,0.6347826086956522,0.58,0.59,0.41,0.42,0.59,0.044782608695652204,RAW,SMALL EDGE
2026-08-23T18:27:48.915639+00:00,KXBTC15M-26AUG231430-30,77340.63,12.81526065,2.18473935,77364.91,24.279999999998836,UP,0.27388535031847133,0.7261146496815287,0.7261146496815287,0.27388535031847133,UP,0.7261146496815287,0.84,0.85,0.15,0.16,0.85,-0.12388535031847125,LEAN,NO VALUE
2026-08-23T18:28:18.868261+00:00,KXBTC15M-26AUG231430-30,77340.63,13.314471016666666,1.6855289833333333,77359.46,18.830000000001746,UP,0.24060150375939848,0.7593984962406015,0.7593984962406015,0.24060150375939848,UP,0.7593984962406015,0.75,0.76,0.24,0.25,0.76,-0.0006015037593984918,LEAN,NO VALUE
2026-08-23T18:28:48.983054+00:00,KXBTC15M-26AUG231430-30,77340.63,13.816384233333334,1.1836157666666667,77378.39,37.75999999999476,UP,0.10714285714285714,0.8928571428571429,0.8928571428571429,0.10714285714285714,UP,0.8928571428571429,0.75,0.76,0.24,0.25,0.76,0.1328571428571429,STRONG,POSITIVE EDGE
2026-08-23T18:29:18.921678+00:00,KXBTC15M-26AUG231430-30,77340.63,14.315361300000001,0.6846387,77375.44,34.80999999999767,UP,0.06989247311827956,0.9301075268817205,0.9301075268817205,0.06989247311827956,UP,0.9301075268817205,0.96,0.961,0.039,0.04,0.961,-0.030892473118279473,LOCK,NO VALUE
2026-08-23T18:29:48.842226+00:00,KXBTC15M-26AUG231430-30,77340.63,14.8140371,0.1859629,77358.83,18.19999999999709,UP,0.109375,0.890625,0.890625,0.109375,UP,0.890625,0.999,1.0,0.0,0.001,1.0,-0.109375,STRONG,NO VALUE
2026-08-23T18:30:18.927896+00:00,KXBTC15M-26AUG231445-45,77359.87,0.31546493333333336,14.684535066666665,77339.15,-20.720000000001164,DOWN,0.42857142857142855,0.5714285714285714,0.42857142857142855,0.5714285714285714,DOWN,0.5714285714285714,0.49,0.5,0.5,0.51,0.51,0.06142857142857139,RAW,SMALL EDGE
2026-08-23T18:30:49.049175+00:00,KXBTC15M-26AUG231445-45,77359.87,0.81748625,14.18251375,77344.79,-15.080000000001746,DOWN,0.4336734693877551,0.5663265306122449,0.4336734693877551,0.5663265306122449,DOWN,0.5663265306122449,0.49,0.5,0.5,0.51,0.51,0.05632653061224491,RAW,SMALL EDGE
2026-08-23T18:31:19.086414+00:00,KXBTC15M-26AUG231445-45,77359.87,1.3181069,13.6818931,77320.62,-39.25,DOWN,0.42857142857142855,0.5714285714285714,0.42857142857142855,0.5714285714285714,DOWN,0.5714285714285714,0.42,0.43,0.57,0.58,0.58,-0.008571428571428563,RAW,NO VALUE
2026-08-23T18:31:48.863442+00:00,KXBTC15M-26AUG231445-45,77359.87,1.8143907000000001,13.185609300000001,77328.26,-31.610000000000582,DOWN,0.4336734693877551,0.5663265306122449,0.4336734693877551,0.5663265306122449,DOWN,0.5663265306122449,0.34,0.35,0.65,0.66,0.66,-0.09367346938775512,RAW,NO VALUE
2026-08-23T18:32:18.981649+00:00,KXBTC15M-26AUG231445-45,77359.87,2.3163608166666667,12.683639183333334,77320.33,-39.5399999999936,DOWN,0.4336734693877551,0.5663265306122449,0.4336734693877551,0.5663265306122449,DOWN,0.5663265306122449,0.33,0.34,0.66,0.67,0.67,-0.10367346938775512,RAW,NO VALUE
2026-08-23T18:32:48.964966+00:00,KXBTC15M-26AUG231445-45,77359.87,2.816082766666667,12.183917233333334,77301.48,-58.38999999999942,DOWN,0.42857142857142855,0.5714285714285714,0.42857142857142855,0.5714285714285714,DOWN,0.5714285714285714,0.28,0.29,0.71,0.72,0.72,-0.14857142857142858,RAW,NO VALUE
2026-08-23T18:33:18.850827+00:00,KXBTC15M-26AUG231445-45,77359.87,3.3141804500000003,11.68581955,77297.71,-62.15999999998894,DOWN,0.3652173913043478,0.6347826086956522,0.3652173913043478,0.6347826086956522,DOWN,0.6347826086956522,0.29,0.3,0.7,0.71,0.71,-0.07521739130434779,RAW,NO VALUE
2026-08-23T18:33:48.949242+00:00,KXBTC15M-26AUG231445-45,77359.87,3.8158207,11.1841793,77311.35,-48.51999999998952,DOWN,0.42857142857142855,0.5714285714285714,0.42857142857142855,0.5714285714285714,DOWN,0.5714285714285714,0.31,0.32,0.68,0.69,0.69,-0.11857142857142855,RAW,NO VALUE
2026-08-23T18:34:18.907100+00:00,KXBTC15M-26AUG231445-45,77359.87,4.315118333333333,10.684881666666666,77316.8,-43.06999999999243,DOWN,0.42857142857142855,0.5714285714285714,0.42857142857142855,0.5714285714285714,DOWN,0.5714285714285714,0.32,0.33,0.67,0.68,0.68,-0.10857142857142865,RAW,NO VALUE
2026-08-23T18:34:48.825770+00:00,KXBTC15M-26AUG231445-45,77359.87,4.813762833333333,10.186237166666666,77311.34,-48.529999999998836,DOWN,0.39344262295081966,0.6065573770491803,0.39344262295081966,0.6065573770491803,DOWN,0.6065573770491803,0.27,0.28,0.72,0.73,0.73,-0.12344262295081965,RAW,NO VALUE
2026-08-23T18:35:19.063557+00:00,KXBTC15M-26AUG231445-45,77359.87,5.31772595,9.68227405,77317.21,-42.65999999998894,DOWN,0.39344262295081966,0.6065573770491803,0.39344262295081966,0.6065573770491803,DOWN,0.6065573770491803,0.27,0.28,0.72,0.73,0.73,-0.12344262295081965,RAW,NO VALUE
2026-08-23T18:35:48.931206+00:00,KXBTC15M-26AUG231445-45,77359.87,5.8155201,9.184479900000001,77328.25,-31.619999999995343,DOWN,0.39344262295081966,0.6065573770491803,0.39344262295081966,0.6065573770491803,DOWN,0.6065573770491803,0.32,0.33,0.67,0.68,0.68,-0.07344262295081971,RAW,NO VALUE
2026-08-23T18:36:18.987885+00:00,KXBTC15M-26AUG231445-45,77359.87,6.31646475,8.68353525,77333.95,-25.919999999998254,DOWN,0.39344262295081966,0.6065573770491803,0.39344262295081966,0.6065573770491803,DOWN,0.6065573770491803,0.38,0.39,0.61,0.62,0.62,-0.01344262295081966,RAW,NO VALUE
2026-08-23T18:36:48.962344+00:00,KXBTC15M-26AUG231445-45,77359.87,6.816039066666666,8.183960933333333,77329.55,-30.319999999992433,DOWN,0.39344262295081966,0.6065573770491803,0.39344262295081966,0.6065573770491803,DOWN,0.6065573770491803,0.36,0.37,0.63,0.64,0.64,-0.03344262295081968,RAW,NO VALUE
2026-08-23T18:37:18.814713+00:00,KXBTC15M-26AUG231445-45,77359.87,7.31357855,7.68642145,77329.55,-30.319999999992433,DOWN,0.3652173913043478,0.6347826086956522,0.3652173913043478,0.6347826086956522,DOWN,0.6347826086956522,0.36,0.37,0.63,0.64,0.64,-0.00521739130434784,RAW,NO VALUE
2026-08-23T18:37:48.833800+00:00,KXBTC15M-26AUG231445-45,77359.87,7.8138966666666665,7.1861033333333335,77325.7,-34.169999999998254,DOWN,0.3652173913043478,0.6347826086956522,0.3652173913043478,0.6347826086956522,DOWN,0.6347826086956522,0.33,0.34,0.66,0.67,0.67,-0.03521739130434787,RAW,NO VALUE
2026-08-23T18:38:18.968596+00:00,KXBTC15M-26AUG231445-45,77359.87,8.316143266666666,6.683856733333333,77335.56,-24.30999999999767,DOWN,0.3652173913043478,0.6347826086956522,0.3652173913043478,0.6347826086956522,DOWN,0.6347826086956522,0.39,0.4,0.6,0.61,0.61,0.024782608695652186,RAW,SMALL EDGE
2026-08-23T18:38:48.886973+00:00,KXBTC15M-26AUG231445-45,77359.87,8.814782883333333,6.185217116666666,77335.56,-24.30999999999767,DOWN,0.3652173913043478,0.6347826086956522,0.3652173913043478,0.6347826086956522,DOWN,0.6347826086956522,0.36,0.37,0.63,0.64,0.64,-0.00521739130434784,RAW,NO VALUE
2026-08-23T18:39:18.936454+00:00,KXBTC15M-26AUG231445-45,77359.87,9.315607566666667,5.684392433333333,77325.07,-34.79999999998836,DOWN,0.27388535031847133,0.7261146496815287,0.27388535031847133,0.7261146496815287,DOWN,0.7261146496815287,0.36,0.37,0.63,0.64,0.64,0.08611464968152871,LEAN,SMALL EDGE
2026-08-23T18:39:48.924197+00:00,KXBTC15M-26AUG231445-45,77359.87,9.815403283333334,5.184596716666666,77320.88,-38.98999999999069,DOWN,0.24060150375939848,0.7593984962406015,0.24060150375939848,0.7593984962406015,DOWN,0.7593984962406015,0.26,0.28,0.72,0.74,0.74,0.019398496240601526,LEAN,SMALL EDGE
2026-08-23T18:40:19.158105+00:00,KXBTC15M-26AUG231445-45,77359.87,10.31930175,4.680698250000001,77328.27,-31.59999999999127,DOWN,0.19811320754716982,0.8018867924528301,0.19811320754716982,0.8018867924528301,DOWN,0.8018867924528301,0.23,0.24,0.76,0.77,0.77,0.031886792452830104,STRONG,SMALL EDGE
2026-08-23T18:40:48.980125+00:00,KXBTC15M-26AUG231445-45,77359.87,10.816335416666668,4.183664583333334,77355.25,-4.619999999995343,DOWN,0.4336734693877551,0.5663265306122449,0.4336734693877551,0.5663265306122449,DOWN,0.5663265306122449,0.29,0.3,0.7,0.71,0.71,-0.14367346938775505,RAW,NO VALUE
2026-08-23T18:41:19.006859+00:00,KXBTC15M-26AUG231445-45,77359.87,11.316780983333333,3.683219016666667,77355.24,-4.629999999990105,DOWN,0.6067310084305172,0.3932689915694828,0.6067310084305172,0.3932689915694828,UP,0.6067310084305172,0.42,0.43,0.57,0.58,0.43,0.1767310084305172,RAW,ATTRACTIVE <=50c
2026-08-23T18:41:48.946039+00:00,KXBTC15M-26AUG231445-45,77359.87,11.815767316666667,3.184232683333333,77333.95,-25.919999999998254,DOWN,0.24060150375939848,0.7593984962406015,0.24060150375939848,0.7593984962406015,DOWN,0.7593984962406015,0.42,0.44,0.56,0.58,0.58,0.17939849624060156,LEAN,POSITIVE EDGE
2026-08-23T18:42:19.351077+00:00,KXBTC15M-26AUG231445-45,77359.87,12.32251795,2.67748205,77335.96,-23.90999999998894,DOWN,0.19811320754716982,0.8018867924528301,0.19811320754716982,0.8018867924528301,DOWN,0.8018867924528301,0.27,0.28,0.72,0.73,0.73,0.07188679245283014,STRONG,SMALL EDGE
2026-08-23T18:42:48.869638+00:00,KXBTC15M-26AUG231445-45,77359.87,12.814493966666667,2.185506033333333,77325.5,-34.36999999999534,DOWN,0.06989247311827956,0.9301075268817205,0.06989247311827956,0.9301075268817205,DOWN,0.9301075268817205,0.14,0.15,0.85,0.86,0.86,0.0701075268817205,LOCK,SMALL EDGE
2026-08-23T18:43:18.951008+00:00,KXBTC15M-26AUG231445-45,77359.87,13.315850133333333,1.6841498666666666,77329.55,-30.319999999992433,DOWN,0.011904761904761904,0.9880952380952381,0.011904761904761904,0.9880952380952381,DOWN,0.9880952380952381,0.088,0.089,0.911,0.912,0.912,0.0760952380952381,LOCK,SMALL EDGE
2026-08-23T18:43:48.954243+00:00,KXBTC15M-26AUG231445-45,77359.87,13.81590405,1.18409595,77329.9,-29.970000000001164,DOWN,0.011904761904761904,0.9880952380952381,0.011904761904761904,0.9880952380952381,DOWN,0.9880952380952381,0.088,0.089,0.911,0.912,0.912,0.0760952380952381,LOCK,SMALL EDGE
2026-08-23T18:44:19.031007+00:00,KXBTC15M-26AUG231445-45,77359.87,14.31718345,0.68281655,77322.52,-37.34999999999127,DOWN,0.011904761904761904,0.9880952380952381,0.011904761904761904,0.9880952380952381,DOWN,0.9880952380952381,0.043,0.045,0.955,0.957,0.957,0.031095238095238176,LOCK,SMALL EDGE
2026-08-23T18:44:49.043405+00:00,KXBTC15M-26AUG231445-45,77359.87,14.817390083333333,0.18260991666666668,77326.44,-33.429999999993015,DOWN,0.0,1.0,0.0,1.0,DOWN,1.0,0.001,0.002,0.998,0.999,0.999,0.0010000000000000009,LOCK,SMALL EDGE
2026-08-23T18:45:48.923933+00:00,KXBTC15M-26AUG231500-00,77327.06,0.8153988833333333,14.184601116666666,77327.81,0.75,UP,0.39344262295081966,0.6065573770491803,0.6065573770491803,0.39344262295081966,UP,0.6065573770491803,0.52,0.53,0.47,0.48,0.53,0.07655737704918031,RAW,SMALL EDGE
2026-08-23T18:46:19.056904+00:00,KXBTC15M-26AUG231500-00,77327.06,1.3176150666666666,13.682384933333333,77332.85,5.790000000008149,UP,0.39344262295081966,0.6065573770491803,0.6065573770491803,0.39344262295081966,UP,0.6065573770491803,0.54,0.55,0.45,0.46,0.55,0.05655737704918029,RAW,SMALL EDGE
2026-08-23T18:46:48.977740+00:00,KXBTC15M-26AUG231500-00,77327.06,1.8162956666666665,13.183704333333333,77307.08,-19.979999999995925,DOWN,0.42857142857142855,0.5714285714285714,0.42857142857142855,0.5714285714285714,DOWN,0.5714285714285714,0.4,0.41,0.59,0.6,0.6,-0.02857142857142858,RAW,NO VALUE
2026-08-23T18:47:18.842577+00:00,KXBTC15M-26AUG231500-00,77327.06,2.31404295,12.68595705,77304.91,-22.14999999999418,DOWN,0.39344262295081966,0.6065573770491803,0.39344262295081966,0.6065573770491803,DOWN,0.6065573770491803,0.42,0.43,0.57,0.58,0.58,0.026557377049180375,RAW,SMALL EDGE
2026-08-23T18:47:48.916044+00:00,KXBTC15M-26AUG231500-00,77327.06,2.8152674,12.184732599999998,77285.1,-41.95999999999185,DOWN,0.39344262295081966,0.6065573770491803,0.39344262295081966,0.6065573770491803,DOWN,0.6065573770491803,0.41,0.42,0.58,0.59,0.59,0.016557377049180366,RAW,SMALL EDGE
2026-08-23T18:48:19.408027+00:00,KXBTC15M-26AUG231500-00,77327.06,3.323467116666667,11.676532883333334,77274.36,-52.69999999999709,DOWN,0.39344262295081966,0.6065573770491803,0.39344262295081966,0.6065573770491803,DOWN,0.6065573770491803,0.3,0.31,0.69,0.7,0.7,-0.09344262295081962,RAW,NO VALUE
2026-08-23T18:48:49.068334+00:00,KXBTC15M-26AUG231500-00,77327.06,3.8178055666666664,11.182194433333333,77290.14,-36.919999999998254,DOWN,0.42857142857142855,0.5714285714285714,0.42857142857142855,0.5714285714285714,DOWN,0.5714285714285714,0.28,0.29,0.71,0.72,0.72,-0.14857142857142858,RAW,NO VALUE
2026-08-23T18:49:18.935935+00:00,KXBTC15M-26AUG231500-00,77327.06,4.315598916666667,10.684401083333334,77293.04,-34.020000000004075,DOWN,0.42857142857142855,0.5714285714285714,0.42857142857142855,0.5714285714285714,DOWN,0.5714285714285714,0.35,0.36,0.64,0.65,0.65,-0.07857142857142863,RAW,NO VALUE
2026-08-23T18:49:48.857719+00:00,KXBTC15M-26AUG231500-00,77327.06,4.814295316666667,10.185704683333334,77295.87,-31.19000000000233,DOWN,0.39344262295081966,0.6065573770491803,0.39344262295081966,0.6065573770491803,DOWN,0.6065573770491803,0.35,0.36,0.64,0.65,0.65,-0.04344262295081969,RAW,NO VALUE
2026-08-23T18:50:19.010813+00:00,KXBTC15M-26AUG231500-00,77327.06,5.316846883333333,9.683153116666666,77314.6,-12.459999999991851,DOWN,0.4336734693877551,0.5663265306122449,0.4336734693877551,0.5663265306122449,DOWN,0.5663265306122449,0.37,0.38,0.62,0.63,0.63,-0.06367346938775509,RAW,NO VALUE
2026-08-23T18:50:48.922827+00:00,KXBTC15M-26AUG231500-00,77327.06,5.81538045,9.18461955,77278.61,-48.44999999999709,DOWN,0.3652173913043478,0.6347826086956522,0.3652173913043478,0.6347826086956522,DOWN,0.6347826086956522,0.45,0.46,0.54,0.55,0.55,0.08478260869565213,RAW,SMALL EDGE
2026-08-23T18:51:18.846613+00:00,KXBTC15M-26AUG231500-00,77327.06,6.314110216666666,8.685889783333332,77274.61,-52.44999999999709,DOWN,0.27388535031847133,0.7261146496815287,0.27388535031847133,0.7261146496815287,DOWN,0.7261146496815287,0.27,0.28,0.72,0.73,0.73,-0.003885350318471259,LEAN,NO VALUE
2026-08-23T18:51:49.168666+00:00,KXBTC15M-26AUG231500-00,77327.06,6.819477766666666,8.180522233333333,77265.69,-61.36999999999534,DOWN,0.24060150375939848,0.7593984962406015,0.24060150375939848,0.7593984962406015,DOWN,0.7593984962406015,0.25,0.26,0.74,0.75,0.75,0.009398496240601517,LEAN,SMALL EDGE
2026-08-23T18:52:18.974218+00:00,KXBTC15M-26AUG231500-00,77327.06,7.316236966666667,7.683763033333333,77281.74,-45.31999999999243,DOWN,0.27388535031847133,0.7261146496815287,0.27388535031847133,0.7261146496815287,DOWN,0.7261146496815287,0.29,0.3,0.7,0.71,0.71,0.01611464968152876,LEAN,SMALL EDGE
2026-08-23T18:52:48.878496+00:00,KXBTC15M-26AUG231500-00,77327.06,7.8146416,7.1853584,77300.92,-26.139999999999418,DOWN,0.39344262295081966,0.6065573770491803,0.39344262295081966,0.6065573770491803,DOWN,0.6065573770491803,0.33,0.34,0.66,0.67,0.67,-0.0634426229508197,RAW,NO VALUE
2026-08-23T18:53:18.969238+00:00,KXBTC15M-26AUG231500-00,77327.06,8.316153966666667,6.683846033333333,77309.17,-17.889999999999418,DOWN,0.39344262295081966,0.6065573770491803,0.39344262295081966,0.6065573770491803,DOWN,0.6065573770491803,0.43,0.44,0.56,0.57,0.57,0.036557377049180384,RAW,SMALL EDGE
2026-08-23T18:53:48.884667+00:00,KXBTC15M-26AUG231500-00,77327.06,8.814744450000001,6.18525555,77282.43,-44.63000000000466,DOWN,0.27388535031847133,0.7261146496815287,0.27388535031847133,0.7261146496815287,DOWN,0.7261146496815287,0.24,0.25,0.75,0.76,0.76,-0.033885350318471286,LEAN,NO VALUE
2026-08-23T18:54:19.070425+00:00,KXBTC15M-26AUG231500-00,77327.06,9.317840416666666,5.682159583333333,77278.18,-48.88000000000466,DOWN,0.24060150375939848,0.7593984962406015,0.24060150375939848,0.7593984962406015,DOWN,0.7593984962406015,0.23,0.24,0.76,0.77,0.77,-0.0106015037593985,LEAN,NO VALUE
2026-08-23T18:54:48.913549+00:00,KXBTC15M-26AUG231500-00,77327.06,9.815225816666667,5.184774183333333,77278.21,-48.84999999999127,DOWN,0.19811320754716982,0.8018867924528301,0.19811320754716982,0.8018867924528301,DOWN,0.8018867924528301,0.22,0.23,0.77,0.78,0.78,0.021886792452830095,STRONG,SMALL EDGE
2026-08-23T18:55:19.155533+00:00,KXBTC15M-26AUG231500-00,77327.06,10.319258883333333,4.680741116666667,77318.65,-8.410000000003492,DOWN,0.4336734693877551,0.5663265306122449,0.4336734693877551,0.5663265306122449,DOWN,0.5663265306122449,0.34,0.35,0.65,0.66,0.66,-0.09367346938775512,RAW,NO VALUE
2026-08-23T18:55:49.341031+00:00,KXBTC15M-26AUG231500-00,77327.06,10.822350516666667,4.177649483333334,77306.97,-20.089999999996508,DOWN,0.39344262295081966,0.6065573770491803,0.39344262295081966,0.6065573770491803,DOWN,0.6065573770491803,0.34,0.36,0.64,0.66,0.66,-0.053442622950819696,RAW,NO VALUE
2026-08-23T18:56:18.877538+00:00,KXBTC15M-26AUG231500-00,77327.06,11.314625633333332,3.6853743666666667,77293.89,-33.169999999998254,DOWN,0.24060150375939848,0.7593984962406015,0.24060150375939848,0.7593984962406015,DOWN,0.7593984962406015,0.34,0.36,0.64,0.66,0.66,0.09939849624060149,LEAN,SMALL EDGE
2026-08-23T18:56:49.068954+00:00,KXBTC15M-26AUG231500-00,77327.06,11.8178159,3.1821841,77282.5,-44.55999999999767,DOWN,0.10714285714285714,0.8928571428571429,0.10714285714285714,0.8928571428571429,DOWN,0.8928571428571429,0.2,0.21,0.79,0.8,0.8,0.09285714285714286,STRONG,SMALL EDGE
2026-08-23T18:57:19.400417+00:00,KXBTC15M-26AUG231500-00,77327.06,12.323340283333332,2.676659716666667,77298.43,-28.630000000004657,DOWN,0.10714285714285714,0.8928571428571429,0.10714285714285714,0.8928571428571429,DOWN,0.8928571428571429,0.099,0.1,0.9,0.901,0.901,-0.008142857142857118,STRONG,NO VALUE
2026-08-23T18:57:48.916933+00:00,KXBTC15M-26AUG231500-00,77327.06,12.815282216666667,2.1847177833333333,77287.68,-39.38000000000466,DOWN,0.011904761904761904,0.9880952380952381,0.011904761904761904,0.9880952380952381,DOWN,0.9880952380952381,0.087,0.088,0.912,0.913,0.913,0.0750952380952381,LOCK,SMALL EDGE
2026-08-23T18:58:18.906757+00:00,KXBTC15M-26AUG231500-00,77327.06,13.315112616666665,1.6848873833333333,77297.7,-29.360000000000582,DOWN,0.011904761904761904,0.9880952380952381,0.011904761904761904,0.9880952380952381,DOWN,0.9880952380952381,0.054,0.055,0.945,0.946,0.946,0.042095238095238185,LOCK,SMALL EDGE
2026-08-23T18:58:48.975512+00:00,KXBTC15M-26AUG231500-00,77327.06,13.816258533333333,1.1837414666666668,77309.15,-17.910000000003492,DOWN,0.109375,0.890625,0.109375,0.890625,DOWN,0.890625,0.066,0.067,0.933,0.934,0.934,-0.04337500000000005,STRONG,NO VALUE
2026-08-23T18:59:18.923025+00:00,KXBTC15M-26AUG231500-00,77327.06,14.31538375,0.6846162499999999,77323.2,-3.860000000000582,DOWN,0.4336734693877551,0.5663265306122449,0.4336734693877551,0.5663265306122449,DOWN,0.5663265306122449,0.14,0.16,0.84,0.86,0.86,-0.29367346938775507,RAW,NO VALUE
2026-08-23T18:59:49.001788+00:00,KXBTC15M-26AUG231500-00,77327.06,14.816696466666667,0.18330353333333335,77325.0,-2.0599999999976717,DOWN,0.4336734693877551,0.5663265306122449,0.4336734693877551,0.5663265306122449,DOWN,0.5663265306122449,0.011,0.012,0.988,0.989,0.989,-0.4226734693877551,RAW,NO VALUE
2026-08-23T19:00:20.657170+00:00,KXBTC15M-26AUG231515-15,77320.39,0.34428616666666667,14.655713833333333,77350.88,30.49000000000524,UP,0.42857142857142855,0.5714285714285714,0.5714285714285714,0.42857142857142855,UP,0.5714285714285714,0.64,0.65,0.35,0.36,0.65,-0.07857142857142863,RAW,NO VALUE
2026-08-23T19:00:52.607015+00:00,KXBTC15M-26AUG231515-15,77320.39,0.8767835833333333,14.123216416666667,77356.85,36.4600000000064,UP,0.42857142857142855,0.5714285714285714,0.5714285714285714,0.42857142857142855,UP,0.5714285714285714,0.69,0.7,0.3,0.31,0.7,-0.12857142857142856,RAW,NO VALUE
2026-08-23T19:01:22.399059+00:00,KXBTC15M-26AUG231515-15,77320.39,1.37331765,13.626682350000001,77396.78,76.38999999999942,UP,0.3652173913043478,0.6347826086956522,0.6347826086956522,0.3652173913043478,UP,0.6347826086956522,0.75,0.76,0.24,0.25,0.76,-0.12521739130434784,RAW,NO VALUE
2026-08-23T19:01:52.463878+00:00,KXBTC15M-26AUG231515-15,77320.39,1.8743979666666666,13.125602033333333,77362.63,42.24000000000524,UP,0.42857142857142855,0.5714285714285714,0.5714285714285714,0.42857142857142855,UP,0.5714285714285714,0.75,0.76,0.24,0.25,0.76,-0.1885714285714286,RAW,NO VALUE
2026-08-23T19:02:22.447539+00:00,KXBTC15M-26AUG231515-15,77320.39,2.3741256500000003,12.62587435,77383.63,63.24000000000524,UP,0.3652173913043478,0.6347826086956522,0.6347826086956522,0.3652173913043478,UP,0.6347826086956522,0.59,0.6,0.4,0.41,0.6,0.034782608695652195,RAW,SMALL EDGE
2026-08-23T19:02:52.460196+00:00,KXBTC15M-26AUG231515-15,77320.39,2.8743366,12.1256634,77325.55,5.1600000000034925,UP,0.4336734693877551,0.5663265306122449,0.5663265306122449,0.4336734693877551,UP,0.5663265306122449,0.73,0.74,0.26,0.27,0.74,-0.17367346938775508,RAW,NO VALUE
2026-08-23T19:03:22.670343+00:00,KXBTC15M-26AUG231515-15,77320.39,3.37783905,11.62216095,77320.28,-0.11000000000058208,DOWN,0.42857142857142855,0.5714285714285714,0.42857142857142855,0.5714285714285714,DOWN,0.5714285714285714,0.49,0.5,0.5,0.51,0.51,0.06142857142857139,RAW,SMALL EDGE
2026-08-23T19:03:52.417188+00:00,KXBTC15M-26AUG231515-15,77320.39,3.8736198,11.1263802,77312.99,-7.399999999994179,DOWN,0.42857142857142855,0.5714285714285714,0.42857142857142855,0.5714285714285714,DOWN,0.5714285714285714,0.52,0.53,0.47,0.48,0.48,0.09142857142857141,RAW,SMALL EDGE
2026-08-23T19:04:22.342307+00:00,KXBTC15M-26AUG231515-15,77320.39,4.3723717833333335,10.627628216666666,77335.89,15.5,UP,0.4336734693877551,0.5663265306122449,0.5663265306122449,0.4336734693877551,UP,0.5663265306122449,0.48,0.49,0.51,0.52,0.49,0.07632653061224492,RAW,SMALL EDGE
2026-08-23T19:04:52.396052+00:00,KXBTC15M-26AUG231515-15,77320.39,4.873267533333333,10.126732466666665,77332.51,12.119999999995343,UP,0.4336734693877551,0.5663265306122449,0.5663265306122449,0.4336734693877551,UP,0.5663265306122449,0.56,0.57,0.43,0.44,0.57,-0.003673469387755035,RAW,NO VALUE
2026-08-23T19:05:22.395853+00:00,KXBTC15M-26AUG231515-15,77320.39,5.373264216666667,9.626735783333334,77332.31,11.919999999998254,UP,0.42857142857142855,0.5714285714285714,0.5714285714285714,0.42857142857142855,UP,0.5714285714285714,0.58,0.59,0.41,0.42,0.59,-0.018571428571428572,RAW,NO VALUE
2026-08-23T19:05:52.415984+00:00,KXBTC15M-26AUG231515-15,77320.39,5.873599733333333,9.126400266666668,77304.93,-15.460000000006403,DOWN,0.42857142857142855,0.5714285714285714,0.42857142857142855,0.5714285714285714,DOWN,0.5714285714285714,0.47,0.48,0.52,0.53,0.53,0.04142857142857137,RAW,SMALL EDGE
2026-08-23T19:06:22.790941+00:00,KXBTC15M-26AUG231515-15,77320.39,6.379849016666666,8.620150983333334,77334.53,14.139999999999418,UP,0.42857142857142855,0.5714285714285714,0.5714285714285714,0.42857142857142855,UP,0.5714285714285714,0.47,0.48,0.52,0.53,0.48,0.09142857142857141,RAW,SMALL EDGE
2026-08-23T19:06:46.999787+00:00,KXBTC15M-26AUG231515-15,77320.39,6.7833297833333335,8.216670216666666,77328.35,7.960000000006403,UP,0.42857142857142855,0.5714285714285714,0.5714285714285714,0.42857142857142855,UP,0.5714285714285714,0.59,0.6,0.4,0.41,0.6,-0.02857142857142858,RAW,NO VALUE
2026-08-23T19:06:54.923769+00:00,KXBTC15M-26AUG231515-15,77320.39,6.91539615,8.08460385,77326.0,5.610000000000582,UP,0.4336734693877551,0.5663265306122449,0.5663265306122449,0.4336734693877551,UP,0.5663265306122449,0.59,0.6,0.4,0.41,0.6,-0.03367346938775506,RAW,NO VALUE
2026-08-23T19:07:41.185324+00:00,KXBTC15M-26AUG231515-15,77320.39,7.686422066666666,7.313577933333334,77351.17,30.779999999998836,UP,0.24060150375939848,0.7593984962406015,0.7593984962406015,0.24060150375939848,UP,0.7593984962406015,0.58,0.59,0.41,0.42,0.59,0.16939849624060155,LEAN,POSITIVE EDGE
2026-08-23T19:08:11.007250+00:00,KXBTC15M-26AUG231515-15,77320.39,8.183454166666667,6.8165458333333335,77333.86,13.470000000001164,UP,0.42857142857142855,0.5714285714285714,0.5714285714285714,0.42857142857142855,UP,0.5714285714285714,0.65,0.66,0.34,0.35,0.66,-0.08857142857142863,RAW,NO VALUE
2026-08-23T19:08:41.115010+00:00,KXBTC15M-26AUG231515-15,77320.39,8.685250166666666,6.314749833333334,77343.54,23.14999999999418,UP,0.27388535031847133,0.7261146496815287,0.7261146496815287,0.27388535031847133,UP,0.7261146496815287,0.64,0.65,0.35,0.36,0.65,0.0761146496815287,LEAN,SMALL EDGE
2026-08-23T19:09:11.107999+00:00,KXBTC15M-26AUG231515-15,77320.39,9.185133316666667,5.814866683333333,77328.27,7.880000000004657,UP,0.4336734693877551,0.5663265306122449,0.5663265306122449,0.4336734693877551,UP,0.5663265306122449,0.64,0.65,0.35,0.36,0.65,-0.0836734693877551,RAW,NO VALUE
2026-08-23T19:09:42.126212+00:00,KXBTC15M-26AUG231515-15,77320.39,9.702103533333334,5.297896466666667,77318.94,-1.4499999999970896,DOWN,0.4336734693877551,0.5663265306122449,0.4336734693877551,0.5663265306122449,DOWN,0.5663265306122449,0.55,0.56,0.44,0.45,0.45,0.1163265306122449,RAW,POSITIVE EDGE
2026-08-23T19:09:42.346526+00:00,KXBTC15M-26AUG231515-15,77320.39,9.705775433333335,5.294224566666667,77318.94,-1.4499999999970896,DOWN,0.4336734693877551,0.5663265306122449,0.4336734693877551,0.5663265306122449,DOWN,0.5663265306122449,0.55,0.56,0.44,0.45,0.45,0.1163265306122449,RAW,POSITIVE EDGE
2026-08-23T19:10:32.664559+00:00,KXBTC15M-26AUG231515-15,77320.39,10.544409316666668,4.455590683333333,77296.36,-24.029999999998836,DOWN,0.39344262295081966,0.6065573770491803,0.39344262295081966,0.6065573770491803,DOWN,0.6065573770491803,0.46,0.47,0.53,0.54,0.54,0.0665573770491803,RAW,SMALL EDGE
2026-08-23T19:11:02.578574+00:00,KXBTC15M-26AUG231515-15,77320.39,11.042976233333333,3.9570237666666666,77287.69,-32.69999999999709,DOWN,0.27388535031847133,0.7261146496815287,0.27388535031847133,0.7261146496815287,DOWN,0.7261146496815287,0.33,0.34,0.66,0.67,0.67,0.05611464968152868,LEAN,SMALL EDGE
2026-08-23T19:11:32.610862+00:00,KXBTC15M-26AUG231515-15,77320.39,11.543514366666667,3.4564856333333336,77282.47,-37.919999999998254,DOWN,0.19811320754716982,0.8018867924528301,0.19811320754716982,0.8018867924528301,DOWN,0.8018867924528301,0.17,0.18,0.82,0.83,0.83,-0.02811320754716984,STRONG,NO VALUE
2026-08-23T19:12:02.796268+00:00,KXBTC15M-26AUG231515-15,77320.39,12.046604466666668,2.9533955333333335,77250.01,-70.38000000000466,DOWN,0.06989247311827956,0.9301075268817205,0.06989247311827956,0.9301075268817205,DOWN,0.9301075268817205,0.14,0.15,0.85,0.86,0.86,0.0701075268817205,LOCK,SMALL EDGE
2026-08-23T19:12:33.062880+00:00,KXBTC15M-26AUG231515-15,77320.39,12.551048,2.448952,77254.59,-65.80000000000291,DOWN,0.011904761904761904,0.9880952380952381,0.011904761904761904,0.9880952380952381,DOWN,0.9880952380952381,0.044,0.048,0.952,0.956,0.956,0.03209523809523818,LOCK,SMALL EDGE
2026-08-23T19:13:02.789184+00:00,KXBTC15M-26AUG231515-15,77320.39,13.0464864,1.9535136,77266.26,-54.13000000000466,DOWN,0.011904761904761904,0.9880952380952381,0.011904761904761904,0.9880952380952381,DOWN,0.9880952380952381,0.041,0.042,0.958,0.959,0.959,0.029095238095238174,LOCK,SMALL EDGE
2026-08-23T19:13:32.921562+00:00,KXBTC15M-26AUG231515-15,77320.39,13.5486927,1.4513073,77254.83,-65.55999999999767,DOWN,0.011904761904761904,0.9880952380952381,0.011904761904761904,0.9880952380952381,DOWN,0.9880952380952381,0.032,0.033,0.967,0.968,0.968,0.020095238095238166,LOCK,SMALL EDGE
2026-08-23T19:14:02.690591+00:00,KXBTC15M-26AUG231515-15,77320.39,14.044843183333334,0.9551568166666667,77297.96,-22.429999999993015,DOWN,0.10714285714285714,0.8928571428571429,0.10714285714285714,0.8928571428571429,DOWN,0.8928571428571429,0.007,0.008,0.992,0.993,0.993,-0.10014285714285709,STRONG,NO VALUE
2026-08-23T19:14:32.663197+00:00,KXBTC15M-26AUG231515-15,77320.39,14.544386616666666,0.45561338333333334,77305.53,-14.860000000000582,DOWN,0.24060150375939848,0.7593984962406015,0.24060150375939848,0.7593984962406015,DOWN,0.7593984962406015,0.01,0.012,0.988,0.99,0.99,-0.23060150375939847,LEAN,NO VALUE
2026-08-23T19:16:02.665243+00:00,KXBTC15M-26AUG231530-30,77304.71,1.0444207166666666,13.955579283333332,77344.57,39.86000000000058,UP,0.42857142857142855,0.5714285714285714,0.5714285714285714,0.42857142857142855,UP,0.5714285714285714,0.41,0.42,0.58,0.59,0.42,0.1514285714285714,RAW,ATTRACTIVE <=50c
2026-08-23T19:16:14.458379+00:00,KXBTC15M-26AUG231530-30,77304.71,1.2409729833333332,13.759027016666666,77347.25,42.5399999999936,UP,0.4336734693877551,0.5663265306122449,0.5663265306122449,0.4336734693877551,UP,0.5663265306122449,0.65,0.66,0.34,0.35,0.66,-0.09367346938775512,RAW,NO VALUE
2026-08-23T19:16:42.689689+00:00,KXBTC15M-26AUG231530-30,77304.71,1.7114948166666666,13.288505183333333,77335.05,30.339999999996508,UP,0.4336734693877551,0.5663265306122449,0.5663265306122449,0.4336734693877551,UP,0.5663265306122449,0.63,0.64,0.36,0.37,0.64,-0.0736734693877551,RAW,NO VALUE
2026-08-23T19:17:18.821012+00:00,KXBTC15M-26AUG231530-30,77304.71,2.313683533333333,12.686316466666666,77343.54,38.829999999987194,UP,0.4336734693877551,0.5663265306122449,0.5663265306122449,0.4336734693877551,UP,0.5663265306122449,0.68,0.69,0.31,0.32,0.69,-0.12367346938775503,RAW,NO VALUE
2026-08-23T19:17:48.536674+00:00,KXBTC15M-26AUG231530-30,77304.71,2.808944566666667,12.191055433333334,77348.0,43.2899999999936,UP,0.42857142857142855,0.5714285714285714,0.5714285714285714,0.42857142857142855,UP,0.5714285714285714,0.69,0.7,0.3,0.31,0.7,-0.12857142857142856,RAW,NO VALUE
2026-08-23T19:18:18.318894+00:00,KXBTC15M-26AUG231530-30,77304.71,3.3053149,11.6946851,77356.71,52.0,UP,0.39344262295081966,0.6065573770491803,0.6065573770491803,0.39344262295081966,UP,0.6065573770491803,0.7,0.71,0.29,0.3,0.71,-0.10344262295081963,RAW,NO VALUE
2026-08-23T19:18:48.304884+00:00,KXBTC15M-26AUG231530-30,77304.71,3.8050813999999997,11.1949186,77359.05,54.33999999999651,UP,0.3652173913043478,0.6347826086956522,0.6347826086956522,0.3652173913043478,UP,0.6347826086956522,0.72,0.73,0.27,0.28,0.73,-0.09521739130434781,RAW,NO VALUE
2026-08-23T19:19:18.766270+00:00,KXBTC15M-26AUG231530-30,77304.71,4.312771166666667,10.687228833333334,77372.09,67.3799999999901,UP,0.24060150375939848,0.7593984962406015,0.7593984962406015,0.24060150375939848,UP,0.7593984962406015,0.72,0.73,0.27,0.28,0.73,0.029398496240601535,LEAN,SMALL EDGE
2026-08-23T19:19:48.285032+00:00,KXBTC15M-26AUG231530-30,77304.71,4.804750533333333,10.195249466666667,77369.76,65.04999999998836,UP,0.24060150375939848,0.7593984962406015,0.7593984962406015,0.24060150375939848,UP,0.7593984962406015,0.75,0.76,0.24,0.25,0.76,-0.0006015037593984918,LEAN,NO VALUE
2026-08-23T19:20:18.364650+00:00,KXBTC15M-26AUG231530-30,77304.71,5.3060775,9.693922500000001,77358.81,54.09999999999127,UP,0.24060150375939848,0.7593984962406015,0.7593984962406015,0.24060150375939848,UP,0.7593984962406015,0.74,0.75,0.25,0.26,0.75,0.009398496240601517,LEAN,SMALL EDGE
2026-08-23T19:20:48.459643+00:00,KXBTC15M-26AUG231530-30,77304.71,5.807660716666667,9.192339283333332,77366.45,61.73999999999069,UP,0.19811320754716982,0.8018867924528301,0.8018867924528301,0.19811320754716982,UP,0.8018867924528301,0.74,0.75,0.25,0.26,0.75,0.05188679245283012,STRONG,SMALL EDGE
2026-08-23T19:21:18.403926+00:00,KXBTC15M-26AUG231530-30,77304.71,6.3067321000000005,8.6932679,77368.38,63.669999999998254,UP,0.19811320754716982,0.8018867924528301,0.8018867924528301,0.19811320754716982,UP,0.8018867924528301,0.79,0.8,0.2,0.21,0.8,0.0018867924528300772,STRONG,SMALL EDGE
2026-08-23T19:21:48.664806+00:00,KXBTC15M-26AUG231530-30,77304.71,6.8110801,8.1889199,77382.23,77.51999999998952,UP,0.10714285714285714,0.8928571428571429,0.8928571428571429,0.10714285714285714,UP,0.8928571428571429,0.8,0.81,0.19,0.2,0.81,0.08285714285714285,STRONG,SMALL EDGE
2026-08-23T19:22:18.345056+00:00,KXBTC15M-26AUG231530-30,77304.71,7.305750933333333,7.694249066666667,77380.15,75.43999999998778,UP,0.10714285714285714,0.8928571428571429,0.8928571428571429,0.10714285714285714,UP,0.8928571428571429,0.83,0.84,0.16,0.17,0.84,0.052857142857142936,STRONG,SMALL EDGE
2026-08-23T19:22:48.331013+00:00,KXBTC15M-26AUG231530-30,77304.71,7.8055168833333335,7.1944831166666665,77360.5,55.7899999999936,UP,0.24060150375939848,0.7593984962406015,0.7593984962406015,0.24060150375939848,UP,0.7593984962406015,0.8,0.81,0.19,0.2,0.81,-0.050601503759398536,LEAN,NO VALUE
2026-08-23T19:23:18.470507+00:00,KXBTC15M-26AUG231530-30,77304.71,8.307841783333334,6.692158216666667,77352.04,47.329999999987194,UP,0.24060150375939848,0.7593984962406015,0.7593984962406015,0.24060150375939848,UP,0.7593984962406015,0.77,0.78,0.22,0.23,0.78,-0.02060150375939851,LEAN,NO VALUE
2026-08-23T19:23:48.463816+00:00,KXBTC15M-26AUG231530-30,77304.71,8.807730266666665,6.192269733333333,77382.27,77.55999999999767,UP,0.06989247311827956,0.9301075268817205,0.9301075268817205,0.06989247311827956,UP,0.9301075268817205,0.905,0.906,0.094,0.095,0.906,0.024107526881720465,90%+ LOCK CANDIDATE,SMALL EDGE
2026-08-23T19:24:18.453520+00:00,KXBTC15M-26AUG231530-30,77304.71,9.307558666666667,5.692441333333333,77377.2,72.48999999999069,UP,0.06989247311827956,0.9301075268817205,0.9301075268817205,0.06989247311827956,UP,0.9301075268817205,0.912,0.913,0.087,0.088,0.913,0.01710752688172046,90%+ LOCK CANDIDATE,SMALL EDGE
2026-08-23T19:24:48.330774+00:00,KXBTC15M-26AUG231530-30,77304.71,9.8055129,5.1944871,77364.08,59.36999999999534,UP,0.109375,0.890625,0.890625,0.109375,UP,0.890625,0.89,0.9,0.1,0.11,0.9,-0.009375000000000022,STRONG,NO VALUE
2026-08-23T19:25:18.332968+00:00,KXBTC15M-26AUG231530-30,77304.71,10.305549466666667,4.694450533333334,77349.31,44.59999999999127,UP,0.109375,0.890625,0.890625,0.109375,UP,0.890625,0.81,0.82,0.18,0.19,0.82,0.07062500000000005,STRONG,SMALL EDGE
2026-08-23T19:25:48.457635+00:00,KXBTC15M-26AUG231530-30,77304.71,10.80762725,4.19237275,77352.71,48.0,UP,0.10714285714285714,0.8928571428571429,0.8928571428571429,0.10714285714285714,UP,0.8928571428571429,0.88,0.89,0.11,0.12,0.89,0.0028571428571428914,STRONG,SMALL EDGE
2026-08-23T19:26:18.349405+00:00,KXBTC15M-26AUG231530-30,77304.71,11.305823416666668,3.6941765833333333,77354.09,49.379999999990105,UP,0.06989247311827956,0.9301075268817205,0.9301075268817205,0.06989247311827956,UP,0.9301075268817205,0.88,0.89,0.11,0.12,0.89,0.04010752688172048,LOCK,SMALL EDGE
2026-08-23T19:26:48.475175+00:00,KXBTC15M-26AUG231530-30,77304.71,11.807919583333334,3.1920804166666668,77350.77,46.05999999999767,UP,0.06989247311827956,0.9301075268817205,0.9301075268817205,0.06989247311827956,UP,0.9301075268817205,0.88,0.89,0.11,0.12,0.89,0.04010752688172048,LOCK,SMALL EDGE
2026-08-23T19:27:18.499821+00:00,KXBTC15M-26AUG231530-30,77304.71,12.30833035,2.69166965,77352.55,47.83999999999651,UP,0.011904761904761904,0.9880952380952381,0.9880952380952381,0.011904761904761904,UP,0.9880952380952381,0.907,0.909,0.091,0.093,0.909,0.07909523809523811,LOCK,SMALL EDGE
2026-08-23T19:27:48.401063+00:00,KXBTC15M-26AUG231530-30,77304.71,12.806684383333334,2.1933156166666667,77332.08,27.369999999995343,UP,0.19811320754716982,0.8018867924528301,0.8018867924528301,0.19811320754716982,UP,0.8018867924528301,0.83,0.84,0.16,0.17,0.84,-0.03811320754716985,STRONG,NO VALUE
2026-08-23T19:28:18.367142+00:00,KXBTC15M-26AUG231530-30,77304.71,13.306119033333333,1.6938809666666665,77332.08,27.369999999995343,UP,0.109375,0.890625,0.890625,0.109375,UP,0.890625,0.924,0.925,0.075,0.076,0.925,-0.034375000000000044,STRONG,NO VALUE
2026-08-23T19:28:48.435295+00:00,KXBTC15M-26AUG231530-30,77304.71,13.807254916666666,1.1927450833333333,77329.67,24.95999999999185,UP,0.10714285714285714,0.8928571428571429,0.8928571428571429,0.10714285714285714,UP,0.8928571428571429,0.88,0.89,0.11,0.12,0.89,0.0028571428571428914,STRONG,SMALL EDGE
2026-08-23T19:29:18.305579+00:00,KXBTC15M-26AUG231530-30,77304.71,14.305092983333333,0.6949070166666667,77324.9,20.189999999987776,UP,0.06989247311827956,0.9301075268817205,0.9301075268817205,0.06989247311827956,UP,0.9301075268817205,0.978,0.98,0.02,0.022,0.98,-0.04989247311827949,LOCK,NO VALUE
2026-08-23T19:29:29.118669+00:00,KXBTC15M-26AUG231530-30,77304.71,14.48531115,0.51468885,77339.67,34.95999999999185,UP,0.011904761904761904,0.9880952380952381,0.9880952380952381,0.011904761904761904,UP,0.9880952380952381,0.978,0.98,0.02,0.022,0.98,0.008095238095238155,LOCK,SMALL EDGE
2026-08-23T19:30:12.354113+00:00,KXBTC15M-26AUG231545-45,77338.78,0.20590188333333334,14.794098116666667,77332.09,-6.690000000002328,DOWN,0.4336734693877551,0.5663265306122449,0.4336734693877551,0.5663265306122449,DOWN,0.5663265306122449,0.46,0.47,0.53,0.54,0.54,0.02632653061224488,RAW,SMALL EDGE
2026-08-23T19:30:30.952056+00:00,KXBTC15M-26AUG231545-45,77338.78,0.5158676,14.4841324,77316.53,-22.25,DOWN,0.42857142857142855,0.5714285714285714,0.42857142857142855,0.5714285714285714,DOWN,0.5714285714285714,0.46,0.47,0.53,0.54,0.54,0.03142857142857136,RAW,SMALL EDGE
2026-08-23T19:30:47.061136+00:00,KXBTC15M-26AUG231545-45,77338.78,0.7843522666666666,14.215647733333332,77316.53,-22.25,DOWN,0.42857142857142855,0.5714285714285714,0.42857142857142855,0.5714285714285714,DOWN,0.5714285714285714,0.46,0.47,0.53,0.54,0.54,0.03142857142857136,RAW,SMALL EDGE
2026-08-23T19:31:20.060252+00:00,KXBTC15M-26AUG231545-45,77338.78,1.3343375333333334,13.665662466666667,77331.42,-7.360000000000582,DOWN,0.4336734693877551,0.5663265306122449,0.4336734693877551,0.5663265306122449,DOWN,0.5663265306122449,0.46,0.47,0.53,0.54,0.54,0.02632653061224488,RAW,SMALL EDGE
2026-08-23T19:31:35.943927+00:00,KXBTC15M-26AUG231545-45,77338.78,1.59906545,13.400934549999999,77329.5,-9.279999999998836,DOWN,0.4336734693877551,0.5663265306122449,0.4336734693877551,0.5663265306122449,DOWN,0.5663265306122449,0.47,0.48,0.52,0.53,0.53,0.03632653061224489,RAW,SMALL EDGE
2026-08-23T19:32:07.909412+00:00,KXBTC15M-26AUG231545-45,77338.78,2.1318235333333333,12.868176466666666,77305.65,-33.13000000000466,DOWN,0.3652173913043478,0.6347826086956522,0.3652173913043478,0.6347826086956522,DOWN,0.6347826086956522,0.4,0.41,0.59,0.6,0.6,0.034782608695652195,RAW,SMALL EDGE
2026-08-23T19:32:25.211363+00:00,KXBTC15M-26AUG231545-45,77338.78,2.420189383333333,12.579810616666666,77301.68,-37.10000000000582,DOWN,0.3652173913043478,0.6347826086956522,0.3652173913043478,0.6347826086956522,DOWN,0.6347826086956522,0.4,0.41,0.59,0.6,0.6,0.034782608695652195,RAW,SMALL EDGE
2026-08-23T19:32:55.459820+00:00,KXBTC15M-26AUG231545-45,77338.78,2.9243303333333333,12.075669666666666,77294.41,-44.36999999999534,DOWN,0.39344262295081966,0.6065573770491803,0.39344262295081966,0.6065573770491803,DOWN,0.6065573770491803,0.36,0.37,0.63,0.64,0.64,-0.03344262295081968,RAW,NO VALUE
2026-08-23T19:33:13.528992+00:00,KXBTC15M-26AUG231545-45,77338.78,3.2254831999999998,11.774516799999999,77281.45,-57.330000000001746,DOWN,0.3652173913043478,0.6347826086956522,0.3652173913043478,0.6347826086956522,DOWN,0.6347826086956522,0.31,0.32,0.68,0.69,0.69,-0.055217391304347774,RAW,NO VALUE
2026-08-23T19:33:44.032789+00:00,KXBTC15M-26AUG231545-45,77338.78,3.7338798166666667,11.266120183333333,77240.4,-98.38000000000466,DOWN,0.27388535031847133,0.7261146496815287,0.27388535031847133,0.7261146496815287,DOWN,0.7261146496815287,0.22,0.24,0.76,0.78,0.78,-0.0538853503184713,LEAN,NO VALUE
2026-08-23T19:34:01.785868+00:00,KXBTC15M-26AUG231545-45,77338.78,4.029764466666666,10.970235533333332,77312.99,-25.789999999993597,DOWN,0.4336734693877551,0.5663265306122449,0.4336734693877551,0.5663265306122449,DOWN,0.5663265306122449,0.22,0.24,0.76,0.78,0.78,-0.2136734693877551,RAW,NO VALUE
2026-08-23T19:34:30.288038+00:00,KXBTC15M-26AUG231545-45,77338.78,4.504800633333333,10.495199366666666,77326.06,-12.720000000001164,DOWN,0.4336734693877551,0.5663265306122449,0.4336734693877551,0.5663265306122449,DOWN,0.5663265306122449,0.37,0.38,0.62,0.63,0.63,-0.06367346938775509,RAW,NO VALUE
2026-08-23T19:34:51.895597+00:00,KXBTC15M-26AUG231545-45,77338.78,4.864926616666667,10.135073383333333,77330.93,-7.850000000005821,DOWN,0.4336734693877551,0.5663265306122449,0.4336734693877551,0.5663265306122449,DOWN,0.5663265306122449,0.41,0.42,0.58,0.59,0.59,-0.023673469387755053,RAW,NO VALUE
2026-08-23T19:35:18.116974+00:00,KXBTC15M-26AUG231545-45,77338.78,5.301949566666667,9.698050433333332,77328.28,-10.5,DOWN,0.4336734693877551,0.5663265306122449,0.4336734693877551,0.5663265306122449,DOWN,0.5663265306122449,0.43,0.44,0.56,0.57,0.57,-0.003673469387755035,RAW,NO VALUE
2026-08-23T19:35:40.008019+00:00,KXBTC15M-26AUG231545-45,77338.78,5.6668003166666665,9.333199683333333,77332.07,-6.709999999991851,DOWN,0.4336734693877551,0.5663265306122449,0.4336734693877551,0.5663265306122449,DOWN,0.5663265306122449,0.43,0.44,0.56,0.57,0.57,-0.003673469387755035,RAW,NO VALUE
2026-08-23T19:36:04.947288+00:00,KXBTC15M-26AUG231545-45,77338.78,6.0824548,8.917545200000001,77333.59,-5.190000000002328,DOWN,1.0,0.0,1.0,0.0,UP,1.0,0.42,0.43,0.57,0.58,0.43,0.5700000000000001,EARLY 90%+ / NOT YET VALIDATED LOCK,IDEAL <=50c / LARGE EDGE
2026-08-23T19:36:28.255255+00:00,KXBTC15M-26AUG231545-45,77338.78,6.470920916666667,8.529079083333334,77333.6,-5.179999999993015,DOWN,0.9787209207723737,0.021279079227626285,0.9787209207723737,0.021279079227626285,UP,0.9787209207723737,0.48,0.49,0.51,0.52,0.49,0.4887209207723737,EARLY 90%+ / NOT YET VALIDATED LOCK,IDEAL <=50c / LARGE EDGE
2026-08-23T19:36:52.319636+00:00,KXBTC15M-26AUG231545-45,77338.78,6.871993933333333,8.128006066666666,77340.69,1.9100000000034925,UP,0.4336734693877551,0.5663265306122449,0.5663265306122449,0.4336734693877551,UP,0.5663265306122449,0.48,0.49,0.51,0.52,0.49,0.07632653061224492,RAW,SMALL EDGE
2026-08-23T19:37:16.297362+00:00,KXBTC15M-26AUG231545-45,77338.78,7.2716227,7.7283773,77340.69,1.9100000000034925,UP,0.42857142857142855,0.5714285714285714,0.5714285714285714,0.42857142857142855,UP,0.5714285714285714,0.49,0.5,0.5,0.51,0.5,0.0714285714285714,RAW,SMALL EDGE
2026-08-23T19:37:39.010942+00:00,KXBTC15M-26AUG231545-45,77338.78,7.650182366666667,7.349817633333333,77350.93,12.14999999999418,UP,0.39344262295081966,0.6065573770491803,0.6065573770491803,0.39344262295081966,UP,0.6065573770491803,0.52,0.53,0.47,0.48,0.53,0.07655737704918031,RAW,SMALL EDGE
2026-08-23T19:38:04.317697+00:00,KXBTC15M-26AUG231545-45,77338.78,8.071961616666666,6.928038383333333,77350.91,12.130000000004657,UP,0.39344262295081966,0.6065573770491803,0.6065573770491803,0.39344262295081966,UP,0.6065573770491803,0.57,0.58,0.42,0.43,0.58,0.026557377049180375,RAW,SMALL EDGE
2026-08-23T19:38:26.213532+00:00,KXBTC15M-26AUG231545-45,77338.78,8.436892199999999,6.5631078,77329.27,-9.509999999994761,DOWN,0.4336734693877551,0.5663265306122449,0.4336734693877551,0.5663265306122449,DOWN,0.5663265306122449,0.57,0.58,0.42,0.43,0.43,0.13632653061224492,RAW,POSITIVE EDGE
2026-08-23T19:38:52.149264+00:00,KXBTC15M-26AUG231545-45,77338.78,8.869154400000001,6.1308456,77344.77,5.990000000005239,UP,0.39344262295081966,0.6065573770491803,0.6065573770491803,0.39344262295081966,UP,0.6065573770491803,0.38,0.4,0.6,0.62,0.4,0.2065573770491803,RAW,IDEAL <=50c / LARGE EDGE
2026-08-23T19:39:12.617126+00:00,KXBTC15M-26AUG231545-45,77338.78,9.210285433333333,5.7897145666666665,77350.52,11.740000000005239,UP,0.3652173913043478,0.6347826086956522,0.6347826086956522,0.3652173913043478,UP,0.6347826086956522,0.61,0.62,0.38,0.39,0.62,0.014782608695652177,RAW,SMALL EDGE
2026-08-23T19:39:40.740912+00:00,KXBTC15M-26AUG231545-45,77338.78,9.6790152,5.320984800000001,77358.47,19.69000000000233,UP,0.19811320754716982,0.8018867924528301,0.8018867924528301,0.19811320754716982,UP,0.8018867924528301,0.64,0.65,0.35,0.36,0.65,0.1518867924528301,STRONG,POSITIVE EDGE
2026-08-23T19:40:00.264610+00:00,KXBTC15M-26AUG231545-45,77338.78,10.004410166666666,4.995589833333333,77358.78,20.0,UP,0.19811320754716982,0.8018867924528301,0.8018867924528301,0.19811320754716982,UP,0.8018867924528301,0.64,0.65,0.35,0.36,0.65,0.1518867924528301,STRONG,POSITIVE EDGE
2026-08-23T19:40:29.138562+00:00,KXBTC15M-26AUG231545-45,77338.78,10.4856427,4.5143573,77376.83,38.05000000000291,UP,0.109375,0.890625,0.890625,0.109375,UP,0.890625,0.75,0.76,0.24,0.25,0.76,0.130625,STRONG,POSITIVE EDGE
2026-08-23T19:40:48.152534+00:00,KXBTC15M-26AUG231545-45,77338.78,10.802542233333332,4.197457766666667,77383.41,44.63000000000466,UP,0.06989247311827956,0.9301075268817205,0.9301075268817205,0.06989247311827956,UP,0.9301075268817205,0.75,0.76,0.24,0.25,0.76,0.17010752688172048,LOCK,POSITIVE EDGE
2026-08-23T19:41:15.516500+00:00,KXBTC15M-26AUG231545-45,77338.78,11.258608333333333,3.7413916666666664,77377.61,38.830000000001746,UP,0.109375,0.890625,0.890625,0.109375,UP,0.890625,0.87,0.88,0.12,0.13,0.88,0.010624999999999996,STRONG,SMALL EDGE
2026-08-23T19:41:32.521094+00:00,KXBTC15M-26AUG231545-45,77338.78,11.542018233333332,3.457981766666667,77374.11,35.330000000001746,UP,0.109375,0.890625,0.890625,0.109375,UP,0.890625,0.84,0.85,0.15,0.16,0.85,0.04062500000000002,STRONG,SMALL EDGE
2026-08-23T19:41:57.869035+00:00,KXBTC15M-26AUG231545-45,77338.78,11.964483916666667,3.0355160833333334,77366.45,27.669999999998254,UP,0.24060150375939848,0.7593984962406015,0.7593984962406015,0.24060150375939848,UP,0.7593984962406015,0.84,0.85,0.15,0.16,0.85,-0.09060150375939846,LEAN,NO VALUE
2026-08-23T19:42:14.995647+00:00,KXBTC15M-26AUG231545-45,77338.78,12.24992745,2.75007255,77358.83,20.05000000000291,UP,0.27388535031847133,0.7261146496815287,0.7261146496815287,0.27388535031847133,UP,0.7261146496815287,0.83,0.84,0.16,0.17,0.84,-0.11388535031847125,LEAN,NO VALUE
2026-08-23T19:42:43.923426+00:00,KXBTC15M-26AUG231545-45,77338.78,12.732057099999999,2.2679429,77363.77,24.99000000000524,UP,0.10714285714285714,0.8928571428571429,0.8928571428571429,0.10714285714285714,UP,0.8928571428571429,0.74,0.75,0.25,0.26,0.75,0.1428571428571429,STRONG,POSITIVE EDGE
2026-08-23T19:43:03.238407+00:00,KXBTC15M-26AUG231545-45,77338.78,13.05397345,1.94602655,77354.94,16.160000000003492,UP,0.24060150375939848,0.7593984962406015,0.7593984962406015,0.24060150375939848,UP,0.7593984962406015,0.85,0.86,0.14,0.15,0.86,-0.10060150375939847,LEAN,NO VALUE
2026-08-23T19:43:31.456642+00:00,KXBTC15M-26AUG231545-45,77338.78,13.524277366666666,1.4757226333333333,77384.15,45.36999999999534,UP,0.011904761904761904,0.9880952380952381,0.9880952380952381,0.011904761904761904,UP,0.9880952380952381,0.85,0.86,0.14,0.15,0.86,0.12809523809523815,LOCK,POSITIVE EDGE
2026-08-23T19:43:51.972511+00:00,KXBTC15M-26AUG231545-45,77338.78,13.866208516666667,1.1337914833333333,77408.48,69.69999999999709,UP,0.0,1.0,1.0,0.0,UP,1.0,0.992,0.993,0.007,0.008,0.993,0.007000000000000006,LOCK,SMALL EDGE
2026-08-23T19:44:18.439439+00:00,KXBTC15M-26AUG231545-45,77338.78,14.307323983333333,0.6926760166666667,77409.44,70.66000000000349,UP,0.0,1.0,1.0,0.0,UP,1.0,0.992,0.993,0.007,0.008,0.993,0.007000000000000006,LOCK,SMALL EDGE
2026-08-23T19:44:39.906023+00:00,KXBTC15M-26AUG231545-45,77338.78,14.665100383333334,0.3348996166666666,77419.94,81.16000000000349,UP,0.0,1.0,1.0,0.0,UP,1.0,0.999,1.0,0.0,0.001,1.0,0.0,LOCK,NO VALUE
2026-08-23T19:45:35.146645+00:00,KXBTC15M-26AUG231600-00,77413.66,0.5857774166666666,14.414222583333332,77440.99,27.330000000001746,UP,0.4336734693877551,0.5663265306122449,0.5663265306122449,0.4336734693877551,UP,0.5663265306122449,0.56,0.57,0.43,0.44,0.57,-0.003673469387755035,RAW,NO VALUE
2026-08-23T19:45:51.553205+00:00,KXBTC15M-26AUG231600-00,77413.66,0.8592200833333333,14.140779916666666,77375.47,-38.19000000000233,DOWN,0.4336734693877551,0.5663265306122449,0.4336734693877551,0.5663265306122449,DOWN,0.5663265306122449,0.56,0.57,0.43,0.44,0.44,0.1263265306122449,RAW,POSITIVE EDGE
2026-08-23T19:46:10.117275+00:00,KXBTC15M-26AUG231600-00,77413.66,1.1686212500000002,13.83137875,77400.84,-12.820000000006985,DOWN,0.4336734693877551,0.5663265306122449,0.4336734693877551,0.5663265306122449,DOWN,0.5663265306122449,0.34,0.35,0.65,0.66,0.66,-0.09367346938775512,RAW,NO VALUE
2026-08-23T19:46:41.445841+00:00,KXBTC15M-26AUG231600-00,77413.66,1.6907640166666666,13.309235983333334,77385.58,-28.080000000001746,DOWN,0.4336734693877551,0.5663265306122449,0.4336734693877551,0.5663265306122449,DOWN,0.5663265306122449,0.45,0.46,0.54,0.55,0.55,0.01632653061224487,RAW,SMALL EDGE
2026-08-23T19:46:58.373310+00:00,KXBTC15M-26AUG231600-00,77413.66,1.9728885,13.0271115,77385.58,-28.080000000001746,DOWN,0.4336734693877551,0.5663265306122449,0.4336734693877551,0.5663265306122449,DOWN,0.5663265306122449,0.45,0.46,0.54,0.55,0.55,0.01632653061224487,RAW,SMALL EDGE
2026-08-23T19:47:31.153581+00:00,KXBTC15M-26AUG231600-00,77413.66,2.51922635,12.48077365,77384.03,-29.630000000004657,DOWN,0.4336734693877551,0.5663265306122449,0.4336734693877551,0.5663265306122449,DOWN,0.5663265306122449,0.36,0.37,0.63,0.64,0.64,-0.0736734693877551,RAW,NO VALUE
2026-08-23T19:47:46.610980+00:00,KXBTC15M-26AUG231600-00,77413.66,2.7768496666666667,12.223150333333333,77385.58,-28.080000000001746,DOWN,0.4336734693877551,0.5663265306122449,0.4336734693877551,0.5663265306122449,DOWN,0.5663265306122449,0.36,0.37,0.63,0.64,0.64,-0.0736734693877551,RAW,NO VALUE
2026-08-23T19:48:21.810212+00:00,KXBTC15M-26AUG231600-00,77413.66,3.3635035333333336,11.636496466666667,77395.87,-17.79000000000815,DOWN,0.4336734693877551,0.5663265306122449,0.4336734693877551,0.5663265306122449,DOWN,0.5663265306122449,0.43,0.44,0.56,0.57,0.57,-0.003673469387755035,RAW,NO VALUE
2026-08-23T19:48:35.413798+00:00,KXBTC15M-26AUG231600-00,77413.66,3.590229966666667,11.409770033333333,77392.86,-20.80000000000291,DOWN,0.4336734693877551,0.5663265306122449,0.4336734693877551,0.5663265306122449,DOWN,0.5663265306122449,0.43,0.44,0.56,0.57,0.57,-0.003673469387755035,RAW,NO VALUE
2026-08-23T19:49:09.256079+00:00,KXBTC15M-26AUG231600-00,77413.66,4.154267983333333,10.845732016666666,77400.85,-12.809999999997672,DOWN,0.4336734693877551,0.5663265306122449,0.4336734693877551,0.5663265306122449,DOWN,0.5663265306122449,0.48,0.49,0.51,0.52,0.52,0.0463265306122449,RAW,SMALL EDGE
2026-08-23T19:49:24.846483+00:00,KXBTC15M-26AUG231600-00,77413.66,4.414108049999999,10.585891949999999,77400.85,-12.809999999997672,DOWN,0.4336734693877551,0.5663265306122449,0.4336734693877551,0.5663265306122449,DOWN,0.5663265306122449,0.42,0.43,0.57,0.58,0.58,-0.013673469387755044,RAW,NO VALUE
2026-08-23T19:49:57.915776+00:00,KXBTC15M-26AUG231600-00,77413.66,4.965262933333333,10.034737066666667,77381.75,-31.910000000003492,DOWN,0.42857142857142855,0.5714285714285714,0.42857142857142855,0.5714285714285714,DOWN,0.5714285714285714,0.37,0.38,0.62,0.63,0.63,-0.05857142857142861,RAW,NO VALUE
2026-08-23T19:50:13.149990+00:00,KXBTC15M-26AUG231600-00,77413.66,5.2191665,9.7808335,77383.26,-30.40000000000873,DOWN,0.24060150375939848,0.7593984962406015,0.24060150375939848,0.7593984962406015,DOWN,0.7593984962406015,0.37,0.38,0.62,0.63,0.63,0.1293984962406015,LEAN,POSITIVE EDGE
2026-08-23T19:50:47.495030+00:00,KXBTC15M-26AUG231600-00,77413.66,5.791583833333333,9.208416166666666,77383.43,-30.230000000010477,DOWN,0.24060150375939848,0.7593984962406015,0.24060150375939848,0.7593984962406015,DOWN,0.7593984962406015,0.35,0.36,0.64,0.65,0.65,0.1093984962406015,LEAN,POSITIVE EDGE
2026-08-23T19:51:01.633761+00:00,KXBTC15M-26AUG231600-00,77413.66,6.02722935,8.97277065,77373.1,-40.55999999999767,DOWN,0.24060150375939848,0.7593984962406015,0.24060150375939848,0.7593984962406015,DOWN,0.7593984962406015,0.34,0.35,0.65,0.66,0.66,0.09939849624060149,LEAN,SMALL EDGE
2026-08-23T19:51:35.947025+00:00,KXBTC15M-26AUG231600-00,77413.66,6.599117083333334,8.400882916666667,77373.1,-40.55999999999767,DOWN,0.19811320754716982,0.8018867924528301,0.19811320754716982,0.8018867924528301,DOWN,0.8018867924528301,0.32,0.33,0.67,0.68,0.68,0.12188679245283007,STRONG,POSITIVE EDGE
2026-08-23T19:51:51.911171+00:00,KXBTC15M-26AUG231600-00,77413.66,6.865186183333334,8.134813816666666,77378.15,-35.51000000000931,DOWN,0.24060150375939848,0.7593984962406015,0.24060150375939848,0.7593984962406015,DOWN,0.7593984962406015,0.32,0.33,0.67,0.68,0.68,0.07939849624060147,LEAN,SMALL EDGE
2026-08-23T19:52:23.484909+00:00,KXBTC15M-26AUG231600-00,77413.66,7.39141515,7.60858485,77379.12,-34.54000000000815,DOWN,0.24060150375939848,0.7593984962406015,0.24060150375939848,0.7593984962406015,DOWN,0.7593984962406015,0.31,0.32,0.68,0.69,0.69,0.06939849624060157,LEAN,SMALL EDGE
2026-08-23T19:52:39.357042+00:00,KXBTC15M-26AUG231600-00,77413.66,7.6559507,7.3440493,77374.11,-39.55000000000291,DOWN,0.19811320754716982,0.8018867924528301,0.19811320754716982,0.8018867924528301,DOWN,0.8018867924528301,0.31,0.32,0.68,0.69,0.69,0.11188679245283017,STRONG,POSITIVE EDGE
2026-08-23T19:53:12.235767+00:00,KXBTC15M-26AUG231600-00,77413.66,8.20392945,6.79607055,77379.55,-34.11000000000058,DOWN,0.19811320754716982,0.8018867924528301,0.19811320754716982,0.8018867924528301,DOWN,0.8018867924528301,0.31,0.32,0.68,0.69,0.69,0.11188679245283017,STRONG,POSITIVE EDGE
2026-08-23T19:53:28.397152+00:00,KXBTC15M-26AUG231600-00,77413.66,8.473285866666666,6.526714133333333,77379.55,-34.11000000000058,DOWN,0.19811320754716982,0.8018867924528301,0.19811320754716982,0.8018867924528301,DOWN,0.8018867924528301,0.3,0.31,0.69,0.7,0.7,0.10188679245283017,STRONG,POSITIVE EDGE
2026-08-23T19:53:59.401987+00:00,KXBTC15M-26AUG231600-00,77413.66,8.990033116666666,6.009966883333333,77365.01,-48.65000000000873,DOWN,0.19811320754716982,0.8018867924528301,0.19811320754716982,0.8018867924528301,DOWN,0.8018867924528301,0.26,0.27,0.73,0.74,0.74,0.06188679245283013,STRONG,SMALL EDGE
2026-08-23T19:54:17.386989+00:00,KXBTC15M-26AUG231600-00,77413.66,9.28978315,5.710216849999999,77373.4,-40.26000000000931,DOWN,0.19811320754716982,0.8018867924528301,0.19811320754716982,0.8018867924528301,DOWN,0.8018867924528301,0.26,0.27,0.73,0.74,0.74,0.06188679245283013,STRONG,SMALL EDGE
2026-08-23T19:54:48.753763+00:00,KXBTC15M-26AUG231600-00,77413.66,9.812562716666667,5.187437283333334,77377.84,-35.820000000006985,DOWN,0.19811320754716982,0.8018867924528301,0.19811320754716982,0.8018867924528301,DOWN,0.8018867924528301,0.2,0.21,0.79,0.8,0.8,0.0018867924528300772,STRONG,SMALL EDGE
2026-08-23T19:55:04.701263+00:00,KXBTC15M-26AUG231600-00,77413.66,10.078354383333334,4.921645616666667,77374.21,-39.44999999999709,DOWN,0.109375,0.890625,0.109375,0.890625,DOWN,0.890625,0.2,0.21,0.79,0.8,0.8,0.09062499999999996,STRONG,SMALL EDGE
2026-08-23T19:55:37.783092+00:00,KXBTC15M-26AUG231600-00,77413.66,10.629718200000001,4.3702818,77371.62,-42.04000000000815,DOWN,0.06989247311827956,0.9301075268817205,0.06989247311827956,0.9301075268817205,DOWN,0.9301075268817205,0.17,0.18,0.82,0.83,0.83,0.10010752688172053,LOCK,POSITIVE EDGE
2026-08-23T19:55:53.282414+00:00,KXBTC15M-26AUG231600-00,77413.66,10.888040233333333,4.111959766666667,77358.83,-54.830000000001746,DOWN,0.109375,0.890625,0.109375,0.890625,DOWN,0.890625,0.17,0.18,0.82,0.83,0.83,0.06062500000000004,STRONG,SMALL EDGE
2026-08-23T19:56:26.417591+00:00,KXBTC15M-26AUG231600-00,77413.66,11.440293183333333,3.559706816666667,77341.52,-72.13999999999942,DOWN,0.06989247311827956,0.9301075268817205,0.06989247311827956,0.9301075268817205,DOWN,0.9301075268817205,0.087,0.093,0.907,0.913,0.913,0.01710752688172046,LOCK,SMALL EDGE
2026-08-23T19:56:42.240249+00:00,KXBTC15M-26AUG231600-00,77413.66,11.70400415,3.2959958499999997,77337.48,-76.18000000000757,DOWN,0.06989247311827956,0.9301075268817205,0.06989247311827956,0.9301075268817205,DOWN,0.9301075268817205,0.042,0.044,0.956,0.958,0.958,-0.02789247311827947,LOCK,NO VALUE
2026-08-23T19:57:13.945937+00:00,KXBTC15M-26AUG231600-00,77413.66,12.232432283333333,2.767567716666667,77328.27,-85.38999999999942,DOWN,0.011904761904761904,0.9880952380952381,0.011904761904761904,0.9880952380952381,DOWN,0.9880952380952381,0.019,0.021,0.979,0.981,0.981,0.007095238095238154,LOCK,SMALL EDGE
2026-08-23T19:57:31.032462+00:00,KXBTC15M-26AUG231600-00,77413.66,12.5172077,2.4827923,77322.85,-90.80999999999767,DOWN,0.0,1.0,0.0,1.0,DOWN,1.0,0.019,0.021,0.979,0.981,0.981,0.019000000000000017,LOCK,SMALL EDGE
2026-08-23T19:58:01.276726+00:00,KXBTC15M-26AUG231600-00,77413.66,13.021278766666667,1.9787212333333335,77314.03,-99.63000000000466,DOWN,0.0,1.0,0.0,1.0,DOWN,1.0,0.009,0.01,0.99,0.991,0.991,0.009000000000000008,LOCK,SMALL EDGE
2026-08-23T19:58:19.447963+00:00,KXBTC15M-26AUG231600-00,77413.66,13.324132716666666,1.6758672833333332,77355.75,-57.91000000000349,DOWN,0.011904761904761904,0.9880952380952381,0.011904761904761904,0.9880952380952381,DOWN,0.9880952380952381,0.01,0.011,0.989,0.99,0.99,-0.0019047619047618536,LOCK,NO VALUE
2026-08-23T19:58:49.428255+00:00,KXBTC15M-26AUG231600-00,77413.66,13.82380425,1.1761957500000002,77339.73,-73.93000000000757,DOWN,0.0,1.0,0.0,1.0,DOWN,1.0,0.009,0.01,0.99,0.991,0.991,0.009000000000000008,LOCK,SMALL EDGE
2026-08-23T19:59:06.908988+00:00,KXBTC15M-26AUG231600-00,77413.66,14.115149800000001,0.8848502,77336.22,-77.44000000000233,DOWN,0.0,1.0,0.0,1.0,DOWN,1.0,0.009,0.01,0.99,0.991,0.991,0.009000000000000008,LOCK,SMALL EDGE
2026-08-23T19:59:37.243856+00:00,KXBTC15M-26AUG231600-00,77413.66,14.620730933333334,0.37926906666666665,77328.27,-85.38999999999942,DOWN,0.0,1.0,0.0,1.0,DOWN,1.0,0.0,0.001,0.999,1.0,1.0,0.0,LOCK,NO VALUE
2026-08-23T19:59:55.159030+00:00,KXBTC15M-26AUG231600-00,77413.66,14.919317166666668,0.08068283333333334,77328.27,-85.38999999999942,DOWN,0.0,1.0,0.0,1.0,DOWN,1.0,0.0,0.001,0.999,1.0,1.0,0.0,LOCK,NO VALUE
2026-08-23T20:00:27.210851+00:00,KXBTC15M-26AUG231615-15,77338.44,0.4535141833333334,14.546485816666666,77314.77,-23.669999999998254,DOWN,0.4336734693877551,0.5663265306122449,0.4336734693877551,0.5663265306122449,DOWN,0.5663265306122449,0.43,0.44,0.56,0.57,0.57,-0.003673469387755035,RAW,NO VALUE
2026-08-23T20:00:44.807481+00:00,KXBTC15M-26AUG231615-15,77338.44,0.7467913500000001,14.25320865,77300.53,-37.91000000000349,DOWN,0.42857142857142855,0.5714285714285714,0.42857142857142855,0.5714285714285714,DOWN,0.5714285714285714,0.43,0.44,0.56,0.57,0.57,0.0014285714285714457,RAW,SMALL EDGE
2026-08-23T20:01:15.533433+00:00,KXBTC15M-26AUG231615-15,77338.44,1.25889055,13.741109450000002,77313.3,-25.139999999999418,DOWN,0.42857142857142855,0.5714285714285714,0.42857142857142855,0.5714285714285714,DOWN,0.5714285714285714,0.48,0.49,0.51,0.52,0.52,0.05142857142857138,RAW,SMALL EDGE
2026-08-23T20:01:34.287529+00:00,KXBTC15M-26AUG231615-15,77338.44,1.5714588166666668,13.428541183333333,77278.61,-59.830000000001746,DOWN,0.39344262295081966,0.6065573770491803,0.39344262295081966,0.6065573770491803,DOWN,0.6065573770491803,0.32,0.33,0.67,0.68,0.68,-0.07344262295081971,RAW,NO VALUE
2026-08-23T20:02:03.467267+00:00,KXBTC15M-26AUG231615-15,77338.44,2.0577877833333336,12.942212216666666,77287.78,-50.66000000000349,DOWN,0.4336734693877551,0.5663265306122449,0.4336734693877551,0.5663265306122449,DOWN,0.5663265306122449,0.32,0.33,0.67,0.68,0.68,-0.11367346938775513,RAW,NO VALUE
2026-08-23T20:02:22.903150+00:00,KXBTC15M-26AUG231615-15,77338.44,2.381719166666667,12.618280833333333,77288.21,-50.229999999995925,DOWN,0.4336734693877551,0.5663265306122449,0.4336734693877551,0.5663265306122449,DOWN,0.5663265306122449,0.35,0.36,0.64,0.65,0.65,-0.0836734693877551,RAW,NO VALUE
2026-08-23T20:02:52.898603+00:00,KXBTC15M-26AUG231615-15,77338.44,2.8816433833333335,12.118356616666667,77240.41,-98.02999999999884,DOWN,0.3652173913043478,0.6347826086956522,0.3652173913043478,0.6347826086956522,DOWN,0.6347826086956522,0.34,0.35,0.65,0.66,0.66,-0.025217391304347858,RAW,NO VALUE
2026-08-23T20:03:09.747010+00:00,KXBTC15M-26AUG231615-15,77338.44,3.1624501666666665,11.837549833333332,77198.38,-140.05999999999767,DOWN,0.19811320754716982,0.8018867924528301,0.19811320754716982,0.8018867924528301,DOWN,0.8018867924528301,0.34,0.35,0.65,0.66,0.66,0.1418867924528301,STRONG,POSITIVE EDGE
2026-08-23T20:03:43.135301+00:00,KXBTC15M-26AUG231615-15,77338.44,3.7189216833333334,11.281078316666667,77254.5,-83.94000000000233,DOWN,0.42857142857142855,0.5714285714285714,0.42857142857142855,0.5714285714285714,DOWN,0.5714285714285714,0.23,0.24,0.76,0.77,0.77,-0.19857142857142862,RAW,NO VALUE
2026-08-23T20:03:59.644732+00:00,KXBTC15M-26AUG231615-15,77338.44,3.994078866666667,11.005921133333334,77242.59,-95.85000000000582,DOWN,0.39344262295081966,0.6065573770491803,0.39344262295081966,0.6065573770491803,DOWN,0.6065573770491803,0.3,0.31,0.69,0.7,0.7,-0.09344262295081962,RAW,NO VALUE
2026-08-23T20:04:29.779461+00:00,KXBTC15M-26AUG231615-15,77338.44,4.49632435,10.50367565,77185.35,-153.0899999999965,DOWN,0.109375,0.890625,0.109375,0.890625,DOWN,0.890625,0.25,0.26,0.74,0.75,0.75,0.140625,STRONG,POSITIVE EDGE
2026-08-23T20:04:48.451773+00:00,KXBTC15M-26AUG231615-15,77338.44,4.80752955,10.19247045,77188.97,-149.47000000000116,DOWN,0.109375,0.890625,0.109375,0.890625,DOWN,0.890625,0.18,0.19,0.81,0.82,0.82,0.07062500000000005,STRONG,SMALL EDGE
2026-08-23T20:05:17.450796+00:00,KXBTC15M-26AUG231615-15,77338.44,5.2908466,9.7091534,77217.46,-120.97999999999593,DOWN,0.19811320754716982,0.8018867924528301,0.19811320754716982,0.8018867924528301,DOWN,0.8018867924528301,0.22,0.23,0.77,0.78,0.78,0.021886792452830095,STRONG,SMALL EDGE
2026-08-23T20:05:35.741930+00:00,KXBTC15M-26AUG231615-15,77338.44,5.5956988333333335,9.404301166666666,77231.83,-106.61000000000058,DOWN,0.24060150375939848,0.7593984962406015,0.24060150375939848,0.7593984962406015,DOWN,0.7593984962406015,0.22,0.23,0.77,0.78,0.78,-0.02060150375939851,LEAN,NO VALUE
2026-08-23T20:06:07.266954+00:00,KXBTC15M-26AUG231615-15,77338.44,6.1211159,8.878884099999999,77236.58,-101.86000000000058,DOWN,0.24060150375939848,0.7593984962406015,0.24060150375939848,0.7593984962406015,DOWN,0.7593984962406015,0.23,0.24,0.76,0.77,0.77,-0.0106015037593985,LEAN,NO VALUE
2026-08-23T20:06:25.151486+00:00,KXBTC15M-26AUG231615-15,77338.44,6.419191433333333,8.580808566666667,77203.77,-134.66999999999825,DOWN,0.10714285714285714,0.8928571428571429,0.10714285714285714,0.8928571428571429,DOWN,0.8928571428571429,0.16,0.17,0.83,0.84,0.84,0.052857142857142936,STRONG,SMALL EDGE
2026-08-23T20:06:55.425855+00:00,KXBTC15M-26AUG231615-15,77338.44,6.9237642500000005,8.07623575,77214.68,-123.76000000000931,DOWN,0.109375,0.890625,0.109375,0.890625,DOWN,0.890625,0.15,0.16,0.84,0.85,0.85,0.04062500000000002,STRONG,SMALL EDGE
2026-08-23T20:07:13.820984+00:00,KXBTC15M-26AUG231615-15,77338.44,7.230349733333333,7.769650266666667,77218.18,-120.26000000000931,DOWN,0.06989247311827956,0.9301075268817205,0.06989247311827956,0.9301075268817205,DOWN,0.9301075268817205,0.15,0.16,0.84,0.85,0.85,0.08010752688172051,EARLY 90%+ / NOT YET VALIDATED LOCK,SMALL EDGE
2026-08-23T20:07:43.108891+00:00,KXBTC15M-26AUG231615-15,77338.44,7.718481516666667,7.281518483333333,77237.55,-100.88999999999942,DOWN,0.109375,0.890625,0.109375,0.890625,DOWN,0.890625,0.15,0.16,0.84,0.85,0.85,0.04062500000000002,STRONG,SMALL EDGE
2026-08-23T20:08:01.670618+00:00,KXBTC15M-26AUG231615-15,77338.44,8.027843633333333,6.972156366666667,77235.92,-102.52000000000407,DOWN,0.10714285714285714,0.8928571428571429,0.10714285714285714,0.8928571428571429,DOWN,0.8928571428571429,0.15,0.16,0.84,0.85,0.85,0.04285714285714293,STRONG,SMALL EDGE
2026-08-23T20:08:31.267827+00:00,KXBTC15M-26AUG231615-15,77338.44,8.52113045,6.47886955,77249.56,-88.88000000000466,DOWN,0.109375,0.890625,0.109375,0.890625,DOWN,0.890625,0.15,0.16,0.84,0.85,0.85,0.04062500000000002,STRONG,SMALL EDGE
2026-08-23T20:08:50.023930+00:00,KXBTC15M-26AUG231615-15,77338.44,8.833732166666666,6.166267833333333,77251.26,-87.18000000000757,DOWN,0.109375,0.890625,0.109375,0.890625,DOWN,0.890625,0.15,0.16,0.84,0.85,0.85,0.04062500000000002,STRONG,SMALL EDGE
2026-08-23T20:09:19.130063+00:00,KXBTC15M-26AUG231615-15,77338.44,9.318834383333332,5.681165616666666,77253.32,-85.11999999999534,DOWN,0.10714285714285714,0.8928571428571429,0.10714285714285714,0.8928571428571429,DOWN,0.8928571428571429,0.15,0.16,0.84,0.85,0.85,0.04285714285714293,STRONG,SMALL EDGE
2026-08-23T20:09:37.961867+00:00,KXBTC15M-26AUG231615-15,77338.44,9.632697783333333,5.367302216666667,77255.16,-83.27999999999884,DOWN,0.10714285714285714,0.8928571428571429,0.10714285714285714,0.8928571428571429,DOWN,0.8928571428571429,0.15,0.16,0.84,0.85,0.85,0.04285714285714293,STRONG,SMALL EDGE
2026-08-23T20:10:07.067694+00:00,KXBTC15M-26AUG231615-15,77338.44,10.1177949,4.882205099999999,77255.15,-83.29000000000815,DOWN,0.05128205128205128,0.9487179487179487,0.05128205128205128,0.9487179487179487,DOWN,0.9487179487179487,0.14,0.15,0.85,0.86,0.86,0.08871794871794869,LOCK,SMALL EDGE
2026-08-23T20:10:27.389318+00:00,KXBTC15M-26AUG231615-15,77338.44,10.456488633333333,4.543511366666666,77265.48,-72.9600000000064,DOWN,0.109375,0.890625,0.109375,0.890625,DOWN,0.890625,0.11,0.12,0.88,0.89,0.89,0.0006249999999999867,STRONG,SMALL EDGE
2026-08-23T20:10:54.767011+00:00,KXBTC15M-26AUG231615-15,77338.44,10.912783516666668,4.087216483333333,77263.8,-74.63999999999942,DOWN,0.06989247311827956,0.9301075268817205,0.06989247311827956,0.9301075268817205,DOWN,0.9301075268817205,0.12,0.13,0.87,0.88,0.88,0.05010752688172049,LOCK,SMALL EDGE
2026-08-23T20:11:16.722874+00:00,KXBTC15M-26AUG231615-15,77338.44,11.278714566666668,3.7212854333333336,77263.8,-74.63999999999942,DOWN,0.034482758620689655,0.9655172413793104,0.034482758620689655,0.9655172413793104,DOWN,0.9655172413793104,0.12,0.13,0.87,0.88,0.88,0.08551724137931038,LOCK,SMALL EDGE
2026-08-23T20:11:42.509156+00:00,KXBTC15M-26AUG231615-15,77338.44,11.708485933333332,3.2915140666666667,77268.18,-70.26000000000931,DOWN,0.034482758620689655,0.9655172413793104,0.034482758620689655,0.9655172413793104,DOWN,0.9655172413793104,0.091,0.093,0.907,0.909,0.909,0.05651724137931036,LOCK,SMALL EDGE
2026-08-23T20:12:05.090162+00:00,KXBTC15M-26AUG231615-15,77338.44,12.084836033333334,2.915163966666667,77276.93,-61.51000000000931,DOWN,0.034482758620689655,0.9655172413793104,0.034482758620689655,0.9655172413793104,DOWN,0.9655172413793104,0.067,0.069,0.931,0.933,0.933,0.032517241379310335,LOCK,SMALL EDGE
2026-08-23T20:12:30.626249+00:00,KXBTC15M-26AUG231615-15,77338.44,12.510437483333334,2.4895625166666666,77274.79,-63.65000000000873,DOWN,0.0,1.0,0.0,1.0,DOWN,1.0,0.072,0.076,0.924,0.928,0.928,0.07199999999999995,LOCK,SMALL EDGE
2026-08-23T20:12:53.407115+00:00,KXBTC15M-26AUG231615-15,77338.44,12.890118583333333,2.1098814166666666,77271.69,-66.75,DOWN,0.0,1.0,0.0,1.0,DOWN,1.0,0.04,0.041,0.959,0.96,0.96,0.040000000000000036,LOCK,SMALL EDGE
2026-08-23T20:13:18.988935+00:00,KXBTC15M-26AUG231615-15,77338.44,13.31648225,1.68351775,77259.51,-78.93000000000757,DOWN,0.011904761904761904,0.9880952380952381,0.011904761904761904,0.9880952380952381,DOWN,0.9880952380952381,0.04,0.041,0.959,0.96,0.96,0.028095238095238173,LOCK,SMALL EDGE
2026-08-23T20:13:41.340688+00:00,KXBTC15M-26AUG231615-15,77338.44,13.689011466666667,1.3109885333333333,77252.52,-85.91999999999825,DOWN,0.011904761904761904,0.9880952380952381,0.011904761904761904,0.9880952380952381,DOWN,0.9880952380952381,0.009,0.01,0.99,0.991,0.991,-0.0029047619047618545,LOCK,NO VALUE
2026-08-23T20:14:07.180516+00:00,KXBTC15M-26AUG231615-15,77338.44,14.119675266666667,0.8803247333333334,77260.83,-77.61000000000058,DOWN,0.0,1.0,0.0,1.0,DOWN,1.0,0.001,0.002,0.998,0.999,0.999,0.0010000000000000009,LOCK,SMALL EDGE
2026-08-23T20:14:29.212296+00:00,KXBTC15M-26AUG231615-15,77338.44,14.4868716,0.5131284,77266.17,-72.27000000000407,DOWN,0.0,1.0,0.0,1.0,DOWN,1.0,0.0,0.001,0.999,1.0,1.0,0.0,LOCK,NO VALUE
2026-08-23T20:14:55.594222+00:00,KXBTC15M-26AUG231615-15,77338.44,14.926570366666665,0.07342963333333333,77266.18,-72.26000000000931,DOWN,0.0,1.0,0.0,1.0,DOWN,1.0,0.0,0.001,0.999,1.0,1.0,0.0,LOCK,NO VALUE
2026-08-23T20:15:46.857100+00:00,KXBTC15M-26AUG231630-30,77267.85,0.7809516666666667,14.219048333333335,77259.27,-8.580000000001746,DOWN,0.4336734693877551,0.5663265306122449,0.4336734693877551,0.5663265306122449,DOWN,0.5663265306122449,0.49,0.5,0.5,0.51,0.51,0.05632653061224491,RAW,SMALL EDGE
2026-08-23T20:16:04.846931+00:00,KXBTC15M-26AUG231630-30,77267.85,1.0807821833333333,13.919217816666666,77264.91,-2.9400000000023283,DOWN,0.4336734693877551,0.5663265306122449,0.4336734693877551,0.5663265306122449,DOWN,0.5663265306122449,0.49,0.5,0.5,0.51,0.51,0.05632653061224491,RAW,SMALL EDGE
2026-08-23T20:16:22.051883+00:00,KXBTC15M-26AUG231630-30,77267.85,1.3675313833333334,13.632468616666667,77270.95,3.099999999991269,UP,0.42857142857142855,0.5714285714285714,0.5714285714285714,0.42857142857142855,UP,0.5714285714285714,0.54,0.55,0.45,0.46,0.55,0.021428571428571352,RAW,SMALL EDGE
2026-08-23T20:16:53.075114+00:00,KXBTC15M-26AUG231630-30,77267.85,1.8845852333333333,13.115414766666667,77285.33,17.479999999995925,UP,0.39344262295081966,0.6065573770491803,0.6065573770491803,0.39344262295081966,UP,0.6065573770491803,0.58,0.59,0.41,0.42,0.59,0.016557377049180366,RAW,SMALL EDGE
2026-08-23T20:17:09.861597+00:00,KXBTC15M-26AUG231630-30,77267.85,2.1643599499999997,12.83564005,77295.24,27.389999999999418,UP,0.24060150375939848,0.7593984962406015,0.7593984962406015,0.24060150375939848,UP,0.7593984962406015,0.58,0.59,0.41,0.42,0.59,0.16939849624060155,LEAN,POSITIVE EDGE
2026-08-23T20:17:41.853831+00:00,KXBTC15M-26AUG231630-30,77267.85,2.6975638500000003,12.30243615,77291.94,24.089999999996508,UP,0.27388535031847133,0.7261146496815287,0.7261146496815287,0.27388535031847133,UP,0.7261146496815287,0.62,0.63,0.37,0.38,0.63,0.09611464968152872,LEAN,SMALL EDGE
2026-08-23T20:17:58.827541+00:00,KXBTC15M-26AUG231630-30,77267.85,2.9804590166666665,12.019540983333334,77286.41,18.55999999999767,UP,0.39344262295081966,0.6065573770491803,0.6065573770491803,0.39344262295081966,UP,0.6065573770491803,0.66,0.67,0.33,0.34,0.67,-0.0634426229508197,RAW,NO VALUE
2026-08-23T20:18:31.885053+00:00,KXBTC15M-26AUG231630-30,77267.85,3.53141755,11.468582450000001,77290.06,22.20999999999185,UP,0.3652173913043478,0.6347826086956522,0.6347826086956522,0.3652173913043478,UP,0.6347826086956522,0.51,0.52,0.48,0.49,0.52,0.11478260869565216,RAW,POSITIVE EDGE
2026-08-23T20:18:47.968723+00:00,KXBTC15M-26AUG231630-30,77267.85,3.799478716666667,11.200521283333334,77299.12,31.269999999989523,UP,0.109375,0.890625,0.890625,0.109375,UP,0.890625,0.51,0.52,0.48,0.49,0.52,0.370625,STRONG,LARGE EDGE / PRICE ABOVE 50c
2026-08-23T20:19:20.720842+00:00,KXBTC15M-26AUG231630-30,77267.85,4.345347366666667,10.654652633333335,77290.51,22.65999999998894,UP,0.3652173913043478,0.6347826086956522,0.6347826086956522,0.3652173913043478,UP,0.6347826086956522,0.68,0.69,0.31,0.32,0.69,-0.055217391304347774,RAW,NO VALUE
2026-08-23T20:19:35.852084+00:00,KXBTC15M-26AUG231630-30,77267.85,4.597534733333333,10.402465266666667,77293.88,26.029999999998836,UP,0.27388535031847133,0.7261146496815287,0.7261146496815287,0.27388535031847133,UP,0.7261146496815287,0.66,0.67,0.33,0.34,0.67,0.05611464968152868,LEAN,SMALL EDGE
2026-08-23T20:20:09.796107+00:00,KXBTC15M-26AUG231630-30,77267.85,5.16326845,9.83673155,77297.5,29.64999999999418,UP,0.109375,0.890625,0.890625,0.109375,UP,0.890625,0.69,0.7,0.3,0.31,0.7,0.19062500000000004,STRONG,POSITIVE EDGE
2026-08-23T20:20:24.668822+00:00,KXBTC15M-26AUG231630-30,77267.85,5.411147033333333,9.588852966666668,77305.34,37.48999999999069,UP,0.19811320754716982,0.8018867924528301,0.8018867924528301,0.19811320754716982,UP,0.8018867924528301,0.69,0.7,0.3,0.31,0.7,0.10188679245283017,STRONG,POSITIVE EDGE
2026-08-23T20:20:58.807886+00:00,KXBTC15M-26AUG231630-30,77267.85,5.980131433333333,9.019868566666666,77339.0,71.14999999999418,UP,0.109375,0.890625,0.890625,0.109375,UP,0.890625,0.75,0.76,0.24,0.25,0.76,0.130625,STRONG,POSITIVE EDGE
2026-08-23T20:21:13.254872+00:00,KXBTC15M-26AUG231630-30,77267.85,6.220914533333333,8.779085466666666,77343.86,76.00999999999476,UP,0.06989247311827956,0.9301075268817205,0.9301075268817205,0.06989247311827956,UP,0.9301075268817205,0.89,0.9,0.1,0.11,0.9,0.03010752688172047,EARLY 90%+ / NOT YET VALIDATED LOCK,SMALL EDGE
2026-08-23T20:21:48.358293+00:00,KXBTC15M-26AUG231630-30,77267.85,6.80597155,8.19402845,77346.17,78.31999999999243,UP,0.06989247311827956,0.9301075268817205,0.9301075268817205,0.06989247311827956,UP,0.9301075268817205,0.83,0.84,0.16,0.17,0.84,0.09010752688172052,EARLY 90%+ / NOT YET VALIDATED LOCK,SMALL EDGE
2026-08-23T20:22:01.712203+00:00,KXBTC15M-26AUG231630-30,77267.85,7.028536716666666,7.971463283333334,77345.18,77.3299999999872,UP,0.06989247311827956,0.9301075268817205,0.9301075268817205,0.06989247311827956,UP,0.9301075268817205,0.83,0.84,0.16,0.17,0.84,0.09010752688172052,EARLY 90%+ / NOT YET VALIDATED LOCK,SMALL EDGE
2026-08-23T20:22:38.076625+00:00,KXBTC15M-26AUG231630-30,77267.85,7.634610416666666,7.365389583333334,77347.37,79.51999999998952,UP,0.06989247311827956,0.9301075268817205,0.9301075268817205,0.06989247311827956,UP,0.9301075268817205,0.914,0.915,0.085,0.086,0.915,0.015107526881720457,EARLY 90%+ / NOT YET VALIDATED LOCK,SMALL EDGE
2026-08-23T20:22:49.904645+00:00,KXBTC15M-26AUG231630-30,77267.85,7.831744083333334,7.168255916666666,77350.55,82.69999999999709,UP,0.06989247311827956,0.9301075268817205,0.9301075268817205,0.06989247311827956,UP,0.9301075268817205,0.943,0.944,0.056,0.057,0.944,-0.013892473118279458,EARLY 90%+ / NOT YET VALIDATED LOCK,NO VALUE
2026-08-23T20:23:26.199863+00:00,KXBTC15M-26AUG231630-30,77267.85,8.436664383333333,6.5633356166666665,77340.92,73.06999999999243,UP,0.05128205128205128,0.9487179487179487,0.9487179487179487,0.05128205128205128,UP,0.9487179487179487,0.911,0.912,0.088,0.089,0.912,0.036717948717948645,90%+ LOCK CANDIDATE,SMALL EDGE
2026-08-23T20:23:38.785936+00:00,KXBTC15M-26AUG231630-30,77267.85,8.646432266666666,6.353567733333334,77348.58,80.72999999999593,UP,0.011904761904761904,0.9880952380952381,0.9880952380952381,0.011904761904761904,UP,0.9880952380952381,0.911,0.912,0.088,0.089,0.912,0.0760952380952381,90%+ LOCK CANDIDATE,SMALL EDGE
2026-08-23T20:24:15.623001+00:00,KXBTC15M-26AUG231630-30,77267.85,9.260383350000001,5.73961665,77347.37,79.51999999998952,UP,0.011904761904761904,0.9880952380952381,0.9880952380952381,0.011904761904761904,UP,0.9880952380952381,0.948,0.949,0.051,0.052,0.949,0.03909523809523818,90%+ LOCK CANDIDATE,SMALL EDGE
2026-08-23T20:24:28.253069+00:00,KXBTC15M-26AUG231630-30,77267.85,9.470884483333332,5.529115516666667,77358.82,90.97000000000116,UP,0.011904761904761904,0.9880952380952381,0.9880952380952381,0.011904761904761904,UP,0.9880952380952381,0.968,0.969,0.031,0.032,0.969,0.019095238095238165,90%+ LOCK CANDIDATE,SMALL EDGE
2026-08-23T20:25:04.546762+00:00,KXBTC15M-26AUG231630-30,77267.85,10.075779366666666,4.924220633333333,77359.63,91.77999999999884,UP,0.0,1.0,1.0,0.0,UP,1.0,0.971,0.972,0.028,0.029,0.972,0.028000000000000025,LOCK,SMALL EDGE
2026-08-23T20:25:18.052298+00:00,KXBTC15M-26AUG231630-30,77267.85,10.300871633333333,4.699128366666667,77359.63,91.77999999999884,UP,0.0,1.0,1.0,0.0,UP,1.0,0.971,0.972,0.028,0.029,0.972,0.028000000000000025,LOCK,SMALL EDGE
2026-08-23T20:25:53.487966+00:00,KXBTC15M-26AUG231630-30,77267.85,10.8914661,4.1085339,77376.43,108.5799999999872,UP,0.0,1.0,1.0,0.0,UP,1.0,0.983,0.984,0.016,0.017,0.984,0.016000000000000014,LOCK,SMALL EDGE
2026-08-23T20:26:07.100379+00:00,KXBTC15M-26AUG231630-30,77267.85,11.11833965,3.8816603499999998,77383.0,115.14999999999418,UP,0.0,1.0,1.0,0.0,UP,1.0,0.988,0.989,0.011,0.012,0.989,0.01100000000000001,LOCK,SMALL EDGE
2026-08-23T20:26:41.248161+00:00,KXBTC15M-26AUG231630-30,77267.85,11.687469349999999,3.31253065,77380.38,112.52999999999884,UP,0.0,1.0,1.0,0.0,UP,1.0,0.988,0.989,0.011,0.012,0.989,0.01100000000000001,LOCK,SMALL EDGE
2026-08-23T20:26:56.396512+00:00,KXBTC15M-26AUG231630-30,77267.85,11.939941866666667,3.0600581333333334,77380.38,112.52999999999884,UP,0.0,1.0,1.0,0.0,UP,1.0,0.992,0.994,0.006,0.008,0.994,0.006000000000000005,LOCK,SMALL EDGE
2026-08-23T20:27:29.782917+00:00,KXBTC15M-26AUG231630-30,77267.85,12.49638195,2.50361805,77392.63,124.77999999999884,UP,0.0,1.0,1.0,0.0,UP,1.0,0.992,0.993,0.007,0.008,0.993,0.007000000000000006,LOCK,SMALL EDGE
2026-08-23T20:27:45.126409+00:00,KXBTC15M-26AUG231630-30,77267.85,12.752106816666666,2.2478931833333333,77381.74,113.88999999999942,UP,0.0,1.0,1.0,0.0,UP,1.0,0.992,0.993,0.007,0.008,0.993,0.007000000000000006,LOCK,SMALL EDGE
2026-08-23T20:28:19.169534+00:00,KXBTC15M-26AUG231630-30,77267.85,13.319492233333333,1.6805077666666668,77392.63,124.77999999999884,UP,0.0,1.0,1.0,0.0,UP,1.0,0.998,0.999,0.001,0.002,0.999,0.0010000000000000009,LOCK,SMALL EDGE
2026-08-23T20:28:33.348101+00:00,KXBTC15M-26AUG231630-30,77267.85,13.555801683333334,1.4441983166666668,77392.63,124.77999999999884,UP,0.0,1.0,1.0,0.0,UP,1.0,0.998,0.999,0.001,0.002,0.999,0.0010000000000000009,LOCK,SMALL EDGE
2026-08-23T20:29:07.736401+00:00,KXBTC15M-26AUG231630-30,77267.85,14.128940016666666,0.8710599833333333,77400.16,132.30999999999767,UP,0.0,1.0,1.0,0.0,UP,1.0,0.999,1.0,0.0,0.001,1.0,0.0,LOCK,NO VALUE
2026-08-23T20:29:21.515478+00:00,KXBTC15M-26AUG231630-30,77267.85,14.3585913,0.6414086999999999,77389.39,121.5399999999936,UP,0.0,1.0,1.0,0.0,UP,1.0,0.999,1.0,0.0,0.001,1.0,0.0,LOCK,NO VALUE
2026-08-23T20:29:57.541413+00:00,KXBTC15M-26AUG231630-30,77267.85,14.959023550000001,0.040976450000000005,77374.11,106.25999999999476,UP,0.0,1.0,1.0,0.0,UP,1.0,0.999,1.0,0.0,0.001,1.0,0.0,LOCK,NO VALUE
2026-08-23T20:30:31.041296+00:00,KXBTC15M-26AUG231645-45,77387.12,0.5173549333333333,14.482645066666667,77360.75,-26.369999999995343,DOWN,0.39344262295081966,0.6065573770491803,0.39344262295081966,0.6065573770491803,DOWN,0.6065573770491803,0.44,0.45,0.55,0.56,0.56,0.04655737704918028,RAW,SMALL EDGE
2026-08-23T20:30:40.905845+00:00,KXBTC15M-26AUG231645-45,77387.12,0.6817640833333333,14.318235916666668,77377.17,-9.94999999999709,DOWN,0.4336734693877551,0.5663265306122449,0.4336734693877551,0.5663265306122449,DOWN,0.5663265306122449,0.44,0.45,0.55,0.56,0.56,0.006326530612244863,RAW,SMALL EDGE
2026-08-23T20:31:13.143095+00:00,KXBTC15M-26AUG231645-45,77387.12,1.2190515833333333,13.780948416666666,77388.21,1.0900000000110595,UP,0.42857142857142855,0.5714285714285714,0.5714285714285714,0.42857142857142855,UP,0.5714285714285714,0.45,0.46,0.54,0.55,0.46,0.11142857142857138,RAW,POSITIVE EDGE
2026-08-23T20:31:30.904869+00:00,KXBTC15M-26AUG231645-45,77387.12,1.51508115,13.484918850000001,77387.37,0.25,UP,0.4336734693877551,0.5663265306122449,0.5663265306122449,0.4336734693877551,UP,0.5663265306122449,0.48,0.49,0.51,0.52,0.49,0.07632653061224492,RAW,SMALL EDGE
2026-08-23T20:32:01.447589+00:00,KXBTC15M-26AUG231645-45,77387.12,2.0241264833333332,12.975873516666667,77400.84,13.720000000001164,UP,0.4336734693877551,0.5663265306122449,0.5663265306122449,0.4336734693877551,UP,0.5663265306122449,0.5,0.51,0.49,0.5,0.51,0.05632653061224491,RAW,SMALL EDGE
2026-08-23T20:32:19.444430+00:00,KXBTC15M-26AUG231645-45,77387.12,2.3240738333333337,12.675926166666667,77404.31,17.19000000000233,UP,0.4336734693877551,0.5663265306122449,0.5663265306122449,0.4336734693877551,UP,0.5663265306122449,0.5,0.51,0.49,0.5,0.51,0.05632653061224491,RAW,SMALL EDGE
2026-08-23T20:32:48.852056+00:00,KXBTC15M-26AUG231645-45,77387.12,2.8142009333333333,12.185799066666668,77407.15,20.029999999998836,UP,0.42857142857142855,0.5714285714285714,0.5714285714285714,0.42857142857142855,UP,0.5714285714285714,0.57,0.58,0.42,0.43,0.58,-0.008571428571428563,RAW,NO VALUE
2026-08-23T20:33:08.170059+00:00,KXBTC15M-26AUG231645-45,77387.12,3.13616765,11.86383235,77407.15,20.029999999998836,UP,0.39344262295081966,0.6065573770491803,0.6065573770491803,0.39344262295081966,UP,0.6065573770491803,0.6,0.61,0.39,0.4,0.61,-0.0034426229508196515,RAW,NO VALUE
2026-08-23T20:33:38.436563+00:00,KXBTC15M-26AUG231645-45,77387.12,3.6406093833333335,11.359390616666667,77402.54,15.419999999998254,UP,0.42857142857142855,0.5714285714285714,0.5714285714285714,0.42857142857142855,UP,0.5714285714285714,0.6,0.61,0.39,0.4,0.61,-0.03857142857142859,RAW,NO VALUE
2026-08-23T20:33:56.356871+00:00,KXBTC15M-26AUG231645-45,77387.12,3.9392811833333337,11.060718816666668,77389.9,2.779999999998836,UP,0.42857142857142855,0.5714285714285714,0.5714285714285714,0.42857142857142855,UP,0.5714285714285714,0.6,0.61,0.39,0.4,0.61,-0.03857142857142859,RAW,NO VALUE
2026-08-23T20:34:26.959609+00:00,KXBTC15M-26AUG231645-45,77387.12,4.449326816666667,10.550673183333334,77389.07,1.9500000000116415,UP,0.4336734693877551,0.5663265306122449,0.5663265306122449,0.4336734693877551,UP,0.5663265306122449,0.55,0.56,0.44,0.45,0.56,0.006326530612244863,RAW,SMALL EDGE
2026-08-23T20:34:44.717046+00:00,KXBTC15M-26AUG231645-45,77387.12,4.7452841,10.2547159,77384.87,-2.25,DOWN,0.500646729831246,0.49935327016875397,0.500646729831246,0.49935327016875397,UP,0.500646729831246,0.5,0.51,0.49,0.5,0.51,-0.00935327016875398,RAW,NO VALUE
2026-08-23T20:35:15.155674+00:00,KXBTC15M-26AUG231645-45,77387.12,5.252594566666667,9.747405433333334,77400.08,12.960000000006403,UP,0.4336734693877551,0.5663265306122449,0.5663265306122449,0.4336734693877551,UP,0.5663265306122449,0.54,0.55,0.45,0.46,0.55,0.01632653061224487,RAW,SMALL EDGE
2026-08-23T20:35:33.694667+00:00,KXBTC15M-26AUG231645-45,77387.12,5.561577783333333,9.438422216666668,77390.43,3.3099999999976717,UP,0.39344262295081966,0.6065573770491803,0.6065573770491803,0.39344262295081966,UP,0.6065573770491803,0.54,0.55,0.45,0.46,0.55,0.05655737704918029,RAW,SMALL EDGE
2026-08-23T20:36:02.545820+00:00,KXBTC15M-26AUG231645-45,77387.12,6.042430333333333,8.957569666666666,77399.08,11.960000000006403,UP,0.39344262295081966,0.6065573770491803,0.6065573770491803,0.39344262295081966,UP,0.6065573770491803,0.55,0.56,0.44,0.45,0.56,0.04655737704918028,RAW,SMALL EDGE
2026-08-23T20:36:22.638466+00:00,KXBTC15M-26AUG231645-45,77387.12,6.377307766666666,8.622692233333334,77389.01,1.889999999999418,UP,0.42857142857142855,0.5714285714285714,0.5714285714285714,0.42857142857142855,UP,0.5714285714285714,0.51,0.52,0.48,0.49,0.52,0.05142857142857138,RAW,SMALL EDGE
2026-08-23T20:36:50.596288+00:00,KXBTC15M-26AUG231645-45,77387.12,6.843271466666667,8.156728533333332,77399.22,12.10000000000582,UP,0.39344262295081966,0.6065573770491803,0.6065573770491803,0.39344262295081966,UP,0.6065573770491803,0.65,0.66,0.34,0.35,0.66,-0.053442622950819696,RAW,NO VALUE
2026-08-23T20:37:11.075653+00:00,KXBTC15M-26AUG231645-45,77387.12,7.1845942166666665,7.8154057833333335,77400.09,12.970000000001164,UP,0.27388535031847133,0.7261146496815287,0.7261146496815287,0.27388535031847133,UP,0.7261146496815287,0.61,0.62,0.38,0.39,0.62,0.10611464968152873,LEAN,POSITIVE EDGE
2026-08-23T20:37:38.511562+00:00,KXBTC15M-26AUG231645-45,77387.12,7.641859366666667,7.358140633333333,77396.44,9.320000000006985,UP,0.3652173913043478,0.6347826086956522,0.6347826086956522,0.3652173913043478,UP,0.6347826086956522,0.61,0.62,0.38,0.39,0.62,0.014782608695652177,RAW,SMALL EDGE
2026-08-23T20:37:58.907966+00:00,KXBTC15M-26AUG231645-45,77387.12,7.981799433333333,7.018200566666667,77400.09,12.970000000001164,UP,0.27388535031847133,0.7261146496815287,0.7261146496815287,0.27388535031847133,UP,0.7261146496815287,0.64,0.65,0.35,0.36,0.65,0.0761146496815287,LEAN,SMALL EDGE
2026-08-23T20:38:27.172901+00:00,KXBTC15M-26AUG231645-45,77387.12,8.452881683333334,6.547118316666666,77400.09,12.970000000001164,UP,0.24060150375939848,0.7593984962406015,0.7593984962406015,0.24060150375939848,UP,0.7593984962406015,0.66,0.67,0.33,0.34,0.67,0.08939849624060148,LEAN,SMALL EDGE
2026-08-23T20:38:47.598019+00:00,KXBTC15M-26AUG231645-45,77387.12,8.793300316666667,6.2066996833333326,77400.1,12.980000000010477,UP,0.24060150375939848,0.7593984962406015,0.7593984962406015,0.24060150375939848,UP,0.7593984962406015,0.67,0.68,0.32,0.33,0.68,0.07939849624060147,LEAN,SMALL EDGE
2026-08-23T20:39:16.233882+00:00,KXBTC15M-26AUG231645-45,77387.12,9.2705647,5.7294353000000005,77410.06,22.94000000000233,UP,0.06989247311827956,0.9301075268817205,0.9301075268817205,0.06989247311827956,UP,0.9301075268817205,0.67,0.68,0.32,0.33,0.68,0.25010752688172044,90%+ LOCK CANDIDATE,LARGE EDGE / PRICE ABOVE 50c
2026-08-23T20:39:34.855339+00:00,KXBTC15M-26AUG231645-45,77387.12,9.580922316666665,5.419077683333333,77408.95,21.830000000001746,UP,0.06989247311827956,0.9301075268817205,0.9301075268817205,0.06989247311827956,UP,0.9301075268817205,0.69,0.7,0.3,0.31,0.7,0.23010752688172054,90%+ LOCK CANDIDATE,LARGE EDGE / PRICE ABOVE 50c
2026-08-23T20:40:04.970822+00:00,KXBTC15M-26AUG231645-45,77387.12,10.082847033333334,4.9171529666666665,77411.31,24.19000000000233,UP,0.06989247311827956,0.9301075268817205,0.9301075268817205,0.06989247311827956,UP,0.9301075268817205,0.78,0.79,0.21,0.22,0.79,0.14010752688172046,LOCK,POSITIVE EDGE
2026-08-23T20:40:23.331358+00:00,KXBTC15M-26AUG231645-45,77387.12,10.388855966666666,4.611144033333333,77408.96,21.84000000001106,UP,0.06989247311827956,0.9301075268817205,0.9301075268817205,0.06989247311827956,UP,0.9301075268817205,0.78,0.79,0.21,0.22,0.79,0.14010752688172046,LOCK,POSITIVE EDGE
2026-08-23T20:40:52.626464+00:00,KXBTC15M-26AUG231645-45,77387.12,10.877107733333334,4.122892266666667,77409.25,22.130000000004657,UP,0.06989247311827956,0.9301075268817205,0.9301075268817205,0.06989247311827956,UP,0.9301075268817205,0.78,0.79,0.21,0.22,0.79,0.14010752688172046,LOCK,POSITIVE EDGE
2026-08-23T20:41:11.482761+00:00,KXBTC15M-26AUG231645-45,77387.12,11.19137935,3.80862065,77408.98,21.860000000000582,UP,0.034482758620689655,0.9655172413793104,0.9655172413793104,0.034482758620689655,UP,0.9655172413793104,0.77,0.78,0.22,0.23,0.78,0.18551724137931036,LOCK,POSITIVE EDGE
2026-08-23T20:41:40.517125+00:00,KXBTC15M-26AUG231645-45,77387.12,11.675285416666666,3.3247145833333334,77409.84,22.720000000001164,UP,0.011904761904761904,0.9880952380952381,0.9880952380952381,0.011904761904761904,UP,0.9880952380952381,0.83,0.84,0.16,0.17,0.84,0.14809523809523817,LOCK,POSITIVE EDGE
2026-08-23T20:42:00.982205+00:00,KXBTC15M-26AUG231645-45,77387.12,12.016370083333333,2.9836299166666667,77409.84,22.720000000001164,UP,0.011904761904761904,0.9880952380952381,0.9880952380952381,0.011904761904761904,UP,0.9880952380952381,0.83,0.84,0.16,0.17,0.84,0.14809523809523817,LOCK,POSITIVE EDGE
2026-08-23T20:42:28.418945+00:00,KXBTC15M-26AUG231645-45,77387.12,12.473649083333333,2.5263509166666664,77405.21,18.09000000001106,UP,0.011904761904761904,0.9880952380952381,0.9880952380952381,0.011904761904761904,UP,0.9880952380952381,0.87,0.88,0.12,0.13,0.88,0.10809523809523813,LOCK,POSITIVE EDGE
2026-08-23T20:42:48.136112+00:00,KXBTC15M-26AUG231645-45,77387.12,12.802268533333335,2.1977314666666667,77409.83,22.710000000006403,UP,0.011904761904761904,0.9880952380952381,0.9880952380952381,0.011904761904761904,UP,0.9880952380952381,0.905,0.906,0.094,0.095,0.906,0.08209523809523811,LOCK,SMALL EDGE
2026-08-23T20:43:15.715640+00:00,KXBTC15M-26AUG231645-45,77387.12,13.261927333333334,1.7380726666666668,77409.84,22.720000000001164,UP,0.0,1.0,1.0,0.0,UP,1.0,0.967,0.968,0.032,0.033,0.968,0.03200000000000003,LOCK,SMALL EDGE
2026-08-23T20:43:35.878939+00:00,KXBTC15M-26AUG231645-45,77387.12,13.597982316666666,1.4020176833333333,77409.84,22.720000000001164,UP,0.0,1.0,1.0,0.0,UP,1.0,0.967,0.968,0.032,0.033,0.968,0.03200000000000003,LOCK,SMALL EDGE
2026-08-23T20:44:04.151790+00:00,KXBTC15M-26AUG231645-45,77387.12,14.0691965,0.9308035,77419.65,32.529999999998836,UP,0.0,1.0,1.0,0.0,UP,1.0,0.992,0.994,0.006,0.008,0.994,0.006000000000000005,LOCK,SMALL EDGE
2026-08-23T20:44:24.683752+00:00,KXBTC15M-26AUG231645-45,77387.12,14.411395866666668,0.5886041333333334,77431.4,44.279999999998836,UP,0.0,1.0,1.0,0.0,UP,1.0,0.992,0.994,0.006,0.008,0.994,0.006000000000000005,LOCK,SMALL EDGE
2026-08-23T20:44:51.833370+00:00,KXBTC15M-26AUG231645-45,77387.12,14.863889499999999,0.1361105,77406.87,19.75,UP,0.034482758620689655,0.9655172413793104,0.9655172413793104,0.034482758620689655,UP,0.9655172413793104,0.999,1.0,0.0,0.001,1.0,-0.03448275862068961,LOCK,NO VALUE
2026-08-23T20:45:41.740970+00:00,KXBTC15M-26AUG231700-00,77423.6,0.6956828333333333,14.304317166666667,77399.89,-23.710000000006403,DOWN,0.42857142857142855,0.5714285714285714,0.42857142857142855,0.5714285714285714,DOWN,0.5714285714285714,0.35,0.36,0.64,0.65,0.65,-0.07857142857142863,RAW,NO VALUE
2026-08-23T20:46:01.355011+00:00,KXBTC15M-26AUG231700-00,77423.6,1.0225835166666666,13.977416483333334,77394.6,-29.0,DOWN,0.42857142857142855,0.5714285714285714,0.42857142857142855,0.5714285714285714,DOWN,0.5714285714285714,0.35,0.36,0.64,0.65,0.65,-0.07857142857142863,RAW,NO VALUE
2026-08-23T20:46:14.677272+00:00,KXBTC15M-26AUG231700-00,77423.6,1.2446212,13.755378799999999,77394.62,-28.980000000010477,DOWN,0.42857142857142855,0.5714285714285714,0.42857142857142855,0.5714285714285714,DOWN,0.5714285714285714,0.38,0.39,0.61,0.62,0.62,-0.0485714285714286,RAW,NO VALUE
2026-08-23T20:46:50.632914+00:00,KXBTC15M-26AUG231700-00,77423.6,1.8438819,13.156118099999999,77391.47,-32.13000000000466,DOWN,0.42857142857142855,0.5714285714285714,0.42857142857142855,0.5714285714285714,DOWN,0.5714285714285714,0.37,0.38,0.62,0.63,0.63,-0.05857142857142861,RAW,NO VALUE
2026-08-23T20:47:03.771132+00:00,KXBTC15M-26AUG231700-00,77423.6,2.0628522,12.9371478,77412.3,-11.30000000000291,DOWN,0.4336734693877551,0.5663265306122449,0.4336734693877551,0.5663265306122449,DOWN,0.5663265306122449,0.37,0.38,0.62,0.63,0.63,-0.06367346938775509,RAW,NO VALUE
2026-08-23T20:47:40.459805+00:00,KXBTC15M-26AUG231700-00,77423.6,2.674330083333333,12.325669916666667,77417.96,-5.639999999999418,DOWN,1.0,0.0,1.0,0.0,UP,1.0,0.45,0.46,0.54,0.55,0.46,0.54,EARLY 90%+ / NOT YET VALIDATED LOCK,IDEAL <=50c / LARGE EDGE
2026-08-23T20:47:52.373897+00:00,KXBTC15M-26AUG231700-00,77423.6,2.8728982833333334,12.127101716666665,77419.94,-3.6600000000034925,DOWN,0.8288697950438666,0.1711302049561334,0.8288697950438666,0.1711302049561334,UP,0.8288697950438666,0.45,0.46,0.54,0.55,0.46,0.3688697950438666,STRONG,IDEAL <=50c / LARGE EDGE
2026-08-23T20:48:27.660710+00:00,KXBTC15M-26AUG231700-00,77423.6,3.461011833333333,11.538988166666666,77428.03,4.429999999993015,UP,0.4336734693877551,0.5663265306122449,0.5663265306122449,0.4336734693877551,UP,0.5663265306122449,0.48,0.49,0.51,0.52,0.49,0.07632653061224492,RAW,SMALL EDGE
2026-08-23T20:48:42.205598+00:00,KXBTC15M-26AUG231700-00,77423.6,3.7034266333333337,11.296573366666667,77421.89,-1.7100000000064028,DOWN,1.0,0.0,1.0,0.0,UP,1.0,0.52,0.53,0.47,0.48,0.53,0.47,EARLY 90%+ / NOT YET VALIDATED LOCK,LARGE EDGE / PRICE ABOVE 50c
2026-08-23T20:49:15.647549+00:00,KXBTC15M-26AUG231700-00,77423.6,4.260792483333334,10.739207516666665,77422.44,-1.1600000000034925,DOWN,1.0,0.0,1.0,0.0,UP,1.0,0.46,0.47,0.53,0.54,0.47,0.53,EARLY 90%+ / NOT YET VALIDATED LOCK,IDEAL <=50c / LARGE EDGE
2026-08-23T20:49:30.353196+00:00,KXBTC15M-26AUG231700-00,77423.6,4.5058866,10.4941134,77411.89,-11.710000000006403,DOWN,0.4336734693877551,0.5663265306122449,0.4336734693877551,0.5663265306122449,DOWN,0.5663265306122449,0.43,0.44,0.56,0.57,0.57,-0.003673469387755035,RAW,NO VALUE
2026-08-23T20:50:03.361158+00:00,KXBTC15M-26AUG231700-00,77423.6,5.0560193,9.9439807,77403.12,-20.480000000010477,DOWN,0.3652173913043478,0.6347826086956522,0.3652173913043478,0.6347826086956522,DOWN,0.6347826086956522,0.37,0.38,0.62,0.63,0.63,0.0047826086956521685,RAW,SMALL EDGE
2026-08-23T20:50:19.938751+00:00,KXBTC15M-26AUG231700-00,77423.6,5.332312516666667,9.667687483333333,77403.11,-20.49000000000524,DOWN,0.3652173913043478,0.6347826086956522,0.3652173913043478,0.6347826086956522,DOWN,0.6347826086956522,0.37,0.38,0.62,0.63,0.63,0.0047826086956521685,RAW,SMALL EDGE
2026-08-23T20:50:50.111263+00:00,KXBTC15M-26AUG231700-00,77423.6,5.835187716666667,9.164812283333333,77410.3,-13.30000000000291,DOWN,0.42857142857142855,0.5714285714285714,0.42857142857142855,0.5714285714285714,DOWN,0.5714285714285714,0.34,0.35,0.65,0.66,0.66,-0.08857142857142863,RAW,NO VALUE
2026-08-23T20:51:08.372669+00:00,KXBTC15M-26AUG231700-00,77423.6,6.139544483333333,8.860455516666667,77415.61,-7.990000000005239,DOWN,0.4336734693877551,0.5663265306122449,0.4336734693877551,0.5663265306122449,DOWN,0.5663265306122449,0.34,0.35,0.65,0.66,0.66,-0.09367346938775512,RAW,NO VALUE
2026-08-23T20:51:38.779109+00:00,KXBTC15M-26AUG231700-00,77423.6,6.646318483333333,8.353681516666667,77425.52,1.9199999999982538,UP,0.4336734693877551,0.5663265306122449,0.5663265306122449,0.4336734693877551,UP,0.5663265306122449,0.41,0.42,0.58,0.59,0.42,0.14632653061224493,RAW,POSITIVE EDGE
2026-08-23T20:51:56.946675+00:00,KXBTC15M-26AUG231700-00,77423.6,6.9491112500000005,8.05088875,77425.5,1.8999999999941792,UP,0.4336734693877551,0.5663265306122449,0.5663265306122449,0.4336734693877551,UP,0.5663265306122449,0.5,0.51,0.49,0.5,0.51,0.05632653061224491,RAW,SMALL EDGE
2026-08-23T20:52:27.804727+00:00,KXBTC15M-26AUG231700-00,77423.6,7.4634121166666665,7.5365878833333335,77410.3,-13.30000000000291,DOWN,0.42857142857142855,0.5714285714285714,0.42857142857142855,0.5714285714285714,DOWN,0.5714285714285714,0.36,0.37,0.63,0.64,0.64,-0.06857142857142862,RAW,NO VALUE
2026-08-23T20:52:44.701031+00:00,KXBTC15M-26AUG231700-00,77423.6,7.745017183333333,7.254982816666667,77410.3,-13.30000000000291,DOWN,0.4090909090909091,0.5909090909090908,0.4090909090909091,0.5909090909090908,DOWN,0.5909090909090908,0.36,0.37,0.63,0.64,0.64,-0.049090909090909185,RAW,NO VALUE
2026-08-23T20:53:15.836471+00:00,KXBTC15M-26AUG231700-00,77423.6,8.263941183333333,6.736058816666667,77417.01,-6.5900000000110595,DOWN,0.4336734693877551,0.5663265306122449,0.4336734693877551,0.5663265306122449,DOWN,0.5663265306122449,0.38,0.39,0.61,0.62,0.62,-0.05367346938775508,RAW,NO VALUE
2026-08-23T20:53:32.476296+00:00,KXBTC15M-26AUG231700-00,77423.6,8.5412716,6.4587284,77397.64,-25.960000000006403,DOWN,0.24060150375939848,0.7593984962406015,0.24060150375939848,0.7593984962406015,DOWN,0.7593984962406015,0.38,0.39,0.61,0.62,0.62,0.13939849624060152,LEAN,POSITIVE EDGE
2026-08-23T20:54:03.669977+00:00,KXBTC15M-26AUG231700-00,77423.6,9.061166283333334,5.938833716666666,77405.57,-18.029999999998836,DOWN,0.27388535031847133,0.7261146496815287,0.27388535031847133,0.7261146496815287,DOWN,0.7261146496815287,0.28,0.29,0.71,0.72,0.72,0.00611464968152875,LEAN,SMALL EDGE
2026-08-23T20:54:21.566352+00:00,KXBTC15M-26AUG231700-00,77423.6,9.3594392,5.6405608,77385.57,-38.029999999998836,DOWN,0.24060150375939848,0.7593984962406015,0.24060150375939848,0.7593984962406015,DOWN,0.7593984962406015,0.28,0.29,0.71,0.72,0.72,0.039398496240601544,LEAN,SMALL EDGE
2026-08-23T20:54:52.553369+00:00,KXBTC15M-26AUG231700-00,77423.6,9.875889483333333,5.124110516666667,77388.34,-35.26000000000931,DOWN,0.24060150375939848,0.7593984962406015,0.24060150375939848,0.7593984962406015,DOWN,0.7593984962406015,0.2,0.21,0.79,0.8,0.8,-0.04060150375939853,LEAN,NO VALUE
2026-08-23T20:55:09.692873+00:00,KXBTC15M-26AUG231700-00,77423.6,10.161547883333332,4.838452116666667,77381.11,-42.49000000000524,DOWN,0.19811320754716982,0.8018867924528301,0.19811320754716982,0.8018867924528301,DOWN,0.8018867924528301,0.13,0.15,0.85,0.87,0.87,-0.06811320754716987,STRONG,NO VALUE
2026-08-23T20:55:41.304653+00:00,KXBTC15M-26AUG231700-00,77423.6,10.688410883333335,4.311589116666667,77389.38,-34.220000000001164,DOWN,0.24060150375939848,0.7593984962406015,0.24060150375939848,0.7593984962406015,DOWN,0.7593984962406015,0.13,0.14,0.86,0.87,0.87,-0.11060150375939848,LEAN,NO VALUE
2026-08-23T20:55:58.086696+00:00,KXBTC15M-26AUG231700-00,77423.6,10.968111599999999,4.031888400000001,77389.38,-34.220000000001164,DOWN,0.24060150375939848,0.7593984962406015,0.24060150375939848,0.7593984962406015,DOWN,0.7593984962406015,0.13,0.14,0.86,0.87,0.87,-0.11060150375939848,LEAN,NO VALUE
2026-08-23T20:56:29.822889+00:00,KXBTC15M-26AUG231700-00,77423.6,11.497048150000001,3.50295185,77400.86,-22.74000000000524,DOWN,0.27388535031847133,0.7261146496815287,0.27388535031847133,0.7261146496815287,DOWN,0.7261146496815287,0.15,0.16,0.84,0.85,0.85,-0.12388535031847125,LEAN,NO VALUE
2026-08-23T20:56:45.464762+00:00,KXBTC15M-26AUG231700-00,77423.6,11.757746033333332,3.2422539666666665,77397.95,-25.65000000000873,DOWN,0.27388535031847133,0.7261146496815287,0.27388535031847133,0.7261146496815287,DOWN,0.7261146496815287,0.17,0.18,0.82,0.83,0.83,-0.10388535031847124,LEAN,NO VALUE
2026-08-23T20:57:17.562454+00:00,KXBTC15M-26AUG231700-00,77423.6,12.292707566666667,2.7072924333333335,77398.74,-24.860000000000582,DOWN,0.19811320754716982,0.8018867924528301,0.19811320754716982,0.8018867924528301,DOWN,0.8018867924528301,0.16,0.17,0.83,0.84,0.84,-0.03811320754716985,STRONG,NO VALUE
2026-08-23T20:57:34.058096+00:00,KXBTC15M-26AUG231700-00,77423.6,12.567634933333332,2.4323650666666667,77398.74,-24.860000000000582,DOWN,0.06989247311827956,0.9301075268817205,0.06989247311827956,0.9301075268817205,DOWN,0.9301075268817205,0.16,0.17,0.83,0.84,0.84,0.09010752688172052,LOCK,SMALL EDGE
2026-08-23T20:58:05.185016+00:00,KXBTC15M-26AUG231700-00,77423.6,13.086416933333334,1.9135830666666667,77390.99,-32.61000000000058,DOWN,0.011904761904761904,0.9880952380952381,0.011904761904761904,0.9880952380952381,DOWN,0.9880952380952381,0.052,0.064,0.936,0.948,0.948,0.040095238095238184,LOCK,SMALL EDGE
2026-08-23T20:58:23.507036+00:00,KXBTC15M-26AUG231700-00,77423.6,13.391783933333333,1.6082160666666667,77389.39,-34.2100000000064,DOWN,0.011904761904761904,0.9880952380952381,0.011904761904761904,0.9880952380952381,DOWN,0.9880952380952381,0.052,0.064,0.936,0.948,0.948,0.040095238095238184,LOCK,SMALL EDGE
2026-08-23T20:58:52.691184+00:00,KXBTC15M-26AUG231700-00,77423.6,13.8781864,1.1218135999999999,77392.37,-31.230000000010477,DOWN,0.0,1.0,0.0,1.0,DOWN,1.0,0.004,0.006,0.994,0.996,0.996,0.0040000000000000036,LOCK,SMALL EDGE
2026-08-23T20:59:11.600208+00:00,KXBTC15M-26AUG231700-00,77423.6,14.193336799999999,0.8066631999999999,77391.14,-32.4600000000064,DOWN,0.0,1.0,0.0,1.0,DOWN,1.0,0.003,0.006,0.994,0.997,0.997,0.0030000000000000027,LOCK,SMALL EDGE
2026-08-23T20:59:41.722716+00:00,KXBTC15M-26AUG231700-00,77423.6,14.6953786,0.30462140000000004,77393.19,-30.410000000003492,DOWN,0.0,1.0,0.0,1.0,DOWN,1.0,0.0,0.001,0.999,1.0,1.0,0.0,LOCK,NO VALUE
2026-08-23T20:59:58.622163+00:00,KXBTC15M-26AUG231700-00,77423.6,14.97703605,0.02296395,77393.19,-30.410000000003492,DOWN,0.0,1.0,0.0,1.0,DOWN,1.0,0.0,0.001,0.999,1.0,1.0,0.0,LOCK,NO VALUE
2026-08-23T21:00:40.974858+00:00,KXBTC15M-26AUG231715-15,77394.94,0.6829143,14.3170857,77408.48,13.539999999993597,UP,0.39344262295081966,0.6065573770491803,0.6065573770491803,0.39344262295081966,UP,0.6065573770491803,0.59,0.6,0.4,0.41,0.6,0.006557377049180357,RAW,SMALL EDGE
2026-08-23T21:00:59.651372+00:00,KXBTC15M-26AUG231715-15,77394.94,0.9941895333333334,14.005810466666667,77437.09,42.14999999999418,UP,0.27388535031847133,0.7261146496815287,0.7261146496815287,0.27388535031847133,UP,0.7261146496815287,0.59,0.6,0.4,0.41,0.6,0.12611464968152875,LEAN,POSITIVE EDGE
2026-08-23T21:01:14.197712+00:00,KXBTC15M-26AUG231715-15,77394.94,1.2366285333333333,13.763371466666666,77446.68,51.73999999999069,UP,0.27388535031847133,0.7261146496815287,0.7261146496815287,0.27388535031847133,UP,0.7261146496815287,0.69,0.7,0.3,0.31,0.7,0.026114649681528768,LEAN,SMALL EDGE
2026-08-23T21:01:47.955910+00:00,KXBTC15M-26AUG231715-15,77394.94,1.7992651666666668,13.200734833333334,77479.82,84.88000000000466,UP,0.39344262295081966,0.6065573770491803,0.6065573770491803,0.39344262295081966,UP,0.6065573770491803,0.8,0.81,0.19,0.2,0.81,-0.20344262295081972,RAW,NO VALUE
2026-08-23T21:02:02.813893+00:00,KXBTC15M-26AUG231715-15,77394.94,2.0468982166666665,12.953101783333333,77540.86,145.91999999999825,UP,0.109375,0.890625,0.890625,0.109375,UP,0.890625,0.8,0.81,0.19,0.2,0.81,0.08062499999999995,STRONG,SMALL EDGE
2026-08-23T21:02:36.603586+00:00,KXBTC15M-26AUG231715-15,77394.94,2.6100597666666667,12.389940233333334,77564.42,169.47999999999593,UP,0.19811320754716982,0.8018867924528301,0.8018867924528301,0.19811320754716982,UP,0.8018867924528301,0.87,0.88,0.12,0.13,0.88,-0.07811320754716988,STRONG,NO VALUE
2026-08-23T21:02:51.578583+00:00,KXBTC15M-26AUG231715-15,77394.94,2.8596430500000003,12.140356950000001,77568.92,173.97999999999593,UP,0.19811320754716982,0.8018867924528301,0.8018867924528301,0.19811320754716982,UP,0.8018867924528301,0.87,0.88,0.12,0.13,0.88,-0.07811320754716988,STRONG,NO VALUE
2026-08-23T21:03:24.596316+00:00,KXBTC15M-26AUG231715-15,77394.94,3.4099386,11.5900614,77557.47,162.52999999999884,UP,0.19811320754716982,0.8018867924528301,0.8018867924528301,0.19811320754716982,UP,0.8018867924528301,0.88,0.89,0.11,0.12,0.89,-0.08811320754716989,STRONG,NO VALUE
2026-08-23T21:03:40.227836+00:00,KXBTC15M-26AUG231715-15,77394.94,3.670463933333333,11.329536066666666,77579.15,184.20999999999185,UP,0.109375,0.890625,0.890625,0.109375,UP,0.890625,0.88,0.89,0.11,0.12,0.89,0.0006249999999999867,STRONG,SMALL EDGE
2026-08-23T21:04:13.827113+00:00,KXBTC15M-26AUG231715-15,77394.94,4.230451883333333,10.769548116666666,77637.69,242.75,UP,0.011904761904761904,0.9880952380952381,0.9880952380952381,0.011904761904761904,UP,0.9880952380952381,0.907,0.91,0.09,0.093,0.91,0.0780952380952381,EARLY 90%+ / NOT YET VALIDATED LOCK,SMALL EDGE
2026-08-23T21:04:28.839047+00:00,KXBTC15M-26AUG231715-15,77394.94,4.480650783333333,10.519349216666665,77621.4,226.45999999999185,UP,0.05128205128205128,0.9487179487179487,0.9487179487179487,0.05128205128205128,UP,0.9487179487179487,0.9,0.901,0.099,0.1,0.901,0.047717948717948655,EARLY 90%+ / NOT YET VALIDATED LOCK,SMALL EDGE
2026-08-23T21:05:02.908440+00:00,KXBTC15M-26AUG231715-15,77394.94,5.048474,9.951526,77664.41,269.47000000000116,UP,0.0,1.0,1.0,0.0,UP,1.0,0.927,0.928,0.072,0.073,0.928,0.07199999999999995,EARLY 90%+ / NOT YET VALIDATED LOCK,SMALL EDGE
2026-08-23T21:05:16.655855+00:00,KXBTC15M-26AUG231715-15,77394.94,5.277597583333333,9.722402416666666,77629.07,234.13000000000466,UP,0.011904761904761904,0.9880952380952381,0.9880952380952381,0.011904761904761904,UP,0.9880952380952381,0.927,0.928,0.072,0.073,0.928,0.06009523809523809,EARLY 90%+ / NOT YET VALIDATED LOCK,SMALL EDGE
2026-08-23T21:05:50.414126+00:00,KXBTC15M-26AUG231715-15,77394.94,5.8402354333333335,9.159764566666666,77635.46,240.52000000000407,UP,0.0,1.0,1.0,0.0,UP,1.0,0.933,0.934,0.066,0.067,0.934,0.06599999999999995,EARLY 90%+ / NOT YET VALIDATED LOCK,SMALL EDGE
2026-08-23T21:06:06.010964+00:00,KXBTC15M-26AUG231715-15,77394.94,6.100182733333333,8.899817266666668,77628.48,233.5399999999936,UP,0.0,1.0,1.0,0.0,UP,1.0,0.939,0.94,0.06,0.061,0.94,0.06000000000000005,EARLY 90%+ / NOT YET VALIDATED LOCK,SMALL EDGE
2026-08-23T21:06:38.536667+00:00,KXBTC15M-26AUG231715-15,77394.94,6.642277783333333,8.357722216666666,77652.96,258.0200000000041,UP,0.0,1.0,1.0,0.0,UP,1.0,0.934,0.935,0.065,0.066,0.935,0.06499999999999995,EARLY 90%+ / NOT YET VALIDATED LOCK,SMALL EDGE
2026-08-23T21:06:54.297932+00:00,KXBTC15M-26AUG231715-15,77394.94,6.904965533333334,8.095034466666666,77667.51,272.56999999999243,UP,0.0,1.0,1.0,0.0,UP,1.0,0.934,0.935,0.065,0.066,0.935,0.06499999999999995,EARLY 90%+ / NOT YET VALIDATED LOCK,SMALL EDGE
2026-08-23T21:07:27.223331+00:00,KXBTC15M-26AUG231715-15,77394.94,7.4537221833333325,7.5462778166666675,77660.75,265.8099999999977,UP,0.0,1.0,1.0,0.0,UP,1.0,0.957,0.958,0.042,0.043,0.958,0.04200000000000004,EARLY 90%+ / NOT YET VALIDATED LOCK,SMALL EDGE
2026-08-23T21:07:42.932627+00:00,KXBTC15M-26AUG231715-15,77394.94,7.715543783333334,7.284456216666666,77644.17,249.22999999999593,UP,0.0,1.0,1.0,0.0,UP,1.0,0.959,0.96,0.04,0.041,0.96,0.040000000000000036,EARLY 90%+ / NOT YET VALIDATED LOCK,SMALL EDGE
2026-08-23T21:08:14.701636+00:00,KXBTC15M-26AUG231715-15,77394.94,8.245027266666666,6.754972733333333,77614.77,219.83000000000175,UP,0.0,1.0,1.0,0.0,UP,1.0,0.959,0.96,0.04,0.041,0.96,0.040000000000000036,90%+ LOCK CANDIDATE,SMALL EDGE
2026-08-23T21:08:32.215688+00:00,KXBTC15M-26AUG231715-15,77394.94,8.536928133333333,6.463071866666667,77609.93,214.9899999999907,UP,0.0,1.0,1.0,0.0,UP,1.0,0.954,0.955,0.045,0.046,0.955,0.04500000000000004,90%+ LOCK CANDIDATE,SMALL EDGE
2026-08-23T21:09:02.719505+00:00,KXBTC15M-26AUG231715-15,77394.94,9.045325083333333,5.954674916666666,77621.13,226.19000000000233,UP,0.0,1.0,1.0,0.0,UP,1.0,0.959,0.96,0.04,0.041,0.96,0.040000000000000036,90%+ LOCK CANDIDATE,SMALL EDGE
2026-08-23T21:09:21.294025+00:00,KXBTC15M-26AUG231715-15,77394.94,9.354900416666668,5.645099583333334,77660.61,265.66999999999825,UP,0.0,1.0,1.0,0.0,UP,1.0,0.985,0.986,0.014,0.015,0.986,0.014000000000000012,90%+ LOCK CANDIDATE,SMALL EDGE
2026-08-23T21:09:50.619670+00:00,KXBTC15M-26AUG231715-15,77394.94,9.843661166666667,5.156338833333334,77637.68,242.7399999999907,UP,0.0,1.0,1.0,0.0,UP,1.0,0.986,0.987,0.013,0.014,0.987,0.013000000000000012,90%+ LOCK CANDIDATE,SMALL EDGE
2026-08-23T21:10:10.009034+00:00,KXBTC15M-26AUG231715-15,77394.94,10.166817233333335,4.833182766666667,77649.14,254.1999999999971,UP,0.0,1.0,1.0,0.0,UP,1.0,0.986,0.987,0.013,0.014,0.987,0.013000000000000012,LOCK,SMALL EDGE
2026-08-23T21:10:39.072867+00:00,KXBTC15M-26AUG231715-15,77394.94,10.65121445,4.3487855500000006,77630.53,235.5899999999965,UP,0.0,1.0,1.0,0.0,UP,1.0,0.991,0.992,0.008,0.009,0.992,0.008000000000000007,LOCK,SMALL EDGE
2026-08-23T21:10:59.234901+00:00,KXBTC15M-26AUG231715-15,77394.94,10.98724835,4.01275165,77639.22,244.27999999999884,UP,0.0,1.0,1.0,0.0,UP,1.0,0.99,0.991,0.009,0.01,0.991,0.009000000000000008,LOCK,SMALL EDGE
2026-08-23T21:11:28.900652+00:00,KXBTC15M-26AUG231715-15,77394.94,11.481677533333334,3.5183224666666666,77625.4,230.45999999999185,UP,0.0,1.0,1.0,0.0,UP,1.0,0.99,0.991,0.009,0.01,0.991,0.009000000000000008,LOCK,SMALL EDGE
2026-08-23T21:11:46.247041+00:00,KXBTC15M-26AUG231715-15,77394.94,11.770784016666665,3.2292159833333334,77614.77,219.83000000000175,UP,0.0,1.0,1.0,0.0,UP,1.0,0.99,0.991,0.009,0.01,0.991,0.009000000000000008,LOCK,SMALL EDGE
2026-08-23T21:12:18.139355+00:00,KXBTC15M-26AUG231715-15,77394.94,12.302322583333334,2.6976774166666666,77620.86,225.91999999999825,UP,0.0,1.0,1.0,0.0,UP,1.0,0.991,0.992,0.008,0.009,0.992,0.008000000000000007,LOCK,SMALL EDGE
2026-08-23T21:12:35.327676+00:00,KXBTC15M-26AUG231715-15,77394.94,12.5887946,2.4112054,77626.22,231.27999999999884,UP,0.0,1.0,1.0,0.0,UP,1.0,0.993,0.994,0.006,0.007,0.994,0.006000000000000005,LOCK,SMALL EDGE
2026-08-23T21:13:05.651309+00:00,KXBTC15M-26AUG231715-15,77394.94,13.094188483333333,1.9058115166666667,77641.5,246.55999999999767,UP,0.0,1.0,1.0,0.0,UP,1.0,0.999,1.0,0.0,0.001,1.0,0.0,LOCK,NO VALUE
2026-08-23T21:13:24.077852+00:00,KXBTC15M-26AUG231715-15,77394.94,13.401297533333333,1.5987024666666667,77639.21,244.27000000000407,UP,0.0,1.0,1.0,0.0,UP,1.0,0.999,1.0,0.0,0.001,1.0,0.0,LOCK,NO VALUE
2026-08-23T21:13:54.686899+00:00,KXBTC15M-26AUG231715-15,77394.94,13.911448316666668,1.0885516833333333,77681.95,287.00999999999476,UP,0.0,1.0,1.0,0.0,UP,1.0,0.999,1.0,0.0,0.001,1.0,0.0,LOCK,NO VALUE
2026-08-23T21:14:12.703887+00:00,KXBTC15M-26AUG231715-15,77394.94,14.21173145,0.78826855,77674.29,279.34999999999127,UP,0.0,1.0,1.0,0.0,UP,1.0,0.999,1.0,0.0,0.001,1.0,0.0,LOCK,NO VALUE
2026-08-23T21:14:43.227626+00:00,KXBTC15M-26AUG231715-15,77394.94,14.720460433333333,0.27953956666666663,77687.33,292.3899999999994,UP,0.0,1.0,1.0,0.0,UP,1.0,0.999,1.0,0.0,0.001,1.0,0.0,LOCK,NO VALUE
2026-08-23T21:15:29.406630+00:00,KXBTC15M-26AUG231730-30,77677.54,0.4901105,14.509889500000002,77728.79,51.25,UP,0.4336734693877551,0.5663265306122449,0.5663265306122449,0.4336734693877551,UP,0.5663265306122449,0.64,0.65,0.35,0.36,0.65,-0.0836734693877551,RAW,NO VALUE
2026-08-23T21:15:50.319827+00:00,KXBTC15M-26AUG231730-30,77677.54,0.8386637833333332,14.161336216666665,77738.04,60.5,UP,0.4336734693877551,0.5663265306122449,0.5663265306122449,0.4336734693877551,UP,0.5663265306122449,0.64,0.65,0.35,0.36,0.65,-0.0836734693877551,RAW,NO VALUE
2026-08-23T21:16:02.213047+00:00,KXBTC15M-26AUG231730-30,77677.54,1.0368841166666667,13.963115883333334,77742.42,64.88000000000466,UP,0.4336734693877551,0.5663265306122449,0.5663265306122449,0.4336734693877551,UP,0.5663265306122449,0.63,0.64,0.36,0.37,0.64,-0.0736734693877551,RAW,NO VALUE
2026-08-23T21:16:39.000776+00:00,KXBTC15M-26AUG231730-30,77677.54,1.6500129333333333,13.349987066666667,77908.11,230.57000000000698,UP,0.19811320754716982,0.8018867924528301,0.8018867924528301,0.19811320754716982,UP,0.8018867924528301,0.82,0.83,0.17,0.18,0.83,-0.02811320754716984,STRONG,NO VALUE
2026-08-23T21:16:51.024465+00:00,KXBTC15M-26AUG231730-30,77677.54,1.85040775,13.149592250000001,77849.57,172.0300000000134,UP,0.27388535031847133,0.7261146496815287,0.7261146496815287,0.27388535031847133,UP,0.7261146496815287,0.82,0.83,0.17,0.18,0.83,-0.10388535031847124,LEAN,NO VALUE
2026-08-23T21:17:28.155215+00:00,KXBTC15M-26AUG231730-30,77677.54,2.4692535833333333,12.530746416666666,77905.32,227.7800000000134,UP,0.109375,0.890625,0.890625,0.109375,UP,0.890625,0.85,0.86,0.14,0.15,0.86,0.030625000000000013,STRONG,SMALL EDGE
2026-08-23T21:17:40.266987+00:00,KXBTC15M-26AUG231730-30,77677.54,2.67111645,12.32888355,77912.98,235.44000000000233,UP,0.10714285714285714,0.8928571428571429,0.8928571428571429,0.10714285714285714,UP,0.8928571428571429,0.85,0.86,0.14,0.15,0.86,0.03285714285714292,STRONG,SMALL EDGE
2026-08-23T21:18:16.077787+00:00,KXBTC15M-26AUG231730-30,77677.54,3.2679631166666665,11.732036883333334,77922.41,244.8700000000099,UP,0.05128205128205128,0.9487179487179487,0.9487179487179487,0.05128205128205128,UP,0.9487179487179487,0.87,0.88,0.12,0.13,0.88,0.06871794871794867,EARLY 90%+ / NOT YET VALIDATED LOCK,SMALL EDGE
2026-08-23T21:18:29.319420+00:00,KXBTC15M-26AUG231730-30,77677.54,3.4886570000000003,11.511343,77944.34,266.8000000000029,UP,0.011904761904761904,0.9880952380952381,0.9880952380952381,0.011904761904761904,UP,0.9880952380952381,0.929,0.93,0.07,0.071,0.93,0.05809523809523809,EARLY 90%+ / NOT YET VALIDATED LOCK,SMALL EDGE
2026-08-23T21:19:03.031589+00:00,KXBTC15M-26AUG231730-30,77677.54,4.050526483333333,10.949473516666666,77972.54,295.0,UP,0.0,1.0,1.0,0.0,UP,1.0,0.929,0.93,0.07,0.071,0.93,0.06999999999999995,EARLY 90%+ / NOT YET VALIDATED LOCK,SMALL EDGE
2026-08-23T21:19:18.372999+00:00,KXBTC15M-26AUG231730-30,77677.54,4.30621665,10.693783349999999,77951.97,274.43000000000757,UP,0.0,1.0,1.0,0.0,UP,1.0,0.936,0.937,0.063,0.064,0.937,0.06299999999999994,EARLY 90%+ / NOT YET VALIDATED LOCK,SMALL EDGE
2026-08-23T21:19:51.382324+00:00,KXBTC15M-26AUG231730-30,77677.54,4.856372066666666,10.143627933333333,77947.12,269.58000000000175,UP,0.0,1.0,1.0,0.0,UP,1.0,0.924,0.925,0.075,0.076,0.925,0.07499999999999996,EARLY 90%+ / NOT YET VALIDATED LOCK,SMALL EDGE
2026-08-23T21:20:06.388952+00:00,KXBTC15M-26AUG231730-30,77677.54,5.106482533333334,9.893517466666667,77965.82,288.2800000000134,UP,0.0,1.0,1.0,0.0,UP,1.0,0.924,0.925,0.075,0.076,0.925,0.07499999999999996,EARLY 90%+ / NOT YET VALIDATED LOCK,SMALL EDGE
2026-08-23T21:20:40.604079+00:00,KXBTC15M-26AUG231730-30,77677.54,5.67673465,9.323265350000002,77984.28,306.74000000000524,UP,0.0,1.0,1.0,0.0,UP,1.0,0.946,0.947,0.053,0.054,0.947,0.05300000000000005,EARLY 90%+ / NOT YET VALIDATED LOCK,SMALL EDGE
2026-08-23T21:20:54.828077+00:00,KXBTC15M-26AUG231730-30,77677.54,5.913801283333333,9.086198716666667,77995.0,317.4600000000064,UP,0.0,1.0,1.0,0.0,UP,1.0,0.964,0.965,0.035,0.036,0.965,0.03500000000000003,EARLY 90%+ / NOT YET VALIDATED LOCK,SMALL EDGE
2026-08-23T21:21:28.297246+00:00,KXBTC15M-26AUG231730-30,77677.54,6.471620766666666,8.528379233333334,77979.89,302.3500000000058,UP,0.0,1.0,1.0,0.0,UP,1.0,0.97,0.971,0.029,0.03,0.971,0.029000000000000026,EARLY 90%+ / NOT YET VALIDATED LOCK,SMALL EDGE
2026-08-23T21:21:42.786032+00:00,KXBTC15M-26AUG231730-30,77677.54,6.713100533333333,8.286899466666666,77941.46,263.9200000000128,UP,0.0,1.0,1.0,0.0,UP,1.0,0.97,0.971,0.029,0.03,0.971,0.029000000000000026,EARLY 90%+ / NOT YET VALIDATED LOCK,SMALL EDGE
2026-08-23T21:22:16.926369+00:00,KXBTC15M-26AUG231730-30,77677.54,7.282106150000001,7.717893849999999,77984.37,306.83000000000175,UP,0.0,1.0,1.0,0.0,UP,1.0,0.962,0.964,0.036,0.038,0.964,0.03600000000000003,EARLY 90%+ / NOT YET VALIDATED LOCK,SMALL EDGE
2026-08-23T21:22:32.498112+00:00,KXBTC15M-26AUG231730-30,77677.54,7.5416352,7.4583648,77969.08,291.54000000000815,UP,0.0,1.0,1.0,0.0,UP,1.0,0.974,0.975,0.025,0.026,0.975,0.025000000000000022,EARLY 90%+ / NOT YET VALIDATED LOCK,SMALL EDGE
2026-08-23T21:23:05.513628+00:00,KXBTC15M-26AUG231730-30,77677.54,8.0918938,6.908106200000001,77913.26,235.72000000000116,UP,0.0,1.0,1.0,0.0,UP,1.0,0.973,0.974,0.026,0.027,0.974,0.026000000000000023,90%+ LOCK CANDIDATE,SMALL EDGE
2026-08-23T21:23:21.476689+00:00,KXBTC15M-26AUG231730-30,77677.54,8.357944816666667,6.642055183333333,77940.33,262.79000000000815,UP,0.0,1.0,1.0,0.0,UP,1.0,0.973,0.974,0.026,0.027,0.974,0.026000000000000023,90%+ LOCK CANDIDATE,SMALL EDGE
2026-08-23T21:23:53.776739+00:00,KXBTC15M-26AUG231730-30,77677.54,8.896278983333334,6.103721016666666,77971.13,293.59000000001106,UP,0.0,1.0,1.0,0.0,UP,1.0,0.972,0.973,0.027,0.028,0.973,0.027000000000000024,90%+ LOCK CANDIDATE,SMALL EDGE
2026-08-23T21:24:10.498298+00:00,KXBTC15M-26AUG231730-30,77677.54,9.174971633333334,5.825028366666667,77930.35,252.81000000001222,UP,0.0,1.0,1.0,0.0,UP,1.0,0.969,0.97,0.03,0.031,0.97,0.030000000000000027,90%+ LOCK CANDIDATE,SMALL EDGE
2026-08-23T21:24:42.389636+00:00,KXBTC15M-26AUG231730-30,77677.54,9.706493933333332,5.293506066666667,77905.6,228.06000000001222,UP,0.0,1.0,1.0,0.0,UP,1.0,0.972,0.973,0.027,0.028,0.973,0.027000000000000024,90%+ LOCK CANDIDATE,SMALL EDGE
2026-08-23T21:24:59.742079+00:00,KXBTC15M-26AUG231730-30,77677.54,9.995701316666667,5.004298683333333,77905.6,228.06000000001222,UP,0.0,1.0,1.0,0.0,UP,1.0,0.972,0.973,0.027,0.028,0.973,0.027000000000000024,90%+ LOCK CANDIDATE,SMALL EDGE
2026-08-23T21:25:30.948011+00:00,KXBTC15M-26AUG231730-30,77677.54,10.515800183333333,4.484199816666666,77879.31,201.77000000000407,UP,0.0,1.0,1.0,0.0,UP,1.0,0.978,0.979,0.021,0.022,0.979,0.02100000000000002,LOCK,SMALL EDGE
2026-08-23T21:25:47.882629+00:00,KXBTC15M-26AUG231730-30,77677.54,10.798043816666667,4.201956183333333,77890.86,213.32000000000698,UP,0.0,1.0,1.0,0.0,UP,1.0,0.978,0.979,0.021,0.022,0.979,0.02100000000000002,LOCK,SMALL EDGE
2026-08-23T21:26:17.362441+00:00,KXBTC15M-26AUG231730-30,77677.54,11.289374016666667,3.7106259833333337,77898.27,220.73000000001048,UP,0.0,1.0,1.0,0.0,UP,1.0,0.98,0.981,0.019,0.02,0.981,0.019000000000000017,LOCK,SMALL EDGE
2026-08-23T21:26:36.805427+00:00,KXBTC15M-26AUG231730-30,77677.54,11.613423783333333,3.3865762166666666,77963.09,285.5500000000029,UP,0.0,1.0,1.0,0.0,UP,1.0,0.987,0.988,0.012,0.013,0.988,0.01200000000000001,LOCK,SMALL EDGE
2026-08-23T21:27:04.912180+00:00,KXBTC15M-26AUG231730-30,77677.54,12.081869666666668,2.918130333333333,77981.48,303.9400000000023,UP,0.0,1.0,1.0,0.0,UP,1.0,0.997,0.998,0.002,0.003,0.998,0.0020000000000000018,LOCK,SMALL EDGE
2026-08-23T21:27:26.090320+00:00,KXBTC15M-26AUG231730-30,77677.54,12.434838666666668,2.5651613333333336,77939.65,262.1100000000006,UP,0.0,1.0,1.0,0.0,UP,1.0,0.997,0.998,0.002,0.003,0.998,0.0020000000000000018,LOCK,SMALL EDGE
2026-08-23T21:27:53.332606+00:00,KXBTC15M-26AUG231730-30,77677.54,12.888876766666668,2.111123233333333,77917.43,239.88999999999942,UP,0.0,1.0,1.0,0.0,UP,1.0,0.998,0.999,0.001,0.002,0.999,0.0010000000000000009,LOCK,SMALL EDGE
2026-08-23T21:28:14.111249+00:00,KXBTC15M-26AUG231730-30,77677.54,13.235187483333334,1.7648125166666666,77968.84,291.3000000000029,UP,0.0,1.0,1.0,0.0,UP,1.0,0.998,0.999,0.001,0.002,0.999,0.0010000000000000009,LOCK,SMALL EDGE
2026-08-23T21:28:41.467715+00:00,KXBTC15M-26AUG231730-30,77677.54,13.691128583333333,1.3088714166666666,77998.29,320.75,UP,0.0,1.0,1.0,0.0,UP,1.0,0.999,1.0,0.0,0.001,1.0,0.0,LOCK,NO VALUE
2026-08-23T21:29:01.279669+00:00,KXBTC15M-26AUG231730-30,77677.54,14.021327816666666,0.9786721833333334,77978.37,300.83000000000175,UP,0.0,1.0,1.0,0.0,UP,1.0,0.999,1.0,0.0,0.001,1.0,0.0,LOCK,NO VALUE
2026-08-23T21:29:30.290532+00:00,KXBTC15M-26AUG231730-30,77677.54,14.5048422,0.49515780000000004,78011.38,333.84000000001106,UP,0.0,1.0,1.0,0.0,UP,1.0,0.999,1.0,0.0,0.001,1.0,0.0,LOCK,NO VALUE
2026-08-23T21:29:49.146721+00:00,KXBTC15M-26AUG231730-30,77677.54,14.819112016666667,0.18088798333333334,78023.14,345.6000000000058,UP,0.0,1.0,1.0,0.0,UP,1.0,0.999,1.0,0.0,0.001,1.0,0.0,LOCK,NO VALUE
2026-08-23T21:30:46.578577+00:00,KXBTC15M-26AUG231745-45,78013.52,0.7763096166666668,14.223690383333333,77975.03,-38.49000000000524,DOWN,0.4336734693877551,0.5663265306122449,0.4336734693877551,0.5663265306122449,DOWN,0.5663265306122449,0.42,0.43,0.57,0.58,0.58,-0.013673469387755044,RAW,NO VALUE
2026-08-23T21:31:00.962720+00:00,KXBTC15M-26AUG231745-45,78013.52,1.0160453333333332,13.983954666666667,77989.17,-24.35000000000582,DOWN,0.4336734693877551,0.5663265306122449,0.4336734693877551,0.5663265306122449,DOWN,0.5663265306122449,0.42,0.43,0.57,0.58,0.58,-0.013673469387755044,RAW,NO VALUE
2026-08-23T21:31:23.682934+00:00,KXBTC15M-26AUG231745-45,78013.52,1.3947155666666666,13.605284433333333,77976.82,-36.69999999999709,DOWN,0.4336734693877551,0.5663265306122449,0.4336734693877551,0.5663265306122449,DOWN,0.5663265306122449,0.43,0.44,0.56,0.57,0.57,-0.003673469387755035,RAW,NO VALUE
2026-08-23T21:31:47.828890+00:00,KXBTC15M-26AUG231745-45,78013.52,1.7971481666666667,13.202851833333334,77955.75,-57.770000000004075,DOWN,0.4336734693877551,0.5663265306122449,0.4336734693877551,0.5663265306122449,DOWN,0.5663265306122449,0.36,0.37,0.63,0.64,0.64,-0.0736734693877551,RAW,NO VALUE
2026-08-23T21:32:11.245314+00:00,KXBTC15M-26AUG231745-45,78013.52,2.1874219,12.8125781,78009.65,-3.8700000000098953,DOWN,0.4336734693877551,0.5663265306122449,0.4336734693877551,0.5663265306122449,DOWN,0.5663265306122449,0.36,0.37,0.63,0.64,0.64,-0.0736734693877551,RAW,NO VALUE
2026-08-23T21:32:35.553807+00:00,KXBTC15M-26AUG231745-45,78013.52,2.59256345,12.40743655,78008.01,-5.510000000009313,DOWN,1.0,0.0,1.0,0.0,UP,1.0,0.47,0.48,0.52,0.53,0.48,0.52,EARLY 90%+ / NOT YET VALIDATED LOCK,IDEAL <=50c / LARGE EDGE
2026-08-23T21:32:58.685945+00:00,KXBTC15M-26AUG231745-45,78013.52,2.9780990833333334,12.021900916666668,78003.52,-10.0,DOWN,0.4336734693877551,0.5663265306122449,0.4336734693877551,0.5663265306122449,DOWN,0.5663265306122449,0.47,0.48,0.52,0.53,0.53,0.03632653061224489,RAW,SMALL EDGE
2026-08-23T21:33:23.231343+00:00,KXBTC15M-26AUG231745-45,78013.52,3.3871890500000004,11.61281095,78011.82,-1.6999999999970896,DOWN,1.0,0.0,1.0,0.0,UP,1.0,0.52,0.53,0.47,0.48,0.53,0.47,EARLY 90%+ / NOT YET VALIDATED LOCK,LARGE EDGE / PRICE ABOVE 50c
2026-08-23T21:33:46.814383+00:00,KXBTC15M-26AUG231745-45,78013.52,3.7802397166666664,11.219760283333333,78022.5,8.979999999995925,UP,0.4336734693877551,0.5663265306122449,0.5663265306122449,0.4336734693877551,UP,0.5663265306122449,0.51,0.52,0.48,0.49,0.52,0.0463265306122449,RAW,SMALL EDGE
2026-08-23T21:34:10.633187+00:00,KXBTC15M-26AUG231745-45,78013.52,4.177219783333333,10.822780216666667,78023.5,9.979999999995925,UP,0.4336734693877551,0.5663265306122449,0.5663265306122449,0.4336734693877551,UP,0.5663265306122449,0.49,0.5,0.5,0.51,0.5,0.06632653061224492,RAW,SMALL EDGE
2026-08-23T21:34:35.531428+00:00,KXBTC15M-26AUG231745-45,78013.52,4.592190466666667,10.407809533333333,77995.7,-17.820000000006985,DOWN,0.4336734693877551,0.5663265306122449,0.4336734693877551,0.5663265306122449,DOWN,0.5663265306122449,0.48,0.49,0.51,0.52,0.52,0.0463265306122449,RAW,SMALL EDGE
2026-08-23T21:34:58.456585+00:00,KXBTC15M-26AUG231745-45,78013.52,4.974276416666667,10.025723583333333,77947.11,-66.41000000000349,DOWN,0.39344262295081966,0.6065573770491803,0.39344262295081966,0.6065573770491803,DOWN,0.6065573770491803,0.48,0.49,0.51,0.52,0.52,0.08655737704918032,RAW,SMALL EDGE
2026-08-23T21:35:23.308854+00:00,KXBTC15M-26AUG231745-45,78013.52,5.3884809,9.6115191,77847.79,-165.73000000001048,DOWN,0.19811320754716982,0.8018867924528301,0.19811320754716982,0.8018867924528301,DOWN,0.8018867924528301,0.33,0.34,0.66,0.67,0.67,0.13188679245283008,STRONG,POSITIVE EDGE
2026-08-23T21:35:45.762272+00:00,KXBTC15M-26AUG231745-45,78013.52,5.762704533333333,9.237295466666666,77803.88,-209.63999999999942,DOWN,0.06989247311827956,0.9301075268817205,0.06989247311827956,0.9301075268817205,DOWN,0.9301075268817205,0.17,0.18,0.82,0.83,0.83,0.10010752688172053,EARLY 90%+ / NOT YET VALIDATED LOCK,POSITIVE EDGE
2026-08-23T21:36:12.032243+00:00,KXBTC15M-26AUG231745-45,78013.52,6.200537383333333,8.799462616666666,77779.02,-234.5,DOWN,0.10714285714285714,0.8928571428571429,0.10714285714285714,0.8928571428571429,DOWN,0.8928571428571429,0.1,0.11,0.89,0.9,0.9,-0.0071428571428571175,STRONG,NO VALUE
2026-08-23T21:36:34.089539+00:00,KXBTC15M-26AUG231745-45,78013.52,6.568158983333333,8.431841016666667,77832.79,-180.73000000001048,DOWN,0.24060150375939848,0.7593984962406015,0.24060150375939848,0.7593984962406015,DOWN,0.7593984962406015,0.1,0.11,0.89,0.9,0.9,-0.1406015037593985,LEAN,NO VALUE
2026-08-23T21:36:58.963629+00:00,KXBTC15M-26AUG231745-45,78013.52,6.9827271500000005,8.01727285,77832.5,-181.02000000000407,DOWN,0.24060150375939848,0.7593984962406015,0.24060150375939848,0.7593984962406015,DOWN,0.7593984962406015,0.11,0.12,0.88,0.89,0.89,-0.1306015037593985,LEAN,NO VALUE
2026-08-23T21:37:21.814520+00:00,KXBTC15M-26AUG231745-45,78013.52,7.363575333333333,7.636424666666667,77840.14,-173.38000000000466,DOWN,0.24060150375939848,0.7593984962406015,0.24060150375939848,0.7593984962406015,DOWN,0.7593984962406015,0.11,0.12,0.88,0.89,0.89,-0.1306015037593985,LEAN,NO VALUE
2026-08-23T21:37:46.737645+00:00,KXBTC15M-26AUG231745-45,78013.52,7.7789607499999995,7.2210392500000005,77774.1,-239.41999999999825,DOWN,0.10714285714285714,0.8928571428571429,0.10714285714285714,0.8928571428571429,DOWN,0.8928571428571429,0.086,0.089,0.911,0.914,0.914,-0.02114285714285713,STRONG,NO VALUE
2026-08-23T21:38:09.176517+00:00,KXBTC15M-26AUG231745-45,78013.52,8.15294195,6.84705805,77727.53,-285.99000000000524,DOWN,0.06989247311827956,0.9301075268817205,0.06989247311827956,0.9301075268817205,DOWN,0.9301075268817205,0.056,0.057,0.943,0.944,0.944,-0.013892473118279458,90%+ LOCK CANDIDATE,NO VALUE
2026-08-23T21:38:35.059023+00:00,KXBTC15M-26AUG231745-45,78013.52,8.584317050000001,6.41568295,77748.46,-265.0599999999977,DOWN,0.06989247311827956,0.9301075268817205,0.06989247311827956,0.9301075268817205,DOWN,0.9301075268817205,0.028,0.033,0.967,0.972,0.972,-0.04189247311827948,90%+ LOCK CANDIDATE,NO VALUE
2026-08-23T21:38:57.288629+00:00,KXBTC15M-26AUG231745-45,78013.52,8.954810483333334,6.0451895166666665,77763.32,-250.1999999999971,DOWN,0.06989247311827956,0.9301075268817205,0.06989247311827956,0.9301075268817205,DOWN,0.9301075268817205,0.028,0.033,0.967,0.972,0.972,-0.04189247311827948,90%+ LOCK CANDIDATE,NO VALUE
2026-08-23T21:39:23.522365+00:00,KXBTC15M-26AUG231745-45,78013.52,9.392039416666668,5.607960583333334,77610.0,-403.5200000000041,DOWN,0.06989247311827956,0.9301075268817205,0.06989247311827956,0.9301075268817205,DOWN,0.9301075268817205,0.02,0.021,0.979,0.98,0.98,-0.04989247311827949,90%+ LOCK CANDIDATE,NO VALUE
2026-08-23T21:39:44.894764+00:00,KXBTC15M-26AUG231745-45,78013.52,9.748246066666667,5.251753933333333,77702.61,-310.9100000000035,DOWN,0.06989247311827956,0.9301075268817205,0.06989247311827956,0.9301075268817205,DOWN,0.9301075268817205,0.015,0.016,0.984,0.985,0.985,-0.054892473118279494,90%+ LOCK CANDIDATE,NO VALUE
2026-08-23T21:40:12.197020+00:00,KXBTC15M-26AUG231745-45,78013.52,10.203283666666666,4.796716333333333,77649.14,-364.38000000000466,DOWN,0.011904761904761904,0.9880952380952381,0.011904761904761904,0.9880952380952381,DOWN,0.9880952380952381,0.013,0.015,0.985,0.987,0.987,0.001095238095238149,LOCK,SMALL EDGE
2026-08-23T21:40:32.873781+00:00,KXBTC15M-26AUG231745-45,78013.52,10.54789635,4.45210365,77631.64,-381.88000000000466,DOWN,0.011904761904761904,0.9880952380952381,0.011904761904761904,0.9880952380952381,DOWN,0.9880952380952381,0.013,0.015,0.985,0.987,0.987,0.001095238095238149,LOCK,SMALL EDGE
2026-08-23T21:41:00.224423+00:00,KXBTC15M-26AUG231745-45,78013.52,11.003740383333334,3.996259616666667,77628.67,-384.8500000000058,DOWN,0.011904761904761904,0.9880952380952381,0.011904761904761904,0.9880952380952381,DOWN,0.9880952380952381,0.01,0.011,0.989,0.99,0.99,-0.0019047619047618536,LOCK,NO VALUE
2026-08-23T21:41:21.153055+00:00,KXBTC15M-26AUG231745-45,78013.52,11.352550916666667,3.6474490833333335,77577.55,-435.97000000000116,DOWN,0.034482758620689655,0.9655172413793104,0.034482758620689655,0.9655172413793104,DOWN,0.9655172413793104,0.007,0.008,0.992,0.993,0.993,-0.027482758620689607,LOCK,NO VALUE
2026-08-23T21:41:49.911211+00:00,KXBTC15M-26AUG231745-45,78013.52,11.831853516666666,3.168146483333333,77614.77,-398.75,DOWN,0.011904761904761904,0.9880952380952381,0.011904761904761904,0.9880952380952381,DOWN,0.9880952380952381,0.003,0.004,0.996,0.997,0.997,-0.00890476190476186,LOCK,NO VALUE
2026-08-23T21:42:11.591915+00:00,KXBTC15M-26AUG231745-45,78013.52,12.193198583333333,2.8068014166666666,77624.36,-389.1600000000035,DOWN,0.011548237383305784,0.9884517626166942,0.011548237383305784,0.9884517626166942,DOWN,0.9884517626166942,0.001,0.002,0.998,0.999,0.999,-0.010548237383305792,LOCK,NO VALUE
2026-08-23T21:42:37.772337+00:00,KXBTC15M-26AUG231745-45,78013.52,12.62953895,2.3704610500000003,77623.14,-390.38000000000466,DOWN,0.0,1.0,0.0,1.0,DOWN,1.0,0.001,0.002,0.998,0.999,0.999,0.0010000000000000009,LOCK,SMALL EDGE
2026-08-23T21:42:59.316379+00:00,KXBTC15M-26AUG231745-45,78013.52,12.988606316666667,2.0113936833333335,77610.97,-402.5500000000029,DOWN,0.011904761904761904,0.9880952380952381,0.011904761904761904,0.9880952380952381,DOWN,0.9880952380952381,0.0,0.001,0.999,1.0,1.0,-0.011904761904761862,LOCK,NO VALUE
2026-08-23T21:43:26.935165+00:00,KXBTC15M-26AUG231745-45,78013.52,13.448919416666666,1.5510805833333334,77596.68,-416.84000000001106,DOWN,0.0,1.0,0.0,1.0,DOWN,1.0,0.0,0.001,0.999,1.0,1.0,0.0,LOCK,NO VALUE
2026-08-23T21:43:47.698589+00:00,KXBTC15M-26AUG231745-45,78013.52,13.794976483333333,1.2050235166666667,77576.57,-436.9499999999971,DOWN,0.0,1.0,0.0,1.0,DOWN,1.0,0.0,0.001,0.999,1.0,1.0,0.0,LOCK,NO VALUE
2026-08-23T21:44:15.696433+00:00,KXBTC15M-26AUG231745-45,78013.52,14.261607216666667,0.7383927833333334,77607.12,-406.40000000000873,DOWN,0.0,1.0,0.0,1.0,DOWN,1.0,0.0,0.001,0.999,1.0,1.0,0.0,LOCK,NO VALUE
2026-08-23T21:44:35.432318+00:00,KXBTC15M-26AUG231745-45,78013.52,14.590538633333333,0.4094613666666667,77614.76,-398.7600000000093,DOWN,0.0,1.0,0.0,1.0,DOWN,1.0,0.0,0.001,0.999,1.0,1.0,0.0,LOCK,NO VALUE
2026-08-23T21:45:32.082613+00:00,KXBTC15M-26AUG231800-00,77608.94,0.5347102166666667,14.465289783333333,77694.97,86.02999999999884,UP,0.42857142857142855,0.5714285714285714,0.5714285714285714,0.42857142857142855,UP,0.5714285714285714,0.68,0.69,0.31,0.32,0.69,-0.11857142857142855,RAW,NO VALUE
2026-08-23T21:45:48.527243+00:00,KXBTC15M-26AUG231800-00,77608.94,0.8087873833333333,14.191212616666666,77710.27,101.33000000000175,UP,0.42857142857142855,0.5714285714285714,0.5714285714285714,0.42857142857142855,UP,0.5714285714285714,0.68,0.69,0.31,0.32,0.69,-0.11857142857142855,RAW,NO VALUE
2026-08-23T21:46:08.038516+00:00,KXBTC15M-26AUG231800-00,77608.94,1.1339752666666667,13.866024733333335,77709.96,101.02000000000407,UP,0.42857142857142855,0.5714285714285714,0.5714285714285714,0.42857142857142855,UP,0.5714285714285714,0.73,0.74,0.26,0.27,0.74,-0.1685714285714286,RAW,NO VALUE
2026-08-23T21:46:35.672186+00:00,KXBTC15M-26AUG231800-00,77608.94,1.5945364333333332,13.405463566666667,77736.84,127.89999999999418,UP,0.3652173913043478,0.6347826086956522,0.6347826086956522,0.3652173913043478,UP,0.6347826086956522,0.73,0.74,0.26,0.27,0.74,-0.10521739130434782,RAW,NO VALUE
2026-08-23T21:46:57.090831+00:00,KXBTC15M-26AUG231800-00,77608.94,1.95151385,13.04848615,77724.24,115.30000000000291,UP,0.39344262295081966,0.6065573770491803,0.6065573770491803,0.39344262295081966,UP,0.6065573770491803,0.78,0.79,0.21,0.22,0.79,-0.1834426229508197,RAW,NO VALUE
2026-08-23T21:47:25.682451+00:00,KXBTC15M-26AUG231800-00,77608.94,2.42804085,12.57195915,77716.02,107.08000000000175,UP,0.4090909090909091,0.5909090909090908,0.5909090909090908,0.4090909090909091,UP,0.5909090909090908,0.78,0.79,0.21,0.22,0.79,-0.1990909090909092,RAW,NO VALUE
2026-08-23T21:47:45.709528+00:00,KXBTC15M-26AUG231800-00,77608.94,2.7618254666666666,12.238174533333334,77702.63,93.69000000000233,UP,0.42857142857142855,0.5714285714285714,0.5714285714285714,0.42857142857142855,UP,0.5714285714285714,0.78,0.79,0.21,0.22,0.79,-0.21857142857142864,RAW,NO VALUE
2026-08-23T21:48:13.351648+00:00,KXBTC15M-26AUG231800-00,77608.94,3.222527466666667,11.777472533333334,77703.19,94.25,UP,0.42857142857142855,0.5714285714285714,0.5714285714285714,0.42857142857142855,UP,0.5714285714285714,0.75,0.76,0.24,0.25,0.76,-0.1885714285714286,RAW,NO VALUE
2026-08-23T21:48:33.872645+00:00,KXBTC15M-26AUG231800-00,77608.94,3.5645440833333333,11.435455916666665,77721.72,112.77999999999884,UP,0.24060150375939848,0.7593984962406015,0.7593984962406015,0.24060150375939848,UP,0.7593984962406015,0.74,0.75,0.25,0.26,0.75,0.009398496240601517,LEAN,SMALL EDGE
2026-08-23T21:49:01.642810+00:00,KXBTC15M-26AUG231800-00,77608.94,4.027380166666666,10.972619833333333,77771.37,162.42999999999302,UP,0.19811320754716982,0.8018867924528301,0.8018867924528301,0.19811320754716982,UP,0.8018867924528301,0.81,0.82,0.18,0.19,0.82,-0.01811320754716983,STRONG,NO VALUE
2026-08-23T21:49:21.817316+00:00,KXBTC15M-26AUG231800-00,77608.94,4.3636219333333335,10.636378066666667,77794.3,185.36000000000058,UP,0.109375,0.890625,0.890625,0.109375,UP,0.890625,0.81,0.82,0.18,0.19,0.82,0.07062500000000005,STRONG,SMALL EDGE
2026-08-23T21:49:49.356049+00:00,KXBTC15M-26AUG231800-00,77608.94,4.822600816666666,10.177399183333334,77771.4,162.45999999999185,UP,0.24060150375939848,0.7593984962406015,0.7593984962406015,0.24060150375939848,UP,0.7593984962406015,0.88,0.89,0.11,0.12,0.89,-0.1306015037593985,LEAN,NO VALUE
2026-08-23T21:50:10.079490+00:00,KXBTC15M-26AUG231800-00,77608.94,5.1679915,9.8320085,77775.21,166.27000000000407,UP,0.1083596413033112,0.8916403586966888,0.8916403586966888,0.1083596413033112,UP,0.8916403586966888,0.86,0.87,0.13,0.14,0.87,0.02164035869668879,STRONG,SMALL EDGE
2026-08-23T21:50:38.494098+00:00,KXBTC15M-26AUG231800-00,77608.94,5.6415683,9.3584317,77774.9,165.95999999999185,UP,0.06989247311827956,0.9301075268817205,0.9301075268817205,0.06989247311827956,UP,0.9301075268817205,0.88,0.89,0.11,0.12,0.89,0.04010752688172048,EARLY 90%+ / NOT YET VALIDATED LOCK,SMALL EDGE
2026-08-23T21:50:58.933720+00:00,KXBTC15M-26AUG231800-00,77608.94,5.982228666666667,9.017771333333334,77789.43,180.4899999999907,UP,0.06989247311827956,0.9301075268817205,0.9301075268817205,0.06989247311827956,UP,0.9301075268817205,0.88,0.89,0.11,0.12,0.89,0.04010752688172048,EARLY 90%+ / NOT YET VALIDATED LOCK,SMALL EDGE
2026-08-23T21:51:25.735182+00:00,KXBTC15M-26AUG231800-00,77608.94,6.4289197,8.5710803,77795.09,186.14999999999418,UP,0.011904761904761904,0.9880952380952381,0.9880952380952381,0.011904761904761904,UP,0.9880952380952381,0.915,0.916,0.084,0.085,0.916,0.0720952380952381,EARLY 90%+ / NOT YET VALIDATED LOCK,SMALL EDGE
2026-08-23T21:51:49.196743+00:00,KXBTC15M-26AUG231800-00,77608.94,6.819945716666667,8.180054283333332,77808.79,199.84999999999127,UP,0.011904761904761904,0.9880952380952381,0.9880952380952381,0.011904761904761904,UP,0.9880952380952381,0.948,0.949,0.051,0.052,0.949,0.03909523809523818,EARLY 90%+ / NOT YET VALIDATED LOCK,SMALL EDGE
2026-08-23T21:52:13.428461+00:00,KXBTC15M-26AUG231800-00,77608.94,7.223807683333334,7.776192316666666,77806.12,197.17999999999302,UP,0.011904761904761904,0.9880952380952381,0.9880952380952381,0.011904761904761904,UP,0.9880952380952381,0.956,0.959,0.041,0.044,0.959,0.029095238095238174,EARLY 90%+ / NOT YET VALIDATED LOCK,SMALL EDGE
2026-08-23T21:52:36.666678+00:00,KXBTC15M-26AUG231800-00,77608.94,7.6111113,7.3888887,77794.31,185.36999999999534,UP,0.011904761904761904,0.9880952380952381,0.9880952380952381,0.011904761904761904,UP,0.9880952380952381,0.956,0.959,0.041,0.044,0.959,0.029095238095238174,EARLY 90%+ / NOT YET VALIDATED LOCK,SMALL EDGE
2026-08-23T21:53:01.741048+00:00,KXBTC15M-26AUG231800-00,77608.94,8.029017466666666,6.970982533333333,77763.62,154.67999999999302,UP,0.011904761904761904,0.9880952380952381,0.9880952380952381,0.011904761904761904,UP,0.9880952380952381,0.934,0.935,0.065,0.066,0.935,0.053095238095238084,90%+ LOCK CANDIDATE,SMALL EDGE
2026-08-23T21:53:25.009442+00:00,KXBTC15M-26AUG231800-00,77608.94,8.416824033333333,6.583175966666667,77804.65,195.70999999999185,UP,0.011904761904761904,0.9880952380952381,0.9880952380952381,0.011904761904761904,UP,0.9880952380952381,0.934,0.935,0.065,0.066,0.935,0.053095238095238084,90%+ LOCK CANDIDATE,SMALL EDGE
2026-08-23T21:53:49.922475+00:00,KXBTC15M-26AUG231800-00,77608.94,8.83204125,6.1679587499999995,77855.45,246.50999999999476,UP,0.011904761904761904,0.9880952380952381,0.9880952380952381,0.011904761904761904,UP,0.9880952380952381,0.956,0.957,0.043,0.044,0.957,0.031095238095238176,90%+ LOCK CANDIDATE,SMALL EDGE
2026-08-23T21:54:14.311300+00:00,KXBTC15M-26AUG231800-00,77608.94,9.238521666666665,5.761478333333333,77855.42,246.47999999999593,UP,0.011904761904761904,0.9880952380952381,0.9880952380952381,0.011904761904761904,UP,0.9880952380952381,0.979,0.98,0.02,0.021,0.98,0.008095238095238155,90%+ LOCK CANDIDATE,SMALL EDGE
2026-08-23T21:54:36.571230+00:00,KXBTC15M-26AUG231800-00,77608.94,9.6095205,5.3904795,77809.59,200.64999999999418,UP,0.0,1.0,1.0,0.0,UP,1.0,0.985,0.986,0.014,0.015,0.986,0.014000000000000012,90%+ LOCK CANDIDATE,SMALL EDGE
2026-08-23T21:55:04.647923+00:00,KXBTC15M-26AUG231800-00,77608.94,10.077465383333333,4.922534616666667,77786.22,177.27999999999884,UP,0.0,1.0,1.0,0.0,UP,1.0,0.979,0.98,0.02,0.021,0.98,0.020000000000000018,LOCK,SMALL EDGE
2026-08-23T21:55:24.773693+00:00,KXBTC15M-26AUG231800-00,77608.94,10.412894883333333,4.587105116666667,77797.67,188.72999999999593,UP,0.0,1.0,1.0,0.0,UP,1.0,0.979,0.98,0.02,0.021,0.98,0.020000000000000018,LOCK,SMALL EDGE
2026-08-23T21:55:53.142781+00:00,KXBTC15M-26AUG231800-00,77608.94,10.885713016666667,4.114286983333333,77767.74,158.8000000000029,UP,0.011904761904761904,0.9880952380952381,0.9880952380952381,0.011904761904761904,UP,0.9880952380952381,0.977,0.978,0.022,0.023,0.978,0.010095238095238157,LOCK,SMALL EDGE
2026-08-23T21:56:13.678415+00:00,KXBTC15M-26AUG231800-00,77608.94,11.227973583333332,3.772026416666667,77797.89,188.9499999999971,UP,0.0,1.0,1.0,0.0,UP,1.0,0.964,0.965,0.035,0.036,0.965,0.03500000000000003,LOCK,SMALL EDGE
2026-08-23T21:56:40.846424+00:00,KXBTC15M-26AUG231800-00,77608.94,11.680773733333332,3.3192262666666665,77823.83,214.88999999999942,UP,0.0,1.0,1.0,0.0,UP,1.0,0.991,0.992,0.008,0.009,0.992,0.008000000000000007,LOCK,SMALL EDGE
2026-08-23T21:57:00.517712+00:00,KXBTC15M-26AUG231800-00,77608.94,12.008628533333333,2.9913714666666666,77812.71,203.77000000000407,UP,0.0,1.0,1.0,0.0,UP,1.0,0.991,0.992,0.008,0.009,0.992,0.008000000000000007,LOCK,SMALL EDGE
2026-08-23T21:57:28.544729+00:00,KXBTC15M-26AUG231800-00,77608.94,12.475745483333332,2.524254516666667,77808.87,199.92999999999302,UP,0.0,1.0,1.0,0.0,UP,1.0,0.996,0.997,0.003,0.004,0.997,0.0030000000000000027,LOCK,SMALL EDGE
2026-08-23T21:57:49.128689+00:00,KXBTC15M-26AUG231800-00,77608.94,12.818811483333333,2.1811885166666665,77810.19,201.25,UP,0.0,1.0,1.0,0.0,UP,1.0,0.996,0.997,0.003,0.004,0.997,0.0030000000000000027,LOCK,SMALL EDGE
2026-08-23T21:58:16.131742+00:00,KXBTC15M-26AUG231800-00,77608.94,13.268862366666667,1.7311376333333333,77771.5,162.55999999999767,UP,0.0,1.0,1.0,0.0,UP,1.0,0.998,0.999,0.001,0.002,0.999,0.0010000000000000009,LOCK,SMALL EDGE
2026-08-23T21:58:38.756540+00:00,KXBTC15M-26AUG231800-00,77608.94,13.645942333333332,1.3540576666666666,77777.42,168.47999999999593,UP,0.0,1.0,1.0,0.0,UP,1.0,0.994,0.996,0.004,0.006,0.996,0.0040000000000000036,LOCK,SMALL EDGE
2026-08-23T21:59:05.580210+00:00,KXBTC15M-26AUG231800-00,77608.94,14.0930035,0.9069965,77773.64,164.6999999999971,UP,0.0,1.0,1.0,0.0,UP,1.0,0.994,0.995,0.005,0.006,0.995,0.0050000000000000044,LOCK,SMALL EDGE
2026-08-23T21:59:27.680631+00:00,KXBTC15M-26AUG231800-00,77608.94,14.461343849999999,0.53865615,77810.19,201.25,UP,0.0,1.0,1.0,0.0,UP,1.0,0.999,1.0,0.0,0.001,1.0,0.0,LOCK,NO VALUE
2026-08-23T21:59:55.411317+00:00,KXBTC15M-26AUG231800-00,77608.94,14.923521950000001,0.07647804999999999,77827.82,218.88000000000466,UP,0.0,1.0,1.0,0.0,UP,1.0,0.999,1.0,0.0,0.001,1.0,0.0,LOCK,NO VALUE
2026-08-23T22:00:32.489821+00:00,KXBTC15M-26AUG231815-15,77810.25,0.5414970166666666,14.458502983333334,77923.68,113.42999999999302,UP,0.4238079284810001,0.5761920715189999,0.5761920715189999,0.4238079284810001,UP,0.5761920715189999,0.57,0.58,0.42,0.43,0.58,-0.003807928481000089,RAW,NO VALUE
2026-08-23T22:00:45.918488+00:00,KXBTC15M-26AUG231815-15,77810.25,0.7653081333333334,14.234691866666667,77942.25,132.0,UP,0.39344262295081966,0.6065573770491803,0.6065573770491803,0.39344262295081966,UP,0.6065573770491803,0.57,0.58,0.42,0.43,0.58,0.026557377049180375,RAW,SMALL EDGE
2026-08-23T22:01:11.234005+00:00,KXBTC15M-26AUG231815-15,77810.25,1.1872334166666667,13.812766583333334,77836.51,26.25999999999476,UP,0.4336734693877551,0.5663265306122449,0.5663265306122449,0.4336734693877551,UP,0.5663265306122449,0.72,0.73,0.27,0.28,0.73,-0.16367346938775507,RAW,NO VALUE
2026-08-23T22:01:34.570197+00:00,KXBTC15M-26AUG231815-15,77810.25,1.57616995,13.42383005,77594.03,-216.22000000000116,DOWN,0.24060150375939848,0.7593984962406015,0.24060150375939848,0.7593984962406015,DOWN,0.7593984962406015,0.3,0.32,0.68,0.7,0.7,0.05939849624060156,LEAN,SMALL EDGE
2026-08-23T22:02:00.193164+00:00,KXBTC15M-26AUG231815-15,77810.25,2.0032194,12.9967806,77748.46,-61.7899999999936,DOWN,0.42857142857142855,0.5714285714285714,0.42857142857142855,0.5714285714285714,DOWN,0.5714285714285714,0.3,0.32,0.68,0.7,0.7,-0.12857142857142856,RAW,NO VALUE
2026-08-23T22:02:22.428217+00:00,KXBTC15M-26AUG231815-15,77810.25,2.3738036166666663,12.626196383333333,77733.17,-77.08000000000175,DOWN,0.39344262295081966,0.6065573770491803,0.39344262295081966,0.6065573770491803,DOWN,0.6065573770491803,0.39,0.4,0.6,0.61,0.61,-0.0034426229508196515,RAW,NO VALUE
2026-08-23T22:02:48.142630+00:00,KXBTC15M-26AUG231815-15,77810.25,2.8023771666666666,12.197622833333332,77775.44,-34.80999999999767,DOWN,0.42857142857142855,0.5714285714285714,0.42857142857142855,0.5714285714285714,DOWN,0.5714285714285714,0.47,0.48,0.52,0.53,0.53,0.04142857142857137,RAW,SMALL EDGE
2026-08-23T22:03:10.255175+00:00,KXBTC15M-26AUG231815-15,77810.25,3.1709195833333337,11.829080416666667,77712.53,-97.72000000000116,DOWN,0.39344262295081966,0.6065573770491803,0.39344262295081966,0.6065573770491803,DOWN,0.6065573770491803,0.47,0.48,0.52,0.53,0.53,0.07655737704918031,RAW,SMALL EDGE
2026-08-23T22:03:37.903652+00:00,KXBTC15M-26AUG231815-15,77810.25,3.631727533333333,11.368272466666667,77694.35,-115.89999999999418,DOWN,0.39344262295081966,0.6065573770491803,0.39344262295081966,0.6065573770491803,DOWN,0.6065573770491803,0.36,0.37,0.63,0.64,0.64,-0.03344262295081968,RAW,NO VALUE
2026-08-23T22:03:59.374206+00:00,KXBTC15M-26AUG231815-15,77810.25,3.9895701,11.0104299,77679.21,-131.0399999999936,DOWN,0.3652173913043478,0.6347826086956522,0.3652173913043478,0.6347826086956522,DOWN,0.6347826086956522,0.29,0.3,0.7,0.71,0.71,-0.07521739130434779,RAW,NO VALUE
2026-08-23T22:04:25.415069+00:00,KXBTC15M-26AUG231815-15,77810.25,4.423584483333333,10.576415516666666,77651.95,-158.3000000000029,DOWN,0.24060150375939848,0.7593984962406015,0.24060150375939848,0.7593984962406015,DOWN,0.7593984962406015,0.26,0.27,0.73,0.74,0.74,0.019398496240601526,LEAN,SMALL EDGE
2026-08-23T22:04:47.858869+00:00,KXBTC15M-26AUG231815-15,77810.25,4.797647816666667,10.202352183333334,77623.75,-186.5,DOWN,0.19811320754716982,0.8018867924528301,0.19811320754716982,0.8018867924528301,DOWN,0.8018867924528301,0.26,0.27,0.73,0.74,0.74,0.06188679245283013,STRONG,SMALL EDGE
2026-08-23T22:05:12.588004+00:00,KXBTC15M-26AUG231815-15,77810.25,5.209800066666667,9.790199933333334,77717.89,-92.36000000000058,DOWN,0.27388535031847133,0.7261146496815287,0.27388535031847133,0.7261146496815287,DOWN,0.7261146496815287,0.2,0.21,0.79,0.8,0.8,-0.07388535031847132,LEAN,NO VALUE
2026-08-23T22:05:35.748483+00:00,KXBTC15M-26AUG231815-15,77810.25,5.5958080500000005,9.404191950000001,77702.63,-107.61999999999534,DOWN,0.27388535031847133,0.7261146496815287,0.27388535031847133,0.7261146496815287,DOWN,0.7261146496815287,0.33,0.34,0.66,0.67,0.67,0.05611464968152868,LEAN,SMALL EDGE
2026-08-23T22:06:00.770275+00:00,KXBTC15M-26AUG231815-15,77810.25,6.012837916666667,8.987162083333335,77675.87,-134.38000000000466,DOWN,0.109375,0.890625,0.109375,0.890625,DOWN,0.890625,0.27,0.28,0.72,0.73,0.73,0.16062500000000002,STRONG,POSITIVE EDGE
2026-08-23T22:06:24.973165+00:00,KXBTC15M-26AUG231815-15,77810.25,6.416219416666666,8.583780583333333,77722.13,-88.11999999999534,DOWN,0.3652173913043478,0.6347826086956522,0.3652173913043478,0.6347826086956522,DOWN,0.6347826086956522,0.27,0.28,0.72,0.73,0.73,-0.09521739130434781,RAW,NO VALUE
2026-08-23T22:06:49.472494+00:00,KXBTC15M-26AUG231815-15,77810.25,6.8245415666666664,8.175458433333334,77705.3,-104.94999999999709,DOWN,0.3652173913043478,0.6347826086956522,0.3652173913043478,0.6347826086956522,DOWN,0.6347826086956522,0.23,0.24,0.76,0.77,0.77,-0.13521739130434784,RAW,NO VALUE
2026-08-23T22:07:12.433808+00:00,KXBTC15M-26AUG231815-15,77810.25,7.207230133333334,7.792769866666666,77710.27,-99.97999999999593,DOWN,0.27388535031847133,0.7261146496815287,0.27388535031847133,0.7261146496815287,DOWN,0.7261146496815287,0.25,0.26,0.74,0.75,0.75,-0.023885350318471277,LEAN,NO VALUE
2026-08-23T22:07:38.862168+00:00,KXBTC15M-26AUG231815-15,77810.25,7.6477028,7.3522972,77749.9,-60.35000000000582,DOWN,0.39344262295081966,0.6065573770491803,0.39344262295081966,0.6065573770491803,DOWN,0.6065573770491803,0.25,0.26,0.74,0.75,0.75,-0.14344262295081966,RAW,NO VALUE
2026-08-23T22:08:01.722805+00:00,KXBTC15M-26AUG231815-15,77810.25,8.028713416666667,6.971286583333334,77705.77,-104.47999999999593,DOWN,0.19811320754716982,0.8018867924528301,0.19811320754716982,0.8018867924528301,DOWN,0.8018867924528301,0.27,0.28,0.72,0.73,0.73,0.07188679245283014,STRONG,SMALL EDGE
2026-08-23T22:08:27.568302+00:00,KXBTC15M-26AUG231815-15,77810.25,8.4594717,6.5405283,77689.32,-120.92999999999302,DOWN,0.109375,0.890625,0.109375,0.890625,DOWN,0.890625,0.21,0.23,0.77,0.79,0.79,0.10062499999999996,STRONG,POSITIVE EDGE
2026-08-23T22:08:49.919112+00:00,KXBTC15M-26AUG231815-15,77810.25,8.8319852,6.1680148,77710.25,-100.0,DOWN,0.24060150375939848,0.7593984962406015,0.24060150375939848,0.7593984962406015,DOWN,0.7593984962406015,0.19,0.2,0.8,0.81,0.81,-0.050601503759398536,LEAN,NO VALUE
2026-08-23T22:09:15.533689+00:00,KXBTC15M-26AUG231815-15,77810.25,9.258894816666666,5.7411051833333335,77716.8,-93.44999999999709,DOWN,0.24060150375939848,0.7593984962406015,0.24060150375939848,0.7593984962406015,DOWN,0.7593984962406015,0.19,0.2,0.8,0.81,0.81,-0.050601503759398536,LEAN,NO VALUE
2026-08-23T22:09:39.045080+00:00,KXBTC15M-26AUG231815-15,77810.25,9.650751333333334,5.349248666666667,77696.37,-113.88000000000466,DOWN,0.06989247311827956,0.9301075268817205,0.06989247311827956,0.9301075268817205,DOWN,0.9301075268817205,0.17,0.18,0.82,0.83,0.83,0.10010752688172053,90%+ LOCK CANDIDATE,POSITIVE EDGE
2026-08-23T22:10:04.144284+00:00,KXBTC15M-26AUG231815-15,77810.25,10.0690714,4.9309286,77729.38,-80.86999999999534,DOWN,0.109375,0.890625,0.109375,0.890625,DOWN,0.890625,0.16,0.17,0.83,0.84,0.84,0.05062500000000003,STRONG,SMALL EDGE
2026-08-23T22:10:26.622664+00:00,KXBTC15M-26AUG231815-15,77810.25,10.443711066666667,4.556288933333334,77764.17,-46.080000000001746,DOWN,0.3652173913043478,0.6347826086956522,0.3652173913043478,0.6347826086956522,DOWN,0.6347826086956522,0.13,0.14,0.86,0.87,0.87,-0.23521739130434782,RAW,NO VALUE
2026-08-23T22:10:51.792604+00:00,KXBTC15M-26AUG231815-15,77810.25,10.863210066666666,4.136789933333334,77753.73,-56.520000000004075,DOWN,0.24060150375939848,0.7593984962406015,0.24060150375939848,0.7593984962406015,DOWN,0.7593984962406015,0.13,0.14,0.86,0.87,0.87,-0.11060150375939848,LEAN,NO VALUE
2026-08-23T22:11:15.073027+00:00,KXBTC15M-26AUG231815-15,77810.25,11.251217116666668,3.7487828833333334,77739.69,-70.55999999999767,DOWN,0.10714285714285714,0.8928571428571429,0.10714285714285714,0.8928571428571429,DOWN,0.8928571428571429,0.21,0.22,0.78,0.79,0.79,0.10285714285714287,STRONG,POSITIVE EDGE
2026-08-23T22:11:38.803969+00:00,KXBTC15M-26AUG231815-15,77810.25,11.646732816666667,3.3532671833333336,77725.55,-84.69999999999709,DOWN,0.06989247311827956,0.9301075268817205,0.06989247311827956,0.9301075268817205,DOWN,0.9301075268817205,0.16,0.17,0.83,0.84,0.84,0.09010752688172052,LOCK,SMALL EDGE
2026-08-23T22:12:04.244791+00:00,KXBTC15M-26AUG231815-15,77810.25,12.070746516666667,2.9292534833333335,77706.28,-103.97000000000116,DOWN,0.05128205128205128,0.9487179487179487,0.05128205128205128,0.9487179487179487,DOWN,0.9487179487179487,0.075,0.08,0.92,0.925,0.925,0.023717948717948634,LOCK,SMALL EDGE
2026-08-23T22:12:27.250793+00:00,KXBTC15M-26AUG231815-15,77810.25,12.454179883333333,2.545820116666667,77741.85,-68.39999999999418,DOWN,0.05128205128205128,0.9487179487179487,0.05128205128205128,0.9487179487179487,DOWN,0.9487179487179487,0.075,0.08,0.92,0.925,0.925,0.023717948717948634,LOCK,SMALL EDGE
2026-08-23T22:12:50.681641+00:00,KXBTC15M-26AUG231815-15,77810.25,12.844694016666667,2.1553059833333332,77700.01,-110.24000000000524,DOWN,0.011904761904761904,0.9880952380952381,0.011904761904761904,0.9880952380952381,DOWN,0.9880952380952381,0.11,0.12,0.88,0.89,0.89,0.09809523809523812,LOCK,SMALL EDGE
2026-08-23T22:13:15.897425+00:00,KXBTC15M-26AUG231815-15,77810.25,13.264957083333334,1.7350429166666668,77706.44,-103.80999999999767,DOWN,0.011904761904761904,0.9880952380952381,0.011904761904761904,0.9880952380952381,DOWN,0.9880952380952381,0.016,0.018,0.982,0.984,0.984,0.004095238095238152,LOCK,SMALL EDGE
2026-08-23T22:13:38.105036+00:00,KXBTC15M-26AUG231815-15,77810.25,13.635083933333334,1.3649160666666666,77700.01,-110.24000000000524,DOWN,0.011904761904761904,0.9880952380952381,0.011904761904761904,0.9880952380952381,DOWN,0.9880952380952381,0.006,0.007,0.993,0.994,0.994,-0.005904761904761857,LOCK,NO VALUE
2026-08-23T22:14:03.884988+00:00,KXBTC15M-26AUG231815-15,77810.25,14.0647498,0.9352502,77695.79,-114.4600000000064,DOWN,0.0,1.0,0.0,1.0,DOWN,1.0,0.001,0.002,0.998,0.999,0.999,0.0010000000000000009,LOCK,SMALL EDGE
2026-08-23T22:14:24.692889+00:00,KXBTC15M-26AUG231815-15,77810.25,14.41154815,0.58845185,77656.47,-153.77999999999884,DOWN,0.011904761904761904,0.9880952380952381,0.011904761904761904,0.9880952380952381,DOWN,0.9880952380952381,0.001,0.002,0.998,0.999,0.999,-0.010904761904761862,LOCK,NO VALUE
2026-08-23T22:14:53.015150+00:00,KXBTC15M-26AUG231815-15,77810.25,14.883585833333333,0.11641416666666667,77713.31,-96.94000000000233,DOWN,0.011904761904761904,0.9880952380952381,0.011904761904761904,0.9880952380952381,DOWN,0.9880952380952381,0.0,0.001,0.999,1.0,1.0,-0.011904761904761862,LOCK,NO VALUE
2026-08-23T22:15:30.159343+00:00,KXBTC15M-26AUG231830-30,77688.63,0.5026557166666666,14.497344283333332,77641.83,-46.80000000000291,DOWN,0.4336734693877551,0.5663265306122449,0.4336734693877551,0.5663265306122449,DOWN,0.5663265306122449,0.47,0.48,0.52,0.53,0.53,0.03632653061224489,RAW,SMALL EDGE
2026-08-23T22:15:43.432696+00:00,KXBTC15M-26AUG231830-30,77688.63,0.7238782666666667,14.276121733333333,77646.35,-42.279999999998836,DOWN,0.4336734693877551,0.5663265306122449,0.4336734693877551,0.5663265306122449,DOWN,0.5663265306122449,0.47,0.48,0.52,0.53,0.53,0.03632653061224489,RAW,SMALL EDGE
2026-08-23T22:16:11.459172+00:00,KXBTC15M-26AUG231830-30,77688.63,1.1909862,13.8090138,77708.59,19.95999999999185,UP,0.42857142857142855,0.5714285714285714,0.5714285714285714,0.42857142857142855,UP,0.5714285714285714,0.41,0.42,0.58,0.59,0.42,0.1514285714285714,RAW,ATTRACTIVE <=50c
2026-08-23T22:16:32.045196+00:00,KXBTC15M-26AUG231830-30,77688.63,1.5340866,13.4659134,77722.38,33.75,UP,0.4090909090909091,0.5909090909090908,0.5909090909090908,0.4090909090909091,UP,0.5909090909090908,0.55,0.56,0.44,0.45,0.56,0.030909090909090775,RAW,SMALL EDGE
2026-08-23T22:17:00.084508+00:00,KXBTC15M-26AUG231830-30,77688.63,2.0014084666666667,12.998591533333332,77771.08,82.44999999999709,UP,0.27388535031847133,0.7261146496815287,0.7261146496815287,0.27388535031847133,UP,0.7261146496815287,0.64,0.65,0.35,0.36,0.65,0.0761146496815287,LEAN,SMALL EDGE
2026-08-23T22:17:21.773728+00:00,KXBTC15M-26AUG231830-30,77688.63,2.3628954666666666,12.637104533333334,77668.24,-20.389999999999418,DOWN,0.4336734693877551,0.5663265306122449,0.4336734693877551,0.5663265306122449,DOWN,0.5663265306122449,0.64,0.65,0.35,0.36,0.36,0.20632653061224493,RAW,IDEAL <=50c / LARGE EDGE
2026-08-23T22:17:48.971213+00:00,KXBTC15M-26AUG231830-30,77688.63,2.8161868833333332,12.183813116666666,77637.69,-50.94000000000233,DOWN,0.4336734693877551,0.5663265306122449,0.4336734693877551,0.5663265306122449,DOWN,0.5663265306122449,0.48,0.49,0.51,0.52,0.52,0.0463265306122449,RAW,SMALL EDGE
2026-08-23T22:18:11.085874+00:00,KXBTC15M-26AUG231830-30,77688.63,3.1847645666666664,11.815235433333333,77645.33,-43.30000000000291,DOWN,0.4336734693877551,0.5663265306122449,0.4336734693877551,0.5663265306122449,DOWN,0.5663265306122449,0.44,0.45,0.55,0.56,0.56,0.006326530612244863,RAW,SMALL EDGE
2026-08-23T22:18:37.741659+00:00,KXBTC15M-26AUG231830-30,77688.63,3.62902765,11.370972349999999,77652.97,-35.66000000000349,DOWN,0.4336734693877551,0.5663265306122449,0.4336734693877551,0.5663265306122449,DOWN,0.5663265306122449,0.44,0.45,0.55,0.56,0.56,0.006326530612244863,RAW,SMALL EDGE
2026-08-23T22:18:59.226101+00:00,KXBTC15M-26AUG231830-30,77688.63,3.9871016833333335,11.012898316666668,77679.7,-8.930000000007567,DOWN,0.4336734693877551,0.5663265306122449,0.4336734693877551,0.5663265306122449,DOWN,0.5663265306122449,0.46,0.47,0.53,0.54,0.54,0.02632653061224488,RAW,SMALL EDGE
2026-08-23T22:19:26.347962+00:00,KXBTC15M-26AUG231830-30,77688.63,4.4391327,10.5608673,77683.53,-5.100000000005821,DOWN,0.4336734693877551,0.5663265306122449,0.4336734693877551,0.5663265306122449,DOWN,0.5663265306122449,0.51,0.52,0.48,0.49,0.49,0.07632653061224492,RAW,SMALL EDGE
2026-08-23T22:19:47.223039+00:00,KXBTC15M-26AUG231830-30,77688.63,4.78705065,10.21294935,77719.01,30.379999999990105,UP,0.42857142857142855,0.5714285714285714,0.5714285714285714,0.42857142857142855,UP,0.5714285714285714,0.55,0.56,0.44,0.45,0.56,0.011428571428571344,RAW,SMALL EDGE
2026-08-23T22:20:15.851906+00:00,KXBTC15M-26AUG231830-30,77688.63,5.264198433333333,9.735801566666668,77724.55,35.919999999998254,UP,0.42857142857142855,0.5714285714285714,0.5714285714285714,0.42857142857142855,UP,0.5714285714285714,0.57,0.58,0.42,0.43,0.58,-0.008571428571428563,RAW,NO VALUE
2026-08-23T22:20:34.835746+00:00,KXBTC15M-26AUG231830-30,77688.63,5.580595766666666,9.419404233333333,77735.86,47.229999999995925,UP,0.39344262295081966,0.6065573770491803,0.6065573770491803,0.39344262295081966,UP,0.6065573770491803,0.57,0.58,0.42,0.43,0.58,0.026557377049180375,RAW,SMALL EDGE
2026-08-23T22:21:02.727854+00:00,KXBTC15M-26AUG231830-30,77688.63,6.045464233333333,8.954535766666668,77744.23,55.59999999999127,UP,0.3652173913043478,0.6347826086956522,0.6347826086956522,0.3652173913043478,UP,0.6347826086956522,0.65,0.66,0.34,0.35,0.66,-0.025217391304347858,RAW,NO VALUE
2026-08-23T22:21:23.668538+00:00,KXBTC15M-26AUG231830-30,77688.63,6.394475633333333,8.605524366666666,77729.37,40.73999999999069,UP,0.39344262295081966,0.6065573770491803,0.6065573770491803,0.39344262295081966,UP,0.6065573770491803,0.63,0.64,0.36,0.37,0.64,-0.03344262295081968,RAW,NO VALUE
2026-08-23T22:21:50.765195+00:00,KXBTC15M-26AUG231830-30,77688.63,6.846086583333333,8.153913416666667,77737.0,48.36999999999534,UP,0.39344262295081966,0.6065573770491803,0.6065573770491803,0.39344262295081966,UP,0.6065573770491803,0.63,0.64,0.36,0.37,0.64,-0.03344262295081968,RAW,NO VALUE
2026-08-23T22:22:12.156309+00:00,KXBTC15M-26AUG231830-30,77688.63,7.20260515,7.79739485,77733.18,44.54999999998836,UP,0.3652173913043478,0.6347826086956522,0.6347826086956522,0.3652173913043478,UP,0.6347826086956522,0.63,0.64,0.36,0.37,0.64,-0.00521739130434784,RAW,NO VALUE
2026-08-23T22:22:39.274598+00:00,KXBTC15M-26AUG231830-30,77688.63,7.654576633333334,7.345423366666666,77712.96,24.330000000001746,UP,0.39344262295081966,0.6065573770491803,0.6065573770491803,0.39344262295081966,UP,0.6065573770491803,0.64,0.65,0.35,0.36,0.65,-0.04344262295081969,RAW,NO VALUE
2026-08-23T22:23:00.074943+00:00,KXBTC15M-26AUG231830-30,77688.63,8.00124905,6.99875095,77752.24,63.61000000000058,UP,0.06989247311827956,0.9301075268817205,0.9301075268817205,0.06989247311827956,UP,0.9301075268817205,0.68,0.69,0.31,0.32,0.69,0.24010752688172055,90%+ LOCK CANDIDATE,LARGE EDGE / PRICE ABOVE 50c
2026-08-23T22:23:28.052490+00:00,KXBTC15M-26AUG231830-30,77688.63,8.4675415,6.532458500000001,77783.06,94.42999999999302,UP,0.10714285714285714,0.8928571428571429,0.8928571428571429,0.10714285714285714,UP,0.8928571428571429,0.82,0.83,0.17,0.18,0.83,0.06285714285714294,STRONG,SMALL EDGE
2026-08-23T22:23:48.207918+00:00,KXBTC15M-26AUG231830-30,77688.63,8.8034653,6.1965347,77791.3,102.66999999999825,UP,0.109375,0.890625,0.890625,0.109375,UP,0.890625,0.82,0.83,0.17,0.18,0.83,0.06062500000000004,STRONG,SMALL EDGE
2026-08-23T22:24:17.269967+00:00,KXBTC15M-26AUG231830-30,77688.63,9.287832783333332,5.712167216666667,77795.22,106.58999999999651,UP,0.011904761904761904,0.9880952380952381,0.9880952380952381,0.011904761904761904,UP,0.9880952380952381,0.87,0.88,0.12,0.13,0.88,0.10809523809523813,90%+ LOCK CANDIDATE,POSITIVE EDGE
2026-08-23T22:24:37.052807+00:00,KXBTC15M-26AUG231830-30,77688.63,9.617546783333333,5.382453216666667,77783.93,95.29999999998836,UP,0.05128205128205128,0.9487179487179487,0.9487179487179487,0.05128205128205128,UP,0.9487179487179487,0.88,0.89,0.11,0.12,0.89,0.058717948717948665,90%+ LOCK CANDIDATE,SMALL EDGE
2026-08-23T22:25:06.463636+00:00,KXBTC15M-26AUG231830-30,77688.63,10.107727266666666,4.892272733333333,77775.2,86.56999999999243,UP,0.06989247311827956,0.9301075268817205,0.9301075268817205,0.06989247311827956,UP,0.9301075268817205,0.84,0.85,0.15,0.16,0.85,0.08010752688172051,LOCK,SMALL EDGE
2026-08-23T22:25:24.558742+00:00,KXBTC15M-26AUG231830-30,77688.63,10.409312366666667,4.590687633333333,77763.75,75.11999999999534,UP,0.10714285714285714,0.8928571428571429,0.8928571428571429,0.10714285714285714,UP,0.8928571428571429,0.84,0.85,0.15,0.16,0.85,0.04285714285714293,STRONG,SMALL EDGE
2026-08-23T22:25:56.015280+00:00,KXBTC15M-26AUG231830-30,77688.63,10.933587999999999,4.066412000000001,77764.21,75.58000000000175,UP,0.06989247311827956,0.9301075268817205,0.9301075268817205,0.06989247311827956,UP,0.9301075268817205,0.83,0.84,0.16,0.17,0.84,0.09010752688172052,LOCK,SMALL EDGE
2026-08-23T22:26:13.601558+00:00,KXBTC15M-26AUG231830-30,77688.63,11.226692633333332,3.7733073666666663,77737.41,48.779999999998836,UP,0.24060150375939848,0.7593984962406015,0.7593984962406015,0.24060150375939848,UP,0.7593984962406015,0.901,0.909,0.091,0.099,0.909,-0.1496015037593985,LEAN,NO VALUE
2026-08-23T22:26:44.919379+00:00,KXBTC15M-26AUG231830-30,77688.63,11.748656316666667,3.2513436833333333,77767.51,78.8799999999901,UP,0.011904761904761904,0.9880952380952381,0.9880952380952381,0.011904761904761904,UP,0.9880952380952381,0.85,0.86,0.14,0.15,0.86,0.12809523809523815,LOCK,POSITIVE EDGE
2026-08-23T22:27:02.085569+00:00,KXBTC15M-26AUG231830-30,77688.63,12.034759483333334,2.965240516666667,77737.23,48.59999999999127,UP,0.109375,0.890625,0.890625,0.109375,UP,0.890625,0.85,0.86,0.14,0.15,0.86,0.030625000000000013,STRONG,SMALL EDGE
2026-08-23T22:27:34.937184+00:00,KXBTC15M-26AUG231830-30,77688.63,12.5822864,2.4177136,77757.15,68.51999999998952,UP,0.0,1.0,1.0,0.0,UP,1.0,0.82,0.83,0.17,0.18,0.83,0.17000000000000004,LOCK,POSITIVE EDGE
2026-08-23T22:27:51.024919+00:00,KXBTC15M-26AUG231830-30,77688.63,12.850415316666666,2.149584683333333,77774.2,85.56999999999243,UP,0.0,1.0,1.0,0.0,UP,1.0,0.983,0.984,0.016,0.017,0.984,0.016000000000000014,LOCK,SMALL EDGE
2026-08-23T22:28:23.855199+00:00,KXBTC15M-26AUG231830-30,77688.63,13.39758665,1.60241335,77804.79,116.15999999998894,UP,0.0,1.0,1.0,0.0,UP,1.0,0.996,0.997,0.003,0.004,0.997,0.0030000000000000027,LOCK,SMALL EDGE
2026-08-23T22:28:39.403645+00:00,KXBTC15M-26AUG231830-30,77688.63,13.656727416666666,1.3432725833333334,77752.28,63.64999999999418,UP,0.011904761904761904,0.9880952380952381,0.9880952380952381,0.011904761904761904,UP,0.9880952380952381,0.996,0.997,0.003,0.004,0.997,-0.00890476190476186,LOCK,NO VALUE
2026-08-23T22:29:12.559373+00:00,KXBTC15M-26AUG231830-30,77688.63,14.209322883333334,0.7906771166666666,77698.3,9.669999999998254,UP,0.24060150375939848,0.7593984962406015,0.7593984962406015,0.24060150375939848,UP,0.7593984962406015,0.89,0.91,0.09,0.11,0.91,-0.15060150375939851,LEAN,NO VALUE
2026-08-23T22:29:28.204856+00:00,KXBTC15M-26AUG231830-30,77688.63,14.470080933333332,0.5299190666666667,77691.17,2.539999999993597,UP,0.3652173913043478,0.6347826086956522,0.6347826086956522,0.3652173913043478,UP,0.6347826086956522,0.83,0.88,0.12,0.17,0.88,-0.24521739130434783,RAW,NO VALUE
2026-08-23T22:30:29.750609+00:00,KXBTC15M-26AUG231845-45,77693.91,0.49584348333333333,14.504156516666665,77696.69,2.779999999998836,UP,0.42857142857142855,0.5714285714285714,0.5714285714285714,0.42857142857142855,UP,0.5714285714285714,0.49,0.5,0.5,0.51,0.5,0.0714285714285714,RAW,SMALL EDGE
2026-08-23T22:30:42.384432+00:00,KXBTC15M-26AUG231845-45,77693.91,0.7064071999999999,14.2935928,77696.69,2.779999999998836,UP,0.42857142857142855,0.5714285714285714,0.5714285714285714,0.42857142857142855,UP,0.5714285714285714,0.49,0.5,0.5,0.51,0.5,0.0714285714285714,RAW,SMALL EDGE
2026-08-23T22:31:08.384496+00:00,KXBTC15M-26AUG231845-45,77693.91,1.1397416,13.8602584,77729.34,35.429999999993015,UP,0.39344262295081966,0.6065573770491803,0.6065573770491803,0.39344262295081966,UP,0.6065573770491803,0.5,0.51,0.49,0.5,0.51,0.09655737704918033,RAW,SMALL EDGE
2026-08-23T22:31:31.500378+00:00,KXBTC15M-26AUG231845-45,77693.91,1.5250063,13.4749937,77698.81,4.899999999994179,UP,0.42857142857142855,0.5714285714285714,0.5714285714285714,0.42857142857142855,UP,0.5714285714285714,0.5,0.51,0.49,0.5,0.51,0.06142857142857139,RAW,SMALL EDGE
2026-08-23T22:31:57.227283+00:00,KXBTC15M-26AUG231845-45,77693.91,1.95378805,13.046211949999998,77675.92,-17.99000000000524,DOWN,0.4336734693877551,0.5663265306122449,0.4336734693877551,0.5663265306122449,DOWN,0.5663265306122449,0.55,0.56,0.44,0.45,0.45,0.1163265306122449,RAW,POSITIVE EDGE
2026-08-23T22:32:21.273734+00:00,KXBTC15M-26AUG231845-45,77693.91,2.354562233333333,12.645437766666667,77675.22,-18.69000000000233,DOWN,0.4336734693877551,0.5663265306122449,0.4336734693877551,0.5663265306122449,DOWN,0.5663265306122449,0.5,0.51,0.49,0.5,0.5,0.06632653061224492,RAW,SMALL EDGE
2026-08-23T22:32:46.005511+00:00,KXBTC15M-26AUG231845-45,77693.91,2.766758516666667,12.233241483333334,77656.55,-37.36000000000058,DOWN,0.42857142857142855,0.5714285714285714,0.42857142857142855,0.5714285714285714,DOWN,0.5714285714285714,0.4,0.41,0.59,0.6,0.6,-0.02857142857142858,RAW,NO VALUE
2026-08-23T22:33:08.569300+00:00,KXBTC15M-26AUG231845-45,77693.91,3.142821666666667,11.857178333333334,77664.42,-29.49000000000524,DOWN,0.4336734693877551,0.5663265306122449,0.4336734693877551,0.5663265306122449,DOWN,0.5663265306122449,0.4,0.41,0.59,0.6,0.6,-0.03367346938775506,RAW,NO VALUE
2026-08-23T22:33:34.953951+00:00,KXBTC15M-26AUG231845-45,77693.91,3.58256585,11.41743415,77645.31,-48.60000000000582,DOWN,0.4336734693877551,0.5663265306122449,0.4336734693877551,0.5663265306122449,DOWN,0.5663265306122449,0.39,0.4,0.6,0.61,0.61,-0.04367346938775507,RAW,NO VALUE
2026-08-23T22:33:56.972302+00:00,KXBTC15M-26AUG231845-45,77693.91,3.949538366666667,11.050461633333333,77649.74,-44.169999999998254,DOWN,0.42857142857142855,0.5714285714285714,0.42857142857142855,0.5714285714285714,DOWN,0.5714285714285714,0.38,0.39,0.61,0.62,0.62,-0.0485714285714286,RAW,NO VALUE
2026-08-23T22:34:23.150755+00:00,KXBTC15M-26AUG231845-45,77693.91,4.385845916666667,10.614154083333334,77637.69,-56.220000000001164,DOWN,0.42857142857142855,0.5714285714285714,0.42857142857142855,0.5714285714285714,DOWN,0.5714285714285714,0.39,0.4,0.6,0.61,0.61,-0.03857142857142859,RAW,NO VALUE
2026-08-23T22:34:44.778638+00:00,KXBTC15M-26AUG231845-45,77693.91,4.746310633333334,10.253689366666666,77672.66,-21.25,DOWN,0.42857142857142855,0.5714285714285714,0.42857142857142855,0.5714285714285714,DOWN,0.5714285714285714,0.39,0.4,0.6,0.61,0.61,-0.03857142857142859,RAW,NO VALUE
2026-08-23T22:35:10.307651+00:00,KXBTC15M-26AUG231845-45,77693.91,5.171794183333334,9.828205816666667,77680.46,-13.44999999999709,DOWN,0.4336734693877551,0.5663265306122449,0.4336734693877551,0.5663265306122449,DOWN,0.5663265306122449,0.42,0.43,0.57,0.58,0.58,-0.013673469387755044,RAW,NO VALUE
2026-08-23T22:35:33.363261+00:00,KXBTC15M-26AUG231845-45,77693.91,5.55605435,9.44394565,77680.16,-13.75,DOWN,0.4336734693877551,0.5663265306122449,0.4336734693877551,0.5663265306122449,DOWN,0.5663265306122449,0.45,0.46,0.54,0.55,0.55,0.01632653061224487,RAW,SMALL EDGE
2026-08-23T22:35:57.961496+00:00,KXBTC15M-26AUG231845-45,77693.91,5.966024933333333,9.033975066666667,77669.88,-24.029999999998836,DOWN,0.39344262295081966,0.6065573770491803,0.39344262295081966,0.6065573770491803,DOWN,0.6065573770491803,0.41,0.42,0.58,0.59,0.59,0.016557377049180366,RAW,SMALL EDGE
2026-08-23T22:36:21.458749+00:00,KXBTC15M-26AUG231845-45,77693.91,6.3576458166666665,8.642354183333333,77652.96,-40.94999999999709,DOWN,0.27388535031847133,0.7261146496815287,0.27388535031847133,0.7261146496815287,DOWN,0.7261146496815287,0.41,0.42,0.58,0.59,0.59,0.13611464968152875,LEAN,POSITIVE EDGE
2026-08-23T22:36:46.267929+00:00,KXBTC15M-26AUG231845-45,77693.91,6.77113215,8.22886785,77653.73,-40.18000000000757,DOWN,0.27388535031847133,0.7261146496815287,0.27388535031847133,0.7261146496815287,DOWN,0.7261146496815287,0.39,0.41,0.59,0.61,0.61,0.11611464968152874,LEAN,POSITIVE EDGE
2026-08-23T22:37:09.974322+00:00,KXBTC15M-26AUG231845-45,77693.91,7.166238699999999,7.833761300000001,77625.59,-68.32000000000698,DOWN,0.24060150375939848,0.7593984962406015,0.24060150375939848,0.7593984962406015,DOWN,0.7593984962406015,0.39,0.41,0.59,0.61,0.61,0.14939849624060153,LEAN,POSITIVE EDGE
2026-08-23T22:37:32.544897+00:00,KXBTC15M-26AUG231845-45,77693.91,7.5424149499999995,7.4575850500000005,77632.04,-61.870000000009895,DOWN,0.24060150375939848,0.7593984962406015,0.24060150375939848,0.7593984962406015,DOWN,0.7593984962406015,0.32,0.33,0.67,0.68,0.68,0.07939849624060147,LEAN,SMALL EDGE
2026-08-23T22:37:59.099506+00:00,KXBTC15M-26AUG231845-45,77693.91,7.984991766666667,7.015008233333333,77607.13,-86.77999999999884,DOWN,0.27388535031847133,0.7261146496815287,0.27388535031847133,0.7261146496815287,DOWN,0.7261146496815287,0.28,0.29,0.71,0.72,0.72,0.00611464968152875,LEAN,SMALL EDGE
2026-08-23T22:38:21.499493+00:00,KXBTC15M-26AUG231845-45,77693.91,8.358324883333333,6.641675116666667,77607.13,-86.77999999999884,DOWN,0.19811320754716982,0.8018867924528301,0.19811320754716982,0.8018867924528301,DOWN,0.8018867924528301,0.2,0.21,0.79,0.8,0.8,0.0018867924528300772,STRONG,SMALL EDGE
2026-08-23T22:38:47.675910+00:00,KXBTC15M-26AUG231845-45,77693.91,8.794598500000001,6.2054015,77603.34,-90.57000000000698,DOWN,0.19811320754716982,0.8018867924528301,0.19811320754716982,0.8018867924528301,DOWN,0.8018867924528301,0.18,0.19,0.81,0.82,0.82,-0.01811320754716983,STRONG,NO VALUE
2026-08-23T22:39:09.515805+00:00,KXBTC15M-26AUG231845-45,77693.91,9.15859675,5.84140325,77708.97,15.059999999997672,UP,0.42857142857142855,0.5714285714285714,0.5714285714285714,0.42857142857142855,UP,0.5714285714285714,0.18,0.19,0.81,0.82,0.19,0.3814285714285714,RAW,IDEAL <=50c / LARGE EDGE
2026-08-23T22:39:37.031806+00:00,KXBTC15M-26AUG231845-45,77693.91,9.617196766666666,5.382803233333333,77687.35,-6.559999999997672,DOWN,0.4336734693877551,0.5663265306122449,0.4336734693877551,0.5663265306122449,DOWN,0.5663265306122449,0.46,0.48,0.52,0.54,0.54,0.02632653061224488,RAW,SMALL EDGE
2026-08-23T22:39:58.233792+00:00,KXBTC15M-26AUG231845-45,77693.91,9.970563199999999,5.0294368,77691.15,-2.7600000000093132,DOWN,0.4336734693877551,0.5663265306122449,0.4336734693877551,0.5663265306122449,DOWN,0.5663265306122449,0.49,0.5,0.5,0.51,0.51,0.05632653061224491,RAW,SMALL EDGE
2026-08-23T22:40:26.173954+00:00,KXBTC15M-26AUG231845-45,77693.91,10.436232566666666,4.563767433333334,77695.07,1.1600000000034925,UP,0.4336734693877551,0.5663265306122449,0.5663265306122449,0.4336734693877551,UP,0.5663265306122449,0.49,0.5,0.5,0.51,0.5,0.06632653061224492,RAW,SMALL EDGE
2026-08-23T22:40:48.150326+00:00,KXBTC15M-26AUG231845-45,77693.91,10.802505433333332,4.197494566666666,77654.83,-39.080000000001746,DOWN,0.27388535031847133,0.7261146496815287,0.27388535031847133,0.7261146496815287,DOWN,0.7261146496815287,0.5,0.51,0.49,0.5,0.5,0.22611464968152872,LEAN,IDEAL <=50c / LARGE EDGE
2026-08-23T22:41:14.651506+00:00,KXBTC15M-26AUG231845-45,77693.91,11.244191766666667,3.755808233333333,77679.23,-14.680000000007567,DOWN,0.42857142857142855,0.5714285714285714,0.42857142857142855,0.5714285714285714,DOWN,0.5714285714285714,0.27,0.28,0.72,0.73,0.73,-0.15857142857142859,RAW,NO VALUE
2026-08-23T22:41:36.442564+00:00,KXBTC15M-26AUG231845-45,77693.91,11.607376066666665,3.3926239333333332,77647.04,-46.870000000009895,DOWN,0.10714285714285714,0.8928571428571429,0.10714285714285714,0.8928571428571429,DOWN,0.8928571428571429,0.27,0.28,0.72,0.73,0.73,0.16285714285714292,STRONG,POSITIVE EDGE
2026-08-23T22:42:03.493977+00:00,KXBTC15M-26AUG231845-45,77693.91,12.058232949999999,2.94176705,77623.38,-70.52999999999884,DOWN,0.06989247311827956,0.9301075268817205,0.06989247311827956,0.9301075268817205,DOWN,0.9301075268817205,0.24,0.25,0.75,0.76,0.76,0.17010752688172048,LOCK,POSITIVE EDGE
2026-08-23T22:42:24.282005+00:00,KXBTC15M-26AUG231845-45,77693.91,12.404700083333333,2.595299916666667,77636.67,-57.24000000000524,DOWN,0.06989247311827956,0.9301075268817205,0.06989247311827956,0.9301075268817205,DOWN,0.9301075268817205,0.18,0.19,0.81,0.82,0.82,0.11010752688172054,LOCK,POSITIVE EDGE
2026-08-23T22:42:51.981495+00:00,KXBTC15M-26AUG231845-45,77693.91,12.86635825,2.1336417500000002,77655.03,-38.88000000000466,DOWN,0.06989247311827956,0.9301075268817205,0.06989247311827956,0.9301075268817205,DOWN,0.9301075268817205,0.23,0.24,0.76,0.77,0.77,0.16010752688172047,LOCK,POSITIVE EDGE
2026-08-23T22:43:12.751667+00:00,KXBTC15M-26AUG231845-45,77693.91,13.212527783333334,1.7874722166666668,77664.28,-29.630000000004657,DOWN,0.109375,0.890625,0.109375,0.890625,DOWN,0.890625,0.23,0.24,0.76,0.77,0.77,0.12062499999999998,STRONG,POSITIVE EDGE
2026-08-23T22:43:41.202126+00:00,KXBTC15M-26AUG231845-45,77693.91,13.6867021,1.3132978999999998,77659.06,-34.85000000000582,DOWN,0.034482758620689655,0.9655172413793104,0.034482758620689655,0.9655172413793104,DOWN,0.9655172413793104,0.17,0.18,0.82,0.83,0.83,0.13551724137931043,LOCK,POSITIVE EDGE
2026-08-23T22:44:01.411073+00:00,KXBTC15M-26AUG231845-45,77693.91,14.023517883333334,0.9764821166666666,77659.06,-34.85000000000582,DOWN,0.011904761904761904,0.9880952380952381,0.011904761904761904,0.9880952380952381,DOWN,0.9880952380952381,0.092,0.1,0.9,0.908,0.908,0.08009523809523811,LOCK,SMALL EDGE
2026-08-23T22:44:29.336797+00:00,KXBTC15M-26AUG231845-45,77693.91,14.488946616666668,0.5110533833333333,77650.4,-43.51000000000931,DOWN,0.011904761904761904,0.9880952380952381,0.011904761904761904,0.9880952380952381,DOWN,0.9880952380952381,0.003,0.004,0.996,0.997,0.997,-0.00890476190476186,LOCK,NO VALUE
2026-08-23T22:44:50.018944+00:00,KXBTC15M-26AUG231845-45,77693.91,14.833649066666668,0.16635093333333334,77643.55,-50.36000000000058,DOWN,0.011904761904761904,0.9880952380952381,0.011904761904761904,0.9880952380952381,DOWN,0.9880952380952381,0.003,0.004,0.996,0.997,0.997,-0.00890476190476186,LOCK,NO VALUE
2026-08-23T22:45:46.696648+00:00,KXBTC15M-26AUG231900-00,77653.37,0.7782774666666668,14.221722533333333,77625.41,-27.95999999999185,DOWN,0.4336734693877551,0.5663265306122449,0.4336734693877551,0.5663265306122449,DOWN,0.5663265306122449,0.48,0.49,0.51,0.52,0.52,0.0463265306122449,RAW,SMALL EDGE
2026-08-23T22:46:01.937634+00:00,KXBTC15M-26AUG231900-00,77653.37,1.0322939,13.9677061,77567.83,-85.5399999999936,DOWN,0.42857142857142855,0.5714285714285714,0.42857142857142855,0.5714285714285714,DOWN,0.5714285714285714,0.48,0.49,0.51,0.52,0.52,0.05142857142857138,RAW,SMALL EDGE
2026-08-23T22:46:23.132194+00:00,KXBTC15M-26AUG231900-00,77653.37,1.3855365666666666,13.614463433333333,77605.96,-47.40999999998894,DOWN,0.42857142857142855,0.5714285714285714,0.42857142857142855,0.5714285714285714,DOWN,0.5714285714285714,0.29,0.3,0.7,0.71,0.71,-0.13857142857142857,RAW,NO VALUE
2026-08-23T22:46:50.479610+00:00,KXBTC15M-26AUG231900-00,77653.37,1.8413268333333332,13.158673166666667,77626.23,-27.139999999999418,DOWN,0.39344262295081966,0.6065573770491803,0.39344262295081966,0.6065573770491803,DOWN,0.6065573770491803,0.35,0.36,0.64,0.65,0.65,-0.04344262295081969,RAW,NO VALUE
2026-08-23T22:47:12.579690+00:00,KXBTC15M-26AUG231900-00,77653.37,2.2096615,12.790338499999999,77618.6,-34.76999999998952,DOWN,0.4090909090909091,0.5909090909090908,0.4090909090909091,0.5909090909090908,DOWN,0.5909090909090908,0.43,0.44,0.56,0.57,0.57,0.020909090909090877,RAW,SMALL EDGE
2026-08-23T22:47:38.922151+00:00,KXBTC15M-26AUG231900-00,77653.37,2.648702516666667,12.351297483333333,77632.71,-20.65999999998894,DOWN,0.39344262295081966,0.6065573770491803,0.39344262295081966,0.6065573770491803,DOWN,0.6065573770491803,0.42,0.43,0.57,0.58,0.58,0.026557377049180375,RAW,SMALL EDGE
2026-08-23T22:48:01.218060+00:00,KXBTC15M-26AUG231900-00,77653.37,3.0203010000000003,11.979699,77635.55,-17.819999999992433,DOWN,0.42857142857142855,0.5714285714285714,0.42857142857142855,0.5714285714285714,DOWN,0.5714285714285714,0.42,0.43,0.57,0.58,0.58,-0.008571428571428563,RAW,NO VALUE
2026-08-23T22:48:26.973127+00:00,KXBTC15M-26AUG231900-00,77653.37,3.4495521166666667,11.550447883333334,77620.47,-32.89999999999418,DOWN,0.39344262295081966,0.6065573770491803,0.39344262295081966,0.6065573770491803,DOWN,0.6065573770491803,0.47,0.48,0.52,0.53,0.53,0.07655737704918031,RAW,SMALL EDGE
2026-08-23T22:48:50.406698+00:00,KXBTC15M-26AUG231900-00,77653.37,3.8401116333333336,11.159888366666667,77641.26,-12.110000000000582,DOWN,0.4336734693877551,0.5663265306122449,0.4336734693877551,0.5663265306122449,DOWN,0.5663265306122449,0.44,0.45,0.55,0.56,0.56,0.006326530612244863,RAW,SMALL EDGE
2026-08-23T22:49:15.979375+00:00,KXBTC15M-26AUG231900-00,77653.37,4.266322916666667,10.733677083333333,77664.07,10.700000000011642,UP,0.42857142857142855,0.5714285714285714,0.5714285714285714,0.42857142857142855,UP,0.5714285714285714,0.5,0.51,0.49,0.5,0.51,0.06142857142857139,RAW,SMALL EDGE
2026-08-23T22:49:38.633744+00:00,KXBTC15M-26AUG231900-00,77653.37,4.643895733333333,10.356104266666668,77659.32,5.9500000000116415,UP,0.39344262295081966,0.6065573770491803,0.6065573770491803,0.39344262295081966,UP,0.6065573770491803,0.5,0.51,0.49,0.5,0.51,0.09655737704918033,RAW,SMALL EDGE
2026-08-23T22:50:03.429070+00:00,KXBTC15M-26AUG231900-00,77653.37,5.057151166666667,9.942848833333333,77670.09,16.720000000001164,UP,0.3652173913043478,0.6347826086956522,0.6347826086956522,0.3652173913043478,UP,0.6347826086956522,0.52,0.53,0.47,0.48,0.53,0.10478260869565215,RAW,POSITIVE EDGE
2026-08-23T22:50:27.045450+00:00,KXBTC15M-26AUG231900-00,77653.37,5.4507575,9.5492425,77656.35,2.9800000000104774,UP,0.39344262295081966,0.6065573770491803,0.6065573770491803,0.39344262295081966,UP,0.6065573770491803,0.54,0.55,0.45,0.46,0.55,0.05655737704918029,RAW,SMALL EDGE
2026-08-23T22:50:51.299339+00:00,KXBTC15M-26AUG231900-00,77653.37,5.854988983333333,9.145011016666666,77653.15,-0.22000000000116415,DOWN,0.4336734693877551,0.5663265306122449,0.4336734693877551,0.5663265306122449,DOWN,0.5663265306122449,0.49,0.5,0.5,0.51,0.51,0.05632653061224491,RAW,SMALL EDGE
2026-08-23T22:51:16.394688+00:00,KXBTC15M-26AUG231900-00,77653.37,6.2732448,8.726755200000001,77651.89,-1.4799999999959255,DOWN,0.4336734693877551,0.5663265306122449,0.4336734693877551,0.5663265306122449,DOWN,0.5663265306122449,0.49,0.5,0.5,0.51,0.51,0.05632653061224491,RAW,SMALL EDGE
2026-08-23T22:51:38.892222+00:00,KXBTC15M-26AUG231900-00,77653.37,6.6482037,8.3517963,77664.42,11.05000000000291,UP,0.3652173913043478,0.6347826086956522,0.6347826086956522,0.3652173913043478,UP,0.6347826086956522,0.44,0.45,0.55,0.56,0.45,0.18478260869565216,RAW,ATTRACTIVE <=50c
2026-08-23T22:52:03.990265+00:00,KXBTC15M-26AUG231900-00,77653.37,7.066504416666667,7.933495583333333,77682.47,29.10000000000582,UP,0.24060150375939848,0.7593984962406015,0.7593984962406015,0.24060150375939848,UP,0.7593984962406015,0.59,0.6,0.4,0.41,0.6,0.15939849624060154,LEAN,POSITIVE EDGE
2026-08-23T22:52:28.819946+00:00,KXBTC15M-26AUG231900-00,77653.37,7.480332433333333,7.519667566666667,77653.72,0.35000000000582077,UP,0.39344262295081966,0.6065573770491803,0.6065573770491803,0.39344262295081966,UP,0.6065573770491803,0.72,0.73,0.27,0.28,0.73,-0.12344262295081965,RAW,NO VALUE
2026-08-23T22:52:52.579081+00:00,KXBTC15M-26AUG231900-00,77653.37,7.876318016666667,7.123681983333333,77645.11,-8.259999999994761,DOWN,0.42857142857142855,0.5714285714285714,0.42857142857142855,0.5714285714285714,DOWN,0.5714285714285714,0.72,0.73,0.27,0.28,0.28,0.29142857142857137,RAW,IDEAL <=50c / LARGE EDGE
2026-08-23T22:53:17.336720+00:00,KXBTC15M-26AUG231900-00,77653.37,8.288945333333334,6.711054666666667,77656.78,3.4100000000034925,UP,0.3652173913043478,0.6347826086956522,0.6347826086956522,0.3652173913043478,UP,0.6347826086956522,0.47,0.48,0.52,0.53,0.48,0.1547826086956522,RAW,ATTRACTIVE <=50c
2026-08-23T22:53:39.787034+00:00,KXBTC15M-26AUG231900-00,77653.37,8.663117233333333,6.336882766666666,77633.87,-19.5,DOWN,0.3652173913043478,0.6347826086956522,0.3652173913043478,0.6347826086956522,DOWN,0.6347826086956522,0.48,0.49,0.51,0.52,0.52,0.11478260869565216,RAW,POSITIVE EDGE
2026-08-23T22:54:05.871342+00:00,KXBTC15M-26AUG231900-00,77653.37,9.0978557,5.9021443,77647.63,-5.739999999990687,DOWN,0.4336734693877551,0.5663265306122449,0.4336734693877551,0.5663265306122449,DOWN,0.5663265306122449,0.49,0.5,0.5,0.51,0.51,0.05632653061224491,RAW,SMALL EDGE
2026-08-23T22:54:28.319976+00:00,KXBTC15M-26AUG231900-00,77653.37,9.4719996,5.5280004,77659.42,6.05000000000291,UP,0.27388535031847133,0.7261146496815287,0.7261146496815287,0.27388535031847133,UP,0.7261146496815287,0.49,0.5,0.5,0.51,0.5,0.22611464968152872,LEAN,IDEAL <=50c / LARGE EDGE
2026-08-23T22:54:53.001068+00:00,KXBTC15M-26AUG231900-00,77653.37,9.883351133333333,5.116648866666667,77637.13,-16.239999999990687,DOWN,0.39344262295081966,0.6065573770491803,0.39344262295081966,0.6065573770491803,DOWN,0.6065573770491803,0.5,0.51,0.49,0.5,0.5,0.10655737704918034,RAW,POSITIVE EDGE
2026-08-23T22:55:15.890549+00:00,KXBTC15M-26AUG231900-00,77653.37,10.264842483333332,4.735157516666666,77650.91,-2.459999999991851,DOWN,0.4336734693877551,0.5663265306122449,0.4336734693877551,0.5663265306122449,DOWN,0.5663265306122449,0.49,0.5,0.5,0.51,0.51,0.05632653061224491,RAW,SMALL EDGE
2026-08-23T22:55:40.283475+00:00,KXBTC15M-26AUG231900-00,77653.37,10.67139125,4.32860875,77635.69,-17.679999999993015,DOWN,0.3652173913043478,0.6347826086956522,0.3652173913043478,0.6347826086956522,DOWN,0.6347826086956522,0.49,0.5,0.5,0.51,0.51,0.12478260869565216,RAW,POSITIVE EDGE
2026-08-23T22:56:04.913233+00:00,KXBTC15M-26AUG231900-00,77653.37,11.081887216666667,3.9181127833333336,77639.68,-13.690000000002328,DOWN,0.39344262295081966,0.6065573770491803,0.39344262295081966,0.6065573770491803,DOWN,0.6065573770491803,0.39,0.4,0.6,0.61,0.61,-0.0034426229508196515,RAW,NO VALUE
2026-08-23T22:56:29.308796+00:00,KXBTC15M-26AUG231900-00,77653.37,11.488479933333334,3.511520066666667,77618.59,-34.779999999998836,DOWN,0.24060150375939848,0.7593984962406015,0.24060150375939848,0.7593984962406015,DOWN,0.7593984962406015,0.39,0.4,0.6,0.61,0.61,0.14939849624060153,LEAN,POSITIVE EDGE
2026-08-23T22:56:52.096629+00:00,KXBTC15M-26AUG231900-00,77653.37,11.86827715,3.13172285,77610.09,-43.279999999998836,DOWN,0.109375,0.890625,0.109375,0.890625,DOWN,0.890625,0.19,0.2,0.8,0.81,0.81,0.08062499999999995,STRONG,SMALL EDGE
2026-08-23T22:57:18.597653+00:00,KXBTC15M-26AUG231900-00,77653.37,12.309960883333334,2.6900391166666666,77604.48,-48.88999999999942,DOWN,0.06989247311827956,0.9301075268817205,0.06989247311827956,0.9301075268817205,DOWN,0.9301075268817205,0.19,0.2,0.8,0.81,0.81,0.12010752688172044,LOCK,POSITIVE EDGE
2026-08-23T22:57:40.205590+00:00,KXBTC15M-26AUG231900-00,77653.37,12.670093166666668,2.3299068333333333,77609.6,-43.76999999998952,DOWN,0.06989247311827956,0.9301075268817205,0.06989247311827956,0.9301075268817205,DOWN,0.9301075268817205,0.14,0.15,0.85,0.86,0.86,0.0701075268817205,LOCK,SMALL EDGE
2026-08-23T22:58:06.695045+00:00,KXBTC15M-26AUG231900-00,77653.37,13.111584083333334,1.8884159166666667,77584.12,-69.25,DOWN,0.011904761904761904,0.9880952380952381,0.011904761904761904,0.9880952380952381,DOWN,0.9880952380952381,0.1,0.11,0.89,0.9,0.9,0.08809523809523812,LOCK,SMALL EDGE
2026-08-23T22:58:29.345350+00:00,KXBTC15M-26AUG231900-00,77653.37,13.489089166666668,1.5109108333333334,77580.39,-72.97999999999593,DOWN,0.011904761904761904,0.9880952380952381,0.011904761904761904,0.9880952380952381,DOWN,0.9880952380952381,0.008,0.009,0.991,0.992,0.992,-0.0039047619047618554,LOCK,NO VALUE
2026-08-23T22:58:54.600073+00:00,KXBTC15M-26AUG231900-00,77653.37,13.910001216666666,1.0899987833333333,77579.32,-74.04999999998836,DOWN,0.011904761904761904,0.9880952380952381,0.011904761904761904,0.9880952380952381,DOWN,0.9880952380952381,0.003,0.005,0.995,0.997,0.997,-0.00890476190476186,LOCK,NO VALUE
2026-08-23T22:59:17.590229+00:00,KXBTC15M-26AUG231900-00,77653.37,14.293170483333334,0.7068295166666666,77580.39,-72.97999999999593,DOWN,0.011904761904761904,0.9880952380952381,0.011904761904761904,0.9880952380952381,DOWN,0.9880952380952381,0.003,0.005,0.995,0.997,0.997,-0.00890476190476186,LOCK,NO VALUE
2026-08-23T22:59:43.629189+00:00,KXBTC15M-26AUG231900-00,77653.37,14.72715315,0.27284685,77592.14,-61.229999999995925,DOWN,0.011904761904761904,0.9880952380952381,0.011904761904761904,0.9880952380952381,DOWN,0.9880952380952381,0.0,0.001,0.999,1.0,1.0,-0.011904761904761862,LOCK,NO VALUE
2026-08-23T23:00:52.274279+00:00,KXBTC15M-26AUG231915-15,77596.94,0.8712379833333334,14.128762016666666,77596.51,-0.430000000007567,DOWN,1.0,0.0,1.0,0.0,UP,1.0,0.51,0.52,0.48,0.49,0.52,0.48,EARLY 90%+ / NOT YET VALIDATED LOCK,LARGE EDGE / PRICE ABOVE 50c
2026-08-23T23:01:05.982585+00:00,KXBTC15M-26AUG231915-15,77596.94,1.09970975,13.900290250000001,77598.73,1.7899999999935972,UP,0.39344262295081966,0.6065573770491803,0.6065573770491803,0.39344262295081966,UP,0.6065573770491803,0.51,0.52,0.48,0.49,0.52,0.08655737704918032,RAW,SMALL EDGE
2026-08-23T23:01:31.538376+00:00,KXBTC15M-26AUG231915-15,77596.94,1.5256396,13.4743604,77568.93,-28.010000000009313,DOWN,0.39344262295081966,0.6065573770491803,0.39344262295081966,0.6065573770491803,DOWN,0.6065573770491803,0.51,0.52,0.48,0.49,0.49,0.11655737704918034,RAW,POSITIVE EDGE
2026-08-23T23:01:55.638147+00:00,KXBTC15M-26AUG231915-15,77596.94,1.92730245,13.072697549999999,77536.95,-59.99000000000524,DOWN,0.39344262295081966,0.6065573770491803,0.39344262295081966,0.6065573770491803,DOWN,0.6065573770491803,0.44,0.45,0.55,0.56,0.56,0.04655737704918028,RAW,SMALL EDGE
2026-08-23T23:02:20.745179+00:00,KXBTC15M-26AUG231915-15,77596.94,2.3457529833333335,12.654247016666666,77511.62,-85.32000000000698,DOWN,0.39344262295081966,0.6065573770491803,0.39344262295081966,0.6065573770491803,DOWN,0.6065573770491803,0.32,0.33,0.67,0.68,0.68,-0.07344262295081971,RAW,NO VALUE
2026-08-23T23:02:43.853023+00:00,KXBTC15M-26AUG231915-15,77596.94,2.730883716666667,12.269116283333334,77507.47,-89.47000000000116,DOWN,0.39344262295081966,0.6065573770491803,0.39344262295081966,0.6065573770491803,DOWN,0.6065573770491803,0.32,0.33,0.67,0.68,0.68,-0.07344262295081971,RAW,NO VALUE
2026-08-23T23:03:09.451978+00:00,KXBTC15M-26AUG231915-15,77596.94,3.1575329666666665,11.842467033333332,77488.7,-108.24000000000524,DOWN,0.27388535031847133,0.7261146496815287,0.27388535031847133,0.7261146496815287,DOWN,0.7261146496815287,0.26,0.27,0.73,0.74,0.74,-0.013885350318471268,LEAN,NO VALUE
2026-08-23T23:03:31.718039+00:00,KXBTC15M-26AUG231915-15,77596.94,3.5286339833333336,11.471366016666668,77477.86,-119.08000000000175,DOWN,0.24060150375939848,0.7593984962406015,0.24060150375939848,0.7593984962406015,DOWN,0.7593984962406015,0.23,0.24,0.76,0.77,0.77,-0.0106015037593985,LEAN,NO VALUE
2026-08-23T23:03:58.111678+00:00,KXBTC15M-26AUG231915-15,77596.94,3.968527966666667,11.031472033333333,77435.23,-161.7100000000064,DOWN,0.109375,0.890625,0.109375,0.890625,DOWN,0.890625,0.14,0.15,0.85,0.86,0.86,0.030625000000000013,STRONG,SMALL EDGE
2026-08-23T23:04:19.499830+00:00,KXBTC15M-26AUG231915-15,77596.94,4.324997166666666,10.675002833333334,77461.15,-135.79000000000815,DOWN,0.19811320754716982,0.8018867924528301,0.19811320754716982,0.8018867924528301,DOWN,0.8018867924528301,0.14,0.15,0.85,0.86,0.86,-0.058113207547169865,STRONG,NO VALUE
2026-08-23T23:04:46.724686+00:00,KXBTC15M-26AUG231915-15,77596.94,4.778744766666667,10.221255233333332,77446.19,-150.75,DOWN,0.109375,0.890625,0.109375,0.890625,DOWN,0.890625,0.17,0.18,0.82,0.83,0.83,0.06062500000000004,STRONG,SMALL EDGE
2026-08-23T23:05:07.473239+00:00,KXBTC15M-26AUG231915-15,77596.94,5.124553983333333,9.875446016666666,77431.4,-165.54000000000815,DOWN,0.06989247311827956,0.9301075268817205,0.06989247311827956,0.9301075268817205,DOWN,0.9301075268817205,0.13,0.14,0.86,0.87,0.87,0.0601075268817205,EARLY 90%+ / NOT YET VALIDATED LOCK,SMALL EDGE
2026-08-23T23:05:35.547115+00:00,KXBTC15M-26AUG231915-15,77596.94,5.592451916666667,9.407548083333333,77450.51,-146.43000000000757,DOWN,0.109375,0.890625,0.109375,0.890625,DOWN,0.890625,0.13,0.14,0.86,0.87,0.87,0.020625000000000004,STRONG,SMALL EDGE
2026-08-23T23:05:55.784454+00:00,KXBTC15M-26AUG231915-15,77596.94,5.9297409,9.0702591,77442.71,-154.22999999999593,DOWN,0.06989247311827956,0.9301075268817205,0.06989247311827956,0.9301075268817205,DOWN,0.9301075268817205,0.14,0.15,0.85,0.86,0.86,0.0701075268817205,EARLY 90%+ / NOT YET VALIDATED LOCK,SMALL EDGE
2026-08-23T23:06:25.070905+00:00,KXBTC15M-26AUG231915-15,77596.94,6.417848416666667,8.582151583333333,77374.95,-221.99000000000524,DOWN,0.011904761904761904,0.9880952380952381,0.011904761904761904,0.9880952380952381,DOWN,0.9880952380952381,0.12,0.13,0.87,0.88,0.88,0.10809523809523813,EARLY 90%+ / NOT YET VALIDATED LOCK,POSITIVE EDGE
2026-08-23T23:06:44.645338+00:00,KXBTC15M-26AUG231915-15,77596.94,6.744088966666666,8.255911033333334,77362.64,-234.3000000000029,DOWN,0.05128205128205128,0.9487179487179487,0.05128205128205128,0.9487179487179487,DOWN,0.9487179487179487,0.051,0.052,0.948,0.949,0.949,-0.0002820512820512766,EARLY 90%+ / NOT YET VALIDATED LOCK,NO VALUE
2026-08-23T23:07:14.782791+00:00,KXBTC15M-26AUG231915-15,77596.94,7.246379849999999,7.753620150000001,77412.3,-184.63999999999942,DOWN,0.05128205128205128,0.9487179487179487,0.05128205128205128,0.9487179487179487,DOWN,0.9487179487179487,0.09,0.091,0.909,0.91,0.91,0.03871794871794865,EARLY 90%+ / NOT YET VALIDATED LOCK,SMALL EDGE
2026-08-23T23:07:33.664082+00:00,KXBTC15M-26AUG231915-15,77596.94,7.561068033333333,7.438931966666667,77400.24,-196.6999999999971,DOWN,0.011904761904761904,0.9880952380952381,0.011904761904761904,0.9880952380952381,DOWN,0.9880952380952381,0.09,0.091,0.909,0.91,0.91,0.0780952380952381,EARLY 90%+ / NOT YET VALIDATED LOCK,SMALL EDGE
2026-08-23T23:08:04.051205+00:00,KXBTC15M-26AUG231915-15,77596.94,8.067520083333333,6.932479916666667,77409.35,-187.5899999999965,DOWN,0.011904761904761904,0.9880952380952381,0.011904761904761904,0.9880952380952381,DOWN,0.9880952380952381,0.076,0.077,0.923,0.924,0.924,0.0640952380952381,90%+ LOCK CANDIDATE,SMALL EDGE
2026-08-23T23:08:21.934261+00:00,KXBTC15M-26AUG231915-15,77596.94,8.365571016666667,6.634428983333334,77413.71,-183.22999999999593,DOWN,0.011904761904761904,0.9880952380952381,0.011904761904761904,0.9880952380952381,DOWN,0.9880952380952381,0.07,0.071,0.929,0.93,0.93,0.05809523809523809,90%+ LOCK CANDIDATE,SMALL EDGE
2026-08-23T23:08:52.200427+00:00,KXBTC15M-26AUG231915-15,77596.94,8.870007116666667,6.129992883333333,77457.61,-139.33000000000175,DOWN,0.06989247311827956,0.9301075268817205,0.06989247311827956,0.9301075268817205,DOWN,0.9301075268817205,0.098,0.1,0.9,0.902,0.902,0.028107526881720468,90%+ LOCK CANDIDATE,SMALL EDGE
2026-08-23T23:09:10.075777+00:00,KXBTC15M-26AUG231915-15,77596.94,9.167929616666667,5.832070383333333,77472.99,-123.94999999999709,DOWN,0.19811320754716982,0.8018867924528301,0.19811320754716982,0.8018867924528301,DOWN,0.8018867924528301,0.098,0.1,0.9,0.902,0.902,-0.1001132075471699,STRONG,NO VALUE
2026-08-23T23:09:40.576425+00:00,KXBTC15M-26AUG231915-15,77596.94,9.67627375,5.323726250000001,77499.54,-97.40000000000873,DOWN,0.24060150375939848,0.7593984962406015,0.24060150375939848,0.7593984962406015,DOWN,0.7593984962406015,0.13,0.14,0.86,0.87,0.87,-0.11060150375939848,LEAN,NO VALUE
2026-08-23T23:09:59.997915+00:00,KXBTC15M-26AUG231915-15,77596.94,9.99996525,5.00003475,77477.25,-119.69000000000233,DOWN,0.109375,0.890625,0.109375,0.890625,DOWN,0.890625,0.12,0.13,0.87,0.88,0.88,0.010624999999999996,STRONG,SMALL EDGE
2026-08-23T23:10:28.471524+00:00,KXBTC15M-26AUG231915-15,77596.94,10.474525400000001,4.5254746,77498.06,-98.88000000000466,DOWN,0.19811320754716982,0.8018867924528301,0.19811320754716982,0.8018867924528301,DOWN,0.8018867924528301,0.12,0.13,0.87,0.88,0.88,-0.07811320754716988,STRONG,NO VALUE
2026-08-23T23:10:48.651194+00:00,KXBTC15M-26AUG231915-15,77596.94,10.810853233333335,4.189146766666666,77465.79,-131.15000000000873,DOWN,0.10714285714285714,0.8928571428571429,0.10714285714285714,0.8928571428571429,DOWN,0.8928571428571429,0.13,0.14,0.86,0.87,0.87,0.02285714285714291,STRONG,SMALL EDGE
2026-08-23T23:11:16.335453+00:00,KXBTC15M-26AUG231915-15,77596.94,11.27225755,3.72774245,77419.95,-176.99000000000524,DOWN,0.011904761904761904,0.9880952380952381,0.011904761904761904,0.9880952380952381,DOWN,0.9880952380952381,0.037,0.043,0.957,0.963,0.963,0.02509523809523817,LOCK,SMALL EDGE
2026-08-23T23:11:37.199375+00:00,KXBTC15M-26AUG231915-15,77596.94,11.619989583333334,3.3800104166666665,77413.3,-183.63999999999942,DOWN,0.011904761904761904,0.9880952380952381,0.011904761904761904,0.9880952380952381,DOWN,0.9880952380952381,0.012,0.013,0.987,0.988,0.988,9.523809523814819e-05,LOCK,SMALL EDGE
2026-08-23T23:12:04.824660+00:00,KXBTC15M-26AUG231915-15,77596.94,12.080411,2.919589,77381.75,-215.19000000000233,DOWN,0.011904761904761904,0.9880952380952381,0.011904761904761904,0.9880952380952381,DOWN,0.9880952380952381,0.012,0.013,0.987,0.988,0.988,9.523809523814819e-05,LOCK,SMALL EDGE
2026-08-23T23:12:25.769765+00:00,KXBTC15M-26AUG231915-15,77596.94,12.429496083333333,2.5705039166666666,77389.49,-207.4499999999971,DOWN,0.011904761904761904,0.9880952380952381,0.011904761904761904,0.9880952380952381,DOWN,0.9880952380952381,0.006,0.007,0.993,0.994,0.994,-0.005904761904761857,LOCK,NO VALUE
2026-08-23T23:12:53.849142+00:00,KXBTC15M-26AUG231915-15,77596.94,12.8974857,2.1025143,77381.74,-215.1999999999971,DOWN,0.0,1.0,0.0,1.0,DOWN,1.0,0.004,0.005,0.995,0.996,0.996,0.0040000000000000036,LOCK,SMALL EDGE
2026-08-23T23:13:15.223852+00:00,KXBTC15M-26AUG231915-15,77596.94,13.253730866666666,1.7462691333333333,77433.16,-163.77999999999884,DOWN,0.0,1.0,0.0,1.0,DOWN,1.0,0.001,0.002,0.998,0.999,0.999,0.0010000000000000009,LOCK,SMALL EDGE
2026-08-23T23:13:41.944860+00:00,KXBTC15M-26AUG231915-15,77596.94,13.699081,1.300919,77427.58,-169.36000000000058,DOWN,0.0,1.0,0.0,1.0,DOWN,1.0,0.001,0.002,0.998,0.999,0.999,0.0010000000000000009,LOCK,SMALL EDGE
2026-08-23T23:14:03.448524+00:00,KXBTC15M-26AUG231915-15,77596.94,14.0574754,0.9425246,77454.32,-142.61999999999534,DOWN,0.0,1.0,0.0,1.0,DOWN,1.0,0.001,0.002,0.998,0.999,0.999,0.0010000000000000009,LOCK,SMALL EDGE
2026-08-23T23:14:30.801410+00:00,KXBTC15M-26AUG231915-15,77596.94,14.513356833333335,0.4866431666666667,77445.12,-151.82000000000698,DOWN,0.0,1.0,0.0,1.0,DOWN,1.0,0.0,0.001,0.999,1.0,1.0,0.0,LOCK,NO VALUE
2026-08-23T23:14:50.798171+00:00,KXBTC15M-26AUG231915-15,77596.94,14.846636183333334,0.15336381666666668,77461.96,-134.97999999999593,DOWN,0.0,1.0,0.0,1.0,DOWN,1.0,0.0,0.001,0.999,1.0,1.0,0.0,LOCK,NO VALUE
2026-08-23T23:15:20.080202+00:00,KXBTC15M-26AUG231930-30,77455.9,0.33467003333333334,14.665329966666667,77461.98,6.080000000001746,UP,0.4336734693877551,0.5663265306122449,0.5663265306122449,0.4336734693877551,UP,0.5663265306122449,0.52,0.53,0.47,0.48,0.53,0.03632653061224489,RAW,SMALL EDGE
2026-08-23T23:15:39.211027+00:00,KXBTC15M-26AUG231930-30,77455.9,0.6535171166666667,14.346482883333334,77492.52,36.620000000009895,UP,0.4336734693877551,0.5663265306122449,0.5663265306122449,0.4336734693877551,UP,0.5663265306122449,0.52,0.53,0.47,0.48,0.53,0.03632653061224489,RAW,SMALL EDGE
2026-08-23T23:16:08.263230+00:00,KXBTC15M-26AUG231930-30,77455.9,1.1377205,13.8622795,77515.45,59.55000000000291,UP,0.39344262295081966,0.6065573770491803,0.6065573770491803,0.39344262295081966,UP,0.6065573770491803,0.62,0.63,0.37,0.38,0.63,-0.02344262295081967,RAW,NO VALUE
2026-08-23T23:16:28.384714+00:00,KXBTC15M-26AUG231930-30,77455.9,1.4730785666666668,13.526921433333333,77529.75,73.85000000000582,UP,0.3652173913043478,0.6347826086956522,0.6347826086956522,0.3652173913043478,UP,0.6347826086956522,0.62,0.63,0.37,0.38,0.63,0.0047826086956521685,RAW,SMALL EDGE
2026-08-23T23:16:55.720228+00:00,KXBTC15M-26AUG231930-30,77455.9,1.9286704666666667,13.071329533333333,77542.49,86.59000000001106,UP,0.3652173913043478,0.6347826086956522,0.6347826086956522,0.3652173913043478,UP,0.6347826086956522,0.72,0.73,0.27,0.28,0.73,-0.09521739130434781,RAW,NO VALUE
2026-08-23T23:17:17.659188+00:00,KXBTC15M-26AUG231930-30,77455.9,2.2943198,12.7056802,77562.68,106.77999999999884,UP,0.27388535031847133,0.7261146496815287,0.7261146496815287,0.27388535031847133,UP,0.7261146496815287,0.72,0.73,0.27,0.28,0.73,-0.003885350318471259,LEAN,NO VALUE
2026-08-23T23:17:43.182047+00:00,KXBTC15M-26AUG231930-30,77455.9,2.7197007833333333,12.280299216666666,77469.61,13.710000000006403,UP,0.4336734693877551,0.5663265306122449,0.5663265306122449,0.4336734693877551,UP,0.5663265306122449,0.55,0.56,0.44,0.45,0.56,0.006326530612244863,RAW,SMALL EDGE
2026-08-23T23:18:05.423315+00:00,KXBTC15M-26AUG231930-30,77455.9,3.0903885833333335,11.909611416666667,77507.62,51.720000000001164,UP,0.4090909090909091,0.5909090909090908,0.5909090909090908,0.4090909090909091,UP,0.5909090909090908,0.55,0.56,0.44,0.45,0.56,0.030909090909090775,RAW,SMALL EDGE
2026-08-23T23:18:30.516002+00:00,KXBTC15M-26AUG231930-30,77455.9,3.508600033333333,11.491399966666668,77572.61,116.7100000000064,UP,0.19811320754716982,0.8018867924528301,0.8018867924528301,0.19811320754716982,UP,0.8018867924528301,0.67,0.68,0.32,0.33,0.68,0.12188679245283007,STRONG,POSITIVE EDGE
2026-08-23T23:18:53.483801+00:00,KXBTC15M-26AUG231930-30,77455.9,3.8913966833333333,11.108603316666667,77586.97,131.07000000000698,UP,0.109375,0.890625,0.890625,0.109375,UP,0.890625,0.8,0.81,0.19,0.2,0.81,0.08062499999999995,STRONG,SMALL EDGE
2026-08-23T23:19:19.513804+00:00,KXBTC15M-26AUG231930-30,77455.9,4.325230066666666,10.674769933333332,77585.7,129.8000000000029,UP,0.19811320754716982,0.8018867924528301,0.8018867924528301,0.19811320754716982,UP,0.8018867924528301,0.85,0.86,0.14,0.15,0.86,-0.058113207547169865,STRONG,NO VALUE
2026-08-23T23:19:41.495294+00:00,KXBTC15M-26AUG231930-30,77455.9,4.691588233333333,10.308411766666667,77547.7,91.80000000000291,UP,0.3652173913043478,0.6347826086956522,0.6347826086956522,0.3652173913043478,UP,0.6347826086956522,0.85,0.86,0.14,0.15,0.86,-0.2252173913043478,RAW,NO VALUE
2026-08-23T23:20:08.560122+00:00,KXBTC15M-26AUG231930-30,77455.9,5.1426687,9.8573313,77519.23,63.330000000001746,UP,0.39344262295081966,0.6065573770491803,0.6065573770491803,0.39344262295081966,UP,0.6065573770491803,0.77,0.78,0.22,0.23,0.78,-0.1734426229508197,RAW,NO VALUE
2026-08-23T23:20:28.827979+00:00,KXBTC15M-26AUG231930-30,77455.9,5.480466316666667,9.519533683333332,77524.28,68.38000000000466,UP,0.39344262295081966,0.6065573770491803,0.6065573770491803,0.39344262295081966,UP,0.6065573770491803,0.74,0.75,0.25,0.26,0.75,-0.14344262295081966,RAW,NO VALUE
2026-08-23T23:20:56.929619+00:00,KXBTC15M-26AUG231930-30,77455.9,5.948826983333333,9.051173016666667,77526.9,71.0,UP,0.3652173913043478,0.6347826086956522,0.6347826086956522,0.3652173913043478,UP,0.6347826086956522,0.74,0.75,0.25,0.26,0.75,-0.11521739130434783,RAW,NO VALUE
2026-08-23T23:21:18.028157+00:00,KXBTC15M-26AUG231930-30,77455.9,6.300469283333333,8.699530716666667,77542.19,86.29000000000815,UP,0.27388535031847133,0.7261146496815287,0.7261146496815287,0.27388535031847133,UP,0.7261146496815287,0.76,0.77,0.23,0.24,0.77,-0.043885350318471295,LEAN,NO VALUE
2026-08-23T23:21:44.960652+00:00,KXBTC15M-26AUG231930-30,77455.9,6.7493441999999995,8.2506558,77542.18,86.27999999999884,UP,0.27388535031847133,0.7261146496815287,0.7261146496815287,0.27388535031847133,UP,0.7261146496815287,0.78,0.79,0.21,0.22,0.79,-0.06388535031847131,LEAN,NO VALUE
2026-08-23T23:22:07.416432+00:00,KXBTC15M-26AUG231930-30,77455.9,7.1236071999999995,7.8763928000000005,77512.45,56.55000000000291,UP,0.39344262295081966,0.6065573770491803,0.6065573770491803,0.39344262295081966,UP,0.6065573770491803,0.78,0.79,0.21,0.22,0.79,-0.1834426229508197,RAW,NO VALUE
2026-08-23T23:22:33.834699+00:00,KXBTC15M-26AUG231930-30,77455.9,7.56391165,7.43608835,77507.76,51.86000000000058,UP,0.39344262295081966,0.6065573770491803,0.6065573770491803,0.39344262295081966,UP,0.6065573770491803,0.76,0.77,0.23,0.24,0.77,-0.16344262295081968,RAW,NO VALUE
2026-08-23T23:22:55.597518+00:00,KXBTC15M-26AUG231930-30,77455.9,7.9266252999999995,7.0733747000000005,77519.46,63.560000000012224,UP,0.3652173913043478,0.6347826086956522,0.6347826086956522,0.3652173913043478,UP,0.6347826086956522,0.76,0.77,0.23,0.24,0.77,-0.13521739130434784,RAW,NO VALUE
2026-08-23T23:23:21.775231+00:00,KXBTC15M-26AUG231930-30,77455.9,8.362920516666668,6.637079483333333,77489.55,33.65000000000873,UP,0.4336734693877551,0.5663265306122449,0.5663265306122449,0.4336734693877551,UP,0.5663265306122449,0.79,0.8,0.2,0.21,0.8,-0.23367346938775513,RAW,NO VALUE
2026-08-23T23:23:43.686537+00:00,KXBTC15M-26AUG231930-30,77455.9,8.728108950000001,6.27189105,77500.16,44.26000000000931,UP,0.4090909090909091,0.5909090909090908,0.5909090909090908,0.4090909090909091,UP,0.5909090909090908,0.79,0.8,0.2,0.21,0.8,-0.20909090909090922,RAW,NO VALUE
2026-08-23T23:24:10.247192+00:00,KXBTC15M-26AUG231930-30,77455.9,9.170786533333334,5.829213466666667,77505.85,49.95000000001164,UP,0.27388535031847133,0.7261146496815287,0.7261146496815287,0.27388535031847133,UP,0.7261146496815287,0.73,0.74,0.26,0.27,0.74,-0.013885350318471268,LEAN,NO VALUE
2026-08-23T23:24:31.382432+00:00,KXBTC15M-26AUG231930-30,77455.9,9.523040533333333,5.476959466666667,77492.53,36.63000000000466,UP,0.3652173913043478,0.6347826086956522,0.6347826086956522,0.3652173913043478,UP,0.6347826086956522,0.74,0.75,0.25,0.26,0.75,-0.11521739130434783,RAW,NO VALUE
2026-08-23T23:24:58.068773+00:00,KXBTC15M-26AUG231930-30,77455.9,9.967812883333332,5.032187116666666,77484.25,28.35000000000582,UP,0.39344262295081966,0.6065573770491803,0.6065573770491803,0.39344262295081966,UP,0.6065573770491803,0.67,0.69,0.31,0.33,0.69,-0.08344262295081961,RAW,NO VALUE
2026-08-23T23:25:19.173042+00:00,KXBTC15M-26AUG231930-30,77455.9,10.3195507,4.6804493,77478.14,22.24000000000524,UP,0.3652173913043478,0.6347826086956522,0.6347826086956522,0.3652173913043478,UP,0.6347826086956522,0.67,0.69,0.31,0.33,0.69,-0.055217391304347774,RAW,NO VALUE
2026-08-23T23:25:47.075953+00:00,KXBTC15M-26AUG231930-30,77455.9,10.784599216666667,4.215400783333333,77449.0,-6.899999999994179,DOWN,0.42857142857142855,0.5714285714285714,0.42857142857142855,0.5714285714285714,DOWN,0.5714285714285714,0.66,0.67,0.33,0.34,0.34,0.23142857142857137,RAW,IDEAL <=50c / LARGE EDGE
2026-08-23T23:26:06.496686+00:00,KXBTC15M-26AUG231930-30,77455.9,11.1082781,3.8917219,77481.06,25.160000000003492,UP,0.39344262295081966,0.6065573770491803,0.6065573770491803,0.39344262295081966,UP,0.6065573770491803,0.48,0.49,0.51,0.52,0.49,0.11655737704918034,RAW,POSITIVE EDGE
2026-08-23T23:26:34.997001+00:00,KXBTC15M-26AUG231930-30,77455.9,11.583283349999999,3.4167166499999997,77488.69,32.79000000000815,UP,0.24060150375939848,0.7593984962406015,0.7593984962406015,0.24060150375939848,UP,0.7593984962406015,0.87,0.88,0.12,0.13,0.88,-0.12060150375939849,LEAN,NO VALUE
2026-08-23T23:26:55.314715+00:00,KXBTC15M-26AUG231930-30,77455.9,11.921911916666666,3.0780880833333333,77540.24,84.34000000001106,UP,0.05128205128205128,0.9487179487179487,0.9487179487179487,0.05128205128205128,UP,0.9487179487179487,0.87,0.88,0.12,0.13,0.88,0.06871794871794867,LOCK,SMALL EDGE
2026-08-23T23:27:22.721740+00:00,KXBTC15M-26AUG231930-30,77455.9,12.378695666666665,2.6213043333333332,77595.65,139.75,UP,0.011904761904761904,0.9880952380952381,0.9880952380952381,0.011904761904761904,UP,0.9880952380952381,0.953,0.954,0.046,0.047,0.954,0.03409523809523818,LOCK,SMALL EDGE
2026-08-23T23:27:43.308854+00:00,KXBTC15M-26AUG231930-30,77455.9,12.721814233333333,2.2781857666666667,77560.63,104.73000000001048,UP,0.011904761904761904,0.9880952380952381,0.9880952380952381,0.011904761904761904,UP,0.9880952380952381,0.953,0.954,0.046,0.047,0.954,0.03409523809523818,LOCK,SMALL EDGE
2026-08-23T23:28:12.056223+00:00,KXBTC15M-26AUG231930-30,77455.9,13.20093705,1.79906295,77567.44,111.54000000000815,UP,0.011904761904761904,0.9880952380952381,0.9880952380952381,0.011904761904761904,UP,0.9880952380952381,0.987,0.989,0.011,0.013,0.989,-0.0009047619047618527,LOCK,NO VALUE
2026-08-23T23:28:31.052354+00:00,KXBTC15M-26AUG231930-30,77455.9,13.517539233333334,1.4824607666666667,77583.19,127.29000000000815,UP,0.011904761904761904,0.9880952380952381,0.9880952380952381,0.011904761904761904,UP,0.9880952380952381,0.992,0.994,0.006,0.008,0.994,-0.005904761904761857,LOCK,NO VALUE
2026-08-23T23:28:59.718649+00:00,KXBTC15M-26AUG231930-30,77455.9,13.995310816666667,1.0046891833333333,77591.52,135.6200000000099,UP,0.011904761904761904,0.9880952380952381,0.9880952380952381,0.011904761904761904,UP,0.9880952380952381,0.998,0.999,0.001,0.002,0.999,-0.010904761904761862,LOCK,NO VALUE
2026-08-23T23:29:19.419797+00:00,KXBTC15M-26AUG231930-30,77455.9,14.323663283333333,0.6763367166666666,77603.72,147.82000000000698,UP,0.011904761904761904,0.9880952380952381,0.9880952380952381,0.011904761904761904,UP,0.9880952380952381,0.998,0.999,0.001,0.002,0.999,-0.010904761904761862,LOCK,NO VALUE
2026-08-23T23:29:47.182279+00:00,KXBTC15M-26AUG231930-30,77455.9,14.786371316666667,0.21362868333333335,77652.34,196.44000000000233,UP,0.011904761904761904,0.9880952380952381,0.9880952380952381,0.011904761904761904,UP,0.9880952380952381,0.999,1.0,0.0,0.001,1.0,-0.011904761904761862,LOCK,NO VALUE
2026-08-23T23:30:24.266174+00:00,KXBTC15M-26AUG231945-45,77624.19,0.40443623333333334,14.595563766666666,77719.08,94.88999999999942,UP,0.4336734693877551,0.5663265306122449,0.5663265306122449,0.4336734693877551,UP,0.5663265306122449,0.64,0.65,0.35,0.36,0.65,-0.0836734693877551,RAW,NO VALUE
2026-08-23T23:30:38.312967+00:00,KXBTC15M-26AUG231945-45,77624.19,0.63854945,14.36145055,77750.0,125.80999999999767,UP,0.39344262295081966,0.6065573770491803,0.6065573770491803,0.39344262295081966,UP,0.6065573770491803,0.64,0.65,0.35,0.36,0.65,-0.04344262295081969,RAW,NO VALUE
2026-08-23T23:31:02.023999+00:00,KXBTC15M-26AUG231945-45,77624.19,1.0337333166666667,13.966266683333334,77763.74,139.5500000000029,UP,0.39344262295081966,0.6065573770491803,0.6065573770491803,0.39344262295081966,UP,0.6065573770491803,0.79,0.8,0.2,0.21,0.8,-0.1934426229508197,RAW,NO VALUE
2026-08-23T23:31:28.898225+00:00,KXBTC15M-26AUG231945-45,77624.19,1.4816370833333332,13.518362916666666,77744.65,120.45999999999185,UP,0.39344262295081966,0.6065573770491803,0.6065573770491803,0.39344262295081966,UP,0.6065573770491803,0.78,0.79,0.21,0.22,0.79,-0.1834426229508197,RAW,NO VALUE
2026-08-23T23:31:50.413996+00:00,KXBTC15M-26AUG231945-45,77624.19,1.8402332666666665,13.159766733333333,77798.08,173.88999999999942,UP,0.27388535031847133,0.7261146496815287,0.7261146496815287,0.27388535031847133,UP,0.7261146496815287,0.78,0.79,0.21,0.22,0.79,-0.06388535031847131,LEAN,NO VALUE
2026-08-23T23:32:17.455234+00:00,KXBTC15M-26AUG231945-45,77624.19,2.2909205666666663,12.709079433333333,77805.76,181.56999999999243,UP,0.24060150375939848,0.7593984962406015,0.7593984962406015,0.24060150375939848,UP,0.7593984962406015,0.84,0.85,0.15,0.16,0.85,-0.09060150375939846,LEAN,NO VALUE
2026-08-23T23:32:37.359485+00:00,KXBTC15M-26AUG231945-45,77624.19,2.6226580833333335,12.377341916666667,77802.95,178.75999999999476,UP,0.24060150375939848,0.7593984962406015,0.7593984962406015,0.24060150375939848,UP,0.7593984962406015,0.86,0.87,0.13,0.14,0.87,-0.11060150375939848,LEAN,NO VALUE
2026-08-23T23:33:05.657580+00:00,KXBTC15M-26AUG231945-45,77624.19,3.094293,11.905707,77744.63,120.44000000000233,UP,0.39344262295081966,0.6065573770491803,0.6065573770491803,0.39344262295081966,UP,0.6065573770491803,0.78,0.79,0.21,0.22,0.79,-0.1834426229508197,RAW,NO VALUE
2026-08-23T23:33:26.887448+00:00,KXBTC15M-26AUG231945-45,77624.19,3.4481241333333332,11.551875866666668,77733.34,109.14999999999418,UP,0.39344262295081966,0.6065573770491803,0.6065573770491803,0.39344262295081966,UP,0.6065573770491803,0.78,0.79,0.21,0.22,0.79,-0.1834426229508197,RAW,NO VALUE
2026-08-23T23:33:53.479713+00:00,KXBTC15M-26AUG231945-45,77624.19,3.89132855,11.108671450000001,77734.42,110.22999999999593,UP,0.39344262295081966,0.6065573770491803,0.6065573770491803,0.39344262295081966,UP,0.6065573770491803,0.81,0.82,0.18,0.19,0.82,-0.21344262295081962,RAW,NO VALUE
2026-08-23T23:34:14.927884+00:00,KXBTC15M-26AUG231945-45,77624.19,4.248798066666667,10.751201933333334,77706.97,82.77999999999884,UP,0.42857142857142855,0.5714285714285714,0.5714285714285714,0.42857142857142855,UP,0.5714285714285714,0.74,0.75,0.25,0.26,0.75,-0.1785714285714286,RAW,NO VALUE
2026-08-23T23:34:40.219933+00:00,KXBTC15M-26AUG231945-45,77624.19,4.670332216666667,10.329667783333333,77691.46,67.27000000000407,UP,0.42857142857142855,0.5714285714285714,0.5714285714285714,0.42857142857142855,UP,0.5714285714285714,0.72,0.73,0.27,0.28,0.73,-0.15857142857142859,RAW,NO VALUE
2026-08-23T23:35:03.804096+00:00,KXBTC15M-26AUG231945-45,77624.19,5.063401600000001,9.936598400000001,77672.06,47.86999999999534,UP,0.4336734693877551,0.5663265306122449,0.5663265306122449,0.4336734693877551,UP,0.5663265306122449,0.72,0.73,0.27,0.28,0.73,-0.16367346938775507,RAW,NO VALUE
2026-08-23T23:35:27.438171+00:00,KXBTC15M-26AUG231945-45,77624.19,5.4573028500000005,9.54269715,77680.52,56.330000000001746,UP,0.4336734693877551,0.5663265306122449,0.5663265306122449,0.4336734693877551,UP,0.5663265306122449,0.69,0.7,0.3,0.31,0.7,-0.13367346938775504,RAW,NO VALUE
2026-08-23T23:35:52.923190+00:00,KXBTC15M-26AUG231945-45,77624.19,5.882053166666666,9.117946833333333,77675.3,51.11000000000058,UP,0.4336734693877551,0.5663265306122449,0.5663265306122449,0.4336734693877551,UP,0.5663265306122449,0.69,0.7,0.3,0.31,0.7,-0.13367346938775504,RAW,NO VALUE
2026-08-23T23:36:15.598432+00:00,KXBTC15M-26AUG231945-45,77624.19,6.259973866666667,8.740026133333334,77622.4,-1.790000000008149,DOWN,0.42857142857142855,0.5714285714285714,0.42857142857142855,0.5714285714285714,DOWN,0.5714285714285714,0.69,0.7,0.3,0.31,0.31,0.2614285714285714,RAW,IDEAL <=50c / LARGE EDGE
2026-08-23T23:36:41.605126+00:00,KXBTC15M-26AUG231945-45,77624.19,6.6934187666666665,8.306581233333334,77625.97,1.7799999999988358,UP,0.42857142857142855,0.5714285714285714,0.5714285714285714,0.42857142857142855,UP,0.5714285714285714,0.53,0.54,0.46,0.47,0.54,0.03142857142857136,RAW,SMALL EDGE
2026-08-23T23:37:02.539041+00:00,KXBTC15M-26AUG231945-45,77624.19,7.04231735,7.95768265,77607.52,-16.669999999998254,DOWN,0.39344262295081966,0.6065573770491803,0.39344262295081966,0.6065573770491803,DOWN,0.6065573770491803,0.53,0.54,0.46,0.47,0.47,0.13655737704918036,RAW,POSITIVE EDGE
2026-08-23T23:37:30.591288+00:00,KXBTC15M-26AUG231945-45,77624.19,7.5098548,7.4901452,77595.67,-28.520000000004075,DOWN,0.3652173913043478,0.6347826086956522,0.3652173913043478,0.6347826086956522,DOWN,0.6347826086956522,0.53,0.54,0.46,0.47,0.47,0.1647826086956522,RAW,ATTRACTIVE <=50c
2026-08-23T23:37:50.526880+00:00,KXBTC15M-26AUG231945-45,77624.19,7.842114666666666,7.157885333333334,77597.21,-26.979999999995925,DOWN,0.3652173913043478,0.6347826086956522,0.3652173913043478,0.6347826086956522,DOWN,0.6347826086956522,0.53,0.54,0.46,0.47,0.47,0.1647826086956522,RAW,ATTRACTIVE <=50c
2026-08-23T23:38:19.017442+00:00,KXBTC15M-26AUG231945-45,77624.19,8.316957366666667,6.683042633333333,77583.44,-40.75,DOWN,0.27388535031847133,0.7261146496815287,0.27388535031847133,0.7261146496815287,DOWN,0.7261146496815287,0.45,0.46,0.54,0.55,0.55,0.17611464968152868,LEAN,POSITIVE EDGE
2026-08-23T23:38:38.222146+00:00,KXBTC15M-26AUG231945-45,77624.19,8.637035766666665,6.362964233333333,77591.83,-32.36000000000058,DOWN,0.3652173913043478,0.6347826086956522,0.3652173913043478,0.6347826086956522,DOWN,0.6347826086956522,0.41,0.42,0.58,0.59,0.59,0.044782608695652204,RAW,SMALL EDGE
2026-08-23T23:39:07.157410+00:00,KXBTC15M-26AUG231945-45,77624.19,9.119290166666667,5.8807098333333325,77554.57,-69.61999999999534,DOWN,0.27388535031847133,0.7261146496815287,0.27388535031847133,0.7261146496815287,DOWN,0.7261146496815287,0.25,0.26,0.74,0.75,0.75,-0.023885350318471277,LEAN,NO VALUE
2026-08-23T23:39:27.654877+00:00,KXBTC15M-26AUG231945-45,77624.19,9.460914616666667,5.539085383333333,77523.09,-101.10000000000582,DOWN,0.27388535031847133,0.7261146496815287,0.27388535031847133,0.7261146496815287,DOWN,0.7261146496815287,0.25,0.26,0.74,0.75,0.75,-0.023885350318471277,LEAN,NO VALUE
2026-08-23T23:39:56.233757+00:00,KXBTC15M-26AUG231945-45,77624.19,9.937229283333332,5.062770716666666,77527.74,-96.44999999999709,DOWN,0.24060150375939848,0.7593984962406015,0.24060150375939848,0.7593984962406015,DOWN,0.7593984962406015,0.11,0.12,0.88,0.89,0.89,-0.1306015037593985,LEAN,NO VALUE
2026-08-23T23:40:16.473449+00:00,KXBTC15M-26AUG231945-45,77624.19,10.274557483333332,4.725442516666666,77515.45,-108.74000000000524,DOWN,0.109375,0.890625,0.109375,0.890625,DOWN,0.890625,0.11,0.12,0.88,0.89,0.89,0.0006249999999999867,STRONG,SMALL EDGE
2026-08-23T23:40:45.461846+00:00,KXBTC15M-26AUG231945-45,77624.19,10.757697433333334,4.242302566666667,77553.64,-70.55000000000291,DOWN,0.109375,0.890625,0.109375,0.890625,DOWN,0.890625,0.092,0.093,0.907,0.908,0.908,-0.01737500000000003,STRONG,NO VALUE
2026-08-23T23:41:05.276747+00:00,KXBTC15M-26AUG231945-45,77624.19,11.087945783333334,3.9120542166666668,77565.03,-59.16000000000349,DOWN,0.19811320754716982,0.8018867924528301,0.19811320754716982,0.8018867924528301,DOWN,0.8018867924528301,0.21,0.22,0.78,0.79,0.79,0.011886792452830086,STRONG,SMALL EDGE
2026-08-23T23:41:33.826753+00:00,KXBTC15M-26AUG231945-45,77624.19,11.563779216666667,3.4362207833333334,77529.99,-94.19999999999709,DOWN,0.06989247311827956,0.9301075268817205,0.06989247311827956,0.9301075268817205,DOWN,0.9301075268817205,0.12,0.13,0.87,0.88,0.88,0.05010752688172049,LOCK,SMALL EDGE
2026-08-23T23:41:54.058799+00:00,KXBTC15M-26AUG231945-45,77624.19,11.900979983333334,3.0990200166666666,77526.91,-97.27999999999884,DOWN,0.06989247311827956,0.9301075268817205,0.06989247311827956,0.9301075268817205,DOWN,0.9301075268817205,0.12,0.13,0.87,0.88,0.88,0.05010752688172049,LOCK,SMALL EDGE
2026-08-23T23:42:22.838190+00:00,KXBTC15M-26AUG231945-45,77624.19,12.380636500000001,2.6193635,77513.28,-110.91000000000349,DOWN,0.011904761904761904,0.9880952380952381,0.011904761904761904,0.9880952380952381,DOWN,0.9880952380952381,0.051,0.052,0.948,0.949,0.949,0.03909523809523818,LOCK,SMALL EDGE
2026-08-23T23:42:42.979057+00:00,KXBTC15M-26AUG231945-45,77624.19,12.716317616666666,2.2836823833333333,77484.89,-139.3000000000029,DOWN,0.011904761904761904,0.9880952380952381,0.011904761904761904,0.9880952380952381,DOWN,0.9880952380952381,0.015,0.019,0.981,0.985,0.985,0.003095238095238151,LOCK,SMALL EDGE
2026-08-23T23:43:12.648087+00:00,KXBTC15M-26AUG231945-45,77624.19,13.21080145,1.7891985499999998,77470.45,-153.74000000000524,DOWN,0.011904761904761904,0.9880952380952381,0.011904761904761904,0.9880952380952381,DOWN,0.9880952380952381,0.002,0.003,0.997,0.998,0.998,-0.00990476190476186,LOCK,NO VALUE
2026-08-23T23:43:31.604604+00:00,KXBTC15M-26AUG231945-45,77624.19,13.526743399999999,1.4732566,77461.12,-163.07000000000698,DOWN,0.011904761904761904,0.9880952380952381,0.011904761904761904,0.9880952380952381,DOWN,0.9880952380952381,0.002,0.003,0.997,0.998,0.998,-0.00990476190476186,LOCK,NO VALUE
2026-08-23T23:44:00.247499+00:00,KXBTC15M-26AUG231945-45,77624.19,14.004124983333332,0.9958750166666667,77431.41,-192.77999999999884,DOWN,0.011904761904761904,0.9880952380952381,0.011904761904761904,0.9880952380952381,DOWN,0.9880952380952381,0.0,0.001,0.999,1.0,1.0,-0.011904761904761862,LOCK,NO VALUE
2026-08-23T23:44:20.998982+00:00,KXBTC15M-26AUG231945-45,77624.19,14.349983033333332,0.6500169666666668,77427.58,-196.61000000000058,DOWN,0.011904761904761904,0.9880952380952381,0.011904761904761904,0.9880952380952381,DOWN,0.9880952380952381,0.0,0.001,0.999,1.0,1.0,-0.011904761904761862,LOCK,NO VALUE
2026-08-23T23:44:49.787786+00:00,KXBTC15M-26AUG231945-45,77624.19,14.829796433333334,0.17020356666666667,77477.18,-147.0100000000093,DOWN,0.011904761904761904,0.9880952380952381,0.011904761904761904,0.9880952380952381,DOWN,0.9880952380952381,0.0,0.001,0.999,1.0,1.0,-0.011904761904761862,LOCK,NO VALUE
2026-08-23T23:45:27.116782+00:00,KXBTC15M-26AUG232000-00,77453.21,0.45194636666666665,14.548053633333334,77502.99,49.779999999998836,UP,0.4336734693877551,0.5663265306122449,0.5663265306122449,0.4336734693877551,UP,0.5663265306122449,0.63,0.64,0.36,0.37,0.64,-0.0736734693877551,RAW,NO VALUE
2026-08-23T23:45:39.480302+00:00,KXBTC15M-26AUG232000-00,77453.21,0.6580050333333334,14.341994966666666,77479.97,26.75999999999476,UP,0.4336734693877551,0.5663265306122449,0.5663265306122449,0.4336734693877551,UP,0.5663265306122449,0.63,0.64,0.36,0.37,0.64,-0.0736734693877551,RAW,NO VALUE
2026-08-23T23:46:06.027042+00:00,KXBTC15M-26AUG232000-00,77453.21,1.1004507,13.899549299999999,77497.77,44.55999999999767,UP,0.4336734693877551,0.5663265306122449,0.5663265306122449,0.4336734693877551,UP,0.5663265306122449,0.61,0.62,0.38,0.39,0.62,-0.05367346938775508,RAW,NO VALUE
2026-08-23T23:46:28.057873+00:00,KXBTC15M-26AUG232000-00,77453.21,1.4676312166666667,13.532368783333334,77530.72,77.50999999999476,UP,0.39344262295081966,0.6065573770491803,0.6065573770491803,0.39344262295081966,UP,0.6065573770491803,0.61,0.62,0.38,0.39,0.62,-0.01344262295081966,RAW,NO VALUE
2026-08-23T23:46:55.522776+00:00,KXBTC15M-26AUG232000-00,77453.21,1.9253795999999999,13.074620399999999,77532.62,79.40999999998894,UP,0.39344262295081966,0.6065573770491803,0.6065573770491803,0.39344262295081966,UP,0.6065573770491803,0.74,0.75,0.25,0.26,0.75,-0.14344262295081966,RAW,NO VALUE
2026-08-23T23:47:16.746874+00:00,KXBTC15M-26AUG232000-00,77453.21,2.2791145666666663,12.720885433333333,77542.0,88.7899999999936,UP,0.39344262295081966,0.6065573770491803,0.6065573770491803,0.39344262295081966,UP,0.6065573770491803,0.75,0.76,0.24,0.25,0.76,-0.15344262295081967,RAW,NO VALUE
2026-08-23T23:47:44.840003+00:00,KXBTC15M-26AUG232000-00,77453.21,2.7473333833333333,12.252666616666666,77532.11,78.89999999999418,UP,0.39344262295081966,0.6065573770491803,0.6065573770491803,0.39344262295081966,UP,0.6065573770491803,0.78,0.79,0.21,0.22,0.79,-0.1834426229508197,RAW,NO VALUE
2026-08-23T23:48:04.415845+00:00,KXBTC15M-26AUG232000-00,77453.21,3.0735974166666664,11.926402583333333,77548.99,95.77999999999884,UP,0.3652173913043478,0.6347826086956522,0.6347826086956522,0.3652173913043478,UP,0.6347826086956522,0.78,0.79,0.21,0.22,0.79,-0.15521739130434786,RAW,NO VALUE
2026-08-23T23:48:34.716820+00:00,KXBTC15M-26AUG232000-00,77453.21,3.578613666666667,11.421386333333334,77568.85,115.63999999999942,UP,0.27388535031847133,0.7261146496815287,0.7261146496815287,0.27388535031847133,UP,0.7261146496815287,0.78,0.79,0.21,0.22,0.79,-0.06388535031847131,LEAN,NO VALUE
2026-08-23T23:48:51.804871+00:00,KXBTC15M-26AUG232000-00,77453.21,3.8634145166666665,11.136585483333333,77576.47,123.25999999999476,UP,0.27388535031847133,0.7261146496815287,0.7261146496815287,0.27388535031847133,UP,0.7261146496815287,0.83,0.84,0.16,0.17,0.84,-0.11388535031847125,LEAN,NO VALUE
2026-08-23T23:49:22.699945+00:00,KXBTC15M-26AUG232000-00,77453.21,4.378332416666667,10.621667583333334,77537.29,84.0799999999872,UP,0.3652173913043478,0.6347826086956522,0.6347826086956522,0.3652173913043478,UP,0.6347826086956522,0.77,0.78,0.22,0.23,0.78,-0.14521739130434785,RAW,NO VALUE
2026-08-23T23:49:41.279929+00:00,KXBTC15M-26AUG232000-00,77453.21,4.687998816666666,10.312001183333333,77546.0,92.7899999999936,UP,0.27388535031847133,0.7261146496815287,0.7261146496815287,0.27388535031847133,UP,0.7261146496815287,0.8,0.81,0.19,0.2,0.81,-0.08388535031847133,LEAN,NO VALUE
2026-08-23T23:50:11.150543+00:00,KXBTC15M-26AUG232000-00,77453.21,5.185842383333334,9.814157616666668,77561.28,108.06999999999243,UP,0.06989247311827956,0.9301075268817205,0.9301075268817205,0.06989247311827956,UP,0.9301075268817205,0.8,0.81,0.19,0.2,0.81,0.12010752688172044,EARLY 90%+ / NOT YET VALIDATED LOCK,POSITIVE EDGE
2026-08-23T23:50:30.258251+00:00,KXBTC15M-26AUG232000-00,77453.21,5.504304183333333,9.495695816666666,77571.75,118.5399999999936,UP,0.06989247311827956,0.9301075268817205,0.9301075268817205,0.06989247311827956,UP,0.9301075268817205,0.82,0.83,0.17,0.18,0.83,0.10010752688172053,EARLY 90%+ / NOT YET VALIDATED LOCK,POSITIVE EDGE
2026-08-23T23:51:01.012982+00:00,KXBTC15M-26AUG232000-00,77453.21,6.016883033333333,8.983116966666667,77592.29,139.0799999999872,UP,0.05128205128205128,0.9487179487179487,0.9487179487179487,0.05128205128205128,UP,0.9487179487179487,0.89,0.9,0.1,0.11,0.9,0.048717948717948656,EARLY 90%+ / NOT YET VALIDATED LOCK,SMALL EDGE
2026-08-23T23:51:18.502720+00:00,KXBTC15M-26AUG232000-00,77453.21,6.308378666666667,8.691621333333334,77641.49,188.27999999999884,UP,0.10714285714285714,0.8928571428571429,0.8928571428571429,0.10714285714285714,UP,0.8928571428571429,0.89,0.9,0.1,0.11,0.9,-0.0071428571428571175,STRONG,NO VALUE
2026-08-23T23:51:48.874014+00:00,KXBTC15M-26AUG232000-00,77453.21,6.8145669,8.185433100000001,77576.56,123.34999999999127,UP,0.06989247311827956,0.9301075268817205,0.9301075268817205,0.06989247311827956,UP,0.9301075268817205,0.92,0.921,0.079,0.08,0.921,0.009107526881720451,EARLY 90%+ / NOT YET VALIDATED LOCK,SMALL EDGE
2026-08-23T23:52:07.866560+00:00,KXBTC15M-26AUG232000-00,77453.21,7.131109333333333,7.868890666666667,77576.57,123.36000000000058,UP,0.034482758620689655,0.9655172413793104,0.9655172413793104,0.034482758620689655,UP,0.9655172413793104,0.89,0.9,0.1,0.11,0.9,0.06551724137931036,EARLY 90%+ / NOT YET VALIDATED LOCK,SMALL EDGE
2026-08-23T23:52:38.967677+00:00,KXBTC15M-26AUG232000-00,77453.21,7.649461283333333,7.350538716666667,77563.96,110.75,UP,0.06989247311827956,0.9301075268817205,0.9301075268817205,0.06989247311827956,UP,0.9301075268817205,0.86,0.87,0.13,0.14,0.87,0.0601075268817205,EARLY 90%+ / NOT YET VALIDATED LOCK,SMALL EDGE
2026-08-23T23:52:57.305787+00:00,KXBTC15M-26AUG232000-00,77453.21,7.95509645,7.04490355,77559.45,106.23999999999069,UP,0.10714285714285714,0.8928571428571429,0.8928571428571429,0.10714285714285714,UP,0.8928571428571429,0.86,0.87,0.13,0.14,0.87,0.02285714285714291,STRONG,SMALL EDGE
2026-08-23T23:53:29.484214+00:00,KXBTC15M-26AUG232000-00,77453.21,8.491403566666667,6.5085964333333335,77535.08,81.86999999999534,UP,0.19811320754716982,0.8018867924528301,0.8018867924528301,0.19811320754716982,UP,0.8018867924528301,0.88,0.89,0.11,0.12,0.89,-0.08811320754716989,STRONG,NO VALUE
2026-08-23T23:53:46.972375+00:00,KXBTC15M-26AUG232000-00,77453.21,8.782872916666667,6.217127083333334,77528.96,75.75,UP,0.24060150375939848,0.7593984962406015,0.7593984962406015,0.24060150375939848,UP,0.7593984962406015,0.88,0.89,0.11,0.12,0.89,-0.1306015037593985,LEAN,NO VALUE
2026-08-23T23:54:18.066124+00:00,KXBTC15M-26AUG232000-00,77453.21,9.301102066666665,5.698897933333333,77550.0,96.7899999999936,UP,0.06989247311827956,0.9301075268817205,0.9301075268817205,0.06989247311827956,UP,0.9301075268817205,0.87,0.88,0.12,0.13,0.88,0.05010752688172049,90%+ LOCK CANDIDATE,SMALL EDGE
2026-08-23T23:54:35.488185+00:00,KXBTC15M-26AUG232000-00,77453.21,9.59146975,5.40853025,77579.15,125.93999999998778,UP,0.011904761904761904,0.9880952380952381,0.9880952380952381,0.011904761904761904,UP,0.9880952380952381,0.982,0.983,0.017,0.018,0.983,0.005095238095238153,90%+ LOCK CANDIDATE,SMALL EDGE
2026-08-23T23:55:06.400061+00:00,KXBTC15M-26AUG232000-00,77453.21,10.106667683333335,4.893332316666667,77625.36,172.14999999999418,UP,0.011904761904761904,0.9880952380952381,0.9880952380952381,0.011904761904761904,UP,0.9880952380952381,0.985,0.987,0.013,0.015,0.987,0.001095238095238149,LOCK,SMALL EDGE
2026-08-23T23:55:24.488624+00:00,KXBTC15M-26AUG232000-00,77453.21,10.408143733333333,4.5918562666666665,77682.99,229.77999999999884,UP,0.0,1.0,1.0,0.0,UP,1.0,0.985,0.987,0.013,0.015,0.987,0.013000000000000012,LOCK,SMALL EDGE
2026-08-23T23:55:54.364022+00:00,KXBTC15M-26AUG232000-00,77453.21,10.906067033333333,4.093932966666666,77698.8,245.5899999999965,UP,0.0,1.0,1.0,0.0,UP,1.0,0.99,0.991,0.009,0.01,0.991,0.009000000000000008,LOCK,SMALL EDGE
2026-08-23T23:56:13.850920+00:00,KXBTC15M-26AUG232000-00,77453.21,11.230848666666667,3.7691513333333333,77691.15,237.93999999998778,UP,0.0,1.0,1.0,0.0,UP,1.0,0.994,0.995,0.005,0.006,0.995,0.0050000000000000044,LOCK,SMALL EDGE
2026-08-23T23:56:44.381143+00:00,KXBTC15M-26AUG232000-00,77453.21,11.739685716666665,3.2603142833333334,77698.8,245.5899999999965,UP,0.0,1.0,1.0,0.0,UP,1.0,0.997,0.998,0.002,0.003,0.998,0.0020000000000000018,LOCK,SMALL EDGE
2026-08-23T23:57:02.175833+00:00,KXBTC15M-26AUG232000-00,77453.21,12.036263883333334,2.9637361166666665,77675.56,222.34999999999127,UP,0.0,1.0,1.0,0.0,UP,1.0,0.997,0.998,0.002,0.003,0.998,0.0020000000000000018,LOCK,SMALL EDGE
2026-08-23T23:57:32.298424+00:00,KXBTC15M-26AUG232000-00,77453.21,12.538307066666667,2.461692933333333,77652.97,199.75999999999476,UP,0.0,1.0,1.0,0.0,UP,1.0,0.996,0.997,0.003,0.004,0.997,0.0030000000000000027,LOCK,SMALL EDGE
2026-08-23T23:57:51.527448+00:00,KXBTC15M-26AUG232000-00,77453.21,12.858790800000001,2.1412092,77766.75,313.5399999999936,UP,0.0,1.0,1.0,0.0,UP,1.0,0.996,0.997,0.003,0.004,0.997,0.0030000000000000027,LOCK,SMALL EDGE
2026-08-23T23:58:20.640136+00:00,KXBTC15M-26AUG232000-00,77453.21,13.344002266666667,1.6559977333333333,77752.09,298.8799999999901,UP,0.0,1.0,1.0,0.0,UP,1.0,0.999,1.0,0.0,0.001,1.0,0.0,LOCK,NO VALUE
2026-08-23T23:58:41.087119+00:00,KXBTC15M-26AUG232000-00,77453.21,13.684785316666668,1.3152146833333334,77762.34,309.1299999999901,UP,0.0,1.0,1.0,0.0,UP,1.0,0.999,1.0,0.0,0.001,1.0,0.0,LOCK,NO VALUE
2026-08-23T23:59:09.973695+00:00,KXBTC15M-26AUG232000-00,77453.21,14.16622825,0.83377175,77704.38,251.16999999999825,UP,0.0,1.0,1.0,0.0,UP,1.0,0.999,1.0,0.0,0.001,1.0,0.0,LOCK,NO VALUE
2026-08-23T23:59:29.735146+00:00,KXBTC15M-26AUG232000-00,77453.21,14.495585766666666,0.5044142333333334,77708.03,254.81999999999243,UP,0.0,1.0,1.0,0.0,UP,1.0,0.999,1.0,0.0,0.001,1.0,0.0,LOCK,NO VALUE
2026-08-23T23:59:59.134920+00:00,KXBTC15M-26AUG232000-00,77453.21,14.985581999999999,0.014417999999999999,77729.36,276.1499999999942,UP,0.0,1.0,1.0,0.0,UP,1.0,0.999,1.0,0.0,0.001,1.0,0.0,LOCK,NO VALUE
2026-08-24T00:00:35.431108+00:00,KXBTC15M-26AUG232015-15,77718.34,0.5905184666666667,14.409481533333333,77710.8,-7.539999999993597,DOWN,0.4336734693877551,0.5663265306122449,0.4336734693877551,0.5663265306122449,DOWN,0.5663265306122449,0.5,0.51,0.49,0.5,0.5,0.06632653061224492,RAW,SMALL EDGE
2026-08-24T00:00:48.266088+00:00,KXBTC15M-26AUG232015-15,77718.34,0.8044348,14.1955652,77722.27,3.930000000007567,UP,0.4336734693877551,0.5663265306122449,0.5663265306122449,0.4336734693877551,UP,0.5663265306122449,0.5,0.51,0.49,0.5,0.51,0.05632653061224491,RAW,SMALL EDGE
2026-08-24T00:01:15.464113+00:00,KXBTC15M-26AUG232015-15,77718.34,1.2577352166666667,13.742264783333333,77710.27,-8.069999999992433,DOWN,0.4336734693877551,0.5663265306122449,0.4336734693877551,0.5663265306122449,DOWN,0.5663265306122449,0.49,0.5,0.5,0.51,0.51,0.05632653061224491,RAW,SMALL EDGE
2026-08-24T00:01:36.571183+00:00,KXBTC15M-26AUG232015-15,77718.34,1.6095197166666668,13.390480283333334,77680.17,-38.169999999998254,DOWN,0.4336734693877551,0.5663265306122449,0.4336734693877551,0.5663265306122449,DOWN,0.5663265306122449,0.49,0.5,0.5,0.51,0.51,0.05632653061224491,RAW,SMALL EDGE
2026-08-24T00:02:04.663625+00:00,KXBTC15M-26AUG232015-15,77718.34,2.0777270833333334,12.922272916666666,77682.78,-35.55999999999767,DOWN,0.4336734693877551,0.5663265306122449,0.4336734693877551,0.5663265306122449,DOWN,0.5663265306122449,0.41,0.42,0.58,0.59,0.59,-0.023673469387755053,RAW,NO VALUE
2026-08-24T00:02:26.468691+00:00,KXBTC15M-26AUG232015-15,77718.34,2.44114485,12.55885515,77675.88,-42.45999999999185,DOWN,0.4336734693877551,0.5663265306122449,0.4336734693877551,0.5663265306122449,DOWN,0.5663265306122449,0.38,0.39,0.61,0.62,0.62,-0.05367346938775508,RAW,NO VALUE
2026-08-24T00:02:53.654489+00:00,KXBTC15M-26AUG232015-15,77718.34,2.8942414833333334,12.105758516666667,77691.97,-26.369999999995343,DOWN,0.4336734693877551,0.5663265306122449,0.4336734693877551,0.5663265306122449,DOWN,0.5663265306122449,0.38,0.39,0.61,0.62,0.62,-0.05367346938775508,RAW,NO VALUE
2026-08-24T00:03:15.568823+00:00,KXBTC15M-26AUG232015-15,77718.34,3.2594803833333335,11.740519616666667,77667.54,-50.80000000000291,DOWN,0.42857142857142855,0.5714285714285714,0.42857142857142855,0.5714285714285714,DOWN,0.5714285714285714,0.37,0.38,0.62,0.63,0.63,-0.05857142857142861,RAW,NO VALUE
2026-08-24T00:03:42.614348+00:00,KXBTC15M-26AUG232015-15,77718.34,3.7102391333333333,11.289760866666667,77649.14,-69.19999999999709,DOWN,0.39344262295081966,0.6065573770491803,0.39344262295081966,0.6065573770491803,DOWN,0.6065573770491803,0.3,0.31,0.69,0.7,0.7,-0.09344262295081962,RAW,NO VALUE
2026-08-24T00:04:03.814283+00:00,KXBTC15M-26AUG232015-15,77718.34,4.063571383333334,10.936428616666666,77646.91,-71.42999999999302,DOWN,0.39344262295081966,0.6065573770491803,0.39344262295081966,0.6065573770491803,DOWN,0.6065573770491803,0.26,0.27,0.73,0.74,0.74,-0.13344262295081966,RAW,NO VALUE
2026-08-24T00:04:30.694341+00:00,KXBTC15M-26AUG232015-15,77718.34,4.51157235,10.48842765,77622.99,-95.34999999999127,DOWN,0.27388535031847133,0.7261146496815287,0.27388535031847133,0.7261146496815287,DOWN,0.7261146496815287,0.2,0.21,0.79,0.8,0.8,-0.07388535031847132,LEAN,NO VALUE
2026-08-24T00:04:52.083632+00:00,KXBTC15M-26AUG232015-15,77718.34,4.868060533333334,10.131939466666667,77613.32,-105.01999999998952,DOWN,0.27388535031847133,0.7261146496815287,0.27388535031847133,0.7261146496815287,DOWN,0.7261146496815287,0.2,0.21,0.79,0.8,0.8,-0.07388535031847132,LEAN,NO VALUE
2026-08-24T00:05:19.596730+00:00,KXBTC15M-26AUG232015-15,77718.34,5.326612166666666,9.673387833333333,77641.51,-76.83000000000175,DOWN,0.39344262295081966,0.6065573770491803,0.39344262295081966,0.6065573770491803,DOWN,0.6065573770491803,0.17,0.18,0.82,0.83,0.83,-0.22344262295081962,RAW,NO VALUE
2026-08-24T00:05:41.249676+00:00,KXBTC15M-26AUG232015-15,77718.34,5.6874946,9.3125054,77609.98,-108.36000000000058,DOWN,0.24060150375939848,0.7593984962406015,0.24060150375939848,0.7593984962406015,DOWN,0.7593984962406015,0.21,0.22,0.78,0.79,0.79,-0.03060150375939852,LEAN,NO VALUE
2026-08-24T00:06:07.577761+00:00,KXBTC15M-26AUG232015-15,77718.34,6.126296016666667,8.873703983333334,77591.98,-126.36000000000058,DOWN,0.10714285714285714,0.8928571428571429,0.10714285714285714,0.8928571428571429,DOWN,0.8928571428571429,0.16,0.17,0.83,0.84,0.84,0.052857142857142936,STRONG,SMALL EDGE
2026-08-24T00:06:29.182747+00:00,KXBTC15M-26AUG232015-15,77718.34,6.486379116666667,8.513620883333333,77540.93,-177.4100000000035,DOWN,0.06989247311827956,0.9301075268817205,0.06989247311827956,0.9301075268817205,DOWN,0.9301075268817205,0.16,0.17,0.83,0.84,0.84,0.09010752688172052,EARLY 90%+ / NOT YET VALIDATED LOCK,SMALL EDGE
2026-08-24T00:06:56.300558+00:00,KXBTC15M-26AUG232015-15,77718.34,6.938342633333334,8.061657366666667,77524.06,-194.27999999999884,DOWN,0.05128205128205128,0.9487179487179487,0.05128205128205128,0.9487179487179487,DOWN,0.9487179487179487,0.11,0.12,0.88,0.89,0.89,0.058717948717948665,EARLY 90%+ / NOT YET VALIDATED LOCK,SMALL EDGE
2026-08-24T00:07:18.561180+00:00,KXBTC15M-26AUG232015-15,77718.34,7.309353,7.690647,77538.37,-179.97000000000116,DOWN,0.06989247311827956,0.9301075268817205,0.06989247311827956,0.9301075268817205,DOWN,0.9301075268817205,0.055,0.056,0.944,0.945,0.945,-0.014892473118279459,EARLY 90%+ / NOT YET VALIDATED LOCK,NO VALUE
2026-08-24T00:07:43.954008+00:00,KXBTC15M-26AUG232015-15,77718.34,7.7325668,7.2674332,77542.19,-176.14999999999418,DOWN,0.06989247311827956,0.9301075268817205,0.06989247311827956,0.9301075268817205,DOWN,0.9301075268817205,0.062,0.067,0.933,0.938,0.938,-0.007892473118279453,EARLY 90%+ / NOT YET VALIDATED LOCK,NO VALUE
2026-08-24T00:08:07.286493+00:00,KXBTC15M-26AUG232015-15,77718.34,8.12144155,6.87855845,77526.91,-191.42999999999302,DOWN,0.011904761904761904,0.9880952380952381,0.011904761904761904,0.9880952380952381,DOWN,0.9880952380952381,0.062,0.067,0.933,0.938,0.938,0.05009523809523819,90%+ LOCK CANDIDATE,SMALL EDGE
2026-08-24T00:08:31.745810+00:00,KXBTC15M-26AUG232015-15,77718.34,8.529096833333334,6.470903166666667,77527.57,-190.76999999998952,DOWN,0.011904761904761904,0.9880952380952381,0.011904761904761904,0.9880952380952381,DOWN,0.9880952380952381,0.044,0.045,0.955,0.956,0.956,0.03209523809523818,90%+ LOCK CANDIDATE,SMALL EDGE
2026-08-24T00:08:55.171987+00:00,KXBTC15M-26AUG232015-15,77718.34,8.919533116666665,6.080466883333333,77576.08,-142.25999999999476,DOWN,0.06989247311827956,0.9301075268817205,0.06989247311827956,0.9301075268817205,DOWN,0.9301075268817205,0.028,0.029,0.971,0.972,0.972,-0.04189247311827948,90%+ LOCK CANDIDATE,NO VALUE
2026-08-24T00:09:19.487458+00:00,KXBTC15M-26AUG232015-15,77718.34,9.324790966666665,5.675209033333333,77645.32,-73.01999999998952,DOWN,0.3652173913043478,0.6347826086956522,0.3652173913043478,0.6347826086956522,DOWN,0.6347826086956522,0.076,0.078,0.922,0.924,0.924,-0.28921739130434787,RAW,NO VALUE
2026-08-24T00:09:44.255053+00:00,KXBTC15M-26AUG232015-15,77718.34,9.737584216666667,5.262415783333334,77693.73,-24.610000000000582,DOWN,0.4336734693877551,0.5663265306122449,0.4336734693877551,0.5663265306122449,DOWN,0.5663265306122449,0.36,0.37,0.63,0.64,0.64,-0.0736734693877551,RAW,NO VALUE
2026-08-24T00:10:07.645823+00:00,KXBTC15M-26AUG232015-15,77718.34,10.127430383333332,4.8725696166666665,77685.61,-32.729999999995925,DOWN,0.42857142857142855,0.5714285714285714,0.42857142857142855,0.5714285714285714,DOWN,0.5714285714285714,0.36,0.37,0.63,0.64,0.64,-0.06857142857142862,RAW,NO VALUE
2026-08-24T00:10:32.502645+00:00,KXBTC15M-26AUG232015-15,77718.34,10.54171075,4.458289250000001,77693.24,-25.09999999999127,DOWN,0.42857142857142855,0.5714285714285714,0.42857142857142855,0.5714285714285714,DOWN,0.5714285714285714,0.1,0.11,0.89,0.9,0.9,-0.3285714285714286,RAW,NO VALUE
2026-08-24T00:10:55.302889+00:00,KXBTC15M-26AUG232015-15,77718.34,10.921714816666668,4.078285183333334,77694.8,-23.539999999993597,DOWN,0.42857142857142855,0.5714285714285714,0.42857142857142855,0.5714285714285714,DOWN,0.5714285714285714,0.3,0.31,0.69,0.7,0.7,-0.12857142857142856,RAW,NO VALUE
2026-08-24T00:11:20.675725+00:00,KXBTC15M-26AUG232015-15,77718.34,11.344595416666667,3.6554045833333335,77630.05,-88.2899999999936,DOWN,0.109375,0.890625,0.109375,0.890625,DOWN,0.890625,0.071,0.074,0.926,0.929,0.929,-0.03837500000000005,STRONG,NO VALUE
2026-08-24T00:11:44.772954+00:00,KXBTC15M-26AUG232015-15,77718.34,11.746215900000001,3.2537841,77630.05,-88.2899999999936,DOWN,0.06989247311827956,0.9301075268817205,0.06989247311827956,0.9301075268817205,DOWN,0.9301075268817205,0.071,0.074,0.926,0.929,0.929,0.0011075268817204442,LOCK,SMALL EDGE
2026-08-24T00:12:08.710593+00:00,KXBTC15M-26AUG232015-15,77718.34,12.14517655,2.85482345,77668.24,-50.09999999999127,DOWN,0.109375,0.890625,0.109375,0.890625,DOWN,0.890625,0.097,0.11,0.89,0.903,0.903,-0.012375000000000025,STRONG,NO VALUE
2026-08-24T00:12:33.196113+00:00,KXBTC15M-26AUG232015-15,77718.34,12.55326855,2.44673145,77686.1,-32.23999999999069,DOWN,0.19811320754716982,0.8018867924528301,0.19811320754716982,0.8018867924528301,DOWN,0.8018867924528301,0.16,0.17,0.83,0.84,0.84,-0.03811320754716985,STRONG,NO VALUE
2026-08-24T00:12:56.583689+00:00,KXBTC15M-26AUG232015-15,77718.34,12.943061483333334,2.0569385166666665,77689.5,-28.839999999996508,DOWN,0.19811320754716982,0.8018867924528301,0.19811320754716982,0.8018867924528301,DOWN,0.8018867924528301,0.16,0.17,0.83,0.84,0.84,-0.03811320754716985,STRONG,NO VALUE
2026-08-24T00:13:20.817067+00:00,KXBTC15M-26AUG232015-15,77718.34,13.346951116666666,1.6530488833333334,77668.05,-50.2899999999936,DOWN,0.05128205128205128,0.9487179487179487,0.05128205128205128,0.9487179487179487,DOWN,0.9487179487179487,0.11,0.12,0.88,0.89,0.89,0.058717948717948665,LOCK,SMALL EDGE
2026-08-24T00:13:43.255714+00:00,KXBTC15M-26AUG232015-15,77718.34,13.720928566666666,1.2790714333333333,77650.75,-67.58999999999651,DOWN,0.05128205128205128,0.9487179487179487,0.05128205128205128,0.9487179487179487,DOWN,0.9487179487179487,0.044,0.048,0.952,0.956,0.956,-0.007282051282051283,LOCK,NO VALUE
2026-08-24T00:14:10.392266+00:00,KXBTC15M-26AUG232015-15,77718.34,14.173204433333332,0.8267955666666666,77621.91,-96.42999999999302,DOWN,0.0,1.0,0.0,1.0,DOWN,1.0,0.001,0.002,0.998,0.999,0.999,0.0010000000000000009,LOCK,SMALL EDGE
2026-08-24T00:14:32.287061+00:00,KXBTC15M-26AUG232015-15,77718.34,14.538117683333333,0.4618823166666666,77646.84,-71.5,DOWN,0.0,1.0,0.0,1.0,DOWN,1.0,0.001,0.002,0.998,0.999,0.999,0.0010000000000000009,LOCK,SMALL EDGE
2026-08-24T00:14:59.006009+00:00,KXBTC15M-26AUG232015-15,77718.34,14.983433483333332,0.016566516666666666,77622.41,-95.92999999999302,DOWN,0.0,1.0,0.0,1.0,DOWN,1.0,0.0,0.001,0.999,1.0,1.0,0.0,LOCK,NO VALUE
2026-08-24T00:15:20.212674+00:00,KXBTC15M-26AUG232030-30,77627.58,0.3368779,14.6631221,77618.58,-9.0,DOWN,0.4336734693877551,0.5663265306122449,0.4336734693877551,0.5663265306122449,DOWN,0.5663265306122449,0.5,0.51,0.49,0.5,0.5,0.06632653061224492,RAW,SMALL EDGE
2026-08-24T00:15:47.214762+00:00,KXBTC15M-26AUG232030-30,77627.58,0.7869127,14.213087300000002,77599.34,-28.24000000000524,DOWN,0.4336734693877551,0.5663265306122449,0.4336734693877551,0.5663265306122449,DOWN,0.5663265306122449,0.43,0.44,0.56,0.57,0.57,-0.003673469387755035,RAW,NO VALUE
2026-08-24T00:16:08.861417+00:00,KXBTC15M-26AUG232030-30,77627.58,1.1476902833333333,13.852309716666667,77588.52,-39.05999999999767,DOWN,0.4336734693877551,0.5663265306122449,0.4336734693877551,0.5663265306122449,DOWN,0.5663265306122449,0.43,0.44,0.56,0.57,0.57,-0.003673469387755035,RAW,NO VALUE
2026-08-24T00:16:35.418215+00:00,KXBTC15M-26AUG232030-30,77627.58,1.5903035833333334,13.409696416666666,77565.16,-62.419999999998254,DOWN,0.4336734693877551,0.5663265306122449,0.4336734693877551,0.5663265306122449,DOWN,0.5663265306122449,0.37,0.38,0.62,0.63,0.63,-0.06367346938775509,RAW,NO VALUE
2026-08-24T00:16:55.584867+00:00,KXBTC15M-26AUG232030-30,77627.58,1.92641445,13.073585549999999,77560.52,-67.05999999999767,DOWN,0.4336734693877551,0.5663265306122449,0.4336734693877551,0.5663265306122449,DOWN,0.5663265306122449,0.33,0.34,0.66,0.67,0.67,-0.10367346938775512,RAW,NO VALUE
2026-08-24T00:17:23.928377+00:00,KXBTC15M-26AUG232030-30,77627.58,2.3988062833333337,12.601193716666668,77547.87,-79.7100000000064,DOWN,0.39344262295081966,0.6065573770491803,0.39344262295081966,0.6065573770491803,DOWN,0.6065573770491803,0.29,0.3,0.7,0.71,0.71,-0.10344262295081963,RAW,NO VALUE
2026-08-24T00:17:43.899205+00:00,KXBTC15M-26AUG232030-30,77627.58,2.7316534166666666,12.268346583333333,77530.73,-96.85000000000582,DOWN,0.3652173913043478,0.6347826086956522,0.3652173913043478,0.6347826086956522,DOWN,0.6347826086956522,0.29,0.3,0.7,0.71,0.71,-0.07521739130434779,RAW,NO VALUE
2026-08-24T00:18:12.249994+00:00,KXBTC15M-26AUG232030-30,77627.58,3.2041665666666663,11.795833433333334,77500.97,-126.61000000000058,DOWN,0.24060150375939848,0.7593984962406015,0.24060150375939848,0.7593984962406015,DOWN,0.7593984962406015,0.25,0.26,0.74,0.75,0.75,0.009398496240601517,LEAN,SMALL EDGE
2026-08-24T00:18:32.061073+00:00,KXBTC15M-26AUG232030-30,77627.58,3.5343512166666664,11.465648783333334,77581.55,-46.029999999998836,DOWN,0.4336734693877551,0.5663265306122449,0.4336734693877551,0.5663265306122449,DOWN,0.5663265306122449,0.25,0.26,0.74,0.75,0.75,-0.18367346938775508,RAW,NO VALUE
2026-08-24T00:19:00.765111+00:00,KXBTC15M-26AUG232030-30,77627.58,4.01275185,10.98724815,77574.7,-52.88000000000466,DOWN,0.42857142857142855,0.5714285714285714,0.42857142857142855,0.5714285714285714,DOWN,0.5714285714285714,0.25,0.26,0.74,0.75,0.75,-0.1785714285714286,RAW,NO VALUE
2026-08-24T00:19:19.918176+00:00,KXBTC15M-26AUG232030-30,77627.58,4.3319696,10.6680304,77536.31,-91.27000000000407,DOWN,0.42857142857142855,0.5714285714285714,0.42857142857142855,0.5714285714285714,DOWN,0.5714285714285714,0.35,0.36,0.64,0.65,0.65,-0.07857142857142863,RAW,NO VALUE
2026-08-24T00:19:49.807803+00:00,KXBTC15M-26AUG232030-30,77627.58,4.830130049999999,10.169869949999999,77530.73,-96.85000000000582,DOWN,0.3652173913043478,0.6347826086956522,0.3652173913043478,0.6347826086956522,DOWN,0.6347826086956522,0.24,0.25,0.75,0.76,0.76,-0.12521739130434784,RAW,NO VALUE
2026-08-24T00:20:09.308273+00:00,KXBTC15M-26AUG232030-30,77627.58,5.1551378833333334,9.844862116666667,77520.02,-107.55999999999767,DOWN,0.24060150375939848,0.7593984962406015,0.24060150375939848,0.7593984962406015,DOWN,0.7593984962406015,0.22,0.23,0.77,0.78,0.78,-0.02060150375939851,LEAN,NO VALUE
2026-08-24T00:20:38.949272+00:00,KXBTC15M-26AUG232030-30,77627.58,5.649154533333333,9.350845466666668,77520.01,-107.57000000000698,DOWN,0.24060150375939848,0.7593984962406015,0.24060150375939848,0.7593984962406015,DOWN,0.7593984962406015,0.18,0.19,0.81,0.82,0.82,-0.060601503759398434,LEAN,NO VALUE
2026-08-24T00:20:58.664014+00:00,KXBTC15M-26AUG232030-30,77627.58,5.977733566666667,9.022266433333334,77520.01,-107.57000000000698,DOWN,0.24060150375939848,0.7593984962406015,0.24060150375939848,0.7593984962406015,DOWN,0.7593984962406015,0.18,0.19,0.81,0.82,0.82,-0.060601503759398434,LEAN,NO VALUE
2026-08-24T00:21:27.808735+00:00,KXBTC15M-26AUG232030-30,77627.58,6.463478916666667,8.536521083333334,77484.89,-142.69000000000233,DOWN,0.10714285714285714,0.8928571428571429,0.10714285714285714,0.8928571428571429,DOWN,0.8928571428571429,0.17,0.18,0.82,0.83,0.83,0.06285714285714294,STRONG,SMALL EDGE
2026-08-24T00:21:47.095121+00:00,KXBTC15M-26AUG232030-30,77627.58,6.784918683333333,8.215081316666666,77465.83,-161.75,DOWN,0.10714285714285714,0.8928571428571429,0.10714285714285714,0.8928571428571429,DOWN,0.8928571428571429,0.11,0.12,0.88,0.89,0.89,0.0028571428571428914,STRONG,SMALL EDGE
2026-08-24T00:22:15.803989+00:00,KXBTC15M-26AUG232030-30,77627.58,7.2633998166666665,7.7366001833333335,77470.01,-157.57000000000698,DOWN,0.06989247311827956,0.9301075268817205,0.06989247311827956,0.9301075268817205,DOWN,0.9301075268817205,0.084,0.086,0.914,0.916,0.916,0.014107526881720456,EARLY 90%+ / NOT YET VALIDATED LOCK,SMALL EDGE
2026-08-24T00:22:34.167778+00:00,KXBTC15M-26AUG232030-30,77627.58,7.569462966666666,7.430537033333334,77473.42,-154.1600000000035,DOWN,0.06989247311827956,0.9301075268817205,0.06989247311827956,0.9301075268817205,DOWN,0.9301075268817205,0.084,0.086,0.914,0.916,0.916,0.014107526881720456,EARLY 90%+ / NOT YET VALIDATED LOCK,SMALL EDGE
2026-08-24T00:23:05.432081+00:00,KXBTC15M-26AUG232030-30,77627.58,8.090534683333333,6.909465316666667,77481.06,-146.52000000000407,DOWN,0.034482758620689655,0.9655172413793104,0.034482758620689655,0.9655172413793104,DOWN,0.9655172413793104,0.092,0.093,0.907,0.908,0.908,0.05751724137931036,90%+ LOCK CANDIDATE,SMALL EDGE
2026-08-24T00:23:23.100329+00:00,KXBTC15M-26AUG232030-30,77627.58,8.385005483333334,6.614994516666667,77467.43,-160.15000000000873,DOWN,0.011904761904761904,0.9880952380952381,0.011904761904761904,0.9880952380952381,DOWN,0.9880952380952381,0.07,0.071,0.929,0.93,0.93,0.05809523809523809,90%+ LOCK CANDIDATE,SMALL EDGE
2026-08-24T00:23:54.468245+00:00,KXBTC15M-26AUG232030-30,77627.58,8.907804083333334,6.092195916666666,77488.13,-139.4499999999971,DOWN,0.06989247311827956,0.9301075268817205,0.06989247311827956,0.9301075268817205,DOWN,0.9301075268817205,0.07,0.071,0.929,0.93,0.93,0.00010752688172044333,90%+ LOCK CANDIDATE,SMALL EDGE
2026-08-24T00:24:11.904572+00:00,KXBTC15M-26AUG232030-30,77627.58,9.198409533333335,5.801590466666667,77497.37,-130.2100000000064,DOWN,0.011904761904761904,0.9880952380952381,0.011904761904761904,0.9880952380952381,DOWN,0.9880952380952381,0.076,0.077,0.923,0.924,0.924,0.0640952380952381,90%+ LOCK CANDIDATE,SMALL EDGE
2026-08-24T00:24:42.867864+00:00,KXBTC15M-26AUG232030-30,77627.58,9.7144644,5.2855356,77496.33,-131.25,DOWN,0.0,1.0,0.0,1.0,DOWN,1.0,0.043,0.044,0.956,0.957,0.957,0.04300000000000004,90%+ LOCK CANDIDATE,SMALL EDGE
2026-08-24T00:25:00.096295+00:00,KXBTC15M-26AUG232030-30,77627.58,10.001604916666668,4.9983950833333335,77492.53,-135.0500000000029,DOWN,0.0,1.0,0.0,1.0,DOWN,1.0,0.043,0.044,0.956,0.957,0.957,0.04300000000000004,LOCK,SMALL EDGE
2026-08-24T00:25:31.135253+00:00,KXBTC15M-26AUG232030-30,77627.58,10.518920883333333,4.481079116666667,77458.15,-169.43000000000757,DOWN,0.0,1.0,0.0,1.0,DOWN,1.0,0.031,0.033,0.967,0.969,0.969,0.031000000000000028,LOCK,SMALL EDGE
2026-08-24T00:25:49.638204+00:00,KXBTC15M-26AUG232030-30,77627.58,10.8273034,4.1726966,77388.35,-239.22999999999593,DOWN,0.011904761904761904,0.9880952380952381,0.011904761904761904,0.9880952380952381,DOWN,0.9880952380952381,0.016,0.017,0.983,0.984,0.984,0.004095238095238152,LOCK,SMALL EDGE
2026-08-24T00:26:20.894456+00:00,KXBTC15M-26AUG232030-30,77627.58,11.348240933333333,3.6517590666666666,77397.02,-230.55999999999767,DOWN,0.0,1.0,0.0,1.0,DOWN,1.0,0.005,0.007,0.993,0.995,0.995,0.0050000000000000044,LOCK,SMALL EDGE
2026-08-24T00:26:37.239475+00:00,KXBTC15M-26AUG232030-30,77627.58,11.620657916666666,3.3793420833333334,77370.29,-257.29000000000815,DOWN,0.011904761904761904,0.9880952380952381,0.011904761904761904,0.9880952380952381,DOWN,0.9880952380952381,0.005,0.007,0.993,0.995,0.995,-0.006904761904761858,LOCK,NO VALUE
2026-08-24T00:27:10.420759+00:00,KXBTC15M-26AUG232030-30,77627.58,12.173679316666666,2.8263206833333334,77332.51,-295.070000000007,DOWN,0.011904761904761904,0.9880952380952381,0.011904761904761904,0.9880952380952381,DOWN,0.9880952380952381,0.004,0.005,0.995,0.996,0.996,-0.007904761904761859,LOCK,NO VALUE
2026-08-24T00:27:26.094976+00:00,KXBTC15M-26AUG232030-30,77627.58,12.434916266666667,2.565083733333333,77324.44,-303.1399999999994,DOWN,0.011904761904761904,0.9880952380952381,0.011904761904761904,0.9880952380952381,DOWN,0.9880952380952381,0.003,0.005,0.995,0.997,0.997,-0.00890476190476186,LOCK,NO VALUE
2026-08-24T00:27:59.106587+00:00,KXBTC15M-26AUG232030-30,77627.58,12.985109783333334,2.0148902166666667,77347.36,-280.22000000000116,DOWN,0.0,1.0,0.0,1.0,DOWN,1.0,0.001,0.002,0.998,0.999,0.999,0.0010000000000000009,LOCK,SMALL EDGE
2026-08-24T00:28:16.048436+00:00,KXBTC15M-26AUG232030-30,77627.58,13.267473933333333,1.7325260666666666,77385.56,-242.02000000000407,DOWN,0.0,1.0,0.0,1.0,DOWN,1.0,0.001,0.002,0.998,0.999,0.999,0.0010000000000000009,LOCK,SMALL EDGE
2026-08-24T00:28:46.407589+00:00,KXBTC15M-26AUG232030-30,77627.58,13.773459816666668,1.2265401833333334,77398.1,-229.47999999999593,DOWN,0.0,1.0,0.0,1.0,DOWN,1.0,0.0,0.001,0.999,1.0,1.0,0.0,LOCK,NO VALUE
2026-08-24T00:29:04.784314+00:00,KXBTC15M-26AUG232030-30,77627.58,14.079738566666666,0.9202614333333333,77400.84,-226.74000000000524,DOWN,0.0,1.0,0.0,1.0,DOWN,1.0,0.0,0.001,0.999,1.0,1.0,0.0,LOCK,NO VALUE
2026-08-24T00:29:34.719742+00:00,KXBTC15M-26AUG232030-30,77627.58,14.578662366666666,0.42133763333333335,77406.48,-221.10000000000582,DOWN,0.0,1.0,0.0,1.0,DOWN,1.0,0.0,0.001,0.999,1.0,1.0,0.0,LOCK,NO VALUE
2026-08-24T00:29:53.165549+00:00,KXBTC15M-26AUG232030-30,77627.58,14.886092483333334,0.11390751666666667,77427.62,-199.9600000000064,DOWN,0.0,1.0,0.0,1.0,DOWN,1.0,0.0,0.001,0.999,1.0,1.0,0.0,LOCK,NO VALUE
2026-08-24T00:30:34.518898+00:00,KXBTC15M-26AUG232045-45,77413.14,0.5753149666666667,14.424685033333333,77466.39,53.25,UP,0.4336734693877551,0.5663265306122449,0.5663265306122449,0.4336734693877551,UP,0.5663265306122449,0.61,0.62,0.38,0.39,0.62,-0.05367346938775508,RAW,NO VALUE
2026-08-24T00:30:52.851360+00:00,KXBTC15M-26AUG232045-45,77413.14,0.880856,14.119144,77381.75,-31.389999999999418,DOWN,0.4336734693877551,0.5663265306122449,0.4336734693877551,0.5663265306122449,DOWN,0.5663265306122449,0.61,0.62,0.38,0.39,0.39,0.1763265306122449,RAW,ATTRACTIVE <=50c
2026-08-24T00:31:10.381679+00:00,KXBTC15M-26AUG232045-45,77413.14,1.1730279833333335,13.826972016666668,77404.66,-8.479999999995925,DOWN,0.4336734693877551,0.5663265306122449,0.4336734693877551,0.5663265306122449,DOWN,0.5663265306122449,0.43,0.44,0.56,0.57,0.57,-0.003673469387755035,RAW,NO VALUE
2026-08-24T00:31:41.123608+00:00,KXBTC15M-26AUG232045-45,77413.14,1.6853934666666668,13.314606533333334,77387.35,-25.789999999993597,DOWN,0.4336734693877551,0.5663265306122449,0.4336734693877551,0.5663265306122449,DOWN,0.5663265306122449,0.4,0.41,0.59,0.6,0.6,-0.03367346938775506,RAW,NO VALUE
2026-08-24T00:31:58.578950+00:00,KXBTC15M-26AUG232045-45,77413.14,1.9763158333333335,13.023684166666667,77365.19,-47.94999999999709,DOWN,0.4336734693877551,0.5663265306122449,0.4336734693877551,0.5663265306122449,DOWN,0.5663265306122449,0.4,0.41,0.59,0.6,0.6,-0.03367346938775506,RAW,NO VALUE
2026-08-24T00:32:28.648179+00:00,KXBTC15M-26AUG232045-45,77413.14,2.47746965,12.52253035,77394.44,-18.69999999999709,DOWN,0.4336734693877551,0.5663265306122449,0.4336734693877551,0.5663265306122449,DOWN,0.5663265306122449,0.47,0.48,0.52,0.53,0.53,0.03632653061224489,RAW,SMALL EDGE
2026-08-24T00:32:48.114214+00:00,KXBTC15M-26AUG232045-45,77413.14,2.8019035666666667,12.198096433333335,77421.41,8.270000000004075,UP,0.4336734693877551,0.5663265306122449,0.5663265306122449,0.4336734693877551,UP,0.5663265306122449,0.47,0.48,0.52,0.53,0.48,0.08632653061224493,RAW,SMALL EDGE
2026-08-24T00:33:17.543846+00:00,KXBTC15M-26AUG232045-45,77413.14,3.2923974333333335,11.707602566666667,77442.86,29.720000000001164,UP,0.27388535031847133,0.7261146496815287,0.7261146496815287,0.27388535031847133,UP,0.7261146496815287,0.52,0.53,0.47,0.48,0.53,0.1961146496815287,LEAN,POSITIVE EDGE
2026-08-24T00:33:36.991913+00:00,KXBTC15M-26AUG232045-45,77413.14,3.6165318833333333,11.383468116666668,77442.85,29.710000000006403,UP,0.27388535031847133,0.7261146496815287,0.7261146496815287,0.27388535031847133,UP,0.7261146496815287,0.6,0.61,0.39,0.4,0.61,0.11611464968152874,LEAN,POSITIVE EDGE
2026-08-24T00:34:04.971884+00:00,KXBTC15M-26AUG232045-45,77413.14,4.082864733333333,10.917135266666666,77461.97,48.830000000001746,UP,0.24060150375939848,0.7593984962406015,0.7593984962406015,0.24060150375939848,UP,0.7593984962406015,0.65,0.66,0.34,0.35,0.66,0.09939849624060149,LEAN,SMALL EDGE
2026-08-24T00:34:25.428123+00:00,KXBTC15M-26AUG232045-45,77413.14,4.423802050000001,10.57619795,77484.15,71.00999999999476,UP,0.24060150375939848,0.7593984962406015,0.7593984962406015,0.24060150375939848,UP,0.7593984962406015,0.65,0.66,0.34,0.35,0.66,0.09939849624060149,LEAN,SMALL EDGE
2026-08-24T00:34:52.964358+00:00,KXBTC15M-26AUG232045-45,77413.14,4.8827393,10.117260700000001,77465.78,52.63999999999942,UP,0.24060150375939848,0.7593984962406015,0.7593984962406015,0.24060150375939848,UP,0.7593984962406015,0.7,0.71,0.29,0.3,0.71,0.04939849624060155,LEAN,SMALL EDGE
2026-08-24T00:35:13.905280+00:00,KXBTC15M-26AUG232045-45,77413.14,5.231754666666666,9.768245333333335,77422.18,9.039999999993597,UP,0.42857142857142855,0.5714285714285714,0.5714285714285714,0.42857142857142855,UP,0.5714285714285714,0.7,0.71,0.29,0.3,0.71,-0.13857142857142857,RAW,NO VALUE
2026-08-24T00:35:41.686815+00:00,KXBTC15M-26AUG232045-45,77413.14,5.69478025,9.30521975,77499.15,86.00999999999476,UP,0.24060150375939848,0.7593984962406015,0.7593984962406015,0.24060150375939848,UP,0.7593984962406015,0.68,0.69,0.31,0.32,0.69,0.06939849624060157,LEAN,SMALL EDGE
2026-08-24T00:36:02.046134+00:00,KXBTC15M-26AUG232045-45,77413.14,6.034102233333333,8.965897766666666,77579.35,166.2100000000064,UP,0.109375,0.890625,0.890625,0.109375,UP,0.890625,0.89,0.9,0.1,0.11,0.9,-0.009375000000000022,STRONG,NO VALUE
2026-08-24T00:36:29.048378+00:00,KXBTC15M-26AUG232045-45,77413.14,6.484139633333333,8.515860366666667,77526.91,113.77000000000407,UP,0.27388535031847133,0.7261146496815287,0.7261146496815287,0.27388535031847133,UP,0.7261146496815287,0.89,0.9,0.1,0.11,0.9,-0.1738853503184713,LEAN,NO VALUE
2026-08-24T00:36:50.090566+00:00,KXBTC15M-26AUG232045-45,77413.14,6.834842766666667,8.165157233333334,77492.53,79.38999999999942,UP,0.24060150375939848,0.7593984962406015,0.7593984962406015,0.24060150375939848,UP,0.7593984962406015,0.79,0.8,0.2,0.21,0.8,-0.04060150375939853,LEAN,NO VALUE
2026-08-24T00:37:17.669792+00:00,KXBTC15M-26AUG232045-45,77413.14,7.294496533333333,7.705503466666667,77498.22,85.08000000000175,UP,0.24060150375939848,0.7593984962406015,0.7593984962406015,0.24060150375939848,UP,0.7593984962406015,0.79,0.8,0.2,0.21,0.8,-0.04060150375939853,LEAN,NO VALUE
2026-08-24T00:37:38.292820+00:00,KXBTC15M-26AUG232045-45,77413.14,7.638213666666667,7.361786333333333,77507.8,94.66000000000349,UP,0.24060150375939848,0.7593984962406015,0.7593984962406015,0.24060150375939848,UP,0.7593984962406015,0.73,0.74,0.26,0.27,0.74,0.019398496240601526,LEAN,SMALL EDGE
2026-08-24T00:38:05.715517+00:00,KXBTC15M-26AUG232045-45,77413.14,8.095258616666666,6.9047413833333335,77477.35,64.2100000000064,UP,0.27388535031847133,0.7261146496815287,0.7261146496815287,0.27388535031847133,UP,0.7261146496815287,0.79,0.8,0.2,0.21,0.8,-0.07388535031847132,LEAN,NO VALUE
2026-08-24T00:38:27.806003+00:00,KXBTC15M-26AUG232045-45,77413.14,8.463433383333333,6.536566616666667,77421.71,8.570000000006985,UP,0.3652173913043478,0.6347826086956522,0.6347826086956522,0.3652173913043478,UP,0.6347826086956522,0.6,0.61,0.39,0.4,0.61,0.024782608695652186,RAW,SMALL EDGE
2026-08-24T00:38:52.410900+00:00,KXBTC15M-26AUG232045-45,77413.14,8.873515,6.126485,77420.24,7.100000000005821,UP,0.3652173913043478,0.6347826086956522,0.6347826086956522,0.3652173913043478,UP,0.6347826086956522,0.6,0.61,0.39,0.4,0.61,0.024782608695652186,RAW,SMALL EDGE
2026-08-24T00:39:15.221551+00:00,KXBTC15M-26AUG232045-45,77413.14,9.253692516666666,5.746307483333334,77441.26,28.119999999995343,UP,0.27388535031847133,0.7261146496815287,0.7261146496815287,0.27388535031847133,UP,0.7261146496815287,0.54,0.55,0.45,0.46,0.55,0.17611464968152868,LEAN,POSITIVE EDGE
2026-08-24T00:39:41.729293+00:00,KXBTC15M-26AUG232045-45,77413.14,9.695488216666666,5.304511783333334,77393.25,-19.889999999999418,DOWN,0.42857142857142855,0.5714285714285714,0.42857142857142855,0.5714285714285714,DOWN,0.5714285714285714,0.59,0.6,0.4,0.41,0.41,0.16142857142857142,RAW,ATTRACTIVE <=50c
2026-08-24T00:40:02.965217+00:00,KXBTC15M-26AUG232045-45,77413.14,10.049420283333335,4.950579716666667,77392.34,-20.80000000000291,DOWN,0.39344262295081966,0.6065573770491803,0.39344262295081966,0.6065573770491803,DOWN,0.6065573770491803,0.59,0.6,0.4,0.41,0.41,0.19655737704918036,RAW,ATTRACTIVE <=50c
2026-08-24T00:40:28.741840+00:00,KXBTC15M-26AUG232045-45,77413.14,10.479030666666667,4.5209693333333325,77409.88,-3.2599999999947613,DOWN,0.4336734693877551,0.5663265306122449,0.4336734693877551,0.5663265306122449,DOWN,0.5663265306122449,0.41,0.42,0.58,0.59,0.59,-0.023673469387755053,RAW,NO VALUE
2026-08-24T00:40:51.520901+00:00,KXBTC15M-26AUG232045-45,77413.14,10.858681683333334,4.141318316666666,77383.54,-29.60000000000582,DOWN,0.3652173913043478,0.6347826086956522,0.3652173913043478,0.6347826086956522,DOWN,0.6347826086956522,0.48,0.49,0.51,0.52,0.52,0.11478260869565216,RAW,POSITIVE EDGE
2026-08-24T00:41:15.718549+00:00,KXBTC15M-26AUG232045-45,77413.14,11.261975816666668,3.738024183333333,77427.58,14.440000000002328,UP,0.3652173913043478,0.6347826086956522,0.6347826086956522,0.3652173913043478,UP,0.6347826086956522,0.61,0.62,0.38,0.39,0.62,0.014782608695652177,RAW,SMALL EDGE
2026-08-24T00:41:38.909194+00:00,KXBTC15M-26AUG232045-45,77413.14,11.648486566666666,3.351513433333333,77408.49,-4.649999999994179,DOWN,0.4336734693877551,0.5663265306122449,0.4336734693877551,0.5663265306122449,DOWN,0.5663265306122449,0.61,0.62,0.38,0.39,0.39,0.1763265306122449,RAW,ATTRACTIVE <=50c
2026-08-24T00:42:03.147454+00:00,KXBTC15M-26AUG232045-45,77413.14,12.052457566666668,2.947542433333333,77397.03,-16.110000000000582,DOWN,0.4336734693877551,0.5663265306122449,0.4336734693877551,0.5663265306122449,DOWN,0.5663265306122449,0.52,0.53,0.47,0.48,0.48,0.08632653061224493,RAW,SMALL EDGE
2026-08-24T00:42:27.760746+00:00,KXBTC15M-26AUG232045-45,77413.14,12.4626791,2.5373208999999997,77393.48,-19.660000000003492,DOWN,0.39344262295081966,0.6065573770491803,0.39344262295081966,0.6065573770491803,DOWN,0.6065573770491803,0.35,0.36,0.64,0.65,0.65,-0.04344262295081969,RAW,NO VALUE
2026-08-24T00:42:50.098204+00:00,KXBTC15M-26AUG232045-45,77413.14,12.834970066666667,2.1650299333333334,77387.19,-25.94999999999709,DOWN,0.24060150375939848,0.7593984962406015,0.24060150375939848,0.7593984962406015,DOWN,0.7593984962406015,0.35,0.36,0.64,0.65,0.65,0.1093984962406015,LEAN,POSITIVE EDGE
2026-08-24T00:43:16.741823+00:00,KXBTC15M-26AUG232045-45,77413.14,13.279030383333332,1.7209696166666668,77370.06,-43.080000000001746,DOWN,0.05128205128205128,0.9487179487179487,0.05128205128205128,0.9487179487179487,DOWN,0.9487179487179487,0.45,0.46,0.54,0.55,0.55,0.39871794871794863,LOCK,LARGE EDGE / PRICE ABOVE 50c
2026-08-24T00:43:37.294618+00:00,KXBTC15M-26AUG232045-45,77413.14,13.621576966666668,1.3784230333333334,77339.73,-73.41000000000349,DOWN,0.011904761904761904,0.9880952380952381,0.011904761904761904,0.9880952380952381,DOWN,0.9880952380952381,0.08,0.082,0.918,0.92,0.92,0.0680952380952381,LOCK,SMALL EDGE
2026-08-24T00:44:04.324064+00:00,KXBTC15M-26AUG232045-45,77413.14,14.072067733333334,0.9279322666666666,77278.61,-134.52999999999884,DOWN,0.011904761904761904,0.9880952380952381,0.011904761904761904,0.9880952380952381,DOWN,0.9880952380952381,0.003,0.004,0.996,0.997,0.997,-0.00890476190476186,LOCK,NO VALUE
2026-08-24T00:44:25.012779+00:00,KXBTC15M-26AUG232045-45,77413.14,14.41687965,0.58312035,77253.44,-159.6999999999971,DOWN,0.011904761904761904,0.9880952380952381,0.011904761904761904,0.9880952380952381,DOWN,0.9880952380952381,0.003,0.004,0.996,0.997,0.997,-0.00890476190476186,LOCK,NO VALUE
2026-08-24T00:44:53.361502+00:00,KXBTC15M-26AUG232045-45,77413.14,14.889358366666666,0.11064163333333334,77237.43,-175.7100000000064,DOWN,0.011904761904761904,0.9880952380952381,0.011904761904761904,0.9880952380952381,DOWN,0.9880952380952381,0.0,0.001,0.999,1.0,1.0,-0.011904761904761862,LOCK,NO VALUE
2026-08-24T00:45:42.090851+00:00,KXBTC15M-26AUG232100-00,77254.58,0.7015141833333334,14.298485816666666,77243.04,-11.540000000008149,DOWN,0.42857142857142855,0.5714285714285714,0.42857142857142855,0.5714285714285714,DOWN,0.5714285714285714,0.49,0.5,0.5,0.51,0.51,0.06142857142857139,RAW,SMALL EDGE
2026-08-24T00:46:01.770708+00:00,KXBTC15M-26AUG232100-00,77254.58,1.0295118,13.9704882,77279.7,25.119999999995343,UP,0.4336734693877551,0.5663265306122449,0.5663265306122449,0.4336734693877551,UP,0.5663265306122449,0.49,0.5,0.5,0.51,0.5,0.06632653061224492,RAW,SMALL EDGE
2026-08-24T00:46:15.350733+00:00,KXBTC15M-26AUG232100-00,77254.58,1.25584555,13.74415445,77248.05,-6.529999999998836,DOWN,0.42857142857142855,0.5714285714285714,0.42857142857142855,0.5714285714285714,DOWN,0.5714285714285714,0.52,0.53,0.47,0.48,0.48,0.09142857142857141,RAW,SMALL EDGE
2026-08-24T00:46:49.809528+00:00,KXBTC15M-26AUG232100-00,77254.58,1.8301588,13.1698412,77221.3,-33.279999999998836,DOWN,0.42857142857142855,0.5714285714285714,0.42857142857142855,0.5714285714285714,DOWN,0.5714285714285714,0.4,0.41,0.59,0.6,0.6,-0.02857142857142858,RAW,NO VALUE
2026-08-24T00:47:04.108724+00:00,KXBTC15M-26AUG232100-00,77254.58,2.0684787333333334,12.931521266666666,77206.77,-47.80999999999767,DOWN,0.42857142857142855,0.5714285714285714,0.42857142857142855,0.5714285714285714,DOWN,0.5714285714285714,0.4,0.41,0.59,0.6,0.6,-0.02857142857142858,RAW,NO VALUE
2026-08-24T00:47:38.984663+00:00,KXBTC15M-26AUG232100-00,77254.58,2.6497443833333336,12.350255616666667,77228.95,-25.630000000004657,DOWN,0.42857142857142855,0.5714285714285714,0.42857142857142855,0.5714285714285714,DOWN,0.5714285714285714,0.45,0.46,0.54,0.55,0.55,0.021428571428571352,RAW,SMALL EDGE
2026-08-24T00:47:51.966669+00:00,KXBTC15M-26AUG232100-00,77254.58,2.86611115,12.13388885,77221.3,-33.279999999998836,DOWN,0.42857142857142855,0.5714285714285714,0.42857142857142855,0.5714285714285714,DOWN,0.5714285714285714,0.43,0.44,0.56,0.57,0.57,0.0014285714285714457,RAW,SMALL EDGE
2026-08-24T00:48:37.917146+00:00,KXBTC15M-26AUG232100-00,77254.58,3.6319524333333333,11.368047566666666,77274.79,20.20999999999185,UP,0.4336734693877551,0.5663265306122449,0.5663265306122449,0.4336734693877551,UP,0.5663265306122449,0.57,0.58,0.42,0.43,0.58,-0.013673469387755044,RAW,NO VALUE
2026-08-24T00:48:56.022804+00:00,KXBTC15M-26AUG232100-00,77254.58,3.9337134000000002,11.066286600000002,77342.43,87.84999999999127,UP,0.3652173913043478,0.6347826086956522,0.6347826086956522,0.3652173913043478,UP,0.6347826086956522,0.75,0.76,0.24,0.25,0.76,-0.12521739130434784,RAW,NO VALUE
2026-08-24T02:20:50.271911+00:00,KXBTC15M-26AUG232230-30,77358.67,5.837865183333333,9.162134816666667,77448.75,90.08000000000175,UP,0.31013547277531434,0.15828731115279537,0.8417126888472046,PASS,0.8417126888472046,0.15828731115279537,UP,0.8417126888472046,0.8,0.81,0.19,0.2,0.81,0.03171268884720457,STRONG,SMALL EDGE
2026-08-24T02:29:45.905300+00:00,KXBTC15M-26AUG232230-30,77358.67,14.765088333333333,0.23491166666666666,77426.39,67.72000000000116,UP,0.12463624782709393,0.07931920260274182,0.9206807973972582,PASS,0.9206807973972582,0.07931920260274182,UP,0.9206807973972582,0.998,0.999,0.001,0.002,0.999,-0.07831920260274183,LOCK,NO VALUE
2026-08-24T02:30:41.267642+00:00,KXBTC15M-26AUG232245-45,77425.23,0.6877940333333333,14.312205966666665,77425.11,-0.11999999999534339,DOWN,0.7058608887384279,0.4985599993320625,0.5014400006679375,PASS,0.4985599993320625,0.5014400006679375,DOWN,0.5014400006679375,0.51,0.52,0.48,0.49,0.49,0.011440000667937489,RAW,SMALL EDGE
2026-08-24T02:31:35.997190+00:00,KXBTC15M-26AUG232245-45,77425.23,1.5999531666666666,13.400046833333333,77450.51,25.279999999998836,UP,0.6619123825163206,0.4524686182732333,0.5475313817267666,PASS,0.5475313817267666,0.4524686182732333,UP,0.5475313817267666,0.52,0.53,0.47,0.48,0.53,0.017531381726766604,RAW,SMALL EDGE
2026-08-24T02:32:30.118072+00:00,KXBTC15M-26AUG232245-45,77425.23,2.501967866666667,12.498032133333334,77458.49,33.26000000000931,UP,0.6583633833463142,0.4487713834388984,0.5512286165611016,PASS,0.5512286165611016,0.4487713834388984,UP,0.5512286165611016,0.49,0.5,0.5,0.51,0.5,0.05122861656110156,RAW,SMALL EDGE
2026-08-24T02:33:24.719149+00:00,KXBTC15M-26AUG232245-45,77425.23,3.4119858166666663,11.588014183333334,77477.03,51.80000000000291,UP,0.43118362368961805,0.23836947465431224,0.7616305253456878,PASS,0.7616305253456878,0.23836947465431224,UP,0.7616305253456878,0.58,0.59,0.41,0.42,0.59,0.1716305253456878,LEAN,POSITIVE EDGE
2026-08-24T02:34:19.156379+00:00,KXBTC15M-26AUG232245-45,77425.23,4.319272983333334,10.680727016666667,77467.81,42.580000000001746,UP,0.5341796514496429,0.3255858426194282,0.6744141573805718,PASS,0.6744141573805718,0.3255858426194282,UP,0.6744141573805718,0.72,0.73,0.27,0.28,0.73,-0.05558584261942823,RAW,NO VALUE
2026-08-24T02:35:13.477812+00:00,KXBTC15M-26AUG232245-45,77425.23,5.224630199999999,9.7753698,77503.09,77.86000000000058,UP,0.2484149621288879,0.1266670021657287,0.8733329978342713,PASS,0.8733329978342713,0.1266670021657287,UP,0.8733329978342713,0.71,0.72,0.28,0.29,0.72,0.15333299783427135,STRONG,POSITIVE EDGE
2026-08-24T02:36:09.026898+00:00,KXBTC15M-26AUG232245-45,77425.23,6.1504483,8.849551700000001,77478.59,53.36000000000058,UP,0.4265448505515133,0.2348436401414687,0.7651563598585314,PASS,0.7651563598585314,0.2348436401414687,UP,0.7651563598585314,0.74,0.75,0.25,0.26,0.75,0.015156359858531365,LEAN,SMALL EDGE
2026-08-24T02:37:04.486091+00:00,KXBTC15M-26AUG232245-45,77425.23,7.074768183333333,7.925231816666667,77516.74,91.51000000000931,UP,0.08445704513011726,0.06781722124072,0.93218277875928,PASS,0.93218277875928,0.06781722124072,UP,0.93218277875928,0.83,0.84,0.16,0.17,0.84,0.09218277875928005,EARLY 90%+ / NOT YET VALIDATED LOCK,SMALL EDGE
2026-08-24T02:37:59.088558+00:00,KXBTC15M-26AUG232245-45,77425.23,7.984809299999999,7.015190700000001,77481.07,55.84000000001106,UP,0.41574618710691746,0.2267766151535636,0.7732233848464364,PASS,0.7732233848464364,0.2267766151535636,UP,0.7732233848464364,0.86,0.87,0.13,0.14,0.87,-0.09677661515356362,LEAN,NO VALUE
2026-08-24T02:38:53.811104+00:00,KXBTC15M-26AUG232245-45,77425.23,8.896851733333333,6.1031482666666665,77411.23,-14.0,DOWN,0.5996860835061018,0.38875270758486574,0.6112472924151342,PASS,0.38875270758486574,0.6112472924151342,DOWN,0.6112472924151342,0.56,0.57,0.43,0.44,0.44,0.1712472924151342,RAW,ATTRACTIVE <=50c
2026-08-24T02:39:48.692641+00:00,KXBTC15M-26AUG232245-45,77425.23,9.811544016666666,5.188455983333333,77410.87,-14.360000000000582,DOWN,0.5775673987564109,0.366877331598025,0.6331226684019751,PASS,0.366877331598025,0.6331226684019751,DOWN,0.6331226684019751,0.44,0.45,0.55,0.56,0.56,0.07312266840197501,RAW,SMALL EDGE
2026-08-24T02:40:43.464255+00:00,KXBTC15M-26AUG232245-45,77425.23,10.72440425,4.27559575,77458.79,33.55999999999767,UP,0.6444082871696777,0.4342919798904655,0.5657080201095346,PASS,0.5657080201095346,0.4342919798904655,UP,0.5657080201095346,0.34,0.35,0.65,0.66,0.35,0.2157080201095346,RAW,IDEAL <=50c / LARGE EDGE
2026-08-24T02:41:37.703659+00:00,KXBTC15M-26AUG232245-45,77425.23,11.628394316666666,3.3716056833333337,77473.49,48.26000000000931,UP,0.35580175514447615,0.18560013446344123,0.8143998655365587,PASS,0.8143998655365587,0.18560013446344123,UP,0.8143998655365587,0.81,0.82,0.18,0.19,0.82,-0.005600134463441209,STRONG,NO VALUE
2026-08-24T02:42:32.008226+00:00,KXBTC15M-26AUG232245-45,77425.23,12.533470433333333,2.4665295666666665,77462.02,36.79000000000815,UP,0.27831049967724064,0.14124947728639542,0.8587505227136045,PASS,0.8587505227136045,0.14124947728639542,UP,0.8587505227136045,0.84,0.85,0.15,0.16,0.85,0.008750522713604547,STRONG,SMALL EDGE
2026-08-24T02:43:26.709909+00:00,KXBTC15M-26AUG232245-45,77425.23,13.445165150000001,1.55483485,77439.06,13.830000000001746,UP,0.46730310468875264,0.26704953776860924,0.7329504622313907,PASS,0.7329504622313907,0.26704953776860924,UP,0.7329504622313907,0.85,0.86,0.14,0.15,0.86,-0.12704953776860928,LEAN,NO VALUE
2026-08-24T02:44:20.864151+00:00,KXBTC15M-26AUG232245-45,77425.23,14.34773585,0.65226415,77432.13,6.900000000008731,UP,0.41734169488955364,0.2279560877989828,0.7720439122010172,PASS,0.7720439122010172,0.2279560877989828,UP,0.7720439122010172,0.55,0.56,0.44,0.45,0.56,0.21204391220101715,LEAN,LARGE EDGE / PRICE ABOVE 50c
2026-08-24T02:45:47.103925+00:00,KXBTC15M-26AUG232300-00,77436.28,0.7850654166666666,14.214934583333333,77416.13,-20.14999999999418,DOWN,0.7191958772441901,0.5125862017462143,0.4874137982537857,PASS,0.5125862017462143,0.4874137982537857,UP,0.5125862017462143,0.46,0.47,0.53,0.54,0.47,0.0425862017462143,RAW,SMALL EDGE
2026-08-24T02:46:41.789992+00:00,KXBTC15M-26AUG232300-00,77436.28,1.6964998666666666,13.303500133333333,77351.67,-84.61000000000058,DOWN,0.5130545898679462,0.30637632164945855,0.6936236783505414,PASS,0.30637632164945855,0.6936236783505414,DOWN,0.6936236783505414,0.33,0.34,0.66,0.67,0.67,0.023623678350541355,RAW,SMALL EDGE
2026-08-24T02:47:35.999034+00:00,KXBTC15M-26AUG232300-00,77436.28,2.5999839,12.400016099999998,77323.81,-112.47000000000116,DOWN,0.41482263792884594,0.22609585877361113,0.7739041412263888,PASS,0.22609585877361113,0.7739041412263888,DOWN,0.7739041412263888,0.25,0.26,0.74,0.75,0.75,0.023904141226388842,LEAN,SMALL EDGE
2026-08-24T02:48:30.256988+00:00,KXBTC15M-26AUG232300-00,77436.28,3.5042831333333333,11.495716866666667,77258.7,-177.58000000000175,DOWN,0.22959615731073776,0.11816245583430186,0.8818375441656982,PASS,0.11816245583430186,0.8818375441656982,DOWN,0.8818375441656982,0.21,0.22,0.78,0.79,0.79,0.09183754416569812,STRONG,SMALL EDGE
2026-08-24T02:49:24.825672+00:00,KXBTC15M-26AUG232300-00,77436.28,4.4137612,10.586238799999999,77283.93,-152.35000000000582,DOWN,0.29855683598038424,0.1519031852691549,0.8480968147308451,PASS,0.1519031852691549,0.8480968147308451,DOWN,0.8480968147308451,0.19,0.2,0.8,0.81,0.81,0.03809681473084503,STRONG,SMALL EDGE
2026-08-24T02:50:19.262261+00:00,KXBTC15M-26AUG232300-00,77436.28,5.3210376833333335,9.678962316666667,77358.81,-77.47000000000116,DOWN,0.5897306677728369,0.37884536663816754,0.6211546333618325,PASS,0.37884536663816754,0.6211546333618325,DOWN,0.6211546333618325,0.19,0.2,0.8,0.81,0.81,-0.18884536663816753,RAW,NO VALUE
2026-08-24T02:51:13.628020+00:00,KXBTC15M-26AUG232300-00,77436.28,6.227133666666666,8.772866333333333,77355.76,-80.52000000000407,DOWN,0.572343184527514,0.36178598060063905,0.638214019399361,PASS,0.36178598060063905,0.638214019399361,DOWN,0.638214019399361,0.24,0.25,0.75,0.76,0.76,-0.12178598060063905,RAW,NO VALUE
2026-08-24T02:52:08.117444+00:00,KXBTC15M-26AUG232300-00,77436.28,7.135290733333333,7.864709266666667,77329.16,-107.11999999999534,DOWN,0.3006174535252178,0.15302367988084634,0.8469763201191537,PASS,0.15302367988084634,0.8469763201191537,DOWN,0.8469763201191537,0.21,0.22,0.78,0.79,0.79,0.056976320119153656,STRONG,SMALL EDGE
2026-08-24T02:53:02.785869+00:00,KXBTC15M-26AUG232300-00,77436.28,8.04643115,6.95356885,77319.39,-116.88999999999942,DOWN,0.09178898613349568,0.06979394085087108,0.9302060591491289,PASS,0.06979394085087108,0.9302060591491289,DOWN,0.9302060591491289,0.12,0.13,0.87,0.88,0.88,0.0502060591491289,90%+ LOCK CANDIDATE,SMALL EDGE
2026-08-24T02:53:57.437331+00:00,KXBTC15M-26AUG232300-00,77436.28,8.95728885,6.042711150000001,77370.26,-66.02000000000407,DOWN,0.43459400924899116,0.2409847331772703,0.7590152668227297,PASS,0.2409847331772703,0.7590152668227297,DOWN,0.7590152668227297,0.15,0.16,0.84,0.85,0.85,-0.0909847331772703,LEAN,NO VALUE
2026-08-24T02:54:52.884014+00:00,KXBTC15M-26AUG232300-00,77436.28,9.881400233333332,5.118599766666667,77385.2,-51.080000000001746,DOWN,0.48023879625581156,0.2778385027901079,0.7221614972098921,PASS,0.2778385027901079,0.7221614972098921,DOWN,0.7221614972098921,0.21,0.22,0.78,0.79,0.79,-0.06783850279010795,LEAN,NO VALUE
2026-08-24T02:55:47.455820+00:00,KXBTC15M-26AUG232300-00,77436.28,10.790930333333334,4.209069666666667,77500.16,63.88000000000466,UP,0.3645675689376723,0.19124059382588737,0.8087594061741126,PASS,0.8087594061741126,0.19124059382588737,UP,0.8087594061741126,0.48,0.52,0.48,0.52,0.52,0.28875940617411255,STRONG,LARGE EDGE / PRICE ABOVE 50c
2026-08-24T02:56:42.077236+00:00,KXBTC15M-26AUG232300-00,77436.28,11.701287266666666,3.2987127333333333,77507.28,71.0,UP,0.2643103771748674,0.13425316472279392,0.8657468352772061,PASS,0.8657468352772061,0.13425316472279392,UP,0.8657468352772061,0.87,0.88,0.12,0.13,0.88,-0.01425316472279392,STRONG,NO VALUE
2026-08-24T02:57:36.491373+00:00,KXBTC15M-26AUG232300-00,77436.28,12.608189549999999,2.39181045,77383.72,-52.55999999999767,DOWN,0.18318358259534367,0.09927931916102908,0.9007206808389709,PASS,0.09927931916102908,0.9007206808389709,DOWN,0.9007206808389709,0.87,0.88,0.12,0.13,0.13,0.7707206808389709,LOCK,IDEAL <=50c / LARGE EDGE
2026-08-24T02:58:30.690913+00:00,KXBTC15M-26AUG232300-00,77436.28,13.511515216666668,1.4884847833333334,77443.46,7.180000000007567,UP,0.5283782613526937,0.3202482257438024,0.6797517742561976,PASS,0.6797517742561976,0.3202482257438024,UP,0.6797517742561976,0.4,0.41,0.59,0.6,0.41,0.2697517742561976,RAW,IDEAL <=50c / LARGE EDGE
2026-08-24T02:59:25.183629+00:00,KXBTC15M-26AUG232300-00,77436.28,14.41972715,0.58027285,77432.87,-3.4100000000034925,DOWN,0.7346302057163033,0.5287944092854644,0.4712055907145356,PASS,0.5287944092854644,0.4712055907145356,UP,0.5287944092854644,0.22,0.23,0.77,0.78,0.23,0.2987944092854644,RAW,IDEAL <=50c / LARGE EDGE
2026-08-24T03:00:19.705902+00:00,KXBTC15M-26AUG232315-15,77449.76,0.3284317,14.671568299999999,77484.88,35.120000000009895,UP,0.700102259896838,0.492502282124789,0.5074977178752109,PASS,0.5074977178752109,0.492502282124789,UP,0.5074977178752109,0.6,0.61,0.39,0.4,0.61,-0.10250228212478907,RAW,NO VALUE
2026-08-24T03:01:14.195411+00:00,KXBTC15M-26AUG232315-15,77449.76,1.2365901833333333,13.763409816666666,77517.52,67.76000000000931,UP,0.6370564727429261,0.4267072159872562,0.5732927840127438,PASS,0.5732927840127438,0.4267072159872562,UP,0.5732927840127438,0.63,0.64,0.36,0.37,0.64,-0.06670721598725626,RAW,NO VALUE
2026-08-24T03:02:09.191259+00:00,KXBTC15M-26AUG232315-15,77449.76,2.15318765,12.84681235,77377.93,-71.83000000000175,DOWN,0.6032421730516466,0.3923144987470732,0.6076855012529268,PASS,0.3923144987470732,0.6076855012529268,DOWN,0.6076855012529268,0.34,0.35,0.65,0.66,0.66,-0.05231449874707328,RAW,NO VALUE
2026-08-24T03:03:03.918892+00:00,KXBTC15M-26AUG232315-15,77449.76,3.0653148666666667,11.934685133333334,77362.51,-87.25,DOWN,0.5881222569100812,0.3772539240681227,0.6227460759318773,PASS,0.3772539240681227,0.6227460759318773,DOWN,0.6227460759318773,0.29,0.3,0.7,0.71,0.71,-0.08725392406812271,RAW,NO VALUE
2026-08-24T03:03:58.202605+00:00,KXBTC15M-26AUG232315-15,77449.76,3.970043416666667,11.029956583333334,77362.17,-87.58999999999651,DOWN,0.5780281987104476,0.3673278609215342,0.6326721390784658,PASS,0.3673278609215342,0.6326721390784658,DOWN,0.6326721390784658,0.28,0.29,0.71,0.72,0.72,-0.08732786092153422,RAW,NO VALUE
2026-08-24T03:04:52.584666+00:00,KXBTC15M-26AUG232315-15,77449.76,4.8764111,10.1235889,77351.07,-98.68999999998778,DOWN,0.5046067727531347,0.2988741156445624,0.7011258843554375,PASS,0.2988741156445624,0.7011258843554375,DOWN,0.7011258843554375,0.23,0.24,0.76,0.77,0.77,-0.06887411564456247,LEAN,NO VALUE
2026-08-24T03:05:46.929734+00:00,KXBTC15M-26AUG232315-15,77449.76,5.782162233333334,9.217837766666666,77320.63,-129.1299999999901,DOWN,0.400939300287527,0.2160370321986402,0.7839629678013598,PASS,0.2160370321986402,0.7839629678013598,DOWN,0.7839629678013598,0.22,0.23,0.77,0.78,0.78,0.00396296780135974,LEAN,SMALL EDGE
2026-08-24T03:06:41.362845+00:00,KXBTC15M-26AUG232315-15,77449.76,6.68938075,8.31061925,77306.03,-143.72999999999593,DOWN,0.0959140489406276,0.07092937459679816,0.9290706254032018,PASS,0.07092937459679816,0.9290706254032018,DOWN,0.9290706254032018,0.16,0.17,0.83,0.84,0.84,0.08907062540320188,EARLY 90%+ / NOT YET VALIDATED LOCK,SMALL EDGE
2026-08-24T03:07:35.778259+00:00,KXBTC15M-26AUG232315-15,77449.76,7.596304316666666,7.403695683333334,77267.54,-182.22000000000116,DOWN,0.10872343467211935,0.07456473934528882,0.9254352606547112,PASS,0.07456473934528882,0.9254352606547112,DOWN,0.9254352606547112,0.11,0.12,0.88,0.89,0.89,0.03543526065471114,EARLY 90%+ / NOT YET VALIDATED LOCK,SMALL EDGE
2026-08-24T03:08:30.157292+00:00,KXBTC15M-26AUG232315-15,77449.76,8.502621533333333,6.4973784666666665,77259.51,-190.25,DOWN,0.08702011478188723,0.0685022618414287,0.9314977381585713,PASS,0.0685022618414287,0.9314977381585713,DOWN,0.9314977381585713,0.074,0.075,0.925,0.926,0.926,0.0054977381585712415,90%+ LOCK CANDIDATE,SMALL EDGE
2026-08-24T03:09:24.334055+00:00,KXBTC15M-26AUG232315-15,77449.76,9.405567583333333,5.594432416666667,77282.97,-166.7899999999936,DOWN,0.06443093323463234,0.06267982055205727,0.9373201794479428,PASS,0.06267982055205727,0.9373201794479428,DOWN,0.9373201794479428,0.06,0.061,0.939,0.94,0.94,-0.002679820552057177,90%+ LOCK CANDIDATE,NO VALUE
2026-08-24T03:10:18.351075+00:00,KXBTC15M-26AUG232315-15,77449.76,10.30585125,4.69414875,77312.97,-136.7899999999936,DOWN,0.07052936078949178,0.06420457885924635,0.9357954211407536,PASS,0.06420457885924635,0.9357954211407536,DOWN,0.9357954211407536,0.089,0.09,0.91,0.911,0.911,0.024795421140753615,LOCK,SMALL EDGE
2026-08-24T03:11:12.327886+00:00,KXBTC15M-26AUG232315-15,77449.76,11.205464766666667,3.7945352333333333,77286.25,-163.50999999999476,DOWN,0.06600666583800345,0.06307052445683652,0.9369294755431635,PASS,0.06307052445683652,0.9369294755431635,DOWN,0.9369294755431635,0.096,0.099,0.901,0.904,0.904,0.0329294755431635,LOCK,SMALL EDGE
2026-08-24T03:12:06.773939+00:00,KXBTC15M-26AUG232315-15,77449.76,12.112898983333334,2.8871010166666666,77228.17,-221.5899999999965,DOWN,0.06447711205171737,0.06269123842826958,0.9373087615717304,PASS,0.06269123842826958,0.9373087615717304,DOWN,0.9373087615717304,0.015,0.016,0.984,0.985,0.985,-0.04769123842826961,LOCK,NO VALUE
2026-08-24T03:13:01.146018+00:00,KXBTC15M-26AUG232315-15,77449.76,13.0191003,1.9808997,77263.76,-186.0,DOWN,0.061018685784783123,0.06184148078970464,0.9381585192102954,PASS,0.06184148078970464,0.9381585192102954,DOWN,0.9381585192102954,0.011,0.012,0.988,0.989,0.989,-0.05084148078970463,LOCK,NO VALUE
2026-08-24T03:13:55.022992+00:00,KXBTC15M-26AUG232315-15,77449.76,13.917049866666668,1.0829501333333333,77217.23,-232.52999999999884,DOWN,0.08343202924083738,0.06754504384804609,0.932454956151954,PASS,0.06754504384804609,0.932454956151954,DOWN,0.932454956151954,0.0,0.001,0.999,1.0,1.0,-0.06754504384804605,LOCK,NO VALUE
2026-08-24T03:14:49.822881+00:00,KXBTC15M-26AUG232315-15,77449.76,14.830381350000001,0.16961864999999998,77214.5,-235.25999999999476,DOWN,0.03587434518301705,0.055979865084113095,0.9440201349158869,PASS,0.055979865084113095,0.9440201349158869,DOWN,0.9440201349158869,0.0,0.001,0.999,1.0,1.0,-0.05597986508411312,LOCK,NO VALUE
2026-08-24T03:15:44.207140+00:00,KXBTC15M-26AUG232330-30,77220.26,0.7367856666666667,14.263214333333334,77206.8,-13.459999999991851,DOWN,0.7064592234591817,0.499189464733329,0.500810535266671,PASS,0.499189464733329,0.500810535266671,DOWN,0.500810535266671,0.44,0.45,0.55,0.56,0.56,-0.05918946473332909,RAW,NO VALUE
2026-08-24T03:16:38.346874+00:00,KXBTC15M-26AUG232330-30,77220.26,1.6391145666666667,13.360885433333333,77202.2,-18.05999999999767,DOWN,0.7346212666177023,0.5287850362255173,0.4712149637744827,PASS,0.5287850362255173,0.4712149637744827,UP,0.5287850362255173,0.42,0.43,0.57,0.58,0.43,0.09878503622551732,RAW,SMALL EDGE
2026-08-24T03:17:32.953543+00:00,KXBTC15M-26AUG232330-30,77220.26,2.5492257166666668,12.450774283333335,77152.54,-67.72000000000116,DOWN,0.6056764799365765,0.3947593588240572,0.6052406411759428,PASS,0.3947593588240572,0.6052406411759428,DOWN,0.6052406411759428,0.34,0.35,0.65,0.66,0.66,-0.05475935882405725,RAW,NO VALUE
2026-08-24T03:18:27.387068+00:00,KXBTC15M-26AUG232330-30,77220.26,3.456451133333333,11.543548866666667,77194.56,-25.69999999999709,DOWN,0.7030149699076471,0.4955661072430511,0.5044338927569489,PASS,0.4955661072430511,0.5044338927569489,DOWN,0.5044338927569489,0.44,0.45,0.55,0.56,0.56,-0.05556610724305111,RAW,NO VALUE
2026-08-24T03:19:21.832833+00:00,KXBTC15M-26AUG232330-30,77220.26,4.36388055,10.636119449999999,77167.84,-52.419999999998254,DOWN,0.6265709412890079,0.4159496420035169,0.5840503579964831,PASS,0.4159496420035169,0.5840503579964831,DOWN,0.5840503579964831,0.36,0.37,0.63,0.64,0.64,-0.05594964200351693,RAW,NO VALUE
2026-08-24T03:20:16.469083+00:00,KXBTC15M-26AUG232330-30,77220.26,5.274484716666667,9.725515283333333,77183.07,-37.189999999987776,DOWN,0.6379254772327294,0.427602033185715,0.572397966814285,PASS,0.427602033185715,0.572397966814285,DOWN,0.572397966814285,0.38,0.39,0.61,0.62,0.62,-0.04760203318571499,RAW,NO VALUE
2026-08-24T03:21:10.769165+00:00,KXBTC15M-26AUG232330-30,77220.26,6.179486083333333,8.820513916666666,77142.38,-77.8799999999901,DOWN,0.41878615667220964,0.22902762332050938,0.7709723766794906,PASS,0.22902762332050938,0.7709723766794906,DOWN,0.7709723766794906,0.35,0.36,0.64,0.65,0.65,0.12097237667949057,LEAN,POSITIVE EDGE
2026-08-24T03:22:05.402905+00:00,KXBTC15M-26AUG232330-30,77220.26,7.090048416666666,7.909951583333334,77152.54,-67.72000000000116,DOWN,0.291215450447327,0.14796586599622025,0.8520341340037798,PASS,0.14796586599622025,0.8520341340037798,DOWN,0.8520341340037798,0.26,0.27,0.73,0.74,0.74,0.11203413400377982,STRONG,POSITIVE EDGE
2026-08-24T03:22:59.798723+00:00,KXBTC15M-26AUG232330-30,77220.26,7.996645383333333,7.003354616666667,77152.55,-67.70999999999185,DOWN,0.24942395804848938,0.1271374494892425,0.8728625505107575,PASS,0.1271374494892425,0.8728625505107575,DOWN,0.8728625505107575,0.28,0.29,0.71,0.72,0.72,0.15286255051075748,STRONG,POSITIVE EDGE
2026-08-24T03:23:54.087584+00:00,KXBTC15M-26AUG232330-30,77220.26,8.901459733333333,6.098540266666666,77217.01,-3.25,DOWN,0.7714478870409514,0.5671515975936777,0.4328484024063223,PASS,0.5671515975936777,0.4328484024063223,UP,0.5671515975936777,0.42,0.43,0.57,0.58,0.43,0.13715159759367773,RAW,POSITIVE EDGE
2026-08-24T03:24:48.597888+00:00,KXBTC15M-26AUG232330-30,77220.26,9.8099648,5.1900352,77212.34,-7.919999999998254,DOWN,0.767019277375539,0.5625709852110644,0.4374290147889356,PASS,0.5625709852110644,0.4374290147889356,UP,0.5625709852110644,0.44,0.45,0.55,0.56,0.45,0.1125709852110644,RAW,POSITIVE EDGE
2026-08-24T03:25:43.207977+00:00,KXBTC15M-26AUG232330-30,77220.26,10.72013295,4.279867049999999,77232.77,12.510000000009313,UP,0.5565622573586831,0.3465974987101116,0.6534025012898884,PASS,0.6534025012898884,0.3465974987101116,UP,0.6534025012898884,0.56,0.57,0.43,0.44,0.57,0.08340250128988846,RAW,SMALL EDGE
2026-08-24T03:26:37.447943+00:00,KXBTC15M-26AUG232330-30,77220.26,11.624132383333334,3.3758676166666666,77167.81,-52.44999999999709,DOWN,0.20170613440131815,0.1064703977058107,0.8935296022941893,PASS,0.1064703977058107,0.8935296022941893,DOWN,0.8935296022941893,0.27,0.28,0.72,0.73,0.73,0.16352960229418934,STRONG,POSITIVE EDGE
2026-08-24T03:27:31.803874+00:00,KXBTC15M-26AUG232330-30,77220.26,12.530064566666665,2.469935433333333,77150.0,-70.25999999999476,DOWN,0.08171723260472262,0.06709197016655367,0.9329080298334463,PASS,0.06709197016655367,0.9329080298334463,DOWN,0.9329080298334463,0.092,0.099,0.901,0.908,0.908,0.02490802983344631,LOCK,SMALL EDGE
2026-08-24T03:28:25.950095+00:00,KXBTC15M-26AUG232330-30,77220.26,13.432501583333334,1.5674984166666666,77138.13,-82.1299999999901,DOWN,0.06054246746265941,0.061725316993221695,0.9382746830067783,PASS,0.061725316993221695,0.9382746830067783,DOWN,0.9382746830067783,0.023,0.026,0.974,0.977,0.977,-0.03872531699322168,LOCK,NO VALUE
2026-08-24T03:29:20.480794+00:00,KXBTC15M-26AUG232330-30,77220.26,14.341346566666665,0.6586534333333333,77133.45,-86.80999999999767,DOWN,0.048501923933861074,0.058855198956592886,0.9411448010434071,PASS,0.058855198956592886,0.9411448010434071,DOWN,0.9411448010434071,0.003,0.004,0.996,0.997,0.997,-0.055855198956592855,LOCK,NO VALUE
2026-08-24T03:30:46.664633+00:00,KXBTC15M-26AUG232345-45,77140.35,0.7777438833333333,14.222256116666667,77038.84,-101.51000000000931,DOWN,0.5070090521561549,0.30099676340927634,0.6990032365907237,PASS,0.30099676340927634,0.6990032365907237,DOWN,0.6990032365907237,0.5,0.51,0.49,0.5,0.5,0.19900323659072372,RAW,ATTRACTIVE <=50c
2026-08-24T03:31:40.986374+00:00,KXBTC15M-26AUG232345-45,77140.35,1.6831062333333333,13.316893766666668,77081.92,-58.43000000000757,DOWN,0.6648312635986019,0.4555133704738209,0.5444866295261791,PASS,0.4555133704738209,0.5444866295261791,DOWN,0.5444866295261791,0.34,0.35,0.65,0.66,0.66,-0.11551337047382093,RAW,NO VALUE
2026-08-24T03:32:35.313286+00:00,KXBTC15M-26AUG232345-45,77140.35,2.588554766666667,12.411445233333334,77096.99,-43.36000000000058,DOWN,0.6398223142744978,0.4295568520146912,0.5704431479853088,PASS,0.4295568520146912,0.5704431479853088,DOWN,0.5704431479853088,0.34,0.35,0.65,0.66,0.66,-0.08955685201469121,RAW,NO VALUE
2026-08-24T03:33:29.634916+00:00,KXBTC15M-26AUG232345-45,77140.35,3.493915266666667,11.506084733333333,77121.11,-19.24000000000524,DOWN,0.7070825651858377,0.4998452409298166,0.5001547590701834,PASS,0.4998452409298166,0.5001547590701834,DOWN,0.5001547590701834,0.52,0.53,0.47,0.48,0.48,0.02015475907018338,RAW,SMALL EDGE
2026-08-24T03:34:23.982113+00:00,KXBTC15M-26AUG232345-45,77140.35,4.399701883333334,10.600298116666666,77113.91,-26.44000000000233,DOWN,0.6262068603593803,0.41557748784113074,0.5844225121588693,PASS,0.41557748784113074,0.5844225121588693,DOWN,0.5844225121588693,0.38,0.39,0.61,0.62,0.62,-0.035577487841130684,RAW,NO VALUE
2026-08-24T03:35:18.786714+00:00,KXBTC15M-26AUG232345-45,77140.35,5.3131119,9.686888100000001,77091.55,-48.80000000000291,DOWN,0.5883924241447839,0.37752105729694246,0.6224789427030575,PASS,0.37752105729694246,0.6224789427030575,DOWN,0.6224789427030575,0.39,0.4,0.6,0.61,0.61,0.012478942703057494,RAW,SMALL EDGE
2026-08-24T03:36:13.053772+00:00,KXBTC15M-26AUG232345-45,77140.35,6.2175628666666665,8.782437133333334,76987.77,-152.58000000000175,DOWN,0.23882643462012768,0.12227023214317989,0.8777297678568201,PASS,0.12227023214317989,0.8777297678568201,DOWN,0.8777297678568201,0.29,0.3,0.7,0.71,0.71,0.16772976785682014,STRONG,POSITIVE EDGE
2026-08-24T03:37:07.802241+00:00,KXBTC15M-26AUG232345-45,77140.35,7.130037349999999,7.869962650000001,77000.79,-139.56000000001222,DOWN,0.23432772114591308,0.1202530162069425,0.8797469837930575,PASS,0.1202530162069425,0.8797469837930575,DOWN,0.8797469837930575,0.16,0.17,0.83,0.84,0.84,0.03974698379305752,STRONG,SMALL EDGE
2026-08-24T03:38:02.407631+00:00,KXBTC15M-26AUG232345-45,77140.35,8.040127183333333,6.959872816666667,77070.0,-70.35000000000582,DOWN,0.4680893486115795,0.2676976468775233,0.7323023531224767,PASS,0.2676976468775233,0.7323023531224767,DOWN,0.7323023531224767,0.19,0.2,0.8,0.81,0.81,-0.07769764687752334,LEAN,NO VALUE
2026-08-24T03:38:56.688116+00:00,KXBTC15M-26AUG232345-45,77140.35,8.944801933333334,6.055198066666667,77069.74,-70.61000000000058,DOWN,0.44918497400736435,0.2523934751746065,0.7476065248253936,PASS,0.2523934751746065,0.7476065248253936,DOWN,0.7476065248253936,0.35,0.36,0.64,0.65,0.65,0.09760652482539356,LEAN,SMALL EDGE
2026-08-24T03:39:51.160399+00:00,KXBTC15M-26AUG232345-45,77140.35,9.852673316666666,5.1473266833333335,77051.5,-88.85000000000582,DOWN,0.30803547490266736,0.15711347781719628,0.8428865221828037,PASS,0.15711347781719628,0.8428865221828037,DOWN,0.8428865221828037,0.19,0.2,0.8,0.81,0.81,0.032886522182803635,STRONG,SMALL EDGE
2026-08-24T03:40:45.502542+00:00,KXBTC15M-26AUG232345-45,77140.35,10.758375699999998,4.2416243,76963.06,-177.29000000000815,DOWN,0.07321854110541161,0.06488785959880077,0.9351121404011993,PASS,0.06488785959880077,0.9351121404011993,DOWN,0.9351121404011993,0.035,0.036,0.964,0.965,0.965,-0.029887859598800692,LOCK,NO VALUE
2026-08-24T03:41:40.106526+00:00,KXBTC15M-26AUG232345-45,77140.35,11.6684421,3.3315579,76989.57,-150.77999999999884,DOWN,0.07614451170758961,0.06563898850403596,0.9343610114959641,PASS,0.06563898850403596,0.9343610114959641,DOWN,0.9343610114959641,0.032,0.036,0.964,0.968,0.968,-0.033638988504035905,LOCK,NO VALUE
2026-08-24T03:42:34.440750+00:00,KXBTC15M-26AUG232345-45,77140.35,12.5740125,2.4259874999999997,76993.58,-146.77000000000407,DOWN,0.026062526299886358,0.053837458075609065,0.946162541924391,PASS,0.053837458075609065,0.946162541924391,DOWN,0.946162541924391,0.022,0.023,0.977,0.978,0.978,-0.031837458075609004,LOCK,NO VALUE
2026-08-24T03:43:29.412176+00:00,KXBTC15M-26AUG232345-45,77140.35,13.490202933333334,1.5097970666666667,76993.78,-146.57000000000698,DOWN,0.03597884580916533,0.05600310886141965,0.9439968911385803,PASS,0.05600310886141965,0.9439968911385803,DOWN,0.9439968911385803,0.009,0.01,0.99,0.991,0.991,-0.047003108861419673,LOCK,NO VALUE
2026-08-24T03:44:23.915629+00:00,KXBTC15M-26AUG232345-45,77140.35,14.398593816666667,0.6014061833333333,76996.86,-143.49000000000524,DOWN,0.014327059337894585,0.05137658564266084,0.9486234143573392,PASS,0.05137658564266084,0.9486234143573392,DOWN,0.9486234143573392,0.0,0.001,0.999,1.0,1.0,-0.05137658564266079,LOCK,NO VALUE
2026-08-24T03:45:50.426039+00:00,KXBTC15M-26AUG240000-00,76994.55,0.8404339833333334,14.159566016666668,77030.87,36.31999999999243,UP,0.6462096767873152,0.4361552936994274,0.5638447063005726,PASS,0.5638447063005726,0.4361552936994274,UP,0.5638447063005726,0.52,0.53,0.47,0.48,0.53,0.03384470630057257,RAW,SMALL EDGE
2026-08-24T03:46:45.384112+00:00,KXBTC15M-26AUG240000-00,76994.55,1.7564018666666668,13.243598133333334,76997.48,2.929999999993015,UP,0.6572683827856108,0.4476317691512308,0.5523682308487692,PASS,0.5523682308487692,0.4476317691512308,UP,0.5523682308487692,0.58,0.59,0.41,0.42,0.59,-0.03763176915123079,RAW,NO VALUE
2026-08-24T03:47:40.336986+00:00,KXBTC15M-26AUG240000-00,76994.55,2.6722831,12.3277169,76999.74,5.190000000002328,UP,0.655758570815393,0.4460613469371211,0.5539386530628789,PASS,0.5539386530628789,0.4460613469371211,UP,0.5539386530628789,0.51,0.52,0.48,0.49,0.52,0.03393865306287891,RAW,SMALL EDGE
2026-08-24T03:48:35.158369+00:00,KXBTC15M-26AUG240000-00,76994.55,3.5859728166666667,11.414027183333333,77017.83,23.279999999998836,UP,0.6782211475739225,0.46951987917052856,0.5304801208294714,PASS,0.5304801208294714,0.46951987917052856,UP,0.5304801208294714,0.7,0.71,0.29,0.3,0.71,-0.17951987917052858,RAW,NO VALUE
2026-08-24T03:49:29.896766+00:00,KXBTC15M-26AUG240000-00,76994.55,4.498279433333334,10.501720566666668,77022.91,28.360000000000582,UP,0.620033355473248,0.40928206614005325,0.5907179338599468,PASS,0.5907179338599468,0.40928206614005325,UP,0.5907179338599468,0.65,0.66,0.34,0.35,0.66,-0.06928206614005328,RAW,NO VALUE
2026-08-24T03:50:24.264239+00:00,KXBTC15M-26AUG240000-00,76994.55,5.404403983333333,9.595596016666667,77085.15,90.59999999999127,UP,0.25019470831914925,0.12749781904942908,0.8725021809505709,PASS,0.8725021809505709,0.12749781904942908,UP,0.8725021809505709,0.76,0.77,0.23,0.24,0.77,0.10250218095057084,STRONG,POSITIVE EDGE
2026-08-24T03:51:18.947954+00:00,KXBTC15M-26AUG240000-00,76994.55,6.315799233333333,8.684200766666667,77091.43,96.8799999999901,UP,0.33435562803144675,0.17234399217167004,0.8276560078283299,PASS,0.8276560078283299,0.17234399217167004,UP,0.8276560078283299,0.87,0.88,0.12,0.13,0.88,-0.05234399217167007,STRONG,NO VALUE
2026-08-24T03:52:13.796896+00:00,KXBTC15M-26AUG240000-00,76994.55,7.229948266666667,7.770051733333333,77034.13,39.580000000001746,UP,0.6025451153444596,0.39161540663619965,0.6083845933638004,PASS,0.6083845933638004,0.39161540663619965,UP,0.6083845933638004,0.76,0.77,0.23,0.24,0.77,-0.16161540663619967,RAW,NO VALUE
2026-08-24T03:53:08.809881+00:00,KXBTC15M-26AUG240000-00,76994.55,8.146831350000001,6.85316865,77003.57,9.020000000004075,UP,0.5763624812759525,0.36570037085487955,0.6342996291451204,PASS,0.6342996291451204,0.36570037085487955,UP,0.6342996291451204,0.58,0.59,0.41,0.42,0.59,0.04429962914512042,RAW,SMALL EDGE
2026-08-24T03:54:04.118757+00:00,KXBTC15M-26AUG240000-00,76994.55,9.068645949999999,5.9313540499999995,76956.56,-37.99000000000524,DOWN,0.5552024668280261,0.34530274877747036,0.6546972512225296,PASS,0.34530274877747036,0.6546972512225296,DOWN,0.6546972512225296,0.56,0.57,0.43,0.44,0.44,0.21469725122252964,RAW,IDEAL <=50c / LARGE EDGE
2026-08-24T03:54:58.771473+00:00,KXBTC15M-26AUG240000-00,76994.55,9.97952455,5.02047545,77006.62,12.069999999992433,UP,0.5079347348420055,0.30181698142654106,0.698183018573459,PASS,0.698183018573459,0.30181698142654106,UP,0.698183018573459,0.57,0.58,0.42,0.43,0.58,0.11818301857345903,RAW,POSITIVE EDGE
2026-08-24T03:55:53.680442+00:00,KXBTC15M-26AUG240000-00,76994.55,10.894674033333333,4.105325966666666,76984.23,-10.320000000006985,DOWN,0.6093305234543536,0.39843911410949845,0.6015608858905015,PASS,0.39843911410949845,0.6015608858905015,DOWN,0.6015608858905015,0.48,0.49,0.51,0.52,0.52,0.08156088589050148,RAW,SMALL EDGE
2026-08-24T03:56:48.654690+00:00,KXBTC15M-26AUG240000-00,76994.55,11.8109115,3.1890885,76980.64,-13.910000000003492,DOWN,0.598453843069613,0.3875212362459976,0.6124787637540023,PASS,0.3875212362459976,0.6124787637540023,DOWN,0.6124787637540023,0.43,0.44,0.56,0.57,0.57,0.04247876375400239,RAW,SMALL EDGE
2026-08-24T03:57:43.148246+00:00,KXBTC15M-26AUG240000-00,76994.55,12.719137433333334,2.280862566666667,76944.93,-49.620000000009895,DOWN,0.07913939953532682,0.06641617496339797,0.933583825036602,PASS,0.06641617496339797,0.933583825036602,DOWN,0.933583825036602,0.15,0.16,0.84,0.85,0.85,0.083583825036602,LOCK,SMALL EDGE
2026-08-24T03:58:37.995050+00:00,KXBTC15M-26AUG240000-00,76994.55,13.633250833333333,1.3667491666666665,76947.4,-47.15000000000873,DOWN,0.04737759890440609,0.058593671828464367,0.9414063281715357,PASS,0.058593671828464367,0.9414063281715357,DOWN,0.9414063281715357,0.035,0.036,0.964,0.965,0.965,-0.02359367182846428,LOCK,NO VALUE
2026-08-24T03:59:33.206750+00:00,KXBTC15M-26AUG240000-00,76994.55,14.553445833333335,0.4465541666666667,76927.17,-67.38000000000466,DOWN,0.020453315736502546,0.05264766292324836,0.9473523370767516,PASS,0.05264766292324836,0.9473523370767516,DOWN,0.9473523370767516,0.004,0.006,0.994,0.996,0.996,-0.0486476629232484,LOCK,NO VALUE
2026-08-24T04:00:27.907665+00:00,KXBTC15M-26AUG240015-15,76939.71,0.46512775,14.534872250000001,76981.21,41.5,UP,0.6445406287527502,0.4344288082937613,0.5655711917062387,PASS,0.5655711917062387,0.4344288082937613,UP,0.5655711917062387,0.63,0.64,0.36,0.37,0.64,-0.0744288082937613,RAW,NO VALUE
2026-08-24T04:01:23.081837+00:00,KXBTC15M-26AUG240015-15,76939.71,1.3846972833333333,13.615302716666667,76999.41,59.69999999999709,UP,0.5951437617606529,0.3842203679018874,0.6157796320981126,PASS,0.6157796320981126,0.3842203679018874,UP,0.6157796320981126,0.68,0.69,0.31,0.32,0.69,-0.07422036790188735,RAW,NO VALUE
2026-08-24T04:02:17.999005+00:00,KXBTC15M-26AUG240015-15,76939.71,2.299983416666667,12.700016583333333,77002.32,62.61000000000058,UP,0.5572578032446371,0.3472606561446564,0.6527393438553436,PASS,0.6527393438553436,0.3472606561446564,UP,0.6527393438553436,0.7,0.71,0.29,0.3,0.71,-0.05726065614465636,RAW,NO VALUE
2026-08-24T04:03:13.349022+00:00,KXBTC15M-26AUG240015-15,76939.71,3.2224836999999997,11.7775163,77049.39,109.67999999999302,UP,0.4014714686908656,0.21641655583197605,0.783583444168024,PASS,0.783583444168024,0.21641655583197605,UP,0.783583444168024,0.78,0.79,0.21,0.22,0.79,-0.00641655583197609,LEAN,NO VALUE
2026-08-24T04:04:08.547891+00:00,KXBTC15M-26AUG240015-15,76939.71,4.14246485,10.857535149999999,77037.94,98.22999999999593,UP,0.4235804221789487,0.23260945024732335,0.7673905497526766,PASS,0.7673905497526766,0.23260945024732335,UP,0.7673905497526766,0.78,0.79,0.21,0.22,0.79,-0.022609450247323415,LEAN,NO VALUE
2026-08-24T04:05:03.552646+00:00,KXBTC15M-26AUG240015-15,76939.71,5.059210766666666,9.940789233333334,77047.01,107.29999999998836,UP,0.17711466387752722,0.09701881749573953,0.9029811825042605,PASS,0.9029811825042605,0.09701881749573953,UP,0.9029811825042605,0.77,0.78,0.22,0.23,0.78,0.12298118250426049,EARLY 90%+ / NOT YET VALIDATED LOCK,POSITIVE EDGE
2026-08-24T04:05:58.446608+00:00,KXBTC15M-26AUG240015-15,76939.71,5.974110133333334,9.025889866666667,77076.15,136.43999999998778,UP,0.15264612386103427,0.08836499918355614,0.9116350008164439,PASS,0.9116350008164439,0.08836499918355614,UP,0.9116350008164439,0.87,0.88,0.12,0.13,0.88,0.03163500081644388,EARLY 90%+ / NOT YET VALIDATED LOCK,SMALL EDGE
2026-08-24T04:06:53.583759+00:00,KXBTC15M-26AUG240015-15,76939.71,6.89306265,8.10693735,77018.85,79.13999999999942,UP,0.2761540167319789,0.14015230395272438,0.8598476960472756,PASS,0.8598476960472756,0.14015230395272438,UP,0.8598476960472756,0.86,0.87,0.13,0.14,0.87,-0.010152303952724373,STRONG,NO VALUE
2026-08-24T04:07:48.441821+00:00,KXBTC15M-26AUG240015-15,76939.71,7.8073636833333335,7.1926363166666665,77002.48,62.76999999998952,UP,0.3664772431714036,0.1924866143909708,0.8075133856090292,PASS,0.8075133856090292,0.1924866143909708,UP,0.8075133856090292,0.77,0.78,0.22,0.23,0.78,0.027513385609029162,STRONG,SMALL EDGE
2026-08-24T04:08:43.192425+00:00,KXBTC15M-26AUG240015-15,76939.71,8.71987375,6.2801262499999995,77004.3,64.58999999999651,UP,0.24981227670614234,0.12731890163880452,0.8726810983611955,PASS,0.8726810983611955,0.12731890163880452,UP,0.8726810983611955,0.78,0.79,0.21,0.22,0.79,0.08268109836119542,STRONG,SMALL EDGE
2026-08-24T04:09:37.555571+00:00,KXBTC15M-26AUG240015-15,76939.71,9.625926183333332,5.374073816666667,77030.29,90.5799999999872,UP,0.08438090407839705,0.0677969682247258,0.9322030317752742,PASS,0.9322030317752742,0.0677969682247258,UP,0.9322030317752742,0.85,0.86,0.14,0.15,0.86,0.0722030317752742,90%+ LOCK CANDIDATE,SMALL EDGE
2026-08-24T04:10:32.341371+00:00,KXBTC15M-26AUG240015-15,76939.71,10.53902285,4.460977150000001,77020.22,80.50999999999476,UP,0.10758504462269637,0.07423484451970659,0.9257651554802934,PASS,0.9257651554802934,0.07423484451970659,UP,0.9257651554802934,0.81,0.82,0.18,0.19,0.82,0.10576515548029342,LOCK,POSITIVE EDGE
2026-08-24T04:11:26.881689+00:00,KXBTC15M-26AUG240015-15,76939.71,11.44802815,3.55197185,77015.2,75.48999999999069,UP,0.05103106092116742,0.05944750105611299,0.940552498943887,PASS,0.940552498943887,0.05944750105611299,UP,0.940552498943887,0.89,0.9,0.1,0.11,0.9,0.040552498943887016,LOCK,SMALL EDGE
2026-08-24T04:12:21.766352+00:00,KXBTC15M-26AUG240015-15,76939.71,12.362772533333333,2.6372274666666664,76996.53,56.81999999999243,UP,0.08779358028636301,0.06871024471141354,0.9312897552885865,PASS,0.9312897552885865,0.06871024471141354,UP,0.9312897552885865,0.927,0.928,0.072,0.073,0.928,0.003289755288586438,LOCK,SMALL EDGE
2026-08-24T04:13:16.471543+00:00,KXBTC15M-26AUG240015-15,76939.71,13.274525716666666,1.7254742833333334,77037.94,98.22999999999593,UP,0.0199765300602759,0.05254768273286888,0.9474523172671311,PASS,0.9474523172671311,0.05254768273286888,UP,0.9474523172671311,0.975,0.976,0.024,0.025,0.976,-0.028547682732868895,LOCK,NO VALUE
2026-08-24T04:14:11.049602+00:00,KXBTC15M-26AUG240015-15,76939.71,14.184160033333335,0.8158399666666667,77015.81,76.09999999999127,UP,0.02258192941956725,0.05309622055683766,0.9469037794431623,PASS,0.9469037794431623,0.05309622055683766,UP,0.9469037794431623,0.996,0.997,0.003,0.004,0.997,-0.05009622055683771,LOCK,NO VALUE
2026-08-24T04:16:09.850072+00:00,KXBTC15M-26AUG240030-30,77026.31,1.1641678666666666,13.835832133333334,77134.64,108.33000000000175,UP,0.5029946492437108,0.2974544741242942,0.7025455258757058,PASS,0.7025455258757058,0.2974544741242942,UP,0.7025455258757058,0.65,0.66,0.34,0.35,0.66,0.042545525875705814,LEAN,SMALL EDGE
2026-08-24T04:17:04.886880+00:00,KXBTC15M-26AUG240030-30,77026.31,2.081448,12.918552,77157.85,131.54000000000815,UP,0.40366132197696186,0.21798335739431798,0.782016642605682,PASS,0.782016642605682,0.21798335739431798,UP,0.782016642605682,0.81,0.82,0.18,0.19,0.82,-0.03798335739431791,LEAN,NO VALUE
2026-08-24T04:17:59.542021+00:00,KXBTC15M-26AUG240030-30,77026.31,2.992367016666667,12.007632983333334,77158.86,132.5500000000029,UP,0.4056051492056682,0.21938097219338124,0.7806190278066187,PASS,0.7806190278066187,0.21938097219338124,UP,0.7806190278066187,0.82,0.83,0.17,0.18,0.83,-0.04938097219338122,LEAN,NO VALUE
2026-08-24T04:18:54.198098+00:00,KXBTC15M-26AUG240030-30,77026.31,3.9033016333333332,11.096698366666667,77186.03,159.72000000000116,UP,0.32902086343719444,0.16916528706919995,0.8308347129308,PASS,0.8308347129308,0.16916528706919995,UP,0.8308347129308,0.86,0.87,0.13,0.14,0.87,-0.03916528706919997,STRONG,NO VALUE
2026-08-24T04:19:48.817641+00:00,KXBTC15M-26AUG240030-30,77026.31,4.81362735,10.186372650000001,77170.11,143.8000000000029,UP,0.4282347939707747,0.23612393186994798,0.763876068130052,PASS,0.763876068130052,0.23612393186994798,UP,0.763876068130052,0.84,0.85,0.15,0.16,0.85,-0.08612393186994793,LEAN,NO VALUE
2026-08-24T04:20:43.476051+00:00,KXBTC15M-26AUG240030-30,77026.31,5.72460085,9.27539915,77206.57,180.2600000000093,UP,0.1263659048660446,0.07985237449849776,0.9201476255015022,PASS,0.9201476255015022,0.07985237449849776,UP,0.9201476255015022,0.83,0.84,0.16,0.17,0.84,0.08014762550150223,EARLY 90%+ / NOT YET VALIDATED LOCK,SMALL EDGE
2026-08-24T04:21:38.233755+00:00,KXBTC15M-26AUG240030-30,77026.31,6.63722925,8.362770750000001,77229.5,203.19000000000233,UP,0.05900298107392579,0.06135118381302896,0.938648816186971,PASS,0.938648816186971,0.06135118381302896,UP,0.938648816186971,0.923,0.926,0.074,0.077,0.926,0.012648816186971001,EARLY 90%+ / NOT YET VALIDATED LOCK,SMALL EDGE
2026-08-24T04:22:32.297512+00:00,KXBTC15M-26AUG240030-30,77026.31,7.5382918666666665,7.4617081333333335,77234.48,208.16999999999825,UP,0.03764595474491011,0.05637514888488463,0.9436248511151154,PASS,0.9436248511151154,0.05637514888488463,UP,0.9436248511151154,0.957,0.959,0.041,0.043,0.959,-0.01537514888488456,EARLY 90%+ / NOT YET VALIDATED LOCK,NO VALUE
2026-08-24T04:23:26.874703+00:00,KXBTC15M-26AUG240030-30,77026.31,8.447911716666667,6.552088283333333,77211.17,184.86000000000058,UP,0.03032002254747536,0.054757416609495194,0.9452425833905048,PASS,0.9452425833905048,0.054757416609495194,UP,0.9452425833905048,0.948,0.949,0.051,0.052,0.949,-0.0037574166094951345,90%+ LOCK CANDIDATE,NO VALUE
2026-08-24T04:24:21.604005+00:00,KXBTC15M-26AUG240030-30,77026.31,9.36006675,5.63993325,77190.76,164.4499999999971,UP,0.0395522098576761,0.05680340534917618,0.9431965946508238,PASS,0.9431965946508238,0.05680340534917618,UP,0.9431965946508238,0.951,0.952,0.048,0.049,0.952,-0.008803405349176119,90%+ LOCK CANDIDATE,NO VALUE
2026-08-24T04:25:15.955624+00:00,KXBTC15M-26AUG240030-30,77026.31,10.265927066666666,4.734072933333334,77183.1,156.79000000000815,UP,0.02863160039367602,0.054390824059157225,0.9456091759408428,PASS,0.9456091759408428,0.054390824059157225,UP,0.9456091759408428,0.954,0.955,0.045,0.046,0.955,-0.009390824059157143,LOCK,NO VALUE
2026-08-24T04:26:10.310883+00:00,KXBTC15M-26AUG240030-30,77026.31,11.17184805,3.82815195,77195.81,169.5,UP,0.015721008611697576,0.051663227163997356,0.9483367728360026,PASS,0.9483367728360026,0.051663227163997356,UP,0.9483367728360026,0.97,0.971,0.029,0.03,0.971,-0.02266322716399738,LOCK,NO VALUE
2026-08-24T04:27:04.829518+00:00,KXBTC15M-26AUG240030-30,77026.31,12.080491966666667,2.9195080333333334,77202.21,175.90000000000873,UP,0.009241613552560047,0.05034355792521373,0.9496564420747863,PASS,0.9496564420747863,0.05034355792521373,UP,0.9496564420747863,0.991,0.993,0.007,0.009,0.993,-0.043343557925213716,LOCK,NO VALUE
2026-08-24T04:27:59.510003+00:00,KXBTC15M-26AUG240030-30,77026.31,12.991833383333333,2.0081666166666667,77193.58,167.27000000000407,UP,0.009222219720458233,0.05033965627775745,0.9496603437222425,PASS,0.9496603437222425,0.05033965627775745,UP,0.9496603437222425,0.994,0.995,0.005,0.006,0.995,-0.04533965627775749,LOCK,NO VALUE
2026-08-24T04:28:54.147705+00:00,KXBTC15M-26AUG240030-30,77026.31,13.902461749999999,1.09753825,77228.93,202.61999999999534,UP,0.011814665254810737,0.050863750590192526,0.9491362494098075,PASS,0.9491362494098075,0.050863750590192526,UP,0.9491362494098075,0.999,1.0,0.0,0.001,1.0,-0.05086375059019255,LOCK,NO VALUE
2026-08-24T04:29:48.697041+00:00,KXBTC15M-26AUG240030-30,77026.31,14.81161735,0.18838264999999998,77217.72,191.4100000000035,UP,0.0098850716489807,0.050473171186280086,0.94952682881372,PASS,0.94952682881372,0.050473171186280086,UP,0.94952682881372,0.999,1.0,0.0,0.001,1.0,-0.05047317118628003,LOCK,NO VALUE
2026-08-24T04:30:43.185421+00:00,KXBTC15M-26AUG240045-45,77219.5,0.7197570166666666,14.280242983333332,77228.64,9.139999999999418,UP,0.7219129887395342,0.5154424428977428,0.48455755710225723,PASS,0.48455755710225723,0.5154424428977428,DOWN,0.5154424428977428,0.54,0.55,0.45,0.46,0.46,0.05544244289774275,RAW,SMALL EDGE
2026-08-24T04:31:38.001269+00:00,KXBTC15M-26AUG240045-45,77219.5,1.6333544833333333,13.366645516666667,77220.69,1.1900000000023283,UP,0.565787486674592,0.3554407606862222,0.6445592393137778,PASS,0.6445592393137778,0.3554407606862222,UP,0.6445592393137778,0.51,0.52,0.48,0.49,0.52,0.12455923931377777,RAW,POSITIVE EDGE
2026-08-24T04:32:32.607128+00:00,KXBTC15M-26AUG240045-45,77219.5,2.543452133333333,12.456547866666666,77172.89,-46.61000000000058,DOWN,0.5407985836229328,0.3317313361995214,0.6682686638004787,PASS,0.3317313361995214,0.6682686638004787,DOWN,0.6682686638004787,0.33,0.34,0.66,0.67,0.67,-0.0017313361995213716,RAW,NO VALUE
2026-08-24T04:33:27.441215+00:00,KXBTC15M-26AUG240045-45,77219.5,3.4573535833333335,11.542646416666665,77201.01,-18.49000000000524,DOWN,0.6802737973558859,0.4716718655545905,0.5283281344454095,PASS,0.4716718655545905,0.5283281344454095,DOWN,0.5283281344454095,0.38,0.39,0.61,0.62,0.62,-0.0916718655545905,RAW,NO VALUE
2026-08-24T04:34:21.786128+00:00,KXBTC15M-26AUG240045-45,77219.5,4.363102133333333,10.636897866666667,77211.63,-7.869999999995343,DOWN,0.6906910915353539,0.4826078673786724,0.5173921326213275,PASS,0.4826078673786724,0.5173921326213275,DOWN,0.5173921326213275,0.39,0.4,0.6,0.61,0.61,-0.09260786737867244,RAW,NO VALUE
2026-08-24T04:35:16.193564+00:00,KXBTC15M-26AUG240045-45,77219.5,5.269892733333333,9.730107266666666,77211.85,-7.649999999994179,DOWN,0.7272058645378175,0.5210032759869451,0.47899672401305493,PASS,0.5210032759869451,0.47899672401305493,UP,0.5210032759869451,0.4,0.41,0.59,0.6,0.41,0.1110032759869451,RAW,POSITIVE EDGE
2026-08-24T04:36:10.853060+00:00,KXBTC15M-26AUG240045-45,77219.5,6.180884333333334,8.819115666666667,77193.8,-25.69999999999709,DOWN,0.5619824855538849,0.35178092644153713,0.6482190735584629,PASS,0.35178092644153713,0.6482190735584629,DOWN,0.6482190735584629,0.27,0.28,0.72,0.73,0.73,-0.08178092644153712,RAW,NO VALUE
2026-08-24T04:37:05.796385+00:00,KXBTC15M-26AUG240045-45,77219.5,7.096606416666666,7.903393583333334,77192.34,-27.160000000003492,DOWN,0.5176142694461761,0.31046898915393123,0.6895310108460688,PASS,0.31046898915393123,0.6895310108460688,DOWN,0.6895310108460688,0.33,0.34,0.66,0.67,0.67,0.019531010846068786,RAW,SMALL EDGE
2026-08-24T04:38:00.285768+00:00,KXBTC15M-26AUG240045-45,77219.5,8.0047628,6.9952372,77163.72,-55.779999999998836,DOWN,0.4135478934232517,0.2251586115727239,0.7748413884272761,PASS,0.2251586115727239,0.7748413884272761,DOWN,0.7748413884272761,0.2,0.21,0.79,0.8,0.8,-0.02515861157272392,LEAN,NO VALUE
2026-08-24T04:38:54.749054+00:00,KXBTC15M-26AUG240045-45,77219.5,8.912484233333334,6.087515766666667,77163.64,-55.86000000000058,DOWN,0.38363942126194567,0.2039621637059863,0.7960378362940137,PASS,0.2039621637059863,0.7960378362940137,DOWN,0.7960378362940137,0.14,0.15,0.85,0.86,0.86,-0.06396216370598629,LEAN,NO VALUE
2026-08-24T04:39:49.185062+00:00,KXBTC15M-26AUG240045-45,77219.5,9.819751033333334,5.1802489666666665,77136.67,-82.83000000000175,DOWN,0.2562280735675255,0.13034898276529233,0.8696510172347076,PASS,0.13034898276529233,0.8696510172347076,DOWN,0.8696510172347076,0.053,0.054,0.946,0.947,0.947,-0.07734898276529234,STRONG,NO VALUE
2026-08-24T04:40:43.686290+00:00,KXBTC15M-26AUG240045-45,77219.5,10.728104833333333,4.271895166666667,77194.51,-24.99000000000524,DOWN,0.6166111777025605,0.40580493681180235,0.5941950631881976,PASS,0.40580493681180235,0.5941950631881976,DOWN,0.5941950631881976,0.13,0.14,0.86,0.87,0.87,-0.2758049368118024,RAW,NO VALUE
2026-08-24T04:41:38.132278+00:00,KXBTC15M-26AUG240045-45,77219.5,11.635537966666668,3.364462033333333,77098.85,-120.64999999999418,DOWN,0.1590698601944925,0.09056697098985643,0.9094330290101436,PASS,0.09056697098985643,0.9094330290101436,DOWN,0.9094330290101436,0.039,0.04,0.96,0.961,0.961,-0.05156697098985641,LOCK,NO VALUE
2026-08-24T04:42:32.363405+00:00,KXBTC15M-26AUG240045-45,77219.5,12.539390083333332,2.460609916666667,77121.94,-97.55999999999767,DOWN,0.1112390852808774,0.07529853658193712,0.9247014634180629,PASS,0.07529853658193712,0.9247014634180629,DOWN,0.9247014634180629,0.023,0.024,0.976,0.977,0.977,-0.05229853658193706,LOCK,NO VALUE
2026-08-24T04:43:27.070707+00:00,KXBTC15M-26AUG240045-45,77219.5,13.451178449999999,1.54882155,77077.89,-141.61000000000058,DOWN,0.11187587134524886,0.07548533182628829,0.9245146681737118,PASS,0.07548533182628829,0.9245146681737118,DOWN,0.9245146681737118,0.008,0.009,0.991,0.992,0.992,-0.06748533182628824,LOCK,NO VALUE
2026-08-24T04:44:21.534126+00:00,KXBTC15M-26AUG240045-45,77219.5,14.3589021,0.6410979,77086.63,-132.86999999999534,DOWN,0.09109224716591581,0.06960382902676991,0.9303961709732301,PASS,0.06960382902676991,0.9303961709732301,DOWN,0.9303961709732301,0.0,0.001,0.999,1.0,1.0,-0.06960382902676987,LOCK,NO VALUE
2026-08-24T04:45:48.160103+00:00,KXBTC15M-26AUG240100-00,77093.57,0.8026683833333333,14.197331616666666,77014.52,-79.05000000000291,DOWN,0.6236129341737259,0.41292885271234675,0.5870711472876533,PASS,0.41292885271234675,0.5870711472876533,DOWN,0.5870711472876533,0.27,0.28,0.72,0.73,0.73,-0.14292885271234668,RAW,NO VALUE
2026-08-24T04:46:42.745435+00:00,KXBTC15M-26AUG240100-00,77093.57,1.7124239166666666,13.287576083333333,76986.44,-107.13000000000466,DOWN,0.510416797998794,0.30402250472768133,0.6959774952723187,PASS,0.30402250472768133,0.6959774952723187,DOWN,0.6959774952723187,0.21,0.22,0.78,0.79,0.79,-0.09402250472768137,RAW,NO VALUE
2026-08-24T04:47:37.460113+00:00,KXBTC15M-26AUG240100-00,77093.57,2.6243352166666667,12.375664783333333,77020.29,-73.28000000001339,DOWN,0.6481466699496383,0.4381608844259505,0.5618391155740494,PASS,0.4381608844259505,0.5618391155740494,DOWN,0.5618391155740494,0.28,0.29,0.71,0.72,0.72,-0.15816088442595055,RAW,NO VALUE
2026-08-24T04:48:31.986926+00:00,KXBTC15M-26AUG240100-00,77093.57,3.5331154333333337,11.466884566666666,76976.24,-117.33000000000175,DOWN,0.5334229994093295,0.32488706848720383,0.6751129315127962,PASS,0.32488706848720383,0.6751129315127962,DOWN,0.6751129315127962,0.28,0.29,0.71,0.72,0.72,-0.04488706848720381,RAW,NO VALUE
2026-08-24T04:49:26.303417+00:00,KXBTC15M-26AUG240100-00,77093.57,4.438390283333334,10.561609716666668,76961.55,-132.02000000000407,DOWN,0.3111123247047801,0.1588357629781657,0.8411642370218343,PASS,0.1588357629781657,0.8411642370218343,DOWN,0.8411642370218343,0.17,0.18,0.82,0.83,0.83,0.011164237021834333,STRONG,SMALL EDGE
2026-08-24T04:50:20.994294+00:00,KXBTC15M-26AUG240100-00,77093.57,5.3499049,9.6500951,76881.33,-212.24000000000524,DOWN,0.06454137264359534,0.06270713031688707,0.9372928696831129,PASS,0.06270713031688707,0.9372928696831129,DOWN,0.9372928696831129,0.14,0.15,0.85,0.86,0.86,0.07729286968311289,EARLY 90%+ / NOT YET VALIDATED LOCK,SMALL EDGE
2026-08-24T04:51:15.498143+00:00,KXBTC15M-26AUG240100-00,77093.57,6.2583023833333336,8.741697616666666,76855.41,-238.1600000000035,DOWN,0.056636916214492995,0.06078030173319205,0.939219698266808,PASS,0.06078030173319205,0.939219698266808,DOWN,0.939219698266808,0.082,0.083,0.917,0.918,0.918,0.021219698266807918,EARLY 90%+ / NOT YET VALIDATED LOCK,SMALL EDGE
2026-08-24T04:52:09.916630+00:00,KXBTC15M-26AUG240100-00,77093.57,7.165277166666667,7.834722833333333,76844.45,-249.1200000000099,DOWN,0.06202101981959923,0.06208664734414275,0.9379133526558573,PASS,0.06208664734414275,0.9379133526558573,DOWN,0.9379133526558573,0.032,0.033,0.967,0.968,0.968,-0.03008664734414268,EARLY 90%+ / NOT YET VALIDATED LOCK,NO VALUE
2026-08-24T04:53:04.814220+00:00,KXBTC15M-26AUG240100-00,77093.57,8.080237,6.9197630000000006,76686.51,-407.0600000000122,DOWN,0.10551236866832601,0.07363764780239164,0.9263623521976083,PASS,0.07363764780239164,0.9263623521976083,DOWN,0.9263623521976083,0.04,0.041,0.959,0.96,0.96,-0.033637647802391646,90%+ LOCK CANDIDATE,NO VALUE
2026-08-24T04:53:59.456084+00:00,KXBTC15M-26AUG240100-00,77093.57,8.990934733333335,6.009065266666667,76820.2,-273.3700000000099,DOWN,0.13003941959060966,0.08099561667551236,0.9190043833244876,PASS,0.08099561667551236,0.9190043833244876,DOWN,0.9190043833244876,0.029,0.03,0.97,0.971,0.971,-0.051995616675512335,90%+ LOCK CANDIDATE,NO VALUE
2026-08-24T04:54:54.142894+00:00,KXBTC15M-26AUG240100-00,77093.57,9.902381566666666,5.097618433333333,76816.38,-277.1900000000023,DOWN,0.09426212603393401,0.07047264478520737,0.9295273552147927,PASS,0.07047264478520737,0.9295273552147927,DOWN,0.9295273552147927,0.03,0.032,0.968,0.97,0.97,-0.04047264478520729,90%+ LOCK CANDIDATE,NO VALUE
2026-08-24T04:55:49.000245+00:00,KXBTC15M-26AUG240100-00,77093.57,10.816670749999998,4.18332925,76812.57,-281.0,DOWN,0.07673397961411872,0.06579128665274317,0.9342087133472569,PASS,0.06579128665274317,0.9342087133472569,DOWN,0.9342087133472569,0.019,0.02,0.98,0.981,0.981,-0.046791286652743125,LOCK,NO VALUE
2026-08-24T04:56:43.520135+00:00,KXBTC15M-26AUG240100-00,77093.57,11.725335583333333,3.2746644166666665,76789.65,-303.9200000000128,DOWN,0.058203406407928565,0.061157704698417,0.938842295301583,PASS,0.061157704698417,0.938842295301583,DOWN,0.938842295301583,0.011,0.013,0.987,0.989,0.989,-0.05015770469841696,LOCK,NO VALUE
2026-08-24T04:57:38.032655+00:00,KXBTC15M-26AUG240100-00,77093.57,12.633877583333334,2.366122416666667,76808.74,-284.83000000000175,DOWN,0.048492586705592526,0.05885302254197055,0.9411469774580294,PASS,0.05885302254197055,0.9411469774580294,DOWN,0.9411469774580294,0.001,0.002,0.998,0.999,0.999,-0.057853022541970556,LOCK,NO VALUE
2026-08-24T04:58:32.911173+00:00,KXBTC15M-26AUG240100-00,77093.57,13.54851955,1.4514804499999998,76864.41,-229.1600000000035,DOWN,0.06342002222978284,0.062430354941392235,0.9375696450586077,PASS,0.062430354941392235,0.9375696450586077,DOWN,0.9375696450586077,0.0,0.001,0.999,1.0,1.0,-0.06243035494139226,LOCK,NO VALUE
2026-08-24T04:59:27.639950+00:00,KXBTC15M-26AUG240100-00,77093.57,14.460665833333334,0.5393341666666667,76887.38,-206.19000000000233,DOWN,0.04333487320656068,0.05766227978083782,0.9423377202191622,PASS,0.05766227978083782,0.9423377202191622,DOWN,0.9423377202191622,0.0,0.001,0.999,1.0,1.0,-0.05766227978083782,LOCK,NO VALUE
2026-08-24T05:00:53.887624+00:00,KXBTC15M-26AUG240115-15,76882.21,0.8981270666666668,14.101872933333334,76873.67,-8.540000000008149,DOWN,0.7589198439260783,0.5541664342011194,0.44583356579888056,PASS,0.5541664342011194,0.44583356579888056,UP,0.5541664342011194,0.53,0.54,0.46,0.47,0.54,0.014166434201119404,RAW,SMALL EDGE
2026-08-24T05:01:48.657627+00:00,KXBTC15M-26AUG240115-15,76882.21,1.81096045,13.189039549999999,76846.26,-35.95000000001164,DOWN,0.7088980095643178,0.5017551435429852,0.4982448564570148,PASS,0.5017551435429852,0.4982448564570148,UP,0.5017551435429852,0.39,0.4,0.6,0.61,0.4,0.1017551435429852,RAW,POSITIVE EDGE
2026-08-24T05:02:43.395076+00:00,KXBTC15M-26AUG240115-15,76882.21,2.7232512666666664,12.276748733333333,76933.89,51.679999999993015,UP,0.3622179235365623,0.1897159644062372,0.8102840355937628,PASS,0.8102840355937628,0.1897159644062372,UP,0.8102840355937628,0.64,0.65,0.35,0.36,0.65,0.1602840355937628,STRONG,POSITIVE EDGE
2026-08-24T05:03:37.984446+00:00,KXBTC15M-26AUG240115-15,76882.21,3.6330741,11.3669259,76930.97,48.75999999999476,UP,0.39009972849532865,0.20841163898543721,0.7915883610145628,PASS,0.7915883610145628,0.20841163898543721,UP,0.7915883610145628,0.66,0.67,0.33,0.34,0.67,0.12158836101456272,LEAN,POSITIVE EDGE
2026-08-24T05:04:32.806116+00:00,KXBTC15M-26AUG240115-15,76882.21,4.546768599999999,10.4532314,76934.81,52.59999999999127,UP,0.3890183627804062,0.20766190491414718,0.7923380950858528,PASS,0.7923380950858528,0.20766190491414718,UP,0.7923380950858528,0.68,0.69,0.31,0.32,0.69,0.1023380950858529,LEAN,POSITIVE EDGE
2026-08-24T05:05:27.354558+00:00,KXBTC15M-26AUG240115-15,76882.21,5.4559093,9.5440907,76953.89,71.67999999999302,UP,0.3413817344027306,0.17660239311406145,0.8233976068859385,PASS,0.8233976068859385,0.17660239311406145,UP,0.8233976068859385,0.73,0.74,0.26,0.27,0.74,0.08339760688593856,STRONG,SMALL EDGE
2026-08-24T05:06:22.744668+00:00,KXBTC15M-26AUG240115-15,76882.21,6.3790778,8.620922199999999,76923.02,40.80999999999767,UP,0.3710224224924336,0.19547708693229407,0.804522913067706,PASS,0.804522913067706,0.19547708693229407,UP,0.804522913067706,0.63,0.64,0.36,0.37,0.64,0.16452291306770594,STRONG,POSITIVE EDGE
2026-08-24T05:07:17.730174+00:00,KXBTC15M-26AUG240115-15,76882.21,7.2955029,7.7044971,76908.07,25.860000000000582,UP,0.44608596232932857,0.24994069803085966,0.7500593019691404,PASS,0.7500593019691404,0.24994069803085966,UP,0.7500593019691404,0.68,0.69,0.31,0.32,0.69,0.060059301969140444,LEAN,SMALL EDGE
2026-08-24T05:08:12.206929+00:00,KXBTC15M-26AUG240115-15,76882.21,8.203448816666667,6.796551183333333,76971.49,89.27999999999884,UP,0.0979783652203852,0.07150396720578339,0.9284960327942167,PASS,0.9284960327942167,0.07150396720578339,UP,0.9284960327942167,0.56,0.57,0.43,0.44,0.57,0.3584960327942167,90%+ LOCK CANDIDATE,LARGE EDGE / PRICE ABOVE 50c
2026-08-24T05:09:06.688487+00:00,KXBTC15M-26AUG240115-15,76882.21,9.111474783333334,5.888525216666666,77000.28,118.06999999999243,UP,0.10260897617842411,0.07280853310595141,0.9271914668940486,PASS,0.9271914668940486,0.07280853310595141,UP,0.9271914668940486,0.89,0.9,0.1,0.11,0.9,0.02719146689404861,90%+ LOCK CANDIDATE,SMALL EDGE
2026-08-24T05:10:01.842248+00:00,KXBTC15M-26AUG240115-15,76882.21,10.030704133333334,4.969295866666667,77026.48,144.26999999998952,UP,0.09807466995695312,0.07153087779226856,0.9284691222077315,PASS,0.9284691222077315,0.07153087779226856,UP,0.9284691222077315,0.928,0.929,0.071,0.072,0.929,-0.0005308777922685692,LOCK,NO VALUE
2026-08-24T05:10:56.405705+00:00,KXBTC15M-26AUG240115-15,76882.21,10.940095083333334,4.0599049166666665,77015.34,133.1299999999901,UP,0.08912944178845499,0.0690708322690351,0.9309291677309649,PASS,0.9309291677309649,0.0690708322690351,UP,0.9309291677309649,0.968,0.969,0.031,0.032,0.969,-0.03807083226903507,LOCK,NO VALUE
2026-08-24T05:11:50.913189+00:00,KXBTC15M-26AUG240115-15,76882.21,11.848553149999999,3.15144685,77041.6,159.38999999999942,UP,0.03676076890151604,0.05617731810643357,0.9438226818935664,PASS,0.9438226818935664,0.05617731810643357,UP,0.9438226818935664,0.979,0.98,0.02,0.021,0.98,-0.03617731810643354,LOCK,NO VALUE
2026-08-24T05:12:45.471098+00:00,KXBTC15M-26AUG240115-15,76882.21,12.757851633333333,2.2421483666666666,77087.6,205.38999999999942,UP,0.0080980135946946,0.050113977500925756,0.9498860224990743,PASS,0.9498860224990743,0.050113977500925756,UP,0.9498860224990743,0.998,0.999,0.001,0.002,0.999,-0.04911397750092572,LOCK,NO VALUE
2026-08-24T05:13:40.592940+00:00,KXBTC15M-26AUG240115-15,76882.21,13.676549,1.323451,77109.31,227.09999999999127,UP,0.0012946642697235819,0.048768564015751976,0.951231435984248,PASS,0.951231435984248,0.048768564015751976,UP,0.951231435984248,0.999,1.0,0.0,0.001,1.0,-0.048768564015752025,LOCK,NO VALUE
2026-08-24T05:14:35.631194+00:00,KXBTC15M-26AUG240115-15,76882.21,14.593853233333334,0.40614676666666666,77194.56,312.34999999999127,UP,0.007324879182377038,0.04995933114374039,0.9500406688562596,PASS,0.9500406688562596,0.04995933114374039,UP,0.9500406688562596,0.999,1.0,0.0,0.001,1.0,-0.049959331143740404,LOCK,NO VALUE
2026-08-24T05:15:30.293674+00:00,KXBTC15M-26AUG240130-30,77175.69,0.5048945666666667,14.495105433333332,77122.22,-53.470000000001164,DOWN,0.7106234435088288,0.5035703058286561,0.49642969417134386,PASS,0.5035703058286561,0.49642969417134386,UP,0.5035703058286561,0.59,0.6,0.4,0.41,0.6,-0.09642969417134384,RAW,NO VALUE
2026-08-24T05:16:24.973063+00:00,KXBTC15M-26AUG240130-30,77175.69,1.4162177166666665,13.583782283333333,77159.01,-16.680000000007567,DOWN,0.7520653328290338,0.5470292272086922,0.4529707727913078,PASS,0.5470292272086922,0.4529707727913078,UP,0.5470292272086922,0.41,0.42,0.58,0.59,0.42,0.1270292272086922,RAW,POSITIVE EDGE
2026-08-24T05:17:20.052101+00:00,KXBTC15M-26AUG240130-30,77175.69,2.334201683333333,12.665798316666667,77091.43,-84.26000000000931,DOWN,0.6251405323919315,0.4144880701131274,0.5855119298868726,PASS,0.4144880701131274,0.5855119298868726,DOWN,0.5855119298868726,0.4,0.41,0.59,0.6,0.6,-0.01448807011312736,RAW,NO VALUE
2026-08-24T05:18:14.555188+00:00,KXBTC15M-26AUG240130-30,77175.69,3.2425864666666664,11.757413533333333,77068.51,-107.18000000000757,DOWN,0.5556670785497977,0.3457448806863372,0.6542551193136628,PASS,0.3457448806863372,0.6542551193136628,DOWN,0.6542551193136628,0.25,0.26,0.74,0.75,0.75,-0.09574488068633724,RAW,NO VALUE
2026-08-24T05:19:09.346867+00:00,KXBTC15M-26AUG240130-30,77175.69,4.155781116666667,10.844218883333333,77092.11,-83.58000000000175,DOWN,0.6010435814699692,0.3901110034266361,0.6098889965733638,PASS,0.3901110034266361,0.6098889965733638,DOWN,0.6098889965733638,0.19,0.2,0.8,0.81,0.81,-0.20011100342663624,RAW,NO VALUE
2026-08-24T05:20:04.445664+00:00,KXBTC15M-26AUG240130-30,77175.69,5.074094400000001,9.9259056,77059.32,-116.36999999999534,DOWN,0.30405824902891576,0.1549097526422191,0.8450902473577809,PASS,0.1549097526422191,0.8450902473577809,DOWN,0.8450902473577809,0.26,0.27,0.73,0.74,0.74,0.10509024735778094,STRONG,POSITIVE EDGE
2026-08-24T05:20:59.138164+00:00,KXBTC15M-26AUG240130-30,77175.69,5.985636066666667,9.014363933333334,77012.92,-162.77000000000407,DOWN,0.14360908561577287,0.08534907834901045,0.9146509216509895,PASS,0.08534907834901045,0.9146509216509895,DOWN,0.9146509216509895,0.12,0.13,0.87,0.88,0.88,0.034650921650989486,EARLY 90%+ / NOT YET VALIDATED LOCK,SMALL EDGE
2026-08-24T05:21:53.790570+00:00,KXBTC15M-26AUG240130-30,77175.69,6.8965095,8.1034905,77008.74,-166.9499999999971,DOWN,0.09824769114561221,0.07157924886351662,0.9284207511364834,PASS,0.07157924886351662,0.9284207511364834,DOWN,0.9284207511364834,0.093,0.095,0.905,0.907,0.907,0.02142075113648334,EARLY 90%+ / NOT YET VALIDATED LOCK,SMALL EDGE
2026-08-24T05:22:48.324066+00:00,KXBTC15M-26AUG240130-30,77175.69,7.8054011,7.1945989,76950.85,-224.8399999999965,DOWN,0.06171512768275415,0.06201173138466437,0.9379882686153356,PASS,0.06201173138466437,0.9379882686153356,DOWN,0.9379882686153356,0.046,0.047,0.953,0.954,0.954,-0.016011731384664385,EARLY 90%+ / NOT YET VALIDATED LOCK,NO VALUE
2026-08-24T05:23:43.155788+00:00,KXBTC15M-26AUG240130-30,77175.69,8.719263133333333,6.280736866666667,77114.34,-61.35000000000582,DOWN,0.5423496253702149,0.3331798635131841,0.6668201364868158,PASS,0.3331798635131841,0.6668201364868158,DOWN,0.6668201364868158,0.11,0.12,0.88,0.89,0.89,-0.2231798635131842,RAW,NO VALUE
2026-08-24T05:24:37.842870+00:00,KXBTC15M-26AUG240130-30,77175.69,9.6307145,5.3692855,77095.24,-80.44999999999709,DOWN,0.3741824593500448,0.19757685899843958,0.8024231410015604,PASS,0.19757685899843958,0.8024231410015604,DOWN,0.8024231410015604,0.22,0.23,0.77,0.78,0.78,0.022423141001560398,STRONG,SMALL EDGE
2026-08-24T05:25:32.557731+00:00,KXBTC15M-26AUG240130-30,77175.69,10.54262885,4.45737115,77048.95,-126.74000000000524,DOWN,0.11743763828900382,0.07713499626785482,0.9228650037321452,PASS,0.07713499626785482,0.9228650037321452,DOWN,0.9228650037321452,0.1,0.11,0.89,0.9,0.9,0.022865003732145173,LOCK,SMALL EDGE
2026-08-24T05:26:27.219524+00:00,KXBTC15M-26AUG240130-30,77175.69,11.453658733333333,3.5463412666666665,77132.39,-43.30000000000291,DOWN,0.44374707766530885,0.24810009456194454,0.7518999054380555,PASS,0.24810009456194454,0.7518999054380555,DOWN,0.7518999054380555,0.088,0.089,0.911,0.912,0.912,-0.16010009456194452,LEAN,NO VALUE
2026-08-24T05:27:21.826086+00:00,KXBTC15M-26AUG240130-30,77175.69,12.3637681,2.6362319,77125.52,-50.169999999998254,DOWN,0.17679124967722878,0.0968996533839815,0.9031003466160185,PASS,0.0968996533839815,0.9031003466160185,DOWN,0.9031003466160185,0.17,0.18,0.82,0.83,0.83,0.0731003466160185,LOCK,SMALL EDGE
2026-08-24T05:28:16.541413+00:00,KXBTC15M-26AUG240130-30,77175.69,13.275690216666668,1.7243097833333332,77111.57,-64.11999999999534,DOWN,0.03508236432950176,0.05580400183488982,0.9441959981651101,PASS,0.05580400183488982,0.9441959981651101,DOWN,0.9441959981651101,0.09,0.091,0.909,0.91,0.91,0.0341959981651101,LOCK,SMALL EDGE
2026-08-24T05:29:11.237238+00:00,KXBTC15M-26AUG240130-30,77175.69,14.187287300000001,0.8127127000000001,77095.61,-80.08000000000175,DOWN,0.05493343585450204,0.060372367658010226,0.9396276323419898,PASS,0.060372367658010226,0.9396276323419898,DOWN,0.9396276323419898,0.0,0.001,0.999,1.0,1.0,-0.06037236765801024,LOCK,NO VALUE
2026-08-24T05:30:36.295789+00:00,KXBTC15M-26AUG240145-45,77087.88,0.6049298166666667,14.395070183333333,77018.85,-69.02999999999884,DOWN,0.6065238459683098,0.3956116422115313,0.6043883577884688,PASS,0.3956116422115313,0.6043883577884688,DOWN,0.6043883577884688,0.33,0.34,0.66,0.67,0.67,-0.06561164221153126,RAW,NO VALUE
2026-08-24T05:31:29.364740+00:00,KXBTC15M-26AUG240145-45,77087.88,1.4894123333333333,13.510587666666668,76930.5,-157.38000000000466,DOWN,0.3581417070441182,0.1870931209982458,0.8129068790017542,PASS,0.1870931209982458,0.8129068790017542,DOWN,0.8129068790017542,0.29,0.3,0.7,0.71,0.71,0.10290687900175421,STRONG,POSITIVE EDGE
2026-08-24T05:32:22.531048+00:00,KXBTC15M-26AUG240145-45,77087.88,2.3755174666666665,12.624482533333332,76961.55,-126.33000000000175,DOWN,0.4273721910218661,0.23546982684348022,0.7645301731565197,PASS,0.23546982684348022,0.7645301731565197,DOWN,0.7645301731565197,0.21,0.22,0.78,0.79,0.79,-0.025469826843480314,LEAN,NO VALUE
2026-08-24T05:33:15.352070+00:00,KXBTC15M-26AUG240145-45,77087.88,3.2558678333333333,11.744132166666667,76939.55,-148.33000000000175,DOWN,0.33242757283889196,0.17118974186699445,0.8288102581330056,PASS,0.17118974186699445,0.8288102581330056,DOWN,0.8288102581330056,0.19,0.2,0.8,0.81,0.81,0.01881025813300552,STRONG,SMALL EDGE
2026-08-24T05:34:08.440288+00:00,KXBTC15M-26AUG240145-45,77087.88,4.140671466666666,10.859328533333333,76982.24,-105.63999999999942,DOWN,0.4599891749436107,0.2610685841798481,0.7389314158201519,PASS,0.2610685841798481,0.7389314158201519,DOWN,0.7389314158201519,0.18,0.19,0.81,0.82,0.82,-0.08106858417984808,LEAN,NO VALUE
2026-08-24T05:35:01.951190+00:00,KXBTC15M-26AUG240145-45,77087.88,5.032519833333334,9.967480166666666,76977.63,-110.25,DOWN,0.3238529639506603,0.1661307013713243,0.8338692986286758,PASS,0.1661307013713243,0.8338692986286758,DOWN,0.8338692986286758,0.25,0.26,0.74,0.75,0.75,0.08386929862867576,STRONG,SMALL EDGE
2026-08-24T05:35:55.265321+00:00,KXBTC15M-26AUG240145-45,77087.88,5.921088683333333,9.078911316666668,76916.85,-171.02999999999884,DOWN,0.13157080984416905,0.0814765973662669,0.9185234026337331,PASS,0.0814765973662669,0.9185234026337331,DOWN,0.9185234026337331,0.1,0.11,0.89,0.9,0.9,0.018523402633733088,EARLY 90%+ / NOT YET VALIDATED LOCK,SMALL EDGE
2026-08-24T05:36:48.542651+00:00,KXBTC15M-26AUG240145-45,77087.88,6.809044183333333,8.190955816666667,76877.52,-210.36000000000058,DOWN,0.06754080345578803,0.06345309614544294,0.9365469038545571,PASS,0.06345309614544294,0.9365469038545571,DOWN,0.9365469038545571,0.061,0.062,0.938,0.939,0.939,-0.002453096145442868,EARLY 90%+ / NOT YET VALIDATED LOCK,NO VALUE
2026-08-24T05:37:41.783210+00:00,KXBTC15M-26AUG240145-45,77087.88,7.696386833333333,7.303613166666667,76969.18,-118.70000000001164,DOWN,0.2508924663337446,0.12782481244490976,0.8721751875550903,PASS,0.12782481244490976,0.8721751875550903,DOWN,0.8721751875550903,0.058,0.06,0.94,0.942,0.942,-0.06982481244490968,STRONG,NO VALUE
2026-08-24T05:38:34.869295+00:00,KXBTC15M-26AUG240145-45,77087.88,8.581154916666666,6.418845083333333,77080.75,-7.130000000004657,DOWN,0.696660988434277,0.48888321664844075,0.5111167833515593,PASS,0.48888321664844075,0.5111167833515593,DOWN,0.5111167833515593,0.27,0.28,0.72,0.73,0.73,-0.21888321664844068,RAW,NO VALUE
2026-08-24T05:39:28.007731+00:00,KXBTC15M-26AUG240145-45,77087.88,9.466795516666668,5.533204483333334,77093.46,5.580000000001746,UP,0.6187197047247984,0.40794622796501284,0.5920537720349872,PASS,0.5920537720349872,0.40794622796501284,UP,0.5920537720349872,0.4,0.41,0.59,0.6,0.41,0.18205377203498724,RAW,ATTRACTIVE <=50c
2026-08-24T05:40:21.717118+00:00,KXBTC15M-26AUG240145-45,77087.88,10.361951966666668,4.638048033333333,77065.84,-22.04000000000815,DOWN,0.5398832154936588,0.3308779583869729,0.669122041613027,PASS,0.3308779583869729,0.669122041613027,DOWN,0.669122041613027,0.25,0.26,0.74,0.75,0.75,-0.08087795838697298,RAW,NO VALUE
2026-08-24T05:41:14.730132+00:00,KXBTC15M-26AUG240145-45,77087.88,11.2455022,3.7544978,77133.44,45.55999999999767,UP,0.4536134586581741,0.25592605707448185,0.7440739429255181,PASS,0.7440739429255181,0.25592605707448185,UP,0.7440739429255181,0.5,0.51,0.49,0.5,0.51,0.23407394292551809,LEAN,LARGE EDGE / PRICE ABOVE 50c
2026-08-24T05:42:07.945330+00:00,KXBTC15M-26AUG240145-45,77087.88,12.132422166666666,2.8675778333333333,77176.27,88.38999999999942,UP,0.115377163633478,0.07652002523712792,0.9234799747628721,PASS,0.9234799747628721,0.07652002523712792,UP,0.9234799747628721,0.84,0.85,0.15,0.16,0.85,0.07347997476287216,LOCK,SMALL EDGE
2026-08-24T05:43:01.011023+00:00,KXBTC15M-26AUG240145-45,77087.88,13.016850383333333,1.9831496166666667,77133.44,45.55999999999767,UP,0.2113490318875442,0.11039292430347229,0.8896070756965277,PASS,0.8896070756965277,0.11039292430347229,UP,0.8896070756965277,0.915,0.916,0.084,0.085,0.916,-0.026392924303472287,STRONG,NO VALUE
2026-08-24T05:43:54.080051+00:00,KXBTC15M-26AUG240145-45,77087.88,13.901334183333335,1.0986658166666667,77159.31,71.42999999999302,UP,0.10864029388821139,0.07454060036465351,0.9254593996353465,PASS,0.9254593996353465,0.07454060036465351,UP,0.9254593996353465,0.96,0.961,0.039,0.04,0.961,-0.03554060036465345,LOCK,NO VALUE
2026-08-24T05:44:46.985571+00:00,KXBTC15M-26AUG240145-45,77087.88,14.783092850000001,0.21690715,77104.9,17.019999999989523,UP,0.2880887921903627,0.14631475726157078,0.8536852427384292,PASS,0.8536852427384292,0.14631475726157078,UP,0.8536852427384292,0.995,0.996,0.004,0.005,0.996,-0.14231475726157083,STRONG,NO VALUE
2026-08-24T05:45:39.984258+00:00,KXBTC15M-26AUG240200-00,77123.56,0.6664043,14.3335957,77121.99,-1.569999999992433,DOWN,0.772872632177437,0.5686228458219769,0.43137715417802314,PASS,0.5686228458219769,0.43137715417802314,UP,0.5686228458219769,0.43,0.44,0.56,0.57,0.44,0.12862284582197686,RAW,POSITIVE EDGE
2026-08-24T05:46:32.990747+00:00,KXBTC15M-26AUG240200-00,77123.56,1.5498457833333332,13.450154216666666,77093.36,-30.19999999999709,DOWN,0.6933555153000002,0.4854080578344246,0.5145919421655754,PASS,0.4854080578344246,0.5145919421655754,DOWN,0.5145919421655754,0.46,0.47,0.53,0.54,0.54,-0.02540805783442468,RAW,NO VALUE
2026-08-24T05:47:26.296240+00:00,KXBTC15M-26AUG240200-00,77123.56,2.438270666666667,12.561729333333334,77115.04,-8.520000000004075,DOWN,0.7047673274921398,0.4974095545451712,0.5025904454548288,PASS,0.4974095545451712,0.5025904454548288,DOWN,0.5025904454548288,0.46,0.47,0.53,0.54,0.54,-0.03740955454517125,RAW,NO VALUE
2026-08-24T05:48:19.596656+00:00,KXBTC15M-26AUG240200-00,77123.56,3.3266109333333334,11.673389066666665,77114.67,-8.889999999999418,DOWN,0.7095886165715175,0.5024816726597766,0.4975183273402234,PASS,0.5024816726597766,0.4975183273402234,UP,0.5024816726597766,0.43,0.44,0.56,0.57,0.44,0.06248167265977661,RAW,SMALL EDGE
2026-08-24T05:49:12.805092+00:00,KXBTC15M-26AUG240200-00,77123.56,4.2134182000000004,10.7865818,77111.3,-12.259999999994761,DOWN,0.6908956301591893,0.4828227918807849,0.5171772081192151,PASS,0.4828227918807849,0.5171772081192151,DOWN,0.5171772081192151,0.47,0.48,0.52,0.53,0.53,-0.012822791880784945,RAW,NO VALUE
2026-08-24T05:50:06.080939+00:00,KXBTC15M-26AUG240200-00,77123.56,5.101348983333334,9.898651016666667,77063.03,-60.529999999998836,DOWN,0.49124632848153205,0.2872275293786406,0.7127724706213594,PASS,0.2872275293786406,0.7127724706213594,DOWN,0.7127724706213594,0.38,0.39,0.61,0.62,0.62,0.0927724706213594,LEAN,SMALL EDGE
2026-08-24T05:50:59.343724+00:00,KXBTC15M-26AUG240200-00,77123.56,5.9890620666666665,9.010937933333334,77052.75,-70.80999999999767,DOWN,0.4613201281529029,0.262150496015336,0.737849503984664,PASS,0.262150496015336,0.737849503984664,DOWN,0.737849503984664,0.25,0.26,0.74,0.75,0.75,-0.01215049601533602,LEAN,NO VALUE
2026-08-24T05:51:52.168734+00:00,KXBTC15M-26AUG240200-00,77123.56,6.8694789,8.130521100000001,77014.63,-108.92999999999302,DOWN,0.39064560869615594,0.20879086613680714,0.7912091338631928,PASS,0.20879086613680714,0.7912091338631928,DOWN,0.7912091338631928,0.13,0.14,0.86,0.87,0.87,-0.07879086613680719,LEAN,NO VALUE
2026-08-24T05:52:45.893504+00:00,KXBTC15M-26AUG240200-00,77123.56,7.764891733333333,7.235108266666667,77018.46,-105.09999999999127,DOWN,0.3122681262200473,0.1594866755285953,0.8405133244714047,PASS,0.1594866755285953,0.8405133244714047,DOWN,0.8405133244714047,0.12,0.13,0.87,0.88,0.88,-0.039486675528595305,STRONG,NO VALUE
2026-08-24T05:53:39.032854+00:00,KXBTC15M-26AUG240200-00,77123.56,8.650547566666667,6.349452433333334,77041.78,-81.77999999999884,DOWN,0.37646654592075984,0.19910513885247258,0.8008948611475274,PASS,0.19910513885247258,0.8008948611475274,DOWN,0.8008948611475274,0.19,0.2,0.8,0.81,0.81,-0.00910513885247266,STRONG,NO VALUE
2026-08-24T05:54:32.404195+00:00,KXBTC15M-26AUG240200-00,77123.56,9.540069916666665,5.459930083333333,77122.97,-0.5899999999965075,DOWN,0.7399817244905764,0.5344018460151548,0.46559815398484516,PASS,0.5344018460151548,0.46559815398484516,UP,0.5344018460151548,0.23,0.24,0.76,0.77,0.24,0.29440184601515484,RAW,IDEAL <=50c / LARGE EDGE
2026-08-24T05:55:25.804401+00:00,KXBTC15M-26AUG240200-00,77123.56,10.430073349999999,4.56992665,77133.44,9.880000000004657,UP,0.6556508974879299,0.44594939188866806,0.5540506081113319,PASS,0.5540506081113319,0.44594939188866806,UP,0.5540506081113319,0.46,0.47,0.53,0.54,0.47,0.08405060811133191,RAW,SMALL EDGE
2026-08-24T05:56:18.533811+00:00,KXBTC15M-26AUG240200-00,77123.56,11.30889685,3.6911031500000004,77102.0,-21.55999999999767,DOWN,0.6143000818789041,0.40346204013429676,0.5965379598657032,PASS,0.40346204013429676,0.5965379598657032,DOWN,0.5965379598657032,0.44,0.45,0.55,0.56,0.56,0.036537959865703185,RAW,SMALL EDGE
2026-08-24T05:57:12.190020+00:00,KXBTC15M-26AUG240200-00,77123.56,12.203167,2.796833,77115.19,-8.369999999995343,DOWN,0.7132805005790668,0.5063653378806758,0.49363466211932416,PASS,0.5063653378806758,0.49363466211932416,UP,0.5063653378806758,0.36,0.37,0.63,0.64,0.37,0.13636533788067584,RAW,POSITIVE EDGE
2026-08-24T05:58:05.509019+00:00,KXBTC15M-26AUG240200-00,77123.56,13.091816983333333,1.9081830166666667,77161.89,38.330000000001746,UP,0.21280114281614604,0.11099446220820622,0.8890055377917938,PASS,0.8890055377917938,0.11099446220820622,UP,0.8890055377917938,0.5,0.51,0.49,0.5,0.51,0.3790055377917938,STRONG,LARGE EDGE / PRICE ABOVE 50c
2026-08-24T05:58:58.675609+00:00,KXBTC15M-26AUG240200-00,77123.56,13.977926816666667,1.0220731833333334,77182.79,59.229999999995925,UP,0.12272506261075702,0.07873385897976495,0.9212661410202351,PASS,0.9212661410202351,0.07873385897976495,UP,0.9212661410202351,0.976,0.978,0.022,0.024,0.978,-0.056733858979764906,LOCK,NO VALUE
2026-08-24T05:59:51.950059+00:00,KXBTC15M-26AUG240200-00,77123.56,14.865834316666668,0.13416568333333334,77164.19,40.63000000000466,UP,0.12251149281482596,0.07866869434527304,0.921331305654727,PASS,0.921331305654727,0.07866869434527304,UP,0.921331305654727,0.999,1.0,0.0,0.001,1.0,-0.07866869434527302,LOCK,NO VALUE
2026-08-24T06:00:45.500574+00:00,KXBTC15M-26AUG240215-15,77166.53,0.7583429,14.2416571,77186.92,20.389999999999418,UP,0.6703659729056441,0.46129571066006464,0.5387042893399354,PASS,0.5387042893399354,0.46129571066006464,UP,0.5387042893399354,0.49,0.5,0.5,0.51,0.5,0.038704289339935416,RAW,SMALL EDGE
2026-08-24T06:01:38.894912+00:00,KXBTC15M-26AUG240215-15,77166.53,1.6482485333333334,13.351751466666666,77116.59,-49.94000000000233,DOWN,0.6028492810308195,0.3919204055527877,0.6080795944472124,PASS,0.3919204055527877,0.6080795944472124,DOWN,0.6080795944472124,0.34,0.35,0.65,0.66,0.66,-0.05192040555278765,RAW,NO VALUE
2026-08-24T06:02:32.033162+00:00,KXBTC15M-26AUG240215-15,77166.53,2.5338860333333333,12.466113966666667,77138.88,-27.64999999999418,DOWN,0.6462348563095982,0.43618135169381667,0.5638186483061833,PASS,0.43618135169381667,0.5638186483061833,DOWN,0.5638186483061833,0.33,0.34,0.66,0.67,0.67,-0.1061813516938167,RAW,NO VALUE
2026-08-24T06:03:24.982636+00:00,KXBTC15M-26AUG240215-15,77166.53,3.4163772666666667,11.583622733333334,77103.22,-63.30999999999767,DOWN,0.5994531435499193,0.3885198036209952,0.6114801963790049,PASS,0.3885198036209952,0.6114801963790049,DOWN,0.6114801963790049,0.36,0.37,0.63,0.64,0.64,-0.028519803620995154,RAW,NO VALUE
2026-08-24T06:04:17.925086+00:00,KXBTC15M-26AUG240215-15,77166.53,4.298751433333334,10.701248566666667,77076.15,-90.38000000000466,DOWN,0.5323556818605981,0.32390271691522127,0.6760972830847787,PASS,0.32390271691522127,0.6760972830847787,DOWN,0.6760972830847787,0.23,0.24,0.76,0.77,0.77,-0.09390271691522134,RAW,NO VALUE
2026-08-24T06:05:11.351050+00:00,KXBTC15M-26AUG240215-15,77166.53,5.189184166666666,9.810815833333333,77093.72,-72.80999999999767,DOWN,0.5270714257930675,0.3190522627440382,0.6809477372559618,PASS,0.3190522627440382,0.6809477372559618,DOWN,0.6809477372559618,0.29,0.3,0.7,0.71,0.71,-0.02905226274403816,RAW,NO VALUE
2026-08-24T06:06:04.584548+00:00,KXBTC15M-26AUG240215-15,77166.53,6.076409133333333,8.923590866666666,77111.34,-55.19000000000233,DOWN,0.4759078973592031,0.2741966039645396,0.7258033960354604,PASS,0.2741966039645396,0.7258033960354604,DOWN,0.7258033960354604,0.3,0.31,0.69,0.7,0.7,0.025803396035460446,LEAN,SMALL EDGE
2026-08-24T06:06:57.880352+00:00,KXBTC15M-26AUG240215-15,77166.53,6.964672533333333,8.035327466666667,77064.69,-101.83999999999651,DOWN,0.36436019126647706,0.19110565581693717,0.8088943441830628,PASS,0.19110565581693717,0.8088943441830628,DOWN,0.8088943441830628,0.22,0.23,0.77,0.78,0.78,0.028894344183062803,STRONG,SMALL EDGE
2026-08-24T06:07:51.201596+00:00,KXBTC15M-26AUG240215-15,77166.53,7.8533599333333335,7.1466400666666665,77121.87,-44.66000000000349,DOWN,0.5596095997567198,0.34950732183374505,0.650492678166255,PASS,0.34950732183374505,0.650492678166255,DOWN,0.650492678166255,0.24,0.25,0.75,0.76,0.76,-0.10950732183374501,RAW,NO VALUE
2026-08-24T06:08:44.208692+00:00,KXBTC15M-26AUG240215-15,77166.53,8.736811533333334,6.263188466666667,77129.62,-36.91000000000349,DOWN,0.5552615402421485,0.34535894915473864,0.6546410508452614,PASS,0.34535894915473864,0.6546410508452614,DOWN,0.6546410508452614,0.29,0.3,0.7,0.71,0.71,-0.0553589491547386,RAW,NO VALUE
2026-08-24T06:09:37.499570+00:00,KXBTC15M-26AUG240215-15,77166.53,9.624992833333332,5.375007166666666,77220.28,53.75,UP,0.4338410596764192,0.24040565233152872,0.7595943476684712,PASS,0.7595943476684712,0.24040565233152872,UP,0.7595943476684712,0.71,0.72,0.28,0.29,0.72,0.03959434766847125,LEAN,SMALL EDGE
2026-08-24T06:10:30.720074+00:00,KXBTC15M-26AUG240215-15,77166.53,10.512001233333333,4.487998766666666,77184.26,17.729999999995925,UP,0.5951358130510813,0.3842124540018986,0.6157875459981015,PASS,0.6157875459981015,0.3842124540018986,UP,0.6157875459981015,0.53,0.54,0.46,0.47,0.54,0.07578754599810145,RAW,SMALL EDGE
2026-08-24T06:11:23.820333+00:00,KXBTC15M-26AUG240215-15,77166.53,11.39700555,3.6029944499999997,77202.2,35.669999999998254,UP,0.46464061250227306,0.26486223886120186,0.7351377611387981,PASS,0.7351377611387981,0.26486223886120186,UP,0.7351377611387981,0.55,0.56,0.44,0.45,0.56,0.1751377611387981,LEAN,POSITIVE EDGE
2026-08-24T06:12:16.804890+00:00,KXBTC15M-26AUG240215-15,77166.53,12.2800815,2.7199185,77377.14,210.61000000000058,UP,0.02019603439234506,0.05259368968259265,0.9474063103174073,PASS,0.9474063103174073,0.05259368968259265,UP,0.9474063103174073,0.955,0.959,0.041,0.045,0.959,-0.011593689682592667,LOCK,NO VALUE
2026-08-24T06:13:09.957325+00:00,KXBTC15M-26AUG240215-15,77166.53,13.165955416666666,1.8340445833333334,77347.36,180.83000000000175,UP,0.03074793690736447,0.0548506950374393,0.9451493049625607,PASS,0.9451493049625607,0.0548506950374393,UP,0.9451493049625607,0.994,0.996,0.004,0.006,0.996,-0.05085069503743933,LOCK,NO VALUE
2026-08-24T06:14:03.461114+00:00,KXBTC15M-26AUG240215-15,77166.53,14.057685233333332,0.9423147666666666,77400.33,233.8000000000029,UP,0.0019453189797690945,0.04889573946330881,0.9511042605366912,PASS,0.9511042605366912,0.04889573946330881,UP,0.9511042605366912,0.991,0.992,0.008,0.009,0.992,-0.04089573946330882,LOCK,NO VALUE
2026-08-24T06:14:56.718995+00:00,KXBTC15M-26AUG240215-15,77166.53,14.945316583333332,0.054683416666666665,77423.0,256.47000000000116,UP,0.0026851351797484925,0.049040724402266395,0.9509592755977336,PASS,0.9509592755977336,0.049040724402266395,UP,0.9509592755977336,0.999,1.0,0.0,0.001,1.0,-0.04904072440226637,LOCK,NO VALUE
2026-08-24T06:15:50.008170+00:00,KXBTC15M-26AUG240230-30,77399.17,0.8334695,14.1665305,77402.36,3.1900000000023283,UP,0.678692685698974,0.4700141397148207,0.5299858602851792,PASS,0.5299858602851792,0.4700141397148207,UP,0.5299858602851792,0.58,0.59,0.41,0.42,0.59,-0.060014139714820725,RAW,NO VALUE
2026-08-24T06:16:43.279897+00:00,KXBTC15M-26AUG240230-30,77399.17,1.7213316166666668,13.278668383333333,77358.82,-40.34999999999127,DOWN,0.7366420181571866,0.530903359057255,0.46909664094274495,PASS,0.530903359057255,0.46909664094274495,UP,0.530903359057255,0.46,0.47,0.53,0.54,0.47,0.06090335905725508,RAW,SMALL EDGE
2026-08-24T06:17:36.586672+00:00,KXBTC15M-26AUG240230-30,77399.17,2.6097778666666667,12.390222133333333,77372.4,-26.770000000004075,DOWN,0.6919090634792943,0.48388777661800003,0.5161122233819999,PASS,0.48388777661800003,0.5161122233819999,DOWN,0.5161122233819999,0.44,0.45,0.55,0.56,0.56,-0.04388777661800014,RAW,NO VALUE
2026-08-24T06:18:29.814164+00:00,KXBTC15M-26AUG240230-30,77399.17,3.4969027333333336,11.503097266666666,77381.74,-17.429999999993015,DOWN,0.6676091341597887,0.4584141266104008,0.5415858733895992,PASS,0.4584141266104008,0.5415858733895992,DOWN,0.5415858733895992,0.44,0.45,0.55,0.56,0.56,-0.01841412661040087,RAW,NO VALUE
2026-08-24T06:19:23.084877+00:00,KXBTC15M-26AUG240230-30,77399.17,4.38474795,10.61525205,77372.28,-26.889999999999418,DOWN,0.6245033749070374,0.41383751415804976,0.5861624858419503,PASS,0.41383751415804976,0.5861624858419503,DOWN,0.5861624858419503,0.35,0.36,0.64,0.65,0.65,-0.06383751415804972,RAW,NO VALUE
2026-08-24T06:20:16.492674+00:00,KXBTC15M-26AUG240230-30,77399.17,5.274877900000001,9.7251221,77360.08,-39.08999999999651,DOWN,0.5428146587514919,0.3336147772746474,0.6663852227253526,PASS,0.3336147772746474,0.6663852227253526,DOWN,0.6663852227253526,0.44,0.45,0.55,0.56,0.56,0.10638522272535256,RAW,POSITIVE EDGE
2026-08-24T06:21:09.895021+00:00,KXBTC15M-26AUG240230-30,77399.17,6.164917016666666,8.835082983333333,77345.1,-54.06999999999243,DOWN,0.37267147907644343,0.19657073282607512,0.8034292671739249,PASS,0.19657073282607512,0.8034292671739249,DOWN,0.8034292671739249,0.32,0.33,0.67,0.68,0.68,0.12342926717392488,STRONG,POSITIVE EDGE
2026-08-24T06:22:03.536740+00:00,KXBTC15M-26AUG240230-30,77399.17,7.058945666666667,7.941054333333333,77320.62,-78.55000000000291,DOWN,0.41298652694461735,0.22474674582579052,0.7752532541742094,PASS,0.22474674582579052,0.7752532541742094,DOWN,0.7752532541742094,0.24,0.25,0.75,0.76,0.76,0.015253254174209419,LEAN,SMALL EDGE
2026-08-24T06:22:56.806311+00:00,KXBTC15M-26AUG240230-30,77399.17,7.94677185,7.05322815,77318.06,-81.11000000000058,DOWN,0.4122713918672822,0.22422283777250746,0.7757771622274925,PASS,0.22422283777250746,0.7757771622274925,DOWN,0.7757771622274925,0.15,0.16,0.84,0.85,0.85,-0.07422283777250749,LEAN,NO VALUE
2026-08-24T06:23:49.785892+00:00,KXBTC15M-26AUG240230-30,77399.17,8.829764866666666,6.170235133333334,77340.6,-58.56999999999243,DOWN,0.41293778396824843,0.2247110091262158,0.7752889908737842,PASS,0.2247110091262158,0.7752889908737842,DOWN,0.7752889908737842,0.25,0.26,0.74,0.75,0.75,0.025288990873784223,LEAN,SMALL EDGE
2026-08-24T06:24:42.945649+00:00,KXBTC15M-26AUG240230-30,77399.17,9.715760816666666,5.284239183333333,77381.73,-17.44000000000233,DOWN,0.665907725154948,0.45663710458815276,0.5433628954118472,PASS,0.45663710458815276,0.5433628954118472,DOWN,0.5433628954118472,0.32,0.33,0.67,0.68,0.68,-0.1366371045881528,RAW,NO VALUE
2026-08-24T06:25:36.300347+00:00,KXBTC15M-26AUG240230-30,77399.17,10.605005783333333,4.3949942166666665,77391.48,-7.690000000002328,DOWN,0.7558420219728255,0.5509642589691922,0.4490357410308078,PASS,0.5509642589691922,0.4490357410308078,UP,0.5509642589691922,0.43,0.44,0.56,0.57,0.44,0.11096425896919221,RAW,POSITIVE EDGE
2026-08-24T06:26:29.595498+00:00,KXBTC15M-26AUG240230-30,77399.17,11.4932583,3.5067417,77385.4,-13.770000000004075,DOWN,0.6182198729433637,0.4074383099611824,0.5925616900388175,PASS,0.4074383099611824,0.5925616900388175,DOWN,0.5925616900388175,0.32,0.33,0.67,0.68,0.68,-0.08743830996118251,RAW,NO VALUE
2026-08-24T06:27:23.012957+00:00,KXBTC15M-26AUG240230-30,77399.17,12.383549283333334,2.616450716666667,77402.34,3.1699999999982538,UP,0.6128403144075816,0.4019844447746704,0.5980155552253297,PASS,0.5980155552253297,0.4019844447746704,UP,0.5980155552253297,0.41,0.42,0.58,0.59,0.42,0.1780155552253297,RAW,ATTRACTIVE <=50c
2026-08-24T06:28:16.536707+00:00,KXBTC15M-26AUG240230-30,77399.17,13.275611783333334,1.7243882166666666,77370.28,-28.889999999999418,DOWN,0.15380776717620895,0.08875958174008038,0.9112404182599196,PASS,0.08875958174008038,0.9112404182599196,DOWN,0.9112404182599196,0.13,0.14,0.86,0.87,0.87,0.04124041825991964,LOCK,SMALL EDGE
2026-08-24T06:29:09.678995+00:00,KXBTC15M-26AUG240230-30,77399.17,14.161316583333333,0.8386834166666667,77358.84,-40.330000000001746,DOWN,0.031032994122804417,0.054912915955641704,0.9450870840443583,PASS,0.054912915955641704,0.9450870840443583,DOWN,0.9450870840443583,0.082,0.083,0.917,0.918,0.918,0.027087084044358223,LOCK,SMALL EDGE
2026-08-24T06:30:35.018277+00:00,KXBTC15M-26AUG240245-45,77365.95,0.58363795,14.41636205,77377.71,11.760000000009313,UP,0.666605523631266,0.4573657833155002,0.5426342166844997,PASS,0.5426342166844997,0.4573657833155002,UP,0.5426342166844997,0.51,0.52,0.48,0.49,0.52,0.02263421668449972,RAW,SMALL EDGE
2026-08-24T06:31:28.379350+00:00,KXBTC15M-26AUG240245-45,77365.95,1.4729891666666668,13.527010833333332,77335.91,-30.039999999993597,DOWN,0.6451187745654742,0.4350266720996073,0.5649733279003927,PASS,0.4350266720996073,0.5649733279003927,DOWN,0.5649733279003927,0.47,0.48,0.52,0.53,0.53,0.03497332790039265,RAW,SMALL EDGE
2026-08-24T06:32:21.702543+00:00,KXBTC15M-26AUG240245-45,77365.95,2.36170905,12.63829095,77286.01,-79.94000000000233,DOWN,0.5268440928536499,0.31884445932913485,0.6811555406708651,PASS,0.31884445932913485,0.6811555406708651,DOWN,0.6811555406708651,0.31,0.32,0.68,0.69,0.69,-0.008844459329134802,RAW,NO VALUE
2026-08-24T06:33:15.076987+00:00,KXBTC15M-26AUG240245-45,77365.95,3.251283116666667,11.748716883333334,77277.4,-88.55000000000291,DOWN,0.5194443472329292,0.312120052383916,0.687879947616084,PASS,0.312120052383916,0.687879947616084,DOWN,0.687879947616084,0.27,0.28,0.72,0.73,0.73,-0.04212005238391603,RAW,NO VALUE
2026-08-24T06:34:08.429549+00:00,KXBTC15M-26AUG240245-45,77365.95,4.140492483333333,10.859507516666667,77274.78,-91.16999999999825,DOWN,0.5168738804857829,0.30980238941411015,0.6901976105858898,PASS,0.30980238941411015,0.6901976105858898,DOWN,0.6901976105858898,0.22,0.23,0.77,0.78,0.78,-0.08980238941411023,RAW,NO VALUE
2026-08-24T06:35:02.128980+00:00,KXBTC15M-26AUG240245-45,77365.95,5.035483,9.964517,77267.16,-98.7899999999936,DOWN,0.3310255453641183,0.17035426133807913,0.8296457386619209,PASS,0.17035426133807913,0.8296457386619209,DOWN,0.8296457386619209,0.26,0.27,0.73,0.74,0.74,0.08964573866192094,STRONG,SMALL EDGE
2026-08-24T06:35:55.473127+00:00,KXBTC15M-26AUG240245-45,77365.95,5.924552116666666,9.075447883333334,77296.02,-69.92999999999302,DOWN,0.6055527254799269,0.39463493960789553,0.6053650603921045,PASS,0.39463493960789553,0.6053650603921045,DOWN,0.6053650603921045,0.2,0.21,0.79,0.8,0.8,-0.19463493960789557,RAW,NO VALUE
2026-08-24T06:36:48.840813+00:00,KXBTC15M-26AUG240245-45,77365.95,6.81401355,8.18598645,77276.17,-89.77999999999884,DOWN,0.22938468675492726,0.11806975997554804,0.881930240024452,PASS,0.11806975997554804,0.881930240024452,DOWN,0.881930240024452,0.23,0.24,0.76,0.77,0.77,0.11193024002445195,STRONG,POSITIVE EDGE
2026-08-24T06:37:42.108008+00:00,KXBTC15M-26AUG240245-45,77365.95,7.701800133333333,7.298199866666667,77287.7,-78.25,DOWN,0.2743536905159284,0.1392418071058497,0.8607581928941503,PASS,0.1392418071058497,0.8607581928941503,DOWN,0.8607581928941503,0.2,0.21,0.79,0.8,0.8,0.0607581928941503,STRONG,SMALL EDGE
2026-08-24T06:38:35.329843+00:00,KXBTC15M-26AUG240245-45,77365.95,8.588830716666667,6.411169283333334,77248.03,-117.91999999999825,DOWN,0.1268915150901039,0.0800150426966788,0.9199849573033212,PASS,0.0800150426966788,0.9199849573033212,DOWN,0.9199849573033212,0.21,0.22,0.78,0.79,0.79,0.12998495730332116,90%+ LOCK CANDIDATE,POSITIVE EDGE
2026-08-24T06:39:28.627428+00:00,KXBTC15M-26AUG240245-45,77365.95,9.4771238,5.5228762,77269.57,-96.3799999999901,DOWN,0.09211368854032286,0.0698827029570838,0.9301172970429162,PASS,0.0698827029570838,0.9301172970429162,DOWN,0.9301172970429162,0.11,0.12,0.88,0.89,0.89,0.04011729704291622,90%+ LOCK CANDIDATE,SMALL EDGE
2026-08-24T06:40:22.097525+00:00,KXBTC15M-26AUG240245-45,77365.95,10.368292083333333,4.631707916666667,77232.68,-133.27000000000407,DOWN,0.049754961361106534,0.05914795483631724,0.9408520451636828,PASS,0.05914795483631724,0.9408520451636828,DOWN,0.9408520451636828,0.037,0.038,0.962,0.963,0.963,-0.022147954836317152,LOCK,NO VALUE
2026-08-24T06:41:15.373850+00:00,KXBTC15M-26AUG240245-45,77365.95,11.256230833333332,3.7437691666666666,77223.95,-142.0,DOWN,0.03293744382856359,0.0553303187178704,0.9446696812821296,PASS,0.0553303187178704,0.9446696812821296,DOWN,0.9446696812821296,0.027,0.028,0.972,0.973,0.973,-0.028330318717870395,LOCK,NO VALUE
2026-08-24T06:42:09.069700+00:00,KXBTC15M-26AUG240245-45,77365.95,12.151161666666667,2.848838333333333,77255.68,-110.27000000000407,DOWN,0.040731204818851105,0.05706980494736551,0.9429301950526345,PASS,0.05706980494736551,0.9429301950526345,DOWN,0.9429301950526345,0.08,0.081,0.919,0.92,0.92,0.022930195052634494,LOCK,SMALL EDGE
2026-08-24T06:43:02.262994+00:00,KXBTC15M-26AUG240245-45,77365.95,13.037716566666667,1.9622834333333332,77268.95,-97.0,DOWN,0.030446703359178512,0.05478501540046207,0.9452149845995379,PASS,0.05478501540046207,0.9452149845995379,DOWN,0.9452149845995379,0.021,0.022,0.978,0.979,0.979,-0.03378501540046208,LOCK,NO VALUE
2026-08-24T06:43:55.265260+00:00,KXBTC15M-26AUG240245-45,77365.95,13.921087666666667,1.0789123333333335,77293.9,-72.05000000000291,DOWN,0.04700510961421948,0.05850726838465474,0.9414927316153453,PASS,0.05850726838465474,0.9414927316153453,DOWN,0.9414927316153453,0.01,0.012,0.988,0.99,0.99,-0.04850726838465469,LOCK,NO VALUE
2026-08-24T06:44:48.601715+00:00,KXBTC15M-26AUG240245-45,77365.95,14.810028583333333,0.18997141666666667,77343.13,-22.819999999992433,DOWN,0.26491241083495387,0.1345478975403066,0.8654521024596934,PASS,0.1345478975403066,0.8654521024596934,DOWN,0.8654521024596934,0.003,0.004,0.996,0.997,0.997,-0.1315478975403066,STRONG,NO VALUE
2026-08-24T06:45:41.795101+00:00,KXBTC15M-26AUG240300-00,77324.93,0.6965850166666667,14.303414983333333,77373.91,48.98000000001048,UP,0.7145659664868362,0.5077174231283345,0.49228257687166554,PASS,0.49228257687166554,0.5077174231283345,DOWN,0.5077174231283345,0.52,0.53,0.47,0.48,0.48,0.027717423128334473,RAW,SMALL EDGE
2026-08-24T06:46:35.041297+00:00,KXBTC15M-26AUG240300-00,77324.93,1.5840216166666667,13.415978383333334,77347.36,22.430000000007567,UP,0.6934934669475563,0.48555306532210385,0.5144469346778962,PASS,0.5144469346778962,0.48555306532210385,UP,0.5144469346778962,0.56,0.57,0.43,0.44,0.57,-0.0555530653221038,RAW,NO VALUE
2026-08-24T06:47:28.225871+00:00,KXBTC15M-26AUG240300-00,77324.93,2.4704311833333334,12.529568816666666,77399.07,74.14000000001397,UP,0.5656490286584906,0.35530728520689997,0.6446927147931001,PASS,0.6446927147931001,0.35530728520689997,UP,0.6446927147931001,0.68,0.69,0.31,0.32,0.69,-0.04530728520689986,RAW,NO VALUE
2026-08-24T06:48:21.527094+00:00,KXBTC15M-26AUG240300-00,77324.93,3.3587849000000003,11.6412151,77484.65,159.72000000000116,UP,0.30269718699921866,0.15416142644743158,0.8458385735525684,PASS,0.8458385735525684,0.15416142644743158,UP,0.8458385735525684,0.79,0.8,0.2,0.21,0.8,0.045838573552568374,STRONG,SMALL EDGE
2026-08-24T06:49:14.551135+00:00,KXBTC15M-26AUG240300-00,77324.93,4.242518916666667,10.757481083333333,77491.76,166.83000000000175,UP,0.24218390591284947,0.12379463754555066,0.8762053624544494,PASS,0.8762053624544494,0.12379463754555066,UP,0.8762053624544494,0.82,0.83,0.17,0.18,0.83,0.046205362454449395,STRONG,SMALL EDGE
2026-08-24T06:50:07.631404+00:00,KXBTC15M-26AUG240300-00,77324.93,5.1271900666666665,9.872809933333334,77500.92,175.99000000000524,UP,0.25414911970068604,0.12936046960673728,0.8706395303932627,PASS,0.8706395303932627,0.12936046960673728,UP,0.8706395303932627,0.86,0.87,0.13,0.14,0.87,0.0006395303932626994,STRONG,SMALL EDGE
2026-08-24T06:51:00.687118+00:00,KXBTC15M-26AUG240300-00,77324.93,6.011451966666667,8.988548033333332,77475.55,150.6200000000099,UP,0.24871664971805754,0.1268075087069853,0.8731924912930147,PASS,0.8731924912930147,0.1268075087069853,UP,0.8731924912930147,0.82,0.83,0.17,0.18,0.83,0.04319249129301472,STRONG,SMALL EDGE
2026-08-24T06:51:53.584237+00:00,KXBTC15M-26AUG240300-00,77324.93,6.893070616666666,8.106929383333334,77438.56,113.63000000000466,UP,0.3032148379794232,0.15444568745081153,0.8455543125491884,PASS,0.8455543125491884,0.15444568745081153,UP,0.8455543125491884,0.83,0.84,0.16,0.17,0.84,0.005554312549188478,STRONG,SMALL EDGE
2026-08-24T06:52:46.569541+00:00,KXBTC15M-26AUG240300-00,77324.93,7.776159016666667,7.223840983333333,77445.0,120.07000000000698,UP,0.13811727890764205,0.08356218629222643,0.9164378137077736,PASS,0.9164378137077736,0.08356218629222643,UP,0.9164378137077736,0.76,0.77,0.23,0.24,0.77,0.14643781370777353,EARLY 90%+ / NOT YET VALIDATED LOCK,POSITIVE EDGE
2026-08-24T06:53:39.651646+00:00,KXBTC15M-26AUG240300-00,77324.93,8.660860766666667,6.3391392333333325,77455.84,130.9100000000035,UP,0.07136225342652812,0.06441548501906741,0.9355845149809325,PASS,0.9355845149809325,0.06441548501906741,UP,0.9355845149809325,0.89,0.9,0.1,0.11,0.9,0.03558451498093251,90%+ LOCK CANDIDATE,SMALL EDGE
2026-08-24T06:54:32.888086+00:00,KXBTC15M-26AUG240300-00,77324.93,9.548134766666667,5.451865233333334,77438.8,113.8700000000099,UP,0.040576199126155,0.05703471376395906,0.9429652862360409,PASS,0.9429652862360409,0.05703471376395906,UP,0.9429652862360409,0.88,0.89,0.11,0.12,0.89,0.05296528623604091,90%+ LOCK CANDIDATE,SMALL EDGE
2026-08-24T06:55:26.358675+00:00,KXBTC15M-26AUG240300-00,77324.93,10.43931125,4.56068875,77444.88,119.95000000001164,UP,0.016674292488678296,0.051860123432869644,0.9481398765671304,PASS,0.9481398765671304,0.051860123432869644,UP,0.9481398765671304,0.926,0.927,0.073,0.074,0.927,0.021139876567130345,LOCK,SMALL EDGE
2026-08-24T06:56:19.442922+00:00,KXBTC15M-26AUG240300-00,77324.93,11.324048699999999,3.6759513,77456.34,131.4100000000035,UP,0.008208295487983928,0.05013607357751164,0.9498639264224884,PASS,0.9498639264224884,0.05013607357751164,UP,0.9498639264224884,0.969,0.97,0.03,0.031,0.97,-0.02013607357751157,LOCK,NO VALUE
2026-08-24T06:57:12.586177+00:00,KXBTC15M-26AUG240300-00,77324.93,12.209769616666668,2.7902303833333333,77472.57,147.64000000001397,UP,0.00622784003754293,0.049740671459840936,0.950259328540159,PASS,0.950259328540159,0.049740671459840936,UP,0.950259328540159,0.988,0.989,0.011,0.012,0.989,-0.03874067145984095,LOCK,NO VALUE
2026-08-24T06:58:05.517721+00:00,KXBTC15M-26AUG240300-00,77324.93,13.091962016666667,1.9080379833333334,77463.96,139.0300000000134,UP,0.0071454230280393605,0.049923500098182125,0.9500764999018179,PASS,0.9500764999018179,0.049923500098182125,UP,0.9500764999018179,0.993,0.994,0.006,0.007,0.994,-0.04392350009818213,LOCK,NO VALUE
2026-08-24T06:58:58.629692+00:00,KXBTC15M-26AUG240300-00,77324.93,13.977161533333334,1.0228384666666668,77467.15,142.22000000000116,UP,0.006342762118347764,0.049763534908682405,0.9502364650913175,PASS,0.9502364650913175,0.049763534908682405,UP,0.9502364650913175,0.997,0.998,0.002,0.003,0.998,-0.04776353490868246,LOCK,NO VALUE
2026-08-24T06:59:51.768780+00:00,KXBTC15M-26AUG240300-00,77324.93,14.862813,0.137187,77459.13,134.20000000001164,UP,0.004975047334986543,0.04949207655313518,0.9505079234468649,PASS,0.9505079234468649,0.04949207655313518,UP,0.9505079234468649,0.998,0.999,0.001,0.002,0.999,-0.048492076553135144,LOCK,NO VALUE
2026-08-24T07:01:16.682234+00:00,KXBTC15M-26AUG240315-15,77455.27,1.2780372333333332,13.721962766666667,77484.89,29.619999999995343,UP,0.630567556993805,0.4200410938314419,0.5799589061685582,PASS,0.5799589061685582,0.4200410938314419,UP,0.5799589061685582,0.57,0.58,0.42,0.43,0.58,-4.109383144179635e-05,RAW,NO VALUE
2026-08-24T07:02:09.964649+00:00,KXBTC15M-26AUG240315-15,77455.27,2.1660774833333334,12.833922516666666,77473.43,18.15999999998894,UP,0.6594613170662288,0.44991459069946993,0.5500854093005301,PASS,0.5500854093005301,0.44991459069946993,UP,0.5500854093005301,0.57,0.58,0.42,0.43,0.58,-0.02991459069946989,RAW,NO VALUE
2026-08-24T07:03:03.315290+00:00,KXBTC15M-26AUG240315-15,77455.27,3.0552548333333336,11.944745166666667,77458.52,3.25,UP,0.6714701216750334,0.46245055826261,0.53754944173739,PASS,0.53754944173739,0.46245055826261,UP,0.53754944173739,0.5,0.51,0.49,0.5,0.51,0.027549441737390046,RAW,SMALL EDGE
2026-08-24T07:03:56.883195+00:00,KXBTC15M-26AUG240315-15,77455.27,3.94805325,11.05194675,77459.05,3.779999999998836,UP,0.6845904962784742,0.47620080973959167,0.5237991902604083,PASS,0.5237991902604083,0.47620080973959167,UP,0.5237991902604083,0.51,0.52,0.48,0.49,0.52,0.003799190260408314,RAW,SMALL EDGE
2026-08-24T07:04:50.160599+00:00,KXBTC15M-26AUG240315-15,77455.27,4.836009983333333,10.163990016666666,77488.71,33.44000000000233,UP,0.6146257944935617,0.40379197077627077,0.5962080292237293,PASS,0.5962080292237293,0.40379197077627077,UP,0.5962080292237293,0.64,0.65,0.35,0.36,0.65,-0.05379197077627074,RAW,NO VALUE
2026-08-24T07:05:43.443111+00:00,KXBTC15M-26AUG240315-15,77455.27,5.7240518499999995,9.27594815,77511.51,56.23999999999069,UP,0.40693266791789195,0.2203391560969367,0.7796608439030633,PASS,0.7796608439030633,0.2203391560969367,UP,0.7796608439030633,0.67,0.68,0.32,0.33,0.68,0.09966084390306329,LEAN,SMALL EDGE
2026-08-24T07:06:36.513571+00:00,KXBTC15M-26AUG240315-15,77455.27,6.608559516666667,8.391440483333334,77500.06,44.7899999999936,UP,0.4039244608307461,0.21817217818794615,0.7818278218120538,PASS,0.7818278218120538,0.21817217818794615,UP,0.7818278218120538,0.63,0.64,0.36,0.37,0.64,0.14182782181205378,LEAN,POSITIVE EDGE
2026-08-24T07:07:30.363289+00:00,KXBTC15M-26AUG240315-15,77455.27,7.5060548166666665,7.4939451833333335,77503.97,48.69999999999709,UP,0.35231904752728654,0.18339508346098435,0.8166049165390157,PASS,0.8166049165390157,0.18339508346098435,UP,0.8166049165390157,0.68,0.69,0.31,0.32,0.69,0.12660491653901573,STRONG,POSITIVE EDGE
2026-08-24T07:08:23.345988+00:00,KXBTC15M-26AUG240315-15,77455.27,8.3890998,6.610900200000001,77519.78,64.50999999999476,UP,0.20398167783198162,0.10738482503192742,0.8926151749680726,PASS,0.8926151749680726,0.10738482503192742,UP,0.8926151749680726,0.77,0.78,0.22,0.23,0.78,0.1126151749680726,STRONG,POSITIVE EDGE
2026-08-24T07:09:16.329135+00:00,KXBTC15M-26AUG240315-15,77455.27,9.27215225,5.72784775,77505.12,49.84999999999127,UP,0.24275695157193725,0.12405644429260777,0.8759435557073922,PASS,0.8759435557073922,0.12405644429260777,UP,0.8759435557073922,0.76,0.77,0.23,0.24,0.77,0.10594355570739222,STRONG,POSITIVE EDGE
2026-08-24T07:10:09.411872+00:00,KXBTC15M-26AUG240315-15,77455.27,10.156864533333334,4.843135466666666,77540.87,85.59999999999127,UP,0.07256618541722558,0.0647214866210142,0.9352785133789858,PASS,0.9352785133789858,0.0647214866210142,UP,0.9352785133789858,0.89,0.9,0.1,0.11,0.9,0.0352785133789858,LOCK,SMALL EDGE
2026-08-24T07:11:02.651747+00:00,KXBTC15M-26AUG240315-15,77455.27,11.044195783333333,3.9558042166666665,77591.85,136.58000000000175,UP,0.026557701592571686,0.05394370172121469,0.9460562982787853,PASS,0.9460562982787853,0.05394370172121469,UP,0.9460562982787853,0.961,0.962,0.038,0.039,0.962,-0.01594370172121462,LOCK,NO VALUE
2026-08-24T07:11:56.030436+00:00,KXBTC15M-26AUG240315-15,77455.27,11.9338406,3.0661593999999996,77643.39,188.11999999999534,UP,0.06493153626628116,0.06280369998717457,0.9371963000128254,PASS,0.9371963000128254,0.06280369998717457,UP,0.9371963000128254,0.973,0.974,0.026,0.027,0.974,-0.03680369998717459,LOCK,NO VALUE
2026-08-24T07:12:49.066844+00:00,KXBTC15M-26AUG240315-15,77455.27,12.817780733333333,2.1822192666666664,77740.83,285.5599999999977,UP,0.00983508955477492,0.050463091868776164,0.9495369081312238,PASS,0.9495369081312238,0.050463091868776164,UP,0.9495369081312238,0.992,0.993,0.007,0.008,0.993,-0.04346309186877617,LOCK,NO VALUE
2026-08-24T07:13:42.186084+00:00,KXBTC15M-26AUG240315-15,77455.27,13.703101400000001,1.2968986,77742.8,287.52999999999884,UP,0.007975172172620693,0.05008937585774073,0.9499106241422592,PASS,0.9499106241422592,0.05008937585774073,UP,0.9499106241422592,0.998,0.999,0.001,0.002,0.999,-0.04908937585774076,LOCK,NO VALUE
2026-08-24T07:14:35.513148+00:00,KXBTC15M-26AUG240315-15,77455.27,14.5918858,0.4081142,77732.92,277.6499999999942,UP,0.004989719778792257,0.04949498121685225,0.9505050187831477,PASS,0.9505050187831477,0.04949498121685225,UP,0.9505050187831477,0.999,1.0,0.0,0.001,1.0,-0.04949498121685225,LOCK,NO VALUE
2026-08-24T07:15:28.598388+00:00,KXBTC15M-26AUG240330-30,77741.48,0.4766398,14.5233602,77712.11,-29.369999999995343,DOWN,0.7753359534479235,0.5711636997624848,0.4288363002375152,PASS,0.5711636997624848,0.4288363002375152,UP,0.5711636997624848,0.43,0.44,0.56,0.57,0.44,0.13116369976248482,RAW,POSITIVE EDGE
2026-08-24T07:16:21.586940+00:00,KXBTC15M-26AUG240330-30,77741.48,1.3597823333333332,13.640217666666667,77666.63,-74.84999999999127,DOWN,0.7128918123673891,0.5059564866417544,0.4940435133582456,PASS,0.5059564866417544,0.4940435133582456,UP,0.5059564866417544,0.34,0.35,0.65,0.66,0.35,0.15595648664175443,RAW,ATTRACTIVE <=50c
2026-08-24T07:17:14.750299+00:00,KXBTC15M-26AUG240330-30,77741.48,2.2458383166666667,12.754161683333333,77660.6,-80.8799999999901,DOWN,0.596088240832893,0.3851611461582106,0.6148388538417894,PASS,0.3851611461582106,0.6148388538417894,DOWN,0.6148388538417894,0.22,0.23,0.77,0.78,0.78,-0.16516114615821065,RAW,NO VALUE
2026-08-24T07:18:07.696435+00:00,KXBTC15M-26AUG240330-30,77741.48,3.1282739166666667,11.871726083333334,77622.45,-119.02999999999884,DOWN,0.37443695773608315,0.19774670491254004,0.8022532950874599,PASS,0.19774670491254004,0.8022532950874599,DOWN,0.8022532950874599,0.16,0.17,0.83,0.84,0.84,-0.03774670491254006,STRONG,NO VALUE
2026-08-24T07:19:01.172514+00:00,KXBTC15M-26AUG240330-30,77741.48,4.0195419,10.9804581,77595.66,-145.81999999999243,DOWN,0.21325043221941248,0.11118116089534812,0.8888188391046519,PASS,0.11118116089534812,0.8888188391046519,DOWN,0.8888188391046519,0.12,0.13,0.87,0.88,0.88,0.008818839104651865,STRONG,SMALL EDGE
2026-08-24T07:19:54.002285+00:00,KXBTC15M-26AUG240330-30,77741.48,4.900038083333333,10.099961916666667,77647.27,-94.20999999999185,DOWN,0.5510667526361158,0.3413789893927204,0.6586210106072796,PASS,0.3413789893927204,0.6586210106072796,DOWN,0.6586210106072796,0.2,0.21,0.79,0.8,0.8,-0.14137898939272042,RAW,NO VALUE
2026-08-24T07:20:47.811728+00:00,KXBTC15M-26AUG240330-30,77741.48,5.796862133333334,9.203137866666667,77582.6,-158.8799999999901,DOWN,0.12848067790198375,0.08050870563833329,0.9194912943616667,PASS,0.08050870563833329,0.9194912943616667,DOWN,0.9194912943616667,0.13,0.14,0.86,0.87,0.87,0.04949129436166666,EARLY 90%+ / NOT YET VALIDATED LOCK,SMALL EDGE
2026-08-24T07:21:40.996218+00:00,KXBTC15M-26AUG240330-30,77741.48,6.6832703,8.3167297,77586.97,-154.50999999999476,DOWN,0.0749388172142204,0.06532849909905604,0.934671500900944,PASS,0.06532849909905604,0.934671500900944,DOWN,0.934671500900944,0.075,0.076,0.924,0.925,0.925,0.00967150090094393,EARLY 90%+ / NOT YET VALIDATED LOCK,SMALL EDGE
2026-08-24T07:22:34.253688+00:00,KXBTC15M-26AUG240330-30,77741.48,7.5708948000000005,7.4291051999999995,77590.95,-150.52999999999884,DOWN,0.07706896707151271,0.06587798215855899,0.934122017841441,PASS,0.06587798215855899,0.934122017841441,DOWN,0.934122017841441,0.098,0.099,0.901,0.902,0.902,0.032122017841440975,EARLY 90%+ / NOT YET VALIDATED LOCK,SMALL EDGE
2026-08-24T07:23:27.276358+00:00,KXBTC15M-26AUG240330-30,77741.48,8.454605966666668,6.545394033333333,77590.94,-150.5399999999936,DOWN,0.04731006667754704,0.05857799802749584,0.9414220019725041,PASS,0.05857799802749584,0.9414220019725041,DOWN,0.9414220019725041,0.057,0.058,0.942,0.943,0.943,-0.0015779980274958083,90%+ LOCK CANDIDATE,NO VALUE
2026-08-24T07:24:20.338948+00:00,KXBTC15M-26AUG240330-30,77741.48,9.338982466666666,5.661017533333333,77634.14,-107.33999999999651,DOWN,0.1847119329652053,0.09985592758432231,0.9001440724156777,PASS,0.09985592758432231,0.9001440724156777,DOWN,0.9001440724156777,0.1,0.11,0.89,0.9,0.9,0.00014407241567770956,90%+ LOCK CANDIDATE,SMALL EDGE
2026-08-24T07:25:13.574386+00:00,KXBTC15M-26AUG240330-30,77741.48,10.226239766666668,4.773760233333333,77658.37,-83.11000000000058,DOWN,0.2152136055169809,0.11200016822307253,0.8879998317769274,PASS,0.11200016822307253,0.8879998317769274,DOWN,0.8879998317769274,0.11,0.12,0.88,0.89,0.89,-0.002000168223072585,STRONG,NO VALUE
2026-08-24T07:26:07.171554+00:00,KXBTC15M-26AUG240330-30,77741.48,11.119525900000001,3.8804741000000003,77647.03,-94.44999999999709,DOWN,0.10017620424907428,0.07212044499347223,0.9278795550065277,PASS,0.07212044499347223,0.9278795550065277,DOWN,0.9278795550065277,0.13,0.14,0.86,0.87,0.87,0.05787955500652775,LOCK,SMALL EDGE
2026-08-24T07:27:00.593164+00:00,KXBTC15M-26AUG240330-30,77741.48,12.009886066666667,2.9901139333333333,77607.64,-133.8399999999965,DOWN,0.07432398067671586,0.06517069333322385,0.9348293066667761,PASS,0.06517069333322385,0.9348293066667761,DOWN,0.9348293066667761,0.026,0.027,0.973,0.974,0.974,-0.03917069333322387,LOCK,NO VALUE
2026-08-24T07:27:54.358933+00:00,KXBTC15M-26AUG240330-30,77741.48,12.905982216666667,2.0940177833333333,77580.39,-161.0899999999965,DOWN,0.05156950338150199,0.05957431861950491,0.9404256813804951,PASS,0.05957431861950491,0.9404256813804951,DOWN,0.9404256813804951,0.005,0.006,0.994,0.995,0.995,-0.0545743186195049,LOCK,NO VALUE
2026-08-24T07:28:47.453362+00:00,KXBTC15M-26AUG240330-30,77741.48,13.790889366666667,1.2091106333333335,77535.37,-206.11000000000058,DOWN,0.03183828652228388,0.05508905067306799,0.944910949326932,PASS,0.05508905067306799,0.944910949326932,DOWN,0.944910949326932,0.003,0.004,0.996,0.997,0.997,-0.052089050673068016,LOCK,NO VALUE
2026-08-24T07:29:40.801208+00:00,KXBTC15M-26AUG240330-30,77741.48,14.680020133333333,0.31997986666666667,77581.51,-159.97000000000116,DOWN,0.032246189197518774,0.055178470601694056,0.944821529398306,PASS,0.055178470601694056,0.944821529398306,DOWN,0.944821529398306,0.0,0.001,0.999,1.0,1.0,-0.05517847060169401,LOCK,NO VALUE
2026-08-24T07:31:05.918146+00:00,KXBTC15M-26AUG240345-45,77573.21,1.0986357666666666,13.901364233333334,77531.01,-42.20000000001164,DOWN,0.7176304281348524,0.5109402085668165,0.48905979143318346,PASS,0.5109402085668165,0.48905979143318346,UP,0.5109402085668165,0.32,0.33,0.67,0.68,0.33,0.18094020856681653,RAW,ATTRACTIVE <=50c
2026-08-24T07:31:59.297574+00:00,KXBTC15M-26AUG240345-45,77573.21,1.9882929,13.011707099999999,77516.63,-56.580000000001746,DOWN,0.7026014492096235,0.49513110694516155,0.5048688930548384,PASS,0.49513110694516155,0.5048688930548384,DOWN,0.5048688930548384,0.33,0.34,0.66,0.67,0.67,-0.16513110694516164,RAW,NO VALUE
2026-08-24T07:32:53.059642+00:00,KXBTC15M-26AUG240345-45,77573.21,2.8843273666666667,12.115672633333332,77497.24,-75.97000000000116,DOWN,0.634981895790947,0.4245729656151961,0.5754270343848039,PASS,0.4245729656151961,0.5754270343848039,DOWN,0.5754270343848039,0.25,0.26,0.74,0.75,0.75,-0.17457296561519609,RAW,NO VALUE
2026-08-24T07:33:46.400016+00:00,KXBTC15M-26AUG240345-45,77573.21,3.7733336,11.2266664,77492.88,-80.33000000000175,DOWN,0.6073723542178225,0.39646571045593226,0.6035342895440677,PASS,0.39646571045593226,0.6035342895440677,DOWN,0.6035342895440677,0.22,0.23,0.77,0.78,0.78,-0.1764657104559323,RAW,NO VALUE
2026-08-24T07:34:40.244435+00:00,KXBTC15M-26AUG240345-45,77573.21,4.670740583333333,10.329259416666668,77456.46,-116.75,DOWN,0.38266714976356836,0.2032986735740013,0.7967013264259987,PASS,0.2032986735740013,0.7967013264259987,DOWN,0.7967013264259987,0.23,0.24,0.76,0.77,0.77,0.02670132642599865,LEAN,SMALL EDGE
2026-08-24T07:35:34.000646+00:00,KXBTC15M-26AUG240345-45,77573.21,5.566677433333334,9.433322566666668,77457.27,-115.94000000000233,DOWN,0.32979144015758255,0.16962153137091607,0.8303784686290839,PASS,0.16962153137091607,0.8303784686290839,DOWN,0.8303784686290839,0.18,0.19,0.81,0.82,0.82,0.010378468629083981,STRONG,SMALL EDGE
2026-08-24T07:36:27.422142+00:00,KXBTC15M-26AUG240345-45,77573.21,6.4570357000000005,8.5429643,77488.0,-85.2100000000064,DOWN,0.33593407677849985,0.1732935273089522,0.8267064726910478,PASS,0.1732935273089522,0.8267064726910478,DOWN,0.8267064726910478,0.14,0.15,0.85,0.86,0.86,-0.03329352730895219,STRONG,NO VALUE
2026-08-24T07:37:20.651117+00:00,KXBTC15M-26AUG240345-45,77573.21,7.344185283333333,7.655814716666667,77461.8,-111.41000000000349,DOWN,0.1863253155761709,0.10046784517948322,0.8995321548205167,PASS,0.10046784517948322,0.8995321548205167,DOWN,0.8995321548205167,0.1,0.11,0.89,0.9,0.9,-0.00046784517948328386,STRONG,NO VALUE
2026-08-24T07:38:13.896398+00:00,KXBTC15M-26AUG240345-45,77573.21,8.231606633333334,6.768393366666667,77457.23,-115.98000000001048,DOWN,0.1215714693829038,0.07838245945924822,0.9216175405407517,PASS,0.07838245945924822,0.9216175405407517,DOWN,0.9216175405407517,0.085,0.086,0.914,0.915,0.915,0.0066175405407516985,90%+ LOCK CANDIDATE,SMALL EDGE
2026-08-24T07:39:07.014145+00:00,KXBTC15M-26AUG240345-45,77573.21,9.116902416666667,5.883097583333334,77442.74,-130.47000000000116,DOWN,0.044395636931821365,0.0579053124192809,0.9420946875807191,PASS,0.0579053124192809,0.9420946875807191,DOWN,0.9420946875807191,0.065,0.066,0.934,0.935,0.935,0.007094687580719072,90%+ LOCK CANDIDATE,SMALL EDGE
2026-08-24T07:40:00.153650+00:00,KXBTC15M-26AUG240345-45,77573.21,10.002560833333332,4.997439166666666,77452.45,-120.76000000000931,DOWN,0.036344203562616036,0.05608444572388275,0.9439155542761173,PASS,0.05608444572388275,0.9439155542761173,DOWN,0.9439155542761173,0.039,0.04,0.96,0.961,0.961,-0.01708444572388268,LOCK,NO VALUE
2026-08-24T07:40:53.767893+00:00,KXBTC15M-26AUG240345-45,77573.21,10.89613155,4.10386845,77436.94,-136.27000000000407,DOWN,0.03184251175091133,0.05508997622272924,0.9449100237772707,PASS,0.05508997622272924,0.9449100237772707,DOWN,0.9449100237772707,0.029,0.03,0.97,0.971,0.971,-0.02608997622272924,LOCK,NO VALUE
2026-08-24T07:41:47.169534+00:00,KXBTC15M-26AUG240345-45,77573.21,11.7861589,3.2138411000000002,77384.75,-188.4600000000064,DOWN,0.04033680300970511,0.05698055756404097,0.943019442435959,PASS,0.05698055756404097,0.943019442435959,DOWN,0.943019442435959,0.006,0.007,0.993,0.994,0.994,-0.05098055756404096,LOCK,NO VALUE
2026-08-24T07:42:40.200983+00:00,KXBTC15M-26AUG240345-45,77573.21,12.670016383333332,2.3299836166666665,77364.64,-208.57000000000698,DOWN,0.038262956977610466,0.05651343035773558,0.9434865696422644,PASS,0.05651343035773558,0.9434865696422644,DOWN,0.9434865696422644,0.004,0.005,0.995,0.996,0.996,-0.05251343035773559,LOCK,NO VALUE
2026-08-24T07:43:33.417638+00:00,KXBTC15M-26AUG240345-45,77573.21,13.556960633333334,1.4430393666666668,77374.28,-198.93000000000757,DOWN,0.014445845660103915,0.05140095324595363,0.9485990467540464,PASS,0.05140095324595363,0.9485990467540464,DOWN,0.9485990467540464,0.002,0.003,0.997,0.998,0.998,-0.049400953245953616,LOCK,NO VALUE
2026-08-24T07:44:26.467877+00:00,KXBTC15M-26AUG240345-45,77573.21,14.441131283333334,0.5588687166666666,77331.27,-241.94000000000233,DOWN,0.03647406932917816,0.056113383524878616,0.9438866164751214,PASS,0.056113383524878616,0.9438866164751214,DOWN,0.9438866164751214,0.0,0.001,0.999,1.0,1.0,-0.0561133835248786,LOCK,NO VALUE
2026-08-24T07:45:51.514694+00:00,KXBTC15M-26AUG240400-00,77347.53,0.8585782333333333,14.141421766666667,77358.19,10.660000000003492,UP,0.6490200534644854,0.43906586384312785,0.5609341361568722,PASS,0.5609341361568722,0.43906586384312785,UP,0.5609341361568722,0.51,0.52,0.48,0.49,0.52,0.040934136156872136,RAW,SMALL EDGE
2026-08-24T07:46:44.704356+00:00,KXBTC15M-26AUG240400-00,77347.53,1.7450726,13.254927400000001,77373.45,25.919999999998254,UP,0.6564916494772793,0.44682372198509873,0.5531762780149012,PASS,0.5531762780149012,0.44682372198509873,UP,0.5531762780149012,0.66,0.67,0.33,0.34,0.67,-0.11682372198509883,RAW,NO VALUE
2026-08-24T07:47:38.391858+00:00,KXBTC15M-26AUG240400-00,77347.53,2.6398643,12.3601357,77399.91,52.38000000000466,UP,0.4337635343113356,0.2403460829153696,0.7596539170846304,PASS,0.7596539170846304,0.2403460829153696,UP,0.7596539170846304,0.69,0.7,0.3,0.31,0.7,0.059653917084630415,LEAN,SMALL EDGE
2026-08-24T07:48:31.448725+00:00,KXBTC15M-26AUG240400-00,77347.53,3.524145416666667,11.475854583333334,77406.72,59.19000000000233,UP,0.38859395598528,0.20736819892474237,0.7926318010752577,PASS,0.7926318010752577,0.20736819892474237,UP,0.7926318010752577,0.74,0.75,0.25,0.26,0.75,0.04263180107525766,LEAN,SMALL EDGE
2026-08-24T07:49:24.875020+00:00,KXBTC15M-26AUG240400-00,77347.53,4.414583666666667,10.585416333333335,77388.08,40.55000000000291,UP,0.5552550653159672,0.34535278892586235,0.6546472110741377,PASS,0.6546472110741377,0.34535278892586235,UP,0.6546472110741377,0.71,0.72,0.28,0.29,0.72,-0.06535278892586227,RAW,NO VALUE
2026-08-24T07:50:18.047342+00:00,KXBTC15M-26AUG240400-00,77347.53,5.300789033333333,9.699210966666667,77382.27,34.74000000000524,UP,0.5005666882937037,0.29532376094677665,0.7046762390532233,PASS,0.7046762390532233,0.29532376094677665,UP,0.7046762390532233,0.63,0.64,0.36,0.37,0.64,0.06467623905322328,LEAN,SMALL EDGE
2026-08-24T07:51:11.460640+00:00,KXBTC15M-26AUG240400-00,77347.53,6.191010666666667,8.808989333333333,77353.57,6.040000000008149,UP,0.6513139399609679,0.4414446506806586,0.5585553493193414,PASS,0.5585553493193414,0.4414446506806586,UP,0.5585553493193414,0.68,0.69,0.31,0.32,0.69,-0.13144465068065858,RAW,NO VALUE
2026-08-24T07:52:04.767134+00:00,KXBTC15M-26AUG240400-00,77347.53,7.079452233333333,7.920547766666667,77336.1,-11.429999999993015,DOWN,0.6744678210160757,0.46558789911473736,0.5344121008852627,PASS,0.46558789911473736,0.5344121008852627,DOWN,0.5344121008852627,0.56,0.57,0.43,0.44,0.44,0.0944121008852627,RAW,SMALL EDGE
2026-08-24T07:52:58.295297+00:00,KXBTC15M-26AUG240400-00,77347.53,7.971588283333333,7.028411716666667,77282.82,-64.70999999999185,DOWN,0.5331978686803178,0.324679308714435,0.6753206912855649,PASS,0.324679308714435,0.6753206912855649,DOWN,0.6753206912855649,0.32,0.33,0.67,0.68,0.68,-0.004679308714435115,RAW,NO VALUE
2026-08-24T07:53:51.176649+00:00,KXBTC15M-26AUG240400-00,77347.53,8.85294415,6.14705585,77307.3,-40.229999999995925,DOWN,0.5805144107485433,0.3697626420654225,0.6302373579345775,PASS,0.3697626420654225,0.6302373579345775,DOWN,0.6302373579345775,0.18,0.19,0.81,0.82,0.82,-0.18976264206542248,RAW,NO VALUE
2026-08-24T07:54:44.593054+00:00,KXBTC15M-26AUG240400-00,77347.53,9.743217566666667,5.256782433333333,77341.03,-6.5,DOWN,0.6592722373667876,0.44971767620551245,0.5502823237944876,PASS,0.44971767620551245,0.5502823237944876,DOWN,0.5502823237944876,0.4,0.41,0.59,0.6,0.6,-0.04971767620551237,RAW,NO VALUE
2026-08-24T07:55:37.822007+00:00,KXBTC15M-26AUG240400-00,77347.53,10.630366783333333,4.369633216666667,77303.17,-44.36000000000058,DOWN,0.3707049210483534,0.19526705121326293,0.8047329487867371,PASS,0.19526705121326293,0.8047329487867371,DOWN,0.8047329487867371,0.29,0.3,0.7,0.71,0.71,0.0947329487867371,STRONG,SMALL EDGE
2026-08-24T07:56:30.760757+00:00,KXBTC15M-26AUG240400-00,77347.53,11.512679283333334,3.4873207166666664,77280.85,-66.67999999999302,DOWN,0.14267911054912888,0.08504407071941335,0.9149559292805867,PASS,0.08504407071941335,0.9149559292805867,DOWN,0.9149559292805867,0.26,0.27,0.73,0.74,0.74,0.17495592928058668,LOCK,POSITIVE EDGE
2026-08-24T07:57:24.070860+00:00,KXBTC15M-26AUG240400-00,77347.53,12.401181000000001,2.5988189999999998,77291.24,-56.2899999999936,DOWN,0.08961774423409494,0.06920307588481689,0.9307969241151831,PASS,0.06920307588481689,0.9307969241151831,DOWN,0.9307969241151831,0.15,0.16,0.84,0.85,0.85,0.08079692411518313,LOCK,SMALL EDGE
2026-08-24T07:58:16.989552+00:00,KXBTC15M-26AUG240400-00,77347.53,13.2831592,1.7168408,77315.26,-32.270000000004075,DOWN,0.08170412512213011,0.06708851786914015,0.9329114821308598,PASS,0.06708851786914015,0.9329114821308598,DOWN,0.9329114821308598,0.061,0.062,0.938,0.939,0.939,-0.006088517869140109,LOCK,NO VALUE
2026-08-24T07:59:10.331230+00:00,KXBTC15M-26AUG240400-00,77347.53,14.172187166666667,0.8278128333333333,77281.7,-65.83000000000175,DOWN,0.021590003030734516,0.05288674720545954,0.9471132527945405,PASS,0.05288674720545954,0.9471132527945405,DOWN,0.9471132527945405,0.025,0.026,0.974,0.975,0.975,-0.027886747205459472,LOCK,NO VALUE
2026-08-24T08:01:07.341870+00:00,KXBTC15M-26AUG240415-15,77293.41,1.1223645,13.8776355,77316.12,22.70999999999185,UP,0.6227858447315157,0.4120853697426368,0.5879146302573632,PASS,0.5879146302573632,0.4120853697426368,UP,0.5879146302573632,0.66,0.67,0.33,0.34,0.67,-0.0820853697426368,RAW,NO VALUE
2026-08-24T08:02:00.879888+00:00,KXBTC15M-26AUG240415-15,77293.41,2.0146648,12.9853352,77258.8,-34.61000000000058,DOWN,0.6514745656189795,0.44161132338183123,0.5583886766181687,PASS,0.44161132338183123,0.5583886766181687,DOWN,0.5583886766181687,0.48,0.49,0.51,0.52,0.52,0.03838867661816869,RAW,SMALL EDGE
2026-08-24T08:02:54.642564+00:00,KXBTC15M-26AUG240415-15,77293.41,2.9107094,12.0892906,77249.96,-43.44999999999709,DOWN,0.6869825882317572,0.47871225153341435,0.5212877484665857,PASS,0.47871225153341435,0.5212877484665857,DOWN,0.5212877484665857,0.26,0.27,0.73,0.74,0.74,-0.21871225153341434,RAW,NO VALUE
2026-08-24T08:03:48.153806+00:00,KXBTC15M-26AUG240415-15,77293.41,3.8025634333333334,11.197436566666665,77307.07,13.660000000003492,UP,0.7427909530756718,0.5373420302487149,0.46265796975128515,PASS,0.46265796975128515,0.5373420302487149,DOWN,0.5373420302487149,0.53,0.54,0.46,0.47,0.47,0.06734203024871488,RAW,SMALL EDGE
2026-08-24T08:04:41.560479+00:00,KXBTC15M-26AUG240415-15,77293.41,4.69267465,10.307325350000001,77256.62,-36.79000000000815,DOWN,0.6179326973132647,0.4071465778115448,0.5928534221884552,PASS,0.4071465778115448,0.5928534221884552,DOWN,0.5928534221884552,0.55,0.56,0.44,0.45,0.45,0.14285342218845515,RAW,POSITIVE EDGE
2026-08-24T08:05:35.043175+00:00,KXBTC15M-26AUG240415-15,77293.41,5.584052916666667,9.415947083333332,77276.42,-16.99000000000524,DOWN,0.6270281026273101,0.4164170762709338,0.5835829237290662,PASS,0.4164170762709338,0.5835829237290662,DOWN,0.5835829237290662,0.41,0.42,0.58,0.59,0.59,-0.006417076270933797,RAW,NO VALUE
2026-08-24T08:06:28.358167+00:00,KXBTC15M-26AUG240415-15,77293.41,6.472636116666666,8.527363883333333,77302.9,9.489999999990687,UP,0.6669740245716279,0.4577506656518875,0.5422493343481125,PASS,0.5422493343481125,0.4577506656518875,UP,0.5422493343481125,0.63,0.64,0.36,0.37,0.64,-0.0977506656518875,RAW,NO VALUE
2026-08-24T08:07:22.193141+00:00,KXBTC15M-26AUG240415-15,77293.41,7.369885683333334,7.630114316666666,77399.94,106.52999999999884,UP,0.3401441740743921,0.17584637766827071,0.8241536223317293,PASS,0.8241536223317293,0.17584637766827071,UP,0.8241536223317293,0.76,0.77,0.23,0.24,0.77,0.05415362233172927,STRONG,SMALL EDGE
2026-08-24T08:08:15.872906+00:00,KXBTC15M-26AUG240415-15,77293.41,8.264548433333333,6.735451566666667,77334.07,40.66000000000349,UP,0.6137494137452455,0.40290443947396115,0.5970955605260388,PASS,0.5970955605260388,0.40290443947396115,UP,0.5970955605260388,0.66,0.67,0.33,0.34,0.67,-0.07290443947396119,RAW,NO VALUE
2026-08-24T08:09:09.128477+00:00,KXBTC15M-26AUG240415-15,77293.41,9.152141283333332,5.847858716666667,77336.78,43.36999999999534,UP,0.5832286744871886,0.3724283399174683,0.6275716600825316,PASS,0.6275716600825316,0.3724283399174683,UP,0.6275716600825316,0.73,0.74,0.26,0.27,0.74,-0.11242833991746837,RAW,NO VALUE
2026-08-24T08:10:02.429004+00:00,KXBTC15M-26AUG240415-15,77293.41,10.0404834,4.9595166,77329.35,35.94000000000233,UP,0.5795167508921809,0.368784816145763,0.631215183854237,PASS,0.631215183854237,0.368784816145763,UP,0.631215183854237,0.81,0.82,0.18,0.19,0.82,-0.18878481614576292,RAW,NO VALUE
2026-08-24T08:10:55.663892+00:00,KXBTC15M-26AUG240415-15,77293.41,10.927731533333334,4.072268466666666,77312.12,18.70999999999185,UP,0.5579520567824845,0.3479231729671296,0.6520768270328704,PASS,0.6520768270328704,0.3479231729671296,UP,0.6520768270328704,0.72,0.73,0.27,0.28,0.73,-0.07792317296712958,RAW,NO VALUE
2026-08-24T08:11:49.076980+00:00,KXBTC15M-26AUG240415-15,77293.41,11.817949666666667,3.1820503333333336,77296.64,3.2299999999959255,UP,0.597594432538276,0.3866632110911296,0.6133367889088703,PASS,0.6133367889088703,0.3866632110911296,UP,0.6133367889088703,0.6,0.61,0.39,0.4,0.61,0.0033367889088703473,RAW,SMALL EDGE
2026-08-24T08:12:42.503917+00:00,KXBTC15M-26AUG240415-15,77293.41,12.708398616666667,2.2916013833333335,77226.76,-66.65000000000873,DOWN,0.1115371830142712,0.07538592785008655,0.9246140721499134,PASS,0.07538592785008655,0.9246140721499134,DOWN,0.9246140721499134,0.042,0.043,0.957,0.958,0.958,-0.03338592785008654,LOCK,NO VALUE
2026-08-24T08:13:35.902928+00:00,KXBTC15M-26AUG240415-15,77293.41,13.598382133333333,1.4016178666666665,77234.38,-59.029999999998836,DOWN,0.0871486202833768,0.06853677619023275,0.9314632238097672,PASS,0.06853677619023275,0.9314632238097672,DOWN,0.9314632238097672,0.11,0.12,0.88,0.89,0.89,0.04146322380976719,LOCK,SMALL EDGE
2026-08-24T08:14:29.936023+00:00,KXBTC15M-26AUG240415-15,77293.41,14.498933716666667,0.5010662833333334,77244.67,-48.74000000000524,DOWN,0.06226437941471758,0.06214630883196349,0.9378536911680365,PASS,0.06214630883196349,0.9378536911680365,DOWN,0.9378536911680365,0.024,0.025,0.975,0.976,0.976,-0.03814630883196346,LOCK,NO VALUE
2026-08-24T08:15:55.074389+00:00,KXBTC15M-26AUG240430-30,77250.63,0.9179064833333332,14.082093516666667,77192.65,-57.98000000001048,DOWN,0.6520485017259212,0.44220697358692024,0.5577930264130797,PASS,0.44220697358692024,0.5577930264130797,DOWN,0.5577930264130797,0.38,0.39,0.61,0.62,0.62,-0.06220697358692029,RAW,NO VALUE
2026-08-24T08:16:48.432052+00:00,KXBTC15M-26AUG240430-30,77250.63,1.8072008666666666,13.192799133333333,77108.86,-141.77000000000407,DOWN,0.3905300505761201,0.20871054466493288,0.7912894553350671,PASS,0.20871054466493288,0.7912894553350671,DOWN,0.7912894553350671,0.21,0.22,0.78,0.79,0.79,0.00128945533506708,LEAN,SMALL EDGE
2026-08-24T08:17:41.902773+00:00,KXBTC15M-26AUG240430-30,77250.63,2.69837955,12.30162045,77065.68,-184.95000000001164,DOWN,0.2104452767898212,0.11001998635082512,0.8899800136491749,PASS,0.11001998635082512,0.8899800136491749,DOWN,0.8899800136491749,0.16,0.17,0.83,0.84,0.84,0.049980013649174926,STRONG,SMALL EDGE
2026-08-24T08:18:35.093364+00:00,KXBTC15M-26AUG240430-30,77250.63,3.5848894000000002,11.4151106,77114.68,-135.95000000001164,DOWN,0.3702411012105298,0.19496052924471977,0.8050394707552803,PASS,0.19496052924471977,0.8050394707552803,DOWN,0.8050394707552803,0.19,0.2,0.8,0.81,0.81,-0.004960529244719791,STRONG,NO VALUE
2026-08-24T08:19:28.151744+00:00,KXBTC15M-26AUG240430-30,77250.63,4.469195733333334,10.530804266666667,77175.01,-75.6200000000099,DOWN,0.6309301364347341,0.4204128301450305,0.5795871698549695,PASS,0.4204128301450305,0.5795871698549695,DOWN,0.5795871698549695,0.25,0.26,0.74,0.75,0.75,-0.1704128301450305,RAW,NO VALUE
2026-08-24T08:20:21.422663+00:00,KXBTC15M-26AUG240430-30,77250.63,5.357044383333333,9.642955616666667,77120.57,-130.05999999999767,DOWN,0.2754815658463627,0.13981163704335686,0.8601883629566431,PASS,0.13981163704335686,0.8601883629566431,DOWN,0.8601883629566431,0.16,0.17,0.83,0.84,0.84,0.02018836295664317,STRONG,SMALL EDGE
2026-08-24T08:21:15.020027+00:00,KXBTC15M-26AUG240430-30,77250.63,6.250333783333334,8.749666216666666,77123.78,-126.85000000000582,DOWN,0.21655349482283712,0.11256217349028934,0.8874378265097107,PASS,0.11256217349028934,0.8874378265097107,DOWN,0.8874378265097107,0.14,0.15,0.85,0.86,0.86,0.027437826509710717,STRONG,SMALL EDGE
2026-08-24T08:22:08.366166+00:00,KXBTC15M-26AUG240430-30,77250.63,7.1394361,7.8605639,77091.21,-159.41999999999825,DOWN,0.09044947168568913,0.06942886664177736,0.9305711333582226,PASS,0.06942886664177736,0.9305711333582226,DOWN,0.9305711333582226,0.099,0.1,0.9,0.901,0.901,0.02957113335822259,EARLY 90%+ / NOT YET VALIDATED LOCK,SMALL EDGE
2026-08-24T08:23:01.613549+00:00,KXBTC15M-26AUG240430-30,77250.63,8.026892483333333,6.973107516666667,77020.66,-229.97000000000116,DOWN,0.04633401415092655,0.05835190110092339,0.9416480988990766,PASS,0.05835190110092339,0.9416480988990766,DOWN,0.9416480988990766,0.1,0.11,0.89,0.9,0.9,0.04164809889907661,90%+ LOCK CANDIDATE,SMALL EDGE
2026-08-24T08:23:54.662513+00:00,KXBTC15M-26AUG240430-30,77250.63,8.911041883333333,6.088958116666666,76994.19,-256.4400000000023,DOWN,0.05480425717240997,0.06034153784024157,0.9396584621597585,PASS,0.06034153784024157,0.9396584621597585,DOWN,0.9396584621597585,0.029,0.03,0.97,0.971,0.971,-0.03134153784024152,90%+ LOCK CANDIDATE,NO VALUE
2026-08-24T08:24:47.767035+00:00,KXBTC15M-26AUG240430-30,77250.63,9.79611725,5.20388275,76967.74,-282.8899999999994,DOWN,0.035968727196191055,0.05600085781017429,0.9439991421898257,PASS,0.05600085781017429,0.9439991421898257,DOWN,0.9439991421898257,0.024,0.025,0.975,0.976,0.976,-0.032000857810174255,90%+ LOCK CANDIDATE,NO VALUE
2026-08-24T08:25:41.196219+00:00,KXBTC15M-26AUG240430-30,77250.63,10.68660365,4.3133963500000005,76914.8,-335.83000000000175,DOWN,0.049059720074449455,0.05898535263104653,0.9410146473689535,PASS,0.05898535263104653,0.9410146473689535,DOWN,0.9410146473689535,0.018,0.019,0.981,0.982,0.982,-0.04098535263104652,LOCK,NO VALUE
2026-08-24T08:26:34.566878+00:00,KXBTC15M-26AUG240430-30,77250.63,11.576114633333333,3.4238853666666667,76911.48,-339.15000000000873,DOWN,0.07259185711177692,0.06472802626802711,0.9352719737319729,PASS,0.06472802626802711,0.9352719737319729,DOWN,0.9352719737319729,0.004,0.005,0.995,0.996,0.996,-0.06072802626802709,LOCK,NO VALUE
2026-08-24T08:27:27.734265+00:00,KXBTC15M-26AUG240430-30,77250.63,12.462237750000002,2.53776225,76919.22,-331.4100000000035,DOWN,0.04070721235905583,0.05706437205385287,0.9429356279461472,PASS,0.05706437205385287,0.9429356279461472,DOWN,0.9429356279461472,0.008,0.009,0.991,0.992,0.992,-0.049064372053852834,LOCK,NO VALUE
2026-08-24T08:28:21.286276+00:00,KXBTC15M-26AUG240430-30,77250.63,13.354771266666667,1.6452287333333333,76843.65,-406.9800000000105,DOWN,0.06202667152326254,0.06208803229620124,0.9379119677037988,PASS,0.06208803229620124,0.9379119677037988,DOWN,0.9379119677037988,0.006,0.007,0.993,0.994,0.994,-0.056088032296201185,LOCK,NO VALUE
2026-08-24T08:29:14.839058+00:00,KXBTC15M-26AUG240430-30,77250.63,14.247317633333333,0.7526823666666667,76875.12,-375.5100000000093,DOWN,0.038532808341463956,0.05657400915414037,0.9434259908458597,PASS,0.05657400915414037,0.9434259908458597,DOWN,0.9434259908458597,0.0,0.001,0.999,1.0,1.0,-0.05657400915414035,LOCK,NO VALUE
2026-08-24T08:30:39.827446+00:00,KXBTC15M-26AUG240445-45,76904.48,0.6637907666666667,14.336209233333333,76907.51,3.029999999998836,UP,0.6106731729301584,0.39979412327884767,0.6002058767211523,PASS,0.6002058767211523,0.39979412327884767,UP,0.6002058767211523,0.55,0.56,0.44,0.45,0.56,0.04020587672115228,RAW,SMALL EDGE
2026-08-24T08:31:33.051440+00:00,KXBTC15M-26AUG240445-45,76904.48,1.5508573333333333,13.449142666666667,76910.02,5.540000000008149,UP,0.7098187451804842,0.5027237692939471,0.49727623070605287,PASS,0.49727623070605287,0.5027237692939471,DOWN,0.5027237692939471,0.56,0.57,0.43,0.44,0.44,0.06272376929394713,RAW,SMALL EDGE
2026-08-24T08:32:26.192564+00:00,KXBTC15M-26AUG240445-45,76904.48,2.4365427333333334,12.563457266666667,76985.37,80.88999999999942,UP,0.5328714979668975,0.324378243119308,0.6756217568806919,PASS,0.6756217568806919,0.324378243119308,UP,0.6756217568806919,0.76,0.77,0.23,0.24,0.77,-0.09437824311930809,RAW,NO VALUE
2026-08-24T08:33:19.415767+00:00,KXBTC15M-26AUG240445-45,76904.48,3.3235961166666663,11.676403883333334,77013.26,108.77999999999884,UP,0.455109017238948,0.25712635796292377,0.7428736420370763,PASS,0.7428736420370763,0.25712635796292377,UP,0.7428736420370763,0.85,0.86,0.14,0.15,0.86,-0.1171263579629237,LEAN,NO VALUE
2026-08-24T08:34:13.086182+00:00,KXBTC15M-26AUG240445-45,76904.48,4.218103033333334,10.781896966666666,77030.75,126.27000000000407,UP,0.33960972440723475,0.1755206747622539,0.8244793252377461,PASS,0.8244793252377461,0.1755206747622539,UP,0.8244793252377461,0.88,0.89,0.11,0.12,0.89,-0.06552067476225387,STRONG,NO VALUE
2026-08-24T08:35:06.217756+00:00,KXBTC15M-26AUG240445-45,76904.48,5.103629266666667,9.896370733333333,77012.21,107.73000000001048,UP,0.306436230650089,0.15622430820706726,0.8437756917929328,PASS,0.8437756917929328,0.15622430820706726,UP,0.8437756917929328,0.83,0.84,0.16,0.17,0.84,0.0037756917929328004,STRONG,SMALL EDGE
2026-08-24T08:35:59.144725+00:00,KXBTC15M-26AUG240445-45,76904.48,5.985745416666666,9.014254583333333,77022.15,117.66999999999825,UP,0.2469239072586743,0.1259745188291643,0.8740254811708357,PASS,0.8740254811708357,0.1259745188291643,UP,0.8740254811708357,0.85,0.86,0.14,0.15,0.86,0.014025481170835685,STRONG,SMALL EDGE
2026-08-24T08:36:52.667331+00:00,KXBTC15M-26AUG240445-45,76904.48,6.87778885,8.12221115,77048.91,144.43000000000757,UP,0.13957263149143048,0.08403238193653385,0.9159676180634662,PASS,0.9159676180634662,0.08403238193653385,UP,0.9159676180634662,0.93,0.931,0.069,0.07,0.931,-0.01503238193653389,EARLY 90%+ / NOT YET VALIDATED LOCK,NO VALUE
2026-08-24T08:37:45.967087+00:00,KXBTC15M-26AUG240445-45,76904.48,7.766118116666666,7.233881883333334,77018.96,114.48000000001048,UP,0.07046635441866815,0.06418865049756259,0.9358113495024374,PASS,0.9358113495024374,0.06418865049756259,UP,0.9358113495024374,0.905,0.906,0.094,0.095,0.906,0.029811349502437356,EARLY 90%+ / NOT YET VALIDATED LOCK,SMALL EDGE
2026-08-24T08:38:39.060109+00:00,KXBTC15M-26AUG240445-45,76904.48,8.651001816666668,6.348998183333333,77025.06,120.58000000000175,UP,0.03095080376513282,0.05489496902202954,0.9451050309779705,PASS,0.9451050309779705,0.05489496902202954,UP,0.9451050309779705,0.914,0.915,0.085,0.086,0.915,0.03010503097797046,90%+ LOCK CANDIDATE,SMALL EDGE
2026-08-24T08:39:32.449591+00:00,KXBTC15M-26AUG240445-45,76904.48,9.540826516666668,5.459173483333333,77088.59,184.11000000000058,UP,0.03822660184079189,0.05650527367412361,0.9434947263258764,PASS,0.9434947263258764,0.05650527367412361,UP,0.9434947263258764,0.975,0.976,0.024,0.025,0.976,-0.03250527367412359,90%+ LOCK CANDIDATE,NO VALUE
2026-08-24T08:40:26.243021+00:00,KXBTC15M-26AUG240445-45,76904.48,10.437383683333334,4.5626163166666664,77082.38,177.90000000000873,UP,0.025181032092832952,0.05364881494330496,0.946351185056695,PASS,0.946351185056695,0.05364881494330496,UP,0.946351185056695,0.982,0.983,0.017,0.018,0.983,-0.036648814943304964,LOCK,NO VALUE
2026-08-24T08:41:19.397178+00:00,KXBTC15M-26AUG240445-45,76904.48,11.323286300000001,3.6767137,77066.68,162.1999999999971,UP,0.016229053833715167,0.051768073367761805,0.9482319266322382,PASS,0.9482319266322382,0.051768073367761805,UP,0.9482319266322382,0.983,0.984,0.016,0.017,0.984,-0.03576807336776178,LOCK,NO VALUE
2026-08-24T08:42:12.360777+00:00,KXBTC15M-26AUG240445-45,76904.48,12.20601295,2.7939870499999997,77055.28,150.8000000000029,UP,0.019688306612521644,0.05248733034424816,0.9475126696557519,PASS,0.9475126696557519,0.05248733034424816,UP,0.9475126696557519,0.988,0.989,0.011,0.012,0.989,-0.04148733034424812,LOCK,NO VALUE
2026-08-24T08:43:05.420895+00:00,KXBTC15M-26AUG240445-45,76904.48,13.09034825,1.9096517499999999,77051.52,147.04000000000815,UP,0.0036643742523659703,0.04923325715554412,0.9507667428444558,PASS,0.9507667428444558,0.04923325715554412,UP,0.9507667428444558,0.993,0.994,0.006,0.007,0.994,-0.04323325715554416,LOCK,NO VALUE
2026-08-24T08:43:58.885801+00:00,KXBTC15M-26AUG240445-45,76904.48,13.981430016666668,1.0185699833333333,77073.56,169.08000000000175,UP,0.006505565117956683,0.04979594118932278,0.9502040588106773,PASS,0.9502040588106773,0.04979594118932278,UP,0.9502040588106773,0.997,0.998,0.002,0.003,0.998,-0.04779594118932273,LOCK,NO VALUE
2026-08-24T08:44:52.233125+00:00,KXBTC15M-26AUG240445-45,76904.48,14.870552083333333,0.12944791666666666,77092.42,187.94000000000233,UP,0.011386132344789938,0.05077676259911088,0.9492232374008891,PASS,0.9492232374008891,0.05077676259911088,UP,0.9492232374008891,0.999,1.0,0.0,0.001,1.0,-0.0507767625991109,LOCK,NO VALUE
2026-08-24T08:45:45.580023+00:00,KXBTC15M-26AUG240500-00,77084.56,0.7596670499999999,14.24033295,77091.45,6.889999999999418,UP,0.7251265089156679,0.518819195055607,0.48118080494439297,PASS,0.48118080494439297,0.518819195055607,DOWN,0.518819195055607,0.54,0.55,0.45,0.46,0.46,0.05881919505560701,RAW,SMALL EDGE
2026-08-24T08:46:38.936287+00:00,KXBTC15M-26AUG240500-00,77084.56,1.6489381166666666,13.351061883333333,77086.33,1.7700000000040745,UP,0.6539992210815458,0.44423272902470995,0.5557672709752901,PASS,0.5557672709752901,0.44423272902470995,UP,0.5557672709752901,0.59,0.6,0.4,0.41,0.6,-0.04423272902470987,RAW,NO VALUE
2026-08-24T08:47:32.074755+00:00,KXBTC15M-26AUG240500-00,77084.56,2.53457925,12.46542075,77081.1,-3.459999999991851,DOWN,0.747659707824102,0.5424314860018422,0.4575685139981578,PASS,0.5424314860018422,0.4575685139981578,UP,0.5424314860018422,0.54,0.55,0.45,0.46,0.55,-0.007568513998157833,RAW,NO VALUE
2026-08-24T08:48:25.276313+00:00,KXBTC15M-26AUG240500-00,77084.56,3.421271883333333,11.578728116666667,77086.8,2.2400000000052387,UP,0.63015499073338,0.41961821862276455,0.5803817813772354,PASS,0.5803817813772354,0.41961821862276455,UP,0.5803817813772354,0.45,0.46,0.54,0.55,0.46,0.12038178137723538,RAW,POSITIVE EDGE
2026-08-24T08:49:18.472228+00:00,KXBTC15M-26AUG240500-00,77084.56,4.3078704666666665,10.692129533333334,77096.61,12.05000000000291,UP,0.636678509385219,0.4263181750057501,0.5736818249942499,PASS,0.5736818249942499,0.4263181750057501,UP,0.5736818249942499,0.56,0.57,0.43,0.44,0.57,0.0036818249942499603,RAW,SMALL EDGE
2026-08-24T08:50:11.947884+00:00,KXBTC15M-26AUG240500-00,77084.56,5.1991314,9.8008686,77109.72,25.160000000003492,UP,0.6398574191807516,0.429593050905413,0.570406949094587,PASS,0.570406949094587,0.429593050905413,UP,0.570406949094587,0.7,0.71,0.29,0.3,0.71,-0.13959305090541296,RAW,NO VALUE
2026-08-24T08:51:05.160716+00:00,KXBTC15M-26AUG240500-00,77084.56,6.086011933333333,8.913988066666667,77089.65,5.0899999999965075,UP,0.6694754706177876,0.46036462142933815,0.5396353785706618,PASS,0.5396353785706618,0.46036462142933815,UP,0.5396353785706618,0.52,0.53,0.47,0.48,0.53,0.009635378570661768,RAW,SMALL EDGE
2026-08-24T08:51:58.285570+00:00,KXBTC15M-26AUG240500-00,77084.56,6.971426166666666,8.028573833333333,77079.83,-4.7299999999959255,DOWN,0.6865061605411604,0.4782119633070565,0.5217880366929435,PASS,0.4782119633070565,0.5217880366929435,DOWN,0.5217880366929435,0.5,0.51,0.49,0.5,0.5,0.02178803669294349,RAW,SMALL EDGE
2026-08-24T08:52:51.885877+00:00,KXBTC15M-26AUG240500-00,77084.56,7.864764616666666,7.135235383333334,77100.04,15.479999999995925,UP,0.5823587810390152,0.37157315750273934,0.6284268424972607,PASS,0.6284268424972607,0.37157315750273934,UP,0.6284268424972607,0.63,0.64,0.36,0.37,0.64,-0.01157315750273935,RAW,NO VALUE
2026-08-24T08:53:45.485333+00:00,KXBTC15M-26AUG240500-00,77084.56,8.758088883333333,6.2419111166666665,77048.61,-35.94999999999709,DOWN,0.5518395435941088,0.34211054612035885,0.6578894538796412,PASS,0.34211054612035885,0.6578894538796412,DOWN,0.6578894538796412,0.48,0.49,0.51,0.52,0.52,0.13788945387964113,RAW,POSITIVE EDGE
2026-08-24T08:54:39.150744+00:00,KXBTC15M-26AUG240500-00,77084.56,9.6525124,5.3474876,77048.27,-36.2899999999936,DOWN,0.4826446591462698,0.27987442762983467,0.7201255723701654,PASS,0.27987442762983467,0.7201255723701654,DOWN,0.7201255723701654,0.47,0.48,0.52,0.53,0.53,0.19012557237016536,LEAN,POSITIVE EDGE
2026-08-24T08:55:32.094697+00:00,KXBTC15M-26AUG240500-00,77084.56,10.534911616666667,4.465088383333334,77035.0,-49.55999999999767,DOWN,0.25664043590494856,0.1305458167627961,0.8694541832372039,PASS,0.1305458167627961,0.8694541832372039,DOWN,0.8694541832372039,0.29,0.3,0.7,0.71,0.71,0.15945418323720395,STRONG,POSITIVE EDGE
2026-08-24T08:56:25.109574+00:00,KXBTC15M-26AUG240500-00,77084.56,11.418492899999999,3.5815071,77049.58,-34.979999999995925,DOWN,0.3227018857342613,0.1654607550734769,0.8345392449265231,PASS,0.1654607550734769,0.8345392449265231,DOWN,0.8345392449265231,0.26,0.27,0.73,0.74,0.74,0.0945392449265231,STRONG,SMALL EDGE
2026-08-24T08:57:18.244023+00:00,KXBTC15M-26AUG240500-00,77084.56,12.304067049999999,2.69593295,77027.9,-56.66000000000349,DOWN,0.08156553921248132,0.06705202668341365,0.9329479733165864,PASS,0.06705202668341365,0.9329479733165864,DOWN,0.9329479733165864,0.08,0.081,0.919,0.92,0.92,0.01294797331658637,LOCK,SMALL EDGE
2026-08-24T08:58:11.714214+00:00,KXBTC15M-26AUG240500-00,77084.56,13.1952369,1.8047631,76995.47,-89.08999999999651,DOWN,0.03190562868662518,0.055103803929943115,0.9448961960700569,PASS,0.055103803929943115,0.9448961960700569,DOWN,0.9448961960700569,0.016,0.017,0.983,0.984,0.984,-0.03910380392994306,LOCK,NO VALUE
2026-08-24T08:59:04.873085+00:00,KXBTC15M-26AUG240500-00,77084.56,14.081218083333333,0.9187819166666666,77015.3,-69.25999999999476,DOWN,0.025344392775863978,0.053683727622204774,0.9463162723777953,PASS,0.053683727622204774,0.9463162723777953,DOWN,0.9463162723777953,0.006,0.007,0.993,0.994,0.994,-0.04768372762220474,LOCK,NO VALUE
2026-08-24T08:59:58.350307+00:00,KXBTC15M-26AUG240500-00,77084.56,14.972505116666667,0.027494883333333334,77032.92,-51.63999999999942,DOWN,0.0281928209035301,0.05429593497997159,0.9457040650200285,PASS,0.05429593497997159,0.9457040650200285,DOWN,0.9457040650200285,0.0,0.001,0.999,1.0,1.0,-0.05429593497997154,LOCK,NO VALUE
2026-08-24T09:00:51.195360+00:00,KXBTC15M-26AUG240515-15,77030.88,0.853256,14.146744,77020.66,-10.220000000001164,DOWN,0.7752311153631037,0.5710556373267223,0.42894436267327773,PASS,0.5710556373267223,0.42894436267327773,UP,0.5710556373267223,0.44,0.45,0.55,0.56,0.45,0.12105563732672225,RAW,POSITIVE EDGE
2026-08-24T09:01:44.780891+00:00,KXBTC15M-26AUG240515-15,77030.88,1.7463481833333332,13.253651816666666,77067.2,36.31999999999243,UP,0.5624323091268091,0.35221269195219473,0.6477873080478053,PASS,0.6477873080478053,0.35221269195219473,UP,0.6477873080478053,0.65,0.66,0.34,0.35,0.66,-0.012212691952194765,RAW,NO VALUE
2026-08-24T09:02:38.330167+00:00,KXBTC15M-26AUG240515-15,77030.88,2.6388361166666665,12.361163883333335,77092.44,61.55999999999767,UP,0.41513120433953876,0.22632314481392213,0.7736768551860779,PASS,0.7736768551860779,0.22632314481392213,UP,0.7736768551860779,0.72,0.73,0.27,0.28,0.73,0.04367685518607789,LEAN,SMALL EDGE
2026-08-24T09:03:32.228847+00:00,KXBTC15M-26AUG240515-15,77030.88,3.53714745,11.462852550000001,77117.67,86.7899999999936,UP,0.32033395763801903,0.1640893957204515,0.8359106042795486,PASS,0.8359106042795486,0.1640893957204515,UP,0.8359106042795486,0.72,0.73,0.27,0.28,0.73,0.10591060427954857,STRONG,POSITIVE EDGE
2026-08-24T09:04:25.957376+00:00,KXBTC15M-26AUG240515-15,77030.88,4.432622933333334,10.567377066666667,77132.48,101.59999999999127,UP,0.24257332090528474,0.1239724974434788,0.8760275025565212,PASS,0.8760275025565212,0.1239724974434788,UP,0.8760275025565212,0.8,0.81,0.19,0.2,0.81,0.06602750255652112,STRONG,SMALL EDGE
2026-08-24T09:05:19.347029+00:00,KXBTC15M-26AUG240515-15,77030.88,5.322450483333333,9.677549516666666,77164.83,133.9499999999971,UP,0.28830617569567973,0.1464290563865413,0.8535709436134586,PASS,0.8535709436134586,0.1464290563865413,UP,0.8535709436134586,0.906,0.907,0.093,0.094,0.907,-0.053429056386541385,STRONG,NO VALUE
2026-08-24T09:06:13.139384+00:00,KXBTC15M-26AUG240515-15,77030.88,6.218989733333333,8.781010266666668,77164.69,133.80999999999767,UP,0.17419321749760905,0.09594712350388102,0.904052876496119,PASS,0.904052876496119,0.09594712350388102,UP,0.904052876496119,0.922,0.923,0.077,0.078,0.923,-0.018947123503881058,EARLY 90%+ / NOT YET VALIDATED LOCK,NO VALUE
2026-08-24T09:07:07.030960+00:00,KXBTC15M-26AUG240515-15,77030.88,7.117182666666666,7.882817333333334,77151.02,120.13999999999942,UP,0.04566449450077754,0.05819728435471195,0.9418027156452881,PASS,0.9418027156452881,0.05819728435471195,UP,0.9418027156452881,0.903,0.904,0.096,0.097,0.904,0.03780271564528803,EARLY 90%+ / NOT YET VALIDATED LOCK,SMALL EDGE
2026-08-24T09:08:00.647083+00:00,KXBTC15M-26AUG240515-15,77030.88,8.010784716666667,6.989215283333333,77203.19,172.30999999999767,UP,0.04629101678195527,0.05834195985704974,0.9416580401429503,PASS,0.9416580401429503,0.05834195985704974,UP,0.9416580401429503,0.934,0.935,0.065,0.066,0.935,0.006658040142950239,90%+ LOCK CANDIDATE,SMALL EDGE
2026-08-24T09:08:53.972238+00:00,KXBTC15M-26AUG240515-15,77030.88,8.899537299999999,6.1004627,77208.64,177.75999999999476,UP,0.052254909536142834,0.059736116642303924,0.9402638833576961,PASS,0.9402638833576961,0.059736116642303924,UP,0.9402638833576961,0.972,0.973,0.027,0.028,0.973,-0.032736116642303914,90%+ LOCK CANDIDATE,NO VALUE
2026-08-24T09:09:47.131517+00:00,KXBTC15M-26AUG240515-15,77030.88,9.785525283333333,5.214474716666667,77244.12,213.2399999999907,UP,0.0041959482624203785,0.04933807232757287,0.9506619276724271,PASS,0.9506619276724271,0.04933807232757287,UP,0.9506619276724271,0.982,0.983,0.017,0.018,0.983,-0.03233807232757291,90%+ LOCK CANDIDATE,NO VALUE
2026-08-24T09:10:40.784723+00:00,KXBTC15M-26AUG240515-15,77030.88,10.679745383333334,4.320254616666667,77198.56,167.67999999999302,UP,0.013344281931510776,0.05117539929441806,0.9488246007055819,PASS,0.9488246007055819,0.05117539929441806,UP,0.9488246007055819,0.984,0.985,0.015,0.016,0.985,-0.03617539929441804,LOCK,NO VALUE
2026-08-24T09:11:34.008577+00:00,KXBTC15M-26AUG240515-15,77030.88,11.566809616666665,3.4331903833333333,77215.99,185.11000000000058,UP,0.005258364268803266,0.04954819260831823,0.9504518073916818,PASS,0.9504518073916818,0.04954819260831823,UP,0.9504518073916818,0.993,0.994,0.006,0.007,0.994,-0.043548192608318215,LOCK,NO VALUE
2026-08-24T09:12:27.357708+00:00,KXBTC15M-26AUG240515-15,77030.88,12.4559618,2.5440382,77202.45,171.56999999999243,UP,0.010360702810510478,0.05056918170614399,0.949430818293856,PASS,0.949430818293856,0.05056918170614399,UP,0.949430818293856,0.995,0.996,0.004,0.005,0.996,-0.04656918170614399,LOCK,NO VALUE
2026-08-24T09:13:20.822775+00:00,KXBTC15M-26AUG240515-15,77030.88,13.34704625,1.6529537500000002,77227.92,197.0399999999936,UP,0.004424145228409803,0.049383132827524615,0.9506168671724754,PASS,0.9506168671724754,0.049383132827524615,UP,0.9506168671724754,0.996,0.997,0.003,0.004,0.997,-0.0463831328275246,LOCK,NO VALUE
2026-08-24T09:14:14.102509+00:00,KXBTC15M-26AUG240515-15,77030.88,14.235041816666667,0.7649581833333333,77280.33,249.4499999999971,UP,0.0036397346798058656,0.049228403875752925,0.9507715961242471,PASS,0.9507715961242471,0.049228403875752925,UP,0.9507715961242471,0.998,0.999,0.001,0.002,0.999,-0.04822840387575289,LOCK,NO VALUE
2026-08-24T09:15:39.443598+00:00,KXBTC15M-26AUG240530-30,77275.75,0.6573933000000001,14.342606700000001,77335.01,59.25999999999476,UP,0.6364148474258553,0.42604683940839494,0.5739531605916051,PASS,0.5739531605916051,0.42604683940839494,UP,0.5739531605916051,0.61,0.62,0.38,0.39,0.62,-0.046046839408394935,RAW,NO VALUE
2026-08-24T09:16:32.586402+00:00,KXBTC15M-26AUG240530-30,77275.75,1.5431067,13.456893299999999,77337.25,61.5,UP,0.7120776928871305,0.5051001099051831,0.49489989009481694,PASS,0.49489989009481694,0.5051001099051831,DOWN,0.5051001099051831,0.79,0.8,0.2,0.21,0.21,0.2951001099051831,RAW,IDEAL <=50c / LARGE EDGE
2026-08-24T09:17:25.563307+00:00,KXBTC15M-26AUG240530-30,77275.75,2.426055116666667,12.573944883333333,77351.76,76.00999999999476,UP,0.6391992605655699,0.42891450759075217,0.5710854924092479,PASS,0.5710854924092479,0.42891450759075217,UP,0.5710854924092479,0.73,0.74,0.26,0.27,0.74,-0.1689145075907521,RAW,NO VALUE
2026-08-24T09:18:18.804904+00:00,KXBTC15M-26AUG240530-30,77275.75,3.3134150666666664,11.686584933333334,77274.49,-1.2599999999947613,DOWN,0.7046419785896314,0.4972776869182293,0.5027223130817706,PASS,0.4972776869182293,0.5027223130817706,DOWN,0.5027223130817706,0.55,0.56,0.44,0.45,0.45,0.05272231308177061,RAW,SMALL EDGE
2026-08-24T09:19:12.007744+00:00,KXBTC15M-26AUG240530-30,77275.75,4.200129066666666,10.799870933333333,77267.48,-8.270000000004075,DOWN,0.6212908190996408,0.410562024157844,0.589437975842156,PASS,0.410562024157844,0.589437975842156,DOWN,0.589437975842156,0.46,0.47,0.53,0.54,0.54,0.04943797584215592,RAW,SMALL EDGE
2026-08-24T09:20:05.532751+00:00,KXBTC15M-26AUG240530-30,77275.75,5.092212516666667,9.907787483333333,77294.62,18.869999999995343,UP,0.6603424510644568,0.4508324418002022,0.5491675581997978,PASS,0.5491675581997978,0.4508324418002022,UP,0.5491675581997978,0.54,0.55,0.45,0.46,0.55,-0.0008324418002022549,RAW,NO VALUE
2026-08-24T09:20:59.015034+00:00,KXBTC15M-26AUG240530-30,77275.75,5.9835839,9.016416099999999,77304.85,29.10000000000582,UP,0.6855218284321172,0.4771784732591969,0.5228215267408032,PASS,0.5228215267408032,0.4771784732591969,UP,0.5228215267408032,0.59,0.6,0.4,0.41,0.6,-0.0771784732591968,RAW,NO VALUE
2026-08-24T09:21:53.091963+00:00,KXBTC15M-26AUG240530-30,77275.75,6.88486605,8.115133949999999,77282.79,7.039999999993597,UP,0.6730843575538835,0.4641396364196813,0.5358603635803187,PASS,0.5358603635803187,0.4641396364196813,UP,0.5358603635803187,0.63,0.64,0.36,0.37,0.64,-0.10413963641968127,RAW,NO VALUE
2026-08-24T09:22:46.898986+00:00,KXBTC15M-26AUG240530-30,77275.75,7.781649766666666,7.218350233333334,77281.3,5.55000000000291,UP,0.6516268549971257,0.4417693581195417,0.5582306418804583,PASS,0.5582306418804583,0.4417693581195417,UP,0.5582306418804583,0.61,0.62,0.38,0.39,0.62,-0.06176935811954165,RAW,NO VALUE
2026-08-24T09:23:40.677979+00:00,KXBTC15M-26AUG240530-30,77275.75,8.677966316666668,6.322033683333333,77270.83,-4.919999999998254,DOWN,0.6539325205118783,0.4441634317477591,0.5558365682522409,PASS,0.4441634317477591,0.5558365682522409,DOWN,0.5558365682522409,0.39,0.4,0.6,0.61,0.61,-0.05416343174775906,RAW,NO VALUE
2026-08-24T09:24:33.868533+00:00,KXBTC15M-26AUG240530-30,77275.75,9.56447555,5.43552445,77267.62,-8.130000000004657,DOWN,0.6396062409311373,0.42933406171810173,0.5706659382818983,PASS,0.42933406171810173,0.5706659382818983,DOWN,0.5706659382818983,0.51,0.52,0.48,0.49,0.49,0.08066593828189828,RAW,SMALL EDGE
2026-08-24T09:25:27.411008+00:00,KXBTC15M-26AUG240530-30,77275.75,10.456850133333335,4.543149866666667,77241.16,-34.58999999999651,DOWN,0.5418195579236487,0.33268447408087287,0.6673155259191271,PASS,0.33268447408087287,0.6673155259191271,DOWN,0.6673155259191271,0.31,0.32,0.68,0.69,0.69,-0.02268447408087282,RAW,NO VALUE
2026-08-24T09:26:21.708496+00:00,KXBTC15M-26AUG240530-30,77275.75,11.361808266666666,3.6381917333333336,77272.74,-3.0099999999947613,DOWN,0.634936117190726,0.42452590162948883,0.5754740983705111,PASS,0.42452590162948883,0.5754740983705111,DOWN,0.5754740983705111,0.1,0.11,0.89,0.9,0.9,-0.3245259016294889,RAW,NO VALUE
2026-08-24T09:27:15.679383+00:00,KXBTC15M-26AUG240530-30,77275.75,12.26132305,2.73867695,77343.89,68.13999999999942,UP,0.1844471678306525,0.09975582553795947,0.9002441744620405,PASS,0.9002441744620405,0.09975582553795947,UP,0.9002441744620405,0.82,0.83,0.17,0.18,0.83,0.07024417446204057,LOCK,SMALL EDGE
2026-08-24T09:28:08.839875+00:00,KXBTC15M-26AUG240530-30,77275.75,13.14733125,1.8526687499999999,77406.65,130.89999999999418,UP,0.11720451849938354,0.07706519255334623,0.9229348074466538,PASS,0.9229348074466538,0.07706519255334623,UP,0.9229348074466538,0.982,0.983,0.017,0.018,0.983,-0.06006519255334619,LOCK,NO VALUE
2026-08-24T09:29:02.350740+00:00,KXBTC15M-26AUG240530-30,77275.75,14.039178999999999,0.9608209999999999,77387.64,111.88999999999942,UP,0.12389793082501419,0.07909260642108311,0.9209073935789169,PASS,0.9209073935789169,0.07909260642108311,UP,0.9209073935789169,0.996,0.997,0.003,0.004,0.997,-0.07609260642108306,LOCK,NO VALUE
2026-08-24T09:29:55.463980+00:00,KXBTC15M-26AUG240530-30,77275.75,14.924399666666666,0.07560033333333332,77409.29,133.5399999999936,UP,0.11284956763842931,0.07577177948096207,0.924228220519038,PASS,0.924228220519038,0.07577177948096207,UP,0.924228220519038,0.999,1.0,0.0,0.001,1.0,-0.07577177948096203,LOCK,NO VALUE
2026-08-24T09:30:48.871716+00:00,KXBTC15M-26AUG240545-45,77397.41,0.8145285999999999,14.1854714,77408.73,11.319999999992433,UP,0.6957075942069543,0.4878807550537679,0.5121192449462322,PASS,0.5121192449462322,0.4878807550537679,UP,0.5121192449462322,0.48,0.49,0.51,0.52,0.49,0.022119244946232186,RAW,SMALL EDGE
2026-08-24T09:31:42.176087+00:00,KXBTC15M-26AUG240545-45,77397.41,1.7029347833333333,13.297065216666665,77429.61,32.19999999999709,UP,0.6357506019178489,0.4253634593782785,0.5746365406217215,PASS,0.5746365406217215,0.4253634593782785,UP,0.5746365406217215,0.53,0.54,0.46,0.47,0.54,0.0346365406217215,RAW,SMALL EDGE
2026-08-24T09:32:35.808719+00:00,KXBTC15M-26AUG240545-45,77397.41,2.596811983333333,12.403188016666666,77468.55,71.13999999999942,UP,0.30249939743450077,0.1540529260147989,0.8459470739852011,PASS,0.8459470739852011,0.1540529260147989,UP,0.8459470739852011,0.65,0.66,0.34,0.35,0.66,0.18594707398520105,STRONG,POSITIVE EDGE
2026-08-24T09:33:29.561522+00:00,KXBTC15M-26AUG240545-45,77397.41,3.4926920333333333,11.507307966666668,77404.33,6.919999999998254,UP,0.6602916205799177,0.4507794840384544,0.5492205159615455,PASS,0.5492205159615455,0.4507794840384544,UP,0.5492205159615455,0.61,0.62,0.38,0.39,0.62,-0.07077948403845447,RAW,NO VALUE
2026-08-24T09:34:22.880330+00:00,KXBTC15M-26AUG240545-45,77397.41,4.381338833333333,10.618661166666667,77413.14,15.729999999995925,UP,0.6340658358315565,0.42363144548392984,0.5763685545160702,PASS,0.5763685545160702,0.42363144548392984,UP,0.5763685545160702,0.5,0.51,0.49,0.5,0.51,0.06636855451607016,RAW,SMALL EDGE
2026-08-24T09:35:15.976523+00:00,KXBTC15M-26AUG240545-45,77397.41,5.266275383333333,9.733724616666667,77415.7,18.289999999993597,UP,0.5999232825747121,0.38898992220588613,0.6110100777941139,PASS,0.6110100777941139,0.38898992220588613,UP,0.6110100777941139,0.66,0.67,0.33,0.34,0.67,-0.05898992220588617,RAW,NO VALUE
2026-08-24T09:36:09.159379+00:00,KXBTC15M-26AUG240545-45,77397.41,6.152656316666667,8.847343683333333,77428.25,30.839999999996508,UP,0.5139210772749179,0.3071517425689137,0.6928482574310864,PASS,0.6928482574310864,0.3071517425689137,UP,0.6928482574310864,0.61,0.62,0.38,0.39,0.62,0.07284825743108636,RAW,SMALL EDGE
2026-08-24T09:37:02.402902+00:00,KXBTC15M-26AUG240545-45,77397.41,7.0400483666666664,7.9599516333333336,77419.97,22.55999999999767,UP,0.42320551180361854,0.23232795056624603,0.767672049433754,PASS,0.767672049433754,0.23232795056624603,UP,0.767672049433754,0.57,0.58,0.42,0.43,0.58,0.18767204943375404,LEAN,POSITIVE EDGE
2026-08-24T09:37:55.589504+00:00,KXBTC15M-26AUG240545-45,77397.41,7.926491733333333,7.073508266666667,77451.42,54.00999999999476,UP,0.34734358699149714,0.1802802292757399,0.81971977072426,PASS,0.81971977072426,0.1802802292757399,UP,0.81971977072426,0.76,0.77,0.23,0.24,0.77,0.04971977072426004,STRONG,SMALL EDGE
2026-08-24T09:38:48.835140+00:00,KXBTC15M-26AUG240545-45,77397.41,8.813919,6.186081,77468.25,70.83999999999651,UP,0.13986732021461984,0.08412788212884895,0.9158721178711511,PASS,0.9158721178711511,0.08412788212884895,UP,0.9158721178711511,0.83,0.84,0.16,0.17,0.84,0.07587211787115111,90%+ LOCK CANDIDATE,SMALL EDGE
2026-08-24T09:39:41.817709+00:00,KXBTC15M-26AUG240545-45,77397.41,9.696961816666667,5.303038183333333,77467.14,69.72999999999593,UP,0.08401498942636995,0.06769971556835686,0.9323002844316431,PASS,0.9323002844316431,0.06769971556835686,UP,0.9323002844316431,0.85,0.86,0.14,0.15,0.86,0.07230028443164316,90%+ LOCK CANDIDATE,SMALL EDGE
2026-08-24T09:40:34.935281+00:00,KXBTC15M-26AUG240545-45,77397.41,10.582254683333334,4.417745316666667,77466.07,68.66000000000349,UP,0.12585332757725282,0.07969403070724755,0.9203059692927524,PASS,0.9203059692927524,0.07969403070724755,UP,0.9203059692927524,0.932,0.933,0.067,0.068,0.933,-0.012694030707247617,LOCK,NO VALUE
2026-08-24T09:41:27.877280+00:00,KXBTC15M-26AUG240545-45,77397.41,11.464621333333334,3.5353786666666664,77447.72,50.30999999999767,UP,0.1593013596908701,0.09064724107940593,0.9093527589205941,PASS,0.9093527589205941,0.09064724107940593,UP,0.9093527589205941,0.83,0.84,0.16,0.17,0.84,0.06935275892059412,LOCK,SMALL EDGE
2026-08-24T09:42:20.966239+00:00,KXBTC15M-26AUG240545-45,77397.41,12.349437316666666,2.6505626833333333,77453.46,56.05000000000291,UP,0.057214367393591536,0.060919168645905415,0.9390808313540946,PASS,0.9390808313540946,0.060919168645905415,UP,0.9390808313540946,0.88,0.89,0.11,0.12,0.89,0.04908083135409458,LOCK,SMALL EDGE
2026-08-24T09:43:14.080765+00:00,KXBTC15M-26AUG240545-45,77397.41,13.234679416666667,1.7653205833333334,77459.87,62.45999999999185,UP,0.028572212647949197,0.05437797191168663,0.9456220280883134,PASS,0.9456220280883134,0.05437797191168663,UP,0.9456220280883134,0.921,0.922,0.078,0.079,0.922,0.023622028088313374,LOCK,SMALL EDGE
2026-08-24T09:44:07.218716+00:00,KXBTC15M-26AUG240545-45,77397.41,14.120311933333333,0.8796880666666667,77493.49,96.08000000000175,UP,0.005271165304115066,0.04955072950896385,0.9504492704910361,PASS,0.9504492704910361,0.04955072950896385,UP,0.9504492704910361,0.994,0.995,0.005,0.006,0.995,-0.04455072950896388,LOCK,NO VALUE
2026-08-24T09:45:32.545521+00:00,KXBTC15M-26AUG240600-00,77472.46,0.54242535,14.45757465,77488.11,15.64999999999418,UP,0.6852879098269372,0.4769329010677426,0.5230670989322574,PASS,0.5230670989322574,0.4769329010677426,UP,0.5230670989322574,0.43,0.44,0.56,0.57,0.44,0.08306709893225744,RAW,SMALL EDGE
2026-08-24T09:46:25.711436+00:00,KXBTC15M-26AUG240600-00,77472.46,1.4285239333333335,13.571476066666666,77461.4,-11.060000000012224,DOWN,0.7235347793353738,0.5171468085728511,0.4828531914271489,PASS,0.5171468085728511,0.4828531914271489,UP,0.5171468085728511,0.42,0.43,0.57,0.58,0.43,0.08714680857285112,RAW,SMALL EDGE
2026-08-24T09:47:19.220131+00:00,KXBTC15M-26AUG240600-00,77472.46,2.320335516666667,12.679664483333333,77495.0,22.539999999993597,UP,0.5013577803795713,0.296017028031291,0.703982971968709,PASS,0.703982971968709,0.296017028031291,UP,0.703982971968709,0.42,0.43,0.57,0.58,0.43,0.27398297196870897,LEAN,IDEAL <=50c / LARGE EDGE
2026-08-24T09:48:12.154637+00:00,KXBTC15M-26AUG240600-00,77472.46,3.2025772833333335,11.797422716666667,77520.31,47.84999999999127,UP,0.35160229720230657,0.1829438070538127,0.8170561929461873,PASS,0.8170561929461873,0.1829438070538127,UP,0.8170561929461873,0.57,0.58,0.42,0.43,0.58,0.2370561929461873,STRONG,LARGE EDGE / PRICE ABOVE 50c
2026-08-24T09:49:05.103215+00:00,KXBTC15M-26AUG240600-00,77472.46,4.085053583333333,10.914946416666668,77502.87,30.40999999998894,UP,0.3881945977473545,0.2070921077184524,0.7929078922815476,PASS,0.7929078922815476,0.2070921077184524,UP,0.7929078922815476,0.63,0.64,0.36,0.37,0.64,0.15290789228154755,LEAN,POSITIVE EDGE
2026-08-24T09:49:58.097539+00:00,KXBTC15M-26AUG240600-00,77472.46,4.968292316666666,10.031707683333334,77500.87,28.40999999998894,UP,0.3878325452924124,0.20684204218235308,0.7931579578176469,PASS,0.7931579578176469,0.20684204218235308,UP,0.7931579578176469,0.59,0.6,0.4,0.41,0.6,0.19315795781764689,LEAN,POSITIVE EDGE
2026-08-24T09:50:51.106079+00:00,KXBTC15M-26AUG240600-00,77472.46,5.851767983333334,9.148232016666666,77483.71,11.25,UP,0.5604413942066585,0.3503035416942898,0.6496964583057102,PASS,0.6496964583057102,0.3503035416942898,UP,0.6496964583057102,0.59,0.6,0.4,0.41,0.6,0.049696458305710234,RAW,SMALL EDGE
2026-08-24T09:51:44.110943+00:00,KXBTC15M-26AUG240600-00,77472.46,6.735182383333334,8.264817616666667,77492.52,20.05999999999767,UP,0.43679839271036863,0.2426855545816547,0.7573144454183454,PASS,0.7573144454183454,0.2426855545816547,UP,0.7573144454183454,0.55,0.56,0.44,0.45,0.56,0.1973144454183453,LEAN,POSITIVE EDGE
2026-08-24T09:52:37.167891+00:00,KXBTC15M-26AUG240600-00,77472.46,7.61946485,7.38053515,77507.3,34.83999999999651,UP,0.23830012137816375,0.12203273826788207,0.8779672617321179,PASS,0.8779672617321179,0.12203273826788207,UP,0.8779672617321179,0.59,0.6,0.4,0.41,0.6,0.27796726173211794,STRONG,LARGE EDGE / PRICE ABOVE 50c
2026-08-24T09:53:30.199251+00:00,KXBTC15M-26AUG240600-00,77472.46,8.50332085,6.49667915,77528.8,56.33999999999651,UP,0.18182114563026394,0.09876780526914575,0.9012321947308543,PASS,0.9012321947308543,0.09876780526914575,UP,0.9012321947308543,0.82,0.83,0.17,0.18,0.83,0.07123219473085429,90%+ LOCK CANDIDATE,SMALL EDGE
2026-08-24T09:54:23.352051+00:00,KXBTC15M-26AUG240600-00,77472.46,9.38920085,5.61079915,77558.0,85.5399999999936,UP,0.12225632835943726,0.07859090298295744,0.9214090970170425,PASS,0.9214090970170425,0.07859090298295744,UP,0.9214090970170425,0.902,0.903,0.097,0.098,0.903,0.01840909701704252,90%+ LOCK CANDIDATE,SMALL EDGE
2026-08-24T09:55:16.791511+00:00,KXBTC15M-26AUG240600-00,77472.46,10.279858516666668,4.720141483333333,77574.17,101.70999999999185,UP,0.050379397269870944,0.059294355142419396,0.9407056448575806,PASS,0.9407056448575806,0.059294355142419396,UP,0.9407056448575806,0.952,0.953,0.047,0.048,0.953,-0.012294355142419389,LOCK,NO VALUE
2026-08-24T09:56:09.892746+00:00,KXBTC15M-26AUG240600-00,77472.46,11.1648791,3.8351209,77590.93,118.46999999998661,UP,0.02324455943464313,0.05323658972543866,0.9467634102745613,PASS,0.9467634102745613,0.05323658972543866,UP,0.9467634102745613,0.977,0.978,0.022,0.023,0.978,-0.031236589725438635,LOCK,NO VALUE
2026-08-24T09:57:03.067906+00:00,KXBTC15M-26AUG240600-00,77472.46,12.051131766666666,2.9488682333333336,77550.43,77.96999999998661,UP,0.030701309386153248,0.05484052372824149,0.9451594762717586,PASS,0.9451594762717586,0.05484052372824149,UP,0.9451594762717586,0.97,0.971,0.029,0.03,0.971,-0.025840523728241416,LOCK,NO VALUE
2026-08-24T09:57:56.192639+00:00,KXBTC15M-26AUG240600-00,77472.46,12.936543983333333,2.0634560166666667,77553.85,81.38999999999942,UP,0.012545725150838712,0.051012474212776236,0.9489875257872238,PASS,0.9489875257872238,0.051012474212776236,UP,0.9489875257872238,0.974,0.975,0.025,0.026,0.975,-0.026012474212776193,LOCK,NO VALUE
2026-08-24T09:58:49.861236+00:00,KXBTC15M-26AUG240600-00,77472.46,13.831020599999999,1.1689794,77510.14,37.679999999993015,UP,0.1720899070595626,0.09518211570492756,0.9048178842950725,PASS,0.9048178842950725,0.09518211570492756,UP,0.9048178842950725,0.977,0.978,0.022,0.023,0.978,-0.0731821157049275,LOCK,NO VALUE
2026-08-24T09:59:43.064821+00:00,KXBTC15M-26AUG240600-00,77472.46,14.717747016666667,0.2822529833333334,77514.59,42.129999999990105,UP,0.11350384406413723,0.07596481853398729,0.9240351814660127,PASS,0.9240351814660127,0.07596481853398729,UP,0.9240351814660127,0.995,0.996,0.004,0.005,0.996,-0.07196481853398728,LOCK,NO VALUE
2026-08-24T10:00:36.316575+00:00,KXBTC15M-26AUG240615-15,77527.48,0.60527625,14.39472375,77527.08,-0.39999999999417923,DOWN,0.774109955247646,0.5698995736766705,0.43010042632332945,PASS,0.5698995736766705,0.43010042632332945,UP,0.5698995736766705,0.5,0.51,0.49,0.5,0.51,0.05989957367667054,RAW,SMALL EDGE
2026-08-24T10:01:31.383984+00:00,KXBTC15M-26AUG240615-15,77527.48,1.5230664,13.476933599999999,77587.44,59.9600000000064,UP,0.4343222708937176,0.2407756340451125,0.7592243659548875,PASS,0.7592243659548875,0.2407756340451125,UP,0.7592243659548875,0.62,0.63,0.37,0.38,0.63,0.1292243659548875,LEAN,POSITIVE EDGE
2026-08-24T10:02:27.883719+00:00,KXBTC15M-26AUG240615-15,77527.48,2.46472865,12.535271349999999,77536.63,9.150000000008731,UP,0.7157202219254376,0.5089314023005141,0.49106859769948585,PASS,0.49106859769948585,0.5089314023005141,DOWN,0.5089314023005141,0.52,0.53,0.47,0.48,0.48,0.028931402300514164,RAW,SMALL EDGE
2026-08-24T10:03:22.786379+00:00,KXBTC15M-26AUG240615-15,77527.48,3.3797729833333334,11.620227016666666,77616.05,88.57000000000698,UP,0.5194555620364938,0.3121301849571064,0.6878698150428936,PASS,0.6878698150428936,0.3121301849571064,UP,0.6878698150428936,0.65,0.66,0.34,0.35,0.66,0.027869815042893542,RAW,SMALL EDGE
2026-08-24T10:04:19.084561+00:00,KXBTC15M-26AUG240615-15,77527.48,4.318076016666667,10.681923983333332,77664.08,136.60000000000582,UP,0.2713602747588648,0.1377388972745933,0.8622611027254067,PASS,0.8622611027254067,0.1377388972745933,UP,0.8622611027254067,0.86,0.87,0.13,0.14,0.87,-0.007738897274593315,STRONG,NO VALUE
2026-08-24T10:05:15.142165+00:00,KXBTC15M-26AUG240615-15,77527.48,5.252369416666666,9.747630583333335,77629.24,101.76000000000931,UP,0.3884861021920213,0.20729360880660588,0.7927063911933941,PASS,0.7927063911933941,0.20729360880660588,UP,0.7927063911933941,0.83,0.84,0.16,0.17,0.84,-0.047293608806605825,LEAN,NO VALUE
2026-08-24T10:06:10.064957+00:00,KXBTC15M-26AUG240615-15,77527.48,6.167749283333333,8.832250716666666,77545.45,17.970000000001164,UP,0.6330016528633232,0.4225383818334441,0.577461618166556,PASS,0.577461618166556,0.4225383818334441,UP,0.577461618166556,0.73,0.74,0.26,0.27,0.74,-0.16253838183344405,RAW,NO VALUE
2026-08-24T10:07:05.434651+00:00,KXBTC15M-26AUG240615-15,77527.48,7.0905775166666665,7.9094224833333335,77545.96,18.480000000010477,UP,0.5989802049733352,0.3880470947899275,0.6119529052100725,PASS,0.6119529052100725,0.3880470947899275,UP,0.6119529052100725,0.55,0.56,0.44,0.45,0.56,0.05195290521007245,RAW,SMALL EDGE
2026-08-24T10:08:01.050298+00:00,KXBTC15M-26AUG240615-15,77527.48,8.017504966666667,6.9824950333333335,77728.29,200.80999999999767,UP,0.08957256746361181,0.06919083113663263,0.9308091688633674,PASS,0.9308091688633674,0.06919083113663263,UP,0.9308091688633674,0.82,0.83,0.17,0.18,0.83,0.10080916886336744,90%+ LOCK CANDIDATE,POSITIVE EDGE
2026-08-24T10:08:56.088485+00:00,KXBTC15M-26AUG240615-15,77527.48,8.934808083333333,6.065191916666667,77695.38,167.90000000000873,UP,0.18955344265903742,0.10170220309819451,0.8982977969018054,PASS,0.8982977969018054,0.10170220309819451,UP,0.8982977969018054,0.933,0.934,0.066,0.067,0.934,-0.03570220309819461,STRONG,NO VALUE
2026-08-24T10:09:50.710849+00:00,KXBTC15M-26AUG240615-15,77527.48,9.845180816666668,5.154819183333333,77670.46,142.98000000001048,UP,0.1875787348738403,0.10094553417208156,0.8990544658279185,PASS,0.8990544658279185,0.10094553417208156,UP,0.8990544658279185,0.936,0.937,0.063,0.064,0.937,-0.037945534172081574,STRONG,NO VALUE
2026-08-24T10:10:45.502290+00:00,KXBTC15M-26AUG240615-15,77527.48,10.7583715,4.2416285,77682.58,155.10000000000582,UP,0.10389443611850649,0.07317455229037402,0.9268254477096259,PASS,0.9268254477096259,0.07317455229037402,UP,0.9268254477096259,0.96,0.961,0.039,0.04,0.961,-0.03417455229037403,LOCK,NO VALUE
2026-08-24T10:11:40.298598+00:00,KXBTC15M-26AUG240615-15,77527.48,11.6716433,3.3283567,77784.51,257.02999999999884,UP,0.008505458599861043,0.0501956591128392,0.9498043408871608,PASS,0.9498043408871608,0.0501956591128392,UP,0.9498043408871608,0.991,0.992,0.008,0.009,0.992,-0.04219565911283918,LOCK,NO VALUE
2026-08-24T10:12:34.476622+00:00,KXBTC15M-26AUG240615-15,77527.48,12.574610366666667,2.4253896333333334,77769.32,241.84000000001106,UP,0.009331256373244341,0.05036159597212716,0.9496384040278728,PASS,0.9496384040278728,0.05036159597212716,UP,0.9496384040278728,0.992,0.993,0.007,0.008,0.993,-0.04336159597212719,LOCK,NO VALUE
2026-08-24T10:13:29.341653+00:00,KXBTC15M-26AUG240615-15,77527.48,13.48902755,1.5109724500000001,77746.55,219.07000000000698,UP,0.006285733434015478,0.04975218795585479,0.9502478120441452,PASS,0.9502478120441452,0.04975218795585479,UP,0.9502478120441452,0.996,0.997,0.003,0.004,0.997,-0.046752187955854785,LOCK,NO VALUE
2026-08-24T10:14:24.447850+00:00,KXBTC15M-26AUG240615-15,77527.48,14.407464166666667,0.5925358333333333,77799.66,272.18000000000757,UP,0.0012727041326595413,0.0487642772178813,0.9512357227821187,PASS,0.9512357227821187,0.0487642772178813,UP,0.9512357227821187,0.999,1.0,0.0,0.001,1.0,-0.04876427721788135,LOCK,NO VALUE
2026-08-24T10:15:18.904006+00:00,KXBTC15M-26AUG240630-30,77808.85,0.31506676666666666,14.684933233333334,77803.92,-4.930000000007567,DOWN,0.7597855320821629,0.5550663009274681,0.4449336990725319,PASS,0.5550663009274681,0.4449336990725319,UP,0.5550663009274681,0.47,0.48,0.52,0.53,0.48,0.07506630092746813,RAW,SMALL EDGE
2026-08-24T10:16:13.595693+00:00,KXBTC15M-26AUG240630-30,77808.85,1.2265948833333333,13.773405116666668,77777.61,-31.24000000000524,DOWN,0.7409188062121651,0.5353828868809992,0.4646171131190008,PASS,0.5353828868809992,0.4646171131190008,UP,0.5353828868809992,0.36,0.37,0.63,0.64,0.37,0.16538288688099922,RAW,ATTRACTIVE <=50c
2026-08-24T10:17:08.364951+00:00,KXBTC15M-26AUG240630-30,77808.85,2.13941585,12.86058415,77777.62,-31.230000000010477,DOWN,0.7361296116673769,0.5303663135381079,0.4696336864618921,PASS,0.5303663135381079,0.4696336864618921,UP,0.5303663135381079,0.41,0.42,0.58,0.59,0.42,0.11036631353810794,RAW,POSITIVE EDGE
2026-08-24T10:18:04.050380+00:00,KXBTC15M-26AUG240630-30,77808.85,3.0675063333333332,11.932493666666666,77813.97,5.119999999995343,UP,0.6976561934817737,0.4899297361658072,0.5100702638341927,PASS,0.5100702638341927,0.4899297361658072,UP,0.5100702638341927,0.43,0.44,0.56,0.57,0.44,0.07007026383419274,RAW,SMALL EDGE
2026-08-24T10:18:59.589215+00:00,KXBTC15M-26AUG240630-30,77808.85,3.993153583333333,11.006846416666667,77870.31,61.45999999999185,UP,0.3635246818654735,0.1905627372062205,0.8094372627937795,PASS,0.8094372627937795,0.1905627372062205,UP,0.8094372627937795,0.59,0.6,0.4,0.41,0.6,0.2094372627937795,STRONG,LARGE EDGE / PRICE ABOVE 50c
2026-08-24T10:19:57.118982+00:00,KXBTC15M-26AUG240630-30,77808.85,4.951983033333334,10.048016966666667,77907.48,98.6299999999901,UP,0.3913470587541855,0.2092789142196002,0.7907210857803998,PASS,0.7907210857803998,0.2092789142196002,UP,0.7907210857803998,0.74,0.75,0.25,0.26,0.75,0.04072108578039979,LEAN,SMALL EDGE
2026-08-24T10:20:50.658026+00:00,KXBTC15M-26AUG240630-30,77808.85,5.844300433333333,9.155699566666668,77858.56,49.70999999999185,UP,0.4164379048851711,0.22728743448379993,0.7727125655162,PASS,0.7727125655162,0.22728743448379993,UP,0.7727125655162,0.82,0.83,0.17,0.18,0.83,-0.057287434483799915,LEAN,NO VALUE
2026-08-24T10:21:44.313010+00:00,KXBTC15M-26AUG240630-30,77808.85,6.738550166666667,8.261449833333334,77832.09,23.239999999990687,UP,0.5483071528825192,0.33877281031021705,0.661227189689783,PASS,0.661227189689783,0.33877281031021705,UP,0.661227189689783,0.35,0.36,0.64,0.65,0.36,0.301227189689783,RAW,IDEAL <=50c / LARGE EDGE
2026-08-24T10:22:37.401109+00:00,KXBTC15M-26AUG240630-30,77808.85,7.623351816666667,7.376648183333333,77793.97,-14.880000000004657,DOWN,0.6852064973972907,0.4768474353639216,0.5231525646360784,PASS,0.4768474353639216,0.5231525646360784,DOWN,0.5231525646360784,0.43,0.44,0.56,0.57,0.57,-0.04684743536392155,RAW,NO VALUE
2026-08-24T10:23:30.455949+00:00,KXBTC15M-26AUG240630-30,77808.85,8.507599149999999,6.49240085,77816.88,8.029999999998836,UP,0.5299545304318773,0.3216939114231173,0.6783060885768827,PASS,0.6783060885768827,0.3216939114231173,UP,0.6783060885768827,0.32,0.33,0.67,0.68,0.33,0.34830608857688267,RAW,IDEAL <=50c / LARGE EDGE
2026-08-24T10:24:24.070844+00:00,KXBTC15M-26AUG240630-30,77808.85,9.401180733333332,5.598819266666666,77852.64,43.7899999999936,UP,0.38859751562258654,0.2073706610560404,0.7926293389439596,PASS,0.7926293389439596,0.2073706610560404,UP,0.7926293389439596,0.61,0.62,0.38,0.39,0.62,0.1726293389439596,LEAN,POSITIVE EDGE
2026-08-24T10:25:17.459534+00:00,KXBTC15M-26AUG240630-30,77808.85,10.290992233333332,4.709007766666667,77856.41,47.55999999999767,UP,0.2558300134385565,0.13015921505872963,0.8698407849412704,PASS,0.8698407849412704,0.13015921505872963,UP,0.8698407849412704,0.7,0.71,0.29,0.3,0.71,0.1598407849412704,STRONG,POSITIVE EDGE
2026-08-24T10:26:10.446852+00:00,KXBTC15M-26AUG240630-30,77808.85,11.1741142,3.8258858,77880.6,71.75,UP,0.09178985921719417,0.06979417938106337,0.9302058206189366,PASS,0.9302058206189366,0.06979417938106337,UP,0.9302058206189366,0.46,0.47,0.53,0.54,0.47,0.46020582061893667,LOCK,IDEAL <=50c / LARGE EDGE
2026-08-24T10:27:03.846810+00:00,KXBTC15M-26AUG240630-30,77808.85,12.0641135,2.9358865,77902.65,93.79999999998836,UP,0.06696602713314698,0.06330950998275603,0.9366904900172439,PASS,0.9366904900172439,0.06330950998275603,UP,0.9366904900172439,0.942,0.944,0.056,0.058,0.944,-0.007309509982756035,LOCK,NO VALUE
2026-08-24T10:27:57.066060+00:00,KXBTC15M-26AUG240630-30,77808.85,12.951101,2.048899,77881.47,72.61999999999534,UP,0.07229029195268459,0.06465124390523985,0.9353487560947602,PASS,0.9353487560947602,0.06465124390523985,UP,0.9353487560947602,0.979,0.98,0.02,0.021,0.98,-0.04465124390523978,LOCK,NO VALUE
2026-08-24T10:28:50.056845+00:00,KXBTC15M-26AUG240630-30,77808.85,13.83428075,1.16571925,77911.47,102.61999999999534,UP,0.04936351918735328,0.05905635320175535,0.9409436467982446,PASS,0.9409436467982446,0.05905635320175535,UP,0.9409436467982446,0.983,0.984,0.016,0.017,0.984,-0.04305635320175538,LOCK,NO VALUE
2026-08-24T10:29:43.008375+00:00,KXBTC15M-26AUG240630-30,77808.85,14.71680625,0.28319374999999997,77835.73,26.879999999990105,UP,0.2445418098447822,0.12487493752504321,0.8751250624749568,PASS,0.8751250624749568,0.12487493752504321,UP,0.8751250624749568,0.997,0.998,0.002,0.003,0.998,-0.12287493752504319,STRONG,NO VALUE
2026-08-24T10:30:36.279924+00:00,KXBTC15M-26AUG240645-45,77846.65,0.6046654,14.3953346,77867.55,20.90000000000873,UP,0.6362890842329149,0.42591743166788465,0.5740825683321154,PASS,0.5740825683321154,0.42591743166788465,UP,0.5740825683321154,0.51,0.52,0.48,0.49,0.52,0.05408256833211533,RAW,SMALL EDGE
2026-08-24T10:31:30.713271+00:00,KXBTC15M-26AUG240645-45,77846.65,1.5118878500000001,13.488112150000001,77908.07,61.420000000012806,UP,0.5849973046128784,0.37416951927077585,0.6258304807292241,PASS,0.6258304807292241,0.37416951927077585,UP,0.6258304807292241,0.67,0.68,0.32,0.33,0.68,-0.054169519270775957,RAW,NO VALUE
2026-08-24T10:32:24.465548+00:00,KXBTC15M-26AUG240645-45,77846.65,2.4077591333333337,12.592240866666666,77940.25,93.60000000000582,UP,0.551020926487531,0.3413356320807191,0.658664367919281,PASS,0.658664367919281,0.3413356320807191,UP,0.658664367919281,0.73,0.74,0.26,0.27,0.74,-0.08133563208071903,RAW,NO VALUE
2026-08-24T10:33:18.117135+00:00,KXBTC15M-26AUG240645-45,77846.65,3.30195225,11.69804775,77988.86,142.2100000000064,UP,0.29834158188740617,0.1517865266876359,0.8482134733123641,PASS,0.8482134733123641,0.1517865266876359,UP,0.8482134733123641,0.81,0.82,0.18,0.19,0.82,0.028213473312364123,STRONG,SMALL EDGE
2026-08-24T10:34:11.573156+00:00,KXBTC15M-26AUG240645-45,77846.65,4.192885933333334,10.807114066666665,77911.47,64.82000000000698,UP,0.6055002861178036,0.39458222268010046,0.6054177773198995,PASS,0.6054177773198995,0.39458222268010046,UP,0.6054177773198995,0.65,0.66,0.34,0.35,0.66,-0.05458222268010049,RAW,NO VALUE
2026-08-24T10:35:05.087668+00:00,KXBTC15M-26AUG240645-45,77846.65,5.084794466666667,9.915205533333333,77955.58,108.93000000000757,UP,0.23043135272445842,0.11852917100266236,0.8814708289973376,PASS,0.8814708289973376,0.11852917100266236,UP,0.8814708289973376,0.76,0.77,0.23,0.24,0.77,0.11147082899733762,STRONG,POSITIVE EDGE
2026-08-24T10:35:58.549080+00:00,KXBTC15M-26AUG240645-45,77846.65,5.975818,9.024182,77933.53,86.88000000000466,UP,0.35255703004356387,0.18354511146272373,0.8164548885372762,PASS,0.8164548885372762,0.18354511146272373,UP,0.8164548885372762,0.72,0.73,0.27,0.28,0.73,0.08645488853727623,STRONG,SMALL EDGE
2026-08-24T10:36:52.136663+00:00,KXBTC15M-26AUG240645-45,77846.65,6.868944383333333,8.131055616666666,77915.9,69.25,UP,0.4970024792154806,0.2922120317561755,0.7077879682438245,PASS,0.7077879682438245,0.2922120317561755,UP,0.7077879682438245,0.73,0.74,0.26,0.27,0.74,-0.032212031756175485,LEAN,NO VALUE
2026-08-24T10:37:45.819671+00:00,KXBTC15M-26AUG240645-45,77846.65,7.763661183333334,7.236338816666666,77922.94,76.29000000000815,UP,0.3950136322532269,0.21184365172673436,0.7881563482732656,PASS,0.7881563482732656,0.21184365172673436,UP,0.7881563482732656,0.7,0.71,0.29,0.3,0.71,0.07815634827326567,LEAN,SMALL EDGE
2026-08-24T10:38:39.039437+00:00,KXBTC15M-26AUG240645-45,77846.65,8.650657283333334,6.3493427166666665,77902.02,55.370000000009895,UP,0.4749862668741578,0.2734254393419823,0.7265745606580176,PASS,0.7265745606580176,0.2734254393419823,UP,0.7265745606580176,0.77,0.78,0.22,0.23,0.78,-0.053425439341982406,LEAN,NO VALUE
2026-08-24T10:39:32.059010+00:00,KXBTC15M-26AUG240645-45,77846.65,9.534316833333332,5.4656831666666665,77836.25,-10.39999999999418,DOWN,0.5890979166314187,0.37821897750225586,0.6217810224977441,PASS,0.37821897750225586,0.6217810224977441,DOWN,0.6217810224977441,0.67,0.68,0.32,0.33,0.33,0.2917810224977441,RAW,IDEAL <=50c / LARGE EDGE
2026-08-24T10:40:25.052126+00:00,KXBTC15M-26AUG240645-45,77846.65,10.417535433333335,4.582464566666667,77808.84,-37.80999999999767,DOWN,0.5128069412563139,0.30615490144417007,0.69384509855583,PASS,0.30615490144417007,0.69384509855583,DOWN,0.69384509855583,0.46,0.47,0.53,0.54,0.54,0.15384509855582995,RAW,POSITIVE EDGE
2026-08-24T10:41:18.385208+00:00,KXBTC15M-26AUG240645-45,77846.65,11.306420133333335,3.6935798666666666,77770.82,-75.8299999999872,DOWN,0.26363284222471556,0.13392212194824007,0.86607787805176,PASS,0.13392212194824007,0.86607787805176,DOWN,0.86607787805176,0.12,0.13,0.87,0.88,0.88,-0.013922121948240052,STRONG,NO VALUE
2026-08-24T10:42:11.406116+00:00,KXBTC15M-26AUG240645-45,77846.65,12.190101933333333,2.809898066666667,77721.85,-124.79999999998836,DOWN,0.1470809785947159,0.0864965492803085,0.9135034507196915,PASS,0.0864965492803085,0.9135034507196915,DOWN,0.9135034507196915,0.041,0.042,0.958,0.959,0.959,-0.04549654928030844,LOCK,NO VALUE
2026-08-24T10:43:04.650229+00:00,KXBTC15M-26AUG240645-45,77846.65,13.077503816666667,1.9224961833333334,77722.52,-124.1299999999901,DOWN,0.07744795766396373,0.06597619379168353,0.9340238062083165,PASS,0.06597619379168353,0.9340238062083165,DOWN,0.9340238062083165,0.012,0.013,0.987,0.988,0.988,-0.0539761937916835,LOCK,NO VALUE
2026-08-24T10:43:58.337591+00:00,KXBTC15M-26AUG240645-45,77846.65,13.972293183333333,1.0277068166666665,77722.7,-123.94999999999709,DOWN,0.07771784555952212,0.06604621548362853,0.9339537845163715,PASS,0.06604621548362853,0.9339537845163715,DOWN,0.9339537845163715,0.02,0.021,0.979,0.98,0.98,-0.04604621548362853,LOCK,NO VALUE
2026-08-24T10:44:51.784158+00:00,KXBTC15M-26AUG240645-45,77846.65,14.863069300000001,0.13693070000000002,77711.76,-134.88999999999942,DOWN,0.021858031985537887,0.05294327205489022,0.9470567279451098,PASS,0.05294327205489022,0.9470567279451098,DOWN,0.9470567279451098,0.0,0.001,0.999,1.0,1.0,-0.052943272054890245,LOCK,NO VALUE
2026-08-24T10:45:45.480765+00:00,KXBTC15M-26AUG240700-00,77710.37,0.75801275,14.24198725,77801.22,90.85000000000582,UP,0.5616006982684474,0.35141465592376897,0.648585344076231,PASS,0.648585344076231,0.35141465592376897,UP,0.648585344076231,0.71,0.72,0.28,0.29,0.72,-0.07141465592376894,RAW,NO VALUE
2026-08-24T10:46:38.922236+00:00,KXBTC15M-26AUG240700-00,77710.37,1.6487039333333333,13.351296066666666,77796.81,86.44000000000233,UP,0.5367856008805381,0.32799838623726335,0.6720016137627367,PASS,0.6720016137627367,0.32799838623726335,UP,0.6720016137627367,0.68,0.69,0.31,0.32,0.69,-0.017998386237263242,RAW,NO VALUE
2026-08-24T10:47:32.608987+00:00,KXBTC15M-26AUG240700-00,77710.37,2.5434831166666667,12.456516883333334,77777.81,67.44000000000233,UP,0.5280426719400995,0.3199408816032049,0.6800591183967951,PASS,0.6800591183967951,0.3199408816032049,UP,0.6800591183967951,0.69,0.7,0.3,0.31,0.7,-0.01994088160320484,RAW,NO VALUE
2026-08-24T10:48:26.174571+00:00,KXBTC15M-26AUG240700-00,77710.37,3.4362428499999997,11.563757149999999,77808.67,98.30000000000291,UP,0.5264064887561115,0.31844465133183175,0.6815553486681682,PASS,0.6815553486681682,0.31844465133183175,UP,0.6815553486681682,0.77,0.78,0.22,0.23,0.78,-0.09844465133183178,RAW,NO VALUE
2026-08-24T10:49:19.401246+00:00,KXBTC15M-26AUG240700-00,77710.37,4.3233541,10.6766459,77789.44,79.07000000000698,UP,0.5444315496167889,0.3351291456033212,0.6648708543966788,PASS,0.6648708543966788,0.3351291456033212,UP,0.6648708543966788,0.73,0.74,0.26,0.27,0.74,-0.07512914560332118,RAW,NO VALUE
2026-08-24T10:50:13.082263+00:00,KXBTC15M-26AUG240700-00,77710.37,5.218037716666667,9.781962283333334,77787.99,77.6200000000099,UP,0.3589167335022098,0.18758965398014743,0.8124103460198526,PASS,0.8124103460198526,0.18758965398014743,UP,0.8124103460198526,0.74,0.75,0.25,0.26,0.75,0.062410346019852625,STRONG,SMALL EDGE
2026-08-24T10:51:06.051724+00:00,KXBTC15M-26AUG240700-00,77710.37,6.100862066666666,8.899137933333332,77693.96,-16.40999999998894,DOWN,0.6242808166234679,0.4136103465154457,0.5863896534845543,PASS,0.4136103465154457,0.5863896534845543,DOWN,0.5863896534845543,0.61,0.62,0.38,0.39,0.39,0.19638965348455428,RAW,ATTRACTIVE <=50c
2026-08-24T10:51:59.121314+00:00,KXBTC15M-26AUG240700-00,77710.37,6.985355233333333,8.014644766666667,77629.87,-80.5,DOWN,0.4687796031245113,0.2682674528347719,0.7317325471652281,PASS,0.2682674528347719,0.7317325471652281,DOWN,0.7317325471652281,0.22,0.23,0.77,0.78,0.78,-0.04826745283477196,LEAN,NO VALUE
2026-08-24T10:52:52.669117+00:00,KXBTC15M-26AUG240700-00,77710.37,7.8778186166666675,7.1221813833333325,77611.59,-98.77999999999884,DOWN,0.46422381283265685,0.26452086767267824,0.7354791323273218,PASS,0.26452086767267824,0.7354791323273218,DOWN,0.7354791323273218,0.17,0.18,0.82,0.83,0.83,-0.0945208676726782,LEAN,NO VALUE
2026-08-24T10:53:46.321537+00:00,KXBTC15M-26AUG240700-00,77710.37,8.772025616666667,6.227974383333334,77616.01,-94.36000000000058,DOWN,0.4362671639551343,0.2422749330440381,0.7577250669559619,PASS,0.2422749330440381,0.7577250669559619,DOWN,0.7577250669559619,0.14,0.15,0.85,0.86,0.86,-0.10227493304403812,LEAN,NO VALUE
2026-08-24T10:54:40.045938+00:00,KXBTC15M-26AUG240700-00,77710.37,9.6674323,5.3325677,77603.74,-106.6299999999901,DOWN,0.3037308494368356,0.15472947436947404,0.845270525630526,PASS,0.15472947436947404,0.845270525630526,DOWN,0.845270525630526,0.074,0.075,0.925,0.926,0.926,-0.08072947436947409,STRONG,NO VALUE
2026-08-24T10:55:33.565390+00:00,KXBTC15M-26AUG240700-00,77710.37,10.559423166666667,4.440576833333334,77614.13,-96.23999999999069,DOWN,0.09876062610762047,0.07172282617401861,0.9282771738259814,PASS,0.07172282617401861,0.9282771738259814,DOWN,0.9282771738259814,0.064,0.065,0.935,0.936,0.936,-0.007722826174018649,LOCK,NO VALUE
2026-08-24T10:56:27.262733+00:00,KXBTC15M-26AUG240700-00,77710.37,11.454378883333334,3.5456211166666667,77556.11,-154.25999999999476,DOWN,0.04296022168118986,0.05757667205842061,0.9424233279415793,PASS,0.05757667205842061,0.9424233279415793,DOWN,0.9424233279415793,0.013,0.014,0.986,0.987,0.987,-0.04457667205842064,LOCK,NO VALUE
2026-08-24T10:57:20.536566+00:00,KXBTC15M-26AUG240700-00,77710.37,12.3422761,2.6577239,77551.01,-159.36000000000058,DOWN,0.05014274321430544,0.05923883119187777,0.9407611688081222,PASS,0.05923883119187777,0.9407611688081222,DOWN,0.9407611688081222,0.011,0.012,0.988,0.989,0.989,-0.04823883119187777,LOCK,NO VALUE
2026-08-24T10:58:13.859290+00:00,KXBTC15M-26AUG240700-00,77710.37,13.230988166666666,1.7690118333333333,77571.88,-138.4899999999907,DOWN,0.01605322765591347,0.05173176506150313,0.9482682349384969,PASS,0.05173176506150313,0.9482682349384969,DOWN,0.9482682349384969,0.008,0.009,0.991,0.992,0.992,-0.043731765061503114,LOCK,NO VALUE
2026-08-24T10:59:07.109287+00:00,KXBTC15M-26AUG240700-00,77710.37,14.118488116666667,0.8815118833333333,77571.88,-138.4899999999907,DOWN,0.013652345417934286,0.05123838326186315,0.9487616167381369,PASS,0.05123838326186315,0.9487616167381369,DOWN,0.9487616167381369,0.001,0.002,0.998,0.999,0.999,-0.05023838326186314,LOCK,NO VALUE
2026-08-24T11:00:32.371562+00:00,KXBTC15M-26AUG240715-15,77601.57,0.5395260333333333,14.460473966666665,77577.25,-24.320000000006985,DOWN,0.7247320751644777,0.5184048122053563,0.4815951877946437,PASS,0.5184048122053563,0.4815951877946437,UP,0.5184048122053563,0.52,0.53,0.47,0.48,0.53,-0.011595187794643746,RAW,NO VALUE
2026-08-24T11:01:25.853208+00:00,KXBTC15M-26AUG240715-15,77601.57,1.4308868,13.5691132,77498.34,-103.23000000001048,DOWN,0.5447165168678392,0.33539639711820846,0.6646036028817915,PASS,0.33539639711820846,0.6646036028817915,DOWN,0.6646036028817915,0.32,0.33,0.67,0.68,0.68,-0.015396397118208505,RAW,NO VALUE
2026-08-24T11:02:20.026769+00:00,KXBTC15M-26AUG240715-15,77601.57,2.333779483333333,12.666220516666668,77516.6,-84.97000000000116,DOWN,0.6556786284087653,0.4459782250292113,0.5540217749707887,PASS,0.4459782250292113,0.5540217749707887,DOWN,0.5540217749707887,0.27,0.28,0.72,0.73,0.73,-0.17597822502921123,RAW,NO VALUE
2026-08-24T11:03:13.725402+00:00,KXBTC15M-26AUG240715-15,77601.57,3.2287567,11.7712433,77511.71,-89.86000000000058,DOWN,0.6600198972858888,0.4504964079521421,0.5495035920478579,PASS,0.4504964079521421,0.5495035920478579,DOWN,0.5495035920478579,0.26,0.27,0.73,0.74,0.74,-0.19049640795214207,RAW,NO VALUE
2026-08-24T11:04:06.926505+00:00,KXBTC15M-26AUG240715-15,77601.57,4.11544175,10.88455825,77513.6,-87.97000000000116,DOWN,0.6260906647881731,0.4154587359603467,0.5845412640396532,PASS,0.4154587359603467,0.5845412640396532,DOWN,0.5845412640396532,0.21,0.22,0.78,0.79,0.79,-0.2054587359603468,RAW,NO VALUE
2026-08-24T11:04:59.894256+00:00,KXBTC15M-26AUG240715-15,77601.57,4.9982375999999995,10.001762399999999,77566.36,-35.2100000000064,DOWN,0.6455806626568588,0.43550444907374414,0.5644955509262559,PASS,0.43550444907374414,0.5644955509262559,DOWN,0.5644955509262559,0.29,0.3,0.7,0.71,0.71,-0.14550444907374405,RAW,NO VALUE
2026-08-24T11:05:53.820539+00:00,KXBTC15M-26AUG240715-15,77601.57,5.8970089833333335,9.102991016666666,77545.02,-56.55000000000291,DOWN,0.6114601869754803,0.40058909704032525,0.5994109029596748,PASS,0.40058909704032525,0.5994109029596748,DOWN,0.5994109029596748,0.4,0.41,0.59,0.6,0.6,-0.0005890970403251705,RAW,NO VALUE
2026-08-24T11:06:47.417203+00:00,KXBTC15M-26AUG240715-15,77601.57,6.7902867166666665,8.209713283333334,77588.61,-12.960000000006403,DOWN,0.745742843897726,0.5404287277467832,0.4595712722532168,PASS,0.5404287277467832,0.4595712722532168,UP,0.5404287277467832,0.44,0.45,0.55,0.56,0.45,0.09042872774678318,RAW,SMALL EDGE
2026-08-24T11:07:40.830406+00:00,KXBTC15M-26AUG240715-15,77601.57,7.680506766666666,7.319493233333334,77592.77,-8.80000000000291,DOWN,0.7599209084911726,0.5552069896943256,0.4447930103056744,PASS,0.5552069896943256,0.4447930103056744,UP,0.5552069896943256,0.41,0.42,0.58,0.59,0.42,0.1352069896943256,RAW,POSITIVE EDGE
2026-08-24T11:08:35.022230+00:00,KXBTC15M-26AUG240715-15,77601.57,8.583703833333335,6.416296166666667,77664.16,62.58999999999651,UP,0.4064592509291842,0.21999710647751103,0.780002893522489,PASS,0.780002893522489,0.21999710647751103,UP,0.780002893522489,0.74,0.75,0.25,0.26,0.75,0.03000289352248897,LEAN,SMALL EDGE
2026-08-24T11:09:28.925628+00:00,KXBTC15M-26AUG240715-15,77601.57,9.4820938,5.5179062,77616.56,14.989999999990687,UP,0.4048106581733941,0.21880895467739228,0.7811910453226077,PASS,0.7811910453226077,0.21880895467739228,UP,0.7811910453226077,0.55,0.56,0.44,0.45,0.56,0.2211910453226077,LEAN,LARGE EDGE / PRICE ABOVE 50c
2026-08-24T11:10:22.463167+00:00,KXBTC15M-26AUG240715-15,77601.57,10.374386116666667,4.625613883333333,77750.61,149.0399999999936,UP,0.12542667863796375,0.07956245040171955,0.9204375495982804,PASS,0.9204375495982804,0.07956245040171955,UP,0.9204375495982804,0.8,0.81,0.19,0.2,0.81,0.11043754959828034,LOCK,POSITIVE EDGE
2026-08-24T11:11:15.617885+00:00,KXBTC15M-26AUG240715-15,77601.57,11.260298083333334,3.7397019166666667,77735.55,133.97999999999593,UP,0.06415131496208196,0.06261072538137417,0.9373892746186259,PASS,0.9373892746186259,0.06261072538137417,UP,0.9373892746186259,0.962,0.963,0.037,0.038,0.963,-0.0256107253813741,LOCK,NO VALUE
2026-08-24T11:12:09.125226+00:00,KXBTC15M-26AUG240715-15,77601.57,12.1520871,2.8479129,77757.36,155.7899999999936,UP,0.033005912578778156,0.055345380664328064,0.944654619335672,PASS,0.944654619335672,0.055345380664328064,UP,0.944654619335672,0.956,0.957,0.043,0.044,0.957,-0.012345380664327998,LOCK,NO VALUE
2026-08-24T11:13:02.601864+00:00,KXBTC15M-26AUG240715-15,77601.57,13.0433644,1.9566355999999998,77745.08,143.50999999999476,UP,0.0416495525932013,0.05727812280558889,0.9427218771944111,PASS,0.9427218771944111,0.05727812280558889,UP,0.9427218771944111,0.994,0.995,0.005,0.006,0.995,-0.052278122805588856,LOCK,NO VALUE
2026-08-24T11:13:56.237610+00:00,KXBTC15M-26AUG240715-15,77601.57,13.937293500000001,1.0627065,77797.81,196.2399999999907,UP,0.010557360324869454,0.05060892933598392,0.9493910706640161,PASS,0.9493910706640161,0.05060892933598392,UP,0.9493910706640161,0.994,0.995,0.005,0.006,0.995,-0.04560892933598393,LOCK,NO VALUE
2026-08-24T11:14:49.684243+00:00,KXBTC15M-26AUG240715-15,77601.57,14.828070716666668,0.17192928333333332,77834.03,232.45999999999185,UP,0.0076906819320251354,0.0500324444745152,0.9499675555254848,PASS,0.9499675555254848,0.0500324444745152,UP,0.9499675555254848,0.999,1.0,0.0,0.001,1.0,-0.05003244447451516,LOCK,NO VALUE
2026-08-24T11:16:15.796206+00:00,KXBTC15M-26AUG240730-30,77820.87,1.2632701,13.7367299,77768.89,-51.979999999995925,DOWN,0.7108378928952699,0.5037959017016735,0.49620409829832646,PASS,0.5037959017016735,0.49620409829832646,UP,0.5037959017016735,0.38,0.39,0.61,0.62,0.39,0.11379590170167353,RAW,POSITIVE EDGE
2026-08-24T11:17:10.369269+00:00,KXBTC15M-26AUG240730-30,77820.87,2.17282115,12.82717885,77787.93,-32.94000000000233,DOWN,0.7102462573090125,0.503173511061658,0.496826488938342,PASS,0.503173511061658,0.496826488938342,UP,0.503173511061658,0.27,0.28,0.72,0.73,0.28,0.22317351106165795,RAW,IDEAL <=50c / LARGE EDGE
2026-08-24T11:18:04.203425+00:00,KXBTC15M-26AUG240730-30,77820.87,3.0700570833333334,11.929942916666667,77822.32,1.4500000000116415,UP,0.665807305966136,0.45653225666613756,0.5434677433338624,PASS,0.5434677433338624,0.45653225666613756,UP,0.5434677433338624,0.38,0.39,0.61,0.62,0.39,0.15346774333386237,RAW,ATTRACTIVE <=50c
2026-08-24T11:18:57.606795+00:00,KXBTC15M-26AUG240730-30,77820.87,3.96011325,11.039886749999999,77813.28,-7.5899999999965075,DOWN,0.7870919966203271,0.5832359631018268,0.4167640368981732,PASS,0.5832359631018268,0.4167640368981732,UP,0.5832359631018268,0.41,0.42,0.58,0.59,0.42,0.1632359631018268,RAW,ATTRACTIVE <=50c
2026-08-24T11:19:50.762793+00:00,KXBTC15M-26AUG240730-30,77820.87,4.84604655,10.15395345,77856.37,35.5,UP,0.3771564703512008,0.19956850965143866,0.8004314903485613,PASS,0.8004314903485613,0.19956850965143866,UP,0.8004314903485613,0.52,0.53,0.47,0.48,0.53,0.2704314903485613,STRONG,LARGE EDGE / PRICE ABOVE 50c
2026-08-24T11:20:44.280992+00:00,KXBTC15M-26AUG240730-30,77820.87,5.738016533333334,9.261983466666667,77841.89,21.020000000004075,UP,0.48691467679265643,0.2835102320271402,0.7164897679728598,PASS,0.7164897679728598,0.2835102320271402,UP,0.7164897679728598,0.61,0.62,0.38,0.39,0.62,0.0964897679728598,LEAN,SMALL EDGE
2026-08-24T11:21:37.992031+00:00,KXBTC15M-26AUG240730-30,77820.87,6.633200516666666,8.366799483333333,77839.64,18.770000000004075,UP,0.43955492562296733,0.24482384455284725,0.7551761554471528,PASS,0.7551761554471528,0.24482384455284725,UP,0.7551761554471528,0.57,0.58,0.42,0.43,0.58,0.17517615544715281,LEAN,POSITIVE EDGE
2026-08-24T11:22:31.234749+00:00,KXBTC15M-26AUG240730-30,77820.87,7.5205791500000005,7.4794208499999995,77860.0,39.13000000000466,UP,0.21290583962145826,0.11103794361098031,0.8889620563890197,PASS,0.8889620563890197,0.11103794361098031,UP,0.8889620563890197,0.6,0.61,0.39,0.4,0.61,0.2789620563890197,STRONG,LARGE EDGE / PRICE ABOVE 50c
2026-08-24T11:23:24.491071+00:00,KXBTC15M-26AUG240730-30,77820.87,8.408184516666667,6.591815483333334,77787.92,-32.94999999999709,DOWN,0.6243193270351315,0.4136496518810636,0.5863503481189364,PASS,0.4136496518810636,0.5863503481189364,DOWN,0.5863503481189364,0.26,0.27,0.73,0.74,0.74,-0.1536496518810636,RAW,NO VALUE
2026-08-24T11:24:17.758141+00:00,KXBTC15M-26AUG240730-30,77820.87,9.295969016666668,5.704030983333333,77806.72,-14.14999999999418,DOWN,0.7068284252428952,0.4995778770782092,0.5004221229217908,PASS,0.4995778770782092,0.5004221229217908,DOWN,0.5004221229217908,0.36,0.37,0.63,0.64,0.64,-0.13957787707820923,RAW,NO VALUE
2026-08-24T11:25:10.997894+00:00,KXBTC15M-26AUG240730-30,77820.87,10.183298233333334,4.816701766666667,77851.4,30.529999999998836,UP,0.42765665579079315,0.23568539558277388,0.7643146044172261,PASS,0.7643146044172261,0.23568539558277388,UP,0.7643146044172261,0.59,0.6,0.4,0.41,0.6,0.16431460441722612,LEAN,POSITIVE EDGE
2026-08-24T11:26:03.992833+00:00,KXBTC15M-26AUG240730-30,77820.87,11.066547216666667,3.9334527833333337,77802.21,-18.65999999998894,DOWN,0.6390836489140109,0.4287953426920094,0.5712046573079905,PASS,0.4287953426920094,0.5712046573079905,DOWN,0.5712046573079905,0.41,0.42,0.58,0.59,0.59,-0.018795342692009442,RAW,NO VALUE
2026-08-24T11:26:57.517694+00:00,KXBTC15M-26AUG240730-30,77820.87,11.958628233333334,3.0413717666666664,77802.21,-18.65999999998894,DOWN,0.6197186973878884,0.4089619707309084,0.5910380292690915,PASS,0.4089619707309084,0.5910380292690915,DOWN,0.5910380292690915,0.44,0.45,0.55,0.56,0.56,0.031038029269091494,RAW,SMALL EDGE
2026-08-24T11:27:50.684272+00:00,KXBTC15M-26AUG240730-30,77820.87,12.844737866666666,2.1552621333333333,77804.43,-16.44000000000233,DOWN,0.6156216506809016,0.4048012620778509,0.5951987379221491,PASS,0.4048012620778509,0.5951987379221491,DOWN,0.5951987379221491,0.38,0.39,0.61,0.62,0.62,-0.02480126207785094,RAW,NO VALUE
2026-08-24T11:28:44.118676+00:00,KXBTC15M-26AUG240730-30,77820.87,13.735311266666667,1.2646887333333334,77845.63,24.760000000009313,UP,0.23854328754963616,0.12214241530435016,0.8778575846956498,PASS,0.8778575846956498,0.12214241530435016,UP,0.8778575846956498,0.83,0.84,0.16,0.17,0.84,0.037857584695649815,STRONG,SMALL EDGE
2026-08-24T11:29:37.365213+00:00,KXBTC15M-26AUG240730-30,77820.87,14.62275355,0.37724645,77852.79,31.919999999998254,UP,0.10323036260904912,0.07298525425781588,0.9270147457421841,PASS,0.9270147457421841,0.07298525425781588,UP,0.9270147457421841,0.95,0.951,0.049,0.05,0.951,-0.023985254257815836,LOCK,NO VALUE
2026-08-24T11:30:30.639512+00:00,KXBTC15M-26AUG240745-45,77840.98,0.5106585333333333,14.489341466666668,77826.0,-14.979999999995925,DOWN,0.7049193945360209,0.49756953026281636,0.5024304697371836,PASS,0.49756953026281636,0.5024304697371836,DOWN,0.5024304697371836,0.45,0.46,0.54,0.55,0.55,-0.047569530262816406,RAW,NO VALUE
2026-08-24T11:31:23.870395+00:00,KXBTC15M-26AUG240745-45,77840.98,1.3978399166666666,13.602160083333333,77934.87,93.88999999999942,UP,0.42558457119391585,0.2341182848037751,0.7658817151962249,PASS,0.7658817151962249,0.2341182848037751,UP,0.7658817151962249,0.44,0.45,0.55,0.56,0.45,0.31588171519622493,LEAN,IDEAL <=50c / LARGE EDGE
2026-08-24T11:32:17.584631+00:00,KXBTC15M-26AUG240745-45,77840.98,2.293077183333333,12.706922816666667,77983.5,142.52000000000407,UP,0.30590142042081014,0.15592787341716807,0.8440721265828319,PASS,0.8440721265828319,0.15592787341716807,UP,0.8440721265828319,0.76,0.77,0.23,0.24,0.77,0.07407212658283191,STRONG,SMALL EDGE
2026-08-24T11:33:11.016233+00:00,KXBTC15M-26AUG240745-45,77840.98,3.1836038833333333,11.816396116666665,78009.54,168.55999999999767,UP,0.21174197879688078,0.1105554204377426,0.8894445795622574,PASS,0.8894445795622574,0.1105554204377426,UP,0.8894445795622574,0.78,0.79,0.21,0.22,0.79,0.09944457956225738,STRONG,SMALL EDGE
2026-08-24T11:34:04.483165+00:00,KXBTC15M-26AUG240745-45,77840.98,4.0747194166666665,10.925280583333334,78024.58,183.60000000000582,UP,0.140132375911087,0.08421386328820238,0.9157861367117976,PASS,0.9157861367117976,0.08421386328820238,UP,0.9157861367117976,0.87,0.88,0.12,0.13,0.88,0.035786136711797645,EARLY 90%+ / NOT YET VALIDATED LOCK,SMALL EDGE
2026-08-24T11:34:58.346060+00:00,KXBTC15M-26AUG240745-45,77840.98,4.972434333333334,10.027565666666668,78036.9,195.91999999999825,UP,0.10521986373364249,0.07355372577025994,0.92644627422974,PASS,0.92644627422974,0.07355372577025994,UP,0.92644627422974,0.909,0.91,0.09,0.091,0.91,0.016446274229739988,EARLY 90%+ / NOT YET VALIDATED LOCK,SMALL EDGE
2026-08-24T11:35:52.248270+00:00,KXBTC15M-26AUG240745-45,77840.98,5.8708045,9.1291955,78302.01,461.02999999999884,UP,0.023465798263149446,0.05328353410415212,0.9467164658958479,PASS,0.9467164658958479,0.05328353410415212,UP,0.9467164658958479,0.964,0.965,0.035,0.036,0.965,-0.018283534104152066,EARLY 90%+ / NOT YET VALIDATED LOCK,NO VALUE
2026-08-24T11:36:45.516721+00:00,KXBTC15M-26AUG240745-45,77840.98,6.7586120166666666,8.241387983333333,78316.28,475.3000000000029,UP,0.019438918564585544,0.052435162715576765,0.9475648372844232,PASS,0.9475648372844232,0.052435162715576765,UP,0.9475648372844232,0.977,0.978,0.022,0.023,0.978,-0.03043516271557678,EARLY 90%+ / NOT YET VALIDATED LOCK,NO VALUE
2026-08-24T11:37:38.846865+00:00,KXBTC15M-26AUG240745-45,77840.98,7.6474477499999995,7.3525522500000005,78378.98,538.0,UP,0.01905362800169471,0.05235466293370879,0.9476453370662912,PASS,0.9476453370662912,0.05235466293370879,UP,0.9476453370662912,0.982,0.983,0.017,0.018,0.983,-0.035354662933708814,EARLY 90%+ / NOT YET VALIDATED LOCK,NO VALUE
2026-08-24T11:38:32.690255+00:00,KXBTC15M-26AUG240745-45,77840.98,8.544837583333333,6.455162416666667,78403.2,562.2200000000012,UP,0.014499530348665718,0.051411969608392206,0.9485880303916078,PASS,0.9485880303916078,0.051411969608392206,UP,0.9485880303916078,0.983,0.984,0.016,0.017,0.984,-0.03541196960839221,90%+ LOCK CANDIDATE,NO VALUE
2026-08-24T11:39:25.976354+00:00,KXBTC15M-26AUG240745-45,77840.98,9.432939233333334,5.567060766666667,78275.18,434.1999999999971,UP,0.01935748856638083,0.05241813959076513,0.9475818604092349,PASS,0.9475818604092349,0.05241813959076513,UP,0.9475818604092349,0.987,0.988,0.012,0.013,0.988,-0.04041813959076512,90%+ LOCK CANDIDATE,NO VALUE
2026-08-24T11:40:18.866264+00:00,KXBTC15M-26AUG240745-45,77840.98,10.314437733333333,4.6855622666666665,78281.4,440.41999999999825,UP,0.019276877131851947,0.05240129273102988,0.9475987072689701,PASS,0.9475987072689701,0.05240129273102988,UP,0.9475987072689701,0.99,0.991,0.009,0.01,0.991,-0.043401292731029883,LOCK,NO VALUE
2026-08-24T11:41:12.485066+00:00,KXBTC15M-26AUG240745-45,77840.98,11.208084433333333,3.791915566666667,78408.32,567.3400000000111,UP,0.014885124881879794,0.05149116115009279,0.9485088388499072,PASS,0.9485088388499072,0.05149116115009279,UP,0.9485088388499072,0.996,0.997,0.003,0.004,0.997,-0.048491161150092776,LOCK,NO VALUE
2026-08-24T11:42:05.881117+00:00,KXBTC15M-26AUG240745-45,77840.98,12.098018616666668,2.9019813833333337,78540.26,699.2799999999988,UP,0.0027649281031957374,0.049056386100172746,0.9509436138998273,PASS,0.9509436138998273,0.049056386100172746,UP,0.9509436138998273,0.998,0.999,0.001,0.002,0.999,-0.04805638610017271,LOCK,NO VALUE
2026-08-24T11:42:59.293699+00:00,KXBTC15M-26AUG240745-45,77840.98,12.988228316666666,2.0117716833333334,78487.65,646.6699999999983,UP,0.007104598049421639,0.049915352194347826,0.9500846478056522,PASS,0.9500846478056522,0.049915352194347826,UP,0.9500846478056522,0.997,0.998,0.002,0.003,0.998,-0.04791535219434784,LOCK,NO VALUE
2026-08-24T11:43:52.613376+00:00,KXBTC15M-26AUG240745-45,77840.98,13.8768896,1.1231104,78473.84,632.8600000000006,UP,0.0027354635931110725,0.04905060227487449,0.9509493977251255,PASS,0.9509493977251255,0.04905060227487449,UP,0.9509493977251255,0.998,0.999,0.001,0.002,0.999,-0.048050602274874454,LOCK,NO VALUE
2026-08-24T11:44:45.741120+00:00,KXBTC15M-26AUG240745-45,77840.98,14.762352,0.237648,78485.3,644.320000000007,UP,0.009125007594138944,0.05032010347532038,0.9496798965246797,PASS,0.9496798965246797,0.05032010347532038,UP,0.9496798965246797,0.999,1.0,0.0,0.001,1.0,-0.050320103475320344,LOCK,NO VALUE
2026-08-24T11:45:39.486918+00:00,KXBTC15M-26AUG240800-00,78484.18,0.6581153000000001,14.341884700000001,78535.25,51.070000000006985,UP,0.7090526066511806,0.5019177827915854,0.4980822172084146,PASS,0.4980822172084146,0.5019177827915854,DOWN,0.5019177827915854,0.66,0.67,0.33,0.34,0.34,0.16191778279158536,RAW,ATTRACTIVE <=50c
2026-08-24T11:46:33.207823+00:00,KXBTC15M-26AUG240800-00,78484.18,1.5534637166666667,13.446536283333334,78344.76,-139.41999999999825,DOWN,0.45094377862207435,0.25379258995848125,0.7462074100415188,PASS,0.25379258995848125,0.7462074100415188,DOWN,0.7462074100415188,0.26,0.27,0.73,0.74,0.74,0.006207410041518813,LEAN,SMALL EDGE
2026-08-24T11:47:26.581427+00:00,KXBTC15M-26AUG240800-00,78484.18,2.443023783333333,12.556976216666667,78312.43,-171.75,DOWN,0.4322941928919246,0.23921897011824206,0.7607810298817579,PASS,0.23921897011824206,0.7607810298817579,DOWN,0.7607810298817579,0.3,0.31,0.69,0.7,0.7,0.06078102988175793,LEAN,SMALL EDGE
2026-08-24T11:48:20.539255+00:00,KXBTC15M-26AUG240800-00,78484.18,3.3423209166666665,11.657679083333333,78281.04,-203.13999999999942,DOWN,0.29486773881862943,0.14991400996809243,0.8500859900319075,PASS,0.14991400996809243,0.8500859900319075,DOWN,0.8500859900319075,0.19,0.2,0.8,0.81,0.81,0.04008599003190749,STRONG,SMALL EDGE
2026-08-24T11:49:13.720752+00:00,KXBTC15M-26AUG240800-00,78484.18,4.2286792,10.771320800000002,78206.8,-277.3799999999901,DOWN,0.12294119512051926,0.07879985580626145,0.9212001441937385,PASS,0.07879985580626145,0.9212001441937385,DOWN,0.9212001441937385,0.09,0.091,0.909,0.91,0.91,0.011200144193738493,EARLY 90%+ / NOT YET VALIDATED LOCK,SMALL EDGE
2026-08-24T11:50:07.153491+00:00,KXBTC15M-26AUG240800-00,78484.18,5.119224849999999,9.88077515,78181.9,-302.27999999999884,DOWN,0.07103133786673484,0.06433161302233951,0.9356683869776605,PASS,0.06433161302233951,0.9356683869776605,DOWN,0.9356683869776605,0.079,0.08,0.92,0.921,0.921,0.014668386977660486,EARLY 90%+ / NOT YET VALIDATED LOCK,SMALL EDGE
2026-08-24T11:51:00.338698+00:00,KXBTC15M-26AUG240800-00,78484.18,6.005644966666667,8.994355033333333,78120.39,-363.7899999999936,DOWN,0.058686712614585045,0.061274585651934874,0.9387254143480651,PASS,0.061274585651934874,0.9387254143480651,DOWN,0.9387254143480651,0.043,0.044,0.956,0.957,0.957,-0.01827458565193485,EARLY 90%+ / NOT YET VALIDATED LOCK,NO VALUE
2026-08-24T11:51:53.829696+00:00,KXBTC15M-26AUG240800-00,78484.18,6.8971616000000004,8.1028384,78148.35,-335.8299999999872,DOWN,0.06237830847674457,0.06217425781616431,0.9378257421838356,PASS,0.06217425781616431,0.9378257421838356,DOWN,0.9378257421838356,0.023,0.024,0.976,0.977,0.977,-0.03917425781616435,EARLY 90%+ / NOT YET VALIDATED LOCK,NO VALUE
2026-08-24T11:52:47.259084+00:00,KXBTC15M-26AUG240800-00,78484.18,7.7876514,7.2123486,78163.96,-320.2199999999866,DOWN,0.04745413577470078,0.05861144030434541,0.9413885596956546,PASS,0.05861144030434541,0.9413885596956546,DOWN,0.9413885596956546,0.029,0.03,0.97,0.971,0.971,-0.02961144030434537,EARLY 90%+ / NOT YET VALIDATED LOCK,NO VALUE
2026-08-24T11:53:41.140718+00:00,KXBTC15M-26AUG240800-00,78484.18,8.685678633333334,6.314321366666666,78157.54,-326.6399999999994,DOWN,0.07710375551924022,0.0658869915707292,0.9341130084292708,PASS,0.0658869915707292,0.9341130084292708,DOWN,0.9341130084292708,0.026,0.028,0.972,0.974,0.974,-0.03988699157072917,90%+ LOCK CANDIDATE,NO VALUE
2026-08-24T11:54:34.451900+00:00,KXBTC15M-26AUG240800-00,78484.18,9.574198333333333,5.425801666666667,78135.41,-348.7699999999895,DOWN,0.04292800231589998,0.05756931552142501,0.942430684478575,PASS,0.05756931552142501,0.942430684478575,DOWN,0.942430684478575,0.014,0.015,0.985,0.986,0.986,-0.043569315521424956,90%+ LOCK CANDIDATE,NO VALUE
2026-08-24T11:55:27.671358+00:00,KXBTC15M-26AUG240800-00,78484.18,10.461189300000001,4.5388107,78158.37,-325.8099999999977,DOWN,0.07754384185841526,0.06600106278415553,0.9339989372158445,PASS,0.06600106278415553,0.9339989372158445,DOWN,0.9339989372158445,0.008,0.009,0.991,0.992,0.992,-0.05800106278415551,LOCK,NO VALUE
2026-08-24T11:56:20.736915+00:00,KXBTC15M-26AUG240800-00,78484.18,11.34561525,3.6543847499999997,78147.67,-336.50999999999476,DOWN,0.07921661203285248,0.06643632453747288,0.9335636754625272,PASS,0.06643632453747288,0.9335636754625272,DOWN,0.9335636754625272,0.007,0.008,0.992,0.993,0.993,-0.05943632453747283,LOCK,NO VALUE
2026-08-24T11:57:14.382221+00:00,KXBTC15M-26AUG240800-00,78484.18,12.239703683333333,2.760296316666667,78151.87,-332.3099999999977,DOWN,0.048878457156219406,0.05894302798386303,0.941056972016137,PASS,0.05894302798386303,0.941056972016137,DOWN,0.941056972016137,0.001,0.002,0.998,0.999,0.999,-0.05794302798386297,LOCK,NO VALUE
2026-08-24T11:58:07.526699+00:00,KXBTC15M-26AUG240800-00,78484.18,13.125444983333333,1.8745550166666667,78186.32,-297.85999999998603,DOWN,0.02641466664839095,0.05391299219013176,0.9460870078098682,PASS,0.05391299219013176,0.9460870078098682,DOWN,0.9460870078098682,0.001,0.002,0.998,0.999,0.999,-0.05291299219013179,LOCK,NO VALUE
2026-08-24T11:59:00.724428+00:00,KXBTC15M-26AUG240800-00,78484.18,14.0120738,0.9879262,78293.2,-190.97999999999593,DOWN,0.04294387197998232,0.057572938877011495,0.9424270611229885,PASS,0.057572938877011495,0.9424270611229885,DOWN,0.9424270611229885,0.0,0.001,0.999,1.0,1.0,-0.05757293887701154,LOCK,NO VALUE
2026-08-24T11:59:53.883491+00:00,KXBTC15M-26AUG240800-00,78484.18,14.898058183333335,0.10194181666666666,78422.28,-61.89999999999418,DOWN,0.19975110876297839,0.10569025517567582,0.8943097448243242,PASS,0.10569025517567582,0.8943097448243242,DOWN,0.8943097448243242,0.0,0.002,0.998,1.0,1.0,-0.10569025517567576,STRONG,NO VALUE
2026-08-24T12:00:47.440392+00:00,KXBTC15M-26AUG240815-15,78391.39,0.7906732000000001,14.209326800000001,78325.92,-65.47000000000116,DOWN,0.7064437092231379,0.4991731432680237,0.5008268567319762,PASS,0.4991731432680237,0.5008268567319762,DOWN,0.5008268567319762,0.4,0.41,0.59,0.6,0.6,-0.09917314326802373,RAW,NO VALUE
2026-08-24T12:01:41.383117+00:00,KXBTC15M-26AUG240815-15,78391.39,1.6897186166666667,13.310281383333335,78246.03,-145.36000000000058,DOWN,0.5225130530468478,0.31489930739368943,0.6851006926063106,PASS,0.31489930739368943,0.6851006926063106,DOWN,0.6851006926063106,0.35,0.36,0.64,0.65,0.65,0.035100692606310546,RAW,SMALL EDGE
2026-08-24T12:02:35.315570+00:00,KXBTC15M-26AUG240815-15,78391.39,2.5885928333333337,12.411407166666667,78198.44,-192.9499999999971,DOWN,0.33767065362255416,0.17434295801841826,0.8256570419815817,PASS,0.17434295801841826,0.8256570419815817,DOWN,0.8256570419815817,0.26,0.27,0.73,0.74,0.74,0.08565704198158175,STRONG,SMALL EDGE
2026-08-24T12:03:28.255533+00:00,KXBTC15M-26AUG240815-15,78391.39,3.47092555,11.52907445,78267.15,-124.24000000000524,DOWN,0.5320593744134697,0.32362971804545637,0.6763702819545436,PASS,0.32362971804545637,0.6763702819545436,DOWN,0.6763702819545436,0.25,0.26,0.74,0.75,0.75,-0.07362971804545637,RAW,NO VALUE
2026-08-24T12:04:21.538673+00:00,KXBTC15M-26AUG240815-15,78391.39,4.358977883333334,10.641022116666667,78213.69,-177.6999999999971,DOWN,0.142288516231903,0.08491626101366066,0.9150837389863393,PASS,0.08491626101366066,0.9150837389863393,DOWN,0.9150837389863393,0.18,0.19,0.81,0.82,0.82,0.09508373898633937,EARLY 90%+ / NOT YET VALIDATED LOCK,SMALL EDGE
2026-08-24T12:05:14.396800+00:00,KXBTC15M-26AUG240815-15,78391.39,5.2399466666666665,9.760053333333333,78166.88,-224.50999999999476,DOWN,0.08342298415061765,0.06754264657771213,0.9324573534222879,PASS,0.06754264657771213,0.9324573534222879,DOWN,0.9324573534222879,0.17,0.18,0.82,0.83,0.83,0.1024573534222879,EARLY 90%+ / NOT YET VALIDATED LOCK,POSITIVE EDGE
2026-08-24T12:06:16.281784+00:00,KXBTC15M-26AUG240815-15,78391.39,6.271363066666667,8.728636933333332,78126.57,-264.81999999999243,DOWN,0.048632097263370595,0.05888554891851415,0.9411144510814858,PASS,0.05888554891851415,0.9411144510814858,DOWN,0.9411144510814858,0.11,0.12,0.88,0.89,0.89,0.05111445108148582,EARLY 90%+ / NOT YET VALIDATED LOCK,SMALL EDGE
2026-08-24T12:07:10.431786+00:00,KXBTC15M-26AUG240815-15,78391.39,7.1738631,7.8261369,78102.09,-289.3000000000029,DOWN,0.06729991758847219,0.06339288298815522,0.9366071170118447,PASS,0.06339288298815522,0.9366071170118447,DOWN,0.9366071170118447,0.096,0.097,0.903,0.904,0.904,0.03260711701184471,EARLY 90%+ / NOT YET VALIDATED LOCK,SMALL EDGE
2026-08-24T12:08:04.499891+00:00,KXBTC15M-26AUG240815-15,78391.39,8.074998183333333,6.925001816666667,78111.6,-279.7899999999936,DOWN,0.027204271619754763,0.05408272589969216,0.9459172741003078,PASS,0.05408272589969216,0.9459172741003078,DOWN,0.9459172741003078,0.06,0.061,0.939,0.94,0.94,0.0059172741003078455,90%+ LOCK CANDIDATE,SMALL EDGE
2026-08-24T12:08:58.373989+00:00,KXBTC15M-26AUG240815-15,78391.39,8.972899816666667,6.027100183333333,78140.17,-251.22000000000116,DOWN,0.04164144743011732,0.05727628111160779,0.9427237188883922,PASS,0.05727628111160779,0.9427237188883922,DOWN,0.9427237188883922,0.04,0.041,0.959,0.96,0.96,-0.017276281111607728,90%+ LOCK CANDIDATE,NO VALUE
2026-08-24T12:09:51.486242+00:00,KXBTC15M-26AUG240815-15,78391.39,9.858104033333332,5.141895966666667,78188.23,-203.1600000000035,DOWN,0.0586139457211512,0.061256974638176226,0.9387430253618237,PASS,0.061256974638176226,0.9387430253618237,DOWN,0.9387430253618237,0.032,0.033,0.967,0.968,0.968,-0.029256974638176225,90%+ LOCK CANDIDATE,NO VALUE
2026-08-24T12:10:45.405948+00:00,KXBTC15M-26AUG240815-15,78391.39,10.7567658,4.2432342,78192.52,-198.86999999999534,DOWN,0.07830529598206555,0.06619886673739785,0.9338011332626022,PASS,0.06619886673739785,0.9338011332626022,DOWN,0.9338011332626022,0.049,0.05,0.95,0.951,0.951,-0.01719886673739779,LOCK,NO VALUE
2026-08-24T12:11:38.594856+00:00,KXBTC15M-26AUG240815-15,78391.39,11.6432476,3.3567524,78179.54,-211.85000000000582,DOWN,0.050595350529062895,0.05934506480356248,0.9406549351964375,PASS,0.05934506480356248,0.9406549351964375,DOWN,0.9406549351964375,0.014,0.015,0.985,0.986,0.986,-0.045345064803562485,LOCK,NO VALUE
2026-08-24T12:12:32.590498+00:00,KXBTC15M-26AUG240815-15,78391.39,12.543174966666667,2.4568250333333332,78195.21,-196.17999999999302,DOWN,0.04123589031864709,0.05718419947004756,0.9428158005299524,PASS,0.05718419947004756,0.9428158005299524,DOWN,0.9428158005299524,0.011,0.012,0.988,0.989,0.989,-0.04618419947004759,LOCK,NO VALUE
2026-08-24T12:13:25.968509+00:00,KXBTC15M-26AUG240815-15,78391.39,13.432808483333334,1.5671915166666668,78140.17,-251.22000000000116,DOWN,0.02989767713510191,0.05466549867194101,0.945334501328059,PASS,0.05466549867194101,0.945334501328059,DOWN,0.945334501328059,0.001,0.002,0.998,0.999,0.999,-0.053665498671941037,LOCK,NO VALUE
2026-08-24T12:14:20.084091+00:00,KXBTC15M-26AUG240815-15,78391.39,14.334734849999998,0.66526515,78094.05,-297.3399999999965,DOWN,0.023621650117976883,0.05331662755659278,0.9466833724434072,PASS,0.05331662755659278,0.9466833724434072,DOWN,0.9466833724434072,0.0,0.001,0.999,1.0,1.0,-0.05331662755659283,LOCK,NO VALUE
2026-08-24T12:15:46.088655+00:00,KXBTC15M-26AUG240830-30,78136.14,0.7681442500000001,14.23185575,78173.39,37.25,UP,0.6963805284040225,0.48858831282352205,0.511411687176478,PASS,0.511411687176478,0.48858831282352205,UP,0.511411687176478,0.53,0.54,0.46,0.47,0.54,-0.028588312823522033,RAW,NO VALUE
2026-08-24T12:16:39.814655+00:00,KXBTC15M-26AUG240830-30,78136.14,1.6635775833333333,13.336422416666666,78048.42,-87.72000000000116,DOWN,0.5539683637442939,0.34412965655182304,0.655870343448177,PASS,0.34412965655182304,0.655870343448177,DOWN,0.655870343448177,0.23,0.24,0.76,0.77,0.77,-0.11412965655182306,RAW,NO VALUE
2026-08-24T12:17:34.087649+00:00,KXBTC15M-26AUG240830-30,78136.14,2.5681274833333334,12.431872516666665,78119.72,-16.419999999998254,DOWN,0.7089111771882407,0.5017689961634721,0.49823100383652785,PASS,0.5017689961634721,0.49823100383652785,UP,0.5017689961634721,0.47,0.48,0.52,0.53,0.48,0.021768996163472165,RAW,SMALL EDGE
2026-08-24T12:18:28.030088+00:00,KXBTC15M-26AUG240830-30,78136.14,3.4671681333333333,11.532831866666667,78141.17,5.029999999998836,UP,0.7008868529186395,0.49332753499933046,0.5066724650006695,PASS,0.5066724650006695,0.49332753499933046,UP,0.5066724650006695,0.42,0.43,0.57,0.58,0.43,0.07667246500066954,RAW,SMALL EDGE
2026-08-24T12:19:21.906075+00:00,KXBTC15M-26AUG240830-30,78136.14,4.3651012499999995,10.63489875,78192.5,56.36000000000058,UP,0.6393656757959262,0.42908605195066424,0.5709139480493357,PASS,0.5709139480493357,0.42908605195066424,UP,0.5709139480493357,0.6,0.61,0.39,0.4,0.61,-0.03908605195066428,RAW,NO VALUE
2026-08-24T12:20:15.993991+00:00,KXBTC15M-26AUG240830-30,78136.14,5.266566516666667,9.733433483333332,78292.48,156.3399999999965,UP,0.4202904287585098,0.23014728579327492,0.7698527142067251,PASS,0.7698527142067251,0.23014728579327492,UP,0.7698527142067251,0.77,0.78,0.22,0.23,0.78,-0.010147285793274952,LEAN,NO VALUE
2026-08-24T12:21:10.372484+00:00,KXBTC15M-26AUG240830-30,78136.14,6.172874733333333,8.827125266666666,78216.32,80.18000000000757,UP,0.47089632952269017,0.2700195956025738,0.7299804043974262,PASS,0.7299804043974262,0.2700195956025738,UP,0.7299804043974262,0.76,0.77,0.23,0.24,0.77,-0.04001959560257384,LEAN,NO VALUE
2026-08-24T12:22:04.173909+00:00,KXBTC15M-26AUG240830-30,78136.14,7.06956515,7.93043485,78313.08,176.94000000000233,UP,0.18992961585235366,0.10184691433820543,0.8981530856617945,PASS,0.8981530856617945,0.10184691433820543,UP,0.8981530856617945,0.87,0.88,0.12,0.13,0.88,0.01815308566179452,STRONG,SMALL EDGE
2026-08-24T12:22:58.092570+00:00,KXBTC15M-26AUG240830-30,78136.14,7.9682095,7.0317905,78347.68,211.5399999999936,UP,0.04591035210475982,0.05825401722135418,0.9417459827786459,PASS,0.9417459827786459,0.05825401722135418,UP,0.9417459827786459,0.913,0.915,0.085,0.087,0.915,0.026745982778645816,EARLY 90%+ / NOT YET VALIDATED LOCK,SMALL EDGE
2026-08-24T12:23:51.722739+00:00,KXBTC15M-26AUG240830-30,78136.14,8.86204565,6.13795435,78345.26,209.11999999999534,UP,0.03961696827149191,0.05681800744382836,0.9431819925561716,PASS,0.9431819925561716,0.05681800744382836,UP,0.9431819925561716,0.955,0.958,0.042,0.045,0.958,-0.01481800744382833,90%+ LOCK CANDIDATE,NO VALUE
2026-08-24T12:24:45.728437+00:00,KXBTC15M-26AUG240830-30,78136.14,9.762140616666667,5.237859383333333,78396.26,260.11999999999534,UP,0.002601425070013285,0.049024298939110346,0.9509757010608897,PASS,0.9509757010608897,0.049024298939110346,UP,0.9509757010608897,0.979,0.98,0.02,0.021,0.98,-0.029024298939110293,90%+ LOCK CANDIDATE,NO VALUE
2026-08-24T12:25:39.426562+00:00,KXBTC15M-26AUG240830-30,78136.14,10.657109366666667,4.342890633333334,78406.7,270.5599999999977,UP,0.002643795798401617,0.049032612203081256,0.9509673877969187,PASS,0.9509673877969187,0.049032612203081256,UP,0.9509673877969187,0.987,0.988,0.012,0.013,0.988,-0.037032612203081294,LOCK,NO VALUE
2026-08-24T12:26:32.915519+00:00,KXBTC15M-26AUG240830-30,78136.14,11.548591983333333,3.451408016666667,78399.97,263.83000000000175,UP,0.004070600139182607,0.049313337277990574,0.9506866627220094,PASS,0.9506866627220094,0.049313337277990574,UP,0.9506866627220094,0.995,0.996,0.004,0.005,0.996,-0.045313337277990584,LOCK,NO VALUE
2026-08-24T12:27:27.300160+00:00,KXBTC15M-26AUG240830-30,78136.14,12.455002666666667,2.5449973333333333,78467.32,331.18000000000757,UP,0.0023781203313903284,0.048980507963615576,0.9510194920363845,PASS,0.9510194920363845,0.048980507963615576,UP,0.9510194920363845,0.997,0.998,0.002,0.003,0.998,-0.046980507963615525,LOCK,NO VALUE
2026-08-24T12:28:21.535848+00:00,KXBTC15M-26AUG240830-30,78136.14,13.3589308,1.6410692,78447.45,311.3099999999977,UP,0.0039023873756268267,0.04928016218857352,0.9507198378114264,PASS,0.9507198378114264,0.04928016218857352,UP,0.9507198378114264,0.998,0.999,0.001,0.002,0.999,-0.04828016218857356,LOCK,NO VALUE
2026-08-24T12:29:14.669080+00:00,KXBTC15M-26AUG240830-30,78136.14,14.244484666666667,0.7555153333333333,78411.48,275.3399999999965,UP,0.005012165090515486,0.04949942496673377,0.9505005750332662,PASS,0.9505005750332662,0.04949942496673377,UP,0.9505005750332662,0.999,1.0,0.0,0.001,1.0,-0.04949942496673376,LOCK,NO VALUE
2026-08-24T12:30:39.538080+00:00,KXBTC15M-26AUG240845-45,78428.25,0.658968,14.341032,78459.08,30.830000000001746,UP,0.6842225732076522,0.4758146332845415,0.5241853667154586,PASS,0.5241853667154586,0.4758146332845415,UP,0.5241853667154586,0.5,0.51,0.49,0.5,0.51,0.014185366715458558,RAW,SMALL EDGE
2026-08-24T12:31:33.709354+00:00,KXBTC15M-26AUG240845-45,78428.25,1.5618225666666667,13.438177433333333,78563.81,135.55999999999767,UP,0.5443638283491437,0.33506564993876314,0.6649343500612368,PASS,0.6649343500612368,0.33506564993876314,UP,0.6649343500612368,0.76,0.77,0.23,0.24,0.77,-0.10506564993876322,RAW,NO VALUE
2026-08-24T12:32:26.972957+00:00,KXBTC15M-26AUG240845-45,78428.25,2.4495492833333334,12.550450716666667,78678.0,249.75,UP,0.2492115538345429,0.12703829151463528,0.8729617084853647,PASS,0.8729617084853647,0.12703829151463528,UP,0.8729617084853647,0.79,0.8,0.2,0.21,0.8,0.07296170848536465,STRONG,SMALL EDGE
2026-08-24T12:33:20.828927+00:00,KXBTC15M-26AUG240845-45,78428.25,3.347148783333333,11.652851216666667,78474.01,45.75999999999476,UP,0.7536901545905488,0.5487229215033185,0.4512770784966815,PASS,0.4512770784966815,0.5487229215033185,DOWN,0.5487229215033185,0.77,0.78,0.22,0.23,0.23,0.3187229215033185,RAW,IDEAL <=50c / LARGE EDGE
2026-08-24T12:34:14.619366+00:00,KXBTC15M-26AUG240845-45,78428.25,4.2436561,10.7563439,78487.64,59.38999999999942,UP,0.708674032630103,0.5015195146481153,0.4984804853518847,PASS,0.4984804853518847,0.5015195146481153,DOWN,0.5015195146481153,0.6,0.61,0.39,0.4,0.4,0.10151951464811526,RAW,POSITIVE EDGE
2026-08-24T12:35:08.938829+00:00,KXBTC15M-26AUG240845-45,78428.25,5.148980483333333,9.851019516666666,78523.92,95.66999999999825,UP,0.529603609609671,0.3213717650956936,0.6786282349043065,PASS,0.6786282349043065,0.3213717650956936,UP,0.6786282349043065,0.65,0.66,0.34,0.35,0.66,0.01862823490430643,RAW,SMALL EDGE
2026-08-24T12:36:02.835757+00:00,KXBTC15M-26AUG240845-45,78428.25,6.047262616666667,8.952737383333334,78569.59,141.3399999999965,UP,0.38844514245308487,0.20726528683732107,0.792734713162679,PASS,0.792734713162679,0.20726528683732107,UP,0.792734713162679,0.82,0.83,0.17,0.18,0.83,-0.037265286837321,LEAN,NO VALUE
2026-08-24T12:36:56.486316+00:00,KXBTC15M-26AUG240845-45,78428.25,6.9414386,8.0585614,78466.81,38.55999999999767,UP,0.7098859826522328,0.502794503268985,0.497205496731015,PASS,0.497205496731015,0.502794503268985,DOWN,0.502794503268985,0.58,0.59,0.41,0.42,0.42,0.08279450326898502,RAW,SMALL EDGE
2026-08-24T12:37:50.512537+00:00,KXBTC15M-26AUG240845-45,78428.25,7.841875616666667,7.158124383333333,78573.42,145.16999999999825,UP,0.32357036207671486,0.16596602155449772,0.8340339784455023,PASS,0.8340339784455023,0.16596602155449772,UP,0.8340339784455023,0.67,0.68,0.32,0.33,0.68,0.15403397844550226,STRONG,POSITIVE EDGE
2026-08-24T12:38:44.279279+00:00,KXBTC15M-26AUG240845-45,78428.25,8.737987983333333,6.2620120166666675,78589.9,161.64999999999418,UP,0.18030602431591986,0.0982017245557379,0.901798275444262,PASS,0.901798275444262,0.0982017245557379,UP,0.901798275444262,0.85,0.86,0.14,0.15,0.86,0.04179827544426207,90%+ LOCK CANDIDATE,SMALL EDGE
2026-08-24T12:39:37.636611+00:00,KXBTC15M-26AUG240845-45,78428.25,9.62727685,5.37272315,78725.29,297.0399999999936,UP,0.025001745991761828,0.05361052341090756,0.9463894765890924,PASS,0.9463894765890924,0.05361052341090756,UP,0.9463894765890924,0.911,0.912,0.088,0.089,0.912,0.034389476589092416,90%+ LOCK CANDIDATE,SMALL EDGE
2026-08-24T12:40:30.772946+00:00,KXBTC15M-26AUG240845-45,78428.25,10.512882433333335,4.487117566666667,78644.73,216.47999999999593,UP,0.03568625508908509,0.055938051604645746,0.9440619483953543,PASS,0.9440619483953543,0.055938051604645746,UP,0.9440619483953543,0.968,0.969,0.031,0.032,0.969,-0.024938051604645683,LOCK,NO VALUE
2026-08-24T12:41:24.254092+00:00,KXBTC15M-26AUG240845-45,78428.25,11.404234866666666,3.595765133333333,78683.82,255.57000000000698,UP,0.03422645171647306,0.055614526758819845,0.9443854732411802,PASS,0.9443854732411802,0.055614526758819845,UP,0.9443854732411802,0.983,0.984,0.016,0.017,0.984,-0.039614526758819824,LOCK,NO VALUE
2026-08-24T12:42:17.439386+00:00,KXBTC15M-26AUG240845-45,78428.25,12.290656433333334,2.7093435666666665,78722.37,294.11999999999534,UP,0.020980132914717592,0.05275834344749856,0.9472416565525015,PASS,0.9472416565525015,0.05275834344749856,UP,0.9472416565525015,0.985,0.986,0.014,0.015,0.986,-0.03875834344749851,LOCK,NO VALUE
2026-08-24T12:43:10.309562+00:00,KXBTC15M-26AUG240845-45,78428.25,13.171826033333334,1.8281739666666668,78776.71,348.4600000000064,UP,0.003082426661872735,0.04911875149232531,0.9508812485076747,PASS,0.9508812485076747,0.04911875149232531,UP,0.9508812485076747,0.995,0.996,0.004,0.005,0.996,-0.04511875149232525,LOCK,NO VALUE
2026-08-24T12:44:03.885768+00:00,KXBTC15M-26AUG240845-45,78428.25,14.0647628,0.9352372,78725.65,297.3999999999942,UP,0.008392402055587054,0.05017298172703212,0.9498270182729679,PASS,0.9498270182729679,0.05017298172703212,UP,0.9498270182729679,0.998,0.999,0.001,0.002,0.999,-0.049172981727032106,LOCK,NO VALUE
2026-08-24T12:44:57.347840+00:00,KXBTC15M-26AUG240845-45,78428.25,14.955797333333333,0.04420266666666666,78719.14,290.8899999999994,UP,0.009268205568645469,0.0503489081674882,0.9496510918325118,PASS,0.9496510918325118,0.0503489081674882,UP,0.9496510918325118,0.999,1.0,0.0,0.001,1.0,-0.05034890816748816,LOCK,NO VALUE
2026-08-24T12:45:50.630485+00:00,KXBTC15M-26AUG240900-00,78715.34,0.8438414166666667,14.156158583333333,78754.14,38.80000000000291,UP,0.7565952214147468,0.5517482908496112,0.4482517091503888,PASS,0.4482517091503888,0.5517482908496112,DOWN,0.5517482908496112,0.51,0.52,0.48,0.49,0.49,0.0617482908496112,RAW,SMALL EDGE
2026-08-24T12:46:45.138513+00:00,KXBTC15M-26AUG240900-00,78715.34,1.75230855,13.24769145,78858.59,143.25,UP,0.2607799227638461,0.13253575250718097,0.867464247492819,PASS,0.867464247492819,0.13253575250718097,UP,0.867464247492819,0.6,0.61,0.39,0.4,0.61,0.25746424749281904,STRONG,LARGE EDGE / PRICE ABOVE 50c
2026-08-24T12:47:38.963060+00:00,KXBTC15M-26AUG240900-00,78715.34,2.6493843333333333,12.350615666666666,78939.81,224.47000000000116,UP,0.13357654918417047,0.08211049888222763,0.9178895011177723,PASS,0.9178895011177723,0.08211049888222763,UP,0.9178895011177723,0.79,0.8,0.2,0.21,0.8,0.1178895011177723,EARLY 90%+ / NOT YET VALIDATED LOCK,POSITIVE EDGE
2026-08-24T12:48:32.823096+00:00,KXBTC15M-26AUG240900-00,78715.34,3.5470516,11.4529484,78940.49,225.15000000000873,UP,0.08135943509513366,0.06699779128503033,0.9330022087149696,PASS,0.9330022087149696,0.06699779128503033,UP,0.9330022087149696,0.63,0.64,0.36,0.37,0.64,0.2930022087149696,EARLY 90%+ / NOT YET VALIDATED LOCK,LARGE EDGE / PRICE ABOVE 50c
2026-08-24T12:49:25.964612+00:00,KXBTC15M-26AUG240900-00,78715.34,4.432743533333333,10.567256466666667,78916.04,200.6999999999971,UP,0.16232929422323583,0.09170305808074221,0.9082969419192578,PASS,0.9082969419192578,0.09170305808074221,UP,0.9082969419192578,0.82,0.83,0.17,0.18,0.83,0.07829694191925785,EARLY 90%+ / NOT YET VALIDATED LOCK,SMALL EDGE
