ask_max,fair_min,edge_min,min_tl,max_tl,min_gap,min_ratio,calls,contracts,coverage,accuracy,avg_ask,avg_time_left,meets90,validation_rank
0.6,0.6,0.05,2.0,12.0,75.0,0.0,24,83,0.2891566265060241,0.9583333333333334,0.5358333333333333,9.583333333333334,True,1
0.6,0.6,0.05,4.0,12.0,75.0,0.0,24,83,0.2891566265060241,0.9583333333333334,0.5358333333333333,9.583333333333334,True,2
0.6,0.6,0.08,2.0,12.0,75.0,0.0,24,83,0.2891566265060241,0.9583333333333334,0.5358333333333333,9.583333333333334,True,3
0.6,0.6,0.08,4.0,12.0,75.0,0.0,24,83,0.2891566265060241,0.9583333333333334,0.5358333333333333,9.583333333333334,True,4
0.6,0.6,0.1,2.0,12.0,75.0,0.0,24,83,0.2891566265060241,0.9583333333333334,0.5358333333333333,9.583333333333334,True,5
0.6,0.6,0.1,4.0,12.0,75.0,0.0,24,83,0.2891566265060241,0.9583333333333334,0.5358333333333333,9.583333333333334,True,6
0.6,0.6,0.12,2.0,12.0,75.0,0.0,24,83,0.2891566265060241,0.9583333333333334,0.5358333333333333,9.583333333333334,True,7
0.6,0.6,0.12,4.0,12.0,75.0,0.0,24,83,0.2891566265060241,0.9583333333333334,0.5358333333333333,9.583333333333334,True,8
0.6,0.65,0.05,2.0,12.0,75.0,0.0,24,83,0.2891566265060241,0.9583333333333334,0.5358333333333333,9.583333333333334,True,9
0.6,0.65,0.05,4.0,12.0,75.0,0.0,24,83,0.2891566265060241,0.9583333333333334,0.5358333333333333,9.583333333333334,True,10
0.6,0.65,0.08,2.0,12.0,75.0,0.0,24,83,0.2891566265060241,0.9583333333333334,0.5358333333333333,9.583333333333334,True,11
0.6,0.65,0.08,4.0,12.0,75.0,0.0,24,83,0.2891566265060241,0.9583333333333334,0.5358333333333333,9.583333333333334,True,12
0.6,0.65,0.1,2.0,12.0,75.0,0.0,24,83,0.2891566265060241,0.9583333333333334,0.5358333333333333,9.583333333333334,True,13
0.6,0.65,0.1,4.0,12.0,75.0,0.0,24,83,0.2891566265060241,0.9583333333333334,0.5358333333333333,9.583333333333334,True,14
0.6,0.65,0.12,2.0,12.0,75.0,0.0,24,83,0.2891566265060241,0.9583333333333334,0.5358333333333333,9.583333333333334,True,15
0.6,0.65,0.12,4.0,12.0,75.0,0.0,24,83,0.2891566265060241,0.9583333333333334,0.5358333333333333,9.583333333333334,True,16
0.6,0.7,0.05,2.0,12.0,75.0,0.0,24,83,0.2891566265060241,0.9583333333333334,0.5358333333333333,9.583333333333334,True,17
0.6,0.7,0.05,4.0,12.0,75.0,0.0,24,83,0.2891566265060241,0.9583333333333334,0.5358333333333333,9.583333333333334,True,18
0.6,0.7,0.08,2.0,12.0,75.0,0.0,24,83,0.2891566265060241,0.9583333333333334,0.5358333333333333,9.583333333333334,True,19
0.6,0.7,0.08,4.0,12.0,75.0,0.0,24,83,0.2891566265060241,0.9583333333333334,0.5358333333333333,9.583333333333334,True,20
0.6,0.7,0.1,2.0,12.0,75.0,0.0,24,83,0.2891566265060241,0.9583333333333334,0.5358333333333333,9.583333333333334,True,21
0.6,0.7,0.1,4.0,12.0,75.0,0.0,24,83,0.2891566265060241,0.9583333333333334,0.5358333333333333,9.583333333333334,True,22
0.6,0.7,0.12,2.0,12.0,75.0,0.0,24,83,0.2891566265060241,0.9583333333333334,0.5358333333333333,9.583333333333334,True,23
0.6,0.7,0.12,4.0,12.0,75.0,0.0,24,83,0.2891566265060241,0.9583333333333334,0.5358333333333333,9.583333333333334,True,24
0.6,0.6,0.05,6.0,12.0,75.0,0.0,22,83,0.26506024096385544,0.9545454545454546,0.5363636363636363,10.0,True,25
0.6,0.6,0.08,6.0,12.0,75.0,0.0,22,83,0.26506024096385544,0.9545454545454546,0.5363636363636363,10.0,True,26
0.6,0.6,0.1,6.0,12.0,75.0,0.0,22,83,0.26506024096385544,0.9545454545454546,0.5363636363636363,10.0,True,27
0.6,0.6,0.12,6.0,12.0,75.0,0.0,22,83,0.26506024096385544,0.9545454545454546,0.5363636363636363,10.0,True,28
0.6,0.65,0.05,6.0,12.0,75.0,0.0,22,83,0.26506024096385544,0.9545454545454546,0.5363636363636363,10.0,True,29
0.6,0.65,0.08,6.0,12.0,75.0,0.0,22,83,0.26506024096385544,0.9545454545454546,0.5363636363636363,10.0,True,30
0.6,0.65,0.1,6.0,12.0,75.0,0.0,22,83,0.26506024096385544,0.9545454545454546,0.5363636363636363,10.0,True,31
0.6,0.65,0.12,6.0,12.0,75.0,0.0,22,83,0.26506024096385544,0.9545454545454546,0.5363636363636363,10.0,True,32
0.6,0.7,0.05,6.0,12.0,75.0,0.0,22,83,0.26506024096385544,0.9545454545454546,0.5363636363636363,10.0,True,33
0.6,0.7,0.08,6.0,12.0,75.0,0.0,22,83,0.26506024096385544,0.9545454545454546,0.5363636363636363,10.0,True,34
0.6,0.7,0.1,6.0,12.0,75.0,0.0,22,83,0.26506024096385544,0.9545454545454546,0.5363636363636363,10.0,True,35
0.6,0.7,0.12,6.0,12.0,75.0,0.0,22,83,0.26506024096385544,0.9545454545454546,0.5363636363636363,10.0,True,36
0.6,0.75,0.05,2.0,12.0,75.0,0.0,22,83,0.26506024096385544,0.9545454545454546,0.5331818181818183,9.363636363636363,True,37
0.6,0.75,0.08,2.0,12.0,75.0,0.0,22,83,0.26506024096385544,0.9545454545454546,0.5331818181818183,9.363636363636363,True,38
0.6,0.75,0.1,2.0,12.0,75.0,0.0,22,83,0.26506024096385544,0.9545454545454546,0.5331818181818183,9.363636363636363,True,39
0.6,0.75,0.12,2.0,12.0,75.0,0.0,22,83,0.26506024096385544,0.9545454545454546,0.5331818181818183,9.363636363636363,True,40
0.6,0.6,0.05,8.0,12.0,75.0,0.0,21,83,0.25301204819277107,0.9523809523809523,0.5361904761904763,10.19047619047619,True,41
0.6,0.6,0.08,8.0,12.0,75.0,0.0,21,83,0.25301204819277107,0.9523809523809523,0.5361904761904763,10.19047619047619,True,42
0.6,0.6,0.1,8.0,12.0,75.0,0.0,21,83,0.25301204819277107,0.9523809523809523,0.5361904761904763,10.19047619047619,True,43
0.6,0.6,0.12,8.0,12.0,75.0,0.0,21,83,0.25301204819277107,0.9523809523809523,0.5361904761904763,10.19047619047619,True,44
0.6,0.65,0.05,8.0,12.0,75.0,0.0,21,83,0.25301204819277107,0.9523809523809523,0.5361904761904763,10.19047619047619,True,45
0.6,0.65,0.08,8.0,12.0,75.0,0.0,21,83,0.25301204819277107,0.9523809523809523,0.5361904761904763,10.19047619047619,True,46
0.6,0.65,0.1,8.0,12.0,75.0,0.0,21,83,0.25301204819277107,0.9523809523809523,0.5361904761904763,10.19047619047619,True,47
0.6,0.65,0.12,8.0,12.0,75.0,0.0,21,83,0.25301204819277107,0.9523809523809523,0.5361904761904763,10.19047619047619,True,48
0.6,0.7,0.05,8.0,12.0,75.0,0.0,21,83,0.25301204819277107,0.9523809523809523,0.5361904761904763,10.19047619047619,True,49
0.6,0.7,0.08,8.0,12.0,75.0,0.0,21,83,0.25301204819277107,0.9523809523809523,0.5361904761904763,10.19047619047619,True,50
0.6,0.7,0.1,8.0,12.0,75.0,0.0,21,83,0.25301204819277107,0.9523809523809523,0.5361904761904763,10.19047619047619,True,51
0.6,0.7,0.12,8.0,12.0,75.0,0.0,21,83,0.25301204819277107,0.9523809523809523,0.5361904761904763,10.19047619047619,True,52
0.6,0.75,0.05,4.0,12.0,75.0,0.0,21,83,0.25301204819277107,0.9523809523809523,0.5361904761904762,9.666666666666666,True,53
0.6,0.75,0.08,4.0,12.0,75.0,0.0,21,83,0.25301204819277107,0.9523809523809523,0.5361904761904762,9.666666666666666,True,54
0.6,0.75,0.1,4.0,12.0,75.0,0.0,21,83,0.25301204819277107,0.9523809523809523,0.5361904761904762,9.666666666666666,True,55
0.6,0.75,0.12,4.0,12.0,75.0,0.0,21,83,0.25301204819277107,0.9523809523809523,0.5361904761904762,9.666666666666666,True,56
0.6,0.75,0.05,6.0,12.0,75.0,0.0,19,83,0.2289156626506024,0.9473684210526315,0.5368421052631579,10.157894736842104,True,57
0.6,0.75,0.08,6.0,12.0,75.0,0.0,19,83,0.2289156626506024,0.9473684210526315,0.5368421052631579,10.157894736842104,True,58
0.6,0.75,0.1,6.0,12.0,75.0,0.0,19,83,0.2289156626506024,0.9473684210526315,0.5368421052631579,10.157894736842104,True,59
0.6,0.75,0.12,6.0,12.0,75.0,0.0,19,83,0.2289156626506024,0.9473684210526315,0.5368421052631579,10.157894736842104,True,60
0.6,0.75,0.05,8.0,12.0,75.0,0.0,18,83,0.21686746987951808,0.9444444444444444,0.5366666666666667,10.38888888888889,True,61
0.6,0.75,0.08,8.0,12.0,75.0,0.0,18,83,0.21686746987951808,0.9444444444444444,0.5366666666666667,10.38888888888889,True,62
0.6,0.75,0.1,8.0,12.0,75.0,0.0,18,83,0.21686746987951808,0.9444444444444444,0.5366666666666667,10.38888888888889,True,63
0.6,0.75,0.12,8.0,12.0,75.0,0.0,18,83,0.21686746987951808,0.9444444444444444,0.5366666666666667,10.38888888888889,True,64
0.6,0.6,0.05,2.0,10.0,75.0,0.0,17,83,0.20481927710843373,0.9411764705882353,0.5352941176470588,8.588235294117647,True,65
0.6,0.6,0.05,4.0,10.0,75.0,0.0,17,83,0.20481927710843373,0.9411764705882353,0.5352941176470588,8.588235294117647,True,66
0.6,0.6,0.08,2.0,10.0,75.0,0.0,17,83,0.20481927710843373,0.9411764705882353,0.5352941176470588,8.588235294117647,True,67
0.6,0.6,0.08,4.0,10.0,75.0,0.0,17,83,0.20481927710843373,0.9411764705882353,0.5352941176470588,8.588235294117647,True,68
0.6,0.6,0.1,2.0,10.0,75.0,0.0,17,83,0.20481927710843373,0.9411764705882353,0.5352941176470588,8.588235294117647,True,69
0.6,0.6,0.1,4.0,10.0,75.0,0.0,17,83,0.20481927710843373,0.9411764705882353,0.5352941176470588,8.588235294117647,True,70
0.6,0.6,0.12,2.0,10.0,75.0,0.0,17,83,0.20481927710843373,0.9411764705882353,0.5352941176470588,8.588235294117647,True,71
0.6,0.6,0.12,4.0,10.0,75.0,0.0,17,83,0.20481927710843373,0.9411764705882353,0.5352941176470588,8.588235294117647,True,72
0.6,0.65,0.05,2.0,10.0,75.0,0.0,17,83,0.20481927710843373,0.9411764705882353,0.5352941176470588,8.588235294117647,True,73
0.6,0.65,0.05,4.0,10.0,75.0,0.0,17,83,0.20481927710843373,0.9411764705882353,0.5352941176470588,8.588235294117647,True,74
0.6,0.65,0.08,2.0,10.0,75.0,0.0,17,83,0.20481927710843373,0.9411764705882353,0.5352941176470588,8.588235294117647,True,75
0.6,0.65,0.08,4.0,10.0,75.0,0.0,17,83,0.20481927710843373,0.9411764705882353,0.5352941176470588,8.588235294117647,True,76
0.6,0.65,0.1,2.0,10.0,75.0,0.0,17,83,0.20481927710843373,0.9411764705882353,0.5352941176470588,8.588235294117647,True,77
0.6,0.65,0.1,4.0,10.0,75.0,0.0,17,83,0.20481927710843373,0.9411764705882353,0.5352941176470588,8.588235294117647,True,78
0.6,0.65,0.12,2.0,10.0,75.0,0.0,17,83,0.20481927710843373,0.9411764705882353,0.5352941176470588,8.588235294117647,True,79
0.6,0.65,0.12,4.0,10.0,75.0,0.0,17,83,0.20481927710843373,0.9411764705882353,0.5352941176470588,8.588235294117647,True,80
0.6,0.7,0.05,2.0,10.0,75.0,0.0,17,83,0.20481927710843373,0.9411764705882353,0.5352941176470588,8.588235294117647,True,81
0.6,0.7,0.05,4.0,10.0,75.0,0.0,17,83,0.20481927710843373,0.9411764705882353,0.5352941176470588,8.588235294117647,True,82
0.6,0.7,0.08,2.0,10.0,75.0,0.0,17,83,0.20481927710843373,0.9411764705882353,0.5352941176470588,8.588235294117647,True,83
0.6,0.7,0.08,4.0,10.0,75.0,0.0,17,83,0.20481927710843373,0.9411764705882353,0.5352941176470588,8.588235294117647,True,84
0.6,0.7,0.1,2.0,10.0,75.0,0.0,17,83,0.20481927710843373,0.9411764705882353,0.5352941176470588,8.588235294117647,True,85
0.6,0.7,0.1,4.0,10.0,75.0,0.0,17,83,0.20481927710843373,0.9411764705882353,0.5352941176470588,8.588235294117647,True,86
0.6,0.7,0.12,2.0,10.0,75.0,0.0,17,83,0.20481927710843373,0.9411764705882353,0.5352941176470588,8.588235294117647,True,87
0.6,0.7,0.12,4.0,10.0,75.0,0.0,17,83,0.20481927710843373,0.9411764705882353,0.5352941176470588,8.588235294117647,True,88
0.6,0.6,0.05,6.0,10.0,75.0,0.0,15,83,0.18072289156626506,0.9333333333333333,0.536,9.066666666666666,True,89
0.6,0.6,0.08,6.0,10.0,75.0,0.0,15,83,0.18072289156626506,0.9333333333333333,0.536,9.066666666666666,True,90
0.6,0.6,0.1,6.0,10.0,75.0,0.0,15,83,0.18072289156626506,0.9333333333333333,0.536,9.066666666666666,True,91
0.6,0.6,0.12,6.0,10.0,75.0,0.0,15,83,0.18072289156626506,0.9333333333333333,0.536,9.066666666666666,True,92
0.6,0.65,0.05,6.0,10.0,75.0,0.0,15,83,0.18072289156626506,0.9333333333333333,0.536,9.066666666666666,True,93
0.6,0.65,0.08,6.0,10.0,75.0,0.0,15,83,0.18072289156626506,0.9333333333333333,0.536,9.066666666666666,True,94
0.6,0.65,0.1,6.0,10.0,75.0,0.0,15,83,0.18072289156626506,0.9333333333333333,0.536,9.066666666666666,True,95
0.6,0.65,0.12,6.0,10.0,75.0,0.0,15,83,0.18072289156626506,0.9333333333333333,0.536,9.066666666666666,True,96
0.6,0.7,0.05,6.0,10.0,75.0,0.0,15,83,0.18072289156626506,0.9333333333333333,0.536,9.066666666666666,True,97
0.6,0.7,0.08,6.0,10.0,75.0,0.0,15,83,0.18072289156626506,0.9333333333333333,0.536,9.066666666666666,True,98
0.6,0.7,0.1,6.0,10.0,75.0,0.0,15,83,0.18072289156626506,0.9333333333333333,0.536,9.066666666666666,True,99
0.6,0.7,0.12,6.0,10.0,75.0,0.0,15,83,0.18072289156626506,0.9333333333333333,0.536,9.066666666666666,True,100
0.55,0.6,0.05,2.0,12.0,75.0,0.0,15,83,0.18072289156626506,0.9333333333333333,0.502,9.0,True,101
0.55,0.6,0.08,2.0,12.0,75.0,0.0,15,83,0.18072289156626506,0.9333333333333333,0.502,9.0,True,102
0.55,0.6,0.1,2.0,12.0,75.0,0.0,15,83,0.18072289156626506,0.9333333333333333,0.502,9.0,True,103
0.55,0.6,0.12,2.0,12.0,75.0,0.0,15,83,0.18072289156626506,0.9333333333333333,0.502,9.0,True,104
0.55,0.65,0.05,2.0,12.0,75.0,0.0,15,83,0.18072289156626506,0.9333333333333333,0.502,9.0,True,105
0.55,0.65,0.08,2.0,12.0,75.0,0.0,15,83,0.18072289156626506,0.9333333333333333,0.502,9.0,True,106
0.55,0.65,0.1,2.0,12.0,75.0,0.0,15,83,0.18072289156626506,0.9333333333333333,0.502,9.0,True,107
0.55,0.65,0.12,2.0,12.0,75.0,0.0,15,83,0.18072289156626506,0.9333333333333333,0.502,9.0,True,108
0.55,0.7,0.05,2.0,12.0,75.0,0.0,15,83,0.18072289156626506,0.9333333333333333,0.502,9.0,True,109
0.55,0.7,0.08,2.0,12.0,75.0,0.0,15,83,0.18072289156626506,0.9333333333333333,0.502,9.0,True,110
0.55,0.7,0.1,2.0,12.0,75.0,0.0,15,83,0.18072289156626506,0.9333333333333333,0.502,9.0,True,111
0.55,0.7,0.12,2.0,12.0,75.0,0.0,15,83,0.18072289156626506,0.9333333333333333,0.502,9.0,True,112
0.6,0.75,0.05,2.0,10.0,75.0,0.0,15,83,0.18072289156626506,0.9333333333333333,0.5313333333333333,8.133333333333333,True,113
0.6,0.75,0.08,2.0,10.0,75.0,0.0,15,83,0.18072289156626506,0.9333333333333333,0.5313333333333333,8.133333333333333,True,114
0.6,0.75,0.1,2.0,10.0,75.0,0.0,15,83,0.18072289156626506,0.9333333333333333,0.5313333333333333,8.133333333333333,True,115
0.6,0.75,0.12,2.0,10.0,75.0,0.0,15,83,0.18072289156626506,0.9333333333333333,0.5313333333333333,8.133333333333333,True,116
0.55,0.6,0.05,4.0,12.0,75.0,0.0,14,83,0.1686746987951807,0.9285714285714286,0.5042857142857142,9.428571428571429,True,117
0.55,0.6,0.08,4.0,12.0,75.0,0.0,14,83,0.1686746987951807,0.9285714285714286,0.5042857142857142,9.428571428571429,True,118
0.55,0.6,0.1,4.0,12.0,75.0,0.0,14,83,0.1686746987951807,0.9285714285714286,0.5042857142857142,9.428571428571429,True,119
0.55,0.6,0.12,4.0,12.0,75.0,0.0,14,83,0.1686746987951807,0.9285714285714286,0.5042857142857142,9.428571428571429,True,120
0.55,0.65,0.05,4.0,12.0,75.0,0.0,14,83,0.1686746987951807,0.9285714285714286,0.5042857142857142,9.428571428571429,True,121
0.55,0.65,0.08,4.0,12.0,75.0,0.0,14,83,0.1686746987951807,0.9285714285714286,0.5042857142857142,9.428571428571429,True,122
0.55,0.65,0.1,4.0,12.0,75.0,0.0,14,83,0.1686746987951807,0.9285714285714286,0.5042857142857142,9.428571428571429,True,123
0.55,0.65,0.12,4.0,12.0,75.0,0.0,14,83,0.1686746987951807,0.9285714285714286,0.5042857142857142,9.428571428571429,True,124
0.55,0.7,0.05,4.0,12.0,75.0,0.0,14,83,0.1686746987951807,0.9285714285714286,0.5042857142857142,9.428571428571429,True,125
0.55,0.7,0.08,4.0,12.0,75.0,0.0,14,83,0.1686746987951807,0.9285714285714286,0.5042857142857142,9.428571428571429,True,126
0.55,0.7,0.1,4.0,12.0,75.0,0.0,14,83,0.1686746987951807,0.9285714285714286,0.5042857142857142,9.428571428571429,True,127
0.55,0.7,0.12,4.0,12.0,75.0,0.0,14,83,0.1686746987951807,0.9285714285714286,0.5042857142857142,9.428571428571429,True,128
0.6,0.6,0.05,8.0,10.0,75.0,0.0,14,83,0.1686746987951807,0.9285714285714286,0.5357142857142857,9.285714285714286,True,129
0.6,0.6,0.08,8.0,10.0,75.0,0.0,14,83,0.1686746987951807,0.9285714285714286,0.5357142857142857,9.285714285714286,True,130
0.6,0.6,0.1,8.0,10.0,75.0,0.0,14,83,0.1686746987951807,0.9285714285714286,0.5357142857142857,9.285714285714286,True,131
0.6,0.6,0.12,8.0,10.0,75.0,0.0,14,83,0.1686746987951807,0.9285714285714286,0.5357142857142857,9.285714285714286,True,132
0.6,0.65,0.05,8.0,10.0,75.0,0.0,14,83,0.1686746987951807,0.9285714285714286,0.5357142857142857,9.285714285714286,True,133
0.6,0.65,0.08,8.0,10.0,75.0,0.0,14,83,0.1686746987951807,0.9285714285714286,0.5357142857142857,9.285714285714286,True,134
0.6,0.65,0.1,8.0,10.0,75.0,0.0,14,83,0.1686746987951807,0.9285714285714286,0.5357142857142857,9.285714285714286,True,135
0.6,0.65,0.12,8.0,10.0,75.0,0.0,14,83,0.1686746987951807,0.9285714285714286,0.5357142857142857,9.285714285714286,True,136
0.6,0.7,0.05,8.0,10.0,75.0,0.0,14,83,0.1686746987951807,0.9285714285714286,0.5357142857142857,9.285714285714286,True,137
0.6,0.7,0.08,8.0,10.0,75.0,0.0,14,83,0.1686746987951807,0.9285714285714286,0.5357142857142857,9.285714285714286,True,138
0.6,0.7,0.1,8.0,10.0,75.0,0.0,14,83,0.1686746987951807,0.9285714285714286,0.5357142857142857,9.285714285714286,True,139
0.6,0.7,0.12,8.0,10.0,75.0,0.0,14,83,0.1686746987951807,0.9285714285714286,0.5357142857142857,9.285714285714286,True,140
0.6,0.75,0.05,4.0,10.0,75.0,0.0,14,83,0.1686746987951807,0.9285714285714286,0.5357142857142857,8.5,True,141
0.6,0.75,0.08,4.0,10.0,75.0,0.0,14,83,0.1686746987951807,0.9285714285714286,0.5357142857142857,8.5,True,142
0.6,0.75,0.1,4.0,10.0,75.0,0.0,14,83,0.1686746987951807,0.9285714285714286,0.5357142857142857,8.5,True,143
0.6,0.75,0.12,4.0,10.0,75.0,0.0,14,83,0.1686746987951807,0.9285714285714286,0.5357142857142857,8.5,True,144
0.55,0.6,0.05,6.0,12.0,75.0,0.0,13,83,0.1566265060240964,0.9230769230769231,0.5053846153846153,9.76923076923077,True,145
0.55,0.6,0.08,6.0,12.0,75.0,0.0,13,83,0.1566265060240964,0.9230769230769231,0.5053846153846153,9.76923076923077,True,146
0.55,0.6,0.1,6.0,12.0,75.0,0.0,13,83,0.1566265060240964,0.9230769230769231,0.5053846153846153,9.76923076923077,True,147
0.55,0.6,0.12,6.0,12.0,75.0,0.0,13,83,0.1566265060240964,0.9230769230769231,0.5053846153846153,9.76923076923077,True,148
0.55,0.65,0.05,6.0,12.0,75.0,0.0,13,83,0.1566265060240964,0.9230769230769231,0.5053846153846153,9.76923076923077,True,149
0.55,0.65,0.08,6.0,12.0,75.0,0.0,13,83,0.1566265060240964,0.9230769230769231,0.5053846153846153,9.76923076923077,True,150
0.55,0.65,0.1,6.0,12.0,75.0,0.0,13,83,0.1566265060240964,0.9230769230769231,0.5053846153846153,9.76923076923077,True,151
0.55,0.65,0.12,6.0,12.0,75.0,0.0,13,83,0.1566265060240964,0.9230769230769231,0.5053846153846153,9.76923076923077,True,152
0.55,0.7,0.05,6.0,12.0,75.0,0.0,13,83,0.1566265060240964,0.9230769230769231,0.5053846153846153,9.76923076923077,True,153
0.55,0.7,0.08,6.0,12.0,75.0,0.0,13,83,0.1566265060240964,0.9230769230769231,0.5053846153846153,9.76923076923077,True,154
0.55,0.7,0.1,6.0,12.0,75.0,0.0,13,83,0.1566265060240964,0.9230769230769231,0.5053846153846153,9.76923076923077,True,155
0.55,0.7,0.12,6.0,12.0,75.0,0.0,13,83,0.1566265060240964,0.9230769230769231,0.5053846153846153,9.76923076923077,True,156
0.55,0.75,0.05,2.0,12.0,75.0,0.0,13,83,0.1566265060240964,0.9230769230769231,0.5023076923076922,9.076923076923077,True,157
0.55,0.75,0.08,2.0,12.0,75.0,0.0,13,83,0.1566265060240964,0.9230769230769231,0.5023076923076922,9.076923076923077,True,158
0.55,0.75,0.1,2.0,12.0,75.0,0.0,13,83,0.1566265060240964,0.9230769230769231,0.5023076923076922,9.076923076923077,True,159
0.55,0.75,0.12,2.0,12.0,75.0,0.0,13,83,0.1566265060240964,0.9230769230769231,0.5023076923076922,9.076923076923077,True,160
0.55,0.6,0.05,8.0,12.0,75.0,0.0,12,83,0.14457831325301204,0.9166666666666666,0.5025,10.083333333333334,True,161
0.55,0.6,0.08,8.0,12.0,75.0,0.0,12,83,0.14457831325301204,0.9166666666666666,0.5025,10.083333333333334,True,162
0.55,0.6,0.1,8.0,12.0,75.0,0.0,12,83,0.14457831325301204,0.9166666666666666,0.5025,10.083333333333334,True,163
0.55,0.6,0.12,8.0,12.0,75.0,0.0,12,83,0.14457831325301204,0.9166666666666666,0.5025,10.083333333333334,True,164
0.55,0.65,0.05,8.0,12.0,75.0,0.0,12,83,0.14457831325301204,0.9166666666666666,0.5025,10.083333333333334,True,165
0.55,0.65,0.08,8.0,12.0,75.0,0.0,12,83,0.14457831325301204,0.9166666666666666,0.5025,10.083333333333334,True,166
0.55,0.65,0.1,8.0,12.0,75.0,0.0,12,83,0.14457831325301204,0.9166666666666666,0.5025,10.083333333333334,True,167
0.55,0.65,0.12,8.0,12.0,75.0,0.0,12,83,0.14457831325301204,0.9166666666666666,0.5025,10.083333333333334,True,168
0.55,0.7,0.05,8.0,12.0,75.0,0.0,12,83,0.14457831325301204,0.9166666666666666,0.5025,10.083333333333334,True,169
0.55,0.7,0.08,8.0,12.0,75.0,0.0,12,83,0.14457831325301204,0.9166666666666666,0.5025,10.083333333333334,True,170
0.55,0.7,0.1,8.0,12.0,75.0,0.0,12,83,0.14457831325301204,0.9166666666666666,0.5025,10.083333333333334,True,171
0.55,0.7,0.12,8.0,12.0,75.0,0.0,12,83,0.14457831325301204,0.9166666666666666,0.5025,10.083333333333334,True,172
0.55,0.75,0.05,4.0,12.0,75.0,0.0,12,83,0.14457831325301204,0.9166666666666666,0.505,9.583333333333334,True,173
0.55,0.75,0.08,4.0,12.0,75.0,0.0,12,83,0.14457831325301204,0.9166666666666666,0.505,9.583333333333334,True,174
0.55,0.75,0.1,4.0,12.0,75.0,0.0,12,83,0.14457831325301204,0.9166666666666666,0.505,9.583333333333334,True,175
0.55,0.75,0.12,4.0,12.0,75.0,0.0,12,83,0.14457831325301204,0.9166666666666666,0.505,9.583333333333334,True,176
0.6,0.75,0.05,6.0,10.0,75.0,0.0,12,83,0.14457831325301204,0.9166666666666666,0.5366666666666667,9.083333333333334,True,177
0.6,0.75,0.08,6.0,10.0,75.0,0.0,12,83,0.14457831325301204,0.9166666666666666,0.5366666666666667,9.083333333333334,True,178
0.6,0.75,0.1,6.0,10.0,75.0,0.0,12,83,0.14457831325301204,0.9166666666666666,0.5366666666666667,9.083333333333334,True,179
0.6,0.75,0.12,6.0,10.0,75.0,0.0,12,83,0.14457831325301204,0.9166666666666666,0.5366666666666667,9.083333333333334,True,180
0.55,0.6,0.05,2.0,10.0,75.0,0.0,12,83,0.14457831325301204,0.9166666666666666,0.5083333333333334,8.083333333333334,True,181
0.55,0.6,0.08,2.0,10.0,75.0,0.0,12,83,0.14457831325301204,0.9166666666666666,0.5083333333333334,8.083333333333334,True,182
0.55,0.6,0.1,2.0,10.0,75.0,0.0,12,83,0.14457831325301204,0.9166666666666666,0.5083333333333334,8.083333333333334,True,183
0.55,0.6,0.12,2.0,10.0,75.0,0.0,12,83,0.14457831325301204,0.9166666666666666,0.5083333333333334,8.083333333333334,True,184
0.55,0.65,0.05,2.0,10.0,75.0,0.0,12,83,0.14457831325301204,0.9166666666666666,0.5083333333333334,8.083333333333334,True,185
0.55,0.65,0.08,2.0,10.0,75.0,0.0,12,83,0.14457831325301204,0.9166666666666666,0.5083333333333334,8.083333333333334,True,186
0.55,0.65,0.1,2.0,10.0,75.0,0.0,12,83,0.14457831325301204,0.9166666666666666,0.5083333333333334,8.083333333333334,True,187
0.55,0.65,0.12,2.0,10.0,75.0,0.0,12,83,0.14457831325301204,0.9166666666666666,0.5083333333333334,8.083333333333334,True,188
0.55,0.7,0.05,2.0,10.0,75.0,0.0,12,83,0.14457831325301204,0.9166666666666666,0.5083333333333334,8.083333333333334,True,189
0.55,0.7,0.08,2.0,10.0,75.0,0.0,12,83,0.14457831325301204,0.9166666666666666,0.5083333333333334,8.083333333333334,True,190
0.55,0.7,0.1,2.0,10.0,75.0,0.0,12,83,0.14457831325301204,0.9166666666666666,0.5083333333333334,8.083333333333334,True,191
0.55,0.7,0.12,2.0,10.0,75.0,0.0,12,83,0.14457831325301204,0.9166666666666666,0.5083333333333334,8.083333333333334,True,192
0.5,0.75,0.05,2.0,10.0,25.0,0.0,12,83,0.14457831325301204,0.9166666666666666,0.4799999999999999,7.25,True,193
0.5,0.75,0.08,2.0,10.0,25.0,0.0,12,83,0.14457831325301204,0.9166666666666666,0.4799999999999999,7.25,True,194
0.5,0.75,0.1,2.0,10.0,25.0,0.0,12,83,0.14457831325301204,0.9166666666666666,0.4799999999999999,7.25,True,195
0.5,0.75,0.12,2.0,10.0,25.0,0.0,12,83,0.14457831325301204,0.9166666666666666,0.4799999999999999,7.25,True,196
0.55,0.75,0.05,6.0,12.0,75.0,0.0,11,83,0.13253012048192772,0.9090909090909091,0.5063636363636363,10.0,True,197
0.55,0.75,0.08,6.0,12.0,75.0,0.0,11,83,0.13253012048192772,0.9090909090909091,0.5063636363636363,10.0,True,198
0.55,0.75,0.1,6.0,12.0,75.0,0.0,11,83,0.13253012048192772,0.9090909090909091,0.5063636363636363,10.0,True,199
0.55,0.75,0.12,6.0,12.0,75.0,0.0,11,83,0.13253012048192772,0.9090909090909091,0.5063636363636363,10.0,True,200
0.6,0.75,0.05,8.0,10.0,75.0,0.0,11,83,0.13253012048192772,0.9090909090909091,0.5363636363636363,9.363636363636363,True,201
0.6,0.75,0.08,8.0,10.0,75.0,0.0,11,83,0.13253012048192772,0.9090909090909091,0.5363636363636363,9.363636363636363,True,202
0.6,0.75,0.1,8.0,10.0,75.0,0.0,11,83,0.13253012048192772,0.9090909090909091,0.5363636363636363,9.363636363636363,True,203
0.6,0.75,0.12,8.0,10.0,75.0,0.0,11,83,0.13253012048192772,0.9090909090909091,0.5363636363636363,9.363636363636363,True,204
0.55,0.6,0.05,4.0,10.0,75.0,0.0,11,83,0.13253012048192772,0.9090909090909091,0.5118181818181818,8.545454545454545,True,205
0.55,0.6,0.08,4.0,10.0,75.0,0.0,11,83,0.13253012048192772,0.9090909090909091,0.5118181818181818,8.545454545454545,True,206
0.55,0.6,0.1,4.0,10.0,75.0,0.0,11,83,0.13253012048192772,0.9090909090909091,0.5118181818181818,8.545454545454545,True,207
0.55,0.6,0.12,4.0,10.0,75.0,0.0,11,83,0.13253012048192772,0.9090909090909091,0.5118181818181818,8.545454545454545,True,208
0.55,0.65,0.05,4.0,10.0,75.0,0.0,11,83,0.13253012048192772,0.9090909090909091,0.5118181818181818,8.545454545454545,True,209
0.55,0.65,0.08,4.0,10.0,75.0,0.0,11,83,0.13253012048192772,0.9090909090909091,0.5118181818181818,8.545454545454545,True,210
0.55,0.65,0.1,4.0,10.0,75.0,0.0,11,83,0.13253012048192772,0.9090909090909091,0.5118181818181818,8.545454545454545,True,211
0.55,0.65,0.12,4.0,10.0,75.0,0.0,11,83,0.13253012048192772,0.9090909090909091,0.5118181818181818,8.545454545454545,True,212
0.55,0.7,0.05,4.0,10.0,75.0,0.0,11,83,0.13253012048192772,0.9090909090909091,0.5118181818181818,8.545454545454545,True,213
0.55,0.7,0.08,4.0,10.0,75.0,0.0,11,83,0.13253012048192772,0.9090909090909091,0.5118181818181818,8.545454545454545,True,214
0.55,0.7,0.1,4.0,10.0,75.0,0.0,11,83,0.13253012048192772,0.9090909090909091,0.5118181818181818,8.545454545454545,True,215
0.55,0.7,0.12,4.0,10.0,75.0,0.0,11,83,0.13253012048192772,0.9090909090909091,0.5118181818181818,8.545454545454545,True,216
0.5,0.75,0.05,4.0,10.0,25.0,0.0,11,83,0.13253012048192772,0.9090909090909091,0.48090909090909084,7.636363636363637,True,217
0.5,0.75,0.08,4.0,10.0,25.0,0.0,11,83,0.13253012048192772,0.9090909090909091,0.48090909090909084,7.636363636363637,True,218
0.5,0.75,0.1,4.0,10.0,25.0,0.0,11,83,0.13253012048192772,0.9090909090909091,0.48090909090909084,7.636363636363637,True,219
0.5,0.75,0.12,4.0,10.0,25.0,0.0,11,83,0.13253012048192772,0.9090909090909091,0.48090909090909084,7.636363636363637,True,220
0.55,0.6,0.05,2.0,10.0,50.0,0.0,20,83,0.24096385542168675,0.9,0.5085,8.35,True,221
0.55,0.6,0.08,2.0,10.0,50.0,0.0,20,83,0.24096385542168675,0.9,0.5085,8.35,True,222
0.55,0.75,0.05,8.0,12.0,75.0,0.0,10,83,0.12048192771084337,0.9,0.5029999999999999,10.4,True,223
0.55,0.75,0.08,8.0,12.0,75.0,0.0,10,83,0.12048192771084337,0.9,0.5029999999999999,10.4,True,224
0.55,0.75,0.1,8.0,12.0,75.0,0.0,10,83,0.12048192771084337,0.9,0.5029999999999999,10.4,True,225
0.55,0.75,0.12,8.0,12.0,75.0,0.0,10,83,0.12048192771084337,0.9,0.5029999999999999,10.4,True,226
0.55,0.6,0.05,6.0,10.0,75.0,0.0,10,83,0.12048192771084337,0.9,0.514,8.9,True,227
0.55,0.6,0.08,6.0,10.0,75.0,0.0,10,83,0.12048192771084337,0.9,0.514,8.9,True,228
0.55,0.6,0.1,6.0,10.0,75.0,0.0,10,83,0.12048192771084337,0.9,0.514,8.9,True,229
0.55,0.6,0.12,6.0,10.0,75.0,0.0,10,83,0.12048192771084337,0.9,0.514,8.9,True,230
0.55,0.65,0.05,6.0,10.0,75.0,0.0,10,83,0.12048192771084337,0.9,0.514,8.9,True,231
0.55,0.65,0.08,6.0,10.0,75.0,0.0,10,83,0.12048192771084337,0.9,0.514,8.9,True,232
0.55,0.65,0.1,6.0,10.0,75.0,0.0,10,83,0.12048192771084337,0.9,0.514,8.9,True,233
0.55,0.65,0.12,6.0,10.0,75.0,0.0,10,83,0.12048192771084337,0.9,0.514,8.9,True,234
0.55,0.7,0.05,6.0,10.0,75.0,0.0,10,83,0.12048192771084337,0.9,0.514,8.9,True,235
0.55,0.7,0.08,6.0,10.0,75.0,0.0,10,83,0.12048192771084337,0.9,0.514,8.9,True,236
0.55,0.7,0.1,6.0,10.0,75.0,0.0,10,83,0.12048192771084337,0.9,0.514,8.9,True,237
0.55,0.7,0.12,6.0,10.0,75.0,0.0,10,83,0.12048192771084337,0.9,0.514,8.9,True,238
0.6,0.6,0.05,2.0,10.0,0.0,0.5,10,83,0.12048192771084337,0.9,0.555,8.5,True,239
0.6,0.6,0.05,4.0,10.0,0.0,0.5,10,83,0.12048192771084337,0.9,0.555,8.5,True,240
0.6,0.6,0.08,2.0,10.0,0.0,0.5,10,83,0.12048192771084337,0.9,0.555,8.5,True,241
0.6,0.6,0.08,4.0,10.0,0.0,0.5,10,83,0.12048192771084337,0.9,0.555,8.5,True,242
0.6,0.6,0.1,2.0,10.0,0.0,0.5,10,83,0.12048192771084337,0.9,0.555,8.5,True,243
0.6,0.6,0.1,4.0,10.0,0.0,0.5,10,83,0.12048192771084337,0.9,0.555,8.5,True,244
0.6,0.6,0.12,2.0,10.0,0.0,0.5,10,83,0.12048192771084337,0.9,0.555,8.5,True,245
0.6,0.6,0.12,4.0,10.0,0.0,0.5,10,83,0.12048192771084337,0.9,0.555,8.5,True,246
0.6,0.65,0.05,2.0,10.0,0.0,0.5,10,83,0.12048192771084337,0.9,0.555,8.5,True,247
0.6,0.65,0.05,4.0,10.0,0.0,0.5,10,83,0.12048192771084337,0.9,0.555,8.5,True,248
0.6,0.65,0.08,2.0,10.0,0.0,0.5,10,83,0.12048192771084337,0.9,0.555,8.5,True,249
0.6,0.65,0.08,4.0,10.0,0.0,0.5,10,83,0.12048192771084337,0.9,0.555,8.5,True,250
0.6,0.65,0.1,2.0,10.0,0.0,0.5,10,83,0.12048192771084337,0.9,0.555,8.5,True,251
0.6,0.65,0.1,4.0,10.0,0.0,0.5,10,83,0.12048192771084337,0.9,0.555,8.5,True,252
0.6,0.65,0.12,2.0,10.0,0.0,0.5,10,83,0.12048192771084337,0.9,0.555,8.5,True,253
0.6,0.65,0.12,4.0,10.0,0.0,0.5,10,83,0.12048192771084337,0.9,0.555,8.5,True,254
0.6,0.7,0.05,2.0,10.0,0.0,0.5,10,83,0.12048192771084337,0.9,0.555,8.5,True,255
0.6,0.7,0.05,4.0,10.0,0.0,0.5,10,83,0.12048192771084337,0.9,0.555,8.5,True,256
0.6,0.7,0.08,2.0,10.0,0.0,0.5,10,83,0.12048192771084337,0.9,0.555,8.5,True,257
0.6,0.7,0.08,4.0,10.0,0.0,0.5,10,83,0.12048192771084337,0.9,0.555,8.5,True,258
0.6,0.7,0.1,2.0,10.0,0.0,0.5,10,83,0.12048192771084337,0.9,0.555,8.5,True,259
0.6,0.7,0.1,4.0,10.0,0.0,0.5,10,83,0.12048192771084337,0.9,0.555,8.5,True,260
0.6,0.7,0.12,2.0,10.0,0.0,0.5,10,83,0.12048192771084337,0.9,0.555,8.5,True,261
0.6,0.7,0.12,4.0,10.0,0.0,0.5,10,83,0.12048192771084337,0.9,0.555,8.5,True,262
0.55,0.75,0.05,2.0,10.0,75.0,0.0,10,83,0.12048192771084337,0.9,0.5099999999999999,8.0,True,263
0.55,0.75,0.08,2.0,10.0,75.0,0.0,10,83,0.12048192771084337,0.9,0.5099999999999999,8.0,True,264
0.55,0.75,0.1,2.0,10.0,75.0,0.0,10,83,0.12048192771084337,0.9,0.5099999999999999,8.0,True,265
0.55,0.75,0.12,2.0,10.0,75.0,0.0,10,83,0.12048192771084337,0.9,0.5099999999999999,8.0,True,266
0.55,0.6,0.1,2.0,10.0,50.0,0.0,19,83,0.2289156626506024,0.8947368421052632,0.5063157894736843,8.31578947368421,False,267
0.55,0.6,0.12,2.0,10.0,50.0,0.0,19,83,0.2289156626506024,0.8947368421052632,0.5063157894736843,8.31578947368421,False,268
0.55,0.65,0.05,2.0,10.0,50.0,0.0,19,83,0.2289156626506024,0.8947368421052632,0.5063157894736843,8.31578947368421,False,269
0.55,0.65,0.08,2.0,10.0,50.0,0.0,19,83,0.2289156626506024,0.8947368421052632,0.5063157894736843,8.31578947368421,False,270
0.55,0.65,0.1,2.0,10.0,50.0,0.0,19,83,0.2289156626506024,0.8947368421052632,0.5063157894736843,8.31578947368421,False,271
0.55,0.65,0.12,2.0,10.0,50.0,0.0,19,83,0.2289156626506024,0.8947368421052632,0.5063157894736843,8.31578947368421,False,272
0.55,0.75,0.05,2.0,10.0,25.0,0.0,19,83,0.2289156626506024,0.8947368421052632,0.49894736842105264,7.473684210526316,False,273
0.55,0.75,0.08,2.0,10.0,25.0,0.0,19,83,0.2289156626506024,0.8947368421052632,0.49894736842105264,7.473684210526316,False,274
0.55,0.75,0.1,2.0,10.0,25.0,0.0,19,83,0.2289156626506024,0.8947368421052632,0.49894736842105264,7.473684210526316,False,275
0.55,0.75,0.12,2.0,10.0,25.0,0.0,19,83,0.2289156626506024,0.8947368421052632,0.49894736842105264,7.473684210526316,False,276
0.55,0.7,0.05,2.0,12.0,50.0,0.0,27,83,0.3253012048192771,0.8888888888888888,0.49,9.666666666666666,False,277
0.55,0.7,0.08,2.0,12.0,50.0,0.0,27,83,0.3253012048192771,0.8888888888888888,0.49,9.666666666666666,False,278
0.55,0.7,0.1,2.0,12.0,50.0,0.0,27,83,0.3253012048192771,0.8888888888888888,0.49,9.666666666666666,False,279
0.55,0.7,0.12,2.0,12.0,50.0,0.0,27,83,0.3253012048192771,0.8888888888888888,0.49,9.666666666666666,False,280
0.55,0.6,0.05,4.0,10.0,50.0,0.0,18,83,0.21686746987951808,0.8888888888888888,0.5094444444444446,9.0,False,281
0.55,0.6,0.08,4.0,10.0,50.0,0.0,18,83,0.21686746987951808,0.8888888888888888,0.5094444444444446,9.0,False,282
0.55,0.7,0.05,2.0,10.0,50.0,0.0,18,83,0.21686746987951808,0.8888888888888888,0.505,8.277777777777779,False,283
0.55,0.7,0.08,2.0,10.0,50.0,0.0,18,83,0.21686746987951808,0.8888888888888888,0.505,8.277777777777779,False,284
0.55,0.7,0.1,2.0,10.0,50.0,0.0,18,83,0.21686746987951808,0.8888888888888888,0.505,8.277777777777779,False,285
0.55,0.7,0.12,2.0,10.0,50.0,0.0,18,83,0.21686746987951808,0.8888888888888888,0.505,8.277777777777779,False,286
0.55,0.6,0.05,6.0,10.0,50.0,0.0,17,83,0.20481927710843373,0.8823529411764706,0.5105882352941178,9.235294117647058,False,287
0.55,0.6,0.08,6.0,10.0,50.0,0.0,17,83,0.20481927710843373,0.8823529411764706,0.5105882352941178,9.235294117647058,False,288
0.55,0.6,0.1,4.0,10.0,50.0,0.0,17,83,0.20481927710843373,0.8823529411764706,0.5070588235294117,9.0,False,289
0.55,0.6,0.12,4.0,10.0,50.0,0.0,17,83,0.20481927710843373,0.8823529411764706,0.5070588235294117,9.0,False,290
0.55,0.65,0.05,4.0,10.0,50.0,0.0,17,83,0.20481927710843373,0.8823529411764706,0.5070588235294117,9.0,False,291
0.55,0.65,0.08,4.0,10.0,50.0,0.0,17,83,0.20481927710843373,0.8823529411764706,0.5070588235294117,9.0,False,292
0.55,0.65,0.1,4.0,10.0,50.0,0.0,17,83,0.20481927710843373,0.8823529411764706,0.5070588235294117,9.0,False,293
0.55,0.65,0.12,4.0,10.0,50.0,0.0,17,83,0.20481927710843373,0.8823529411764706,0.5070588235294117,9.0,False,294
0.55,0.75,0.05,4.0,10.0,25.0,0.0,17,83,0.20481927710843373,0.8823529411764706,0.4988235294117647,8.058823529411764,False,295
0.55,0.75,0.08,4.0,10.0,25.0,0.0,17,83,0.20481927710843373,0.8823529411764706,0.4988235294117647,8.058823529411764,False,296
0.55,0.75,0.1,4.0,10.0,25.0,0.0,17,83,0.20481927710843373,0.8823529411764706,0.4988235294117647,8.058823529411764,False,297
0.55,0.75,0.12,4.0,10.0,25.0,0.0,17,83,0.20481927710843373,0.8823529411764706,0.4988235294117647,8.058823529411764,False,298
0.55,0.7,0.05,4.0,12.0,50.0,0.0,25,83,0.30120481927710846,0.88,0.4892000000000001,10.24,False,299
0.55,0.7,0.08,4.0,12.0,50.0,0.0,25,83,0.30120481927710846,0.88,0.4892000000000001,10.24,False,300
0.55,0.7,0.1,4.0,12.0,50.0,0.0,25,83,0.30120481927710846,0.88,0.4892000000000001,10.24,False,301
0.55,0.7,0.12,4.0,12.0,50.0,0.0,25,83,0.30120481927710846,0.88,0.4892000000000001,10.24,False,302
0.6,0.7,0.12,2.0,12.0,50.0,0.0,40,83,0.4819277108433735,0.875,0.52,9.8,False,303
0.6,0.75,0.05,2.0,12.0,50.0,0.0,32,83,0.3855421686746988,0.875,0.5153125000000001,9.625,False,304
0.6,0.75,0.08,2.0,12.0,50.0,0.0,32,83,0.3855421686746988,0.875,0.5153125000000001,9.625,False,305
0.6,0.75,0.1,2.0,12.0,50.0,0.0,32,83,0.3855421686746988,0.875,0.5153125000000001,9.625,False,306
0.6,0.75,0.12,2.0,12.0,50.0,0.0,32,83,0.3855421686746988,0.875,0.5153125000000001,9.625,False,307
0.55,0.7,0.05,6.0,12.0,50.0,0.0,24,83,0.2891566265060241,0.875,0.4891666666666667,10.458333333333334,False,308
0.55,0.7,0.08,6.0,12.0,50.0,0.0,24,83,0.2891566265060241,0.875,0.4891666666666667,10.458333333333334,False,309
0.55,0.7,0.1,6.0,12.0,50.0,0.0,24,83,0.2891566265060241,0.875,0.4891666666666667,10.458333333333334,False,310
0.55,0.7,0.12,6.0,12.0,50.0,0.0,24,83,0.2891566265060241,0.875,0.4891666666666667,10.458333333333334,False,311
0.55,0.7,0.05,2.0,10.0,25.0,0.0,24,83,0.2891566265060241,0.875,0.50625,7.875,False,312
0.55,0.7,0.08,2.0,10.0,25.0,0.0,24,83,0.2891566265060241,0.875,0.50625,7.875,False,313
0.55,0.7,0.1,2.0,10.0,25.0,0.0,24,83,0.2891566265060241,0.875,0.50625,7.875,False,314
0.55,0.7,0.12,2.0,10.0,25.0,0.0,24,83,0.2891566265060241,0.875,0.50625,7.875,False,315
0.55,0.6,0.05,8.0,10.0,50.0,0.0,16,83,0.1927710843373494,0.875,0.50875,9.4375,False,316
0.55,0.6,0.08,8.0,10.0,50.0,0.0,16,83,0.1927710843373494,0.875,0.50875,9.4375,False,317
0.55,0.6,0.1,6.0,10.0,50.0,0.0,16,83,0.1927710843373494,0.875,0.5081249999999999,9.25,False,318
0.55,0.6,0.12,6.0,10.0,50.0,0.0,16,83,0.1927710843373494,0.875,0.5081249999999999,9.25,False,319
0.55,0.65,0.05,6.0,10.0,50.0,0.0,16,83,0.1927710843373494,0.875,0.5081249999999999,9.25,False,320
0.55,0.65,0.08,6.0,10.0,50.0,0.0,16,83,0.1927710843373494,0.875,0.5081249999999999,9.25,False,321
0.55,0.65,0.1,6.0,10.0,50.0,0.0,16,83,0.1927710843373494,0.875,0.5081249999999999,9.25,False,322
0.55,0.65,0.12,6.0,10.0,50.0,0.0,16,83,0.1927710843373494,0.875,0.5081249999999999,9.25,False,323
0.55,0.7,0.05,4.0,10.0,50.0,0.0,16,83,0.1927710843373494,0.875,0.505625,9.0,False,324
0.55,0.7,0.08,4.0,10.0,50.0,0.0,16,83,0.1927710843373494,0.875,0.505625,9.0,False,325
0.55,0.7,0.1,4.0,10.0,50.0,0.0,16,83,0.1927710843373494,0.875,0.505625,9.0,False,326
0.55,0.7,0.12,4.0,10.0,50.0,0.0,16,83,0.1927710843373494,0.875,0.505625,9.0,False,327
0.6,0.7,0.12,4.0,12.0,50.0,0.0,39,83,0.46987951807228917,0.8717948717948718,0.5197435897435897,10.0,False,328
0.55,0.7,0.05,8.0,12.0,50.0,0.0,23,83,0.27710843373493976,0.8695652173913043,0.48695652173913045,10.652173913043478,False,329
0.55,0.7,0.08,8.0,12.0,50.0,0.0,23,83,0.27710843373493976,0.8695652173913043,0.48695652173913045,10.652173913043478,False,330
0.55,0.7,0.1,8.0,12.0,50.0,0.0,23,83,0.27710843373493976,0.8695652173913043,0.48695652173913045,10.652173913043478,False,331
0.55,0.7,0.12,8.0,12.0,50.0,0.0,23,83,0.27710843373493976,0.8695652173913043,0.48695652173913045,10.652173913043478,False,332
0.6,0.75,0.05,4.0,12.0,50.0,0.0,30,83,0.3614457831325301,0.8666666666666667,0.5163333333333333,10.1,False,333
0.6,0.75,0.08,4.0,12.0,50.0,0.0,30,83,0.3614457831325301,0.8666666666666667,0.5163333333333333,10.1,False,334
0.6,0.75,0.1,4.0,12.0,50.0,0.0,30,83,0.3614457831325301,0.8666666666666667,0.5163333333333333,10.1,False,335
0.6,0.75,0.12,4.0,12.0,50.0,0.0,30,83,0.3614457831325301,0.8666666666666667,0.5163333333333333,10.1,False,336
0.6,0.75,0.05,2.0,12.0,0.0,0.5,15,83,0.18072289156626506,0.8666666666666667,0.5466666666666666,10.266666666666667,False,337
0.6,0.75,0.05,4.0,12.0,0.0,0.5,15,83,0.18072289156626506,0.8666666666666667,0.5466666666666666,10.266666666666667,False,338
0.6,0.75,0.08,2.0,12.0,0.0,0.5,15,83,0.18072289156626506,0.8666666666666667,0.5466666666666666,10.266666666666667,False,339
0.6,0.75,0.08,4.0,12.0,0.0,0.5,15,83,0.18072289156626506,0.8666666666666667,0.5466666666666666,10.266666666666667,False,340
0.6,0.75,0.1,2.0,12.0,0.0,0.5,15,83,0.18072289156626506,0.8666666666666667,0.5466666666666666,10.266666666666667,False,341
0.6,0.75,0.1,4.0,12.0,0.0,0.5,15,83,0.18072289156626506,0.8666666666666667,0.5466666666666666,10.266666666666667,False,342
0.6,0.75,0.12,2.0,12.0,0.0,0.5,15,83,0.18072289156626506,0.8666666666666667,0.5466666666666666,10.266666666666667,False,343
0.6,0.75,0.12,4.0,12.0,0.0,0.5,15,83,0.18072289156626506,0.8666666666666667,0.5466666666666666,10.266666666666667,False,344
0.55,0.6,0.1,8.0,10.0,50.0,0.0,15,83,0.18072289156626506,0.8666666666666667,0.506,9.466666666666667,False,345
0.55,0.6,0.12,8.0,10.0,50.0,0.0,15,83,0.18072289156626506,0.8666666666666667,0.506,9.466666666666667,False,346
0.55,0.65,0.05,8.0,10.0,50.0,0.0,15,83,0.18072289156626506,0.8666666666666667,0.506,9.466666666666667,False,347
0.55,0.65,0.08,8.0,10.0,50.0,0.0,15,83,0.18072289156626506,0.8666666666666667,0.506,9.466666666666667,False,348
0.55,0.65,0.1,8.0,10.0,50.0,0.0,15,83,0.18072289156626506,0.8666666666666667,0.506,9.466666666666667,False,349
0.55,0.65,0.12,8.0,10.0,50.0,0.0,15,83,0.18072289156626506,0.8666666666666667,0.506,9.466666666666667,False,350
0.55,0.7,0.05,6.0,10.0,50.0,0.0,15,83,0.18072289156626506,0.8666666666666667,0.5066666666666665,9.266666666666667,False,351
0.55,0.7,0.08,6.0,10.0,50.0,0.0,15,83,0.18072289156626506,0.8666666666666667,0.5066666666666665,9.266666666666667,False,352
0.55,0.7,0.1,6.0,10.0,50.0,0.0,15,83,0.18072289156626506,0.8666666666666667,0.5066666666666665,9.266666666666667,False,353
0.55,0.7,0.12,6.0,10.0,50.0,0.0,15,83,0.18072289156626506,0.8666666666666667,0.5066666666666665,9.266666666666667,False,354
0.6,0.7,0.12,6.0,12.0,50.0,0.0,37,83,0.4457831325301205,0.8648648648648649,0.5191891891891892,10.27027027027027,False,355
0.55,0.7,0.05,4.0,10.0,25.0,0.0,22,83,0.26506024096385544,0.8636363636363636,0.5045454545454546,8.363636363636363,False,356
0.55,0.7,0.08,4.0,10.0,25.0,0.0,22,83,0.26506024096385544,0.8636363636363636,0.5045454545454546,8.363636363636363,False,357
0.55,0.7,0.1,4.0,10.0,25.0,0.0,22,83,0.26506024096385544,0.8636363636363636,0.5045454545454546,8.363636363636363,False,358
0.55,0.7,0.12,4.0,10.0,25.0,0.0,22,83,0.26506024096385544,0.8636363636363636,0.5045454545454546,8.363636363636363,False,359
0.6,0.6,0.05,2.0,10.0,50.0,0.0,29,83,0.3493975903614458,0.8620689655172413,0.5337931034482759,8.620689655172415,False,360
0.6,0.6,0.08,2.0,10.0,50.0,0.0,29,83,0.3493975903614458,0.8620689655172413,0.5337931034482759,8.620689655172415,False,361
0.55,0.6,0.05,2.0,10.0,25.0,0.0,29,83,0.3493975903614458,0.8620689655172413,0.49862068965517237,7.827586206896552,False,362
0.55,0.6,0.08,2.0,10.0,25.0,0.0,29,83,0.3493975903614458,0.8620689655172413,0.49862068965517237,7.827586206896552,False,363
0.6,0.7,0.12,8.0,12.0,50.0,0.0,35,83,0.42168674698795183,0.8571428571428571,0.5162857142857143,10.514285714285714,False,364
0.6,0.75,0.05,6.0,12.0,50.0,0.0,28,83,0.3373493975903614,0.8571428571428571,0.515357142857143,10.464285714285714,False,365
0.6,0.75,0.08,6.0,12.0,50.0,0.0,28,83,0.3373493975903614,0.8571428571428571,0.515357142857143,10.464285714285714,False,366
0.6,0.75,0.1,6.0,12.0,50.0,0.0,28,83,0.3373493975903614,0.8571428571428571,0.515357142857143,10.464285714285714,False,367
0.6,0.75,0.12,6.0,12.0,50.0,0.0,28,83,0.3373493975903614,0.8571428571428571,0.515357142857143,10.464285714285714,False,368
0.6,0.6,0.05,4.0,10.0,50.0,0.0,28,83,0.3373493975903614,0.8571428571428571,0.5339285714285715,8.857142857142858,False,369
0.6,0.6,0.08,4.0,10.0,50.0,0.0,28,83,0.3373493975903614,0.8571428571428571,0.5339285714285715,8.857142857142858,False,370
0.6,0.6,0.1,2.0,10.0,50.0,0.0,28,83,0.3373493975903614,0.8571428571428571,0.5332142857142858,8.607142857142858,False,371
0.6,0.6,0.12,2.0,10.0,50.0,0.0,28,83,0.3373493975903614,0.8571428571428571,0.5332142857142858,8.607142857142858,False,372
0.6,0.65,0.05,2.0,10.0,50.0,0.0,28,83,0.3373493975903614,0.8571428571428571,0.5332142857142858,8.607142857142858,False,373
0.6,0.65,0.08,2.0,10.0,50.0,0.0,28,83,0.3373493975903614,0.8571428571428571,0.5332142857142858,8.607142857142858,False,374
0.6,0.65,0.1,2.0,10.0,50.0,0.0,28,83,0.3373493975903614,0.8571428571428571,0.5332142857142858,8.607142857142858,False,375
0.6,0.65,0.12,2.0,10.0,50.0,0.0,28,83,0.3373493975903614,0.8571428571428571,0.5332142857142858,8.607142857142858,False,376
0.55,0.6,0.1,2.0,10.0,25.0,0.0,28,83,0.3373493975903614,0.8571428571428571,0.4967857142857143,7.785714285714286,False,377
0.55,0.6,0.12,2.0,10.0,25.0,0.0,28,83,0.3373493975903614,0.8571428571428571,0.4967857142857143,7.785714285714286,False,378
0.55,0.65,0.05,2.0,10.0,25.0,0.0,28,83,0.3373493975903614,0.8571428571428571,0.4967857142857143,7.785714285714286,False,379
0.55,0.65,0.08,2.0,10.0,25.0,0.0,28,83,0.3373493975903614,0.8571428571428571,0.4967857142857143,7.785714285714286,False,380
0.55,0.65,0.1,2.0,10.0,25.0,0.0,28,83,0.3373493975903614,0.8571428571428571,0.4967857142857143,7.785714285714286,False,381
0.55,0.65,0.12,2.0,10.0,25.0,0.0,28,83,0.3373493975903614,0.8571428571428571,0.4967857142857143,7.785714285714286,False,382
0.55,0.75,0.05,2.0,12.0,50.0,0.0,21,83,0.25301204819277107,0.8571428571428571,0.48619047619047634,9.571428571428571,False,383
0.55,0.75,0.08,2.0,12.0,50.0,0.0,21,83,0.25301204819277107,0.8571428571428571,0.48619047619047634,9.571428571428571,False,384
0.55,0.75,0.1,2.0,12.0,50.0,0.0,21,83,0.25301204819277107,0.8571428571428571,0.48619047619047634,9.571428571428571,False,385
0.55,0.75,0.12,2.0,12.0,50.0,0.0,21,83,0.25301204819277107,0.8571428571428571,0.48619047619047634,9.571428571428571,False,386
0.5,0.75,0.05,2.0,14.0,75.0,0.0,14,83,0.1686746987951807,0.8571428571428571,0.46571428571428575,11.571428571428571,False,387
0.5,0.75,0.08,2.0,14.0,75.0,0.0,14,83,0.1686746987951807,0.8571428571428571,0.46571428571428575,11.571428571428571,False,388
0.5,0.75,0.1,2.0,14.0,75.0,0.0,14,83,0.1686746987951807,0.8571428571428571,0.46571428571428575,11.571428571428571,False,389
0.5,0.75,0.12,2.0,14.0,75.0,0.0,14,83,0.1686746987951807,0.8571428571428571,0.46571428571428575,11.571428571428571,False,390
0.6,0.75,0.05,6.0,12.0,0.0,0.5,14,83,0.1686746987951807,0.8571428571428571,0.5457142857142857,10.714285714285714,False,391
0.6,0.75,0.05,8.0,12.0,0.0,0.5,14,83,0.1686746987951807,0.8571428571428571,0.5457142857142857,10.714285714285714,False,392
0.6,0.75,0.08,6.0,12.0,0.0,0.5,14,83,0.1686746987951807,0.8571428571428571,0.5457142857142857,10.714285714285714,False,393
0.6,0.75,0.08,8.0,12.0,0.0,0.5,14,83,0.1686746987951807,0.8571428571428571,0.5457142857142857,10.714285714285714,False,394
0.6,0.75,0.1,6.0,12.0,0.0,0.5,14,83,0.1686746987951807,0.8571428571428571,0.5457142857142857,10.714285714285714,False,395
0.6,0.75,0.1,8.0,12.0,0.0,0.5,14,83,0.1686746987951807,0.8571428571428571,0.5457142857142857,10.714285714285714,False,396
0.6,0.75,0.12,6.0,12.0,0.0,0.5,14,83,0.1686746987951807,0.8571428571428571,0.5457142857142857,10.714285714285714,False,397
0.6,0.75,0.12,8.0,12.0,0.0,0.5,14,83,0.1686746987951807,0.8571428571428571,0.5457142857142857,10.714285714285714,False,398
0.6,0.75,0.05,2.0,12.0,25.0,0.5,14,83,0.1686746987951807,0.8571428571428571,0.5457142857142856,10.428571428571429,False,399
0.6,0.75,0.05,4.0,12.0,25.0,0.5,14,83,0.1686746987951807,0.8571428571428571,0.5457142857142856,10.428571428571429,False,400
0.6,0.75,0.08,2.0,12.0,25.0,0.5,14,83,0.1686746987951807,0.8571428571428571,0.5457142857142856,10.428571428571429,False,401
0.6,0.75,0.08,4.0,12.0,25.0,0.5,14,83,0.1686746987951807,0.8571428571428571,0.5457142857142856,10.428571428571429,False,402
0.6,0.75,0.1,2.0,12.0,25.0,0.5,14,83,0.1686746987951807,0.8571428571428571,0.5457142857142856,10.428571428571429,False,403
0.6,0.75,0.1,4.0,12.0,25.0,0.5,14,83,0.1686746987951807,0.8571428571428571,0.5457142857142856,10.428571428571429,False,404
0.6,0.75,0.12,2.0,12.0,25.0,0.5,14,83,0.1686746987951807,0.8571428571428571,0.5457142857142856,10.428571428571429,False,405
0.6,0.75,0.12,4.0,12.0,25.0,0.5,14,83,0.1686746987951807,0.8571428571428571,0.5457142857142856,10.428571428571429,False,406
0.55,0.7,0.05,8.0,10.0,50.0,0.0,14,83,0.1686746987951807,0.8571428571428571,0.5042857142857142,9.5,False,407
0.55,0.7,0.08,8.0,10.0,50.0,0.0,14,83,0.1686746987951807,0.8571428571428571,0.5042857142857142,9.5,False,408
0.55,0.7,0.1,8.0,10.0,50.0,0.0,14,83,0.1686746987951807,0.8571428571428571,0.5042857142857142,9.5,False,409
0.55,0.7,0.12,8.0,10.0,50.0,0.0,14,83,0.1686746987951807,0.8571428571428571,0.5042857142857142,9.5,False,410
0.55,0.75,0.05,6.0,10.0,25.0,0.0,14,83,0.1686746987951807,0.8571428571428571,0.5007142857142857,8.857142857142858,False,411
0.55,0.75,0.08,6.0,10.0,25.0,0.0,14,83,0.1686746987951807,0.8571428571428571,0.5007142857142857,8.857142857142858,False,412
0.55,0.75,0.1,6.0,10.0,25.0,0.0,14,83,0.1686746987951807,0.8571428571428571,0.5007142857142857,8.857142857142858,False,413
0.55,0.75,0.12,6.0,10.0,25.0,0.0,14,83,0.1686746987951807,0.8571428571428571,0.5007142857142857,8.857142857142858,False,414
0.55,0.75,0.05,2.0,10.0,50.0,0.0,14,83,0.1686746987951807,0.8571428571428571,0.5014285714285714,8.071428571428571,False,415
0.55,0.75,0.08,2.0,10.0,50.0,0.0,14,83,0.1686746987951807,0.8571428571428571,0.5014285714285714,8.071428571428571,False,416
0.55,0.75,0.1,2.0,10.0,50.0,0.0,14,83,0.1686746987951807,0.8571428571428571,0.5014285714285714,8.071428571428571,False,417
0.55,0.75,0.12,2.0,10.0,50.0,0.0,14,83,0.1686746987951807,0.8571428571428571,0.5014285714285714,8.071428571428571,False,418
0.5,0.7,0.05,2.0,10.0,25.0,0.0,14,83,0.1686746987951807,0.8571428571428571,0.4807142857142857,7.357142857142857,False,419
0.5,0.7,0.08,2.0,10.0,25.0,0.0,14,83,0.1686746987951807,0.8571428571428571,0.4807142857142857,7.357142857142857,False,420
0.5,0.7,0.1,2.0,10.0,25.0,0.0,14,83,0.1686746987951807,0.8571428571428571,0.4807142857142857,7.357142857142857,False,421
0.5,0.7,0.12,2.0,10.0,25.0,0.0,14,83,0.1686746987951807,0.8571428571428571,0.4807142857142857,7.357142857142857,False,422
0.6,0.7,0.05,2.0,12.0,50.0,0.0,41,83,0.4939759036144578,0.8536585365853658,0.5219512195121951,9.829268292682928,False,423
0.6,0.7,0.08,2.0,12.0,50.0,0.0,41,83,0.4939759036144578,0.8536585365853658,0.5219512195121951,9.829268292682928,False,424
0.6,0.7,0.1,2.0,12.0,50.0,0.0,41,83,0.4939759036144578,0.8536585365853658,0.5219512195121951,9.829268292682928,False,425
0.6,0.75,0.05,8.0,12.0,50.0,0.0,27,83,0.3253012048192771,0.8518518518518519,0.5144444444444445,10.62962962962963,False,426
0.6,0.75,0.08,8.0,12.0,50.0,0.0,27,83,0.3253012048192771,0.8518518518518519,0.5144444444444445,10.62962962962963,False,427
0.6,0.75,0.1,8.0,12.0,50.0,0.0,27,83,0.3253012048192771,0.8518518518518519,0.5144444444444445,10.62962962962963,False,428
0.6,0.75,0.12,8.0,12.0,50.0,0.0,27,83,0.3253012048192771,0.8518518518518519,0.5144444444444445,10.62962962962963,False,429
0.6,0.6,0.1,4.0,10.0,50.0,0.0,27,83,0.3253012048192771,0.8518518518518519,0.5333333333333334,8.851851851851851,False,430
0.6,0.6,0.12,4.0,10.0,50.0,0.0,27,83,0.3253012048192771,0.8518518518518519,0.5333333333333334,8.851851851851851,False,431
0.6,0.65,0.05,4.0,10.0,50.0,0.0,27,83,0.3253012048192771,0.8518518518518519,0.5333333333333334,8.851851851851851,False,432
0.6,0.65,0.08,4.0,10.0,50.0,0.0,27,83,0.3253012048192771,0.8518518518518519,0.5333333333333334,8.851851851851851,False,433
0.6,0.65,0.1,4.0,10.0,50.0,0.0,27,83,0.3253012048192771,0.8518518518518519,0.5333333333333334,8.851851851851851,False,434
0.6,0.65,0.12,4.0,10.0,50.0,0.0,27,83,0.3253012048192771,0.8518518518518519,0.5333333333333334,8.851851851851851,False,435
0.6,0.7,0.05,2.0,10.0,50.0,0.0,27,83,0.3253012048192771,0.8518518518518519,0.5333333333333334,8.592592592592593,False,436
0.6,0.7,0.08,2.0,10.0,50.0,0.0,27,83,0.3253012048192771,0.8518518518518519,0.5333333333333334,8.592592592592593,False,437
0.6,0.7,0.1,2.0,10.0,50.0,0.0,27,83,0.3253012048192771,0.8518518518518519,0.5333333333333334,8.592592592592593,False,438
0.6,0.7,0.12,2.0,10.0,50.0,0.0,27,83,0.3253012048192771,0.8518518518518519,0.5333333333333334,8.592592592592593,False,439
0.55,0.6,0.05,4.0,10.0,25.0,0.0,27,83,0.3253012048192771,0.8518518518518519,0.49666666666666665,8.222222222222221,False,440
0.55,0.6,0.08,4.0,10.0,25.0,0.0,27,83,0.3253012048192771,0.8518518518518519,0.49666666666666665,8.222222222222221,False,441
0.6,0.7,0.05,4.0,12.0,50.0,0.0,40,83,0.4819277108433735,0.85,0.5217499999999999,10.025,False,442
0.6,0.7,0.08,4.0,12.0,50.0,0.0,40,83,0.4819277108433735,0.85,0.5217499999999999,10.025,False,443
0.6,0.7,0.1,4.0,12.0,50.0,0.0,40,83,0.4819277108433735,0.85,0.5217499999999999,10.025,False,444
0.6,0.75,0.05,2.0,12.0,25.0,0.0,40,83,0.4819277108433735,0.85,0.524,9.5,False,445
0.6,0.75,0.08,2.0,12.0,25.0,0.0,40,83,0.4819277108433735,0.85,0.524,9.5,False,446
0.6,0.75,0.1,2.0,12.0,25.0,0.0,40,83,0.4819277108433735,0.85,0.524,9.5,False,447
0.6,0.75,0.12,2.0,12.0,25.0,0.0,40,83,0.4819277108433735,0.85,0.524,9.5,False,448
0.6,0.75,0.05,2.0,14.0,75.0,0.5,20,83,0.24096385542168675,0.85,0.5425000000000001,12.3,False,449
0.6,0.75,0.05,4.0,14.0,75.0,0.5,20,83,0.24096385542168675,0.85,0.5425000000000001,12.3,False,450
0.6,0.75,0.08,2.0,14.0,75.0,0.5,20,83,0.24096385542168675,0.85,0.5425000000000001,12.3,False,451
0.6,0.75,0.08,4.0,14.0,75.0,0.5,20,83,0.24096385542168675,0.85,0.5425000000000001,12.3,False,452
0.6,0.75,0.1,2.0,14.0,75.0,0.5,20,83,0.24096385542168675,0.85,0.5425000000000001,12.3,False,453
0.6,0.75,0.1,4.0,14.0,75.0,0.5,20,83,0.24096385542168675,0.85,0.5425000000000001,12.3,False,454
0.6,0.75,0.12,2.0,14.0,75.0,0.5,20,83,0.24096385542168675,0.85,0.5425000000000001,12.3,False,455
0.6,0.75,0.12,4.0,14.0,75.0,0.5,20,83,0.24096385542168675,0.85,0.5425000000000001,12.3,False,456
0.55,0.7,0.05,6.0,10.0,25.0,0.0,20,83,0.24096385542168675,0.85,0.5055000000000001,8.75,False,457
0.55,0.7,0.08,6.0,10.0,25.0,0.0,20,83,0.24096385542168675,0.85,0.5055000000000001,8.75,False,458
0.55,0.7,0.1,6.0,10.0,25.0,0.0,20,83,0.24096385542168675,0.85,0.5055000000000001,8.75,False,459
0.55,0.7,0.12,6.0,10.0,25.0,0.0,20,83,0.24096385542168675,0.85,0.5055000000000001,8.75,False,460
0.55,0.7,0.05,2.0,12.0,25.0,0.0,33,83,0.39759036144578314,0.8484848484848485,0.4954545454545455,9.545454545454545,False,461
0.55,0.7,0.08,2.0,12.0,25.0,0.0,33,83,0.39759036144578314,0.8484848484848485,0.4954545454545455,9.545454545454545,False,462
0.55,0.7,0.1,2.0,12.0,25.0,0.0,33,83,0.39759036144578314,0.8484848484848485,0.4954545454545455,9.545454545454545,False,463
0.55,0.7,0.12,2.0,12.0,25.0,0.0,33,83,0.39759036144578314,0.8484848484848485,0.4954545454545455,9.545454545454545,False,464
0.6,0.7,0.12,2.0,12.0,25.0,0.0,46,83,0.5542168674698795,0.8478260869565217,0.5265217391304349,9.826086956521738,False,465
0.55,0.75,0.05,2.0,12.0,25.0,0.0,26,83,0.3132530120481928,0.8461538461538461,0.4896153846153846,9.384615384615385,False,466
0.55,0.75,0.08,2.0,12.0,25.0,0.0,26,83,0.3132530120481928,0.8461538461538461,0.4896153846153846,9.384615384615385,False,467
0.55,0.75,0.1,2.0,12.0,25.0,0.0,26,83,0.3132530120481928,0.8461538461538461,0.4896153846153846,9.384615384615385,False,468
0.55,0.75,0.12,2.0,12.0,25.0,0.0,26,83,0.3132530120481928,0.8461538461538461,0.4896153846153846,9.384615384615385,False,469
0.6,0.6,0.05,6.0,10.0,50.0,0.0,26,83,0.3132530120481928,0.8461538461538461,0.5342307692307693,9.153846153846153,False,470
0.6,0.6,0.08,6.0,10.0,50.0,0.0,26,83,0.3132530120481928,0.8461538461538461,0.5342307692307693,9.153846153846153,False,471
0.6,0.7,0.05,4.0,10.0,50.0,0.0,26,83,0.3132530120481928,0.8461538461538461,0.5334615384615385,8.846153846153847,False,472
0.6,0.7,0.08,4.0,10.0,50.0,0.0,26,83,0.3132530120481928,0.8461538461538461,0.5334615384615385,8.846153846153847,False,473
0.6,0.7,0.1,4.0,10.0,50.0,0.0,26,83,0.3132530120481928,0.8461538461538461,0.5334615384615385,8.846153846153847,False,474
0.6,0.7,0.12,4.0,10.0,50.0,0.0,26,83,0.3132530120481928,0.8461538461538461,0.5334615384615385,8.846153846153847,False,475
0.55,0.6,0.1,4.0,10.0,25.0,0.0,26,83,0.3132530120481928,0.8461538461538461,0.4946153846153847,8.192307692307692,False,476
0.55,0.6,0.12,4.0,10.0,25.0,0.0,26,83,0.3132530120481928,0.8461538461538461,0.4946153846153847,8.192307692307692,False,477
0.55,0.65,0.05,4.0,10.0,25.0,0.0,26,83,0.3132530120481928,0.8461538461538461,0.4946153846153847,8.192307692307692,False,478
0.55,0.65,0.08,4.0,10.0,25.0,0.0,26,83,0.3132530120481928,0.8461538461538461,0.4946153846153847,8.192307692307692,False,479
0.55,0.65,0.1,4.0,10.0,25.0,0.0,26,83,0.3132530120481928,0.8461538461538461,0.4946153846153847,8.192307692307692,False,480
0.55,0.65,0.12,4.0,10.0,25.0,0.0,26,83,0.3132530120481928,0.8461538461538461,0.4946153846153847,8.192307692307692,False,481
0.5,0.75,0.05,4.0,14.0,75.0,0.0,13,83,0.1566265060240964,0.8461538461538461,0.4653846153846154,12.23076923076923,False,482
0.5,0.75,0.08,4.0,14.0,75.0,0.0,13,83,0.1566265060240964,0.8461538461538461,0.4653846153846154,12.23076923076923,False,483
0.5,0.75,0.1,4.0,14.0,75.0,0.0,13,83,0.1566265060240964,0.8461538461538461,0.4653846153846154,12.23076923076923,False,484
0.5,0.75,0.12,4.0,14.0,75.0,0.0,13,83,0.1566265060240964,0.8461538461538461,0.4653846153846154,12.23076923076923,False,485
0.6,0.75,0.05,6.0,12.0,25.0,0.5,13,83,0.1566265060240964,0.8461538461538461,0.5446153846153845,10.923076923076923,False,486
0.6,0.75,0.05,8.0,12.0,25.0,0.5,13,83,0.1566265060240964,0.8461538461538461,0.5446153846153845,10.923076923076923,False,487
0.6,0.75,0.08,6.0,12.0,25.0,0.5,13,83,0.1566265060240964,0.8461538461538461,0.5446153846153845,10.923076923076923,False,488
0.6,0.75,0.08,8.0,12.0,25.0,0.5,13,83,0.1566265060240964,0.8461538461538461,0.5446153846153845,10.923076923076923,False,489
0.6,0.75,0.1,6.0,12.0,25.0,0.5,13,83,0.1566265060240964,0.8461538461538461,0.5446153846153845,10.923076923076923,False,490
0.6,0.75,0.1,8.0,12.0,25.0,0.5,13,83,0.1566265060240964,0.8461538461538461,0.5446153846153845,10.923076923076923,False,491
0.6,0.75,0.12,6.0,12.0,25.0,0.5,13,83,0.1566265060240964,0.8461538461538461,0.5446153846153845,10.923076923076923,False,492
0.6,0.75,0.12,8.0,12.0,25.0,0.5,13,83,0.1566265060240964,0.8461538461538461,0.5446153846153845,10.923076923076923,False,493
0.6,0.75,0.05,2.0,12.0,50.0,0.5,13,83,0.1566265060240964,0.8461538461538461,0.5430769230769231,10.307692307692308,False,494
0.6,0.75,0.05,4.0,12.0,50.0,0.5,13,83,0.1566265060240964,0.8461538461538461,0.5430769230769231,10.307692307692308,False,495
0.6,0.75,0.08,2.0,12.0,50.0,0.5,13,83,0.1566265060240964,0.8461538461538461,0.5430769230769231,10.307692307692308,False,496
0.6,0.75,0.08,4.0,12.0,50.0,0.5,13,83,0.1566265060240964,0.8461538461538461,0.5430769230769231,10.307692307692308,False,497
0.6,0.75,0.1,2.0,12.0,50.0,0.5,13,83,0.1566265060240964,0.8461538461538461,0.5430769230769231,10.307692307692308,False,498
0.6,0.75,0.1,4.0,12.0,50.0,0.5,13,83,0.1566265060240964,0.8461538461538461,0.5430769230769231,10.307692307692308,False,499
0.6,0.75,0.12,2.0,12.0,50.0,0.5,13,83,0.1566265060240964,0.8461538461538461,0.5430769230769231,10.307692307692308,False,500
0.6,0.75,0.12,4.0,12.0,50.0,0.5,13,83,0.1566265060240964,0.8461538461538461,0.5430769230769231,10.307692307692308,False,501
0.5,0.7,0.05,4.0,10.0,25.0,0.0,13,83,0.1566265060240964,0.8461538461538461,0.48153846153846147,7.6923076923076925,False,502
0.5,0.7,0.08,4.0,10.0,25.0,0.0,13,83,0.1566265060240964,0.8461538461538461,0.48153846153846147,7.6923076923076925,False,503
0.5,0.7,0.1,4.0,10.0,25.0,0.0,13,83,0.1566265060240964,0.8461538461538461,0.48153846153846147,7.6923076923076925,False,504
0.5,0.7,0.12,4.0,10.0,25.0,0.0,13,83,0.1566265060240964,0.8461538461538461,0.48153846153846147,7.6923076923076925,False,505
0.6,0.6,0.05,2.0,12.0,50.0,0.0,45,83,0.5421686746987951,0.8444444444444444,0.5197777777777778,10.044444444444444,False,506
0.6,0.6,0.08,2.0,12.0,50.0,0.0,45,83,0.5421686746987951,0.8444444444444444,0.5202222222222223,10.022222222222222,False,507
0.5,0.75,0.05,2.0,14.0,25.0,0.0,32,83,0.3855421686746988,0.84375,0.46312499999999995,11.53125,False,508
0.5,0.75,0.08,2.0,14.0,25.0,0.0,32,83,0.3855421686746988,0.84375,0.46312499999999995,11.53125,False,509
0.5,0.75,0.1,2.0,14.0,25.0,0.0,32,83,0.3855421686746988,0.84375,0.46312499999999995,11.53125,False,510
0.5,0.75,0.12,2.0,14.0,25.0,0.0,32,83,0.3855421686746988,0.84375,0.46312499999999995,11.53125,False,511
0.55,0.6,0.05,2.0,12.0,50.0,0.0,32,83,0.3855421686746988,0.84375,0.4946875,9.8125,False,512
0.55,0.6,0.08,2.0,12.0,50.0,0.0,32,83,0.3855421686746988,0.84375,0.4946875,9.8125,False,513
0.6,0.7,0.05,6.0,12.0,50.0,0.0,38,83,0.4578313253012048,0.8421052631578947,0.5213157894736842,10.289473684210526,False,514
0.6,0.7,0.08,6.0,12.0,50.0,0.0,38,83,0.4578313253012048,0.8421052631578947,0.5213157894736842,10.289473684210526,False,515
0.6,0.7,0.1,6.0,12.0,50.0,0.0,38,83,0.4578313253012048,0.8421052631578947,0.5213157894736842,10.289473684210526,False,516
0.6,0.75,0.05,6.0,14.0,75.0,0.5,19,83,0.2289156626506024,0.8421052631578947,0.541578947368421,12.736842105263158,False,517
0.6,0.75,0.05,8.0,14.0,75.0,0.5,19,83,0.2289156626506024,0.8421052631578947,0.541578947368421,12.736842105263158,False,518
0.6,0.75,0.08,6.0,14.0,75.0,0.5,19,83,0.2289156626506024,0.8421052631578947,0.541578947368421,12.736842105263158,False,519
0.6,0.75,0.08,8.0,14.0,75.0,0.5,19,83,0.2289156626506024,0.8421052631578947,0.541578947368421,12.736842105263158,False,520
0.6,0.75,0.1,6.0,14.0,75.0,0.5,19,83,0.2289156626506024,0.8421052631578947,0.541578947368421,12.736842105263158,False,521
0.6,0.75,0.1,8.0,14.0,75.0,0.5,19,83,0.2289156626506024,0.8421052631578947,0.541578947368421,12.736842105263158,False,522
0.6,0.75,0.12,6.0,14.0,75.0,0.5,19,83,0.2289156626506024,0.8421052631578947,0.541578947368421,12.736842105263158,False,523
0.6,0.75,0.12,8.0,14.0,75.0,0.5,19,83,0.2289156626506024,0.8421052631578947,0.541578947368421,12.736842105263158,False,524
0.55,0.75,0.05,4.0,12.0,50.0,0.0,19,83,0.2289156626506024,0.8421052631578947,0.4847368421052633,10.31578947368421,False,525
0.55,0.75,0.08,4.0,12.0,50.0,0.0,19,83,0.2289156626506024,0.8421052631578947,0.4847368421052633,10.31578947368421,False,526
0.55,0.75,0.1,4.0,12.0,50.0,0.0,19,83,0.2289156626506024,0.8421052631578947,0.4847368421052633,10.31578947368421,False,527
0.55,0.75,0.12,4.0,12.0,50.0,0.0,19,83,0.2289156626506024,0.8421052631578947,0.4847368421052633,10.31578947368421,False,528
0.6,0.7,0.12,2.0,12.0,0.0,0.5,19,83,0.2289156626506024,0.8421052631578947,0.55,10.157894736842104,False,529
0.6,0.7,0.12,4.0,12.0,0.0,0.5,19,83,0.2289156626506024,0.8421052631578947,0.55,10.157894736842104,False,530
0.6,0.6,0.05,4.0,12.0,50.0,0.0,44,83,0.5301204819277109,0.8409090909090909,0.5195454545454545,10.227272727272727,False,531
0.6,0.6,0.08,4.0,12.0,50.0,0.0,44,83,0.5301204819277109,0.8409090909090909,0.52,10.204545454545455,False,532
0.6,0.7,0.12,4.0,12.0,25.0,0.0,44,83,0.5301204819277109,0.8409090909090909,0.525,10.159090909090908,False,533
0.6,0.65,0.05,2.0,12.0,50.0,0.0,44,83,0.5301204819277109,0.8409090909090909,0.519090909090909,10.068181818181818,False,534
0.6,0.6,0.1,2.0,12.0,50.0,0.0,44,83,0.5301204819277109,0.8409090909090909,0.5195454545454545,10.045454545454545,False,535
0.6,0.65,0.08,2.0,12.0,50.0,0.0,44,83,0.5301204819277109,0.8409090909090909,0.5195454545454545,10.045454545454545,False,536
0.6,0.65,0.1,2.0,12.0,50.0,0.0,44,83,0.5301204819277109,0.8409090909090909,0.5195454545454545,10.045454545454545,False,537
0.6,0.6,0.12,2.0,12.0,50.0,0.0,44,83,0.5301204819277109,0.8409090909090909,0.5193181818181819,9.909090909090908,False,538
0.6,0.65,0.12,2.0,12.0,50.0,0.0,44,83,0.5301204819277109,0.8409090909090909,0.5193181818181819,9.909090909090908,False,539
0.6,0.6,0.1,6.0,10.0,50.0,0.0,25,83,0.30120481927710846,0.84,0.5336000000000001,9.16,False,540
0.6,0.6,0.12,6.0,10.0,50.0,0.0,25,83,0.30120481927710846,0.84,0.5336000000000001,9.16,False,541
0.6,0.65,0.05,6.0,10.0,50.0,0.0,25,83,0.30120481927710846,0.84,0.5336000000000001,9.16,False,542
0.6,0.65,0.08,6.0,10.0,50.0,0.0,25,83,0.30120481927710846,0.84,0.5336000000000001,9.16,False,543
0.6,0.65,0.1,6.0,10.0,50.0,0.0,25,83,0.30120481927710846,0.84,0.5336000000000001,9.16,False,544
0.6,0.65,0.12,6.0,10.0,50.0,0.0,25,83,0.30120481927710846,0.84,0.5336000000000001,9.16,False,545
0.5,0.75,0.05,4.0,14.0,25.0,0.0,31,83,0.37349397590361444,0.8387096774193549,0.46290322580645166,11.806451612903226,False,546
0.5,0.75,0.08,4.0,14.0,25.0,0.0,31,83,0.37349397590361444,0.8387096774193549,0.46290322580645166,11.806451612903226,False,547
0.5,0.75,0.1,4.0,14.0,25.0,0.0,31,83,0.37349397590361444,0.8387096774193549,0.46290322580645166,11.806451612903226,False,548
0.5,0.75,0.12,4.0,14.0,25.0,0.0,31,83,0.37349397590361444,0.8387096774193549,0.46290322580645166,11.806451612903226,False,549
0.55,0.7,0.05,4.0,12.0,25.0,0.0,31,83,0.37349397590361444,0.8387096774193549,0.49354838709677423,10.0,False,550
0.55,0.7,0.08,4.0,12.0,25.0,0.0,31,83,0.37349397590361444,0.8387096774193549,0.49354838709677423,10.0,False,551
0.55,0.7,0.1,4.0,12.0,25.0,0.0,31,83,0.37349397590361444,0.8387096774193549,0.49354838709677423,10.0,False,552
0.55,0.7,0.12,4.0,12.0,25.0,0.0,31,83,0.37349397590361444,0.8387096774193549,0.49354838709677423,10.0,False,553
0.55,0.6,0.1,2.0,12.0,50.0,0.0,31,83,0.37349397590361444,0.8387096774193549,0.4929032258064516,9.838709677419354,False,554
0.55,0.6,0.12,2.0,12.0,50.0,0.0,31,83,0.37349397590361444,0.8387096774193549,0.4929032258064516,9.838709677419354,False,555
0.55,0.65,0.05,2.0,12.0,50.0,0.0,31,83,0.37349397590361444,0.8387096774193549,0.4929032258064516,9.838709677419354,False,556
0.55,0.65,0.08,2.0,12.0,50.0,0.0,31,83,0.37349397590361444,0.8387096774193549,0.4929032258064516,9.838709677419354,False,557
0.55,0.65,0.1,2.0,12.0,50.0,0.0,31,83,0.37349397590361444,0.8387096774193549,0.4929032258064516,9.838709677419354,False,558
0.55,0.65,0.12,2.0,12.0,50.0,0.0,31,83,0.37349397590361444,0.8387096774193549,0.4929032258064516,9.838709677419354,False,559
0.6,0.75,0.05,4.0,12.0,25.0,0.0,37,83,0.4457831325301205,0.8378378378378378,0.5235135135135135,10.054054054054054,False,560
0.6,0.75,0.08,4.0,12.0,25.0,0.0,37,83,0.4457831325301205,0.8378378378378378,0.5235135135135135,10.054054054054054,False,561
0.6,0.75,0.1,4.0,12.0,25.0,0.0,37,83,0.4457831325301205,0.8378378378378378,0.5235135135135135,10.054054054054054,False,562
0.6,0.75,0.12,4.0,12.0,25.0,0.0,37,83,0.4457831325301205,0.8378378378378378,0.5235135135135135,10.054054054054054,False,563
0.6,0.6,0.05,6.0,12.0,50.0,0.0,43,83,0.5180722891566265,0.8372093023255814,0.520232558139535,10.348837209302326,False,564
0.6,0.6,0.08,6.0,12.0,50.0,0.0,43,83,0.5180722891566265,0.8372093023255814,0.5206976744186047,10.325581395348838,False,565
0.6,0.65,0.05,4.0,12.0,50.0,0.0,43,83,0.5180722891566265,0.8372093023255814,0.5188372093023257,10.255813953488373,False,566
0.6,0.6,0.1,4.0,12.0,50.0,0.0,43,83,0.5180722891566265,0.8372093023255814,0.5193023255813953,10.232558139534884,False,567
0.6,0.65,0.08,4.0,12.0,50.0,0.0,43,83,0.5180722891566265,0.8372093023255814,0.5193023255813953,10.232558139534884,False,568
0.6,0.65,0.1,4.0,12.0,50.0,0.0,43,83,0.5180722891566265,0.8372093023255814,0.5193023255813953,10.232558139534884,False,569
0.6,0.6,0.12,4.0,12.0,50.0,0.0,43,83,0.5180722891566265,0.8372093023255814,0.5190697674418605,10.093023255813954,False,570
0.6,0.65,0.12,4.0,12.0,50.0,0.0,43,83,0.5180722891566265,0.8372093023255814,0.5190697674418605,10.093023255813954,False,571
0.6,0.7,0.12,6.0,12.0,25.0,0.0,42,83,0.5060240963855421,0.8333333333333334,0.5247619047619049,10.404761904761905,False,572
0.6,0.65,0.05,6.0,12.0,50.0,0.0,42,83,0.5060240963855421,0.8333333333333334,0.5195238095238095,10.380952380952381,False,573
0.6,0.6,0.1,6.0,12.0,50.0,0.0,42,83,0.5060240963855421,0.8333333333333334,0.52,10.357142857142858,False,574
0.6,0.65,0.08,6.0,12.0,50.0,0.0,42,83,0.5060240963855421,0.8333333333333334,0.52,10.357142857142858,False,575
0.6,0.65,0.1,6.0,12.0,50.0,0.0,42,83,0.5060240963855421,0.8333333333333334,0.52,10.357142857142858,False,576
0.6,0.7,0.05,8.0,12.0,50.0,0.0,36,83,0.43373493975903615,0.8333333333333334,0.5186111111111111,10.527777777777779,False,577
0.6,0.7,0.08,8.0,12.0,50.0,0.0,36,83,0.43373493975903615,0.8333333333333334,0.5186111111111111,10.527777777777779,False,578
0.6,0.7,0.1,8.0,12.0,50.0,0.0,36,83,0.43373493975903615,0.8333333333333334,0.5186111111111111,10.527777777777779,False,579
0.55,0.6,0.05,4.0,12.0,50.0,0.0,30,83,0.3614457831325301,0.8333333333333334,0.49433333333333335,10.3,False,580
0.55,0.6,0.08,4.0,12.0,50.0,0.0,30,83,0.3614457831325301,0.8333333333333334,0.49433333333333335,10.3,False,581
0.55,0.7,0.05,6.0,12.0,25.0,0.0,30,83,0.3614457831325301,0.8333333333333334,0.49366666666666675,10.166666666666666,False,582
0.55,0.7,0.08,6.0,12.0,25.0,0.0,30,83,0.3614457831325301,0.8333333333333334,0.49366666666666675,10.166666666666666,False,583
0.55,0.7,0.1,6.0,12.0,25.0,0.0,30,83,0.3614457831325301,0.8333333333333334,0.49366666666666675,10.166666666666666,False,584
0.55,0.7,0.12,6.0,12.0,25.0,0.0,30,83,0.3614457831325301,0.8333333333333334,0.49366666666666675,10.166666666666666,False,585
0.6,0.75,0.05,2.0,10.0,25.0,0.0,30,83,0.3614457831325301,0.8333333333333334,0.5326666666666667,7.9,False,586
0.6,0.75,0.08,2.0,10.0,25.0,0.0,30,83,0.3614457831325301,0.8333333333333334,0.5326666666666667,7.9,False,587
0.6,0.75,0.1,2.0,10.0,25.0,0.0,30,83,0.3614457831325301,0.8333333333333334,0.5326666666666667,7.9,False,588
0.6,0.75,0.12,2.0,10.0,25.0,0.0,30,83,0.3614457831325301,0.8333333333333334,0.5326666666666667,7.9,False,589
0.55,0.75,0.05,4.0,12.0,25.0,0.0,24,83,0.2891566265060241,0.8333333333333334,0.48875,9.958333333333334,False,590
0.55,0.75,0.08,4.0,12.0,25.0,0.0,24,83,0.2891566265060241,0.8333333333333334,0.48875,9.958333333333334,False,591
0.55,0.75,0.1,4.0,12.0,25.0,0.0,24,83,0.2891566265060241,0.8333333333333334,0.48875,9.958333333333334,False,592
0.55,0.75,0.12,4.0,12.0,25.0,0.0,24,83,0.2891566265060241,0.8333333333333334,0.48875,9.958333333333334,False,593
0.6,0.6,0.05,8.0,10.0,50.0,0.0,24,83,0.2891566265060241,0.8333333333333334,0.53125,9.416666666666666,False,594
0.6,0.6,0.08,8.0,10.0,50.0,0.0,24,83,0.2891566265060241,0.8333333333333334,0.53125,9.416666666666666,False,595
0.6,0.7,0.05,6.0,10.0,50.0,0.0,24,83,0.2891566265060241,0.8333333333333334,0.53375,9.166666666666666,False,596
0.6,0.7,0.08,6.0,10.0,50.0,0.0,24,83,0.2891566265060241,0.8333333333333334,0.53375,9.166666666666666,False,597
0.6,0.7,0.1,6.0,10.0,50.0,0.0,24,83,0.2891566265060241,0.8333333333333334,0.53375,9.166666666666666,False,598
0.6,0.7,0.12,6.0,10.0,50.0,0.0,24,83,0.2891566265060241,0.8333333333333334,0.53375,9.166666666666666,False,599
0.55,0.6,0.05,6.0,10.0,25.0,0.0,24,83,0.2891566265060241,0.8333333333333334,0.4975,8.666666666666666,False,600
0.55,0.6,0.08,6.0,10.0,25.0,0.0,24,83,0.2891566265060241,0.8333333333333334,0.4975,8.666666666666666,False,601
0.55,0.75,0.05,6.0,12.0,50.0,0.0,18,83,0.21686746987951808,0.8333333333333334,0.48444444444444446,10.61111111111111,False,602
0.55,0.75,0.08,6.0,12.0,50.0,0.0,18,83,0.21686746987951808,0.8333333333333334,0.48444444444444446,10.61111111111111,False,603
0.55,0.75,0.1,6.0,12.0,50.0,0.0,18,83,0.21686746987951808,0.8333333333333334,0.48444444444444446,10.61111111111111,False,604
0.55,0.75,0.12,6.0,12.0,50.0,0.0,18,83,0.21686746987951808,0.8333333333333334,0.48444444444444446,10.61111111111111,False,605
0.6,0.7,0.12,6.0,12.0,0.0,0.5,18,83,0.21686746987951808,0.8333333333333334,0.5494444444444445,10.5,False,606
0.6,0.7,0.12,2.0,12.0,25.0,0.5,18,83,0.21686746987951808,0.8333333333333334,0.5494444444444446,10.277777777777779,False,607
0.6,0.7,0.12,4.0,12.0,25.0,0.5,18,83,0.21686746987951808,0.8333333333333334,0.5494444444444446,10.277777777777779,False,608
0.5,0.75,0.05,2.0,12.0,25.0,0.0,18,83,0.21686746987951808,0.8333333333333334,0.46111111111111114,9.277777777777779,False,609
0.5,0.75,0.08,2.0,12.0,25.0,0.0,18,83,0.21686746987951808,0.8333333333333334,0.46111111111111114,9.277777777777779,False,610
0.5,0.75,0.1,2.0,12.0,25.0,0.0,18,83,0.21686746987951808,0.8333333333333334,0.46111111111111114,9.277777777777779,False,611
0.5,0.75,0.12,2.0,12.0,25.0,0.0,18,83,0.21686746987951808,0.8333333333333334,0.46111111111111114,9.277777777777779,False,612
0.5,0.75,0.05,6.0,14.0,75.0,0.0,12,83,0.14457831325301204,0.8333333333333334,0.4633333333333333,12.833333333333334,False,613
0.5,0.75,0.05,8.0,14.0,75.0,0.0,12,83,0.14457831325301204,0.8333333333333334,0.4633333333333333,12.833333333333334,False,614
0.5,0.75,0.08,6.0,14.0,75.0,0.0,12,83,0.14457831325301204,0.8333333333333334,0.4633333333333333,12.833333333333334,False,615
0.5,0.75,0.08,8.0,14.0,75.0,0.0,12,83,0.14457831325301204,0.8333333333333334,0.4633333333333333,12.833333333333334,False,616
0.5,0.75,0.1,6.0,14.0,75.0,0.0,12,83,0.14457831325301204,0.8333333333333334,0.4633333333333333,12.833333333333334,False,617
0.5,0.75,0.1,8.0,14.0,75.0,0.0,12,83,0.14457831325301204,0.8333333333333334,0.4633333333333333,12.833333333333334,False,618
0.5,0.75,0.12,6.0,14.0,75.0,0.0,12,83,0.14457831325301204,0.8333333333333334,0.4633333333333333,12.833333333333334,False,619
0.5,0.75,0.12,8.0,14.0,75.0,0.0,12,83,0.14457831325301204,0.8333333333333334,0.4633333333333333,12.833333333333334,False,620
0.6,0.75,0.05,6.0,12.0,50.0,0.5,12,83,0.14457831325301204,0.8333333333333334,0.5416666666666667,10.833333333333334,False,621
0.6,0.75,0.05,8.0,12.0,50.0,0.5,12,83,0.14457831325301204,0.8333333333333334,0.5416666666666667,10.833333333333334,False,622
0.6,0.75,0.08,6.0,12.0,50.0,0.5,12,83,0.14457831325301204,0.8333333333333334,0.5416666666666667,10.833333333333334,False,623
0.6,0.75,0.08,8.0,12.0,50.0,0.5,12,83,0.14457831325301204,0.8333333333333334,0.5416666666666667,10.833333333333334,False,624
0.6,0.75,0.1,6.0,12.0,50.0,0.5,12,83,0.14457831325301204,0.8333333333333334,0.5416666666666667,10.833333333333334,False,625
0.6,0.75,0.1,8.0,12.0,50.0,0.5,12,83,0.14457831325301204,0.8333333333333334,0.5416666666666667,10.833333333333334,False,626
0.6,0.75,0.12,6.0,12.0,50.0,0.5,12,83,0.14457831325301204,0.8333333333333334,0.5416666666666667,10.833333333333334,False,627
0.6,0.75,0.12,8.0,12.0,50.0,0.5,12,83,0.14457831325301204,0.8333333333333334,0.5416666666666667,10.833333333333334,False,628
0.55,0.75,0.05,4.0,10.0,50.0,0.0,12,83,0.14457831325301204,0.8333333333333334,0.5016666666666666,9.0,False,629
0.55,0.75,0.08,4.0,10.0,50.0,0.0,12,83,0.14457831325301204,0.8333333333333334,0.5016666666666666,9.0,False,630
0.55,0.75,0.1,4.0,10.0,50.0,0.0,12,83,0.14457831325301204,0.8333333333333334,0.5016666666666666,9.0,False,631
0.55,0.75,0.12,4.0,10.0,50.0,0.0,12,83,0.14457831325301204,0.8333333333333334,0.5016666666666666,9.0,False,632
0.6,0.7,0.05,2.0,12.0,25.0,0.0,47,83,0.5662650602409639,0.8297872340425532,0.5280851063829787,9.851063829787234,False,633
0.6,0.7,0.08,2.0,12.0,25.0,0.0,47,83,0.5662650602409639,0.8297872340425532,0.5280851063829787,9.851063829787234,False,634
0.6,0.7,0.1,2.0,12.0,25.0,0.0,47,83,0.5662650602409639,0.8297872340425532,0.5280851063829787,9.851063829787234,False,635
0.6,0.6,0.05,8.0,12.0,50.0,0.0,41,83,0.4939759036144578,0.8292682926829268,0.5178048780487805,10.560975609756097,False,636
0.6,0.6,0.08,8.0,12.0,50.0,0.0,41,83,0.4939759036144578,0.8292682926829268,0.5182926829268293,10.536585365853659,False,637
0.6,0.6,0.12,6.0,12.0,50.0,0.0,41,83,0.4939759036144578,0.8292682926829268,0.5185365853658536,10.341463414634147,False,638
0.6,0.65,0.12,6.0,12.0,50.0,0.0,41,83,0.4939759036144578,0.8292682926829268,0.5185365853658536,10.341463414634147,False,639
0.6,0.6,0.05,2.0,10.0,0.0,0.0,41,83,0.4939759036144578,0.8292682926829268,0.49829268292682927,8.75609756097561,False,640
0.6,0.6,0.08,2.0,10.0,0.0,0.0,41,83,0.4939759036144578,0.8292682926829268,0.49560975609756097,8.707317073170731,False,641
0.6,0.7,0.05,2.0,10.0,25.0,0.0,35,83,0.42168674698795183,0.8285714285714286,0.5362857142857143,8.2,False,642
0.6,0.7,0.08,2.0,10.0,25.0,0.0,35,83,0.42168674698795183,0.8285714285714286,0.5362857142857143,8.2,False,643
0.6,0.7,0.1,2.0,10.0,25.0,0.0,35,83,0.42168674698795183,0.8285714285714286,0.5362857142857143,8.2,False,644
0.6,0.7,0.12,2.0,10.0,25.0,0.0,35,83,0.42168674698795183,0.8285714285714286,0.5362857142857143,8.2,False,645
0.55,0.6,0.05,2.0,10.0,0.0,0.0,35,83,0.42168674698795183,0.8285714285714286,0.44571428571428573,8.057142857142857,False,646
0.55,0.6,0.08,2.0,10.0,0.0,0.0,35,83,0.42168674698795183,0.8285714285714286,0.44571428571428573,8.057142857142857,False,647
0.5,0.75,0.05,6.0,14.0,25.0,0.0,29,83,0.3493975903614458,0.8275862068965517,0.4613793103448276,12.310344827586206,False,648
0.5,0.75,0.08,6.0,14.0,25.0,0.0,29,83,0.3493975903614458,0.8275862068965517,0.4613793103448276,12.310344827586206,False,649
0.5,0.75,0.1,6.0,14.0,25.0,0.0,29,83,0.3493975903614458,0.8275862068965517,0.4613793103448276,12.310344827586206,False,650
0.5,0.75,0.12,6.0,14.0,25.0,0.0,29,83,0.3493975903614458,0.8275862068965517,0.4613793103448276,12.310344827586206,False,651
0.55,0.6,0.05,6.0,12.0,50.0,0.0,29,83,0.3493975903614458,0.8275862068965517,0.4944827586206897,10.482758620689655,False,652
0.55,0.6,0.08,6.0,12.0,50.0,0.0,29,83,0.3493975903614458,0.8275862068965517,0.4944827586206897,10.482758620689655,False,653
0.55,0.6,0.1,4.0,12.0,50.0,0.0,29,83,0.3493975903614458,0.8275862068965517,0.49241379310344824,10.344827586206897,False,654
0.55,0.6,0.12,4.0,12.0,50.0,0.0,29,83,0.3493975903614458,0.8275862068965517,0.49241379310344824,10.344827586206897,False,655
0.55,0.65,0.05,4.0,12.0,50.0,0.0,29,83,0.3493975903614458,0.8275862068965517,0.49241379310344824,10.344827586206897,False,656
0.55,0.65,0.08,4.0,12.0,50.0,0.0,29,83,0.3493975903614458,0.8275862068965517,0.49241379310344824,10.344827586206897,False,657
0.55,0.65,0.1,4.0,12.0,50.0,0.0,29,83,0.3493975903614458,0.8275862068965517,0.49241379310344824,10.344827586206897,False,658
0.55,0.65,0.12,4.0,12.0,50.0,0.0,29,83,0.3493975903614458,0.8275862068965517,0.49241379310344824,10.344827586206897,False,659
0.6,0.6,0.1,8.0,10.0,50.0,0.0,23,83,0.27710843373493976,0.8260869565217391,0.5304347826086957,9.434782608695652,False,660
0.6,0.6,0.12,8.0,10.0,50.0,0.0,23,83,0.27710843373493976,0.8260869565217391,0.5304347826086957,9.434782608695652,False,661
0.6,0.65,0.05,8.0,10.0,50.0,0.0,23,83,0.27710843373493976,0.8260869565217391,0.5304347826086957,9.434782608695652,False,662
0.6,0.65,0.08,8.0,10.0,50.0,0.0,23,83,0.27710843373493976,0.8260869565217391,0.5304347826086957,9.434782608695652,False,663
0.6,0.65,0.1,8.0,10.0,50.0,0.0,23,83,0.27710843373493976,0.8260869565217391,0.5304347826086957,9.434782608695652,False,664
0.6,0.65,0.12,8.0,10.0,50.0,0.0,23,83,0.27710843373493976,0.8260869565217391,0.5304347826086957,9.434782608695652,False,665
0.55,0.6,0.1,6.0,10.0,25.0,0.0,23,83,0.27710843373493976,0.8260869565217391,0.49521739130434783,8.652173913043478,False,666
0.55,0.6,0.12,6.0,10.0,25.0,0.0,23,83,0.27710843373493976,0.8260869565217391,0.49521739130434783,8.652173913043478,False,667
0.55,0.65,0.05,6.0,10.0,25.0,0.0,23,83,0.27710843373493976,0.8260869565217391,0.49521739130434783,8.652173913043478,False,668
0.55,0.65,0.08,6.0,10.0,25.0,0.0,23,83,0.27710843373493976,0.8260869565217391,0.49521739130434783,8.652173913043478,False,669
0.55,0.65,0.1,6.0,10.0,25.0,0.0,23,83,0.27710843373493976,0.8260869565217391,0.49521739130434783,8.652173913043478,False,670
0.55,0.65,0.12,6.0,10.0,25.0,0.0,23,83,0.27710843373493976,0.8260869565217391,0.49521739130434783,8.652173913043478,False,671
0.6,0.65,0.05,8.0,12.0,50.0,0.0,40,83,0.4819277108433735,0.825,0.517,10.6,False,672
0.6,0.6,0.1,8.0,12.0,50.0,0.0,40,83,0.4819277108433735,0.825,0.5175000000000001,10.575,False,673
0.6,0.65,0.08,8.0,12.0,50.0,0.0,40,83,0.4819277108433735,0.825,0.5175000000000001,10.575,False,674
0.6,0.65,0.1,8.0,12.0,50.0,0.0,40,83,0.4819277108433735,0.825,0.5175000000000001,10.575,False,675
0.6,0.6,0.1,2.0,10.0,0.0,0.0,40,83,0.4819277108433735,0.825,0.49424999999999997,8.625,False,676
0.6,0.6,0.12,2.0,10.0,0.0,0.0,40,83,0.4819277108433735,0.825,0.49499999999999994,8.6,False,677
0.6,0.65,0.05,2.0,10.0,0.0,0.0,40,83,0.4819277108433735,0.825,0.52625,8.575,False,678
0.6,0.65,0.08,2.0,10.0,0.0,0.0,40,83,0.4819277108433735,0.825,0.5235000000000001,8.525,False,679
0.6,0.65,0.1,2.0,10.0,0.0,0.0,40,83,0.4819277108433735,0.825,0.5235000000000001,8.45,False,680
0.6,0.65,0.12,2.0,10.0,0.0,0.0,40,83,0.4819277108433735,0.825,0.52425,8.425,False,681
0.6,0.6,0.05,2.0,12.0,25.0,0.0,51,83,0.6144578313253012,0.8235294117647058,0.5074509803921569,10.254901960784315,False,682
0.6,0.6,0.08,2.0,12.0,25.0,0.0,51,83,0.6144578313253012,0.8235294117647058,0.5074509803921569,10.254901960784315,False,683
0.6,0.75,0.05,6.0,12.0,25.0,0.0,34,83,0.40963855421686746,0.8235294117647058,0.5244117647058824,10.529411764705882,False,684
0.6,0.75,0.08,6.0,12.0,25.0,0.0,34,83,0.40963855421686746,0.8235294117647058,0.5244117647058824,10.529411764705882,False,685
0.6,0.75,0.1,6.0,12.0,25.0,0.0,34,83,0.40963855421686746,0.8235294117647058,0.5244117647058824,10.529411764705882,False,686
0.6,0.75,0.12,6.0,12.0,25.0,0.0,34,83,0.40963855421686746,0.8235294117647058,0.5244117647058824,10.529411764705882,False,687
0.55,0.6,0.1,2.0,10.0,0.0,0.0,34,83,0.40963855421686746,0.8235294117647058,0.44264705882352945,8.029411764705882,False,688
0.55,0.6,0.12,2.0,10.0,0.0,0.0,34,83,0.40963855421686746,0.8235294117647058,0.44264705882352945,8.029411764705882,False,689
0.55,0.75,0.05,8.0,12.0,50.0,0.0,17,83,0.20481927710843373,0.8235294117647058,0.48117647058823526,10.882352941176471,False,690
0.55,0.75,0.08,8.0,12.0,50.0,0.0,17,83,0.20481927710843373,0.8235294117647058,0.48117647058823526,10.882352941176471,False,691
0.55,0.75,0.1,8.0,12.0,50.0,0.0,17,83,0.20481927710843373,0.8235294117647058,0.48117647058823526,10.882352941176471,False,692
0.55,0.75,0.12,8.0,12.0,50.0,0.0,17,83,0.20481927710843373,0.8235294117647058,0.48117647058823526,10.882352941176471,False,693
0.6,0.7,0.12,8.0,12.0,0.0,0.5,17,83,0.20481927710843373,0.8235294117647058,0.5464705882352942,10.764705882352942,False,694
0.6,0.7,0.12,6.0,12.0,25.0,0.5,17,83,0.20481927710843373,0.8235294117647058,0.5488235294117648,10.647058823529411,False,695
0.6,0.7,0.12,2.0,12.0,50.0,0.5,17,83,0.20481927710843373,0.8235294117647058,0.5476470588235295,10.176470588235293,False,696
0.6,0.7,0.12,4.0,12.0,50.0,0.5,17,83,0.20481927710843373,0.8235294117647058,0.5476470588235295,10.176470588235293,False,697
0.5,0.75,0.05,4.0,12.0,25.0,0.0,17,83,0.20481927710843373,0.8235294117647058,0.4605882352941176,9.647058823529411,False,698
0.5,0.75,0.08,4.0,12.0,25.0,0.0,17,83,0.20481927710843373,0.8235294117647058,0.4605882352941176,9.647058823529411,False,699
0.5,0.75,0.1,4.0,12.0,25.0,0.0,17,83,0.20481927710843373,0.8235294117647058,0.4605882352941176,9.647058823529411,False,700
0.5,0.75,0.12,4.0,12.0,25.0,0.0,17,83,0.20481927710843373,0.8235294117647058,0.4605882352941176,9.647058823529411,False,701
0.5,0.6,0.05,2.0,10.0,25.0,0.0,17,83,0.20481927710843373,0.8235294117647058,0.4682352941176471,7.235294117647059,False,702
0.5,0.6,0.08,2.0,10.0,25.0,0.0,17,83,0.20481927710843373,0.8235294117647058,0.4682352941176471,7.235294117647059,False,703
0.5,0.6,0.1,2.0,10.0,25.0,0.0,17,83,0.20481927710843373,0.8235294117647058,0.4682352941176471,7.235294117647059,False,704
0.5,0.6,0.12,2.0,10.0,25.0,0.0,17,83,0.20481927710843373,0.8235294117647058,0.4682352941176471,7.235294117647059,False,705
0.5,0.65,0.05,2.0,10.0,25.0,0.0,17,83,0.20481927710843373,0.8235294117647058,0.4682352941176471,7.235294117647059,False,706
0.5,0.65,0.08,2.0,10.0,25.0,0.0,17,83,0.20481927710843373,0.8235294117647058,0.4682352941176471,7.235294117647059,False,707
0.5,0.65,0.1,2.0,10.0,25.0,0.0,17,83,0.20481927710843373,0.8235294117647058,0.4682352941176471,7.235294117647059,False,708
0.5,0.65,0.12,2.0,10.0,25.0,0.0,17,83,0.20481927710843373,0.8235294117647058,0.4682352941176471,7.235294117647059,False,709
0.6,0.7,0.05,4.0,12.0,25.0,0.0,45,83,0.5421686746987951,0.8222222222222222,0.5266666666666667,10.177777777777777,False,710
0.6,0.7,0.08,4.0,12.0,25.0,0.0,45,83,0.5421686746987951,0.8222222222222222,0.5266666666666667,10.177777777777777,False,711
0.6,0.7,0.1,4.0,12.0,25.0,0.0,45,83,0.5421686746987951,0.8222222222222222,0.5266666666666667,10.177777777777777,False,712
0.55,0.6,0.05,8.0,12.0,50.0,0.0,28,83,0.3373493975903614,0.8214285714285714,0.4928571428571428,10.642857142857142,False,713
0.55,0.6,0.08,8.0,12.0,50.0,0.0,28,83,0.3373493975903614,0.8214285714285714,0.4928571428571428,10.642857142857142,False,714
0.55,0.6,0.1,6.0,12.0,50.0,0.0,28,83,0.3373493975903614,0.8214285714285714,0.49250000000000005,10.535714285714286,False,715
0.55,0.6,0.12,6.0,12.0,50.0,0.0,28,83,0.3373493975903614,0.8214285714285714,0.49250000000000005,10.535714285714286,False,716
0.55,0.65,0.05,6.0,12.0,50.0,0.0,28,83,0.3373493975903614,0.8214285714285714,0.49250000000000005,10.535714285714286,False,717
0.55,0.65,0.08,6.0,12.0,50.0,0.0,28,83,0.3373493975903614,0.8214285714285714,0.49250000000000005,10.535714285714286,False,718
0.55,0.65,0.1,6.0,12.0,50.0,0.0,28,83,0.3373493975903614,0.8214285714285714,0.49250000000000005,10.535714285714286,False,719
0.55,0.65,0.12,6.0,12.0,50.0,0.0,28,83,0.3373493975903614,0.8214285714285714,0.49250000000000005,10.535714285714286,False,720
0.6,0.7,0.12,8.0,12.0,25.0,0.0,39,83,0.46987951807228917,0.8205128205128205,0.5215384615384615,10.743589743589743,False,721
0.6,0.6,0.12,8.0,12.0,50.0,0.0,39,83,0.46987951807228917,0.8205128205128205,0.515897435897436,10.564102564102564,False,722
0.6,0.65,0.12,8.0,12.0,50.0,0.0,39,83,0.46987951807228917,0.8205128205128205,0.515897435897436,10.564102564102564,False,723
0.55,0.65,0.05,2.0,12.0,25.0,0.0,39,83,0.46987951807228917,0.8205128205128205,0.4841025641025641,10.051282051282051,False,724
0.55,0.65,0.08,2.0,12.0,25.0,0.0,39,83,0.46987951807228917,0.8205128205128205,0.4841025641025641,10.051282051282051,False,725
0.55,0.65,0.1,2.0,12.0,25.0,0.0,39,83,0.46987951807228917,0.8205128205128205,0.4841025641025641,10.051282051282051,False,726
0.55,0.65,0.12,2.0,12.0,25.0,0.0,39,83,0.46987951807228917,0.8205128205128205,0.4841025641025641,10.051282051282051,False,727
0.6,0.6,0.05,4.0,10.0,0.0,0.0,39,83,0.46987951807228917,0.8205128205128205,0.4969230769230767,9.076923076923077,False,728
0.6,0.6,0.08,4.0,10.0,0.0,0.0,39,83,0.46987951807228917,0.8205128205128205,0.4941025641025639,9.025641025641026,False,729
0.6,0.6,0.1,2.0,12.0,25.0,0.0,50,83,0.6024096385542169,0.82,0.5066,10.28,False,730
0.6,0.65,0.05,2.0,12.0,25.0,0.0,50,83,0.6024096385542169,0.82,0.5098,10.26,False,731
0.6,0.65,0.08,2.0,12.0,25.0,0.0,50,83,0.6024096385542169,0.82,0.5098,10.26,False,732
0.6,0.65,0.1,2.0,12.0,25.0,0.0,50,83,0.6024096385542169,0.82,0.5098,10.26,False,733
0.6,0.6,0.12,2.0,12.0,25.0,0.0,50,83,0.6024096385542169,0.82,0.5064000000000001,10.16,False,734
0.6,0.65,0.12,2.0,12.0,25.0,0.0,50,83,0.6024096385542169,0.82,0.5096,10.14,False,735
0.55,0.75,0.05,6.0,12.0,25.0,0.0,22,83,0.26506024096385544,0.8181818181818182,0.4890909090909092,10.454545454545455,False,736
0.55,0.75,0.08,6.0,12.0,25.0,0.0,22,83,0.26506024096385544,0.8181818181818182,0.4890909090909092,10.454545454545455,False,737
0.55,0.75,0.1,6.0,12.0,25.0,0.0,22,83,0.26506024096385544,0.8181818181818182,0.4890909090909092,10.454545454545455,False,738
0.55,0.75,0.12,6.0,12.0,25.0,0.0,22,83,0.26506024096385544,0.8181818181818182,0.4890909090909092,10.454545454545455,False,739
0.6,0.7,0.05,8.0,10.0,50.0,0.0,22,83,0.26506024096385544,0.8181818181818182,0.5304545454545455,9.454545454545455,False,740
0.6,0.7,0.08,8.0,10.0,50.0,0.0,22,83,0.26506024096385544,0.8181818181818182,0.5304545454545455,9.454545454545455,False,741
0.6,0.7,0.1,8.0,10.0,50.0,0.0,22,83,0.26506024096385544,0.8181818181818182,0.5304545454545455,9.454545454545455,False,742
0.6,0.7,0.12,8.0,10.0,50.0,0.0,22,83,0.26506024096385544,0.8181818181818182,0.5304545454545455,9.454545454545455,False,743
0.6,0.75,0.05,2.0,10.0,50.0,0.0,22,83,0.26506024096385544,0.8181818181818182,0.5272727272727274,8.318181818181818,False,744
0.6,0.75,0.08,2.0,10.0,50.0,0.0,22,83,0.26506024096385544,0.8181818181818182,0.5272727272727274,8.318181818181818,False,745
0.6,0.75,0.1,2.0,10.0,50.0,0.0,22,83,0.26506024096385544,0.8181818181818182,0.5272727272727274,8.318181818181818,False,746
0.6,0.75,0.12,2.0,10.0,50.0,0.0,22,83,0.26506024096385544,0.8181818181818182,0.5272727272727274,8.318181818181818,False,747
0.55,0.75,0.05,8.0,10.0,25.0,0.0,11,83,0.13253012048192772,0.8181818181818182,0.5009090909090909,9.545454545454545,False,748
0.55,0.75,0.08,8.0,10.0,25.0,0.0,11,83,0.13253012048192772,0.8181818181818182,0.5009090909090909,9.545454545454545,False,749
0.55,0.75,0.1,8.0,10.0,25.0,0.0,11,83,0.13253012048192772,0.8181818181818182,0.5009090909090909,9.545454545454545,False,750
0.55,0.75,0.12,8.0,10.0,25.0,0.0,11,83,0.13253012048192772,0.8181818181818182,0.5009090909090909,9.545454545454545,False,751
0.55,0.75,0.05,6.0,10.0,50.0,0.0,11,83,0.13253012048192772,0.8181818181818182,0.5027272727272727,9.363636363636363,False,752
0.55,0.75,0.08,6.0,10.0,50.0,0.0,11,83,0.13253012048192772,0.8181818181818182,0.5027272727272727,9.363636363636363,False,753
0.55,0.75,0.1,6.0,10.0,50.0,0.0,11,83,0.13253012048192772,0.8181818181818182,0.5027272727272727,9.363636363636363,False,754
0.55,0.75,0.12,6.0,10.0,50.0,0.0,11,83,0.13253012048192772,0.8181818181818182,0.5027272727272727,9.363636363636363,False,755
0.6,0.6,0.05,4.0,12.0,25.0,0.0,49,83,0.5903614457831325,0.8163265306122449,0.5053061224489797,10.571428571428571,False,756
0.6,0.6,0.08,4.0,12.0,25.0,0.0,49,83,0.5903614457831325,0.8163265306122449,0.5053061224489797,10.571428571428571,False,757
0.6,0.6,0.1,4.0,10.0,0.0,0.0,38,83,0.4578313253012048,0.8157894736842105,0.4926315789473683,8.947368421052632,False,758
0.6,0.6,0.12,4.0,10.0,0.0,0.0,38,83,0.4578313253012048,0.8157894736842105,0.49342105263157876,8.921052631578947,False,759
0.6,0.7,0.05,2.0,10.0,0.0,0.0,38,83,0.4578313253012048,0.8157894736842105,0.5273684210526315,8.368421052631579,False,760
0.6,0.7,0.08,2.0,10.0,0.0,0.0,38,83,0.4578313253012048,0.8157894736842105,0.5273684210526315,8.368421052631579,False,761
0.6,0.7,0.1,2.0,10.0,0.0,0.0,38,83,0.4578313253012048,0.8157894736842105,0.5273684210526315,8.368421052631579,False,762
0.6,0.7,0.12,2.0,10.0,0.0,0.0,38,83,0.4578313253012048,0.8157894736842105,0.5273684210526315,8.368421052631579,False,763
0.5,0.75,0.05,8.0,14.0,25.0,0.0,27,83,0.3253012048192771,0.8148148148148148,0.46,12.74074074074074,False,764
0.5,0.75,0.08,8.0,14.0,25.0,0.0,27,83,0.3253012048192771,0.8148148148148148,0.46,12.74074074074074,False,765
0.5,0.75,0.1,8.0,14.0,25.0,0.0,27,83,0.3253012048192771,0.8148148148148148,0.46,12.74074074074074,False,766
0.5,0.75,0.12,8.0,14.0,25.0,0.0,27,83,0.3253012048192771,0.8148148148148148,0.46,12.74074074074074,False,767
0.55,0.6,0.1,8.0,12.0,50.0,0.0,27,83,0.3253012048192771,0.8148148148148148,0.4907407407407408,10.703703703703704,False,768
0.55,0.6,0.12,8.0,12.0,50.0,0.0,27,83,0.3253012048192771,0.8148148148148148,0.4907407407407408,10.703703703703704,False,769
0.55,0.65,0.05,8.0,12.0,50.0,0.0,27,83,0.3253012048192771,0.8148148148148148,0.4907407407407408,10.703703703703704,False,770
0.55,0.65,0.08,8.0,12.0,50.0,0.0,27,83,0.3253012048192771,0.8148148148148148,0.4907407407407408,10.703703703703704,False,771
0.55,0.65,0.1,8.0,12.0,50.0,0.0,27,83,0.3253012048192771,0.8148148148148148,0.4907407407407408,10.703703703703704,False,772
0.55,0.65,0.12,8.0,12.0,50.0,0.0,27,83,0.3253012048192771,0.8148148148148148,0.4907407407407408,10.703703703703704,False,773
0.6,0.75,0.05,4.0,10.0,25.0,0.0,27,83,0.3253012048192771,0.8148148148148148,0.532962962962963,8.481481481481481,False,774
0.6,0.75,0.08,4.0,10.0,25.0,0.0,27,83,0.3253012048192771,0.8148148148148148,0.532962962962963,8.481481481481481,False,775
0.6,0.75,0.1,4.0,10.0,25.0,0.0,27,83,0.3253012048192771,0.8148148148148148,0.532962962962963,8.481481481481481,False,776
0.6,0.75,0.12,4.0,10.0,25.0,0.0,27,83,0.3253012048192771,0.8148148148148148,0.532962962962963,8.481481481481481,False,777
0.5,0.6,0.05,2.0,10.0,0.0,0.0,27,83,0.3253012048192771,0.8148148148148148,0.40518518518518526,7.888888888888889,False,778
0.5,0.6,0.08,2.0,10.0,0.0,0.0,27,83,0.3253012048192771,0.8148148148148148,0.40518518518518526,7.888888888888889,False,779
0.5,0.6,0.1,2.0,10.0,0.0,0.0,27,83,0.3253012048192771,0.8148148148148148,0.40518518518518526,7.888888888888889,False,780
0.5,0.6,0.12,2.0,10.0,0.0,0.0,27,83,0.3253012048192771,0.8148148148148148,0.40518518518518526,7.888888888888889,False,781
0.6,0.7,0.05,6.0,12.0,25.0,0.0,43,83,0.5180722891566265,0.813953488372093,0.5265116279069768,10.418604651162791,False,782
0.6,0.7,0.08,6.0,12.0,25.0,0.0,43,83,0.5180722891566265,0.813953488372093,0.5265116279069768,10.418604651162791,False,783
0.6,0.7,0.1,6.0,12.0,25.0,0.0,43,83,0.5180722891566265,0.813953488372093,0.5265116279069768,10.418604651162791,False,784
0.6,0.6,0.05,6.0,12.0,25.0,0.0,48,83,0.5783132530120482,0.8125,0.505625,10.6875,False,785
0.6,0.6,0.08,6.0,12.0,25.0,0.0,48,83,0.5783132530120482,0.8125,0.505625,10.6875,False,786
0.6,0.6,0.1,4.0,12.0,25.0,0.0,48,83,0.5783132530120482,0.8125,0.504375,10.604166666666666,False,787
0.6,0.65,0.05,4.0,12.0,25.0,0.0,48,83,0.5783132530120482,0.8125,0.5077083333333333,10.583333333333334,False,788
0.6,0.65,0.08,4.0,12.0,25.0,0.0,48,83,0.5783132530120482,0.8125,0.5077083333333333,10.583333333333334,False,789
0.6,0.65,0.1,4.0,12.0,25.0,0.0,48,83,0.5783132530120482,0.8125,0.5077083333333333,10.583333333333334,False,790
0.6,0.6,0.12,4.0,12.0,25.0,0.0,48,83,0.5783132530120482,0.8125,0.5041666666666668,10.479166666666666,False,791
0.6,0.65,0.12,4.0,12.0,25.0,0.0,48,83,0.5783132530120482,0.8125,0.5075,10.458333333333334,False,792
0.6,0.75,0.05,8.0,12.0,25.0,0.0,32,83,0.3855421686746988,0.8125,0.5228125,10.8125,False,793
0.6,0.75,0.08,8.0,12.0,25.0,0.0,32,83,0.3855421686746988,0.8125,0.5228125,10.8125,False,794
0.6,0.75,0.1,8.0,12.0,25.0,0.0,32,83,0.3855421686746988,0.8125,0.5228125,10.8125,False,795
0.6,0.75,0.12,8.0,12.0,25.0,0.0,32,83,0.3855421686746988,0.8125,0.5228125,10.8125,False,796
0.6,0.7,0.05,4.0,10.0,25.0,0.0,32,83,0.3855421686746988,0.8125,0.5353125000000001,8.71875,False,797
0.6,0.7,0.08,4.0,10.0,25.0,0.0,32,83,0.3855421686746988,0.8125,0.5353125000000001,8.71875,False,798
0.6,0.7,0.1,4.0,10.0,25.0,0.0,32,83,0.3855421686746988,0.8125,0.5353125000000001,8.71875,False,799
0.6,0.7,0.12,4.0,10.0,25.0,0.0,32,83,0.3855421686746988,0.8125,0.5353125000000001,8.71875,False,800
0.55,0.6,0.05,4.0,10.0,0.0,0.0,32,83,0.3855421686746988,0.8125,0.45218749999999996,8.5625,False,801
0.55,0.6,0.08,4.0,10.0,0.0,0.0,32,83,0.3855421686746988,0.8125,0.45218749999999996,8.5625,False,802
0.5,0.6,0.05,2.0,14.0,75.0,0.0,16,83,0.1927710843373494,0.8125,0.46749999999999997,11.5,False,803
0.5,0.6,0.08,2.0,14.0,75.0,0.0,16,83,0.1927710843373494,0.8125,0.46749999999999997,11.5,False,804
0.5,0.6,0.1,2.0,14.0,75.0,0.0,16,83,0.1927710843373494,0.8125,0.46749999999999997,11.5,False,805
0.5,0.6,0.12,2.0,14.0,75.0,0.0,16,83,0.1927710843373494,0.8125,0.46749999999999997,11.5,False,806
0.5,0.65,0.05,2.0,14.0,75.0,0.0,16,83,0.1927710843373494,0.8125,0.46749999999999997,11.5,False,807
0.5,0.65,0.08,2.0,14.0,75.0,0.0,16,83,0.1927710843373494,0.8125,0.46749999999999997,11.5,False,808
0.5,0.65,0.1,2.0,14.0,75.0,0.0,16,83,0.1927710843373494,0.8125,0.46749999999999997,11.5,False,809
0.5,0.65,0.12,2.0,14.0,75.0,0.0,16,83,0.1927710843373494,0.8125,0.46749999999999997,11.5,False,810
0.5,0.7,0.05,2.0,14.0,75.0,0.0,16,83,0.1927710843373494,0.8125,0.46749999999999997,11.5,False,811
0.5,0.7,0.08,2.0,14.0,75.0,0.0,16,83,0.1927710843373494,0.8125,0.46749999999999997,11.5,False,812
0.5,0.7,0.1,2.0,14.0,75.0,0.0,16,83,0.1927710843373494,0.8125,0.46749999999999997,11.5,False,813
0.5,0.7,0.12,2.0,14.0,75.0,0.0,16,83,0.1927710843373494,0.8125,0.46749999999999997,11.5,False,814
0.6,0.7,0.12,8.0,12.0,25.0,0.5,16,83,0.1927710843373494,0.8125,0.545625,10.9375,False,815
0.6,0.7,0.12,6.0,12.0,50.0,0.5,16,83,0.1927710843373494,0.8125,0.546875,10.5625,False,816
0.5,0.7,0.05,2.0,12.0,50.0,0.0,16,83,0.1927710843373494,0.8125,0.454375,9.8125,False,817
0.5,0.7,0.08,2.0,12.0,50.0,0.0,16,83,0.1927710843373494,0.8125,0.454375,9.8125,False,818
0.5,0.7,0.1,2.0,12.0,50.0,0.0,16,83,0.1927710843373494,0.8125,0.454375,9.8125,False,819
0.5,0.7,0.12,2.0,12.0,50.0,0.0,16,83,0.1927710843373494,0.8125,0.454375,9.8125,False,820
0.55,0.7,0.05,8.0,10.0,25.0,0.0,16,83,0.1927710843373494,0.8125,0.5025,9.3125,False,821
0.55,0.7,0.08,8.0,10.0,25.0,0.0,16,83,0.1927710843373494,0.8125,0.5025,9.3125,False,822
0.55,0.7,0.1,8.0,10.0,25.0,0.0,16,83,0.1927710843373494,0.8125,0.5025,9.3125,False,823
0.55,0.7,0.12,8.0,10.0,25.0,0.0,16,83,0.1927710843373494,0.8125,0.5025,9.3125,False,824
0.5,0.6,0.05,4.0,10.0,25.0,0.0,16,83,0.1927710843373494,0.8125,0.468125,7.5,False,825
0.5,0.6,0.08,4.0,10.0,25.0,0.0,16,83,0.1927710843373494,0.8125,0.468125,7.5,False,826
0.5,0.6,0.1,4.0,10.0,25.0,0.0,16,83,0.1927710843373494,0.8125,0.468125,7.5,False,827
0.5,0.6,0.12,4.0,10.0,25.0,0.0,16,83,0.1927710843373494,0.8125,0.468125,7.5,False,828
0.5,0.65,0.05,4.0,10.0,25.0,0.0,16,83,0.1927710843373494,0.8125,0.468125,7.5,False,829
0.5,0.65,0.08,4.0,10.0,25.0,0.0,16,83,0.1927710843373494,0.8125,0.468125,7.5,False,830
0.5,0.65,0.1,4.0,10.0,25.0,0.0,16,83,0.1927710843373494,0.8125,0.468125,7.5,False,831
0.5,0.65,0.12,4.0,10.0,25.0,0.0,16,83,0.1927710843373494,0.8125,0.468125,7.5,False,832
0.5,0.75,0.05,2.0,10.0,0.0,0.0,16,83,0.1927710843373494,0.8125,0.441875,7.25,False,833
0.5,0.75,0.08,2.0,10.0,0.0,0.0,16,83,0.1927710843373494,0.8125,0.441875,7.25,False,834
0.5,0.75,0.1,2.0,10.0,0.0,0.0,16,83,0.1927710843373494,0.8125,0.441875,7.25,False,835
0.5,0.75,0.12,2.0,10.0,0.0,0.0,16,83,0.1927710843373494,0.8125,0.441875,7.25,False,836
0.5,0.7,0.05,2.0,14.0,25.0,0.0,37,83,0.4457831325301205,0.8108108108108109,0.4632432432432433,11.72972972972973,False,837
0.5,0.7,0.08,2.0,14.0,25.0,0.0,37,83,0.4457831325301205,0.8108108108108109,0.4632432432432433,11.72972972972973,False,838
0.5,0.7,0.1,2.0,14.0,25.0,0.0,37,83,0.4457831325301205,0.8108108108108109,0.4632432432432433,11.72972972972973,False,839
0.5,0.7,0.12,2.0,14.0,25.0,0.0,37,83,0.4457831325301205,0.8108108108108109,0.4632432432432433,11.72972972972973,False,840
0.55,0.65,0.05,4.0,12.0,25.0,0.0,37,83,0.4457831325301205,0.8108108108108109,0.48189189189189197,10.45945945945946,False,841
0.55,0.65,0.08,4.0,12.0,25.0,0.0,37,83,0.4457831325301205,0.8108108108108109,0.48189189189189197,10.45945945945946,False,842
0.55,0.65,0.1,4.0,12.0,25.0,0.0,37,83,0.4457831325301205,0.8108108108108109,0.48189189189189197,10.45945945945946,False,843
0.55,0.65,0.12,4.0,12.0,25.0,0.0,37,83,0.4457831325301205,0.8108108108108109,0.48189189189189197,10.45945945945946,False,844
0.6,0.6,0.05,6.0,10.0,0.0,0.0,37,83,0.4457831325301205,0.8108108108108109,0.49729729729729716,9.324324324324325,False,845
0.6,0.6,0.08,6.0,10.0,0.0,0.0,37,83,0.4457831325301205,0.8108108108108109,0.4943243243243242,9.27027027027027,False,846
0.6,0.65,0.05,4.0,10.0,0.0,0.0,37,83,0.4457831325301205,0.8108108108108109,0.5245945945945945,9.054054054054054,False,847
0.6,0.65,0.08,4.0,10.0,0.0,0.0,37,83,0.4457831325301205,0.8108108108108109,0.5216216216216215,9.0,False,848
0.6,0.65,0.1,4.0,10.0,0.0,0.0,37,83,0.4457831325301205,0.8108108108108109,0.5216216216216215,8.91891891891892,False,849
0.6,0.65,0.12,4.0,10.0,0.0,0.0,37,83,0.4457831325301205,0.8108108108108109,0.5224324324324324,8.891891891891891,False,850
0.6,0.6,0.05,2.0,10.0,25.0,0.0,37,83,0.4457831325301205,0.8108108108108109,0.5337837837837837,8.432432432432432,False,851
0.6,0.6,0.08,2.0,10.0,25.0,0.0,37,83,0.4457831325301205,0.8108108108108109,0.532972972972973,8.324324324324325,False,852
0.6,0.6,0.05,2.0,14.0,75.0,0.5,21,83,0.25301204819277107,0.8095238095238095,0.5395238095238096,12.380952380952381,False,853
0.6,0.6,0.05,4.0,14.0,75.0,0.5,21,83,0.25301204819277107,0.8095238095238095,0.5395238095238096,12.380952380952381,False,854
0.6,0.6,0.08,2.0,14.0,75.0,0.5,21,83,0.25301204819277107,0.8095238095238095,0.5395238095238096,12.380952380952381,False,855
0.6,0.6,0.08,4.0,14.0,75.0,0.5,21,83,0.25301204819277107,0.8095238095238095,0.5395238095238096,12.380952380952381,False,856
0.6,0.6,0.1,2.0,14.0,75.0,0.5,21,83,0.25301204819277107,0.8095238095238095,0.5395238095238096,12.380952380952381,False,857
0.6,0.6,0.1,4.0,14.0,75.0,0.5,21,83,0.25301204819277107,0.8095238095238095,0.5395238095238096,12.380952380952381,False,858
0.6,0.6,0.12,2.0,14.0,75.0,0.5,21,83,0.25301204819277107,0.8095238095238095,0.5395238095238096,12.380952380952381,False,859
0.6,0.6,0.12,4.0,14.0,75.0,0.5,21,83,0.25301204819277107,0.8095238095238095,0.5395238095238096,12.380952380952381,False,860
0.6,0.65,0.05,2.0,14.0,75.0,0.5,21,83,0.25301204819277107,0.8095238095238095,0.5395238095238096,12.380952380952381,False,861
0.6,0.65,0.05,4.0,14.0,75.0,0.5,21,83,0.25301204819277107,0.8095238095238095,0.5395238095238096,12.380952380952381,False,862
0.6,0.65,0.08,2.0,14.0,75.0,0.5,21,83,0.25301204819277107,0.8095238095238095,0.5395238095238096,12.380952380952381,False,863
0.6,0.65,0.08,4.0,14.0,75.0,0.5,21,83,0.25301204819277107,0.8095238095238095,0.5395238095238096,12.380952380952381,False,864
0.6,0.65,0.1,2.0,14.0,75.0,0.5,21,83,0.25301204819277107,0.8095238095238095,0.5395238095238096,12.380952380952381,False,865
0.6,0.65,0.1,4.0,14.0,75.0,0.5,21,83,0.25301204819277107,0.8095238095238095,0.5395238095238096,12.380952380952381,False,866
0.6,0.65,0.12,2.0,14.0,75.0,0.5,21,83,0.25301204819277107,0.8095238095238095,0.5395238095238096,12.380952380952381,False,867
0.6,0.65,0.12,4.0,14.0,75.0,0.5,21,83,0.25301204819277107,0.8095238095238095,0.5395238095238096,12.380952380952381,False,868
0.6,0.7,0.05,2.0,14.0,75.0,0.5,21,83,0.25301204819277107,0.8095238095238095,0.5395238095238096,12.380952380952381,False,869
0.6,0.7,0.05,4.0,14.0,75.0,0.5,21,83,0.25301204819277107,0.8095238095238095,0.5395238095238096,12.380952380952381,False,870
0.6,0.7,0.08,2.0,14.0,75.0,0.5,21,83,0.25301204819277107,0.8095238095238095,0.5395238095238096,12.380952380952381,False,871
0.6,0.7,0.08,4.0,14.0,75.0,0.5,21,83,0.25301204819277107,0.8095238095238095,0.5395238095238096,12.380952380952381,False,872
0.6,0.7,0.1,2.0,14.0,75.0,0.5,21,83,0.25301204819277107,0.8095238095238095,0.5395238095238096,12.380952380952381,False,873
0.6,0.7,0.1,4.0,14.0,75.0,0.5,21,83,0.25301204819277107,0.8095238095238095,0.5395238095238096,12.380952380952381,False,874
0.6,0.7,0.12,2.0,14.0,75.0,0.5,21,83,0.25301204819277107,0.8095238095238095,0.5395238095238096,12.380952380952381,False,875
0.6,0.7,0.12,4.0,14.0,75.0,0.5,21,83,0.25301204819277107,0.8095238095238095,0.5395238095238096,12.380952380952381,False,876
0.5,0.7,0.05,2.0,12.0,25.0,0.0,21,83,0.25301204819277107,0.8095238095238095,0.460952380952381,9.285714285714286,False,877
0.5,0.7,0.08,2.0,12.0,25.0,0.0,21,83,0.25301204819277107,0.8095238095238095,0.460952380952381,9.285714285714286,False,878
0.5,0.7,0.1,2.0,12.0,25.0,0.0,21,83,0.25301204819277107,0.8095238095238095,0.460952380952381,9.285714285714286,False,879
0.5,0.7,0.12,2.0,12.0,25.0,0.0,21,83,0.25301204819277107,0.8095238095238095,0.460952380952381,9.285714285714286,False,880
0.6,0.6,0.1,6.0,12.0,25.0,0.0,47,83,0.5662650602409639,0.8085106382978723,0.5046808510638298,10.72340425531915,False,881
0.6,0.65,0.05,6.0,12.0,25.0,0.0,47,83,0.5662650602409639,0.8085106382978723,0.5080851063829787,10.702127659574469,False,882
0.6,0.65,0.08,6.0,12.0,25.0,0.0,47,83,0.5662650602409639,0.8085106382978723,0.5080851063829787,10.702127659574469,False,883
0.6,0.65,0.1,6.0,12.0,25.0,0.0,47,83,0.5662650602409639,0.8085106382978723,0.5080851063829787,10.702127659574469,False,884
0.6,0.75,0.05,2.0,14.0,0.0,0.5,26,83,0.3132530120481928,0.8076923076923077,0.5411538461538462,11.884615384615385,False,885
0.6,0.75,0.05,4.0,14.0,0.0,0.5,26,83,0.3132530120481928,0.8076923076923077,0.5411538461538462,11.884615384615385,False,886
0.6,0.75,0.08,2.0,14.0,0.0,0.5,26,83,0.3132530120481928,0.8076923076923077,0.5411538461538462,11.884615384615385,False,887
0.6,0.75,0.08,4.0,14.0,0.0,0.5,26,83,0.3132530120481928,0.8076923076923077,0.5411538461538462,11.884615384615385,False,888
0.6,0.75,0.1,2.0,14.0,0.0,0.5,26,83,0.3132530120481928,0.8076923076923077,0.5411538461538462,11.884615384615385,False,889
0.6,0.75,0.1,4.0,14.0,0.0,0.5,26,83,0.3132530120481928,0.8076923076923077,0.5411538461538462,11.884615384615385,False,890
0.6,0.75,0.12,2.0,14.0,0.0,0.5,26,83,0.3132530120481928,0.8076923076923077,0.5411538461538462,11.884615384615385,False,891
0.6,0.75,0.12,4.0,14.0,0.0,0.5,26,83,0.3132530120481928,0.8076923076923077,0.5411538461538462,11.884615384615385,False,892
0.55,0.7,0.05,8.0,12.0,25.0,0.0,26,83,0.3132530120481928,0.8076923076923077,0.4900000000000001,10.73076923076923,False,893
0.55,0.7,0.08,8.0,12.0,25.0,0.0,26,83,0.3132530120481928,0.8076923076923077,0.4900000000000001,10.73076923076923,False,894
0.55,0.7,0.1,8.0,12.0,25.0,0.0,26,83,0.3132530120481928,0.8076923076923077,0.4900000000000001,10.73076923076923,False,895
0.55,0.7,0.12,8.0,12.0,25.0,0.0,26,83,0.3132530120481928,0.8076923076923077,0.4900000000000001,10.73076923076923,False,896
0.55,0.6,0.1,4.0,10.0,0.0,0.0,31,83,0.37349397590361444,0.8064516129032258,0.4490322580645162,8.548387096774194,False,897
0.55,0.6,0.12,4.0,10.0,0.0,0.0,31,83,0.37349397590361444,0.8064516129032258,0.4490322580645162,8.548387096774194,False,898
0.55,0.65,0.05,2.0,10.0,0.0,0.0,31,83,0.37349397590361444,0.8064516129032258,0.48096774193548386,8.064516129032258,False,899
0.55,0.65,0.08,2.0,10.0,0.0,0.0,31,83,0.37349397590361444,0.8064516129032258,0.48096774193548386,8.064516129032258,False,900
0.55,0.65,0.1,2.0,10.0,0.0,0.0,31,83,0.37349397590361444,0.8064516129032258,0.48096774193548386,8.064516129032258,False,901
0.55,0.65,0.12,2.0,10.0,0.0,0.0,31,83,0.37349397590361444,0.8064516129032258,0.48096774193548386,8.064516129032258,False,902
0.5,0.7,0.05,4.0,14.0,25.0,0.0,36,83,0.43373493975903615,0.8055555555555556,0.4630555555555555,11.972222222222221,False,903
0.5,0.7,0.08,4.0,14.0,25.0,0.0,36,83,0.43373493975903615,0.8055555555555556,0.4630555555555555,11.972222222222221,False,904
0.5,0.7,0.1,4.0,14.0,25.0,0.0,36,83,0.43373493975903615,0.8055555555555556,0.4630555555555555,11.972222222222221,False,905
0.5,0.7,0.12,4.0,14.0,25.0,0.0,36,83,0.43373493975903615,0.8055555555555556,0.4630555555555555,11.972222222222221,False,906
0.55,0.65,0.05,6.0,12.0,25.0,0.0,36,83,0.43373493975903615,0.8055555555555556,0.48166666666666674,10.61111111111111,False,907
0.55,0.65,0.08,6.0,12.0,25.0,0.0,36,83,0.43373493975903615,0.8055555555555556,0.48166666666666674,10.61111111111111,False,908
0.55,0.65,0.1,6.0,12.0,25.0,0.0,36,83,0.43373493975903615,0.8055555555555556,0.48166666666666674,10.61111111111111,False,909
0.55,0.65,0.12,6.0,12.0,25.0,0.0,36,83,0.43373493975903615,0.8055555555555556,0.48166666666666674,10.61111111111111,False,910
0.6,0.65,0.05,6.0,10.0,0.0,0.0,36,83,0.43373493975903615,0.8055555555555556,0.5255555555555554,9.166666666666666,False,911
0.6,0.65,0.08,6.0,10.0,0.0,0.0,36,83,0.43373493975903615,0.8055555555555556,0.5225,9.11111111111111,False,912
0.6,0.65,0.05,2.0,10.0,25.0,0.0,36,83,0.43373493975903615,0.8055555555555556,0.5333333333333333,8.416666666666666,False,913
0.6,0.6,0.1,2.0,10.0,25.0,0.0,36,83,0.43373493975903615,0.8055555555555556,0.5325,8.305555555555555,False,914
0.6,0.6,0.12,2.0,10.0,25.0,0.0,36,83,0.43373493975903615,0.8055555555555556,0.5325,8.305555555555555,False,915
0.6,0.65,0.08,2.0,10.0,25.0,0.0,36,83,0.43373493975903615,0.8055555555555556,0.5325,8.305555555555555,False,916
0.6,0.65,0.1,2.0,10.0,25.0,0.0,36,83,0.43373493975903615,0.8055555555555556,0.5325,8.305555555555555,False,917
0.6,0.65,0.12,2.0,10.0,25.0,0.0,36,83,0.43373493975903615,0.8055555555555556,0.5325,8.305555555555555,False,918
0.6,0.6,0.05,8.0,12.0,25.0,0.0,46,83,0.5542168674698795,0.8043478260869565,0.5028260869565218,10.891304347826088,False,919
0.6,0.6,0.08,8.0,12.0,25.0,0.0,46,83,0.5542168674698795,0.8043478260869565,0.5028260869565218,10.891304347826088,False,920
0.6,0.6,0.12,6.0,12.0,25.0,0.0,46,83,0.5542168674698795,0.8043478260869565,0.5030434782608696,10.717391304347826,False,921
0.6,0.65,0.12,6.0,12.0,25.0,0.0,46,83,0.5542168674698795,0.8043478260869565,0.5065217391304347,10.695652173913043,False,922
0.6,0.6,0.1,8.0,12.0,25.0,0.0,45,83,0.5421686746987951,0.8,0.5017777777777778,10.933333333333334,False,923
0.6,0.65,0.05,8.0,12.0,25.0,0.0,45,83,0.5421686746987951,0.8,0.5053333333333333,10.911111111111111,False,924
0.6,0.65,0.08,8.0,12.0,25.0,0.0,45,83,0.5421686746987951,0.8,0.5053333333333333,10.911111111111111,False,925
0.6,0.65,0.1,8.0,12.0,25.0,0.0,45,83,0.5421686746987951,0.8,0.5053333333333333,10.911111111111111,False,926
0.6,0.7,0.05,8.0,12.0,25.0,0.0,40,83,0.4819277108433735,0.8,0.5235000000000001,10.75,False,927
0.6,0.7,0.08,8.0,12.0,25.0,0.0,40,83,0.4819277108433735,0.8,0.5235000000000001,10.75,False,928
0.6,0.7,0.1,8.0,12.0,25.0,0.0,40,83,0.4819277108433735,0.8,0.5235000000000001,10.75,False,929
0.55,0.6,0.05,2.0,12.0,25.0,0.0,40,83,0.4819277108433735,0.8,0.4835000000000001,10.175,False,930
0.55,0.6,0.08,2.0,12.0,25.0,0.0,40,83,0.4819277108433735,0.8,0.4835000000000001,10.175,False,931
0.5,0.7,0.05,6.0,14.0,25.0,0.0,35,83,0.42168674698795183,0.8,0.4622857142857143,12.17142857142857,False,932
0.5,0.7,0.08,6.0,14.0,25.0,0.0,35,83,0.42168674698795183,0.8,0.4622857142857143,12.17142857142857,False,933
0.5,0.7,0.1,6.0,14.0,25.0,0.0,35,83,0.42168674698795183,0.8,0.4622857142857143,12.17142857142857,False,934
0.5,0.7,0.12,6.0,14.0,25.0,0.0,35,83,0.42168674698795183,0.8,0.4622857142857143,12.17142857142857,False,935
0.6,0.6,0.05,8.0,10.0,0.0,0.0,35,83,0.42168674698795183,0.8,0.4939999999999999,9.485714285714286,False,936
0.6,0.6,0.08,8.0,10.0,0.0,0.0,35,83,0.42168674698795183,0.8,0.49085714285714277,9.428571428571429,False,937
0.6,0.6,0.1,6.0,10.0,0.0,0.0,35,83,0.42168674698795183,0.8,0.4905714285714285,9.314285714285715,False,938
0.6,0.6,0.12,6.0,10.0,0.0,0.0,35,83,0.42168674698795183,0.8,0.4914285714285714,9.285714285714286,False,939
0.6,0.65,0.1,6.0,10.0,0.0,0.0,35,83,0.42168674698795183,0.8,0.521142857142857,9.142857142857142,False,940
0.6,0.65,0.12,6.0,10.0,0.0,0.0,35,83,0.42168674698795183,0.8,0.5219999999999999,9.114285714285714,False,941
0.6,0.7,0.05,4.0,10.0,0.0,0.0,35,83,0.42168674698795183,0.8,0.5257142857142857,8.857142857142858,False,942
0.6,0.7,0.08,4.0,10.0,0.0,0.0,35,83,0.42168674698795183,0.8,0.5257142857142857,8.857142857142858,False,943
0.6,0.7,0.1,4.0,10.0,0.0,0.0,35,83,0.42168674698795183,0.8,0.5257142857142857,8.857142857142858,False,944
0.6,0.7,0.12,4.0,10.0,0.0,0.0,35,83,0.42168674698795183,0.8,0.5257142857142857,8.857142857142858,False,945
0.6,0.7,0.05,6.0,10.0,25.0,0.0,30,83,0.3614457831325301,0.8,0.5356666666666666,8.966666666666667,False,946
0.6,0.7,0.08,6.0,10.0,25.0,0.0,30,83,0.3614457831325301,0.8,0.5356666666666666,8.966666666666667,False,947
0.6,0.7,0.1,6.0,10.0,25.0,0.0,30,83,0.3614457831325301,0.8,0.5356666666666666,8.966666666666667,False,948
0.6,0.7,0.12,6.0,10.0,25.0,0.0,30,83,0.3614457831325301,0.8,0.5356666666666666,8.966666666666667,False,949
0.6,0.75,0.05,6.0,14.0,0.0,0.5,25,83,0.30120481927710846,0.8,0.5404,12.2,False,950
0.6,0.75,0.05,8.0,14.0,0.0,0.5,25,83,0.30120481927710846,0.8,0.5404,12.2,False,951
0.6,0.75,0.08,6.0,14.0,0.0,0.5,25,83,0.30120481927710846,0.8,0.5404,12.2,False,952
0.6,0.75,0.08,8.0,14.0,0.0,0.5,25,83,0.30120481927710846,0.8,0.5404,12.2,False,953
0.6,0.75,0.1,6.0,14.0,0.0,0.5,25,83,0.30120481927710846,0.8,0.5404,12.2,False,954
0.6,0.75,0.1,8.0,14.0,0.0,0.5,25,83,0.30120481927710846,0.8,0.5404,12.2,False,955
0.6,0.75,0.12,6.0,14.0,0.0,0.5,25,83,0.30120481927710846,0.8,0.5404,12.2,False,956
0.6,0.75,0.12,8.0,14.0,0.0,0.5,25,83,0.30120481927710846,0.8,0.5404,12.2,False,957
0.6,0.75,0.05,2.0,14.0,25.0,0.5,25,83,0.30120481927710846,0.8,0.5404,12.04,False,958
0.6,0.75,0.05,4.0,14.0,25.0,0.5,25,83,0.30120481927710846,0.8,0.5404,12.04,False,959
0.6,0.75,0.08,2.0,14.0,25.0,0.5,25,83,0.30120481927710846,0.8,0.5404,12.04,False,960
0.6,0.75,0.08,4.0,14.0,25.0,0.5,25,83,0.30120481927710846,0.8,0.5404,12.04,False,961
0.6,0.75,0.1,2.0,14.0,25.0,0.5,25,83,0.30120481927710846,0.8,0.5404,12.04,False,962
0.6,0.75,0.1,4.0,14.0,25.0,0.5,25,83,0.30120481927710846,0.8,0.5404,12.04,False,963
0.6,0.75,0.12,2.0,14.0,25.0,0.5,25,83,0.30120481927710846,0.8,0.5404,12.04,False,964
0.6,0.75,0.12,4.0,14.0,25.0,0.5,25,83,0.30120481927710846,0.8,0.5404,12.04,False,965
0.5,0.6,0.05,4.0,10.0,0.0,0.0,25,83,0.30120481927710846,0.8,0.4156,8.28,False,966
0.5,0.6,0.08,4.0,10.0,0.0,0.0,25,83,0.30120481927710846,0.8,0.4156,8.28,False,967
0.5,0.6,0.1,4.0,10.0,0.0,0.0,25,83,0.30120481927710846,0.8,0.4156,8.28,False,968
0.5,0.6,0.12,4.0,10.0,0.0,0.0,25,83,0.30120481927710846,0.8,0.4156,8.28,False,969
0.6,0.6,0.05,6.0,14.0,75.0,0.5,20,83,0.24096385542168675,0.8,0.5385000000000001,12.8,False,970
0.6,0.6,0.05,8.0,14.0,75.0,0.5,20,83,0.24096385542168675,0.8,0.5385000000000001,12.8,False,971
0.6,0.6,0.08,6.0,14.0,75.0,0.5,20,83,0.24096385542168675,0.8,0.5385000000000001,12.8,False,972
0.6,0.6,0.08,8.0,14.0,75.0,0.5,20,83,0.24096385542168675,0.8,0.5385000000000001,12.8,False,973
0.6,0.6,0.1,6.0,14.0,75.0,0.5,20,83,0.24096385542168675,0.8,0.5385000000000001,12.8,False,974
0.6,0.6,0.1,8.0,14.0,75.0,0.5,20,83,0.24096385542168675,0.8,0.5385000000000001,12.8,False,975
0.6,0.6,0.12,6.0,14.0,75.0,0.5,20,83,0.24096385542168675,0.8,0.5385000000000001,12.8,False,976
0.6,0.6,0.12,8.0,14.0,75.0,0.5,20,83,0.24096385542168675,0.8,0.5385000000000001,12.8,False,977
0.6,0.65,0.05,6.0,14.0,75.0,0.5,20,83,0.24096385542168675,0.8,0.5385000000000001,12.8,False,978
0.6,0.65,0.05,8.0,14.0,75.0,0.5,20,83,0.24096385542168675,0.8,0.5385000000000001,12.8,False,979
0.6,0.65,0.08,6.0,14.0,75.0,0.5,20,83,0.24096385542168675,0.8,0.5385000000000001,12.8,False,980
0.6,0.65,0.08,8.0,14.0,75.0,0.5,20,83,0.24096385542168675,0.8,0.5385000000000001,12.8,False,981
0.6,0.65,0.1,6.0,14.0,75.0,0.5,20,83,0.24096385542168675,0.8,0.5385000000000001,12.8,False,982
0.6,0.65,0.1,8.0,14.0,75.0,0.5,20,83,0.24096385542168675,0.8,0.5385000000000001,12.8,False,983
0.6,0.65,0.12,6.0,14.0,75.0,0.5,20,83,0.24096385542168675,0.8,0.5385000000000001,12.8,False,984
0.6,0.65,0.12,8.0,14.0,75.0,0.5,20,83,0.24096385542168675,0.8,0.5385000000000001,12.8,False,985
0.6,0.7,0.05,6.0,14.0,75.0,0.5,20,83,0.24096385542168675,0.8,0.5385000000000001,12.8,False,986
0.6,0.7,0.05,8.0,14.0,75.0,0.5,20,83,0.24096385542168675,0.8,0.5385000000000001,12.8,False,987
0.6,0.7,0.08,6.0,14.0,75.0,0.5,20,83,0.24096385542168675,0.8,0.5385000000000001,12.8,False,988
0.6,0.7,0.08,8.0,14.0,75.0,0.5,20,83,0.24096385542168675,0.8,0.5385000000000001,12.8,False,989
0.6,0.7,0.1,6.0,14.0,75.0,0.5,20,83,0.24096385542168675,0.8,0.5385000000000001,12.8,False,990
0.6,0.7,0.1,8.0,14.0,75.0,0.5,20,83,0.24096385542168675,0.8,0.5385000000000001,12.8,False,991
0.6,0.7,0.12,6.0,14.0,75.0,0.5,20,83,0.24096385542168675,0.8,0.5385000000000001,12.8,False,992
0.6,0.7,0.12,8.0,14.0,75.0,0.5,20,83,0.24096385542168675,0.8,0.5385000000000001,12.8,False,993
0.6,0.6,0.05,2.0,12.0,0.0,0.5,20,83,0.24096385542168675,0.8,0.55,10.25,False,994
0.6,0.6,0.05,4.0,12.0,0.0,0.5,20,83,0.24096385542168675,0.8,0.55,10.25,False,995
0.6,0.6,0.08,2.0,12.0,0.0,0.5,20,83,0.24096385542168675,0.8,0.55,10.25,False,996
0.6,0.6,0.08,4.0,12.0,0.0,0.5,20,83,0.24096385542168675,0.8,0.55,10.25,False,997
0.6,0.6,0.1,2.0,12.0,0.0,0.5,20,83,0.24096385542168675,0.8,0.55,10.25,False,998
0.6,0.6,0.1,4.0,12.0,0.0,0.5,20,83,0.24096385542168675,0.8,0.55,10.25,False,999
0.6,0.6,0.12,2.0,12.0,0.0,0.5,20,83,0.24096385542168675,0.8,0.55,10.25,False,1000
0.6,0.6,0.12,4.0,12.0,0.0,0.5,20,83,0.24096385542168675,0.8,0.55,10.25,False,1001
0.6,0.65,0.05,2.0,12.0,0.0,0.5,20,83,0.24096385542168675,0.8,0.55,10.25,False,1002
0.6,0.65,0.05,4.0,12.0,0.0,0.5,20,83,0.24096385542168675,0.8,0.55,10.25,False,1003
0.6,0.65,0.08,2.0,12.0,0.0,0.5,20,83,0.24096385542168675,0.8,0.55,10.25,False,1004
0.6,0.65,0.08,4.0,12.0,0.0,0.5,20,83,0.24096385542168675,0.8,0.55,10.25,False,1005
0.6,0.65,0.1,2.0,12.0,0.0,0.5,20,83,0.24096385542168675,0.8,0.55,10.25,False,1006
0.6,0.65,0.1,4.0,12.0,0.0,0.5,20,83,0.24096385542168675,0.8,0.55,10.25,False,1007
0.6,0.65,0.12,2.0,12.0,0.0,0.5,20,83,0.24096385542168675,0.8,0.55,10.25,False,1008
0.6,0.65,0.12,4.0,12.0,0.0,0.5,20,83,0.24096385542168675,0.8,0.55,10.25,False,1009
0.6,0.7,0.05,2.0,12.0,0.0,0.5,20,83,0.24096385542168675,0.8,0.5525,10.2,False,1010
0.6,0.7,0.05,4.0,12.0,0.0,0.5,20,83,0.24096385542168675,0.8,0.5525,10.2,False,1011
0.6,0.7,0.08,2.0,12.0,0.0,0.5,20,83,0.24096385542168675,0.8,0.5525,10.2,False,1012
0.6,0.7,0.08,4.0,12.0,0.0,0.5,20,83,0.24096385542168675,0.8,0.5525,10.2,False,1013
0.6,0.7,0.1,2.0,12.0,0.0,0.5,20,83,0.24096385542168675,0.8,0.5525,10.2,False,1014
0.6,0.7,0.1,4.0,12.0,0.0,0.5,20,83,0.24096385542168675,0.8,0.5525,10.2,False,1015
0.5,0.7,0.05,4.0,12.0,25.0,0.0,20,83,0.24096385542168675,0.8,0.4605,9.6,False,1016
0.5,0.7,0.08,4.0,12.0,25.0,0.0,20,83,0.24096385542168675,0.8,0.4605,9.6,False,1017
0.5,0.7,0.1,4.0,12.0,25.0,0.0,20,83,0.24096385542168675,0.8,0.4605,9.6,False,1018
0.5,0.7,0.12,4.0,12.0,25.0,0.0,20,83,0.24096385542168675,0.8,0.4605,9.6,False,1019
0.6,0.75,0.05,4.0,10.0,50.0,0.0,20,83,0.24096385542168675,0.8,0.53,8.9,False,1020
0.6,0.75,0.08,4.0,10.0,50.0,0.0,20,83,0.24096385542168675,0.8,0.53,8.9,False,1021
0.6,0.75,0.1,4.0,10.0,50.0,0.0,20,83,0.24096385542168675,0.8,0.53,8.9,False,1022
0.6,0.75,0.12,4.0,10.0,50.0,0.0,20,83,0.24096385542168675,0.8,0.53,8.9,False,1023
0.5,0.6,0.05,4.0,14.0,75.0,0.0,15,83,0.18072289156626506,0.8,0.4673333333333334,12.066666666666666,False,1024
0.5,0.6,0.08,4.0,14.0,75.0,0.0,15,83,0.18072289156626506,0.8,0.4673333333333334,12.066666666666666,False,1025
0.5,0.6,0.1,4.0,14.0,75.0,0.0,15,83,0.18072289156626506,0.8,0.4673333333333334,12.066666666666666,False,1026
0.5,0.6,0.12,4.0,14.0,75.0,0.0,15,83,0.18072289156626506,0.8,0.4673333333333334,12.066666666666666,False,1027
0.5,0.65,0.05,4.0,14.0,75.0,0.0,15,83,0.18072289156626506,0.8,0.4673333333333334,12.066666666666666,False,1028
0.5,0.65,0.08,4.0,14.0,75.0,0.0,15,83,0.18072289156626506,0.8,0.4673333333333334,12.066666666666666,False,1029
0.5,0.65,0.1,4.0,14.0,75.0,0.0,15,83,0.18072289156626506,0.8,0.4673333333333334,12.066666666666666,False,1030
0.5,0.65,0.12,4.0,14.0,75.0,0.0,15,83,0.18072289156626506,0.8,0.4673333333333334,12.066666666666666,False,1031
0.5,0.7,0.05,4.0,14.0,75.0,0.0,15,83,0.18072289156626506,0.8,0.4673333333333334,12.066666666666666,False,1032
0.5,0.7,0.08,4.0,14.0,75.0,0.0,15,83,0.18072289156626506,0.8,0.4673333333333334,12.066666666666666,False,1033
0.5,0.7,0.1,4.0,14.0,75.0,0.0,15,83,0.18072289156626506,0.8,0.4673333333333334,12.066666666666666,False,1034
0.5,0.7,0.12,4.0,14.0,75.0,0.0,15,83,0.18072289156626506,0.8,0.4673333333333334,12.066666666666666,False,1035
0.6,0.7,0.12,8.0,12.0,50.0,0.5,15,83,0.18072289156626506,0.8,0.5433333333333334,10.866666666666667,False,1036
0.5,0.75,0.05,6.0,12.0,25.0,0.0,15,83,0.18072289156626506,0.8,0.45733333333333326,10.333333333333334,False,1037
0.5,0.75,0.08,6.0,12.0,25.0,0.0,15,83,0.18072289156626506,0.8,0.45733333333333326,10.333333333333334,False,1038
0.5,0.75,0.1,6.0,12.0,25.0,0.0,15,83,0.18072289156626506,0.8,0.45733333333333326,10.333333333333334,False,1039
0.5,0.75,0.12,6.0,12.0,25.0,0.0,15,83,0.18072289156626506,0.8,0.45733333333333326,10.333333333333334,False,1040
0.5,0.7,0.05,4.0,12.0,50.0,0.0,15,83,0.18072289156626506,0.8,0.45333333333333325,10.266666666666667,False,1041
0.5,0.7,0.08,4.0,12.0,50.0,0.0,15,83,0.18072289156626506,0.8,0.45333333333333325,10.266666666666667,False,1042
0.5,0.7,0.1,4.0,12.0,50.0,0.0,15,83,0.18072289156626506,0.8,0.45333333333333325,10.266666666666667,False,1043
0.5,0.7,0.12,4.0,12.0,50.0,0.0,15,83,0.18072289156626506,0.8,0.45333333333333325,10.266666666666667,False,1044
0.55,0.6,0.05,2.0,12.0,0.0,0.5,10,83,0.12048192771084337,0.8,0.523,11.4,False,1045
0.55,0.6,0.05,2.0,12.0,25.0,0.5,10,83,0.12048192771084337,0.8,0.523,11.4,False,1046
0.55,0.6,0.05,2.0,12.0,50.0,0.5,10,83,0.12048192771084337,0.8,0.523,11.4,False,1047
0.55,0.6,0.05,4.0,12.0,0.0,0.5,10,83,0.12048192771084337,0.8,0.523,11.4,False,1048
0.55,0.6,0.05,4.0,12.0,25.0,0.5,10,83,0.12048192771084337,0.8,0.523,11.4,False,1049
0.55,0.6,0.05,4.0,12.0,50.0,0.5,10,83,0.12048192771084337,0.8,0.523,11.4,False,1050
0.55,0.6,0.05,6.0,12.0,0.0,0.5,10,83,0.12048192771084337,0.8,0.523,11.4,False,1051
0.55,0.6,0.05,6.0,12.0,25.0,0.5,10,83,0.12048192771084337,0.8,0.523,11.4,False,1052
0.55,0.6,0.05,6.0,12.0,50.0,0.5,10,83,0.12048192771084337,0.8,0.523,11.4,False,1053
0.55,0.6,0.05,8.0,12.0,0.0,0.5,10,83,0.12048192771084337,0.8,0.523,11.4,False,1054
0.55,0.6,0.05,8.0,12.0,25.0,0.5,10,83,0.12048192771084337,0.8,0.523,11.4,False,1055
0.55,0.6,0.05,8.0,12.0,50.0,0.5,10,83,0.12048192771084337,0.8,0.523,11.4,False,1056
0.55,0.6,0.08,2.0,12.0,0.0,0.5,10,83,0.12048192771084337,0.8,0.523,11.4,False,1057
0.55,0.6,0.08,2.0,12.0,25.0,0.5,10,83,0.12048192771084337,0.8,0.523,11.4,False,1058
0.55,0.6,0.08,2.0,12.0,50.0,0.5,10,83,0.12048192771084337,0.8,0.523,11.4,False,1059
0.55,0.6,0.08,4.0,12.0,0.0,0.5,10,83,0.12048192771084337,0.8,0.523,11.4,False,1060
0.55,0.6,0.08,4.0,12.0,25.0,0.5,10,83,0.12048192771084337,0.8,0.523,11.4,False,1061
0.55,0.6,0.08,4.0,12.0,50.0,0.5,10,83,0.12048192771084337,0.8,0.523,11.4,False,1062
0.55,0.6,0.08,6.0,12.0,0.0,0.5,10,83,0.12048192771084337,0.8,0.523,11.4,False,1063
0.55,0.6,0.08,6.0,12.0,25.0,0.5,10,83,0.12048192771084337,0.8,0.523,11.4,False,1064
0.55,0.6,0.08,6.0,12.0,50.0,0.5,10,83,0.12048192771084337,0.8,0.523,11.4,False,1065
0.55,0.6,0.08,8.0,12.0,0.0,0.5,10,83,0.12048192771084337,0.8,0.523,11.4,False,1066
0.55,0.6,0.08,8.0,12.0,25.0,0.5,10,83,0.12048192771084337,0.8,0.523,11.4,False,1067
0.55,0.6,0.08,8.0,12.0,50.0,0.5,10,83,0.12048192771084337,0.8,0.523,11.4,False,1068
0.55,0.6,0.1,2.0,12.0,0.0,0.5,10,83,0.12048192771084337,0.8,0.523,11.4,False,1069
0.55,0.6,0.1,2.0,12.0,25.0,0.5,10,83,0.12048192771084337,0.8,0.523,11.4,False,1070
0.55,0.6,0.1,2.0,12.0,50.0,0.5,10,83,0.12048192771084337,0.8,0.523,11.4,False,1071
0.55,0.6,0.1,4.0,12.0,0.0,0.5,10,83,0.12048192771084337,0.8,0.523,11.4,False,1072
0.55,0.6,0.1,4.0,12.0,25.0,0.5,10,83,0.12048192771084337,0.8,0.523,11.4,False,1073
0.55,0.6,0.1,4.0,12.0,50.0,0.5,10,83,0.12048192771084337,0.8,0.523,11.4,False,1074
0.55,0.6,0.1,6.0,12.0,0.0,0.5,10,83,0.12048192771084337,0.8,0.523,11.4,False,1075
0.55,0.6,0.1,6.0,12.0,25.0,0.5,10,83,0.12048192771084337,0.8,0.523,11.4,False,1076
0.55,0.6,0.1,6.0,12.0,50.0,0.5,10,83,0.12048192771084337,0.8,0.523,11.4,False,1077
0.55,0.6,0.1,8.0,12.0,0.0,0.5,10,83,0.12048192771084337,0.8,0.523,11.4,False,1078
0.55,0.6,0.1,8.0,12.0,25.0,0.5,10,83,0.12048192771084337,0.8,0.523,11.4,False,1079
0.55,0.6,0.1,8.0,12.0,50.0,0.5,10,83,0.12048192771084337,0.8,0.523,11.4,False,1080
0.55,0.6,0.12,2.0,12.0,0.0,0.5,10,83,0.12048192771084337,0.8,0.523,11.4,False,1081
0.55,0.6,0.12,2.0,12.0,25.0,0.5,10,83,0.12048192771084337,0.8,0.523,11.4,False,1082
0.55,0.6,0.12,2.0,12.0,50.0,0.5,10,83,0.12048192771084337,0.8,0.523,11.4,False,1083
0.55,0.6,0.12,4.0,12.0,0.0,0.5,10,83,0.12048192771084337,0.8,0.523,11.4,False,1084
0.55,0.6,0.12,4.0,12.0,25.0,0.5,10,83,0.12048192771084337,0.8,0.523,11.4,False,1085
0.55,0.6,0.12,4.0,12.0,50.0,0.5,10,83,0.12048192771084337,0.8,0.523,11.4,False,1086
0.55,0.6,0.12,6.0,12.0,0.0,0.5,10,83,0.12048192771084337,0.8,0.523,11.4,False,1087
0.55,0.6,0.12,6.0,12.0,25.0,0.5,10,83,0.12048192771084337,0.8,0.523,11.4,False,1088
0.55,0.6,0.12,6.0,12.0,50.0,0.5,10,83,0.12048192771084337,0.8,0.523,11.4,False,1089
0.55,0.6,0.12,8.0,12.0,0.0,0.5,10,83,0.12048192771084337,0.8,0.523,11.4,False,1090
0.55,0.6,0.12,8.0,12.0,25.0,0.5,10,83,0.12048192771084337,0.8,0.523,11.4,False,1091
0.55,0.6,0.12,8.0,12.0,50.0,0.5,10,83,0.12048192771084337,0.8,0.523,11.4,False,1092
0.55,0.65,0.05,2.0,12.0,0.0,0.5,10,83,0.12048192771084337,0.8,0.523,11.4,False,1093
0.55,0.65,0.05,2.0,12.0,25.0,0.5,10,83,0.12048192771084337,0.8,0.523,11.4,False,1094
0.55,0.65,0.05,2.0,12.0,50.0,0.5,10,83,0.12048192771084337,0.8,0.523,11.4,False,1095
0.55,0.65,0.05,4.0,12.0,0.0,0.5,10,83,0.12048192771084337,0.8,0.523,11.4,False,1096
0.55,0.65,0.05,4.0,12.0,25.0,0.5,10,83,0.12048192771084337,0.8,0.523,11.4,False,1097
0.55,0.65,0.05,4.0,12.0,50.0,0.5,10,83,0.12048192771084337,0.8,0.523,11.4,False,1098
0.55,0.65,0.05,6.0,12.0,0.0,0.5,10,83,0.12048192771084337,0.8,0.523,11.4,False,1099
0.55,0.65,0.05,6.0,12.0,25.0,0.5,10,83,0.12048192771084337,0.8,0.523,11.4,False,1100
0.55,0.65,0.05,6.0,12.0,50.0,0.5,10,83,0.12048192771084337,0.8,0.523,11.4,False,1101
0.55,0.65,0.05,8.0,12.0,0.0,0.5,10,83,0.12048192771084337,0.8,0.523,11.4,False,1102
0.55,0.65,0.05,8.0,12.0,25.0,0.5,10,83,0.12048192771084337,0.8,0.523,11.4,False,1103
0.55,0.65,0.05,8.0,12.0,50.0,0.5,10,83,0.12048192771084337,0.8,0.523,11.4,False,1104
0.55,0.65,0.08,2.0,12.0,0.0,0.5,10,83,0.12048192771084337,0.8,0.523,11.4,False,1105
0.55,0.65,0.08,2.0,12.0,25.0,0.5,10,83,0.12048192771084337,0.8,0.523,11.4,False,1106
0.55,0.65,0.08,2.0,12.0,50.0,0.5,10,83,0.12048192771084337,0.8,0.523,11.4,False,1107
0.55,0.65,0.08,4.0,12.0,0.0,0.5,10,83,0.12048192771084337,0.8,0.523,11.4,False,1108
0.55,0.65,0.08,4.0,12.0,25.0,0.5,10,83,0.12048192771084337,0.8,0.523,11.4,False,1109
0.55,0.65,0.08,4.0,12.0,50.0,0.5,10,83,0.12048192771084337,0.8,0.523,11.4,False,1110
0.55,0.65,0.08,6.0,12.0,0.0,0.5,10,83,0.12048192771084337,0.8,0.523,11.4,False,1111
0.55,0.65,0.08,6.0,12.0,25.0,0.5,10,83,0.12048192771084337,0.8,0.523,11.4,False,1112
0.55,0.65,0.08,6.0,12.0,50.0,0.5,10,83,0.12048192771084337,0.8,0.523,11.4,False,1113
0.55,0.65,0.08,8.0,12.0,0.0,0.5,10,83,0.12048192771084337,0.8,0.523,11.4,False,1114
0.55,0.65,0.08,8.0,12.0,25.0,0.5,10,83,0.12048192771084337,0.8,0.523,11.4,False,1115
0.55,0.65,0.08,8.0,12.0,50.0,0.5,10,83,0.12048192771084337,0.8,0.523,11.4,False,1116
0.55,0.65,0.1,2.0,12.0,0.0,0.5,10,83,0.12048192771084337,0.8,0.523,11.4,False,1117
0.55,0.65,0.1,2.0,12.0,25.0,0.5,10,83,0.12048192771084337,0.8,0.523,11.4,False,1118
0.55,0.65,0.1,2.0,12.0,50.0,0.5,10,83,0.12048192771084337,0.8,0.523,11.4,False,1119
0.55,0.65,0.1,4.0,12.0,0.0,0.5,10,83,0.12048192771084337,0.8,0.523,11.4,False,1120
0.55,0.65,0.1,4.0,12.0,25.0,0.5,10,83,0.12048192771084337,0.8,0.523,11.4,False,1121
0.55,0.65,0.1,4.0,12.0,50.0,0.5,10,83,0.12048192771084337,0.8,0.523,11.4,False,1122
0.55,0.65,0.1,6.0,12.0,0.0,0.5,10,83,0.12048192771084337,0.8,0.523,11.4,False,1123
0.55,0.65,0.1,6.0,12.0,25.0,0.5,10,83,0.12048192771084337,0.8,0.523,11.4,False,1124
0.55,0.65,0.1,6.0,12.0,50.0,0.5,10,83,0.12048192771084337,0.8,0.523,11.4,False,1125
0.55,0.65,0.1,8.0,12.0,0.0,0.5,10,83,0.12048192771084337,0.8,0.523,11.4,False,1126
0.55,0.65,0.1,8.0,12.0,25.0,0.5,10,83,0.12048192771084337,0.8,0.523,11.4,False,1127
0.55,0.65,0.1,8.0,12.0,50.0,0.5,10,83,0.12048192771084337,0.8,0.523,11.4,False,1128
0.55,0.65,0.12,2.0,12.0,0.0,0.5,10,83,0.12048192771084337,0.8,0.523,11.4,False,1129
0.55,0.65,0.12,2.0,12.0,25.0,0.5,10,83,0.12048192771084337,0.8,0.523,11.4,False,1130
0.55,0.65,0.12,2.0,12.0,50.0,0.5,10,83,0.12048192771084337,0.8,0.523,11.4,False,1131
0.55,0.65,0.12,4.0,12.0,0.0,0.5,10,83,0.12048192771084337,0.8,0.523,11.4,False,1132
0.55,0.65,0.12,4.0,12.0,25.0,0.5,10,83,0.12048192771084337,0.8,0.523,11.4,False,1133
0.55,0.65,0.12,4.0,12.0,50.0,0.5,10,83,0.12048192771084337,0.8,0.523,11.4,False,1134
0.55,0.65,0.12,6.0,12.0,0.0,0.5,10,83,0.12048192771084337,0.8,0.523,11.4,False,1135
0.55,0.65,0.12,6.0,12.0,25.0,0.5,10,83,0.12048192771084337,0.8,0.523,11.4,False,1136
0.55,0.65,0.12,6.0,12.0,50.0,0.5,10,83,0.12048192771084337,0.8,0.523,11.4,False,1137
0.55,0.65,0.12,8.0,12.0,0.0,0.5,10,83,0.12048192771084337,0.8,0.523,11.4,False,1138
0.55,0.65,0.12,8.0,12.0,25.0,0.5,10,83,0.12048192771084337,0.8,0.523,11.4,False,1139
0.55,0.65,0.12,8.0,12.0,50.0,0.5,10,83,0.12048192771084337,0.8,0.523,11.4,False,1140
0.55,0.75,0.05,8.0,10.0,50.0,0.0,10,83,0.12048192771084337,0.8,0.499,9.7,False,1141
0.55,0.75,0.08,8.0,10.0,50.0,0.0,10,83,0.12048192771084337,0.8,0.499,9.7,False,1142
0.55,0.75,0.1,8.0,10.0,50.0,0.0,10,83,0.12048192771084337,0.8,0.499,9.7,False,1143
0.55,0.75,0.12,8.0,10.0,50.0,0.0,10,83,0.12048192771084337,0.8,0.499,9.7,False,1144
0.5,0.7,0.05,6.0,10.0,25.0,0.0,10,83,0.12048192771084337,0.8,0.4789999999999999,8.7,False,1145
0.5,0.7,0.08,6.0,10.0,25.0,0.0,10,83,0.12048192771084337,0.8,0.4789999999999999,8.7,False,1146
0.5,0.7,0.1,6.0,10.0,25.0,0.0,10,83,0.12048192771084337,0.8,0.4789999999999999,8.7,False,1147
0.5,0.7,0.12,6.0,10.0,25.0,0.0,10,83,0.12048192771084337,0.8,0.4789999999999999,8.7,False,1148
0.6,0.6,0.12,8.0,12.0,25.0,0.0,44,83,0.5301204819277109,0.7954545454545454,0.5,10.931818181818182,False,1149
0.6,0.65,0.12,8.0,12.0,25.0,0.0,44,83,0.5301204819277109,0.7954545454545454,0.5036363636363635,10.909090909090908,False,1150
0.5,0.65,0.05,2.0,14.0,25.0,0.0,39,83,0.46987951807228917,0.7948717948717948,0.4566666666666666,12.179487179487179,False,1151
0.5,0.65,0.05,4.0,14.0,25.0,0.0,39,83,0.46987951807228917,0.7948717948717948,0.4566666666666666,12.179487179487179,False,1152
0.5,0.65,0.08,2.0,14.0,25.0,0.0,39,83,0.46987951807228917,0.7948717948717948,0.4566666666666666,12.179487179487179,False,1153
0.5,0.65,0.08,4.0,14.0,25.0,0.0,39,83,0.46987951807228917,0.7948717948717948,0.4566666666666666,12.179487179487179,False,1154
0.5,0.65,0.1,2.0,14.0,25.0,0.0,39,83,0.46987951807228917,0.7948717948717948,0.4566666666666666,12.179487179487179,False,1155
0.5,0.65,0.1,4.0,14.0,25.0,0.0,39,83,0.46987951807228917,0.7948717948717948,0.4566666666666666,12.179487179487179,False,1156
0.5,0.65,0.12,2.0,14.0,25.0,0.0,39,83,0.46987951807228917,0.7948717948717948,0.4566666666666666,12.179487179487179,False,1157
0.5,0.65,0.12,4.0,14.0,25.0,0.0,39,83,0.46987951807228917,0.7948717948717948,0.4566666666666666,12.179487179487179,False,1158
0.55,0.6,0.1,2.0,12.0,25.0,0.0,39,83,0.46987951807228917,0.7948717948717948,0.4817948717948718,10.205128205128204,False,1159
0.55,0.6,0.12,2.0,12.0,25.0,0.0,39,83,0.46987951807228917,0.7948717948717948,0.4817948717948718,10.205128205128204,False,1160
0.55,0.65,0.05,8.0,12.0,25.0,0.0,34,83,0.40963855421686746,0.7941176470588235,0.47970588235294126,10.882352941176471,False,1161
0.55,0.65,0.08,8.0,12.0,25.0,0.0,34,83,0.40963855421686746,0.7941176470588235,0.47970588235294126,10.882352941176471,False,1162
0.55,0.65,0.1,8.0,12.0,25.0,0.0,34,83,0.40963855421686746,0.7941176470588235,0.47970588235294126,10.882352941176471,False,1163
0.55,0.65,0.12,8.0,12.0,25.0,0.0,34,83,0.40963855421686746,0.7941176470588235,0.47970588235294126,10.882352941176471,False,1164
0.6,0.65,0.05,8.0,10.0,0.0,0.0,34,83,0.40963855421686746,0.7941176470588235,0.5238235294117647,9.323529411764707,False,1165
0.6,0.65,0.08,8.0,10.0,0.0,0.0,34,83,0.40963855421686746,0.7941176470588235,0.5205882352941176,9.264705882352942,False,1166
0.6,0.6,0.05,4.0,10.0,25.0,0.0,34,83,0.40963855421686746,0.7941176470588235,0.5326470588235294,8.941176470588236,False,1167
0.6,0.6,0.08,4.0,10.0,25.0,0.0,34,83,0.40963855421686746,0.7941176470588235,0.5317647058823529,8.823529411764707,False,1168
0.6,0.75,0.05,2.0,10.0,0.0,0.0,34,83,0.40963855421686746,0.7941176470588235,0.5238235294117646,8.117647058823529,False,1169
0.6,0.75,0.08,2.0,10.0,0.0,0.0,34,83,0.40963855421686746,0.7941176470588235,0.5238235294117646,8.117647058823529,False,1170
0.6,0.75,0.1,2.0,10.0,0.0,0.0,34,83,0.40963855421686746,0.7941176470588235,0.5238235294117646,8.117647058823529,False,1171
0.6,0.75,0.12,2.0,10.0,0.0,0.0,34,83,0.40963855421686746,0.7941176470588235,0.5238235294117646,8.117647058823529,False,1172
0.5,0.7,0.05,2.0,14.0,50.0,0.0,29,83,0.3493975903614458,0.7931034482758621,0.4579310344827587,11.931034482758621,False,1173
0.5,0.7,0.08,2.0,14.0,50.0,0.0,29,83,0.3493975903614458,0.7931034482758621,0.4579310344827587,11.931034482758621,False,1174
0.5,0.7,0.1,2.0,14.0,50.0,0.0,29,83,0.3493975903614458,0.7931034482758621,0.4579310344827587,11.931034482758621,False,1175
0.5,0.7,0.12,2.0,14.0,50.0,0.0,29,83,0.3493975903614458,0.7931034482758621,0.4579310344827587,11.931034482758621,False,1176
0.55,0.6,0.05,6.0,10.0,0.0,0.0,29,83,0.3493975903614458,0.7931034482758621,0.4486206896551725,8.96551724137931,False,1177
0.55,0.6,0.08,6.0,10.0,0.0,0.0,29,83,0.3493975903614458,0.7931034482758621,0.4486206896551725,8.96551724137931,False,1178
0.55,0.65,0.05,4.0,10.0,0.0,0.0,29,83,0.3493975903614458,0.7931034482758621,0.47793103448275864,8.448275862068966,False,1179
0.55,0.65,0.08,4.0,10.0,0.0,0.0,29,83,0.3493975903614458,0.7931034482758621,0.47793103448275864,8.448275862068966,False,1180
0.55,0.65,0.1,4.0,10.0,0.0,0.0,29,83,0.3493975903614458,0.7931034482758621,0.47793103448275864,8.448275862068966,False,1181
0.55,0.65,0.12,4.0,10.0,0.0,0.0,29,83,0.3493975903614458,0.7931034482758621,0.47793103448275864,8.448275862068966,False,1182
0.6,0.75,0.05,6.0,14.0,25.0,0.5,24,83,0.2891566265060241,0.7916666666666666,0.5395833333333333,12.375,False,1183
0.6,0.75,0.05,8.0,14.0,25.0,0.5,24,83,0.2891566265060241,0.7916666666666666,0.5395833333333333,12.375,False,1184
0.6,0.75,0.08,6.0,14.0,25.0,0.5,24,83,0.2891566265060241,0.7916666666666666,0.5395833333333333,12.375,False,1185
0.6,0.75,0.08,8.0,14.0,25.0,0.5,24,83,0.2891566265060241,0.7916666666666666,0.5395833333333333,12.375,False,1186
0.6,0.75,0.1,6.0,14.0,25.0,0.5,24,83,0.2891566265060241,0.7916666666666666,0.5395833333333333,12.375,False,1187
0.6,0.75,0.1,8.0,14.0,25.0,0.5,24,83,0.2891566265060241,0.7916666666666666,0.5395833333333333,12.375,False,1188
0.6,0.75,0.12,6.0,14.0,25.0,0.5,24,83,0.2891566265060241,0.7916666666666666,0.5395833333333333,12.375,False,1189
0.6,0.75,0.12,8.0,14.0,25.0,0.5,24,83,0.2891566265060241,0.7916666666666666,0.5395833333333333,12.375,False,1190
0.6,0.75,0.05,2.0,14.0,50.0,0.5,24,83,0.2891566265060241,0.7916666666666666,0.53875,12.041666666666666,False,1191
0.6,0.75,0.05,4.0,14.0,50.0,0.5,24,83,0.2891566265060241,0.7916666666666666,0.53875,12.041666666666666,False,1192
0.6,0.75,0.08,2.0,14.0,50.0,0.5,24,83,0.2891566265060241,0.7916666666666666,0.53875,12.041666666666666,False,1193
0.6,0.75,0.08,4.0,14.0,50.0,0.5,24,83,0.2891566265060241,0.7916666666666666,0.53875,12.041666666666666,False,1194
0.6,0.75,0.1,2.0,14.0,50.0,0.5,24,83,0.2891566265060241,0.7916666666666666,0.53875,12.041666666666666,False,1195
0.6,0.75,0.1,4.0,14.0,50.0,0.5,24,83,0.2891566265060241,0.7916666666666666,0.53875,12.041666666666666,False,1196
0.6,0.75,0.12,2.0,14.0,50.0,0.5,24,83,0.2891566265060241,0.7916666666666666,0.53875,12.041666666666666,False,1197
0.6,0.75,0.12,4.0,14.0,50.0,0.5,24,83,0.2891566265060241,0.7916666666666666,0.53875,12.041666666666666,False,1198
0.5,0.75,0.05,2.0,14.0,50.0,0.0,24,83,0.2891566265060241,0.7916666666666666,0.45708333333333334,11.875,False,1199
0.5,0.75,0.08,2.0,14.0,50.0,0.0,24,83,0.2891566265060241,0.7916666666666666,0.45708333333333334,11.875,False,1200
0.5,0.75,0.1,2.0,14.0,50.0,0.0,24,83,0.2891566265060241,0.7916666666666666,0.45708333333333334,11.875,False,1201
0.5,0.75,0.12,2.0,14.0,50.0,0.0,24,83,0.2891566265060241,0.7916666666666666,0.45708333333333334,11.875,False,1202
0.5,0.65,0.05,2.0,12.0,25.0,0.0,24,83,0.2891566265060241,0.7916666666666666,0.445,10.166666666666666,False,1203
0.5,0.65,0.05,4.0,12.0,25.0,0.0,24,83,0.2891566265060241,0.7916666666666666,0.445,10.166666666666666,False,1204
0.5,0.65,0.08,2.0,12.0,25.0,0.0,24,83,0.2891566265060241,0.7916666666666666,0.445,10.166666666666666,False,1205
0.5,0.65,0.08,4.0,12.0,25.0,0.0,24,83,0.2891566265060241,0.7916666666666666,0.445,10.166666666666666,False,1206
0.5,0.65,0.1,2.0,12.0,25.0,0.0,24,83,0.2891566265060241,0.7916666666666666,0.445,10.166666666666666,False,1207
0.5,0.65,0.1,4.0,12.0,25.0,0.0,24,83,0.2891566265060241,0.7916666666666666,0.445,10.166666666666666,False,1208
0.5,0.65,0.12,2.0,12.0,25.0,0.0,24,83,0.2891566265060241,0.7916666666666666,0.445,10.166666666666666,False,1209
0.5,0.65,0.12,4.0,12.0,25.0,0.0,24,83,0.2891566265060241,0.7916666666666666,0.445,10.166666666666666,False,1210
0.55,0.6,0.05,8.0,10.0,0.0,0.0,24,83,0.2891566265060241,0.7916666666666666,0.4458333333333333,9.5,False,1211
0.55,0.6,0.08,8.0,10.0,0.0,0.0,24,83,0.2891566265060241,0.7916666666666666,0.4458333333333333,9.5,False,1212
0.6,0.75,0.05,6.0,10.0,25.0,0.0,24,83,0.2891566265060241,0.7916666666666666,0.5354166666666668,8.958333333333334,False,1213
0.6,0.75,0.08,6.0,10.0,25.0,0.0,24,83,0.2891566265060241,0.7916666666666666,0.5354166666666668,8.958333333333334,False,1214
0.6,0.75,0.1,6.0,10.0,25.0,0.0,24,83,0.2891566265060241,0.7916666666666666,0.5354166666666668,8.958333333333334,False,1215
0.6,0.75,0.12,6.0,10.0,25.0,0.0,24,83,0.2891566265060241,0.7916666666666666,0.5354166666666668,8.958333333333334,False,1216
0.5,0.65,0.05,6.0,14.0,25.0,0.0,38,83,0.4578313253012048,0.7894736842105263,0.45578947368421047,12.368421052631579,False,1217
0.5,0.65,0.08,6.0,14.0,25.0,0.0,38,83,0.4578313253012048,0.7894736842105263,0.45578947368421047,12.368421052631579,False,1218
0.5,0.65,0.1,6.0,14.0,25.0,0.0,38,83,0.4578313253012048,0.7894736842105263,0.45578947368421047,12.368421052631579,False,1219
0.5,0.65,0.12,6.0,14.0,25.0,0.0,38,83,0.4578313253012048,0.7894736842105263,0.45578947368421047,12.368421052631579,False,1220
0.55,0.6,0.05,4.0,12.0,25.0,0.0,38,83,0.4578313253012048,0.7894736842105263,0.4813157894736842,10.578947368421053,False,1221
0.55,0.6,0.08,4.0,12.0,25.0,0.0,38,83,0.4578313253012048,0.7894736842105263,0.4813157894736842,10.578947368421053,False,1222
0.55,0.75,0.05,8.0,12.0,25.0,0.0,19,83,0.2289156626506024,0.7894736842105263,0.4873684210526317,11.105263157894736,False,1223
0.55,0.75,0.08,8.0,12.0,25.0,0.0,19,83,0.2289156626506024,0.7894736842105263,0.4873684210526317,11.105263157894736,False,1224
0.55,0.75,0.1,8.0,12.0,25.0,0.0,19,83,0.2289156626506024,0.7894736842105263,0.4873684210526317,11.105263157894736,False,1225
0.55,0.75,0.12,8.0,12.0,25.0,0.0,19,83,0.2289156626506024,0.7894736842105263,0.4873684210526317,11.105263157894736,False,1226
0.6,0.6,0.05,6.0,12.0,0.0,0.5,19,83,0.2289156626506024,0.7894736842105263,0.5494736842105263,10.578947368421053,False,1227
0.6,0.6,0.08,6.0,12.0,0.0,0.5,19,83,0.2289156626506024,0.7894736842105263,0.5494736842105263,10.578947368421053,False,1228
0.6,0.6,0.1,6.0,12.0,0.0,0.5,19,83,0.2289156626506024,0.7894736842105263,0.5494736842105263,10.578947368421053,False,1229
0.6,0.6,0.12,6.0,12.0,0.0,0.5,19,83,0.2289156626506024,0.7894736842105263,0.5494736842105263,10.578947368421053,False,1230
0.6,0.65,0.05,6.0,12.0,0.0,0.5,19,83,0.2289156626506024,0.7894736842105263,0.5494736842105263,10.578947368421053,False,1231
0.6,0.65,0.08,6.0,12.0,0.0,0.5,19,83,0.2289156626506024,0.7894736842105263,0.5494736842105263,10.578947368421053,False,1232
0.6,0.65,0.1,6.0,12.0,0.0,0.5,19,83,0.2289156626506024,0.7894736842105263,0.5494736842105263,10.578947368421053,False,1233
0.6,0.65,0.12,6.0,12.0,0.0,0.5,19,83,0.2289156626506024,0.7894736842105263,0.5494736842105263,10.578947368421053,False,1234
0.6,0.7,0.05,6.0,12.0,0.0,0.5,19,83,0.2289156626506024,0.7894736842105263,0.5521052631578947,10.526315789473685,False,1235
0.6,0.7,0.08,6.0,12.0,0.0,0.5,19,83,0.2289156626506024,0.7894736842105263,0.5521052631578947,10.526315789473685,False,1236
0.6,0.7,0.1,6.0,12.0,0.0,0.5,19,83,0.2289156626506024,0.7894736842105263,0.5521052631578947,10.526315789473685,False,1237
0.6,0.6,0.05,2.0,12.0,25.0,0.5,19,83,0.2289156626506024,0.7894736842105263,0.5494736842105264,10.368421052631579,False,1238
0.6,0.6,0.05,4.0,12.0,25.0,0.5,19,83,0.2289156626506024,0.7894736842105263,0.5494736842105264,10.368421052631579,False,1239
0.6,0.6,0.08,2.0,12.0,25.0,0.5,19,83,0.2289156626506024,0.7894736842105263,0.5494736842105264,10.368421052631579,False,1240
0.6,0.6,0.08,4.0,12.0,25.0,0.5,19,83,0.2289156626506024,0.7894736842105263,0.5494736842105264,10.368421052631579,False,1241
0.6,0.6,0.1,2.0,12.0,25.0,0.5,19,83,0.2289156626506024,0.7894736842105263,0.5494736842105264,10.368421052631579,False,1242
0.6,0.6,0.1,4.0,12.0,25.0,0.5,19,83,0.2289156626506024,0.7894736842105263,0.5494736842105264,10.368421052631579,False,1243
0.6,0.6,0.12,2.0,12.0,25.0,0.5,19,83,0.2289156626506024,0.7894736842105263,0.5494736842105264,10.368421052631579,False,1244
0.6,0.6,0.12,4.0,12.0,25.0,0.5,19,83,0.2289156626506024,0.7894736842105263,0.5494736842105264,10.368421052631579,False,1245
0.6,0.65,0.05,2.0,12.0,25.0,0.5,19,83,0.2289156626506024,0.7894736842105263,0.5494736842105264,10.368421052631579,False,1246
0.6,0.65,0.05,4.0,12.0,25.0,0.5,19,83,0.2289156626506024,0.7894736842105263,0.5494736842105264,10.368421052631579,False,1247
0.6,0.65,0.08,2.0,12.0,25.0,0.5,19,83,0.2289156626506024,0.7894736842105263,0.5494736842105264,10.368421052631579,False,1248
0.6,0.65,0.08,4.0,12.0,25.0,0.5,19,83,0.2289156626506024,0.7894736842105263,0.5494736842105264,10.368421052631579,False,1249
0.6,0.65,0.1,2.0,12.0,25.0,0.5,19,83,0.2289156626506024,0.7894736842105263,0.5494736842105264,10.368421052631579,False,1250
0.6,0.65,0.1,4.0,12.0,25.0,0.5,19,83,0.2289156626506024,0.7894736842105263,0.5494736842105264,10.368421052631579,False,1251
0.6,0.65,0.12,2.0,12.0,25.0,0.5,19,83,0.2289156626506024,0.7894736842105263,0.5494736842105264,10.368421052631579,False,1252
0.6,0.65,0.12,4.0,12.0,25.0,0.5,19,83,0.2289156626506024,0.7894736842105263,0.5494736842105264,10.368421052631579,False,1253
0.6,0.7,0.05,2.0,12.0,25.0,0.5,19,83,0.2289156626506024,0.7894736842105263,0.5521052631578948,10.31578947368421,False,1254
0.6,0.7,0.05,4.0,12.0,25.0,0.5,19,83,0.2289156626506024,0.7894736842105263,0.5521052631578948,10.31578947368421,False,1255
0.6,0.7,0.08,2.0,12.0,25.0,0.5,19,83,0.2289156626506024,0.7894736842105263,0.5521052631578948,10.31578947368421,False,1256
0.6,0.7,0.08,4.0,12.0,25.0,0.5,19,83,0.2289156626506024,0.7894736842105263,0.5521052631578948,10.31578947368421,False,1257
0.6,0.7,0.1,2.0,12.0,25.0,0.5,19,83,0.2289156626506024,0.7894736842105263,0.5521052631578948,10.31578947368421,False,1258
0.6,0.7,0.1,4.0,12.0,25.0,0.5,19,83,0.2289156626506024,0.7894736842105263,0.5521052631578948,10.31578947368421,False,1259
0.55,0.6,0.05,8.0,10.0,25.0,0.0,19,83,0.2289156626506024,0.7894736842105263,0.5026315789473684,9.263157894736842,False,1260
0.55,0.6,0.08,8.0,10.0,25.0,0.0,19,83,0.2289156626506024,0.7894736842105263,0.5026315789473684,9.263157894736842,False,1261
0.5,0.7,0.05,8.0,14.0,25.0,0.0,33,83,0.39759036144578314,0.7878787878787878,0.4603030303030303,12.515151515151516,False,1262
0.5,0.7,0.08,8.0,14.0,25.0,0.0,33,83,0.39759036144578314,0.7878787878787878,0.4603030303030303,12.515151515151516,False,1263
0.5,0.7,0.1,8.0,14.0,25.0,0.0,33,83,0.39759036144578314,0.7878787878787878,0.4603030303030303,12.515151515151516,False,1264
0.5,0.7,0.12,8.0,14.0,25.0,0.0,33,83,0.39759036144578314,0.7878787878787878,0.4603030303030303,12.515151515151516,False,1265
0.6,0.6,0.1,8.0,10.0,0.0,0.0,33,83,0.39759036144578314,0.7878787878787878,0.48666666666666664,9.484848484848484,False,1266
0.6,0.6,0.12,8.0,10.0,0.0,0.0,33,83,0.39759036144578314,0.7878787878787878,0.48666666666666664,9.484848484848484,False,1267
0.6,0.65,0.1,8.0,10.0,0.0,0.0,33,83,0.39759036144578314,0.7878787878787878,0.519090909090909,9.303030303030303,False,1268
0.6,0.65,0.12,8.0,10.0,0.0,0.0,33,83,0.39759036144578314,0.7878787878787878,0.519090909090909,9.303030303030303,False,1269
0.6,0.7,0.05,6.0,10.0,0.0,0.0,33,83,0.39759036144578314,0.7878787878787878,0.5254545454545454,9.090909090909092,False,1270
0.6,0.7,0.08,6.0,10.0,0.0,0.0,33,83,0.39759036144578314,0.7878787878787878,0.5254545454545454,9.090909090909092,False,1271
0.6,0.7,0.1,6.0,10.0,0.0,0.0,33,83,0.39759036144578314,0.7878787878787878,0.5254545454545454,9.090909090909092,False,1272
0.6,0.7,0.12,6.0,10.0,0.0,0.0,33,83,0.39759036144578314,0.7878787878787878,0.5254545454545454,9.090909090909092,False,1273
0.6,0.6,0.05,6.0,10.0,25.0,0.0,33,83,0.39759036144578314,0.7878787878787878,0.5339393939393938,9.06060606060606,False,1274
0.6,0.65,0.05,4.0,10.0,25.0,0.0,33,83,0.39759036144578314,0.7878787878787878,0.5321212121212122,8.93939393939394,False,1275
0.6,0.6,0.1,4.0,10.0,25.0,0.0,33,83,0.39759036144578314,0.7878787878787878,0.5312121212121212,8.818181818181818,False,1276
0.6,0.6,0.12,4.0,10.0,25.0,0.0,33,83,0.39759036144578314,0.7878787878787878,0.5312121212121212,8.818181818181818,False,1277
0.6,0.65,0.08,4.0,10.0,25.0,0.0,33,83,0.39759036144578314,0.7878787878787878,0.5312121212121212,8.818181818181818,False,1278
0.6,0.65,0.1,4.0,10.0,25.0,0.0,33,83,0.39759036144578314,0.7878787878787878,0.5312121212121212,8.818181818181818,False,1279
0.6,0.65,0.12,4.0,10.0,25.0,0.0,33,83,0.39759036144578314,0.7878787878787878,0.5312121212121212,8.818181818181818,False,1280
0.5,0.7,0.05,4.0,14.0,50.0,0.0,28,83,0.3373493975903614,0.7857142857142857,0.4575,12.25,False,1281
0.5,0.7,0.08,4.0,14.0,50.0,0.0,28,83,0.3373493975903614,0.7857142857142857,0.4575,12.25,False,1282
0.5,0.7,0.1,4.0,14.0,50.0,0.0,28,83,0.3373493975903614,0.7857142857142857,0.4575,12.25,False,1283
0.5,0.7,0.12,4.0,14.0,50.0,0.0,28,83,0.3373493975903614,0.7857142857142857,0.4575,12.25,False,1284
0.6,0.75,0.05,6.0,10.0,0.0,0.0,28,83,0.3373493975903614,0.7857142857142857,0.5228571428571429,9.0,False,1285
0.6,0.75,0.08,6.0,10.0,0.0,0.0,28,83,0.3373493975903614,0.7857142857142857,0.5228571428571429,9.0,False,1286
0.6,0.75,0.1,6.0,10.0,0.0,0.0,28,83,0.3373493975903614,0.7857142857142857,0.5228571428571429,9.0,False,1287
0.6,0.75,0.12,6.0,10.0,0.0,0.0,28,83,0.3373493975903614,0.7857142857142857,0.5228571428571429,9.0,False,1288
0.55,0.6,0.1,6.0,10.0,0.0,0.0,28,83,0.3373493975903614,0.7857142857142857,0.4450000000000001,8.964285714285714,False,1289
0.55,0.6,0.12,6.0,10.0,0.0,0.0,28,83,0.3373493975903614,0.7857142857142857,0.4450000000000001,8.964285714285714,False,1290
0.5,0.6,0.05,6.0,14.0,75.0,0.0,14,83,0.1686746987951807,0.7857142857142857,0.46571428571428575,12.571428571428571,False,1291
0.5,0.6,0.05,8.0,14.0,75.0,0.0,14,83,0.1686746987951807,0.7857142857142857,0.46571428571428575,12.571428571428571,False,1292
0.5,0.6,0.08,6.0,14.0,75.0,0.0,14,83,0.1686746987951807,0.7857142857142857,0.46571428571428575,12.571428571428571,False,1293
0.5,0.6,0.08,8.0,14.0,75.0,0.0,14,83,0.1686746987951807,0.7857142857142857,0.46571428571428575,12.571428571428571,False,1294
0.5,0.6,0.1,6.0,14.0,75.0,0.0,14,83,0.1686746987951807,0.7857142857142857,0.46571428571428575,12.571428571428571,False,1295
0.5,0.6,0.1,8.0,14.0,75.0,0.0,14,83,0.1686746987951807,0.7857142857142857,0.46571428571428575,12.571428571428571,False,1296
0.5,0.6,0.12,6.0,14.0,75.0,0.0,14,83,0.1686746987951807,0.7857142857142857,0.46571428571428575,12.571428571428571,False,1297
0.5,0.6,0.12,8.0,14.0,75.0,0.0,14,83,0.1686746987951807,0.7857142857142857,0.46571428571428575,12.571428571428571,False,1298
0.5,0.65,0.05,6.0,14.0,75.0,0.0,14,83,0.1686746987951807,0.7857142857142857,0.46571428571428575,12.571428571428571,False,1299
0.5,0.65,0.05,8.0,14.0,75.0,0.0,14,83,0.1686746987951807,0.7857142857142857,0.46571428571428575,12.571428571428571,False,1300
0.5,0.65,0.08,6.0,14.0,75.0,0.0,14,83,0.1686746987951807,0.7857142857142857,0.46571428571428575,12.571428571428571,False,1301
0.5,0.65,0.08,8.0,14.0,75.0,0.0,14,83,0.1686746987951807,0.7857142857142857,0.46571428571428575,12.571428571428571,False,1302
0.5,0.65,0.1,6.0,14.0,75.0,0.0,14,83,0.1686746987951807,0.7857142857142857,0.46571428571428575,12.571428571428571,False,1303
0.5,0.65,0.1,8.0,14.0,75.0,0.0,14,83,0.1686746987951807,0.7857142857142857,0.46571428571428575,12.571428571428571,False,1304
0.5,0.65,0.12,6.0,14.0,75.0,0.0,14,83,0.1686746987951807,0.7857142857142857,0.46571428571428575,12.571428571428571,False,1305
0.5,0.65,0.12,8.0,14.0,75.0,0.0,14,83,0.1686746987951807,0.7857142857142857,0.46571428571428575,12.571428571428571,False,1306
0.5,0.7,0.05,6.0,14.0,75.0,0.0,14,83,0.1686746987951807,0.7857142857142857,0.46571428571428575,12.571428571428571,False,1307
0.5,0.7,0.05,8.0,14.0,75.0,0.0,14,83,0.1686746987951807,0.7857142857142857,0.46571428571428575,12.571428571428571,False,1308
0.5,0.7,0.08,6.0,14.0,75.0,0.0,14,83,0.1686746987951807,0.7857142857142857,0.46571428571428575,12.571428571428571,False,1309
0.5,0.7,0.08,8.0,14.0,75.0,0.0,14,83,0.1686746987951807,0.7857142857142857,0.46571428571428575,12.571428571428571,False,1310
0.5,0.7,0.1,6.0,14.0,75.0,0.0,14,83,0.1686746987951807,0.7857142857142857,0.46571428571428575,12.571428571428571,False,1311
0.5,0.7,0.1,8.0,14.0,75.0,0.0,14,83,0.1686746987951807,0.7857142857142857,0.46571428571428575,12.571428571428571,False,1312
0.5,0.7,0.12,6.0,14.0,75.0,0.0,14,83,0.1686746987951807,0.7857142857142857,0.46571428571428575,12.571428571428571,False,1313
0.5,0.7,0.12,8.0,14.0,75.0,0.0,14,83,0.1686746987951807,0.7857142857142857,0.46571428571428575,12.571428571428571,False,1314
0.5,0.7,0.05,6.0,12.0,50.0,0.0,14,83,0.1686746987951807,0.7857142857142857,0.4507142857142856,10.642857142857142,False,1315
0.5,0.7,0.05,8.0,12.0,50.0,0.0,14,83,0.1686746987951807,0.7857142857142857,0.4507142857142856,10.642857142857142,False,1316
0.5,0.7,0.08,6.0,12.0,50.0,0.0,14,83,0.1686746987951807,0.7857142857142857,0.4507142857142856,10.642857142857142,False,1317
0.5,0.7,0.08,8.0,12.0,50.0,0.0,14,83,0.1686746987951807,0.7857142857142857,0.4507142857142856,10.642857142857142,False,1318
0.5,0.7,0.1,6.0,12.0,50.0,0.0,14,83,0.1686746987951807,0.7857142857142857,0.4507142857142856,10.642857142857142,False,1319
0.5,0.7,0.1,8.0,12.0,50.0,0.0,14,83,0.1686746987951807,0.7857142857142857,0.4507142857142856,10.642857142857142,False,1320
0.5,0.7,0.12,6.0,12.0,50.0,0.0,14,83,0.1686746987951807,0.7857142857142857,0.4507142857142856,10.642857142857142,False,1321
0.5,0.7,0.12,8.0,12.0,50.0,0.0,14,83,0.1686746987951807,0.7857142857142857,0.4507142857142856,10.642857142857142,False,1322
0.5,0.75,0.05,2.0,12.0,50.0,0.0,14,83,0.1686746987951807,0.7857142857142857,0.4557142857142856,9.785714285714286,False,1323
0.5,0.75,0.08,2.0,12.0,50.0,0.0,14,83,0.1686746987951807,0.7857142857142857,0.4557142857142856,9.785714285714286,False,1324
0.5,0.75,0.1,2.0,12.0,50.0,0.0,14,83,0.1686746987951807,0.7857142857142857,0.4557142857142856,9.785714285714286,False,1325
0.5,0.75,0.12,2.0,12.0,50.0,0.0,14,83,0.1686746987951807,0.7857142857142857,0.4557142857142856,9.785714285714286,False,1326
0.5,0.75,0.05,4.0,10.0,0.0,0.0,14,83,0.1686746987951807,0.7857142857142857,0.44928571428571423,7.928571428571429,False,1327
0.5,0.75,0.08,4.0,10.0,0.0,0.0,14,83,0.1686746987951807,0.7857142857142857,0.44928571428571423,7.928571428571429,False,1328
0.5,0.75,0.1,4.0,10.0,0.0,0.0,14,83,0.1686746987951807,0.7857142857142857,0.44928571428571423,7.928571428571429,False,1329
0.5,0.75,0.12,4.0,10.0,0.0,0.0,14,83,0.1686746987951807,0.7857142857142857,0.44928571428571423,7.928571428571429,False,1330
0.5,0.65,0.05,8.0,14.0,25.0,0.0,37,83,0.4457831325301205,0.7837837837837838,0.4548648648648647,12.54054054054054,False,1331
0.5,0.65,0.08,8.0,14.0,25.0,0.0,37,83,0.4457831325301205,0.7837837837837838,0.4548648648648647,12.54054054054054,False,1332
0.5,0.65,0.1,8.0,14.0,25.0,0.0,37,83,0.4457831325301205,0.7837837837837838,0.4548648648648647,12.54054054054054,False,1333
0.5,0.65,0.12,8.0,14.0,25.0,0.0,37,83,0.4457831325301205,0.7837837837837838,0.4548648648648647,12.54054054054054,False,1334
0.5,0.75,0.05,2.0,14.0,0.0,0.0,37,83,0.4457831325301205,0.7837837837837838,0.44999999999999996,11.162162162162161,False,1335
0.5,0.75,0.08,2.0,14.0,0.0,0.0,37,83,0.4457831325301205,0.7837837837837838,0.44999999999999996,11.162162162162161,False,1336
0.5,0.75,0.1,2.0,14.0,0.0,0.0,37,83,0.4457831325301205,0.7837837837837838,0.44999999999999996,11.162162162162161,False,1337
0.5,0.75,0.12,2.0,14.0,0.0,0.0,37,83,0.4457831325301205,0.7837837837837838,0.44999999999999996,11.162162162162161,False,1338
0.55,0.6,0.05,6.0,12.0,25.0,0.0,37,83,0.4457831325301205,0.7837837837837838,0.481081081081081,10.72972972972973,False,1339
0.55,0.6,0.08,6.0,12.0,25.0,0.0,37,83,0.4457831325301205,0.7837837837837838,0.481081081081081,10.72972972972973,False,1340
0.55,0.6,0.1,4.0,12.0,25.0,0.0,37,83,0.4457831325301205,0.7837837837837838,0.4794594594594594,10.621621621621621,False,1341
0.55,0.6,0.12,4.0,12.0,25.0,0.0,37,83,0.4457831325301205,0.7837837837837838,0.4794594594594594,10.621621621621621,False,1342
0.6,0.75,0.05,6.0,14.0,50.0,0.5,23,83,0.27710843373493976,0.782608695652174,0.5378260869565217,12.391304347826088,False,1343
0.6,0.75,0.05,8.0,14.0,50.0,0.5,23,83,0.27710843373493976,0.782608695652174,0.5378260869565217,12.391304347826088,False,1344
0.6,0.75,0.08,6.0,14.0,50.0,0.5,23,83,0.27710843373493976,0.782608695652174,0.5378260869565217,12.391304347826088,False,1345
0.6,0.75,0.08,8.0,14.0,50.0,0.5,23,83,0.27710843373493976,0.782608695652174,0.5378260869565217,12.391304347826088,False,1346
0.6,0.75,0.1,6.0,14.0,50.0,0.5,23,83,0.27710843373493976,0.782608695652174,0.5378260869565217,12.391304347826088,False,1347
0.6,0.75,0.1,8.0,14.0,50.0,0.5,23,83,0.27710843373493976,0.782608695652174,0.5378260869565217,12.391304347826088,False,1348
0.6,0.75,0.12,6.0,14.0,50.0,0.5,23,83,0.27710843373493976,0.782608695652174,0.5378260869565217,12.391304347826088,False,1349
0.6,0.75,0.12,8.0,14.0,50.0,0.5,23,83,0.27710843373493976,0.782608695652174,0.5378260869565217,12.391304347826088,False,1350
0.5,0.75,0.05,4.0,14.0,50.0,0.0,23,83,0.27710843373493976,0.782608695652174,0.45652173913043487,12.26086956521739,False,1351
0.5,0.75,0.08,4.0,14.0,50.0,0.0,23,83,0.27710843373493976,0.782608695652174,0.45652173913043487,12.26086956521739,False,1352
0.5,0.75,0.1,4.0,14.0,50.0,0.0,23,83,0.27710843373493976,0.782608695652174,0.45652173913043487,12.26086956521739,False,1353
0.5,0.75,0.12,4.0,14.0,50.0,0.0,23,83,0.27710843373493976,0.782608695652174,0.45652173913043487,12.26086956521739,False,1354
0.55,0.6,0.1,8.0,10.0,0.0,0.0,23,83,0.27710843373493976,0.782608695652174,0.4413043478260871,9.521739130434783,False,1355
0.55,0.6,0.12,8.0,10.0,0.0,0.0,23,83,0.27710843373493976,0.782608695652174,0.4413043478260871,9.521739130434783,False,1356
0.55,0.75,0.05,2.0,10.0,0.0,0.0,23,83,0.27710843373493976,0.782608695652174,0.4708695652173914,7.521739130434782,False,1357
0.55,0.75,0.08,2.0,10.0,0.0,0.0,23,83,0.27710843373493976,0.782608695652174,0.4708695652173914,7.521739130434782,False,1358
0.55,0.75,0.1,2.0,10.0,0.0,0.0,23,83,0.27710843373493976,0.782608695652174,0.4708695652173914,7.521739130434782,False,1359
0.55,0.75,0.12,2.0,10.0,0.0,0.0,23,83,0.27710843373493976,0.782608695652174,0.4708695652173914,7.521739130434782,False,1360
0.6,0.6,0.08,6.0,10.0,25.0,0.0,32,83,0.3855421686746988,0.78125,0.5318750000000001,9.0625,False,1361
0.6,0.65,0.05,6.0,10.0,25.0,0.0,32,83,0.3855421686746988,0.78125,0.5334375,9.0625,False,1362
0.6,0.75,0.05,4.0,10.0,0.0,0.0,32,83,0.3855421686746988,0.78125,0.5215624999999999,8.46875,False,1363
0.6,0.75,0.08,4.0,10.0,0.0,0.0,32,83,0.3855421686746988,0.78125,0.5215624999999999,8.46875,False,1364
0.6,0.75,0.1,4.0,10.0,0.0,0.0,32,83,0.3855421686746988,0.78125,0.5215624999999999,8.46875,False,1365
0.6,0.75,0.12,4.0,10.0,0.0,0.0,32,83,0.3855421686746988,0.78125,0.5215624999999999,8.46875,False,1366
0.55,0.7,0.05,2.0,14.0,25.0,0.0,54,83,0.6506024096385542,0.7777777777777778,0.48648148148148146,12.074074074074074,False,1367
0.55,0.7,0.08,2.0,14.0,25.0,0.0,54,83,0.6506024096385542,0.7777777777777778,0.48648148148148146,12.074074074074074,False,1368
0.55,0.7,0.1,2.0,14.0,25.0,0.0,54,83,0.6506024096385542,0.7777777777777778,0.48648148148148146,12.074074074074074,False,1369
0.55,0.7,0.12,2.0,14.0,25.0,0.0,54,83,0.6506024096385542,0.7777777777777778,0.48648148148148146,12.074074074074074,False,1370
0.55,0.75,0.05,2.0,14.0,25.0,0.0,45,83,0.5421686746987951,0.7777777777777778,0.48400000000000004,12.222222222222221,False,1371
0.55,0.75,0.08,2.0,14.0,25.0,0.0,45,83,0.5421686746987951,0.7777777777777778,0.48400000000000004,12.222222222222221,False,1372
0.55,0.75,0.1,2.0,14.0,25.0,0.0,45,83,0.5421686746987951,0.7777777777777778,0.48400000000000004,12.222222222222221,False,1373
0.55,0.75,0.12,2.0,14.0,25.0,0.0,45,83,0.5421686746987951,0.7777777777777778,0.48400000000000004,12.222222222222221,False,1374
0.55,0.6,0.05,8.0,12.0,25.0,0.0,36,83,0.43373493975903615,0.7777777777777778,0.4794444444444445,10.86111111111111,False,1375
0.55,0.6,0.08,8.0,12.0,25.0,0.0,36,83,0.43373493975903615,0.7777777777777778,0.4794444444444445,10.86111111111111,False,1376
0.55,0.6,0.1,6.0,12.0,25.0,0.0,36,83,0.43373493975903615,0.7777777777777778,0.4791666666666667,10.777777777777779,False,1377
0.55,0.6,0.12,6.0,12.0,25.0,0.0,36,83,0.43373493975903615,0.7777777777777778,0.4791666666666667,10.777777777777779,False,1378
0.5,0.7,0.05,6.0,14.0,50.0,0.0,27,83,0.3253012048192771,0.7777777777777778,0.4562962962962963,12.518518518518519,False,1379
0.5,0.7,0.05,8.0,14.0,50.0,0.0,27,83,0.3253012048192771,0.7777777777777778,0.4562962962962963,12.518518518518519,False,1380
0.5,0.7,0.08,6.0,14.0,50.0,0.0,27,83,0.3253012048192771,0.7777777777777778,0.4562962962962963,12.518518518518519,False,1381
0.5,0.7,0.08,8.0,14.0,50.0,0.0,27,83,0.3253012048192771,0.7777777777777778,0.4562962962962963,12.518518518518519,False,1382
0.5,0.7,0.1,6.0,14.0,50.0,0.0,27,83,0.3253012048192771,0.7777777777777778,0.4562962962962963,12.518518518518519,False,1383
0.5,0.7,0.1,8.0,14.0,50.0,0.0,27,83,0.3253012048192771,0.7777777777777778,0.4562962962962963,12.518518518518519,False,1384
0.5,0.7,0.12,6.0,14.0,50.0,0.0,27,83,0.3253012048192771,0.7777777777777778,0.4562962962962963,12.518518518518519,False,1385
0.5,0.7,0.12,8.0,14.0,50.0,0.0,27,83,0.3253012048192771,0.7777777777777778,0.4562962962962963,12.518518518518519,False,1386
0.6,0.7,0.05,8.0,10.0,25.0,0.0,27,83,0.3253012048192771,0.7777777777777778,0.5322222222222223,9.296296296296296,False,1387
0.6,0.7,0.08,8.0,10.0,25.0,0.0,27,83,0.3253012048192771,0.7777777777777778,0.5322222222222223,9.296296296296296,False,1388
0.6,0.7,0.1,8.0,10.0,25.0,0.0,27,83,0.3253012048192771,0.7777777777777778,0.5322222222222223,9.296296296296296,False,1389
0.6,0.7,0.12,8.0,10.0,25.0,0.0,27,83,0.3253012048192771,0.7777777777777778,0.5322222222222223,9.296296296296296,False,1390
0.55,0.65,0.05,6.0,10.0,0.0,0.0,27,83,0.3253012048192771,0.7777777777777778,0.4774074074074075,8.703703703703704,False,1391
0.55,0.65,0.08,6.0,10.0,0.0,0.0,27,83,0.3253012048192771,0.7777777777777778,0.4774074074074075,8.703703703703704,False,1392
0.55,0.65,0.1,6.0,10.0,0.0,0.0,27,83,0.3253012048192771,0.7777777777777778,0.4774074074074075,8.703703703703704,False,1393
0.55,0.65,0.12,6.0,10.0,0.0,0.0,27,83,0.3253012048192771,0.7777777777777778,0.4774074074074075,8.703703703703704,False,1394
0.55,0.7,0.05,2.0,10.0,0.0,0.0,27,83,0.3253012048192771,0.7777777777777778,0.4881481481481482,8.148148148148149,False,1395
0.55,0.7,0.08,2.0,10.0,0.0,0.0,27,83,0.3253012048192771,0.7777777777777778,0.4881481481481482,8.148148148148149,False,1396
0.55,0.7,0.1,2.0,10.0,0.0,0.0,27,83,0.3253012048192771,0.7777777777777778,0.4881481481481482,8.148148148148149,False,1397
0.55,0.7,0.12,2.0,10.0,0.0,0.0,27,83,0.3253012048192771,0.7777777777777778,0.4881481481481482,8.148148148148149,False,1398
0.6,0.6,0.05,8.0,12.0,0.0,0.5,18,83,0.21686746987951808,0.7777777777777778,0.5466666666666666,10.833333333333334,False,1399
0.6,0.6,0.08,8.0,12.0,0.0,0.5,18,83,0.21686746987951808,0.7777777777777778,0.5466666666666666,10.833333333333334,False,1400
0.6,0.6,0.1,8.0,12.0,0.0,0.5,18,83,0.21686746987951808,0.7777777777777778,0.5466666666666666,10.833333333333334,False,1401
0.6,0.6,0.12,8.0,12.0,0.0,0.5,18,83,0.21686746987951808,0.7777777777777778,0.5466666666666666,10.833333333333334,False,1402
0.6,0.65,0.05,8.0,12.0,0.0,0.5,18,83,0.21686746987951808,0.7777777777777778,0.5466666666666666,10.833333333333334,False,1403
0.6,0.65,0.08,8.0,12.0,0.0,0.5,18,83,0.21686746987951808,0.7777777777777778,0.5466666666666666,10.833333333333334,False,1404
0.6,0.65,0.1,8.0,12.0,0.0,0.5,18,83,0.21686746987951808,0.7777777777777778,0.5466666666666666,10.833333333333334,False,1405
0.6,0.65,0.12,8.0,12.0,0.0,0.5,18,83,0.21686746987951808,0.7777777777777778,0.5466666666666666,10.833333333333334,False,1406
0.6,0.7,0.05,8.0,12.0,0.0,0.5,18,83,0.21686746987951808,0.7777777777777778,0.5494444444444445,10.777777777777779,False,1407
0.6,0.7,0.08,8.0,12.0,0.0,0.5,18,83,0.21686746987951808,0.7777777777777778,0.5494444444444445,10.777777777777779,False,1408
0.6,0.7,0.1,8.0,12.0,0.0,0.5,18,83,0.21686746987951808,0.7777777777777778,0.5494444444444445,10.777777777777779,False,1409
0.6,0.6,0.05,6.0,12.0,25.0,0.5,18,83,0.21686746987951808,0.7777777777777778,0.548888888888889,10.722222222222221,False,1410
0.6,0.6,0.08,6.0,12.0,25.0,0.5,18,83,0.21686746987951808,0.7777777777777778,0.548888888888889,10.722222222222221,False,1411
0.6,0.6,0.1,6.0,12.0,25.0,0.5,18,83,0.21686746987951808,0.7777777777777778,0.548888888888889,10.722222222222221,False,1412
0.6,0.6,0.12,6.0,12.0,25.0,0.5,18,83,0.21686746987951808,0.7777777777777778,0.548888888888889,10.722222222222221,False,1413
0.6,0.65,0.05,6.0,12.0,25.0,0.5,18,83,0.21686746987951808,0.7777777777777778,0.548888888888889,10.722222222222221,False,1414
0.6,0.65,0.08,6.0,12.0,25.0,0.5,18,83,0.21686746987951808,0.7777777777777778,0.548888888888889,10.722222222222221,False,1415
0.6,0.65,0.1,6.0,12.0,25.0,0.5,18,83,0.21686746987951808,0.7777777777777778,0.548888888888889,10.722222222222221,False,1416
0.6,0.65,0.12,6.0,12.0,25.0,0.5,18,83,0.21686746987951808,0.7777777777777778,0.548888888888889,10.722222222222221,False,1417
0.6,0.7,0.05,6.0,12.0,25.0,0.5,18,83,0.21686746987951808,0.7777777777777778,0.5516666666666666,10.666666666666666,False,1418
0.6,0.7,0.08,6.0,12.0,25.0,0.5,18,83,0.21686746987951808,0.7777777777777778,0.5516666666666666,10.666666666666666,False,1419
0.6,0.7,0.1,6.0,12.0,25.0,0.5,18,83,0.21686746987951808,0.7777777777777778,0.5516666666666666,10.666666666666666,False,1420
0.6,0.6,0.05,2.0,12.0,50.0,0.5,18,83,0.21686746987951808,0.7777777777777778,0.5477777777777778,10.277777777777779,False,1421
0.6,0.6,0.05,4.0,12.0,50.0,0.5,18,83,0.21686746987951808,0.7777777777777778,0.5477777777777778,10.277777777777779,False,1422
0.6,0.6,0.08,2.0,12.0,50.0,0.5,18,83,0.21686746987951808,0.7777777777777778,0.5477777777777778,10.277777777777779,False,1423
0.6,0.6,0.08,4.0,12.0,50.0,0.5,18,83,0.21686746987951808,0.7777777777777778,0.5477777777777778,10.277777777777779,False,1424
0.6,0.6,0.1,2.0,12.0,50.0,0.5,18,83,0.21686746987951808,0.7777777777777778,0.5477777777777778,10.277777777777779,False,1425
0.6,0.6,0.1,4.0,12.0,50.0,0.5,18,83,0.21686746987951808,0.7777777777777778,0.5477777777777778,10.277777777777779,False,1426
0.6,0.6,0.12,2.0,12.0,50.0,0.5,18,83,0.21686746987951808,0.7777777777777778,0.5477777777777778,10.277777777777779,False,1427
0.6,0.6,0.12,4.0,12.0,50.0,0.5,18,83,0.21686746987951808,0.7777777777777778,0.5477777777777778,10.277777777777779,False,1428
0.6,0.65,0.05,2.0,12.0,50.0,0.5,18,83,0.21686746987951808,0.7777777777777778,0.5477777777777778,10.277777777777779,False,1429
0.6,0.65,0.05,4.0,12.0,50.0,0.5,18,83,0.21686746987951808,0.7777777777777778,0.5477777777777778,10.277777777777779,False,1430
0.6,0.65,0.08,2.0,12.0,50.0,0.5,18,83,0.21686746987951808,0.7777777777777778,0.5477777777777778,10.277777777777779,False,1431
0.6,0.65,0.08,4.0,12.0,50.0,0.5,18,83,0.21686746987951808,0.7777777777777778,0.5477777777777778,10.277777777777779,False,1432
0.6,0.65,0.1,2.0,12.0,50.0,0.5,18,83,0.21686746987951808,0.7777777777777778,0.5477777777777778,10.277777777777779,False,1433
0.6,0.65,0.1,4.0,12.0,50.0,0.5,18,83,0.21686746987951808,0.7777777777777778,0.5477777777777778,10.277777777777779,False,1434
0.6,0.65,0.12,2.0,12.0,50.0,0.5,18,83,0.21686746987951808,0.7777777777777778,0.5477777777777778,10.277777777777779,False,1435
0.6,0.65,0.12,4.0,12.0,50.0,0.5,18,83,0.21686746987951808,0.7777777777777778,0.5477777777777778,10.277777777777779,False,1436
0.6,0.7,0.05,2.0,12.0,50.0,0.5,18,83,0.21686746987951808,0.7777777777777778,0.5505555555555557,10.222222222222221,False,1437
0.6,0.7,0.05,4.0,12.0,50.0,0.5,18,83,0.21686746987951808,0.7777777777777778,0.5505555555555557,10.222222222222221,False,1438
0.6,0.7,0.08,2.0,12.0,50.0,0.5,18,83,0.21686746987951808,0.7777777777777778,0.5505555555555557,10.222222222222221,False,1439
0.6,0.7,0.08,4.0,12.0,50.0,0.5,18,83,0.21686746987951808,0.7777777777777778,0.5505555555555557,10.222222222222221,False,1440
0.6,0.7,0.1,2.0,12.0,50.0,0.5,18,83,0.21686746987951808,0.7777777777777778,0.5505555555555557,10.222222222222221,False,1441
0.6,0.7,0.1,4.0,12.0,50.0,0.5,18,83,0.21686746987951808,0.7777777777777778,0.5505555555555557,10.222222222222221,False,1442
0.5,0.7,0.05,6.0,12.0,25.0,0.0,18,83,0.21686746987951808,0.7777777777777778,0.4577777777777778,10.166666666666666,False,1443
0.5,0.7,0.08,6.0,12.0,25.0,0.0,18,83,0.21686746987951808,0.7777777777777778,0.4577777777777778,10.166666666666666,False,1444
0.5,0.7,0.1,6.0,12.0,25.0,0.0,18,83,0.21686746987951808,0.7777777777777778,0.4577777777777778,10.166666666666666,False,1445
0.5,0.7,0.12,6.0,12.0,25.0,0.0,18,83,0.21686746987951808,0.7777777777777778,0.4577777777777778,10.166666666666666,False,1446
0.5,0.6,0.05,8.0,10.0,0.0,0.0,18,83,0.21686746987951808,0.7777777777777778,0.40111111111111103,9.444444444444445,False,1447
0.5,0.6,0.08,8.0,10.0,0.0,0.0,18,83,0.21686746987951808,0.7777777777777778,0.40111111111111103,9.444444444444445,False,1448
0.5,0.6,0.1,8.0,10.0,0.0,0.0,18,83,0.21686746987951808,0.7777777777777778,0.40111111111111103,9.444444444444445,False,1449
0.5,0.6,0.12,8.0,10.0,0.0,0.0,18,83,0.21686746987951808,0.7777777777777778,0.40111111111111103,9.444444444444445,False,1450
0.6,0.75,0.05,6.0,10.0,50.0,0.0,18,83,0.21686746987951808,0.7777777777777778,0.5300000000000001,9.333333333333334,False,1451
0.6,0.75,0.08,6.0,10.0,50.0,0.0,18,83,0.21686746987951808,0.7777777777777778,0.5300000000000001,9.333333333333334,False,1452
0.6,0.75,0.1,6.0,10.0,50.0,0.0,18,83,0.21686746987951808,0.7777777777777778,0.5300000000000001,9.333333333333334,False,1453
0.6,0.75,0.12,6.0,10.0,50.0,0.0,18,83,0.21686746987951808,0.7777777777777778,0.5300000000000001,9.333333333333334,False,1454
0.55,0.6,0.1,8.0,10.0,25.0,0.0,18,83,0.21686746987951808,0.7777777777777778,0.5,9.277777777777779,False,1455
0.55,0.6,0.12,8.0,10.0,25.0,0.0,18,83,0.21686746987951808,0.7777777777777778,0.5,9.277777777777779,False,1456
0.55,0.65,0.05,8.0,10.0,25.0,0.0,18,83,0.21686746987951808,0.7777777777777778,0.5,9.277777777777779,False,1457
0.55,0.65,0.08,8.0,10.0,25.0,0.0,18,83,0.21686746987951808,0.7777777777777778,0.5,9.277777777777779,False,1458
0.55,0.65,0.1,8.0,10.0,25.0,0.0,18,83,0.21686746987951808,0.7777777777777778,0.5,9.277777777777779,False,1459
0.55,0.65,0.12,8.0,10.0,25.0,0.0,18,83,0.21686746987951808,0.7777777777777778,0.5,9.277777777777779,False,1460
0.55,0.75,0.05,6.0,10.0,0.0,0.0,18,83,0.21686746987951808,0.7777777777777778,0.47277777777777785,8.61111111111111,False,1461
0.55,0.75,0.08,6.0,10.0,0.0,0.0,18,83,0.21686746987951808,0.7777777777777778,0.47277777777777785,8.61111111111111,False,1462
0.55,0.75,0.1,6.0,10.0,0.0,0.0,18,83,0.21686746987951808,0.7777777777777778,0.47277777777777785,8.61111111111111,False,1463
0.55,0.75,0.12,6.0,10.0,0.0,0.0,18,83,0.21686746987951808,0.7777777777777778,0.47277777777777785,8.61111111111111,False,1464
0.6,0.75,0.05,2.0,14.0,75.0,0.0,40,83,0.4819277108433735,0.775,0.5297499999999999,12.35,False,1465
0.6,0.75,0.08,2.0,14.0,75.0,0.0,40,83,0.4819277108433735,0.775,0.5297499999999999,12.35,False,1466
0.6,0.75,0.1,2.0,14.0,75.0,0.0,40,83,0.4819277108433735,0.775,0.5297499999999999,12.35,False,1467
0.6,0.75,0.12,2.0,14.0,75.0,0.0,40,83,0.4819277108433735,0.775,0.5297499999999999,12.35,False,1468
0.6,0.7,0.05,8.0,10.0,0.0,0.0,31,83,0.37349397590361444,0.7741935483870968,0.5225806451612903,9.290322580645162,False,1469
0.6,0.7,0.08,8.0,10.0,0.0,0.0,31,83,0.37349397590361444,0.7741935483870968,0.5225806451612903,9.290322580645162,False,1470
0.6,0.7,0.1,8.0,10.0,0.0,0.0,31,83,0.37349397590361444,0.7741935483870968,0.5225806451612903,9.290322580645162,False,1471
0.6,0.7,0.12,8.0,10.0,0.0,0.0,31,83,0.37349397590361444,0.7741935483870968,0.5225806451612903,9.290322580645162,False,1472
0.6,0.6,0.05,8.0,10.0,25.0,0.0,31,83,0.37349397590361444,0.7741935483870968,0.5316129032258063,9.258064516129032,False,1473
0.6,0.6,0.1,6.0,10.0,25.0,0.0,31,83,0.37349397590361444,0.7741935483870968,0.5312903225806451,9.064516129032258,False,1474
0.6,0.6,0.12,6.0,10.0,25.0,0.0,31,83,0.37349397590361444,0.7741935483870968,0.5312903225806451,9.064516129032258,False,1475
0.6,0.65,0.08,6.0,10.0,25.0,0.0,31,83,0.37349397590361444,0.7741935483870968,0.5312903225806451,9.064516129032258,False,1476
0.6,0.65,0.1,6.0,10.0,25.0,0.0,31,83,0.37349397590361444,0.7741935483870968,0.5312903225806451,9.064516129032258,False,1477
0.6,0.65,0.12,6.0,10.0,25.0,0.0,31,83,0.37349397590361444,0.7741935483870968,0.5312903225806451,9.064516129032258,False,1478
0.55,0.7,0.05,4.0,14.0,25.0,0.0,53,83,0.6385542168674698,0.7735849056603774,0.4858490566037736,12.245283018867925,False,1479
0.55,0.7,0.08,4.0,14.0,25.0,0.0,53,83,0.6385542168674698,0.7735849056603774,0.4858490566037736,12.245283018867925,False,1480
0.55,0.7,0.1,4.0,14.0,25.0,0.0,53,83,0.6385542168674698,0.7735849056603774,0.4858490566037736,12.245283018867925,False,1481
0.55,0.7,0.12,4.0,14.0,25.0,0.0,53,83,0.6385542168674698,0.7735849056603774,0.4858490566037736,12.245283018867925,False,1482
0.55,0.75,0.05,4.0,14.0,25.0,0.0,44,83,0.5301204819277109,0.7727272727272727,0.48431818181818187,12.431818181818182,False,1483
0.55,0.75,0.08,4.0,14.0,25.0,0.0,44,83,0.5301204819277109,0.7727272727272727,0.48431818181818187,12.431818181818182,False,1484
0.55,0.75,0.1,4.0,14.0,25.0,0.0,44,83,0.5301204819277109,0.7727272727272727,0.48431818181818187,12.431818181818182,False,1485
0.55,0.75,0.12,4.0,14.0,25.0,0.0,44,83,0.5301204819277109,0.7727272727272727,0.48431818181818187,12.431818181818182,False,1486
0.6,0.75,0.05,2.0,12.0,0.0,0.0,44,83,0.5301204819277109,0.7727272727272727,0.5120454545454547,9.568181818181818,False,1487
0.6,0.75,0.08,2.0,12.0,0.0,0.0,44,83,0.5301204819277109,0.7727272727272727,0.5120454545454547,9.568181818181818,False,1488
0.6,0.75,0.1,2.0,12.0,0.0,0.0,44,83,0.5301204819277109,0.7727272727272727,0.5120454545454547,9.568181818181818,False,1489
0.6,0.75,0.12,2.0,12.0,0.0,0.0,44,83,0.5301204819277109,0.7727272727272727,0.5120454545454547,9.568181818181818,False,1490
0.5,0.75,0.05,6.0,14.0,50.0,0.0,22,83,0.26506024096385544,0.7727272727272727,0.455,12.590909090909092,False,1491
0.5,0.75,0.05,8.0,14.0,50.0,0.0,22,83,0.26506024096385544,0.7727272727272727,0.455,12.590909090909092,False,1492
0.5,0.75,0.08,6.0,14.0,50.0,0.0,22,83,0.26506024096385544,0.7727272727272727,0.455,12.590909090909092,False,1493
0.5,0.75,0.08,8.0,14.0,50.0,0.0,22,83,0.26506024096385544,0.7727272727272727,0.455,12.590909090909092,False,1494
0.5,0.75,0.1,6.0,14.0,50.0,0.0,22,83,0.26506024096385544,0.7727272727272727,0.455,12.590909090909092,False,1495
0.5,0.75,0.1,8.0,14.0,50.0,0.0,22,83,0.26506024096385544,0.7727272727272727,0.455,12.590909090909092,False,1496
0.5,0.75,0.12,6.0,14.0,50.0,0.0,22,83,0.26506024096385544,0.7727272727272727,0.455,12.590909090909092,False,1497
0.5,0.75,0.12,8.0,14.0,50.0,0.0,22,83,0.26506024096385544,0.7727272727272727,0.455,12.590909090909092,False,1498
0.5,0.65,0.05,6.0,12.0,25.0,0.0,22,83,0.26506024096385544,0.7727272727272727,0.4413636363636364,10.681818181818182,False,1499
0.5,0.65,0.08,6.0,12.0,25.0,0.0,22,83,0.26506024096385544,0.7727272727272727,0.4413636363636364,10.681818181818182,False,1500
0.5,0.65,0.1,6.0,12.0,25.0,0.0,22,83,0.26506024096385544,0.7727272727272727,0.4413636363636364,10.681818181818182,False,1501
0.5,0.65,0.12,6.0,12.0,25.0,0.0,22,83,0.26506024096385544,0.7727272727272727,0.4413636363636364,10.681818181818182,False,1502
0.5,0.65,0.05,2.0,10.0,0.0,0.0,22,83,0.26506024096385544,0.7727272727272727,0.4431818181818183,7.818181818181818,False,1503
0.5,0.65,0.08,2.0,10.0,0.0,0.0,22,83,0.26506024096385544,0.7727272727272727,0.4431818181818183,7.818181818181818,False,1504
0.5,0.65,0.1,2.0,10.0,0.0,0.0,22,83,0.26506024096385544,0.7727272727272727,0.4431818181818183,7.818181818181818,False,1505
0.5,0.65,0.12,2.0,10.0,0.0,0.0,22,83,0.26506024096385544,0.7727272727272727,0.4431818181818183,7.818181818181818,False,1506
0.5,0.75,0.05,4.0,14.0,0.0,0.0,35,83,0.42168674698795183,0.7714285714285715,0.4534285714285714,11.657142857142857,False,1507
0.5,0.75,0.08,4.0,14.0,0.0,0.0,35,83,0.42168674698795183,0.7714285714285715,0.4534285714285714,11.657142857142857,False,1508
0.5,0.75,0.1,4.0,14.0,0.0,0.0,35,83,0.42168674698795183,0.7714285714285715,0.4534285714285714,11.657142857142857,False,1509
0.5,0.75,0.12,4.0,14.0,0.0,0.0,35,83,0.42168674698795183,0.7714285714285715,0.4534285714285714,11.657142857142857,False,1510
0.55,0.6,0.1,8.0,12.0,25.0,0.0,35,83,0.42168674698795183,0.7714285714285715,0.4774285714285715,10.914285714285715,False,1511
0.55,0.6,0.12,8.0,12.0,25.0,0.0,35,83,0.42168674698795183,0.7714285714285715,0.4774285714285715,10.914285714285715,False,1512
0.55,0.7,0.05,6.0,14.0,25.0,0.0,52,83,0.6265060240963856,0.7692307692307693,0.4857692307692308,12.384615384615385,False,1513
0.55,0.7,0.08,6.0,14.0,25.0,0.0,52,83,0.6265060240963856,0.7692307692307693,0.4857692307692308,12.384615384615385,False,1514
0.55,0.7,0.1,6.0,14.0,25.0,0.0,52,83,0.6265060240963856,0.7692307692307693,0.4857692307692308,12.384615384615385,False,1515
0.55,0.7,0.12,6.0,14.0,25.0,0.0,52,83,0.6265060240963856,0.7692307692307693,0.4857692307692308,12.384615384615385,False,1516
0.6,0.75,0.05,4.0,14.0,75.0,0.0,39,83,0.46987951807228917,0.7692307692307693,0.5312820512820513,12.58974358974359,False,1517
0.6,0.75,0.08,4.0,14.0,75.0,0.0,39,83,0.46987951807228917,0.7692307692307693,0.5312820512820513,12.58974358974359,False,1518
0.6,0.75,0.1,4.0,14.0,75.0,0.0,39,83,0.46987951807228917,0.7692307692307693,0.5312820512820513,12.58974358974359,False,1519
0.6,0.75,0.12,4.0,14.0,75.0,0.0,39,83,0.46987951807228917,0.7692307692307693,0.5312820512820513,12.58974358974359,False,1520
0.5,0.6,0.05,2.0,14.0,25.0,0.0,39,83,0.46987951807228917,0.7692307692307693,0.45435897435897427,12.333333333333334,False,1521
0.5,0.6,0.05,4.0,14.0,25.0,0.0,39,83,0.46987951807228917,0.7692307692307693,0.45435897435897427,12.333333333333334,False,1522
0.5,0.6,0.08,2.0,14.0,25.0,0.0,39,83,0.46987951807228917,0.7692307692307693,0.45435897435897427,12.333333333333334,False,1523
0.5,0.6,0.08,4.0,14.0,25.0,0.0,39,83,0.46987951807228917,0.7692307692307693,0.45435897435897427,12.333333333333334,False,1524
0.5,0.6,0.1,2.0,14.0,25.0,0.0,39,83,0.46987951807228917,0.7692307692307693,0.45435897435897427,12.333333333333334,False,1525
0.5,0.6,0.1,4.0,14.0,25.0,0.0,39,83,0.46987951807228917,0.7692307692307693,0.45435897435897427,12.333333333333334,False,1526
0.5,0.6,0.12,2.0,14.0,25.0,0.0,39,83,0.46987951807228917,0.7692307692307693,0.45435897435897427,12.333333333333334,False,1527
0.5,0.6,0.12,4.0,14.0,25.0,0.0,39,83,0.46987951807228917,0.7692307692307693,0.45435897435897427,12.333333333333334,False,1528
0.6,0.75,0.05,8.0,10.0,0.0,0.0,26,83,0.3132530120481928,0.7692307692307693,0.5273076923076924,9.23076923076923,False,1529
0.6,0.75,0.08,8.0,10.0,0.0,0.0,26,83,0.3132530120481928,0.7692307692307693,0.5273076923076924,9.23076923076923,False,1530
0.6,0.75,0.1,8.0,10.0,0.0,0.0,26,83,0.3132530120481928,0.7692307692307693,0.5273076923076924,9.23076923076923,False,1531
0.6,0.75,0.12,8.0,10.0,0.0,0.0,26,83,0.3132530120481928,0.7692307692307693,0.5273076923076924,9.23076923076923,False,1532
0.5,0.75,0.05,8.0,12.0,25.0,0.0,13,83,0.1566265060240964,0.7692307692307693,0.45384615384615373,10.923076923076923,False,1533
0.5,0.75,0.08,8.0,12.0,25.0,0.0,13,83,0.1566265060240964,0.7692307692307693,0.45384615384615373,10.923076923076923,False,1534
0.5,0.75,0.1,8.0,12.0,25.0,0.0,13,83,0.1566265060240964,0.7692307692307693,0.45384615384615373,10.923076923076923,False,1535
0.5,0.75,0.12,8.0,12.0,25.0,0.0,13,83,0.1566265060240964,0.7692307692307693,0.45384615384615373,10.923076923076923,False,1536
0.5,0.75,0.05,4.0,12.0,50.0,0.0,13,83,0.1566265060240964,0.7692307692307693,0.45461538461538453,10.307692307692308,False,1537
0.5,0.75,0.08,4.0,12.0,50.0,0.0,13,83,0.1566265060240964,0.7692307692307693,0.45461538461538453,10.307692307692308,False,1538
0.5,0.75,0.1,4.0,12.0,50.0,0.0,13,83,0.1566265060240964,0.7692307692307693,0.45461538461538453,10.307692307692308,False,1539
0.5,0.75,0.12,4.0,12.0,50.0,0.0,13,83,0.1566265060240964,0.7692307692307693,0.45461538461538453,10.307692307692308,False,1540
0.55,0.75,0.05,8.0,10.0,0.0,0.0,13,83,0.1566265060240964,0.7692307692307693,0.47769230769230764,9.538461538461538,False,1541
0.55,0.75,0.08,8.0,10.0,0.0,0.0,13,83,0.1566265060240964,0.7692307692307693,0.47769230769230764,9.538461538461538,False,1542
0.55,0.75,0.1,8.0,10.0,0.0,0.0,13,83,0.1566265060240964,0.7692307692307693,0.47769230769230764,9.538461538461538,False,1543
0.55,0.75,0.12,8.0,10.0,0.0,0.0,13,83,0.1566265060240964,0.7692307692307693,0.47769230769230764,9.538461538461538,False,1544
0.6,0.6,0.05,2.0,14.0,75.0,0.0,43,83,0.5180722891566265,0.7674418604651163,0.5302325581395348,12.372093023255815,False,1545
0.6,0.6,0.05,4.0,14.0,75.0,0.0,43,83,0.5180722891566265,0.7674418604651163,0.5302325581395348,12.372093023255815,False,1546
0.6,0.6,0.08,2.0,14.0,75.0,0.0,43,83,0.5180722891566265,0.7674418604651163,0.5302325581395348,12.372093023255815,False,1547
0.6,0.6,0.08,4.0,14.0,75.0,0.0,43,83,0.5180722891566265,0.7674418604651163,0.5302325581395348,12.372093023255815,False,1548
0.6,0.6,0.1,2.0,14.0,75.0,0.0,43,83,0.5180722891566265,0.7674418604651163,0.5302325581395348,12.372093023255815,False,1549
0.6,0.6,0.1,4.0,14.0,75.0,0.0,43,83,0.5180722891566265,0.7674418604651163,0.5302325581395348,12.372093023255815,False,1550
0.6,0.6,0.12,2.0,14.0,75.0,0.0,43,83,0.5180722891566265,0.7674418604651163,0.5302325581395348,12.372093023255815,False,1551
0.6,0.6,0.12,4.0,14.0,75.0,0.0,43,83,0.5180722891566265,0.7674418604651163,0.5302325581395348,12.372093023255815,False,1552
0.6,0.65,0.05,2.0,14.0,75.0,0.0,43,83,0.5180722891566265,0.7674418604651163,0.5302325581395348,12.372093023255815,False,1553
0.6,0.65,0.05,4.0,14.0,75.0,0.0,43,83,0.5180722891566265,0.7674418604651163,0.5302325581395348,12.372093023255815,False,1554
0.6,0.65,0.08,2.0,14.0,75.0,0.0,43,83,0.5180722891566265,0.7674418604651163,0.5302325581395348,12.372093023255815,False,1555
0.6,0.65,0.08,4.0,14.0,75.0,0.0,43,83,0.5180722891566265,0.7674418604651163,0.5302325581395348,12.372093023255815,False,1556
0.6,0.65,0.1,2.0,14.0,75.0,0.0,43,83,0.5180722891566265,0.7674418604651163,0.5302325581395348,12.372093023255815,False,1557
0.6,0.65,0.1,4.0,14.0,75.0,0.0,43,83,0.5180722891566265,0.7674418604651163,0.5302325581395348,12.372093023255815,False,1558
0.6,0.65,0.12,2.0,14.0,75.0,0.0,43,83,0.5180722891566265,0.7674418604651163,0.5302325581395348,12.372093023255815,False,1559
0.6,0.65,0.12,4.0,14.0,75.0,0.0,43,83,0.5180722891566265,0.7674418604651163,0.5302325581395348,12.372093023255815,False,1560
0.6,0.7,0.05,2.0,14.0,75.0,0.0,43,83,0.5180722891566265,0.7674418604651163,0.5302325581395348,12.372093023255815,False,1561
0.6,0.7,0.05,4.0,14.0,75.0,0.0,43,83,0.5180722891566265,0.7674418604651163,0.5302325581395348,12.372093023255815,False,1562
0.6,0.7,0.08,2.0,14.0,75.0,0.0,43,83,0.5180722891566265,0.7674418604651163,0.5302325581395348,12.372093023255815,False,1563
0.6,0.7,0.08,4.0,14.0,75.0,0.0,43,83,0.5180722891566265,0.7674418604651163,0.5302325581395348,12.372093023255815,False,1564
0.6,0.7,0.1,2.0,14.0,75.0,0.0,43,83,0.5180722891566265,0.7674418604651163,0.5302325581395348,12.372093023255815,False,1565
0.6,0.7,0.1,4.0,14.0,75.0,0.0,43,83,0.5180722891566265,0.7674418604651163,0.5302325581395348,12.372093023255815,False,1566
0.6,0.7,0.12,2.0,14.0,75.0,0.0,43,83,0.5180722891566265,0.7674418604651163,0.5302325581395348,12.372093023255815,False,1567
0.6,0.7,0.12,4.0,14.0,75.0,0.0,43,83,0.5180722891566265,0.7674418604651163,0.5302325581395348,12.372093023255815,False,1568
0.55,0.7,0.05,2.0,14.0,50.0,0.0,43,83,0.5180722891566265,0.7674418604651163,0.48093023255813955,12.162790697674419,False,1569
0.55,0.7,0.08,2.0,14.0,50.0,0.0,43,83,0.5180722891566265,0.7674418604651163,0.48093023255813955,12.162790697674419,False,1570
0.55,0.7,0.1,2.0,14.0,50.0,0.0,43,83,0.5180722891566265,0.7674418604651163,0.48093023255813955,12.162790697674419,False,1571
0.55,0.7,0.12,2.0,14.0,50.0,0.0,43,83,0.5180722891566265,0.7674418604651163,0.48093023255813955,12.162790697674419,False,1572
0.6,0.6,0.08,8.0,10.0,25.0,0.0,30,83,0.3614457831325301,0.7666666666666667,0.5293333333333333,9.266666666666667,False,1573
0.6,0.65,0.05,8.0,10.0,25.0,0.0,30,83,0.3614457831325301,0.7666666666666667,0.531,9.266666666666667,False,1574
0.6,0.6,0.05,8.0,12.0,25.0,0.5,17,83,0.20481927710843373,0.7647058823529411,0.5458823529411765,11.0,False,1575
0.6,0.6,0.08,8.0,12.0,25.0,0.5,17,83,0.20481927710843373,0.7647058823529411,0.5458823529411765,11.0,False,1576
0.6,0.6,0.1,8.0,12.0,25.0,0.5,17,83,0.20481927710843373,0.7647058823529411,0.5458823529411765,11.0,False,1577
0.6,0.6,0.12,8.0,12.0,25.0,0.5,17,83,0.20481927710843373,0.7647058823529411,0.5458823529411765,11.0,False,1578
0.6,0.65,0.05,8.0,12.0,25.0,0.5,17,83,0.20481927710843373,0.7647058823529411,0.5458823529411765,11.0,False,1579
0.6,0.65,0.08,8.0,12.0,25.0,0.5,17,83,0.20481927710843373,0.7647058823529411,0.5458823529411765,11.0,False,1580
0.6,0.65,0.1,8.0,12.0,25.0,0.5,17,83,0.20481927710843373,0.7647058823529411,0.5458823529411765,11.0,False,1581
0.6,0.65,0.12,8.0,12.0,25.0,0.5,17,83,0.20481927710843373,0.7647058823529411,0.5458823529411765,11.0,False,1582
0.6,0.7,0.05,8.0,12.0,25.0,0.5,17,83,0.20481927710843373,0.7647058823529411,0.5488235294117648,10.941176470588236,False,1583
0.6,0.7,0.08,8.0,12.0,25.0,0.5,17,83,0.20481927710843373,0.7647058823529411,0.5488235294117648,10.941176470588236,False,1584
0.6,0.7,0.1,8.0,12.0,25.0,0.5,17,83,0.20481927710843373,0.7647058823529411,0.5488235294117648,10.941176470588236,False,1585
0.6,0.6,0.05,6.0,12.0,50.0,0.5,17,83,0.20481927710843373,0.7647058823529411,0.5470588235294118,10.647058823529411,False,1586
0.6,0.6,0.08,6.0,12.0,50.0,0.5,17,83,0.20481927710843373,0.7647058823529411,0.5470588235294118,10.647058823529411,False,1587
0.6,0.6,0.1,6.0,12.0,50.0,0.5,17,83,0.20481927710843373,0.7647058823529411,0.5470588235294118,10.647058823529411,False,1588
0.6,0.6,0.12,6.0,12.0,50.0,0.5,17,83,0.20481927710843373,0.7647058823529411,0.5470588235294118,10.647058823529411,False,1589
0.6,0.65,0.05,6.0,12.0,50.0,0.5,17,83,0.20481927710843373,0.7647058823529411,0.5470588235294118,10.647058823529411,False,1590
0.6,0.65,0.08,6.0,12.0,50.0,0.5,17,83,0.20481927710843373,0.7647058823529411,0.5470588235294118,10.647058823529411,False,1591
0.6,0.65,0.1,6.0,12.0,50.0,0.5,17,83,0.20481927710843373,0.7647058823529411,0.5470588235294118,10.647058823529411,False,1592
0.6,0.65,0.12,6.0,12.0,50.0,0.5,17,83,0.20481927710843373,0.7647058823529411,0.5470588235294118,10.647058823529411,False,1593
0.6,0.7,0.05,6.0,12.0,50.0,0.5,17,83,0.20481927710843373,0.7647058823529411,0.55,10.588235294117647,False,1594
0.6,0.7,0.08,6.0,12.0,50.0,0.5,17,83,0.20481927710843373,0.7647058823529411,0.55,10.588235294117647,False,1595
0.6,0.7,0.1,6.0,12.0,50.0,0.5,17,83,0.20481927710843373,0.7647058823529411,0.55,10.588235294117647,False,1596
0.5,0.6,0.05,2.0,12.0,50.0,0.0,17,83,0.20481927710843373,0.7647058823529411,0.45235294117647057,9.941176470588236,False,1597
0.5,0.6,0.08,2.0,12.0,50.0,0.0,17,83,0.20481927710843373,0.7647058823529411,0.45235294117647057,9.941176470588236,False,1598
0.5,0.6,0.1,2.0,12.0,50.0,0.0,17,83,0.20481927710843373,0.7647058823529411,0.45235294117647057,9.941176470588236,False,1599
0.5,0.6,0.12,2.0,12.0,50.0,0.0,17,83,0.20481927710843373,0.7647058823529411,0.45235294117647057,9.941176470588236,False,1600
0.5,0.65,0.05,2.0,12.0,50.0,0.0,17,83,0.20481927710843373,0.7647058823529411,0.45235294117647057,9.941176470588236,False,1601
0.5,0.65,0.08,2.0,12.0,50.0,0.0,17,83,0.20481927710843373,0.7647058823529411,0.45235294117647057,9.941176470588236,False,1602
0.5,0.65,0.1,2.0,12.0,50.0,0.0,17,83,0.20481927710843373,0.7647058823529411,0.45235294117647057,9.941176470588236,False,1603
0.5,0.65,0.12,2.0,12.0,50.0,0.0,17,83,0.20481927710843373,0.7647058823529411,0.45235294117647057,9.941176470588236,False,1604
0.6,0.75,0.05,8.0,10.0,50.0,0.0,17,83,0.20481927710843373,0.7647058823529411,0.5294117647058825,9.529411764705882,False,1605
0.6,0.75,0.08,8.0,10.0,50.0,0.0,17,83,0.20481927710843373,0.7647058823529411,0.5294117647058825,9.529411764705882,False,1606
0.6,0.75,0.1,8.0,10.0,50.0,0.0,17,83,0.20481927710843373,0.7647058823529411,0.5294117647058825,9.529411764705882,False,1607
0.6,0.75,0.12,8.0,10.0,50.0,0.0,17,83,0.20481927710843373,0.7647058823529411,0.5294117647058825,9.529411764705882,False,1608
0.6,0.75,0.05,6.0,14.0,75.0,0.0,38,83,0.4578313253012048,0.7631578947368421,0.5302631578947368,12.789473684210526,False,1609
0.6,0.75,0.05,8.0,14.0,75.0,0.0,38,83,0.4578313253012048,0.7631578947368421,0.5302631578947368,12.789473684210526,False,1610
0.6,0.75,0.08,6.0,14.0,75.0,0.0,38,83,0.4578313253012048,0.7631578947368421,0.5302631578947368,12.789473684210526,False,1611
0.6,0.75,0.08,8.0,14.0,75.0,0.0,38,83,0.4578313253012048,0.7631578947368421,0.5302631578947368,12.789473684210526,False,1612
0.6,0.75,0.1,6.0,14.0,75.0,0.0,38,83,0.4578313253012048,0.7631578947368421,0.5302631578947368,12.789473684210526,False,1613
0.6,0.75,0.1,8.0,14.0,75.0,0.0,38,83,0.4578313253012048,0.7631578947368421,0.5302631578947368,12.789473684210526,False,1614
0.6,0.75,0.12,6.0,14.0,75.0,0.0,38,83,0.4578313253012048,0.7631578947368421,0.5302631578947368,12.789473684210526,False,1615
0.6,0.75,0.12,8.0,14.0,75.0,0.0,38,83,0.4578313253012048,0.7631578947368421,0.5302631578947368,12.789473684210526,False,1616
0.5,0.6,0.05,6.0,14.0,25.0,0.0,38,83,0.4578313253012048,0.7631578947368421,0.4534210526315789,12.526315789473685,False,1617
0.5,0.6,0.05,8.0,14.0,25.0,0.0,38,83,0.4578313253012048,0.7631578947368421,0.4534210526315789,12.526315789473685,False,1618
0.5,0.6,0.08,6.0,14.0,25.0,0.0,38,83,0.4578313253012048,0.7631578947368421,0.4534210526315789,12.526315789473685,False,1619
0.5,0.6,0.08,8.0,14.0,25.0,0.0,38,83,0.4578313253012048,0.7631578947368421,0.4534210526315789,12.526315789473685,False,1620
0.5,0.6,0.1,6.0,14.0,25.0,0.0,38,83,0.4578313253012048,0.7631578947368421,0.4534210526315789,12.526315789473685,False,1621
0.5,0.6,0.1,8.0,14.0,25.0,0.0,38,83,0.4578313253012048,0.7631578947368421,0.4534210526315789,12.526315789473685,False,1622
0.5,0.6,0.12,6.0,14.0,25.0,0.0,38,83,0.4578313253012048,0.7631578947368421,0.4534210526315789,12.526315789473685,False,1623
0.5,0.6,0.12,8.0,14.0,25.0,0.0,38,83,0.4578313253012048,0.7631578947368421,0.4534210526315789,12.526315789473685,False,1624
0.6,0.75,0.05,6.0,12.0,0.0,0.0,38,83,0.4578313253012048,0.7631578947368421,0.5094736842105263,10.447368421052632,False,1625
0.6,0.75,0.08,6.0,12.0,0.0,0.0,38,83,0.4578313253012048,0.7631578947368421,0.5094736842105263,10.447368421052632,False,1626
0.6,0.75,0.1,6.0,12.0,0.0,0.0,38,83,0.4578313253012048,0.7631578947368421,0.5094736842105263,10.447368421052632,False,1627
0.6,0.75,0.12,6.0,12.0,0.0,0.0,38,83,0.4578313253012048,0.7631578947368421,0.5094736842105263,10.447368421052632,False,1628
0.55,0.75,0.05,6.0,14.0,25.0,0.0,42,83,0.5060240963855421,0.7619047619047619,0.48428571428571426,12.80952380952381,False,1629
0.55,0.75,0.08,6.0,14.0,25.0,0.0,42,83,0.5060240963855421,0.7619047619047619,0.48428571428571426,12.80952380952381,False,1630
0.55,0.75,0.1,6.0,14.0,25.0,0.0,42,83,0.5060240963855421,0.7619047619047619,0.48428571428571426,12.80952380952381,False,1631
0.55,0.75,0.12,6.0,14.0,25.0,0.0,42,83,0.5060240963855421,0.7619047619047619,0.48428571428571426,12.80952380952381,False,1632
0.6,0.6,0.05,6.0,14.0,75.0,0.0,42,83,0.5060240963855421,0.7619047619047619,0.5292857142857142,12.547619047619047,False,1633
0.6,0.6,0.05,8.0,14.0,75.0,0.0,42,83,0.5060240963855421,0.7619047619047619,0.5292857142857142,12.547619047619047,False,1634
0.6,0.6,0.08,6.0,14.0,75.0,0.0,42,83,0.5060240963855421,0.7619047619047619,0.5292857142857142,12.547619047619047,False,1635
0.6,0.6,0.08,8.0,14.0,75.0,0.0,42,83,0.5060240963855421,0.7619047619047619,0.5292857142857142,12.547619047619047,False,1636
0.6,0.6,0.1,6.0,14.0,75.0,0.0,42,83,0.5060240963855421,0.7619047619047619,0.5292857142857142,12.547619047619047,False,1637
0.6,0.6,0.1,8.0,14.0,75.0,0.0,42,83,0.5060240963855421,0.7619047619047619,0.5292857142857142,12.547619047619047,False,1638
0.6,0.6,0.12,6.0,14.0,75.0,0.0,42,83,0.5060240963855421,0.7619047619047619,0.5292857142857142,12.547619047619047,False,1639
0.6,0.6,0.12,8.0,14.0,75.0,0.0,42,83,0.5060240963855421,0.7619047619047619,0.5292857142857142,12.547619047619047,False,1640
0.6,0.65,0.05,6.0,14.0,75.0,0.0,42,83,0.5060240963855421,0.7619047619047619,0.5292857142857142,12.547619047619047,False,1641
0.6,0.65,0.05,8.0,14.0,75.0,0.0,42,83,0.5060240963855421,0.7619047619047619,0.5292857142857142,12.547619047619047,False,1642
0.6,0.65,0.08,6.0,14.0,75.0,0.0,42,83,0.5060240963855421,0.7619047619047619,0.5292857142857142,12.547619047619047,False,1643
0.6,0.65,0.08,8.0,14.0,75.0,0.0,42,83,0.5060240963855421,0.7619047619047619,0.5292857142857142,12.547619047619047,False,1644
0.6,0.65,0.1,6.0,14.0,75.0,0.0,42,83,0.5060240963855421,0.7619047619047619,0.5292857142857142,12.547619047619047,False,1645
0.6,0.65,0.1,8.0,14.0,75.0,0.0,42,83,0.5060240963855421,0.7619047619047619,0.5292857142857142,12.547619047619047,False,1646
0.6,0.65,0.12,6.0,14.0,75.0,0.0,42,83,0.5060240963855421,0.7619047619047619,0.5292857142857142,12.547619047619047,False,1647
0.6,0.65,0.12,8.0,14.0,75.0,0.0,42,83,0.5060240963855421,0.7619047619047619,0.5292857142857142,12.547619047619047,False,1648
0.6,0.7,0.05,6.0,14.0,75.0,0.0,42,83,0.5060240963855421,0.7619047619047619,0.5292857142857142,12.547619047619047,False,1649
0.6,0.7,0.05,8.0,14.0,75.0,0.0,42,83,0.5060240963855421,0.7619047619047619,0.5292857142857142,12.547619047619047,False,1650
0.6,0.7,0.08,6.0,14.0,75.0,0.0,42,83,0.5060240963855421,0.7619047619047619,0.5292857142857142,12.547619047619047,False,1651
0.6,0.7,0.08,8.0,14.0,75.0,0.0,42,83,0.5060240963855421,0.7619047619047619,0.5292857142857142,12.547619047619047,False,1652
0.6,0.7,0.1,6.0,14.0,75.0,0.0,42,83,0.5060240963855421,0.7619047619047619,0.5292857142857142,12.547619047619047,False,1653
0.6,0.7,0.1,8.0,14.0,75.0,0.0,42,83,0.5060240963855421,0.7619047619047619,0.5292857142857142,12.547619047619047,False,1654
0.6,0.7,0.12,6.0,14.0,75.0,0.0,42,83,0.5060240963855421,0.7619047619047619,0.5292857142857142,12.547619047619047,False,1655
0.6,0.7,0.12,8.0,14.0,75.0,0.0,42,83,0.5060240963855421,0.7619047619047619,0.5292857142857142,12.547619047619047,False,1656
0.55,0.7,0.05,4.0,14.0,50.0,0.0,42,83,0.5060240963855421,0.7619047619047619,0.4811904761904761,12.380952380952381,False,1657
0.55,0.7,0.08,4.0,14.0,50.0,0.0,42,83,0.5060240963855421,0.7619047619047619,0.4811904761904761,12.380952380952381,False,1658
0.55,0.7,0.1,4.0,14.0,50.0,0.0,42,83,0.5060240963855421,0.7619047619047619,0.4811904761904761,12.380952380952381,False,1659
0.55,0.7,0.12,4.0,14.0,50.0,0.0,42,83,0.5060240963855421,0.7619047619047619,0.4811904761904761,12.380952380952381,False,1660
0.6,0.75,0.05,4.0,12.0,0.0,0.0,42,83,0.5060240963855421,0.7619047619047619,0.5097619047619047,9.904761904761905,False,1661
0.6,0.75,0.08,4.0,12.0,0.0,0.0,42,83,0.5060240963855421,0.7619047619047619,0.5097619047619047,9.904761904761905,False,1662
0.6,0.75,0.1,4.0,12.0,0.0,0.0,42,83,0.5060240963855421,0.7619047619047619,0.5097619047619047,9.904761904761905,False,1663
0.6,0.75,0.12,4.0,12.0,0.0,0.0,42,83,0.5060240963855421,0.7619047619047619,0.5097619047619047,9.904761904761905,False,1664
0.5,0.65,0.05,8.0,12.0,25.0,0.0,21,83,0.25301204819277107,0.7619047619047619,0.4390476190476191,10.904761904761905,False,1665
0.5,0.65,0.08,8.0,12.0,25.0,0.0,21,83,0.25301204819277107,0.7619047619047619,0.4390476190476191,10.904761904761905,False,1666
0.5,0.65,0.1,8.0,12.0,25.0,0.0,21,83,0.25301204819277107,0.7619047619047619,0.4390476190476191,10.904761904761905,False,1667
0.5,0.65,0.12,8.0,12.0,25.0,0.0,21,83,0.25301204819277107,0.7619047619047619,0.4390476190476191,10.904761904761905,False,1668
0.55,0.65,0.05,8.0,10.0,0.0,0.0,21,83,0.25301204819277107,0.7619047619047619,0.48047619047619056,9.380952380952381,False,1669
0.55,0.65,0.08,8.0,10.0,0.0,0.0,21,83,0.25301204819277107,0.7619047619047619,0.48047619047619056,9.380952380952381,False,1670
0.55,0.65,0.1,8.0,10.0,0.0,0.0,21,83,0.25301204819277107,0.7619047619047619,0.48047619047619056,9.380952380952381,False,1671
0.55,0.65,0.12,8.0,10.0,0.0,0.0,21,83,0.25301204819277107,0.7619047619047619,0.48047619047619056,9.380952380952381,False,1672
0.6,0.75,0.05,8.0,10.0,25.0,0.0,21,83,0.25301204819277107,0.7619047619047619,0.5371428571428573,9.333333333333334,False,1673
0.6,0.75,0.08,8.0,10.0,25.0,0.0,21,83,0.25301204819277107,0.7619047619047619,0.5371428571428573,9.333333333333334,False,1674
0.6,0.75,0.1,8.0,10.0,25.0,0.0,21,83,0.25301204819277107,0.7619047619047619,0.5371428571428573,9.333333333333334,False,1675
0.6,0.75,0.12,8.0,10.0,25.0,0.0,21,83,0.25301204819277107,0.7619047619047619,0.5371428571428573,9.333333333333334,False,1676
0.5,0.6,0.05,6.0,10.0,0.0,0.0,21,83,0.25301204819277107,0.7619047619047619,0.40238095238095234,9.0,False,1677
0.5,0.6,0.08,6.0,10.0,0.0,0.0,21,83,0.25301204819277107,0.7619047619047619,0.40238095238095234,9.0,False,1678
0.5,0.6,0.1,6.0,10.0,0.0,0.0,21,83,0.25301204819277107,0.7619047619047619,0.40238095238095234,9.0,False,1679
0.5,0.6,0.12,6.0,10.0,0.0,0.0,21,83,0.25301204819277107,0.7619047619047619,0.40238095238095234,9.0,False,1680
0.5,0.65,0.05,4.0,10.0,0.0,0.0,21,83,0.25301204819277107,0.7619047619047619,0.44190476190476197,8.047619047619047,False,1681
0.5,0.65,0.08,4.0,10.0,0.0,0.0,21,83,0.25301204819277107,0.7619047619047619,0.44190476190476197,8.047619047619047,False,1682
0.5,0.65,0.1,4.0,10.0,0.0,0.0,21,83,0.25301204819277107,0.7619047619047619,0.44190476190476197,8.047619047619047,False,1683
0.5,0.65,0.12,4.0,10.0,0.0,0.0,21,83,0.25301204819277107,0.7619047619047619,0.44190476190476197,8.047619047619047,False,1684
0.55,0.75,0.05,4.0,10.0,0.0,0.0,21,83,0.25301204819277107,0.7619047619047619,0.4757142857142857,8.047619047619047,False,1685
0.55,0.75,0.08,4.0,10.0,0.0,0.0,21,83,0.25301204819277107,0.7619047619047619,0.4757142857142857,8.047619047619047,False,1686
0.55,0.75,0.1,4.0,10.0,0.0,0.0,21,83,0.25301204819277107,0.7619047619047619,0.4757142857142857,8.047619047619047,False,1687
0.55,0.75,0.12,4.0,10.0,0.0,0.0,21,83,0.25301204819277107,0.7619047619047619,0.4757142857142857,8.047619047619047,False,1688
0.55,0.7,0.05,8.0,14.0,25.0,0.0,50,83,0.6024096385542169,0.76,0.48440000000000005,12.6,False,1689
0.55,0.7,0.08,8.0,14.0,25.0,0.0,50,83,0.6024096385542169,0.76,0.48440000000000005,12.6,False,1690
0.55,0.7,0.1,8.0,14.0,25.0,0.0,50,83,0.6024096385542169,0.76,0.48440000000000005,12.6,False,1691
0.55,0.7,0.12,8.0,14.0,25.0,0.0,50,83,0.6024096385542169,0.76,0.48440000000000005,12.6,False,1692
0.55,0.7,0.05,4.0,10.0,0.0,0.0,25,83,0.30120481927710846,0.76,0.4852,8.6,False,1693
0.55,0.7,0.08,4.0,10.0,0.0,0.0,25,83,0.30120481927710846,0.76,0.4852,8.6,False,1694
0.55,0.7,0.1,4.0,10.0,0.0,0.0,25,83,0.30120481927710846,0.76,0.4852,8.6,False,1695
0.55,0.7,0.12,4.0,10.0,0.0,0.0,25,83,0.30120481927710846,0.76,0.4852,8.6,False,1696
0.5,0.6,0.05,2.0,14.0,50.0,0.0,29,83,0.3493975903614458,0.7586206896551724,0.45862068965517244,12.10344827586207,False,1697
0.5,0.6,0.08,2.0,14.0,50.0,0.0,29,83,0.3493975903614458,0.7586206896551724,0.45862068965517244,12.10344827586207,False,1698
0.5,0.6,0.1,2.0,14.0,50.0,0.0,29,83,0.3493975903614458,0.7586206896551724,0.45862068965517244,12.10344827586207,False,1699
0.5,0.6,0.12,2.0,14.0,50.0,0.0,29,83,0.3493975903614458,0.7586206896551724,0.45862068965517244,12.10344827586207,False,1700
0.5,0.65,0.05,2.0,14.0,50.0,0.0,29,83,0.3493975903614458,0.7586206896551724,0.45862068965517244,12.10344827586207,False,1701
0.5,0.65,0.08,2.0,14.0,50.0,0.0,29,83,0.3493975903614458,0.7586206896551724,0.45862068965517244,12.10344827586207,False,1702
0.5,0.65,0.1,2.0,14.0,50.0,0.0,29,83,0.3493975903614458,0.7586206896551724,0.45862068965517244,12.10344827586207,False,1703
0.5,0.65,0.12,2.0,14.0,50.0,0.0,29,83,0.3493975903614458,0.7586206896551724,0.45862068965517244,12.10344827586207,False,1704
0.6,0.6,0.1,8.0,10.0,25.0,0.0,29,83,0.3493975903614458,0.7586206896551724,0.5286206896551724,9.275862068965518,False,1705
0.6,0.6,0.12,8.0,10.0,25.0,0.0,29,83,0.3493975903614458,0.7586206896551724,0.5286206896551724,9.275862068965518,False,1706
0.6,0.65,0.08,8.0,10.0,25.0,0.0,29,83,0.3493975903614458,0.7586206896551724,0.5286206896551724,9.275862068965518,False,1707
0.6,0.65,0.1,8.0,10.0,25.0,0.0,29,83,0.3493975903614458,0.7586206896551724,0.5286206896551724,9.275862068965518,False,1708
0.6,0.65,0.12,8.0,10.0,25.0,0.0,29,83,0.3493975903614458,0.7586206896551724,0.5286206896551724,9.275862068965518,False,1709
0.5,0.75,0.05,6.0,14.0,0.0,0.0,33,83,0.39759036144578314,0.7575757575757576,0.45151515151515154,12.090909090909092,False,1710
0.5,0.75,0.08,6.0,14.0,0.0,0.0,33,83,0.39759036144578314,0.7575757575757576,0.45151515151515154,12.090909090909092,False,1711
0.5,0.75,0.1,6.0,14.0,0.0,0.0,33,83,0.39759036144578314,0.7575757575757576,0.45151515151515154,12.090909090909092,False,1712
0.5,0.75,0.12,6.0,14.0,0.0,0.0,33,83,0.39759036144578314,0.7575757575757576,0.45151515151515154,12.090909090909092,False,1713
0.55,0.75,0.05,8.0,14.0,25.0,0.0,41,83,0.4939759036144578,0.7560975609756098,0.48463414634146346,12.951219512195122,False,1714
0.55,0.75,0.08,8.0,14.0,25.0,0.0,41,83,0.4939759036144578,0.7560975609756098,0.48463414634146346,12.951219512195122,False,1715
0.55,0.75,0.1,8.0,14.0,25.0,0.0,41,83,0.4939759036144578,0.7560975609756098,0.48463414634146346,12.951219512195122,False,1716
0.55,0.75,0.12,8.0,14.0,25.0,0.0,41,83,0.4939759036144578,0.7560975609756098,0.48463414634146346,12.951219512195122,False,1717
0.55,0.7,0.05,6.0,14.0,50.0,0.0,41,83,0.4939759036144578,0.7560975609756098,0.48097560975609754,12.560975609756097,False,1718
0.55,0.7,0.05,8.0,14.0,50.0,0.0,41,83,0.4939759036144578,0.7560975609756098,0.48097560975609754,12.560975609756097,False,1719
0.55,0.7,0.08,6.0,14.0,50.0,0.0,41,83,0.4939759036144578,0.7560975609756098,0.48097560975609754,12.560975609756097,False,1720
0.55,0.7,0.08,8.0,14.0,50.0,0.0,41,83,0.4939759036144578,0.7560975609756098,0.48097560975609754,12.560975609756097,False,1721
0.55,0.7,0.1,6.0,14.0,50.0,0.0,41,83,0.4939759036144578,0.7560975609756098,0.48097560975609754,12.560975609756097,False,1722
0.55,0.7,0.1,8.0,14.0,50.0,0.0,41,83,0.4939759036144578,0.7560975609756098,0.48097560975609754,12.560975609756097,False,1723
0.55,0.7,0.12,6.0,14.0,50.0,0.0,41,83,0.4939759036144578,0.7560975609756098,0.48097560975609754,12.560975609756097,False,1724
0.55,0.7,0.12,8.0,14.0,50.0,0.0,41,83,0.4939759036144578,0.7560975609756098,0.48097560975609754,12.560975609756097,False,1725
0.6,0.7,0.12,2.0,12.0,0.0,0.0,49,83,0.5903614457831325,0.7551020408163265,0.5161224489795919,9.938775510204081,False,1726
0.6,0.75,0.05,8.0,12.0,0.0,0.0,36,83,0.43373493975903615,0.75,0.5119444444444444,10.694444444444445,False,1727
0.6,0.75,0.08,8.0,12.0,0.0,0.0,36,83,0.43373493975903615,0.75,0.5119444444444444,10.694444444444445,False,1728
0.6,0.75,0.1,8.0,12.0,0.0,0.0,36,83,0.43373493975903615,0.75,0.5119444444444444,10.694444444444445,False,1729
0.6,0.75,0.12,8.0,12.0,0.0,0.0,36,83,0.43373493975903615,0.75,0.5119444444444444,10.694444444444445,False,1730
0.6,0.7,0.12,2.0,14.0,0.0,0.5,32,83,0.3855421686746988,0.75,0.5359375,12.0625,False,1731
0.6,0.7,0.12,4.0,14.0,0.0,0.5,32,83,0.3855421686746988,0.75,0.5359375,12.0625,False,1732
0.5,0.6,0.05,4.0,14.0,50.0,0.0,28,83,0.3373493975903614,0.75,0.45821428571428574,12.428571428571429,False,1733
0.5,0.6,0.08,4.0,14.0,50.0,0.0,28,83,0.3373493975903614,0.75,0.45821428571428574,12.428571428571429,False,1734
0.5,0.6,0.1,4.0,14.0,50.0,0.0,28,83,0.3373493975903614,0.75,0.45821428571428574,12.428571428571429,False,1735
0.5,0.6,0.12,4.0,14.0,50.0,0.0,28,83,0.3373493975903614,0.75,0.45821428571428574,12.428571428571429,False,1736
0.5,0.65,0.05,4.0,14.0,50.0,0.0,28,83,0.3373493975903614,0.75,0.45821428571428574,12.428571428571429,False,1737
0.5,0.65,0.08,4.0,14.0,50.0,0.0,28,83,0.3373493975903614,0.75,0.45821428571428574,12.428571428571429,False,1738
0.5,0.65,0.1,4.0,14.0,50.0,0.0,28,83,0.3373493975903614,0.75,0.45821428571428574,12.428571428571429,False,1739
0.5,0.65,0.12,4.0,14.0,50.0,0.0,28,83,0.3373493975903614,0.75,0.45821428571428574,12.428571428571429,False,1740
0.5,0.6,0.05,2.0,12.0,25.0,0.0,24,83,0.2891566265060241,0.75,0.44125,10.416666666666666,False,1741
0.5,0.6,0.05,4.0,12.0,25.0,0.0,24,83,0.2891566265060241,0.75,0.44125,10.416666666666666,False,1742
0.5,0.6,0.08,2.0,12.0,25.0,0.0,24,83,0.2891566265060241,0.75,0.44125,10.416666666666666,False,1743
0.5,0.6,0.08,4.0,12.0,25.0,0.0,24,83,0.2891566265060241,0.75,0.44125,10.416666666666666,False,1744
0.5,0.6,0.1,2.0,12.0,25.0,0.0,24,83,0.2891566265060241,0.75,0.44125,10.416666666666666,False,1745
0.5,0.6,0.1,4.0,12.0,25.0,0.0,24,83,0.2891566265060241,0.75,0.44125,10.416666666666666,False,1746
0.5,0.6,0.12,2.0,12.0,25.0,0.0,24,83,0.2891566265060241,0.75,0.44125,10.416666666666666,False,1747
0.5,0.6,0.12,4.0,12.0,25.0,0.0,24,83,0.2891566265060241,0.75,0.44125,10.416666666666666,False,1748
0.55,0.7,0.05,6.0,10.0,0.0,0.0,24,83,0.2891566265060241,0.75,0.48500000000000004,8.75,False,1749
0.55,0.7,0.08,6.0,10.0,0.0,0.0,24,83,0.2891566265060241,0.75,0.48500000000000004,8.75,False,1750
0.55,0.7,0.1,6.0,10.0,0.0,0.0,24,83,0.2891566265060241,0.75,0.48500000000000004,8.75,False,1751
0.55,0.7,0.12,6.0,10.0,0.0,0.0,24,83,0.2891566265060241,0.75,0.48500000000000004,8.75,False,1752
0.6,0.6,0.05,8.0,12.0,50.0,0.5,16,83,0.1927710843373494,0.75,0.5437500000000001,10.9375,False,1753
0.6,0.6,0.08,8.0,12.0,50.0,0.5,16,83,0.1927710843373494,0.75,0.5437500000000001,10.9375,False,1754
0.6,0.6,0.1,8.0,12.0,50.0,0.5,16,83,0.1927710843373494,0.75,0.5437500000000001,10.9375,False,1755
0.6,0.6,0.12,8.0,12.0,50.0,0.5,16,83,0.1927710843373494,0.75,0.5437500000000001,10.9375,False,1756
0.6,0.65,0.05,8.0,12.0,50.0,0.5,16,83,0.1927710843373494,0.75,0.5437500000000001,10.9375,False,1757
0.6,0.65,0.08,8.0,12.0,50.0,0.5,16,83,0.1927710843373494,0.75,0.5437500000000001,10.9375,False,1758
0.6,0.65,0.1,8.0,12.0,50.0,0.5,16,83,0.1927710843373494,0.75,0.5437500000000001,10.9375,False,1759
0.6,0.65,0.12,8.0,12.0,50.0,0.5,16,83,0.1927710843373494,0.75,0.5437500000000001,10.9375,False,1760
0.6,0.7,0.05,8.0,12.0,50.0,0.5,16,83,0.1927710843373494,0.75,0.546875,10.875,False,1761
0.6,0.7,0.08,8.0,12.0,50.0,0.5,16,83,0.1927710843373494,0.75,0.546875,10.875,False,1762
0.6,0.7,0.1,8.0,12.0,50.0,0.5,16,83,0.1927710843373494,0.75,0.546875,10.875,False,1763
0.5,0.7,0.05,8.0,12.0,25.0,0.0,16,83,0.1927710843373494,0.75,0.453125,10.625,False,1764
0.5,0.7,0.08,8.0,12.0,25.0,0.0,16,83,0.1927710843373494,0.75,0.453125,10.625,False,1765
0.5,0.7,0.1,8.0,12.0,25.0,0.0,16,83,0.1927710843373494,0.75,0.453125,10.625,False,1766
0.5,0.7,0.12,8.0,12.0,25.0,0.0,16,83,0.1927710843373494,0.75,0.453125,10.625,False,1767
0.5,0.6,0.05,4.0,12.0,50.0,0.0,16,83,0.1927710843373494,0.75,0.45125,10.375,False,1768
0.5,0.6,0.08,4.0,12.0,50.0,0.0,16,83,0.1927710843373494,0.75,0.45125,10.375,False,1769
0.5,0.6,0.1,4.0,12.0,50.0,0.0,16,83,0.1927710843373494,0.75,0.45125,10.375,False,1770
0.5,0.6,0.12,4.0,12.0,50.0,0.0,16,83,0.1927710843373494,0.75,0.45125,10.375,False,1771
0.5,0.65,0.05,4.0,12.0,50.0,0.0,16,83,0.1927710843373494,0.75,0.45125,10.375,False,1772
0.5,0.65,0.08,4.0,12.0,50.0,0.0,16,83,0.1927710843373494,0.75,0.45125,10.375,False,1773
0.5,0.65,0.1,4.0,12.0,50.0,0.0,16,83,0.1927710843373494,0.75,0.45125,10.375,False,1774
0.5,0.65,0.12,4.0,12.0,50.0,0.0,16,83,0.1927710843373494,0.75,0.45125,10.375,False,1775
0.5,0.75,0.05,6.0,12.0,50.0,0.0,12,83,0.14457831325301204,0.75,0.4516666666666666,10.75,False,1776
0.5,0.75,0.05,8.0,12.0,50.0,0.0,12,83,0.14457831325301204,0.75,0.4516666666666666,10.75,False,1777
0.5,0.75,0.08,6.0,12.0,50.0,0.0,12,83,0.14457831325301204,0.75,0.4516666666666666,10.75,False,1778
0.5,0.75,0.08,8.0,12.0,50.0,0.0,12,83,0.14457831325301204,0.75,0.4516666666666666,10.75,False,1779
0.5,0.75,0.1,6.0,12.0,50.0,0.0,12,83,0.14457831325301204,0.75,0.4516666666666666,10.75,False,1780
0.5,0.75,0.1,8.0,12.0,50.0,0.0,12,83,0.14457831325301204,0.75,0.4516666666666666,10.75,False,1781
0.5,0.75,0.12,6.0,12.0,50.0,0.0,12,83,0.14457831325301204,0.75,0.4516666666666666,10.75,False,1782
0.5,0.75,0.12,8.0,12.0,50.0,0.0,12,83,0.14457831325301204,0.75,0.4516666666666666,10.75,False,1783
0.5,0.75,0.05,6.0,10.0,0.0,0.0,12,83,0.14457831325301204,0.75,0.4433333333333333,8.5,False,1784
0.5,0.75,0.08,6.0,10.0,0.0,0.0,12,83,0.14457831325301204,0.75,0.4433333333333333,8.5,False,1785
0.5,0.75,0.1,6.0,10.0,0.0,0.0,12,83,0.14457831325301204,0.75,0.4433333333333333,8.5,False,1786
0.5,0.75,0.12,6.0,10.0,0.0,0.0,12,83,0.14457831325301204,0.75,0.4433333333333333,8.5,False,1787
0.5,0.6,0.05,6.0,10.0,25.0,0.0,12,83,0.14457831325301204,0.75,0.4616666666666666,8.5,False,1788
0.5,0.6,0.08,6.0,10.0,25.0,0.0,12,83,0.14457831325301204,0.75,0.4616666666666666,8.5,False,1789
0.5,0.6,0.1,6.0,10.0,25.0,0.0,12,83,0.14457831325301204,0.75,0.4616666666666666,8.5,False,1790
0.5,0.6,0.12,6.0,10.0,25.0,0.0,12,83,0.14457831325301204,0.75,0.4616666666666666,8.5,False,1791
0.5,0.65,0.05,6.0,10.0,25.0,0.0,12,83,0.14457831325301204,0.75,0.4616666666666666,8.5,False,1792
0.5,0.65,0.08,6.0,10.0,25.0,0.0,12,83,0.14457831325301204,0.75,0.4616666666666666,8.5,False,1793
0.5,0.65,0.1,6.0,10.0,25.0,0.0,12,83,0.14457831325301204,0.75,0.4616666666666666,8.5,False,1794
0.5,0.65,0.12,6.0,10.0,25.0,0.0,12,83,0.14457831325301204,0.75,0.4616666666666666,8.5,False,1795
0.6,0.7,0.12,4.0,12.0,0.0,0.0,47,83,0.5662650602409639,0.7446808510638298,0.5142553191489362,10.25531914893617,False,1796
0.55,0.75,0.05,2.0,14.0,50.0,0.0,35,83,0.42168674698795183,0.7428571428571429,0.4797142857142857,12.342857142857143,False,1797
0.55,0.75,0.08,2.0,14.0,50.0,0.0,35,83,0.42168674698795183,0.7428571428571429,0.4797142857142857,12.342857142857143,False,1798
0.55,0.75,0.1,2.0,14.0,50.0,0.0,35,83,0.42168674698795183,0.7428571428571429,0.4797142857142857,12.342857142857143,False,1799
0.55,0.75,0.12,2.0,14.0,50.0,0.0,35,83,0.42168674698795183,0.7428571428571429,0.4797142857142857,12.342857142857143,False,1800
0.6,0.7,0.12,6.0,14.0,0.0,0.5,31,83,0.37349397590361444,0.7419354838709677,0.5351612903225808,12.32258064516129,False,1801
0.6,0.7,0.12,8.0,14.0,0.0,0.5,31,83,0.37349397590361444,0.7419354838709677,0.5351612903225808,12.32258064516129,False,1802
0.6,0.7,0.12,2.0,14.0,25.0,0.5,31,83,0.37349397590361444,0.7419354838709677,0.5351612903225806,12.193548387096774,False,1803
0.6,0.7,0.12,4.0,14.0,25.0,0.5,31,83,0.37349397590361444,0.7419354838709677,0.5351612903225806,12.193548387096774,False,1804
0.55,0.75,0.05,2.0,12.0,0.0,0.0,31,83,0.37349397590361444,0.7419354838709677,0.47096774193548396,9.290322580645162,False,1805
0.55,0.75,0.08,2.0,12.0,0.0,0.0,31,83,0.37349397590361444,0.7419354838709677,0.47096774193548396,9.290322580645162,False,1806
0.55,0.75,0.1,2.0,12.0,0.0,0.0,31,83,0.37349397590361444,0.7419354838709677,0.47096774193548396,9.290322580645162,False,1807
0.55,0.75,0.12,2.0,12.0,0.0,0.0,31,83,0.37349397590361444,0.7419354838709677,0.47096774193548396,9.290322580645162,False,1808
0.6,0.6,0.1,2.0,12.0,0.0,0.0,54,83,0.6506024096385542,0.7407407407407407,0.47462962962962957,10.518518518518519,False,1809
0.6,0.6,0.12,2.0,12.0,0.0,0.0,54,83,0.6506024096385542,0.7407407407407407,0.475,10.38888888888889,False,1810
0.5,0.6,0.05,6.0,14.0,50.0,0.0,27,83,0.3253012048192771,0.7407407407407407,0.457037037037037,12.703703703703704,False,1811
0.5,0.6,0.05,8.0,14.0,50.0,0.0,27,83,0.3253012048192771,0.7407407407407407,0.457037037037037,12.703703703703704,False,1812
0.5,0.6,0.08,6.0,14.0,50.0,0.0,27,83,0.3253012048192771,0.7407407407407407,0.457037037037037,12.703703703703704,False,1813
0.5,0.6,0.08,8.0,14.0,50.0,0.0,27,83,0.3253012048192771,0.7407407407407407,0.457037037037037,12.703703703703704,False,1814
0.5,0.6,0.1,6.0,14.0,50.0,0.0,27,83,0.3253012048192771,0.7407407407407407,0.457037037037037,12.703703703703704,False,1815
0.5,0.6,0.1,8.0,14.0,50.0,0.0,27,83,0.3253012048192771,0.7407407407407407,0.457037037037037,12.703703703703704,False,1816
0.5,0.6,0.12,6.0,14.0,50.0,0.0,27,83,0.3253012048192771,0.7407407407407407,0.457037037037037,12.703703703703704,False,1817
0.5,0.6,0.12,8.0,14.0,50.0,0.0,27,83,0.3253012048192771,0.7407407407407407,0.457037037037037,12.703703703703704,False,1818
0.5,0.65,0.05,6.0,14.0,50.0,0.0,27,83,0.3253012048192771,0.7407407407407407,0.457037037037037,12.703703703703704,False,1819
0.5,0.65,0.05,8.0,14.0,50.0,0.0,27,83,0.3253012048192771,0.7407407407407407,0.457037037037037,12.703703703703704,False,1820
0.5,0.65,0.08,6.0,14.0,50.0,0.0,27,83,0.3253012048192771,0.7407407407407407,0.457037037037037,12.703703703703704,False,1821
0.5,0.65,0.08,8.0,14.0,50.0,0.0,27,83,0.3253012048192771,0.7407407407407407,0.457037037037037,12.703703703703704,False,1822
0.5,0.65,0.1,6.0,14.0,50.0,0.0,27,83,0.3253012048192771,0.7407407407407407,0.457037037037037,12.703703703703704,False,1823
0.5,0.65,0.1,8.0,14.0,50.0,0.0,27,83,0.3253012048192771,0.7407407407407407,0.457037037037037,12.703703703703704,False,1824
0.5,0.65,0.12,6.0,14.0,50.0,0.0,27,83,0.3253012048192771,0.7407407407407407,0.457037037037037,12.703703703703704,False,1825
0.5,0.65,0.12,8.0,14.0,50.0,0.0,27,83,0.3253012048192771,0.7407407407407407,0.457037037037037,12.703703703703704,False,1826
0.6,0.7,0.05,2.0,12.0,0.0,0.0,50,83,0.6024096385542169,0.74,0.5178,9.96,False,1827
0.6,0.7,0.08,2.0,12.0,0.0,0.0,50,83,0.6024096385542169,0.74,0.5178,9.96,False,1828
0.6,0.7,0.1,2.0,12.0,0.0,0.0,50,83,0.6024096385542169,0.74,0.5178,9.96,False,1829
0.5,0.75,0.05,2.0,12.0,0.0,0.0,23,83,0.27710843373493976,0.7391304347826086,0.44086956521739135,9.0,False,1830
0.5,0.75,0.08,2.0,12.0,0.0,0.0,23,83,0.27710843373493976,0.7391304347826086,0.44086956521739135,9.0,False,1831
0.5,0.75,0.1,2.0,12.0,0.0,0.0,23,83,0.27710843373493976,0.7391304347826086,0.44086956521739135,9.0,False,1832
0.5,0.75,0.12,2.0,12.0,0.0,0.0,23,83,0.27710843373493976,0.7391304347826086,0.44086956521739135,9.0,False,1833
0.55,0.6,0.1,2.0,14.0,25.0,0.0,57,83,0.6867469879518072,0.7368421052631579,0.4817543859649122,12.43859649122807,False,1834
0.55,0.6,0.12,2.0,14.0,25.0,0.0,57,83,0.6867469879518072,0.7368421052631579,0.4817543859649122,12.43859649122807,False,1835
0.55,0.65,0.05,2.0,14.0,25.0,0.0,57,83,0.6867469879518072,0.7368421052631579,0.4817543859649122,12.43859649122807,False,1836
0.55,0.65,0.08,2.0,14.0,25.0,0.0,57,83,0.6867469879518072,0.7368421052631579,0.4817543859649122,12.43859649122807,False,1837
0.55,0.65,0.1,2.0,14.0,25.0,0.0,57,83,0.6867469879518072,0.7368421052631579,0.4817543859649122,12.43859649122807,False,1838
0.55,0.65,0.12,2.0,14.0,25.0,0.0,57,83,0.6867469879518072,0.7368421052631579,0.4817543859649122,12.43859649122807,False,1839
0.55,0.7,0.05,8.0,10.0,0.0,0.0,19,83,0.2289156626506024,0.7368421052631579,0.4821052631578948,9.368421052631579,False,1840
0.55,0.7,0.08,8.0,10.0,0.0,0.0,19,83,0.2289156626506024,0.7368421052631579,0.4821052631578948,9.368421052631579,False,1841
0.55,0.7,0.1,8.0,10.0,0.0,0.0,19,83,0.2289156626506024,0.7368421052631579,0.4821052631578948,9.368421052631579,False,1842
0.55,0.7,0.12,8.0,10.0,0.0,0.0,19,83,0.2289156626506024,0.7368421052631579,0.4821052631578948,9.368421052631579,False,1843
0.6,0.75,0.05,2.0,14.0,50.0,0.0,53,83,0.6385542168674698,0.7358490566037735,0.5190566037735849,12.358490566037736,False,1844
0.6,0.75,0.08,2.0,14.0,50.0,0.0,53,83,0.6385542168674698,0.7358490566037735,0.5190566037735849,12.358490566037736,False,1845
0.6,0.75,0.1,2.0,14.0,50.0,0.0,53,83,0.6385542168674698,0.7358490566037735,0.5190566037735849,12.358490566037736,False,1846
0.6,0.75,0.12,2.0,14.0,50.0,0.0,53,83,0.6385542168674698,0.7358490566037735,0.5190566037735849,12.358490566037736,False,1847
0.6,0.6,0.1,4.0,12.0,0.0,0.0,53,83,0.6385542168674698,0.7358490566037735,0.4735849056603773,10.679245283018869,False,1848
0.6,0.6,0.12,4.0,12.0,0.0,0.0,53,83,0.6385542168674698,0.7358490566037735,0.4739622641509434,10.547169811320755,False,1849
0.55,0.75,0.05,4.0,14.0,50.0,0.0,34,83,0.40963855421686746,0.7352941176470589,0.48,12.617647058823529,False,1850
0.55,0.75,0.08,4.0,14.0,50.0,0.0,34,83,0.40963855421686746,0.7352941176470589,0.48,12.617647058823529,False,1851
0.55,0.75,0.1,4.0,14.0,50.0,0.0,34,83,0.40963855421686746,0.7352941176470589,0.48,12.617647058823529,False,1852
0.55,0.75,0.12,4.0,14.0,50.0,0.0,34,83,0.40963855421686746,0.7352941176470589,0.48,12.617647058823529,False,1853
0.6,0.6,0.05,2.0,14.0,0.0,0.5,34,83,0.40963855421686746,0.7352941176470589,0.5388235294117646,12.147058823529411,False,1854
0.6,0.6,0.05,4.0,14.0,0.0,0.5,34,83,0.40963855421686746,0.7352941176470589,0.5388235294117646,12.147058823529411,False,1855
0.6,0.6,0.08,2.0,14.0,0.0,0.5,34,83,0.40963855421686746,0.7352941176470589,0.5388235294117646,12.147058823529411,False,1856
0.6,0.6,0.08,4.0,14.0,0.0,0.5,34,83,0.40963855421686746,0.7352941176470589,0.5388235294117646,12.147058823529411,False,1857
0.6,0.65,0.05,2.0,14.0,0.0,0.5,34,83,0.40963855421686746,0.7352941176470589,0.5388235294117646,12.147058823529411,False,1858
0.6,0.65,0.05,4.0,14.0,0.0,0.5,34,83,0.40963855421686746,0.7352941176470589,0.5388235294117646,12.147058823529411,False,1859
0.6,0.65,0.08,2.0,14.0,0.0,0.5,34,83,0.40963855421686746,0.7352941176470589,0.5388235294117646,12.147058823529411,False,1860
0.6,0.65,0.08,4.0,14.0,0.0,0.5,34,83,0.40963855421686746,0.7352941176470589,0.5388235294117646,12.147058823529411,False,1861
0.55,0.6,0.05,2.0,14.0,50.0,0.0,45,83,0.5421686746987951,0.7333333333333333,0.48444444444444446,12.2,False,1862
0.55,0.6,0.08,2.0,14.0,50.0,0.0,45,83,0.5421686746987951,0.7333333333333333,0.48444444444444446,12.2,False,1863
0.6,0.7,0.12,6.0,12.0,0.0,0.0,45,83,0.5421686746987951,0.7333333333333333,0.5135555555555555,10.488888888888889,False,1864
0.5,0.75,0.05,8.0,14.0,0.0,0.0,30,83,0.3614457831325301,0.7333333333333333,0.4516666666666667,12.666666666666666,False,1865
0.5,0.75,0.08,8.0,14.0,0.0,0.0,30,83,0.3614457831325301,0.7333333333333333,0.4516666666666667,12.666666666666666,False,1866
0.5,0.75,0.1,8.0,14.0,0.0,0.0,30,83,0.3614457831325301,0.7333333333333333,0.4516666666666667,12.666666666666666,False,1867
0.5,0.75,0.12,8.0,14.0,0.0,0.0,30,83,0.3614457831325301,0.7333333333333333,0.4516666666666667,12.666666666666666,False,1868
0.6,0.7,0.12,6.0,14.0,25.0,0.5,30,83,0.3614457831325301,0.7333333333333333,0.5343333333333333,12.466666666666667,False,1869
0.6,0.7,0.12,8.0,14.0,25.0,0.5,30,83,0.3614457831325301,0.7333333333333333,0.5343333333333333,12.466666666666667,False,1870
0.6,0.7,0.12,2.0,14.0,50.0,0.5,30,83,0.3614457831325301,0.7333333333333333,0.5336666666666667,12.2,False,1871
0.6,0.7,0.12,4.0,14.0,50.0,0.5,30,83,0.3614457831325301,0.7333333333333333,0.5336666666666667,12.2,False,1872
0.5,0.6,0.05,6.0,12.0,50.0,0.0,15,83,0.18072289156626506,0.7333333333333333,0.4486666666666666,10.733333333333333,False,1873
0.5,0.6,0.05,8.0,12.0,50.0,0.0,15,83,0.18072289156626506,0.7333333333333333,0.4486666666666666,10.733333333333333,False,1874
0.5,0.6,0.08,6.0,12.0,50.0,0.0,15,83,0.18072289156626506,0.7333333333333333,0.4486666666666666,10.733333333333333,False,1875
0.5,0.6,0.08,8.0,12.0,50.0,0.0,15,83,0.18072289156626506,0.7333333333333333,0.4486666666666666,10.733333333333333,False,1876
0.5,0.6,0.1,6.0,12.0,50.0,0.0,15,83,0.18072289156626506,0.7333333333333333,0.4486666666666666,10.733333333333333,False,1877
0.5,0.6,0.1,8.0,12.0,50.0,0.0,15,83,0.18072289156626506,0.7333333333333333,0.4486666666666666,10.733333333333333,False,1878
0.5,0.6,0.12,6.0,12.0,50.0,0.0,15,83,0.18072289156626506,0.7333333333333333,0.4486666666666666,10.733333333333333,False,1879
0.5,0.6,0.12,8.0,12.0,50.0,0.0,15,83,0.18072289156626506,0.7333333333333333,0.4486666666666666,10.733333333333333,False,1880
0.5,0.65,0.05,6.0,12.0,50.0,0.0,15,83,0.18072289156626506,0.7333333333333333,0.4486666666666666,10.733333333333333,False,1881
0.5,0.65,0.05,8.0,12.0,50.0,0.0,15,83,0.18072289156626506,0.7333333333333333,0.4486666666666666,10.733333333333333,False,1882
0.5,0.65,0.08,6.0,12.0,50.0,0.0,15,83,0.18072289156626506,0.7333333333333333,0.4486666666666666,10.733333333333333,False,1883
0.5,0.65,0.08,8.0,12.0,50.0,0.0,15,83,0.18072289156626506,0.7333333333333333,0.4486666666666666,10.733333333333333,False,1884
0.5,0.65,0.1,6.0,12.0,50.0,0.0,15,83,0.18072289156626506,0.7333333333333333,0.4486666666666666,10.733333333333333,False,1885
0.5,0.65,0.1,8.0,12.0,50.0,0.0,15,83,0.18072289156626506,0.7333333333333333,0.4486666666666666,10.733333333333333,False,1886
0.5,0.65,0.12,6.0,12.0,50.0,0.0,15,83,0.18072289156626506,0.7333333333333333,0.4486666666666666,10.733333333333333,False,1887
0.5,0.65,0.12,8.0,12.0,50.0,0.0,15,83,0.18072289156626506,0.7333333333333333,0.4486666666666666,10.733333333333333,False,1888
0.55,0.6,0.1,4.0,14.0,25.0,0.0,56,83,0.6746987951807228,0.7321428571428571,0.4810714285714286,12.607142857142858,False,1889
0.55,0.6,0.1,6.0,14.0,25.0,0.0,56,83,0.6746987951807228,0.7321428571428571,0.4810714285714286,12.607142857142858,False,1890
0.55,0.6,0.1,8.0,14.0,25.0,0.0,56,83,0.6746987951807228,0.7321428571428571,0.4810714285714286,12.607142857142858,False,1891
0.55,0.6,0.12,4.0,14.0,25.0,0.0,56,83,0.6746987951807228,0.7321428571428571,0.4810714285714286,12.607142857142858,False,1892
0.55,0.6,0.12,6.0,14.0,25.0,0.0,56,83,0.6746987951807228,0.7321428571428571,0.4810714285714286,12.607142857142858,False,1893
0.55,0.6,0.12,8.0,14.0,25.0,0.0,56,83,0.6746987951807228,0.7321428571428571,0.4810714285714286,12.607142857142858,False,1894
0.55,0.65,0.05,4.0,14.0,25.0,0.0,56,83,0.6746987951807228,0.7321428571428571,0.4810714285714286,12.607142857142858,False,1895
0.55,0.65,0.05,6.0,14.0,25.0,0.0,56,83,0.6746987951807228,0.7321428571428571,0.4810714285714286,12.607142857142858,False,1896
0.55,0.65,0.05,8.0,14.0,25.0,0.0,56,83,0.6746987951807228,0.7321428571428571,0.4810714285714286,12.607142857142858,False,1897
0.55,0.65,0.08,4.0,14.0,25.0,0.0,56,83,0.6746987951807228,0.7321428571428571,0.4810714285714286,12.607142857142858,False,1898
0.55,0.65,0.08,6.0,14.0,25.0,0.0,56,83,0.6746987951807228,0.7321428571428571,0.4810714285714286,12.607142857142858,False,1899
0.55,0.65,0.08,8.0,14.0,25.0,0.0,56,83,0.6746987951807228,0.7321428571428571,0.4810714285714286,12.607142857142858,False,1900
0.55,0.65,0.1,4.0,14.0,25.0,0.0,56,83,0.6746987951807228,0.7321428571428571,0.4810714285714286,12.607142857142858,False,1901
0.55,0.65,0.1,6.0,14.0,25.0,0.0,56,83,0.6746987951807228,0.7321428571428571,0.4810714285714286,12.607142857142858,False,1902
0.55,0.65,0.1,8.0,14.0,25.0,0.0,56,83,0.6746987951807228,0.7321428571428571,0.4810714285714286,12.607142857142858,False,1903
0.55,0.65,0.12,4.0,14.0,25.0,0.0,56,83,0.6746987951807228,0.7321428571428571,0.4810714285714286,12.607142857142858,False,1904
0.55,0.65,0.12,6.0,14.0,25.0,0.0,56,83,0.6746987951807228,0.7321428571428571,0.4810714285714286,12.607142857142858,False,1905
0.55,0.65,0.12,8.0,14.0,25.0,0.0,56,83,0.6746987951807228,0.7321428571428571,0.4810714285714286,12.607142857142858,False,1906
0.6,0.75,0.05,4.0,14.0,50.0,0.0,52,83,0.6265060240963856,0.7307692307692307,0.52,12.538461538461538,False,1907
0.6,0.75,0.08,4.0,14.0,50.0,0.0,52,83,0.6265060240963856,0.7307692307692307,0.52,12.538461538461538,False,1908
0.6,0.75,0.1,4.0,14.0,50.0,0.0,52,83,0.6265060240963856,0.7307692307692307,0.52,12.538461538461538,False,1909
0.6,0.75,0.12,4.0,14.0,50.0,0.0,52,83,0.6265060240963856,0.7307692307692307,0.52,12.538461538461538,False,1910
0.55,0.75,0.05,6.0,12.0,0.0,0.0,26,83,0.3132530120481928,0.7307692307692307,0.47230769230769243,10.384615384615385,False,1911
0.55,0.75,0.08,6.0,12.0,0.0,0.0,26,83,0.3132530120481928,0.7307692307692307,0.47230769230769243,10.384615384615385,False,1912
0.55,0.75,0.1,6.0,12.0,0.0,0.0,26,83,0.3132530120481928,0.7307692307692307,0.47230769230769243,10.384615384615385,False,1913
0.55,0.75,0.12,6.0,12.0,0.0,0.0,26,83,0.3132530120481928,0.7307692307692307,0.47230769230769243,10.384615384615385,False,1914
0.55,0.7,0.05,2.0,12.0,0.0,0.0,37,83,0.4457831325301205,0.7297297297297297,0.4827027027027027,9.756756756756756,False,1915
0.55,0.7,0.08,2.0,12.0,0.0,0.0,37,83,0.4457831325301205,0.7297297297297297,0.4827027027027027,9.756756756756756,False,1916
0.55,0.7,0.1,2.0,12.0,0.0,0.0,37,83,0.4457831325301205,0.7297297297297297,0.4827027027027027,9.756756756756756,False,1917
0.55,0.7,0.12,2.0,12.0,0.0,0.0,37,83,0.4457831325301205,0.7297297297297297,0.4827027027027027,9.756756756756756,False,1918
0.6,0.7,0.05,4.0,12.0,0.0,0.0,48,83,0.5783132530120482,0.7291666666666666,0.5160416666666667,10.270833333333334,False,1919
0.6,0.7,0.08,4.0,12.0,0.0,0.0,48,83,0.5783132530120482,0.7291666666666666,0.5160416666666667,10.270833333333334,False,1920
0.6,0.7,0.1,4.0,12.0,0.0,0.0,48,83,0.5783132530120482,0.7291666666666666,0.5160416666666667,10.270833333333334,False,1921
0.6,0.6,0.05,2.0,12.0,0.0,0.0,55,83,0.6626506024096386,0.7272727272727273,0.47636363636363627,10.545454545454545,False,1922
0.6,0.6,0.08,2.0,12.0,0.0,0.0,55,83,0.6626506024096386,0.7272727272727273,0.47636363636363627,10.545454545454545,False,1923
0.55,0.6,0.05,4.0,14.0,50.0,0.0,44,83,0.5301204819277109,0.7272727272727273,0.4847727272727273,12.409090909090908,False,1924
0.55,0.6,0.08,4.0,14.0,50.0,0.0,44,83,0.5301204819277109,0.7272727272727273,0.4847727272727273,12.409090909090908,False,1925
0.55,0.6,0.1,2.0,14.0,50.0,0.0,44,83,0.5301204819277109,0.7272727272727273,0.48295454545454536,12.272727272727273,False,1926
0.55,0.6,0.12,2.0,14.0,50.0,0.0,44,83,0.5301204819277109,0.7272727272727273,0.48295454545454536,12.272727272727273,False,1927
0.55,0.65,0.05,2.0,14.0,50.0,0.0,44,83,0.5301204819277109,0.7272727272727273,0.48295454545454536,12.272727272727273,False,1928
0.55,0.65,0.08,2.0,14.0,50.0,0.0,44,83,0.5301204819277109,0.7272727272727273,0.48295454545454536,12.272727272727273,False,1929
0.55,0.65,0.1,2.0,14.0,50.0,0.0,44,83,0.5301204819277109,0.7272727272727273,0.48295454545454536,12.272727272727273,False,1930
0.55,0.65,0.12,2.0,14.0,50.0,0.0,44,83,0.5301204819277109,0.7272727272727273,0.48295454545454536,12.272727272727273,False,1931
0.55,0.75,0.05,6.0,14.0,50.0,0.0,33,83,0.39759036144578314,0.7272727272727273,0.4796969696969697,12.848484848484848,False,1932
0.55,0.75,0.05,8.0,14.0,50.0,0.0,33,83,0.39759036144578314,0.7272727272727273,0.4796969696969697,12.848484848484848,False,1933
0.55,0.75,0.08,6.0,14.0,50.0,0.0,33,83,0.39759036144578314,0.7272727272727273,0.4796969696969697,12.848484848484848,False,1934
0.55,0.75,0.08,8.0,14.0,50.0,0.0,33,83,0.39759036144578314,0.7272727272727273,0.4796969696969697,12.848484848484848,False,1935
0.55,0.75,0.1,6.0,14.0,50.0,0.0,33,83,0.39759036144578314,0.7272727272727273,0.4796969696969697,12.848484848484848,False,1936
0.55,0.75,0.1,8.0,14.0,50.0,0.0,33,83,0.39759036144578314,0.7272727272727273,0.4796969696969697,12.848484848484848,False,1937
0.55,0.75,0.12,6.0,14.0,50.0,0.0,33,83,0.39759036144578314,0.7272727272727273,0.4796969696969697,12.848484848484848,False,1938
0.55,0.75,0.12,8.0,14.0,50.0,0.0,33,83,0.39759036144578314,0.7272727272727273,0.4796969696969697,12.848484848484848,False,1939
0.6,0.6,0.05,6.0,14.0,0.0,0.5,33,83,0.39759036144578314,0.7272727272727273,0.5381818181818181,12.393939393939394,False,1940
0.6,0.6,0.05,8.0,14.0,0.0,0.5,33,83,0.39759036144578314,0.7272727272727273,0.5381818181818181,12.393939393939394,False,1941
0.6,0.6,0.08,6.0,14.0,0.0,0.5,33,83,0.39759036144578314,0.7272727272727273,0.5381818181818181,12.393939393939394,False,1942
0.6,0.6,0.08,8.0,14.0,0.0,0.5,33,83,0.39759036144578314,0.7272727272727273,0.5381818181818181,12.393939393939394,False,1943
0.6,0.65,0.05,6.0,14.0,0.0,0.5,33,83,0.39759036144578314,0.7272727272727273,0.5381818181818181,12.393939393939394,False,1944
0.6,0.65,0.05,8.0,14.0,0.0,0.5,33,83,0.39759036144578314,0.7272727272727273,0.5381818181818181,12.393939393939394,False,1945
0.6,0.65,0.08,6.0,14.0,0.0,0.5,33,83,0.39759036144578314,0.7272727272727273,0.5381818181818181,12.393939393939394,False,1946
0.6,0.65,0.08,8.0,14.0,0.0,0.5,33,83,0.39759036144578314,0.7272727272727273,0.5381818181818181,12.393939393939394,False,1947
0.6,0.6,0.05,2.0,14.0,25.0,0.5,33,83,0.39759036144578314,0.7272727272727273,0.5381818181818182,12.272727272727273,False,1948
0.6,0.6,0.05,4.0,14.0,25.0,0.5,33,83,0.39759036144578314,0.7272727272727273,0.5381818181818182,12.272727272727273,False,1949
0.6,0.6,0.08,2.0,14.0,25.0,0.5,33,83,0.39759036144578314,0.7272727272727273,0.5381818181818182,12.272727272727273,False,1950
0.6,0.6,0.08,4.0,14.0,25.0,0.5,33,83,0.39759036144578314,0.7272727272727273,0.5381818181818182,12.272727272727273,False,1951
0.6,0.65,0.05,2.0,14.0,25.0,0.5,33,83,0.39759036144578314,0.7272727272727273,0.5381818181818182,12.272727272727273,False,1952
0.6,0.65,0.05,4.0,14.0,25.0,0.5,33,83,0.39759036144578314,0.7272727272727273,0.5381818181818182,12.272727272727273,False,1953
0.6,0.65,0.08,2.0,14.0,25.0,0.5,33,83,0.39759036144578314,0.7272727272727273,0.5381818181818182,12.272727272727273,False,1954
0.6,0.65,0.08,4.0,14.0,25.0,0.5,33,83,0.39759036144578314,0.7272727272727273,0.5381818181818182,12.272727272727273,False,1955
0.6,0.6,0.1,2.0,14.0,0.0,0.5,33,83,0.39759036144578314,0.7272727272727273,0.5363636363636364,12.06060606060606,False,1956
0.6,0.6,0.1,4.0,14.0,0.0,0.5,33,83,0.39759036144578314,0.7272727272727273,0.5363636363636364,12.06060606060606,False,1957
0.6,0.6,0.12,2.0,14.0,0.0,0.5,33,83,0.39759036144578314,0.7272727272727273,0.5363636363636364,12.06060606060606,False,1958
0.6,0.6,0.12,4.0,14.0,0.0,0.5,33,83,0.39759036144578314,0.7272727272727273,0.5363636363636364,12.06060606060606,False,1959
0.6,0.65,0.1,2.0,14.0,0.0,0.5,33,83,0.39759036144578314,0.7272727272727273,0.5363636363636364,12.06060606060606,False,1960
0.6,0.65,0.1,4.0,14.0,0.0,0.5,33,83,0.39759036144578314,0.7272727272727273,0.5363636363636364,12.06060606060606,False,1961
0.6,0.65,0.12,2.0,14.0,0.0,0.5,33,83,0.39759036144578314,0.7272727272727273,0.5363636363636364,12.06060606060606,False,1962
0.6,0.65,0.12,4.0,14.0,0.0,0.5,33,83,0.39759036144578314,0.7272727272727273,0.5363636363636364,12.06060606060606,False,1963
0.6,0.7,0.05,2.0,14.0,0.0,0.5,33,83,0.39759036144578314,0.7272727272727273,0.5378787878787878,12.030303030303031,False,1964
0.6,0.7,0.05,4.0,14.0,0.0,0.5,33,83,0.39759036144578314,0.7272727272727273,0.5378787878787878,12.030303030303031,False,1965
0.6,0.7,0.08,2.0,14.0,0.0,0.5,33,83,0.39759036144578314,0.7272727272727273,0.5378787878787878,12.030303030303031,False,1966
0.6,0.7,0.08,4.0,14.0,0.0,0.5,33,83,0.39759036144578314,0.7272727272727273,0.5378787878787878,12.030303030303031,False,1967
0.6,0.7,0.1,2.0,14.0,0.0,0.5,33,83,0.39759036144578314,0.7272727272727273,0.5378787878787878,12.030303030303031,False,1968
0.6,0.7,0.1,4.0,14.0,0.0,0.5,33,83,0.39759036144578314,0.7272727272727273,0.5378787878787878,12.030303030303031,False,1969
0.5,0.6,0.05,6.0,12.0,25.0,0.0,22,83,0.26506024096385544,0.7272727272727273,0.4372727272727273,10.954545454545455,False,1970
0.5,0.6,0.05,8.0,12.0,25.0,0.0,22,83,0.26506024096385544,0.7272727272727273,0.4372727272727273,10.954545454545455,False,1971
0.5,0.6,0.08,6.0,12.0,25.0,0.0,22,83,0.26506024096385544,0.7272727272727273,0.4372727272727273,10.954545454545455,False,1972
0.5,0.6,0.08,8.0,12.0,25.0,0.0,22,83,0.26506024096385544,0.7272727272727273,0.4372727272727273,10.954545454545455,False,1973
0.5,0.6,0.1,6.0,12.0,25.0,0.0,22,83,0.26506024096385544,0.7272727272727273,0.4372727272727273,10.954545454545455,False,1974
0.5,0.6,0.1,8.0,12.0,25.0,0.0,22,83,0.26506024096385544,0.7272727272727273,0.4372727272727273,10.954545454545455,False,1975
0.5,0.6,0.12,6.0,12.0,25.0,0.0,22,83,0.26506024096385544,0.7272727272727273,0.4372727272727273,10.954545454545455,False,1976
0.5,0.6,0.12,8.0,12.0,25.0,0.0,22,83,0.26506024096385544,0.7272727272727273,0.4372727272727273,10.954545454545455,False,1977
0.55,0.75,0.05,2.0,14.0,75.0,0.5,11,83,0.13253012048192772,0.7272727272727273,0.5145454545454545,13.181818181818182,False,1978
0.55,0.75,0.05,4.0,14.0,75.0,0.5,11,83,0.13253012048192772,0.7272727272727273,0.5145454545454545,13.181818181818182,False,1979
0.55,0.75,0.05,6.0,14.0,75.0,0.5,11,83,0.13253012048192772,0.7272727272727273,0.5145454545454545,13.181818181818182,False,1980
0.55,0.75,0.05,8.0,14.0,75.0,0.5,11,83,0.13253012048192772,0.7272727272727273,0.5145454545454545,13.181818181818182,False,1981
0.55,0.75,0.08,2.0,14.0,75.0,0.5,11,83,0.13253012048192772,0.7272727272727273,0.5145454545454545,13.181818181818182,False,1982
0.55,0.75,0.08,4.0,14.0,75.0,0.5,11,83,0.13253012048192772,0.7272727272727273,0.5145454545454545,13.181818181818182,False,1983
0.55,0.75,0.08,6.0,14.0,75.0,0.5,11,83,0.13253012048192772,0.7272727272727273,0.5145454545454545,13.181818181818182,False,1984
0.55,0.75,0.08,8.0,14.0,75.0,0.5,11,83,0.13253012048192772,0.7272727272727273,0.5145454545454545,13.181818181818182,False,1985
0.55,0.75,0.1,2.0,14.0,75.0,0.5,11,83,0.13253012048192772,0.7272727272727273,0.5145454545454545,13.181818181818182,False,1986
0.55,0.75,0.1,4.0,14.0,75.0,0.5,11,83,0.13253012048192772,0.7272727272727273,0.5145454545454545,13.181818181818182,False,1987
0.55,0.75,0.1,6.0,14.0,75.0,0.5,11,83,0.13253012048192772,0.7272727272727273,0.5145454545454545,13.181818181818182,False,1988
0.55,0.75,0.1,8.0,14.0,75.0,0.5,11,83,0.13253012048192772,0.7272727272727273,0.5145454545454545,13.181818181818182,False,1989
0.55,0.75,0.12,2.0,14.0,75.0,0.5,11,83,0.13253012048192772,0.7272727272727273,0.5145454545454545,13.181818181818182,False,1990
0.55,0.75,0.12,4.0,14.0,75.0,0.5,11,83,0.13253012048192772,0.7272727272727273,0.5145454545454545,13.181818181818182,False,1991
0.55,0.75,0.12,6.0,14.0,75.0,0.5,11,83,0.13253012048192772,0.7272727272727273,0.5145454545454545,13.181818181818182,False,1992
0.55,0.75,0.12,8.0,14.0,75.0,0.5,11,83,0.13253012048192772,0.7272727272727273,0.5145454545454545,13.181818181818182,False,1993
0.45,0.6,0.05,4.0,10.0,0.0,0.0,11,83,0.13253012048192772,0.7272727272727273,0.33454545454545453,8.818181818181818,False,1994
0.45,0.6,0.05,6.0,10.0,0.0,0.0,11,83,0.13253012048192772,0.7272727272727273,0.33454545454545453,8.818181818181818,False,1995
0.45,0.6,0.08,4.0,10.0,0.0,0.0,11,83,0.13253012048192772,0.7272727272727273,0.33454545454545453,8.818181818181818,False,1996
0.45,0.6,0.08,6.0,10.0,0.0,0.0,11,83,0.13253012048192772,0.7272727272727273,0.33454545454545453,8.818181818181818,False,1997
0.45,0.6,0.1,4.0,10.0,0.0,0.0,11,83,0.13253012048192772,0.7272727272727273,0.33454545454545453,8.818181818181818,False,1998
0.45,0.6,0.1,6.0,10.0,0.0,0.0,11,83,0.13253012048192772,0.7272727272727273,0.33454545454545453,8.818181818181818,False,1999
0.45,0.6,0.12,4.0,10.0,0.0,0.0,11,83,0.13253012048192772,0.7272727272727273,0.33454545454545453,8.818181818181818,False,2000
0.45,0.6,0.12,6.0,10.0,0.0,0.0,11,83,0.13253012048192772,0.7272727272727273,0.33454545454545453,8.818181818181818,False,2001
0.6,0.7,0.12,2.0,14.0,50.0,0.0,62,83,0.7469879518072289,0.7258064516129032,0.5183870967741936,12.387096774193548,False,2002
0.6,0.7,0.12,4.0,14.0,50.0,0.0,62,83,0.7469879518072289,0.7258064516129032,0.5183870967741936,12.387096774193548,False,2003
0.6,0.75,0.05,6.0,14.0,50.0,0.0,51,83,0.6144578313253012,0.7254901960784313,0.5190196078431373,12.686274509803921,False,2004
0.6,0.75,0.05,8.0,14.0,50.0,0.0,51,83,0.6144578313253012,0.7254901960784313,0.5190196078431373,12.686274509803921,False,2005
0.6,0.75,0.08,6.0,14.0,50.0,0.0,51,83,0.6144578313253012,0.7254901960784313,0.5190196078431373,12.686274509803921,False,2006
0.6,0.75,0.08,8.0,14.0,50.0,0.0,51,83,0.6144578313253012,0.7254901960784313,0.5190196078431373,12.686274509803921,False,2007
0.6,0.75,0.1,6.0,14.0,50.0,0.0,51,83,0.6144578313253012,0.7254901960784313,0.5190196078431373,12.686274509803921,False,2008
0.6,0.75,0.1,8.0,14.0,50.0,0.0,51,83,0.6144578313253012,0.7254901960784313,0.5190196078431373,12.686274509803921,False,2009
0.6,0.75,0.12,6.0,14.0,50.0,0.0,51,83,0.6144578313253012,0.7254901960784313,0.5190196078431373,12.686274509803921,False,2010
0.6,0.75,0.12,8.0,14.0,50.0,0.0,51,83,0.6144578313253012,0.7254901960784313,0.5190196078431373,12.686274509803921,False,2011
0.6,0.6,0.1,6.0,12.0,0.0,0.0,51,83,0.6144578313253012,0.7254901960784313,0.47294117647058825,10.92156862745098,False,2012
0.55,0.6,0.05,2.0,14.0,25.0,0.0,58,83,0.6987951807228916,0.7241379310344828,0.4839655172413793,12.620689655172415,False,2013
0.55,0.6,0.05,4.0,14.0,25.0,0.0,58,83,0.6987951807228916,0.7241379310344828,0.4839655172413793,12.620689655172415,False,2014
0.55,0.6,0.05,6.0,14.0,25.0,0.0,58,83,0.6987951807228916,0.7241379310344828,0.4839655172413793,12.620689655172415,False,2015
0.55,0.6,0.05,8.0,14.0,25.0,0.0,58,83,0.6987951807228916,0.7241379310344828,0.4839655172413793,12.620689655172415,False,2016
0.55,0.6,0.08,2.0,14.0,25.0,0.0,58,83,0.6987951807228916,0.7241379310344828,0.4839655172413793,12.620689655172415,False,2017
0.55,0.6,0.08,4.0,14.0,25.0,0.0,58,83,0.6987951807228916,0.7241379310344828,0.4839655172413793,12.620689655172415,False,2018
0.55,0.6,0.08,6.0,14.0,25.0,0.0,58,83,0.6987951807228916,0.7241379310344828,0.4839655172413793,12.620689655172415,False,2019
0.55,0.6,0.08,8.0,14.0,25.0,0.0,58,83,0.6987951807228916,0.7241379310344828,0.4839655172413793,12.620689655172415,False,2020
0.6,0.7,0.12,6.0,14.0,50.0,0.5,29,83,0.3493975903614458,0.7241379310344828,0.5327586206896552,12.482758620689655,False,2021
0.6,0.7,0.12,8.0,14.0,50.0,0.5,29,83,0.3493975903614458,0.7241379310344828,0.5327586206896552,12.482758620689655,False,2022
0.55,0.75,0.05,4.0,12.0,0.0,0.0,29,83,0.3493975903614458,0.7241379310344828,0.4744827586206897,9.793103448275861,False,2023
0.55,0.75,0.08,4.0,12.0,0.0,0.0,29,83,0.3493975903614458,0.7241379310344828,0.4744827586206897,9.793103448275861,False,2024
0.55,0.75,0.1,4.0,12.0,0.0,0.0,29,83,0.3493975903614458,0.7241379310344828,0.4744827586206897,9.793103448275861,False,2025
0.55,0.75,0.12,4.0,12.0,0.0,0.0,29,83,0.3493975903614458,0.7241379310344828,0.4744827586206897,9.793103448275861,False,2026
0.55,0.6,0.1,2.0,12.0,0.0,0.0,47,83,0.5662650602409639,0.723404255319149,0.4461702127659574,10.446808510638299,False,2027
0.55,0.6,0.12,2.0,12.0,0.0,0.0,47,83,0.5662650602409639,0.723404255319149,0.4461702127659574,10.446808510638299,False,2028
0.5,0.6,0.05,2.0,14.0,0.0,0.0,54,83,0.6506024096385542,0.7222222222222222,0.42944444444444435,11.981481481481481,False,2029
0.5,0.6,0.08,2.0,14.0,0.0,0.0,54,83,0.6506024096385542,0.7222222222222222,0.42944444444444435,11.981481481481481,False,2030
0.5,0.6,0.1,2.0,14.0,0.0,0.0,54,83,0.6506024096385542,0.7222222222222222,0.42944444444444435,11.981481481481481,False,2031
0.5,0.6,0.12,2.0,14.0,0.0,0.0,54,83,0.6506024096385542,0.7222222222222222,0.42944444444444435,11.981481481481481,False,2032
0.6,0.6,0.05,4.0,12.0,0.0,0.0,54,83,0.6506024096385542,0.7222222222222222,0.4753703703703703,10.703703703703704,False,2033
0.6,0.6,0.08,4.0,12.0,0.0,0.0,54,83,0.6506024096385542,0.7222222222222222,0.4753703703703703,10.703703703703704,False,2034
0.6,0.65,0.05,2.0,12.0,0.0,0.0,54,83,0.6506024096385542,0.7222222222222222,0.5007407407407408,10.333333333333334,False,2035
0.6,0.65,0.08,2.0,12.0,0.0,0.0,54,83,0.6506024096385542,0.7222222222222222,0.5007407407407408,10.333333333333334,False,2036
0.6,0.65,0.1,2.0,12.0,0.0,0.0,54,83,0.6506024096385542,0.7222222222222222,0.5007407407407408,10.333333333333334,False,2037
0.6,0.65,0.12,2.0,12.0,0.0,0.0,54,83,0.6506024096385542,0.7222222222222222,0.5011111111111111,10.203703703703704,False,2038
0.5,0.6,0.05,2.0,12.0,0.0,0.0,36,83,0.43373493975903615,0.7222222222222222,0.4119444444444445,10.222222222222221,False,2039
0.5,0.6,0.08,2.0,12.0,0.0,0.0,36,83,0.43373493975903615,0.7222222222222222,0.4119444444444445,10.222222222222221,False,2040
0.5,0.6,0.1,2.0,12.0,0.0,0.0,36,83,0.43373493975903615,0.7222222222222222,0.4119444444444445,10.222222222222221,False,2041
0.5,0.6,0.12,2.0,12.0,0.0,0.0,36,83,0.43373493975903615,0.7222222222222222,0.4119444444444445,10.222222222222221,False,2042
0.55,0.7,0.05,2.0,14.0,0.0,0.5,18,83,0.21686746987951808,0.7222222222222222,0.5061111111111111,12.88888888888889,False,2043
0.55,0.7,0.05,2.0,14.0,25.0,0.5,18,83,0.21686746987951808,0.7222222222222222,0.5061111111111111,12.88888888888889,False,2044
0.55,0.7,0.05,2.0,14.0,50.0,0.5,18,83,0.21686746987951808,0.7222222222222222,0.5061111111111111,12.88888888888889,False,2045
0.55,0.7,0.05,4.0,14.0,0.0,0.5,18,83,0.21686746987951808,0.7222222222222222,0.5061111111111111,12.88888888888889,False,2046
0.55,0.7,0.05,4.0,14.0,25.0,0.5,18,83,0.21686746987951808,0.7222222222222222,0.5061111111111111,12.88888888888889,False,2047
0.55,0.7,0.05,4.0,14.0,50.0,0.5,18,83,0.21686746987951808,0.7222222222222222,0.5061111111111111,12.88888888888889,False,2048
0.55,0.7,0.05,6.0,14.0,0.0,0.5,18,83,0.21686746987951808,0.7222222222222222,0.5061111111111111,12.88888888888889,False,2049
0.55,0.7,0.05,6.0,14.0,25.0,0.5,18,83,0.21686746987951808,0.7222222222222222,0.5061111111111111,12.88888888888889,False,2050
0.55,0.7,0.05,6.0,14.0,50.0,0.5,18,83,0.21686746987951808,0.7222222222222222,0.5061111111111111,12.88888888888889,False,2051
0.55,0.7,0.05,8.0,14.0,0.0,0.5,18,83,0.21686746987951808,0.7222222222222222,0.5061111111111111,12.88888888888889,False,2052
0.55,0.7,0.05,8.0,14.0,25.0,0.5,18,83,0.21686746987951808,0.7222222222222222,0.5061111111111111,12.88888888888889,False,2053
0.55,0.7,0.05,8.0,14.0,50.0,0.5,18,83,0.21686746987951808,0.7222222222222222,0.5061111111111111,12.88888888888889,False,2054
0.55,0.7,0.08,2.0,14.0,0.0,0.5,18,83,0.21686746987951808,0.7222222222222222,0.5061111111111111,12.88888888888889,False,2055
0.55,0.7,0.08,2.0,14.0,25.0,0.5,18,83,0.21686746987951808,0.7222222222222222,0.5061111111111111,12.88888888888889,False,2056
0.55,0.7,0.08,2.0,14.0,50.0,0.5,18,83,0.21686746987951808,0.7222222222222222,0.5061111111111111,12.88888888888889,False,2057
0.55,0.7,0.08,4.0,14.0,0.0,0.5,18,83,0.21686746987951808,0.7222222222222222,0.5061111111111111,12.88888888888889,False,2058
0.55,0.7,0.08,4.0,14.0,25.0,0.5,18,83,0.21686746987951808,0.7222222222222222,0.5061111111111111,12.88888888888889,False,2059
0.55,0.7,0.08,4.0,14.0,50.0,0.5,18,83,0.21686746987951808,0.7222222222222222,0.5061111111111111,12.88888888888889,False,2060
0.55,0.7,0.08,6.0,14.0,0.0,0.5,18,83,0.21686746987951808,0.7222222222222222,0.5061111111111111,12.88888888888889,False,2061
0.55,0.7,0.08,6.0,14.0,25.0,0.5,18,83,0.21686746987951808,0.7222222222222222,0.5061111111111111,12.88888888888889,False,2062
0.55,0.7,0.08,6.0,14.0,50.0,0.5,18,83,0.21686746987951808,0.7222222222222222,0.5061111111111111,12.88888888888889,False,2063
0.55,0.7,0.08,8.0,14.0,0.0,0.5,18,83,0.21686746987951808,0.7222222222222222,0.5061111111111111,12.88888888888889,False,2064
0.55,0.7,0.08,8.0,14.0,25.0,0.5,18,83,0.21686746987951808,0.7222222222222222,0.5061111111111111,12.88888888888889,False,2065
0.55,0.7,0.08,8.0,14.0,50.0,0.5,18,83,0.21686746987951808,0.7222222222222222,0.5061111111111111,12.88888888888889,False,2066
0.55,0.7,0.1,2.0,14.0,0.0,0.5,18,83,0.21686746987951808,0.7222222222222222,0.5061111111111111,12.88888888888889,False,2067
0.55,0.7,0.1,2.0,14.0,25.0,0.5,18,83,0.21686746987951808,0.7222222222222222,0.5061111111111111,12.88888888888889,False,2068
0.55,0.7,0.1,2.0,14.0,50.0,0.5,18,83,0.21686746987951808,0.7222222222222222,0.5061111111111111,12.88888888888889,False,2069
0.55,0.7,0.1,4.0,14.0,0.0,0.5,18,83,0.21686746987951808,0.7222222222222222,0.5061111111111111,12.88888888888889,False,2070
0.55,0.7,0.1,4.0,14.0,25.0,0.5,18,83,0.21686746987951808,0.7222222222222222,0.5061111111111111,12.88888888888889,False,2071
0.55,0.7,0.1,4.0,14.0,50.0,0.5,18,83,0.21686746987951808,0.7222222222222222,0.5061111111111111,12.88888888888889,False,2072
0.55,0.7,0.1,6.0,14.0,0.0,0.5,18,83,0.21686746987951808,0.7222222222222222,0.5061111111111111,12.88888888888889,False,2073
0.55,0.7,0.1,6.0,14.0,25.0,0.5,18,83,0.21686746987951808,0.7222222222222222,0.5061111111111111,12.88888888888889,False,2074
0.55,0.7,0.1,6.0,14.0,50.0,0.5,18,83,0.21686746987951808,0.7222222222222222,0.5061111111111111,12.88888888888889,False,2075
0.55,0.7,0.1,8.0,14.0,0.0,0.5,18,83,0.21686746987951808,0.7222222222222222,0.5061111111111111,12.88888888888889,False,2076
0.55,0.7,0.1,8.0,14.0,25.0,0.5,18,83,0.21686746987951808,0.7222222222222222,0.5061111111111111,12.88888888888889,False,2077
0.55,0.7,0.1,8.0,14.0,50.0,0.5,18,83,0.21686746987951808,0.7222222222222222,0.5061111111111111,12.88888888888889,False,2078
0.55,0.7,0.12,2.0,14.0,0.0,0.5,18,83,0.21686746987951808,0.7222222222222222,0.5061111111111111,12.88888888888889,False,2079
0.55,0.7,0.12,2.0,14.0,25.0,0.5,18,83,0.21686746987951808,0.7222222222222222,0.5061111111111111,12.88888888888889,False,2080
0.55,0.7,0.12,2.0,14.0,50.0,0.5,18,83,0.21686746987951808,0.7222222222222222,0.5061111111111111,12.88888888888889,False,2081
0.55,0.7,0.12,4.0,14.0,0.0,0.5,18,83,0.21686746987951808,0.7222222222222222,0.5061111111111111,12.88888888888889,False,2082
0.55,0.7,0.12,4.0,14.0,25.0,0.5,18,83,0.21686746987951808,0.7222222222222222,0.5061111111111111,12.88888888888889,False,2083
0.55,0.7,0.12,4.0,14.0,50.0,0.5,18,83,0.21686746987951808,0.7222222222222222,0.5061111111111111,12.88888888888889,False,2084
0.55,0.7,0.12,6.0,14.0,0.0,0.5,18,83,0.21686746987951808,0.7222222222222222,0.5061111111111111,12.88888888888889,False,2085
0.55,0.7,0.12,6.0,14.0,25.0,0.5,18,83,0.21686746987951808,0.7222222222222222,0.5061111111111111,12.88888888888889,False,2086
0.55,0.7,0.12,6.0,14.0,50.0,0.5,18,83,0.21686746987951808,0.7222222222222222,0.5061111111111111,12.88888888888889,False,2087
0.55,0.7,0.12,8.0,14.0,0.0,0.5,18,83,0.21686746987951808,0.7222222222222222,0.5061111111111111,12.88888888888889,False,2088
0.55,0.7,0.12,8.0,14.0,25.0,0.5,18,83,0.21686746987951808,0.7222222222222222,0.5061111111111111,12.88888888888889,False,2089
0.55,0.7,0.12,8.0,14.0,50.0,0.5,18,83,0.21686746987951808,0.7222222222222222,0.5061111111111111,12.88888888888889,False,2090
0.5,0.65,0.05,6.0,10.0,0.0,0.0,18,83,0.21686746987951808,0.7222222222222222,0.43499999999999994,8.61111111111111,False,2091
0.5,0.65,0.08,6.0,10.0,0.0,0.0,18,83,0.21686746987951808,0.7222222222222222,0.43499999999999994,8.61111111111111,False,2092
0.5,0.65,0.1,6.0,10.0,0.0,0.0,18,83,0.21686746987951808,0.7222222222222222,0.43499999999999994,8.61111111111111,False,2093
0.5,0.65,0.12,6.0,10.0,0.0,0.0,18,83,0.21686746987951808,0.7222222222222222,0.43499999999999994,8.61111111111111,False,2094
0.6,0.7,0.12,6.0,14.0,50.0,0.0,61,83,0.7349397590361446,0.7213114754098361,0.5175409836065574,12.508196721311476,False,2095
0.6,0.7,0.12,8.0,14.0,50.0,0.0,61,83,0.7349397590361446,0.7213114754098361,0.5175409836065574,12.508196721311476,False,2096
0.55,0.6,0.05,6.0,14.0,50.0,0.0,43,83,0.5180722891566265,0.7209302325581395,0.4846511627906976,12.581395348837209,False,2097
0.55,0.6,0.05,8.0,14.0,50.0,0.0,43,83,0.5180722891566265,0.7209302325581395,0.4846511627906976,12.581395348837209,False,2098
0.55,0.6,0.08,6.0,14.0,50.0,0.0,43,83,0.5180722891566265,0.7209302325581395,0.4846511627906976,12.581395348837209,False,2099
0.55,0.6,0.08,8.0,14.0,50.0,0.0,43,83,0.5180722891566265,0.7209302325581395,0.4846511627906976,12.581395348837209,False,2100
0.55,0.6,0.1,4.0,14.0,50.0,0.0,43,83,0.5180722891566265,0.7209302325581395,0.4832558139534883,12.488372093023257,False,2101
0.55,0.6,0.12,4.0,14.0,50.0,0.0,43,83,0.5180722891566265,0.7209302325581395,0.4832558139534883,12.488372093023257,False,2102
0.55,0.65,0.05,4.0,14.0,50.0,0.0,43,83,0.5180722891566265,0.7209302325581395,0.4832558139534883,12.488372093023257,False,2103
0.55,0.65,0.08,4.0,14.0,50.0,0.0,43,83,0.5180722891566265,0.7209302325581395,0.4832558139534883,12.488372093023257,False,2104
0.55,0.65,0.1,4.0,14.0,50.0,0.0,43,83,0.5180722891566265,0.7209302325581395,0.4832558139534883,12.488372093023257,False,2105
0.55,0.65,0.12,4.0,14.0,50.0,0.0,43,83,0.5180722891566265,0.7209302325581395,0.4832558139534883,12.488372093023257,False,2106
0.6,0.7,0.12,8.0,12.0,0.0,0.0,43,83,0.5180722891566265,0.7209302325581395,0.5109302325581396,10.69767441860465,False,2107
0.6,0.6,0.12,6.0,12.0,0.0,0.0,50,83,0.6024096385542169,0.72,0.4714000000000001,10.9,False,2108
0.6,0.75,0.05,2.0,14.0,25.0,0.0,64,83,0.7710843373493976,0.71875,0.51859375,12.4375,False,2109
0.6,0.75,0.08,2.0,14.0,25.0,0.0,64,83,0.7710843373493976,0.71875,0.51859375,12.4375,False,2110
0.6,0.75,0.1,2.0,14.0,25.0,0.0,64,83,0.7710843373493976,0.71875,0.51859375,12.4375,False,2111
0.6,0.75,0.12,2.0,14.0,25.0,0.0,64,83,0.7710843373493976,0.71875,0.51859375,12.4375,False,2112
0.6,0.6,0.05,6.0,14.0,25.0,0.5,32,83,0.3855421686746988,0.71875,0.5375000000000001,12.53125,False,2113
0.6,0.6,0.05,8.0,14.0,25.0,0.5,32,83,0.3855421686746988,0.71875,0.5375000000000001,12.53125,False,2114
0.6,0.6,0.08,6.0,14.0,25.0,0.5,32,83,0.3855421686746988,0.71875,0.5375000000000001,12.53125,False,2115
0.6,0.6,0.08,8.0,14.0,25.0,0.5,32,83,0.3855421686746988,0.71875,0.5375000000000001,12.53125,False,2116
0.6,0.65,0.05,6.0,14.0,25.0,0.5,32,83,0.3855421686746988,0.71875,0.5375000000000001,12.53125,False,2117
0.6,0.65,0.05,8.0,14.0,25.0,0.5,32,83,0.3855421686746988,0.71875,0.5375000000000001,12.53125,False,2118
0.6,0.65,0.08,6.0,14.0,25.0,0.5,32,83,0.3855421686746988,0.71875,0.5375000000000001,12.53125,False,2119
0.6,0.65,0.08,8.0,14.0,25.0,0.5,32,83,0.3855421686746988,0.71875,0.5375000000000001,12.53125,False,2120
0.6,0.6,0.1,6.0,14.0,0.0,0.5,32,83,0.3855421686746988,0.71875,0.535625,12.3125,False,2121
0.6,0.6,0.1,8.0,14.0,0.0,0.5,32,83,0.3855421686746988,0.71875,0.535625,12.3125,False,2122
0.6,0.6,0.12,6.0,14.0,0.0,0.5,32,83,0.3855421686746988,0.71875,0.535625,12.3125,False,2123
0.6,0.6,0.12,8.0,14.0,0.0,0.5,32,83,0.3855421686746988,0.71875,0.535625,12.3125,False,2124
0.6,0.65,0.1,6.0,14.0,0.0,0.5,32,83,0.3855421686746988,0.71875,0.535625,12.3125,False,2125
0.6,0.65,0.1,8.0,14.0,0.0,0.5,32,83,0.3855421686746988,0.71875,0.535625,12.3125,False,2126
0.6,0.65,0.12,6.0,14.0,0.0,0.5,32,83,0.3855421686746988,0.71875,0.535625,12.3125,False,2127
0.6,0.65,0.12,8.0,14.0,0.0,0.5,32,83,0.3855421686746988,0.71875,0.535625,12.3125,False,2128
0.6,0.7,0.05,6.0,14.0,0.0,0.5,32,83,0.3855421686746988,0.71875,0.5371875,12.28125,False,2129
0.6,0.7,0.05,8.0,14.0,0.0,0.5,32,83,0.3855421686746988,0.71875,0.5371875,12.28125,False,2130
0.6,0.7,0.08,6.0,14.0,0.0,0.5,32,83,0.3855421686746988,0.71875,0.5371875,12.28125,False,2131
0.6,0.7,0.08,8.0,14.0,0.0,0.5,32,83,0.3855421686746988,0.71875,0.5371875,12.28125,False,2132
0.6,0.7,0.1,6.0,14.0,0.0,0.5,32,83,0.3855421686746988,0.71875,0.5371875,12.28125,False,2133
0.6,0.7,0.1,8.0,14.0,0.0,0.5,32,83,0.3855421686746988,0.71875,0.5371875,12.28125,False,2134
0.6,0.6,0.1,2.0,14.0,25.0,0.5,32,83,0.3855421686746988,0.71875,0.535625,12.1875,False,2135
0.6,0.6,0.1,4.0,14.0,25.0,0.5,32,83,0.3855421686746988,0.71875,0.535625,12.1875,False,2136
0.6,0.6,0.12,2.0,14.0,25.0,0.5,32,83,0.3855421686746988,0.71875,0.535625,12.1875,False,2137
0.6,0.6,0.12,4.0,14.0,25.0,0.5,32,83,0.3855421686746988,0.71875,0.535625,12.1875,False,2138
0.6,0.65,0.1,2.0,14.0,25.0,0.5,32,83,0.3855421686746988,0.71875,0.535625,12.1875,False,2139
0.6,0.65,0.1,4.0,14.0,25.0,0.5,32,83,0.3855421686746988,0.71875,0.535625,12.1875,False,2140
0.6,0.65,0.12,2.0,14.0,25.0,0.5,32,83,0.3855421686746988,0.71875,0.535625,12.1875,False,2141
0.6,0.65,0.12,4.0,14.0,25.0,0.5,32,83,0.3855421686746988,0.71875,0.535625,12.1875,False,2142
0.6,0.7,0.05,2.0,14.0,25.0,0.5,32,83,0.3855421686746988,0.71875,0.5371874999999999,12.15625,False,2143
0.6,0.7,0.05,4.0,14.0,25.0,0.5,32,83,0.3855421686746988,0.71875,0.5371874999999999,12.15625,False,2144
0.6,0.7,0.08,2.0,14.0,25.0,0.5,32,83,0.3855421686746988,0.71875,0.5371874999999999,12.15625,False,2145
0.6,0.7,0.08,4.0,14.0,25.0,0.5,32,83,0.3855421686746988,0.71875,0.5371874999999999,12.15625,False,2146
0.6,0.7,0.1,2.0,14.0,25.0,0.5,32,83,0.3855421686746988,0.71875,0.5371874999999999,12.15625,False,2147
0.6,0.7,0.1,4.0,14.0,25.0,0.5,32,83,0.3855421686746988,0.71875,0.5371874999999999,12.15625,False,2148
0.5,0.65,0.05,2.0,14.0,0.0,0.0,46,83,0.5542168674698795,0.717391304347826,0.446086956521739,12.108695652173912,False,2149
0.5,0.65,0.05,4.0,14.0,0.0,0.0,46,83,0.5542168674698795,0.717391304347826,0.446086956521739,12.108695652173912,False,2150
0.5,0.65,0.08,2.0,14.0,0.0,0.0,46,83,0.5542168674698795,0.717391304347826,0.446086956521739,12.108695652173912,False,2151
0.5,0.65,0.08,4.0,14.0,0.0,0.0,46,83,0.5542168674698795,0.717391304347826,0.446086956521739,12.108695652173912,False,2152
0.5,0.65,0.1,2.0,14.0,0.0,0.0,46,83,0.5542168674698795,0.717391304347826,0.446086956521739,12.108695652173912,False,2153
0.5,0.65,0.1,4.0,14.0,0.0,0.0,46,83,0.5542168674698795,0.717391304347826,0.446086956521739,12.108695652173912,False,2154
0.5,0.65,0.12,2.0,14.0,0.0,0.0,46,83,0.5542168674698795,0.717391304347826,0.446086956521739,12.108695652173912,False,2155
0.5,0.65,0.12,4.0,14.0,0.0,0.0,46,83,0.5542168674698795,0.717391304347826,0.446086956521739,12.108695652173912,False,2156
0.6,0.7,0.05,6.0,12.0,0.0,0.0,46,83,0.5542168674698795,0.717391304347826,0.5154347826086957,10.5,False,2157
0.6,0.7,0.08,6.0,12.0,0.0,0.0,46,83,0.5542168674698795,0.717391304347826,0.5154347826086957,10.5,False,2158
0.6,0.7,0.1,6.0,12.0,0.0,0.0,46,83,0.5542168674698795,0.717391304347826,0.5154347826086957,10.5,False,2159
0.5,0.6,0.05,4.0,14.0,0.0,0.0,53,83,0.6385542168674698,0.7169811320754716,0.43603773584905653,12.150943396226415,False,2160
0.5,0.6,0.08,4.0,14.0,0.0,0.0,53,83,0.6385542168674698,0.7169811320754716,0.43603773584905653,12.150943396226415,False,2161
0.5,0.6,0.1,4.0,14.0,0.0,0.0,53,83,0.6385542168674698,0.7169811320754716,0.43603773584905653,12.150943396226415,False,2162
0.5,0.6,0.12,4.0,14.0,0.0,0.0,53,83,0.6385542168674698,0.7169811320754716,0.43603773584905653,12.150943396226415,False,2163
0.6,0.75,0.05,4.0,14.0,25.0,0.0,63,83,0.7590361445783133,0.7142857142857143,0.5193650793650794,12.587301587301587,False,2164
0.6,0.75,0.08,4.0,14.0,25.0,0.0,63,83,0.7590361445783133,0.7142857142857143,0.5193650793650794,12.587301587301587,False,2165
0.6,0.75,0.1,4.0,14.0,25.0,0.0,63,83,0.7590361445783133,0.7142857142857143,0.5193650793650794,12.587301587301587,False,2166
0.6,0.75,0.12,4.0,14.0,25.0,0.0,63,83,0.7590361445783133,0.7142857142857143,0.5193650793650794,12.587301587301587,False,2167
0.6,0.7,0.05,2.0,14.0,50.0,0.0,63,83,0.7590361445783133,0.7142857142857143,0.5196825396825397,12.365079365079366,False,2168
0.6,0.7,0.05,4.0,14.0,50.0,0.0,63,83,0.7590361445783133,0.7142857142857143,0.5196825396825397,12.365079365079366,False,2169
0.6,0.7,0.08,2.0,14.0,50.0,0.0,63,83,0.7590361445783133,0.7142857142857143,0.5196825396825397,12.365079365079366,False,2170
0.6,0.7,0.08,4.0,14.0,50.0,0.0,63,83,0.7590361445783133,0.7142857142857143,0.5196825396825397,12.365079365079366,False,2171
0.6,0.7,0.1,2.0,14.0,50.0,0.0,63,83,0.7590361445783133,0.7142857142857143,0.5196825396825397,12.365079365079366,False,2172
0.6,0.7,0.1,4.0,14.0,50.0,0.0,63,83,0.7590361445783133,0.7142857142857143,0.5196825396825397,12.365079365079366,False,2173
0.55,0.75,0.05,2.0,14.0,0.0,0.0,49,83,0.5903614457831325,0.7142857142857143,0.47469387755102044,11.938775510204081,False,2174
0.55,0.75,0.08,2.0,14.0,0.0,0.0,49,83,0.5903614457831325,0.7142857142857143,0.47469387755102044,11.938775510204081,False,2175
0.55,0.75,0.1,2.0,14.0,0.0,0.0,49,83,0.5903614457831325,0.7142857142857143,0.47469387755102044,11.938775510204081,False,2176
0.55,0.75,0.12,2.0,14.0,0.0,0.0,49,83,0.5903614457831325,0.7142857142857143,0.47469387755102044,11.938775510204081,False,2177
0.6,0.6,0.1,8.0,12.0,0.0,0.0,49,83,0.5903614457831325,0.7142857142857143,0.4695918367346939,11.10204081632653,False,2178
0.55,0.6,0.1,6.0,14.0,50.0,0.0,42,83,0.5060240963855421,0.7142857142857143,0.4830952380952381,12.666666666666666,False,2179
0.55,0.6,0.1,8.0,14.0,50.0,0.0,42,83,0.5060240963855421,0.7142857142857143,0.4830952380952381,12.666666666666666,False,2180
0.55,0.6,0.12,6.0,14.0,50.0,0.0,42,83,0.5060240963855421,0.7142857142857143,0.4830952380952381,12.666666666666666,False,2181
0.55,0.6,0.12,8.0,14.0,50.0,0.0,42,83,0.5060240963855421,0.7142857142857143,0.4830952380952381,12.666666666666666,False,2182
0.55,0.65,0.05,6.0,14.0,50.0,0.0,42,83,0.5060240963855421,0.7142857142857143,0.4830952380952381,12.666666666666666,False,2183
0.55,0.65,0.05,8.0,14.0,50.0,0.0,42,83,0.5060240963855421,0.7142857142857143,0.4830952380952381,12.666666666666666,False,2184
0.55,0.65,0.08,6.0,14.0,50.0,0.0,42,83,0.5060240963855421,0.7142857142857143,0.4830952380952381,12.666666666666666,False,2185
0.55,0.65,0.08,8.0,14.0,50.0,0.0,42,83,0.5060240963855421,0.7142857142857143,0.4830952380952381,12.666666666666666,False,2186
0.55,0.65,0.1,6.0,14.0,50.0,0.0,42,83,0.5060240963855421,0.7142857142857143,0.4830952380952381,12.666666666666666,False,2187
0.55,0.65,0.1,8.0,14.0,50.0,0.0,42,83,0.5060240963855421,0.7142857142857143,0.4830952380952381,12.666666666666666,False,2188
0.55,0.65,0.12,6.0,14.0,50.0,0.0,42,83,0.5060240963855421,0.7142857142857143,0.4830952380952381,12.666666666666666,False,2189
0.55,0.65,0.12,8.0,14.0,50.0,0.0,42,83,0.5060240963855421,0.7142857142857143,0.4830952380952381,12.666666666666666,False,2190
0.5,0.6,0.05,4.0,12.0,0.0,0.0,35,83,0.42168674698795183,0.7142857142857143,0.42142857142857143,10.428571428571429,False,2191
0.5,0.6,0.08,4.0,12.0,0.0,0.0,35,83,0.42168674698795183,0.7142857142857143,0.42142857142857143,10.428571428571429,False,2192
0.5,0.6,0.1,4.0,12.0,0.0,0.0,35,83,0.42168674698795183,0.7142857142857143,0.42142857142857143,10.428571428571429,False,2193
0.5,0.6,0.12,4.0,12.0,0.0,0.0,35,83,0.42168674698795183,0.7142857142857143,0.42142857142857143,10.428571428571429,False,2194
0.55,0.7,0.05,4.0,12.0,0.0,0.0,35,83,0.42168674698795183,0.7142857142857143,0.48028571428571437,10.17142857142857,False,2195
0.55,0.7,0.08,4.0,12.0,0.0,0.0,35,83,0.42168674698795183,0.7142857142857143,0.48028571428571437,10.17142857142857,False,2196
0.55,0.7,0.1,4.0,12.0,0.0,0.0,35,83,0.42168674698795183,0.7142857142857143,0.48028571428571437,10.17142857142857,False,2197
0.55,0.7,0.12,4.0,12.0,0.0,0.0,35,83,0.42168674698795183,0.7142857142857143,0.48028571428571437,10.17142857142857,False,2198
0.5,0.75,0.05,4.0,12.0,0.0,0.0,21,83,0.25301204819277107,0.7142857142857143,0.4457142857142857,9.619047619047619,False,2199
0.5,0.75,0.08,4.0,12.0,0.0,0.0,21,83,0.25301204819277107,0.7142857142857143,0.4457142857142857,9.619047619047619,False,2200
0.5,0.75,0.1,4.0,12.0,0.0,0.0,21,83,0.25301204819277107,0.7142857142857143,0.4457142857142857,9.619047619047619,False,2201
0.5,0.75,0.12,4.0,12.0,0.0,0.0,21,83,0.25301204819277107,0.7142857142857143,0.4457142857142857,9.619047619047619,False,2202
0.55,0.75,0.05,2.0,14.0,0.0,0.5,14,83,0.1686746987951807,0.7142857142857143,0.5107142857142858,12.785714285714286,False,2203
0.55,0.75,0.05,2.0,14.0,25.0,0.5,14,83,0.1686746987951807,0.7142857142857143,0.5107142857142858,12.785714285714286,False,2204
0.55,0.75,0.05,2.0,14.0,50.0,0.5,14,83,0.1686746987951807,0.7142857142857143,0.5107142857142858,12.785714285714286,False,2205
0.55,0.75,0.05,4.0,14.0,0.0,0.5,14,83,0.1686746987951807,0.7142857142857143,0.5107142857142858,12.785714285714286,False,2206
0.55,0.75,0.05,4.0,14.0,25.0,0.5,14,83,0.1686746987951807,0.7142857142857143,0.5107142857142858,12.785714285714286,False,2207
0.55,0.75,0.05,4.0,14.0,50.0,0.5,14,83,0.1686746987951807,0.7142857142857143,0.5107142857142858,12.785714285714286,False,2208
0.55,0.75,0.05,6.0,14.0,0.0,0.5,14,83,0.1686746987951807,0.7142857142857143,0.5107142857142858,12.785714285714286,False,2209
0.55,0.75,0.05,6.0,14.0,25.0,0.5,14,83,0.1686746987951807,0.7142857142857143,0.5107142857142858,12.785714285714286,False,2210
0.55,0.75,0.05,6.0,14.0,50.0,0.5,14,83,0.1686746987951807,0.7142857142857143,0.5107142857142858,12.785714285714286,False,2211
0.55,0.75,0.05,8.0,14.0,0.0,0.5,14,83,0.1686746987951807,0.7142857142857143,0.5107142857142858,12.785714285714286,False,2212
0.55,0.75,0.05,8.0,14.0,25.0,0.5,14,83,0.1686746987951807,0.7142857142857143,0.5107142857142858,12.785714285714286,False,2213
0.55,0.75,0.05,8.0,14.0,50.0,0.5,14,83,0.1686746987951807,0.7142857142857143,0.5107142857142858,12.785714285714286,False,2214
0.55,0.75,0.08,2.0,14.0,0.0,0.5,14,83,0.1686746987951807,0.7142857142857143,0.5107142857142858,12.785714285714286,False,2215
0.55,0.75,0.08,2.0,14.0,25.0,0.5,14,83,0.1686746987951807,0.7142857142857143,0.5107142857142858,12.785714285714286,False,2216
0.55,0.75,0.08,2.0,14.0,50.0,0.5,14,83,0.1686746987951807,0.7142857142857143,0.5107142857142858,12.785714285714286,False,2217
0.55,0.75,0.08,4.0,14.0,0.0,0.5,14,83,0.1686746987951807,0.7142857142857143,0.5107142857142858,12.785714285714286,False,2218
0.55,0.75,0.08,4.0,14.0,25.0,0.5,14,83,0.1686746987951807,0.7142857142857143,0.5107142857142858,12.785714285714286,False,2219
0.55,0.75,0.08,4.0,14.0,50.0,0.5,14,83,0.1686746987951807,0.7142857142857143,0.5107142857142858,12.785714285714286,False,2220
0.55,0.75,0.08,6.0,14.0,0.0,0.5,14,83,0.1686746987951807,0.7142857142857143,0.5107142857142858,12.785714285714286,False,2221
0.55,0.75,0.08,6.0,14.0,25.0,0.5,14,83,0.1686746987951807,0.7142857142857143,0.5107142857142858,12.785714285714286,False,2222
0.55,0.75,0.08,6.0,14.0,50.0,0.5,14,83,0.1686746987951807,0.7142857142857143,0.5107142857142858,12.785714285714286,False,2223
0.55,0.75,0.08,8.0,14.0,0.0,0.5,14,83,0.1686746987951807,0.7142857142857143,0.5107142857142858,12.785714285714286,False,2224
0.55,0.75,0.08,8.0,14.0,25.0,0.5,14,83,0.1686746987951807,0.7142857142857143,0.5107142857142858,12.785714285714286,False,2225
0.55,0.75,0.08,8.0,14.0,50.0,0.5,14,83,0.1686746987951807,0.7142857142857143,0.5107142857142858,12.785714285714286,False,2226
0.55,0.75,0.1,2.0,14.0,0.0,0.5,14,83,0.1686746987951807,0.7142857142857143,0.5107142857142858,12.785714285714286,False,2227
0.55,0.75,0.1,2.0,14.0,25.0,0.5,14,83,0.1686746987951807,0.7142857142857143,0.5107142857142858,12.785714285714286,False,2228
0.55,0.75,0.1,2.0,14.0,50.0,0.5,14,83,0.1686746987951807,0.7142857142857143,0.5107142857142858,12.785714285714286,False,2229
0.55,0.75,0.1,4.0,14.0,0.0,0.5,14,83,0.1686746987951807,0.7142857142857143,0.5107142857142858,12.785714285714286,False,2230
0.55,0.75,0.1,4.0,14.0,25.0,0.5,14,83,0.1686746987951807,0.7142857142857143,0.5107142857142858,12.785714285714286,False,2231
0.55,0.75,0.1,4.0,14.0,50.0,0.5,14,83,0.1686746987951807,0.7142857142857143,0.5107142857142858,12.785714285714286,False,2232
0.55,0.75,0.1,6.0,14.0,0.0,0.5,14,83,0.1686746987951807,0.7142857142857143,0.5107142857142858,12.785714285714286,False,2233
0.55,0.75,0.1,6.0,14.0,25.0,0.5,14,83,0.1686746987951807,0.7142857142857143,0.5107142857142858,12.785714285714286,False,2234
0.55,0.75,0.1,6.0,14.0,50.0,0.5,14,83,0.1686746987951807,0.7142857142857143,0.5107142857142858,12.785714285714286,False,2235
0.55,0.75,0.1,8.0,14.0,0.0,0.5,14,83,0.1686746987951807,0.7142857142857143,0.5107142857142858,12.785714285714286,False,2236
0.55,0.75,0.1,8.0,14.0,25.0,0.5,14,83,0.1686746987951807,0.7142857142857143,0.5107142857142858,12.785714285714286,False,2237
0.55,0.75,0.1,8.0,14.0,50.0,0.5,14,83,0.1686746987951807,0.7142857142857143,0.5107142857142858,12.785714285714286,False,2238
0.55,0.75,0.12,2.0,14.0,0.0,0.5,14,83,0.1686746987951807,0.7142857142857143,0.5107142857142858,12.785714285714286,False,2239
0.55,0.75,0.12,2.0,14.0,25.0,0.5,14,83,0.1686746987951807,0.7142857142857143,0.5107142857142858,12.785714285714286,False,2240
0.55,0.75,0.12,2.0,14.0,50.0,0.5,14,83,0.1686746987951807,0.7142857142857143,0.5107142857142858,12.785714285714286,False,2241
0.55,0.75,0.12,4.0,14.0,0.0,0.5,14,83,0.1686746987951807,0.7142857142857143,0.5107142857142858,12.785714285714286,False,2242
0.55,0.75,0.12,4.0,14.0,25.0,0.5,14,83,0.1686746987951807,0.7142857142857143,0.5107142857142858,12.785714285714286,False,2243
0.55,0.75,0.12,4.0,14.0,50.0,0.5,14,83,0.1686746987951807,0.7142857142857143,0.5107142857142858,12.785714285714286,False,2244
0.55,0.75,0.12,6.0,14.0,0.0,0.5,14,83,0.1686746987951807,0.7142857142857143,0.5107142857142858,12.785714285714286,False,2245
0.55,0.75,0.12,6.0,14.0,25.0,0.5,14,83,0.1686746987951807,0.7142857142857143,0.5107142857142858,12.785714285714286,False,2246
0.55,0.75,0.12,6.0,14.0,50.0,0.5,14,83,0.1686746987951807,0.7142857142857143,0.5107142857142858,12.785714285714286,False,2247
0.55,0.75,0.12,8.0,14.0,0.0,0.5,14,83,0.1686746987951807,0.7142857142857143,0.5107142857142858,12.785714285714286,False,2248
0.55,0.75,0.12,8.0,14.0,25.0,0.5,14,83,0.1686746987951807,0.7142857142857143,0.5107142857142858,12.785714285714286,False,2249
0.55,0.75,0.12,8.0,14.0,50.0,0.5,14,83,0.1686746987951807,0.7142857142857143,0.5107142857142858,12.785714285714286,False,2250
0.5,0.65,0.05,8.0,10.0,0.0,0.0,14,83,0.1686746987951807,0.7142857142857143,0.4364285714285714,9.285714285714286,False,2251
0.5,0.65,0.08,8.0,10.0,0.0,0.0,14,83,0.1686746987951807,0.7142857142857143,0.4364285714285714,9.285714285714286,False,2252
0.5,0.65,0.1,8.0,10.0,0.0,0.0,14,83,0.1686746987951807,0.7142857142857143,0.4364285714285714,9.285714285714286,False,2253
0.5,0.65,0.12,8.0,10.0,0.0,0.0,14,83,0.1686746987951807,0.7142857142857143,0.4364285714285714,9.285714285714286,False,2254
0.6,0.6,0.05,6.0,12.0,0.0,0.0,52,83,0.6265060240963856,0.7115384615384616,0.4748076923076923,10.942307692307692,False,2255
0.6,0.6,0.08,6.0,12.0,0.0,0.0,52,83,0.6265060240963856,0.7115384615384616,0.4748076923076923,10.942307692307692,False,2256
0.6,0.65,0.05,4.0,12.0,0.0,0.0,52,83,0.6265060240963856,0.7115384615384616,0.4984615384615384,10.634615384615385,False,2257
0.6,0.65,0.08,4.0,12.0,0.0,0.0,52,83,0.6265060240963856,0.7115384615384616,0.4984615384615384,10.634615384615385,False,2258
0.6,0.65,0.1,4.0,12.0,0.0,0.0,52,83,0.6265060240963856,0.7115384615384616,0.4984615384615384,10.634615384615385,False,2259
0.6,0.65,0.12,4.0,12.0,0.0,0.0,52,83,0.6265060240963856,0.7115384615384616,0.4988461538461539,10.5,False,2260
0.55,0.75,0.05,6.0,14.0,0.0,0.0,45,83,0.5421686746987951,0.7111111111111111,0.47711111111111115,12.644444444444444,False,2261
0.55,0.75,0.08,6.0,14.0,0.0,0.0,45,83,0.5421686746987951,0.7111111111111111,0.47711111111111115,12.644444444444444,False,2262
0.55,0.75,0.1,6.0,14.0,0.0,0.0,45,83,0.5421686746987951,0.7111111111111111,0.47711111111111115,12.644444444444444,False,2263
0.55,0.75,0.12,6.0,14.0,0.0,0.0,45,83,0.5421686746987951,0.7111111111111111,0.47711111111111115,12.644444444444444,False,2264
0.5,0.65,0.05,6.0,14.0,0.0,0.0,45,83,0.5421686746987951,0.7111111111111111,0.44511111111111107,12.266666666666667,False,2265
0.5,0.65,0.08,6.0,14.0,0.0,0.0,45,83,0.5421686746987951,0.7111111111111111,0.44511111111111107,12.266666666666667,False,2266
0.5,0.65,0.1,6.0,14.0,0.0,0.0,45,83,0.5421686746987951,0.7111111111111111,0.44511111111111107,12.266666666666667,False,2267
0.5,0.65,0.12,6.0,14.0,0.0,0.0,45,83,0.5421686746987951,0.7111111111111111,0.44511111111111107,12.266666666666667,False,2268
0.55,0.6,0.1,4.0,12.0,0.0,0.0,45,83,0.5421686746987951,0.7111111111111111,0.45244444444444437,10.8,False,2269
0.55,0.6,0.12,4.0,12.0,0.0,0.0,45,83,0.5421686746987951,0.7111111111111111,0.45244444444444437,10.8,False,2270
0.6,0.7,0.05,6.0,14.0,50.0,0.0,62,83,0.7469879518072289,0.7096774193548387,0.5188709677419355,12.483870967741936,False,2271
0.6,0.7,0.05,8.0,14.0,50.0,0.0,62,83,0.7469879518072289,0.7096774193548387,0.5188709677419355,12.483870967741936,False,2272
0.6,0.7,0.08,6.0,14.0,50.0,0.0,62,83,0.7469879518072289,0.7096774193548387,0.5188709677419355,12.483870967741936,False,2273
0.6,0.7,0.08,8.0,14.0,50.0,0.0,62,83,0.7469879518072289,0.7096774193548387,0.5188709677419355,12.483870967741936,False,2274
0.6,0.7,0.1,6.0,14.0,50.0,0.0,62,83,0.7469879518072289,0.7096774193548387,0.5188709677419355,12.483870967741936,False,2275
0.6,0.7,0.1,8.0,14.0,50.0,0.0,62,83,0.7469879518072289,0.7096774193548387,0.5188709677419355,12.483870967741936,False,2276
0.6,0.6,0.1,6.0,14.0,25.0,0.5,31,83,0.37349397590361444,0.7096774193548387,0.5348387096774193,12.451612903225806,False,2277
0.6,0.6,0.1,8.0,14.0,25.0,0.5,31,83,0.37349397590361444,0.7096774193548387,0.5348387096774193,12.451612903225806,False,2278
0.6,0.6,0.12,6.0,14.0,25.0,0.5,31,83,0.37349397590361444,0.7096774193548387,0.5348387096774193,12.451612903225806,False,2279
0.6,0.6,0.12,8.0,14.0,25.0,0.5,31,83,0.37349397590361444,0.7096774193548387,0.5348387096774193,12.451612903225806,False,2280
0.6,0.65,0.1,6.0,14.0,25.0,0.5,31,83,0.37349397590361444,0.7096774193548387,0.5348387096774193,12.451612903225806,False,2281
0.6,0.65,0.1,8.0,14.0,25.0,0.5,31,83,0.37349397590361444,0.7096774193548387,0.5348387096774193,12.451612903225806,False,2282
0.6,0.65,0.12,6.0,14.0,25.0,0.5,31,83,0.37349397590361444,0.7096774193548387,0.5348387096774193,12.451612903225806,False,2283
0.6,0.65,0.12,8.0,14.0,25.0,0.5,31,83,0.37349397590361444,0.7096774193548387,0.5348387096774193,12.451612903225806,False,2284
0.6,0.7,0.05,6.0,14.0,25.0,0.5,31,83,0.37349397590361444,0.7096774193548387,0.5364516129032258,12.419354838709678,False,2285
0.6,0.7,0.05,8.0,14.0,25.0,0.5,31,83,0.37349397590361444,0.7096774193548387,0.5364516129032258,12.419354838709678,False,2286
0.6,0.7,0.08,6.0,14.0,25.0,0.5,31,83,0.37349397590361444,0.7096774193548387,0.5364516129032258,12.419354838709678,False,2287
0.6,0.7,0.08,8.0,14.0,25.0,0.5,31,83,0.37349397590361444,0.7096774193548387,0.5364516129032258,12.419354838709678,False,2288
0.6,0.7,0.1,6.0,14.0,25.0,0.5,31,83,0.37349397590361444,0.7096774193548387,0.5364516129032258,12.419354838709678,False,2289
0.6,0.7,0.1,8.0,14.0,25.0,0.5,31,83,0.37349397590361444,0.7096774193548387,0.5364516129032258,12.419354838709678,False,2290
0.6,0.6,0.05,2.0,14.0,50.0,0.5,31,83,0.37349397590361444,0.7096774193548387,0.5354838709677419,12.258064516129032,False,2291
0.6,0.6,0.05,4.0,14.0,50.0,0.5,31,83,0.37349397590361444,0.7096774193548387,0.5354838709677419,12.258064516129032,False,2292
0.6,0.6,0.08,2.0,14.0,50.0,0.5,31,83,0.37349397590361444,0.7096774193548387,0.5354838709677419,12.258064516129032,False,2293
0.6,0.6,0.08,4.0,14.0,50.0,0.5,31,83,0.37349397590361444,0.7096774193548387,0.5354838709677419,12.258064516129032,False,2294
0.6,0.65,0.05,2.0,14.0,50.0,0.5,31,83,0.37349397590361444,0.7096774193548387,0.5354838709677419,12.258064516129032,False,2295
0.6,0.65,0.05,4.0,14.0,50.0,0.5,31,83,0.37349397590361444,0.7096774193548387,0.5354838709677419,12.258064516129032,False,2296
0.6,0.65,0.08,2.0,14.0,50.0,0.5,31,83,0.37349397590361444,0.7096774193548387,0.5354838709677419,12.258064516129032,False,2297
0.6,0.65,0.08,4.0,14.0,50.0,0.5,31,83,0.37349397590361444,0.7096774193548387,0.5354838709677419,12.258064516129032,False,2298
0.6,0.6,0.1,2.0,14.0,50.0,0.5,31,83,0.37349397590361444,0.7096774193548387,0.5341935483870968,12.193548387096774,False,2299
0.6,0.6,0.1,4.0,14.0,50.0,0.5,31,83,0.37349397590361444,0.7096774193548387,0.5341935483870968,12.193548387096774,False,2300
0.6,0.6,0.12,2.0,14.0,50.0,0.5,31,83,0.37349397590361444,0.7096774193548387,0.5341935483870968,12.193548387096774,False,2301
0.6,0.6,0.12,4.0,14.0,50.0,0.5,31,83,0.37349397590361444,0.7096774193548387,0.5341935483870968,12.193548387096774,False,2302
0.6,0.65,0.1,2.0,14.0,50.0,0.5,31,83,0.37349397590361444,0.7096774193548387,0.5341935483870968,12.193548387096774,False,2303
0.6,0.65,0.1,4.0,14.0,50.0,0.5,31,83,0.37349397590361444,0.7096774193548387,0.5341935483870968,12.193548387096774,False,2304
0.6,0.65,0.12,2.0,14.0,50.0,0.5,31,83,0.37349397590361444,0.7096774193548387,0.5341935483870968,12.193548387096774,False,2305
0.6,0.65,0.12,4.0,14.0,50.0,0.5,31,83,0.37349397590361444,0.7096774193548387,0.5341935483870968,12.193548387096774,False,2306
0.6,0.7,0.05,2.0,14.0,50.0,0.5,31,83,0.37349397590361444,0.7096774193548387,0.5358064516129033,12.161290322580646,False,2307
0.6,0.7,0.05,4.0,14.0,50.0,0.5,31,83,0.37349397590361444,0.7096774193548387,0.5358064516129033,12.161290322580646,False,2308
0.6,0.7,0.08,2.0,14.0,50.0,0.5,31,83,0.37349397590361444,0.7096774193548387,0.5358064516129033,12.161290322580646,False,2309
0.6,0.7,0.08,4.0,14.0,50.0,0.5,31,83,0.37349397590361444,0.7096774193548387,0.5358064516129033,12.161290322580646,False,2310
0.6,0.7,0.1,2.0,14.0,50.0,0.5,31,83,0.37349397590361444,0.7096774193548387,0.5358064516129033,12.161290322580646,False,2311
0.6,0.7,0.1,4.0,14.0,50.0,0.5,31,83,0.37349397590361444,0.7096774193548387,0.5358064516129033,12.161290322580646,False,2312
0.55,0.75,0.05,4.0,14.0,0.0,0.0,48,83,0.5783132530120482,0.7083333333333334,0.47812499999999997,12.145833333333334,False,2313
0.55,0.75,0.08,4.0,14.0,0.0,0.0,48,83,0.5783132530120482,0.7083333333333334,0.47812499999999997,12.145833333333334,False,2314
0.55,0.75,0.1,4.0,14.0,0.0,0.0,48,83,0.5783132530120482,0.7083333333333334,0.47812499999999997,12.145833333333334,False,2315
0.55,0.75,0.12,4.0,14.0,0.0,0.0,48,83,0.5783132530120482,0.7083333333333334,0.47812499999999997,12.145833333333334,False,2316
0.6,0.6,0.12,8.0,12.0,0.0,0.0,48,83,0.5783132530120482,0.7083333333333334,0.46729166666666666,11.104166666666666,False,2317
0.55,0.6,0.05,2.0,12.0,0.0,0.0,48,83,0.5783132530120482,0.7083333333333334,0.44875,10.479166666666666,False,2318
0.55,0.6,0.08,2.0,12.0,0.0,0.0,48,83,0.5783132530120482,0.7083333333333334,0.44875,10.479166666666666,False,2319
0.55,0.75,0.05,2.0,14.0,75.0,0.0,24,83,0.2891566265060241,0.7083333333333334,0.49124999999999996,12.125,False,2320
0.55,0.75,0.08,2.0,14.0,75.0,0.0,24,83,0.2891566265060241,0.7083333333333334,0.49124999999999996,12.125,False,2321
0.55,0.75,0.1,2.0,14.0,75.0,0.0,24,83,0.2891566265060241,0.7083333333333334,0.49124999999999996,12.125,False,2322
0.55,0.75,0.12,2.0,14.0,75.0,0.0,24,83,0.2891566265060241,0.7083333333333334,0.49124999999999996,12.125,False,2323
0.5,0.7,0.05,2.0,14.0,0.0,0.0,41,83,0.4939759036144578,0.7073170731707317,0.4560975609756097,11.853658536585366,False,2324
0.5,0.7,0.08,2.0,14.0,0.0,0.0,41,83,0.4939759036144578,0.7073170731707317,0.4560975609756097,11.853658536585366,False,2325
0.5,0.7,0.1,2.0,14.0,0.0,0.0,41,83,0.4939759036144578,0.7073170731707317,0.4560975609756097,11.853658536585366,False,2326
0.5,0.7,0.12,2.0,14.0,0.0,0.0,41,83,0.4939759036144578,0.7073170731707317,0.4560975609756097,11.853658536585366,False,2327
0.5,0.6,0.05,6.0,14.0,0.0,0.0,51,83,0.6144578313253012,0.7058823529411765,0.4339215686274509,12.450980392156863,False,2328
0.5,0.6,0.05,8.0,14.0,0.0,0.0,51,83,0.6144578313253012,0.7058823529411765,0.4339215686274509,12.450980392156863,False,2329
0.5,0.6,0.08,6.0,14.0,0.0,0.0,51,83,0.6144578313253012,0.7058823529411765,0.4339215686274509,12.450980392156863,False,2330
0.5,0.6,0.08,8.0,14.0,0.0,0.0,51,83,0.6144578313253012,0.7058823529411765,0.4339215686274509,12.450980392156863,False,2331
0.5,0.6,0.1,6.0,14.0,0.0,0.0,51,83,0.6144578313253012,0.7058823529411765,0.4339215686274509,12.450980392156863,False,2332
0.5,0.6,0.1,8.0,14.0,0.0,0.0,51,83,0.6144578313253012,0.7058823529411765,0.4339215686274509,12.450980392156863,False,2333
0.5,0.6,0.12,6.0,14.0,0.0,0.0,51,83,0.6144578313253012,0.7058823529411765,0.4339215686274509,12.450980392156863,False,2334
0.5,0.6,0.12,8.0,14.0,0.0,0.0,51,83,0.6144578313253012,0.7058823529411765,0.4339215686274509,12.450980392156863,False,2335
0.6,0.65,0.05,6.0,12.0,0.0,0.0,51,83,0.6144578313253012,0.7058823529411765,0.49862745098039224,10.745098039215685,False,2336
0.6,0.65,0.08,6.0,12.0,0.0,0.0,51,83,0.6144578313253012,0.7058823529411765,0.49862745098039224,10.745098039215685,False,2337
0.6,0.65,0.1,6.0,12.0,0.0,0.0,51,83,0.6144578313253012,0.7058823529411765,0.49862745098039224,10.745098039215685,False,2338
0.55,0.7,0.05,6.0,12.0,0.0,0.0,34,83,0.40963855421686746,0.7058823529411765,0.48,10.323529411764707,False,2339
0.55,0.7,0.08,6.0,12.0,0.0,0.0,34,83,0.40963855421686746,0.7058823529411765,0.48,10.323529411764707,False,2340
0.55,0.7,0.1,6.0,12.0,0.0,0.0,34,83,0.40963855421686746,0.7058823529411765,0.48,10.323529411764707,False,2341
0.55,0.7,0.12,6.0,12.0,0.0,0.0,34,83,0.40963855421686746,0.7058823529411765,0.48,10.323529411764707,False,2342
0.5,0.7,0.05,2.0,10.0,0.0,0.0,17,83,0.20481927710843373,0.7058823529411765,0.4564705882352941,7.882352941176471,False,2343
0.5,0.7,0.08,2.0,10.0,0.0,0.0,17,83,0.20481927710843373,0.7058823529411765,0.4564705882352941,7.882352941176471,False,2344
0.5,0.7,0.1,2.0,10.0,0.0,0.0,17,83,0.20481927710843373,0.7058823529411765,0.4564705882352941,7.882352941176471,False,2345
0.5,0.7,0.12,2.0,10.0,0.0,0.0,17,83,0.20481927710843373,0.7058823529411765,0.4564705882352941,7.882352941176471,False,2346
0.6,0.75,0.05,6.0,14.0,25.0,0.0,61,83,0.7349397590361446,0.7049180327868853,0.5191803278688525,12.852459016393443,False,2347
0.6,0.75,0.05,8.0,14.0,25.0,0.0,61,83,0.7349397590361446,0.7049180327868853,0.5191803278688525,12.852459016393443,False,2348
0.6,0.75,0.08,6.0,14.0,25.0,0.0,61,83,0.7349397590361446,0.7049180327868853,0.5191803278688525,12.852459016393443,False,2349
0.6,0.75,0.08,8.0,14.0,25.0,0.0,61,83,0.7349397590361446,0.7049180327868853,0.5191803278688525,12.852459016393443,False,2350
0.6,0.75,0.1,6.0,14.0,25.0,0.0,61,83,0.7349397590361446,0.7049180327868853,0.5191803278688525,12.852459016393443,False,2351
0.6,0.75,0.1,8.0,14.0,25.0,0.0,61,83,0.7349397590361446,0.7049180327868853,0.5191803278688525,12.852459016393443,False,2352
0.6,0.75,0.12,6.0,14.0,25.0,0.0,61,83,0.7349397590361446,0.7049180327868853,0.5191803278688525,12.852459016393443,False,2353
0.6,0.75,0.12,8.0,14.0,25.0,0.0,61,83,0.7349397590361446,0.7049180327868853,0.5191803278688525,12.852459016393443,False,2354
0.5,0.65,0.05,8.0,14.0,0.0,0.0,44,83,0.5301204819277109,0.7045454545454546,0.444090909090909,12.409090909090908,False,2355
0.5,0.65,0.08,8.0,14.0,0.0,0.0,44,83,0.5301204819277109,0.7045454545454546,0.444090909090909,12.409090909090908,False,2356
0.5,0.65,0.1,8.0,14.0,0.0,0.0,44,83,0.5301204819277109,0.7045454545454546,0.444090909090909,12.409090909090908,False,2357
0.5,0.65,0.12,8.0,14.0,0.0,0.0,44,83,0.5301204819277109,0.7045454545454546,0.444090909090909,12.409090909090908,False,2358
0.6,0.7,0.05,8.0,12.0,0.0,0.0,44,83,0.5301204819277109,0.7045454545454546,0.5129545454545454,10.704545454545455,False,2359
0.6,0.7,0.08,8.0,12.0,0.0,0.0,44,83,0.5301204819277109,0.7045454545454546,0.5129545454545454,10.704545454545455,False,2360
0.6,0.7,0.1,8.0,12.0,0.0,0.0,44,83,0.5301204819277109,0.7045454545454546,0.5129545454545454,10.704545454545455,False,2361
0.55,0.6,0.05,2.0,14.0,75.0,0.0,27,83,0.3253012048192771,0.7037037037037037,0.4914814814814815,11.925925925925926,False,2362
0.55,0.6,0.08,2.0,14.0,75.0,0.0,27,83,0.3253012048192771,0.7037037037037037,0.4914814814814815,11.925925925925926,False,2363
0.55,0.6,0.1,2.0,14.0,75.0,0.0,27,83,0.3253012048192771,0.7037037037037037,0.4914814814814815,11.925925925925926,False,2364
0.55,0.6,0.12,2.0,14.0,75.0,0.0,27,83,0.3253012048192771,0.7037037037037037,0.4914814814814815,11.925925925925926,False,2365
0.55,0.65,0.05,2.0,14.0,75.0,0.0,27,83,0.3253012048192771,0.7037037037037037,0.4914814814814815,11.925925925925926,False,2366
0.55,0.65,0.08,2.0,14.0,75.0,0.0,27,83,0.3253012048192771,0.7037037037037037,0.4914814814814815,11.925925925925926,False,2367
0.55,0.65,0.1,2.0,14.0,75.0,0.0,27,83,0.3253012048192771,0.7037037037037037,0.4914814814814815,11.925925925925926,False,2368
0.55,0.65,0.12,2.0,14.0,75.0,0.0,27,83,0.3253012048192771,0.7037037037037037,0.4914814814814815,11.925925925925926,False,2369
0.55,0.7,0.05,2.0,14.0,75.0,0.0,27,83,0.3253012048192771,0.7037037037037037,0.4914814814814815,11.925925925925926,False,2370
0.55,0.7,0.08,2.0,14.0,75.0,0.0,27,83,0.3253012048192771,0.7037037037037037,0.4914814814814815,11.925925925925926,False,2371
0.55,0.7,0.1,2.0,14.0,75.0,0.0,27,83,0.3253012048192771,0.7037037037037037,0.4914814814814815,11.925925925925926,False,2372
0.55,0.7,0.12,2.0,14.0,75.0,0.0,27,83,0.3253012048192771,0.7037037037037037,0.4914814814814815,11.925925925925926,False,2373
0.6,0.6,0.05,2.0,14.0,50.0,0.0,64,83,0.7710843373493976,0.703125,0.5201562500000001,12.546875,False,2374
0.6,0.6,0.05,4.0,14.0,50.0,0.0,64,83,0.7710843373493976,0.703125,0.5201562500000001,12.546875,False,2375
0.6,0.6,0.05,6.0,14.0,50.0,0.0,64,83,0.7710843373493976,0.703125,0.5201562500000001,12.546875,False,2376
0.6,0.6,0.05,8.0,14.0,50.0,0.0,64,83,0.7710843373493976,0.703125,0.5201562500000001,12.546875,False,2377
0.6,0.6,0.08,2.0,14.0,50.0,0.0,64,83,0.7710843373493976,0.703125,0.52046875,12.53125,False,2378
0.6,0.6,0.08,4.0,14.0,50.0,0.0,64,83,0.7710843373493976,0.703125,0.52046875,12.53125,False,2379
0.6,0.6,0.08,6.0,14.0,50.0,0.0,64,83,0.7710843373493976,0.703125,0.52046875,12.53125,False,2380
0.6,0.6,0.08,8.0,14.0,50.0,0.0,64,83,0.7710843373493976,0.703125,0.52046875,12.53125,False,2381
0.55,0.7,0.05,2.0,14.0,0.0,0.0,57,83,0.6867469879518072,0.7017543859649122,0.48140350877192983,12.157894736842104,False,2382
0.55,0.7,0.08,2.0,14.0,0.0,0.0,57,83,0.6867469879518072,0.7017543859649122,0.48140350877192983,12.157894736842104,False,2383
0.55,0.7,0.1,2.0,14.0,0.0,0.0,57,83,0.6867469879518072,0.7017543859649122,0.48140350877192983,12.157894736842104,False,2384
0.55,0.7,0.12,2.0,14.0,0.0,0.0,57,83,0.6867469879518072,0.7017543859649122,0.48140350877192983,12.157894736842104,False,2385
0.6,0.6,0.05,8.0,12.0,0.0,0.0,50,83,0.6024096385542169,0.7,0.4716,11.12,False,2386
0.6,0.6,0.08,8.0,12.0,0.0,0.0,50,83,0.6024096385542169,0.7,0.4716,11.12,False,2387
0.6,0.65,0.12,6.0,12.0,0.0,0.0,50,83,0.6024096385542169,0.7,0.4976,10.72,False,2388
0.5,0.7,0.05,4.0,14.0,0.0,0.0,40,83,0.4819277108433735,0.7,0.45575,12.075,False,2389
0.5,0.7,0.08,4.0,14.0,0.0,0.0,40,83,0.4819277108433735,0.7,0.45575,12.075,False,2390
0.5,0.7,0.1,4.0,14.0,0.0,0.0,40,83,0.4819277108433735,0.7,0.45575,12.075,False,2391
0.5,0.7,0.12,4.0,14.0,0.0,0.0,40,83,0.4819277108433735,0.7,0.45575,12.075,False,2392
0.6,0.6,0.05,6.0,14.0,50.0,0.5,30,83,0.3614457831325301,0.7,0.5346666666666666,12.533333333333333,False,2393
0.6,0.6,0.05,8.0,14.0,50.0,0.5,30,83,0.3614457831325301,0.7,0.5346666666666666,12.533333333333333,False,2394
0.6,0.6,0.08,6.0,14.0,50.0,0.5,30,83,0.3614457831325301,0.7,0.5346666666666666,12.533333333333333,False,2395
0.6,0.6,0.08,8.0,14.0,50.0,0.5,30,83,0.3614457831325301,0.7,0.5346666666666666,12.533333333333333,False,2396
0.6,0.65,0.05,6.0,14.0,50.0,0.5,30,83,0.3614457831325301,0.7,0.5346666666666666,12.533333333333333,False,2397
0.6,0.65,0.05,8.0,14.0,50.0,0.5,30,83,0.3614457831325301,0.7,0.5346666666666666,12.533333333333333,False,2398
0.6,0.65,0.08,6.0,14.0,50.0,0.5,30,83,0.3614457831325301,0.7,0.5346666666666666,12.533333333333333,False,2399
0.6,0.65,0.08,8.0,14.0,50.0,0.5,30,83,0.3614457831325301,0.7,0.5346666666666666,12.533333333333333,False,2400
0.6,0.6,0.1,6.0,14.0,50.0,0.5,30,83,0.3614457831325301,0.7,0.5333333333333333,12.466666666666667,False,2401
0.6,0.6,0.1,8.0,14.0,50.0,0.5,30,83,0.3614457831325301,0.7,0.5333333333333333,12.466666666666667,False,2402
0.6,0.6,0.12,6.0,14.0,50.0,0.5,30,83,0.3614457831325301,0.7,0.5333333333333333,12.466666666666667,False,2403
0.6,0.6,0.12,8.0,14.0,50.0,0.5,30,83,0.3614457831325301,0.7,0.5333333333333333,12.466666666666667,False,2404
0.6,0.65,0.1,6.0,14.0,50.0,0.5,30,83,0.3614457831325301,0.7,0.5333333333333333,12.466666666666667,False,2405
0.6,0.65,0.1,8.0,14.0,50.0,0.5,30,83,0.3614457831325301,0.7,0.5333333333333333,12.466666666666667,False,2406
0.6,0.65,0.12,6.0,14.0,50.0,0.5,30,83,0.3614457831325301,0.7,0.5333333333333333,12.466666666666667,False,2407
0.6,0.65,0.12,8.0,14.0,50.0,0.5,30,83,0.3614457831325301,0.7,0.5333333333333333,12.466666666666667,False,2408
0.6,0.7,0.05,6.0,14.0,50.0,0.5,30,83,0.3614457831325301,0.7,0.5350000000000001,12.433333333333334,False,2409
0.6,0.7,0.05,8.0,14.0,50.0,0.5,30,83,0.3614457831325301,0.7,0.5350000000000001,12.433333333333334,False,2410
0.6,0.7,0.08,6.0,14.0,50.0,0.5,30,83,0.3614457831325301,0.7,0.5350000000000001,12.433333333333334,False,2411
0.6,0.7,0.08,8.0,14.0,50.0,0.5,30,83,0.3614457831325301,0.7,0.5350000000000001,12.433333333333334,False,2412
0.6,0.7,0.1,6.0,14.0,50.0,0.5,30,83,0.3614457831325301,0.7,0.5350000000000001,12.433333333333334,False,2413
0.6,0.7,0.1,8.0,14.0,50.0,0.5,30,83,0.3614457831325301,0.7,0.5350000000000001,12.433333333333334,False,2414
0.45,0.65,0.05,2.0,12.0,25.0,0.0,10,83,0.12048192771084337,0.7,0.397,11.8,False,2415
0.45,0.65,0.05,4.0,12.0,25.0,0.0,10,83,0.12048192771084337,0.7,0.397,11.8,False,2416
0.45,0.65,0.05,6.0,12.0,25.0,0.0,10,83,0.12048192771084337,0.7,0.397,11.8,False,2417
0.45,0.65,0.05,8.0,12.0,25.0,0.0,10,83,0.12048192771084337,0.7,0.397,11.8,False,2418
0.45,0.65,0.08,2.0,12.0,25.0,0.0,10,83,0.12048192771084337,0.7,0.397,11.8,False,2419
0.45,0.65,0.08,4.0,12.0,25.0,0.0,10,83,0.12048192771084337,0.7,0.397,11.8,False,2420
0.45,0.65,0.08,6.0,12.0,25.0,0.0,10,83,0.12048192771084337,0.7,0.397,11.8,False,2421
0.45,0.65,0.08,8.0,12.0,25.0,0.0,10,83,0.12048192771084337,0.7,0.397,11.8,False,2422
0.45,0.65,0.1,2.0,12.0,25.0,0.0,10,83,0.12048192771084337,0.7,0.397,11.8,False,2423
0.45,0.65,0.1,4.0,12.0,25.0,0.0,10,83,0.12048192771084337,0.7,0.397,11.8,False,2424
0.45,0.65,0.1,6.0,12.0,25.0,0.0,10,83,0.12048192771084337,0.7,0.397,11.8,False,2425
0.45,0.65,0.1,8.0,12.0,25.0,0.0,10,83,0.12048192771084337,0.7,0.397,11.8,False,2426
0.45,0.65,0.12,2.0,12.0,25.0,0.0,10,83,0.12048192771084337,0.7,0.397,11.8,False,2427
0.45,0.65,0.12,4.0,12.0,25.0,0.0,10,83,0.12048192771084337,0.7,0.397,11.8,False,2428
0.45,0.65,0.12,6.0,12.0,25.0,0.0,10,83,0.12048192771084337,0.7,0.397,11.8,False,2429
0.45,0.65,0.12,8.0,12.0,25.0,0.0,10,83,0.12048192771084337,0.7,0.397,11.8,False,2430
0.6,0.65,0.05,2.0,14.0,50.0,0.0,63,83,0.7590361445783133,0.6984126984126984,0.5196825396825397,12.603174603174603,False,2431
0.6,0.65,0.05,4.0,14.0,50.0,0.0,63,83,0.7590361445783133,0.6984126984126984,0.5196825396825397,12.603174603174603,False,2432
0.6,0.65,0.05,6.0,14.0,50.0,0.0,63,83,0.7590361445783133,0.6984126984126984,0.5196825396825397,12.603174603174603,False,2433
0.6,0.65,0.05,8.0,14.0,50.0,0.0,63,83,0.7590361445783133,0.6984126984126984,0.5196825396825397,12.603174603174603,False,2434
0.6,0.65,0.08,2.0,14.0,50.0,0.0,63,83,0.7590361445783133,0.6984126984126984,0.5200000000000001,12.587301587301587,False,2435
0.6,0.65,0.08,4.0,14.0,50.0,0.0,63,83,0.7590361445783133,0.6984126984126984,0.5200000000000001,12.587301587301587,False,2436
0.6,0.65,0.08,6.0,14.0,50.0,0.0,63,83,0.7590361445783133,0.6984126984126984,0.5200000000000001,12.587301587301587,False,2437
0.6,0.65,0.08,8.0,14.0,50.0,0.0,63,83,0.7590361445783133,0.6984126984126984,0.5200000000000001,12.587301587301587,False,2438
0.6,0.6,0.1,2.0,14.0,50.0,0.0,63,83,0.7590361445783133,0.6984126984126984,0.5193650793650795,12.555555555555555,False,2439
0.6,0.6,0.1,4.0,14.0,50.0,0.0,63,83,0.7590361445783133,0.6984126984126984,0.5193650793650795,12.555555555555555,False,2440
0.6,0.6,0.1,6.0,14.0,50.0,0.0,63,83,0.7590361445783133,0.6984126984126984,0.5193650793650795,12.555555555555555,False,2441
0.6,0.6,0.1,8.0,14.0,50.0,0.0,63,83,0.7590361445783133,0.6984126984126984,0.5193650793650795,12.555555555555555,False,2442
0.6,0.65,0.1,2.0,14.0,50.0,0.0,63,83,0.7590361445783133,0.6984126984126984,0.5193650793650795,12.555555555555555,False,2443
0.6,0.65,0.1,4.0,14.0,50.0,0.0,63,83,0.7590361445783133,0.6984126984126984,0.5193650793650795,12.555555555555555,False,2444
0.6,0.65,0.1,6.0,14.0,50.0,0.0,63,83,0.7590361445783133,0.6984126984126984,0.5193650793650795,12.555555555555555,False,2445
0.6,0.65,0.1,8.0,14.0,50.0,0.0,63,83,0.7590361445783133,0.6984126984126984,0.5193650793650795,12.555555555555555,False,2446
0.6,0.6,0.12,2.0,14.0,50.0,0.0,63,83,0.7590361445783133,0.6984126984126984,0.5192063492063493,12.46031746031746,False,2447
0.6,0.6,0.12,4.0,14.0,50.0,0.0,63,83,0.7590361445783133,0.6984126984126984,0.5192063492063493,12.46031746031746,False,2448
0.6,0.65,0.12,2.0,14.0,50.0,0.0,63,83,0.7590361445783133,0.6984126984126984,0.5192063492063493,12.46031746031746,False,2449
0.6,0.65,0.12,4.0,14.0,50.0,0.0,63,83,0.7590361445783133,0.6984126984126984,0.5192063492063493,12.46031746031746,False,2450
0.55,0.75,0.05,8.0,14.0,0.0,0.0,43,83,0.5180722891566265,0.6976744186046512,0.47930232558139535,12.930232558139535,False,2451
0.55,0.75,0.08,8.0,14.0,0.0,0.0,43,83,0.5180722891566265,0.6976744186046512,0.47930232558139535,12.930232558139535,False,2452
0.55,0.75,0.1,8.0,14.0,0.0,0.0,43,83,0.5180722891566265,0.6976744186046512,0.47930232558139535,12.930232558139535,False,2453
0.55,0.75,0.12,8.0,14.0,0.0,0.0,43,83,0.5180722891566265,0.6976744186046512,0.47930232558139535,12.930232558139535,False,2454
0.55,0.6,0.1,6.0,12.0,0.0,0.0,43,83,0.5180722891566265,0.6976744186046512,0.4506976744186047,11.093023255813954,False,2455
0.55,0.6,0.12,6.0,12.0,0.0,0.0,43,83,0.5180722891566265,0.6976744186046512,0.4506976744186047,11.093023255813954,False,2456
0.55,0.7,0.05,4.0,14.0,0.0,0.0,56,83,0.6746987951807228,0.6964285714285714,0.48071428571428576,12.321428571428571,False,2457
0.55,0.7,0.08,4.0,14.0,0.0,0.0,56,83,0.6746987951807228,0.6964285714285714,0.48071428571428576,12.321428571428571,False,2458
0.55,0.7,0.1,4.0,14.0,0.0,0.0,56,83,0.6746987951807228,0.6964285714285714,0.48071428571428576,12.321428571428571,False,2459
0.55,0.7,0.12,4.0,14.0,0.0,0.0,56,83,0.6746987951807228,0.6964285714285714,0.48071428571428576,12.321428571428571,False,2460
0.6,0.7,0.12,2.0,14.0,25.0,0.0,69,83,0.8313253012048193,0.6956521739130435,0.5202898550724637,12.681159420289855,False,2461
0.6,0.7,0.12,4.0,14.0,25.0,0.0,69,83,0.8313253012048193,0.6956521739130435,0.5202898550724637,12.681159420289855,False,2462
0.55,0.6,0.05,4.0,12.0,0.0,0.0,46,83,0.5542168674698795,0.6956521739130435,0.4549999999999999,10.826086956521738,False,2463
0.55,0.6,0.08,4.0,12.0,0.0,0.0,46,83,0.5542168674698795,0.6956521739130435,0.4549999999999999,10.826086956521738,False,2464
0.55,0.75,0.05,4.0,14.0,75.0,0.0,23,83,0.27710843373493976,0.6956521739130435,0.4921739130434782,12.521739130434783,False,2465
0.55,0.75,0.08,4.0,14.0,75.0,0.0,23,83,0.27710843373493976,0.6956521739130435,0.4921739130434782,12.521739130434783,False,2466
0.55,0.75,0.1,4.0,14.0,75.0,0.0,23,83,0.27710843373493976,0.6956521739130435,0.4921739130434782,12.521739130434783,False,2467
0.55,0.75,0.12,4.0,14.0,75.0,0.0,23,83,0.27710843373493976,0.6956521739130435,0.4921739130434782,12.521739130434783,False,2468
0.6,0.65,0.05,8.0,12.0,0.0,0.0,49,83,0.5903614457831325,0.6938775510204082,0.4963265306122449,10.918367346938776,False,2469
0.6,0.65,0.08,8.0,12.0,0.0,0.0,49,83,0.5903614457831325,0.6938775510204082,0.4963265306122449,10.918367346938776,False,2470
0.6,0.65,0.1,8.0,12.0,0.0,0.0,49,83,0.5903614457831325,0.6938775510204082,0.4963265306122449,10.918367346938776,False,2471
0.6,0.6,0.12,6.0,14.0,50.0,0.0,62,83,0.7469879518072289,0.6935483870967742,0.5183870967741936,12.580645161290322,False,2472
0.6,0.6,0.12,8.0,14.0,50.0,0.0,62,83,0.7469879518072289,0.6935483870967742,0.5183870967741936,12.580645161290322,False,2473
0.6,0.65,0.12,6.0,14.0,50.0,0.0,62,83,0.7469879518072289,0.6935483870967742,0.5183870967741936,12.580645161290322,False,2474
0.6,0.65,0.12,8.0,14.0,50.0,0.0,62,83,0.7469879518072289,0.6935483870967742,0.5183870967741936,12.580645161290322,False,2475
0.55,0.6,0.05,2.0,14.0,0.0,0.0,65,83,0.7831325301204819,0.6923076923076923,0.4653846153846154,12.692307692307692,False,2476
0.55,0.6,0.08,2.0,14.0,0.0,0.0,65,83,0.7831325301204819,0.6923076923076923,0.4653846153846154,12.692307692307692,False,2477
0.5,0.7,0.05,6.0,14.0,0.0,0.0,39,83,0.46987951807228917,0.6923076923076923,0.45487179487179485,12.256410256410257,False,2478
0.5,0.7,0.08,6.0,14.0,0.0,0.0,39,83,0.46987951807228917,0.6923076923076923,0.45487179487179485,12.256410256410257,False,2479
0.5,0.7,0.1,6.0,14.0,0.0,0.0,39,83,0.46987951807228917,0.6923076923076923,0.45487179487179485,12.256410256410257,False,2480
0.5,0.7,0.12,6.0,14.0,0.0,0.0,39,83,0.46987951807228917,0.6923076923076923,0.45487179487179485,12.256410256410257,False,2481
0.55,0.6,0.05,4.0,14.0,75.0,0.0,26,83,0.3132530120481928,0.6923076923076923,0.49230769230769234,12.26923076923077,False,2482
0.55,0.6,0.08,4.0,14.0,75.0,0.0,26,83,0.3132530120481928,0.6923076923076923,0.49230769230769234,12.26923076923077,False,2483
0.55,0.6,0.1,4.0,14.0,75.0,0.0,26,83,0.3132530120481928,0.6923076923076923,0.49230769230769234,12.26923076923077,False,2484
0.55,0.6,0.12,4.0,14.0,75.0,0.0,26,83,0.3132530120481928,0.6923076923076923,0.49230769230769234,12.26923076923077,False,2485
0.55,0.65,0.05,4.0,14.0,75.0,0.0,26,83,0.3132530120481928,0.6923076923076923,0.49230769230769234,12.26923076923077,False,2486
0.55,0.65,0.08,4.0,14.0,75.0,0.0,26,83,0.3132530120481928,0.6923076923076923,0.49230769230769234,12.26923076923077,False,2487
0.55,0.65,0.1,4.0,14.0,75.0,0.0,26,83,0.3132530120481928,0.6923076923076923,0.49230769230769234,12.26923076923077,False,2488
0.55,0.65,0.12,4.0,14.0,75.0,0.0,26,83,0.3132530120481928,0.6923076923076923,0.49230769230769234,12.26923076923077,False,2489
0.55,0.7,0.05,4.0,14.0,75.0,0.0,26,83,0.3132530120481928,0.6923076923076923,0.49230769230769234,12.26923076923077,False,2490
0.55,0.7,0.08,4.0,14.0,75.0,0.0,26,83,0.3132530120481928,0.6923076923076923,0.49230769230769234,12.26923076923077,False,2491
0.55,0.7,0.1,4.0,14.0,75.0,0.0,26,83,0.3132530120481928,0.6923076923076923,0.49230769230769234,12.26923076923077,False,2492
0.55,0.7,0.12,4.0,14.0,75.0,0.0,26,83,0.3132530120481928,0.6923076923076923,0.49230769230769234,12.26923076923077,False,2493
0.6,0.7,0.12,6.0,14.0,25.0,0.0,68,83,0.8192771084337349,0.6911764705882353,0.5195588235294117,12.794117647058824,False,2494
0.6,0.7,0.12,8.0,14.0,25.0,0.0,68,83,0.8192771084337349,0.6911764705882353,0.5195588235294117,12.794117647058824,False,2495
0.55,0.7,0.05,6.0,14.0,0.0,0.0,55,83,0.6626506024096386,0.6909090909090909,0.4805454545454546,12.454545454545455,False,2496
0.55,0.7,0.08,6.0,14.0,0.0,0.0,55,83,0.6626506024096386,0.6909090909090909,0.4805454545454546,12.454545454545455,False,2497
0.55,0.7,0.1,6.0,14.0,0.0,0.0,55,83,0.6626506024096386,0.6909090909090909,0.4805454545454546,12.454545454545455,False,2498
0.55,0.7,0.12,6.0,14.0,0.0,0.0,55,83,0.6626506024096386,0.6909090909090909,0.4805454545454546,12.454545454545455,False,2499
0.55,0.6,0.1,8.0,12.0,0.0,0.0,42,83,0.5060240963855421,0.6904761904761905,0.44857142857142857,11.214285714285714,False,2500
0.55,0.6,0.12,8.0,12.0,0.0,0.0,42,83,0.5060240963855421,0.6904761904761905,0.44857142857142857,11.214285714285714,False,2501
0.55,0.6,0.05,4.0,14.0,0.0,0.0,64,83,0.7710843373493976,0.6875,0.47140625,12.84375,False,2502
0.55,0.6,0.08,4.0,14.0,0.0,0.0,64,83,0.7710843373493976,0.6875,0.47140625,12.84375,False,2503
0.6,0.65,0.12,8.0,12.0,0.0,0.0,48,83,0.5783132530120482,0.6875,0.4945833333333333,10.916666666666666,False,2504
0.5,0.6,0.05,6.0,12.0,0.0,0.0,32,83,0.3855421686746988,0.6875,0.4153125,11.0,False,2505
0.5,0.6,0.05,8.0,12.0,0.0,0.0,32,83,0.3855421686746988,0.6875,0.4153125,11.0,False,2506
0.5,0.6,0.08,6.0,12.0,0.0,0.0,32,83,0.3855421686746988,0.6875,0.4153125,11.0,False,2507
0.5,0.6,0.08,8.0,12.0,0.0,0.0,32,83,0.3855421686746988,0.6875,0.4153125,11.0,False,2508
0.5,0.6,0.1,6.0,12.0,0.0,0.0,32,83,0.3855421686746988,0.6875,0.4153125,11.0,False,2509
0.5,0.6,0.1,8.0,12.0,0.0,0.0,32,83,0.3855421686746988,0.6875,0.4153125,11.0,False,2510
0.5,0.6,0.12,6.0,12.0,0.0,0.0,32,83,0.3855421686746988,0.6875,0.4153125,11.0,False,2511
0.5,0.6,0.12,8.0,12.0,0.0,0.0,32,83,0.3855421686746988,0.6875,0.4153125,11.0,False,2512
0.5,0.7,0.05,4.0,10.0,0.0,0.0,16,83,0.1927710843373494,0.6875,0.45562499999999995,8.1875,False,2513
0.5,0.7,0.08,4.0,10.0,0.0,0.0,16,83,0.1927710843373494,0.6875,0.45562499999999995,8.1875,False,2514
0.5,0.7,0.1,4.0,10.0,0.0,0.0,16,83,0.1927710843373494,0.6875,0.45562499999999995,8.1875,False,2515
0.5,0.7,0.12,4.0,10.0,0.0,0.0,16,83,0.1927710843373494,0.6875,0.45562499999999995,8.1875,False,2516
0.6,0.7,0.05,2.0,14.0,25.0,0.0,70,83,0.8433734939759037,0.6857142857142857,0.5214285714285715,12.657142857142857,False,2517
0.6,0.7,0.05,4.0,14.0,25.0,0.0,70,83,0.8433734939759037,0.6857142857142857,0.5214285714285715,12.657142857142857,False,2518
0.6,0.7,0.08,2.0,14.0,25.0,0.0,70,83,0.8433734939759037,0.6857142857142857,0.5214285714285715,12.657142857142857,False,2519
0.6,0.7,0.08,4.0,14.0,25.0,0.0,70,83,0.8433734939759037,0.6857142857142857,0.5214285714285715,12.657142857142857,False,2520
0.6,0.7,0.1,2.0,14.0,25.0,0.0,70,83,0.8433734939759037,0.6857142857142857,0.5214285714285715,12.657142857142857,False,2521
0.6,0.7,0.1,4.0,14.0,25.0,0.0,70,83,0.8433734939759037,0.6857142857142857,0.5214285714285715,12.657142857142857,False,2522
0.55,0.6,0.05,2.0,14.0,0.0,0.5,19,83,0.2289156626506024,0.6842105263157895,0.508421052631579,12.842105263157896,False,2523
0.55,0.6,0.05,2.0,14.0,25.0,0.5,19,83,0.2289156626506024,0.6842105263157895,0.508421052631579,12.842105263157896,False,2524
0.55,0.6,0.05,2.0,14.0,50.0,0.5,19,83,0.2289156626506024,0.6842105263157895,0.508421052631579,12.842105263157896,False,2525
0.55,0.6,0.05,4.0,14.0,0.0,0.5,19,83,0.2289156626506024,0.6842105263157895,0.508421052631579,12.842105263157896,False,2526
0.55,0.6,0.05,4.0,14.0,25.0,0.5,19,83,0.2289156626506024,0.6842105263157895,0.508421052631579,12.842105263157896,False,2527
0.55,0.6,0.05,4.0,14.0,50.0,0.5,19,83,0.2289156626506024,0.6842105263157895,0.508421052631579,12.842105263157896,False,2528
0.55,0.6,0.05,6.0,14.0,0.0,0.5,19,83,0.2289156626506024,0.6842105263157895,0.508421052631579,12.842105263157896,False,2529
0.55,0.6,0.05,6.0,14.0,25.0,0.5,19,83,0.2289156626506024,0.6842105263157895,0.508421052631579,12.842105263157896,False,2530
0.55,0.6,0.05,6.0,14.0,50.0,0.5,19,83,0.2289156626506024,0.6842105263157895,0.508421052631579,12.842105263157896,False,2531
0.55,0.6,0.05,8.0,14.0,0.0,0.5,19,83,0.2289156626506024,0.6842105263157895,0.508421052631579,12.842105263157896,False,2532
0.55,0.6,0.05,8.0,14.0,25.0,0.5,19,83,0.2289156626506024,0.6842105263157895,0.508421052631579,12.842105263157896,False,2533
0.55,0.6,0.05,8.0,14.0,50.0,0.5,19,83,0.2289156626506024,0.6842105263157895,0.508421052631579,12.842105263157896,False,2534
0.55,0.6,0.08,2.0,14.0,0.0,0.5,19,83,0.2289156626506024,0.6842105263157895,0.508421052631579,12.842105263157896,False,2535
0.55,0.6,0.08,2.0,14.0,25.0,0.5,19,83,0.2289156626506024,0.6842105263157895,0.508421052631579,12.842105263157896,False,2536
0.55,0.6,0.08,2.0,14.0,50.0,0.5,19,83,0.2289156626506024,0.6842105263157895,0.508421052631579,12.842105263157896,False,2537
0.55,0.6,0.08,4.0,14.0,0.0,0.5,19,83,0.2289156626506024,0.6842105263157895,0.508421052631579,12.842105263157896,False,2538
0.55,0.6,0.08,4.0,14.0,25.0,0.5,19,83,0.2289156626506024,0.6842105263157895,0.508421052631579,12.842105263157896,False,2539
0.55,0.6,0.08,4.0,14.0,50.0,0.5,19,83,0.2289156626506024,0.6842105263157895,0.508421052631579,12.842105263157896,False,2540
0.55,0.6,0.08,6.0,14.0,0.0,0.5,19,83,0.2289156626506024,0.6842105263157895,0.508421052631579,12.842105263157896,False,2541
0.55,0.6,0.08,6.0,14.0,25.0,0.5,19,83,0.2289156626506024,0.6842105263157895,0.508421052631579,12.842105263157896,False,2542
0.55,0.6,0.08,6.0,14.0,50.0,0.5,19,83,0.2289156626506024,0.6842105263157895,0.508421052631579,12.842105263157896,False,2543
0.55,0.6,0.08,8.0,14.0,0.0,0.5,19,83,0.2289156626506024,0.6842105263157895,0.508421052631579,12.842105263157896,False,2544
0.55,0.6,0.08,8.0,14.0,25.0,0.5,19,83,0.2289156626506024,0.6842105263157895,0.508421052631579,12.842105263157896,False,2545
0.55,0.6,0.08,8.0,14.0,50.0,0.5,19,83,0.2289156626506024,0.6842105263157895,0.508421052631579,12.842105263157896,False,2546
0.55,0.6,0.1,2.0,14.0,0.0,0.5,19,83,0.2289156626506024,0.6842105263157895,0.508421052631579,12.842105263157896,False,2547
0.55,0.6,0.1,2.0,14.0,25.0,0.5,19,83,0.2289156626506024,0.6842105263157895,0.508421052631579,12.842105263157896,False,2548
0.55,0.6,0.1,2.0,14.0,50.0,0.5,19,83,0.2289156626506024,0.6842105263157895,0.508421052631579,12.842105263157896,False,2549
0.55,0.6,0.1,4.0,14.0,0.0,0.5,19,83,0.2289156626506024,0.6842105263157895,0.508421052631579,12.842105263157896,False,2550
0.55,0.6,0.1,4.0,14.0,25.0,0.5,19,83,0.2289156626506024,0.6842105263157895,0.508421052631579,12.842105263157896,False,2551
0.55,0.6,0.1,4.0,14.0,50.0,0.5,19,83,0.2289156626506024,0.6842105263157895,0.508421052631579,12.842105263157896,False,2552
0.55,0.6,0.1,6.0,14.0,0.0,0.5,19,83,0.2289156626506024,0.6842105263157895,0.508421052631579,12.842105263157896,False,2553
0.55,0.6,0.1,6.0,14.0,25.0,0.5,19,83,0.2289156626506024,0.6842105263157895,0.508421052631579,12.842105263157896,False,2554
0.55,0.6,0.1,6.0,14.0,50.0,0.5,19,83,0.2289156626506024,0.6842105263157895,0.508421052631579,12.842105263157896,False,2555
0.55,0.6,0.1,8.0,14.0,0.0,0.5,19,83,0.2289156626506024,0.6842105263157895,0.508421052631579,12.842105263157896,False,2556
0.55,0.6,0.1,8.0,14.0,25.0,0.5,19,83,0.2289156626506024,0.6842105263157895,0.508421052631579,12.842105263157896,False,2557
0.55,0.6,0.1,8.0,14.0,50.0,0.5,19,83,0.2289156626506024,0.6842105263157895,0.508421052631579,12.842105263157896,False,2558
0.55,0.6,0.12,2.0,14.0,0.0,0.5,19,83,0.2289156626506024,0.6842105263157895,0.508421052631579,12.842105263157896,False,2559
0.55,0.6,0.12,2.0,14.0,25.0,0.5,19,83,0.2289156626506024,0.6842105263157895,0.508421052631579,12.842105263157896,False,2560
0.55,0.6,0.12,2.0,14.0,50.0,0.5,19,83,0.2289156626506024,0.6842105263157895,0.508421052631579,12.842105263157896,False,2561
0.55,0.6,0.12,4.0,14.0,0.0,0.5,19,83,0.2289156626506024,0.6842105263157895,0.508421052631579,12.842105263157896,False,2562
0.55,0.6,0.12,4.0,14.0,25.0,0.5,19,83,0.2289156626506024,0.6842105263157895,0.508421052631579,12.842105263157896,False,2563
0.55,0.6,0.12,4.0,14.0,50.0,0.5,19,83,0.2289156626506024,0.6842105263157895,0.508421052631579,12.842105263157896,False,2564
0.55,0.6,0.12,6.0,14.0,0.0,0.5,19,83,0.2289156626506024,0.6842105263157895,0.508421052631579,12.842105263157896,False,2565
0.55,0.6,0.12,6.0,14.0,25.0,0.5,19,83,0.2289156626506024,0.6842105263157895,0.508421052631579,12.842105263157896,False,2566
0.55,0.6,0.12,6.0,14.0,50.0,0.5,19,83,0.2289156626506024,0.6842105263157895,0.508421052631579,12.842105263157896,False,2567
0.55,0.6,0.12,8.0,14.0,0.0,0.5,19,83,0.2289156626506024,0.6842105263157895,0.508421052631579,12.842105263157896,False,2568
0.55,0.6,0.12,8.0,14.0,25.0,0.5,19,83,0.2289156626506024,0.6842105263157895,0.508421052631579,12.842105263157896,False,2569
0.55,0.6,0.12,8.0,14.0,50.0,0.5,19,83,0.2289156626506024,0.6842105263157895,0.508421052631579,12.842105263157896,False,2570
0.55,0.65,0.05,2.0,14.0,0.0,0.5,19,83,0.2289156626506024,0.6842105263157895,0.508421052631579,12.842105263157896,False,2571
0.55,0.65,0.05,2.0,14.0,25.0,0.5,19,83,0.2289156626506024,0.6842105263157895,0.508421052631579,12.842105263157896,False,2572
0.55,0.65,0.05,2.0,14.0,50.0,0.5,19,83,0.2289156626506024,0.6842105263157895,0.508421052631579,12.842105263157896,False,2573
0.55,0.65,0.05,4.0,14.0,0.0,0.5,19,83,0.2289156626506024,0.6842105263157895,0.508421052631579,12.842105263157896,False,2574
0.55,0.65,0.05,4.0,14.0,25.0,0.5,19,83,0.2289156626506024,0.6842105263157895,0.508421052631579,12.842105263157896,False,2575
0.55,0.65,0.05,4.0,14.0,50.0,0.5,19,83,0.2289156626506024,0.6842105263157895,0.508421052631579,12.842105263157896,False,2576
0.55,0.65,0.05,6.0,14.0,0.0,0.5,19,83,0.2289156626506024,0.6842105263157895,0.508421052631579,12.842105263157896,False,2577
0.55,0.65,0.05,6.0,14.0,25.0,0.5,19,83,0.2289156626506024,0.6842105263157895,0.508421052631579,12.842105263157896,False,2578
0.55,0.65,0.05,6.0,14.0,50.0,0.5,19,83,0.2289156626506024,0.6842105263157895,0.508421052631579,12.842105263157896,False,2579
0.55,0.65,0.05,8.0,14.0,0.0,0.5,19,83,0.2289156626506024,0.6842105263157895,0.508421052631579,12.842105263157896,False,2580
0.55,0.65,0.05,8.0,14.0,25.0,0.5,19,83,0.2289156626506024,0.6842105263157895,0.508421052631579,12.842105263157896,False,2581
0.55,0.65,0.05,8.0,14.0,50.0,0.5,19,83,0.2289156626506024,0.6842105263157895,0.508421052631579,12.842105263157896,False,2582
0.55,0.65,0.08,2.0,14.0,0.0,0.5,19,83,0.2289156626506024,0.6842105263157895,0.508421052631579,12.842105263157896,False,2583
0.55,0.65,0.08,2.0,14.0,25.0,0.5,19,83,0.2289156626506024,0.6842105263157895,0.508421052631579,12.842105263157896,False,2584
0.55,0.65,0.08,2.0,14.0,50.0,0.5,19,83,0.2289156626506024,0.6842105263157895,0.508421052631579,12.842105263157896,False,2585
0.55,0.65,0.08,4.0,14.0,0.0,0.5,19,83,0.2289156626506024,0.6842105263157895,0.508421052631579,12.842105263157896,False,2586
0.55,0.65,0.08,4.0,14.0,25.0,0.5,19,83,0.2289156626506024,0.6842105263157895,0.508421052631579,12.842105263157896,False,2587
0.55,0.65,0.08,4.0,14.0,50.0,0.5,19,83,0.2289156626506024,0.6842105263157895,0.508421052631579,12.842105263157896,False,2588
0.55,0.65,0.08,6.0,14.0,0.0,0.5,19,83,0.2289156626506024,0.6842105263157895,0.508421052631579,12.842105263157896,False,2589
0.55,0.65,0.08,6.0,14.0,25.0,0.5,19,83,0.2289156626506024,0.6842105263157895,0.508421052631579,12.842105263157896,False,2590
0.55,0.65,0.08,6.0,14.0,50.0,0.5,19,83,0.2289156626506024,0.6842105263157895,0.508421052631579,12.842105263157896,False,2591
0.55,0.65,0.08,8.0,14.0,0.0,0.5,19,83,0.2289156626506024,0.6842105263157895,0.508421052631579,12.842105263157896,False,2592
0.55,0.65,0.08,8.0,14.0,25.0,0.5,19,83,0.2289156626506024,0.6842105263157895,0.508421052631579,12.842105263157896,False,2593
0.55,0.65,0.08,8.0,14.0,50.0,0.5,19,83,0.2289156626506024,0.6842105263157895,0.508421052631579,12.842105263157896,False,2594
0.55,0.65,0.1,2.0,14.0,0.0,0.5,19,83,0.2289156626506024,0.6842105263157895,0.508421052631579,12.842105263157896,False,2595
0.55,0.65,0.1,2.0,14.0,25.0,0.5,19,83,0.2289156626506024,0.6842105263157895,0.508421052631579,12.842105263157896,False,2596
0.55,0.65,0.1,2.0,14.0,50.0,0.5,19,83,0.2289156626506024,0.6842105263157895,0.508421052631579,12.842105263157896,False,2597
0.55,0.65,0.1,4.0,14.0,0.0,0.5,19,83,0.2289156626506024,0.6842105263157895,0.508421052631579,12.842105263157896,False,2598
0.55,0.65,0.1,4.0,14.0,25.0,0.5,19,83,0.2289156626506024,0.6842105263157895,0.508421052631579,12.842105263157896,False,2599
0.55,0.65,0.1,4.0,14.0,50.0,0.5,19,83,0.2289156626506024,0.6842105263157895,0.508421052631579,12.842105263157896,False,2600
0.55,0.65,0.1,6.0,14.0,0.0,0.5,19,83,0.2289156626506024,0.6842105263157895,0.508421052631579,12.842105263157896,False,2601
0.55,0.65,0.1,6.0,14.0,25.0,0.5,19,83,0.2289156626506024,0.6842105263157895,0.508421052631579,12.842105263157896,False,2602
0.55,0.65,0.1,6.0,14.0,50.0,0.5,19,83,0.2289156626506024,0.6842105263157895,0.508421052631579,12.842105263157896,False,2603
0.55,0.65,0.1,8.0,14.0,0.0,0.5,19,83,0.2289156626506024,0.6842105263157895,0.508421052631579,12.842105263157896,False,2604
0.55,0.65,0.1,8.0,14.0,25.0,0.5,19,83,0.2289156626506024,0.6842105263157895,0.508421052631579,12.842105263157896,False,2605
0.55,0.65,0.1,8.0,14.0,50.0,0.5,19,83,0.2289156626506024,0.6842105263157895,0.508421052631579,12.842105263157896,False,2606
0.55,0.65,0.12,2.0,14.0,0.0,0.5,19,83,0.2289156626506024,0.6842105263157895,0.508421052631579,12.842105263157896,False,2607
0.55,0.65,0.12,2.0,14.0,25.0,0.5,19,83,0.2289156626506024,0.6842105263157895,0.508421052631579,12.842105263157896,False,2608
0.55,0.65,0.12,2.0,14.0,50.0,0.5,19,83,0.2289156626506024,0.6842105263157895,0.508421052631579,12.842105263157896,False,2609
0.55,0.65,0.12,4.0,14.0,0.0,0.5,19,83,0.2289156626506024,0.6842105263157895,0.508421052631579,12.842105263157896,False,2610
0.55,0.65,0.12,4.0,14.0,25.0,0.5,19,83,0.2289156626506024,0.6842105263157895,0.508421052631579,12.842105263157896,False,2611
0.55,0.65,0.12,4.0,14.0,50.0,0.5,19,83,0.2289156626506024,0.6842105263157895,0.508421052631579,12.842105263157896,False,2612
0.55,0.65,0.12,6.0,14.0,0.0,0.5,19,83,0.2289156626506024,0.6842105263157895,0.508421052631579,12.842105263157896,False,2613
0.55,0.65,0.12,6.0,14.0,25.0,0.5,19,83,0.2289156626506024,0.6842105263157895,0.508421052631579,12.842105263157896,False,2614
0.55,0.65,0.12,6.0,14.0,50.0,0.5,19,83,0.2289156626506024,0.6842105263157895,0.508421052631579,12.842105263157896,False,2615
0.55,0.65,0.12,8.0,14.0,0.0,0.5,19,83,0.2289156626506024,0.6842105263157895,0.508421052631579,12.842105263157896,False,2616
0.55,0.65,0.12,8.0,14.0,25.0,0.5,19,83,0.2289156626506024,0.6842105263157895,0.508421052631579,12.842105263157896,False,2617
0.55,0.65,0.12,8.0,14.0,50.0,0.5,19,83,0.2289156626506024,0.6842105263157895,0.508421052631579,12.842105263157896,False,2618
0.5,0.75,0.05,6.0,12.0,0.0,0.0,19,83,0.2289156626506024,0.6842105263157895,0.44157894736842107,10.157894736842104,False,2619
0.5,0.75,0.08,6.0,12.0,0.0,0.0,19,83,0.2289156626506024,0.6842105263157895,0.44157894736842107,10.157894736842104,False,2620
0.5,0.75,0.1,6.0,12.0,0.0,0.0,19,83,0.2289156626506024,0.6842105263157895,0.44157894736842107,10.157894736842104,False,2621
0.5,0.75,0.12,6.0,12.0,0.0,0.0,19,83,0.2289156626506024,0.6842105263157895,0.44157894736842107,10.157894736842104,False,2622
0.55,0.6,0.05,6.0,14.0,0.0,0.0,63,83,0.7590361445783133,0.6825396825396826,0.47111111111111115,12.984126984126984,False,2623
0.55,0.6,0.05,8.0,14.0,0.0,0.0,63,83,0.7590361445783133,0.6825396825396826,0.47111111111111115,12.984126984126984,False,2624
0.55,0.6,0.08,6.0,14.0,0.0,0.0,63,83,0.7590361445783133,0.6825396825396826,0.47111111111111115,12.984126984126984,False,2625
0.55,0.6,0.08,8.0,14.0,0.0,0.0,63,83,0.7590361445783133,0.6825396825396826,0.47111111111111115,12.984126984126984,False,2626
0.55,0.6,0.05,6.0,12.0,0.0,0.0,44,83,0.5301204819277109,0.6818181818181818,0.4534090909090909,11.113636363636363,False,2627
0.55,0.6,0.08,6.0,12.0,0.0,0.0,44,83,0.5301204819277109,0.6818181818181818,0.4534090909090909,11.113636363636363,False,2628
0.55,0.65,0.05,2.0,12.0,0.0,0.0,44,83,0.5301204819277109,0.6818181818181818,0.4763636363636363,10.431818181818182,False,2629
0.55,0.65,0.08,2.0,12.0,0.0,0.0,44,83,0.5301204819277109,0.6818181818181818,0.4763636363636363,10.431818181818182,False,2630
0.55,0.65,0.1,2.0,12.0,0.0,0.0,44,83,0.5301204819277109,0.6818181818181818,0.4763636363636363,10.431818181818182,False,2631
0.55,0.65,0.12,2.0,12.0,0.0,0.0,44,83,0.5301204819277109,0.6818181818181818,0.4763636363636363,10.431818181818182,False,2632
0.55,0.75,0.05,6.0,14.0,75.0,0.0,22,83,0.26506024096385544,0.6818181818181818,0.49227272727272725,12.863636363636363,False,2633
0.55,0.75,0.05,8.0,14.0,75.0,0.0,22,83,0.26506024096385544,0.6818181818181818,0.49227272727272725,12.863636363636363,False,2634
0.55,0.75,0.08,6.0,14.0,75.0,0.0,22,83,0.26506024096385544,0.6818181818181818,0.49227272727272725,12.863636363636363,False,2635
0.55,0.75,0.08,8.0,14.0,75.0,0.0,22,83,0.26506024096385544,0.6818181818181818,0.49227272727272725,12.863636363636363,False,2636
0.55,0.75,0.1,6.0,14.0,75.0,0.0,22,83,0.26506024096385544,0.6818181818181818,0.49227272727272725,12.863636363636363,False,2637
0.55,0.75,0.1,8.0,14.0,75.0,0.0,22,83,0.26506024096385544,0.6818181818181818,0.49227272727272725,12.863636363636363,False,2638
0.55,0.75,0.12,6.0,14.0,75.0,0.0,22,83,0.26506024096385544,0.6818181818181818,0.49227272727272725,12.863636363636363,False,2639
0.55,0.75,0.12,8.0,14.0,75.0,0.0,22,83,0.26506024096385544,0.6818181818181818,0.49227272727272725,12.863636363636363,False,2640
0.55,0.75,0.05,8.0,12.0,0.0,0.0,22,83,0.26506024096385544,0.6818181818181818,0.4722727272727273,11.136363636363637,False,2641
0.55,0.75,0.08,8.0,12.0,0.0,0.0,22,83,0.26506024096385544,0.6818181818181818,0.4722727272727273,11.136363636363637,False,2642
0.55,0.75,0.1,8.0,12.0,0.0,0.0,22,83,0.26506024096385544,0.6818181818181818,0.4722727272727273,11.136363636363637,False,2643
0.55,0.75,0.12,8.0,12.0,0.0,0.0,22,83,0.26506024096385544,0.6818181818181818,0.4722727272727273,11.136363636363637,False,2644
0.45,0.6,0.05,4.0,12.0,0.0,0.0,22,83,0.26506024096385544,0.6818181818181818,0.37545454545454543,11.045454545454545,False,2645
0.45,0.6,0.05,6.0,12.0,0.0,0.0,22,83,0.26506024096385544,0.6818181818181818,0.37545454545454543,11.045454545454545,False,2646
0.45,0.6,0.05,8.0,12.0,0.0,0.0,22,83,0.26506024096385544,0.6818181818181818,0.37545454545454543,11.045454545454545,False,2647
0.45,0.6,0.08,4.0,12.0,0.0,0.0,22,83,0.26506024096385544,0.6818181818181818,0.37545454545454543,11.045454545454545,False,2648
0.45,0.6,0.08,6.0,12.0,0.0,0.0,22,83,0.26506024096385544,0.6818181818181818,0.37545454545454543,11.045454545454545,False,2649
0.45,0.6,0.08,8.0,12.0,0.0,0.0,22,83,0.26506024096385544,0.6818181818181818,0.37545454545454543,11.045454545454545,False,2650
0.45,0.6,0.1,4.0,12.0,0.0,0.0,22,83,0.26506024096385544,0.6818181818181818,0.37545454545454543,11.045454545454545,False,2651
0.45,0.6,0.1,6.0,12.0,0.0,0.0,22,83,0.26506024096385544,0.6818181818181818,0.37545454545454543,11.045454545454545,False,2652
0.45,0.6,0.1,8.0,12.0,0.0,0.0,22,83,0.26506024096385544,0.6818181818181818,0.37545454545454543,11.045454545454545,False,2653
0.45,0.6,0.12,4.0,12.0,0.0,0.0,22,83,0.26506024096385544,0.6818181818181818,0.37545454545454543,11.045454545454545,False,2654
0.45,0.6,0.12,6.0,12.0,0.0,0.0,22,83,0.26506024096385544,0.6818181818181818,0.37545454545454543,11.045454545454545,False,2655
0.45,0.6,0.12,8.0,12.0,0.0,0.0,22,83,0.26506024096385544,0.6818181818181818,0.37545454545454543,11.045454545454545,False,2656
0.6,0.7,0.05,6.0,14.0,25.0,0.0,69,83,0.8313253012048193,0.6811594202898551,0.5207246376811594,12.768115942028986,False,2657
0.6,0.7,0.05,8.0,14.0,25.0,0.0,69,83,0.8313253012048193,0.6811594202898551,0.5207246376811594,12.768115942028986,False,2658
0.6,0.7,0.08,6.0,14.0,25.0,0.0,69,83,0.8313253012048193,0.6811594202898551,0.5207246376811594,12.768115942028986,False,2659
0.6,0.7,0.08,8.0,14.0,25.0,0.0,69,83,0.8313253012048193,0.6811594202898551,0.5207246376811594,12.768115942028986,False,2660
0.6,0.7,0.1,6.0,14.0,25.0,0.0,69,83,0.8313253012048193,0.6811594202898551,0.5207246376811594,12.768115942028986,False,2661
0.6,0.7,0.1,8.0,14.0,25.0,0.0,69,83,0.8313253012048193,0.6811594202898551,0.5207246376811594,12.768115942028986,False,2662
0.55,0.6,0.05,6.0,14.0,75.0,0.0,25,83,0.30120481927710846,0.68,0.4924,12.56,False,2663
0.55,0.6,0.05,8.0,14.0,75.0,0.0,25,83,0.30120481927710846,0.68,0.4924,12.56,False,2664
0.55,0.6,0.08,6.0,14.0,75.0,0.0,25,83,0.30120481927710846,0.68,0.4924,12.56,False,2665
0.55,0.6,0.08,8.0,14.0,75.0,0.0,25,83,0.30120481927710846,0.68,0.4924,12.56,False,2666
0.55,0.6,0.1,6.0,14.0,75.0,0.0,25,83,0.30120481927710846,0.68,0.4924,12.56,False,2667
0.55,0.6,0.1,8.0,14.0,75.0,0.0,25,83,0.30120481927710846,0.68,0.4924,12.56,False,2668
0.55,0.6,0.12,6.0,14.0,75.0,0.0,25,83,0.30120481927710846,0.68,0.4924,12.56,False,2669
0.55,0.6,0.12,8.0,14.0,75.0,0.0,25,83,0.30120481927710846,0.68,0.4924,12.56,False,2670
0.55,0.65,0.05,6.0,14.0,75.0,0.0,25,83,0.30120481927710846,0.68,0.4924,12.56,False,2671
0.55,0.65,0.05,8.0,14.0,75.0,0.0,25,83,0.30120481927710846,0.68,0.4924,12.56,False,2672
0.55,0.65,0.08,6.0,14.0,75.0,0.0,25,83,0.30120481927710846,0.68,0.4924,12.56,False,2673
0.55,0.65,0.08,8.0,14.0,75.0,0.0,25,83,0.30120481927710846,0.68,0.4924,12.56,False,2674
0.55,0.65,0.1,6.0,14.0,75.0,0.0,25,83,0.30120481927710846,0.68,0.4924,12.56,False,2675
0.55,0.65,0.1,8.0,14.0,75.0,0.0,25,83,0.30120481927710846,0.68,0.4924,12.56,False,2676
0.55,0.65,0.12,6.0,14.0,75.0,0.0,25,83,0.30120481927710846,0.68,0.4924,12.56,False,2677
0.55,0.65,0.12,8.0,14.0,75.0,0.0,25,83,0.30120481927710846,0.68,0.4924,12.56,False,2678
0.55,0.7,0.05,6.0,14.0,75.0,0.0,25,83,0.30120481927710846,0.68,0.4924,12.56,False,2679
0.55,0.7,0.05,8.0,14.0,75.0,0.0,25,83,0.30120481927710846,0.68,0.4924,12.56,False,2680
0.55,0.7,0.08,6.0,14.0,75.0,0.0,25,83,0.30120481927710846,0.68,0.4924,12.56,False,2681
0.55,0.7,0.08,8.0,14.0,75.0,0.0,25,83,0.30120481927710846,0.68,0.4924,12.56,False,2682
0.55,0.7,0.1,6.0,14.0,75.0,0.0,25,83,0.30120481927710846,0.68,0.4924,12.56,False,2683
0.55,0.7,0.1,8.0,14.0,75.0,0.0,25,83,0.30120481927710846,0.68,0.4924,12.56,False,2684
0.55,0.7,0.12,6.0,14.0,75.0,0.0,25,83,0.30120481927710846,0.68,0.4924,12.56,False,2685
0.55,0.7,0.12,8.0,14.0,75.0,0.0,25,83,0.30120481927710846,0.68,0.4924,12.56,False,2686
0.55,0.7,0.05,8.0,14.0,0.0,0.0,53,83,0.6385542168674698,0.6792452830188679,0.479056603773585,12.660377358490566,False,2687
0.55,0.7,0.08,8.0,14.0,0.0,0.0,53,83,0.6385542168674698,0.6792452830188679,0.479056603773585,12.660377358490566,False,2688
0.55,0.7,0.1,8.0,14.0,0.0,0.0,53,83,0.6385542168674698,0.6792452830188679,0.479056603773585,12.660377358490566,False,2689
0.55,0.7,0.12,8.0,14.0,0.0,0.0,53,83,0.6385542168674698,0.6792452830188679,0.479056603773585,12.660377358490566,False,2690
0.5,0.7,0.05,8.0,14.0,0.0,0.0,37,83,0.4457831325301205,0.6756756756756757,0.4527027027027027,12.567567567567568,False,2691
0.5,0.7,0.08,8.0,14.0,0.0,0.0,37,83,0.4457831325301205,0.6756756756756757,0.4527027027027027,12.567567567567568,False,2692
0.5,0.7,0.1,8.0,14.0,0.0,0.0,37,83,0.4457831325301205,0.6756756756756757,0.4527027027027027,12.567567567567568,False,2693
0.5,0.7,0.12,8.0,14.0,0.0,0.0,37,83,0.4457831325301205,0.6756756756756757,0.4527027027027027,12.567567567567568,False,2694
0.55,0.6,0.05,8.0,12.0,0.0,0.0,43,83,0.5180722891566265,0.6744186046511628,0.45139534883720933,11.232558139534884,False,2695
0.55,0.6,0.08,8.0,12.0,0.0,0.0,43,83,0.5180722891566265,0.6744186046511628,0.45139534883720933,11.232558139534884,False,2696
0.55,0.65,0.05,4.0,12.0,0.0,0.0,43,83,0.5180722891566265,0.6744186046511628,0.47511627906976744,10.627906976744185,False,2697
0.55,0.65,0.08,4.0,12.0,0.0,0.0,43,83,0.5180722891566265,0.6744186046511628,0.47511627906976744,10.627906976744185,False,2698
0.55,0.65,0.1,4.0,12.0,0.0,0.0,43,83,0.5180722891566265,0.6744186046511628,0.47511627906976744,10.627906976744185,False,2699
0.55,0.65,0.12,4.0,12.0,0.0,0.0,43,83,0.5180722891566265,0.6744186046511628,0.47511627906976744,10.627906976744185,False,2700
0.6,0.75,0.05,6.0,14.0,0.0,0.0,64,83,0.7710843373493976,0.671875,0.5121875,12.671875,False,2701
0.6,0.75,0.08,6.0,14.0,0.0,0.0,64,83,0.7710843373493976,0.671875,0.5121875,12.671875,False,2702
0.6,0.75,0.1,6.0,14.0,0.0,0.0,64,83,0.7710843373493976,0.671875,0.5121875,12.671875,False,2703
0.6,0.75,0.12,6.0,14.0,0.0,0.0,64,83,0.7710843373493976,0.671875,0.5121875,12.671875,False,2704
0.6,0.75,0.05,2.0,14.0,0.0,0.0,67,83,0.8072289156626506,0.6716417910447762,0.5125373134328358,12.313432835820896,False,2705
0.6,0.75,0.05,4.0,14.0,0.0,0.0,67,83,0.8072289156626506,0.6716417910447762,0.5125373134328358,12.313432835820896,False,2706
0.6,0.75,0.08,2.0,14.0,0.0,0.0,67,83,0.8072289156626506,0.6716417910447762,0.5125373134328358,12.313432835820896,False,2707
0.6,0.75,0.08,4.0,14.0,0.0,0.0,67,83,0.8072289156626506,0.6716417910447762,0.5125373134328358,12.313432835820896,False,2708
0.6,0.75,0.1,2.0,14.0,0.0,0.0,67,83,0.8072289156626506,0.6716417910447762,0.5125373134328358,12.313432835820896,False,2709
0.6,0.75,0.1,4.0,14.0,0.0,0.0,67,83,0.8072289156626506,0.6716417910447762,0.5125373134328358,12.313432835820896,False,2710
0.6,0.75,0.12,2.0,14.0,0.0,0.0,67,83,0.8072289156626506,0.6716417910447762,0.5125373134328358,12.313432835820896,False,2711
0.6,0.75,0.12,4.0,14.0,0.0,0.0,67,83,0.8072289156626506,0.6716417910447762,0.5125373134328358,12.313432835820896,False,2712
0.6,0.6,0.12,2.0,14.0,25.0,0.0,70,83,0.8433734939759037,0.6714285714285714,0.5154285714285715,12.785714285714286,False,2713
0.6,0.6,0.12,4.0,14.0,25.0,0.0,70,83,0.8433734939759037,0.6714285714285714,0.5154285714285715,12.785714285714286,False,2714
0.6,0.65,0.12,2.0,14.0,25.0,0.0,70,83,0.8433734939759037,0.6714285714285714,0.5154285714285715,12.785714285714286,False,2715
0.6,0.65,0.12,4.0,14.0,25.0,0.0,70,83,0.8433734939759037,0.6714285714285714,0.5154285714285715,12.785714285714286,False,2716
0.6,0.6,0.12,6.0,14.0,25.0,0.0,69,83,0.8313253012048193,0.6666666666666666,0.5146376811594202,12.898550724637682,False,2717
0.6,0.6,0.12,8.0,14.0,25.0,0.0,69,83,0.8313253012048193,0.6666666666666666,0.5146376811594202,12.898550724637682,False,2718
0.6,0.65,0.12,6.0,14.0,25.0,0.0,69,83,0.8313253012048193,0.6666666666666666,0.5146376811594202,12.898550724637682,False,2719
0.6,0.65,0.12,8.0,14.0,25.0,0.0,69,83,0.8313253012048193,0.6666666666666666,0.5146376811594202,12.898550724637682,False,2720
0.6,0.75,0.05,8.0,14.0,0.0,0.0,63,83,0.7590361445783133,0.6666666666666666,0.5141269841269841,12.777777777777779,False,2721
0.6,0.75,0.08,8.0,14.0,0.0,0.0,63,83,0.7590361445783133,0.6666666666666666,0.5141269841269841,12.777777777777779,False,2722
0.6,0.75,0.1,8.0,14.0,0.0,0.0,63,83,0.7590361445783133,0.6666666666666666,0.5141269841269841,12.777777777777779,False,2723
0.6,0.75,0.12,8.0,14.0,0.0,0.0,63,83,0.7590361445783133,0.6666666666666666,0.5141269841269841,12.777777777777779,False,2724
0.55,0.6,0.1,2.0,14.0,0.0,0.0,63,83,0.7590361445783133,0.6666666666666666,0.4601587301587302,12.603174603174603,False,2725
0.55,0.6,0.12,2.0,14.0,0.0,0.0,63,83,0.7590361445783133,0.6666666666666666,0.45920634920634923,12.587301587301587,False,2726
0.55,0.65,0.05,6.0,12.0,0.0,0.0,42,83,0.5060240963855421,0.6666666666666666,0.4747619047619048,10.761904761904763,False,2727
0.55,0.65,0.08,6.0,12.0,0.0,0.0,42,83,0.5060240963855421,0.6666666666666666,0.4747619047619048,10.761904761904763,False,2728
0.55,0.65,0.1,6.0,12.0,0.0,0.0,42,83,0.5060240963855421,0.6666666666666666,0.4747619047619048,10.761904761904763,False,2729
0.55,0.65,0.12,6.0,12.0,0.0,0.0,42,83,0.5060240963855421,0.6666666666666666,0.4747619047619048,10.761904761904763,False,2730
0.55,0.7,0.05,8.0,12.0,0.0,0.0,30,83,0.3614457831325301,0.6666666666666666,0.475,10.833333333333334,False,2731
0.55,0.7,0.08,8.0,12.0,0.0,0.0,30,83,0.3614457831325301,0.6666666666666666,0.475,10.833333333333334,False,2732
0.55,0.7,0.1,8.0,12.0,0.0,0.0,30,83,0.3614457831325301,0.6666666666666666,0.475,10.833333333333334,False,2733
0.55,0.7,0.12,8.0,12.0,0.0,0.0,30,83,0.3614457831325301,0.6666666666666666,0.475,10.833333333333334,False,2734
0.5,0.65,0.05,2.0,12.0,0.0,0.0,30,83,0.3614457831325301,0.6666666666666666,0.43333333333333335,10.166666666666666,False,2735
0.5,0.65,0.05,4.0,12.0,0.0,0.0,30,83,0.3614457831325301,0.6666666666666666,0.43333333333333335,10.166666666666666,False,2736
0.5,0.65,0.08,2.0,12.0,0.0,0.0,30,83,0.3614457831325301,0.6666666666666666,0.43333333333333335,10.166666666666666,False,2737
0.5,0.65,0.08,4.0,12.0,0.0,0.0,30,83,0.3614457831325301,0.6666666666666666,0.43333333333333335,10.166666666666666,False,2738
0.5,0.65,0.1,2.0,12.0,0.0,0.0,30,83,0.3614457831325301,0.6666666666666666,0.43333333333333335,10.166666666666666,False,2739
0.5,0.65,0.1,4.0,12.0,0.0,0.0,30,83,0.3614457831325301,0.6666666666666666,0.43333333333333335,10.166666666666666,False,2740
0.5,0.65,0.12,2.0,12.0,0.0,0.0,30,83,0.3614457831325301,0.6666666666666666,0.43333333333333335,10.166666666666666,False,2741
0.5,0.65,0.12,4.0,12.0,0.0,0.0,30,83,0.3614457831325301,0.6666666666666666,0.43333333333333335,10.166666666666666,False,2742
0.45,0.6,0.05,2.0,10.0,0.0,0.0,15,83,0.18072289156626506,0.6666666666666666,0.2938666666666666,7.133333333333334,False,2743
0.45,0.6,0.08,2.0,10.0,0.0,0.0,15,83,0.18072289156626506,0.6666666666666666,0.2938666666666666,7.133333333333334,False,2744
0.45,0.6,0.1,2.0,10.0,0.0,0.0,15,83,0.18072289156626506,0.6666666666666666,0.2938666666666666,7.133333333333334,False,2745
0.45,0.6,0.12,2.0,10.0,0.0,0.0,15,83,0.18072289156626506,0.6666666666666666,0.2938666666666666,7.133333333333334,False,2746
0.55,0.6,0.05,2.0,14.0,75.0,0.5,12,83,0.14457831325301204,0.6666666666666666,0.5116666666666667,13.25,False,2747
0.55,0.6,0.05,4.0,14.0,75.0,0.5,12,83,0.14457831325301204,0.6666666666666666,0.5116666666666667,13.25,False,2748
0.55,0.6,0.05,6.0,14.0,75.0,0.5,12,83,0.14457831325301204,0.6666666666666666,0.5116666666666667,13.25,False,2749
0.55,0.6,0.05,8.0,14.0,75.0,0.5,12,83,0.14457831325301204,0.6666666666666666,0.5116666666666667,13.25,False,2750
0.55,0.6,0.08,2.0,14.0,75.0,0.5,12,83,0.14457831325301204,0.6666666666666666,0.5116666666666667,13.25,False,2751
0.55,0.6,0.08,4.0,14.0,75.0,0.5,12,83,0.14457831325301204,0.6666666666666666,0.5116666666666667,13.25,False,2752
0.55,0.6,0.08,6.0,14.0,75.0,0.5,12,83,0.14457831325301204,0.6666666666666666,0.5116666666666667,13.25,False,2753
0.55,0.6,0.08,8.0,14.0,75.0,0.5,12,83,0.14457831325301204,0.6666666666666666,0.5116666666666667,13.25,False,2754
0.55,0.6,0.1,2.0,14.0,75.0,0.5,12,83,0.14457831325301204,0.6666666666666666,0.5116666666666667,13.25,False,2755
0.55,0.6,0.1,4.0,14.0,75.0,0.5,12,83,0.14457831325301204,0.6666666666666666,0.5116666666666667,13.25,False,2756
0.55,0.6,0.1,6.0,14.0,75.0,0.5,12,83,0.14457831325301204,0.6666666666666666,0.5116666666666667,13.25,False,2757
0.55,0.6,0.1,8.0,14.0,75.0,0.5,12,83,0.14457831325301204,0.6666666666666666,0.5116666666666667,13.25,False,2758
0.55,0.6,0.12,2.0,14.0,75.0,0.5,12,83,0.14457831325301204,0.6666666666666666,0.5116666666666667,13.25,False,2759
0.55,0.6,0.12,4.0,14.0,75.0,0.5,12,83,0.14457831325301204,0.6666666666666666,0.5116666666666667,13.25,False,2760
0.55,0.6,0.12,6.0,14.0,75.0,0.5,12,83,0.14457831325301204,0.6666666666666666,0.5116666666666667,13.25,False,2761
0.55,0.6,0.12,8.0,14.0,75.0,0.5,12,83,0.14457831325301204,0.6666666666666666,0.5116666666666667,13.25,False,2762
0.55,0.65,0.05,2.0,14.0,75.0,0.5,12,83,0.14457831325301204,0.6666666666666666,0.5116666666666667,13.25,False,2763
0.55,0.65,0.05,4.0,14.0,75.0,0.5,12,83,0.14457831325301204,0.6666666666666666,0.5116666666666667,13.25,False,2764
0.55,0.65,0.05,6.0,14.0,75.0,0.5,12,83,0.14457831325301204,0.6666666666666666,0.5116666666666667,13.25,False,2765
0.55,0.65,0.05,8.0,14.0,75.0,0.5,12,83,0.14457831325301204,0.6666666666666666,0.5116666666666667,13.25,False,2766
0.55,0.65,0.08,2.0,14.0,75.0,0.5,12,83,0.14457831325301204,0.6666666666666666,0.5116666666666667,13.25,False,2767
0.55,0.65,0.08,4.0,14.0,75.0,0.5,12,83,0.14457831325301204,0.6666666666666666,0.5116666666666667,13.25,False,2768
0.55,0.65,0.08,6.0,14.0,75.0,0.5,12,83,0.14457831325301204,0.6666666666666666,0.5116666666666667,13.25,False,2769
0.55,0.65,0.08,8.0,14.0,75.0,0.5,12,83,0.14457831325301204,0.6666666666666666,0.5116666666666667,13.25,False,2770
0.55,0.65,0.1,2.0,14.0,75.0,0.5,12,83,0.14457831325301204,0.6666666666666666,0.5116666666666667,13.25,False,2771
0.55,0.65,0.1,4.0,14.0,75.0,0.5,12,83,0.14457831325301204,0.6666666666666666,0.5116666666666667,13.25,False,2772
0.55,0.65,0.1,6.0,14.0,75.0,0.5,12,83,0.14457831325301204,0.6666666666666666,0.5116666666666667,13.25,False,2773
0.55,0.65,0.1,8.0,14.0,75.0,0.5,12,83,0.14457831325301204,0.6666666666666666,0.5116666666666667,13.25,False,2774
0.55,0.65,0.12,2.0,14.0,75.0,0.5,12,83,0.14457831325301204,0.6666666666666666,0.5116666666666667,13.25,False,2775
0.55,0.65,0.12,4.0,14.0,75.0,0.5,12,83,0.14457831325301204,0.6666666666666666,0.5116666666666667,13.25,False,2776
0.55,0.65,0.12,6.0,14.0,75.0,0.5,12,83,0.14457831325301204,0.6666666666666666,0.5116666666666667,13.25,False,2777
0.55,0.65,0.12,8.0,14.0,75.0,0.5,12,83,0.14457831325301204,0.6666666666666666,0.5116666666666667,13.25,False,2778
0.55,0.7,0.05,2.0,14.0,75.0,0.5,12,83,0.14457831325301204,0.6666666666666666,0.5116666666666667,13.25,False,2779
0.55,0.7,0.05,4.0,14.0,75.0,0.5,12,83,0.14457831325301204,0.6666666666666666,0.5116666666666667,13.25,False,2780
0.55,0.7,0.05,6.0,14.0,75.0,0.5,12,83,0.14457831325301204,0.6666666666666666,0.5116666666666667,13.25,False,2781
0.55,0.7,0.05,8.0,14.0,75.0,0.5,12,83,0.14457831325301204,0.6666666666666666,0.5116666666666667,13.25,False,2782
0.55,0.7,0.08,2.0,14.0,75.0,0.5,12,83,0.14457831325301204,0.6666666666666666,0.5116666666666667,13.25,False,2783
0.55,0.7,0.08,4.0,14.0,75.0,0.5,12,83,0.14457831325301204,0.6666666666666666,0.5116666666666667,13.25,False,2784
0.55,0.7,0.08,6.0,14.0,75.0,0.5,12,83,0.14457831325301204,0.6666666666666666,0.5116666666666667,13.25,False,2785
0.55,0.7,0.08,8.0,14.0,75.0,0.5,12,83,0.14457831325301204,0.6666666666666666,0.5116666666666667,13.25,False,2786
0.55,0.7,0.1,2.0,14.0,75.0,0.5,12,83,0.14457831325301204,0.6666666666666666,0.5116666666666667,13.25,False,2787
0.55,0.7,0.1,4.0,14.0,75.0,0.5,12,83,0.14457831325301204,0.6666666666666666,0.5116666666666667,13.25,False,2788
0.55,0.7,0.1,6.0,14.0,75.0,0.5,12,83,0.14457831325301204,0.6666666666666666,0.5116666666666667,13.25,False,2789
0.55,0.7,0.1,8.0,14.0,75.0,0.5,12,83,0.14457831325301204,0.6666666666666666,0.5116666666666667,13.25,False,2790
0.55,0.7,0.12,2.0,14.0,75.0,0.5,12,83,0.14457831325301204,0.6666666666666666,0.5116666666666667,13.25,False,2791
0.55,0.7,0.12,4.0,14.0,75.0,0.5,12,83,0.14457831325301204,0.6666666666666666,0.5116666666666667,13.25,False,2792
0.55,0.7,0.12,6.0,14.0,75.0,0.5,12,83,0.14457831325301204,0.6666666666666666,0.5116666666666667,13.25,False,2793
0.55,0.7,0.12,8.0,14.0,75.0,0.5,12,83,0.14457831325301204,0.6666666666666666,0.5116666666666667,13.25,False,2794
0.55,0.6,0.1,4.0,14.0,0.0,0.0,62,83,0.7469879518072289,0.6612903225806451,0.4662903225806452,12.758064516129032,False,2795
0.55,0.6,0.12,4.0,14.0,0.0,0.0,62,83,0.7469879518072289,0.6612903225806451,0.46532258064516124,12.741935483870968,False,2796
0.6,0.6,0.05,2.0,14.0,25.0,0.0,70,83,0.8433734939759037,0.6571428571428571,0.518,13.042857142857143,False,2797
0.6,0.6,0.05,4.0,14.0,25.0,0.0,70,83,0.8433734939759037,0.6571428571428571,0.518,13.042857142857143,False,2798
0.6,0.6,0.05,6.0,14.0,25.0,0.0,70,83,0.8433734939759037,0.6571428571428571,0.518,13.042857142857143,False,2799
0.6,0.6,0.05,8.0,14.0,25.0,0.0,70,83,0.8433734939759037,0.6571428571428571,0.518,13.042857142857143,False,2800
0.6,0.6,0.08,2.0,14.0,25.0,0.0,70,83,0.8433734939759037,0.6571428571428571,0.5178571428571429,13.028571428571428,False,2801
0.6,0.6,0.08,4.0,14.0,25.0,0.0,70,83,0.8433734939759037,0.6571428571428571,0.5178571428571429,13.028571428571428,False,2802
0.6,0.6,0.08,6.0,14.0,25.0,0.0,70,83,0.8433734939759037,0.6571428571428571,0.5178571428571429,13.028571428571428,False,2803
0.6,0.6,0.08,8.0,14.0,25.0,0.0,70,83,0.8433734939759037,0.6571428571428571,0.5178571428571429,13.028571428571428,False,2804
0.6,0.65,0.05,2.0,14.0,25.0,0.0,70,83,0.8433734939759037,0.6571428571428571,0.518,12.957142857142857,False,2805
0.6,0.65,0.05,4.0,14.0,25.0,0.0,70,83,0.8433734939759037,0.6571428571428571,0.518,12.957142857142857,False,2806
0.6,0.65,0.05,6.0,14.0,25.0,0.0,70,83,0.8433734939759037,0.6571428571428571,0.518,12.957142857142857,False,2807
0.6,0.65,0.05,8.0,14.0,25.0,0.0,70,83,0.8433734939759037,0.6571428571428571,0.518,12.957142857142857,False,2808
0.6,0.65,0.08,2.0,14.0,25.0,0.0,70,83,0.8433734939759037,0.6571428571428571,0.5178571428571429,12.942857142857143,False,2809
0.6,0.65,0.08,4.0,14.0,25.0,0.0,70,83,0.8433734939759037,0.6571428571428571,0.5178571428571429,12.942857142857143,False,2810
0.6,0.65,0.08,6.0,14.0,25.0,0.0,70,83,0.8433734939759037,0.6571428571428571,0.5178571428571429,12.942857142857143,False,2811
0.6,0.65,0.08,8.0,14.0,25.0,0.0,70,83,0.8433734939759037,0.6571428571428571,0.5178571428571429,12.942857142857143,False,2812
0.6,0.6,0.1,2.0,14.0,25.0,0.0,70,83,0.8433734939759037,0.6571428571428571,0.5172857142857142,12.885714285714286,False,2813
0.6,0.6,0.1,4.0,14.0,25.0,0.0,70,83,0.8433734939759037,0.6571428571428571,0.5172857142857142,12.885714285714286,False,2814
0.6,0.6,0.1,6.0,14.0,25.0,0.0,70,83,0.8433734939759037,0.6571428571428571,0.5172857142857142,12.885714285714286,False,2815
0.6,0.6,0.1,8.0,14.0,25.0,0.0,70,83,0.8433734939759037,0.6571428571428571,0.5172857142857142,12.885714285714286,False,2816
0.6,0.65,0.1,2.0,14.0,25.0,0.0,70,83,0.8433734939759037,0.6571428571428571,0.5172857142857142,12.885714285714286,False,2817
0.6,0.65,0.1,4.0,14.0,25.0,0.0,70,83,0.8433734939759037,0.6571428571428571,0.5172857142857142,12.885714285714286,False,2818
0.6,0.65,0.1,6.0,14.0,25.0,0.0,70,83,0.8433734939759037,0.6571428571428571,0.5172857142857142,12.885714285714286,False,2819
0.6,0.65,0.1,8.0,14.0,25.0,0.0,70,83,0.8433734939759037,0.6571428571428571,0.5172857142857142,12.885714285714286,False,2820
0.55,0.6,0.1,6.0,14.0,0.0,0.0,61,83,0.7349397590361446,0.6557377049180327,0.46590163934426226,12.901639344262295,False,2821
0.55,0.6,0.1,8.0,14.0,0.0,0.0,61,83,0.7349397590361446,0.6557377049180327,0.46590163934426226,12.901639344262295,False,2822
0.55,0.6,0.12,6.0,14.0,0.0,0.0,61,83,0.7349397590361446,0.6557377049180327,0.4649180327868852,12.885245901639344,False,2823
0.55,0.6,0.12,8.0,14.0,0.0,0.0,61,83,0.7349397590361446,0.6557377049180327,0.4649180327868852,12.885245901639344,False,2824
0.55,0.65,0.05,8.0,12.0,0.0,0.0,40,83,0.4819277108433735,0.65,0.4727499999999999,11.0,False,2825
0.55,0.65,0.08,8.0,12.0,0.0,0.0,40,83,0.4819277108433735,0.65,0.4727499999999999,11.0,False,2826
0.55,0.65,0.1,8.0,12.0,0.0,0.0,40,83,0.4819277108433735,0.65,0.4727499999999999,11.0,False,2827
0.55,0.65,0.12,8.0,12.0,0.0,0.0,40,83,0.4819277108433735,0.65,0.4727499999999999,11.0,False,2828
0.45,0.65,0.05,4.0,12.0,0.0,0.0,17,83,0.20481927710843373,0.6470588235294118,0.39588235294117646,10.882352941176471,False,2829
0.45,0.65,0.05,6.0,12.0,0.0,0.0,17,83,0.20481927710843373,0.6470588235294118,0.39588235294117646,10.882352941176471,False,2830
0.45,0.65,0.05,8.0,12.0,0.0,0.0,17,83,0.20481927710843373,0.6470588235294118,0.39588235294117646,10.882352941176471,False,2831
0.45,0.65,0.08,4.0,12.0,0.0,0.0,17,83,0.20481927710843373,0.6470588235294118,0.39588235294117646,10.882352941176471,False,2832
0.45,0.65,0.08,6.0,12.0,0.0,0.0,17,83,0.20481927710843373,0.6470588235294118,0.39588235294117646,10.882352941176471,False,2833
0.45,0.65,0.08,8.0,12.0,0.0,0.0,17,83,0.20481927710843373,0.6470588235294118,0.39588235294117646,10.882352941176471,False,2834
0.45,0.65,0.1,4.0,12.0,0.0,0.0,17,83,0.20481927710843373,0.6470588235294118,0.39588235294117646,10.882352941176471,False,2835
0.45,0.65,0.1,6.0,12.0,0.0,0.0,17,83,0.20481927710843373,0.6470588235294118,0.39588235294117646,10.882352941176471,False,2836
0.45,0.65,0.1,8.0,12.0,0.0,0.0,17,83,0.20481927710843373,0.6470588235294118,0.39588235294117646,10.882352941176471,False,2837
0.45,0.65,0.12,4.0,12.0,0.0,0.0,17,83,0.20481927710843373,0.6470588235294118,0.39588235294117646,10.882352941176471,False,2838
0.45,0.65,0.12,6.0,12.0,0.0,0.0,17,83,0.20481927710843373,0.6470588235294118,0.39588235294117646,10.882352941176471,False,2839
0.45,0.65,0.12,8.0,12.0,0.0,0.0,17,83,0.20481927710843373,0.6470588235294118,0.39588235294117646,10.882352941176471,False,2840
0.5,0.65,0.05,6.0,12.0,0.0,0.0,28,83,0.3373493975903614,0.6428571428571429,0.42964285714285716,10.571428571428571,False,2841
0.5,0.65,0.08,6.0,12.0,0.0,0.0,28,83,0.3373493975903614,0.6428571428571429,0.42964285714285716,10.571428571428571,False,2842
0.5,0.65,0.1,6.0,12.0,0.0,0.0,28,83,0.3373493975903614,0.6428571428571429,0.42964285714285716,10.571428571428571,False,2843
0.5,0.65,0.12,6.0,12.0,0.0,0.0,28,83,0.3373493975903614,0.6428571428571429,0.42964285714285716,10.571428571428571,False,2844
0.5,0.7,0.05,6.0,10.0,0.0,0.0,14,83,0.1686746987951807,0.6428571428571429,0.4514285714285714,8.714285714285714,False,2845
0.5,0.7,0.08,6.0,10.0,0.0,0.0,14,83,0.1686746987951807,0.6428571428571429,0.4514285714285714,8.714285714285714,False,2846
0.5,0.7,0.1,6.0,10.0,0.0,0.0,14,83,0.1686746987951807,0.6428571428571429,0.4514285714285714,8.714285714285714,False,2847
0.5,0.7,0.12,6.0,10.0,0.0,0.0,14,83,0.1686746987951807,0.6428571428571429,0.4514285714285714,8.714285714285714,False,2848
0.45,0.6,0.05,4.0,14.0,0.0,0.0,25,83,0.30120481927710846,0.64,0.37560000000000004,11.64,False,2849
0.45,0.6,0.05,6.0,14.0,0.0,0.0,25,83,0.30120481927710846,0.64,0.37560000000000004,11.64,False,2850
0.45,0.6,0.05,8.0,14.0,0.0,0.0,25,83,0.30120481927710846,0.64,0.37560000000000004,11.64,False,2851
0.45,0.6,0.08,4.0,14.0,0.0,0.0,25,83,0.30120481927710846,0.64,0.37560000000000004,11.64,False,2852
0.45,0.6,0.08,6.0,14.0,0.0,0.0,25,83,0.30120481927710846,0.64,0.37560000000000004,11.64,False,2853
0.45,0.6,0.08,8.0,14.0,0.0,0.0,25,83,0.30120481927710846,0.64,0.37560000000000004,11.64,False,2854
0.45,0.6,0.1,4.0,14.0,0.0,0.0,25,83,0.30120481927710846,0.64,0.37560000000000004,11.64,False,2855
0.45,0.6,0.1,6.0,14.0,0.0,0.0,25,83,0.30120481927710846,0.64,0.37560000000000004,11.64,False,2856
0.45,0.6,0.1,8.0,14.0,0.0,0.0,25,83,0.30120481927710846,0.64,0.37560000000000004,11.64,False,2857
0.45,0.6,0.12,4.0,14.0,0.0,0.0,25,83,0.30120481927710846,0.64,0.37560000000000004,11.64,False,2858
0.45,0.6,0.12,6.0,14.0,0.0,0.0,25,83,0.30120481927710846,0.64,0.37560000000000004,11.64,False,2859
0.45,0.6,0.12,8.0,14.0,0.0,0.0,25,83,0.30120481927710846,0.64,0.37560000000000004,11.64,False,2860
0.45,0.6,0.05,2.0,12.0,0.0,0.0,25,83,0.30120481927710846,0.64,0.34712000000000004,10.04,False,2861
0.45,0.6,0.08,2.0,12.0,0.0,0.0,25,83,0.30120481927710846,0.64,0.34712000000000004,10.04,False,2862
0.45,0.6,0.1,2.0,12.0,0.0,0.0,25,83,0.30120481927710846,0.64,0.34712000000000004,10.04,False,2863
0.45,0.6,0.12,2.0,12.0,0.0,0.0,25,83,0.30120481927710846,0.64,0.34712000000000004,10.04,False,2864
0.5,0.7,0.05,2.0,12.0,0.0,0.0,25,83,0.30120481927710846,0.64,0.44800000000000006,9.56,False,2865
0.5,0.7,0.08,2.0,12.0,0.0,0.0,25,83,0.30120481927710846,0.64,0.44800000000000006,9.56,False,2866
0.5,0.7,0.1,2.0,12.0,0.0,0.0,25,83,0.30120481927710846,0.64,0.44800000000000006,9.56,False,2867
0.5,0.7,0.12,2.0,12.0,0.0,0.0,25,83,0.30120481927710846,0.64,0.44800000000000006,9.56,False,2868
0.45,0.65,0.05,2.0,14.0,25.0,0.0,11,83,0.13253012048192772,0.6363636363636364,0.3972727272727273,12.363636363636363,False,2869
0.45,0.65,0.05,4.0,14.0,25.0,0.0,11,83,0.13253012048192772,0.6363636363636364,0.3972727272727273,12.363636363636363,False,2870
0.45,0.65,0.05,6.0,14.0,25.0,0.0,11,83,0.13253012048192772,0.6363636363636364,0.3972727272727273,12.363636363636363,False,2871
0.45,0.65,0.05,8.0,14.0,25.0,0.0,11,83,0.13253012048192772,0.6363636363636364,0.3972727272727273,12.363636363636363,False,2872
0.45,0.65,0.08,2.0,14.0,25.0,0.0,11,83,0.13253012048192772,0.6363636363636364,0.3972727272727273,12.363636363636363,False,2873
0.45,0.65,0.08,4.0,14.0,25.0,0.0,11,83,0.13253012048192772,0.6363636363636364,0.3972727272727273,12.363636363636363,False,2874
0.45,0.65,0.08,6.0,14.0,25.0,0.0,11,83,0.13253012048192772,0.6363636363636364,0.3972727272727273,12.363636363636363,False,2875
0.45,0.65,0.08,8.0,14.0,25.0,0.0,11,83,0.13253012048192772,0.6363636363636364,0.3972727272727273,12.363636363636363,False,2876
0.45,0.65,0.1,2.0,14.0,25.0,0.0,11,83,0.13253012048192772,0.6363636363636364,0.3972727272727273,12.363636363636363,False,2877
0.45,0.65,0.1,4.0,14.0,25.0,0.0,11,83,0.13253012048192772,0.6363636363636364,0.3972727272727273,12.363636363636363,False,2878
0.45,0.65,0.1,6.0,14.0,25.0,0.0,11,83,0.13253012048192772,0.6363636363636364,0.3972727272727273,12.363636363636363,False,2879
0.45,0.65,0.1,8.0,14.0,25.0,0.0,11,83,0.13253012048192772,0.6363636363636364,0.3972727272727273,12.363636363636363,False,2880
0.45,0.65,0.12,2.0,14.0,25.0,0.0,11,83,0.13253012048192772,0.6363636363636364,0.3972727272727273,12.363636363636363,False,2881
0.45,0.65,0.12,4.0,14.0,25.0,0.0,11,83,0.13253012048192772,0.6363636363636364,0.3972727272727273,12.363636363636363,False,2882
0.45,0.65,0.12,6.0,14.0,25.0,0.0,11,83,0.13253012048192772,0.6363636363636364,0.3972727272727273,12.363636363636363,False,2883
0.45,0.65,0.12,8.0,14.0,25.0,0.0,11,83,0.13253012048192772,0.6363636363636364,0.3972727272727273,12.363636363636363,False,2884
0.45,0.6,0.05,2.0,12.0,25.0,0.0,11,83,0.13253012048192772,0.6363636363636364,0.3972727272727273,11.818181818181818,False,2885
0.45,0.6,0.05,4.0,12.0,25.0,0.0,11,83,0.13253012048192772,0.6363636363636364,0.3972727272727273,11.818181818181818,False,2886
0.45,0.6,0.05,6.0,12.0,25.0,0.0,11,83,0.13253012048192772,0.6363636363636364,0.3972727272727273,11.818181818181818,False,2887
0.45,0.6,0.05,8.0,12.0,25.0,0.0,11,83,0.13253012048192772,0.6363636363636364,0.3972727272727273,11.818181818181818,False,2888
0.45,0.6,0.08,2.0,12.0,25.0,0.0,11,83,0.13253012048192772,0.6363636363636364,0.3972727272727273,11.818181818181818,False,2889
0.45,0.6,0.08,4.0,12.0,25.0,0.0,11,83,0.13253012048192772,0.6363636363636364,0.3972727272727273,11.818181818181818,False,2890
0.45,0.6,0.08,6.0,12.0,25.0,0.0,11,83,0.13253012048192772,0.6363636363636364,0.3972727272727273,11.818181818181818,False,2891
0.45,0.6,0.08,8.0,12.0,25.0,0.0,11,83,0.13253012048192772,0.6363636363636364,0.3972727272727273,11.818181818181818,False,2892
0.45,0.6,0.1,2.0,12.0,25.0,0.0,11,83,0.13253012048192772,0.6363636363636364,0.3972727272727273,11.818181818181818,False,2893
0.45,0.6,0.1,4.0,12.0,25.0,0.0,11,83,0.13253012048192772,0.6363636363636364,0.3972727272727273,11.818181818181818,False,2894
0.45,0.6,0.1,6.0,12.0,25.0,0.0,11,83,0.13253012048192772,0.6363636363636364,0.3972727272727273,11.818181818181818,False,2895
0.45,0.6,0.1,8.0,12.0,25.0,0.0,11,83,0.13253012048192772,0.6363636363636364,0.3972727272727273,11.818181818181818,False,2896
0.45,0.6,0.12,2.0,12.0,25.0,0.0,11,83,0.13253012048192772,0.6363636363636364,0.3972727272727273,11.818181818181818,False,2897
0.45,0.6,0.12,4.0,12.0,25.0,0.0,11,83,0.13253012048192772,0.6363636363636364,0.3972727272727273,11.818181818181818,False,2898
0.45,0.6,0.12,6.0,12.0,25.0,0.0,11,83,0.13253012048192772,0.6363636363636364,0.3972727272727273,11.818181818181818,False,2899
0.45,0.6,0.12,8.0,12.0,25.0,0.0,11,83,0.13253012048192772,0.6363636363636364,0.3972727272727273,11.818181818181818,False,2900
0.5,0.7,0.05,8.0,10.0,0.0,0.0,11,83,0.13253012048192772,0.6363636363636364,0.4472727272727272,9.363636363636363,False,2901
0.5,0.7,0.08,8.0,10.0,0.0,0.0,11,83,0.13253012048192772,0.6363636363636364,0.4472727272727272,9.363636363636363,False,2902
0.5,0.7,0.1,8.0,10.0,0.0,0.0,11,83,0.13253012048192772,0.6363636363636364,0.4472727272727272,9.363636363636363,False,2903
0.5,0.7,0.12,8.0,10.0,0.0,0.0,11,83,0.13253012048192772,0.6363636363636364,0.4472727272727272,9.363636363636363,False,2904
0.6,0.7,0.12,2.0,14.0,0.0,0.0,71,83,0.8554216867469879,0.6338028169014085,0.5136619718309859,12.661971830985916,False,2905
0.6,0.7,0.12,4.0,14.0,0.0,0.0,71,83,0.8554216867469879,0.6338028169014085,0.5136619718309859,12.661971830985916,False,2906
0.45,0.65,0.05,2.0,14.0,0.0,0.0,19,83,0.2289156626506024,0.631578947368421,0.3936842105263158,11.526315789473685,False,2907
0.45,0.65,0.05,4.0,14.0,0.0,0.0,19,83,0.2289156626506024,0.631578947368421,0.3936842105263158,11.526315789473685,False,2908
0.45,0.65,0.05,6.0,14.0,0.0,0.0,19,83,0.2289156626506024,0.631578947368421,0.3936842105263158,11.526315789473685,False,2909
0.45,0.65,0.05,8.0,14.0,0.0,0.0,19,83,0.2289156626506024,0.631578947368421,0.3936842105263158,11.526315789473685,False,2910
0.45,0.65,0.08,2.0,14.0,0.0,0.0,19,83,0.2289156626506024,0.631578947368421,0.3936842105263158,11.526315789473685,False,2911
0.45,0.65,0.08,4.0,14.0,0.0,0.0,19,83,0.2289156626506024,0.631578947368421,0.3936842105263158,11.526315789473685,False,2912
0.45,0.65,0.08,6.0,14.0,0.0,0.0,19,83,0.2289156626506024,0.631578947368421,0.3936842105263158,11.526315789473685,False,2913
0.45,0.65,0.08,8.0,14.0,0.0,0.0,19,83,0.2289156626506024,0.631578947368421,0.3936842105263158,11.526315789473685,False,2914
0.45,0.65,0.1,2.0,14.0,0.0,0.0,19,83,0.2289156626506024,0.631578947368421,0.3936842105263158,11.526315789473685,False,2915
0.45,0.65,0.1,4.0,14.0,0.0,0.0,19,83,0.2289156626506024,0.631578947368421,0.3936842105263158,11.526315789473685,False,2916
0.45,0.65,0.1,6.0,14.0,0.0,0.0,19,83,0.2289156626506024,0.631578947368421,0.3936842105263158,11.526315789473685,False,2917
0.45,0.65,0.1,8.0,14.0,0.0,0.0,19,83,0.2289156626506024,0.631578947368421,0.3936842105263158,11.526315789473685,False,2918
0.45,0.65,0.12,2.0,14.0,0.0,0.0,19,83,0.2289156626506024,0.631578947368421,0.3936842105263158,11.526315789473685,False,2919
0.45,0.65,0.12,4.0,14.0,0.0,0.0,19,83,0.2289156626506024,0.631578947368421,0.3936842105263158,11.526315789473685,False,2920
0.45,0.65,0.12,6.0,14.0,0.0,0.0,19,83,0.2289156626506024,0.631578947368421,0.3936842105263158,11.526315789473685,False,2921
0.45,0.65,0.12,8.0,14.0,0.0,0.0,19,83,0.2289156626506024,0.631578947368421,0.3936842105263158,11.526315789473685,False,2922
0.45,0.6,0.05,2.0,14.0,0.0,0.0,27,83,0.3253012048192771,0.6296296296296297,0.3618518518518519,10.962962962962964,False,2923
0.45,0.6,0.08,2.0,14.0,0.0,0.0,27,83,0.3253012048192771,0.6296296296296297,0.3618518518518519,10.962962962962964,False,2924
0.45,0.6,0.1,2.0,14.0,0.0,0.0,27,83,0.3253012048192771,0.6296296296296297,0.3618518518518519,10.962962962962964,False,2925
0.45,0.6,0.12,2.0,14.0,0.0,0.0,27,83,0.3253012048192771,0.6296296296296297,0.3618518518518519,10.962962962962964,False,2926
0.5,0.65,0.05,8.0,12.0,0.0,0.0,27,83,0.3253012048192771,0.6296296296296297,0.42740740740740746,10.74074074074074,False,2927
0.5,0.65,0.08,8.0,12.0,0.0,0.0,27,83,0.3253012048192771,0.6296296296296297,0.42740740740740746,10.74074074074074,False,2928
0.5,0.65,0.1,8.0,12.0,0.0,0.0,27,83,0.3253012048192771,0.6296296296296297,0.42740740740740746,10.74074074074074,False,2929
0.5,0.65,0.12,8.0,12.0,0.0,0.0,27,83,0.3253012048192771,0.6296296296296297,0.42740740740740746,10.74074074074074,False,2930
0.6,0.7,0.12,6.0,14.0,0.0,0.0,70,83,0.8433734939759037,0.6285714285714286,0.5128571428571428,12.771428571428572,False,2931
0.6,0.7,0.12,8.0,14.0,0.0,0.0,70,83,0.8433734939759037,0.6285714285714286,0.5128571428571428,12.771428571428572,False,2932
0.6,0.7,0.05,2.0,14.0,0.0,0.0,72,83,0.8674698795180723,0.625,0.514861111111111,12.63888888888889,False,2933
0.6,0.7,0.05,4.0,14.0,0.0,0.0,72,83,0.8674698795180723,0.625,0.514861111111111,12.63888888888889,False,2934
0.6,0.7,0.08,2.0,14.0,0.0,0.0,72,83,0.8674698795180723,0.625,0.514861111111111,12.63888888888889,False,2935
0.6,0.7,0.08,4.0,14.0,0.0,0.0,72,83,0.8674698795180723,0.625,0.514861111111111,12.63888888888889,False,2936
0.6,0.7,0.1,2.0,14.0,0.0,0.0,72,83,0.8674698795180723,0.625,0.514861111111111,12.63888888888889,False,2937
0.6,0.7,0.1,4.0,14.0,0.0,0.0,72,83,0.8674698795180723,0.625,0.514861111111111,12.63888888888889,False,2938
0.5,0.7,0.05,4.0,12.0,0.0,0.0,24,83,0.2891566265060241,0.625,0.44708333333333333,9.833333333333334,False,2939
0.5,0.7,0.08,4.0,12.0,0.0,0.0,24,83,0.2891566265060241,0.625,0.44708333333333333,9.833333333333334,False,2940
0.5,0.7,0.1,4.0,12.0,0.0,0.0,24,83,0.2891566265060241,0.625,0.44708333333333333,9.833333333333334,False,2941
0.5,0.7,0.12,4.0,12.0,0.0,0.0,24,83,0.2891566265060241,0.625,0.44708333333333333,9.833333333333334,False,2942
0.5,0.75,0.05,8.0,12.0,0.0,0.0,16,83,0.1927710843373494,0.625,0.44,10.875,False,2943
0.5,0.75,0.08,8.0,12.0,0.0,0.0,16,83,0.1927710843373494,0.625,0.44,10.875,False,2944
0.5,0.75,0.1,8.0,12.0,0.0,0.0,16,83,0.1927710843373494,0.625,0.44,10.875,False,2945
0.5,0.75,0.12,8.0,12.0,0.0,0.0,16,83,0.1927710843373494,0.625,0.44,10.875,False,2946
0.6,0.7,0.05,6.0,14.0,0.0,0.0,71,83,0.8554216867469879,0.6197183098591549,0.5140845070422534,12.746478873239436,False,2947
0.6,0.7,0.05,8.0,14.0,0.0,0.0,71,83,0.8554216867469879,0.6197183098591549,0.5140845070422534,12.746478873239436,False,2948
0.6,0.7,0.08,6.0,14.0,0.0,0.0,71,83,0.8554216867469879,0.6197183098591549,0.5140845070422534,12.746478873239436,False,2949
0.6,0.7,0.08,8.0,14.0,0.0,0.0,71,83,0.8554216867469879,0.6197183098591549,0.5140845070422534,12.746478873239436,False,2950
0.6,0.7,0.1,6.0,14.0,0.0,0.0,71,83,0.8554216867469879,0.6197183098591549,0.5140845070422534,12.746478873239436,False,2951
0.6,0.7,0.1,8.0,14.0,0.0,0.0,71,83,0.8554216867469879,0.6197183098591549,0.5140845070422534,12.746478873239436,False,2952
0.55,0.65,0.05,2.0,14.0,0.0,0.0,60,83,0.7228915662650602,0.6166666666666667,0.4785,12.766666666666667,False,2953
0.55,0.65,0.05,4.0,14.0,0.0,0.0,60,83,0.7228915662650602,0.6166666666666667,0.4785,12.766666666666667,False,2954
0.55,0.65,0.05,6.0,14.0,0.0,0.0,60,83,0.7228915662650602,0.6166666666666667,0.4785,12.766666666666667,False,2955
0.55,0.65,0.05,8.0,14.0,0.0,0.0,60,83,0.7228915662650602,0.6166666666666667,0.4785,12.766666666666667,False,2956
0.55,0.65,0.08,2.0,14.0,0.0,0.0,60,83,0.7228915662650602,0.6166666666666667,0.4785,12.766666666666667,False,2957
0.55,0.65,0.08,4.0,14.0,0.0,0.0,60,83,0.7228915662650602,0.6166666666666667,0.4785,12.766666666666667,False,2958
0.55,0.65,0.08,6.0,14.0,0.0,0.0,60,83,0.7228915662650602,0.6166666666666667,0.4785,12.766666666666667,False,2959
0.55,0.65,0.08,8.0,14.0,0.0,0.0,60,83,0.7228915662650602,0.6166666666666667,0.4785,12.766666666666667,False,2960
0.55,0.65,0.1,2.0,14.0,0.0,0.0,60,83,0.7228915662650602,0.6166666666666667,0.4785,12.766666666666667,False,2961
0.55,0.65,0.1,4.0,14.0,0.0,0.0,60,83,0.7228915662650602,0.6166666666666667,0.4785,12.766666666666667,False,2962
0.55,0.65,0.1,6.0,14.0,0.0,0.0,60,83,0.7228915662650602,0.6166666666666667,0.4785,12.766666666666667,False,2963
0.55,0.65,0.1,8.0,14.0,0.0,0.0,60,83,0.7228915662650602,0.6166666666666667,0.4785,12.766666666666667,False,2964
0.55,0.65,0.12,2.0,14.0,0.0,0.0,60,83,0.7228915662650602,0.6166666666666667,0.4774999999999999,12.75,False,2965
0.55,0.65,0.12,4.0,14.0,0.0,0.0,60,83,0.7228915662650602,0.6166666666666667,0.4774999999999999,12.75,False,2966
0.55,0.65,0.12,6.0,14.0,0.0,0.0,60,83,0.7228915662650602,0.6166666666666667,0.4774999999999999,12.75,False,2967
0.55,0.65,0.12,8.0,14.0,0.0,0.0,60,83,0.7228915662650602,0.6166666666666667,0.4774999999999999,12.75,False,2968
0.45,0.65,0.05,2.0,12.0,0.0,0.0,18,83,0.21686746987951808,0.6111111111111112,0.376,10.444444444444445,False,2969
0.45,0.65,0.08,2.0,12.0,0.0,0.0,18,83,0.21686746987951808,0.6111111111111112,0.376,10.444444444444445,False,2970
0.45,0.65,0.1,2.0,12.0,0.0,0.0,18,83,0.21686746987951808,0.6111111111111112,0.376,10.444444444444445,False,2971
0.45,0.65,0.12,2.0,12.0,0.0,0.0,18,83,0.21686746987951808,0.6111111111111112,0.376,10.444444444444445,False,2972
0.45,0.65,0.05,2.0,10.0,0.0,0.0,10,83,0.12048192771084337,0.6,0.3398,7.1,False,2973
0.45,0.65,0.08,2.0,10.0,0.0,0.0,10,83,0.12048192771084337,0.6,0.3398,7.1,False,2974
0.45,0.65,0.1,2.0,10.0,0.0,0.0,10,83,0.12048192771084337,0.6,0.3398,7.1,False,2975
0.45,0.65,0.12,2.0,10.0,0.0,0.0,10,83,0.12048192771084337,0.6,0.3398,7.1,False,2976
0.6,0.6,0.12,2.0,14.0,0.0,0.0,72,83,0.8674698795180723,0.5972222222222222,0.49791666666666656,12.98611111111111,False,2977
0.6,0.6,0.12,4.0,14.0,0.0,0.0,72,83,0.8674698795180723,0.5972222222222222,0.49791666666666656,12.98611111111111,False,2978
0.6,0.6,0.12,6.0,14.0,0.0,0.0,71,83,0.8554216867469879,0.5915492957746479,0.496901408450704,13.098591549295774,False,2979
0.6,0.6,0.12,8.0,14.0,0.0,0.0,71,83,0.8554216867469879,0.5915492957746479,0.496901408450704,13.098591549295774,False,2980
0.5,0.7,0.05,6.0,12.0,0.0,0.0,22,83,0.26506024096385544,0.5909090909090909,0.4436363636363636,10.318181818181818,False,2981
0.5,0.7,0.08,6.0,12.0,0.0,0.0,22,83,0.26506024096385544,0.5909090909090909,0.4436363636363636,10.318181818181818,False,2982
0.5,0.7,0.1,6.0,12.0,0.0,0.0,22,83,0.26506024096385544,0.5909090909090909,0.4436363636363636,10.318181818181818,False,2983
0.5,0.7,0.12,6.0,12.0,0.0,0.0,22,83,0.26506024096385544,0.5909090909090909,0.4436363636363636,10.318181818181818,False,2984
0.6,0.6,0.05,2.0,14.0,0.0,0.0,72,83,0.8674698795180723,0.5833333333333334,0.5047222222222223,13.305555555555555,False,2985
0.6,0.6,0.05,4.0,14.0,0.0,0.0,72,83,0.8674698795180723,0.5833333333333334,0.5047222222222223,13.305555555555555,False,2986
0.6,0.6,0.05,6.0,14.0,0.0,0.0,72,83,0.8674698795180723,0.5833333333333334,0.5047222222222223,13.305555555555555,False,2987
0.6,0.6,0.05,8.0,14.0,0.0,0.0,72,83,0.8674698795180723,0.5833333333333334,0.5047222222222223,13.305555555555555,False,2988
0.6,0.6,0.08,2.0,14.0,0.0,0.0,72,83,0.8674698795180723,0.5833333333333334,0.5045833333333333,13.291666666666666,False,2989
0.6,0.6,0.08,4.0,14.0,0.0,0.0,72,83,0.8674698795180723,0.5833333333333334,0.5045833333333333,13.291666666666666,False,2990
0.6,0.6,0.08,6.0,14.0,0.0,0.0,72,83,0.8674698795180723,0.5833333333333334,0.5045833333333333,13.291666666666666,False,2991
0.6,0.6,0.08,8.0,14.0,0.0,0.0,72,83,0.8674698795180723,0.5833333333333334,0.5045833333333333,13.291666666666666,False,2992
0.6,0.65,0.12,2.0,14.0,0.0,0.0,72,83,0.8674698795180723,0.5833333333333334,0.5084722222222222,12.86111111111111,False,2993
0.6,0.65,0.12,4.0,14.0,0.0,0.0,72,83,0.8674698795180723,0.5833333333333334,0.5084722222222222,12.86111111111111,False,2994
0.45,0.6,0.05,2.0,14.0,25.0,0.0,12,83,0.14457831325301204,0.5833333333333334,0.3975,12.333333333333334,False,2995
0.45,0.6,0.05,4.0,14.0,25.0,0.0,12,83,0.14457831325301204,0.5833333333333334,0.3975,12.333333333333334,False,2996
0.45,0.6,0.05,6.0,14.0,25.0,0.0,12,83,0.14457831325301204,0.5833333333333334,0.3975,12.333333333333334,False,2997
0.45,0.6,0.05,8.0,14.0,25.0,0.0,12,83,0.14457831325301204,0.5833333333333334,0.3975,12.333333333333334,False,2998
0.45,0.6,0.08,2.0,14.0,25.0,0.0,12,83,0.14457831325301204,0.5833333333333334,0.3975,12.333333333333334,False,2999
0.45,0.6,0.08,4.0,14.0,25.0,0.0,12,83,0.14457831325301204,0.5833333333333334,0.3975,12.333333333333334,False,3000
0.45,0.6,0.08,6.0,14.0,25.0,0.0,12,83,0.14457831325301204,0.5833333333333334,0.3975,12.333333333333334,False,3001
0.45,0.6,0.08,8.0,14.0,25.0,0.0,12,83,0.14457831325301204,0.5833333333333334,0.3975,12.333333333333334,False,3002
0.45,0.6,0.1,2.0,14.0,25.0,0.0,12,83,0.14457831325301204,0.5833333333333334,0.3975,12.333333333333334,False,3003
0.45,0.6,0.1,4.0,14.0,25.0,0.0,12,83,0.14457831325301204,0.5833333333333334,0.3975,12.333333333333334,False,3004
0.45,0.6,0.1,6.0,14.0,25.0,0.0,12,83,0.14457831325301204,0.5833333333333334,0.3975,12.333333333333334,False,3005
0.45,0.6,0.1,8.0,14.0,25.0,0.0,12,83,0.14457831325301204,0.5833333333333334,0.3975,12.333333333333334,False,3006
0.45,0.6,0.12,2.0,14.0,25.0,0.0,12,83,0.14457831325301204,0.5833333333333334,0.3975,12.333333333333334,False,3007
0.45,0.6,0.12,4.0,14.0,25.0,0.0,12,83,0.14457831325301204,0.5833333333333334,0.3975,12.333333333333334,False,3008
0.45,0.6,0.12,6.0,14.0,25.0,0.0,12,83,0.14457831325301204,0.5833333333333334,0.3975,12.333333333333334,False,3009
0.45,0.6,0.12,8.0,14.0,25.0,0.0,12,83,0.14457831325301204,0.5833333333333334,0.3975,12.333333333333334,False,3010
0.6,0.65,0.12,6.0,14.0,0.0,0.0,71,83,0.8554216867469879,0.5774647887323944,0.5076056338028168,12.971830985915492,False,3011
0.6,0.65,0.12,8.0,14.0,0.0,0.0,71,83,0.8554216867469879,0.5774647887323944,0.5076056338028168,12.971830985915492,False,3012
0.6,0.6,0.1,2.0,14.0,0.0,0.0,72,83,0.8674698795180723,0.5694444444444444,0.5030555555555556,13.125,False,3013
0.6,0.6,0.1,4.0,14.0,0.0,0.0,72,83,0.8674698795180723,0.5694444444444444,0.5030555555555556,13.125,False,3014
0.6,0.6,0.1,6.0,14.0,0.0,0.0,72,83,0.8674698795180723,0.5694444444444444,0.5030555555555556,13.125,False,3015
0.6,0.6,0.1,8.0,14.0,0.0,0.0,72,83,0.8674698795180723,0.5694444444444444,0.5030555555555556,13.125,False,3016
0.6,0.65,0.05,2.0,14.0,0.0,0.0,72,83,0.8674698795180723,0.5555555555555556,0.5143055555555556,13.069444444444445,False,3017
0.6,0.65,0.05,4.0,14.0,0.0,0.0,72,83,0.8674698795180723,0.5555555555555556,0.5143055555555556,13.069444444444445,False,3018
0.6,0.65,0.05,6.0,14.0,0.0,0.0,72,83,0.8674698795180723,0.5555555555555556,0.5143055555555556,13.069444444444445,False,3019
0.6,0.65,0.05,8.0,14.0,0.0,0.0,72,83,0.8674698795180723,0.5555555555555556,0.5143055555555556,13.069444444444445,False,3020
0.6,0.65,0.08,2.0,14.0,0.0,0.0,72,83,0.8674698795180723,0.5555555555555556,0.5141666666666667,13.055555555555555,False,3021
0.6,0.65,0.08,4.0,14.0,0.0,0.0,72,83,0.8674698795180723,0.5555555555555556,0.5141666666666667,13.055555555555555,False,3022
0.6,0.65,0.08,6.0,14.0,0.0,0.0,72,83,0.8674698795180723,0.5555555555555556,0.5141666666666667,13.055555555555555,False,3023
0.6,0.65,0.08,8.0,14.0,0.0,0.0,72,83,0.8674698795180723,0.5555555555555556,0.5141666666666667,13.055555555555555,False,3024
0.6,0.65,0.1,2.0,14.0,0.0,0.0,72,83,0.8674698795180723,0.5555555555555556,0.5136111111111111,13.0,False,3025
0.6,0.65,0.1,4.0,14.0,0.0,0.0,72,83,0.8674698795180723,0.5555555555555556,0.5136111111111111,13.0,False,3026
0.6,0.65,0.1,6.0,14.0,0.0,0.0,72,83,0.8674698795180723,0.5555555555555556,0.5136111111111111,13.0,False,3027
0.6,0.65,0.1,8.0,14.0,0.0,0.0,72,83,0.8674698795180723,0.5555555555555556,0.5136111111111111,13.0,False,3028
0.5,0.7,0.05,8.0,12.0,0.0,0.0,20,83,0.24096385542168675,0.55,0.43850000000000006,10.7,False,3029
0.5,0.7,0.08,8.0,12.0,0.0,0.0,20,83,0.24096385542168675,0.55,0.43850000000000006,10.7,False,3030
0.5,0.7,0.1,8.0,12.0,0.0,0.0,20,83,0.24096385542168675,0.55,0.43850000000000006,10.7,False,3031
0.5,0.7,0.12,8.0,12.0,0.0,0.0,20,83,0.24096385542168675,0.55,0.43850000000000006,10.7,False,3032
0.45,0.7,0.05,4.0,12.0,0.0,0.0,11,83,0.13253012048192772,0.5454545454545454,0.4027272727272727,10.818181818181818,False,3033
0.45,0.7,0.05,6.0,12.0,0.0,0.0,11,83,0.13253012048192772,0.5454545454545454,0.4027272727272727,10.818181818181818,False,3034
0.45,0.7,0.05,8.0,12.0,0.0,0.0,11,83,0.13253012048192772,0.5454545454545454,0.4027272727272727,10.818181818181818,False,3035
0.45,0.7,0.08,4.0,12.0,0.0,0.0,11,83,0.13253012048192772,0.5454545454545454,0.4027272727272727,10.818181818181818,False,3036
0.45,0.7,0.08,6.0,12.0,0.0,0.0,11,83,0.13253012048192772,0.5454545454545454,0.4027272727272727,10.818181818181818,False,3037
0.45,0.7,0.08,8.0,12.0,0.0,0.0,11,83,0.13253012048192772,0.5454545454545454,0.4027272727272727,10.818181818181818,False,3038
0.45,0.7,0.1,4.0,12.0,0.0,0.0,11,83,0.13253012048192772,0.5454545454545454,0.4027272727272727,10.818181818181818,False,3039
0.45,0.7,0.1,6.0,12.0,0.0,0.0,11,83,0.13253012048192772,0.5454545454545454,0.4027272727272727,10.818181818181818,False,3040
0.45,0.7,0.1,8.0,12.0,0.0,0.0,11,83,0.13253012048192772,0.5454545454545454,0.4027272727272727,10.818181818181818,False,3041
0.45,0.7,0.12,4.0,12.0,0.0,0.0,11,83,0.13253012048192772,0.5454545454545454,0.4027272727272727,10.818181818181818,False,3042
0.45,0.7,0.12,6.0,12.0,0.0,0.0,11,83,0.13253012048192772,0.5454545454545454,0.4027272727272727,10.818181818181818,False,3043
0.45,0.7,0.12,8.0,12.0,0.0,0.0,11,83,0.13253012048192772,0.5454545454545454,0.4027272727272727,10.818181818181818,False,3044
0.45,0.7,0.05,2.0,12.0,0.0,0.0,13,83,0.1566265060240964,0.5384615384615384,0.3675384615384615,9.538461538461538,False,3045
0.45,0.7,0.08,2.0,12.0,0.0,0.0,13,83,0.1566265060240964,0.5384615384615384,0.3675384615384615,9.538461538461538,False,3046
0.45,0.7,0.1,2.0,12.0,0.0,0.0,13,83,0.1566265060240964,0.5384615384615384,0.3675384615384615,9.538461538461538,False,3047
0.45,0.7,0.12,2.0,12.0,0.0,0.0,13,83,0.1566265060240964,0.5384615384615384,0.3675384615384615,9.538461538461538,False,3048
0.45,0.75,0.05,2.0,14.0,0.0,0.0,10,83,0.12048192771084337,0.5,0.37,10.7,False,3049
0.45,0.75,0.08,2.0,14.0,0.0,0.0,10,83,0.12048192771084337,0.5,0.37,10.7,False,3050
0.45,0.75,0.1,2.0,14.0,0.0,0.0,10,83,0.12048192771084337,0.5,0.37,10.7,False,3051
0.45,0.75,0.12,2.0,14.0,0.0,0.0,10,83,0.12048192771084337,0.5,0.37,10.7,False,3052
0.45,0.7,0.05,2.0,14.0,0.0,0.0,14,83,0.1686746987951807,0.42857142857142855,0.39214285714285707,11.0,False,3053
0.45,0.7,0.08,2.0,14.0,0.0,0.0,14,83,0.1686746987951807,0.42857142857142855,0.39214285714285707,11.0,False,3054
0.45,0.7,0.1,2.0,14.0,0.0,0.0,14,83,0.1686746987951807,0.42857142857142855,0.39214285714285707,11.0,False,3055
0.45,0.7,0.12,2.0,14.0,0.0,0.0,14,83,0.1686746987951807,0.42857142857142855,0.39214285714285707,11.0,False,3056
0.45,0.7,0.05,4.0,14.0,0.0,0.0,13,83,0.1566265060240964,0.38461538461538464,0.3984615384615384,11.692307692307692,False,3057
0.45,0.7,0.05,6.0,14.0,0.0,0.0,13,83,0.1566265060240964,0.38461538461538464,0.3984615384615384,11.692307692307692,False,3058
0.45,0.7,0.05,8.0,14.0,0.0,0.0,13,83,0.1566265060240964,0.38461538461538464,0.3984615384615384,11.692307692307692,False,3059
0.45,0.7,0.08,4.0,14.0,0.0,0.0,13,83,0.1566265060240964,0.38461538461538464,0.3984615384615384,11.692307692307692,False,3060
0.45,0.7,0.08,6.0,14.0,0.0,0.0,13,83,0.1566265060240964,0.38461538461538464,0.3984615384615384,11.692307692307692,False,3061
0.45,0.7,0.08,8.0,14.0,0.0,0.0,13,83,0.1566265060240964,0.38461538461538464,0.3984615384615384,11.692307692307692,False,3062
0.45,0.7,0.1,4.0,14.0,0.0,0.0,13,83,0.1566265060240964,0.38461538461538464,0.3984615384615384,11.692307692307692,False,3063
0.45,0.7,0.1,6.0,14.0,0.0,0.0,13,83,0.1566265060240964,0.38461538461538464,0.3984615384615384,11.692307692307692,False,3064
0.45,0.7,0.1,8.0,14.0,0.0,0.0,13,83,0.1566265060240964,0.38461538461538464,0.3984615384615384,11.692307692307692,False,3065
0.45,0.7,0.12,4.0,14.0,0.0,0.0,13,83,0.1566265060240964,0.38461538461538464,0.3984615384615384,11.692307692307692,False,3066
0.45,0.7,0.12,6.0,14.0,0.0,0.0,13,83,0.1566265060240964,0.38461538461538464,0.3984615384615384,11.692307692307692,False,3067
0.45,0.7,0.12,8.0,14.0,0.0,0.0,13,83,0.1566265060240964,0.38461538461538464,0.3984615384615384,11.692307692307692,False,3068
