timestamp_utc,ticker,target,elapsed_min,remaining_min,coinbase_close,distance_target,current_side,flip_prob,stay_prob,fair_up,fair_down,preferred_side,fair_preferred,up_bid,up_ask,down_bid,down_ask,preferred_ask,edge,signal_status,entry_status
2026-08-23T13:23:00.337610+00:00,KXBTC15M-26AUG230930-30,77314.13,8.005626833333332,6.994373166666667,77526.9,212.76999999998952,UP,0.011904761904761904,0.9880952380952381,0.9880952380952381,0.011904761904761904,UP,0.9880952380952381,0.908,0.909,0.091,0.092,0.909,0.07909523809523811,90%+ LOCK CANDIDATE,SMALL EDGE
2026-08-23T13:27:50.368773+00:00,KXBTC15M-26AUG230930-30,77314.13,12.83947955,2.16052045,77535.42,221.2899999999936,UP,0.0,1.0,1.0,0.0,UP,1.0,0.996,0.997,0.003,0.004,0.997,0.0030000000000000027,LOCK,SMALL EDGE
2026-08-23T13:28:20.262556+00:00,KXBTC15M-26AUG230930-30,77314.13,13.337709266666668,1.6622907333333332,77492.53,178.39999999999418,UP,0.0,1.0,1.0,0.0,UP,1.0,0.998,0.999,0.001,0.002,0.999,0.0010000000000000009,LOCK,SMALL EDGE
2026-08-23T13:28:50.312123+00:00,KXBTC15M-26AUG230930-30,77314.13,13.838535383333333,1.1614646166666667,77477.42,163.2899999999936,UP,0.011904761904761904,0.9880952380952381,0.9880952380952381,0.011904761904761904,UP,0.9880952380952381,0.999,1.0,0.0,0.001,1.0,-0.011904761904761862,LOCK,NO VALUE
2026-08-23T13:29:20.234172+00:00,KXBTC15M-26AUG230930-30,77314.13,14.3372362,0.6627638,77454.31,140.17999999999302,UP,0.05128205128205128,0.9487179487179487,0.9487179487179487,0.05128205128205128,UP,0.9487179487179487,0.998,0.999,0.001,0.002,0.999,-0.05028205128205132,LOCK,NO VALUE
2026-08-23T13:29:50.157681+00:00,KXBTC15M-26AUG230930-30,77314.13,14.83596135,0.16403865,77443.95,129.81999999999243,UP,0.06989247311827956,0.9301075268817205,0.9301075268817205,0.06989247311827956,UP,0.9301075268817205,0.999,1.0,0.0,0.001,1.0,-0.06989247311827951,LOCK,NO VALUE
2026-08-23T13:30:20.203916+00:00,KXBTC15M-26AUG230945-45,77453.38,0.33673193333333334,14.663268066666665,77383.45,-69.93000000000757,DOWN,0.39344262295081966,0.6065573770491803,0.39344262295081966,0.6065573770491803,DOWN,0.6065573770491803,0.34,0.35,0.65,0.66,0.66,-0.053442622950819696,RAW,NO VALUE
2026-08-23T13:30:50.189128+00:00,KXBTC15M-26AUG230945-45,77453.38,0.8364854666666666,14.163514533333334,77377.93,-75.45000000001164,DOWN,0.39344262295081966,0.6065573770491803,0.39344262295081966,0.6065573770491803,DOWN,0.6065573770491803,0.37,0.38,0.62,0.63,0.63,-0.02344262295081967,RAW,NO VALUE
2026-08-23T13:31:20.280243+00:00,KXBTC15M-26AUG230945-45,77453.38,1.33800405,13.66199595,77377.92,-75.4600000000064,DOWN,0.39344262295081966,0.6065573770491803,0.39344262295081966,0.6065573770491803,DOWN,0.6065573770491803,0.28,0.29,0.71,0.72,0.72,-0.11344262295081964,RAW,NO VALUE
2026-08-23T13:31:50.149817+00:00,KXBTC15M-26AUG230945-45,77453.38,1.8358302833333333,13.164169716666667,77487.85,34.470000000001164,UP,0.27388535031847133,0.7261146496815287,0.7261146496815287,0.27388535031847133,UP,0.7261146496815287,0.28,0.29,0.71,0.72,0.29,0.43611464968152874,LEAN,IDEAL <=50c / LARGE EDGE
2026-08-23T13:32:20.317453+00:00,KXBTC15M-26AUG230945-45,77453.38,2.3386242166666666,12.661375783333334,77442.66,-10.720000000001164,DOWN,0.4336734693877551,0.5663265306122449,0.4336734693877551,0.5663265306122449,DOWN,0.5663265306122449,0.58,0.59,0.41,0.42,0.42,0.14632653061224493,RAW,POSITIVE EDGE
2026-08-23T13:32:50.199999+00:00,KXBTC15M-26AUG230945-45,77453.38,2.8366666499999997,12.163333349999998,77427.59,-25.79000000000815,DOWN,0.42857142857142855,0.5714285714285714,0.42857142857142855,0.5714285714285714,DOWN,0.5714285714285714,0.46,0.47,0.53,0.54,0.54,0.03142857142857136,RAW,SMALL EDGE
2026-08-23T13:33:20.256050+00:00,KXBTC15M-26AUG230945-45,77453.38,3.337600833333333,11.662399166666667,77383.09,-70.29000000000815,DOWN,0.4336734693877551,0.5663265306122449,0.4336734693877551,0.5663265306122449,DOWN,0.5663265306122449,0.41,0.42,0.58,0.59,0.59,-0.023673469387755053,RAW,NO VALUE
2026-08-23T13:33:50.243914+00:00,KXBTC15M-26AUG230945-45,77453.38,3.8373985666666663,11.162601433333332,77408.49,-44.88999999999942,DOWN,0.42857142857142855,0.5714285714285714,0.42857142857142855,0.5714285714285714,DOWN,0.5714285714285714,0.37,0.38,0.62,0.63,0.63,-0.05857142857142861,RAW,NO VALUE
2026-08-23T13:34:20.137563+00:00,KXBTC15M-26AUG230945-45,77453.38,4.33562605,10.66437395,77404.58,-48.80000000000291,DOWN,0.4336734693877551,0.5663265306122449,0.4336734693877551,0.5663265306122449,DOWN,0.5663265306122449,0.33,0.34,0.66,0.67,0.67,-0.10367346938775512,RAW,NO VALUE
2026-08-23T13:34:50.316167+00:00,KXBTC15M-26AUG230945-45,77453.38,4.838602783333333,10.161397216666668,77389.38,-64.0,DOWN,0.42857142857142855,0.5714285714285714,0.42857142857142855,0.5714285714285714,DOWN,0.5714285714285714,0.3,0.31,0.69,0.7,0.7,-0.12857142857142856,RAW,NO VALUE
2026-08-23T13:35:20.219294+00:00,KXBTC15M-26AUG230945-45,77453.38,5.336988233333333,9.663011766666667,77351.18,-102.20000000001164,DOWN,0.3652173913043478,0.6347826086956522,0.3652173913043478,0.6347826086956522,DOWN,0.6347826086956522,0.28,0.29,0.71,0.72,0.72,-0.0852173913043478,RAW,NO VALUE
2026-08-23T13:35:50.202293+00:00,KXBTC15M-26AUG230945-45,77453.38,5.836704883333334,9.163295116666665,77351.19,-102.19000000000233,DOWN,0.27388535031847133,0.7261146496815287,0.27388535031847133,0.7261146496815287,DOWN,0.7261146496815287,0.26,0.27,0.73,0.74,0.74,-0.013885350318471268,LEAN,NO VALUE
2026-08-23T13:36:20.190782+00:00,KXBTC15M-26AUG230945-45,77453.38,6.3365130333333335,8.663486966666666,77431.4,-21.980000000010477,DOWN,0.42857142857142855,0.5714285714285714,0.42857142857142855,0.5714285714285714,DOWN,0.5714285714285714,0.28,0.29,0.71,0.72,0.72,-0.14857142857142858,RAW,NO VALUE
2026-08-23T13:36:50.206941+00:00,KXBTC15M-26AUG230945-45,77453.38,6.836782349999999,8.16321765,77465.77,12.389999999999418,UP,0.39344262295081966,0.6065573770491803,0.6065573770491803,0.39344262295081966,UP,0.6065573770491803,0.49,0.5,0.5,0.51,0.5,0.10655737704918034,RAW,POSITIVE EDGE
2026-08-23T13:37:20.160031+00:00,KXBTC15M-26AUG230945-45,77453.38,7.336000516666667,7.663999483333333,77468.85,15.470000000001164,UP,0.39344262295081966,0.6065573770491803,0.6065573770491803,0.39344262295081966,UP,0.6065573770491803,0.49,0.5,0.5,0.51,0.5,0.10655737704918034,RAW,POSITIVE EDGE
2026-08-23T13:37:50.270640+00:00,KXBTC15M-26AUG230945-45,77453.38,7.8378440000000005,7.1621559999999995,77476.33,22.94999999999709,UP,0.3652173913043478,0.6347826086956522,0.6347826086956522,0.3652173913043478,UP,0.6347826086956522,0.5,0.51,0.49,0.5,0.51,0.12478260869565216,RAW,POSITIVE EDGE
2026-08-23T13:38:20.351838+00:00,KXBTC15M-26AUG230945-45,77453.38,8.3391973,6.6608027000000005,77473.43,20.04999999998836,UP,0.3652173913043478,0.6347826086956522,0.6347826086956522,0.3652173913043478,UP,0.6347826086956522,0.54,0.55,0.45,0.46,0.55,0.08478260869565213,RAW,SMALL EDGE
2026-08-23T13:38:50.203207+00:00,KXBTC15M-26AUG230945-45,77453.38,8.836720116666667,6.163279883333333,77507.8,54.419999999998254,UP,0.27388535031847133,0.7261146496815287,0.7261146496815287,0.27388535031847133,UP,0.7261146496815287,0.58,0.59,0.41,0.42,0.59,0.13611464968152875,LEAN,POSITIVE EDGE
2026-08-23T13:39:20.267707+00:00,KXBTC15M-26AUG230945-45,77453.38,9.337795116666666,5.662204883333334,77542.18,88.79999999998836,UP,0.24060150375939848,0.7593984962406015,0.7593984962406015,0.24060150375939848,UP,0.7593984962406015,0.7,0.71,0.29,0.3,0.71,0.04939849624060155,LEAN,SMALL EDGE
2026-08-23T13:39:50.130792+00:00,KXBTC15M-26AUG230945-45,77453.38,9.835513200000001,5.164486800000001,77572.74,119.36000000000058,UP,0.10714285714285714,0.8928571428571429,0.8928571428571429,0.10714285714285714,UP,0.8928571428571429,0.87,0.88,0.12,0.13,0.88,0.0128571428571429,STRONG,SMALL EDGE
2026-08-23T13:40:20.148195+00:00,KXBTC15M-26AUG230945-45,77453.38,10.33580325,4.66419675,77589.83,136.4499999999971,UP,0.06989247311827956,0.9301075268817205,0.9301075268817205,0.06989247311827956,UP,0.9301075268817205,0.89,0.9,0.1,0.11,0.9,0.03010752688172047,LOCK,SMALL EDGE
2026-08-23T13:40:50.185220+00:00,KXBTC15M-26AUG230945-45,77453.38,10.836420333333333,4.163579666666667,77551.32,97.94000000000233,UP,0.06989247311827956,0.9301075268817205,0.9301075268817205,0.06989247311827956,UP,0.9301075268817205,0.88,0.89,0.11,0.12,0.89,0.04010752688172048,LOCK,SMALL EDGE
2026-08-23T13:41:20.218330+00:00,KXBTC15M-26AUG230945-45,77453.38,11.336972166666667,3.663027833333333,77520.46,67.08000000000175,UP,0.24060150375939848,0.7593984962406015,0.7593984962406015,0.24060150375939848,UP,0.7593984962406015,0.929,0.93,0.07,0.071,0.93,-0.17060150375939853,LEAN,NO VALUE
2026-08-23T13:41:50.340079+00:00,KXBTC15M-26AUG230945-45,77453.38,11.839001316666666,3.1609986833333332,77520.46,67.08000000000175,UP,0.109375,0.890625,0.890625,0.109375,UP,0.890625,0.89,0.9,0.1,0.11,0.9,-0.009375000000000022,STRONG,NO VALUE
2026-08-23T13:42:20.343296+00:00,KXBTC15M-26AUG230945-45,77453.38,12.339054933333333,2.6609450666666663,77501.72,48.33999999999651,UP,0.19811320754716982,0.8018867924528301,0.8018867924528301,0.19811320754716982,UP,0.8018867924528301,0.86,0.87,0.13,0.14,0.87,-0.06811320754716987,STRONG,NO VALUE
2026-08-23T13:42:50.151053+00:00,KXBTC15M-26AUG230945-45,77453.38,12.835850883333334,2.1641491166666667,77499.1,45.720000000001164,UP,0.109375,0.890625,0.890625,0.109375,UP,0.890625,0.86,0.87,0.13,0.14,0.87,0.020625000000000004,STRONG,SMALL EDGE
2026-08-23T13:43:20.243514+00:00,KXBTC15M-26AUG230945-45,77453.38,13.3373919,1.6626081,77488.17,34.7899999999936,UP,0.109375,0.890625,0.890625,0.109375,UP,0.890625,0.88,0.89,0.11,0.12,0.89,0.0006249999999999867,STRONG,SMALL EDGE
2026-08-23T13:43:50.202505+00:00,KXBTC15M-26AUG230945-45,77453.38,13.836708416666665,1.1632915833333333,77485.92,32.5399999999936,UP,0.109375,0.890625,0.890625,0.109375,UP,0.890625,0.88,0.89,0.11,0.12,0.89,0.0006249999999999867,STRONG,SMALL EDGE
2026-08-23T13:44:20.244102+00:00,KXBTC15M-26AUG230945-45,77453.38,14.3374017,0.6625983000000001,77483.01,29.629999999990105,UP,0.10714285714285714,0.8928571428571429,0.8928571428571429,0.10714285714285714,UP,0.8928571428571429,0.965,0.966,0.034,0.035,0.966,-0.07314285714285707,STRONG,NO VALUE
2026-08-23T13:44:50.253341+00:00,KXBTC15M-26AUG230945-45,77453.38,14.837555683333333,0.16244431666666664,77510.29,56.90999999998894,UP,0.06989247311827956,0.9301075268817205,0.9301075268817205,0.06989247311827956,UP,0.9301075268817205,0.998,0.999,0.001,0.002,0.999,-0.0688924731182795,LOCK,NO VALUE
2026-08-23T13:45:20.398349+00:00,KXBTC15M-26AUG231000-00,77498.04,0.33997248333333335,14.660027516666666,77458.15,-39.88999999999942,DOWN,0.4336734693877551,0.5663265306122449,0.4336734693877551,0.5663265306122449,DOWN,0.5663265306122449,0.49,0.5,0.5,0.51,0.51,0.05632653061224491,RAW,SMALL EDGE
2026-08-23T13:45:50.333521+00:00,KXBTC15M-26AUG231000-00,77498.04,0.8388920166666666,14.161107983333332,77454.31,-43.729999999995925,DOWN,0.4336734693877551,0.5663265306122449,0.4336734693877551,0.5663265306122449,DOWN,0.5663265306122449,0.33,0.34,0.66,0.67,0.67,-0.10367346938775512,RAW,NO VALUE
2026-08-23T13:46:20.166116+00:00,KXBTC15M-26AUG231000-00,77498.04,1.3361019333333333,13.663898066666667,77453.82,-44.21999999998661,DOWN,0.4336734693877551,0.5663265306122449,0.4336734693877551,0.5663265306122449,DOWN,0.5663265306122449,0.38,0.39,0.61,0.62,0.62,-0.05367346938775508,RAW,NO VALUE
2026-08-23T13:46:50.300294+00:00,KXBTC15M-26AUG231000-00,77498.04,1.8383382333333331,13.161661766666667,77484.88,-13.15999999998894,DOWN,0.4336734693877551,0.5663265306122449,0.4336734693877551,0.5663265306122449,DOWN,0.5663265306122449,0.44,0.45,0.55,0.56,0.56,0.006326530612244863,RAW,SMALL EDGE
2026-08-23T14:26:13.883152+00:00,KXBTC15M-26AUG231030-30,77542.94,11.231385866666667,3.7686141333333336,77481.78,-61.16000000000349,DOWN,0.19811320754716982,0.8018867924528301,0.19811320754716982,0.8018867924528301,DOWN,0.8018867924528301,0.1,0.11,0.89,0.9,0.9,-0.0981132075471699,STRONG,NO VALUE
2026-08-23T14:26:43.773641+00:00,KXBTC15M-26AUG231030-30,77542.94,11.729560683333334,3.2704393166666668,77461.97,-80.97000000000116,DOWN,0.011904761904761904,0.9880952380952381,0.011904761904761904,0.9880952380952381,DOWN,0.9880952380952381,0.15,0.16,0.84,0.85,0.85,0.13809523809523816,LOCK,POSITIVE EDGE
2026-08-23T14:27:13.806716+00:00,KXBTC15M-26AUG231030-30,77542.94,12.230111933333335,2.7698880666666668,77473.29,-69.65000000000873,DOWN,0.06989247311827956,0.9301075268817205,0.06989247311827956,0.9301075268817205,DOWN,0.9301075268817205,0.076,0.077,0.923,0.924,0.924,0.006107526881720449,LOCK,SMALL EDGE
2026-08-23T14:27:43.674927+00:00,KXBTC15M-26AUG231030-30,77542.94,12.727915450000001,2.27208455,77473.33,-69.61000000000058,DOWN,0.011904761904761904,0.9880952380952381,0.011904761904761904,0.9880952380952381,DOWN,0.9880952380952381,0.06,0.062,0.938,0.94,0.94,0.04809523809523819,LOCK,SMALL EDGE
2026-08-23T14:28:13.742725+00:00,KXBTC15M-26AUG231030-30,77542.94,13.229045416666667,1.7709545833333336,77463.47,-79.47000000000116,DOWN,0.0,1.0,0.0,1.0,DOWN,1.0,0.02,0.022,0.978,0.98,0.98,0.020000000000000018,LOCK,SMALL EDGE
2026-08-23T14:28:43.714365+00:00,KXBTC15M-26AUG231030-30,77542.94,13.728572750000001,1.27142725,77481.04,-61.90000000000873,DOWN,0.011904761904761904,0.9880952380952381,0.011904761904761904,0.9880952380952381,DOWN,0.9880952380952381,0.019,0.02,0.98,0.981,0.981,0.007095238095238154,LOCK,SMALL EDGE
2026-08-23T14:29:13.754699+00:00,KXBTC15M-26AUG231030-30,77542.94,14.229244983333333,0.7707550166666667,77477.76,-65.18000000000757,DOWN,0.0,1.0,0.0,1.0,DOWN,1.0,0.0,0.001,0.999,1.0,1.0,0.0,LOCK,NO VALUE
2026-08-23T14:29:43.732018+00:00,KXBTC15M-26AUG231030-30,77542.94,14.728866966666667,0.27113303333333333,77439.9,-103.04000000000815,DOWN,0.011904761904761904,0.9880952380952381,0.011904761904761904,0.9880952380952381,DOWN,0.9880952380952381,0.0,0.001,0.999,1.0,1.0,-0.011904761904761862,LOCK,NO VALUE
2026-08-23T14:30:43.810893+00:00,KXBTC15M-26AUG231045-45,77459.25,0.73018155,14.26981845,77454.36,-4.889999999999418,DOWN,0.4336734693877551,0.5663265306122449,0.4336734693877551,0.5663265306122449,DOWN,0.5663265306122449,0.45,0.46,0.54,0.55,0.55,0.01632653061224487,RAW,SMALL EDGE
2026-08-23T14:31:13.749893+00:00,KXBTC15M-26AUG231045-45,77459.25,1.2291648833333333,13.770835116666666,77432.85,-26.39999999999418,DOWN,0.4336734693877551,0.5663265306122449,0.4336734693877551,0.5663265306122449,DOWN,0.5663265306122449,0.46,0.47,0.53,0.54,0.54,0.02632653061224488,RAW,SMALL EDGE
2026-08-23T14:31:43.711736+00:00,KXBTC15M-26AUG231045-45,77459.25,1.7285289333333334,13.271471066666667,77454.32,-4.929999999993015,DOWN,0.4336734693877551,0.5663265306122449,0.4336734693877551,0.5663265306122449,DOWN,0.5663265306122449,0.44,0.45,0.55,0.56,0.56,0.006326530612244863,RAW,SMALL EDGE
2026-08-23T14:32:13.675337+00:00,KXBTC15M-26AUG231045-45,77459.25,2.2279222833333336,12.772077716666667,77420.04,-39.2100000000064,DOWN,0.4336734693877551,0.5663265306122449,0.4336734693877551,0.5663265306122449,DOWN,0.5663265306122449,0.48,0.49,0.51,0.52,0.52,0.0463265306122449,RAW,SMALL EDGE
2026-08-23T14:32:43.682594+00:00,KXBTC15M-26AUG231045-45,77459.25,2.728043233333333,12.271956766666667,77436.01,-23.24000000000524,DOWN,0.4336734693877551,0.5663265306122449,0.4336734693877551,0.5663265306122449,DOWN,0.5663265306122449,0.38,0.39,0.61,0.62,0.62,-0.05367346938775508,RAW,NO VALUE
2026-08-23T14:33:13.801504+00:00,KXBTC15M-26AUG231045-45,77459.25,3.2300250666666668,11.769974933333334,77405.29,-53.9600000000064,DOWN,0.42857142857142855,0.5714285714285714,0.42857142857142855,0.5714285714285714,DOWN,0.5714285714285714,0.39,0.4,0.6,0.61,0.61,-0.03857142857142859,RAW,NO VALUE
2026-08-23T14:33:43.665840+00:00,KXBTC15M-26AUG231045-45,77459.25,3.727764,11.272236,77410.53,-48.720000000001164,DOWN,0.42857142857142855,0.5714285714285714,0.42857142857142855,0.5714285714285714,DOWN,0.5714285714285714,0.35,0.36,0.64,0.65,0.65,-0.07857142857142863,RAW,NO VALUE
2026-08-23T14:34:13.840927+00:00,KXBTC15M-26AUG231045-45,77459.25,4.230682116666666,10.769317883333335,77415.58,-43.669999999998254,DOWN,0.42857142857142855,0.5714285714285714,0.42857142857142855,0.5714285714285714,DOWN,0.5714285714285714,0.34,0.35,0.65,0.66,0.66,-0.08857142857142863,RAW,NO VALUE
2026-08-23T14:34:43.942773+00:00,KXBTC15M-26AUG231045-45,77459.25,4.73237955,10.26762045,77417.63,-41.61999999999534,DOWN,0.39344262295081966,0.6065573770491803,0.39344262295081966,0.6065573770491803,DOWN,0.6065573770491803,0.36,0.37,0.63,0.64,0.64,-0.03344262295081968,RAW,NO VALUE
2026-08-23T14:35:13.728713+00:00,KXBTC15M-26AUG231045-45,77459.25,5.228811883333334,9.771188116666668,77421.55,-37.69999999999709,DOWN,0.39344262295081966,0.6065573770491803,0.39344262295081966,0.6065573770491803,DOWN,0.6065573770491803,0.36,0.37,0.63,0.64,0.64,-0.03344262295081968,RAW,NO VALUE
2026-08-23T14:35:43.835268+00:00,KXBTC15M-26AUG231045-45,77459.25,5.7305877999999995,9.2694122,77427.01,-32.24000000000524,DOWN,0.39344262295081966,0.6065573770491803,0.39344262295081966,0.6065573770491803,DOWN,0.6065573770491803,0.35,0.36,0.64,0.65,0.65,-0.04344262295081969,RAW,NO VALUE
2026-08-23T14:36:13.689834+00:00,KXBTC15M-26AUG231045-45,77459.25,6.2281639,8.7718361,77427.69,-31.55999999999767,DOWN,0.27388535031847133,0.7261146496815287,0.27388535031847133,0.7261146496815287,DOWN,0.7261146496815287,0.4,0.41,0.59,0.6,0.6,0.12611464968152875,LEAN,POSITIVE EDGE
2026-08-23T14:36:43.672552+00:00,KXBTC15M-26AUG231045-45,77459.25,6.7278758666666665,8.272124133333334,77420.73,-38.520000000004075,DOWN,0.27388535031847133,0.7261146496815287,0.27388535031847133,0.7261146496815287,DOWN,0.7261146496815287,0.37,0.39,0.61,0.63,0.63,0.09611464968152872,LEAN,SMALL EDGE
2026-08-23T14:37:13.720940+00:00,KXBTC15M-26AUG231045-45,77459.25,7.228682333333333,7.771317666666667,77435.42,-23.830000000001746,DOWN,0.39344262295081966,0.6065573770491803,0.39344262295081966,0.6065573770491803,DOWN,0.6065573770491803,0.37,0.38,0.62,0.63,0.63,-0.02344262295081967,RAW,NO VALUE
2026-08-23T14:37:43.721364+00:00,KXBTC15M-26AUG231045-45,77459.25,7.7286893999999995,7.2713106000000005,77427.58,-31.669999999998254,DOWN,0.27388535031847133,0.7261146496815287,0.27388535031847133,0.7261146496815287,DOWN,0.7261146496815287,0.3,0.31,0.69,0.7,0.7,0.026114649681528768,LEAN,SMALL EDGE
2026-08-23T14:38:13.829072+00:00,KXBTC15M-26AUG231045-45,77459.25,8.230484533333334,6.769515466666666,77445.8,-13.44999999999709,DOWN,0.42857142857142855,0.5714285714285714,0.42857142857142855,0.5714285714285714,DOWN,0.5714285714285714,0.43,0.44,0.56,0.57,0.57,0.0014285714285714457,RAW,SMALL EDGE
2026-08-23T14:38:43.717909+00:00,KXBTC15M-26AUG231045-45,77459.25,8.728631816666667,6.271368183333333,77474.64,15.389999999999418,UP,0.42857142857142855,0.5714285714285714,0.5714285714285714,0.42857142857142855,UP,0.5714285714285714,0.55,0.56,0.44,0.45,0.56,0.011428571428571344,RAW,SMALL EDGE
2026-08-23T14:39:13.698270+00:00,KXBTC15M-26AUG231045-45,77459.25,9.2283045,5.771695500000001,77459.35,0.10000000000582077,UP,0.4336734693877551,0.5663265306122449,0.5663265306122449,0.4336734693877551,UP,0.5663265306122449,0.51,0.52,0.48,0.49,0.52,0.0463265306122449,RAW,SMALL EDGE
2026-08-23T14:39:43.778787+00:00,KXBTC15M-26AUG231045-45,77459.25,9.729646449999999,5.270353549999999,77427.75,-31.5,DOWN,0.3652173913043478,0.6347826086956522,0.3652173913043478,0.6347826086956522,DOWN,0.6347826086956522,0.32,0.34,0.66,0.68,0.68,-0.045217391304347876,RAW,NO VALUE
2026-08-23T14:40:13.749000+00:00,KXBTC15M-26AUG231045-45,77459.25,10.22915,4.770849999999999,77442.86,-16.389999999999418,DOWN,0.42857142857142855,0.5714285714285714,0.42857142857142855,0.5714285714285714,DOWN,0.5714285714285714,0.39,0.4,0.6,0.61,0.61,-0.03857142857142859,RAW,NO VALUE
2026-08-23T14:40:43.977583+00:00,KXBTC15M-26AUG231045-45,77459.25,10.732959716666667,4.267040283333333,77449.89,-9.360000000000582,DOWN,0.4336734693877551,0.5663265306122449,0.4336734693877551,0.5663265306122449,DOWN,0.5663265306122449,0.42,0.43,0.57,0.58,0.58,-0.013673469387755044,RAW,NO VALUE
2026-08-23T14:41:13.720430+00:00,KXBTC15M-26AUG231045-45,77459.25,11.228673833333334,3.771326166666667,77433.24,-26.00999999999476,DOWN,0.3333333333333333,0.6666666666666667,0.3333333333333333,0.6666666666666667,DOWN,0.6666666666666667,0.21,0.22,0.78,0.79,0.79,-0.1233333333333333,RAW,NO VALUE
2026-08-23T14:41:43.723529+00:00,KXBTC15M-26AUG231045-45,77459.25,11.728725483333333,3.2712745166666664,77417.35,-41.89999999999418,DOWN,0.109375,0.890625,0.109375,0.890625,DOWN,0.890625,0.21,0.22,0.78,0.79,0.79,0.10062499999999996,STRONG,POSITIVE EDGE
2026-08-23T14:42:13.725965+00:00,KXBTC15M-26AUG231045-45,77459.25,12.228766083333333,2.7712339166666666,77366.47,-92.77999999999884,DOWN,0.011904761904761904,0.9880952380952381,0.011904761904761904,0.9880952380952381,DOWN,0.9880952380952381,0.17,0.18,0.82,0.83,0.83,0.15809523809523818,LOCK,POSITIVE EDGE
2026-08-23T14:42:43.730834+00:00,KXBTC15M-26AUG231045-45,77459.25,12.728847233333333,2.271152766666667,77082.45,-376.8000000000029,DOWN,0.06989247311827956,0.9301075268817205,0.06989247311827956,0.9301075268817205,DOWN,0.9301075268817205,0.016,0.017,0.983,0.984,0.984,-0.053892473118279494,LOCK,NO VALUE
2026-08-23T14:43:13.832865+00:00,KXBTC15M-26AUG231045-45,77459.25,13.23054775,1.76945225,76886.22,-573.0299999999988,DOWN,0.06989247311827956,0.9301075268817205,0.06989247311827956,0.9301075268817205,DOWN,0.9301075268817205,0.001,0.002,0.998,0.999,0.999,-0.0688924731182795,LOCK,NO VALUE
2026-08-23T14:43:43.685547+00:00,KXBTC15M-26AUG231045-45,77459.25,13.72809245,1.27190755,76918.51,-540.7400000000052,DOWN,0.06989247311827956,0.9301075268817205,0.06989247311827956,0.9301075268817205,DOWN,0.9301075268817205,0.001,0.002,0.998,0.999,0.999,-0.0688924731182795,LOCK,NO VALUE
2026-08-23T14:44:13.705478+00:00,KXBTC15M-26AUG231045-45,77459.25,14.228424633333333,0.7715753666666667,77037.95,-421.3000000000029,DOWN,0.06989247311827956,0.9301075268817205,0.06989247311827956,0.9301075268817205,DOWN,0.9301075268817205,0.001,0.002,0.998,0.999,0.999,-0.0688924731182795,LOCK,NO VALUE
2026-08-23T14:44:43.745473+00:00,KXBTC15M-26AUG231045-45,77459.25,14.729091216666665,0.27090878333333335,77072.33,-386.91999999999825,DOWN,0.06989247311827956,0.9301075268817205,0.06989247311827956,0.9301075268817205,DOWN,0.9301075268817205,0.001,0.002,0.998,0.999,0.999,-0.0688924731182795,LOCK,NO VALUE
2026-08-23T14:45:13.829767+00:00,KXBTC15M-26AUG231100-00,77047.72,0.23049611666666667,14.769503883333334,77064.68,16.95999999999185,UP,0.42857142857142855,0.5714285714285714,0.5714285714285714,0.42857142857142855,UP,0.5714285714285714,0.52,0.53,0.47,0.48,0.53,0.04142857142857137,RAW,SMALL EDGE
2026-08-23T14:45:43.949898+00:00,KXBTC15M-26AUG231100-00,77047.72,0.7324982999999999,14.2675017,77137.27,89.55000000000291,UP,0.4336734693877551,0.5663265306122449,0.5663265306122449,0.4336734693877551,UP,0.5663265306122449,0.65,0.66,0.34,0.35,0.66,-0.09367346938775512,RAW,NO VALUE
2026-08-23T14:46:13.720705+00:00,KXBTC15M-26AUG231100-00,77047.72,1.2286784166666667,13.771321583333334,77089.13,41.41000000000349,UP,0.3652173913043478,0.6347826086956522,0.6347826086956522,0.3652173913043478,UP,0.6347826086956522,0.57,0.58,0.42,0.43,0.58,0.05478260869565221,RAW,SMALL EDGE
2026-08-23T14:46:43.853567+00:00,KXBTC15M-26AUG231100-00,77047.72,1.7308927833333334,13.269107216666667,77055.35,7.630000000004657,UP,0.42857142857142855,0.5714285714285714,0.5714285714285714,0.42857142857142855,UP,0.5714285714285714,0.57,0.58,0.42,0.43,0.58,-0.008571428571428563,RAW,NO VALUE
2026-08-23T14:47:13.829957+00:00,KXBTC15M-26AUG231100-00,77047.72,2.2304992833333332,12.769500716666666,77079.94,32.220000000001164,UP,0.39344262295081966,0.6065573770491803,0.6065573770491803,0.39344262295081966,UP,0.6065573770491803,0.59,0.6,0.4,0.41,0.6,0.006557377049180357,RAW,SMALL EDGE
2026-08-23T14:47:43.688123+00:00,KXBTC15M-26AUG231100-00,77047.72,2.728135383333333,12.271864616666667,77123.76,76.0399999999936,UP,0.39344262295081966,0.6065573770491803,0.6065573770491803,0.39344262295081966,UP,0.6065573770491803,0.59,0.6,0.4,0.41,0.6,0.006557377049180357,RAW,SMALL EDGE
2026-08-23T14:48:13.795262+00:00,KXBTC15M-26AUG231100-00,77047.72,3.2299210333333335,11.770078966666667,77110.33,62.61000000000058,UP,0.27388535031847133,0.7261146496815287,0.7261146496815287,0.27388535031847133,UP,0.7261146496815287,0.58,0.59,0.41,0.42,0.59,0.13611464968152875,LEAN,POSITIVE EDGE
2026-08-23T14:48:43.748554+00:00,KXBTC15M-26AUG231100-00,77047.72,3.729142566666667,11.270857433333333,77118.16,70.44000000000233,UP,0.27388535031847133,0.7261146496815287,0.7261146496815287,0.27388535031847133,UP,0.7261146496815287,0.63,0.64,0.36,0.37,0.64,0.08611464968152871,LEAN,SMALL EDGE
2026-08-23T14:49:13.779031+00:00,KXBTC15M-26AUG231100-00,77047.72,4.229650516666667,10.770349483333332,77148.72,101.0,UP,0.27388535031847133,0.7261146496815287,0.7261146496815287,0.27388535031847133,UP,0.7261146496815287,0.74,0.75,0.25,0.26,0.75,-0.023885350318471277,LEAN,NO VALUE
2026-08-23T14:49:43.735041+00:00,KXBTC15M-26AUG231100-00,77047.72,4.728917350000001,10.27108265,77167.82,120.10000000000582,UP,0.19811320754716982,0.8018867924528301,0.8018867924528301,0.19811320754716982,UP,0.8018867924528301,0.75,0.76,0.24,0.25,0.76,0.04188679245283011,STRONG,SMALL EDGE
2026-08-23T14:50:13.811418+00:00,KXBTC15M-26AUG231100-00,77047.72,5.2301903,9.7698097,77190.75,143.02999999999884,UP,0.24060150375939848,0.7593984962406015,0.7593984962406015,0.24060150375939848,UP,0.7593984962406015,0.8,0.81,0.19,0.2,0.81,-0.050601503759398536,LEAN,NO VALUE
2026-08-23T14:50:43.883338+00:00,KXBTC15M-26AUG231100-00,77047.72,5.731388966666667,9.268611033333334,77186.93,139.20999999999185,UP,0.2706141694748358,0.7293858305251641,0.7293858305251641,0.2706141694748358,UP,0.7293858305251641,0.85,0.86,0.14,0.15,0.86,-0.13061416947483584,LEAN,NO VALUE
2026-08-23T14:51:13.874586+00:00,KXBTC15M-26AUG231100-00,77047.72,6.2312431,8.7687569,77217.49,169.77000000000407,UP,0.10714285714285714,0.8928571428571429,0.8928571428571429,0.10714285714285714,UP,0.8928571428571429,0.84,0.85,0.15,0.16,0.85,0.04285714285714293,STRONG,SMALL EDGE
2026-08-23T14:51:43.681513+00:00,KXBTC15M-26AUG231100-00,77047.72,6.7280252166666665,8.271974783333333,77190.95,143.22999999999593,UP,0.24060150375939848,0.7593984962406015,0.7593984962406015,0.24060150375939848,UP,0.7593984962406015,0.88,0.89,0.11,0.12,0.89,-0.1306015037593985,LEAN,NO VALUE
2026-08-23T14:52:13.769291+00:00,KXBTC15M-26AUG231100-00,77047.72,7.229488183333333,7.770511816666667,77203.75,156.02999999999884,UP,0.109375,0.890625,0.890625,0.109375,UP,0.890625,0.8,0.81,0.19,0.2,0.81,0.08062499999999995,STRONG,SMALL EDGE
2026-08-23T14:52:43.873091+00:00,KXBTC15M-26AUG231100-00,77047.72,7.7312181833333335,7.2687818166666665,77186.94,139.22000000000116,UP,0.109375,0.890625,0.890625,0.109375,UP,0.890625,0.85,0.86,0.14,0.15,0.86,0.030625000000000013,STRONG,SMALL EDGE
2026-08-23T14:53:13.938612+00:00,KXBTC15M-26AUG231100-00,77047.72,8.232310199999999,6.7676898,77164.01,116.2899999999936,UP,0.06989247311827956,0.9301075268817205,0.9301075268817205,0.06989247311827956,UP,0.9301075268817205,0.86,0.87,0.13,0.14,0.87,0.0601075268817205,90%+ LOCK CANDIDATE,SMALL EDGE
2026-08-23T14:53:43.709887+00:00,KXBTC15M-26AUG231100-00,77047.72,8.728498116666666,6.271501883333333,77202.31,154.5899999999965,UP,0.011904761904761904,0.9880952380952381,0.9880952380952381,0.011904761904761904,UP,0.9880952380952381,0.89,0.9,0.1,0.11,0.9,0.08809523809523812,90%+ LOCK CANDIDATE,SMALL EDGE
2026-08-23T14:54:13.687465+00:00,KXBTC15M-26AUG231100-00,77047.72,9.228124416666667,5.771875583333334,77184.05,136.33000000000175,UP,0.0,1.0,1.0,0.0,UP,1.0,0.906,0.907,0.093,0.094,0.907,0.09299999999999997,90%+ LOCK CANDIDATE,SMALL EDGE
2026-08-23T14:54:43.779304+00:00,KXBTC15M-26AUG231100-00,77047.72,9.729655066666668,5.270344933333333,77238.26,190.5399999999936,UP,0.0,1.0,1.0,0.0,UP,1.0,0.906,0.907,0.093,0.094,0.907,0.09299999999999997,90%+ LOCK CANDIDATE,SMALL EDGE
2026-08-23T14:55:13.798943+00:00,KXBTC15M-26AUG231100-00,77047.72,10.229982383333333,4.770017616666666,77225.13,177.4100000000035,UP,0.0,1.0,1.0,0.0,UP,1.0,0.968,0.969,0.031,0.032,0.969,0.031000000000000028,LOCK,SMALL EDGE
2026-08-23T14:55:43.866053+00:00,KXBTC15M-26AUG231100-00,77047.72,10.731100883333333,4.268899116666666,77171.65,123.92999999999302,UP,0.06989247311827956,0.9301075268817205,0.9301075268817205,0.06989247311827956,UP,0.9301075268817205,0.94,0.941,0.059,0.06,0.941,-0.010892473118279455,LOCK,NO VALUE
2026-08-23T14:56:13.766538+00:00,KXBTC15M-26AUG231100-00,77047.72,11.229442299999999,3.7705577,77206.01,158.2899999999936,UP,0.011904761904761904,0.9880952380952381,0.9880952380952381,0.011904761904761904,UP,0.9880952380952381,0.909,0.91,0.09,0.091,0.91,0.0780952380952381,LOCK,SMALL EDGE
2026-08-23T14:56:43.696372+00:00,KXBTC15M-26AUG231100-00,77047.72,11.728272866666666,3.2717271333333335,77205.53,157.80999999999767,UP,0.011904761904761904,0.9880952380952381,0.9880952380952381,0.011904761904761904,UP,0.9880952380952381,0.964,0.965,0.035,0.036,0.965,0.02309523809523817,LOCK,SMALL EDGE
2026-08-23T14:57:13.702931+00:00,KXBTC15M-26AUG231100-00,77047.72,12.228382183333334,2.7716178166666667,77179.86,132.13999999999942,UP,0.06989247311827956,0.9301075268817205,0.9301075268817205,0.06989247311827956,UP,0.9301075268817205,0.948,0.95,0.05,0.052,0.95,-0.019892473118279463,LOCK,NO VALUE
2026-08-23T14:57:43.754771+00:00,KXBTC15M-26AUG231100-00,77047.72,12.729246183333334,2.2707538166666668,77135.33,87.61000000000058,UP,0.10714285714285714,0.8928571428571429,0.8928571428571429,0.10714285714285714,UP,0.8928571428571429,0.924,0.925,0.075,0.076,0.925,-0.03214285714285714,STRONG,NO VALUE
2026-08-23T14:58:13.765281+00:00,KXBTC15M-26AUG231100-00,77047.72,13.229421349999999,1.77057865,77174.91,127.19000000000233,UP,0.011904761904761904,0.9880952380952381,0.9880952380952381,0.011904761904761904,UP,0.9880952380952381,0.987,0.988,0.012,0.013,0.988,9.523809523814819e-05,LOCK,SMALL EDGE
2026-08-23T14:58:43.845429+00:00,KXBTC15M-26AUG231100-00,77047.72,13.730757149999999,1.2692428500000001,77148.73,101.00999999999476,UP,0.06989247311827956,0.9301075268817205,0.9301075268817205,0.06989247311827956,UP,0.9301075268817205,0.991,0.992,0.008,0.009,0.992,-0.0618924731182795,LOCK,NO VALUE
2026-08-23T14:59:13.954810+00:00,KXBTC15M-26AUG231100-00,77047.72,14.232580166666667,0.7674198333333333,77173.22,125.5,UP,0.0,1.0,1.0,0.0,UP,1.0,0.999,1.0,0.0,0.001,1.0,0.0,LOCK,NO VALUE
2026-08-23T14:59:43.715236+00:00,KXBTC15M-26AUG231100-00,77047.72,14.728587266666667,0.2714127333333333,77145.91,98.19000000000233,UP,0.011904761904761904,0.9880952380952381,0.9880952380952381,0.011904761904761904,UP,0.9880952380952381,0.999,1.0,0.0,0.001,1.0,-0.011904761904761862,LOCK,NO VALUE
2026-08-23T15:00:43.781355+00:00,KXBTC15M-26AUG231115-15,77161.21,0.72968925,14.27031075,77110.54,-50.670000000012806,DOWN,0.4336734693877551,0.5663265306122449,0.4336734693877551,0.5663265306122449,DOWN,0.5663265306122449,0.55,0.56,0.44,0.45,0.45,0.1163265306122449,RAW,POSITIVE EDGE
2026-08-23T15:01:13.767111+00:00,KXBTC15M-26AUG231115-15,77161.21,1.22945185,13.77054815,77129.63,-31.580000000001746,DOWN,0.4336734693877551,0.5663265306122449,0.4336734693877551,0.5663265306122449,DOWN,0.5663265306122449,0.34,0.35,0.65,0.66,0.66,-0.09367346938775512,RAW,NO VALUE
2026-08-23T15:01:43.827561+00:00,KXBTC15M-26AUG231115-15,77161.21,1.73045935,13.269540650000001,77197.24,36.029999999998836,UP,0.24060150375939848,0.7593984962406015,0.7593984962406015,0.24060150375939848,UP,0.7593984962406015,0.44,0.45,0.55,0.56,0.45,0.3093984962406015,LEAN,IDEAL <=50c / LARGE EDGE
2026-08-23T15:02:13.693570+00:00,KXBTC15M-26AUG231115-15,77161.21,2.2282261666666665,12.771773833333333,77263.33,102.11999999999534,UP,0.39344262295081966,0.6065573770491803,0.6065573770491803,0.39344262295081966,UP,0.6065573770491803,0.65,0.66,0.34,0.35,0.66,-0.053442622950819696,RAW,NO VALUE
2026-08-23T15:02:43.735148+00:00,KXBTC15M-26AUG231115-15,77161.21,2.7289191333333336,12.271080866666667,77160.19,-1.0200000000040745,DOWN,0.4336734693877551,0.5663265306122449,0.4336734693877551,0.5663265306122449,DOWN,0.5663265306122449,0.62,0.63,0.37,0.38,0.38,0.1863265306122449,RAW,ATTRACTIVE <=50c
2026-08-23T15:03:13.836415+00:00,KXBTC15M-26AUG231115-15,77161.21,3.2306069166666664,11.769393083333334,77206.02,44.80999999999767,UP,0.3652173913043478,0.6347826086956522,0.6347826086956522,0.3652173913043478,UP,0.6347826086956522,0.53,0.54,0.46,0.47,0.54,0.09478260869565214,RAW,SMALL EDGE
2026-08-23T15:03:43.651426+00:00,KXBTC15M-26AUG231115-15,77161.21,3.7275237666666663,11.272476233333332,77154.68,-6.530000000013388,DOWN,0.4336734693877551,0.5663265306122449,0.4336734693877551,0.5663265306122449,DOWN,0.5663265306122449,0.57,0.58,0.42,0.43,0.43,0.13632653061224492,RAW,POSITIVE EDGE
2026-08-23T15:04:13.861299+00:00,KXBTC15M-26AUG231115-15,77161.21,4.23102165,10.76897835,77198.16,36.94999999999709,UP,0.3652173913043478,0.6347826086956522,0.6347826086956522,0.3652173913043478,UP,0.6347826086956522,0.58,0.59,0.41,0.42,0.59,0.044782608695652204,RAW,SMALL EDGE
2026-08-23T15:04:43.835821+00:00,KXBTC15M-26AUG231115-15,77161.21,4.730597016666667,10.269402983333332,77231.45,70.23999999999069,UP,0.27388535031847133,0.7261146496815287,0.7261146496815287,0.27388535031847133,UP,0.7261146496815287,0.65,0.66,0.34,0.35,0.66,0.06611464968152869,LEAN,SMALL EDGE
2026-08-23T15:05:13.864486+00:00,KXBTC15M-26AUG231115-15,77161.21,5.231074766666667,9.768925233333333,77249.1,87.88999999999942,UP,0.24060150375939848,0.7593984962406015,0.7593984962406015,0.24060150375939848,UP,0.7593984962406015,0.7,0.71,0.29,0.3,0.71,0.04939849624060155,LEAN,SMALL EDGE
2026-08-23T15:05:43.900310+00:00,KXBTC15M-26AUG231115-15,77161.21,5.731671833333333,9.268328166666667,77248.04,86.8299999999872,UP,0.24060150375939848,0.7593984962406015,0.7593984962406015,0.24060150375939848,UP,0.7593984962406015,0.7,0.71,0.29,0.3,0.71,0.04939849624060155,LEAN,SMALL EDGE
2026-08-23T15:06:13.786043+00:00,KXBTC15M-26AUG231115-15,77161.21,6.229767383333334,8.770232616666668,77276.29,115.0799999999872,UP,0.24060150375939848,0.7593984962406015,0.7593984962406015,0.24060150375939848,UP,0.7593984962406015,0.78,0.79,0.21,0.22,0.79,-0.03060150375939852,LEAN,NO VALUE
2026-08-23T15:06:43.848379+00:00,KXBTC15M-26AUG231115-15,77161.21,6.730806316666667,8.269193683333333,77320.06,158.84999999999127,UP,0.109375,0.890625,0.890625,0.109375,UP,0.890625,0.78,0.79,0.21,0.22,0.79,0.10062499999999996,STRONG,POSITIVE EDGE
2026-08-23T15:07:13.810475+00:00,KXBTC15M-26AUG231115-15,77161.21,7.2301745833333335,7.7698254166666665,77280.42,119.20999999999185,UP,0.24060150375939848,0.7593984962406015,0.7593984962406015,0.24060150375939848,UP,0.7593984962406015,0.86,0.87,0.13,0.14,0.87,-0.11060150375939848,LEAN,NO VALUE
2026-08-23T15:07:43.808811+00:00,KXBTC15M-26AUG231115-15,77161.21,7.73014685,7.26985315,77316.79,155.5799999999872,UP,0.10714285714285714,0.8928571428571429,0.8928571428571429,0.10714285714285714,UP,0.8928571428571429,0.85,0.86,0.14,0.15,0.86,0.03285714285714292,STRONG,SMALL EDGE
2026-08-23T15:08:13.822543+00:00,KXBTC15M-26AUG231115-15,77161.21,8.230375716666666,6.769624283333333,77286.25,125.0399999999936,UP,0.10714285714285714,0.8928571428571429,0.8928571428571429,0.10714285714285714,UP,0.8928571428571429,0.87,0.88,0.12,0.13,0.88,0.0128571428571429,STRONG,SMALL EDGE
2026-08-23T15:08:43.754579+00:00,KXBTC15M-26AUG231115-15,77161.21,8.729242983333334,6.270757016666667,77248.05,86.83999999999651,UP,0.24060150375939848,0.7593984962406015,0.7593984962406015,0.24060150375939848,UP,0.7593984962406015,0.86,0.87,0.13,0.14,0.87,-0.11060150375939848,LEAN,NO VALUE
2026-08-23T15:09:13.772371+00:00,KXBTC15M-26AUG231115-15,77161.21,9.229539516666668,5.770460483333333,77239.8,78.58999999999651,UP,0.06989247311827956,0.9301075268817205,0.9301075268817205,0.06989247311827956,UP,0.9301075268817205,0.78,0.79,0.21,0.22,0.79,0.14010752688172046,90%+ LOCK CANDIDATE,POSITIVE EDGE
2026-08-23T15:09:43.708166+00:00,KXBTC15M-26AUG231115-15,77161.21,9.728469433333334,5.271530566666667,77255.0,93.7899999999936,UP,0.06989247311827956,0.9301075268817205,0.9301075268817205,0.06989247311827956,UP,0.9301075268817205,0.83,0.84,0.16,0.17,0.84,0.09010752688172052,90%+ LOCK CANDIDATE,SMALL EDGE
2026-08-23T15:10:13.855717+00:00,KXBTC15M-26AUG231115-15,77161.21,10.230928616666667,4.7690713833333325,77279.81,118.59999999999127,UP,0.0,1.0,1.0,0.0,UP,1.0,0.83,0.84,0.16,0.17,0.84,0.16000000000000003,LOCK,POSITIVE EDGE
2026-08-23T15:10:43.796153+00:00,KXBTC15M-26AUG231115-15,77161.21,10.729935883333333,4.270064116666666,77286.79,125.5799999999872,UP,0.0,1.0,1.0,0.0,UP,1.0,0.946,0.947,0.053,0.054,0.947,0.05300000000000005,LOCK,SMALL EDGE
2026-08-23T15:11:13.875175+00:00,KXBTC15M-26AUG231115-15,77161.21,11.231252916666667,3.768747083333333,77270.97,109.75999999999476,UP,0.0,1.0,1.0,0.0,UP,1.0,0.929,0.93,0.07,0.071,0.93,0.06999999999999995,LOCK,SMALL EDGE
2026-08-23T15:11:43.821080+00:00,KXBTC15M-26AUG231115-15,77161.21,11.730351333333335,3.269648666666667,77267.15,105.93999999998778,UP,0.0,1.0,1.0,0.0,UP,1.0,0.929,0.93,0.07,0.071,0.93,0.06999999999999995,LOCK,SMALL EDGE
2026-08-23T15:12:13.720916+00:00,KXBTC15M-26AUG231115-15,77161.21,12.228681933333332,2.771318066666667,77238.35,77.13999999999942,UP,0.011904761904761904,0.9880952380952381,0.9880952380952381,0.011904761904761904,UP,0.9880952380952381,0.942,0.945,0.055,0.058,0.945,0.043095238095238186,LOCK,SMALL EDGE
2026-08-23T15:12:43.738285+00:00,KXBTC15M-26AUG231115-15,77161.21,12.728971416666667,2.2710285833333335,77225.13,63.919999999998254,UP,0.011904761904761904,0.9880952380952381,0.9880952380952381,0.011904761904761904,UP,0.9880952380952381,0.88,0.89,0.11,0.12,0.89,0.09809523809523812,LOCK,SMALL EDGE
2026-08-23T15:13:13.723546+00:00,KXBTC15M-26AUG231115-15,77161.21,13.228725766666667,1.7712742333333333,77219.83,58.61999999999534,UP,0.011904761904761904,0.9880952380952381,0.9880952380952381,0.011904761904761904,UP,0.9880952380952381,0.8,0.81,0.19,0.2,0.81,0.17809523809523808,LOCK,POSITIVE EDGE
2026-08-23T15:13:43.750156+00:00,KXBTC15M-26AUG231115-15,77161.21,13.729169266666666,1.2708307333333333,77213.46,52.25,UP,0.06989247311827956,0.9301075268817205,0.9301075268817205,0.06989247311827956,UP,0.9301075268817205,0.89,0.9,0.1,0.11,0.9,0.03010752688172047,LOCK,SMALL EDGE
2026-08-23T15:14:13.854977+00:00,KXBTC15M-26AUG231115-15,77161.21,14.230916283333332,0.7690837166666668,77166.18,4.969999999986612,UP,0.27388535031847133,0.7261146496815287,0.7261146496815287,0.27388535031847133,UP,0.7261146496815287,0.65,0.68,0.32,0.35,0.68,0.046114649681528674,LEAN,SMALL EDGE
2026-08-23T15:14:43.680885+00:00,KXBTC15M-26AUG231115-15,77161.21,14.72801475,0.27198525,77164.26,3.0499999999883585,UP,0.27388535031847133,0.7261146496815287,0.7261146496815287,0.27388535031847133,UP,0.7261146496815287,0.979,0.98,0.02,0.021,0.98,-0.25388535031847126,LEAN,NO VALUE
2026-08-23T15:15:43.793090+00:00,KXBTC15M-26AUG231130-30,77169.46,0.7298848333333333,14.270115166666667,77165.7,-3.7600000000093132,DOWN,0.4336734693877551,0.5663265306122449,0.4336734693877551,0.5663265306122449,DOWN,0.5663265306122449,0.46,0.47,0.53,0.54,0.54,0.02632653061224488,RAW,SMALL EDGE
2026-08-23T15:16:13.800342+00:00,KXBTC15M-26AUG231130-30,77169.46,1.2300057,13.7699943,77141.09,-28.370000000009895,DOWN,0.4336734693877551,0.5663265306122449,0.4336734693877551,0.5663265306122449,DOWN,0.5663265306122449,0.42,0.43,0.57,0.58,0.58,-0.013673469387755044,RAW,NO VALUE
2026-08-23T15:16:43.795567+00:00,KXBTC15M-26AUG231130-30,77169.46,1.7299261166666668,13.270073883333334,77101.68,-67.78000000001339,DOWN,0.42857142857142855,0.5714285714285714,0.42857142857142855,0.5714285714285714,DOWN,0.5714285714285714,0.33,0.34,0.66,0.67,0.67,-0.09857142857142864,RAW,NO VALUE
2026-08-23T15:17:13.897419+00:00,KXBTC15M-26AUG231130-30,77169.46,2.2316236500000004,12.76837635,77125.8,-43.66000000000349,DOWN,0.4336734693877551,0.5663265306122449,0.4336734693877551,0.5663265306122449,DOWN,0.5663265306122449,0.36,0.37,0.63,0.64,0.64,-0.0736734693877551,RAW,NO VALUE
2026-08-23T15:17:43.955106+00:00,KXBTC15M-26AUG231130-30,77169.46,2.7325851,12.2674149,77107.38,-62.080000000001746,DOWN,0.42857142857142855,0.5714285714285714,0.42857142857142855,0.5714285714285714,DOWN,0.5714285714285714,0.36,0.37,0.63,0.64,0.64,-0.06857142857142862,RAW,NO VALUE
2026-08-23T15:18:13.752795+00:00,KXBTC15M-26AUG231130-30,77169.46,3.22921325,11.770786750000001,77099.59,-69.8700000000099,DOWN,0.42857142857142855,0.5714285714285714,0.42857142857142855,0.5714285714285714,DOWN,0.5714285714285714,0.35,0.36,0.64,0.65,0.65,-0.07857142857142863,RAW,NO VALUE
2026-08-23T15:18:43.768425+00:00,KXBTC15M-26AUG231130-30,77169.46,3.72947375,11.27052625,77083.79,-85.6700000000128,DOWN,0.39344262295081966,0.6065573770491803,0.39344262295081966,0.6065573770491803,DOWN,0.6065573770491803,0.3,0.31,0.69,0.7,0.7,-0.09344262295081962,RAW,NO VALUE
2026-08-23T15:19:14.157038+00:00,KXBTC15M-26AUG231130-30,77169.46,4.235950633333333,10.764049366666667,77060.87,-108.59000000001106,DOWN,0.24060150375939848,0.7593984962406015,0.24060150375939848,0.7593984962406015,DOWN,0.7593984962406015,0.25,0.26,0.74,0.75,0.75,0.009398496240601517,LEAN,SMALL EDGE
2026-08-23T15:19:43.688140+00:00,KXBTC15M-26AUG231130-30,77169.46,4.728135666666666,10.271864333333333,76951.72,-217.74000000000524,DOWN,0.06989247311827956,0.9301075268817205,0.06989247311827956,0.9301075268817205,DOWN,0.9301075268817205,0.1,0.11,0.89,0.9,0.9,0.03010752688172047,EARLY 90%+ / NOT YET VALIDATED LOCK,SMALL EDGE
2026-08-23T15:20:13.795215+00:00,KXBTC15M-26AUG231130-30,77169.46,5.22992025,9.77007975,76988.53,-180.93000000000757,DOWN,0.06989247311827956,0.9301075268817205,0.06989247311827956,0.9301075268817205,DOWN,0.9301075268817205,0.13,0.14,0.86,0.87,0.87,0.0601075268817205,EARLY 90%+ / NOT YET VALIDATED LOCK,SMALL EDGE
2026-08-23T15:20:43.826643+00:00,KXBTC15M-26AUG231130-30,77169.46,5.73044405,9.26955595,77033.47,-135.99000000000524,DOWN,0.27388535031847133,0.7261146496815287,0.27388535031847133,0.7261146496815287,DOWN,0.7261146496815287,0.11,0.12,0.88,0.89,0.89,-0.1638853503184713,LEAN,NO VALUE
2026-08-23T15:21:13.849764+00:00,KXBTC15M-26AUG231130-30,77169.46,6.2308294,8.769170599999999,77087.67,-81.79000000000815,DOWN,0.39344262295081966,0.6065573770491803,0.39344262295081966,0.6065573770491803,DOWN,0.6065573770491803,0.11,0.12,0.88,0.89,0.89,-0.2834426229508197,RAW,NO VALUE
2026-08-23T15:21:43.725575+00:00,KXBTC15M-26AUG231130-30,77169.46,6.728759583333333,8.271240416666666,77131.65,-37.810000000012224,DOWN,0.4336734693877551,0.5663265306122449,0.4336734693877551,0.5663265306122449,DOWN,0.5663265306122449,0.24,0.25,0.75,0.76,0.76,-0.1936734693877551,RAW,NO VALUE
2026-08-23T15:22:13.714723+00:00,KXBTC15M-26AUG231130-30,77169.46,7.228578716666666,7.771421283333334,77132.07,-37.38999999999942,DOWN,0.4336734693877551,0.5663265306122449,0.4336734693877551,0.5663265306122449,DOWN,0.5663265306122449,0.36,0.37,0.63,0.64,0.64,-0.0736734693877551,RAW,NO VALUE
2026-08-23T15:22:43.775240+00:00,KXBTC15M-26AUG231130-30,77169.46,7.729587333333333,7.270412666666667,77199.85,30.389999999999418,UP,0.42857142857142855,0.5714285714285714,0.5714285714285714,0.42857142857142855,UP,0.5714285714285714,0.43,0.44,0.56,0.57,0.44,0.1314285714285714,RAW,POSITIVE EDGE
2026-08-23T15:23:13.886942+00:00,KXBTC15M-26AUG231130-30,77169.46,8.231449033333332,6.768550966666667,77224.69,55.229999999995925,UP,0.27388535031847133,0.7261146496815287,0.7261146496815287,0.27388535031847133,UP,0.7261146496815287,0.59,0.6,0.4,0.41,0.6,0.12611464968152875,LEAN,POSITIVE EDGE
2026-08-23T15:23:43.721182+00:00,KXBTC15M-26AUG231130-30,77169.46,8.728686366666667,6.2713136333333335,77153.85,-15.610000000000582,DOWN,0.4336734693877551,0.5663265306122449,0.4336734693877551,0.5663265306122449,DOWN,0.5663265306122449,0.59,0.6,0.4,0.41,0.41,0.15632653061224494,RAW,ATTRACTIVE <=50c
2026-08-23T15:24:13.791167+00:00,KXBTC15M-26AUG231130-30,77169.46,9.229852783333333,5.770147216666667,77171.63,2.1699999999982538,UP,0.42857142857142855,0.5714285714285714,0.5714285714285714,0.42857142857142855,UP,0.5714285714285714,0.43,0.44,0.56,0.57,0.44,0.1314285714285714,RAW,POSITIVE EDGE
2026-08-23T15:24:43.790349+00:00,KXBTC15M-26AUG231130-30,77169.46,9.72983915,5.27016085,77201.19,31.729999999995925,UP,0.39344262295081966,0.6065573770491803,0.6065573770491803,0.39344262295081966,UP,0.6065573770491803,0.53,0.54,0.46,0.47,0.54,0.0665573770491803,RAW,SMALL EDGE
2026-08-23T15:25:13.851148+00:00,KXBTC15M-26AUG231130-30,77169.46,10.230852466666667,4.769147533333333,77197.63,28.169999999998254,UP,0.39344262295081966,0.6065573770491803,0.6065573770491803,0.39344262295081966,UP,0.6065573770491803,0.61,0.62,0.38,0.39,0.62,-0.01344262295081966,RAW,NO VALUE
2026-08-23T15:25:43.755485+00:00,KXBTC15M-26AUG231130-30,77169.46,10.729258083333333,4.270741916666666,77213.65,44.189999999987776,UP,0.24060150375939848,0.7593984962406015,0.7593984962406015,0.24060150375939848,UP,0.7593984962406015,0.64,0.65,0.35,0.36,0.65,0.1093984962406015,LEAN,POSITIVE EDGE
2026-08-23T15:26:13.864424+00:00,KXBTC15M-26AUG231130-30,77169.46,11.231073733333334,3.7689262666666665,77189.2,19.739999999990687,UP,0.39344262295081966,0.6065573770491803,0.6065573770491803,0.39344262295081966,UP,0.6065573770491803,0.64,0.65,0.35,0.36,0.65,-0.04344262295081969,RAW,NO VALUE
2026-08-23T15:26:43.745033+00:00,KXBTC15M-26AUG231130-30,77169.46,11.729083883333335,3.2709161166666667,77209.84,40.379999999990105,UP,0.109375,0.890625,0.890625,0.109375,UP,0.890625,0.6,0.61,0.39,0.4,0.61,0.280625,STRONG,LARGE EDGE / PRICE ABOVE 50c
2026-08-23T15:27:13.723042+00:00,KXBTC15M-26AUG231130-30,77169.46,12.228717366666666,2.7712826333333336,77208.91,39.44999999999709,UP,0.10714285714285714,0.8928571428571429,0.8928571428571429,0.10714285714285714,UP,0.8928571428571429,0.71,0.72,0.28,0.29,0.72,0.17285714285714293,STRONG,POSITIVE EDGE
2026-08-23T15:27:43.887119+00:00,KXBTC15M-26AUG231130-30,77169.46,12.731451983333333,2.2685480166666663,77199.42,29.95999999999185,UP,0.109375,0.890625,0.890625,0.109375,UP,0.890625,0.76,0.77,0.23,0.24,0.77,0.12062499999999998,STRONG,POSITIVE EDGE
2026-08-23T15:28:13.726586+00:00,KXBTC15M-26AUG231130-30,77169.46,13.228776433333334,1.7712235666666667,77176.7,7.239999999990687,UP,0.27388535031847133,0.7261146496815287,0.7261146496815287,0.27388535031847133,UP,0.7261146496815287,0.72,0.73,0.27,0.28,0.73,-0.003885350318471259,LEAN,NO VALUE
2026-08-23T15:28:43.681140+00:00,KXBTC15M-26AUG231130-30,77169.46,13.728019,1.271981,77169.6,0.13999999999941792,UP,0.42857142857142855,0.5714285714285714,0.5714285714285714,0.42857142857142855,UP,0.5714285714285714,0.57,0.58,0.42,0.43,0.58,-0.008571428571428563,RAW,NO VALUE
2026-08-23T15:29:13.857755+00:00,KXBTC15M-26AUG231130-30,77169.46,14.230962583333334,0.7690374166666667,77170.97,1.5099999999947613,UP,0.3652173913043478,0.6347826086956522,0.6347826086956522,0.3652173913043478,UP,0.6347826086956522,0.68,0.69,0.31,0.32,0.69,-0.055217391304347774,RAW,NO VALUE
2026-08-23T15:29:43.771347+00:00,KXBTC15M-26AUG231130-30,77169.46,14.72952245,0.27047755,77175.94,6.4799999999959255,UP,0.19811320754716982,0.8018867924528301,0.8018867924528301,0.19811320754716982,UP,0.8018867924528301,0.91,0.916,0.084,0.09,0.916,-0.11411320754716991,STRONG,NO VALUE
2026-08-23T15:30:43.703443+00:00,KXBTC15M-26AUG231145-45,77180.01,0.7283907166666667,14.271609283333333,77210.38,30.370000000009895,UP,0.3652173913043478,0.6347826086956522,0.6347826086956522,0.3652173913043478,UP,0.6347826086956522,0.58,0.59,0.41,0.42,0.59,0.044782608695652204,RAW,SMALL EDGE
2026-08-23T15:31:13.849690+00:00,KXBTC15M-26AUG231145-45,77180.01,1.2308281666666665,13.769171833333333,77248.04,68.02999999999884,UP,0.27388535031847133,0.7261146496815287,0.7261146496815287,0.27388535031847133,UP,0.7261146496815287,0.63,0.64,0.36,0.37,0.64,0.08611464968152871,LEAN,SMALL EDGE
2026-08-23T15:31:43.804286+00:00,KXBTC15M-26AUG231145-45,77180.01,1.7300714333333334,13.269928566666666,77248.62,68.61000000000058,UP,0.3652173913043478,0.6347826086956522,0.6347826086956522,0.3652173913043478,UP,0.6347826086956522,0.63,0.64,0.36,0.37,0.64,-0.00521739130434784,RAW,NO VALUE
2026-08-23T15:32:13.746741+00:00,KXBTC15M-26AUG231145-45,77180.01,2.22911235,12.770887649999999,77204.91,24.90000000000873,UP,0.4336734693877551,0.5663265306122449,0.5663265306122449,0.4336734693877551,UP,0.5663265306122449,0.67,0.68,0.32,0.33,0.68,-0.11367346938775513,RAW,NO VALUE
2026-08-23T15:32:43.745371+00:00,KXBTC15M-26AUG231145-45,77180.01,2.729089516666667,12.270910483333333,77178.13,-1.8799999999901047,DOWN,0.4336734693877551,0.5663265306122449,0.4336734693877551,0.5663265306122449,DOWN,0.5663265306122449,0.61,0.62,0.38,0.39,0.39,0.1763265306122449,RAW,ATTRACTIVE <=50c
2026-08-23T15:33:13.754892+00:00,KXBTC15M-26AUG231145-45,77180.01,3.2292482000000002,11.7707518,77139.58,-40.429999999993015,DOWN,0.4336734693877551,0.5663265306122449,0.4336734693877551,0.5663265306122449,DOWN,0.5663265306122449,0.5,0.51,0.49,0.5,0.5,0.06632653061224492,RAW,SMALL EDGE
2026-08-23T15:33:43.717967+00:00,KXBTC15M-26AUG231145-45,77180.01,3.728632783333333,11.271367216666667,77138.39,-41.61999999999534,DOWN,0.42857142857142855,0.5714285714285714,0.42857142857142855,0.5714285714285714,DOWN,0.5714285714285714,0.4,0.41,0.59,0.6,0.6,-0.02857142857142858,RAW,NO VALUE
2026-08-23T15:34:13.805102+00:00,KXBTC15M-26AUG231145-45,77180.01,4.230085033333333,10.769914966666667,77148.69,-31.319999999992433,DOWN,0.42857142857142855,0.5714285714285714,0.42857142857142855,0.5714285714285714,DOWN,0.5714285714285714,0.38,0.39,0.61,0.62,0.62,-0.0485714285714286,RAW,NO VALUE
2026-08-23T15:34:43.697665+00:00,KXBTC15M-26AUG231145-45,77180.01,4.7282944166666665,10.271705583333333,77159.43,-20.580000000001746,DOWN,0.42857142857142855,0.5714285714285714,0.42857142857142855,0.5714285714285714,DOWN,0.5714285714285714,0.41,0.42,0.58,0.59,0.59,-0.018571428571428572,RAW,NO VALUE
2026-08-23T15:35:13.830420+00:00,KXBTC15M-26AUG231145-45,77180.01,5.230507,9.769493,77159.08,-20.929999999993015,DOWN,0.4277521050960206,0.5722478949039794,0.4277521050960206,0.5722478949039794,DOWN,0.5722478949039794,0.4,0.41,0.59,0.6,0.6,-0.027752105096020552,RAW,NO VALUE
2026-08-23T15:35:43.887998+00:00,KXBTC15M-26AUG231145-45,77180.01,5.731466633333333,9.268533366666666,77206.55,26.54000000000815,UP,0.4336734693877551,0.5663265306122449,0.5663265306122449,0.4336734693877551,UP,0.5663265306122449,0.44,0.45,0.55,0.56,0.45,0.1163265306122449,RAW,POSITIVE EDGE
2026-08-23T15:36:13.849270+00:00,KXBTC15M-26AUG231145-45,77180.01,6.230821166666667,8.769178833333333,77200.53,20.520000000004075,UP,0.42857142857142855,0.5714285714285714,0.5714285714285714,0.42857142857142855,UP,0.5714285714285714,0.56,0.57,0.43,0.44,0.57,0.0014285714285714457,RAW,SMALL EDGE
2026-08-23T15:36:43.780528+00:00,KXBTC15M-26AUG231145-45,77180.01,6.7296754666666665,8.270324533333334,77181.56,1.5500000000029104,UP,0.42857142857142855,0.5714285714285714,0.5714285714285714,0.42857142857142855,UP,0.5714285714285714,0.52,0.53,0.47,0.48,0.53,0.04142857142857137,RAW,SMALL EDGE
2026-08-23T15:37:13.767562+00:00,KXBTC15M-26AUG231145-45,77180.01,7.229459366666666,7.770540633333334,77180.31,0.3000000000029104,UP,0.4336734693877551,0.5663265306122449,0.5663265306122449,0.4336734693877551,UP,0.5663265306122449,0.52,0.53,0.47,0.48,0.53,0.03632653061224489,RAW,SMALL EDGE
2026-08-23T15:37:43.830134+00:00,KXBTC15M-26AUG231145-45,77180.01,7.7305022333333335,7.2694977666666665,77198.38,18.370000000009895,UP,0.39344262295081966,0.6065573770491803,0.6065573770491803,0.39344262295081966,UP,0.6065573770491803,0.52,0.53,0.47,0.48,0.53,0.07655737704918031,RAW,SMALL EDGE
2026-08-23T15:38:13.739661+00:00,KXBTC15M-26AUG231145-45,77180.01,8.22899435,6.77100565,77209.85,29.84000000001106,UP,0.4090909090909091,0.5909090909090908,0.5909090909090908,0.4090909090909091,UP,0.5909090909090908,0.54,0.55,0.45,0.46,0.55,0.040909090909090784,RAW,SMALL EDGE
2026-08-23T15:38:43.802181+00:00,KXBTC15M-26AUG231145-45,77180.01,8.73003635,6.269963649999999,77218.5,38.49000000000524,UP,0.39344262295081966,0.6065573770491803,0.6065573770491803,0.39344262295081966,UP,0.6065573770491803,0.72,0.73,0.27,0.28,0.73,-0.12344262295081965,RAW,NO VALUE
2026-08-23T15:39:13.746236+00:00,KXBTC15M-26AUG231145-45,77180.01,9.229103933333333,5.770896066666666,77247.4,67.38999999999942,UP,0.19811320754716982,0.8018867924528301,0.8018867924528301,0.19811320754716982,UP,0.8018867924528301,0.68,0.69,0.31,0.32,0.69,0.11188679245283017,STRONG,POSITIVE EDGE
2026-08-23T15:39:43.695617+00:00,KXBTC15M-26AUG231145-45,77180.01,9.728260283333332,5.271739716666667,77246.87,66.86000000000058,UP,0.109375,0.890625,0.890625,0.109375,UP,0.890625,0.82,0.83,0.17,0.18,0.83,0.06062500000000004,STRONG,SMALL EDGE
2026-08-23T15:40:13.737964+00:00,KXBTC15M-26AUG231145-45,77180.01,10.228966066666667,4.771033933333333,77259.0,78.99000000000524,UP,0.06989247311827956,0.9301075268817205,0.9301075268817205,0.06989247311827956,UP,0.9301075268817205,0.83,0.84,0.16,0.17,0.84,0.09010752688172052,LOCK,SMALL EDGE
2026-08-23T15:40:43.699024+00:00,KXBTC15M-26AUG231145-45,77180.01,10.728317066666667,4.2716829333333335,77249.45,69.44000000000233,UP,0.06989247311827956,0.9301075268817205,0.9301075268817205,0.06989247311827956,UP,0.9301075268817205,0.87,0.88,0.12,0.13,0.88,0.05010752688172049,LOCK,SMALL EDGE
2026-08-23T15:41:13.961835+00:00,KXBTC15M-26AUG231145-45,77180.01,11.23269725,3.76730275,77250.71,70.70000000001164,UP,0.05128205128205128,0.9487179487179487,0.9487179487179487,0.05128205128205128,UP,0.9487179487179487,0.925,0.926,0.074,0.075,0.926,0.022717948717948633,LOCK,SMALL EDGE
2026-08-23T15:41:43.828627+00:00,KXBTC15M-26AUG231145-45,77180.01,11.730477116666666,3.269522883333333,77252.16,72.15000000000873,UP,0.011904761904761904,0.9880952380952381,0.9880952380952381,0.011904761904761904,UP,0.9880952380952381,0.924,0.925,0.075,0.076,0.925,0.0630952380952381,LOCK,SMALL EDGE
2026-08-23T15:42:13.747314+00:00,KXBTC15M-26AUG231145-45,77180.01,12.229121899999999,2.7708781,77255.63,75.6200000000099,UP,0.0,1.0,1.0,0.0,UP,1.0,0.909,0.91,0.09,0.091,0.91,0.08999999999999997,LOCK,SMALL EDGE
2026-08-23T15:42:43.804040+00:00,KXBTC15M-26AUG231145-45,77180.01,12.730067333333333,2.269932666666667,77255.63,75.6200000000099,UP,0.0,1.0,1.0,0.0,UP,1.0,0.956,0.957,0.043,0.044,0.957,0.04300000000000004,LOCK,SMALL EDGE
2026-08-23T15:43:13.722227+00:00,KXBTC15M-26AUG231145-45,77180.01,13.228703783333334,1.7712962166666666,77265.47,85.4600000000064,UP,0.0,1.0,1.0,0.0,UP,1.0,0.983,0.984,0.016,0.017,0.984,0.016000000000000014,LOCK,SMALL EDGE
2026-08-23T15:43:43.693147+00:00,KXBTC15M-26AUG231145-45,77180.01,13.728219116666667,1.2717808833333335,77273.03,93.02000000000407,UP,0.0,1.0,1.0,0.0,UP,1.0,0.995,0.996,0.004,0.005,0.996,0.0040000000000000036,LOCK,SMALL EDGE
2026-08-23T15:44:13.739796+00:00,KXBTC15M-26AUG231145-45,77180.01,14.228996599999999,0.7710034,77289.12,109.11000000000058,UP,0.0,1.0,1.0,0.0,UP,1.0,0.999,1.0,0.0,0.001,1.0,0.0,LOCK,NO VALUE
2026-08-23T15:44:43.735308+00:00,KXBTC15M-26AUG231145-45,77180.01,14.7289218,0.2710782,77263.33,83.32000000000698,UP,0.0,1.0,1.0,0.0,UP,1.0,0.999,1.0,0.0,0.001,1.0,0.0,LOCK,NO VALUE
2026-08-23T15:45:13.791574+00:00,KXBTC15M-26AUG231200-00,77273.25,0.22985956666666668,14.770140433333333,77205.23,-68.02000000000407,DOWN,0.4090909090909091,0.5909090909090908,0.4090909090909091,0.5909090909090908,DOWN,0.5909090909090908,0.4,0.41,0.59,0.6,0.6,-0.00909090909090915,RAW,NO VALUE
2026-08-23T15:45:43.730473+00:00,KXBTC15M-26AUG231200-00,77273.25,0.7288412166666667,14.271158783333334,77197.8,-75.44999999999709,DOWN,0.42857142857142855,0.5714285714285714,0.42857142857142855,0.5714285714285714,DOWN,0.5714285714285714,0.4,0.41,0.59,0.6,0.6,-0.02857142857142858,RAW,NO VALUE
2026-08-23T15:46:13.823250+00:00,KXBTC15M-26AUG231200-00,77273.25,1.2303875,13.7696125,77206.02,-67.22999999999593,DOWN,0.4090909090909091,0.5909090909090908,0.4090909090909091,0.5909090909090908,DOWN,0.5909090909090908,0.3,0.31,0.69,0.7,0.7,-0.10909090909090913,RAW,NO VALUE
2026-08-23T15:46:43.801117+00:00,KXBTC15M-26AUG231200-00,77273.25,1.7300186166666667,13.269981383333334,77216.6,-56.64999999999418,DOWN,0.4090909090909091,0.5909090909090908,0.4090909090909091,0.5909090909090908,DOWN,0.5909090909090908,0.3,0.31,0.69,0.7,0.7,-0.10909090909090913,RAW,NO VALUE
2026-08-23T15:47:13.885068+00:00,KXBTC15M-26AUG231200-00,77273.25,2.2314178,12.768582199999999,77201.68,-71.57000000000698,DOWN,0.42857142857142855,0.5714285714285714,0.42857142857142855,0.5714285714285714,DOWN,0.5714285714285714,0.3,0.31,0.69,0.7,0.7,-0.12857142857142856,RAW,NO VALUE
2026-08-23T15:47:44.008730+00:00,KXBTC15M-26AUG231200-00,77273.25,2.7334788333333337,12.266521166666667,77206.03,-67.22000000000116,DOWN,0.42857142857142855,0.5714285714285714,0.42857142857142855,0.5714285714285714,DOWN,0.5714285714285714,0.29,0.3,0.7,0.71,0.71,-0.13857142857142857,RAW,NO VALUE
2026-08-23T15:48:13.743494+00:00,KXBTC15M-26AUG231200-00,77273.25,3.2290582333333333,11.770941766666665,77166.3,-106.94999999999709,DOWN,0.3652173913043478,0.6347826086956522,0.3652173913043478,0.6347826086956522,DOWN,0.6347826086956522,0.26,0.27,0.73,0.74,0.74,-0.10521739130434782,RAW,NO VALUE
2026-08-23T15:48:43.727507+00:00,KXBTC15M-26AUG231200-00,77273.25,3.7287917833333335,11.271208216666668,77184.13,-89.11999999999534,DOWN,0.4090909090909091,0.5909090909090908,0.4090909090909091,0.5909090909090908,DOWN,0.5909090909090908,0.22,0.23,0.77,0.78,0.78,-0.1890909090909092,RAW,NO VALUE
2026-08-23T15:49:13.777998+00:00,KXBTC15M-26AUG231200-00,77273.25,4.2296333,10.7703667,77198.38,-74.86999999999534,DOWN,0.39344262295081966,0.6065573770491803,0.39344262295081966,0.6065573770491803,DOWN,0.6065573770491803,0.24,0.25,0.75,0.76,0.76,-0.15344262295081967,RAW,NO VALUE
2026-08-23T15:49:43.733002+00:00,KXBTC15M-26AUG231200-00,77273.25,4.7288833666666665,10.271116633333332,77178.96,-94.2899999999936,DOWN,0.3652173913043478,0.6347826086956522,0.3652173913043478,0.6347826086956522,DOWN,0.6347826086956522,0.2,0.21,0.79,0.8,0.8,-0.16521739130434787,RAW,NO VALUE
2026-08-23T15:50:13.947435+00:00,KXBTC15M-26AUG231200-00,77273.25,5.2324572499999995,9.767542749999999,77171.65,-101.60000000000582,DOWN,0.24060150375939848,0.7593984962406015,0.24060150375939848,0.7593984962406015,DOWN,0.7593984962406015,0.2,0.21,0.79,0.8,0.8,-0.04060150375939853,LEAN,NO VALUE
2026-08-23T15:50:43.832562+00:00,KXBTC15M-26AUG231200-00,77273.25,5.7305427,9.2694573,77168.46,-104.7899999999936,DOWN,0.19811320754716982,0.8018867924528301,0.19811320754716982,0.8018867924528301,DOWN,0.8018867924528301,0.15,0.16,0.84,0.85,0.85,-0.048113207547169856,STRONG,NO VALUE
2026-08-23T15:51:13.834580+00:00,KXBTC15M-26AUG231200-00,77273.25,6.2305763333333335,8.769423666666667,77166.19,-107.05999999999767,DOWN,0.19811320754716982,0.8018867924528301,0.19811320754716982,0.8018867924528301,DOWN,0.8018867924528301,0.099,0.1,0.9,0.901,0.901,-0.0991132075471699,STRONG,NO VALUE
2026-08-23T15:51:43.741051+00:00,KXBTC15M-26AUG231200-00,77273.25,6.7290175166666675,8.270982483333333,77190.34,-82.91000000000349,DOWN,0.24060150375939848,0.7593984962406015,0.24060150375939848,0.7593984962406015,DOWN,0.7593984962406015,0.097,0.098,0.902,0.903,0.903,-0.1436015037593985,LEAN,NO VALUE
2026-08-23T15:52:13.828962+00:00,KXBTC15M-26AUG231200-00,77273.25,7.2304827,7.7695173,77171.64,-101.61000000000058,DOWN,0.19811320754716982,0.8018867924528301,0.19811320754716982,0.8018867924528301,DOWN,0.8018867924528301,0.14,0.15,0.85,0.86,0.86,-0.058113207547169865,STRONG,NO VALUE
2026-08-23T15:52:43.835416+00:00,KXBTC15M-26AUG231200-00,77273.25,7.730590266666667,7.269409733333333,77188.89,-84.36000000000058,DOWN,0.19811320754716982,0.8018867924528301,0.19811320754716982,0.8018867924528301,DOWN,0.8018867924528301,0.12,0.13,0.87,0.88,0.88,-0.07811320754716988,STRONG,NO VALUE
2026-08-23T15:53:13.858896+00:00,KXBTC15M-26AUG231200-00,77273.25,8.2309816,6.769018399999999,77183.1,-90.14999999999418,DOWN,0.109375,0.890625,0.109375,0.890625,DOWN,0.890625,0.084,0.085,0.915,0.916,0.916,-0.025375000000000036,STRONG,NO VALUE
2026-08-23T15:53:43.890078+00:00,KXBTC15M-26AUG231200-00,77273.25,8.7315013,6.268498699999999,77165.68,-107.57000000000698,DOWN,0.06989247311827956,0.9301075268817205,0.06989247311827956,0.9301075268817205,DOWN,0.9301075268817205,0.07,0.071,0.929,0.93,0.93,0.00010752688172044333,90%+ LOCK CANDIDATE,SMALL EDGE
2026-08-23T15:54:13.771681+00:00,KXBTC15M-26AUG231200-00,77273.25,9.229528016666666,5.7704719833333336,77156.57,-116.67999999999302,DOWN,0.05128205128205128,0.9487179487179487,0.05128205128205128,0.9487179487179487,DOWN,0.9487179487179487,0.048,0.05,0.95,0.952,0.952,-0.0032820512820512793,90%+ LOCK CANDIDATE,NO VALUE
2026-08-23T15:54:43.689735+00:00,KXBTC15M-26AUG231200-00,77273.25,9.72816225,5.27183775,77166.91,-106.33999999999651,DOWN,0.06989247311827956,0.9301075268817205,0.06989247311827956,0.9301075268817205,DOWN,0.9301075268817205,0.048,0.05,0.95,0.952,0.952,-0.021892473118279465,90%+ LOCK CANDIDATE,NO VALUE
2026-08-23T15:55:13.849266+00:00,KXBTC15M-26AUG231200-00,77273.25,10.230821099999998,4.7691789,77154.05,-119.19999999999709,DOWN,0.011904761904761904,0.9880952380952381,0.011904761904761904,0.9880952380952381,DOWN,0.9880952380952381,0.044,0.045,0.955,0.956,0.956,0.03209523809523818,LOCK,SMALL EDGE
2026-08-23T15:55:43.784553+00:00,KXBTC15M-26AUG231200-00,77273.25,10.72974255,4.27025745,77154.04,-119.2100000000064,DOWN,0.011904761904761904,0.9880952380952381,0.011904761904761904,0.9880952380952381,DOWN,0.9880952380952381,0.033,0.034,0.966,0.967,0.967,0.021095238095238167,LOCK,SMALL EDGE
2026-08-23T15:56:13.793579+00:00,KXBTC15M-26AUG231200-00,77273.25,11.229892983333334,3.7701070166666666,77155.6,-117.64999999999418,DOWN,0.0,1.0,0.0,1.0,DOWN,1.0,0.02,0.021,0.979,0.98,0.98,0.020000000000000018,LOCK,SMALL EDGE
2026-08-23T15:56:43.801537+00:00,KXBTC15M-26AUG231200-00,77273.25,11.730025616666667,3.2699743833333335,77174.16,-99.08999999999651,DOWN,0.034482758620689655,0.9655172413793104,0.034482758620689655,0.9655172413793104,DOWN,0.9655172413793104,0.015,0.016,0.984,0.985,0.985,-0.0194827586206896,LOCK,NO VALUE
2026-08-23T15:57:13.724177+00:00,KXBTC15M-26AUG231200-00,77273.25,12.228736283333335,2.7712637166666667,77167.98,-105.27000000000407,DOWN,0.06989247311827956,0.9301075268817205,0.06989247311827956,0.9301075268817205,DOWN,0.9301075268817205,0.041,0.042,0.958,0.959,0.959,-0.02889247311827947,LOCK,NO VALUE
2026-08-23T15:57:44.067761+00:00,KXBTC15M-26AUG231200-00,77273.25,12.734462683333334,2.265537316666667,77167.65,-105.60000000000582,DOWN,0.06032838102308867,0.9396716189769113,0.06032838102308867,0.9396716189769113,DOWN,0.9396716189769113,0.01,0.011,0.989,0.99,0.99,-0.050328381023088675,LOCK,NO VALUE
2026-08-23T15:58:13.820149+00:00,KXBTC15M-26AUG231200-00,77273.25,13.230335816666667,1.7696641833333333,77141.07,-132.17999999999302,DOWN,0.0,1.0,0.0,1.0,DOWN,1.0,0.002,0.003,0.997,0.998,0.998,0.0020000000000000018,LOCK,SMALL EDGE
2026-08-23T15:58:43.884999+00:00,KXBTC15M-26AUG231200-00,77273.25,13.73141665,1.26858335,77126.03,-147.22000000000116,DOWN,0.0,1.0,0.0,1.0,DOWN,1.0,0.0,0.001,0.999,1.0,1.0,0.0,LOCK,NO VALUE
2026-08-23T15:59:14.007330+00:00,KXBTC15M-26AUG231200-00,77273.25,14.2334555,0.7665445,77125.8,-147.4499999999971,DOWN,0.0,1.0,0.0,1.0,DOWN,1.0,0.0,0.001,0.999,1.0,1.0,0.0,LOCK,NO VALUE
2026-08-23T15:59:43.946873+00:00,KXBTC15M-26AUG231200-00,77273.25,14.732447883333332,0.2675521166666667,77145.47,-127.77999999999884,DOWN,0.0,1.0,0.0,1.0,DOWN,1.0,0.0,0.001,0.999,1.0,1.0,0.0,LOCK,NO VALUE
2026-08-23T16:00:43.821320+00:00,KXBTC15M-26AUG231215-15,77138.38,0.7303553333333334,14.269644666666666,77171.67,33.2899999999936,UP,0.4336734693877551,0.5663265306122449,0.5663265306122449,0.4336734693877551,UP,0.5663265306122449,0.55,0.56,0.44,0.45,0.56,0.006326530612244863,RAW,SMALL EDGE
2026-08-23T16:01:13.967608+00:00,KXBTC15M-26AUG231215-15,77138.38,1.2327934666666667,13.767206533333333,77180.0,41.61999999999534,UP,0.42857142857142855,0.5714285714285714,0.5714285714285714,0.42857142857142855,UP,0.5714285714285714,0.62,0.63,0.37,0.38,0.63,-0.05857142857142861,RAW,NO VALUE
2026-08-23T16:01:43.910601+00:00,KXBTC15M-26AUG231215-15,77138.38,1.73184335,13.26815665,77198.38,60.0,UP,0.3652173913043478,0.6347826086956522,0.6347826086956522,0.3652173913043478,UP,0.6347826086956522,0.66,0.67,0.33,0.34,0.67,-0.03521739130434787,RAW,NO VALUE
2026-08-23T16:02:13.891420+00:00,KXBTC15M-26AUG231215-15,77138.38,2.231523666666667,12.768476333333332,77198.38,60.0,UP,0.27388535031847133,0.7261146496815287,0.7261146496815287,0.27388535031847133,UP,0.7261146496815287,0.71,0.72,0.28,0.29,0.72,0.00611464968152875,LEAN,SMALL EDGE
2026-08-23T16:02:43.948131+00:00,KXBTC15M-26AUG231215-15,77138.38,2.7324688499999996,12.26753115,77198.38,60.0,UP,0.27388535031847133,0.7261146496815287,0.7261146496815287,0.27388535031847133,UP,0.7261146496815287,0.71,0.72,0.28,0.29,0.72,0.00611464968152875,LEAN,SMALL EDGE
2026-08-23T16:03:13.825957+00:00,KXBTC15M-26AUG231215-15,77138.38,3.2304326166666666,11.769567383333333,77211.0,72.61999999999534,UP,0.3652173913043478,0.6347826086956522,0.6347826086956522,0.3652173913043478,UP,0.6347826086956522,0.74,0.75,0.25,0.26,0.75,-0.11521739130434783,RAW,NO VALUE
2026-08-23T16:03:43.928489+00:00,KXBTC15M-26AUG231215-15,77138.38,3.7321414833333337,11.267858516666667,77259.59,121.20999999999185,UP,0.19811320754716982,0.8018867924528301,0.8018867924528301,0.19811320754716982,UP,0.8018867924528301,0.8,0.81,0.19,0.2,0.81,-0.008113207547169932,STRONG,NO VALUE
2026-08-23T16:04:13.815972+00:00,KXBTC15M-26AUG231215-15,77138.38,4.2302662,10.769733800000001,77255.67,117.2899999999936,UP,0.19811320754716982,0.8018867924528301,0.8018867924528301,0.19811320754716982,UP,0.8018867924528301,0.84,0.85,0.15,0.16,0.85,-0.048113207547169856,STRONG,NO VALUE
2026-08-23T16:04:43.922052+00:00,KXBTC15M-26AUG231215-15,77138.38,4.7320342,10.2679658,77255.23,116.84999999999127,UP,0.19811320754716982,0.8018867924528301,0.8018867924528301,0.19811320754716982,UP,0.8018867924528301,0.87,0.88,0.12,0.13,0.88,-0.07811320754716988,STRONG,NO VALUE
2026-08-23T16:05:14.019082+00:00,KXBTC15M-26AUG231215-15,77138.38,5.233651366666667,9.766348633333333,77233.32,94.94000000000233,UP,0.19811320754716982,0.8018867924528301,0.8018867924528301,0.19811320754716982,UP,0.8018867924528301,0.88,0.89,0.11,0.12,0.89,-0.08811320754716989,STRONG,NO VALUE
2026-08-23T16:05:44.008419+00:00,KXBTC15M-26AUG231215-15,77138.38,5.73347365,9.26652635,77237.18,98.79999999998836,UP,0.10714285714285714,0.8928571428571429,0.8928571428571429,0.10714285714285714,UP,0.8928571428571429,0.88,0.89,0.11,0.12,0.89,0.0028571428571428914,STRONG,SMALL EDGE
2026-08-23T16:06:13.944132+00:00,KXBTC15M-26AUG231215-15,77138.38,6.2324022,8.7675978,77241.44,103.05999999999767,UP,0.06989247311827956,0.9301075268817205,0.9301075268817205,0.06989247311827956,UP,0.9301075268817205,0.86,0.87,0.13,0.14,0.87,0.0601075268817205,EARLY 90%+ / NOT YET VALIDATED LOCK,SMALL EDGE
2026-08-23T16:06:43.873958+00:00,KXBTC15M-26AUG231215-15,77138.38,6.731232633333334,8.268767366666667,77246.62,108.23999999999069,UP,0.011904761904761904,0.9880952380952381,0.9880952380952381,0.011904761904761904,UP,0.9880952380952381,0.89,0.9,0.1,0.11,0.9,0.08809523809523812,EARLY 90%+ / NOT YET VALIDATED LOCK,SMALL EDGE
2026-08-23T16:07:13.862642+00:00,KXBTC15M-26AUG231215-15,77138.38,7.231044033333333,7.768955966666667,77217.48,79.09999999999127,UP,0.10714285714285714,0.8928571428571429,0.8928571428571429,0.10714285714285714,UP,0.8928571428571429,0.904,0.905,0.095,0.096,0.905,-0.012142857142857122,STRONG,NO VALUE
2026-08-23T16:07:43.925603+00:00,KXBTC15M-26AUG231215-15,77138.38,7.732093383333334,7.267906616666666,77218.46,80.08000000000175,UP,0.10714285714285714,0.8928571428571429,0.8928571428571429,0.10714285714285714,UP,0.8928571428571429,0.86,0.87,0.13,0.14,0.87,0.02285714285714291,STRONG,SMALL EDGE
2026-08-23T16:08:13.947981+00:00,KXBTC15M-26AUG231215-15,77138.38,8.232466350000001,6.76753365,77220.68,82.29999999998836,UP,0.06989247311827956,0.9301075268817205,0.9301075268817205,0.06989247311827956,UP,0.9301075268817205,0.88,0.89,0.11,0.12,0.89,0.04010752688172048,90%+ LOCK CANDIDATE,SMALL EDGE
2026-08-23T16:08:43.991988+00:00,KXBTC15M-26AUG231215-15,77138.38,8.7331998,6.2668002000000005,77234.61,96.22999999999593,UP,0.034482758620689655,0.9655172413793104,0.9655172413793104,0.034482758620689655,UP,0.9655172413793104,0.932,0.933,0.067,0.068,0.933,0.032517241379310335,90%+ LOCK CANDIDATE,SMALL EDGE
2026-08-23T16:09:13.784211+00:00,KXBTC15M-26AUG231215-15,77138.38,9.22973685,5.77026315,77230.74,92.36000000000058,UP,0.011904761904761904,0.9880952380952381,0.9880952380952381,0.011904761904761904,UP,0.9880952380952381,0.961,0.962,0.038,0.039,0.962,0.02609523809523817,90%+ LOCK CANDIDATE,SMALL EDGE
2026-08-23T16:09:43.815110+00:00,KXBTC15M-26AUG231215-15,77138.38,9.730251833333334,5.269748166666667,77224.8,86.41999999999825,UP,0.011904761904761904,0.9880952380952381,0.9880952380952381,0.011904761904761904,UP,0.9880952380952381,0.942,0.943,0.057,0.058,0.943,0.04509523809523819,90%+ LOCK CANDIDATE,SMALL EDGE
2026-08-23T16:10:13.896899+00:00,KXBTC15M-26AUG231215-15,77138.38,10.231614983333333,4.768385016666667,77203.0,64.61999999999534,UP,0.06989247311827956,0.9301075268817205,0.9301075268817205,0.06989247311827956,UP,0.9301075268817205,0.907,0.908,0.092,0.093,0.908,0.022107526881720463,LOCK,SMALL EDGE
2026-08-23T16:10:43.775829+00:00,KXBTC15M-26AUG231215-15,77138.38,10.72959715,4.27040285,77229.52,91.13999999999942,UP,0.011904761904761904,0.9880952380952381,0.9880952380952381,0.011904761904761904,UP,0.9880952380952381,0.957,0.958,0.042,0.043,0.958,0.030095238095238175,LOCK,SMALL EDGE
2026-08-23T16:11:14.117481+00:00,KXBTC15M-26AUG231215-15,77138.38,11.23529135,3.76470865,77243.78,105.39999999999418,UP,0.0,1.0,1.0,0.0,UP,1.0,0.968,0.969,0.031,0.032,0.969,0.031000000000000028,LOCK,SMALL EDGE
2026-08-23T16:11:43.915750+00:00,KXBTC15M-26AUG231215-15,77138.38,11.731929166666667,3.2680708333333333,77263.32,124.94000000000233,UP,0.0,1.0,1.0,0.0,UP,1.0,0.991,0.993,0.007,0.009,0.993,0.007000000000000006,LOCK,SMALL EDGE
2026-08-23T16:12:13.833775+00:00,KXBTC15M-26AUG231215-15,77138.38,12.230562916666665,2.7694370833333335,77263.17,124.7899999999936,UP,0.0,1.0,1.0,0.0,UP,1.0,0.991,0.993,0.007,0.009,0.993,0.007000000000000006,LOCK,SMALL EDGE
2026-08-23T16:12:43.919455+00:00,KXBTC15M-26AUG231215-15,77138.38,12.731990916666666,2.2680090833333333,77248.05,109.66999999999825,UP,0.0,1.0,1.0,0.0,UP,1.0,0.992,0.993,0.007,0.008,0.993,0.007000000000000006,LOCK,SMALL EDGE
2026-08-23T16:13:13.872223+00:00,KXBTC15M-26AUG231215-15,77138.38,13.231203716666666,1.7687962833333333,77243.64,105.25999999999476,UP,0.0,1.0,1.0,0.0,UP,1.0,0.987,0.988,0.012,0.013,0.988,0.01200000000000001,LOCK,SMALL EDGE
2026-08-23T16:13:43.935120+00:00,KXBTC15M-26AUG231215-15,77138.38,13.732251999999999,1.267748,77263.6,125.22000000000116,UP,0.0,1.0,1.0,0.0,UP,1.0,0.995,0.996,0.004,0.005,0.996,0.0040000000000000036,LOCK,SMALL EDGE
2026-08-23T16:14:13.871973+00:00,KXBTC15M-26AUG231215-15,77138.38,14.231199550000001,0.7688004500000001,77255.69,117.30999999999767,UP,0.0,1.0,1.0,0.0,UP,1.0,0.999,1.0,0.0,0.001,1.0,0.0,LOCK,NO VALUE
2026-08-23T16:14:43.859903+00:00,KXBTC15M-26AUG231215-15,77138.38,14.730998383333334,0.26900161666666667,77257.76,119.3799999999901,UP,0.0,1.0,1.0,0.0,UP,1.0,0.999,1.0,0.0,0.001,1.0,0.0,LOCK,NO VALUE
2026-08-23T16:15:43.876443+00:00,KXBTC15M-26AUG231230-30,77257.64,0.73127405,14.26872595,77230.64,-27.0,DOWN,0.39344262295081966,0.6065573770491803,0.39344262295081966,0.6065573770491803,DOWN,0.6065573770491803,0.46,0.47,0.53,0.54,0.54,0.0665573770491803,RAW,SMALL EDGE
2026-08-23T16:16:13.958948+00:00,KXBTC15M-26AUG231230-30,77257.64,1.2326491333333334,13.767350866666668,77238.91,-18.729999999995925,DOWN,0.4336734693877551,0.5663265306122449,0.4336734693877551,0.5663265306122449,DOWN,0.5663265306122449,0.41,0.42,0.58,0.59,0.59,-0.023673469387755053,RAW,NO VALUE
2026-08-23T16:16:43.832060+00:00,KXBTC15M-26AUG231230-30,77257.64,1.7305343333333334,13.269465666666667,77297.7,40.05999999999767,UP,0.24060150375939848,0.7593984962406015,0.7593984962406015,0.24060150375939848,UP,0.7593984962406015,0.61,0.62,0.38,0.39,0.62,0.13939849624060152,LEAN,POSITIVE EDGE
2026-08-23T16:17:14.030523+00:00,KXBTC15M-26AUG231230-30,77257.64,2.23384205,12.76615795,77290.77,33.13000000000466,UP,0.27388535031847133,0.7261146496815287,0.7261146496815287,0.27388535031847133,UP,0.7261146496815287,0.64,0.65,0.35,0.36,0.65,0.0761146496815287,LEAN,SMALL EDGE
2026-08-23T16:17:43.982324+00:00,KXBTC15M-26AUG231230-30,77257.64,2.7330387333333332,12.266961266666668,77270.97,13.330000000001746,UP,0.4336734693877551,0.5663265306122449,0.5663265306122449,0.4336734693877551,UP,0.5663265306122449,0.64,0.65,0.35,0.36,0.65,-0.0836734693877551,RAW,NO VALUE
2026-08-23T16:18:13.859232+00:00,KXBTC15M-26AUG231230-30,77257.64,3.2309872,11.7690128,77249.92,-7.720000000001164,DOWN,0.4336734693877551,0.5663265306122449,0.4336734693877551,0.5663265306122449,DOWN,0.5663265306122449,0.52,0.53,0.47,0.48,0.48,0.08632653061224493,RAW,SMALL EDGE
2026-08-23T16:18:43.994765+00:00,KXBTC15M-26AUG231230-30,77257.64,3.7332460833333334,11.266753916666666,77228.95,-28.69000000000233,DOWN,0.4336734693877551,0.5663265306122449,0.4336734693877551,0.5663265306122449,DOWN,0.5663265306122449,0.43,0.44,0.56,0.57,0.57,-0.003673469387755035,RAW,NO VALUE
2026-08-23T16:19:13.880328+00:00,KXBTC15M-26AUG231230-30,77257.64,4.2313388,10.7686612,77262.99,5.350000000005821,UP,0.42857142857142855,0.5714285714285714,0.5714285714285714,0.42857142857142855,UP,0.5714285714285714,0.35,0.36,0.64,0.65,0.36,0.2114285714285714,RAW,IDEAL <=50c / LARGE EDGE
2026-08-23T16:19:43.848928+00:00,KXBTC15M-26AUG231230-30,77257.64,4.730815466666667,10.269184533333334,77232.77,-24.869999999995343,DOWN,0.42857142857142855,0.5714285714285714,0.42857142857142855,0.5714285714285714,DOWN,0.5714285714285714,0.48,0.49,0.51,0.52,0.52,0.05142857142857138,RAW,SMALL EDGE
2026-08-23T16:20:13.836728+00:00,KXBTC15M-26AUG231230-30,77257.64,5.2306121333333335,9.769387866666667,77205.93,-51.7100000000064,DOWN,0.39344262295081966,0.6065573770491803,0.39344262295081966,0.6065573770491803,DOWN,0.6065573770491803,0.33,0.34,0.66,0.67,0.67,-0.0634426229508197,RAW,NO VALUE
2026-08-23T16:20:43.797837+00:00,KXBTC15M-26AUG231230-30,77257.64,5.72996395,9.27003605,77257.82,0.180000000007567,UP,0.4336734693877551,0.5663265306122449,0.5663265306122449,0.4336734693877551,UP,0.5663265306122449,0.33,0.34,0.66,0.67,0.34,0.2263265306122449,RAW,IDEAL <=50c / LARGE EDGE
2026-08-23T16:21:13.976938+00:00,KXBTC15M-26AUG231230-30,77257.64,6.232948966666667,8.767051033333333,77245.14,-12.5,DOWN,0.4336734693877551,0.5663265306122449,0.4336734693877551,0.5663265306122449,DOWN,0.5663265306122449,0.49,0.5,0.5,0.51,0.51,0.05632653061224491,RAW,SMALL EDGE
2026-08-23T16:21:43.807926+00:00,KXBTC15M-26AUG231230-30,77257.64,6.7301321000000005,8.2698679,77262.61,4.970000000001164,UP,0.42857142857142855,0.5714285714285714,0.5714285714285714,0.42857142857142855,UP,0.5714285714285714,0.51,0.52,0.48,0.49,0.52,0.05142857142857138,RAW,SMALL EDGE
2026-08-23T16:22:13.913499+00:00,KXBTC15M-26AUG231230-30,77257.64,7.23189165,7.76810835,77253.76,-3.8800000000046566,DOWN,1.0,0.0,1.0,0.0,UP,1.0,0.47,0.48,0.52,0.53,0.48,0.52,EARLY 90%+ / NOT YET VALIDATED LOCK,IDEAL <=50c / LARGE EDGE
2026-08-23T16:22:43.893051+00:00,KXBTC15M-26AUG231230-30,77257.64,7.7315508500000005,7.2684491499999995,77242.05,-15.589999999996508,DOWN,0.42857142857142855,0.5714285714285714,0.42857142857142855,0.5714285714285714,DOWN,0.5714285714285714,0.47,0.48,0.52,0.53,0.53,0.04142857142857137,RAW,SMALL EDGE
2026-08-23T16:23:13.948813+00:00,KXBTC15M-26AUG231230-30,77257.64,8.232480216666666,6.767519783333333,77240.29,-17.35000000000582,DOWN,0.42857142857142855,0.5714285714285714,0.42857142857142855,0.5714285714285714,DOWN,0.5714285714285714,0.41,0.42,0.58,0.59,0.59,-0.018571428571428572,RAW,NO VALUE
2026-08-23T16:23:44.030977+00:00,KXBTC15M-26AUG231230-30,77257.64,8.733849616666667,6.266150383333334,77259.1,1.4600000000064028,UP,0.4336734693877551,0.5663265306122449,0.5663265306122449,0.4336734693877551,UP,0.5663265306122449,0.39,0.4,0.6,0.61,0.4,0.1663265306122449,RAW,ATTRACTIVE <=50c
2026-08-23T16:24:13.839519+00:00,KXBTC15M-26AUG231230-30,77257.64,9.23065865,5.76934135,77261.6,3.960000000006403,UP,0.42857142857142855,0.5714285714285714,0.5714285714285714,0.42857142857142855,UP,0.5714285714285714,0.5,0.51,0.49,0.5,0.51,0.06142857142857139,RAW,SMALL EDGE
2026-08-23T16:24:43.868154+00:00,KXBTC15M-26AUG231230-30,77257.64,9.7311359,5.2688641,77261.12,3.4799999999959255,UP,0.42857142857142855,0.5714285714285714,0.5714285714285714,0.42857142857142855,UP,0.5714285714285714,0.51,0.52,0.48,0.49,0.52,0.05142857142857138,RAW,SMALL EDGE
2026-08-23T16:25:13.850026+00:00,KXBTC15M-26AUG231230-30,77257.64,10.230833766666667,4.769166233333333,77251.06,-6.580000000001746,DOWN,0.4336734693877551,0.5663265306122449,0.4336734693877551,0.5663265306122449,DOWN,0.5663265306122449,0.45,0.46,0.54,0.55,0.55,0.01632653061224487,RAW,SMALL EDGE
2026-08-23T16:25:43.833574+00:00,KXBTC15M-26AUG231230-30,77257.64,10.730559566666667,4.269440433333333,77284.69,27.05000000000291,UP,0.27388535031847133,0.7261146496815287,0.7261146496815287,0.27388535031847133,UP,0.7261146496815287,0.58,0.59,0.41,0.42,0.59,0.13611464968152875,LEAN,POSITIVE EDGE
2026-08-23T16:26:13.923910+00:00,KXBTC15M-26AUG231230-30,77257.64,11.232065166666667,3.7679348333333333,77291.72,34.080000000001746,UP,0.24060150375939848,0.7593984962406015,0.7593984962406015,0.24060150375939848,UP,0.7593984962406015,0.78,0.79,0.21,0.22,0.79,-0.03060150375939852,LEAN,NO VALUE
2026-08-23T16:26:43.914042+00:00,KXBTC15M-26AUG231230-30,77257.64,11.7319007,3.2680993000000003,77288.78,31.139999999999418,UP,0.19811320754716982,0.8018867924528301,0.8018867924528301,0.19811320754716982,UP,0.8018867924528301,0.78,0.79,0.21,0.22,0.79,0.011886792452830086,STRONG,SMALL EDGE
2026-08-23T16:27:13.958000+00:00,KXBTC15M-26AUG231230-30,77257.64,12.232633333333332,2.7673666666666668,77272.76,15.119999999995343,UP,0.3652173913043478,0.6347826086956522,0.6347826086956522,0.3652173913043478,UP,0.6347826086956522,0.78,0.79,0.21,0.22,0.79,-0.15521739130434786,RAW,NO VALUE
2026-08-23T16:27:43.940655+00:00,KXBTC15M-26AUG231230-30,77257.64,12.73234425,2.2676557500000003,77277.06,19.419999999998254,UP,0.24060150375939848,0.7593984962406015,0.7593984962406015,0.24060150375939848,UP,0.7593984962406015,0.69,0.7,0.3,0.31,0.7,0.05939849624060156,LEAN,SMALL EDGE
2026-08-23T16:28:13.891949+00:00,KXBTC15M-26AUG231230-30,77257.64,13.231532483333332,1.7684675166666668,77288.78,31.139999999999418,UP,0.05128205128205128,0.9487179487179487,0.9487179487179487,0.05128205128205128,UP,0.9487179487179487,0.84,0.85,0.15,0.16,0.85,0.0987179487179487,LOCK,SMALL EDGE
2026-08-23T16:28:43.936003+00:00,KXBTC15M-26AUG231230-30,77257.64,13.732266716666667,1.2677332833333332,77297.7,40.05999999999767,UP,0.0,1.0,1.0,0.0,UP,1.0,0.949,0.95,0.05,0.051,0.95,0.050000000000000044,LOCK,SMALL EDGE
2026-08-23T16:29:13.969189+00:00,KXBTC15M-26AUG231230-30,77257.64,14.232819816666668,0.7671801833333334,77300.0,42.36000000000058,UP,0.0,1.0,1.0,0.0,UP,1.0,0.983,0.984,0.016,0.017,0.984,0.016000000000000014,LOCK,SMALL EDGE
2026-08-23T16:29:44.202041+00:00,KXBTC15M-26AUG231230-30,77257.64,14.736700683333334,0.26329931666666667,77290.07,32.43000000000757,UP,0.011904761904761904,0.9880952380952381,0.9880952380952381,0.011904761904761904,UP,0.9880952380952381,0.998,0.999,0.001,0.002,0.999,-0.010904761904761862,LOCK,NO VALUE
2026-08-23T16:30:43.894835+00:00,KXBTC15M-26AUG231245-45,77296.21,0.7315805833333333,14.268419416666667,77305.1,8.889999999999418,UP,0.42857142857142855,0.5714285714285714,0.5714285714285714,0.42857142857142855,UP,0.5714285714285714,0.47,0.48,0.52,0.53,0.48,0.09142857142857141,RAW,SMALL EDGE
2026-08-23T16:31:13.948803+00:00,KXBTC15M-26AUG231245-45,77296.21,1.23248005,13.76751995,77300.15,3.9399999999877764,UP,0.42857142857142855,0.5714285714285714,0.5714285714285714,0.42857142857142855,UP,0.5714285714285714,0.5,0.51,0.49,0.5,0.51,0.06142857142857139,RAW,SMALL EDGE
2026-08-23T16:31:43.908850+00:00,KXBTC15M-26AUG231245-45,77296.21,1.7318141666666667,13.268185833333332,77316.8,20.589999999996508,UP,0.39344262295081966,0.6065573770491803,0.6065573770491803,0.39344262295081966,UP,0.6065573770491803,0.55,0.56,0.44,0.45,0.56,0.04655737704918028,RAW,SMALL EDGE
2026-08-23T16:32:13.949635+00:00,KXBTC15M-26AUG231245-45,77296.21,2.232493916666667,12.767506083333334,77324.37,28.15999999998894,UP,0.19811320754716982,0.8018867924528301,0.8018867924528301,0.19811320754716982,UP,0.8018867924528301,0.6,0.61,0.39,0.4,0.61,0.19188679245283013,STRONG,POSITIVE EDGE
2026-08-23T16:32:43.835155+00:00,KXBTC15M-26AUG231245-45,77296.21,2.7305859166666666,12.269414083333334,77347.37,51.15999999998894,UP,0.24060150375939848,0.7593984962406015,0.7593984962406015,0.24060150375939848,UP,0.7593984962406015,0.69,0.7,0.3,0.31,0.7,0.05939849624060156,LEAN,SMALL EDGE
2026-08-23T16:33:13.822356+00:00,KXBTC15M-26AUG231245-45,77296.21,3.2303726000000004,11.7696274,77374.1,77.88999999999942,UP,0.24060150375939848,0.7593984962406015,0.7593984962406015,0.24060150375939848,UP,0.7593984962406015,0.69,0.7,0.3,0.31,0.7,0.05939849624060156,LEAN,SMALL EDGE
2026-08-23T16:33:43.897268+00:00,KXBTC15M-26AUG231245-45,77296.21,3.7316211333333333,11.268378866666666,77377.92,81.70999999999185,UP,0.24060150375939848,0.7593984962406015,0.7593984962406015,0.24060150375939848,UP,0.7593984962406015,0.79,0.8,0.2,0.21,0.8,-0.04060150375939853,LEAN,NO VALUE
2026-08-23T16:34:14.179148+00:00,KXBTC15M-26AUG231245-45,77296.21,4.236319133333334,10.763680866666666,77354.23,58.01999999998952,UP,0.27388535031847133,0.7261146496815287,0.7261146496815287,0.27388535031847133,UP,0.7261146496815287,0.72,0.73,0.27,0.28,0.73,-0.003885350318471259,LEAN,NO VALUE
2026-08-23T16:34:43.880218+00:00,KXBTC15M-26AUG231245-45,77296.21,4.7313369666666665,10.268663033333333,77354.22,58.00999999999476,UP,0.27388535031847133,0.7261146496815287,0.7261146496815287,0.27388535031847133,UP,0.7261146496815287,0.77,0.78,0.22,0.23,0.78,-0.0538853503184713,LEAN,NO VALUE
2026-08-23T16:35:13.851552+00:00,KXBTC15M-26AUG231245-45,77296.21,5.2308592,9.7691408,77407.71,111.5,UP,0.06989247311827956,0.9301075268817205,0.9301075268817205,0.06989247311827956,UP,0.9301075268817205,0.87,0.88,0.12,0.13,0.88,0.05010752688172049,EARLY 90%+ / NOT YET VALIDATED LOCK,SMALL EDGE
2026-08-23T16:35:43.947534+00:00,KXBTC15M-26AUG231245-45,77296.21,5.7324589,9.267541099999999,77400.08,103.86999999999534,UP,0.06989247311827956,0.9301075268817205,0.9301075268817205,0.06989247311827956,UP,0.9301075268817205,0.87,0.88,0.12,0.13,0.88,0.05010752688172049,EARLY 90%+ / NOT YET VALIDATED LOCK,SMALL EDGE
2026-08-23T16:36:13.993690+00:00,KXBTC15M-26AUG231245-45,77296.21,6.233228166666667,8.766771833333333,77393.06,96.84999999999127,UP,0.05128205128205128,0.9487179487179487,0.9487179487179487,0.05128205128205128,UP,0.9487179487179487,0.87,0.88,0.12,0.13,0.88,0.06871794871794867,EARLY 90%+ / NOT YET VALIDATED LOCK,SMALL EDGE
2026-08-23T16:36:43.923278+00:00,KXBTC15M-26AUG231245-45,77296.21,6.732054633333333,8.267945366666668,77358.82,62.61000000000058,UP,0.19811320754716982,0.8018867924528301,0.8018867924528301,0.19811320754716982,UP,0.8018867924528301,0.87,0.88,0.12,0.13,0.88,-0.07811320754716988,STRONG,NO VALUE
2026-08-23T16:37:14.046619+00:00,KXBTC15M-26AUG231245-45,77296.21,7.234110316666667,7.765889683333333,77367.39,71.17999999999302,UP,0.06989247311827956,0.9301075268817205,0.9301075268817205,0.06989247311827956,UP,0.9301075268817205,0.77,0.78,0.22,0.23,0.78,0.15010752688172047,EARLY 90%+ / NOT YET VALIDATED LOCK,POSITIVE EDGE
2026-08-23T16:37:43.891119+00:00,KXBTC15M-26AUG231245-45,77296.21,7.73151865,7.26848135,77318.74,22.529999999998836,UP,0.39344262295081966,0.6065573770491803,0.6065573770491803,0.39344262295081966,UP,0.6065573770491803,0.84,0.85,0.15,0.16,0.85,-0.24344262295081964,RAW,NO VALUE
2026-08-23T16:38:13.882786+00:00,KXBTC15M-26AUG231245-45,77296.21,8.231379766666667,6.768620233333333,77320.64,24.429999999993015,UP,0.39344262295081966,0.6065573770491803,0.6065573770491803,0.39344262295081966,UP,0.6065573770491803,0.65,0.66,0.34,0.35,0.66,-0.053442622950819696,RAW,NO VALUE
2026-08-23T16:38:43.883938+00:00,KXBTC15M-26AUG231245-45,77296.21,8.731398966666665,6.268601033333334,77335.06,38.84999999999127,UP,0.3652173913043478,0.6347826086956522,0.6347826086956522,0.3652173913043478,UP,0.6347826086956522,0.73,0.74,0.26,0.27,0.74,-0.10521739130434782,RAW,NO VALUE
2026-08-23T16:39:13.853806+00:00,KXBTC15M-26AUG231245-45,77296.21,9.230896766666666,5.769103233333333,77354.0,57.7899999999936,UP,0.24060150375939848,0.7593984962406015,0.7593984962406015,0.24060150375939848,UP,0.7593984962406015,0.8,0.81,0.19,0.2,0.81,-0.050601503759398536,LEAN,NO VALUE
2026-08-23T16:39:43.998583+00:00,KXBTC15M-26AUG231245-45,77296.21,9.733309716666668,5.266690283333333,77374.98,78.76999999998952,UP,0.06989247311827956,0.9301075268817205,0.9301075268817205,0.06989247311827956,UP,0.9301075268817205,0.84,0.85,0.15,0.16,0.85,0.08010752688172051,90%+ LOCK CANDIDATE,SMALL EDGE
2026-08-23T16:40:13.870121+00:00,KXBTC15M-26AUG231245-45,77296.21,10.231168683333333,4.768831316666667,77370.9,74.68999999998778,UP,0.06989247311827956,0.9301075268817205,0.9301075268817205,0.06989247311827956,UP,0.9301075268817205,0.917,0.918,0.082,0.083,0.918,0.012107526881720454,LOCK,SMALL EDGE
2026-08-23T16:40:43.839496+00:00,KXBTC15M-26AUG231245-45,77296.21,10.730658266666667,4.269341733333333,77364.67,68.45999999999185,UP,0.05128205128205128,0.9487179487179487,0.9487179487179487,0.05128205128205128,UP,0.9487179487179487,0.927,0.928,0.072,0.073,0.928,0.02071794871794863,LOCK,SMALL EDGE
2026-08-23T16:41:13.815817+00:00,KXBTC15M-26AUG231245-45,77296.21,11.230263616666667,3.769736383333333,77347.38,51.169999999998254,UP,0.109375,0.890625,0.890625,0.109375,UP,0.890625,0.919,0.92,0.08,0.081,0.92,-0.02937500000000004,STRONG,NO VALUE
2026-08-23T16:41:43.925686+00:00,KXBTC15M-26AUG231245-45,77296.21,11.732094766666668,3.267905233333333,77349.13,52.919999999998254,UP,0.06989247311827956,0.9301075268817205,0.9301075268817205,0.06989247311827956,UP,0.9301075268817205,0.912,0.913,0.087,0.088,0.913,0.01710752688172046,LOCK,SMALL EDGE
2026-08-23T16:42:14.169947+00:00,KXBTC15M-26AUG231245-45,77296.21,12.236165783333332,2.7638342166666665,77374.87,78.65999999998894,UP,0.0,1.0,1.0,0.0,UP,1.0,0.967,0.968,0.032,0.033,0.968,0.03200000000000003,LOCK,SMALL EDGE
2026-08-23T16:42:43.866273+00:00,KXBTC15M-26AUG231245-45,77296.21,12.73110455,2.26889545,77393.2,96.98999999999069,UP,0.0,1.0,1.0,0.0,UP,1.0,0.967,0.968,0.032,0.033,0.968,0.03200000000000003,LOCK,SMALL EDGE
2026-08-23T16:43:13.866976+00:00,KXBTC15M-26AUG231245-45,77296.21,13.231116266666668,1.7688837333333334,77415.03,118.81999999999243,UP,0.0,1.0,1.0,0.0,UP,1.0,0.991,0.992,0.008,0.009,0.992,0.008000000000000007,LOCK,SMALL EDGE
2026-08-23T16:43:43.886374+00:00,KXBTC15M-26AUG231245-45,77296.21,13.731439566666667,1.2685604333333333,77421.43,125.21999999998661,UP,0.0,1.0,1.0,0.0,UP,1.0,0.997,0.998,0.002,0.003,0.998,0.0020000000000000018,LOCK,SMALL EDGE
2026-08-23T16:44:13.846014+00:00,KXBTC15M-26AUG231245-45,77296.21,14.230766899999999,0.7692331,77381.75,85.5399999999936,UP,0.0,1.0,1.0,0.0,UP,1.0,0.999,1.0,0.0,0.001,1.0,0.0,LOCK,NO VALUE
2026-08-23T16:44:44.026209+00:00,KXBTC15M-26AUG231245-45,77296.21,14.73377015,0.26622985,77378.38,82.16999999999825,UP,0.0,1.0,1.0,0.0,UP,1.0,0.999,1.0,0.0,0.001,1.0,0.0,LOCK,NO VALUE
2026-08-23T16:45:43.764409+00:00,KXBTC15M-26AUG231300-00,77377.7,0.7294068166666666,14.270593183333334,77380.8,3.1000000000058208,UP,0.42857142857142855,0.5714285714285714,0.5714285714285714,0.42857142857142855,UP,0.5714285714285714,0.49,0.5,0.5,0.51,0.5,0.0714285714285714,RAW,SMALL EDGE
2026-08-23T16:46:13.950054+00:00,KXBTC15M-26AUG231300-00,77377.7,1.2325009,13.7674991,77385.56,7.860000000000582,UP,0.4336734693877551,0.5663265306122449,0.5663265306122449,0.4336734693877551,UP,0.5663265306122449,0.5,0.51,0.49,0.5,0.51,0.05632653061224491,RAW,SMALL EDGE
2026-08-23T16:46:43.851872+00:00,KXBTC15M-26AUG231300-00,77377.7,1.7308645333333332,13.269135466666667,77393.2,15.5,UP,0.4336734693877551,0.5663265306122449,0.5663265306122449,0.4336734693877551,UP,0.5663265306122449,0.54,0.55,0.45,0.46,0.55,0.01632653061224487,RAW,SMALL EDGE
2026-08-23T16:47:14.048222+00:00,KXBTC15M-26AUG231300-00,77377.7,2.2341370333333335,12.765862966666667,77398.42,20.720000000001164,UP,0.4090909090909091,0.5909090909090908,0.5909090909090908,0.4090909090909091,UP,0.5909090909090908,0.57,0.58,0.42,0.43,0.58,0.010909090909090868,RAW,SMALL EDGE
2026-08-23T16:47:43.865926+00:00,KXBTC15M-26AUG231300-00,77377.7,2.731098766666667,12.268901233333334,77400.52,22.820000000006985,UP,0.4090909090909091,0.5909090909090908,0.5909090909090908,0.4090909090909091,UP,0.5909090909090908,0.52,0.53,0.47,0.48,0.53,0.0609090909090908,RAW,SMALL EDGE
2026-08-23T16:48:13.970582+00:00,KXBTC15M-26AUG231300-00,77377.7,3.2328430333333333,11.767156966666667,77389.39,11.690000000002328,UP,0.4336734693877551,0.5663265306122449,0.5663265306122449,0.4336734693877551,UP,0.5663265306122449,0.57,0.58,0.42,0.43,0.58,-0.013673469387755044,RAW,NO VALUE
2026-08-23T16:48:43.871869+00:00,KXBTC15M-26AUG231300-00,77377.7,3.7311978166666666,11.268802183333333,77378.9,1.1999999999970896,UP,0.42857142857142855,0.5714285714285714,0.5714285714285714,0.42857142857142855,UP,0.5714285714285714,0.57,0.58,0.42,0.43,0.58,-0.008571428571428563,RAW,NO VALUE
2026-08-23T16:49:13.881383+00:00,KXBTC15M-26AUG231300-00,77377.7,4.231356383333333,10.768643616666667,77378.9,1.1999999999970896,UP,0.39682245295820856,0.6031775470417915,0.6031775470417915,0.39682245295820856,UP,0.6031775470417915,0.5,0.51,0.49,0.5,0.51,0.09317754704179149,RAW,SMALL EDGE
2026-08-23T16:49:43.997459+00:00,KXBTC15M-26AUG231300-00,77377.7,4.733290983333333,10.266709016666665,77374.67,-3.029999999998836,DOWN,0.4336734693877551,0.5663265306122449,0.4336734693877551,0.5663265306122449,DOWN,0.5663265306122449,0.52,0.53,0.47,0.48,0.48,0.08632653061224493,RAW,SMALL EDGE
2026-08-23T16:50:13.937183+00:00,KXBTC15M-26AUG231300-00,77377.7,5.232286383333333,9.767713616666667,77377.92,0.22000000000116415,UP,0.4336734693877551,0.5663265306122449,0.5663265306122449,0.4336734693877551,UP,0.5663265306122449,0.49,0.5,0.5,0.51,0.5,0.06632653061224492,RAW,SMALL EDGE
2026-08-23T16:50:43.891618+00:00,KXBTC15M-26AUG231300-00,77377.7,5.731526966666666,9.268473033333333,77382.75,5.05000000000291,UP,0.42857142857142855,0.5714285714285714,0.5714285714285714,0.42857142857142855,UP,0.5714285714285714,0.51,0.52,0.48,0.49,0.52,0.05142857142857138,RAW,SMALL EDGE
2026-08-23T16:51:13.961269+00:00,KXBTC15M-26AUG231300-00,77377.7,6.232687816666667,8.767312183333333,77383.7,6.0,UP,0.42857142857142855,0.5714285714285714,0.5714285714285714,0.42857142857142855,UP,0.5714285714285714,0.53,0.54,0.46,0.47,0.54,0.03142857142857136,RAW,SMALL EDGE
2026-08-23T16:51:43.830273+00:00,KXBTC15M-26AUG231300-00,77377.7,6.73050455,8.26949545,77404.97,27.270000000004075,UP,0.3652173913043478,0.6347826086956522,0.6347826086956522,0.3652173913043478,UP,0.6347826086956522,0.68,0.69,0.31,0.32,0.69,-0.055217391304347774,RAW,NO VALUE
2026-08-23T16:52:13.943316+00:00,KXBTC15M-26AUG231300-00,77377.7,7.232388599999999,7.767611400000001,77423.77,46.070000000006985,UP,0.3652173913043478,0.6347826086956522,0.6347826086956522,0.3652173913043478,UP,0.6347826086956522,0.77,0.78,0.22,0.23,0.78,-0.14521739130434785,RAW,NO VALUE
2026-08-23T16:52:43.876606+00:00,KXBTC15M-26AUG231300-00,77377.7,7.731276766666666,7.268723233333334,77418.65,40.94999999999709,UP,0.39344262295081966,0.6065573770491803,0.6065573770491803,0.39344262295081966,UP,0.6065573770491803,0.73,0.74,0.26,0.27,0.74,-0.13344262295081966,RAW,NO VALUE
2026-08-23T16:53:13.854231+00:00,KXBTC15M-26AUG231300-00,77377.7,8.23090385,6.769096149999999,77410.61,32.91000000000349,UP,0.39344262295081966,0.6065573770491803,0.6065573770491803,0.39344262295081966,UP,0.6065573770491803,0.7,0.71,0.29,0.3,0.71,-0.10344262295081963,RAW,NO VALUE
2026-08-23T16:53:43.962898+00:00,KXBTC15M-26AUG231300-00,77377.7,8.732714966666666,6.267285033333334,77411.88,34.18000000000757,UP,0.39344262295081966,0.6065573770491803,0.6065573770491803,0.39344262295081966,UP,0.6065573770491803,0.7,0.71,0.29,0.3,0.71,-0.10344262295081963,RAW,NO VALUE
2026-08-23T16:54:14.096555+00:00,KXBTC15M-26AUG231300-00,77377.7,9.234942583333332,5.765057416666666,77385.57,7.870000000009895,UP,0.4090909090909091,0.5909090909090908,0.5909090909090908,0.4090909090909091,UP,0.5909090909090908,0.74,0.75,0.25,0.26,0.75,-0.15909090909090917,RAW,NO VALUE
2026-08-23T16:54:44.145908+00:00,KXBTC15M-26AUG231300-00,77377.7,9.735765133333333,5.2642348666666665,77384.24,6.540000000008149,UP,0.39344262295081966,0.6065573770491803,0.6065573770491803,0.39344262295081966,UP,0.6065573770491803,0.56,0.57,0.43,0.44,0.57,0.036557377049180384,RAW,SMALL EDGE
2026-08-23T16:55:13.847247+00:00,KXBTC15M-26AUG231300-00,77377.7,10.230787450000001,4.769212550000001,77393.2,15.5,UP,0.3652173913043478,0.6347826086956522,0.6347826086956522,0.3652173913043478,UP,0.6347826086956522,0.54,0.55,0.45,0.46,0.55,0.08478260869565213,RAW,SMALL EDGE
2026-08-23T16:55:43.827491+00:00,KXBTC15M-26AUG231300-00,77377.7,10.730458183333333,4.269541816666666,77398.55,20.85000000000582,UP,0.3652173913043478,0.6347826086956522,0.6347826086956522,0.3652173913043478,UP,0.6347826086956522,0.65,0.66,0.34,0.35,0.66,-0.025217391304347858,RAW,NO VALUE
2026-08-23T16:56:13.876058+00:00,KXBTC15M-26AUG231300-00,77377.7,11.231267633333333,3.7687323666666668,77406.64,28.94000000000233,UP,0.27388535031847133,0.7261146496815287,0.7261146496815287,0.27388535031847133,UP,0.7261146496815287,0.66,0.67,0.33,0.34,0.67,0.05611464968152868,LEAN,SMALL EDGE
2026-08-23T16:56:43.841844+00:00,KXBTC15M-26AUG231300-00,77377.7,11.7306974,3.2693026,77400.84,23.139999999999418,UP,0.27388535031847133,0.7261146496815287,0.7261146496815287,0.27388535031847133,UP,0.7261146496815287,0.72,0.73,0.27,0.28,0.73,-0.003885350318471259,LEAN,NO VALUE
2026-08-23T16:57:14.005236+00:00,KXBTC15M-26AUG231300-00,77377.7,12.233420599999999,2.7665794,77397.03,19.330000000001746,UP,0.19811320754716982,0.8018867924528301,0.8018867924528301,0.19811320754716982,UP,0.8018867924528301,0.8,0.81,0.19,0.2,0.81,-0.008113207547169932,STRONG,NO VALUE
2026-08-23T16:57:43.849303+00:00,KXBTC15M-26AUG231300-00,77377.7,12.730821716666666,2.2691782833333334,77408.26,30.55999999999767,UP,0.05128205128205128,0.9487179487179487,0.9487179487179487,0.05128205128205128,UP,0.9487179487179487,0.84,0.85,0.15,0.16,0.85,0.0987179487179487,LOCK,SMALL EDGE
2026-08-23T16:58:13.831449+00:00,KXBTC15M-26AUG231300-00,77377.7,13.23052415,1.7694758499999999,77433.86,56.16000000000349,UP,0.011904761904761904,0.9880952380952381,0.9880952380952381,0.011904761904761904,UP,0.9880952380952381,0.972,0.973,0.027,0.028,0.973,0.015095238095238162,LOCK,SMALL EDGE
2026-08-23T16:58:43.827254+00:00,KXBTC15M-26AUG231300-00,77377.7,13.730454233333335,1.2695457666666667,77414.59,36.88999999999942,UP,0.011904761904761904,0.9880952380952381,0.9880952380952381,0.011904761904761904,UP,0.9880952380952381,0.972,0.973,0.027,0.028,0.973,0.015095238095238162,LOCK,SMALL EDGE
2026-08-23T16:59:13.871579+00:00,KXBTC15M-26AUG231300-00,77377.7,14.231192983333333,0.7688070166666667,77414.59,36.88999999999942,UP,0.011904761904761904,0.9880952380952381,0.9880952380952381,0.011904761904761904,UP,0.9880952380952381,0.969,0.97,0.03,0.031,0.97,0.018095238095238164,LOCK,SMALL EDGE
2026-08-23T16:59:44.001277+00:00,KXBTC15M-26AUG231300-00,77377.7,14.733354616666666,0.2666453833333333,77404.67,26.970000000001164,UP,0.06989247311827956,0.9301075268817205,0.9301075268817205,0.06989247311827956,UP,0.9301075268817205,0.995,0.996,0.004,0.005,0.996,-0.0658924731182795,LOCK,NO VALUE
2026-08-23T17:01:13.889481+00:00,KXBTC15M-26AUG231315-15,77413.88,1.23149135,13.76850865,77409.31,-4.570000000006985,DOWN,0.4336734693877551,0.5663265306122449,0.4336734693877551,0.5663265306122449,DOWN,0.5663265306122449,0.55,0.56,0.44,0.45,0.45,0.1163265306122449,RAW,POSITIVE EDGE
2026-08-23T17:01:43.906126+00:00,KXBTC15M-26AUG231315-15,77413.88,1.7317687666666666,13.268231233333333,77397.89,-15.990000000005239,DOWN,0.42857142857142855,0.5714285714285714,0.42857142857142855,0.5714285714285714,DOWN,0.5714285714285714,0.5,0.51,0.49,0.5,0.5,0.0714285714285714,RAW,SMALL EDGE
2026-08-23T17:02:13.870925+00:00,KXBTC15M-26AUG231315-15,77413.88,2.231182083333333,12.768817916666666,77351.2,-62.68000000000757,DOWN,0.39344262295081966,0.6065573770491803,0.39344262295081966,0.6065573770491803,DOWN,0.6065573770491803,0.28,0.29,0.71,0.72,0.72,-0.11344262295081964,RAW,NO VALUE
2026-08-23T17:02:43.873068+00:00,KXBTC15M-26AUG231315-15,77413.88,2.7312178,12.2687822,77339.73,-74.15000000000873,DOWN,0.39344262295081966,0.6065573770491803,0.39344262295081966,0.6065573770491803,DOWN,0.6065573770491803,0.25,0.26,0.74,0.75,0.75,-0.14344262295081966,RAW,NO VALUE
2026-08-23T17:03:13.925271+00:00,KXBTC15M-26AUG231315-15,77413.88,3.23208785,11.76791215,77263.33,-150.5500000000029,DOWN,0.19811320754716982,0.8018867924528301,0.19811320754716982,0.8018867924528301,DOWN,0.8018867924528301,0.18,0.19,0.81,0.82,0.82,-0.01811320754716983,STRONG,NO VALUE
2026-08-23T17:03:43.859512+00:00,KXBTC15M-26AUG231315-15,77413.88,3.7309918666666664,11.269008133333333,77221.31,-192.57000000000698,DOWN,0.109375,0.890625,0.109375,0.890625,DOWN,0.890625,0.07,0.071,0.929,0.93,0.93,-0.03937500000000005,STRONG,NO VALUE
2026-08-23T17:04:13.843532+00:00,KXBTC15M-26AUG231315-15,77413.88,4.230725533333334,10.769274466666667,77218.56,-195.32000000000698,DOWN,0.109375,0.890625,0.109375,0.890625,DOWN,0.890625,0.081,0.082,0.918,0.919,0.919,-0.02837500000000004,STRONG,NO VALUE
2026-08-23T17:04:43.923221+00:00,KXBTC15M-26AUG231315-15,77413.88,4.7320536833333335,10.267946316666666,77217.48,-196.40000000000873,DOWN,0.10714285714285714,0.8928571428571429,0.10714285714285714,0.8928571428571429,DOWN,0.8928571428571429,0.09,0.091,0.909,0.91,0.91,-0.017142857142857126,STRONG,NO VALUE
2026-08-23T17:05:13.890867+00:00,KXBTC15M-26AUG231315-15,77413.88,5.231514450000001,9.768485550000001,77236.58,-177.3000000000029,DOWN,0.19811320754716982,0.8018867924528301,0.19811320754716982,0.8018867924528301,DOWN,0.8018867924528301,0.072,0.073,0.927,0.928,0.928,-0.12611320754716993,STRONG,NO VALUE
2026-08-23T17:05:43.989857+00:00,KXBTC15M-26AUG231315-15,77413.88,5.733164283333333,9.266835716666666,77279.09,-134.79000000000815,DOWN,0.27388535031847133,0.7261146496815287,0.27388535031847133,0.7261146496815287,DOWN,0.7261146496815287,0.072,0.073,0.927,0.928,0.928,-0.20188535031847132,LEAN,NO VALUE
2026-08-23T17:06:13.881742+00:00,KXBTC15M-26AUG231315-15,77413.88,6.231362366666667,8.768637633333332,77290.11,-123.77000000000407,DOWN,0.27388535031847133,0.7261146496815287,0.27388535031847133,0.7261146496815287,DOWN,0.7261146496815287,0.12,0.13,0.87,0.88,0.88,-0.15388535031847128,LEAN,NO VALUE
2026-08-23T17:06:43.965295+00:00,KXBTC15M-26AUG231315-15,77413.88,6.732754916666667,8.267245083333332,77309.72,-104.16000000000349,DOWN,0.3652173913043478,0.6347826086956522,0.3652173913043478,0.6347826086956522,DOWN,0.6347826086956522,0.13,0.14,0.86,0.87,0.87,-0.23521739130434782,RAW,NO VALUE
2026-08-23T17:07:13.929440+00:00,KXBTC15M-26AUG231315-15,77413.88,7.232157333333333,7.767842666666667,77332.08,-81.80000000000291,DOWN,0.39344262295081966,0.6065573770491803,0.39344262295081966,0.6065573770491803,DOWN,0.6065573770491803,0.17,0.18,0.82,0.83,0.83,-0.22344262295081962,RAW,NO VALUE
2026-08-23T17:07:43.933173+00:00,KXBTC15M-26AUG231315-15,77413.88,7.73221955,7.26778045,77320.25,-93.63000000000466,DOWN,0.3652173913043478,0.6347826086956522,0.3652173913043478,0.6347826086956522,DOWN,0.6347826086956522,0.22,0.23,0.77,0.78,0.78,-0.14521739130434785,RAW,NO VALUE
2026-08-23T17:08:13.911891+00:00,KXBTC15M-26AUG231315-15,77413.88,8.231864850000001,6.76813515,77274.27,-139.61000000000058,DOWN,0.10714285714285714,0.8928571428571429,0.10714285714285714,0.8928571428571429,DOWN,0.8928571428571429,0.11,0.12,0.88,0.89,0.89,0.0028571428571428914,STRONG,SMALL EDGE
2026-08-23T17:08:43.953274+00:00,KXBTC15M-26AUG231315-15,77413.88,8.732554566666666,6.267445433333333,77306.33,-107.55000000000291,DOWN,0.24060150375939848,0.7593984962406015,0.24060150375939848,0.7593984962406015,DOWN,0.7593984962406015,0.088,0.089,0.911,0.912,0.912,-0.15260150375939852,LEAN,NO VALUE
2026-08-23T17:09:14.019933+00:00,KXBTC15M-26AUG231315-15,77413.88,9.233665550000001,5.7663344500000004,77323.75,-90.13000000000466,DOWN,0.24060150375939848,0.7593984962406015,0.24060150375939848,0.7593984962406015,DOWN,0.7593984962406015,0.099,0.1,0.9,0.901,0.901,-0.1416015037593985,LEAN,NO VALUE
2026-08-23T17:09:43.971067+00:00,KXBTC15M-26AUG231315-15,77413.88,9.732851116666666,5.267148883333333,77322.07,-91.80999999999767,DOWN,0.19811320754716982,0.8018867924528301,0.19811320754716982,0.8018867924528301,DOWN,0.8018867924528301,0.098,0.099,0.901,0.902,0.902,-0.1001132075471699,STRONG,NO VALUE
2026-08-23T17:10:13.973027+00:00,KXBTC15M-26AUG231315-15,77413.88,10.232883783333333,4.7671162166666665,77325.42,-88.4600000000064,DOWN,0.10714285714285714,0.8928571428571429,0.10714285714285714,0.8928571428571429,DOWN,0.8928571428571429,0.098,0.099,0.901,0.902,0.902,-0.00914285714285712,STRONG,NO VALUE
2026-08-23T17:10:44.056679+00:00,KXBTC15M-26AUG231315-15,77413.88,10.734277983333333,4.2657220166666665,77265.14,-148.74000000000524,DOWN,0.011904761904761904,0.9880952380952381,0.011904761904761904,0.9880952380952381,DOWN,0.9880952380952381,0.027,0.028,0.972,0.973,0.973,0.015095238095238162,LOCK,SMALL EDGE
2026-08-23T17:11:13.883038+00:00,KXBTC15M-26AUG231315-15,77413.88,11.231383966666668,3.768616033333333,77255.69,-158.19000000000233,DOWN,0.0,1.0,0.0,1.0,DOWN,1.0,0.022,0.023,0.977,0.978,0.978,0.02200000000000002,LOCK,SMALL EDGE
2026-08-23T17:11:43.881174+00:00,KXBTC15M-26AUG231315-15,77413.88,11.7313529,3.2686471000000004,77282.42,-131.4600000000064,DOWN,0.0,1.0,0.0,1.0,DOWN,1.0,0.026,0.027,0.973,0.974,0.974,0.026000000000000023,LOCK,SMALL EDGE
2026-08-23T17:12:14.020470+00:00,KXBTC15M-26AUG231315-15,77413.88,12.233674500000001,2.7663255,77266.97,-146.9100000000035,DOWN,0.011904761904761904,0.9880952380952381,0.011904761904761904,0.9880952380952381,DOWN,0.9880952380952381,0.026,0.027,0.973,0.974,0.974,0.01409523809523816,LOCK,SMALL EDGE
2026-08-23T17:12:44.046759+00:00,KXBTC15M-26AUG231315-15,77413.88,12.734112649999998,2.26588735,77299.63,-114.25,DOWN,0.0,1.0,0.0,1.0,DOWN,1.0,0.009,0.01,0.99,0.991,0.991,0.009000000000000008,LOCK,SMALL EDGE
2026-08-23T17:13:14.263644+00:00,KXBTC15M-26AUG231315-15,77413.88,13.2377274,1.7622726,77309.15,-104.73000000001048,DOWN,0.0,1.0,0.0,1.0,DOWN,1.0,0.02,0.021,0.979,0.98,0.98,0.020000000000000018,LOCK,SMALL EDGE
2026-08-23T17:13:43.918312+00:00,KXBTC15M-26AUG231315-15,77413.88,13.731971866666667,1.2680281333333334,77306.99,-106.88999999999942,DOWN,0.0,1.0,0.0,1.0,DOWN,1.0,0.004,0.005,0.995,0.996,0.996,0.0040000000000000036,LOCK,SMALL EDGE
2026-08-23T17:14:13.837270+00:00,KXBTC15M-26AUG231315-15,77413.88,14.230621166666667,0.7693788333333333,77284.3,-129.58000000000175,DOWN,0.0,1.0,0.0,1.0,DOWN,1.0,0.0,0.001,0.999,1.0,1.0,0.0,LOCK,NO VALUE
2026-08-23T17:14:44.007311+00:00,KXBTC15M-26AUG231315-15,77413.88,14.733455183333332,0.2665448166666667,77278.6,-135.27999999999884,DOWN,0.0,1.0,0.0,1.0,DOWN,1.0,0.0,0.001,0.999,1.0,1.0,0.0,LOCK,NO VALUE
2026-08-23T17:15:13.857077+00:00,KXBTC15M-26AUG231330-30,77284.88,0.23095128333333334,14.769048716666667,77214.28,-70.60000000000582,DOWN,0.39344262295081966,0.6065573770491803,0.39344262295081966,0.6065573770491803,DOWN,0.6065573770491803,0.5,0.51,0.49,0.5,0.5,0.10655737704918034,RAW,POSITIVE EDGE
2026-08-23T17:15:43.962260+00:00,KXBTC15M-26AUG231330-30,77284.88,0.7327043333333333,14.267295666666666,77183.11,-101.77000000000407,DOWN,0.39344262295081966,0.6065573770491803,0.39344262295081966,0.6065573770491803,DOWN,0.6065573770491803,0.34,0.35,0.65,0.66,0.66,-0.053442622950819696,RAW,NO VALUE
2026-08-23T17:16:13.945454+00:00,KXBTC15M-26AUG231330-30,77284.88,1.2324242333333333,13.767575766666665,77217.48,-67.40000000000873,DOWN,0.4090909090909091,0.5909090909090908,0.4090909090909091,0.5909090909090908,DOWN,0.5909090909090908,0.32,0.33,0.67,0.68,0.68,-0.08909090909090922,RAW,NO VALUE
2026-08-23T17:16:43.936877+00:00,KXBTC15M-26AUG231330-30,77284.88,1.7322812833333332,13.267718716666668,77198.37,-86.51000000000931,DOWN,0.42857142857142855,0.5714285714285714,0.42857142857142855,0.5714285714285714,DOWN,0.5714285714285714,0.32,0.33,0.67,0.68,0.68,-0.10857142857142865,RAW,NO VALUE
2026-08-23T17:17:13.901331+00:00,KXBTC15M-26AUG231330-30,77284.88,2.23168885,12.768311149999999,77221.31,-63.570000000006985,DOWN,0.4090909090909091,0.5909090909090908,0.4090909090909091,0.5909090909090908,DOWN,0.5909090909090908,0.28,0.29,0.71,0.72,0.72,-0.12909090909090915,RAW,NO VALUE
2026-08-23T17:17:43.866152+00:00,KXBTC15M-26AUG231330-30,77284.88,2.7311025333333334,12.268897466666665,77252.98,-31.90000000000873,DOWN,0.39344262295081966,0.6065573770491803,0.39344262295081966,0.6065573770491803,DOWN,0.6065573770491803,0.33,0.34,0.66,0.67,0.67,-0.0634426229508197,RAW,NO VALUE
2026-08-23T17:18:13.857814+00:00,KXBTC15M-26AUG231330-30,77284.88,3.2309635666666665,11.769036433333333,77270.97,-13.910000000003492,DOWN,0.4336734693877551,0.5663265306122449,0.4336734693877551,0.5663265306122449,DOWN,0.5663265306122449,0.42,0.43,0.57,0.58,0.58,-0.013673469387755044,RAW,NO VALUE
2026-08-23T17:18:43.975017+00:00,KXBTC15M-26AUG231330-30,77284.88,3.7329169500000003,11.26708305,77324.44,39.55999999999767,UP,0.39344262295081966,0.6065573770491803,0.6065573770491803,0.39344262295081966,UP,0.6065573770491803,0.46,0.47,0.53,0.54,0.47,0.13655737704918036,RAW,POSITIVE EDGE
2026-08-23T17:19:13.913674+00:00,KXBTC15M-26AUG231330-30,77284.88,4.231894566666666,10.768105433333334,77332.09,47.20999999999185,UP,0.39344262295081966,0.6065573770491803,0.6065573770491803,0.39344262295081966,UP,0.6065573770491803,0.66,0.67,0.33,0.34,0.67,-0.0634426229508197,RAW,NO VALUE
2026-08-23T17:19:43.919898+00:00,KXBTC15M-26AUG231330-30,77284.88,4.7319983,10.268001700000001,77349.58,64.69999999999709,UP,0.3333333333333333,0.6666666666666667,0.6666666666666667,0.3333333333333333,UP,0.6666666666666667,0.67,0.68,0.32,0.33,0.68,-0.013333333333333308,RAW,NO VALUE
2026-08-23T17:20:13.902368+00:00,KXBTC15M-26AUG231330-30,77284.88,5.231706133333334,9.768293866666665,77351.19,66.30999999999767,UP,0.27388535031847133,0.7261146496815287,0.7261146496815287,0.27388535031847133,UP,0.7261146496815287,0.72,0.73,0.27,0.28,0.73,-0.003885350318471259,LEAN,NO VALUE
2026-08-23T17:20:44.041867+00:00,KXBTC15M-26AUG231330-30,77284.88,5.734031116666667,9.265968883333333,77355.0,70.11999999999534,UP,0.27388535031847133,0.7261146496815287,0.7261146496815287,0.27388535031847133,UP,0.7261146496815287,0.76,0.77,0.23,0.24,0.77,-0.043885350318471295,LEAN,NO VALUE
2026-08-23T17:21:13.849099+00:00,KXBTC15M-26AUG231330-30,77284.88,6.230818316666667,8.769181683333333,77343.55,58.669999999998254,UP,0.27388535031847133,0.7261146496815287,0.7261146496815287,0.27388535031847133,UP,0.7261146496815287,0.75,0.76,0.24,0.25,0.76,-0.033885350318471286,LEAN,NO VALUE
2026-08-23T17:21:43.867012+00:00,KXBTC15M-26AUG231330-30,77284.88,6.7311168666666665,8.268883133333334,77336.7,51.81999999999243,UP,0.3652173913043478,0.6347826086956522,0.6347826086956522,0.3652173913043478,UP,0.6347826086956522,0.75,0.76,0.24,0.25,0.76,-0.12521739130434784,RAW,NO VALUE
2026-08-23T17:22:13.875003+00:00,KXBTC15M-26AUG231330-30,77284.88,7.23125005,7.76874995,77332.29,47.40999999998894,UP,0.27388535031847133,0.7261146496815287,0.7261146496815287,0.27388535031847133,UP,0.7261146496815287,0.69,0.7,0.3,0.31,0.7,0.026114649681528768,LEAN,SMALL EDGE
2026-08-23T17:22:43.922277+00:00,KXBTC15M-26AUG231330-30,77284.88,7.7320379500000005,7.2679620499999995,77355.0,70.11999999999534,UP,0.109375,0.890625,0.890625,0.109375,UP,0.890625,0.69,0.7,0.3,0.31,0.7,0.19062500000000004,STRONG,POSITIVE EDGE
2026-08-23T17:23:13.963596+00:00,KXBTC15M-26AUG231330-30,77284.88,8.2327266,6.7672734,77359.63,74.75,UP,0.06989247311827956,0.9301075268817205,0.9301075268817205,0.06989247311827956,UP,0.9301075268817205,0.79,0.8,0.2,0.21,0.8,0.13010752688172045,90%+ LOCK CANDIDATE,POSITIVE EDGE
2026-08-23T17:23:43.817464+00:00,KXBTC15M-26AUG231330-30,77284.88,8.730291066666666,6.269708933333334,77359.51,74.6299999999901,UP,0.06989247311827956,0.9301075268817205,0.9301075268817205,0.06989247311827956,UP,0.9301075268817205,0.83,0.84,0.16,0.17,0.84,0.09010752688172052,90%+ LOCK CANDIDATE,SMALL EDGE
2026-08-23T17:24:13.918987+00:00,KXBTC15M-26AUG231330-30,77284.88,9.231983116666667,5.768016883333333,77314.84,29.95999999999185,UP,0.24060150375939848,0.7593984962406015,0.7593984962406015,0.24060150375939848,UP,0.7593984962406015,0.83,0.84,0.16,0.17,0.84,-0.08060150375939845,LEAN,NO VALUE
2026-08-23T17:24:44.026082+00:00,KXBTC15M-26AUG231330-30,77284.88,9.733768033333332,5.266231966666667,77293.17,8.289999999993597,UP,0.27388535031847133,0.7261146496815287,0.7261146496815287,0.27388535031847133,UP,0.7261146496815287,0.66,0.67,0.33,0.34,0.67,0.05611464968152868,LEAN,SMALL EDGE
2026-08-23T17:25:13.965569+00:00,KXBTC15M-26AUG231330-30,77284.88,10.232759483333332,4.767240516666666,77286.24,1.360000000000582,UP,0.3652173913043478,0.6347826086956522,0.6347826086956522,0.3652173913043478,UP,0.6347826086956522,0.58,0.59,0.41,0.42,0.59,0.044782608695652204,RAW,SMALL EDGE
2026-08-23T17:25:43.943566+00:00,KXBTC15M-26AUG231330-30,77284.88,10.732392766666667,4.267607233333334,77284.61,-0.27000000000407454,DOWN,0.4336734693877551,0.5663265306122449,0.4336734693877551,0.5663265306122449,DOWN,0.5663265306122449,0.44,0.45,0.55,0.56,0.56,0.006326530612244863,RAW,SMALL EDGE
2026-08-23T17:26:13.815834+00:00,KXBTC15M-26AUG231330-30,77284.88,11.2302639,3.7697361000000003,77281.5,-3.3800000000046566,DOWN,0.4336734693877551,0.5663265306122449,0.4336734693877551,0.5663265306122449,DOWN,0.5663265306122449,0.5,0.51,0.49,0.5,0.5,0.06632653061224492,RAW,SMALL EDGE
2026-08-23T17:26:43.961521+00:00,KXBTC15M-26AUG231330-30,77284.88,11.732692016666666,3.267307983333333,77255.68,-29.20000000001164,DOWN,0.27388535031847133,0.7261146496815287,0.27388535031847133,0.7261146496815287,DOWN,0.7261146496815287,0.42,0.43,0.57,0.58,0.58,0.14611464968152876,LEAN,POSITIVE EDGE
2026-08-23T17:27:13.843973+00:00,KXBTC15M-26AUG231330-30,77284.88,12.230732883333333,2.7692671166666667,77253.81,-31.070000000006985,DOWN,0.19811320754716982,0.8018867924528301,0.19811320754716982,0.8018867924528301,DOWN,0.8018867924528301,0.27,0.28,0.72,0.73,0.73,0.07188679245283014,STRONG,SMALL EDGE
2026-08-23T17:27:43.798992+00:00,KXBTC15M-26AUG231330-30,77284.88,12.7299832,2.2700168,77259.5,-25.380000000004657,DOWN,0.19811320754716982,0.8018867924528301,0.19811320754716982,0.8018867924528301,DOWN,0.8018867924528301,0.3,0.31,0.69,0.7,0.7,0.10188679245283017,STRONG,POSITIVE EDGE
2026-08-23T17:28:13.957778+00:00,KXBTC15M-26AUG231330-30,77284.88,13.232629633333334,1.7673703666666667,77232.76,-52.120000000009895,DOWN,0.05128205128205128,0.9487179487179487,0.05128205128205128,0.9487179487179487,DOWN,0.9487179487179487,0.032,0.035,0.965,0.968,0.968,-0.019282051282051293,LOCK,NO VALUE
2026-08-23T17:28:43.842172+00:00,KXBTC15M-26AUG231330-30,77284.88,13.730702866666666,1.2692971333333332,77233.05,-51.830000000001746,DOWN,0.05128205128205128,0.9487179487179487,0.05128205128205128,0.9487179487179487,DOWN,0.9487179487179487,0.032,0.035,0.965,0.968,0.968,-0.019282051282051293,LOCK,NO VALUE
2026-08-23T17:29:13.873312+00:00,KXBTC15M-26AUG231330-30,77284.88,14.231221866666667,0.7687781333333333,77219.79,-65.09000000001106,DOWN,0.011904761904761904,0.9880952380952381,0.011904761904761904,0.9880952380952381,DOWN,0.9880952380952381,0.014,0.015,0.985,0.986,0.986,0.00209523809523815,LOCK,SMALL EDGE
2026-08-23T17:29:43.914517+00:00,KXBTC15M-26AUG231330-30,77284.88,14.731908616666667,0.2680913833333333,77219.79,-65.09000000001106,DOWN,0.011904761904761904,0.9880952380952381,0.011904761904761904,0.9880952380952381,DOWN,0.9880952380952381,0.0,0.001,0.999,1.0,1.0,-0.011904761904761862,LOCK,NO VALUE
2026-08-23T17:30:43.976281+00:00,KXBTC15M-26AUG231345-45,77231.62,0.7329380166666667,14.267061983333333,77229.15,-2.470000000001164,DOWN,0.4336734693877551,0.5663265306122449,0.4336734693877551,0.5663265306122449,DOWN,0.5663265306122449,0.52,0.53,0.47,0.48,0.48,0.08632653061224493,RAW,SMALL EDGE
2026-08-23T17:31:13.972973+00:00,KXBTC15M-26AUG231345-45,77231.62,1.2328828833333332,13.767117116666666,77203.22,-28.39999999999418,DOWN,0.42857142857142855,0.5714285714285714,0.42857142857142855,0.5714285714285714,DOWN,0.5714285714285714,0.52,0.53,0.47,0.48,0.48,0.09142857142857141,RAW,SMALL EDGE
2026-08-23T17:31:44.046363+00:00,KXBTC15M-26AUG231345-45,77231.62,1.73410605,13.265893949999999,77152.96,-78.65999999998894,DOWN,0.3652173913043478,0.6347826086956522,0.3652173913043478,0.6347826086956522,DOWN,0.6347826086956522,0.28,0.29,0.71,0.72,0.72,-0.0852173913043478,RAW,NO VALUE
2026-08-23T17:32:13.849010+00:00,KXBTC15M-26AUG231345-45,77231.62,2.2308168333333334,12.769183166666666,77153.66,-77.95999999999185,DOWN,0.3652173913043478,0.6347826086956522,0.3652173913043478,0.6347826086956522,DOWN,0.6347826086956522,0.31,0.32,0.68,0.69,0.69,-0.055217391304347774,RAW,NO VALUE
2026-08-23T17:32:43.822488+00:00,KXBTC15M-26AUG231345-45,77231.62,2.7303748,12.2696252,77194.57,-37.04999999998836,DOWN,0.4336734693877551,0.5663265306122449,0.4336734693877551,0.5663265306122449,DOWN,0.5663265306122449,0.41,0.43,0.57,0.59,0.59,-0.023673469387755053,RAW,NO VALUE
2026-08-23T17:33:13.871771+00:00,KXBTC15M-26AUG231345-45,77231.62,3.231196183333333,11.768803816666667,77237.19,5.570000000006985,UP,0.4336734693877551,0.5663265306122449,0.5663265306122449,0.4336734693877551,UP,0.5663265306122449,0.55,0.56,0.44,0.45,0.56,0.006326530612244863,RAW,SMALL EDGE
2026-08-23T17:33:43.866758+00:00,KXBTC15M-26AUG231345-45,77231.62,3.7311126333333333,11.268887366666666,77213.75,-17.869999999995343,DOWN,0.4336734693877551,0.5663265306122449,0.4336734693877551,0.5663265306122449,DOWN,0.5663265306122449,0.55,0.56,0.44,0.45,0.45,0.1163265306122449,RAW,POSITIVE EDGE
2026-08-23T17:34:13.943529+00:00,KXBTC15M-26AUG231345-45,77231.62,4.23239215,10.76760785,77225.11,-6.509999999994761,DOWN,0.4336734693877551,0.5663265306122449,0.4336734693877551,0.5663265306122449,DOWN,0.5663265306122449,0.43,0.44,0.56,0.57,0.57,-0.003673469387755035,RAW,NO VALUE
2026-08-23T17:34:43.893907+00:00,KXBTC15M-26AUG231345-45,77231.62,4.731565116666667,10.268434883333333,77240.41,8.790000000008149,UP,0.42857142857142855,0.5714285714285714,0.5714285714285714,0.42857142857142855,UP,0.5714285714285714,0.49,0.5,0.5,0.51,0.5,0.0714285714285714,RAW,SMALL EDGE
2026-08-23T17:35:13.856845+00:00,KXBTC15M-26AUG231345-45,77231.62,5.230947416666667,9.769052583333332,77245.27,13.650000000008731,UP,0.4336734693877551,0.5663265306122449,0.5663265306122449,0.4336734693877551,UP,0.5663265306122449,0.54,0.55,0.45,0.46,0.55,0.01632653061224487,RAW,SMALL EDGE
2026-08-23T17:35:43.844681+00:00,KXBTC15M-26AUG231345-45,77231.62,5.730744683333333,9.269255316666666,77249.67,18.05000000000291,UP,0.4336734693877551,0.5663265306122449,0.5663265306122449,0.4336734693877551,UP,0.5663265306122449,0.58,0.59,0.41,0.42,0.59,-0.023673469387755053,RAW,NO VALUE
2026-08-23T17:36:13.899097+00:00,KXBTC15M-26AUG231345-45,77231.62,6.2316516166666664,8.768348383333334,77262.21,30.59000000001106,UP,0.39344262295081966,0.6065573770491803,0.6065573770491803,0.39344262295081966,UP,0.6065573770491803,0.6,0.61,0.39,0.4,0.61,-0.0034426229508196515,RAW,NO VALUE
2026-08-23T17:36:44.045036+00:00,KXBTC15M-26AUG231345-45,77231.62,6.734083933333333,8.265916066666668,77248.05,16.430000000007567,UP,0.42857142857142855,0.5714285714285714,0.5714285714285714,0.42857142857142855,UP,0.5714285714285714,0.62,0.63,0.37,0.38,0.63,-0.05857142857142861,RAW,NO VALUE
2026-08-23T17:37:14.064009+00:00,KXBTC15M-26AUG231345-45,77231.62,7.23440015,7.76559985,77270.68,39.05999999999767,UP,0.19811320754716982,0.8018867924528301,0.8018867924528301,0.19811320754716982,UP,0.8018867924528301,0.62,0.63,0.37,0.38,0.63,0.17188679245283012,STRONG,POSITIVE EDGE
2026-08-23T17:37:44.209904+00:00,KXBTC15M-26AUG231345-45,77231.62,7.736831733333333,7.263168266666667,77284.53,52.91000000000349,UP,0.19811320754716982,0.8018867924528301,0.8018867924528301,0.19811320754716982,UP,0.8018867924528301,0.77,0.78,0.22,0.23,0.78,0.021886792452830095,STRONG,SMALL EDGE
2026-08-23T17:38:14.003367+00:00,KXBTC15M-26AUG231345-45,77231.62,8.23338945,6.766610549999999,77280.43,48.80999999999767,UP,0.24060150375939848,0.7593984962406015,0.7593984962406015,0.24060150375939848,UP,0.7593984962406015,0.78,0.79,0.21,0.22,0.79,-0.03060150375939852,LEAN,NO VALUE
2026-08-23T17:38:43.906780+00:00,KXBTC15M-26AUG231345-45,77231.62,8.731779666666666,6.268220333333333,77276.16,44.54000000000815,UP,0.24060150375939848,0.7593984962406015,0.7593984962406015,0.24060150375939848,UP,0.7593984962406015,0.78,0.79,0.21,0.22,0.79,-0.03060150375939852,LEAN,NO VALUE
2026-08-23T17:39:13.983802+00:00,KXBTC15M-26AUG231345-45,77231.62,9.233063366666666,5.766936633333333,77270.97,39.35000000000582,UP,0.19811320754716982,0.8018867924528301,0.8018867924528301,0.19811320754716982,UP,0.8018867924528301,0.78,0.79,0.21,0.22,0.79,0.011886792452830086,STRONG,SMALL EDGE
2026-08-23T17:39:43.837590+00:00,KXBTC15M-26AUG231345-45,77231.62,9.7306265,5.2693735,77256.89,25.270000000004075,UP,0.27388535031847133,0.7261146496815287,0.7261146496815287,0.27388535031847133,UP,0.7261146496815287,0.76,0.77,0.23,0.24,0.77,-0.043885350318471295,LEAN,NO VALUE
2026-08-23T17:40:13.857447+00:00,KXBTC15M-26AUG231345-45,77231.62,10.23095745,4.76904255,77240.4,8.779999999998836,UP,0.3652173913043478,0.6347826086956522,0.6347826086956522,0.3652173913043478,UP,0.6347826086956522,0.7,0.71,0.29,0.3,0.71,-0.07521739130434779,RAW,NO VALUE
2026-08-23T17:40:43.894078+00:00,KXBTC15M-26AUG231345-45,77231.62,10.731567966666667,4.268432033333334,77247.57,15.950000000011642,UP,0.27388535031847133,0.7261146496815287,0.7261146496815287,0.27388535031847133,UP,0.7261146496815287,0.63,0.64,0.36,0.37,0.64,0.08611464968152871,LEAN,SMALL EDGE
2026-08-23T17:41:13.942919+00:00,KXBTC15M-26AUG231345-45,77231.62,11.232381983333333,3.767618016666667,77242.33,10.710000000006403,UP,0.27388535031847133,0.7261146496815287,0.7261146496815287,0.27388535031847133,UP,0.7261146496815287,0.54,0.55,0.45,0.46,0.55,0.17611464968152868,LEAN,POSITIVE EDGE
2026-08-23T17:41:43.970166+00:00,KXBTC15M-26AUG231345-45,77231.62,11.732836099999998,3.2671639,77229.41,-2.209999999991851,DOWN,1.0,0.0,1.0,0.0,UP,1.0,0.56,0.57,0.43,0.44,0.57,0.43000000000000005,LOCK,LARGE EDGE / PRICE ABOVE 50c
2026-08-23T17:42:13.955519+00:00,KXBTC15M-26AUG231345-45,77231.62,12.232591983333332,2.7674080166666664,77236.05,4.430000000007567,UP,0.39344262295081966,0.6065573770491803,0.6065573770491803,0.39344262295081966,UP,0.6065573770491803,0.44,0.45,0.55,0.56,0.45,0.15655737704918032,RAW,ATTRACTIVE <=50c
2026-08-23T17:42:46.818036+00:00,KXBTC15M-26AUG231345-45,77231.62,12.7803006,2.2196994,77225.12,-6.5,DOWN,0.4336734693877551,0.5663265306122449,0.4336734693877551,0.5663265306122449,DOWN,0.5663265306122449,0.33,0.34,0.66,0.67,0.67,-0.10367346938775512,RAW,NO VALUE
2026-08-23T17:43:16.666195+00:00,KXBTC15M-26AUG231345-45,77231.62,13.277769916666667,1.7222300833333333,77233.71,2.0900000000110595,UP,0.39344262295081966,0.6065573770491803,0.6065573770491803,0.39344262295081966,UP,0.6065573770491803,0.49,0.5,0.5,0.51,0.5,0.10655737704918034,RAW,POSITIVE EDGE
2026-08-23T17:43:47.352941+00:00,KXBTC15M-26AUG231345-45,77231.62,13.789215683333333,1.2107843166666667,77256.12,24.5,UP,0.109375,0.890625,0.890625,0.109375,UP,0.890625,0.79,0.8,0.2,0.21,0.8,0.09062499999999996,STRONG,SMALL EDGE
2026-08-23T17:44:16.947742+00:00,KXBTC15M-26AUG231345-45,77231.62,14.282462366666666,0.7175376333333333,77245.88,14.260000000009313,UP,0.109375,0.890625,0.890625,0.109375,UP,0.890625,0.89,0.902,0.098,0.11,0.902,-0.011375000000000024,STRONG,NO VALUE
2026-08-23T17:44:46.725088+00:00,KXBTC15M-26AUG231345-45,77231.62,14.778751466666668,0.22124853333333333,77232.86,1.2400000000052387,UP,0.3652173913043478,0.6347826086956522,0.6347826086956522,0.3652173913043478,UP,0.6347826086956522,0.99,0.991,0.009,0.01,0.991,-0.3562173913043478,RAW,NO VALUE
2026-08-23T17:45:16.696957+00:00,KXBTC15M-26AUG231400-00,77239.95,0.2782826166666667,14.721717383333333,77262.36,22.410000000003492,UP,0.4336734693877551,0.5663265306122449,0.5663265306122449,0.4336734693877551,UP,0.5663265306122449,0.57,0.58,0.42,0.43,0.58,-0.013673469387755044,RAW,NO VALUE
2026-08-23T17:45:46.596770+00:00,KXBTC15M-26AUG231400-00,77239.95,0.7766128333333333,14.223387166666667,77290.06,50.11000000000058,UP,0.4336734693877551,0.5663265306122449,0.5663265306122449,0.4336734693877551,UP,0.5663265306122449,0.73,0.74,0.26,0.27,0.74,-0.17367346938775508,RAW,NO VALUE
2026-08-23T17:46:16.681214+00:00,KXBTC15M-26AUG231400-00,77239.95,1.2780202333333333,13.721979766666667,77294.13,54.18000000000757,UP,0.4336734693877551,0.5663265306122449,0.5663265306122449,0.4336734693877551,UP,0.5663265306122449,0.73,0.74,0.26,0.27,0.74,-0.17367346938775508,RAW,NO VALUE
2026-08-23T17:46:46.642341+00:00,KXBTC15M-26AUG231400-00,77239.95,1.77737235,13.22262765,77297.26,57.30999999999767,UP,0.4336734693877551,0.5663265306122449,0.5663265306122449,0.4336734693877551,UP,0.5663265306122449,0.66,0.67,0.33,0.34,0.67,-0.10367346938775512,RAW,NO VALUE
2026-08-23T17:47:16.601090+00:00,KXBTC15M-26AUG231400-00,77239.95,2.2766848333333334,12.723315166666668,77278.68,38.729999999995925,UP,0.42857142857142855,0.5714285714285714,0.5714285714285714,0.42857142857142855,UP,0.5714285714285714,0.65,0.66,0.34,0.35,0.66,-0.08857142857142863,RAW,NO VALUE
2026-08-23T17:47:46.563177+00:00,KXBTC15M-26AUG231400-00,77239.95,2.77605295,12.22394705,77236.59,-3.360000000000582,DOWN,0.4336734693877551,0.5663265306122449,0.4336734693877551,0.5663265306122449,DOWN,0.5663265306122449,0.54,0.55,0.45,0.46,0.46,0.1063265306122449,RAW,POSITIVE EDGE
2026-08-23T17:48:16.563418+00:00,KXBTC15M-26AUG231400-00,77239.95,3.276056966666667,11.723943033333335,77217.49,-22.45999999999185,DOWN,0.4336734693877551,0.5663265306122449,0.4336734693877551,0.5663265306122449,DOWN,0.5663265306122449,0.48,0.49,0.51,0.52,0.52,0.0463265306122449,RAW,SMALL EDGE
2026-08-23T17:48:46.728748+00:00,KXBTC15M-26AUG231400-00,77239.95,3.7788124666666665,11.221187533333334,77237.37,-2.5800000000017462,DOWN,0.42857142857142855,0.5714285714285714,0.42857142857142855,0.5714285714285714,DOWN,0.5714285714285714,0.52,0.53,0.47,0.48,0.48,0.09142857142857141,RAW,SMALL EDGE
2026-08-23T17:49:16.628224+00:00,KXBTC15M-26AUG231400-00,77239.95,4.277137066666667,10.722862933333333,77238.16,-1.7899999999935972,DOWN,0.4336734693877551,0.5663265306122449,0.4336734693877551,0.5663265306122449,DOWN,0.5663265306122449,0.5,0.51,0.49,0.5,0.5,0.06632653061224492,RAW,SMALL EDGE
2026-08-23T17:49:46.631809+00:00,KXBTC15M-26AUG231400-00,77239.95,4.777196816666666,10.222803183333333,77238.42,-1.5299999999988358,DOWN,0.4336734693877551,0.5663265306122449,0.4336734693877551,0.5663265306122449,DOWN,0.5663265306122449,0.5,0.51,0.49,0.5,0.5,0.06632653061224492,RAW,SMALL EDGE
2026-08-23T17:50:16.744942+00:00,KXBTC15M-26AUG231400-00,77239.95,5.279082366666667,9.720917633333332,77238.42,-1.5299999999988358,DOWN,0.4336734693877551,0.5663265306122449,0.4336734693877551,0.5663265306122449,DOWN,0.5663265306122449,0.5,0.51,0.49,0.5,0.5,0.06632653061224492,RAW,SMALL EDGE
2026-08-23T17:50:46.652080+00:00,KXBTC15M-26AUG231400-00,77239.95,5.777534666666667,9.222465333333334,77225.13,-14.819999999992433,DOWN,0.42857142857142855,0.5714285714285714,0.42857142857142855,0.5714285714285714,DOWN,0.5714285714285714,0.46,0.47,0.53,0.54,0.54,0.03142857142857136,RAW,SMALL EDGE
2026-08-23T17:51:16.830427+00:00,KXBTC15M-26AUG231400-00,77239.95,6.280507116666667,8.719492883333334,77226.26,-13.690000000002328,DOWN,0.42857142857142855,0.5714285714285714,0.42857142857142855,0.5714285714285714,DOWN,0.5714285714285714,0.46,0.47,0.53,0.54,0.54,0.03142857142857136,RAW,SMALL EDGE
2026-08-23T17:51:46.570155+00:00,KXBTC15M-26AUG231400-00,77239.95,6.77616925,8.22383075,77239.86,-0.08999999999650754,DOWN,0.42857142857142855,0.5714285714285714,0.42857142857142855,0.5714285714285714,DOWN,0.5714285714285714,0.51,0.52,0.48,0.49,0.49,0.0814285714285714,RAW,SMALL EDGE
2026-08-23T17:52:16.528756+00:00,KXBTC15M-26AUG231400-00,77239.95,7.275479266666666,7.724520733333334,77248.33,8.380000000004657,UP,0.42857142857142855,0.5714285714285714,0.5714285714285714,0.42857142857142855,UP,0.5714285714285714,0.53,0.54,0.46,0.47,0.54,0.03142857142857136,RAW,SMALL EDGE
2026-08-23T17:52:46.651223+00:00,KXBTC15M-26AUG231400-00,77239.95,7.777520383333334,7.222479616666666,77232.78,-7.169999999998254,DOWN,0.42857142857142855,0.5714285714285714,0.42857142857142855,0.5714285714285714,DOWN,0.5714285714285714,0.56,0.57,0.43,0.44,0.44,0.1314285714285714,RAW,POSITIVE EDGE
2026-08-23T17:53:16.634138+00:00,KXBTC15M-26AUG231400-00,77239.95,8.277235633333333,6.7227643666666665,77246.19,6.240000000005239,UP,0.42857142857142855,0.5714285714285714,0.5714285714285714,0.42857142857142855,UP,0.5714285714285714,0.5,0.51,0.49,0.5,0.51,0.06142857142857139,RAW,SMALL EDGE
2026-08-23T17:53:46.634879+00:00,KXBTC15M-26AUG231400-00,77239.95,8.777247983333332,6.222752016666666,77256.35,16.40000000000873,UP,0.27388535031847133,0.7261146496815287,0.7261146496815287,0.27388535031847133,UP,0.7261146496815287,0.6,0.61,0.39,0.4,0.61,0.11611464968152874,LEAN,POSITIVE EDGE
2026-08-23T17:54:18.299981+00:00,KXBTC15M-26AUG231400-00,77239.95,9.304999683333333,5.6950003166666665,77270.96,31.010000000009313,UP,0.24060150375939848,0.7593984962406015,0.7593984962406015,0.24060150375939848,UP,0.7593984962406015,0.67,0.68,0.32,0.33,0.68,0.07939849624060147,LEAN,SMALL EDGE
2026-08-23T17:54:46.630751+00:00,KXBTC15M-26AUG231400-00,77239.95,9.777179183333335,5.222820816666667,77225.13,-14.819999999992433,DOWN,0.39344262295081966,0.6065573770491803,0.39344262295081966,0.6065573770491803,DOWN,0.6065573770491803,0.48,0.5,0.5,0.52,0.52,0.08655737704918032,RAW,SMALL EDGE
2026-08-23T17:55:16.583155+00:00,KXBTC15M-26AUG231400-00,77239.95,10.276385916666667,4.7236140833333335,77227.52,-12.429999999993015,DOWN,0.39344262295081966,0.6065573770491803,0.39344262295081966,0.6065573770491803,DOWN,0.6065573770491803,0.44,0.45,0.55,0.56,0.56,0.04655737704918028,RAW,SMALL EDGE
2026-08-23T17:55:50.562939+00:00,KXBTC15M-26AUG231400-00,77239.95,10.84271565,4.15728435,77183.11,-56.83999999999651,DOWN,0.19811320754716982,0.8018867924528301,0.19811320754716982,0.8018867924528301,DOWN,0.8018867924528301,0.27,0.28,0.72,0.73,0.73,0.07188679245283014,STRONG,SMALL EDGE
2026-08-23T17:56:21.288093+00:00,KXBTC15M-26AUG231400-00,77239.95,11.35480155,3.64519845,77198.38,-41.56999999999243,DOWN,0.24060150375939848,0.7593984962406015,0.24060150375939848,0.7593984962406015,DOWN,0.7593984962406015,0.14,0.15,0.85,0.86,0.86,-0.10060150375939847,LEAN,NO VALUE
2026-08-23T17:56:47.349938+00:00,KXBTC15M-26AUG231400-00,77239.95,11.789165633333333,3.2108343666666666,77213.65,-26.30000000000291,DOWN,0.3652173913043478,0.6347826086956522,0.3652173913043478,0.6347826086956522,DOWN,0.6347826086956522,0.21,0.22,0.78,0.79,0.79,-0.15521739130434786,RAW,NO VALUE
2026-08-23T17:57:10.282751+00:00,KXBTC15M-26AUG231400-00,77239.95,12.171379183333332,2.8286208166666666,77198.39,-41.55999999999767,DOWN,0.10714285714285714,0.8928571428571429,0.10714285714285714,0.8928571428571429,DOWN,0.8928571428571429,0.21,0.22,0.78,0.79,0.79,0.10285714285714287,STRONG,POSITIVE EDGE
2026-08-23T17:57:37.083284+00:00,KXBTC15M-26AUG231400-00,77239.95,12.618054733333334,2.381945266666667,77204.37,-35.580000000001746,DOWN,0.06989247311827956,0.9301075268817205,0.06989247311827956,0.9301075268817205,DOWN,0.9301075268817205,0.16,0.17,0.83,0.84,0.84,0.09010752688172052,LOCK,SMALL EDGE
2026-08-23T17:57:59.825413+00:00,KXBTC15M-26AUG231400-00,77239.95,12.997090216666667,2.0029097833333336,77200.23,-39.720000000001164,DOWN,0.034482758620689655,0.9655172413793104,0.034482758620689655,0.9655172413793104,DOWN,0.9655172413793104,0.16,0.17,0.83,0.84,0.84,0.12551724137931042,LOCK,POSITIVE EDGE
2026-08-23T17:58:26.663938+00:00,KXBTC15M-26AUG231400-00,77239.95,13.444398966666666,1.5556010333333332,77195.39,-44.55999999999767,DOWN,0.011904761904761904,0.9880952380952381,0.011904761904761904,0.9880952380952381,DOWN,0.9880952380952381,0.059,0.06,0.94,0.941,0.941,0.04709523809523819,LOCK,SMALL EDGE
2026-08-23T17:58:49.229095+00:00,KXBTC15M-26AUG231400-00,77239.95,13.820484916666667,1.1795150833333332,77196.51,-43.44000000000233,DOWN,0.011904761904761904,0.9880952380952381,0.011904761904761904,0.9880952380952381,DOWN,0.9880952380952381,0.034,0.039,0.961,0.966,0.966,0.022095238095238168,LOCK,SMALL EDGE
2026-08-23T17:59:16.331887+00:00,KXBTC15M-26AUG231400-00,77239.95,14.272198116666667,0.7278018833333333,77209.24,-30.70999999999185,DOWN,0.011904761904761904,0.9880952380952381,0.011904761904761904,0.9880952380952381,DOWN,0.9880952380952381,0.027,0.028,0.972,0.973,0.973,0.015095238095238162,LOCK,SMALL EDGE
2026-08-23T17:59:37.646554+00:00,KXBTC15M-26AUG231400-00,77239.95,14.627442566666668,0.37255743333333335,77208.85,-31.09999999999127,DOWN,0.011904761904761904,0.9880952380952381,0.011904761904761904,0.9880952380952381,DOWN,0.9880952380952381,0.0,0.001,0.999,1.0,1.0,-0.011904761904761862,LOCK,NO VALUE
2026-08-23T18:00:49.775563+00:00,KXBTC15M-26AUG231415-15,77200.6,0.8295927166666667,14.170407283333333,77174.66,-25.94000000000233,DOWN,0.4336734693877551,0.5663265306122449,0.4336734693877551,0.5663265306122449,DOWN,0.5663265306122449,0.4,0.41,0.59,0.6,0.6,-0.03367346938775506,RAW,NO VALUE
2026-08-23T18:01:05.597814+00:00,KXBTC15M-26AUG231415-15,77200.6,1.0932969,13.9067031,77174.65,-25.95000000001164,DOWN,0.4336734693877551,0.5663265306122449,0.4336734693877551,0.5663265306122449,DOWN,0.5663265306122449,0.4,0.41,0.59,0.6,0.6,-0.03367346938775506,RAW,NO VALUE
2026-08-23T18:01:26.943478+00:00,KXBTC15M-26AUG231415-15,77200.6,1.4490579666666668,13.550942033333333,77159.26,-41.34000000001106,DOWN,0.42857142857142855,0.5714285714285714,0.42857142857142855,0.5714285714285714,DOWN,0.5714285714285714,0.38,0.39,0.61,0.62,0.62,-0.0485714285714286,RAW,NO VALUE
2026-08-23T18:01:55.061174+00:00,KXBTC15M-26AUG231415-15,77200.6,1.9176862333333333,13.082313766666665,77167.92,-32.68000000000757,DOWN,0.4336734693877551,0.5663265306122449,0.4336734693877551,0.5663265306122449,DOWN,0.5663265306122449,0.38,0.39,0.61,0.62,0.62,-0.05367346938775508,RAW,NO VALUE
2026-08-23T18:02:17.815581+00:00,KXBTC15M-26AUG231415-15,77200.6,2.29692635,12.70307365,77198.37,-2.2300000000104774,DOWN,1.0,0.0,1.0,0.0,UP,1.0,0.41,0.42,0.58,0.59,0.42,0.5800000000000001,EARLY 90%+ / NOT YET VALIDATED LOCK,IDEAL <=50c / LARGE EDGE
2026-08-23T18:02:43.853009+00:00,KXBTC15M-26AUG231415-15,77200.6,2.7308834833333333,12.269116516666665,77190.73,-9.870000000009895,DOWN,0.4336734693877551,0.5663265306122449,0.4336734693877551,0.5663265306122449,DOWN,0.5663265306122449,0.47,0.48,0.52,0.53,0.53,0.03632653061224489,RAW,SMALL EDGE
2026-08-23T18:03:07.313696+00:00,KXBTC15M-26AUG231415-15,77200.6,3.121894933333333,11.878105066666667,77185.33,-15.270000000004075,DOWN,0.4336734693877551,0.5663265306122449,0.4336734693877551,0.5663265306122449,DOWN,0.5663265306122449,0.44,0.45,0.55,0.56,0.56,0.006326530612244863,RAW,SMALL EDGE
2026-08-23T18:03:32.222631+00:00,KXBTC15M-26AUG231415-15,77200.6,3.5370438500000003,11.46295615,77183.1,-17.5,DOWN,0.4336734693877551,0.5663265306122449,0.4336734693877551,0.5663265306122449,DOWN,0.5663265306122449,0.44,0.45,0.55,0.56,0.56,0.006326530612244863,RAW,SMALL EDGE
2026-08-23T18:03:55.695214+00:00,KXBTC15M-26AUG231415-15,77200.6,3.9282535666666667,11.071746433333335,77167.83,-32.770000000004075,DOWN,0.4090909090909091,0.5909090909090908,0.4090909090909091,0.5909090909090908,DOWN,0.5909090909090908,0.48,0.49,0.51,0.52,0.52,0.07090909090909081,RAW,SMALL EDGE
2026-08-23T18:04:20.065665+00:00,KXBTC15M-26AUG231415-15,77200.6,4.334427750000001,10.66557225,77185.26,-15.34000000001106,DOWN,0.4090909090909091,0.5909090909090908,0.4090909090909091,0.5909090909090908,DOWN,0.5909090909090908,0.4,0.41,0.59,0.6,0.6,-0.00909090909090915,RAW,NO VALUE
2026-08-23T18:04:44.375789+00:00,KXBTC15M-26AUG231415-15,77200.6,4.739596483333333,10.260403516666665,77175.47,-25.130000000004657,DOWN,0.39344262295081966,0.6065573770491803,0.39344262295081966,0.6065573770491803,DOWN,0.6065573770491803,0.41,0.42,0.58,0.59,0.59,0.016557377049180366,RAW,SMALL EDGE
2026-08-23T18:05:08.520249+00:00,KXBTC15M-26AUG231415-15,77200.6,5.14200415,9.85799585,77170.75,-29.85000000000582,DOWN,0.27388535031847133,0.7261146496815287,0.27388535031847133,0.7261146496815287,DOWN,0.7261146496815287,0.41,0.42,0.58,0.59,0.59,0.13611464968152875,LEAN,POSITIVE EDGE
2026-08-23T18:05:34.589924+00:00,KXBTC15M-26AUG231415-15,77200.6,5.576498733333334,9.423501266666667,77151.77,-48.830000000001746,DOWN,0.24060150375939848,0.7593984962406015,0.24060150375939848,0.7593984962406015,DOWN,0.7593984962406015,0.39,0.4,0.6,0.61,0.61,0.14939849624060153,LEAN,POSITIVE EDGE
2026-08-23T18:05:55.831183+00:00,KXBTC15M-26AUG231415-15,77200.6,5.930519716666667,9.069480283333332,77159.08,-41.520000000004075,DOWN,0.27388535031847133,0.7261146496815287,0.27388535031847133,0.7261146496815287,DOWN,0.7261146496815287,0.29,0.3,0.7,0.71,0.71,0.01611464968152876,LEAN,SMALL EDGE
2026-08-23T18:06:22.383113+00:00,KXBTC15M-26AUG231415-15,77200.6,6.373051883333333,8.626948116666666,77171.91,-28.69000000000233,DOWN,0.3652173913043478,0.6347826086956522,0.3652173913043478,0.6347826086956522,DOWN,0.6347826086956522,0.33,0.34,0.66,0.67,0.67,-0.03521739130434787,RAW,NO VALUE
2026-08-23T18:06:45.430144+00:00,KXBTC15M-26AUG231415-15,77200.6,6.757169066666666,8.242830933333334,77156.31,-44.29000000000815,DOWN,0.24060150375939848,0.7593984962406015,0.24060150375939848,0.7593984962406015,DOWN,0.7593984962406015,0.33,0.34,0.66,0.67,0.67,0.08939849624060148,LEAN,SMALL EDGE
2026-08-23T18:07:10.228022+00:00,KXBTC15M-26AUG231415-15,77200.6,7.170467033333334,7.829532966666666,77130.91,-69.69000000000233,DOWN,0.24060150375939848,0.7593984962406015,0.24060150375939848,0.7593984962406015,DOWN,0.7593984962406015,0.26,0.27,0.73,0.74,0.74,0.019398496240601526,LEAN,SMALL EDGE
2026-08-23T18:07:34.329969+00:00,KXBTC15M-26AUG231415-15,77200.6,7.57216615,7.42783385,77136.52,-64.08000000000175,DOWN,0.24060150375939848,0.7593984962406015,0.24060150375939848,0.7593984962406015,DOWN,0.7593984962406015,0.21,0.22,0.78,0.79,0.79,-0.03060150375939852,LEAN,NO VALUE
2026-08-23T18:07:59.830566+00:00,KXBTC15M-26AUG231415-15,77200.6,7.9971761,7.0028239,77106.71,-93.88999999999942,DOWN,0.27388535031847133,0.7261146496815287,0.27388535031847133,0.7261146496815287,DOWN,0.7261146496815287,0.21,0.22,0.78,0.79,0.79,-0.06388535031847131,LEAN,NO VALUE
2026-08-23T18:08:22.254497+00:00,KXBTC15M-26AUG231415-15,77200.6,8.370908283333334,6.629091716666666,77121.98,-78.6200000000099,DOWN,0.27388535031847133,0.7261146496815287,0.27388535031847133,0.7261146496815287,DOWN,0.7261146496815287,0.15,0.16,0.84,0.85,0.85,-0.12388535031847125,LEAN,NO VALUE
2026-08-23T18:08:48.476454+00:00,KXBTC15M-26AUG231415-15,77200.6,8.8079409,6.1920591,77110.53,-90.07000000000698,DOWN,0.24060150375939848,0.7593984962406015,0.24060150375939848,0.7593984962406015,DOWN,0.7593984962406015,0.16,0.17,0.83,0.84,0.84,-0.08060150375939845,LEAN,NO VALUE
2026-08-23T18:09:11.935456+00:00,KXBTC15M-26AUG231415-15,77200.6,9.198924266666667,5.801075733333334,77179.27,-21.330000000001746,DOWN,0.42857142857142855,0.5714285714285714,0.42857142857142855,0.5714285714285714,DOWN,0.5714285714285714,0.25,0.26,0.74,0.75,0.75,-0.1785714285714286,RAW,NO VALUE
2026-08-23T18:09:36.350827+00:00,KXBTC15M-26AUG231415-15,77200.6,9.605847116666666,5.394152883333334,77186.92,-13.680000000007567,DOWN,0.4336734693877551,0.5663265306122449,0.4336734693877551,0.5663265306122449,DOWN,0.5663265306122449,0.39,0.4,0.6,0.61,0.61,-0.04367346938775507,RAW,NO VALUE
2026-08-23T18:09:59.680074+00:00,KXBTC15M-26AUG231415-15,77200.6,9.9946679,5.0053321,77213.66,13.059999999997672,UP,0.42857142857142855,0.5714285714285714,0.5714285714285714,0.42857142857142855,UP,0.5714285714285714,0.39,0.4,0.6,0.61,0.4,0.17142857142857137,RAW,ATTRACTIVE <=50c
2026-08-23T18:10:24.776179+00:00,KXBTC15M-26AUG231415-15,77200.6,10.412936316666666,4.587063683333333,77221.31,20.70999999999185,UP,0.4090909090909091,0.5909090909090908,0.5909090909090908,0.4090909090909091,UP,0.5909090909090908,0.66,0.67,0.33,0.34,0.67,-0.07909090909090921,RAW,NO VALUE
2026-08-23T18:10:50.408664+00:00,KXBTC15M-26AUG231415-15,77200.6,10.840144400000002,4.1598556,77225.16,24.55999999999767,UP,0.39344262295081966,0.6065573770491803,0.6065573770491803,0.39344262295081966,UP,0.6065573770491803,0.61,0.62,0.38,0.39,0.62,-0.01344262295081966,RAW,NO VALUE
2026-08-23T18:11:12.707754+00:00,KXBTC15M-26AUG231415-15,77200.6,11.2117959,3.7882041,77251.61,51.00999999999476,UP,0.19811320754716982,0.8018867924528301,0.8018867924528301,0.19811320754716982,UP,0.8018867924528301,0.82,0.83,0.17,0.18,0.83,-0.02811320754716984,STRONG,NO VALUE
2026-08-23T18:11:39.984764+00:00,KXBTC15M-26AUG231415-15,77200.6,11.666412733333335,3.3335872666666666,77305.35,104.75,UP,0.06989247311827956,0.9301075268817205,0.9301075268817205,0.06989247311827956,UP,0.9301075268817205,0.82,0.83,0.17,0.18,0.83,0.10010752688172053,LOCK,POSITIVE EDGE
2026-08-23T18:12:01.802412+00:00,KXBTC15M-26AUG231415-15,77200.6,12.0300402,2.9699598,77274.79,74.18999999998778,UP,0.06989247311827956,0.9301075268817205,0.9301075268817205,0.06989247311827956,UP,0.9301075268817205,0.944,0.948,0.052,0.056,0.948,-0.01789247311827946,LOCK,NO VALUE
2026-08-23T18:12:28.500221+00:00,KXBTC15M-26AUG231415-15,77200.6,12.475003683333334,2.5249963166666665,77346.49,145.88999999999942,UP,0.05128205128205128,0.9487179487179487,0.9487179487179487,0.05128205128205128,UP,0.9487179487179487,0.958,0.96,0.04,0.042,0.96,-0.011282051282051286,LOCK,NO VALUE
2026-08-23T18:12:50.991338+00:00,KXBTC15M-26AUG231415-15,77200.6,12.849855633333334,2.1501443666666664,77381.74,181.13999999999942,UP,0.011904761904761904,0.9880952380952381,0.9880952380952381,0.011904761904761904,UP,0.9880952380952381,0.993,0.994,0.006,0.007,0.994,-0.005904761904761857,LOCK,NO VALUE
2026-08-23T18:13:17.033464+00:00,KXBTC15M-26AUG231415-15,77200.6,13.283891066666666,1.7161089333333335,77381.73,181.1299999999901,UP,0.0,1.0,1.0,0.0,UP,1.0,0.993,0.994,0.006,0.007,0.994,0.006000000000000005,LOCK,SMALL EDGE
2026-08-23T18:13:40.381026+00:00,KXBTC15M-26AUG231415-15,77200.6,13.673017100000001,1.3269829,77347.37,146.76999999998952,UP,0.034482758620689655,0.9655172413793104,0.9655172413793104,0.034482758620689655,UP,0.9655172413793104,0.998,0.999,0.001,0.002,0.999,-0.03348275862068961,LOCK,NO VALUE
2026-08-23T18:14:05.964694+00:00,KXBTC15M-26AUG231415-15,77200.6,14.099411566666667,0.9005884333333333,77343.55,142.9499999999971,UP,0.011904761904761904,0.9880952380952381,0.9880952380952381,0.011904761904761904,UP,0.9880952380952381,0.999,1.0,0.0,0.001,1.0,-0.011904761904761862,LOCK,NO VALUE
2026-08-23T18:14:30.066156+00:00,KXBTC15M-26AUG231415-15,77200.6,14.5011026,0.4988974,77322.26,121.65999999998894,UP,0.06989247311827956,0.9301075268817205,0.9301075268817205,0.06989247311827956,UP,0.9301075268817205,0.999,1.0,0.0,0.001,1.0,-0.06989247311827951,LOCK,NO VALUE
2026-08-23T18:14:55.182832+00:00,KXBTC15M-26AUG231415-15,77200.6,14.919713866666665,0.08028613333333333,77343.87,143.26999999998952,UP,0.011904761904761904,0.9880952380952381,0.9880952380952381,0.011904761904761904,UP,0.9880952380952381,0.999,1.0,0.0,0.001,1.0,-0.011904761904761862,LOCK,NO VALUE
2026-08-23T18:15:46.442297+00:00,KXBTC15M-26AUG231430-30,77340.63,0.7740382833333334,14.225961716666665,77370.88,30.25,UP,0.4336734693877551,0.5663265306122449,0.5663265306122449,0.4336734693877551,UP,0.5663265306122449,0.59,0.6,0.4,0.41,0.6,-0.03367346938775506,RAW,NO VALUE
2026-08-23T18:16:06.110646+00:00,KXBTC15M-26AUG231430-30,77340.63,1.1018441,13.8981559,77381.74,41.11000000000058,UP,0.4336734693877551,0.5663265306122449,0.5663265306122449,0.4336734693877551,UP,0.5663265306122449,0.59,0.6,0.4,0.41,0.6,-0.03367346938775506,RAW,NO VALUE
2026-08-23T18:16:21.611088+00:00,KXBTC15M-26AUG231430-30,77340.63,1.3601847999999999,13.6398152,77396.62,55.98999999999069,UP,0.4336734693877551,0.5663265306122449,0.5663265306122449,0.4336734693877551,UP,0.5663265306122449,0.57,0.58,0.42,0.43,0.58,-0.013673469387755044,RAW,NO VALUE
2026-08-23T18:16:54.957894+00:00,KXBTC15M-26AUG231430-30,77340.63,1.9159648999999999,13.0840351,77342.65,2.0199999999895226,UP,0.42857142857142855,0.5714285714285714,0.5714285714285714,0.42857142857142855,UP,0.5714285714285714,0.56,0.57,0.43,0.44,0.57,0.0014285714285714457,RAW,SMALL EDGE
2026-08-23T18:17:44.010015+00:00,KXBTC15M-26AUG231430-30,77340.63,2.73350025,12.266499750000001,77362.63,22.0,UP,0.42857142857142855,0.5714285714285714,0.5714285714285714,0.42857142857142855,UP,0.5714285714285714,0.58,0.59,0.41,0.42,0.59,-0.018571428571428572,RAW,NO VALUE
2026-08-23T18:18:19.035375+00:00,KXBTC15M-26AUG231430-30,77340.63,3.31725625,11.682743749999998,77332.09,-8.540000000008149,DOWN,0.42857142857142855,0.5714285714285714,0.42857142857142855,0.5714285714285714,DOWN,0.5714285714285714,0.58,0.59,0.41,0.42,0.42,0.1514285714285714,RAW,ATTRACTIVE <=50c
2026-08-23T18:18:48.990422+00:00,KXBTC15M-26AUG231430-30,77340.63,3.816507033333333,11.183492966666668,77328.27,-12.360000000000582,DOWN,0.4336734693877551,0.5663265306122449,0.4336734693877551,0.5663265306122449,DOWN,0.5663265306122449,0.43,0.44,0.56,0.57,0.57,-0.003673469387755035,RAW,NO VALUE
2026-08-23T18:19:19.044647+00:00,KXBTC15M-26AUG231430-30,77340.63,4.317410783333333,10.682589216666665,77336.37,-4.260000000009313,DOWN,0.4336734693877551,0.5663265306122449,0.4336734693877551,0.5663265306122449,DOWN,0.5663265306122449,0.41,0.42,0.58,0.59,0.59,-0.023673469387755053,RAW,NO VALUE
2026-08-23T18:19:49.148731+00:00,KXBTC15M-26AUG231430-30,77340.63,4.819145516666667,10.180854483333333,77316.81,-23.820000000006985,DOWN,0.42857142857142855,0.5714285714285714,0.42857142857142855,0.5714285714285714,DOWN,0.5714285714285714,0.45,0.46,0.54,0.55,0.55,0.021428571428571352,RAW,SMALL EDGE
2026-08-23T18:20:19.027528+00:00,KXBTC15M-26AUG231430-30,77340.63,5.317125466666667,9.682874533333335,77320.13,-20.5,DOWN,0.42857142857142855,0.5714285714285714,0.42857142857142855,0.5714285714285714,DOWN,0.5714285714285714,0.37,0.38,0.62,0.63,0.63,-0.05857142857142861,RAW,NO VALUE
2026-08-23T18:20:49.085763+00:00,KXBTC15M-26AUG231430-30,77340.63,5.818096049999999,9.181903949999999,77320.12,-20.510000000009313,DOWN,0.39344262295081966,0.6065573770491803,0.39344262295081966,0.6065573770491803,DOWN,0.6065573770491803,0.38,0.39,0.61,0.62,0.62,-0.01344262295081966,RAW,NO VALUE
2026-08-23T18:21:18.937159+00:00,KXBTC15M-26AUG231430-30,77340.63,6.315619316666667,8.684380683333334,77310.61,-30.020000000004075,DOWN,0.39344262295081966,0.6065573770491803,0.39344262295081966,0.6065573770491803,DOWN,0.6065573770491803,0.44,0.45,0.55,0.56,0.56,0.04655737704918028,RAW,SMALL EDGE
2026-08-23T18:21:48.999632+00:00,KXBTC15M-26AUG231430-30,77340.63,6.816660533333334,8.183339466666666,77325.0,-15.630000000004657,DOWN,0.42857142857142855,0.5714285714285714,0.42857142857142855,0.5714285714285714,DOWN,0.5714285714285714,0.4,0.41,0.59,0.6,0.6,-0.02857142857142858,RAW,NO VALUE
2026-08-23T18:22:19.043962+00:00,KXBTC15M-26AUG231430-30,77340.63,7.317399366666667,7.682600633333333,77306.33,-34.30000000000291,DOWN,0.3652173913043478,0.6347826086956522,0.3652173913043478,0.6347826086956522,DOWN,0.6347826086956522,0.4,0.41,0.59,0.6,0.6,0.034782608695652195,RAW,SMALL EDGE
2026-08-23T18:22:48.888022+00:00,KXBTC15M-26AUG231430-30,77340.63,7.814800366666666,7.185199633333334,77303.04,-37.59000000001106,DOWN,0.27388535031847133,0.7261146496815287,0.27388535031847133,0.7261146496815287,DOWN,0.7261146496815287,0.26,0.27,0.73,0.74,0.74,-0.013885350318471268,LEAN,NO VALUE
2026-08-23T18:23:18.921273+00:00,KXBTC15M-26AUG231430-30,77340.63,8.31535455,6.6846454500000005,77288.01,-52.620000000009895,DOWN,0.24060150375939848,0.7593984962406015,0.24060150375939848,0.7593984962406015,DOWN,0.7593984962406015,0.26,0.27,0.73,0.74,0.74,0.019398496240601526,LEAN,SMALL EDGE
2026-08-23T18:23:48.836013+00:00,KXBTC15M-26AUG231430-30,77340.63,8.81393355,6.18606645,77286.24,-54.38999999999942,DOWN,0.3652173913043478,0.6347826086956522,0.3652173913043478,0.6347826086956522,DOWN,0.6347826086956522,0.2,0.22,0.78,0.8,0.8,-0.16521739130434787,RAW,NO VALUE
2026-08-23T18:24:18.804077+00:00,KXBTC15M-26AUG231430-30,77340.63,9.313401283333333,5.6865987166666665,77316.53,-24.10000000000582,DOWN,0.39344262295081966,0.6065573770491803,0.39344262295081966,0.6065573770491803,DOWN,0.6065573770491803,0.35,0.36,0.64,0.65,0.65,-0.04344262295081969,RAW,NO VALUE
2026-08-23T18:24:48.997021+00:00,KXBTC15M-26AUG231430-30,77340.63,9.816617016666667,5.183382983333333,77314.56,-26.070000000006985,DOWN,0.39344262295081966,0.6065573770491803,0.39344262295081966,0.6065573770491803,DOWN,0.6065573770491803,0.35,0.36,0.64,0.65,0.65,-0.04344262295081969,RAW,NO VALUE
2026-08-23T18:25:19.176054+00:00,KXBTC15M-26AUG231430-30,77340.63,10.319600900000001,4.6803991,77320.68,-19.95000000001164,DOWN,0.39344262295081966,0.6065573770491803,0.39344262295081966,0.6065573770491803,DOWN,0.6065573770491803,0.28,0.29,0.71,0.72,0.72,-0.11344262295081964,RAW,NO VALUE
2026-08-23T18:25:49.055808+00:00,KXBTC15M-26AUG231430-30,77340.63,10.817596799999999,4.1824031999999995,77335.65,-4.980000000010477,DOWN,0.42857142857142855,0.5714285714285714,0.42857142857142855,0.5714285714285714,DOWN,0.5714285714285714,0.32,0.33,0.67,0.68,0.68,-0.10857142857142865,RAW,NO VALUE
2026-08-23T18:26:18.920037+00:00,KXBTC15M-26AUG231430-30,77340.63,11.31533395,3.6846660499999997,77347.95,7.319999999992433,UP,0.4336734693877551,0.5663265306122449,0.5663265306122449,0.4336734693877551,UP,0.5663265306122449,0.44,0.45,0.55,0.56,0.45,0.1163265306122449,RAW,POSITIVE EDGE
2026-08-23T18:26:48.841730+00:00,KXBTC15M-26AUG231430-30,77340.63,11.814028833333333,3.1859711666666666,77347.94,7.309999999997672,UP,0.42857142857142855,0.5714285714285714,0.5714285714285714,0.42857142857142855,UP,0.5714285714285714,0.57,0.58,0.42,0.43,0.58,-0.008571428571428563,RAW,NO VALUE
2026-08-23T18:27:18.867756+00:00,KXBTC15M-26AUG231430-30,77340.63,12.3144626,2.6855374,77366.45,25.819999999992433,UP,0.3652173913043478,0.6347826086956522,0.6347826086956522,0.3652173913043478,UP,0.6347826086956522,0.58,0.59,0.41,0.42,0.59,0.044782608695652204,RAW,SMALL EDGE
2026-08-23T18:27:48.915639+00:00,KXBTC15M-26AUG231430-30,77340.63,12.81526065,2.18473935,77364.91,24.279999999998836,UP,0.27388535031847133,0.7261146496815287,0.7261146496815287,0.27388535031847133,UP,0.7261146496815287,0.84,0.85,0.15,0.16,0.85,-0.12388535031847125,LEAN,NO VALUE
2026-08-23T18:28:18.868261+00:00,KXBTC15M-26AUG231430-30,77340.63,13.314471016666666,1.6855289833333333,77359.46,18.830000000001746,UP,0.24060150375939848,0.7593984962406015,0.7593984962406015,0.24060150375939848,UP,0.7593984962406015,0.75,0.76,0.24,0.25,0.76,-0.0006015037593984918,LEAN,NO VALUE
2026-08-23T18:28:48.983054+00:00,KXBTC15M-26AUG231430-30,77340.63,13.816384233333334,1.1836157666666667,77378.39,37.75999999999476,UP,0.10714285714285714,0.8928571428571429,0.8928571428571429,0.10714285714285714,UP,0.8928571428571429,0.75,0.76,0.24,0.25,0.76,0.1328571428571429,STRONG,POSITIVE EDGE
2026-08-23T18:29:18.921678+00:00,KXBTC15M-26AUG231430-30,77340.63,14.315361300000001,0.6846387,77375.44,34.80999999999767,UP,0.06989247311827956,0.9301075268817205,0.9301075268817205,0.06989247311827956,UP,0.9301075268817205,0.96,0.961,0.039,0.04,0.961,-0.030892473118279473,LOCK,NO VALUE
2026-08-23T18:29:48.842226+00:00,KXBTC15M-26AUG231430-30,77340.63,14.8140371,0.1859629,77358.83,18.19999999999709,UP,0.109375,0.890625,0.890625,0.109375,UP,0.890625,0.999,1.0,0.0,0.001,1.0,-0.109375,STRONG,NO VALUE
2026-08-23T18:30:18.927896+00:00,KXBTC15M-26AUG231445-45,77359.87,0.31546493333333336,14.684535066666665,77339.15,-20.720000000001164,DOWN,0.42857142857142855,0.5714285714285714,0.42857142857142855,0.5714285714285714,DOWN,0.5714285714285714,0.49,0.5,0.5,0.51,0.51,0.06142857142857139,RAW,SMALL EDGE
2026-08-23T18:30:49.049175+00:00,KXBTC15M-26AUG231445-45,77359.87,0.81748625,14.18251375,77344.79,-15.080000000001746,DOWN,0.4336734693877551,0.5663265306122449,0.4336734693877551,0.5663265306122449,DOWN,0.5663265306122449,0.49,0.5,0.5,0.51,0.51,0.05632653061224491,RAW,SMALL EDGE
2026-08-23T18:31:19.086414+00:00,KXBTC15M-26AUG231445-45,77359.87,1.3181069,13.6818931,77320.62,-39.25,DOWN,0.42857142857142855,0.5714285714285714,0.42857142857142855,0.5714285714285714,DOWN,0.5714285714285714,0.42,0.43,0.57,0.58,0.58,-0.008571428571428563,RAW,NO VALUE
2026-08-23T18:31:48.863442+00:00,KXBTC15M-26AUG231445-45,77359.87,1.8143907000000001,13.185609300000001,77328.26,-31.610000000000582,DOWN,0.4336734693877551,0.5663265306122449,0.4336734693877551,0.5663265306122449,DOWN,0.5663265306122449,0.34,0.35,0.65,0.66,0.66,-0.09367346938775512,RAW,NO VALUE
2026-08-23T18:32:18.981649+00:00,KXBTC15M-26AUG231445-45,77359.87,2.3163608166666667,12.683639183333334,77320.33,-39.5399999999936,DOWN,0.4336734693877551,0.5663265306122449,0.4336734693877551,0.5663265306122449,DOWN,0.5663265306122449,0.33,0.34,0.66,0.67,0.67,-0.10367346938775512,RAW,NO VALUE
2026-08-23T18:32:48.964966+00:00,KXBTC15M-26AUG231445-45,77359.87,2.816082766666667,12.183917233333334,77301.48,-58.38999999999942,DOWN,0.42857142857142855,0.5714285714285714,0.42857142857142855,0.5714285714285714,DOWN,0.5714285714285714,0.28,0.29,0.71,0.72,0.72,-0.14857142857142858,RAW,NO VALUE
2026-08-23T18:33:18.850827+00:00,KXBTC15M-26AUG231445-45,77359.87,3.3141804500000003,11.68581955,77297.71,-62.15999999998894,DOWN,0.3652173913043478,0.6347826086956522,0.3652173913043478,0.6347826086956522,DOWN,0.6347826086956522,0.29,0.3,0.7,0.71,0.71,-0.07521739130434779,RAW,NO VALUE
2026-08-23T18:33:48.949242+00:00,KXBTC15M-26AUG231445-45,77359.87,3.8158207,11.1841793,77311.35,-48.51999999998952,DOWN,0.42857142857142855,0.5714285714285714,0.42857142857142855,0.5714285714285714,DOWN,0.5714285714285714,0.31,0.32,0.68,0.69,0.69,-0.11857142857142855,RAW,NO VALUE
2026-08-23T18:34:18.907100+00:00,KXBTC15M-26AUG231445-45,77359.87,4.315118333333333,10.684881666666666,77316.8,-43.06999999999243,DOWN,0.42857142857142855,0.5714285714285714,0.42857142857142855,0.5714285714285714,DOWN,0.5714285714285714,0.32,0.33,0.67,0.68,0.68,-0.10857142857142865,RAW,NO VALUE
2026-08-23T18:34:48.825770+00:00,KXBTC15M-26AUG231445-45,77359.87,4.813762833333333,10.186237166666666,77311.34,-48.529999999998836,DOWN,0.39344262295081966,0.6065573770491803,0.39344262295081966,0.6065573770491803,DOWN,0.6065573770491803,0.27,0.28,0.72,0.73,0.73,-0.12344262295081965,RAW,NO VALUE
2026-08-23T18:35:19.063557+00:00,KXBTC15M-26AUG231445-45,77359.87,5.31772595,9.68227405,77317.21,-42.65999999998894,DOWN,0.39344262295081966,0.6065573770491803,0.39344262295081966,0.6065573770491803,DOWN,0.6065573770491803,0.27,0.28,0.72,0.73,0.73,-0.12344262295081965,RAW,NO VALUE
2026-08-23T18:35:48.931206+00:00,KXBTC15M-26AUG231445-45,77359.87,5.8155201,9.184479900000001,77328.25,-31.619999999995343,DOWN,0.39344262295081966,0.6065573770491803,0.39344262295081966,0.6065573770491803,DOWN,0.6065573770491803,0.32,0.33,0.67,0.68,0.68,-0.07344262295081971,RAW,NO VALUE
2026-08-23T18:36:18.987885+00:00,KXBTC15M-26AUG231445-45,77359.87,6.31646475,8.68353525,77333.95,-25.919999999998254,DOWN,0.39344262295081966,0.6065573770491803,0.39344262295081966,0.6065573770491803,DOWN,0.6065573770491803,0.38,0.39,0.61,0.62,0.62,-0.01344262295081966,RAW,NO VALUE
2026-08-23T18:36:48.962344+00:00,KXBTC15M-26AUG231445-45,77359.87,6.816039066666666,8.183960933333333,77329.55,-30.319999999992433,DOWN,0.39344262295081966,0.6065573770491803,0.39344262295081966,0.6065573770491803,DOWN,0.6065573770491803,0.36,0.37,0.63,0.64,0.64,-0.03344262295081968,RAW,NO VALUE
2026-08-23T18:37:18.814713+00:00,KXBTC15M-26AUG231445-45,77359.87,7.31357855,7.68642145,77329.55,-30.319999999992433,DOWN,0.3652173913043478,0.6347826086956522,0.3652173913043478,0.6347826086956522,DOWN,0.6347826086956522,0.36,0.37,0.63,0.64,0.64,-0.00521739130434784,RAW,NO VALUE
2026-08-23T18:37:48.833800+00:00,KXBTC15M-26AUG231445-45,77359.87,7.8138966666666665,7.1861033333333335,77325.7,-34.169999999998254,DOWN,0.3652173913043478,0.6347826086956522,0.3652173913043478,0.6347826086956522,DOWN,0.6347826086956522,0.33,0.34,0.66,0.67,0.67,-0.03521739130434787,RAW,NO VALUE
2026-08-23T18:38:18.968596+00:00,KXBTC15M-26AUG231445-45,77359.87,8.316143266666666,6.683856733333333,77335.56,-24.30999999999767,DOWN,0.3652173913043478,0.6347826086956522,0.3652173913043478,0.6347826086956522,DOWN,0.6347826086956522,0.39,0.4,0.6,0.61,0.61,0.024782608695652186,RAW,SMALL EDGE
2026-08-23T18:38:48.886973+00:00,KXBTC15M-26AUG231445-45,77359.87,8.814782883333333,6.185217116666666,77335.56,-24.30999999999767,DOWN,0.3652173913043478,0.6347826086956522,0.3652173913043478,0.6347826086956522,DOWN,0.6347826086956522,0.36,0.37,0.63,0.64,0.64,-0.00521739130434784,RAW,NO VALUE
2026-08-23T18:39:18.936454+00:00,KXBTC15M-26AUG231445-45,77359.87,9.315607566666667,5.684392433333333,77325.07,-34.79999999998836,DOWN,0.27388535031847133,0.7261146496815287,0.27388535031847133,0.7261146496815287,DOWN,0.7261146496815287,0.36,0.37,0.63,0.64,0.64,0.08611464968152871,LEAN,SMALL EDGE
2026-08-23T18:39:48.924197+00:00,KXBTC15M-26AUG231445-45,77359.87,9.815403283333334,5.184596716666666,77320.88,-38.98999999999069,DOWN,0.24060150375939848,0.7593984962406015,0.24060150375939848,0.7593984962406015,DOWN,0.7593984962406015,0.26,0.28,0.72,0.74,0.74,0.019398496240601526,LEAN,SMALL EDGE
2026-08-23T18:40:19.158105+00:00,KXBTC15M-26AUG231445-45,77359.87,10.31930175,4.680698250000001,77328.27,-31.59999999999127,DOWN,0.19811320754716982,0.8018867924528301,0.19811320754716982,0.8018867924528301,DOWN,0.8018867924528301,0.23,0.24,0.76,0.77,0.77,0.031886792452830104,STRONG,SMALL EDGE
2026-08-23T18:40:48.980125+00:00,KXBTC15M-26AUG231445-45,77359.87,10.816335416666668,4.183664583333334,77355.25,-4.619999999995343,DOWN,0.4336734693877551,0.5663265306122449,0.4336734693877551,0.5663265306122449,DOWN,0.5663265306122449,0.29,0.3,0.7,0.71,0.71,-0.14367346938775505,RAW,NO VALUE
2026-08-23T18:41:19.006859+00:00,KXBTC15M-26AUG231445-45,77359.87,11.316780983333333,3.683219016666667,77355.24,-4.629999999990105,DOWN,0.6067310084305172,0.3932689915694828,0.6067310084305172,0.3932689915694828,UP,0.6067310084305172,0.42,0.43,0.57,0.58,0.43,0.1767310084305172,RAW,ATTRACTIVE <=50c
2026-08-23T18:41:48.946039+00:00,KXBTC15M-26AUG231445-45,77359.87,11.815767316666667,3.184232683333333,77333.95,-25.919999999998254,DOWN,0.24060150375939848,0.7593984962406015,0.24060150375939848,0.7593984962406015,DOWN,0.7593984962406015,0.42,0.44,0.56,0.58,0.58,0.17939849624060156,LEAN,POSITIVE EDGE
2026-08-23T18:42:19.351077+00:00,KXBTC15M-26AUG231445-45,77359.87,12.32251795,2.67748205,77335.96,-23.90999999998894,DOWN,0.19811320754716982,0.8018867924528301,0.19811320754716982,0.8018867924528301,DOWN,0.8018867924528301,0.27,0.28,0.72,0.73,0.73,0.07188679245283014,STRONG,SMALL EDGE
2026-08-23T18:42:48.869638+00:00,KXBTC15M-26AUG231445-45,77359.87,12.814493966666667,2.185506033333333,77325.5,-34.36999999999534,DOWN,0.06989247311827956,0.9301075268817205,0.06989247311827956,0.9301075268817205,DOWN,0.9301075268817205,0.14,0.15,0.85,0.86,0.86,0.0701075268817205,LOCK,SMALL EDGE
2026-08-23T18:43:18.951008+00:00,KXBTC15M-26AUG231445-45,77359.87,13.315850133333333,1.6841498666666666,77329.55,-30.319999999992433,DOWN,0.011904761904761904,0.9880952380952381,0.011904761904761904,0.9880952380952381,DOWN,0.9880952380952381,0.088,0.089,0.911,0.912,0.912,0.0760952380952381,LOCK,SMALL EDGE
2026-08-23T18:43:48.954243+00:00,KXBTC15M-26AUG231445-45,77359.87,13.81590405,1.18409595,77329.9,-29.970000000001164,DOWN,0.011904761904761904,0.9880952380952381,0.011904761904761904,0.9880952380952381,DOWN,0.9880952380952381,0.088,0.089,0.911,0.912,0.912,0.0760952380952381,LOCK,SMALL EDGE
2026-08-23T18:44:19.031007+00:00,KXBTC15M-26AUG231445-45,77359.87,14.31718345,0.68281655,77322.52,-37.34999999999127,DOWN,0.011904761904761904,0.9880952380952381,0.011904761904761904,0.9880952380952381,DOWN,0.9880952380952381,0.043,0.045,0.955,0.957,0.957,0.031095238095238176,LOCK,SMALL EDGE
2026-08-23T18:44:49.043405+00:00,KXBTC15M-26AUG231445-45,77359.87,14.817390083333333,0.18260991666666668,77326.44,-33.429999999993015,DOWN,0.0,1.0,0.0,1.0,DOWN,1.0,0.001,0.002,0.998,0.999,0.999,0.0010000000000000009,LOCK,SMALL EDGE
2026-08-23T18:45:48.923933+00:00,KXBTC15M-26AUG231500-00,77327.06,0.8153988833333333,14.184601116666666,77327.81,0.75,UP,0.39344262295081966,0.6065573770491803,0.6065573770491803,0.39344262295081966,UP,0.6065573770491803,0.52,0.53,0.47,0.48,0.53,0.07655737704918031,RAW,SMALL EDGE
2026-08-23T18:46:19.056904+00:00,KXBTC15M-26AUG231500-00,77327.06,1.3176150666666666,13.682384933333333,77332.85,5.790000000008149,UP,0.39344262295081966,0.6065573770491803,0.6065573770491803,0.39344262295081966,UP,0.6065573770491803,0.54,0.55,0.45,0.46,0.55,0.05655737704918029,RAW,SMALL EDGE
2026-08-23T18:46:48.977740+00:00,KXBTC15M-26AUG231500-00,77327.06,1.8162956666666665,13.183704333333333,77307.08,-19.979999999995925,DOWN,0.42857142857142855,0.5714285714285714,0.42857142857142855,0.5714285714285714,DOWN,0.5714285714285714,0.4,0.41,0.59,0.6,0.6,-0.02857142857142858,RAW,NO VALUE
2026-08-23T18:47:18.842577+00:00,KXBTC15M-26AUG231500-00,77327.06,2.31404295,12.68595705,77304.91,-22.14999999999418,DOWN,0.39344262295081966,0.6065573770491803,0.39344262295081966,0.6065573770491803,DOWN,0.6065573770491803,0.42,0.43,0.57,0.58,0.58,0.026557377049180375,RAW,SMALL EDGE
2026-08-23T18:47:48.916044+00:00,KXBTC15M-26AUG231500-00,77327.06,2.8152674,12.184732599999998,77285.1,-41.95999999999185,DOWN,0.39344262295081966,0.6065573770491803,0.39344262295081966,0.6065573770491803,DOWN,0.6065573770491803,0.41,0.42,0.58,0.59,0.59,0.016557377049180366,RAW,SMALL EDGE
2026-08-23T18:48:19.408027+00:00,KXBTC15M-26AUG231500-00,77327.06,3.323467116666667,11.676532883333334,77274.36,-52.69999999999709,DOWN,0.39344262295081966,0.6065573770491803,0.39344262295081966,0.6065573770491803,DOWN,0.6065573770491803,0.3,0.31,0.69,0.7,0.7,-0.09344262295081962,RAW,NO VALUE
2026-08-23T18:48:49.068334+00:00,KXBTC15M-26AUG231500-00,77327.06,3.8178055666666664,11.182194433333333,77290.14,-36.919999999998254,DOWN,0.42857142857142855,0.5714285714285714,0.42857142857142855,0.5714285714285714,DOWN,0.5714285714285714,0.28,0.29,0.71,0.72,0.72,-0.14857142857142858,RAW,NO VALUE
2026-08-23T18:49:18.935935+00:00,KXBTC15M-26AUG231500-00,77327.06,4.315598916666667,10.684401083333334,77293.04,-34.020000000004075,DOWN,0.42857142857142855,0.5714285714285714,0.42857142857142855,0.5714285714285714,DOWN,0.5714285714285714,0.35,0.36,0.64,0.65,0.65,-0.07857142857142863,RAW,NO VALUE
2026-08-23T18:49:48.857719+00:00,KXBTC15M-26AUG231500-00,77327.06,4.814295316666667,10.185704683333334,77295.87,-31.19000000000233,DOWN,0.39344262295081966,0.6065573770491803,0.39344262295081966,0.6065573770491803,DOWN,0.6065573770491803,0.35,0.36,0.64,0.65,0.65,-0.04344262295081969,RAW,NO VALUE
2026-08-23T18:50:19.010813+00:00,KXBTC15M-26AUG231500-00,77327.06,5.316846883333333,9.683153116666666,77314.6,-12.459999999991851,DOWN,0.4336734693877551,0.5663265306122449,0.4336734693877551,0.5663265306122449,DOWN,0.5663265306122449,0.37,0.38,0.62,0.63,0.63,-0.06367346938775509,RAW,NO VALUE
2026-08-23T18:50:48.922827+00:00,KXBTC15M-26AUG231500-00,77327.06,5.81538045,9.18461955,77278.61,-48.44999999999709,DOWN,0.3652173913043478,0.6347826086956522,0.3652173913043478,0.6347826086956522,DOWN,0.6347826086956522,0.45,0.46,0.54,0.55,0.55,0.08478260869565213,RAW,SMALL EDGE
2026-08-23T18:51:18.846613+00:00,KXBTC15M-26AUG231500-00,77327.06,6.314110216666666,8.685889783333332,77274.61,-52.44999999999709,DOWN,0.27388535031847133,0.7261146496815287,0.27388535031847133,0.7261146496815287,DOWN,0.7261146496815287,0.27,0.28,0.72,0.73,0.73,-0.003885350318471259,LEAN,NO VALUE
2026-08-23T18:51:49.168666+00:00,KXBTC15M-26AUG231500-00,77327.06,6.819477766666666,8.180522233333333,77265.69,-61.36999999999534,DOWN,0.24060150375939848,0.7593984962406015,0.24060150375939848,0.7593984962406015,DOWN,0.7593984962406015,0.25,0.26,0.74,0.75,0.75,0.009398496240601517,LEAN,SMALL EDGE
2026-08-23T18:52:18.974218+00:00,KXBTC15M-26AUG231500-00,77327.06,7.316236966666667,7.683763033333333,77281.74,-45.31999999999243,DOWN,0.27388535031847133,0.7261146496815287,0.27388535031847133,0.7261146496815287,DOWN,0.7261146496815287,0.29,0.3,0.7,0.71,0.71,0.01611464968152876,LEAN,SMALL EDGE
2026-08-23T18:52:48.878496+00:00,KXBTC15M-26AUG231500-00,77327.06,7.8146416,7.1853584,77300.92,-26.139999999999418,DOWN,0.39344262295081966,0.6065573770491803,0.39344262295081966,0.6065573770491803,DOWN,0.6065573770491803,0.33,0.34,0.66,0.67,0.67,-0.0634426229508197,RAW,NO VALUE
2026-08-23T18:53:18.969238+00:00,KXBTC15M-26AUG231500-00,77327.06,8.316153966666667,6.683846033333333,77309.17,-17.889999999999418,DOWN,0.39344262295081966,0.6065573770491803,0.39344262295081966,0.6065573770491803,DOWN,0.6065573770491803,0.43,0.44,0.56,0.57,0.57,0.036557377049180384,RAW,SMALL EDGE
2026-08-23T18:53:48.884667+00:00,KXBTC15M-26AUG231500-00,77327.06,8.814744450000001,6.18525555,77282.43,-44.63000000000466,DOWN,0.27388535031847133,0.7261146496815287,0.27388535031847133,0.7261146496815287,DOWN,0.7261146496815287,0.24,0.25,0.75,0.76,0.76,-0.033885350318471286,LEAN,NO VALUE
2026-08-23T18:54:19.070425+00:00,KXBTC15M-26AUG231500-00,77327.06,9.317840416666666,5.682159583333333,77278.18,-48.88000000000466,DOWN,0.24060150375939848,0.7593984962406015,0.24060150375939848,0.7593984962406015,DOWN,0.7593984962406015,0.23,0.24,0.76,0.77,0.77,-0.0106015037593985,LEAN,NO VALUE
2026-08-23T18:54:48.913549+00:00,KXBTC15M-26AUG231500-00,77327.06,9.815225816666667,5.184774183333333,77278.21,-48.84999999999127,DOWN,0.19811320754716982,0.8018867924528301,0.19811320754716982,0.8018867924528301,DOWN,0.8018867924528301,0.22,0.23,0.77,0.78,0.78,0.021886792452830095,STRONG,SMALL EDGE
2026-08-23T18:55:19.155533+00:00,KXBTC15M-26AUG231500-00,77327.06,10.319258883333333,4.680741116666667,77318.65,-8.410000000003492,DOWN,0.4336734693877551,0.5663265306122449,0.4336734693877551,0.5663265306122449,DOWN,0.5663265306122449,0.34,0.35,0.65,0.66,0.66,-0.09367346938775512,RAW,NO VALUE
2026-08-23T18:55:49.341031+00:00,KXBTC15M-26AUG231500-00,77327.06,10.822350516666667,4.177649483333334,77306.97,-20.089999999996508,DOWN,0.39344262295081966,0.6065573770491803,0.39344262295081966,0.6065573770491803,DOWN,0.6065573770491803,0.34,0.36,0.64,0.66,0.66,-0.053442622950819696,RAW,NO VALUE
2026-08-23T18:56:18.877538+00:00,KXBTC15M-26AUG231500-00,77327.06,11.314625633333332,3.6853743666666667,77293.89,-33.169999999998254,DOWN,0.24060150375939848,0.7593984962406015,0.24060150375939848,0.7593984962406015,DOWN,0.7593984962406015,0.34,0.36,0.64,0.66,0.66,0.09939849624060149,LEAN,SMALL EDGE
2026-08-23T18:56:49.068954+00:00,KXBTC15M-26AUG231500-00,77327.06,11.8178159,3.1821841,77282.5,-44.55999999999767,DOWN,0.10714285714285714,0.8928571428571429,0.10714285714285714,0.8928571428571429,DOWN,0.8928571428571429,0.2,0.21,0.79,0.8,0.8,0.09285714285714286,STRONG,SMALL EDGE
2026-08-23T18:57:19.400417+00:00,KXBTC15M-26AUG231500-00,77327.06,12.323340283333332,2.676659716666667,77298.43,-28.630000000004657,DOWN,0.10714285714285714,0.8928571428571429,0.10714285714285714,0.8928571428571429,DOWN,0.8928571428571429,0.099,0.1,0.9,0.901,0.901,-0.008142857142857118,STRONG,NO VALUE
2026-08-23T18:57:48.916933+00:00,KXBTC15M-26AUG231500-00,77327.06,12.815282216666667,2.1847177833333333,77287.68,-39.38000000000466,DOWN,0.011904761904761904,0.9880952380952381,0.011904761904761904,0.9880952380952381,DOWN,0.9880952380952381,0.087,0.088,0.912,0.913,0.913,0.0750952380952381,LOCK,SMALL EDGE
2026-08-23T18:58:18.906757+00:00,KXBTC15M-26AUG231500-00,77327.06,13.315112616666665,1.6848873833333333,77297.7,-29.360000000000582,DOWN,0.011904761904761904,0.9880952380952381,0.011904761904761904,0.9880952380952381,DOWN,0.9880952380952381,0.054,0.055,0.945,0.946,0.946,0.042095238095238185,LOCK,SMALL EDGE
2026-08-23T18:58:48.975512+00:00,KXBTC15M-26AUG231500-00,77327.06,13.816258533333333,1.1837414666666668,77309.15,-17.910000000003492,DOWN,0.109375,0.890625,0.109375,0.890625,DOWN,0.890625,0.066,0.067,0.933,0.934,0.934,-0.04337500000000005,STRONG,NO VALUE
2026-08-23T18:59:18.923025+00:00,KXBTC15M-26AUG231500-00,77327.06,14.31538375,0.6846162499999999,77323.2,-3.860000000000582,DOWN,0.4336734693877551,0.5663265306122449,0.4336734693877551,0.5663265306122449,DOWN,0.5663265306122449,0.14,0.16,0.84,0.86,0.86,-0.29367346938775507,RAW,NO VALUE
2026-08-23T18:59:49.001788+00:00,KXBTC15M-26AUG231500-00,77327.06,14.816696466666667,0.18330353333333335,77325.0,-2.0599999999976717,DOWN,0.4336734693877551,0.5663265306122449,0.4336734693877551,0.5663265306122449,DOWN,0.5663265306122449,0.011,0.012,0.988,0.989,0.989,-0.4226734693877551,RAW,NO VALUE
2026-08-23T19:00:20.657170+00:00,KXBTC15M-26AUG231515-15,77320.39,0.34428616666666667,14.655713833333333,77350.88,30.49000000000524,UP,0.42857142857142855,0.5714285714285714,0.5714285714285714,0.42857142857142855,UP,0.5714285714285714,0.64,0.65,0.35,0.36,0.65,-0.07857142857142863,RAW,NO VALUE
2026-08-23T19:00:52.607015+00:00,KXBTC15M-26AUG231515-15,77320.39,0.8767835833333333,14.123216416666667,77356.85,36.4600000000064,UP,0.42857142857142855,0.5714285714285714,0.5714285714285714,0.42857142857142855,UP,0.5714285714285714,0.69,0.7,0.3,0.31,0.7,-0.12857142857142856,RAW,NO VALUE
2026-08-23T19:01:22.399059+00:00,KXBTC15M-26AUG231515-15,77320.39,1.37331765,13.626682350000001,77396.78,76.38999999999942,UP,0.3652173913043478,0.6347826086956522,0.6347826086956522,0.3652173913043478,UP,0.6347826086956522,0.75,0.76,0.24,0.25,0.76,-0.12521739130434784,RAW,NO VALUE
2026-08-23T19:01:52.463878+00:00,KXBTC15M-26AUG231515-15,77320.39,1.8743979666666666,13.125602033333333,77362.63,42.24000000000524,UP,0.42857142857142855,0.5714285714285714,0.5714285714285714,0.42857142857142855,UP,0.5714285714285714,0.75,0.76,0.24,0.25,0.76,-0.1885714285714286,RAW,NO VALUE
2026-08-23T19:02:22.447539+00:00,KXBTC15M-26AUG231515-15,77320.39,2.3741256500000003,12.62587435,77383.63,63.24000000000524,UP,0.3652173913043478,0.6347826086956522,0.6347826086956522,0.3652173913043478,UP,0.6347826086956522,0.59,0.6,0.4,0.41,0.6,0.034782608695652195,RAW,SMALL EDGE
2026-08-23T19:02:52.460196+00:00,KXBTC15M-26AUG231515-15,77320.39,2.8743366,12.1256634,77325.55,5.1600000000034925,UP,0.4336734693877551,0.5663265306122449,0.5663265306122449,0.4336734693877551,UP,0.5663265306122449,0.73,0.74,0.26,0.27,0.74,-0.17367346938775508,RAW,NO VALUE
2026-08-23T19:03:22.670343+00:00,KXBTC15M-26AUG231515-15,77320.39,3.37783905,11.62216095,77320.28,-0.11000000000058208,DOWN,0.42857142857142855,0.5714285714285714,0.42857142857142855,0.5714285714285714,DOWN,0.5714285714285714,0.49,0.5,0.5,0.51,0.51,0.06142857142857139,RAW,SMALL EDGE
2026-08-23T19:03:52.417188+00:00,KXBTC15M-26AUG231515-15,77320.39,3.8736198,11.1263802,77312.99,-7.399999999994179,DOWN,0.42857142857142855,0.5714285714285714,0.42857142857142855,0.5714285714285714,DOWN,0.5714285714285714,0.52,0.53,0.47,0.48,0.48,0.09142857142857141,RAW,SMALL EDGE
2026-08-23T19:04:22.342307+00:00,KXBTC15M-26AUG231515-15,77320.39,4.3723717833333335,10.627628216666666,77335.89,15.5,UP,0.4336734693877551,0.5663265306122449,0.5663265306122449,0.4336734693877551,UP,0.5663265306122449,0.48,0.49,0.51,0.52,0.49,0.07632653061224492,RAW,SMALL EDGE
2026-08-23T19:04:52.396052+00:00,KXBTC15M-26AUG231515-15,77320.39,4.873267533333333,10.126732466666665,77332.51,12.119999999995343,UP,0.4336734693877551,0.5663265306122449,0.5663265306122449,0.4336734693877551,UP,0.5663265306122449,0.56,0.57,0.43,0.44,0.57,-0.003673469387755035,RAW,NO VALUE
2026-08-23T19:05:22.395853+00:00,KXBTC15M-26AUG231515-15,77320.39,5.373264216666667,9.626735783333334,77332.31,11.919999999998254,UP,0.42857142857142855,0.5714285714285714,0.5714285714285714,0.42857142857142855,UP,0.5714285714285714,0.58,0.59,0.41,0.42,0.59,-0.018571428571428572,RAW,NO VALUE
2026-08-23T19:05:52.415984+00:00,KXBTC15M-26AUG231515-15,77320.39,5.873599733333333,9.126400266666668,77304.93,-15.460000000006403,DOWN,0.42857142857142855,0.5714285714285714,0.42857142857142855,0.5714285714285714,DOWN,0.5714285714285714,0.47,0.48,0.52,0.53,0.53,0.04142857142857137,RAW,SMALL EDGE
2026-08-23T19:06:22.790941+00:00,KXBTC15M-26AUG231515-15,77320.39,6.379849016666666,8.620150983333334,77334.53,14.139999999999418,UP,0.42857142857142855,0.5714285714285714,0.5714285714285714,0.42857142857142855,UP,0.5714285714285714,0.47,0.48,0.52,0.53,0.48,0.09142857142857141,RAW,SMALL EDGE
2026-08-23T19:06:46.999787+00:00,KXBTC15M-26AUG231515-15,77320.39,6.7833297833333335,8.216670216666666,77328.35,7.960000000006403,UP,0.42857142857142855,0.5714285714285714,0.5714285714285714,0.42857142857142855,UP,0.5714285714285714,0.59,0.6,0.4,0.41,0.6,-0.02857142857142858,RAW,NO VALUE
2026-08-23T19:06:54.923769+00:00,KXBTC15M-26AUG231515-15,77320.39,6.91539615,8.08460385,77326.0,5.610000000000582,UP,0.4336734693877551,0.5663265306122449,0.5663265306122449,0.4336734693877551,UP,0.5663265306122449,0.59,0.6,0.4,0.41,0.6,-0.03367346938775506,RAW,NO VALUE
2026-08-23T19:07:41.185324+00:00,KXBTC15M-26AUG231515-15,77320.39,7.686422066666666,7.313577933333334,77351.17,30.779999999998836,UP,0.24060150375939848,0.7593984962406015,0.7593984962406015,0.24060150375939848,UP,0.7593984962406015,0.58,0.59,0.41,0.42,0.59,0.16939849624060155,LEAN,POSITIVE EDGE
2026-08-23T19:08:11.007250+00:00,KXBTC15M-26AUG231515-15,77320.39,8.183454166666667,6.8165458333333335,77333.86,13.470000000001164,UP,0.42857142857142855,0.5714285714285714,0.5714285714285714,0.42857142857142855,UP,0.5714285714285714,0.65,0.66,0.34,0.35,0.66,-0.08857142857142863,RAW,NO VALUE
2026-08-23T19:08:41.115010+00:00,KXBTC15M-26AUG231515-15,77320.39,8.685250166666666,6.314749833333334,77343.54,23.14999999999418,UP,0.27388535031847133,0.7261146496815287,0.7261146496815287,0.27388535031847133,UP,0.7261146496815287,0.64,0.65,0.35,0.36,0.65,0.0761146496815287,LEAN,SMALL EDGE
2026-08-23T19:09:11.107999+00:00,KXBTC15M-26AUG231515-15,77320.39,9.185133316666667,5.814866683333333,77328.27,7.880000000004657,UP,0.4336734693877551,0.5663265306122449,0.5663265306122449,0.4336734693877551,UP,0.5663265306122449,0.64,0.65,0.35,0.36,0.65,-0.0836734693877551,RAW,NO VALUE
2026-08-23T19:09:42.126212+00:00,KXBTC15M-26AUG231515-15,77320.39,9.702103533333334,5.297896466666667,77318.94,-1.4499999999970896,DOWN,0.4336734693877551,0.5663265306122449,0.4336734693877551,0.5663265306122449,DOWN,0.5663265306122449,0.55,0.56,0.44,0.45,0.45,0.1163265306122449,RAW,POSITIVE EDGE
2026-08-23T19:09:42.346526+00:00,KXBTC15M-26AUG231515-15,77320.39,9.705775433333335,5.294224566666667,77318.94,-1.4499999999970896,DOWN,0.4336734693877551,0.5663265306122449,0.4336734693877551,0.5663265306122449,DOWN,0.5663265306122449,0.55,0.56,0.44,0.45,0.45,0.1163265306122449,RAW,POSITIVE EDGE
2026-08-23T19:10:32.664559+00:00,KXBTC15M-26AUG231515-15,77320.39,10.544409316666668,4.455590683333333,77296.36,-24.029999999998836,DOWN,0.39344262295081966,0.6065573770491803,0.39344262295081966,0.6065573770491803,DOWN,0.6065573770491803,0.46,0.47,0.53,0.54,0.54,0.0665573770491803,RAW,SMALL EDGE
2026-08-23T19:11:02.578574+00:00,KXBTC15M-26AUG231515-15,77320.39,11.042976233333333,3.9570237666666666,77287.69,-32.69999999999709,DOWN,0.27388535031847133,0.7261146496815287,0.27388535031847133,0.7261146496815287,DOWN,0.7261146496815287,0.33,0.34,0.66,0.67,0.67,0.05611464968152868,LEAN,SMALL EDGE
2026-08-23T19:11:32.610862+00:00,KXBTC15M-26AUG231515-15,77320.39,11.543514366666667,3.4564856333333336,77282.47,-37.919999999998254,DOWN,0.19811320754716982,0.8018867924528301,0.19811320754716982,0.8018867924528301,DOWN,0.8018867924528301,0.17,0.18,0.82,0.83,0.83,-0.02811320754716984,STRONG,NO VALUE
2026-08-23T19:12:02.796268+00:00,KXBTC15M-26AUG231515-15,77320.39,12.046604466666668,2.9533955333333335,77250.01,-70.38000000000466,DOWN,0.06989247311827956,0.9301075268817205,0.06989247311827956,0.9301075268817205,DOWN,0.9301075268817205,0.14,0.15,0.85,0.86,0.86,0.0701075268817205,LOCK,SMALL EDGE
2026-08-23T19:12:33.062880+00:00,KXBTC15M-26AUG231515-15,77320.39,12.551048,2.448952,77254.59,-65.80000000000291,DOWN,0.011904761904761904,0.9880952380952381,0.011904761904761904,0.9880952380952381,DOWN,0.9880952380952381,0.044,0.048,0.952,0.956,0.956,0.03209523809523818,LOCK,SMALL EDGE
2026-08-23T19:13:02.789184+00:00,KXBTC15M-26AUG231515-15,77320.39,13.0464864,1.9535136,77266.26,-54.13000000000466,DOWN,0.011904761904761904,0.9880952380952381,0.011904761904761904,0.9880952380952381,DOWN,0.9880952380952381,0.041,0.042,0.958,0.959,0.959,0.029095238095238174,LOCK,SMALL EDGE
2026-08-23T19:13:32.921562+00:00,KXBTC15M-26AUG231515-15,77320.39,13.5486927,1.4513073,77254.83,-65.55999999999767,DOWN,0.011904761904761904,0.9880952380952381,0.011904761904761904,0.9880952380952381,DOWN,0.9880952380952381,0.032,0.033,0.967,0.968,0.968,0.020095238095238166,LOCK,SMALL EDGE
2026-08-23T19:14:02.690591+00:00,KXBTC15M-26AUG231515-15,77320.39,14.044843183333334,0.9551568166666667,77297.96,-22.429999999993015,DOWN,0.10714285714285714,0.8928571428571429,0.10714285714285714,0.8928571428571429,DOWN,0.8928571428571429,0.007,0.008,0.992,0.993,0.993,-0.10014285714285709,STRONG,NO VALUE
2026-08-23T19:14:32.663197+00:00,KXBTC15M-26AUG231515-15,77320.39,14.544386616666666,0.45561338333333334,77305.53,-14.860000000000582,DOWN,0.24060150375939848,0.7593984962406015,0.24060150375939848,0.7593984962406015,DOWN,0.7593984962406015,0.01,0.012,0.988,0.99,0.99,-0.23060150375939847,LEAN,NO VALUE
2026-08-23T19:16:02.665243+00:00,KXBTC15M-26AUG231530-30,77304.71,1.0444207166666666,13.955579283333332,77344.57,39.86000000000058,UP,0.42857142857142855,0.5714285714285714,0.5714285714285714,0.42857142857142855,UP,0.5714285714285714,0.41,0.42,0.58,0.59,0.42,0.1514285714285714,RAW,ATTRACTIVE <=50c
2026-08-23T19:16:14.458379+00:00,KXBTC15M-26AUG231530-30,77304.71,1.2409729833333332,13.759027016666666,77347.25,42.5399999999936,UP,0.4336734693877551,0.5663265306122449,0.5663265306122449,0.4336734693877551,UP,0.5663265306122449,0.65,0.66,0.34,0.35,0.66,-0.09367346938775512,RAW,NO VALUE
2026-08-23T19:16:42.689689+00:00,KXBTC15M-26AUG231530-30,77304.71,1.7114948166666666,13.288505183333333,77335.05,30.339999999996508,UP,0.4336734693877551,0.5663265306122449,0.5663265306122449,0.4336734693877551,UP,0.5663265306122449,0.63,0.64,0.36,0.37,0.64,-0.0736734693877551,RAW,NO VALUE
2026-08-23T19:17:18.821012+00:00,KXBTC15M-26AUG231530-30,77304.71,2.313683533333333,12.686316466666666,77343.54,38.829999999987194,UP,0.4336734693877551,0.5663265306122449,0.5663265306122449,0.4336734693877551,UP,0.5663265306122449,0.68,0.69,0.31,0.32,0.69,-0.12367346938775503,RAW,NO VALUE
2026-08-23T19:17:48.536674+00:00,KXBTC15M-26AUG231530-30,77304.71,2.808944566666667,12.191055433333334,77348.0,43.2899999999936,UP,0.42857142857142855,0.5714285714285714,0.5714285714285714,0.42857142857142855,UP,0.5714285714285714,0.69,0.7,0.3,0.31,0.7,-0.12857142857142856,RAW,NO VALUE
2026-08-23T19:18:18.318894+00:00,KXBTC15M-26AUG231530-30,77304.71,3.3053149,11.6946851,77356.71,52.0,UP,0.39344262295081966,0.6065573770491803,0.6065573770491803,0.39344262295081966,UP,0.6065573770491803,0.7,0.71,0.29,0.3,0.71,-0.10344262295081963,RAW,NO VALUE
2026-08-23T19:18:48.304884+00:00,KXBTC15M-26AUG231530-30,77304.71,3.8050813999999997,11.1949186,77359.05,54.33999999999651,UP,0.3652173913043478,0.6347826086956522,0.6347826086956522,0.3652173913043478,UP,0.6347826086956522,0.72,0.73,0.27,0.28,0.73,-0.09521739130434781,RAW,NO VALUE
2026-08-23T19:19:18.766270+00:00,KXBTC15M-26AUG231530-30,77304.71,4.312771166666667,10.687228833333334,77372.09,67.3799999999901,UP,0.24060150375939848,0.7593984962406015,0.7593984962406015,0.24060150375939848,UP,0.7593984962406015,0.72,0.73,0.27,0.28,0.73,0.029398496240601535,LEAN,SMALL EDGE
2026-08-23T19:19:48.285032+00:00,KXBTC15M-26AUG231530-30,77304.71,4.804750533333333,10.195249466666667,77369.76,65.04999999998836,UP,0.24060150375939848,0.7593984962406015,0.7593984962406015,0.24060150375939848,UP,0.7593984962406015,0.75,0.76,0.24,0.25,0.76,-0.0006015037593984918,LEAN,NO VALUE
2026-08-23T19:20:18.364650+00:00,KXBTC15M-26AUG231530-30,77304.71,5.3060775,9.693922500000001,77358.81,54.09999999999127,UP,0.24060150375939848,0.7593984962406015,0.7593984962406015,0.24060150375939848,UP,0.7593984962406015,0.74,0.75,0.25,0.26,0.75,0.009398496240601517,LEAN,SMALL EDGE
2026-08-23T19:20:48.459643+00:00,KXBTC15M-26AUG231530-30,77304.71,5.807660716666667,9.192339283333332,77366.45,61.73999999999069,UP,0.19811320754716982,0.8018867924528301,0.8018867924528301,0.19811320754716982,UP,0.8018867924528301,0.74,0.75,0.25,0.26,0.75,0.05188679245283012,STRONG,SMALL EDGE
2026-08-23T19:21:18.403926+00:00,KXBTC15M-26AUG231530-30,77304.71,6.3067321000000005,8.6932679,77368.38,63.669999999998254,UP,0.19811320754716982,0.8018867924528301,0.8018867924528301,0.19811320754716982,UP,0.8018867924528301,0.79,0.8,0.2,0.21,0.8,0.0018867924528300772,STRONG,SMALL EDGE
2026-08-23T19:21:48.664806+00:00,KXBTC15M-26AUG231530-30,77304.71,6.8110801,8.1889199,77382.23,77.51999999998952,UP,0.10714285714285714,0.8928571428571429,0.8928571428571429,0.10714285714285714,UP,0.8928571428571429,0.8,0.81,0.19,0.2,0.81,0.08285714285714285,STRONG,SMALL EDGE
2026-08-23T19:22:18.345056+00:00,KXBTC15M-26AUG231530-30,77304.71,7.305750933333333,7.694249066666667,77380.15,75.43999999998778,UP,0.10714285714285714,0.8928571428571429,0.8928571428571429,0.10714285714285714,UP,0.8928571428571429,0.83,0.84,0.16,0.17,0.84,0.052857142857142936,STRONG,SMALL EDGE
2026-08-23T19:22:48.331013+00:00,KXBTC15M-26AUG231530-30,77304.71,7.8055168833333335,7.1944831166666665,77360.5,55.7899999999936,UP,0.24060150375939848,0.7593984962406015,0.7593984962406015,0.24060150375939848,UP,0.7593984962406015,0.8,0.81,0.19,0.2,0.81,-0.050601503759398536,LEAN,NO VALUE
2026-08-23T19:23:18.470507+00:00,KXBTC15M-26AUG231530-30,77304.71,8.307841783333334,6.692158216666667,77352.04,47.329999999987194,UP,0.24060150375939848,0.7593984962406015,0.7593984962406015,0.24060150375939848,UP,0.7593984962406015,0.77,0.78,0.22,0.23,0.78,-0.02060150375939851,LEAN,NO VALUE
2026-08-23T19:23:48.463816+00:00,KXBTC15M-26AUG231530-30,77304.71,8.807730266666665,6.192269733333333,77382.27,77.55999999999767,UP,0.06989247311827956,0.9301075268817205,0.9301075268817205,0.06989247311827956,UP,0.9301075268817205,0.905,0.906,0.094,0.095,0.906,0.024107526881720465,90%+ LOCK CANDIDATE,SMALL EDGE
2026-08-23T19:24:18.453520+00:00,KXBTC15M-26AUG231530-30,77304.71,9.307558666666667,5.692441333333333,77377.2,72.48999999999069,UP,0.06989247311827956,0.9301075268817205,0.9301075268817205,0.06989247311827956,UP,0.9301075268817205,0.912,0.913,0.087,0.088,0.913,0.01710752688172046,90%+ LOCK CANDIDATE,SMALL EDGE
2026-08-23T19:24:48.330774+00:00,KXBTC15M-26AUG231530-30,77304.71,9.8055129,5.1944871,77364.08,59.36999999999534,UP,0.109375,0.890625,0.890625,0.109375,UP,0.890625,0.89,0.9,0.1,0.11,0.9,-0.009375000000000022,STRONG,NO VALUE
2026-08-23T19:25:18.332968+00:00,KXBTC15M-26AUG231530-30,77304.71,10.305549466666667,4.694450533333334,77349.31,44.59999999999127,UP,0.109375,0.890625,0.890625,0.109375,UP,0.890625,0.81,0.82,0.18,0.19,0.82,0.07062500000000005,STRONG,SMALL EDGE
2026-08-23T19:25:48.457635+00:00,KXBTC15M-26AUG231530-30,77304.71,10.80762725,4.19237275,77352.71,48.0,UP,0.10714285714285714,0.8928571428571429,0.8928571428571429,0.10714285714285714,UP,0.8928571428571429,0.88,0.89,0.11,0.12,0.89,0.0028571428571428914,STRONG,SMALL EDGE
2026-08-23T19:26:18.349405+00:00,KXBTC15M-26AUG231530-30,77304.71,11.305823416666668,3.6941765833333333,77354.09,49.379999999990105,UP,0.06989247311827956,0.9301075268817205,0.9301075268817205,0.06989247311827956,UP,0.9301075268817205,0.88,0.89,0.11,0.12,0.89,0.04010752688172048,LOCK,SMALL EDGE
2026-08-23T19:26:48.475175+00:00,KXBTC15M-26AUG231530-30,77304.71,11.807919583333334,3.1920804166666668,77350.77,46.05999999999767,UP,0.06989247311827956,0.9301075268817205,0.9301075268817205,0.06989247311827956,UP,0.9301075268817205,0.88,0.89,0.11,0.12,0.89,0.04010752688172048,LOCK,SMALL EDGE
2026-08-23T19:27:18.499821+00:00,KXBTC15M-26AUG231530-30,77304.71,12.30833035,2.69166965,77352.55,47.83999999999651,UP,0.011904761904761904,0.9880952380952381,0.9880952380952381,0.011904761904761904,UP,0.9880952380952381,0.907,0.909,0.091,0.093,0.909,0.07909523809523811,LOCK,SMALL EDGE
2026-08-23T19:27:48.401063+00:00,KXBTC15M-26AUG231530-30,77304.71,12.806684383333334,2.1933156166666667,77332.08,27.369999999995343,UP,0.19811320754716982,0.8018867924528301,0.8018867924528301,0.19811320754716982,UP,0.8018867924528301,0.83,0.84,0.16,0.17,0.84,-0.03811320754716985,STRONG,NO VALUE
2026-08-23T19:28:18.367142+00:00,KXBTC15M-26AUG231530-30,77304.71,13.306119033333333,1.6938809666666665,77332.08,27.369999999995343,UP,0.109375,0.890625,0.890625,0.109375,UP,0.890625,0.924,0.925,0.075,0.076,0.925,-0.034375000000000044,STRONG,NO VALUE
2026-08-23T19:28:48.435295+00:00,KXBTC15M-26AUG231530-30,77304.71,13.807254916666666,1.1927450833333333,77329.67,24.95999999999185,UP,0.10714285714285714,0.8928571428571429,0.8928571428571429,0.10714285714285714,UP,0.8928571428571429,0.88,0.89,0.11,0.12,0.89,0.0028571428571428914,STRONG,SMALL EDGE
2026-08-23T19:29:18.305579+00:00,KXBTC15M-26AUG231530-30,77304.71,14.305092983333333,0.6949070166666667,77324.9,20.189999999987776,UP,0.06989247311827956,0.9301075268817205,0.9301075268817205,0.06989247311827956,UP,0.9301075268817205,0.978,0.98,0.02,0.022,0.98,-0.04989247311827949,LOCK,NO VALUE
2026-08-23T19:29:29.118669+00:00,KXBTC15M-26AUG231530-30,77304.71,14.48531115,0.51468885,77339.67,34.95999999999185,UP,0.011904761904761904,0.9880952380952381,0.9880952380952381,0.011904761904761904,UP,0.9880952380952381,0.978,0.98,0.02,0.022,0.98,0.008095238095238155,LOCK,SMALL EDGE
2026-08-23T19:30:12.354113+00:00,KXBTC15M-26AUG231545-45,77338.78,0.20590188333333334,14.794098116666667,77332.09,-6.690000000002328,DOWN,0.4336734693877551,0.5663265306122449,0.4336734693877551,0.5663265306122449,DOWN,0.5663265306122449,0.46,0.47,0.53,0.54,0.54,0.02632653061224488,RAW,SMALL EDGE
2026-08-23T19:30:30.952056+00:00,KXBTC15M-26AUG231545-45,77338.78,0.5158676,14.4841324,77316.53,-22.25,DOWN,0.42857142857142855,0.5714285714285714,0.42857142857142855,0.5714285714285714,DOWN,0.5714285714285714,0.46,0.47,0.53,0.54,0.54,0.03142857142857136,RAW,SMALL EDGE
2026-08-23T19:30:47.061136+00:00,KXBTC15M-26AUG231545-45,77338.78,0.7843522666666666,14.215647733333332,77316.53,-22.25,DOWN,0.42857142857142855,0.5714285714285714,0.42857142857142855,0.5714285714285714,DOWN,0.5714285714285714,0.46,0.47,0.53,0.54,0.54,0.03142857142857136,RAW,SMALL EDGE
2026-08-23T19:31:20.060252+00:00,KXBTC15M-26AUG231545-45,77338.78,1.3343375333333334,13.665662466666667,77331.42,-7.360000000000582,DOWN,0.4336734693877551,0.5663265306122449,0.4336734693877551,0.5663265306122449,DOWN,0.5663265306122449,0.46,0.47,0.53,0.54,0.54,0.02632653061224488,RAW,SMALL EDGE
2026-08-23T19:31:35.943927+00:00,KXBTC15M-26AUG231545-45,77338.78,1.59906545,13.400934549999999,77329.5,-9.279999999998836,DOWN,0.4336734693877551,0.5663265306122449,0.4336734693877551,0.5663265306122449,DOWN,0.5663265306122449,0.47,0.48,0.52,0.53,0.53,0.03632653061224489,RAW,SMALL EDGE
2026-08-23T19:32:07.909412+00:00,KXBTC15M-26AUG231545-45,77338.78,2.1318235333333333,12.868176466666666,77305.65,-33.13000000000466,DOWN,0.3652173913043478,0.6347826086956522,0.3652173913043478,0.6347826086956522,DOWN,0.6347826086956522,0.4,0.41,0.59,0.6,0.6,0.034782608695652195,RAW,SMALL EDGE
2026-08-23T19:32:25.211363+00:00,KXBTC15M-26AUG231545-45,77338.78,2.420189383333333,12.579810616666666,77301.68,-37.10000000000582,DOWN,0.3652173913043478,0.6347826086956522,0.3652173913043478,0.6347826086956522,DOWN,0.6347826086956522,0.4,0.41,0.59,0.6,0.6,0.034782608695652195,RAW,SMALL EDGE
2026-08-23T19:32:55.459820+00:00,KXBTC15M-26AUG231545-45,77338.78,2.9243303333333333,12.075669666666666,77294.41,-44.36999999999534,DOWN,0.39344262295081966,0.6065573770491803,0.39344262295081966,0.6065573770491803,DOWN,0.6065573770491803,0.36,0.37,0.63,0.64,0.64,-0.03344262295081968,RAW,NO VALUE
2026-08-23T19:33:13.528992+00:00,KXBTC15M-26AUG231545-45,77338.78,3.2254831999999998,11.774516799999999,77281.45,-57.330000000001746,DOWN,0.3652173913043478,0.6347826086956522,0.3652173913043478,0.6347826086956522,DOWN,0.6347826086956522,0.31,0.32,0.68,0.69,0.69,-0.055217391304347774,RAW,NO VALUE
2026-08-23T19:33:44.032789+00:00,KXBTC15M-26AUG231545-45,77338.78,3.7338798166666667,11.266120183333333,77240.4,-98.38000000000466,DOWN,0.27388535031847133,0.7261146496815287,0.27388535031847133,0.7261146496815287,DOWN,0.7261146496815287,0.22,0.24,0.76,0.78,0.78,-0.0538853503184713,LEAN,NO VALUE
2026-08-23T19:34:01.785868+00:00,KXBTC15M-26AUG231545-45,77338.78,4.029764466666666,10.970235533333332,77312.99,-25.789999999993597,DOWN,0.4336734693877551,0.5663265306122449,0.4336734693877551,0.5663265306122449,DOWN,0.5663265306122449,0.22,0.24,0.76,0.78,0.78,-0.2136734693877551,RAW,NO VALUE
2026-08-23T19:34:30.288038+00:00,KXBTC15M-26AUG231545-45,77338.78,4.504800633333333,10.495199366666666,77326.06,-12.720000000001164,DOWN,0.4336734693877551,0.5663265306122449,0.4336734693877551,0.5663265306122449,DOWN,0.5663265306122449,0.37,0.38,0.62,0.63,0.63,-0.06367346938775509,RAW,NO VALUE
2026-08-23T19:34:51.895597+00:00,KXBTC15M-26AUG231545-45,77338.78,4.864926616666667,10.135073383333333,77330.93,-7.850000000005821,DOWN,0.4336734693877551,0.5663265306122449,0.4336734693877551,0.5663265306122449,DOWN,0.5663265306122449,0.41,0.42,0.58,0.59,0.59,-0.023673469387755053,RAW,NO VALUE
2026-08-23T19:35:18.116974+00:00,KXBTC15M-26AUG231545-45,77338.78,5.301949566666667,9.698050433333332,77328.28,-10.5,DOWN,0.4336734693877551,0.5663265306122449,0.4336734693877551,0.5663265306122449,DOWN,0.5663265306122449,0.43,0.44,0.56,0.57,0.57,-0.003673469387755035,RAW,NO VALUE
2026-08-23T19:35:40.008019+00:00,KXBTC15M-26AUG231545-45,77338.78,5.6668003166666665,9.333199683333333,77332.07,-6.709999999991851,DOWN,0.4336734693877551,0.5663265306122449,0.4336734693877551,0.5663265306122449,DOWN,0.5663265306122449,0.43,0.44,0.56,0.57,0.57,-0.003673469387755035,RAW,NO VALUE
2026-08-23T19:36:04.947288+00:00,KXBTC15M-26AUG231545-45,77338.78,6.0824548,8.917545200000001,77333.59,-5.190000000002328,DOWN,1.0,0.0,1.0,0.0,UP,1.0,0.42,0.43,0.57,0.58,0.43,0.5700000000000001,EARLY 90%+ / NOT YET VALIDATED LOCK,IDEAL <=50c / LARGE EDGE
2026-08-23T19:36:28.255255+00:00,KXBTC15M-26AUG231545-45,77338.78,6.470920916666667,8.529079083333334,77333.6,-5.179999999993015,DOWN,0.9787209207723737,0.021279079227626285,0.9787209207723737,0.021279079227626285,UP,0.9787209207723737,0.48,0.49,0.51,0.52,0.49,0.4887209207723737,EARLY 90%+ / NOT YET VALIDATED LOCK,IDEAL <=50c / LARGE EDGE
2026-08-23T19:36:52.319636+00:00,KXBTC15M-26AUG231545-45,77338.78,6.871993933333333,8.128006066666666,77340.69,1.9100000000034925,UP,0.4336734693877551,0.5663265306122449,0.5663265306122449,0.4336734693877551,UP,0.5663265306122449,0.48,0.49,0.51,0.52,0.49,0.07632653061224492,RAW,SMALL EDGE
2026-08-23T19:37:16.297362+00:00,KXBTC15M-26AUG231545-45,77338.78,7.2716227,7.7283773,77340.69,1.9100000000034925,UP,0.42857142857142855,0.5714285714285714,0.5714285714285714,0.42857142857142855,UP,0.5714285714285714,0.49,0.5,0.5,0.51,0.5,0.0714285714285714,RAW,SMALL EDGE
2026-08-23T19:37:39.010942+00:00,KXBTC15M-26AUG231545-45,77338.78,7.650182366666667,7.349817633333333,77350.93,12.14999999999418,UP,0.39344262295081966,0.6065573770491803,0.6065573770491803,0.39344262295081966,UP,0.6065573770491803,0.52,0.53,0.47,0.48,0.53,0.07655737704918031,RAW,SMALL EDGE
2026-08-23T19:38:04.317697+00:00,KXBTC15M-26AUG231545-45,77338.78,8.071961616666666,6.928038383333333,77350.91,12.130000000004657,UP,0.39344262295081966,0.6065573770491803,0.6065573770491803,0.39344262295081966,UP,0.6065573770491803,0.57,0.58,0.42,0.43,0.58,0.026557377049180375,RAW,SMALL EDGE
2026-08-23T19:38:26.213532+00:00,KXBTC15M-26AUG231545-45,77338.78,8.436892199999999,6.5631078,77329.27,-9.509999999994761,DOWN,0.4336734693877551,0.5663265306122449,0.4336734693877551,0.5663265306122449,DOWN,0.5663265306122449,0.57,0.58,0.42,0.43,0.43,0.13632653061224492,RAW,POSITIVE EDGE
2026-08-23T19:38:52.149264+00:00,KXBTC15M-26AUG231545-45,77338.78,8.869154400000001,6.1308456,77344.77,5.990000000005239,UP,0.39344262295081966,0.6065573770491803,0.6065573770491803,0.39344262295081966,UP,0.6065573770491803,0.38,0.4,0.6,0.62,0.4,0.2065573770491803,RAW,IDEAL <=50c / LARGE EDGE
2026-08-23T19:39:12.617126+00:00,KXBTC15M-26AUG231545-45,77338.78,9.210285433333333,5.7897145666666665,77350.52,11.740000000005239,UP,0.3652173913043478,0.6347826086956522,0.6347826086956522,0.3652173913043478,UP,0.6347826086956522,0.61,0.62,0.38,0.39,0.62,0.014782608695652177,RAW,SMALL EDGE
2026-08-23T19:39:40.740912+00:00,KXBTC15M-26AUG231545-45,77338.78,9.6790152,5.320984800000001,77358.47,19.69000000000233,UP,0.19811320754716982,0.8018867924528301,0.8018867924528301,0.19811320754716982,UP,0.8018867924528301,0.64,0.65,0.35,0.36,0.65,0.1518867924528301,STRONG,POSITIVE EDGE
2026-08-23T19:40:00.264610+00:00,KXBTC15M-26AUG231545-45,77338.78,10.004410166666666,4.995589833333333,77358.78,20.0,UP,0.19811320754716982,0.8018867924528301,0.8018867924528301,0.19811320754716982,UP,0.8018867924528301,0.64,0.65,0.35,0.36,0.65,0.1518867924528301,STRONG,POSITIVE EDGE
2026-08-23T19:40:29.138562+00:00,KXBTC15M-26AUG231545-45,77338.78,10.4856427,4.5143573,77376.83,38.05000000000291,UP,0.109375,0.890625,0.890625,0.109375,UP,0.890625,0.75,0.76,0.24,0.25,0.76,0.130625,STRONG,POSITIVE EDGE
2026-08-23T19:40:48.152534+00:00,KXBTC15M-26AUG231545-45,77338.78,10.802542233333332,4.197457766666667,77383.41,44.63000000000466,UP,0.06989247311827956,0.9301075268817205,0.9301075268817205,0.06989247311827956,UP,0.9301075268817205,0.75,0.76,0.24,0.25,0.76,0.17010752688172048,LOCK,POSITIVE EDGE
2026-08-23T19:41:15.516500+00:00,KXBTC15M-26AUG231545-45,77338.78,11.258608333333333,3.7413916666666664,77377.61,38.830000000001746,UP,0.109375,0.890625,0.890625,0.109375,UP,0.890625,0.87,0.88,0.12,0.13,0.88,0.010624999999999996,STRONG,SMALL EDGE
2026-08-23T19:41:32.521094+00:00,KXBTC15M-26AUG231545-45,77338.78,11.542018233333332,3.457981766666667,77374.11,35.330000000001746,UP,0.109375,0.890625,0.890625,0.109375,UP,0.890625,0.84,0.85,0.15,0.16,0.85,0.04062500000000002,STRONG,SMALL EDGE
2026-08-23T19:41:57.869035+00:00,KXBTC15M-26AUG231545-45,77338.78,11.964483916666667,3.0355160833333334,77366.45,27.669999999998254,UP,0.24060150375939848,0.7593984962406015,0.7593984962406015,0.24060150375939848,UP,0.7593984962406015,0.84,0.85,0.15,0.16,0.85,-0.09060150375939846,LEAN,NO VALUE
2026-08-23T19:42:14.995647+00:00,KXBTC15M-26AUG231545-45,77338.78,12.24992745,2.75007255,77358.83,20.05000000000291,UP,0.27388535031847133,0.7261146496815287,0.7261146496815287,0.27388535031847133,UP,0.7261146496815287,0.83,0.84,0.16,0.17,0.84,-0.11388535031847125,LEAN,NO VALUE
2026-08-23T19:42:43.923426+00:00,KXBTC15M-26AUG231545-45,77338.78,12.732057099999999,2.2679429,77363.77,24.99000000000524,UP,0.10714285714285714,0.8928571428571429,0.8928571428571429,0.10714285714285714,UP,0.8928571428571429,0.74,0.75,0.25,0.26,0.75,0.1428571428571429,STRONG,POSITIVE EDGE
2026-08-23T19:43:03.238407+00:00,KXBTC15M-26AUG231545-45,77338.78,13.05397345,1.94602655,77354.94,16.160000000003492,UP,0.24060150375939848,0.7593984962406015,0.7593984962406015,0.24060150375939848,UP,0.7593984962406015,0.85,0.86,0.14,0.15,0.86,-0.10060150375939847,LEAN,NO VALUE
2026-08-23T19:43:31.456642+00:00,KXBTC15M-26AUG231545-45,77338.78,13.524277366666666,1.4757226333333333,77384.15,45.36999999999534,UP,0.011904761904761904,0.9880952380952381,0.9880952380952381,0.011904761904761904,UP,0.9880952380952381,0.85,0.86,0.14,0.15,0.86,0.12809523809523815,LOCK,POSITIVE EDGE
2026-08-23T19:43:51.972511+00:00,KXBTC15M-26AUG231545-45,77338.78,13.866208516666667,1.1337914833333333,77408.48,69.69999999999709,UP,0.0,1.0,1.0,0.0,UP,1.0,0.992,0.993,0.007,0.008,0.993,0.007000000000000006,LOCK,SMALL EDGE
2026-08-23T19:44:18.439439+00:00,KXBTC15M-26AUG231545-45,77338.78,14.307323983333333,0.6926760166666667,77409.44,70.66000000000349,UP,0.0,1.0,1.0,0.0,UP,1.0,0.992,0.993,0.007,0.008,0.993,0.007000000000000006,LOCK,SMALL EDGE
2026-08-23T19:44:39.906023+00:00,KXBTC15M-26AUG231545-45,77338.78,14.665100383333334,0.3348996166666666,77419.94,81.16000000000349,UP,0.0,1.0,1.0,0.0,UP,1.0,0.999,1.0,0.0,0.001,1.0,0.0,LOCK,NO VALUE
2026-08-23T19:45:35.146645+00:00,KXBTC15M-26AUG231600-00,77413.66,0.5857774166666666,14.414222583333332,77440.99,27.330000000001746,UP,0.4336734693877551,0.5663265306122449,0.5663265306122449,0.4336734693877551,UP,0.5663265306122449,0.56,0.57,0.43,0.44,0.57,-0.003673469387755035,RAW,NO VALUE
2026-08-23T19:45:51.553205+00:00,KXBTC15M-26AUG231600-00,77413.66,0.8592200833333333,14.140779916666666,77375.47,-38.19000000000233,DOWN,0.4336734693877551,0.5663265306122449,0.4336734693877551,0.5663265306122449,DOWN,0.5663265306122449,0.56,0.57,0.43,0.44,0.44,0.1263265306122449,RAW,POSITIVE EDGE
2026-08-23T19:46:10.117275+00:00,KXBTC15M-26AUG231600-00,77413.66,1.1686212500000002,13.83137875,77400.84,-12.820000000006985,DOWN,0.4336734693877551,0.5663265306122449,0.4336734693877551,0.5663265306122449,DOWN,0.5663265306122449,0.34,0.35,0.65,0.66,0.66,-0.09367346938775512,RAW,NO VALUE
2026-08-23T19:46:41.445841+00:00,KXBTC15M-26AUG231600-00,77413.66,1.6907640166666666,13.309235983333334,77385.58,-28.080000000001746,DOWN,0.4336734693877551,0.5663265306122449,0.4336734693877551,0.5663265306122449,DOWN,0.5663265306122449,0.45,0.46,0.54,0.55,0.55,0.01632653061224487,RAW,SMALL EDGE
2026-08-23T19:46:58.373310+00:00,KXBTC15M-26AUG231600-00,77413.66,1.9728885,13.0271115,77385.58,-28.080000000001746,DOWN,0.4336734693877551,0.5663265306122449,0.4336734693877551,0.5663265306122449,DOWN,0.5663265306122449,0.45,0.46,0.54,0.55,0.55,0.01632653061224487,RAW,SMALL EDGE
2026-08-23T19:47:31.153581+00:00,KXBTC15M-26AUG231600-00,77413.66,2.51922635,12.48077365,77384.03,-29.630000000004657,DOWN,0.4336734693877551,0.5663265306122449,0.4336734693877551,0.5663265306122449,DOWN,0.5663265306122449,0.36,0.37,0.63,0.64,0.64,-0.0736734693877551,RAW,NO VALUE
2026-08-23T19:47:46.610980+00:00,KXBTC15M-26AUG231600-00,77413.66,2.7768496666666667,12.223150333333333,77385.58,-28.080000000001746,DOWN,0.4336734693877551,0.5663265306122449,0.4336734693877551,0.5663265306122449,DOWN,0.5663265306122449,0.36,0.37,0.63,0.64,0.64,-0.0736734693877551,RAW,NO VALUE
2026-08-23T19:48:21.810212+00:00,KXBTC15M-26AUG231600-00,77413.66,3.3635035333333336,11.636496466666667,77395.87,-17.79000000000815,DOWN,0.4336734693877551,0.5663265306122449,0.4336734693877551,0.5663265306122449,DOWN,0.5663265306122449,0.43,0.44,0.56,0.57,0.57,-0.003673469387755035,RAW,NO VALUE
2026-08-23T19:48:35.413798+00:00,KXBTC15M-26AUG231600-00,77413.66,3.590229966666667,11.409770033333333,77392.86,-20.80000000000291,DOWN,0.4336734693877551,0.5663265306122449,0.4336734693877551,0.5663265306122449,DOWN,0.5663265306122449,0.43,0.44,0.56,0.57,0.57,-0.003673469387755035,RAW,NO VALUE
2026-08-23T19:49:09.256079+00:00,KXBTC15M-26AUG231600-00,77413.66,4.154267983333333,10.845732016666666,77400.85,-12.809999999997672,DOWN,0.4336734693877551,0.5663265306122449,0.4336734693877551,0.5663265306122449,DOWN,0.5663265306122449,0.48,0.49,0.51,0.52,0.52,0.0463265306122449,RAW,SMALL EDGE
2026-08-23T19:49:24.846483+00:00,KXBTC15M-26AUG231600-00,77413.66,4.414108049999999,10.585891949999999,77400.85,-12.809999999997672,DOWN,0.4336734693877551,0.5663265306122449,0.4336734693877551,0.5663265306122449,DOWN,0.5663265306122449,0.42,0.43,0.57,0.58,0.58,-0.013673469387755044,RAW,NO VALUE
2026-08-23T19:49:57.915776+00:00,KXBTC15M-26AUG231600-00,77413.66,4.965262933333333,10.034737066666667,77381.75,-31.910000000003492,DOWN,0.42857142857142855,0.5714285714285714,0.42857142857142855,0.5714285714285714,DOWN,0.5714285714285714,0.37,0.38,0.62,0.63,0.63,-0.05857142857142861,RAW,NO VALUE
2026-08-23T19:50:13.149990+00:00,KXBTC15M-26AUG231600-00,77413.66,5.2191665,9.7808335,77383.26,-30.40000000000873,DOWN,0.24060150375939848,0.7593984962406015,0.24060150375939848,0.7593984962406015,DOWN,0.7593984962406015,0.37,0.38,0.62,0.63,0.63,0.1293984962406015,LEAN,POSITIVE EDGE
2026-08-23T19:50:47.495030+00:00,KXBTC15M-26AUG231600-00,77413.66,5.791583833333333,9.208416166666666,77383.43,-30.230000000010477,DOWN,0.24060150375939848,0.7593984962406015,0.24060150375939848,0.7593984962406015,DOWN,0.7593984962406015,0.35,0.36,0.64,0.65,0.65,0.1093984962406015,LEAN,POSITIVE EDGE
2026-08-23T19:51:01.633761+00:00,KXBTC15M-26AUG231600-00,77413.66,6.02722935,8.97277065,77373.1,-40.55999999999767,DOWN,0.24060150375939848,0.7593984962406015,0.24060150375939848,0.7593984962406015,DOWN,0.7593984962406015,0.34,0.35,0.65,0.66,0.66,0.09939849624060149,LEAN,SMALL EDGE
2026-08-23T19:51:35.947025+00:00,KXBTC15M-26AUG231600-00,77413.66,6.599117083333334,8.400882916666667,77373.1,-40.55999999999767,DOWN,0.19811320754716982,0.8018867924528301,0.19811320754716982,0.8018867924528301,DOWN,0.8018867924528301,0.32,0.33,0.67,0.68,0.68,0.12188679245283007,STRONG,POSITIVE EDGE
2026-08-23T19:51:51.911171+00:00,KXBTC15M-26AUG231600-00,77413.66,6.865186183333334,8.134813816666666,77378.15,-35.51000000000931,DOWN,0.24060150375939848,0.7593984962406015,0.24060150375939848,0.7593984962406015,DOWN,0.7593984962406015,0.32,0.33,0.67,0.68,0.68,0.07939849624060147,LEAN,SMALL EDGE
2026-08-23T19:52:23.484909+00:00,KXBTC15M-26AUG231600-00,77413.66,7.39141515,7.60858485,77379.12,-34.54000000000815,DOWN,0.24060150375939848,0.7593984962406015,0.24060150375939848,0.7593984962406015,DOWN,0.7593984962406015,0.31,0.32,0.68,0.69,0.69,0.06939849624060157,LEAN,SMALL EDGE
2026-08-23T19:52:39.357042+00:00,KXBTC15M-26AUG231600-00,77413.66,7.6559507,7.3440493,77374.11,-39.55000000000291,DOWN,0.19811320754716982,0.8018867924528301,0.19811320754716982,0.8018867924528301,DOWN,0.8018867924528301,0.31,0.32,0.68,0.69,0.69,0.11188679245283017,STRONG,POSITIVE EDGE
2026-08-23T19:53:12.235767+00:00,KXBTC15M-26AUG231600-00,77413.66,8.20392945,6.79607055,77379.55,-34.11000000000058,DOWN,0.19811320754716982,0.8018867924528301,0.19811320754716982,0.8018867924528301,DOWN,0.8018867924528301,0.31,0.32,0.68,0.69,0.69,0.11188679245283017,STRONG,POSITIVE EDGE
2026-08-23T19:53:28.397152+00:00,KXBTC15M-26AUG231600-00,77413.66,8.473285866666666,6.526714133333333,77379.55,-34.11000000000058,DOWN,0.19811320754716982,0.8018867924528301,0.19811320754716982,0.8018867924528301,DOWN,0.8018867924528301,0.3,0.31,0.69,0.7,0.7,0.10188679245283017,STRONG,POSITIVE EDGE
2026-08-23T19:53:59.401987+00:00,KXBTC15M-26AUG231600-00,77413.66,8.990033116666666,6.009966883333333,77365.01,-48.65000000000873,DOWN,0.19811320754716982,0.8018867924528301,0.19811320754716982,0.8018867924528301,DOWN,0.8018867924528301,0.26,0.27,0.73,0.74,0.74,0.06188679245283013,STRONG,SMALL EDGE
2026-08-23T19:54:17.386989+00:00,KXBTC15M-26AUG231600-00,77413.66,9.28978315,5.710216849999999,77373.4,-40.26000000000931,DOWN,0.19811320754716982,0.8018867924528301,0.19811320754716982,0.8018867924528301,DOWN,0.8018867924528301,0.26,0.27,0.73,0.74,0.74,0.06188679245283013,STRONG,SMALL EDGE
2026-08-23T19:54:48.753763+00:00,KXBTC15M-26AUG231600-00,77413.66,9.812562716666667,5.187437283333334,77377.84,-35.820000000006985,DOWN,0.19811320754716982,0.8018867924528301,0.19811320754716982,0.8018867924528301,DOWN,0.8018867924528301,0.2,0.21,0.79,0.8,0.8,0.0018867924528300772,STRONG,SMALL EDGE
2026-08-23T19:55:04.701263+00:00,KXBTC15M-26AUG231600-00,77413.66,10.078354383333334,4.921645616666667,77374.21,-39.44999999999709,DOWN,0.109375,0.890625,0.109375,0.890625,DOWN,0.890625,0.2,0.21,0.79,0.8,0.8,0.09062499999999996,STRONG,SMALL EDGE
2026-08-23T19:55:37.783092+00:00,KXBTC15M-26AUG231600-00,77413.66,10.629718200000001,4.3702818,77371.62,-42.04000000000815,DOWN,0.06989247311827956,0.9301075268817205,0.06989247311827956,0.9301075268817205,DOWN,0.9301075268817205,0.17,0.18,0.82,0.83,0.83,0.10010752688172053,LOCK,POSITIVE EDGE
2026-08-23T19:55:53.282414+00:00,KXBTC15M-26AUG231600-00,77413.66,10.888040233333333,4.111959766666667,77358.83,-54.830000000001746,DOWN,0.109375,0.890625,0.109375,0.890625,DOWN,0.890625,0.17,0.18,0.82,0.83,0.83,0.06062500000000004,STRONG,SMALL EDGE
2026-08-23T19:56:26.417591+00:00,KXBTC15M-26AUG231600-00,77413.66,11.440293183333333,3.559706816666667,77341.52,-72.13999999999942,DOWN,0.06989247311827956,0.9301075268817205,0.06989247311827956,0.9301075268817205,DOWN,0.9301075268817205,0.087,0.093,0.907,0.913,0.913,0.01710752688172046,LOCK,SMALL EDGE
2026-08-23T19:56:42.240249+00:00,KXBTC15M-26AUG231600-00,77413.66,11.70400415,3.2959958499999997,77337.48,-76.18000000000757,DOWN,0.06989247311827956,0.9301075268817205,0.06989247311827956,0.9301075268817205,DOWN,0.9301075268817205,0.042,0.044,0.956,0.958,0.958,-0.02789247311827947,LOCK,NO VALUE
2026-08-23T19:57:13.945937+00:00,KXBTC15M-26AUG231600-00,77413.66,12.232432283333333,2.767567716666667,77328.27,-85.38999999999942,DOWN,0.011904761904761904,0.9880952380952381,0.011904761904761904,0.9880952380952381,DOWN,0.9880952380952381,0.019,0.021,0.979,0.981,0.981,0.007095238095238154,LOCK,SMALL EDGE
2026-08-23T19:57:31.032462+00:00,KXBTC15M-26AUG231600-00,77413.66,12.5172077,2.4827923,77322.85,-90.80999999999767,DOWN,0.0,1.0,0.0,1.0,DOWN,1.0,0.019,0.021,0.979,0.981,0.981,0.019000000000000017,LOCK,SMALL EDGE
2026-08-23T19:58:01.276726+00:00,KXBTC15M-26AUG231600-00,77413.66,13.021278766666667,1.9787212333333335,77314.03,-99.63000000000466,DOWN,0.0,1.0,0.0,1.0,DOWN,1.0,0.009,0.01,0.99,0.991,0.991,0.009000000000000008,LOCK,SMALL EDGE
2026-08-23T19:58:19.447963+00:00,KXBTC15M-26AUG231600-00,77413.66,13.324132716666666,1.6758672833333332,77355.75,-57.91000000000349,DOWN,0.011904761904761904,0.9880952380952381,0.011904761904761904,0.9880952380952381,DOWN,0.9880952380952381,0.01,0.011,0.989,0.99,0.99,-0.0019047619047618536,LOCK,NO VALUE
2026-08-23T19:58:49.428255+00:00,KXBTC15M-26AUG231600-00,77413.66,13.82380425,1.1761957500000002,77339.73,-73.93000000000757,DOWN,0.0,1.0,0.0,1.0,DOWN,1.0,0.009,0.01,0.99,0.991,0.991,0.009000000000000008,LOCK,SMALL EDGE
2026-08-23T19:59:06.908988+00:00,KXBTC15M-26AUG231600-00,77413.66,14.115149800000001,0.8848502,77336.22,-77.44000000000233,DOWN,0.0,1.0,0.0,1.0,DOWN,1.0,0.009,0.01,0.99,0.991,0.991,0.009000000000000008,LOCK,SMALL EDGE
2026-08-23T19:59:37.243856+00:00,KXBTC15M-26AUG231600-00,77413.66,14.620730933333334,0.37926906666666665,77328.27,-85.38999999999942,DOWN,0.0,1.0,0.0,1.0,DOWN,1.0,0.0,0.001,0.999,1.0,1.0,0.0,LOCK,NO VALUE
2026-08-23T19:59:55.159030+00:00,KXBTC15M-26AUG231600-00,77413.66,14.919317166666668,0.08068283333333334,77328.27,-85.38999999999942,DOWN,0.0,1.0,0.0,1.0,DOWN,1.0,0.0,0.001,0.999,1.0,1.0,0.0,LOCK,NO VALUE
2026-08-23T20:00:27.210851+00:00,KXBTC15M-26AUG231615-15,77338.44,0.4535141833333334,14.546485816666666,77314.77,-23.669999999998254,DOWN,0.4336734693877551,0.5663265306122449,0.4336734693877551,0.5663265306122449,DOWN,0.5663265306122449,0.43,0.44,0.56,0.57,0.57,-0.003673469387755035,RAW,NO VALUE
2026-08-23T20:00:44.807481+00:00,KXBTC15M-26AUG231615-15,77338.44,0.7467913500000001,14.25320865,77300.53,-37.91000000000349,DOWN,0.42857142857142855,0.5714285714285714,0.42857142857142855,0.5714285714285714,DOWN,0.5714285714285714,0.43,0.44,0.56,0.57,0.57,0.0014285714285714457,RAW,SMALL EDGE
2026-08-23T20:01:15.533433+00:00,KXBTC15M-26AUG231615-15,77338.44,1.25889055,13.741109450000002,77313.3,-25.139999999999418,DOWN,0.42857142857142855,0.5714285714285714,0.42857142857142855,0.5714285714285714,DOWN,0.5714285714285714,0.48,0.49,0.51,0.52,0.52,0.05142857142857138,RAW,SMALL EDGE
2026-08-23T20:01:34.287529+00:00,KXBTC15M-26AUG231615-15,77338.44,1.5714588166666668,13.428541183333333,77278.61,-59.830000000001746,DOWN,0.39344262295081966,0.6065573770491803,0.39344262295081966,0.6065573770491803,DOWN,0.6065573770491803,0.32,0.33,0.67,0.68,0.68,-0.07344262295081971,RAW,NO VALUE
2026-08-23T20:02:03.467267+00:00,KXBTC15M-26AUG231615-15,77338.44,2.0577877833333336,12.942212216666666,77287.78,-50.66000000000349,DOWN,0.4336734693877551,0.5663265306122449,0.4336734693877551,0.5663265306122449,DOWN,0.5663265306122449,0.32,0.33,0.67,0.68,0.68,-0.11367346938775513,RAW,NO VALUE
2026-08-23T20:02:22.903150+00:00,KXBTC15M-26AUG231615-15,77338.44,2.381719166666667,12.618280833333333,77288.21,-50.229999999995925,DOWN,0.4336734693877551,0.5663265306122449,0.4336734693877551,0.5663265306122449,DOWN,0.5663265306122449,0.35,0.36,0.64,0.65,0.65,-0.0836734693877551,RAW,NO VALUE
2026-08-23T20:02:52.898603+00:00,KXBTC15M-26AUG231615-15,77338.44,2.8816433833333335,12.118356616666667,77240.41,-98.02999999999884,DOWN,0.3652173913043478,0.6347826086956522,0.3652173913043478,0.6347826086956522,DOWN,0.6347826086956522,0.34,0.35,0.65,0.66,0.66,-0.025217391304347858,RAW,NO VALUE
2026-08-23T20:03:09.747010+00:00,KXBTC15M-26AUG231615-15,77338.44,3.1624501666666665,11.837549833333332,77198.38,-140.05999999999767,DOWN,0.19811320754716982,0.8018867924528301,0.19811320754716982,0.8018867924528301,DOWN,0.8018867924528301,0.34,0.35,0.65,0.66,0.66,0.1418867924528301,STRONG,POSITIVE EDGE
2026-08-23T20:03:43.135301+00:00,KXBTC15M-26AUG231615-15,77338.44,3.7189216833333334,11.281078316666667,77254.5,-83.94000000000233,DOWN,0.42857142857142855,0.5714285714285714,0.42857142857142855,0.5714285714285714,DOWN,0.5714285714285714,0.23,0.24,0.76,0.77,0.77,-0.19857142857142862,RAW,NO VALUE
2026-08-23T20:03:59.644732+00:00,KXBTC15M-26AUG231615-15,77338.44,3.994078866666667,11.005921133333334,77242.59,-95.85000000000582,DOWN,0.39344262295081966,0.6065573770491803,0.39344262295081966,0.6065573770491803,DOWN,0.6065573770491803,0.3,0.31,0.69,0.7,0.7,-0.09344262295081962,RAW,NO VALUE
2026-08-23T20:04:29.779461+00:00,KXBTC15M-26AUG231615-15,77338.44,4.49632435,10.50367565,77185.35,-153.0899999999965,DOWN,0.109375,0.890625,0.109375,0.890625,DOWN,0.890625,0.25,0.26,0.74,0.75,0.75,0.140625,STRONG,POSITIVE EDGE
2026-08-23T20:04:48.451773+00:00,KXBTC15M-26AUG231615-15,77338.44,4.80752955,10.19247045,77188.97,-149.47000000000116,DOWN,0.109375,0.890625,0.109375,0.890625,DOWN,0.890625,0.18,0.19,0.81,0.82,0.82,0.07062500000000005,STRONG,SMALL EDGE
2026-08-23T20:05:17.450796+00:00,KXBTC15M-26AUG231615-15,77338.44,5.2908466,9.7091534,77217.46,-120.97999999999593,DOWN,0.19811320754716982,0.8018867924528301,0.19811320754716982,0.8018867924528301,DOWN,0.8018867924528301,0.22,0.23,0.77,0.78,0.78,0.021886792452830095,STRONG,SMALL EDGE
2026-08-23T20:05:35.741930+00:00,KXBTC15M-26AUG231615-15,77338.44,5.5956988333333335,9.404301166666666,77231.83,-106.61000000000058,DOWN,0.24060150375939848,0.7593984962406015,0.24060150375939848,0.7593984962406015,DOWN,0.7593984962406015,0.22,0.23,0.77,0.78,0.78,-0.02060150375939851,LEAN,NO VALUE
2026-08-23T20:06:07.266954+00:00,KXBTC15M-26AUG231615-15,77338.44,6.1211159,8.878884099999999,77236.58,-101.86000000000058,DOWN,0.24060150375939848,0.7593984962406015,0.24060150375939848,0.7593984962406015,DOWN,0.7593984962406015,0.23,0.24,0.76,0.77,0.77,-0.0106015037593985,LEAN,NO VALUE
2026-08-23T20:06:25.151486+00:00,KXBTC15M-26AUG231615-15,77338.44,6.419191433333333,8.580808566666667,77203.77,-134.66999999999825,DOWN,0.10714285714285714,0.8928571428571429,0.10714285714285714,0.8928571428571429,DOWN,0.8928571428571429,0.16,0.17,0.83,0.84,0.84,0.052857142857142936,STRONG,SMALL EDGE
2026-08-23T20:06:55.425855+00:00,KXBTC15M-26AUG231615-15,77338.44,6.9237642500000005,8.07623575,77214.68,-123.76000000000931,DOWN,0.109375,0.890625,0.109375,0.890625,DOWN,0.890625,0.15,0.16,0.84,0.85,0.85,0.04062500000000002,STRONG,SMALL EDGE
2026-08-23T20:07:13.820984+00:00,KXBTC15M-26AUG231615-15,77338.44,7.230349733333333,7.769650266666667,77218.18,-120.26000000000931,DOWN,0.06989247311827956,0.9301075268817205,0.06989247311827956,0.9301075268817205,DOWN,0.9301075268817205,0.15,0.16,0.84,0.85,0.85,0.08010752688172051,EARLY 90%+ / NOT YET VALIDATED LOCK,SMALL EDGE
2026-08-23T20:07:43.108891+00:00,KXBTC15M-26AUG231615-15,77338.44,7.718481516666667,7.281518483333333,77237.55,-100.88999999999942,DOWN,0.109375,0.890625,0.109375,0.890625,DOWN,0.890625,0.15,0.16,0.84,0.85,0.85,0.04062500000000002,STRONG,SMALL EDGE
2026-08-23T20:08:01.670618+00:00,KXBTC15M-26AUG231615-15,77338.44,8.027843633333333,6.972156366666667,77235.92,-102.52000000000407,DOWN,0.10714285714285714,0.8928571428571429,0.10714285714285714,0.8928571428571429,DOWN,0.8928571428571429,0.15,0.16,0.84,0.85,0.85,0.04285714285714293,STRONG,SMALL EDGE
2026-08-23T20:08:31.267827+00:00,KXBTC15M-26AUG231615-15,77338.44,8.52113045,6.47886955,77249.56,-88.88000000000466,DOWN,0.109375,0.890625,0.109375,0.890625,DOWN,0.890625,0.15,0.16,0.84,0.85,0.85,0.04062500000000002,STRONG,SMALL EDGE
2026-08-23T20:08:50.023930+00:00,KXBTC15M-26AUG231615-15,77338.44,8.833732166666666,6.166267833333333,77251.26,-87.18000000000757,DOWN,0.109375,0.890625,0.109375,0.890625,DOWN,0.890625,0.15,0.16,0.84,0.85,0.85,0.04062500000000002,STRONG,SMALL EDGE
2026-08-23T20:09:19.130063+00:00,KXBTC15M-26AUG231615-15,77338.44,9.318834383333332,5.681165616666666,77253.32,-85.11999999999534,DOWN,0.10714285714285714,0.8928571428571429,0.10714285714285714,0.8928571428571429,DOWN,0.8928571428571429,0.15,0.16,0.84,0.85,0.85,0.04285714285714293,STRONG,SMALL EDGE
2026-08-23T20:09:37.961867+00:00,KXBTC15M-26AUG231615-15,77338.44,9.632697783333333,5.367302216666667,77255.16,-83.27999999999884,DOWN,0.10714285714285714,0.8928571428571429,0.10714285714285714,0.8928571428571429,DOWN,0.8928571428571429,0.15,0.16,0.84,0.85,0.85,0.04285714285714293,STRONG,SMALL EDGE
2026-08-23T20:10:07.067694+00:00,KXBTC15M-26AUG231615-15,77338.44,10.1177949,4.882205099999999,77255.15,-83.29000000000815,DOWN,0.05128205128205128,0.9487179487179487,0.05128205128205128,0.9487179487179487,DOWN,0.9487179487179487,0.14,0.15,0.85,0.86,0.86,0.08871794871794869,LOCK,SMALL EDGE
2026-08-23T20:10:27.389318+00:00,KXBTC15M-26AUG231615-15,77338.44,10.456488633333333,4.543511366666666,77265.48,-72.9600000000064,DOWN,0.109375,0.890625,0.109375,0.890625,DOWN,0.890625,0.11,0.12,0.88,0.89,0.89,0.0006249999999999867,STRONG,SMALL EDGE
2026-08-23T20:10:54.767011+00:00,KXBTC15M-26AUG231615-15,77338.44,10.912783516666668,4.087216483333333,77263.8,-74.63999999999942,DOWN,0.06989247311827956,0.9301075268817205,0.06989247311827956,0.9301075268817205,DOWN,0.9301075268817205,0.12,0.13,0.87,0.88,0.88,0.05010752688172049,LOCK,SMALL EDGE
2026-08-23T20:11:16.722874+00:00,KXBTC15M-26AUG231615-15,77338.44,11.278714566666668,3.7212854333333336,77263.8,-74.63999999999942,DOWN,0.034482758620689655,0.9655172413793104,0.034482758620689655,0.9655172413793104,DOWN,0.9655172413793104,0.12,0.13,0.87,0.88,0.88,0.08551724137931038,LOCK,SMALL EDGE
2026-08-23T20:11:42.509156+00:00,KXBTC15M-26AUG231615-15,77338.44,11.708485933333332,3.2915140666666667,77268.18,-70.26000000000931,DOWN,0.034482758620689655,0.9655172413793104,0.034482758620689655,0.9655172413793104,DOWN,0.9655172413793104,0.091,0.093,0.907,0.909,0.909,0.05651724137931036,LOCK,SMALL EDGE
2026-08-23T20:12:05.090162+00:00,KXBTC15M-26AUG231615-15,77338.44,12.084836033333334,2.915163966666667,77276.93,-61.51000000000931,DOWN,0.034482758620689655,0.9655172413793104,0.034482758620689655,0.9655172413793104,DOWN,0.9655172413793104,0.067,0.069,0.931,0.933,0.933,0.032517241379310335,LOCK,SMALL EDGE
2026-08-23T20:12:30.626249+00:00,KXBTC15M-26AUG231615-15,77338.44,12.510437483333334,2.4895625166666666,77274.79,-63.65000000000873,DOWN,0.0,1.0,0.0,1.0,DOWN,1.0,0.072,0.076,0.924,0.928,0.928,0.07199999999999995,LOCK,SMALL EDGE
2026-08-23T20:12:53.407115+00:00,KXBTC15M-26AUG231615-15,77338.44,12.890118583333333,2.1098814166666666,77271.69,-66.75,DOWN,0.0,1.0,0.0,1.0,DOWN,1.0,0.04,0.041,0.959,0.96,0.96,0.040000000000000036,LOCK,SMALL EDGE
2026-08-23T20:13:18.988935+00:00,KXBTC15M-26AUG231615-15,77338.44,13.31648225,1.68351775,77259.51,-78.93000000000757,DOWN,0.011904761904761904,0.9880952380952381,0.011904761904761904,0.9880952380952381,DOWN,0.9880952380952381,0.04,0.041,0.959,0.96,0.96,0.028095238095238173,LOCK,SMALL EDGE
2026-08-23T20:13:41.340688+00:00,KXBTC15M-26AUG231615-15,77338.44,13.689011466666667,1.3109885333333333,77252.52,-85.91999999999825,DOWN,0.011904761904761904,0.9880952380952381,0.011904761904761904,0.9880952380952381,DOWN,0.9880952380952381,0.009,0.01,0.99,0.991,0.991,-0.0029047619047618545,LOCK,NO VALUE
2026-08-23T20:14:07.180516+00:00,KXBTC15M-26AUG231615-15,77338.44,14.119675266666667,0.8803247333333334,77260.83,-77.61000000000058,DOWN,0.0,1.0,0.0,1.0,DOWN,1.0,0.001,0.002,0.998,0.999,0.999,0.0010000000000000009,LOCK,SMALL EDGE
2026-08-23T20:14:29.212296+00:00,KXBTC15M-26AUG231615-15,77338.44,14.4868716,0.5131284,77266.17,-72.27000000000407,DOWN,0.0,1.0,0.0,1.0,DOWN,1.0,0.0,0.001,0.999,1.0,1.0,0.0,LOCK,NO VALUE
2026-08-23T20:14:55.594222+00:00,KXBTC15M-26AUG231615-15,77338.44,14.926570366666665,0.07342963333333333,77266.18,-72.26000000000931,DOWN,0.0,1.0,0.0,1.0,DOWN,1.0,0.0,0.001,0.999,1.0,1.0,0.0,LOCK,NO VALUE
2026-08-23T20:15:46.857100+00:00,KXBTC15M-26AUG231630-30,77267.85,0.7809516666666667,14.219048333333335,77259.27,-8.580000000001746,DOWN,0.4336734693877551,0.5663265306122449,0.4336734693877551,0.5663265306122449,DOWN,0.5663265306122449,0.49,0.5,0.5,0.51,0.51,0.05632653061224491,RAW,SMALL EDGE
2026-08-23T20:16:04.846931+00:00,KXBTC15M-26AUG231630-30,77267.85,1.0807821833333333,13.919217816666666,77264.91,-2.9400000000023283,DOWN,0.4336734693877551,0.5663265306122449,0.4336734693877551,0.5663265306122449,DOWN,0.5663265306122449,0.49,0.5,0.5,0.51,0.51,0.05632653061224491,RAW,SMALL EDGE
2026-08-23T20:16:22.051883+00:00,KXBTC15M-26AUG231630-30,77267.85,1.3675313833333334,13.632468616666667,77270.95,3.099999999991269,UP,0.42857142857142855,0.5714285714285714,0.5714285714285714,0.42857142857142855,UP,0.5714285714285714,0.54,0.55,0.45,0.46,0.55,0.021428571428571352,RAW,SMALL EDGE
2026-08-23T20:16:53.075114+00:00,KXBTC15M-26AUG231630-30,77267.85,1.8845852333333333,13.115414766666667,77285.33,17.479999999995925,UP,0.39344262295081966,0.6065573770491803,0.6065573770491803,0.39344262295081966,UP,0.6065573770491803,0.58,0.59,0.41,0.42,0.59,0.016557377049180366,RAW,SMALL EDGE
2026-08-23T20:17:09.861597+00:00,KXBTC15M-26AUG231630-30,77267.85,2.1643599499999997,12.83564005,77295.24,27.389999999999418,UP,0.24060150375939848,0.7593984962406015,0.7593984962406015,0.24060150375939848,UP,0.7593984962406015,0.58,0.59,0.41,0.42,0.59,0.16939849624060155,LEAN,POSITIVE EDGE
2026-08-23T20:17:41.853831+00:00,KXBTC15M-26AUG231630-30,77267.85,2.6975638500000003,12.30243615,77291.94,24.089999999996508,UP,0.27388535031847133,0.7261146496815287,0.7261146496815287,0.27388535031847133,UP,0.7261146496815287,0.62,0.63,0.37,0.38,0.63,0.09611464968152872,LEAN,SMALL EDGE
2026-08-23T20:17:58.827541+00:00,KXBTC15M-26AUG231630-30,77267.85,2.9804590166666665,12.019540983333334,77286.41,18.55999999999767,UP,0.39344262295081966,0.6065573770491803,0.6065573770491803,0.39344262295081966,UP,0.6065573770491803,0.66,0.67,0.33,0.34,0.67,-0.0634426229508197,RAW,NO VALUE
2026-08-23T20:18:31.885053+00:00,KXBTC15M-26AUG231630-30,77267.85,3.53141755,11.468582450000001,77290.06,22.20999999999185,UP,0.3652173913043478,0.6347826086956522,0.6347826086956522,0.3652173913043478,UP,0.6347826086956522,0.51,0.52,0.48,0.49,0.52,0.11478260869565216,RAW,POSITIVE EDGE
2026-08-23T20:18:47.968723+00:00,KXBTC15M-26AUG231630-30,77267.85,3.799478716666667,11.200521283333334,77299.12,31.269999999989523,UP,0.109375,0.890625,0.890625,0.109375,UP,0.890625,0.51,0.52,0.48,0.49,0.52,0.370625,STRONG,LARGE EDGE / PRICE ABOVE 50c
2026-08-23T20:19:20.720842+00:00,KXBTC15M-26AUG231630-30,77267.85,4.345347366666667,10.654652633333335,77290.51,22.65999999998894,UP,0.3652173913043478,0.6347826086956522,0.6347826086956522,0.3652173913043478,UP,0.6347826086956522,0.68,0.69,0.31,0.32,0.69,-0.055217391304347774,RAW,NO VALUE
2026-08-23T20:19:35.852084+00:00,KXBTC15M-26AUG231630-30,77267.85,4.597534733333333,10.402465266666667,77293.88,26.029999999998836,UP,0.27388535031847133,0.7261146496815287,0.7261146496815287,0.27388535031847133,UP,0.7261146496815287,0.66,0.67,0.33,0.34,0.67,0.05611464968152868,LEAN,SMALL EDGE
2026-08-23T20:20:09.796107+00:00,KXBTC15M-26AUG231630-30,77267.85,5.16326845,9.83673155,77297.5,29.64999999999418,UP,0.109375,0.890625,0.890625,0.109375,UP,0.890625,0.69,0.7,0.3,0.31,0.7,0.19062500000000004,STRONG,POSITIVE EDGE
2026-08-23T20:20:24.668822+00:00,KXBTC15M-26AUG231630-30,77267.85,5.411147033333333,9.588852966666668,77305.34,37.48999999999069,UP,0.19811320754716982,0.8018867924528301,0.8018867924528301,0.19811320754716982,UP,0.8018867924528301,0.69,0.7,0.3,0.31,0.7,0.10188679245283017,STRONG,POSITIVE EDGE
2026-08-23T20:20:58.807886+00:00,KXBTC15M-26AUG231630-30,77267.85,5.980131433333333,9.019868566666666,77339.0,71.14999999999418,UP,0.109375,0.890625,0.890625,0.109375,UP,0.890625,0.75,0.76,0.24,0.25,0.76,0.130625,STRONG,POSITIVE EDGE
2026-08-23T20:21:13.254872+00:00,KXBTC15M-26AUG231630-30,77267.85,6.220914533333333,8.779085466666666,77343.86,76.00999999999476,UP,0.06989247311827956,0.9301075268817205,0.9301075268817205,0.06989247311827956,UP,0.9301075268817205,0.89,0.9,0.1,0.11,0.9,0.03010752688172047,EARLY 90%+ / NOT YET VALIDATED LOCK,SMALL EDGE
2026-08-23T20:21:48.358293+00:00,KXBTC15M-26AUG231630-30,77267.85,6.80597155,8.19402845,77346.17,78.31999999999243,UP,0.06989247311827956,0.9301075268817205,0.9301075268817205,0.06989247311827956,UP,0.9301075268817205,0.83,0.84,0.16,0.17,0.84,0.09010752688172052,EARLY 90%+ / NOT YET VALIDATED LOCK,SMALL EDGE
2026-08-23T20:22:01.712203+00:00,KXBTC15M-26AUG231630-30,77267.85,7.028536716666666,7.971463283333334,77345.18,77.3299999999872,UP,0.06989247311827956,0.9301075268817205,0.9301075268817205,0.06989247311827956,UP,0.9301075268817205,0.83,0.84,0.16,0.17,0.84,0.09010752688172052,EARLY 90%+ / NOT YET VALIDATED LOCK,SMALL EDGE
2026-08-23T20:22:38.076625+00:00,KXBTC15M-26AUG231630-30,77267.85,7.634610416666666,7.365389583333334,77347.37,79.51999999998952,UP,0.06989247311827956,0.9301075268817205,0.9301075268817205,0.06989247311827956,UP,0.9301075268817205,0.914,0.915,0.085,0.086,0.915,0.015107526881720457,EARLY 90%+ / NOT YET VALIDATED LOCK,SMALL EDGE
2026-08-23T20:22:49.904645+00:00,KXBTC15M-26AUG231630-30,77267.85,7.831744083333334,7.168255916666666,77350.55,82.69999999999709,UP,0.06989247311827956,0.9301075268817205,0.9301075268817205,0.06989247311827956,UP,0.9301075268817205,0.943,0.944,0.056,0.057,0.944,-0.013892473118279458,EARLY 90%+ / NOT YET VALIDATED LOCK,NO VALUE
2026-08-23T20:23:26.199863+00:00,KXBTC15M-26AUG231630-30,77267.85,8.436664383333333,6.5633356166666665,77340.92,73.06999999999243,UP,0.05128205128205128,0.9487179487179487,0.9487179487179487,0.05128205128205128,UP,0.9487179487179487,0.911,0.912,0.088,0.089,0.912,0.036717948717948645,90%+ LOCK CANDIDATE,SMALL EDGE
2026-08-23T20:23:38.785936+00:00,KXBTC15M-26AUG231630-30,77267.85,8.646432266666666,6.353567733333334,77348.58,80.72999999999593,UP,0.011904761904761904,0.9880952380952381,0.9880952380952381,0.011904761904761904,UP,0.9880952380952381,0.911,0.912,0.088,0.089,0.912,0.0760952380952381,90%+ LOCK CANDIDATE,SMALL EDGE
2026-08-23T20:24:15.623001+00:00,KXBTC15M-26AUG231630-30,77267.85,9.260383350000001,5.73961665,77347.37,79.51999999998952,UP,0.011904761904761904,0.9880952380952381,0.9880952380952381,0.011904761904761904,UP,0.9880952380952381,0.948,0.949,0.051,0.052,0.949,0.03909523809523818,90%+ LOCK CANDIDATE,SMALL EDGE
2026-08-23T20:24:28.253069+00:00,KXBTC15M-26AUG231630-30,77267.85,9.470884483333332,5.529115516666667,77358.82,90.97000000000116,UP,0.011904761904761904,0.9880952380952381,0.9880952380952381,0.011904761904761904,UP,0.9880952380952381,0.968,0.969,0.031,0.032,0.969,0.019095238095238165,90%+ LOCK CANDIDATE,SMALL EDGE
2026-08-23T20:25:04.546762+00:00,KXBTC15M-26AUG231630-30,77267.85,10.075779366666666,4.924220633333333,77359.63,91.77999999999884,UP,0.0,1.0,1.0,0.0,UP,1.0,0.971,0.972,0.028,0.029,0.972,0.028000000000000025,LOCK,SMALL EDGE
2026-08-23T20:25:18.052298+00:00,KXBTC15M-26AUG231630-30,77267.85,10.300871633333333,4.699128366666667,77359.63,91.77999999999884,UP,0.0,1.0,1.0,0.0,UP,1.0,0.971,0.972,0.028,0.029,0.972,0.028000000000000025,LOCK,SMALL EDGE
2026-08-23T20:25:53.487966+00:00,KXBTC15M-26AUG231630-30,77267.85,10.8914661,4.1085339,77376.43,108.5799999999872,UP,0.0,1.0,1.0,0.0,UP,1.0,0.983,0.984,0.016,0.017,0.984,0.016000000000000014,LOCK,SMALL EDGE
2026-08-23T20:26:07.100379+00:00,KXBTC15M-26AUG231630-30,77267.85,11.11833965,3.8816603499999998,77383.0,115.14999999999418,UP,0.0,1.0,1.0,0.0,UP,1.0,0.988,0.989,0.011,0.012,0.989,0.01100000000000001,LOCK,SMALL EDGE
2026-08-23T20:26:41.248161+00:00,KXBTC15M-26AUG231630-30,77267.85,11.687469349999999,3.31253065,77380.38,112.52999999999884,UP,0.0,1.0,1.0,0.0,UP,1.0,0.988,0.989,0.011,0.012,0.989,0.01100000000000001,LOCK,SMALL EDGE
2026-08-23T20:26:56.396512+00:00,KXBTC15M-26AUG231630-30,77267.85,11.939941866666667,3.0600581333333334,77380.38,112.52999999999884,UP,0.0,1.0,1.0,0.0,UP,1.0,0.992,0.994,0.006,0.008,0.994,0.006000000000000005,LOCK,SMALL EDGE
2026-08-23T20:27:29.782917+00:00,KXBTC15M-26AUG231630-30,77267.85,12.49638195,2.50361805,77392.63,124.77999999999884,UP,0.0,1.0,1.0,0.0,UP,1.0,0.992,0.993,0.007,0.008,0.993,0.007000000000000006,LOCK,SMALL EDGE
2026-08-23T20:27:45.126409+00:00,KXBTC15M-26AUG231630-30,77267.85,12.752106816666666,2.2478931833333333,77381.74,113.88999999999942,UP,0.0,1.0,1.0,0.0,UP,1.0,0.992,0.993,0.007,0.008,0.993,0.007000000000000006,LOCK,SMALL EDGE
2026-08-23T20:28:19.169534+00:00,KXBTC15M-26AUG231630-30,77267.85,13.319492233333333,1.6805077666666668,77392.63,124.77999999999884,UP,0.0,1.0,1.0,0.0,UP,1.0,0.998,0.999,0.001,0.002,0.999,0.0010000000000000009,LOCK,SMALL EDGE
2026-08-23T20:28:33.348101+00:00,KXBTC15M-26AUG231630-30,77267.85,13.555801683333334,1.4441983166666668,77392.63,124.77999999999884,UP,0.0,1.0,1.0,0.0,UP,1.0,0.998,0.999,0.001,0.002,0.999,0.0010000000000000009,LOCK,SMALL EDGE
2026-08-23T20:29:07.736401+00:00,KXBTC15M-26AUG231630-30,77267.85,14.128940016666666,0.8710599833333333,77400.16,132.30999999999767,UP,0.0,1.0,1.0,0.0,UP,1.0,0.999,1.0,0.0,0.001,1.0,0.0,LOCK,NO VALUE
2026-08-23T20:29:21.515478+00:00,KXBTC15M-26AUG231630-30,77267.85,14.3585913,0.6414086999999999,77389.39,121.5399999999936,UP,0.0,1.0,1.0,0.0,UP,1.0,0.999,1.0,0.0,0.001,1.0,0.0,LOCK,NO VALUE
2026-08-23T20:29:57.541413+00:00,KXBTC15M-26AUG231630-30,77267.85,14.959023550000001,0.040976450000000005,77374.11,106.25999999999476,UP,0.0,1.0,1.0,0.0,UP,1.0,0.999,1.0,0.0,0.001,1.0,0.0,LOCK,NO VALUE
2026-08-23T20:30:31.041296+00:00,KXBTC15M-26AUG231645-45,77387.12,0.5173549333333333,14.482645066666667,77360.75,-26.369999999995343,DOWN,0.39344262295081966,0.6065573770491803,0.39344262295081966,0.6065573770491803,DOWN,0.6065573770491803,0.44,0.45,0.55,0.56,0.56,0.04655737704918028,RAW,SMALL EDGE
2026-08-23T20:30:40.905845+00:00,KXBTC15M-26AUG231645-45,77387.12,0.6817640833333333,14.318235916666668,77377.17,-9.94999999999709,DOWN,0.4336734693877551,0.5663265306122449,0.4336734693877551,0.5663265306122449,DOWN,0.5663265306122449,0.44,0.45,0.55,0.56,0.56,0.006326530612244863,RAW,SMALL EDGE
2026-08-23T20:31:13.143095+00:00,KXBTC15M-26AUG231645-45,77387.12,1.2190515833333333,13.780948416666666,77388.21,1.0900000000110595,UP,0.42857142857142855,0.5714285714285714,0.5714285714285714,0.42857142857142855,UP,0.5714285714285714,0.45,0.46,0.54,0.55,0.46,0.11142857142857138,RAW,POSITIVE EDGE
2026-08-23T20:31:30.904869+00:00,KXBTC15M-26AUG231645-45,77387.12,1.51508115,13.484918850000001,77387.37,0.25,UP,0.4336734693877551,0.5663265306122449,0.5663265306122449,0.4336734693877551,UP,0.5663265306122449,0.48,0.49,0.51,0.52,0.49,0.07632653061224492,RAW,SMALL EDGE
2026-08-23T20:32:01.447589+00:00,KXBTC15M-26AUG231645-45,77387.12,2.0241264833333332,12.975873516666667,77400.84,13.720000000001164,UP,0.4336734693877551,0.5663265306122449,0.5663265306122449,0.4336734693877551,UP,0.5663265306122449,0.5,0.51,0.49,0.5,0.51,0.05632653061224491,RAW,SMALL EDGE
2026-08-23T20:32:19.444430+00:00,KXBTC15M-26AUG231645-45,77387.12,2.3240738333333337,12.675926166666667,77404.31,17.19000000000233,UP,0.4336734693877551,0.5663265306122449,0.5663265306122449,0.4336734693877551,UP,0.5663265306122449,0.5,0.51,0.49,0.5,0.51,0.05632653061224491,RAW,SMALL EDGE
2026-08-23T20:32:48.852056+00:00,KXBTC15M-26AUG231645-45,77387.12,2.8142009333333333,12.185799066666668,77407.15,20.029999999998836,UP,0.42857142857142855,0.5714285714285714,0.5714285714285714,0.42857142857142855,UP,0.5714285714285714,0.57,0.58,0.42,0.43,0.58,-0.008571428571428563,RAW,NO VALUE
2026-08-23T20:33:08.170059+00:00,KXBTC15M-26AUG231645-45,77387.12,3.13616765,11.86383235,77407.15,20.029999999998836,UP,0.39344262295081966,0.6065573770491803,0.6065573770491803,0.39344262295081966,UP,0.6065573770491803,0.6,0.61,0.39,0.4,0.61,-0.0034426229508196515,RAW,NO VALUE
2026-08-23T20:33:38.436563+00:00,KXBTC15M-26AUG231645-45,77387.12,3.6406093833333335,11.359390616666667,77402.54,15.419999999998254,UP,0.42857142857142855,0.5714285714285714,0.5714285714285714,0.42857142857142855,UP,0.5714285714285714,0.6,0.61,0.39,0.4,0.61,-0.03857142857142859,RAW,NO VALUE
2026-08-23T20:33:56.356871+00:00,KXBTC15M-26AUG231645-45,77387.12,3.9392811833333337,11.060718816666668,77389.9,2.779999999998836,UP,0.42857142857142855,0.5714285714285714,0.5714285714285714,0.42857142857142855,UP,0.5714285714285714,0.6,0.61,0.39,0.4,0.61,-0.03857142857142859,RAW,NO VALUE
2026-08-23T20:34:26.959609+00:00,KXBTC15M-26AUG231645-45,77387.12,4.449326816666667,10.550673183333334,77389.07,1.9500000000116415,UP,0.4336734693877551,0.5663265306122449,0.5663265306122449,0.4336734693877551,UP,0.5663265306122449,0.55,0.56,0.44,0.45,0.56,0.006326530612244863,RAW,SMALL EDGE
2026-08-23T20:34:44.717046+00:00,KXBTC15M-26AUG231645-45,77387.12,4.7452841,10.2547159,77384.87,-2.25,DOWN,0.500646729831246,0.49935327016875397,0.500646729831246,0.49935327016875397,UP,0.500646729831246,0.5,0.51,0.49,0.5,0.51,-0.00935327016875398,RAW,NO VALUE
2026-08-23T20:35:15.155674+00:00,KXBTC15M-26AUG231645-45,77387.12,5.252594566666667,9.747405433333334,77400.08,12.960000000006403,UP,0.4336734693877551,0.5663265306122449,0.5663265306122449,0.4336734693877551,UP,0.5663265306122449,0.54,0.55,0.45,0.46,0.55,0.01632653061224487,RAW,SMALL EDGE
2026-08-23T20:35:33.694667+00:00,KXBTC15M-26AUG231645-45,77387.12,5.561577783333333,9.438422216666668,77390.43,3.3099999999976717,UP,0.39344262295081966,0.6065573770491803,0.6065573770491803,0.39344262295081966,UP,0.6065573770491803,0.54,0.55,0.45,0.46,0.55,0.05655737704918029,RAW,SMALL EDGE
2026-08-23T20:36:02.545820+00:00,KXBTC15M-26AUG231645-45,77387.12,6.042430333333333,8.957569666666666,77399.08,11.960000000006403,UP,0.39344262295081966,0.6065573770491803,0.6065573770491803,0.39344262295081966,UP,0.6065573770491803,0.55,0.56,0.44,0.45,0.56,0.04655737704918028,RAW,SMALL EDGE
2026-08-23T20:36:22.638466+00:00,KXBTC15M-26AUG231645-45,77387.12,6.377307766666666,8.622692233333334,77389.01,1.889999999999418,UP,0.42857142857142855,0.5714285714285714,0.5714285714285714,0.42857142857142855,UP,0.5714285714285714,0.51,0.52,0.48,0.49,0.52,0.05142857142857138,RAW,SMALL EDGE
2026-08-23T20:36:50.596288+00:00,KXBTC15M-26AUG231645-45,77387.12,6.843271466666667,8.156728533333332,77399.22,12.10000000000582,UP,0.39344262295081966,0.6065573770491803,0.6065573770491803,0.39344262295081966,UP,0.6065573770491803,0.65,0.66,0.34,0.35,0.66,-0.053442622950819696,RAW,NO VALUE
2026-08-23T20:37:11.075653+00:00,KXBTC15M-26AUG231645-45,77387.12,7.1845942166666665,7.8154057833333335,77400.09,12.970000000001164,UP,0.27388535031847133,0.7261146496815287,0.7261146496815287,0.27388535031847133,UP,0.7261146496815287,0.61,0.62,0.38,0.39,0.62,0.10611464968152873,LEAN,POSITIVE EDGE
2026-08-23T20:37:38.511562+00:00,KXBTC15M-26AUG231645-45,77387.12,7.641859366666667,7.358140633333333,77396.44,9.320000000006985,UP,0.3652173913043478,0.6347826086956522,0.6347826086956522,0.3652173913043478,UP,0.6347826086956522,0.61,0.62,0.38,0.39,0.62,0.014782608695652177,RAW,SMALL EDGE
2026-08-23T20:37:58.907966+00:00,KXBTC15M-26AUG231645-45,77387.12,7.981799433333333,7.018200566666667,77400.09,12.970000000001164,UP,0.27388535031847133,0.7261146496815287,0.7261146496815287,0.27388535031847133,UP,0.7261146496815287,0.64,0.65,0.35,0.36,0.65,0.0761146496815287,LEAN,SMALL EDGE
2026-08-23T20:38:27.172901+00:00,KXBTC15M-26AUG231645-45,77387.12,8.452881683333334,6.547118316666666,77400.09,12.970000000001164,UP,0.24060150375939848,0.7593984962406015,0.7593984962406015,0.24060150375939848,UP,0.7593984962406015,0.66,0.67,0.33,0.34,0.67,0.08939849624060148,LEAN,SMALL EDGE
2026-08-23T20:38:47.598019+00:00,KXBTC15M-26AUG231645-45,77387.12,8.793300316666667,6.2066996833333326,77400.1,12.980000000010477,UP,0.24060150375939848,0.7593984962406015,0.7593984962406015,0.24060150375939848,UP,0.7593984962406015,0.67,0.68,0.32,0.33,0.68,0.07939849624060147,LEAN,SMALL EDGE
2026-08-23T20:39:16.233882+00:00,KXBTC15M-26AUG231645-45,77387.12,9.2705647,5.7294353000000005,77410.06,22.94000000000233,UP,0.06989247311827956,0.9301075268817205,0.9301075268817205,0.06989247311827956,UP,0.9301075268817205,0.67,0.68,0.32,0.33,0.68,0.25010752688172044,90%+ LOCK CANDIDATE,LARGE EDGE / PRICE ABOVE 50c
2026-08-23T20:39:34.855339+00:00,KXBTC15M-26AUG231645-45,77387.12,9.580922316666665,5.419077683333333,77408.95,21.830000000001746,UP,0.06989247311827956,0.9301075268817205,0.9301075268817205,0.06989247311827956,UP,0.9301075268817205,0.69,0.7,0.3,0.31,0.7,0.23010752688172054,90%+ LOCK CANDIDATE,LARGE EDGE / PRICE ABOVE 50c
2026-08-23T20:40:04.970822+00:00,KXBTC15M-26AUG231645-45,77387.12,10.082847033333334,4.9171529666666665,77411.31,24.19000000000233,UP,0.06989247311827956,0.9301075268817205,0.9301075268817205,0.06989247311827956,UP,0.9301075268817205,0.78,0.79,0.21,0.22,0.79,0.14010752688172046,LOCK,POSITIVE EDGE
2026-08-23T20:40:23.331358+00:00,KXBTC15M-26AUG231645-45,77387.12,10.388855966666666,4.611144033333333,77408.96,21.84000000001106,UP,0.06989247311827956,0.9301075268817205,0.9301075268817205,0.06989247311827956,UP,0.9301075268817205,0.78,0.79,0.21,0.22,0.79,0.14010752688172046,LOCK,POSITIVE EDGE
2026-08-23T20:40:52.626464+00:00,KXBTC15M-26AUG231645-45,77387.12,10.877107733333334,4.122892266666667,77409.25,22.130000000004657,UP,0.06989247311827956,0.9301075268817205,0.9301075268817205,0.06989247311827956,UP,0.9301075268817205,0.78,0.79,0.21,0.22,0.79,0.14010752688172046,LOCK,POSITIVE EDGE
2026-08-23T20:41:11.482761+00:00,KXBTC15M-26AUG231645-45,77387.12,11.19137935,3.80862065,77408.98,21.860000000000582,UP,0.034482758620689655,0.9655172413793104,0.9655172413793104,0.034482758620689655,UP,0.9655172413793104,0.77,0.78,0.22,0.23,0.78,0.18551724137931036,LOCK,POSITIVE EDGE
2026-08-23T20:41:40.517125+00:00,KXBTC15M-26AUG231645-45,77387.12,11.675285416666666,3.3247145833333334,77409.84,22.720000000001164,UP,0.011904761904761904,0.9880952380952381,0.9880952380952381,0.011904761904761904,UP,0.9880952380952381,0.83,0.84,0.16,0.17,0.84,0.14809523809523817,LOCK,POSITIVE EDGE
2026-08-23T20:42:00.982205+00:00,KXBTC15M-26AUG231645-45,77387.12,12.016370083333333,2.9836299166666667,77409.84,22.720000000001164,UP,0.011904761904761904,0.9880952380952381,0.9880952380952381,0.011904761904761904,UP,0.9880952380952381,0.83,0.84,0.16,0.17,0.84,0.14809523809523817,LOCK,POSITIVE EDGE
2026-08-23T20:42:28.418945+00:00,KXBTC15M-26AUG231645-45,77387.12,12.473649083333333,2.5263509166666664,77405.21,18.09000000001106,UP,0.011904761904761904,0.9880952380952381,0.9880952380952381,0.011904761904761904,UP,0.9880952380952381,0.87,0.88,0.12,0.13,0.88,0.10809523809523813,LOCK,POSITIVE EDGE
2026-08-23T20:42:48.136112+00:00,KXBTC15M-26AUG231645-45,77387.12,12.802268533333335,2.1977314666666667,77409.83,22.710000000006403,UP,0.011904761904761904,0.9880952380952381,0.9880952380952381,0.011904761904761904,UP,0.9880952380952381,0.905,0.906,0.094,0.095,0.906,0.08209523809523811,LOCK,SMALL EDGE
2026-08-23T20:43:15.715640+00:00,KXBTC15M-26AUG231645-45,77387.12,13.261927333333334,1.7380726666666668,77409.84,22.720000000001164,UP,0.0,1.0,1.0,0.0,UP,1.0,0.967,0.968,0.032,0.033,0.968,0.03200000000000003,LOCK,SMALL EDGE
2026-08-23T20:43:35.878939+00:00,KXBTC15M-26AUG231645-45,77387.12,13.597982316666666,1.4020176833333333,77409.84,22.720000000001164,UP,0.0,1.0,1.0,0.0,UP,1.0,0.967,0.968,0.032,0.033,0.968,0.03200000000000003,LOCK,SMALL EDGE
2026-08-23T20:44:04.151790+00:00,KXBTC15M-26AUG231645-45,77387.12,14.0691965,0.9308035,77419.65,32.529999999998836,UP,0.0,1.0,1.0,0.0,UP,1.0,0.992,0.994,0.006,0.008,0.994,0.006000000000000005,LOCK,SMALL EDGE
2026-08-23T20:44:24.683752+00:00,KXBTC15M-26AUG231645-45,77387.12,14.411395866666668,0.5886041333333334,77431.4,44.279999999998836,UP,0.0,1.0,1.0,0.0,UP,1.0,0.992,0.994,0.006,0.008,0.994,0.006000000000000005,LOCK,SMALL EDGE
2026-08-23T20:44:51.833370+00:00,KXBTC15M-26AUG231645-45,77387.12,14.863889499999999,0.1361105,77406.87,19.75,UP,0.034482758620689655,0.9655172413793104,0.9655172413793104,0.034482758620689655,UP,0.9655172413793104,0.999,1.0,0.0,0.001,1.0,-0.03448275862068961,LOCK,NO VALUE
2026-08-23T20:45:41.740970+00:00,KXBTC15M-26AUG231700-00,77423.6,0.6956828333333333,14.304317166666667,77399.89,-23.710000000006403,DOWN,0.42857142857142855,0.5714285714285714,0.42857142857142855,0.5714285714285714,DOWN,0.5714285714285714,0.35,0.36,0.64,0.65,0.65,-0.07857142857142863,RAW,NO VALUE
2026-08-23T20:46:01.355011+00:00,KXBTC15M-26AUG231700-00,77423.6,1.0225835166666666,13.977416483333334,77394.6,-29.0,DOWN,0.42857142857142855,0.5714285714285714,0.42857142857142855,0.5714285714285714,DOWN,0.5714285714285714,0.35,0.36,0.64,0.65,0.65,-0.07857142857142863,RAW,NO VALUE
2026-08-23T20:46:14.677272+00:00,KXBTC15M-26AUG231700-00,77423.6,1.2446212,13.755378799999999,77394.62,-28.980000000010477,DOWN,0.42857142857142855,0.5714285714285714,0.42857142857142855,0.5714285714285714,DOWN,0.5714285714285714,0.38,0.39,0.61,0.62,0.62,-0.0485714285714286,RAW,NO VALUE
2026-08-23T20:46:50.632914+00:00,KXBTC15M-26AUG231700-00,77423.6,1.8438819,13.156118099999999,77391.47,-32.13000000000466,DOWN,0.42857142857142855,0.5714285714285714,0.42857142857142855,0.5714285714285714,DOWN,0.5714285714285714,0.37,0.38,0.62,0.63,0.63,-0.05857142857142861,RAW,NO VALUE
2026-08-23T20:47:03.771132+00:00,KXBTC15M-26AUG231700-00,77423.6,2.0628522,12.9371478,77412.3,-11.30000000000291,DOWN,0.4336734693877551,0.5663265306122449,0.4336734693877551,0.5663265306122449,DOWN,0.5663265306122449,0.37,0.38,0.62,0.63,0.63,-0.06367346938775509,RAW,NO VALUE
2026-08-23T20:47:40.459805+00:00,KXBTC15M-26AUG231700-00,77423.6,2.674330083333333,12.325669916666667,77417.96,-5.639999999999418,DOWN,1.0,0.0,1.0,0.0,UP,1.0,0.45,0.46,0.54,0.55,0.46,0.54,EARLY 90%+ / NOT YET VALIDATED LOCK,IDEAL <=50c / LARGE EDGE
2026-08-23T20:47:52.373897+00:00,KXBTC15M-26AUG231700-00,77423.6,2.8728982833333334,12.127101716666665,77419.94,-3.6600000000034925,DOWN,0.8288697950438666,0.1711302049561334,0.8288697950438666,0.1711302049561334,UP,0.8288697950438666,0.45,0.46,0.54,0.55,0.46,0.3688697950438666,STRONG,IDEAL <=50c / LARGE EDGE
2026-08-23T20:48:27.660710+00:00,KXBTC15M-26AUG231700-00,77423.6,3.461011833333333,11.538988166666666,77428.03,4.429999999993015,UP,0.4336734693877551,0.5663265306122449,0.5663265306122449,0.4336734693877551,UP,0.5663265306122449,0.48,0.49,0.51,0.52,0.49,0.07632653061224492,RAW,SMALL EDGE
2026-08-23T20:48:42.205598+00:00,KXBTC15M-26AUG231700-00,77423.6,3.7034266333333337,11.296573366666667,77421.89,-1.7100000000064028,DOWN,1.0,0.0,1.0,0.0,UP,1.0,0.52,0.53,0.47,0.48,0.53,0.47,EARLY 90%+ / NOT YET VALIDATED LOCK,LARGE EDGE / PRICE ABOVE 50c
2026-08-23T20:49:15.647549+00:00,KXBTC15M-26AUG231700-00,77423.6,4.260792483333334,10.739207516666665,77422.44,-1.1600000000034925,DOWN,1.0,0.0,1.0,0.0,UP,1.0,0.46,0.47,0.53,0.54,0.47,0.53,EARLY 90%+ / NOT YET VALIDATED LOCK,IDEAL <=50c / LARGE EDGE
2026-08-23T20:49:30.353196+00:00,KXBTC15M-26AUG231700-00,77423.6,4.5058866,10.4941134,77411.89,-11.710000000006403,DOWN,0.4336734693877551,0.5663265306122449,0.4336734693877551,0.5663265306122449,DOWN,0.5663265306122449,0.43,0.44,0.56,0.57,0.57,-0.003673469387755035,RAW,NO VALUE
2026-08-23T20:50:03.361158+00:00,KXBTC15M-26AUG231700-00,77423.6,5.0560193,9.9439807,77403.12,-20.480000000010477,DOWN,0.3652173913043478,0.6347826086956522,0.3652173913043478,0.6347826086956522,DOWN,0.6347826086956522,0.37,0.38,0.62,0.63,0.63,0.0047826086956521685,RAW,SMALL EDGE
2026-08-23T20:50:19.938751+00:00,KXBTC15M-26AUG231700-00,77423.6,5.332312516666667,9.667687483333333,77403.11,-20.49000000000524,DOWN,0.3652173913043478,0.6347826086956522,0.3652173913043478,0.6347826086956522,DOWN,0.6347826086956522,0.37,0.38,0.62,0.63,0.63,0.0047826086956521685,RAW,SMALL EDGE
2026-08-23T20:50:50.111263+00:00,KXBTC15M-26AUG231700-00,77423.6,5.835187716666667,9.164812283333333,77410.3,-13.30000000000291,DOWN,0.42857142857142855,0.5714285714285714,0.42857142857142855,0.5714285714285714,DOWN,0.5714285714285714,0.34,0.35,0.65,0.66,0.66,-0.08857142857142863,RAW,NO VALUE
2026-08-23T20:51:08.372669+00:00,KXBTC15M-26AUG231700-00,77423.6,6.139544483333333,8.860455516666667,77415.61,-7.990000000005239,DOWN,0.4336734693877551,0.5663265306122449,0.4336734693877551,0.5663265306122449,DOWN,0.5663265306122449,0.34,0.35,0.65,0.66,0.66,-0.09367346938775512,RAW,NO VALUE
2026-08-23T20:51:38.779109+00:00,KXBTC15M-26AUG231700-00,77423.6,6.646318483333333,8.353681516666667,77425.52,1.9199999999982538,UP,0.4336734693877551,0.5663265306122449,0.5663265306122449,0.4336734693877551,UP,0.5663265306122449,0.41,0.42,0.58,0.59,0.42,0.14632653061224493,RAW,POSITIVE EDGE
2026-08-23T20:51:56.946675+00:00,KXBTC15M-26AUG231700-00,77423.6,6.9491112500000005,8.05088875,77425.5,1.8999999999941792,UP,0.4336734693877551,0.5663265306122449,0.5663265306122449,0.4336734693877551,UP,0.5663265306122449,0.5,0.51,0.49,0.5,0.51,0.05632653061224491,RAW,SMALL EDGE
2026-08-23T20:52:27.804727+00:00,KXBTC15M-26AUG231700-00,77423.6,7.4634121166666665,7.5365878833333335,77410.3,-13.30000000000291,DOWN,0.42857142857142855,0.5714285714285714,0.42857142857142855,0.5714285714285714,DOWN,0.5714285714285714,0.36,0.37,0.63,0.64,0.64,-0.06857142857142862,RAW,NO VALUE
2026-08-23T20:52:44.701031+00:00,KXBTC15M-26AUG231700-00,77423.6,7.745017183333333,7.254982816666667,77410.3,-13.30000000000291,DOWN,0.4090909090909091,0.5909090909090908,0.4090909090909091,0.5909090909090908,DOWN,0.5909090909090908,0.36,0.37,0.63,0.64,0.64,-0.049090909090909185,RAW,NO VALUE
2026-08-23T20:53:15.836471+00:00,KXBTC15M-26AUG231700-00,77423.6,8.263941183333333,6.736058816666667,77417.01,-6.5900000000110595,DOWN,0.4336734693877551,0.5663265306122449,0.4336734693877551,0.5663265306122449,DOWN,0.5663265306122449,0.38,0.39,0.61,0.62,0.62,-0.05367346938775508,RAW,NO VALUE
2026-08-23T20:53:32.476296+00:00,KXBTC15M-26AUG231700-00,77423.6,8.5412716,6.4587284,77397.64,-25.960000000006403,DOWN,0.24060150375939848,0.7593984962406015,0.24060150375939848,0.7593984962406015,DOWN,0.7593984962406015,0.38,0.39,0.61,0.62,0.62,0.13939849624060152,LEAN,POSITIVE EDGE
2026-08-23T20:54:03.669977+00:00,KXBTC15M-26AUG231700-00,77423.6,9.061166283333334,5.938833716666666,77405.57,-18.029999999998836,DOWN,0.27388535031847133,0.7261146496815287,0.27388535031847133,0.7261146496815287,DOWN,0.7261146496815287,0.28,0.29,0.71,0.72,0.72,0.00611464968152875,LEAN,SMALL EDGE
2026-08-23T20:54:21.566352+00:00,KXBTC15M-26AUG231700-00,77423.6,9.3594392,5.6405608,77385.57,-38.029999999998836,DOWN,0.24060150375939848,0.7593984962406015,0.24060150375939848,0.7593984962406015,DOWN,0.7593984962406015,0.28,0.29,0.71,0.72,0.72,0.039398496240601544,LEAN,SMALL EDGE
2026-08-23T20:54:52.553369+00:00,KXBTC15M-26AUG231700-00,77423.6,9.875889483333333,5.124110516666667,77388.34,-35.26000000000931,DOWN,0.24060150375939848,0.7593984962406015,0.24060150375939848,0.7593984962406015,DOWN,0.7593984962406015,0.2,0.21,0.79,0.8,0.8,-0.04060150375939853,LEAN,NO VALUE
2026-08-23T20:55:09.692873+00:00,KXBTC15M-26AUG231700-00,77423.6,10.161547883333332,4.838452116666667,77381.11,-42.49000000000524,DOWN,0.19811320754716982,0.8018867924528301,0.19811320754716982,0.8018867924528301,DOWN,0.8018867924528301,0.13,0.15,0.85,0.87,0.87,-0.06811320754716987,STRONG,NO VALUE
2026-08-23T20:55:41.304653+00:00,KXBTC15M-26AUG231700-00,77423.6,10.688410883333335,4.311589116666667,77389.38,-34.220000000001164,DOWN,0.24060150375939848,0.7593984962406015,0.24060150375939848,0.7593984962406015,DOWN,0.7593984962406015,0.13,0.14,0.86,0.87,0.87,-0.11060150375939848,LEAN,NO VALUE
2026-08-23T20:55:58.086696+00:00,KXBTC15M-26AUG231700-00,77423.6,10.968111599999999,4.031888400000001,77389.38,-34.220000000001164,DOWN,0.24060150375939848,0.7593984962406015,0.24060150375939848,0.7593984962406015,DOWN,0.7593984962406015,0.13,0.14,0.86,0.87,0.87,-0.11060150375939848,LEAN,NO VALUE
2026-08-23T20:56:29.822889+00:00,KXBTC15M-26AUG231700-00,77423.6,11.497048150000001,3.50295185,77400.86,-22.74000000000524,DOWN,0.27388535031847133,0.7261146496815287,0.27388535031847133,0.7261146496815287,DOWN,0.7261146496815287,0.15,0.16,0.84,0.85,0.85,-0.12388535031847125,LEAN,NO VALUE
2026-08-23T20:56:45.464762+00:00,KXBTC15M-26AUG231700-00,77423.6,11.757746033333332,3.2422539666666665,77397.95,-25.65000000000873,DOWN,0.27388535031847133,0.7261146496815287,0.27388535031847133,0.7261146496815287,DOWN,0.7261146496815287,0.17,0.18,0.82,0.83,0.83,-0.10388535031847124,LEAN,NO VALUE
2026-08-23T20:57:17.562454+00:00,KXBTC15M-26AUG231700-00,77423.6,12.292707566666667,2.7072924333333335,77398.74,-24.860000000000582,DOWN,0.19811320754716982,0.8018867924528301,0.19811320754716982,0.8018867924528301,DOWN,0.8018867924528301,0.16,0.17,0.83,0.84,0.84,-0.03811320754716985,STRONG,NO VALUE
2026-08-23T20:57:34.058096+00:00,KXBTC15M-26AUG231700-00,77423.6,12.567634933333332,2.4323650666666667,77398.74,-24.860000000000582,DOWN,0.06989247311827956,0.9301075268817205,0.06989247311827956,0.9301075268817205,DOWN,0.9301075268817205,0.16,0.17,0.83,0.84,0.84,0.09010752688172052,LOCK,SMALL EDGE
2026-08-23T20:58:05.185016+00:00,KXBTC15M-26AUG231700-00,77423.6,13.086416933333334,1.9135830666666667,77390.99,-32.61000000000058,DOWN,0.011904761904761904,0.9880952380952381,0.011904761904761904,0.9880952380952381,DOWN,0.9880952380952381,0.052,0.064,0.936,0.948,0.948,0.040095238095238184,LOCK,SMALL EDGE
2026-08-23T20:58:23.507036+00:00,KXBTC15M-26AUG231700-00,77423.6,13.391783933333333,1.6082160666666667,77389.39,-34.2100000000064,DOWN,0.011904761904761904,0.9880952380952381,0.011904761904761904,0.9880952380952381,DOWN,0.9880952380952381,0.052,0.064,0.936,0.948,0.948,0.040095238095238184,LOCK,SMALL EDGE
2026-08-23T20:58:52.691184+00:00,KXBTC15M-26AUG231700-00,77423.6,13.8781864,1.1218135999999999,77392.37,-31.230000000010477,DOWN,0.0,1.0,0.0,1.0,DOWN,1.0,0.004,0.006,0.994,0.996,0.996,0.0040000000000000036,LOCK,SMALL EDGE
2026-08-23T20:59:11.600208+00:00,KXBTC15M-26AUG231700-00,77423.6,14.193336799999999,0.8066631999999999,77391.14,-32.4600000000064,DOWN,0.0,1.0,0.0,1.0,DOWN,1.0,0.003,0.006,0.994,0.997,0.997,0.0030000000000000027,LOCK,SMALL EDGE
2026-08-23T20:59:41.722716+00:00,KXBTC15M-26AUG231700-00,77423.6,14.6953786,0.30462140000000004,77393.19,-30.410000000003492,DOWN,0.0,1.0,0.0,1.0,DOWN,1.0,0.0,0.001,0.999,1.0,1.0,0.0,LOCK,NO VALUE
2026-08-23T20:59:58.622163+00:00,KXBTC15M-26AUG231700-00,77423.6,14.97703605,0.02296395,77393.19,-30.410000000003492,DOWN,0.0,1.0,0.0,1.0,DOWN,1.0,0.0,0.001,0.999,1.0,1.0,0.0,LOCK,NO VALUE
2026-08-23T21:00:40.974858+00:00,KXBTC15M-26AUG231715-15,77394.94,0.6829143,14.3170857,77408.48,13.539999999993597,UP,0.39344262295081966,0.6065573770491803,0.6065573770491803,0.39344262295081966,UP,0.6065573770491803,0.59,0.6,0.4,0.41,0.6,0.006557377049180357,RAW,SMALL EDGE
2026-08-23T21:00:59.651372+00:00,KXBTC15M-26AUG231715-15,77394.94,0.9941895333333334,14.005810466666667,77437.09,42.14999999999418,UP,0.27388535031847133,0.7261146496815287,0.7261146496815287,0.27388535031847133,UP,0.7261146496815287,0.59,0.6,0.4,0.41,0.6,0.12611464968152875,LEAN,POSITIVE EDGE
2026-08-23T21:01:14.197712+00:00,KXBTC15M-26AUG231715-15,77394.94,1.2366285333333333,13.763371466666666,77446.68,51.73999999999069,UP,0.27388535031847133,0.7261146496815287,0.7261146496815287,0.27388535031847133,UP,0.7261146496815287,0.69,0.7,0.3,0.31,0.7,0.026114649681528768,LEAN,SMALL EDGE
2026-08-23T21:01:47.955910+00:00,KXBTC15M-26AUG231715-15,77394.94,1.7992651666666668,13.200734833333334,77479.82,84.88000000000466,UP,0.39344262295081966,0.6065573770491803,0.6065573770491803,0.39344262295081966,UP,0.6065573770491803,0.8,0.81,0.19,0.2,0.81,-0.20344262295081972,RAW,NO VALUE
2026-08-23T21:02:02.813893+00:00,KXBTC15M-26AUG231715-15,77394.94,2.0468982166666665,12.953101783333333,77540.86,145.91999999999825,UP,0.109375,0.890625,0.890625,0.109375,UP,0.890625,0.8,0.81,0.19,0.2,0.81,0.08062499999999995,STRONG,SMALL EDGE
2026-08-23T21:02:36.603586+00:00,KXBTC15M-26AUG231715-15,77394.94,2.6100597666666667,12.389940233333334,77564.42,169.47999999999593,UP,0.19811320754716982,0.8018867924528301,0.8018867924528301,0.19811320754716982,UP,0.8018867924528301,0.87,0.88,0.12,0.13,0.88,-0.07811320754716988,STRONG,NO VALUE
2026-08-23T21:02:51.578583+00:00,KXBTC15M-26AUG231715-15,77394.94,2.8596430500000003,12.140356950000001,77568.92,173.97999999999593,UP,0.19811320754716982,0.8018867924528301,0.8018867924528301,0.19811320754716982,UP,0.8018867924528301,0.87,0.88,0.12,0.13,0.88,-0.07811320754716988,STRONG,NO VALUE
2026-08-23T21:03:24.596316+00:00,KXBTC15M-26AUG231715-15,77394.94,3.4099386,11.5900614,77557.47,162.52999999999884,UP,0.19811320754716982,0.8018867924528301,0.8018867924528301,0.19811320754716982,UP,0.8018867924528301,0.88,0.89,0.11,0.12,0.89,-0.08811320754716989,STRONG,NO VALUE
2026-08-23T21:03:40.227836+00:00,KXBTC15M-26AUG231715-15,77394.94,3.670463933333333,11.329536066666666,77579.15,184.20999999999185,UP,0.109375,0.890625,0.890625,0.109375,UP,0.890625,0.88,0.89,0.11,0.12,0.89,0.0006249999999999867,STRONG,SMALL EDGE
2026-08-23T21:04:13.827113+00:00,KXBTC15M-26AUG231715-15,77394.94,4.230451883333333,10.769548116666666,77637.69,242.75,UP,0.011904761904761904,0.9880952380952381,0.9880952380952381,0.011904761904761904,UP,0.9880952380952381,0.907,0.91,0.09,0.093,0.91,0.0780952380952381,EARLY 90%+ / NOT YET VALIDATED LOCK,SMALL EDGE
2026-08-23T21:04:28.839047+00:00,KXBTC15M-26AUG231715-15,77394.94,4.480650783333333,10.519349216666665,77621.4,226.45999999999185,UP,0.05128205128205128,0.9487179487179487,0.9487179487179487,0.05128205128205128,UP,0.9487179487179487,0.9,0.901,0.099,0.1,0.901,0.047717948717948655,EARLY 90%+ / NOT YET VALIDATED LOCK,SMALL EDGE
2026-08-23T21:05:02.908440+00:00,KXBTC15M-26AUG231715-15,77394.94,5.048474,9.951526,77664.41,269.47000000000116,UP,0.0,1.0,1.0,0.0,UP,1.0,0.927,0.928,0.072,0.073,0.928,0.07199999999999995,EARLY 90%+ / NOT YET VALIDATED LOCK,SMALL EDGE
2026-08-23T21:05:16.655855+00:00,KXBTC15M-26AUG231715-15,77394.94,5.277597583333333,9.722402416666666,77629.07,234.13000000000466,UP,0.011904761904761904,0.9880952380952381,0.9880952380952381,0.011904761904761904,UP,0.9880952380952381,0.927,0.928,0.072,0.073,0.928,0.06009523809523809,EARLY 90%+ / NOT YET VALIDATED LOCK,SMALL EDGE
2026-08-23T21:05:50.414126+00:00,KXBTC15M-26AUG231715-15,77394.94,5.8402354333333335,9.159764566666666,77635.46,240.52000000000407,UP,0.0,1.0,1.0,0.0,UP,1.0,0.933,0.934,0.066,0.067,0.934,0.06599999999999995,EARLY 90%+ / NOT YET VALIDATED LOCK,SMALL EDGE
2026-08-23T21:06:06.010964+00:00,KXBTC15M-26AUG231715-15,77394.94,6.100182733333333,8.899817266666668,77628.48,233.5399999999936,UP,0.0,1.0,1.0,0.0,UP,1.0,0.939,0.94,0.06,0.061,0.94,0.06000000000000005,EARLY 90%+ / NOT YET VALIDATED LOCK,SMALL EDGE
2026-08-23T21:06:38.536667+00:00,KXBTC15M-26AUG231715-15,77394.94,6.642277783333333,8.357722216666666,77652.96,258.0200000000041,UP,0.0,1.0,1.0,0.0,UP,1.0,0.934,0.935,0.065,0.066,0.935,0.06499999999999995,EARLY 90%+ / NOT YET VALIDATED LOCK,SMALL EDGE
2026-08-23T21:06:54.297932+00:00,KXBTC15M-26AUG231715-15,77394.94,6.904965533333334,8.095034466666666,77667.51,272.56999999999243,UP,0.0,1.0,1.0,0.0,UP,1.0,0.934,0.935,0.065,0.066,0.935,0.06499999999999995,EARLY 90%+ / NOT YET VALIDATED LOCK,SMALL EDGE
2026-08-23T21:07:27.223331+00:00,KXBTC15M-26AUG231715-15,77394.94,7.4537221833333325,7.5462778166666675,77660.75,265.8099999999977,UP,0.0,1.0,1.0,0.0,UP,1.0,0.957,0.958,0.042,0.043,0.958,0.04200000000000004,EARLY 90%+ / NOT YET VALIDATED LOCK,SMALL EDGE
2026-08-23T21:07:42.932627+00:00,KXBTC15M-26AUG231715-15,77394.94,7.715543783333334,7.284456216666666,77644.17,249.22999999999593,UP,0.0,1.0,1.0,0.0,UP,1.0,0.959,0.96,0.04,0.041,0.96,0.040000000000000036,EARLY 90%+ / NOT YET VALIDATED LOCK,SMALL EDGE
2026-08-23T21:08:14.701636+00:00,KXBTC15M-26AUG231715-15,77394.94,8.245027266666666,6.754972733333333,77614.77,219.83000000000175,UP,0.0,1.0,1.0,0.0,UP,1.0,0.959,0.96,0.04,0.041,0.96,0.040000000000000036,90%+ LOCK CANDIDATE,SMALL EDGE
2026-08-23T21:08:32.215688+00:00,KXBTC15M-26AUG231715-15,77394.94,8.536928133333333,6.463071866666667,77609.93,214.9899999999907,UP,0.0,1.0,1.0,0.0,UP,1.0,0.954,0.955,0.045,0.046,0.955,0.04500000000000004,90%+ LOCK CANDIDATE,SMALL EDGE
2026-08-23T21:09:02.719505+00:00,KXBTC15M-26AUG231715-15,77394.94,9.045325083333333,5.954674916666666,77621.13,226.19000000000233,UP,0.0,1.0,1.0,0.0,UP,1.0,0.959,0.96,0.04,0.041,0.96,0.040000000000000036,90%+ LOCK CANDIDATE,SMALL EDGE
2026-08-23T21:09:21.294025+00:00,KXBTC15M-26AUG231715-15,77394.94,9.354900416666668,5.645099583333334,77660.61,265.66999999999825,UP,0.0,1.0,1.0,0.0,UP,1.0,0.985,0.986,0.014,0.015,0.986,0.014000000000000012,90%+ LOCK CANDIDATE,SMALL EDGE
2026-08-23T21:09:50.619670+00:00,KXBTC15M-26AUG231715-15,77394.94,9.843661166666667,5.156338833333334,77637.68,242.7399999999907,UP,0.0,1.0,1.0,0.0,UP,1.0,0.986,0.987,0.013,0.014,0.987,0.013000000000000012,90%+ LOCK CANDIDATE,SMALL EDGE
2026-08-23T21:10:10.009034+00:00,KXBTC15M-26AUG231715-15,77394.94,10.166817233333335,4.833182766666667,77649.14,254.1999999999971,UP,0.0,1.0,1.0,0.0,UP,1.0,0.986,0.987,0.013,0.014,0.987,0.013000000000000012,LOCK,SMALL EDGE
2026-08-23T21:10:39.072867+00:00,KXBTC15M-26AUG231715-15,77394.94,10.65121445,4.3487855500000006,77630.53,235.5899999999965,UP,0.0,1.0,1.0,0.0,UP,1.0,0.991,0.992,0.008,0.009,0.992,0.008000000000000007,LOCK,SMALL EDGE
2026-08-23T21:10:59.234901+00:00,KXBTC15M-26AUG231715-15,77394.94,10.98724835,4.01275165,77639.22,244.27999999999884,UP,0.0,1.0,1.0,0.0,UP,1.0,0.99,0.991,0.009,0.01,0.991,0.009000000000000008,LOCK,SMALL EDGE
2026-08-23T21:11:28.900652+00:00,KXBTC15M-26AUG231715-15,77394.94,11.481677533333334,3.5183224666666666,77625.4,230.45999999999185,UP,0.0,1.0,1.0,0.0,UP,1.0,0.99,0.991,0.009,0.01,0.991,0.009000000000000008,LOCK,SMALL EDGE
2026-08-23T21:11:46.247041+00:00,KXBTC15M-26AUG231715-15,77394.94,11.770784016666665,3.2292159833333334,77614.77,219.83000000000175,UP,0.0,1.0,1.0,0.0,UP,1.0,0.99,0.991,0.009,0.01,0.991,0.009000000000000008,LOCK,SMALL EDGE
2026-08-23T21:12:18.139355+00:00,KXBTC15M-26AUG231715-15,77394.94,12.302322583333334,2.6976774166666666,77620.86,225.91999999999825,UP,0.0,1.0,1.0,0.0,UP,1.0,0.991,0.992,0.008,0.009,0.992,0.008000000000000007,LOCK,SMALL EDGE
2026-08-23T21:12:35.327676+00:00,KXBTC15M-26AUG231715-15,77394.94,12.5887946,2.4112054,77626.22,231.27999999999884,UP,0.0,1.0,1.0,0.0,UP,1.0,0.993,0.994,0.006,0.007,0.994,0.006000000000000005,LOCK,SMALL EDGE
2026-08-23T21:13:05.651309+00:00,KXBTC15M-26AUG231715-15,77394.94,13.094188483333333,1.9058115166666667,77641.5,246.55999999999767,UP,0.0,1.0,1.0,0.0,UP,1.0,0.999,1.0,0.0,0.001,1.0,0.0,LOCK,NO VALUE
2026-08-23T21:13:24.077852+00:00,KXBTC15M-26AUG231715-15,77394.94,13.401297533333333,1.5987024666666667,77639.21,244.27000000000407,UP,0.0,1.0,1.0,0.0,UP,1.0,0.999,1.0,0.0,0.001,1.0,0.0,LOCK,NO VALUE
2026-08-23T21:13:54.686899+00:00,KXBTC15M-26AUG231715-15,77394.94,13.911448316666668,1.0885516833333333,77681.95,287.00999999999476,UP,0.0,1.0,1.0,0.0,UP,1.0,0.999,1.0,0.0,0.001,1.0,0.0,LOCK,NO VALUE
2026-08-23T21:14:12.703887+00:00,KXBTC15M-26AUG231715-15,77394.94,14.21173145,0.78826855,77674.29,279.34999999999127,UP,0.0,1.0,1.0,0.0,UP,1.0,0.999,1.0,0.0,0.001,1.0,0.0,LOCK,NO VALUE
2026-08-23T21:14:43.227626+00:00,KXBTC15M-26AUG231715-15,77394.94,14.720460433333333,0.27953956666666663,77687.33,292.3899999999994,UP,0.0,1.0,1.0,0.0,UP,1.0,0.999,1.0,0.0,0.001,1.0,0.0,LOCK,NO VALUE
2026-08-23T21:15:29.406630+00:00,KXBTC15M-26AUG231730-30,77677.54,0.4901105,14.509889500000002,77728.79,51.25,UP,0.4336734693877551,0.5663265306122449,0.5663265306122449,0.4336734693877551,UP,0.5663265306122449,0.64,0.65,0.35,0.36,0.65,-0.0836734693877551,RAW,NO VALUE
2026-08-23T21:15:50.319827+00:00,KXBTC15M-26AUG231730-30,77677.54,0.8386637833333332,14.161336216666665,77738.04,60.5,UP,0.4336734693877551,0.5663265306122449,0.5663265306122449,0.4336734693877551,UP,0.5663265306122449,0.64,0.65,0.35,0.36,0.65,-0.0836734693877551,RAW,NO VALUE
2026-08-23T21:16:02.213047+00:00,KXBTC15M-26AUG231730-30,77677.54,1.0368841166666667,13.963115883333334,77742.42,64.88000000000466,UP,0.4336734693877551,0.5663265306122449,0.5663265306122449,0.4336734693877551,UP,0.5663265306122449,0.63,0.64,0.36,0.37,0.64,-0.0736734693877551,RAW,NO VALUE
2026-08-23T21:16:39.000776+00:00,KXBTC15M-26AUG231730-30,77677.54,1.6500129333333333,13.349987066666667,77908.11,230.57000000000698,UP,0.19811320754716982,0.8018867924528301,0.8018867924528301,0.19811320754716982,UP,0.8018867924528301,0.82,0.83,0.17,0.18,0.83,-0.02811320754716984,STRONG,NO VALUE
2026-08-23T21:16:51.024465+00:00,KXBTC15M-26AUG231730-30,77677.54,1.85040775,13.149592250000001,77849.57,172.0300000000134,UP,0.27388535031847133,0.7261146496815287,0.7261146496815287,0.27388535031847133,UP,0.7261146496815287,0.82,0.83,0.17,0.18,0.83,-0.10388535031847124,LEAN,NO VALUE
2026-08-23T21:17:28.155215+00:00,KXBTC15M-26AUG231730-30,77677.54,2.4692535833333333,12.530746416666666,77905.32,227.7800000000134,UP,0.109375,0.890625,0.890625,0.109375,UP,0.890625,0.85,0.86,0.14,0.15,0.86,0.030625000000000013,STRONG,SMALL EDGE
2026-08-23T21:17:40.266987+00:00,KXBTC15M-26AUG231730-30,77677.54,2.67111645,12.32888355,77912.98,235.44000000000233,UP,0.10714285714285714,0.8928571428571429,0.8928571428571429,0.10714285714285714,UP,0.8928571428571429,0.85,0.86,0.14,0.15,0.86,0.03285714285714292,STRONG,SMALL EDGE
2026-08-23T21:18:16.077787+00:00,KXBTC15M-26AUG231730-30,77677.54,3.2679631166666665,11.732036883333334,77922.41,244.8700000000099,UP,0.05128205128205128,0.9487179487179487,0.9487179487179487,0.05128205128205128,UP,0.9487179487179487,0.87,0.88,0.12,0.13,0.88,0.06871794871794867,EARLY 90%+ / NOT YET VALIDATED LOCK,SMALL EDGE
2026-08-23T21:18:29.319420+00:00,KXBTC15M-26AUG231730-30,77677.54,3.4886570000000003,11.511343,77944.34,266.8000000000029,UP,0.011904761904761904,0.9880952380952381,0.9880952380952381,0.011904761904761904,UP,0.9880952380952381,0.929,0.93,0.07,0.071,0.93,0.05809523809523809,EARLY 90%+ / NOT YET VALIDATED LOCK,SMALL EDGE
2026-08-23T21:19:03.031589+00:00,KXBTC15M-26AUG231730-30,77677.54,4.050526483333333,10.949473516666666,77972.54,295.0,UP,0.0,1.0,1.0,0.0,UP,1.0,0.929,0.93,0.07,0.071,0.93,0.06999999999999995,EARLY 90%+ / NOT YET VALIDATED LOCK,SMALL EDGE
2026-08-23T21:19:18.372999+00:00,KXBTC15M-26AUG231730-30,77677.54,4.30621665,10.693783349999999,77951.97,274.43000000000757,UP,0.0,1.0,1.0,0.0,UP,1.0,0.936,0.937,0.063,0.064,0.937,0.06299999999999994,EARLY 90%+ / NOT YET VALIDATED LOCK,SMALL EDGE
2026-08-23T21:19:51.382324+00:00,KXBTC15M-26AUG231730-30,77677.54,4.856372066666666,10.143627933333333,77947.12,269.58000000000175,UP,0.0,1.0,1.0,0.0,UP,1.0,0.924,0.925,0.075,0.076,0.925,0.07499999999999996,EARLY 90%+ / NOT YET VALIDATED LOCK,SMALL EDGE
2026-08-23T21:20:06.388952+00:00,KXBTC15M-26AUG231730-30,77677.54,5.106482533333334,9.893517466666667,77965.82,288.2800000000134,UP,0.0,1.0,1.0,0.0,UP,1.0,0.924,0.925,0.075,0.076,0.925,0.07499999999999996,EARLY 90%+ / NOT YET VALIDATED LOCK,SMALL EDGE
2026-08-23T21:20:40.604079+00:00,KXBTC15M-26AUG231730-30,77677.54,5.67673465,9.323265350000002,77984.28,306.74000000000524,UP,0.0,1.0,1.0,0.0,UP,1.0,0.946,0.947,0.053,0.054,0.947,0.05300000000000005,EARLY 90%+ / NOT YET VALIDATED LOCK,SMALL EDGE
2026-08-23T21:20:54.828077+00:00,KXBTC15M-26AUG231730-30,77677.54,5.913801283333333,9.086198716666667,77995.0,317.4600000000064,UP,0.0,1.0,1.0,0.0,UP,1.0,0.964,0.965,0.035,0.036,0.965,0.03500000000000003,EARLY 90%+ / NOT YET VALIDATED LOCK,SMALL EDGE
2026-08-23T21:21:28.297246+00:00,KXBTC15M-26AUG231730-30,77677.54,6.471620766666666,8.528379233333334,77979.89,302.3500000000058,UP,0.0,1.0,1.0,0.0,UP,1.0,0.97,0.971,0.029,0.03,0.971,0.029000000000000026,EARLY 90%+ / NOT YET VALIDATED LOCK,SMALL EDGE
2026-08-23T21:21:42.786032+00:00,KXBTC15M-26AUG231730-30,77677.54,6.713100533333333,8.286899466666666,77941.46,263.9200000000128,UP,0.0,1.0,1.0,0.0,UP,1.0,0.97,0.971,0.029,0.03,0.971,0.029000000000000026,EARLY 90%+ / NOT YET VALIDATED LOCK,SMALL EDGE
2026-08-23T21:22:16.926369+00:00,KXBTC15M-26AUG231730-30,77677.54,7.282106150000001,7.717893849999999,77984.37,306.83000000000175,UP,0.0,1.0,1.0,0.0,UP,1.0,0.962,0.964,0.036,0.038,0.964,0.03600000000000003,EARLY 90%+ / NOT YET VALIDATED LOCK,SMALL EDGE
2026-08-23T21:22:32.498112+00:00,KXBTC15M-26AUG231730-30,77677.54,7.5416352,7.4583648,77969.08,291.54000000000815,UP,0.0,1.0,1.0,0.0,UP,1.0,0.974,0.975,0.025,0.026,0.975,0.025000000000000022,EARLY 90%+ / NOT YET VALIDATED LOCK,SMALL EDGE
2026-08-23T21:23:05.513628+00:00,KXBTC15M-26AUG231730-30,77677.54,8.0918938,6.908106200000001,77913.26,235.72000000000116,UP,0.0,1.0,1.0,0.0,UP,1.0,0.973,0.974,0.026,0.027,0.974,0.026000000000000023,90%+ LOCK CANDIDATE,SMALL EDGE
2026-08-23T21:23:21.476689+00:00,KXBTC15M-26AUG231730-30,77677.54,8.357944816666667,6.642055183333333,77940.33,262.79000000000815,UP,0.0,1.0,1.0,0.0,UP,1.0,0.973,0.974,0.026,0.027,0.974,0.026000000000000023,90%+ LOCK CANDIDATE,SMALL EDGE
2026-08-23T21:23:53.776739+00:00,KXBTC15M-26AUG231730-30,77677.54,8.896278983333334,6.103721016666666,77971.13,293.59000000001106,UP,0.0,1.0,1.0,0.0,UP,1.0,0.972,0.973,0.027,0.028,0.973,0.027000000000000024,90%+ LOCK CANDIDATE,SMALL EDGE
2026-08-23T21:24:10.498298+00:00,KXBTC15M-26AUG231730-30,77677.54,9.174971633333334,5.825028366666667,77930.35,252.81000000001222,UP,0.0,1.0,1.0,0.0,UP,1.0,0.969,0.97,0.03,0.031,0.97,0.030000000000000027,90%+ LOCK CANDIDATE,SMALL EDGE
2026-08-23T21:24:42.389636+00:00,KXBTC15M-26AUG231730-30,77677.54,9.706493933333332,5.293506066666667,77905.6,228.06000000001222,UP,0.0,1.0,1.0,0.0,UP,1.0,0.972,0.973,0.027,0.028,0.973,0.027000000000000024,90%+ LOCK CANDIDATE,SMALL EDGE
2026-08-23T21:24:59.742079+00:00,KXBTC15M-26AUG231730-30,77677.54,9.995701316666667,5.004298683333333,77905.6,228.06000000001222,UP,0.0,1.0,1.0,0.0,UP,1.0,0.972,0.973,0.027,0.028,0.973,0.027000000000000024,90%+ LOCK CANDIDATE,SMALL EDGE
2026-08-23T21:25:30.948011+00:00,KXBTC15M-26AUG231730-30,77677.54,10.515800183333333,4.484199816666666,77879.31,201.77000000000407,UP,0.0,1.0,1.0,0.0,UP,1.0,0.978,0.979,0.021,0.022,0.979,0.02100000000000002,LOCK,SMALL EDGE
2026-08-23T21:25:47.882629+00:00,KXBTC15M-26AUG231730-30,77677.54,10.798043816666667,4.201956183333333,77890.86,213.32000000000698,UP,0.0,1.0,1.0,0.0,UP,1.0,0.978,0.979,0.021,0.022,0.979,0.02100000000000002,LOCK,SMALL EDGE
2026-08-23T21:26:17.362441+00:00,KXBTC15M-26AUG231730-30,77677.54,11.289374016666667,3.7106259833333337,77898.27,220.73000000001048,UP,0.0,1.0,1.0,0.0,UP,1.0,0.98,0.981,0.019,0.02,0.981,0.019000000000000017,LOCK,SMALL EDGE
2026-08-23T21:26:36.805427+00:00,KXBTC15M-26AUG231730-30,77677.54,11.613423783333333,3.3865762166666666,77963.09,285.5500000000029,UP,0.0,1.0,1.0,0.0,UP,1.0,0.987,0.988,0.012,0.013,0.988,0.01200000000000001,LOCK,SMALL EDGE
2026-08-23T21:27:04.912180+00:00,KXBTC15M-26AUG231730-30,77677.54,12.081869666666668,2.918130333333333,77981.48,303.9400000000023,UP,0.0,1.0,1.0,0.0,UP,1.0,0.997,0.998,0.002,0.003,0.998,0.0020000000000000018,LOCK,SMALL EDGE
2026-08-23T21:27:26.090320+00:00,KXBTC15M-26AUG231730-30,77677.54,12.434838666666668,2.5651613333333336,77939.65,262.1100000000006,UP,0.0,1.0,1.0,0.0,UP,1.0,0.997,0.998,0.002,0.003,0.998,0.0020000000000000018,LOCK,SMALL EDGE
2026-08-23T21:27:53.332606+00:00,KXBTC15M-26AUG231730-30,77677.54,12.888876766666668,2.111123233333333,77917.43,239.88999999999942,UP,0.0,1.0,1.0,0.0,UP,1.0,0.998,0.999,0.001,0.002,0.999,0.0010000000000000009,LOCK,SMALL EDGE
2026-08-23T21:28:14.111249+00:00,KXBTC15M-26AUG231730-30,77677.54,13.235187483333334,1.7648125166666666,77968.84,291.3000000000029,UP,0.0,1.0,1.0,0.0,UP,1.0,0.998,0.999,0.001,0.002,0.999,0.0010000000000000009,LOCK,SMALL EDGE
2026-08-23T21:28:41.467715+00:00,KXBTC15M-26AUG231730-30,77677.54,13.691128583333333,1.3088714166666666,77998.29,320.75,UP,0.0,1.0,1.0,0.0,UP,1.0,0.999,1.0,0.0,0.001,1.0,0.0,LOCK,NO VALUE
2026-08-23T21:29:01.279669+00:00,KXBTC15M-26AUG231730-30,77677.54,14.021327816666666,0.9786721833333334,77978.37,300.83000000000175,UP,0.0,1.0,1.0,0.0,UP,1.0,0.999,1.0,0.0,0.001,1.0,0.0,LOCK,NO VALUE
2026-08-23T21:29:30.290532+00:00,KXBTC15M-26AUG231730-30,77677.54,14.5048422,0.49515780000000004,78011.38,333.84000000001106,UP,0.0,1.0,1.0,0.0,UP,1.0,0.999,1.0,0.0,0.001,1.0,0.0,LOCK,NO VALUE
2026-08-23T21:29:49.146721+00:00,KXBTC15M-26AUG231730-30,77677.54,14.819112016666667,0.18088798333333334,78023.14,345.6000000000058,UP,0.0,1.0,1.0,0.0,UP,1.0,0.999,1.0,0.0,0.001,1.0,0.0,LOCK,NO VALUE
2026-08-23T21:30:46.578577+00:00,KXBTC15M-26AUG231745-45,78013.52,0.7763096166666668,14.223690383333333,77975.03,-38.49000000000524,DOWN,0.4336734693877551,0.5663265306122449,0.4336734693877551,0.5663265306122449,DOWN,0.5663265306122449,0.42,0.43,0.57,0.58,0.58,-0.013673469387755044,RAW,NO VALUE
2026-08-23T21:31:00.962720+00:00,KXBTC15M-26AUG231745-45,78013.52,1.0160453333333332,13.983954666666667,77989.17,-24.35000000000582,DOWN,0.4336734693877551,0.5663265306122449,0.4336734693877551,0.5663265306122449,DOWN,0.5663265306122449,0.42,0.43,0.57,0.58,0.58,-0.013673469387755044,RAW,NO VALUE
2026-08-23T21:31:23.682934+00:00,KXBTC15M-26AUG231745-45,78013.52,1.3947155666666666,13.605284433333333,77976.82,-36.69999999999709,DOWN,0.4336734693877551,0.5663265306122449,0.4336734693877551,0.5663265306122449,DOWN,0.5663265306122449,0.43,0.44,0.56,0.57,0.57,-0.003673469387755035,RAW,NO VALUE
2026-08-23T21:31:47.828890+00:00,KXBTC15M-26AUG231745-45,78013.52,1.7971481666666667,13.202851833333334,77955.75,-57.770000000004075,DOWN,0.4336734693877551,0.5663265306122449,0.4336734693877551,0.5663265306122449,DOWN,0.5663265306122449,0.36,0.37,0.63,0.64,0.64,-0.0736734693877551,RAW,NO VALUE
2026-08-23T21:32:11.245314+00:00,KXBTC15M-26AUG231745-45,78013.52,2.1874219,12.8125781,78009.65,-3.8700000000098953,DOWN,0.4336734693877551,0.5663265306122449,0.4336734693877551,0.5663265306122449,DOWN,0.5663265306122449,0.36,0.37,0.63,0.64,0.64,-0.0736734693877551,RAW,NO VALUE
2026-08-23T21:32:35.553807+00:00,KXBTC15M-26AUG231745-45,78013.52,2.59256345,12.40743655,78008.01,-5.510000000009313,DOWN,1.0,0.0,1.0,0.0,UP,1.0,0.47,0.48,0.52,0.53,0.48,0.52,EARLY 90%+ / NOT YET VALIDATED LOCK,IDEAL <=50c / LARGE EDGE
2026-08-23T21:32:58.685945+00:00,KXBTC15M-26AUG231745-45,78013.52,2.9780990833333334,12.021900916666668,78003.52,-10.0,DOWN,0.4336734693877551,0.5663265306122449,0.4336734693877551,0.5663265306122449,DOWN,0.5663265306122449,0.47,0.48,0.52,0.53,0.53,0.03632653061224489,RAW,SMALL EDGE
2026-08-23T21:33:23.231343+00:00,KXBTC15M-26AUG231745-45,78013.52,3.3871890500000004,11.61281095,78011.82,-1.6999999999970896,DOWN,1.0,0.0,1.0,0.0,UP,1.0,0.52,0.53,0.47,0.48,0.53,0.47,EARLY 90%+ / NOT YET VALIDATED LOCK,LARGE EDGE / PRICE ABOVE 50c
2026-08-23T21:33:46.814383+00:00,KXBTC15M-26AUG231745-45,78013.52,3.7802397166666664,11.219760283333333,78022.5,8.979999999995925,UP,0.4336734693877551,0.5663265306122449,0.5663265306122449,0.4336734693877551,UP,0.5663265306122449,0.51,0.52,0.48,0.49,0.52,0.0463265306122449,RAW,SMALL EDGE
2026-08-23T21:34:10.633187+00:00,KXBTC15M-26AUG231745-45,78013.52,4.177219783333333,10.822780216666667,78023.5,9.979999999995925,UP,0.4336734693877551,0.5663265306122449,0.5663265306122449,0.4336734693877551,UP,0.5663265306122449,0.49,0.5,0.5,0.51,0.5,0.06632653061224492,RAW,SMALL EDGE
2026-08-23T21:34:35.531428+00:00,KXBTC15M-26AUG231745-45,78013.52,4.592190466666667,10.407809533333333,77995.7,-17.820000000006985,DOWN,0.4336734693877551,0.5663265306122449,0.4336734693877551,0.5663265306122449,DOWN,0.5663265306122449,0.48,0.49,0.51,0.52,0.52,0.0463265306122449,RAW,SMALL EDGE
2026-08-23T21:34:58.456585+00:00,KXBTC15M-26AUG231745-45,78013.52,4.974276416666667,10.025723583333333,77947.11,-66.41000000000349,DOWN,0.39344262295081966,0.6065573770491803,0.39344262295081966,0.6065573770491803,DOWN,0.6065573770491803,0.48,0.49,0.51,0.52,0.52,0.08655737704918032,RAW,SMALL EDGE
2026-08-23T21:35:23.308854+00:00,KXBTC15M-26AUG231745-45,78013.52,5.3884809,9.6115191,77847.79,-165.73000000001048,DOWN,0.19811320754716982,0.8018867924528301,0.19811320754716982,0.8018867924528301,DOWN,0.8018867924528301,0.33,0.34,0.66,0.67,0.67,0.13188679245283008,STRONG,POSITIVE EDGE
2026-08-23T21:35:45.762272+00:00,KXBTC15M-26AUG231745-45,78013.52,5.762704533333333,9.237295466666666,77803.88,-209.63999999999942,DOWN,0.06989247311827956,0.9301075268817205,0.06989247311827956,0.9301075268817205,DOWN,0.9301075268817205,0.17,0.18,0.82,0.83,0.83,0.10010752688172053,EARLY 90%+ / NOT YET VALIDATED LOCK,POSITIVE EDGE
2026-08-23T21:36:12.032243+00:00,KXBTC15M-26AUG231745-45,78013.52,6.200537383333333,8.799462616666666,77779.02,-234.5,DOWN,0.10714285714285714,0.8928571428571429,0.10714285714285714,0.8928571428571429,DOWN,0.8928571428571429,0.1,0.11,0.89,0.9,0.9,-0.0071428571428571175,STRONG,NO VALUE
2026-08-23T21:36:34.089539+00:00,KXBTC15M-26AUG231745-45,78013.52,6.568158983333333,8.431841016666667,77832.79,-180.73000000001048,DOWN,0.24060150375939848,0.7593984962406015,0.24060150375939848,0.7593984962406015,DOWN,0.7593984962406015,0.1,0.11,0.89,0.9,0.9,-0.1406015037593985,LEAN,NO VALUE
2026-08-23T21:36:58.963629+00:00,KXBTC15M-26AUG231745-45,78013.52,6.9827271500000005,8.01727285,77832.5,-181.02000000000407,DOWN,0.24060150375939848,0.7593984962406015,0.24060150375939848,0.7593984962406015,DOWN,0.7593984962406015,0.11,0.12,0.88,0.89,0.89,-0.1306015037593985,LEAN,NO VALUE
2026-08-23T21:37:21.814520+00:00,KXBTC15M-26AUG231745-45,78013.52,7.363575333333333,7.636424666666667,77840.14,-173.38000000000466,DOWN,0.24060150375939848,0.7593984962406015,0.24060150375939848,0.7593984962406015,DOWN,0.7593984962406015,0.11,0.12,0.88,0.89,0.89,-0.1306015037593985,LEAN,NO VALUE
2026-08-23T21:37:46.737645+00:00,KXBTC15M-26AUG231745-45,78013.52,7.7789607499999995,7.2210392500000005,77774.1,-239.41999999999825,DOWN,0.10714285714285714,0.8928571428571429,0.10714285714285714,0.8928571428571429,DOWN,0.8928571428571429,0.086,0.089,0.911,0.914,0.914,-0.02114285714285713,STRONG,NO VALUE
2026-08-23T21:38:09.176517+00:00,KXBTC15M-26AUG231745-45,78013.52,8.15294195,6.84705805,77727.53,-285.99000000000524,DOWN,0.06989247311827956,0.9301075268817205,0.06989247311827956,0.9301075268817205,DOWN,0.9301075268817205,0.056,0.057,0.943,0.944,0.944,-0.013892473118279458,90%+ LOCK CANDIDATE,NO VALUE
2026-08-23T21:38:35.059023+00:00,KXBTC15M-26AUG231745-45,78013.52,8.584317050000001,6.41568295,77748.46,-265.0599999999977,DOWN,0.06989247311827956,0.9301075268817205,0.06989247311827956,0.9301075268817205,DOWN,0.9301075268817205,0.028,0.033,0.967,0.972,0.972,-0.04189247311827948,90%+ LOCK CANDIDATE,NO VALUE
2026-08-23T21:38:57.288629+00:00,KXBTC15M-26AUG231745-45,78013.52,8.954810483333334,6.0451895166666665,77763.32,-250.1999999999971,DOWN,0.06989247311827956,0.9301075268817205,0.06989247311827956,0.9301075268817205,DOWN,0.9301075268817205,0.028,0.033,0.967,0.972,0.972,-0.04189247311827948,90%+ LOCK CANDIDATE,NO VALUE
2026-08-23T21:39:23.522365+00:00,KXBTC15M-26AUG231745-45,78013.52,9.392039416666668,5.607960583333334,77610.0,-403.5200000000041,DOWN,0.06989247311827956,0.9301075268817205,0.06989247311827956,0.9301075268817205,DOWN,0.9301075268817205,0.02,0.021,0.979,0.98,0.98,-0.04989247311827949,90%+ LOCK CANDIDATE,NO VALUE
2026-08-23T21:39:44.894764+00:00,KXBTC15M-26AUG231745-45,78013.52,9.748246066666667,5.251753933333333,77702.61,-310.9100000000035,DOWN,0.06989247311827956,0.9301075268817205,0.06989247311827956,0.9301075268817205,DOWN,0.9301075268817205,0.015,0.016,0.984,0.985,0.985,-0.054892473118279494,90%+ LOCK CANDIDATE,NO VALUE
2026-08-23T21:40:12.197020+00:00,KXBTC15M-26AUG231745-45,78013.52,10.203283666666666,4.796716333333333,77649.14,-364.38000000000466,DOWN,0.011904761904761904,0.9880952380952381,0.011904761904761904,0.9880952380952381,DOWN,0.9880952380952381,0.013,0.015,0.985,0.987,0.987,0.001095238095238149,LOCK,SMALL EDGE
2026-08-23T21:40:32.873781+00:00,KXBTC15M-26AUG231745-45,78013.52,10.54789635,4.45210365,77631.64,-381.88000000000466,DOWN,0.011904761904761904,0.9880952380952381,0.011904761904761904,0.9880952380952381,DOWN,0.9880952380952381,0.013,0.015,0.985,0.987,0.987,0.001095238095238149,LOCK,SMALL EDGE
2026-08-23T21:41:00.224423+00:00,KXBTC15M-26AUG231745-45,78013.52,11.003740383333334,3.996259616666667,77628.67,-384.8500000000058,DOWN,0.011904761904761904,0.9880952380952381,0.011904761904761904,0.9880952380952381,DOWN,0.9880952380952381,0.01,0.011,0.989,0.99,0.99,-0.0019047619047618536,LOCK,NO VALUE
2026-08-23T21:41:21.153055+00:00,KXBTC15M-26AUG231745-45,78013.52,11.352550916666667,3.6474490833333335,77577.55,-435.97000000000116,DOWN,0.034482758620689655,0.9655172413793104,0.034482758620689655,0.9655172413793104,DOWN,0.9655172413793104,0.007,0.008,0.992,0.993,0.993,-0.027482758620689607,LOCK,NO VALUE
2026-08-23T21:41:49.911211+00:00,KXBTC15M-26AUG231745-45,78013.52,11.831853516666666,3.168146483333333,77614.77,-398.75,DOWN,0.011904761904761904,0.9880952380952381,0.011904761904761904,0.9880952380952381,DOWN,0.9880952380952381,0.003,0.004,0.996,0.997,0.997,-0.00890476190476186,LOCK,NO VALUE
2026-08-23T21:42:11.591915+00:00,KXBTC15M-26AUG231745-45,78013.52,12.193198583333333,2.8068014166666666,77624.36,-389.1600000000035,DOWN,0.011548237383305784,0.9884517626166942,0.011548237383305784,0.9884517626166942,DOWN,0.9884517626166942,0.001,0.002,0.998,0.999,0.999,-0.010548237383305792,LOCK,NO VALUE
2026-08-23T21:42:37.772337+00:00,KXBTC15M-26AUG231745-45,78013.52,12.62953895,2.3704610500000003,77623.14,-390.38000000000466,DOWN,0.0,1.0,0.0,1.0,DOWN,1.0,0.001,0.002,0.998,0.999,0.999,0.0010000000000000009,LOCK,SMALL EDGE
2026-08-23T21:42:59.316379+00:00,KXBTC15M-26AUG231745-45,78013.52,12.988606316666667,2.0113936833333335,77610.97,-402.5500000000029,DOWN,0.011904761904761904,0.9880952380952381,0.011904761904761904,0.9880952380952381,DOWN,0.9880952380952381,0.0,0.001,0.999,1.0,1.0,-0.011904761904761862,LOCK,NO VALUE
2026-08-23T21:43:26.935165+00:00,KXBTC15M-26AUG231745-45,78013.52,13.448919416666666,1.5510805833333334,77596.68,-416.84000000001106,DOWN,0.0,1.0,0.0,1.0,DOWN,1.0,0.0,0.001,0.999,1.0,1.0,0.0,LOCK,NO VALUE
2026-08-23T21:43:47.698589+00:00,KXBTC15M-26AUG231745-45,78013.52,13.794976483333333,1.2050235166666667,77576.57,-436.9499999999971,DOWN,0.0,1.0,0.0,1.0,DOWN,1.0,0.0,0.001,0.999,1.0,1.0,0.0,LOCK,NO VALUE
2026-08-23T21:44:15.696433+00:00,KXBTC15M-26AUG231745-45,78013.52,14.261607216666667,0.7383927833333334,77607.12,-406.40000000000873,DOWN,0.0,1.0,0.0,1.0,DOWN,1.0,0.0,0.001,0.999,1.0,1.0,0.0,LOCK,NO VALUE
2026-08-23T21:44:35.432318+00:00,KXBTC15M-26AUG231745-45,78013.52,14.590538633333333,0.4094613666666667,77614.76,-398.7600000000093,DOWN,0.0,1.0,0.0,1.0,DOWN,1.0,0.0,0.001,0.999,1.0,1.0,0.0,LOCK,NO VALUE
2026-08-23T21:45:32.082613+00:00,KXBTC15M-26AUG231800-00,77608.94,0.5347102166666667,14.465289783333333,77694.97,86.02999999999884,UP,0.42857142857142855,0.5714285714285714,0.5714285714285714,0.42857142857142855,UP,0.5714285714285714,0.68,0.69,0.31,0.32,0.69,-0.11857142857142855,RAW,NO VALUE
2026-08-23T21:45:48.527243+00:00,KXBTC15M-26AUG231800-00,77608.94,0.8087873833333333,14.191212616666666,77710.27,101.33000000000175,UP,0.42857142857142855,0.5714285714285714,0.5714285714285714,0.42857142857142855,UP,0.5714285714285714,0.68,0.69,0.31,0.32,0.69,-0.11857142857142855,RAW,NO VALUE
2026-08-23T21:46:08.038516+00:00,KXBTC15M-26AUG231800-00,77608.94,1.1339752666666667,13.866024733333335,77709.96,101.02000000000407,UP,0.42857142857142855,0.5714285714285714,0.5714285714285714,0.42857142857142855,UP,0.5714285714285714,0.73,0.74,0.26,0.27,0.74,-0.1685714285714286,RAW,NO VALUE
2026-08-23T21:46:35.672186+00:00,KXBTC15M-26AUG231800-00,77608.94,1.5945364333333332,13.405463566666667,77736.84,127.89999999999418,UP,0.3652173913043478,0.6347826086956522,0.6347826086956522,0.3652173913043478,UP,0.6347826086956522,0.73,0.74,0.26,0.27,0.74,-0.10521739130434782,RAW,NO VALUE
2026-08-23T21:46:57.090831+00:00,KXBTC15M-26AUG231800-00,77608.94,1.95151385,13.04848615,77724.24,115.30000000000291,UP,0.39344262295081966,0.6065573770491803,0.6065573770491803,0.39344262295081966,UP,0.6065573770491803,0.78,0.79,0.21,0.22,0.79,-0.1834426229508197,RAW,NO VALUE
2026-08-23T21:47:25.682451+00:00,KXBTC15M-26AUG231800-00,77608.94,2.42804085,12.57195915,77716.02,107.08000000000175,UP,0.4090909090909091,0.5909090909090908,0.5909090909090908,0.4090909090909091,UP,0.5909090909090908,0.78,0.79,0.21,0.22,0.79,-0.1990909090909092,RAW,NO VALUE
2026-08-23T21:47:45.709528+00:00,KXBTC15M-26AUG231800-00,77608.94,2.7618254666666666,12.238174533333334,77702.63,93.69000000000233,UP,0.42857142857142855,0.5714285714285714,0.5714285714285714,0.42857142857142855,UP,0.5714285714285714,0.78,0.79,0.21,0.22,0.79,-0.21857142857142864,RAW,NO VALUE
2026-08-23T21:48:13.351648+00:00,KXBTC15M-26AUG231800-00,77608.94,3.222527466666667,11.777472533333334,77703.19,94.25,UP,0.42857142857142855,0.5714285714285714,0.5714285714285714,0.42857142857142855,UP,0.5714285714285714,0.75,0.76,0.24,0.25,0.76,-0.1885714285714286,RAW,NO VALUE
2026-08-23T21:48:33.872645+00:00,KXBTC15M-26AUG231800-00,77608.94,3.5645440833333333,11.435455916666665,77721.72,112.77999999999884,UP,0.24060150375939848,0.7593984962406015,0.7593984962406015,0.24060150375939848,UP,0.7593984962406015,0.74,0.75,0.25,0.26,0.75,0.009398496240601517,LEAN,SMALL EDGE
2026-08-23T21:49:01.642810+00:00,KXBTC15M-26AUG231800-00,77608.94,4.027380166666666,10.972619833333333,77771.37,162.42999999999302,UP,0.19811320754716982,0.8018867924528301,0.8018867924528301,0.19811320754716982,UP,0.8018867924528301,0.81,0.82,0.18,0.19,0.82,-0.01811320754716983,STRONG,NO VALUE
2026-08-23T21:49:21.817316+00:00,KXBTC15M-26AUG231800-00,77608.94,4.3636219333333335,10.636378066666667,77794.3,185.36000000000058,UP,0.109375,0.890625,0.890625,0.109375,UP,0.890625,0.81,0.82,0.18,0.19,0.82,0.07062500000000005,STRONG,SMALL EDGE
2026-08-23T21:49:49.356049+00:00,KXBTC15M-26AUG231800-00,77608.94,4.822600816666666,10.177399183333334,77771.4,162.45999999999185,UP,0.24060150375939848,0.7593984962406015,0.7593984962406015,0.24060150375939848,UP,0.7593984962406015,0.88,0.89,0.11,0.12,0.89,-0.1306015037593985,LEAN,NO VALUE
2026-08-23T21:50:10.079490+00:00,KXBTC15M-26AUG231800-00,77608.94,5.1679915,9.8320085,77775.21,166.27000000000407,UP,0.1083596413033112,0.8916403586966888,0.8916403586966888,0.1083596413033112,UP,0.8916403586966888,0.86,0.87,0.13,0.14,0.87,0.02164035869668879,STRONG,SMALL EDGE
2026-08-23T21:50:38.494098+00:00,KXBTC15M-26AUG231800-00,77608.94,5.6415683,9.3584317,77774.9,165.95999999999185,UP,0.06989247311827956,0.9301075268817205,0.9301075268817205,0.06989247311827956,UP,0.9301075268817205,0.88,0.89,0.11,0.12,0.89,0.04010752688172048,EARLY 90%+ / NOT YET VALIDATED LOCK,SMALL EDGE
2026-08-23T21:50:58.933720+00:00,KXBTC15M-26AUG231800-00,77608.94,5.982228666666667,9.017771333333334,77789.43,180.4899999999907,UP,0.06989247311827956,0.9301075268817205,0.9301075268817205,0.06989247311827956,UP,0.9301075268817205,0.88,0.89,0.11,0.12,0.89,0.04010752688172048,EARLY 90%+ / NOT YET VALIDATED LOCK,SMALL EDGE
2026-08-23T21:51:25.735182+00:00,KXBTC15M-26AUG231800-00,77608.94,6.4289197,8.5710803,77795.09,186.14999999999418,UP,0.011904761904761904,0.9880952380952381,0.9880952380952381,0.011904761904761904,UP,0.9880952380952381,0.915,0.916,0.084,0.085,0.916,0.0720952380952381,EARLY 90%+ / NOT YET VALIDATED LOCK,SMALL EDGE
2026-08-23T21:51:49.196743+00:00,KXBTC15M-26AUG231800-00,77608.94,6.819945716666667,8.180054283333332,77808.79,199.84999999999127,UP,0.011904761904761904,0.9880952380952381,0.9880952380952381,0.011904761904761904,UP,0.9880952380952381,0.948,0.949,0.051,0.052,0.949,0.03909523809523818,EARLY 90%+ / NOT YET VALIDATED LOCK,SMALL EDGE
2026-08-23T21:52:13.428461+00:00,KXBTC15M-26AUG231800-00,77608.94,7.223807683333334,7.776192316666666,77806.12,197.17999999999302,UP,0.011904761904761904,0.9880952380952381,0.9880952380952381,0.011904761904761904,UP,0.9880952380952381,0.956,0.959,0.041,0.044,0.959,0.029095238095238174,EARLY 90%+ / NOT YET VALIDATED LOCK,SMALL EDGE
2026-08-23T21:52:36.666678+00:00,KXBTC15M-26AUG231800-00,77608.94,7.6111113,7.3888887,77794.31,185.36999999999534,UP,0.011904761904761904,0.9880952380952381,0.9880952380952381,0.011904761904761904,UP,0.9880952380952381,0.956,0.959,0.041,0.044,0.959,0.029095238095238174,EARLY 90%+ / NOT YET VALIDATED LOCK,SMALL EDGE
2026-08-23T21:53:01.741048+00:00,KXBTC15M-26AUG231800-00,77608.94,8.029017466666666,6.970982533333333,77763.62,154.67999999999302,UP,0.011904761904761904,0.9880952380952381,0.9880952380952381,0.011904761904761904,UP,0.9880952380952381,0.934,0.935,0.065,0.066,0.935,0.053095238095238084,90%+ LOCK CANDIDATE,SMALL EDGE
2026-08-23T21:53:25.009442+00:00,KXBTC15M-26AUG231800-00,77608.94,8.416824033333333,6.583175966666667,77804.65,195.70999999999185,UP,0.011904761904761904,0.9880952380952381,0.9880952380952381,0.011904761904761904,UP,0.9880952380952381,0.934,0.935,0.065,0.066,0.935,0.053095238095238084,90%+ LOCK CANDIDATE,SMALL EDGE
2026-08-23T21:53:49.922475+00:00,KXBTC15M-26AUG231800-00,77608.94,8.83204125,6.1679587499999995,77855.45,246.50999999999476,UP,0.011904761904761904,0.9880952380952381,0.9880952380952381,0.011904761904761904,UP,0.9880952380952381,0.956,0.957,0.043,0.044,0.957,0.031095238095238176,90%+ LOCK CANDIDATE,SMALL EDGE
2026-08-23T21:54:14.311300+00:00,KXBTC15M-26AUG231800-00,77608.94,9.238521666666665,5.761478333333333,77855.42,246.47999999999593,UP,0.011904761904761904,0.9880952380952381,0.9880952380952381,0.011904761904761904,UP,0.9880952380952381,0.979,0.98,0.02,0.021,0.98,0.008095238095238155,90%+ LOCK CANDIDATE,SMALL EDGE
2026-08-23T21:54:36.571230+00:00,KXBTC15M-26AUG231800-00,77608.94,9.6095205,5.3904795,77809.59,200.64999999999418,UP,0.0,1.0,1.0,0.0,UP,1.0,0.985,0.986,0.014,0.015,0.986,0.014000000000000012,90%+ LOCK CANDIDATE,SMALL EDGE
2026-08-23T21:55:04.647923+00:00,KXBTC15M-26AUG231800-00,77608.94,10.077465383333333,4.922534616666667,77786.22,177.27999999999884,UP,0.0,1.0,1.0,0.0,UP,1.0,0.979,0.98,0.02,0.021,0.98,0.020000000000000018,LOCK,SMALL EDGE
2026-08-23T21:55:24.773693+00:00,KXBTC15M-26AUG231800-00,77608.94,10.412894883333333,4.587105116666667,77797.67,188.72999999999593,UP,0.0,1.0,1.0,0.0,UP,1.0,0.979,0.98,0.02,0.021,0.98,0.020000000000000018,LOCK,SMALL EDGE
2026-08-23T21:55:53.142781+00:00,KXBTC15M-26AUG231800-00,77608.94,10.885713016666667,4.114286983333333,77767.74,158.8000000000029,UP,0.011904761904761904,0.9880952380952381,0.9880952380952381,0.011904761904761904,UP,0.9880952380952381,0.977,0.978,0.022,0.023,0.978,0.010095238095238157,LOCK,SMALL EDGE
2026-08-23T21:56:13.678415+00:00,KXBTC15M-26AUG231800-00,77608.94,11.227973583333332,3.772026416666667,77797.89,188.9499999999971,UP,0.0,1.0,1.0,0.0,UP,1.0,0.964,0.965,0.035,0.036,0.965,0.03500000000000003,LOCK,SMALL EDGE
2026-08-23T21:56:40.846424+00:00,KXBTC15M-26AUG231800-00,77608.94,11.680773733333332,3.3192262666666665,77823.83,214.88999999999942,UP,0.0,1.0,1.0,0.0,UP,1.0,0.991,0.992,0.008,0.009,0.992,0.008000000000000007,LOCK,SMALL EDGE
2026-08-23T21:57:00.517712+00:00,KXBTC15M-26AUG231800-00,77608.94,12.008628533333333,2.9913714666666666,77812.71,203.77000000000407,UP,0.0,1.0,1.0,0.0,UP,1.0,0.991,0.992,0.008,0.009,0.992,0.008000000000000007,LOCK,SMALL EDGE
2026-08-23T21:57:28.544729+00:00,KXBTC15M-26AUG231800-00,77608.94,12.475745483333332,2.524254516666667,77808.87,199.92999999999302,UP,0.0,1.0,1.0,0.0,UP,1.0,0.996,0.997,0.003,0.004,0.997,0.0030000000000000027,LOCK,SMALL EDGE
2026-08-23T21:57:49.128689+00:00,KXBTC15M-26AUG231800-00,77608.94,12.818811483333333,2.1811885166666665,77810.19,201.25,UP,0.0,1.0,1.0,0.0,UP,1.0,0.996,0.997,0.003,0.004,0.997,0.0030000000000000027,LOCK,SMALL EDGE
2026-08-23T21:58:16.131742+00:00,KXBTC15M-26AUG231800-00,77608.94,13.268862366666667,1.7311376333333333,77771.5,162.55999999999767,UP,0.0,1.0,1.0,0.0,UP,1.0,0.998,0.999,0.001,0.002,0.999,0.0010000000000000009,LOCK,SMALL EDGE
2026-08-23T21:58:38.756540+00:00,KXBTC15M-26AUG231800-00,77608.94,13.645942333333332,1.3540576666666666,77777.42,168.47999999999593,UP,0.0,1.0,1.0,0.0,UP,1.0,0.994,0.996,0.004,0.006,0.996,0.0040000000000000036,LOCK,SMALL EDGE
2026-08-23T21:59:05.580210+00:00,KXBTC15M-26AUG231800-00,77608.94,14.0930035,0.9069965,77773.64,164.6999999999971,UP,0.0,1.0,1.0,0.0,UP,1.0,0.994,0.995,0.005,0.006,0.995,0.0050000000000000044,LOCK,SMALL EDGE
2026-08-23T21:59:27.680631+00:00,KXBTC15M-26AUG231800-00,77608.94,14.461343849999999,0.53865615,77810.19,201.25,UP,0.0,1.0,1.0,0.0,UP,1.0,0.999,1.0,0.0,0.001,1.0,0.0,LOCK,NO VALUE
2026-08-23T21:59:55.411317+00:00,KXBTC15M-26AUG231800-00,77608.94,14.923521950000001,0.07647804999999999,77827.82,218.88000000000466,UP,0.0,1.0,1.0,0.0,UP,1.0,0.999,1.0,0.0,0.001,1.0,0.0,LOCK,NO VALUE
2026-08-23T22:00:32.489821+00:00,KXBTC15M-26AUG231815-15,77810.25,0.5414970166666666,14.458502983333334,77923.68,113.42999999999302,UP,0.4238079284810001,0.5761920715189999,0.5761920715189999,0.4238079284810001,UP,0.5761920715189999,0.57,0.58,0.42,0.43,0.58,-0.003807928481000089,RAW,NO VALUE
2026-08-23T22:00:45.918488+00:00,KXBTC15M-26AUG231815-15,77810.25,0.7653081333333334,14.234691866666667,77942.25,132.0,UP,0.39344262295081966,0.6065573770491803,0.6065573770491803,0.39344262295081966,UP,0.6065573770491803,0.57,0.58,0.42,0.43,0.58,0.026557377049180375,RAW,SMALL EDGE
2026-08-23T22:01:11.234005+00:00,KXBTC15M-26AUG231815-15,77810.25,1.1872334166666667,13.812766583333334,77836.51,26.25999999999476,UP,0.4336734693877551,0.5663265306122449,0.5663265306122449,0.4336734693877551,UP,0.5663265306122449,0.72,0.73,0.27,0.28,0.73,-0.16367346938775507,RAW,NO VALUE
2026-08-23T22:01:34.570197+00:00,KXBTC15M-26AUG231815-15,77810.25,1.57616995,13.42383005,77594.03,-216.22000000000116,DOWN,0.24060150375939848,0.7593984962406015,0.24060150375939848,0.7593984962406015,DOWN,0.7593984962406015,0.3,0.32,0.68,0.7,0.7,0.05939849624060156,LEAN,SMALL EDGE
2026-08-23T22:02:00.193164+00:00,KXBTC15M-26AUG231815-15,77810.25,2.0032194,12.9967806,77748.46,-61.7899999999936,DOWN,0.42857142857142855,0.5714285714285714,0.42857142857142855,0.5714285714285714,DOWN,0.5714285714285714,0.3,0.32,0.68,0.7,0.7,-0.12857142857142856,RAW,NO VALUE
2026-08-23T22:02:22.428217+00:00,KXBTC15M-26AUG231815-15,77810.25,2.3738036166666663,12.626196383333333,77733.17,-77.08000000000175,DOWN,0.39344262295081966,0.6065573770491803,0.39344262295081966,0.6065573770491803,DOWN,0.6065573770491803,0.39,0.4,0.6,0.61,0.61,-0.0034426229508196515,RAW,NO VALUE
2026-08-23T22:02:48.142630+00:00,KXBTC15M-26AUG231815-15,77810.25,2.8023771666666666,12.197622833333332,77775.44,-34.80999999999767,DOWN,0.42857142857142855,0.5714285714285714,0.42857142857142855,0.5714285714285714,DOWN,0.5714285714285714,0.47,0.48,0.52,0.53,0.53,0.04142857142857137,RAW,SMALL EDGE
2026-08-23T22:03:10.255175+00:00,KXBTC15M-26AUG231815-15,77810.25,3.1709195833333337,11.829080416666667,77712.53,-97.72000000000116,DOWN,0.39344262295081966,0.6065573770491803,0.39344262295081966,0.6065573770491803,DOWN,0.6065573770491803,0.47,0.48,0.52,0.53,0.53,0.07655737704918031,RAW,SMALL EDGE
2026-08-23T22:03:37.903652+00:00,KXBTC15M-26AUG231815-15,77810.25,3.631727533333333,11.368272466666667,77694.35,-115.89999999999418,DOWN,0.39344262295081966,0.6065573770491803,0.39344262295081966,0.6065573770491803,DOWN,0.6065573770491803,0.36,0.37,0.63,0.64,0.64,-0.03344262295081968,RAW,NO VALUE
2026-08-23T22:03:59.374206+00:00,KXBTC15M-26AUG231815-15,77810.25,3.9895701,11.0104299,77679.21,-131.0399999999936,DOWN,0.3652173913043478,0.6347826086956522,0.3652173913043478,0.6347826086956522,DOWN,0.6347826086956522,0.29,0.3,0.7,0.71,0.71,-0.07521739130434779,RAW,NO VALUE
2026-08-23T22:04:25.415069+00:00,KXBTC15M-26AUG231815-15,77810.25,4.423584483333333,10.576415516666666,77651.95,-158.3000000000029,DOWN,0.24060150375939848,0.7593984962406015,0.24060150375939848,0.7593984962406015,DOWN,0.7593984962406015,0.26,0.27,0.73,0.74,0.74,0.019398496240601526,LEAN,SMALL EDGE
2026-08-23T22:04:47.858869+00:00,KXBTC15M-26AUG231815-15,77810.25,4.797647816666667,10.202352183333334,77623.75,-186.5,DOWN,0.19811320754716982,0.8018867924528301,0.19811320754716982,0.8018867924528301,DOWN,0.8018867924528301,0.26,0.27,0.73,0.74,0.74,0.06188679245283013,STRONG,SMALL EDGE
2026-08-23T22:05:12.588004+00:00,KXBTC15M-26AUG231815-15,77810.25,5.209800066666667,9.790199933333334,77717.89,-92.36000000000058,DOWN,0.27388535031847133,0.7261146496815287,0.27388535031847133,0.7261146496815287,DOWN,0.7261146496815287,0.2,0.21,0.79,0.8,0.8,-0.07388535031847132,LEAN,NO VALUE
2026-08-23T22:05:35.748483+00:00,KXBTC15M-26AUG231815-15,77810.25,5.5958080500000005,9.404191950000001,77702.63,-107.61999999999534,DOWN,0.27388535031847133,0.7261146496815287,0.27388535031847133,0.7261146496815287,DOWN,0.7261146496815287,0.33,0.34,0.66,0.67,0.67,0.05611464968152868,LEAN,SMALL EDGE
2026-08-23T22:06:00.770275+00:00,KXBTC15M-26AUG231815-15,77810.25,6.012837916666667,8.987162083333335,77675.87,-134.38000000000466,DOWN,0.109375,0.890625,0.109375,0.890625,DOWN,0.890625,0.27,0.28,0.72,0.73,0.73,0.16062500000000002,STRONG,POSITIVE EDGE
2026-08-23T22:06:24.973165+00:00,KXBTC15M-26AUG231815-15,77810.25,6.416219416666666,8.583780583333333,77722.13,-88.11999999999534,DOWN,0.3652173913043478,0.6347826086956522,0.3652173913043478,0.6347826086956522,DOWN,0.6347826086956522,0.27,0.28,0.72,0.73,0.73,-0.09521739130434781,RAW,NO VALUE
2026-08-23T22:06:49.472494+00:00,KXBTC15M-26AUG231815-15,77810.25,6.8245415666666664,8.175458433333334,77705.3,-104.94999999999709,DOWN,0.3652173913043478,0.6347826086956522,0.3652173913043478,0.6347826086956522,DOWN,0.6347826086956522,0.23,0.24,0.76,0.77,0.77,-0.13521739130434784,RAW,NO VALUE
2026-08-23T22:07:12.433808+00:00,KXBTC15M-26AUG231815-15,77810.25,7.207230133333334,7.792769866666666,77710.27,-99.97999999999593,DOWN,0.27388535031847133,0.7261146496815287,0.27388535031847133,0.7261146496815287,DOWN,0.7261146496815287,0.25,0.26,0.74,0.75,0.75,-0.023885350318471277,LEAN,NO VALUE
2026-08-23T22:07:38.862168+00:00,KXBTC15M-26AUG231815-15,77810.25,7.6477028,7.3522972,77749.9,-60.35000000000582,DOWN,0.39344262295081966,0.6065573770491803,0.39344262295081966,0.6065573770491803,DOWN,0.6065573770491803,0.25,0.26,0.74,0.75,0.75,-0.14344262295081966,RAW,NO VALUE
2026-08-23T22:08:01.722805+00:00,KXBTC15M-26AUG231815-15,77810.25,8.028713416666667,6.971286583333334,77705.77,-104.47999999999593,DOWN,0.19811320754716982,0.8018867924528301,0.19811320754716982,0.8018867924528301,DOWN,0.8018867924528301,0.27,0.28,0.72,0.73,0.73,0.07188679245283014,STRONG,SMALL EDGE
2026-08-23T22:08:27.568302+00:00,KXBTC15M-26AUG231815-15,77810.25,8.4594717,6.5405283,77689.32,-120.92999999999302,DOWN,0.109375,0.890625,0.109375,0.890625,DOWN,0.890625,0.21,0.23,0.77,0.79,0.79,0.10062499999999996,STRONG,POSITIVE EDGE
2026-08-23T22:08:49.919112+00:00,KXBTC15M-26AUG231815-15,77810.25,8.8319852,6.1680148,77710.25,-100.0,DOWN,0.24060150375939848,0.7593984962406015,0.24060150375939848,0.7593984962406015,DOWN,0.7593984962406015,0.19,0.2,0.8,0.81,0.81,-0.050601503759398536,LEAN,NO VALUE
2026-08-23T22:09:15.533689+00:00,KXBTC15M-26AUG231815-15,77810.25,9.258894816666666,5.7411051833333335,77716.8,-93.44999999999709,DOWN,0.24060150375939848,0.7593984962406015,0.24060150375939848,0.7593984962406015,DOWN,0.7593984962406015,0.19,0.2,0.8,0.81,0.81,-0.050601503759398536,LEAN,NO VALUE
2026-08-23T22:09:39.045080+00:00,KXBTC15M-26AUG231815-15,77810.25,9.650751333333334,5.349248666666667,77696.37,-113.88000000000466,DOWN,0.06989247311827956,0.9301075268817205,0.06989247311827956,0.9301075268817205,DOWN,0.9301075268817205,0.17,0.18,0.82,0.83,0.83,0.10010752688172053,90%+ LOCK CANDIDATE,POSITIVE EDGE
2026-08-23T22:10:04.144284+00:00,KXBTC15M-26AUG231815-15,77810.25,10.0690714,4.9309286,77729.38,-80.86999999999534,DOWN,0.109375,0.890625,0.109375,0.890625,DOWN,0.890625,0.16,0.17,0.83,0.84,0.84,0.05062500000000003,STRONG,SMALL EDGE
2026-08-23T22:10:26.622664+00:00,KXBTC15M-26AUG231815-15,77810.25,10.443711066666667,4.556288933333334,77764.17,-46.080000000001746,DOWN,0.3652173913043478,0.6347826086956522,0.3652173913043478,0.6347826086956522,DOWN,0.6347826086956522,0.13,0.14,0.86,0.87,0.87,-0.23521739130434782,RAW,NO VALUE
2026-08-23T22:10:51.792604+00:00,KXBTC15M-26AUG231815-15,77810.25,10.863210066666666,4.136789933333334,77753.73,-56.520000000004075,DOWN,0.24060150375939848,0.7593984962406015,0.24060150375939848,0.7593984962406015,DOWN,0.7593984962406015,0.13,0.14,0.86,0.87,0.87,-0.11060150375939848,LEAN,NO VALUE
2026-08-23T22:11:15.073027+00:00,KXBTC15M-26AUG231815-15,77810.25,11.251217116666668,3.7487828833333334,77739.69,-70.55999999999767,DOWN,0.10714285714285714,0.8928571428571429,0.10714285714285714,0.8928571428571429,DOWN,0.8928571428571429,0.21,0.22,0.78,0.79,0.79,0.10285714285714287,STRONG,POSITIVE EDGE
2026-08-23T22:11:38.803969+00:00,KXBTC15M-26AUG231815-15,77810.25,11.646732816666667,3.3532671833333336,77725.55,-84.69999999999709,DOWN,0.06989247311827956,0.9301075268817205,0.06989247311827956,0.9301075268817205,DOWN,0.9301075268817205,0.16,0.17,0.83,0.84,0.84,0.09010752688172052,LOCK,SMALL EDGE
2026-08-23T22:12:04.244791+00:00,KXBTC15M-26AUG231815-15,77810.25,12.070746516666667,2.9292534833333335,77706.28,-103.97000000000116,DOWN,0.05128205128205128,0.9487179487179487,0.05128205128205128,0.9487179487179487,DOWN,0.9487179487179487,0.075,0.08,0.92,0.925,0.925,0.023717948717948634,LOCK,SMALL EDGE
2026-08-23T22:12:27.250793+00:00,KXBTC15M-26AUG231815-15,77810.25,12.454179883333333,2.545820116666667,77741.85,-68.39999999999418,DOWN,0.05128205128205128,0.9487179487179487,0.05128205128205128,0.9487179487179487,DOWN,0.9487179487179487,0.075,0.08,0.92,0.925,0.925,0.023717948717948634,LOCK,SMALL EDGE
2026-08-23T22:12:50.681641+00:00,KXBTC15M-26AUG231815-15,77810.25,12.844694016666667,2.1553059833333332,77700.01,-110.24000000000524,DOWN,0.011904761904761904,0.9880952380952381,0.011904761904761904,0.9880952380952381,DOWN,0.9880952380952381,0.11,0.12,0.88,0.89,0.89,0.09809523809523812,LOCK,SMALL EDGE
2026-08-23T22:13:15.897425+00:00,KXBTC15M-26AUG231815-15,77810.25,13.264957083333334,1.7350429166666668,77706.44,-103.80999999999767,DOWN,0.011904761904761904,0.9880952380952381,0.011904761904761904,0.9880952380952381,DOWN,0.9880952380952381,0.016,0.018,0.982,0.984,0.984,0.004095238095238152,LOCK,SMALL EDGE
2026-08-23T22:13:38.105036+00:00,KXBTC15M-26AUG231815-15,77810.25,13.635083933333334,1.3649160666666666,77700.01,-110.24000000000524,DOWN,0.011904761904761904,0.9880952380952381,0.011904761904761904,0.9880952380952381,DOWN,0.9880952380952381,0.006,0.007,0.993,0.994,0.994,-0.005904761904761857,LOCK,NO VALUE
2026-08-23T22:14:03.884988+00:00,KXBTC15M-26AUG231815-15,77810.25,14.0647498,0.9352502,77695.79,-114.4600000000064,DOWN,0.0,1.0,0.0,1.0,DOWN,1.0,0.001,0.002,0.998,0.999,0.999,0.0010000000000000009,LOCK,SMALL EDGE
2026-08-23T22:14:24.692889+00:00,KXBTC15M-26AUG231815-15,77810.25,14.41154815,0.58845185,77656.47,-153.77999999999884,DOWN,0.011904761904761904,0.9880952380952381,0.011904761904761904,0.9880952380952381,DOWN,0.9880952380952381,0.001,0.002,0.998,0.999,0.999,-0.010904761904761862,LOCK,NO VALUE
2026-08-23T22:14:53.015150+00:00,KXBTC15M-26AUG231815-15,77810.25,14.883585833333333,0.11641416666666667,77713.31,-96.94000000000233,DOWN,0.011904761904761904,0.9880952380952381,0.011904761904761904,0.9880952380952381,DOWN,0.9880952380952381,0.0,0.001,0.999,1.0,1.0,-0.011904761904761862,LOCK,NO VALUE
2026-08-23T22:15:30.159343+00:00,KXBTC15M-26AUG231830-30,77688.63,0.5026557166666666,14.497344283333332,77641.83,-46.80000000000291,DOWN,0.4336734693877551,0.5663265306122449,0.4336734693877551,0.5663265306122449,DOWN,0.5663265306122449,0.47,0.48,0.52,0.53,0.53,0.03632653061224489,RAW,SMALL EDGE
2026-08-23T22:15:43.432696+00:00,KXBTC15M-26AUG231830-30,77688.63,0.7238782666666667,14.276121733333333,77646.35,-42.279999999998836,DOWN,0.4336734693877551,0.5663265306122449,0.4336734693877551,0.5663265306122449,DOWN,0.5663265306122449,0.47,0.48,0.52,0.53,0.53,0.03632653061224489,RAW,SMALL EDGE
2026-08-23T22:16:11.459172+00:00,KXBTC15M-26AUG231830-30,77688.63,1.1909862,13.8090138,77708.59,19.95999999999185,UP,0.42857142857142855,0.5714285714285714,0.5714285714285714,0.42857142857142855,UP,0.5714285714285714,0.41,0.42,0.58,0.59,0.42,0.1514285714285714,RAW,ATTRACTIVE <=50c
2026-08-23T22:16:32.045196+00:00,KXBTC15M-26AUG231830-30,77688.63,1.5340866,13.4659134,77722.38,33.75,UP,0.4090909090909091,0.5909090909090908,0.5909090909090908,0.4090909090909091,UP,0.5909090909090908,0.55,0.56,0.44,0.45,0.56,0.030909090909090775,RAW,SMALL EDGE
2026-08-23T22:17:00.084508+00:00,KXBTC15M-26AUG231830-30,77688.63,2.0014084666666667,12.998591533333332,77771.08,82.44999999999709,UP,0.27388535031847133,0.7261146496815287,0.7261146496815287,0.27388535031847133,UP,0.7261146496815287,0.64,0.65,0.35,0.36,0.65,0.0761146496815287,LEAN,SMALL EDGE
2026-08-23T22:17:21.773728+00:00,KXBTC15M-26AUG231830-30,77688.63,2.3628954666666666,12.637104533333334,77668.24,-20.389999999999418,DOWN,0.4336734693877551,0.5663265306122449,0.4336734693877551,0.5663265306122449,DOWN,0.5663265306122449,0.64,0.65,0.35,0.36,0.36,0.20632653061224493,RAW,IDEAL <=50c / LARGE EDGE
2026-08-23T22:17:48.971213+00:00,KXBTC15M-26AUG231830-30,77688.63,2.8161868833333332,12.183813116666666,77637.69,-50.94000000000233,DOWN,0.4336734693877551,0.5663265306122449,0.4336734693877551,0.5663265306122449,DOWN,0.5663265306122449,0.48,0.49,0.51,0.52,0.52,0.0463265306122449,RAW,SMALL EDGE
2026-08-23T22:18:11.085874+00:00,KXBTC15M-26AUG231830-30,77688.63,3.1847645666666664,11.815235433333333,77645.33,-43.30000000000291,DOWN,0.4336734693877551,0.5663265306122449,0.4336734693877551,0.5663265306122449,DOWN,0.5663265306122449,0.44,0.45,0.55,0.56,0.56,0.006326530612244863,RAW,SMALL EDGE
2026-08-23T22:18:37.741659+00:00,KXBTC15M-26AUG231830-30,77688.63,3.62902765,11.370972349999999,77652.97,-35.66000000000349,DOWN,0.4336734693877551,0.5663265306122449,0.4336734693877551,0.5663265306122449,DOWN,0.5663265306122449,0.44,0.45,0.55,0.56,0.56,0.006326530612244863,RAW,SMALL EDGE
2026-08-23T22:18:59.226101+00:00,KXBTC15M-26AUG231830-30,77688.63,3.9871016833333335,11.012898316666668,77679.7,-8.930000000007567,DOWN,0.4336734693877551,0.5663265306122449,0.4336734693877551,0.5663265306122449,DOWN,0.5663265306122449,0.46,0.47,0.53,0.54,0.54,0.02632653061224488,RAW,SMALL EDGE
2026-08-23T22:19:26.347962+00:00,KXBTC15M-26AUG231830-30,77688.63,4.4391327,10.5608673,77683.53,-5.100000000005821,DOWN,0.4336734693877551,0.5663265306122449,0.4336734693877551,0.5663265306122449,DOWN,0.5663265306122449,0.51,0.52,0.48,0.49,0.49,0.07632653061224492,RAW,SMALL EDGE
2026-08-23T22:19:47.223039+00:00,KXBTC15M-26AUG231830-30,77688.63,4.78705065,10.21294935,77719.01,30.379999999990105,UP,0.42857142857142855,0.5714285714285714,0.5714285714285714,0.42857142857142855,UP,0.5714285714285714,0.55,0.56,0.44,0.45,0.56,0.011428571428571344,RAW,SMALL EDGE
2026-08-23T22:20:15.851906+00:00,KXBTC15M-26AUG231830-30,77688.63,5.264198433333333,9.735801566666668,77724.55,35.919999999998254,UP,0.42857142857142855,0.5714285714285714,0.5714285714285714,0.42857142857142855,UP,0.5714285714285714,0.57,0.58,0.42,0.43,0.58,-0.008571428571428563,RAW,NO VALUE
2026-08-23T22:20:34.835746+00:00,KXBTC15M-26AUG231830-30,77688.63,5.580595766666666,9.419404233333333,77735.86,47.229999999995925,UP,0.39344262295081966,0.6065573770491803,0.6065573770491803,0.39344262295081966,UP,0.6065573770491803,0.57,0.58,0.42,0.43,0.58,0.026557377049180375,RAW,SMALL EDGE
2026-08-23T22:21:02.727854+00:00,KXBTC15M-26AUG231830-30,77688.63,6.045464233333333,8.954535766666668,77744.23,55.59999999999127,UP,0.3652173913043478,0.6347826086956522,0.6347826086956522,0.3652173913043478,UP,0.6347826086956522,0.65,0.66,0.34,0.35,0.66,-0.025217391304347858,RAW,NO VALUE
2026-08-23T22:21:23.668538+00:00,KXBTC15M-26AUG231830-30,77688.63,6.394475633333333,8.605524366666666,77729.37,40.73999999999069,UP,0.39344262295081966,0.6065573770491803,0.6065573770491803,0.39344262295081966,UP,0.6065573770491803,0.63,0.64,0.36,0.37,0.64,-0.03344262295081968,RAW,NO VALUE
2026-08-23T22:21:50.765195+00:00,KXBTC15M-26AUG231830-30,77688.63,6.846086583333333,8.153913416666667,77737.0,48.36999999999534,UP,0.39344262295081966,0.6065573770491803,0.6065573770491803,0.39344262295081966,UP,0.6065573770491803,0.63,0.64,0.36,0.37,0.64,-0.03344262295081968,RAW,NO VALUE
2026-08-23T22:22:12.156309+00:00,KXBTC15M-26AUG231830-30,77688.63,7.20260515,7.79739485,77733.18,44.54999999998836,UP,0.3652173913043478,0.6347826086956522,0.6347826086956522,0.3652173913043478,UP,0.6347826086956522,0.63,0.64,0.36,0.37,0.64,-0.00521739130434784,RAW,NO VALUE
2026-08-23T22:22:39.274598+00:00,KXBTC15M-26AUG231830-30,77688.63,7.654576633333334,7.345423366666666,77712.96,24.330000000001746,UP,0.39344262295081966,0.6065573770491803,0.6065573770491803,0.39344262295081966,UP,0.6065573770491803,0.64,0.65,0.35,0.36,0.65,-0.04344262295081969,RAW,NO VALUE
2026-08-23T22:23:00.074943+00:00,KXBTC15M-26AUG231830-30,77688.63,8.00124905,6.99875095,77752.24,63.61000000000058,UP,0.06989247311827956,0.9301075268817205,0.9301075268817205,0.06989247311827956,UP,0.9301075268817205,0.68,0.69,0.31,0.32,0.69,0.24010752688172055,90%+ LOCK CANDIDATE,LARGE EDGE / PRICE ABOVE 50c
2026-08-23T22:23:28.052490+00:00,KXBTC15M-26AUG231830-30,77688.63,8.4675415,6.532458500000001,77783.06,94.42999999999302,UP,0.10714285714285714,0.8928571428571429,0.8928571428571429,0.10714285714285714,UP,0.8928571428571429,0.82,0.83,0.17,0.18,0.83,0.06285714285714294,STRONG,SMALL EDGE
2026-08-23T22:23:48.207918+00:00,KXBTC15M-26AUG231830-30,77688.63,8.8034653,6.1965347,77791.3,102.66999999999825,UP,0.109375,0.890625,0.890625,0.109375,UP,0.890625,0.82,0.83,0.17,0.18,0.83,0.06062500000000004,STRONG,SMALL EDGE
2026-08-23T22:24:17.269967+00:00,KXBTC15M-26AUG231830-30,77688.63,9.287832783333332,5.712167216666667,77795.22,106.58999999999651,UP,0.011904761904761904,0.9880952380952381,0.9880952380952381,0.011904761904761904,UP,0.9880952380952381,0.87,0.88,0.12,0.13,0.88,0.10809523809523813,90%+ LOCK CANDIDATE,POSITIVE EDGE
2026-08-23T22:24:37.052807+00:00,KXBTC15M-26AUG231830-30,77688.63,9.617546783333333,5.382453216666667,77783.93,95.29999999998836,UP,0.05128205128205128,0.9487179487179487,0.9487179487179487,0.05128205128205128,UP,0.9487179487179487,0.88,0.89,0.11,0.12,0.89,0.058717948717948665,90%+ LOCK CANDIDATE,SMALL EDGE
2026-08-23T22:25:06.463636+00:00,KXBTC15M-26AUG231830-30,77688.63,10.107727266666666,4.892272733333333,77775.2,86.56999999999243,UP,0.06989247311827956,0.9301075268817205,0.9301075268817205,0.06989247311827956,UP,0.9301075268817205,0.84,0.85,0.15,0.16,0.85,0.08010752688172051,LOCK,SMALL EDGE
2026-08-23T22:25:24.558742+00:00,KXBTC15M-26AUG231830-30,77688.63,10.409312366666667,4.590687633333333,77763.75,75.11999999999534,UP,0.10714285714285714,0.8928571428571429,0.8928571428571429,0.10714285714285714,UP,0.8928571428571429,0.84,0.85,0.15,0.16,0.85,0.04285714285714293,STRONG,SMALL EDGE
2026-08-23T22:25:56.015280+00:00,KXBTC15M-26AUG231830-30,77688.63,10.933587999999999,4.066412000000001,77764.21,75.58000000000175,UP,0.06989247311827956,0.9301075268817205,0.9301075268817205,0.06989247311827956,UP,0.9301075268817205,0.83,0.84,0.16,0.17,0.84,0.09010752688172052,LOCK,SMALL EDGE
2026-08-23T22:26:13.601558+00:00,KXBTC15M-26AUG231830-30,77688.63,11.226692633333332,3.7733073666666663,77737.41,48.779999999998836,UP,0.24060150375939848,0.7593984962406015,0.7593984962406015,0.24060150375939848,UP,0.7593984962406015,0.901,0.909,0.091,0.099,0.909,-0.1496015037593985,LEAN,NO VALUE
2026-08-23T22:26:44.919379+00:00,KXBTC15M-26AUG231830-30,77688.63,11.748656316666667,3.2513436833333333,77767.51,78.8799999999901,UP,0.011904761904761904,0.9880952380952381,0.9880952380952381,0.011904761904761904,UP,0.9880952380952381,0.85,0.86,0.14,0.15,0.86,0.12809523809523815,LOCK,POSITIVE EDGE
2026-08-23T22:27:02.085569+00:00,KXBTC15M-26AUG231830-30,77688.63,12.034759483333334,2.965240516666667,77737.23,48.59999999999127,UP,0.109375,0.890625,0.890625,0.109375,UP,0.890625,0.85,0.86,0.14,0.15,0.86,0.030625000000000013,STRONG,SMALL EDGE
2026-08-23T22:27:34.937184+00:00,KXBTC15M-26AUG231830-30,77688.63,12.5822864,2.4177136,77757.15,68.51999999998952,UP,0.0,1.0,1.0,0.0,UP,1.0,0.82,0.83,0.17,0.18,0.83,0.17000000000000004,LOCK,POSITIVE EDGE
2026-08-23T22:27:51.024919+00:00,KXBTC15M-26AUG231830-30,77688.63,12.850415316666666,2.149584683333333,77774.2,85.56999999999243,UP,0.0,1.0,1.0,0.0,UP,1.0,0.983,0.984,0.016,0.017,0.984,0.016000000000000014,LOCK,SMALL EDGE
2026-08-23T22:28:23.855199+00:00,KXBTC15M-26AUG231830-30,77688.63,13.39758665,1.60241335,77804.79,116.15999999998894,UP,0.0,1.0,1.0,0.0,UP,1.0,0.996,0.997,0.003,0.004,0.997,0.0030000000000000027,LOCK,SMALL EDGE
2026-08-23T22:28:39.403645+00:00,KXBTC15M-26AUG231830-30,77688.63,13.656727416666666,1.3432725833333334,77752.28,63.64999999999418,UP,0.011904761904761904,0.9880952380952381,0.9880952380952381,0.011904761904761904,UP,0.9880952380952381,0.996,0.997,0.003,0.004,0.997,-0.00890476190476186,LOCK,NO VALUE
2026-08-23T22:29:12.559373+00:00,KXBTC15M-26AUG231830-30,77688.63,14.209322883333334,0.7906771166666666,77698.3,9.669999999998254,UP,0.24060150375939848,0.7593984962406015,0.7593984962406015,0.24060150375939848,UP,0.7593984962406015,0.89,0.91,0.09,0.11,0.91,-0.15060150375939851,LEAN,NO VALUE
2026-08-23T22:29:28.204856+00:00,KXBTC15M-26AUG231830-30,77688.63,14.470080933333332,0.5299190666666667,77691.17,2.539999999993597,UP,0.3652173913043478,0.6347826086956522,0.6347826086956522,0.3652173913043478,UP,0.6347826086956522,0.83,0.88,0.12,0.17,0.88,-0.24521739130434783,RAW,NO VALUE
2026-08-23T22:30:29.750609+00:00,KXBTC15M-26AUG231845-45,77693.91,0.49584348333333333,14.504156516666665,77696.69,2.779999999998836,UP,0.42857142857142855,0.5714285714285714,0.5714285714285714,0.42857142857142855,UP,0.5714285714285714,0.49,0.5,0.5,0.51,0.5,0.0714285714285714,RAW,SMALL EDGE
2026-08-23T22:30:42.384432+00:00,KXBTC15M-26AUG231845-45,77693.91,0.7064071999999999,14.2935928,77696.69,2.779999999998836,UP,0.42857142857142855,0.5714285714285714,0.5714285714285714,0.42857142857142855,UP,0.5714285714285714,0.49,0.5,0.5,0.51,0.5,0.0714285714285714,RAW,SMALL EDGE
2026-08-23T22:31:08.384496+00:00,KXBTC15M-26AUG231845-45,77693.91,1.1397416,13.8602584,77729.34,35.429999999993015,UP,0.39344262295081966,0.6065573770491803,0.6065573770491803,0.39344262295081966,UP,0.6065573770491803,0.5,0.51,0.49,0.5,0.51,0.09655737704918033,RAW,SMALL EDGE
2026-08-23T22:31:31.500378+00:00,KXBTC15M-26AUG231845-45,77693.91,1.5250063,13.4749937,77698.81,4.899999999994179,UP,0.42857142857142855,0.5714285714285714,0.5714285714285714,0.42857142857142855,UP,0.5714285714285714,0.5,0.51,0.49,0.5,0.51,0.06142857142857139,RAW,SMALL EDGE
2026-08-23T22:31:57.227283+00:00,KXBTC15M-26AUG231845-45,77693.91,1.95378805,13.046211949999998,77675.92,-17.99000000000524,DOWN,0.4336734693877551,0.5663265306122449,0.4336734693877551,0.5663265306122449,DOWN,0.5663265306122449,0.55,0.56,0.44,0.45,0.45,0.1163265306122449,RAW,POSITIVE EDGE
2026-08-23T22:32:21.273734+00:00,KXBTC15M-26AUG231845-45,77693.91,2.354562233333333,12.645437766666667,77675.22,-18.69000000000233,DOWN,0.4336734693877551,0.5663265306122449,0.4336734693877551,0.5663265306122449,DOWN,0.5663265306122449,0.5,0.51,0.49,0.5,0.5,0.06632653061224492,RAW,SMALL EDGE
2026-08-23T22:32:46.005511+00:00,KXBTC15M-26AUG231845-45,77693.91,2.766758516666667,12.233241483333334,77656.55,-37.36000000000058,DOWN,0.42857142857142855,0.5714285714285714,0.42857142857142855,0.5714285714285714,DOWN,0.5714285714285714,0.4,0.41,0.59,0.6,0.6,-0.02857142857142858,RAW,NO VALUE
2026-08-23T22:33:08.569300+00:00,KXBTC15M-26AUG231845-45,77693.91,3.142821666666667,11.857178333333334,77664.42,-29.49000000000524,DOWN,0.4336734693877551,0.5663265306122449,0.4336734693877551,0.5663265306122449,DOWN,0.5663265306122449,0.4,0.41,0.59,0.6,0.6,-0.03367346938775506,RAW,NO VALUE
2026-08-23T22:33:34.953951+00:00,KXBTC15M-26AUG231845-45,77693.91,3.58256585,11.41743415,77645.31,-48.60000000000582,DOWN,0.4336734693877551,0.5663265306122449,0.4336734693877551,0.5663265306122449,DOWN,0.5663265306122449,0.39,0.4,0.6,0.61,0.61,-0.04367346938775507,RAW,NO VALUE
2026-08-23T22:33:56.972302+00:00,KXBTC15M-26AUG231845-45,77693.91,3.949538366666667,11.050461633333333,77649.74,-44.169999999998254,DOWN,0.42857142857142855,0.5714285714285714,0.42857142857142855,0.5714285714285714,DOWN,0.5714285714285714,0.38,0.39,0.61,0.62,0.62,-0.0485714285714286,RAW,NO VALUE
2026-08-23T22:34:23.150755+00:00,KXBTC15M-26AUG231845-45,77693.91,4.385845916666667,10.614154083333334,77637.69,-56.220000000001164,DOWN,0.42857142857142855,0.5714285714285714,0.42857142857142855,0.5714285714285714,DOWN,0.5714285714285714,0.39,0.4,0.6,0.61,0.61,-0.03857142857142859,RAW,NO VALUE
2026-08-23T22:34:44.778638+00:00,KXBTC15M-26AUG231845-45,77693.91,4.746310633333334,10.253689366666666,77672.66,-21.25,DOWN,0.42857142857142855,0.5714285714285714,0.42857142857142855,0.5714285714285714,DOWN,0.5714285714285714,0.39,0.4,0.6,0.61,0.61,-0.03857142857142859,RAW,NO VALUE
2026-08-23T22:35:10.307651+00:00,KXBTC15M-26AUG231845-45,77693.91,5.171794183333334,9.828205816666667,77680.46,-13.44999999999709,DOWN,0.4336734693877551,0.5663265306122449,0.4336734693877551,0.5663265306122449,DOWN,0.5663265306122449,0.42,0.43,0.57,0.58,0.58,-0.013673469387755044,RAW,NO VALUE
2026-08-23T22:35:33.363261+00:00,KXBTC15M-26AUG231845-45,77693.91,5.55605435,9.44394565,77680.16,-13.75,DOWN,0.4336734693877551,0.5663265306122449,0.4336734693877551,0.5663265306122449,DOWN,0.5663265306122449,0.45,0.46,0.54,0.55,0.55,0.01632653061224487,RAW,SMALL EDGE
2026-08-23T22:35:57.961496+00:00,KXBTC15M-26AUG231845-45,77693.91,5.966024933333333,9.033975066666667,77669.88,-24.029999999998836,DOWN,0.39344262295081966,0.6065573770491803,0.39344262295081966,0.6065573770491803,DOWN,0.6065573770491803,0.41,0.42,0.58,0.59,0.59,0.016557377049180366,RAW,SMALL EDGE
2026-08-23T22:36:21.458749+00:00,KXBTC15M-26AUG231845-45,77693.91,6.3576458166666665,8.642354183333333,77652.96,-40.94999999999709,DOWN,0.27388535031847133,0.7261146496815287,0.27388535031847133,0.7261146496815287,DOWN,0.7261146496815287,0.41,0.42,0.58,0.59,0.59,0.13611464968152875,LEAN,POSITIVE EDGE
2026-08-23T22:36:46.267929+00:00,KXBTC15M-26AUG231845-45,77693.91,6.77113215,8.22886785,77653.73,-40.18000000000757,DOWN,0.27388535031847133,0.7261146496815287,0.27388535031847133,0.7261146496815287,DOWN,0.7261146496815287,0.39,0.41,0.59,0.61,0.61,0.11611464968152874,LEAN,POSITIVE EDGE
2026-08-23T22:37:09.974322+00:00,KXBTC15M-26AUG231845-45,77693.91,7.166238699999999,7.833761300000001,77625.59,-68.32000000000698,DOWN,0.24060150375939848,0.7593984962406015,0.24060150375939848,0.7593984962406015,DOWN,0.7593984962406015,0.39,0.41,0.59,0.61,0.61,0.14939849624060153,LEAN,POSITIVE EDGE
2026-08-23T22:37:32.544897+00:00,KXBTC15M-26AUG231845-45,77693.91,7.5424149499999995,7.4575850500000005,77632.04,-61.870000000009895,DOWN,0.24060150375939848,0.7593984962406015,0.24060150375939848,0.7593984962406015,DOWN,0.7593984962406015,0.32,0.33,0.67,0.68,0.68,0.07939849624060147,LEAN,SMALL EDGE
2026-08-23T22:37:59.099506+00:00,KXBTC15M-26AUG231845-45,77693.91,7.984991766666667,7.015008233333333,77607.13,-86.77999999999884,DOWN,0.27388535031847133,0.7261146496815287,0.27388535031847133,0.7261146496815287,DOWN,0.7261146496815287,0.28,0.29,0.71,0.72,0.72,0.00611464968152875,LEAN,SMALL EDGE
2026-08-23T22:38:21.499493+00:00,KXBTC15M-26AUG231845-45,77693.91,8.358324883333333,6.641675116666667,77607.13,-86.77999999999884,DOWN,0.19811320754716982,0.8018867924528301,0.19811320754716982,0.8018867924528301,DOWN,0.8018867924528301,0.2,0.21,0.79,0.8,0.8,0.0018867924528300772,STRONG,SMALL EDGE
2026-08-23T22:38:47.675910+00:00,KXBTC15M-26AUG231845-45,77693.91,8.794598500000001,6.2054015,77603.34,-90.57000000000698,DOWN,0.19811320754716982,0.8018867924528301,0.19811320754716982,0.8018867924528301,DOWN,0.8018867924528301,0.18,0.19,0.81,0.82,0.82,-0.01811320754716983,STRONG,NO VALUE
2026-08-23T22:39:09.515805+00:00,KXBTC15M-26AUG231845-45,77693.91,9.15859675,5.84140325,77708.97,15.059999999997672,UP,0.42857142857142855,0.5714285714285714,0.5714285714285714,0.42857142857142855,UP,0.5714285714285714,0.18,0.19,0.81,0.82,0.19,0.3814285714285714,RAW,IDEAL <=50c / LARGE EDGE
2026-08-23T22:39:37.031806+00:00,KXBTC15M-26AUG231845-45,77693.91,9.617196766666666,5.382803233333333,77687.35,-6.559999999997672,DOWN,0.4336734693877551,0.5663265306122449,0.4336734693877551,0.5663265306122449,DOWN,0.5663265306122449,0.46,0.48,0.52,0.54,0.54,0.02632653061224488,RAW,SMALL EDGE
2026-08-23T22:39:58.233792+00:00,KXBTC15M-26AUG231845-45,77693.91,9.970563199999999,5.0294368,77691.15,-2.7600000000093132,DOWN,0.4336734693877551,0.5663265306122449,0.4336734693877551,0.5663265306122449,DOWN,0.5663265306122449,0.49,0.5,0.5,0.51,0.51,0.05632653061224491,RAW,SMALL EDGE
2026-08-23T22:40:26.173954+00:00,KXBTC15M-26AUG231845-45,77693.91,10.436232566666666,4.563767433333334,77695.07,1.1600000000034925,UP,0.4336734693877551,0.5663265306122449,0.5663265306122449,0.4336734693877551,UP,0.5663265306122449,0.49,0.5,0.5,0.51,0.5,0.06632653061224492,RAW,SMALL EDGE
2026-08-23T22:40:48.150326+00:00,KXBTC15M-26AUG231845-45,77693.91,10.802505433333332,4.197494566666666,77654.83,-39.080000000001746,DOWN,0.27388535031847133,0.7261146496815287,0.27388535031847133,0.7261146496815287,DOWN,0.7261146496815287,0.5,0.51,0.49,0.5,0.5,0.22611464968152872,LEAN,IDEAL <=50c / LARGE EDGE
2026-08-23T22:41:14.651506+00:00,KXBTC15M-26AUG231845-45,77693.91,11.244191766666667,3.755808233333333,77679.23,-14.680000000007567,DOWN,0.42857142857142855,0.5714285714285714,0.42857142857142855,0.5714285714285714,DOWN,0.5714285714285714,0.27,0.28,0.72,0.73,0.73,-0.15857142857142859,RAW,NO VALUE
2026-08-23T22:41:36.442564+00:00,KXBTC15M-26AUG231845-45,77693.91,11.607376066666665,3.3926239333333332,77647.04,-46.870000000009895,DOWN,0.10714285714285714,0.8928571428571429,0.10714285714285714,0.8928571428571429,DOWN,0.8928571428571429,0.27,0.28,0.72,0.73,0.73,0.16285714285714292,STRONG,POSITIVE EDGE
2026-08-23T22:42:03.493977+00:00,KXBTC15M-26AUG231845-45,77693.91,12.058232949999999,2.94176705,77623.38,-70.52999999999884,DOWN,0.06989247311827956,0.9301075268817205,0.06989247311827956,0.9301075268817205,DOWN,0.9301075268817205,0.24,0.25,0.75,0.76,0.76,0.17010752688172048,LOCK,POSITIVE EDGE
2026-08-23T22:42:24.282005+00:00,KXBTC15M-26AUG231845-45,77693.91,12.404700083333333,2.595299916666667,77636.67,-57.24000000000524,DOWN,0.06989247311827956,0.9301075268817205,0.06989247311827956,0.9301075268817205,DOWN,0.9301075268817205,0.18,0.19,0.81,0.82,0.82,0.11010752688172054,LOCK,POSITIVE EDGE
2026-08-23T22:42:51.981495+00:00,KXBTC15M-26AUG231845-45,77693.91,12.86635825,2.1336417500000002,77655.03,-38.88000000000466,DOWN,0.06989247311827956,0.9301075268817205,0.06989247311827956,0.9301075268817205,DOWN,0.9301075268817205,0.23,0.24,0.76,0.77,0.77,0.16010752688172047,LOCK,POSITIVE EDGE
2026-08-23T22:43:12.751667+00:00,KXBTC15M-26AUG231845-45,77693.91,13.212527783333334,1.7874722166666668,77664.28,-29.630000000004657,DOWN,0.109375,0.890625,0.109375,0.890625,DOWN,0.890625,0.23,0.24,0.76,0.77,0.77,0.12062499999999998,STRONG,POSITIVE EDGE
2026-08-23T22:43:41.202126+00:00,KXBTC15M-26AUG231845-45,77693.91,13.6867021,1.3132978999999998,77659.06,-34.85000000000582,DOWN,0.034482758620689655,0.9655172413793104,0.034482758620689655,0.9655172413793104,DOWN,0.9655172413793104,0.17,0.18,0.82,0.83,0.83,0.13551724137931043,LOCK,POSITIVE EDGE
2026-08-23T22:44:01.411073+00:00,KXBTC15M-26AUG231845-45,77693.91,14.023517883333334,0.9764821166666666,77659.06,-34.85000000000582,DOWN,0.011904761904761904,0.9880952380952381,0.011904761904761904,0.9880952380952381,DOWN,0.9880952380952381,0.092,0.1,0.9,0.908,0.908,0.08009523809523811,LOCK,SMALL EDGE
2026-08-23T22:44:29.336797+00:00,KXBTC15M-26AUG231845-45,77693.91,14.488946616666668,0.5110533833333333,77650.4,-43.51000000000931,DOWN,0.011904761904761904,0.9880952380952381,0.011904761904761904,0.9880952380952381,DOWN,0.9880952380952381,0.003,0.004,0.996,0.997,0.997,-0.00890476190476186,LOCK,NO VALUE
2026-08-23T22:44:50.018944+00:00,KXBTC15M-26AUG231845-45,77693.91,14.833649066666668,0.16635093333333334,77643.55,-50.36000000000058,DOWN,0.011904761904761904,0.9880952380952381,0.011904761904761904,0.9880952380952381,DOWN,0.9880952380952381,0.003,0.004,0.996,0.997,0.997,-0.00890476190476186,LOCK,NO VALUE
2026-08-23T22:45:46.696648+00:00,KXBTC15M-26AUG231900-00,77653.37,0.7782774666666668,14.221722533333333,77625.41,-27.95999999999185,DOWN,0.4336734693877551,0.5663265306122449,0.4336734693877551,0.5663265306122449,DOWN,0.5663265306122449,0.48,0.49,0.51,0.52,0.52,0.0463265306122449,RAW,SMALL EDGE
2026-08-23T22:46:01.937634+00:00,KXBTC15M-26AUG231900-00,77653.37,1.0322939,13.9677061,77567.83,-85.5399999999936,DOWN,0.42857142857142855,0.5714285714285714,0.42857142857142855,0.5714285714285714,DOWN,0.5714285714285714,0.48,0.49,0.51,0.52,0.52,0.05142857142857138,RAW,SMALL EDGE
2026-08-23T22:46:23.132194+00:00,KXBTC15M-26AUG231900-00,77653.37,1.3855365666666666,13.614463433333333,77605.96,-47.40999999998894,DOWN,0.42857142857142855,0.5714285714285714,0.42857142857142855,0.5714285714285714,DOWN,0.5714285714285714,0.29,0.3,0.7,0.71,0.71,-0.13857142857142857,RAW,NO VALUE
2026-08-23T22:46:50.479610+00:00,KXBTC15M-26AUG231900-00,77653.37,1.8413268333333332,13.158673166666667,77626.23,-27.139999999999418,DOWN,0.39344262295081966,0.6065573770491803,0.39344262295081966,0.6065573770491803,DOWN,0.6065573770491803,0.35,0.36,0.64,0.65,0.65,-0.04344262295081969,RAW,NO VALUE
2026-08-23T22:47:12.579690+00:00,KXBTC15M-26AUG231900-00,77653.37,2.2096615,12.790338499999999,77618.6,-34.76999999998952,DOWN,0.4090909090909091,0.5909090909090908,0.4090909090909091,0.5909090909090908,DOWN,0.5909090909090908,0.43,0.44,0.56,0.57,0.57,0.020909090909090877,RAW,SMALL EDGE
2026-08-23T22:47:38.922151+00:00,KXBTC15M-26AUG231900-00,77653.37,2.648702516666667,12.351297483333333,77632.71,-20.65999999998894,DOWN,0.39344262295081966,0.6065573770491803,0.39344262295081966,0.6065573770491803,DOWN,0.6065573770491803,0.42,0.43,0.57,0.58,0.58,0.026557377049180375,RAW,SMALL EDGE
2026-08-23T22:48:01.218060+00:00,KXBTC15M-26AUG231900-00,77653.37,3.0203010000000003,11.979699,77635.55,-17.819999999992433,DOWN,0.42857142857142855,0.5714285714285714,0.42857142857142855,0.5714285714285714,DOWN,0.5714285714285714,0.42,0.43,0.57,0.58,0.58,-0.008571428571428563,RAW,NO VALUE
2026-08-23T22:48:26.973127+00:00,KXBTC15M-26AUG231900-00,77653.37,3.4495521166666667,11.550447883333334,77620.47,-32.89999999999418,DOWN,0.39344262295081966,0.6065573770491803,0.39344262295081966,0.6065573770491803,DOWN,0.6065573770491803,0.47,0.48,0.52,0.53,0.53,0.07655737704918031,RAW,SMALL EDGE
2026-08-23T22:48:50.406698+00:00,KXBTC15M-26AUG231900-00,77653.37,3.8401116333333336,11.159888366666667,77641.26,-12.110000000000582,DOWN,0.4336734693877551,0.5663265306122449,0.4336734693877551,0.5663265306122449,DOWN,0.5663265306122449,0.44,0.45,0.55,0.56,0.56,0.006326530612244863,RAW,SMALL EDGE
2026-08-23T22:49:15.979375+00:00,KXBTC15M-26AUG231900-00,77653.37,4.266322916666667,10.733677083333333,77664.07,10.700000000011642,UP,0.42857142857142855,0.5714285714285714,0.5714285714285714,0.42857142857142855,UP,0.5714285714285714,0.5,0.51,0.49,0.5,0.51,0.06142857142857139,RAW,SMALL EDGE
2026-08-23T22:49:38.633744+00:00,KXBTC15M-26AUG231900-00,77653.37,4.643895733333333,10.356104266666668,77659.32,5.9500000000116415,UP,0.39344262295081966,0.6065573770491803,0.6065573770491803,0.39344262295081966,UP,0.6065573770491803,0.5,0.51,0.49,0.5,0.51,0.09655737704918033,RAW,SMALL EDGE
2026-08-23T22:50:03.429070+00:00,KXBTC15M-26AUG231900-00,77653.37,5.057151166666667,9.942848833333333,77670.09,16.720000000001164,UP,0.3652173913043478,0.6347826086956522,0.6347826086956522,0.3652173913043478,UP,0.6347826086956522,0.52,0.53,0.47,0.48,0.53,0.10478260869565215,RAW,POSITIVE EDGE
2026-08-23T22:50:27.045450+00:00,KXBTC15M-26AUG231900-00,77653.37,5.4507575,9.5492425,77656.35,2.9800000000104774,UP,0.39344262295081966,0.6065573770491803,0.6065573770491803,0.39344262295081966,UP,0.6065573770491803,0.54,0.55,0.45,0.46,0.55,0.05655737704918029,RAW,SMALL EDGE
2026-08-23T22:50:51.299339+00:00,KXBTC15M-26AUG231900-00,77653.37,5.854988983333333,9.145011016666666,77653.15,-0.22000000000116415,DOWN,0.4336734693877551,0.5663265306122449,0.4336734693877551,0.5663265306122449,DOWN,0.5663265306122449,0.49,0.5,0.5,0.51,0.51,0.05632653061224491,RAW,SMALL EDGE
2026-08-23T22:51:16.394688+00:00,KXBTC15M-26AUG231900-00,77653.37,6.2732448,8.726755200000001,77651.89,-1.4799999999959255,DOWN,0.4336734693877551,0.5663265306122449,0.4336734693877551,0.5663265306122449,DOWN,0.5663265306122449,0.49,0.5,0.5,0.51,0.51,0.05632653061224491,RAW,SMALL EDGE
2026-08-23T22:51:38.892222+00:00,KXBTC15M-26AUG231900-00,77653.37,6.6482037,8.3517963,77664.42,11.05000000000291,UP,0.3652173913043478,0.6347826086956522,0.6347826086956522,0.3652173913043478,UP,0.6347826086956522,0.44,0.45,0.55,0.56,0.45,0.18478260869565216,RAW,ATTRACTIVE <=50c
2026-08-23T22:52:03.990265+00:00,KXBTC15M-26AUG231900-00,77653.37,7.066504416666667,7.933495583333333,77682.47,29.10000000000582,UP,0.24060150375939848,0.7593984962406015,0.7593984962406015,0.24060150375939848,UP,0.7593984962406015,0.59,0.6,0.4,0.41,0.6,0.15939849624060154,LEAN,POSITIVE EDGE
2026-08-23T22:52:28.819946+00:00,KXBTC15M-26AUG231900-00,77653.37,7.480332433333333,7.519667566666667,77653.72,0.35000000000582077,UP,0.39344262295081966,0.6065573770491803,0.6065573770491803,0.39344262295081966,UP,0.6065573770491803,0.72,0.73,0.27,0.28,0.73,-0.12344262295081965,RAW,NO VALUE
2026-08-23T22:52:52.579081+00:00,KXBTC15M-26AUG231900-00,77653.37,7.876318016666667,7.123681983333333,77645.11,-8.259999999994761,DOWN,0.42857142857142855,0.5714285714285714,0.42857142857142855,0.5714285714285714,DOWN,0.5714285714285714,0.72,0.73,0.27,0.28,0.28,0.29142857142857137,RAW,IDEAL <=50c / LARGE EDGE
2026-08-23T22:53:17.336720+00:00,KXBTC15M-26AUG231900-00,77653.37,8.288945333333334,6.711054666666667,77656.78,3.4100000000034925,UP,0.3652173913043478,0.6347826086956522,0.6347826086956522,0.3652173913043478,UP,0.6347826086956522,0.47,0.48,0.52,0.53,0.48,0.1547826086956522,RAW,ATTRACTIVE <=50c
2026-08-23T22:53:39.787034+00:00,KXBTC15M-26AUG231900-00,77653.37,8.663117233333333,6.336882766666666,77633.87,-19.5,DOWN,0.3652173913043478,0.6347826086956522,0.3652173913043478,0.6347826086956522,DOWN,0.6347826086956522,0.48,0.49,0.51,0.52,0.52,0.11478260869565216,RAW,POSITIVE EDGE
2026-08-23T22:54:05.871342+00:00,KXBTC15M-26AUG231900-00,77653.37,9.0978557,5.9021443,77647.63,-5.739999999990687,DOWN,0.4336734693877551,0.5663265306122449,0.4336734693877551,0.5663265306122449,DOWN,0.5663265306122449,0.49,0.5,0.5,0.51,0.51,0.05632653061224491,RAW,SMALL EDGE
2026-08-23T22:54:28.319976+00:00,KXBTC15M-26AUG231900-00,77653.37,9.4719996,5.5280004,77659.42,6.05000000000291,UP,0.27388535031847133,0.7261146496815287,0.7261146496815287,0.27388535031847133,UP,0.7261146496815287,0.49,0.5,0.5,0.51,0.5,0.22611464968152872,LEAN,IDEAL <=50c / LARGE EDGE
2026-08-23T22:54:53.001068+00:00,KXBTC15M-26AUG231900-00,77653.37,9.883351133333333,5.116648866666667,77637.13,-16.239999999990687,DOWN,0.39344262295081966,0.6065573770491803,0.39344262295081966,0.6065573770491803,DOWN,0.6065573770491803,0.5,0.51,0.49,0.5,0.5,0.10655737704918034,RAW,POSITIVE EDGE
2026-08-23T22:55:15.890549+00:00,KXBTC15M-26AUG231900-00,77653.37,10.264842483333332,4.735157516666666,77650.91,-2.459999999991851,DOWN,0.4336734693877551,0.5663265306122449,0.4336734693877551,0.5663265306122449,DOWN,0.5663265306122449,0.49,0.5,0.5,0.51,0.51,0.05632653061224491,RAW,SMALL EDGE
2026-08-23T22:55:40.283475+00:00,KXBTC15M-26AUG231900-00,77653.37,10.67139125,4.32860875,77635.69,-17.679999999993015,DOWN,0.3652173913043478,0.6347826086956522,0.3652173913043478,0.6347826086956522,DOWN,0.6347826086956522,0.49,0.5,0.5,0.51,0.51,0.12478260869565216,RAW,POSITIVE EDGE
2026-08-23T22:56:04.913233+00:00,KXBTC15M-26AUG231900-00,77653.37,11.081887216666667,3.9181127833333336,77639.68,-13.690000000002328,DOWN,0.39344262295081966,0.6065573770491803,0.39344262295081966,0.6065573770491803,DOWN,0.6065573770491803,0.39,0.4,0.6,0.61,0.61,-0.0034426229508196515,RAW,NO VALUE
2026-08-23T22:56:29.308796+00:00,KXBTC15M-26AUG231900-00,77653.37,11.488479933333334,3.511520066666667,77618.59,-34.779999999998836,DOWN,0.24060150375939848,0.7593984962406015,0.24060150375939848,0.7593984962406015,DOWN,0.7593984962406015,0.39,0.4,0.6,0.61,0.61,0.14939849624060153,LEAN,POSITIVE EDGE
2026-08-23T22:56:52.096629+00:00,KXBTC15M-26AUG231900-00,77653.37,11.86827715,3.13172285,77610.09,-43.279999999998836,DOWN,0.109375,0.890625,0.109375,0.890625,DOWN,0.890625,0.19,0.2,0.8,0.81,0.81,0.08062499999999995,STRONG,SMALL EDGE
2026-08-23T22:57:18.597653+00:00,KXBTC15M-26AUG231900-00,77653.37,12.309960883333334,2.6900391166666666,77604.48,-48.88999999999942,DOWN,0.06989247311827956,0.9301075268817205,0.06989247311827956,0.9301075268817205,DOWN,0.9301075268817205,0.19,0.2,0.8,0.81,0.81,0.12010752688172044,LOCK,POSITIVE EDGE
2026-08-23T22:57:40.205590+00:00,KXBTC15M-26AUG231900-00,77653.37,12.670093166666668,2.3299068333333333,77609.6,-43.76999999998952,DOWN,0.06989247311827956,0.9301075268817205,0.06989247311827956,0.9301075268817205,DOWN,0.9301075268817205,0.14,0.15,0.85,0.86,0.86,0.0701075268817205,LOCK,SMALL EDGE
2026-08-23T22:58:06.695045+00:00,KXBTC15M-26AUG231900-00,77653.37,13.111584083333334,1.8884159166666667,77584.12,-69.25,DOWN,0.011904761904761904,0.9880952380952381,0.011904761904761904,0.9880952380952381,DOWN,0.9880952380952381,0.1,0.11,0.89,0.9,0.9,0.08809523809523812,LOCK,SMALL EDGE
2026-08-23T22:58:29.345350+00:00,KXBTC15M-26AUG231900-00,77653.37,13.489089166666668,1.5109108333333334,77580.39,-72.97999999999593,DOWN,0.011904761904761904,0.9880952380952381,0.011904761904761904,0.9880952380952381,DOWN,0.9880952380952381,0.008,0.009,0.991,0.992,0.992,-0.0039047619047618554,LOCK,NO VALUE
2026-08-23T22:58:54.600073+00:00,KXBTC15M-26AUG231900-00,77653.37,13.910001216666666,1.0899987833333333,77579.32,-74.04999999998836,DOWN,0.011904761904761904,0.9880952380952381,0.011904761904761904,0.9880952380952381,DOWN,0.9880952380952381,0.003,0.005,0.995,0.997,0.997,-0.00890476190476186,LOCK,NO VALUE
2026-08-23T22:59:17.590229+00:00,KXBTC15M-26AUG231900-00,77653.37,14.293170483333334,0.7068295166666666,77580.39,-72.97999999999593,DOWN,0.011904761904761904,0.9880952380952381,0.011904761904761904,0.9880952380952381,DOWN,0.9880952380952381,0.003,0.005,0.995,0.997,0.997,-0.00890476190476186,LOCK,NO VALUE
2026-08-23T22:59:43.629189+00:00,KXBTC15M-26AUG231900-00,77653.37,14.72715315,0.27284685,77592.14,-61.229999999995925,DOWN,0.011904761904761904,0.9880952380952381,0.011904761904761904,0.9880952380952381,DOWN,0.9880952380952381,0.0,0.001,0.999,1.0,1.0,-0.011904761904761862,LOCK,NO VALUE
2026-08-23T23:00:52.274279+00:00,KXBTC15M-26AUG231915-15,77596.94,0.8712379833333334,14.128762016666666,77596.51,-0.430000000007567,DOWN,1.0,0.0,1.0,0.0,UP,1.0,0.51,0.52,0.48,0.49,0.52,0.48,EARLY 90%+ / NOT YET VALIDATED LOCK,LARGE EDGE / PRICE ABOVE 50c
2026-08-23T23:01:05.982585+00:00,KXBTC15M-26AUG231915-15,77596.94,1.09970975,13.900290250000001,77598.73,1.7899999999935972,UP,0.39344262295081966,0.6065573770491803,0.6065573770491803,0.39344262295081966,UP,0.6065573770491803,0.51,0.52,0.48,0.49,0.52,0.08655737704918032,RAW,SMALL EDGE
2026-08-23T23:01:31.538376+00:00,KXBTC15M-26AUG231915-15,77596.94,1.5256396,13.4743604,77568.93,-28.010000000009313,DOWN,0.39344262295081966,0.6065573770491803,0.39344262295081966,0.6065573770491803,DOWN,0.6065573770491803,0.51,0.52,0.48,0.49,0.49,0.11655737704918034,RAW,POSITIVE EDGE
2026-08-23T23:01:55.638147+00:00,KXBTC15M-26AUG231915-15,77596.94,1.92730245,13.072697549999999,77536.95,-59.99000000000524,DOWN,0.39344262295081966,0.6065573770491803,0.39344262295081966,0.6065573770491803,DOWN,0.6065573770491803,0.44,0.45,0.55,0.56,0.56,0.04655737704918028,RAW,SMALL EDGE
2026-08-23T23:02:20.745179+00:00,KXBTC15M-26AUG231915-15,77596.94,2.3457529833333335,12.654247016666666,77511.62,-85.32000000000698,DOWN,0.39344262295081966,0.6065573770491803,0.39344262295081966,0.6065573770491803,DOWN,0.6065573770491803,0.32,0.33,0.67,0.68,0.68,-0.07344262295081971,RAW,NO VALUE
2026-08-23T23:02:43.853023+00:00,KXBTC15M-26AUG231915-15,77596.94,2.730883716666667,12.269116283333334,77507.47,-89.47000000000116,DOWN,0.39344262295081966,0.6065573770491803,0.39344262295081966,0.6065573770491803,DOWN,0.6065573770491803,0.32,0.33,0.67,0.68,0.68,-0.07344262295081971,RAW,NO VALUE
2026-08-23T23:03:09.451978+00:00,KXBTC15M-26AUG231915-15,77596.94,3.1575329666666665,11.842467033333332,77488.7,-108.24000000000524,DOWN,0.27388535031847133,0.7261146496815287,0.27388535031847133,0.7261146496815287,DOWN,0.7261146496815287,0.26,0.27,0.73,0.74,0.74,-0.013885350318471268,LEAN,NO VALUE
2026-08-23T23:03:31.718039+00:00,KXBTC15M-26AUG231915-15,77596.94,3.5286339833333336,11.471366016666668,77477.86,-119.08000000000175,DOWN,0.24060150375939848,0.7593984962406015,0.24060150375939848,0.7593984962406015,DOWN,0.7593984962406015,0.23,0.24,0.76,0.77,0.77,-0.0106015037593985,LEAN,NO VALUE
2026-08-23T23:03:58.111678+00:00,KXBTC15M-26AUG231915-15,77596.94,3.968527966666667,11.031472033333333,77435.23,-161.7100000000064,DOWN,0.109375,0.890625,0.109375,0.890625,DOWN,0.890625,0.14,0.15,0.85,0.86,0.86,0.030625000000000013,STRONG,SMALL EDGE
2026-08-23T23:04:19.499830+00:00,KXBTC15M-26AUG231915-15,77596.94,4.324997166666666,10.675002833333334,77461.15,-135.79000000000815,DOWN,0.19811320754716982,0.8018867924528301,0.19811320754716982,0.8018867924528301,DOWN,0.8018867924528301,0.14,0.15,0.85,0.86,0.86,-0.058113207547169865,STRONG,NO VALUE
2026-08-23T23:04:46.724686+00:00,KXBTC15M-26AUG231915-15,77596.94,4.778744766666667,10.221255233333332,77446.19,-150.75,DOWN,0.109375,0.890625,0.109375,0.890625,DOWN,0.890625,0.17,0.18,0.82,0.83,0.83,0.06062500000000004,STRONG,SMALL EDGE
2026-08-23T23:05:07.473239+00:00,KXBTC15M-26AUG231915-15,77596.94,5.124553983333333,9.875446016666666,77431.4,-165.54000000000815,DOWN,0.06989247311827956,0.9301075268817205,0.06989247311827956,0.9301075268817205,DOWN,0.9301075268817205,0.13,0.14,0.86,0.87,0.87,0.0601075268817205,EARLY 90%+ / NOT YET VALIDATED LOCK,SMALL EDGE
2026-08-23T23:05:35.547115+00:00,KXBTC15M-26AUG231915-15,77596.94,5.592451916666667,9.407548083333333,77450.51,-146.43000000000757,DOWN,0.109375,0.890625,0.109375,0.890625,DOWN,0.890625,0.13,0.14,0.86,0.87,0.87,0.020625000000000004,STRONG,SMALL EDGE
2026-08-23T23:05:55.784454+00:00,KXBTC15M-26AUG231915-15,77596.94,5.9297409,9.0702591,77442.71,-154.22999999999593,DOWN,0.06989247311827956,0.9301075268817205,0.06989247311827956,0.9301075268817205,DOWN,0.9301075268817205,0.14,0.15,0.85,0.86,0.86,0.0701075268817205,EARLY 90%+ / NOT YET VALIDATED LOCK,SMALL EDGE
2026-08-23T23:06:25.070905+00:00,KXBTC15M-26AUG231915-15,77596.94,6.417848416666667,8.582151583333333,77374.95,-221.99000000000524,DOWN,0.011904761904761904,0.9880952380952381,0.011904761904761904,0.9880952380952381,DOWN,0.9880952380952381,0.12,0.13,0.87,0.88,0.88,0.10809523809523813,EARLY 90%+ / NOT YET VALIDATED LOCK,POSITIVE EDGE
2026-08-23T23:06:44.645338+00:00,KXBTC15M-26AUG231915-15,77596.94,6.744088966666666,8.255911033333334,77362.64,-234.3000000000029,DOWN,0.05128205128205128,0.9487179487179487,0.05128205128205128,0.9487179487179487,DOWN,0.9487179487179487,0.051,0.052,0.948,0.949,0.949,-0.0002820512820512766,EARLY 90%+ / NOT YET VALIDATED LOCK,NO VALUE
2026-08-23T23:07:14.782791+00:00,KXBTC15M-26AUG231915-15,77596.94,7.246379849999999,7.753620150000001,77412.3,-184.63999999999942,DOWN,0.05128205128205128,0.9487179487179487,0.05128205128205128,0.9487179487179487,DOWN,0.9487179487179487,0.09,0.091,0.909,0.91,0.91,0.03871794871794865,EARLY 90%+ / NOT YET VALIDATED LOCK,SMALL EDGE
2026-08-23T23:07:33.664082+00:00,KXBTC15M-26AUG231915-15,77596.94,7.561068033333333,7.438931966666667,77400.24,-196.6999999999971,DOWN,0.011904761904761904,0.9880952380952381,0.011904761904761904,0.9880952380952381,DOWN,0.9880952380952381,0.09,0.091,0.909,0.91,0.91,0.0780952380952381,EARLY 90%+ / NOT YET VALIDATED LOCK,SMALL EDGE
2026-08-23T23:08:04.051205+00:00,KXBTC15M-26AUG231915-15,77596.94,8.067520083333333,6.932479916666667,77409.35,-187.5899999999965,DOWN,0.011904761904761904,0.9880952380952381,0.011904761904761904,0.9880952380952381,DOWN,0.9880952380952381,0.076,0.077,0.923,0.924,0.924,0.0640952380952381,90%+ LOCK CANDIDATE,SMALL EDGE
2026-08-23T23:08:21.934261+00:00,KXBTC15M-26AUG231915-15,77596.94,8.365571016666667,6.634428983333334,77413.71,-183.22999999999593,DOWN,0.011904761904761904,0.9880952380952381,0.011904761904761904,0.9880952380952381,DOWN,0.9880952380952381,0.07,0.071,0.929,0.93,0.93,0.05809523809523809,90%+ LOCK CANDIDATE,SMALL EDGE
2026-08-23T23:08:52.200427+00:00,KXBTC15M-26AUG231915-15,77596.94,8.870007116666667,6.129992883333333,77457.61,-139.33000000000175,DOWN,0.06989247311827956,0.9301075268817205,0.06989247311827956,0.9301075268817205,DOWN,0.9301075268817205,0.098,0.1,0.9,0.902,0.902,0.028107526881720468,90%+ LOCK CANDIDATE,SMALL EDGE
2026-08-23T23:09:10.075777+00:00,KXBTC15M-26AUG231915-15,77596.94,9.167929616666667,5.832070383333333,77472.99,-123.94999999999709,DOWN,0.19811320754716982,0.8018867924528301,0.19811320754716982,0.8018867924528301,DOWN,0.8018867924528301,0.098,0.1,0.9,0.902,0.902,-0.1001132075471699,STRONG,NO VALUE
2026-08-23T23:09:40.576425+00:00,KXBTC15M-26AUG231915-15,77596.94,9.67627375,5.323726250000001,77499.54,-97.40000000000873,DOWN,0.24060150375939848,0.7593984962406015,0.24060150375939848,0.7593984962406015,DOWN,0.7593984962406015,0.13,0.14,0.86,0.87,0.87,-0.11060150375939848,LEAN,NO VALUE
2026-08-23T23:09:59.997915+00:00,KXBTC15M-26AUG231915-15,77596.94,9.99996525,5.00003475,77477.25,-119.69000000000233,DOWN,0.109375,0.890625,0.109375,0.890625,DOWN,0.890625,0.12,0.13,0.87,0.88,0.88,0.010624999999999996,STRONG,SMALL EDGE
2026-08-23T23:10:28.471524+00:00,KXBTC15M-26AUG231915-15,77596.94,10.474525400000001,4.5254746,77498.06,-98.88000000000466,DOWN,0.19811320754716982,0.8018867924528301,0.19811320754716982,0.8018867924528301,DOWN,0.8018867924528301,0.12,0.13,0.87,0.88,0.88,-0.07811320754716988,STRONG,NO VALUE
2026-08-23T23:10:48.651194+00:00,KXBTC15M-26AUG231915-15,77596.94,10.810853233333335,4.189146766666666,77465.79,-131.15000000000873,DOWN,0.10714285714285714,0.8928571428571429,0.10714285714285714,0.8928571428571429,DOWN,0.8928571428571429,0.13,0.14,0.86,0.87,0.87,0.02285714285714291,STRONG,SMALL EDGE
2026-08-23T23:11:16.335453+00:00,KXBTC15M-26AUG231915-15,77596.94,11.27225755,3.72774245,77419.95,-176.99000000000524,DOWN,0.011904761904761904,0.9880952380952381,0.011904761904761904,0.9880952380952381,DOWN,0.9880952380952381,0.037,0.043,0.957,0.963,0.963,0.02509523809523817,LOCK,SMALL EDGE
2026-08-23T23:11:37.199375+00:00,KXBTC15M-26AUG231915-15,77596.94,11.619989583333334,3.3800104166666665,77413.3,-183.63999999999942,DOWN,0.011904761904761904,0.9880952380952381,0.011904761904761904,0.9880952380952381,DOWN,0.9880952380952381,0.012,0.013,0.987,0.988,0.988,9.523809523814819e-05,LOCK,SMALL EDGE
2026-08-23T23:12:04.824660+00:00,KXBTC15M-26AUG231915-15,77596.94,12.080411,2.919589,77381.75,-215.19000000000233,DOWN,0.011904761904761904,0.9880952380952381,0.011904761904761904,0.9880952380952381,DOWN,0.9880952380952381,0.012,0.013,0.987,0.988,0.988,9.523809523814819e-05,LOCK,SMALL EDGE
2026-08-23T23:12:25.769765+00:00,KXBTC15M-26AUG231915-15,77596.94,12.429496083333333,2.5705039166666666,77389.49,-207.4499999999971,DOWN,0.011904761904761904,0.9880952380952381,0.011904761904761904,0.9880952380952381,DOWN,0.9880952380952381,0.006,0.007,0.993,0.994,0.994,-0.005904761904761857,LOCK,NO VALUE
2026-08-23T23:12:53.849142+00:00,KXBTC15M-26AUG231915-15,77596.94,12.8974857,2.1025143,77381.74,-215.1999999999971,DOWN,0.0,1.0,0.0,1.0,DOWN,1.0,0.004,0.005,0.995,0.996,0.996,0.0040000000000000036,LOCK,SMALL EDGE
2026-08-23T23:13:15.223852+00:00,KXBTC15M-26AUG231915-15,77596.94,13.253730866666666,1.7462691333333333,77433.16,-163.77999999999884,DOWN,0.0,1.0,0.0,1.0,DOWN,1.0,0.001,0.002,0.998,0.999,0.999,0.0010000000000000009,LOCK,SMALL EDGE
2026-08-23T23:13:41.944860+00:00,KXBTC15M-26AUG231915-15,77596.94,13.699081,1.300919,77427.58,-169.36000000000058,DOWN,0.0,1.0,0.0,1.0,DOWN,1.0,0.001,0.002,0.998,0.999,0.999,0.0010000000000000009,LOCK,SMALL EDGE
2026-08-23T23:14:03.448524+00:00,KXBTC15M-26AUG231915-15,77596.94,14.0574754,0.9425246,77454.32,-142.61999999999534,DOWN,0.0,1.0,0.0,1.0,DOWN,1.0,0.001,0.002,0.998,0.999,0.999,0.0010000000000000009,LOCK,SMALL EDGE
2026-08-23T23:14:30.801410+00:00,KXBTC15M-26AUG231915-15,77596.94,14.513356833333335,0.4866431666666667,77445.12,-151.82000000000698,DOWN,0.0,1.0,0.0,1.0,DOWN,1.0,0.0,0.001,0.999,1.0,1.0,0.0,LOCK,NO VALUE
2026-08-23T23:14:50.798171+00:00,KXBTC15M-26AUG231915-15,77596.94,14.846636183333334,0.15336381666666668,77461.96,-134.97999999999593,DOWN,0.0,1.0,0.0,1.0,DOWN,1.0,0.0,0.001,0.999,1.0,1.0,0.0,LOCK,NO VALUE
2026-08-23T23:15:20.080202+00:00,KXBTC15M-26AUG231930-30,77455.9,0.33467003333333334,14.665329966666667,77461.98,6.080000000001746,UP,0.4336734693877551,0.5663265306122449,0.5663265306122449,0.4336734693877551,UP,0.5663265306122449,0.52,0.53,0.47,0.48,0.53,0.03632653061224489,RAW,SMALL EDGE
2026-08-23T23:15:39.211027+00:00,KXBTC15M-26AUG231930-30,77455.9,0.6535171166666667,14.346482883333334,77492.52,36.620000000009895,UP,0.4336734693877551,0.5663265306122449,0.5663265306122449,0.4336734693877551,UP,0.5663265306122449,0.52,0.53,0.47,0.48,0.53,0.03632653061224489,RAW,SMALL EDGE
2026-08-23T23:16:08.263230+00:00,KXBTC15M-26AUG231930-30,77455.9,1.1377205,13.8622795,77515.45,59.55000000000291,UP,0.39344262295081966,0.6065573770491803,0.6065573770491803,0.39344262295081966,UP,0.6065573770491803,0.62,0.63,0.37,0.38,0.63,-0.02344262295081967,RAW,NO VALUE
2026-08-23T23:16:28.384714+00:00,KXBTC15M-26AUG231930-30,77455.9,1.4730785666666668,13.526921433333333,77529.75,73.85000000000582,UP,0.3652173913043478,0.6347826086956522,0.6347826086956522,0.3652173913043478,UP,0.6347826086956522,0.62,0.63,0.37,0.38,0.63,0.0047826086956521685,RAW,SMALL EDGE
2026-08-23T23:16:55.720228+00:00,KXBTC15M-26AUG231930-30,77455.9,1.9286704666666667,13.071329533333333,77542.49,86.59000000001106,UP,0.3652173913043478,0.6347826086956522,0.6347826086956522,0.3652173913043478,UP,0.6347826086956522,0.72,0.73,0.27,0.28,0.73,-0.09521739130434781,RAW,NO VALUE
2026-08-23T23:17:17.659188+00:00,KXBTC15M-26AUG231930-30,77455.9,2.2943198,12.7056802,77562.68,106.77999999999884,UP,0.27388535031847133,0.7261146496815287,0.7261146496815287,0.27388535031847133,UP,0.7261146496815287,0.72,0.73,0.27,0.28,0.73,-0.003885350318471259,LEAN,NO VALUE
2026-08-23T23:17:43.182047+00:00,KXBTC15M-26AUG231930-30,77455.9,2.7197007833333333,12.280299216666666,77469.61,13.710000000006403,UP,0.4336734693877551,0.5663265306122449,0.5663265306122449,0.4336734693877551,UP,0.5663265306122449,0.55,0.56,0.44,0.45,0.56,0.006326530612244863,RAW,SMALL EDGE
2026-08-23T23:18:05.423315+00:00,KXBTC15M-26AUG231930-30,77455.9,3.0903885833333335,11.909611416666667,77507.62,51.720000000001164,UP,0.4090909090909091,0.5909090909090908,0.5909090909090908,0.4090909090909091,UP,0.5909090909090908,0.55,0.56,0.44,0.45,0.56,0.030909090909090775,RAW,SMALL EDGE
2026-08-23T23:18:30.516002+00:00,KXBTC15M-26AUG231930-30,77455.9,3.508600033333333,11.491399966666668,77572.61,116.7100000000064,UP,0.19811320754716982,0.8018867924528301,0.8018867924528301,0.19811320754716982,UP,0.8018867924528301,0.67,0.68,0.32,0.33,0.68,0.12188679245283007,STRONG,POSITIVE EDGE
2026-08-23T23:18:53.483801+00:00,KXBTC15M-26AUG231930-30,77455.9,3.8913966833333333,11.108603316666667,77586.97,131.07000000000698,UP,0.109375,0.890625,0.890625,0.109375,UP,0.890625,0.8,0.81,0.19,0.2,0.81,0.08062499999999995,STRONG,SMALL EDGE
2026-08-23T23:19:19.513804+00:00,KXBTC15M-26AUG231930-30,77455.9,4.325230066666666,10.674769933333332,77585.7,129.8000000000029,UP,0.19811320754716982,0.8018867924528301,0.8018867924528301,0.19811320754716982,UP,0.8018867924528301,0.85,0.86,0.14,0.15,0.86,-0.058113207547169865,STRONG,NO VALUE
2026-08-23T23:19:41.495294+00:00,KXBTC15M-26AUG231930-30,77455.9,4.691588233333333,10.308411766666667,77547.7,91.80000000000291,UP,0.3652173913043478,0.6347826086956522,0.6347826086956522,0.3652173913043478,UP,0.6347826086956522,0.85,0.86,0.14,0.15,0.86,-0.2252173913043478,RAW,NO VALUE
2026-08-23T23:20:08.560122+00:00,KXBTC15M-26AUG231930-30,77455.9,5.1426687,9.8573313,77519.23,63.330000000001746,UP,0.39344262295081966,0.6065573770491803,0.6065573770491803,0.39344262295081966,UP,0.6065573770491803,0.77,0.78,0.22,0.23,0.78,-0.1734426229508197,RAW,NO VALUE
2026-08-23T23:20:28.827979+00:00,KXBTC15M-26AUG231930-30,77455.9,5.480466316666667,9.519533683333332,77524.28,68.38000000000466,UP,0.39344262295081966,0.6065573770491803,0.6065573770491803,0.39344262295081966,UP,0.6065573770491803,0.74,0.75,0.25,0.26,0.75,-0.14344262295081966,RAW,NO VALUE
2026-08-23T23:20:56.929619+00:00,KXBTC15M-26AUG231930-30,77455.9,5.948826983333333,9.051173016666667,77526.9,71.0,UP,0.3652173913043478,0.6347826086956522,0.6347826086956522,0.3652173913043478,UP,0.6347826086956522,0.74,0.75,0.25,0.26,0.75,-0.11521739130434783,RAW,NO VALUE
2026-08-23T23:21:18.028157+00:00,KXBTC15M-26AUG231930-30,77455.9,6.300469283333333,8.699530716666667,77542.19,86.29000000000815,UP,0.27388535031847133,0.7261146496815287,0.7261146496815287,0.27388535031847133,UP,0.7261146496815287,0.76,0.77,0.23,0.24,0.77,-0.043885350318471295,LEAN,NO VALUE
2026-08-23T23:21:44.960652+00:00,KXBTC15M-26AUG231930-30,77455.9,6.7493441999999995,8.2506558,77542.18,86.27999999999884,UP,0.27388535031847133,0.7261146496815287,0.7261146496815287,0.27388535031847133,UP,0.7261146496815287,0.78,0.79,0.21,0.22,0.79,-0.06388535031847131,LEAN,NO VALUE
2026-08-23T23:22:07.416432+00:00,KXBTC15M-26AUG231930-30,77455.9,7.1236071999999995,7.8763928000000005,77512.45,56.55000000000291,UP,0.39344262295081966,0.6065573770491803,0.6065573770491803,0.39344262295081966,UP,0.6065573770491803,0.78,0.79,0.21,0.22,0.79,-0.1834426229508197,RAW,NO VALUE
2026-08-23T23:22:33.834699+00:00,KXBTC15M-26AUG231930-30,77455.9,7.56391165,7.43608835,77507.76,51.86000000000058,UP,0.39344262295081966,0.6065573770491803,0.6065573770491803,0.39344262295081966,UP,0.6065573770491803,0.76,0.77,0.23,0.24,0.77,-0.16344262295081968,RAW,NO VALUE
2026-08-23T23:22:55.597518+00:00,KXBTC15M-26AUG231930-30,77455.9,7.9266252999999995,7.0733747000000005,77519.46,63.560000000012224,UP,0.3652173913043478,0.6347826086956522,0.6347826086956522,0.3652173913043478,UP,0.6347826086956522,0.76,0.77,0.23,0.24,0.77,-0.13521739130434784,RAW,NO VALUE
2026-08-23T23:23:21.775231+00:00,KXBTC15M-26AUG231930-30,77455.9,8.362920516666668,6.637079483333333,77489.55,33.65000000000873,UP,0.4336734693877551,0.5663265306122449,0.5663265306122449,0.4336734693877551,UP,0.5663265306122449,0.79,0.8,0.2,0.21,0.8,-0.23367346938775513,RAW,NO VALUE
2026-08-23T23:23:43.686537+00:00,KXBTC15M-26AUG231930-30,77455.9,8.728108950000001,6.27189105,77500.16,44.26000000000931,UP,0.4090909090909091,0.5909090909090908,0.5909090909090908,0.4090909090909091,UP,0.5909090909090908,0.79,0.8,0.2,0.21,0.8,-0.20909090909090922,RAW,NO VALUE
2026-08-23T23:24:10.247192+00:00,KXBTC15M-26AUG231930-30,77455.9,9.170786533333334,5.829213466666667,77505.85,49.95000000001164,UP,0.27388535031847133,0.7261146496815287,0.7261146496815287,0.27388535031847133,UP,0.7261146496815287,0.73,0.74,0.26,0.27,0.74,-0.013885350318471268,LEAN,NO VALUE
2026-08-23T23:24:31.382432+00:00,KXBTC15M-26AUG231930-30,77455.9,9.523040533333333,5.476959466666667,77492.53,36.63000000000466,UP,0.3652173913043478,0.6347826086956522,0.6347826086956522,0.3652173913043478,UP,0.6347826086956522,0.74,0.75,0.25,0.26,0.75,-0.11521739130434783,RAW,NO VALUE
2026-08-23T23:24:58.068773+00:00,KXBTC15M-26AUG231930-30,77455.9,9.967812883333332,5.032187116666666,77484.25,28.35000000000582,UP,0.39344262295081966,0.6065573770491803,0.6065573770491803,0.39344262295081966,UP,0.6065573770491803,0.67,0.69,0.31,0.33,0.69,-0.08344262295081961,RAW,NO VALUE
2026-08-23T23:25:19.173042+00:00,KXBTC15M-26AUG231930-30,77455.9,10.3195507,4.6804493,77478.14,22.24000000000524,UP,0.3652173913043478,0.6347826086956522,0.6347826086956522,0.3652173913043478,UP,0.6347826086956522,0.67,0.69,0.31,0.33,0.69,-0.055217391304347774,RAW,NO VALUE
2026-08-23T23:25:47.075953+00:00,KXBTC15M-26AUG231930-30,77455.9,10.784599216666667,4.215400783333333,77449.0,-6.899999999994179,DOWN,0.42857142857142855,0.5714285714285714,0.42857142857142855,0.5714285714285714,DOWN,0.5714285714285714,0.66,0.67,0.33,0.34,0.34,0.23142857142857137,RAW,IDEAL <=50c / LARGE EDGE
2026-08-23T23:26:06.496686+00:00,KXBTC15M-26AUG231930-30,77455.9,11.1082781,3.8917219,77481.06,25.160000000003492,UP,0.39344262295081966,0.6065573770491803,0.6065573770491803,0.39344262295081966,UP,0.6065573770491803,0.48,0.49,0.51,0.52,0.49,0.11655737704918034,RAW,POSITIVE EDGE
2026-08-23T23:26:34.997001+00:00,KXBTC15M-26AUG231930-30,77455.9,11.583283349999999,3.4167166499999997,77488.69,32.79000000000815,UP,0.24060150375939848,0.7593984962406015,0.7593984962406015,0.24060150375939848,UP,0.7593984962406015,0.87,0.88,0.12,0.13,0.88,-0.12060150375939849,LEAN,NO VALUE
2026-08-23T23:26:55.314715+00:00,KXBTC15M-26AUG231930-30,77455.9,11.921911916666666,3.0780880833333333,77540.24,84.34000000001106,UP,0.05128205128205128,0.9487179487179487,0.9487179487179487,0.05128205128205128,UP,0.9487179487179487,0.87,0.88,0.12,0.13,0.88,0.06871794871794867,LOCK,SMALL EDGE
2026-08-23T23:27:22.721740+00:00,KXBTC15M-26AUG231930-30,77455.9,12.378695666666665,2.6213043333333332,77595.65,139.75,UP,0.011904761904761904,0.9880952380952381,0.9880952380952381,0.011904761904761904,UP,0.9880952380952381,0.953,0.954,0.046,0.047,0.954,0.03409523809523818,LOCK,SMALL EDGE
2026-08-23T23:27:43.308854+00:00,KXBTC15M-26AUG231930-30,77455.9,12.721814233333333,2.2781857666666667,77560.63,104.73000000001048,UP,0.011904761904761904,0.9880952380952381,0.9880952380952381,0.011904761904761904,UP,0.9880952380952381,0.953,0.954,0.046,0.047,0.954,0.03409523809523818,LOCK,SMALL EDGE
2026-08-23T23:28:12.056223+00:00,KXBTC15M-26AUG231930-30,77455.9,13.20093705,1.79906295,77567.44,111.54000000000815,UP,0.011904761904761904,0.9880952380952381,0.9880952380952381,0.011904761904761904,UP,0.9880952380952381,0.987,0.989,0.011,0.013,0.989,-0.0009047619047618527,LOCK,NO VALUE
2026-08-23T23:28:31.052354+00:00,KXBTC15M-26AUG231930-30,77455.9,13.517539233333334,1.4824607666666667,77583.19,127.29000000000815,UP,0.011904761904761904,0.9880952380952381,0.9880952380952381,0.011904761904761904,UP,0.9880952380952381,0.992,0.994,0.006,0.008,0.994,-0.005904761904761857,LOCK,NO VALUE
2026-08-23T23:28:59.718649+00:00,KXBTC15M-26AUG231930-30,77455.9,13.995310816666667,1.0046891833333333,77591.52,135.6200000000099,UP,0.011904761904761904,0.9880952380952381,0.9880952380952381,0.011904761904761904,UP,0.9880952380952381,0.998,0.999,0.001,0.002,0.999,-0.010904761904761862,LOCK,NO VALUE
2026-08-23T23:29:19.419797+00:00,KXBTC15M-26AUG231930-30,77455.9,14.323663283333333,0.6763367166666666,77603.72,147.82000000000698,UP,0.011904761904761904,0.9880952380952381,0.9880952380952381,0.011904761904761904,UP,0.9880952380952381,0.998,0.999,0.001,0.002,0.999,-0.010904761904761862,LOCK,NO VALUE
2026-08-23T23:29:47.182279+00:00,KXBTC15M-26AUG231930-30,77455.9,14.786371316666667,0.21362868333333335,77652.34,196.44000000000233,UP,0.011904761904761904,0.9880952380952381,0.9880952380952381,0.011904761904761904,UP,0.9880952380952381,0.999,1.0,0.0,0.001,1.0,-0.011904761904761862,LOCK,NO VALUE
2026-08-23T23:30:24.266174+00:00,KXBTC15M-26AUG231945-45,77624.19,0.40443623333333334,14.595563766666666,77719.08,94.88999999999942,UP,0.4336734693877551,0.5663265306122449,0.5663265306122449,0.4336734693877551,UP,0.5663265306122449,0.64,0.65,0.35,0.36,0.65,-0.0836734693877551,RAW,NO VALUE
2026-08-23T23:30:38.312967+00:00,KXBTC15M-26AUG231945-45,77624.19,0.63854945,14.36145055,77750.0,125.80999999999767,UP,0.39344262295081966,0.6065573770491803,0.6065573770491803,0.39344262295081966,UP,0.6065573770491803,0.64,0.65,0.35,0.36,0.65,-0.04344262295081969,RAW,NO VALUE
2026-08-23T23:31:02.023999+00:00,KXBTC15M-26AUG231945-45,77624.19,1.0337333166666667,13.966266683333334,77763.74,139.5500000000029,UP,0.39344262295081966,0.6065573770491803,0.6065573770491803,0.39344262295081966,UP,0.6065573770491803,0.79,0.8,0.2,0.21,0.8,-0.1934426229508197,RAW,NO VALUE
2026-08-23T23:31:28.898225+00:00,KXBTC15M-26AUG231945-45,77624.19,1.4816370833333332,13.518362916666666,77744.65,120.45999999999185,UP,0.39344262295081966,0.6065573770491803,0.6065573770491803,0.39344262295081966,UP,0.6065573770491803,0.78,0.79,0.21,0.22,0.79,-0.1834426229508197,RAW,NO VALUE
2026-08-23T23:31:50.413996+00:00,KXBTC15M-26AUG231945-45,77624.19,1.8402332666666665,13.159766733333333,77798.08,173.88999999999942,UP,0.27388535031847133,0.7261146496815287,0.7261146496815287,0.27388535031847133,UP,0.7261146496815287,0.78,0.79,0.21,0.22,0.79,-0.06388535031847131,LEAN,NO VALUE
2026-08-23T23:32:17.455234+00:00,KXBTC15M-26AUG231945-45,77624.19,2.2909205666666663,12.709079433333333,77805.76,181.56999999999243,UP,0.24060150375939848,0.7593984962406015,0.7593984962406015,0.24060150375939848,UP,0.7593984962406015,0.84,0.85,0.15,0.16,0.85,-0.09060150375939846,LEAN,NO VALUE
2026-08-23T23:32:37.359485+00:00,KXBTC15M-26AUG231945-45,77624.19,2.6226580833333335,12.377341916666667,77802.95,178.75999999999476,UP,0.24060150375939848,0.7593984962406015,0.7593984962406015,0.24060150375939848,UP,0.7593984962406015,0.86,0.87,0.13,0.14,0.87,-0.11060150375939848,LEAN,NO VALUE
2026-08-23T23:33:05.657580+00:00,KXBTC15M-26AUG231945-45,77624.19,3.094293,11.905707,77744.63,120.44000000000233,UP,0.39344262295081966,0.6065573770491803,0.6065573770491803,0.39344262295081966,UP,0.6065573770491803,0.78,0.79,0.21,0.22,0.79,-0.1834426229508197,RAW,NO VALUE
2026-08-23T23:33:26.887448+00:00,KXBTC15M-26AUG231945-45,77624.19,3.4481241333333332,11.551875866666668,77733.34,109.14999999999418,UP,0.39344262295081966,0.6065573770491803,0.6065573770491803,0.39344262295081966,UP,0.6065573770491803,0.78,0.79,0.21,0.22,0.79,-0.1834426229508197,RAW,NO VALUE
2026-08-23T23:33:53.479713+00:00,KXBTC15M-26AUG231945-45,77624.19,3.89132855,11.108671450000001,77734.42,110.22999999999593,UP,0.39344262295081966,0.6065573770491803,0.6065573770491803,0.39344262295081966,UP,0.6065573770491803,0.81,0.82,0.18,0.19,0.82,-0.21344262295081962,RAW,NO VALUE
2026-08-23T23:34:14.927884+00:00,KXBTC15M-26AUG231945-45,77624.19,4.248798066666667,10.751201933333334,77706.97,82.77999999999884,UP,0.42857142857142855,0.5714285714285714,0.5714285714285714,0.42857142857142855,UP,0.5714285714285714,0.74,0.75,0.25,0.26,0.75,-0.1785714285714286,RAW,NO VALUE
2026-08-23T23:34:40.219933+00:00,KXBTC15M-26AUG231945-45,77624.19,4.670332216666667,10.329667783333333,77691.46,67.27000000000407,UP,0.42857142857142855,0.5714285714285714,0.5714285714285714,0.42857142857142855,UP,0.5714285714285714,0.72,0.73,0.27,0.28,0.73,-0.15857142857142859,RAW,NO VALUE
2026-08-23T23:35:03.804096+00:00,KXBTC15M-26AUG231945-45,77624.19,5.063401600000001,9.936598400000001,77672.06,47.86999999999534,UP,0.4336734693877551,0.5663265306122449,0.5663265306122449,0.4336734693877551,UP,0.5663265306122449,0.72,0.73,0.27,0.28,0.73,-0.16367346938775507,RAW,NO VALUE
2026-08-23T23:35:27.438171+00:00,KXBTC15M-26AUG231945-45,77624.19,5.4573028500000005,9.54269715,77680.52,56.330000000001746,UP,0.4336734693877551,0.5663265306122449,0.5663265306122449,0.4336734693877551,UP,0.5663265306122449,0.69,0.7,0.3,0.31,0.7,-0.13367346938775504,RAW,NO VALUE
2026-08-23T23:35:52.923190+00:00,KXBTC15M-26AUG231945-45,77624.19,5.882053166666666,9.117946833333333,77675.3,51.11000000000058,UP,0.4336734693877551,0.5663265306122449,0.5663265306122449,0.4336734693877551,UP,0.5663265306122449,0.69,0.7,0.3,0.31,0.7,-0.13367346938775504,RAW,NO VALUE
2026-08-23T23:36:15.598432+00:00,KXBTC15M-26AUG231945-45,77624.19,6.259973866666667,8.740026133333334,77622.4,-1.790000000008149,DOWN,0.42857142857142855,0.5714285714285714,0.42857142857142855,0.5714285714285714,DOWN,0.5714285714285714,0.69,0.7,0.3,0.31,0.31,0.2614285714285714,RAW,IDEAL <=50c / LARGE EDGE
2026-08-23T23:36:41.605126+00:00,KXBTC15M-26AUG231945-45,77624.19,6.6934187666666665,8.306581233333334,77625.97,1.7799999999988358,UP,0.42857142857142855,0.5714285714285714,0.5714285714285714,0.42857142857142855,UP,0.5714285714285714,0.53,0.54,0.46,0.47,0.54,0.03142857142857136,RAW,SMALL EDGE
2026-08-23T23:37:02.539041+00:00,KXBTC15M-26AUG231945-45,77624.19,7.04231735,7.95768265,77607.52,-16.669999999998254,DOWN,0.39344262295081966,0.6065573770491803,0.39344262295081966,0.6065573770491803,DOWN,0.6065573770491803,0.53,0.54,0.46,0.47,0.47,0.13655737704918036,RAW,POSITIVE EDGE
2026-08-23T23:37:30.591288+00:00,KXBTC15M-26AUG231945-45,77624.19,7.5098548,7.4901452,77595.67,-28.520000000004075,DOWN,0.3652173913043478,0.6347826086956522,0.3652173913043478,0.6347826086956522,DOWN,0.6347826086956522,0.53,0.54,0.46,0.47,0.47,0.1647826086956522,RAW,ATTRACTIVE <=50c
2026-08-23T23:37:50.526880+00:00,KXBTC15M-26AUG231945-45,77624.19,7.842114666666666,7.157885333333334,77597.21,-26.979999999995925,DOWN,0.3652173913043478,0.6347826086956522,0.3652173913043478,0.6347826086956522,DOWN,0.6347826086956522,0.53,0.54,0.46,0.47,0.47,0.1647826086956522,RAW,ATTRACTIVE <=50c
2026-08-23T23:38:19.017442+00:00,KXBTC15M-26AUG231945-45,77624.19,8.316957366666667,6.683042633333333,77583.44,-40.75,DOWN,0.27388535031847133,0.7261146496815287,0.27388535031847133,0.7261146496815287,DOWN,0.7261146496815287,0.45,0.46,0.54,0.55,0.55,0.17611464968152868,LEAN,POSITIVE EDGE
2026-08-23T23:38:38.222146+00:00,KXBTC15M-26AUG231945-45,77624.19,8.637035766666665,6.362964233333333,77591.83,-32.36000000000058,DOWN,0.3652173913043478,0.6347826086956522,0.3652173913043478,0.6347826086956522,DOWN,0.6347826086956522,0.41,0.42,0.58,0.59,0.59,0.044782608695652204,RAW,SMALL EDGE
2026-08-23T23:39:07.157410+00:00,KXBTC15M-26AUG231945-45,77624.19,9.119290166666667,5.8807098333333325,77554.57,-69.61999999999534,DOWN,0.27388535031847133,0.7261146496815287,0.27388535031847133,0.7261146496815287,DOWN,0.7261146496815287,0.25,0.26,0.74,0.75,0.75,-0.023885350318471277,LEAN,NO VALUE
2026-08-23T23:39:27.654877+00:00,KXBTC15M-26AUG231945-45,77624.19,9.460914616666667,5.539085383333333,77523.09,-101.10000000000582,DOWN,0.27388535031847133,0.7261146496815287,0.27388535031847133,0.7261146496815287,DOWN,0.7261146496815287,0.25,0.26,0.74,0.75,0.75,-0.023885350318471277,LEAN,NO VALUE
2026-08-23T23:39:56.233757+00:00,KXBTC15M-26AUG231945-45,77624.19,9.937229283333332,5.062770716666666,77527.74,-96.44999999999709,DOWN,0.24060150375939848,0.7593984962406015,0.24060150375939848,0.7593984962406015,DOWN,0.7593984962406015,0.11,0.12,0.88,0.89,0.89,-0.1306015037593985,LEAN,NO VALUE
2026-08-23T23:40:16.473449+00:00,KXBTC15M-26AUG231945-45,77624.19,10.274557483333332,4.725442516666666,77515.45,-108.74000000000524,DOWN,0.109375,0.890625,0.109375,0.890625,DOWN,0.890625,0.11,0.12,0.88,0.89,0.89,0.0006249999999999867,STRONG,SMALL EDGE
2026-08-23T23:40:45.461846+00:00,KXBTC15M-26AUG231945-45,77624.19,10.757697433333334,4.242302566666667,77553.64,-70.55000000000291,DOWN,0.109375,0.890625,0.109375,0.890625,DOWN,0.890625,0.092,0.093,0.907,0.908,0.908,-0.01737500000000003,STRONG,NO VALUE
2026-08-23T23:41:05.276747+00:00,KXBTC15M-26AUG231945-45,77624.19,11.087945783333334,3.9120542166666668,77565.03,-59.16000000000349,DOWN,0.19811320754716982,0.8018867924528301,0.19811320754716982,0.8018867924528301,DOWN,0.8018867924528301,0.21,0.22,0.78,0.79,0.79,0.011886792452830086,STRONG,SMALL EDGE
2026-08-23T23:41:33.826753+00:00,KXBTC15M-26AUG231945-45,77624.19,11.563779216666667,3.4362207833333334,77529.99,-94.19999999999709,DOWN,0.06989247311827956,0.9301075268817205,0.06989247311827956,0.9301075268817205,DOWN,0.9301075268817205,0.12,0.13,0.87,0.88,0.88,0.05010752688172049,LOCK,SMALL EDGE
2026-08-23T23:41:54.058799+00:00,KXBTC15M-26AUG231945-45,77624.19,11.900979983333334,3.0990200166666666,77526.91,-97.27999999999884,DOWN,0.06989247311827956,0.9301075268817205,0.06989247311827956,0.9301075268817205,DOWN,0.9301075268817205,0.12,0.13,0.87,0.88,0.88,0.05010752688172049,LOCK,SMALL EDGE
2026-08-23T23:42:22.838190+00:00,KXBTC15M-26AUG231945-45,77624.19,12.380636500000001,2.6193635,77513.28,-110.91000000000349,DOWN,0.011904761904761904,0.9880952380952381,0.011904761904761904,0.9880952380952381,DOWN,0.9880952380952381,0.051,0.052,0.948,0.949,0.949,0.03909523809523818,LOCK,SMALL EDGE
2026-08-23T23:42:42.979057+00:00,KXBTC15M-26AUG231945-45,77624.19,12.716317616666666,2.2836823833333333,77484.89,-139.3000000000029,DOWN,0.011904761904761904,0.9880952380952381,0.011904761904761904,0.9880952380952381,DOWN,0.9880952380952381,0.015,0.019,0.981,0.985,0.985,0.003095238095238151,LOCK,SMALL EDGE
2026-08-23T23:43:12.648087+00:00,KXBTC15M-26AUG231945-45,77624.19,13.21080145,1.7891985499999998,77470.45,-153.74000000000524,DOWN,0.011904761904761904,0.9880952380952381,0.011904761904761904,0.9880952380952381,DOWN,0.9880952380952381,0.002,0.003,0.997,0.998,0.998,-0.00990476190476186,LOCK,NO VALUE
2026-08-23T23:43:31.604604+00:00,KXBTC15M-26AUG231945-45,77624.19,13.526743399999999,1.4732566,77461.12,-163.07000000000698,DOWN,0.011904761904761904,0.9880952380952381,0.011904761904761904,0.9880952380952381,DOWN,0.9880952380952381,0.002,0.003,0.997,0.998,0.998,-0.00990476190476186,LOCK,NO VALUE
2026-08-23T23:44:00.247499+00:00,KXBTC15M-26AUG231945-45,77624.19,14.004124983333332,0.9958750166666667,77431.41,-192.77999999999884,DOWN,0.011904761904761904,0.9880952380952381,0.011904761904761904,0.9880952380952381,DOWN,0.9880952380952381,0.0,0.001,0.999,1.0,1.0,-0.011904761904761862,LOCK,NO VALUE
2026-08-23T23:44:20.998982+00:00,KXBTC15M-26AUG231945-45,77624.19,14.349983033333332,0.6500169666666668,77427.58,-196.61000000000058,DOWN,0.011904761904761904,0.9880952380952381,0.011904761904761904,0.9880952380952381,DOWN,0.9880952380952381,0.0,0.001,0.999,1.0,1.0,-0.011904761904761862,LOCK,NO VALUE
2026-08-23T23:44:49.787786+00:00,KXBTC15M-26AUG231945-45,77624.19,14.829796433333334,0.17020356666666667,77477.18,-147.0100000000093,DOWN,0.011904761904761904,0.9880952380952381,0.011904761904761904,0.9880952380952381,DOWN,0.9880952380952381,0.0,0.001,0.999,1.0,1.0,-0.011904761904761862,LOCK,NO VALUE
2026-08-23T23:45:27.116782+00:00,KXBTC15M-26AUG232000-00,77453.21,0.45194636666666665,14.548053633333334,77502.99,49.779999999998836,UP,0.4336734693877551,0.5663265306122449,0.5663265306122449,0.4336734693877551,UP,0.5663265306122449,0.63,0.64,0.36,0.37,0.64,-0.0736734693877551,RAW,NO VALUE
2026-08-23T23:45:39.480302+00:00,KXBTC15M-26AUG232000-00,77453.21,0.6580050333333334,14.341994966666666,77479.97,26.75999999999476,UP,0.4336734693877551,0.5663265306122449,0.5663265306122449,0.4336734693877551,UP,0.5663265306122449,0.63,0.64,0.36,0.37,0.64,-0.0736734693877551,RAW,NO VALUE
2026-08-23T23:46:06.027042+00:00,KXBTC15M-26AUG232000-00,77453.21,1.1004507,13.899549299999999,77497.77,44.55999999999767,UP,0.4336734693877551,0.5663265306122449,0.5663265306122449,0.4336734693877551,UP,0.5663265306122449,0.61,0.62,0.38,0.39,0.62,-0.05367346938775508,RAW,NO VALUE
2026-08-23T23:46:28.057873+00:00,KXBTC15M-26AUG232000-00,77453.21,1.4676312166666667,13.532368783333334,77530.72,77.50999999999476,UP,0.39344262295081966,0.6065573770491803,0.6065573770491803,0.39344262295081966,UP,0.6065573770491803,0.61,0.62,0.38,0.39,0.62,-0.01344262295081966,RAW,NO VALUE
2026-08-23T23:46:55.522776+00:00,KXBTC15M-26AUG232000-00,77453.21,1.9253795999999999,13.074620399999999,77532.62,79.40999999998894,UP,0.39344262295081966,0.6065573770491803,0.6065573770491803,0.39344262295081966,UP,0.6065573770491803,0.74,0.75,0.25,0.26,0.75,-0.14344262295081966,RAW,NO VALUE
2026-08-23T23:47:16.746874+00:00,KXBTC15M-26AUG232000-00,77453.21,2.2791145666666663,12.720885433333333,77542.0,88.7899999999936,UP,0.39344262295081966,0.6065573770491803,0.6065573770491803,0.39344262295081966,UP,0.6065573770491803,0.75,0.76,0.24,0.25,0.76,-0.15344262295081967,RAW,NO VALUE
2026-08-23T23:47:44.840003+00:00,KXBTC15M-26AUG232000-00,77453.21,2.7473333833333333,12.252666616666666,77532.11,78.89999999999418,UP,0.39344262295081966,0.6065573770491803,0.6065573770491803,0.39344262295081966,UP,0.6065573770491803,0.78,0.79,0.21,0.22,0.79,-0.1834426229508197,RAW,NO VALUE
2026-08-23T23:48:04.415845+00:00,KXBTC15M-26AUG232000-00,77453.21,3.0735974166666664,11.926402583333333,77548.99,95.77999999999884,UP,0.3652173913043478,0.6347826086956522,0.6347826086956522,0.3652173913043478,UP,0.6347826086956522,0.78,0.79,0.21,0.22,0.79,-0.15521739130434786,RAW,NO VALUE
2026-08-23T23:48:34.716820+00:00,KXBTC15M-26AUG232000-00,77453.21,3.578613666666667,11.421386333333334,77568.85,115.63999999999942,UP,0.27388535031847133,0.7261146496815287,0.7261146496815287,0.27388535031847133,UP,0.7261146496815287,0.78,0.79,0.21,0.22,0.79,-0.06388535031847131,LEAN,NO VALUE
2026-08-23T23:48:51.804871+00:00,KXBTC15M-26AUG232000-00,77453.21,3.8634145166666665,11.136585483333333,77576.47,123.25999999999476,UP,0.27388535031847133,0.7261146496815287,0.7261146496815287,0.27388535031847133,UP,0.7261146496815287,0.83,0.84,0.16,0.17,0.84,-0.11388535031847125,LEAN,NO VALUE
2026-08-23T23:49:22.699945+00:00,KXBTC15M-26AUG232000-00,77453.21,4.378332416666667,10.621667583333334,77537.29,84.0799999999872,UP,0.3652173913043478,0.6347826086956522,0.6347826086956522,0.3652173913043478,UP,0.6347826086956522,0.77,0.78,0.22,0.23,0.78,-0.14521739130434785,RAW,NO VALUE
2026-08-23T23:49:41.279929+00:00,KXBTC15M-26AUG232000-00,77453.21,4.687998816666666,10.312001183333333,77546.0,92.7899999999936,UP,0.27388535031847133,0.7261146496815287,0.7261146496815287,0.27388535031847133,UP,0.7261146496815287,0.8,0.81,0.19,0.2,0.81,-0.08388535031847133,LEAN,NO VALUE
2026-08-23T23:50:11.150543+00:00,KXBTC15M-26AUG232000-00,77453.21,5.185842383333334,9.814157616666668,77561.28,108.06999999999243,UP,0.06989247311827956,0.9301075268817205,0.9301075268817205,0.06989247311827956,UP,0.9301075268817205,0.8,0.81,0.19,0.2,0.81,0.12010752688172044,EARLY 90%+ / NOT YET VALIDATED LOCK,POSITIVE EDGE
2026-08-23T23:50:30.258251+00:00,KXBTC15M-26AUG232000-00,77453.21,5.504304183333333,9.495695816666666,77571.75,118.5399999999936,UP,0.06989247311827956,0.9301075268817205,0.9301075268817205,0.06989247311827956,UP,0.9301075268817205,0.82,0.83,0.17,0.18,0.83,0.10010752688172053,EARLY 90%+ / NOT YET VALIDATED LOCK,POSITIVE EDGE
2026-08-23T23:51:01.012982+00:00,KXBTC15M-26AUG232000-00,77453.21,6.016883033333333,8.983116966666667,77592.29,139.0799999999872,UP,0.05128205128205128,0.9487179487179487,0.9487179487179487,0.05128205128205128,UP,0.9487179487179487,0.89,0.9,0.1,0.11,0.9,0.048717948717948656,EARLY 90%+ / NOT YET VALIDATED LOCK,SMALL EDGE
2026-08-23T23:51:18.502720+00:00,KXBTC15M-26AUG232000-00,77453.21,6.308378666666667,8.691621333333334,77641.49,188.27999999999884,UP,0.10714285714285714,0.8928571428571429,0.8928571428571429,0.10714285714285714,UP,0.8928571428571429,0.89,0.9,0.1,0.11,0.9,-0.0071428571428571175,STRONG,NO VALUE
2026-08-23T23:51:48.874014+00:00,KXBTC15M-26AUG232000-00,77453.21,6.8145669,8.185433100000001,77576.56,123.34999999999127,UP,0.06989247311827956,0.9301075268817205,0.9301075268817205,0.06989247311827956,UP,0.9301075268817205,0.92,0.921,0.079,0.08,0.921,0.009107526881720451,EARLY 90%+ / NOT YET VALIDATED LOCK,SMALL EDGE
2026-08-23T23:52:07.866560+00:00,KXBTC15M-26AUG232000-00,77453.21,7.131109333333333,7.868890666666667,77576.57,123.36000000000058,UP,0.034482758620689655,0.9655172413793104,0.9655172413793104,0.034482758620689655,UP,0.9655172413793104,0.89,0.9,0.1,0.11,0.9,0.06551724137931036,EARLY 90%+ / NOT YET VALIDATED LOCK,SMALL EDGE
2026-08-23T23:52:38.967677+00:00,KXBTC15M-26AUG232000-00,77453.21,7.649461283333333,7.350538716666667,77563.96,110.75,UP,0.06989247311827956,0.9301075268817205,0.9301075268817205,0.06989247311827956,UP,0.9301075268817205,0.86,0.87,0.13,0.14,0.87,0.0601075268817205,EARLY 90%+ / NOT YET VALIDATED LOCK,SMALL EDGE
2026-08-23T23:52:57.305787+00:00,KXBTC15M-26AUG232000-00,77453.21,7.95509645,7.04490355,77559.45,106.23999999999069,UP,0.10714285714285714,0.8928571428571429,0.8928571428571429,0.10714285714285714,UP,0.8928571428571429,0.86,0.87,0.13,0.14,0.87,0.02285714285714291,STRONG,SMALL EDGE
2026-08-23T23:53:29.484214+00:00,KXBTC15M-26AUG232000-00,77453.21,8.491403566666667,6.5085964333333335,77535.08,81.86999999999534,UP,0.19811320754716982,0.8018867924528301,0.8018867924528301,0.19811320754716982,UP,0.8018867924528301,0.88,0.89,0.11,0.12,0.89,-0.08811320754716989,STRONG,NO VALUE
2026-08-23T23:53:46.972375+00:00,KXBTC15M-26AUG232000-00,77453.21,8.782872916666667,6.217127083333334,77528.96,75.75,UP,0.24060150375939848,0.7593984962406015,0.7593984962406015,0.24060150375939848,UP,0.7593984962406015,0.88,0.89,0.11,0.12,0.89,-0.1306015037593985,LEAN,NO VALUE
2026-08-23T23:54:18.066124+00:00,KXBTC15M-26AUG232000-00,77453.21,9.301102066666665,5.698897933333333,77550.0,96.7899999999936,UP,0.06989247311827956,0.9301075268817205,0.9301075268817205,0.06989247311827956,UP,0.9301075268817205,0.87,0.88,0.12,0.13,0.88,0.05010752688172049,90%+ LOCK CANDIDATE,SMALL EDGE
2026-08-23T23:54:35.488185+00:00,KXBTC15M-26AUG232000-00,77453.21,9.59146975,5.40853025,77579.15,125.93999999998778,UP,0.011904761904761904,0.9880952380952381,0.9880952380952381,0.011904761904761904,UP,0.9880952380952381,0.982,0.983,0.017,0.018,0.983,0.005095238095238153,90%+ LOCK CANDIDATE,SMALL EDGE
2026-08-23T23:55:06.400061+00:00,KXBTC15M-26AUG232000-00,77453.21,10.106667683333335,4.893332316666667,77625.36,172.14999999999418,UP,0.011904761904761904,0.9880952380952381,0.9880952380952381,0.011904761904761904,UP,0.9880952380952381,0.985,0.987,0.013,0.015,0.987,0.001095238095238149,LOCK,SMALL EDGE
2026-08-23T23:55:24.488624+00:00,KXBTC15M-26AUG232000-00,77453.21,10.408143733333333,4.5918562666666665,77682.99,229.77999999999884,UP,0.0,1.0,1.0,0.0,UP,1.0,0.985,0.987,0.013,0.015,0.987,0.013000000000000012,LOCK,SMALL EDGE
2026-08-23T23:55:54.364022+00:00,KXBTC15M-26AUG232000-00,77453.21,10.906067033333333,4.093932966666666,77698.8,245.5899999999965,UP,0.0,1.0,1.0,0.0,UP,1.0,0.99,0.991,0.009,0.01,0.991,0.009000000000000008,LOCK,SMALL EDGE
2026-08-23T23:56:13.850920+00:00,KXBTC15M-26AUG232000-00,77453.21,11.230848666666667,3.7691513333333333,77691.15,237.93999999998778,UP,0.0,1.0,1.0,0.0,UP,1.0,0.994,0.995,0.005,0.006,0.995,0.0050000000000000044,LOCK,SMALL EDGE
2026-08-23T23:56:44.381143+00:00,KXBTC15M-26AUG232000-00,77453.21,11.739685716666665,3.2603142833333334,77698.8,245.5899999999965,UP,0.0,1.0,1.0,0.0,UP,1.0,0.997,0.998,0.002,0.003,0.998,0.0020000000000000018,LOCK,SMALL EDGE
2026-08-23T23:57:02.175833+00:00,KXBTC15M-26AUG232000-00,77453.21,12.036263883333334,2.9637361166666665,77675.56,222.34999999999127,UP,0.0,1.0,1.0,0.0,UP,1.0,0.997,0.998,0.002,0.003,0.998,0.0020000000000000018,LOCK,SMALL EDGE
2026-08-23T23:57:32.298424+00:00,KXBTC15M-26AUG232000-00,77453.21,12.538307066666667,2.461692933333333,77652.97,199.75999999999476,UP,0.0,1.0,1.0,0.0,UP,1.0,0.996,0.997,0.003,0.004,0.997,0.0030000000000000027,LOCK,SMALL EDGE
2026-08-23T23:57:51.527448+00:00,KXBTC15M-26AUG232000-00,77453.21,12.858790800000001,2.1412092,77766.75,313.5399999999936,UP,0.0,1.0,1.0,0.0,UP,1.0,0.996,0.997,0.003,0.004,0.997,0.0030000000000000027,LOCK,SMALL EDGE
2026-08-23T23:58:20.640136+00:00,KXBTC15M-26AUG232000-00,77453.21,13.344002266666667,1.6559977333333333,77752.09,298.8799999999901,UP,0.0,1.0,1.0,0.0,UP,1.0,0.999,1.0,0.0,0.001,1.0,0.0,LOCK,NO VALUE
2026-08-23T23:58:41.087119+00:00,KXBTC15M-26AUG232000-00,77453.21,13.684785316666668,1.3152146833333334,77762.34,309.1299999999901,UP,0.0,1.0,1.0,0.0,UP,1.0,0.999,1.0,0.0,0.001,1.0,0.0,LOCK,NO VALUE
2026-08-23T23:59:09.973695+00:00,KXBTC15M-26AUG232000-00,77453.21,14.16622825,0.83377175,77704.38,251.16999999999825,UP,0.0,1.0,1.0,0.0,UP,1.0,0.999,1.0,0.0,0.001,1.0,0.0,LOCK,NO VALUE
2026-08-23T23:59:29.735146+00:00,KXBTC15M-26AUG232000-00,77453.21,14.495585766666666,0.5044142333333334,77708.03,254.81999999999243,UP,0.0,1.0,1.0,0.0,UP,1.0,0.999,1.0,0.0,0.001,1.0,0.0,LOCK,NO VALUE
2026-08-23T23:59:59.134920+00:00,KXBTC15M-26AUG232000-00,77453.21,14.985581999999999,0.014417999999999999,77729.36,276.1499999999942,UP,0.0,1.0,1.0,0.0,UP,1.0,0.999,1.0,0.0,0.001,1.0,0.0,LOCK,NO VALUE
2026-08-24T00:00:35.431108+00:00,KXBTC15M-26AUG232015-15,77718.34,0.5905184666666667,14.409481533333333,77710.8,-7.539999999993597,DOWN,0.4336734693877551,0.5663265306122449,0.4336734693877551,0.5663265306122449,DOWN,0.5663265306122449,0.5,0.51,0.49,0.5,0.5,0.06632653061224492,RAW,SMALL EDGE
2026-08-24T00:00:48.266088+00:00,KXBTC15M-26AUG232015-15,77718.34,0.8044348,14.1955652,77722.27,3.930000000007567,UP,0.4336734693877551,0.5663265306122449,0.5663265306122449,0.4336734693877551,UP,0.5663265306122449,0.5,0.51,0.49,0.5,0.51,0.05632653061224491,RAW,SMALL EDGE
2026-08-24T00:01:15.464113+00:00,KXBTC15M-26AUG232015-15,77718.34,1.2577352166666667,13.742264783333333,77710.27,-8.069999999992433,DOWN,0.4336734693877551,0.5663265306122449,0.4336734693877551,0.5663265306122449,DOWN,0.5663265306122449,0.49,0.5,0.5,0.51,0.51,0.05632653061224491,RAW,SMALL EDGE
2026-08-24T00:01:36.571183+00:00,KXBTC15M-26AUG232015-15,77718.34,1.6095197166666668,13.390480283333334,77680.17,-38.169999999998254,DOWN,0.4336734693877551,0.5663265306122449,0.4336734693877551,0.5663265306122449,DOWN,0.5663265306122449,0.49,0.5,0.5,0.51,0.51,0.05632653061224491,RAW,SMALL EDGE
2026-08-24T00:02:04.663625+00:00,KXBTC15M-26AUG232015-15,77718.34,2.0777270833333334,12.922272916666666,77682.78,-35.55999999999767,DOWN,0.4336734693877551,0.5663265306122449,0.4336734693877551,0.5663265306122449,DOWN,0.5663265306122449,0.41,0.42,0.58,0.59,0.59,-0.023673469387755053,RAW,NO VALUE
2026-08-24T00:02:26.468691+00:00,KXBTC15M-26AUG232015-15,77718.34,2.44114485,12.55885515,77675.88,-42.45999999999185,DOWN,0.4336734693877551,0.5663265306122449,0.4336734693877551,0.5663265306122449,DOWN,0.5663265306122449,0.38,0.39,0.61,0.62,0.62,-0.05367346938775508,RAW,NO VALUE
2026-08-24T00:02:53.654489+00:00,KXBTC15M-26AUG232015-15,77718.34,2.8942414833333334,12.105758516666667,77691.97,-26.369999999995343,DOWN,0.4336734693877551,0.5663265306122449,0.4336734693877551,0.5663265306122449,DOWN,0.5663265306122449,0.38,0.39,0.61,0.62,0.62,-0.05367346938775508,RAW,NO VALUE
2026-08-24T00:03:15.568823+00:00,KXBTC15M-26AUG232015-15,77718.34,3.2594803833333335,11.740519616666667,77667.54,-50.80000000000291,DOWN,0.42857142857142855,0.5714285714285714,0.42857142857142855,0.5714285714285714,DOWN,0.5714285714285714,0.37,0.38,0.62,0.63,0.63,-0.05857142857142861,RAW,NO VALUE
2026-08-24T00:03:42.614348+00:00,KXBTC15M-26AUG232015-15,77718.34,3.7102391333333333,11.289760866666667,77649.14,-69.19999999999709,DOWN,0.39344262295081966,0.6065573770491803,0.39344262295081966,0.6065573770491803,DOWN,0.6065573770491803,0.3,0.31,0.69,0.7,0.7,-0.09344262295081962,RAW,NO VALUE
2026-08-24T00:04:03.814283+00:00,KXBTC15M-26AUG232015-15,77718.34,4.063571383333334,10.936428616666666,77646.91,-71.42999999999302,DOWN,0.39344262295081966,0.6065573770491803,0.39344262295081966,0.6065573770491803,DOWN,0.6065573770491803,0.26,0.27,0.73,0.74,0.74,-0.13344262295081966,RAW,NO VALUE
2026-08-24T00:04:30.694341+00:00,KXBTC15M-26AUG232015-15,77718.34,4.51157235,10.48842765,77622.99,-95.34999999999127,DOWN,0.27388535031847133,0.7261146496815287,0.27388535031847133,0.7261146496815287,DOWN,0.7261146496815287,0.2,0.21,0.79,0.8,0.8,-0.07388535031847132,LEAN,NO VALUE
2026-08-24T00:04:52.083632+00:00,KXBTC15M-26AUG232015-15,77718.34,4.868060533333334,10.131939466666667,77613.32,-105.01999999998952,DOWN,0.27388535031847133,0.7261146496815287,0.27388535031847133,0.7261146496815287,DOWN,0.7261146496815287,0.2,0.21,0.79,0.8,0.8,-0.07388535031847132,LEAN,NO VALUE
2026-08-24T00:05:19.596730+00:00,KXBTC15M-26AUG232015-15,77718.34,5.326612166666666,9.673387833333333,77641.51,-76.83000000000175,DOWN,0.39344262295081966,0.6065573770491803,0.39344262295081966,0.6065573770491803,DOWN,0.6065573770491803,0.17,0.18,0.82,0.83,0.83,-0.22344262295081962,RAW,NO VALUE
2026-08-24T00:05:41.249676+00:00,KXBTC15M-26AUG232015-15,77718.34,5.6874946,9.3125054,77609.98,-108.36000000000058,DOWN,0.24060150375939848,0.7593984962406015,0.24060150375939848,0.7593984962406015,DOWN,0.7593984962406015,0.21,0.22,0.78,0.79,0.79,-0.03060150375939852,LEAN,NO VALUE
2026-08-24T00:06:07.577761+00:00,KXBTC15M-26AUG232015-15,77718.34,6.126296016666667,8.873703983333334,77591.98,-126.36000000000058,DOWN,0.10714285714285714,0.8928571428571429,0.10714285714285714,0.8928571428571429,DOWN,0.8928571428571429,0.16,0.17,0.83,0.84,0.84,0.052857142857142936,STRONG,SMALL EDGE
2026-08-24T00:06:29.182747+00:00,KXBTC15M-26AUG232015-15,77718.34,6.486379116666667,8.513620883333333,77540.93,-177.4100000000035,DOWN,0.06989247311827956,0.9301075268817205,0.06989247311827956,0.9301075268817205,DOWN,0.9301075268817205,0.16,0.17,0.83,0.84,0.84,0.09010752688172052,EARLY 90%+ / NOT YET VALIDATED LOCK,SMALL EDGE
2026-08-24T00:06:56.300558+00:00,KXBTC15M-26AUG232015-15,77718.34,6.938342633333334,8.061657366666667,77524.06,-194.27999999999884,DOWN,0.05128205128205128,0.9487179487179487,0.05128205128205128,0.9487179487179487,DOWN,0.9487179487179487,0.11,0.12,0.88,0.89,0.89,0.058717948717948665,EARLY 90%+ / NOT YET VALIDATED LOCK,SMALL EDGE
2026-08-24T00:07:18.561180+00:00,KXBTC15M-26AUG232015-15,77718.34,7.309353,7.690647,77538.37,-179.97000000000116,DOWN,0.06989247311827956,0.9301075268817205,0.06989247311827956,0.9301075268817205,DOWN,0.9301075268817205,0.055,0.056,0.944,0.945,0.945,-0.014892473118279459,EARLY 90%+ / NOT YET VALIDATED LOCK,NO VALUE
2026-08-24T00:07:43.954008+00:00,KXBTC15M-26AUG232015-15,77718.34,7.7325668,7.2674332,77542.19,-176.14999999999418,DOWN,0.06989247311827956,0.9301075268817205,0.06989247311827956,0.9301075268817205,DOWN,0.9301075268817205,0.062,0.067,0.933,0.938,0.938,-0.007892473118279453,EARLY 90%+ / NOT YET VALIDATED LOCK,NO VALUE
2026-08-24T00:08:07.286493+00:00,KXBTC15M-26AUG232015-15,77718.34,8.12144155,6.87855845,77526.91,-191.42999999999302,DOWN,0.011904761904761904,0.9880952380952381,0.011904761904761904,0.9880952380952381,DOWN,0.9880952380952381,0.062,0.067,0.933,0.938,0.938,0.05009523809523819,90%+ LOCK CANDIDATE,SMALL EDGE
2026-08-24T00:08:31.745810+00:00,KXBTC15M-26AUG232015-15,77718.34,8.529096833333334,6.470903166666667,77527.57,-190.76999999998952,DOWN,0.011904761904761904,0.9880952380952381,0.011904761904761904,0.9880952380952381,DOWN,0.9880952380952381,0.044,0.045,0.955,0.956,0.956,0.03209523809523818,90%+ LOCK CANDIDATE,SMALL EDGE
2026-08-24T00:08:55.171987+00:00,KXBTC15M-26AUG232015-15,77718.34,8.919533116666665,6.080466883333333,77576.08,-142.25999999999476,DOWN,0.06989247311827956,0.9301075268817205,0.06989247311827956,0.9301075268817205,DOWN,0.9301075268817205,0.028,0.029,0.971,0.972,0.972,-0.04189247311827948,90%+ LOCK CANDIDATE,NO VALUE
2026-08-24T00:09:19.487458+00:00,KXBTC15M-26AUG232015-15,77718.34,9.324790966666665,5.675209033333333,77645.32,-73.01999999998952,DOWN,0.3652173913043478,0.6347826086956522,0.3652173913043478,0.6347826086956522,DOWN,0.6347826086956522,0.076,0.078,0.922,0.924,0.924,-0.28921739130434787,RAW,NO VALUE
2026-08-24T00:09:44.255053+00:00,KXBTC15M-26AUG232015-15,77718.34,9.737584216666667,5.262415783333334,77693.73,-24.610000000000582,DOWN,0.4336734693877551,0.5663265306122449,0.4336734693877551,0.5663265306122449,DOWN,0.5663265306122449,0.36,0.37,0.63,0.64,0.64,-0.0736734693877551,RAW,NO VALUE
2026-08-24T00:10:07.645823+00:00,KXBTC15M-26AUG232015-15,77718.34,10.127430383333332,4.8725696166666665,77685.61,-32.729999999995925,DOWN,0.42857142857142855,0.5714285714285714,0.42857142857142855,0.5714285714285714,DOWN,0.5714285714285714,0.36,0.37,0.63,0.64,0.64,-0.06857142857142862,RAW,NO VALUE
2026-08-24T00:10:32.502645+00:00,KXBTC15M-26AUG232015-15,77718.34,10.54171075,4.458289250000001,77693.24,-25.09999999999127,DOWN,0.42857142857142855,0.5714285714285714,0.42857142857142855,0.5714285714285714,DOWN,0.5714285714285714,0.1,0.11,0.89,0.9,0.9,-0.3285714285714286,RAW,NO VALUE
2026-08-24T00:10:55.302889+00:00,KXBTC15M-26AUG232015-15,77718.34,10.921714816666668,4.078285183333334,77694.8,-23.539999999993597,DOWN,0.42857142857142855,0.5714285714285714,0.42857142857142855,0.5714285714285714,DOWN,0.5714285714285714,0.3,0.31,0.69,0.7,0.7,-0.12857142857142856,RAW,NO VALUE
2026-08-24T00:11:20.675725+00:00,KXBTC15M-26AUG232015-15,77718.34,11.344595416666667,3.6554045833333335,77630.05,-88.2899999999936,DOWN,0.109375,0.890625,0.109375,0.890625,DOWN,0.890625,0.071,0.074,0.926,0.929,0.929,-0.03837500000000005,STRONG,NO VALUE
2026-08-24T00:11:44.772954+00:00,KXBTC15M-26AUG232015-15,77718.34,11.746215900000001,3.2537841,77630.05,-88.2899999999936,DOWN,0.06989247311827956,0.9301075268817205,0.06989247311827956,0.9301075268817205,DOWN,0.9301075268817205,0.071,0.074,0.926,0.929,0.929,0.0011075268817204442,LOCK,SMALL EDGE
2026-08-24T00:12:08.710593+00:00,KXBTC15M-26AUG232015-15,77718.34,12.14517655,2.85482345,77668.24,-50.09999999999127,DOWN,0.109375,0.890625,0.109375,0.890625,DOWN,0.890625,0.097,0.11,0.89,0.903,0.903,-0.012375000000000025,STRONG,NO VALUE
2026-08-24T00:12:33.196113+00:00,KXBTC15M-26AUG232015-15,77718.34,12.55326855,2.44673145,77686.1,-32.23999999999069,DOWN,0.19811320754716982,0.8018867924528301,0.19811320754716982,0.8018867924528301,DOWN,0.8018867924528301,0.16,0.17,0.83,0.84,0.84,-0.03811320754716985,STRONG,NO VALUE
2026-08-24T00:12:56.583689+00:00,KXBTC15M-26AUG232015-15,77718.34,12.943061483333334,2.0569385166666665,77689.5,-28.839999999996508,DOWN,0.19811320754716982,0.8018867924528301,0.19811320754716982,0.8018867924528301,DOWN,0.8018867924528301,0.16,0.17,0.83,0.84,0.84,-0.03811320754716985,STRONG,NO VALUE
2026-08-24T00:13:20.817067+00:00,KXBTC15M-26AUG232015-15,77718.34,13.346951116666666,1.6530488833333334,77668.05,-50.2899999999936,DOWN,0.05128205128205128,0.9487179487179487,0.05128205128205128,0.9487179487179487,DOWN,0.9487179487179487,0.11,0.12,0.88,0.89,0.89,0.058717948717948665,LOCK,SMALL EDGE
2026-08-24T00:13:43.255714+00:00,KXBTC15M-26AUG232015-15,77718.34,13.720928566666666,1.2790714333333333,77650.75,-67.58999999999651,DOWN,0.05128205128205128,0.9487179487179487,0.05128205128205128,0.9487179487179487,DOWN,0.9487179487179487,0.044,0.048,0.952,0.956,0.956,-0.007282051282051283,LOCK,NO VALUE
2026-08-24T00:14:10.392266+00:00,KXBTC15M-26AUG232015-15,77718.34,14.173204433333332,0.8267955666666666,77621.91,-96.42999999999302,DOWN,0.0,1.0,0.0,1.0,DOWN,1.0,0.001,0.002,0.998,0.999,0.999,0.0010000000000000009,LOCK,SMALL EDGE
2026-08-24T00:14:32.287061+00:00,KXBTC15M-26AUG232015-15,77718.34,14.538117683333333,0.4618823166666666,77646.84,-71.5,DOWN,0.0,1.0,0.0,1.0,DOWN,1.0,0.001,0.002,0.998,0.999,0.999,0.0010000000000000009,LOCK,SMALL EDGE
2026-08-24T00:14:59.006009+00:00,KXBTC15M-26AUG232015-15,77718.34,14.983433483333332,0.016566516666666666,77622.41,-95.92999999999302,DOWN,0.0,1.0,0.0,1.0,DOWN,1.0,0.0,0.001,0.999,1.0,1.0,0.0,LOCK,NO VALUE
2026-08-24T00:15:20.212674+00:00,KXBTC15M-26AUG232030-30,77627.58,0.3368779,14.6631221,77618.58,-9.0,DOWN,0.4336734693877551,0.5663265306122449,0.4336734693877551,0.5663265306122449,DOWN,0.5663265306122449,0.5,0.51,0.49,0.5,0.5,0.06632653061224492,RAW,SMALL EDGE
2026-08-24T00:15:47.214762+00:00,KXBTC15M-26AUG232030-30,77627.58,0.7869127,14.213087300000002,77599.34,-28.24000000000524,DOWN,0.4336734693877551,0.5663265306122449,0.4336734693877551,0.5663265306122449,DOWN,0.5663265306122449,0.43,0.44,0.56,0.57,0.57,-0.003673469387755035,RAW,NO VALUE
2026-08-24T00:16:08.861417+00:00,KXBTC15M-26AUG232030-30,77627.58,1.1476902833333333,13.852309716666667,77588.52,-39.05999999999767,DOWN,0.4336734693877551,0.5663265306122449,0.4336734693877551,0.5663265306122449,DOWN,0.5663265306122449,0.43,0.44,0.56,0.57,0.57,-0.003673469387755035,RAW,NO VALUE
2026-08-24T00:16:35.418215+00:00,KXBTC15M-26AUG232030-30,77627.58,1.5903035833333334,13.409696416666666,77565.16,-62.419999999998254,DOWN,0.4336734693877551,0.5663265306122449,0.4336734693877551,0.5663265306122449,DOWN,0.5663265306122449,0.37,0.38,0.62,0.63,0.63,-0.06367346938775509,RAW,NO VALUE
2026-08-24T00:16:55.584867+00:00,KXBTC15M-26AUG232030-30,77627.58,1.92641445,13.073585549999999,77560.52,-67.05999999999767,DOWN,0.4336734693877551,0.5663265306122449,0.4336734693877551,0.5663265306122449,DOWN,0.5663265306122449,0.33,0.34,0.66,0.67,0.67,-0.10367346938775512,RAW,NO VALUE
2026-08-24T00:17:23.928377+00:00,KXBTC15M-26AUG232030-30,77627.58,2.3988062833333337,12.601193716666668,77547.87,-79.7100000000064,DOWN,0.39344262295081966,0.6065573770491803,0.39344262295081966,0.6065573770491803,DOWN,0.6065573770491803,0.29,0.3,0.7,0.71,0.71,-0.10344262295081963,RAW,NO VALUE
2026-08-24T00:17:43.899205+00:00,KXBTC15M-26AUG232030-30,77627.58,2.7316534166666666,12.268346583333333,77530.73,-96.85000000000582,DOWN,0.3652173913043478,0.6347826086956522,0.3652173913043478,0.6347826086956522,DOWN,0.6347826086956522,0.29,0.3,0.7,0.71,0.71,-0.07521739130434779,RAW,NO VALUE
2026-08-24T00:18:12.249994+00:00,KXBTC15M-26AUG232030-30,77627.58,3.2041665666666663,11.795833433333334,77500.97,-126.61000000000058,DOWN,0.24060150375939848,0.7593984962406015,0.24060150375939848,0.7593984962406015,DOWN,0.7593984962406015,0.25,0.26,0.74,0.75,0.75,0.009398496240601517,LEAN,SMALL EDGE
2026-08-24T00:18:32.061073+00:00,KXBTC15M-26AUG232030-30,77627.58,3.5343512166666664,11.465648783333334,77581.55,-46.029999999998836,DOWN,0.4336734693877551,0.5663265306122449,0.4336734693877551,0.5663265306122449,DOWN,0.5663265306122449,0.25,0.26,0.74,0.75,0.75,-0.18367346938775508,RAW,NO VALUE
2026-08-24T00:19:00.765111+00:00,KXBTC15M-26AUG232030-30,77627.58,4.01275185,10.98724815,77574.7,-52.88000000000466,DOWN,0.42857142857142855,0.5714285714285714,0.42857142857142855,0.5714285714285714,DOWN,0.5714285714285714,0.25,0.26,0.74,0.75,0.75,-0.1785714285714286,RAW,NO VALUE
2026-08-24T00:19:19.918176+00:00,KXBTC15M-26AUG232030-30,77627.58,4.3319696,10.6680304,77536.31,-91.27000000000407,DOWN,0.42857142857142855,0.5714285714285714,0.42857142857142855,0.5714285714285714,DOWN,0.5714285714285714,0.35,0.36,0.64,0.65,0.65,-0.07857142857142863,RAW,NO VALUE
2026-08-24T00:19:49.807803+00:00,KXBTC15M-26AUG232030-30,77627.58,4.830130049999999,10.169869949999999,77530.73,-96.85000000000582,DOWN,0.3652173913043478,0.6347826086956522,0.3652173913043478,0.6347826086956522,DOWN,0.6347826086956522,0.24,0.25,0.75,0.76,0.76,-0.12521739130434784,RAW,NO VALUE
2026-08-24T00:20:09.308273+00:00,KXBTC15M-26AUG232030-30,77627.58,5.1551378833333334,9.844862116666667,77520.02,-107.55999999999767,DOWN,0.24060150375939848,0.7593984962406015,0.24060150375939848,0.7593984962406015,DOWN,0.7593984962406015,0.22,0.23,0.77,0.78,0.78,-0.02060150375939851,LEAN,NO VALUE
2026-08-24T00:20:38.949272+00:00,KXBTC15M-26AUG232030-30,77627.58,5.649154533333333,9.350845466666668,77520.01,-107.57000000000698,DOWN,0.24060150375939848,0.7593984962406015,0.24060150375939848,0.7593984962406015,DOWN,0.7593984962406015,0.18,0.19,0.81,0.82,0.82,-0.060601503759398434,LEAN,NO VALUE
2026-08-24T00:20:58.664014+00:00,KXBTC15M-26AUG232030-30,77627.58,5.977733566666667,9.022266433333334,77520.01,-107.57000000000698,DOWN,0.24060150375939848,0.7593984962406015,0.24060150375939848,0.7593984962406015,DOWN,0.7593984962406015,0.18,0.19,0.81,0.82,0.82,-0.060601503759398434,LEAN,NO VALUE
2026-08-24T00:21:27.808735+00:00,KXBTC15M-26AUG232030-30,77627.58,6.463478916666667,8.536521083333334,77484.89,-142.69000000000233,DOWN,0.10714285714285714,0.8928571428571429,0.10714285714285714,0.8928571428571429,DOWN,0.8928571428571429,0.17,0.18,0.82,0.83,0.83,0.06285714285714294,STRONG,SMALL EDGE
2026-08-24T00:21:47.095121+00:00,KXBTC15M-26AUG232030-30,77627.58,6.784918683333333,8.215081316666666,77465.83,-161.75,DOWN,0.10714285714285714,0.8928571428571429,0.10714285714285714,0.8928571428571429,DOWN,0.8928571428571429,0.11,0.12,0.88,0.89,0.89,0.0028571428571428914,STRONG,SMALL EDGE
2026-08-24T00:22:15.803989+00:00,KXBTC15M-26AUG232030-30,77627.58,7.2633998166666665,7.7366001833333335,77470.01,-157.57000000000698,DOWN,0.06989247311827956,0.9301075268817205,0.06989247311827956,0.9301075268817205,DOWN,0.9301075268817205,0.084,0.086,0.914,0.916,0.916,0.014107526881720456,EARLY 90%+ / NOT YET VALIDATED LOCK,SMALL EDGE
2026-08-24T00:22:34.167778+00:00,KXBTC15M-26AUG232030-30,77627.58,7.569462966666666,7.430537033333334,77473.42,-154.1600000000035,DOWN,0.06989247311827956,0.9301075268817205,0.06989247311827956,0.9301075268817205,DOWN,0.9301075268817205,0.084,0.086,0.914,0.916,0.916,0.014107526881720456,EARLY 90%+ / NOT YET VALIDATED LOCK,SMALL EDGE
2026-08-24T00:23:05.432081+00:00,KXBTC15M-26AUG232030-30,77627.58,8.090534683333333,6.909465316666667,77481.06,-146.52000000000407,DOWN,0.034482758620689655,0.9655172413793104,0.034482758620689655,0.9655172413793104,DOWN,0.9655172413793104,0.092,0.093,0.907,0.908,0.908,0.05751724137931036,90%+ LOCK CANDIDATE,SMALL EDGE
2026-08-24T00:23:23.100329+00:00,KXBTC15M-26AUG232030-30,77627.58,8.385005483333334,6.614994516666667,77467.43,-160.15000000000873,DOWN,0.011904761904761904,0.9880952380952381,0.011904761904761904,0.9880952380952381,DOWN,0.9880952380952381,0.07,0.071,0.929,0.93,0.93,0.05809523809523809,90%+ LOCK CANDIDATE,SMALL EDGE
2026-08-24T00:23:54.468245+00:00,KXBTC15M-26AUG232030-30,77627.58,8.907804083333334,6.092195916666666,77488.13,-139.4499999999971,DOWN,0.06989247311827956,0.9301075268817205,0.06989247311827956,0.9301075268817205,DOWN,0.9301075268817205,0.07,0.071,0.929,0.93,0.93,0.00010752688172044333,90%+ LOCK CANDIDATE,SMALL EDGE
2026-08-24T00:24:11.904572+00:00,KXBTC15M-26AUG232030-30,77627.58,9.198409533333335,5.801590466666667,77497.37,-130.2100000000064,DOWN,0.011904761904761904,0.9880952380952381,0.011904761904761904,0.9880952380952381,DOWN,0.9880952380952381,0.076,0.077,0.923,0.924,0.924,0.0640952380952381,90%+ LOCK CANDIDATE,SMALL EDGE
2026-08-24T00:24:42.867864+00:00,KXBTC15M-26AUG232030-30,77627.58,9.7144644,5.2855356,77496.33,-131.25,DOWN,0.0,1.0,0.0,1.0,DOWN,1.0,0.043,0.044,0.956,0.957,0.957,0.04300000000000004,90%+ LOCK CANDIDATE,SMALL EDGE
2026-08-24T00:25:00.096295+00:00,KXBTC15M-26AUG232030-30,77627.58,10.001604916666668,4.9983950833333335,77492.53,-135.0500000000029,DOWN,0.0,1.0,0.0,1.0,DOWN,1.0,0.043,0.044,0.956,0.957,0.957,0.04300000000000004,LOCK,SMALL EDGE
2026-08-24T00:25:31.135253+00:00,KXBTC15M-26AUG232030-30,77627.58,10.518920883333333,4.481079116666667,77458.15,-169.43000000000757,DOWN,0.0,1.0,0.0,1.0,DOWN,1.0,0.031,0.033,0.967,0.969,0.969,0.031000000000000028,LOCK,SMALL EDGE
2026-08-24T00:25:49.638204+00:00,KXBTC15M-26AUG232030-30,77627.58,10.8273034,4.1726966,77388.35,-239.22999999999593,DOWN,0.011904761904761904,0.9880952380952381,0.011904761904761904,0.9880952380952381,DOWN,0.9880952380952381,0.016,0.017,0.983,0.984,0.984,0.004095238095238152,LOCK,SMALL EDGE
2026-08-24T00:26:20.894456+00:00,KXBTC15M-26AUG232030-30,77627.58,11.348240933333333,3.6517590666666666,77397.02,-230.55999999999767,DOWN,0.0,1.0,0.0,1.0,DOWN,1.0,0.005,0.007,0.993,0.995,0.995,0.0050000000000000044,LOCK,SMALL EDGE
2026-08-24T00:26:37.239475+00:00,KXBTC15M-26AUG232030-30,77627.58,11.620657916666666,3.3793420833333334,77370.29,-257.29000000000815,DOWN,0.011904761904761904,0.9880952380952381,0.011904761904761904,0.9880952380952381,DOWN,0.9880952380952381,0.005,0.007,0.993,0.995,0.995,-0.006904761904761858,LOCK,NO VALUE
2026-08-24T00:27:10.420759+00:00,KXBTC15M-26AUG232030-30,77627.58,12.173679316666666,2.8263206833333334,77332.51,-295.070000000007,DOWN,0.011904761904761904,0.9880952380952381,0.011904761904761904,0.9880952380952381,DOWN,0.9880952380952381,0.004,0.005,0.995,0.996,0.996,-0.007904761904761859,LOCK,NO VALUE
2026-08-24T00:27:26.094976+00:00,KXBTC15M-26AUG232030-30,77627.58,12.434916266666667,2.565083733333333,77324.44,-303.1399999999994,DOWN,0.011904761904761904,0.9880952380952381,0.011904761904761904,0.9880952380952381,DOWN,0.9880952380952381,0.003,0.005,0.995,0.997,0.997,-0.00890476190476186,LOCK,NO VALUE
2026-08-24T00:27:59.106587+00:00,KXBTC15M-26AUG232030-30,77627.58,12.985109783333334,2.0148902166666667,77347.36,-280.22000000000116,DOWN,0.0,1.0,0.0,1.0,DOWN,1.0,0.001,0.002,0.998,0.999,0.999,0.0010000000000000009,LOCK,SMALL EDGE
2026-08-24T00:28:16.048436+00:00,KXBTC15M-26AUG232030-30,77627.58,13.267473933333333,1.7325260666666666,77385.56,-242.02000000000407,DOWN,0.0,1.0,0.0,1.0,DOWN,1.0,0.001,0.002,0.998,0.999,0.999,0.0010000000000000009,LOCK,SMALL EDGE
2026-08-24T00:28:46.407589+00:00,KXBTC15M-26AUG232030-30,77627.58,13.773459816666668,1.2265401833333334,77398.1,-229.47999999999593,DOWN,0.0,1.0,0.0,1.0,DOWN,1.0,0.0,0.001,0.999,1.0,1.0,0.0,LOCK,NO VALUE
2026-08-24T00:29:04.784314+00:00,KXBTC15M-26AUG232030-30,77627.58,14.079738566666666,0.9202614333333333,77400.84,-226.74000000000524,DOWN,0.0,1.0,0.0,1.0,DOWN,1.0,0.0,0.001,0.999,1.0,1.0,0.0,LOCK,NO VALUE
2026-08-24T00:29:34.719742+00:00,KXBTC15M-26AUG232030-30,77627.58,14.578662366666666,0.42133763333333335,77406.48,-221.10000000000582,DOWN,0.0,1.0,0.0,1.0,DOWN,1.0,0.0,0.001,0.999,1.0,1.0,0.0,LOCK,NO VALUE
2026-08-24T00:29:53.165549+00:00,KXBTC15M-26AUG232030-30,77627.58,14.886092483333334,0.11390751666666667,77427.62,-199.9600000000064,DOWN,0.0,1.0,0.0,1.0,DOWN,1.0,0.0,0.001,0.999,1.0,1.0,0.0,LOCK,NO VALUE
2026-08-24T00:30:34.518898+00:00,KXBTC15M-26AUG232045-45,77413.14,0.5753149666666667,14.424685033333333,77466.39,53.25,UP,0.4336734693877551,0.5663265306122449,0.5663265306122449,0.4336734693877551,UP,0.5663265306122449,0.61,0.62,0.38,0.39,0.62,-0.05367346938775508,RAW,NO VALUE
2026-08-24T00:30:52.851360+00:00,KXBTC15M-26AUG232045-45,77413.14,0.880856,14.119144,77381.75,-31.389999999999418,DOWN,0.4336734693877551,0.5663265306122449,0.4336734693877551,0.5663265306122449,DOWN,0.5663265306122449,0.61,0.62,0.38,0.39,0.39,0.1763265306122449,RAW,ATTRACTIVE <=50c
2026-08-24T00:31:10.381679+00:00,KXBTC15M-26AUG232045-45,77413.14,1.1730279833333335,13.826972016666668,77404.66,-8.479999999995925,DOWN,0.4336734693877551,0.5663265306122449,0.4336734693877551,0.5663265306122449,DOWN,0.5663265306122449,0.43,0.44,0.56,0.57,0.57,-0.003673469387755035,RAW,NO VALUE
2026-08-24T00:31:41.123608+00:00,KXBTC15M-26AUG232045-45,77413.14,1.6853934666666668,13.314606533333334,77387.35,-25.789999999993597,DOWN,0.4336734693877551,0.5663265306122449,0.4336734693877551,0.5663265306122449,DOWN,0.5663265306122449,0.4,0.41,0.59,0.6,0.6,-0.03367346938775506,RAW,NO VALUE
2026-08-24T00:31:58.578950+00:00,KXBTC15M-26AUG232045-45,77413.14,1.9763158333333335,13.023684166666667,77365.19,-47.94999999999709,DOWN,0.4336734693877551,0.5663265306122449,0.4336734693877551,0.5663265306122449,DOWN,0.5663265306122449,0.4,0.41,0.59,0.6,0.6,-0.03367346938775506,RAW,NO VALUE
2026-08-24T00:32:28.648179+00:00,KXBTC15M-26AUG232045-45,77413.14,2.47746965,12.52253035,77394.44,-18.69999999999709,DOWN,0.4336734693877551,0.5663265306122449,0.4336734693877551,0.5663265306122449,DOWN,0.5663265306122449,0.47,0.48,0.52,0.53,0.53,0.03632653061224489,RAW,SMALL EDGE
2026-08-24T00:32:48.114214+00:00,KXBTC15M-26AUG232045-45,77413.14,2.8019035666666667,12.198096433333335,77421.41,8.270000000004075,UP,0.4336734693877551,0.5663265306122449,0.5663265306122449,0.4336734693877551,UP,0.5663265306122449,0.47,0.48,0.52,0.53,0.48,0.08632653061224493,RAW,SMALL EDGE
2026-08-24T00:33:17.543846+00:00,KXBTC15M-26AUG232045-45,77413.14,3.2923974333333335,11.707602566666667,77442.86,29.720000000001164,UP,0.27388535031847133,0.7261146496815287,0.7261146496815287,0.27388535031847133,UP,0.7261146496815287,0.52,0.53,0.47,0.48,0.53,0.1961146496815287,LEAN,POSITIVE EDGE
2026-08-24T00:33:36.991913+00:00,KXBTC15M-26AUG232045-45,77413.14,3.6165318833333333,11.383468116666668,77442.85,29.710000000006403,UP,0.27388535031847133,0.7261146496815287,0.7261146496815287,0.27388535031847133,UP,0.7261146496815287,0.6,0.61,0.39,0.4,0.61,0.11611464968152874,LEAN,POSITIVE EDGE
2026-08-24T00:34:04.971884+00:00,KXBTC15M-26AUG232045-45,77413.14,4.082864733333333,10.917135266666666,77461.97,48.830000000001746,UP,0.24060150375939848,0.7593984962406015,0.7593984962406015,0.24060150375939848,UP,0.7593984962406015,0.65,0.66,0.34,0.35,0.66,0.09939849624060149,LEAN,SMALL EDGE
2026-08-24T00:34:25.428123+00:00,KXBTC15M-26AUG232045-45,77413.14,4.423802050000001,10.57619795,77484.15,71.00999999999476,UP,0.24060150375939848,0.7593984962406015,0.7593984962406015,0.24060150375939848,UP,0.7593984962406015,0.65,0.66,0.34,0.35,0.66,0.09939849624060149,LEAN,SMALL EDGE
2026-08-24T00:34:52.964358+00:00,KXBTC15M-26AUG232045-45,77413.14,4.8827393,10.117260700000001,77465.78,52.63999999999942,UP,0.24060150375939848,0.7593984962406015,0.7593984962406015,0.24060150375939848,UP,0.7593984962406015,0.7,0.71,0.29,0.3,0.71,0.04939849624060155,LEAN,SMALL EDGE
2026-08-24T00:35:13.905280+00:00,KXBTC15M-26AUG232045-45,77413.14,5.231754666666666,9.768245333333335,77422.18,9.039999999993597,UP,0.42857142857142855,0.5714285714285714,0.5714285714285714,0.42857142857142855,UP,0.5714285714285714,0.7,0.71,0.29,0.3,0.71,-0.13857142857142857,RAW,NO VALUE
2026-08-24T00:35:41.686815+00:00,KXBTC15M-26AUG232045-45,77413.14,5.69478025,9.30521975,77499.15,86.00999999999476,UP,0.24060150375939848,0.7593984962406015,0.7593984962406015,0.24060150375939848,UP,0.7593984962406015,0.68,0.69,0.31,0.32,0.69,0.06939849624060157,LEAN,SMALL EDGE
2026-08-24T00:36:02.046134+00:00,KXBTC15M-26AUG232045-45,77413.14,6.034102233333333,8.965897766666666,77579.35,166.2100000000064,UP,0.109375,0.890625,0.890625,0.109375,UP,0.890625,0.89,0.9,0.1,0.11,0.9,-0.009375000000000022,STRONG,NO VALUE
2026-08-24T00:36:29.048378+00:00,KXBTC15M-26AUG232045-45,77413.14,6.484139633333333,8.515860366666667,77526.91,113.77000000000407,UP,0.27388535031847133,0.7261146496815287,0.7261146496815287,0.27388535031847133,UP,0.7261146496815287,0.89,0.9,0.1,0.11,0.9,-0.1738853503184713,LEAN,NO VALUE
2026-08-24T00:36:50.090566+00:00,KXBTC15M-26AUG232045-45,77413.14,6.834842766666667,8.165157233333334,77492.53,79.38999999999942,UP,0.24060150375939848,0.7593984962406015,0.7593984962406015,0.24060150375939848,UP,0.7593984962406015,0.79,0.8,0.2,0.21,0.8,-0.04060150375939853,LEAN,NO VALUE
2026-08-24T00:37:17.669792+00:00,KXBTC15M-26AUG232045-45,77413.14,7.294496533333333,7.705503466666667,77498.22,85.08000000000175,UP,0.24060150375939848,0.7593984962406015,0.7593984962406015,0.24060150375939848,UP,0.7593984962406015,0.79,0.8,0.2,0.21,0.8,-0.04060150375939853,LEAN,NO VALUE
2026-08-24T00:37:38.292820+00:00,KXBTC15M-26AUG232045-45,77413.14,7.638213666666667,7.361786333333333,77507.8,94.66000000000349,UP,0.24060150375939848,0.7593984962406015,0.7593984962406015,0.24060150375939848,UP,0.7593984962406015,0.73,0.74,0.26,0.27,0.74,0.019398496240601526,LEAN,SMALL EDGE
2026-08-24T00:38:05.715517+00:00,KXBTC15M-26AUG232045-45,77413.14,8.095258616666666,6.9047413833333335,77477.35,64.2100000000064,UP,0.27388535031847133,0.7261146496815287,0.7261146496815287,0.27388535031847133,UP,0.7261146496815287,0.79,0.8,0.2,0.21,0.8,-0.07388535031847132,LEAN,NO VALUE
2026-08-24T00:38:27.806003+00:00,KXBTC15M-26AUG232045-45,77413.14,8.463433383333333,6.536566616666667,77421.71,8.570000000006985,UP,0.3652173913043478,0.6347826086956522,0.6347826086956522,0.3652173913043478,UP,0.6347826086956522,0.6,0.61,0.39,0.4,0.61,0.024782608695652186,RAW,SMALL EDGE
2026-08-24T00:38:52.410900+00:00,KXBTC15M-26AUG232045-45,77413.14,8.873515,6.126485,77420.24,7.100000000005821,UP,0.3652173913043478,0.6347826086956522,0.6347826086956522,0.3652173913043478,UP,0.6347826086956522,0.6,0.61,0.39,0.4,0.61,0.024782608695652186,RAW,SMALL EDGE
2026-08-24T00:39:15.221551+00:00,KXBTC15M-26AUG232045-45,77413.14,9.253692516666666,5.746307483333334,77441.26,28.119999999995343,UP,0.27388535031847133,0.7261146496815287,0.7261146496815287,0.27388535031847133,UP,0.7261146496815287,0.54,0.55,0.45,0.46,0.55,0.17611464968152868,LEAN,POSITIVE EDGE
2026-08-24T00:39:41.729293+00:00,KXBTC15M-26AUG232045-45,77413.14,9.695488216666666,5.304511783333334,77393.25,-19.889999999999418,DOWN,0.42857142857142855,0.5714285714285714,0.42857142857142855,0.5714285714285714,DOWN,0.5714285714285714,0.59,0.6,0.4,0.41,0.41,0.16142857142857142,RAW,ATTRACTIVE <=50c
2026-08-24T00:40:02.965217+00:00,KXBTC15M-26AUG232045-45,77413.14,10.049420283333335,4.950579716666667,77392.34,-20.80000000000291,DOWN,0.39344262295081966,0.6065573770491803,0.39344262295081966,0.6065573770491803,DOWN,0.6065573770491803,0.59,0.6,0.4,0.41,0.41,0.19655737704918036,RAW,ATTRACTIVE <=50c
2026-08-24T00:40:28.741840+00:00,KXBTC15M-26AUG232045-45,77413.14,10.479030666666667,4.5209693333333325,77409.88,-3.2599999999947613,DOWN,0.4336734693877551,0.5663265306122449,0.4336734693877551,0.5663265306122449,DOWN,0.5663265306122449,0.41,0.42,0.58,0.59,0.59,-0.023673469387755053,RAW,NO VALUE
2026-08-24T00:40:51.520901+00:00,KXBTC15M-26AUG232045-45,77413.14,10.858681683333334,4.141318316666666,77383.54,-29.60000000000582,DOWN,0.3652173913043478,0.6347826086956522,0.3652173913043478,0.6347826086956522,DOWN,0.6347826086956522,0.48,0.49,0.51,0.52,0.52,0.11478260869565216,RAW,POSITIVE EDGE
2026-08-24T00:41:15.718549+00:00,KXBTC15M-26AUG232045-45,77413.14,11.261975816666668,3.738024183333333,77427.58,14.440000000002328,UP,0.3652173913043478,0.6347826086956522,0.6347826086956522,0.3652173913043478,UP,0.6347826086956522,0.61,0.62,0.38,0.39,0.62,0.014782608695652177,RAW,SMALL EDGE
2026-08-24T00:41:38.909194+00:00,KXBTC15M-26AUG232045-45,77413.14,11.648486566666666,3.351513433333333,77408.49,-4.649999999994179,DOWN,0.4336734693877551,0.5663265306122449,0.4336734693877551,0.5663265306122449,DOWN,0.5663265306122449,0.61,0.62,0.38,0.39,0.39,0.1763265306122449,RAW,ATTRACTIVE <=50c
2026-08-24T00:42:03.147454+00:00,KXBTC15M-26AUG232045-45,77413.14,12.052457566666668,2.947542433333333,77397.03,-16.110000000000582,DOWN,0.4336734693877551,0.5663265306122449,0.4336734693877551,0.5663265306122449,DOWN,0.5663265306122449,0.52,0.53,0.47,0.48,0.48,0.08632653061224493,RAW,SMALL EDGE
2026-08-24T00:42:27.760746+00:00,KXBTC15M-26AUG232045-45,77413.14,12.4626791,2.5373208999999997,77393.48,-19.660000000003492,DOWN,0.39344262295081966,0.6065573770491803,0.39344262295081966,0.6065573770491803,DOWN,0.6065573770491803,0.35,0.36,0.64,0.65,0.65,-0.04344262295081969,RAW,NO VALUE
2026-08-24T00:42:50.098204+00:00,KXBTC15M-26AUG232045-45,77413.14,12.834970066666667,2.1650299333333334,77387.19,-25.94999999999709,DOWN,0.24060150375939848,0.7593984962406015,0.24060150375939848,0.7593984962406015,DOWN,0.7593984962406015,0.35,0.36,0.64,0.65,0.65,0.1093984962406015,LEAN,POSITIVE EDGE
2026-08-24T00:43:16.741823+00:00,KXBTC15M-26AUG232045-45,77413.14,13.279030383333332,1.7209696166666668,77370.06,-43.080000000001746,DOWN,0.05128205128205128,0.9487179487179487,0.05128205128205128,0.9487179487179487,DOWN,0.9487179487179487,0.45,0.46,0.54,0.55,0.55,0.39871794871794863,LOCK,LARGE EDGE / PRICE ABOVE 50c
2026-08-24T00:43:37.294618+00:00,KXBTC15M-26AUG232045-45,77413.14,13.621576966666668,1.3784230333333334,77339.73,-73.41000000000349,DOWN,0.011904761904761904,0.9880952380952381,0.011904761904761904,0.9880952380952381,DOWN,0.9880952380952381,0.08,0.082,0.918,0.92,0.92,0.0680952380952381,LOCK,SMALL EDGE
2026-08-24T00:44:04.324064+00:00,KXBTC15M-26AUG232045-45,77413.14,14.072067733333334,0.9279322666666666,77278.61,-134.52999999999884,DOWN,0.011904761904761904,0.9880952380952381,0.011904761904761904,0.9880952380952381,DOWN,0.9880952380952381,0.003,0.004,0.996,0.997,0.997,-0.00890476190476186,LOCK,NO VALUE
2026-08-24T00:44:25.012779+00:00,KXBTC15M-26AUG232045-45,77413.14,14.41687965,0.58312035,77253.44,-159.6999999999971,DOWN,0.011904761904761904,0.9880952380952381,0.011904761904761904,0.9880952380952381,DOWN,0.9880952380952381,0.003,0.004,0.996,0.997,0.997,-0.00890476190476186,LOCK,NO VALUE
2026-08-24T00:44:53.361502+00:00,KXBTC15M-26AUG232045-45,77413.14,14.889358366666666,0.11064163333333334,77237.43,-175.7100000000064,DOWN,0.011904761904761904,0.9880952380952381,0.011904761904761904,0.9880952380952381,DOWN,0.9880952380952381,0.0,0.001,0.999,1.0,1.0,-0.011904761904761862,LOCK,NO VALUE
2026-08-24T00:45:42.090851+00:00,KXBTC15M-26AUG232100-00,77254.58,0.7015141833333334,14.298485816666666,77243.04,-11.540000000008149,DOWN,0.42857142857142855,0.5714285714285714,0.42857142857142855,0.5714285714285714,DOWN,0.5714285714285714,0.49,0.5,0.5,0.51,0.51,0.06142857142857139,RAW,SMALL EDGE
2026-08-24T00:46:01.770708+00:00,KXBTC15M-26AUG232100-00,77254.58,1.0295118,13.9704882,77279.7,25.119999999995343,UP,0.4336734693877551,0.5663265306122449,0.5663265306122449,0.4336734693877551,UP,0.5663265306122449,0.49,0.5,0.5,0.51,0.5,0.06632653061224492,RAW,SMALL EDGE
2026-08-24T00:46:15.350733+00:00,KXBTC15M-26AUG232100-00,77254.58,1.25584555,13.74415445,77248.05,-6.529999999998836,DOWN,0.42857142857142855,0.5714285714285714,0.42857142857142855,0.5714285714285714,DOWN,0.5714285714285714,0.52,0.53,0.47,0.48,0.48,0.09142857142857141,RAW,SMALL EDGE
2026-08-24T00:46:49.809528+00:00,KXBTC15M-26AUG232100-00,77254.58,1.8301588,13.1698412,77221.3,-33.279999999998836,DOWN,0.42857142857142855,0.5714285714285714,0.42857142857142855,0.5714285714285714,DOWN,0.5714285714285714,0.4,0.41,0.59,0.6,0.6,-0.02857142857142858,RAW,NO VALUE
2026-08-24T00:47:04.108724+00:00,KXBTC15M-26AUG232100-00,77254.58,2.0684787333333334,12.931521266666666,77206.77,-47.80999999999767,DOWN,0.42857142857142855,0.5714285714285714,0.42857142857142855,0.5714285714285714,DOWN,0.5714285714285714,0.4,0.41,0.59,0.6,0.6,-0.02857142857142858,RAW,NO VALUE
2026-08-24T00:47:38.984663+00:00,KXBTC15M-26AUG232100-00,77254.58,2.6497443833333336,12.350255616666667,77228.95,-25.630000000004657,DOWN,0.42857142857142855,0.5714285714285714,0.42857142857142855,0.5714285714285714,DOWN,0.5714285714285714,0.45,0.46,0.54,0.55,0.55,0.021428571428571352,RAW,SMALL EDGE
2026-08-24T00:47:51.966669+00:00,KXBTC15M-26AUG232100-00,77254.58,2.86611115,12.13388885,77221.3,-33.279999999998836,DOWN,0.42857142857142855,0.5714285714285714,0.42857142857142855,0.5714285714285714,DOWN,0.5714285714285714,0.43,0.44,0.56,0.57,0.57,0.0014285714285714457,RAW,SMALL EDGE
2026-08-24T00:48:37.917146+00:00,KXBTC15M-26AUG232100-00,77254.58,3.6319524333333333,11.368047566666666,77274.79,20.20999999999185,UP,0.4336734693877551,0.5663265306122449,0.5663265306122449,0.4336734693877551,UP,0.5663265306122449,0.57,0.58,0.42,0.43,0.58,-0.013673469387755044,RAW,NO VALUE
2026-08-24T00:48:56.022804+00:00,KXBTC15M-26AUG232100-00,77254.58,3.9337134000000002,11.066286600000002,77342.43,87.84999999999127,UP,0.3652173913043478,0.6347826086956522,0.6347826086956522,0.3652173913043478,UP,0.6347826086956522,0.75,0.76,0.24,0.25,0.76,-0.12521739130434784,RAW,NO VALUE
